unsigned char Arkanoid_rom[] = {
  0x41, 0x42, 0x2a, 0x40, 0x00, 0x00, 0x00, 0x00, 0x00, 0x00, 0x00, 0x00,
  0x00, 0x00, 0x00, 0x00, 0xcd, 0x38, 0x01, 0x0f, 0x0f, 0xe6, 0x03, 0x4f,
  0x06, 0x00, 0x21, 0xc1, 0xfc, 0x09, 0xb6, 0xf0, 0x4f, 0x23, 0x23, 0x23,
  0x23, 0x7e, 0xe6, 0x0c, 0xb1, 0xc9, 0xf3, 0xed, 0x56, 0x31, 0x70, 0xf3,
  0xcd, 0x10, 0x40, 0x26, 0x80, 0xcd, 0x24, 0x00, 0x21, 0x00, 0xe0, 0x11,
  0x01, 0xe0, 0x01, 0xb3, 0x05, 0x36, 0x00, 0xed, 0xb0, 0x21, 0xc0, 0xe5,
  0x11, 0xc1, 0xe5, 0x01, 0xfe, 0x00, 0x36, 0x00, 0xed, 0xb0, 0x21, 0x50,
  0x00, 0x22, 0x08, 0xe0, 0x3e, 0x01, 0xcd, 0x32, 0x01, 0x3e, 0xff, 0x32,
  0xc3, 0xe5, 0x3e, 0xbf, 0x32, 0xcb, 0xe5, 0x21, 0x76, 0x43, 0x11, 0xc7,
  0xf3, 0x01, 0x0a, 0x00, 0xed, 0xb0, 0x21, 0xe0, 0xf3, 0xcb, 0xce, 0x3e,
  0x01, 0x32, 0xeb, 0xf3, 0xcd, 0x72, 0x00, 0xcd, 0x41, 0x00, 0x21, 0x00,
  0x18, 0x01, 0x00, 0x03, 0xaf, 0xcd, 0x56, 0x00, 0x21, 0x00, 0x1b, 0x01,
  0x80, 0x00, 0xaf, 0xcd, 0x56, 0x00, 0x21, 0x24, 0x90, 0x11, 0x00, 0x00,
  0xcd, 0x20, 0x42, 0x21, 0x24, 0x90, 0x11, 0x00, 0x08, 0xcd, 0x20, 0x42,
  0x21, 0x24, 0x90, 0x11, 0x00, 0x10, 0xcd, 0x20, 0x42, 0xcd, 0xff, 0x41,
  0x21, 0x84, 0x86, 0x11, 0x00, 0x38, 0x01, 0x00, 0x08, 0xcd, 0x5c, 0x00,
  0xcd, 0xff, 0x43, 0x3e, 0xf8, 0x32, 0xc0, 0xe5, 0xcd, 0xe8, 0xb4, 0x3e,
  0xc3, 0x32, 0x9a, 0xfd, 0x21, 0x4a, 0x42, 0x22, 0x9b, 0xfd, 0xfb, 0x76,
  0x3a, 0xbf, 0xe0, 0xcb, 0x77, 0x28, 0x24, 0x3a, 0x0b, 0xe0, 0xb7, 0xca,
  0x03, 0x41, 0x3e, 0x05, 0x32, 0xc0, 0xe5, 0xcd, 0xe8, 0xb4, 0xfb, 0x21,
  0x1b, 0x42, 0x11, 0x3a, 0x1a, 0x01, 0x05, 0x00, 0xcd, 0x5c, 0x00, 0x76,
  0x3a, 0xbf, 0xe0, 0xcb, 0x77, 0x28, 0xf8, 0x21, 0x3a, 0x1a, 0x01, 0x05,
  0x00, 0x3e, 0x00, 0xcd, 0x56, 0x00, 0x21, 0x8d, 0xe1, 0x06, 0x20, 0x11,
  0x04, 0x00, 0x36, 0xc0, 0x19, 0x10, 0xfb, 0x06, 0x20, 0xdd, 0x21, 0xc9,
  0xe0, 0xfd, 0x21, 0x8d, 0xe1, 0x11, 0x04, 0x00, 0xdd, 0x7e, 0x02, 0xb7,
  0xca, 0x58, 0x41, 0xdd, 0x7e, 0x00, 0xfe, 0xc0, 0xca, 0x58, 0x41, 0xdd,
  0x7e, 0x03, 0xb7, 0xca, 0x58, 0x41, 0xdd, 0x7e, 0x00, 0xfd, 0x77, 0x00,
  0xdd, 0x7e, 0x01, 0xfd, 0x77, 0x01, 0xdd, 0x7e, 0x02, 0xfd, 0x77, 0x02,
  0xdd, 0x7e, 0x03, 0xfd, 0x77, 0x03, 0xfd, 0x19, 0xdd, 0x19, 0x10, 0xcc,
  0x3a, 0x17, 0xe3, 0xb7, 0xca, 0x8e, 0x41, 0x21, 0x45, 0xe5, 0x34, 0x7e,
  0xe6, 0x01, 0xca, 0x8e, 0x41, 0x21, 0x8d, 0xe1, 0x11, 0x46, 0xe5, 0x01,
  0x04, 0x00, 0xed, 0xb0, 0x21, 0x9d, 0xe1, 0x11, 0x8d, 0xe1, 0x01, 0x04,
  0x00, 0xed, 0xb0, 0x21, 0x46, 0xe5, 0x11, 0x9d, 0xe1, 0x01, 0x04, 0x00,
  0xed, 0xb0, 0x21, 0x00, 0x1b, 0xcd, 0x53, 0x00, 0x21, 0x8d, 0xe1, 0x3a,
  0x07, 0x00, 0x4f, 0x06, 0x80, 0xed, 0xa3, 0x20, 0xfc, 0x3a, 0x0a, 0xe0,
  0x6f, 0x26, 0x00, 0x29, 0x11, 0xb1, 0x41, 0x19, 0x5e, 0x23, 0x56, 0xeb,
  0xe9, 0xb7, 0x41, 0xc0, 0x41, 0xd4, 0x41, 0xcd, 0x44, 0x00, 0xcd, 0x8a,
  0x4b, 0xc3, 0xda, 0x41, 0xcd, 0x35, 0x68, 0xcd, 0xf4, 0x95, 0xcd, 0x41,
  0x72, 0x3e, 0x01, 0x32, 0x44, 0xe5, 0xcd, 0xb9, 0x53, 0xc3, 0xda, 0x41,
  0xcd, 0x94, 0x7b, 0xc3, 0xda, 0x41, 0x21, 0x20, 0xe5, 0x7e, 0xb7, 0xca,
  0xd7, 0x40, 0x32, 0xc0, 0xe5, 0xcd, 0xe8, 0xb4, 0xfb, 0x36, 0x00, 0x23,
  0x06, 0x07, 0x7e, 0x2b, 0x77, 0x23, 0x23, 0x10, 0xf9, 0x2b, 0x36, 0x00,
  0x21, 0x1e, 0xe5, 0x35, 0xc3, 0xd7, 0x40, 0x11, 0xf4, 0x93, 0x21, 0x00,
  0x20, 0xcd, 0x89, 0x43, 0x11, 0xf4, 0x93, 0x21, 0x00, 0x28, 0xcd, 0x89,
  0x43, 0x11, 0xf4, 0x93, 0x21, 0x00, 0x30, 0xcd, 0x89, 0x43, 0xc9, 0x50,
  0x41, 0x55, 0x53, 0x45, 0x01, 0x00, 0x08, 0xcd, 0x5c, 0x00, 0xc9, 0x21,
  0x00, 0x18, 0x01, 0x00, 0x03, 0xaf, 0xcd, 0x56, 0x00, 0x21, 0x00, 0x1b,
  0x01, 0x80, 0x00, 0x3e, 0xc0, 0xcd, 0x56, 0x00, 0x21, 0xc9, 0xe0, 0x11,
  0xca, 0xe0, 0x01, 0x80, 0x00, 0x36, 0xc0, 0xed, 0xb0, 0xc9, 0xcd, 0x3e,
  0x01, 0xcd, 0x94, 0xb5, 0x3e, 0x06, 0xcd, 0x41, 0x01, 0xe6, 0x04, 0x1f,
  0x5f, 0x3e, 0x08, 0xcd, 0xfd, 0x42, 0xe6, 0xf1, 0xb3, 0x5f, 0xcb, 0x2f,
  0xe6, 0xb8, 0x57, 0x17, 0x17, 0x17, 0xe6, 0x40, 0xb2, 0x57, 0x7b, 0xe6,
  0x03, 0xb2, 0x0f, 0x0f, 0x0f, 0x0f, 0x2f, 0xe6, 0x3f, 0xc3, 0x7c, 0x42,
  0x5f, 0x3e, 0x07, 0xcd, 0x41, 0x01, 0x17, 0x17, 0x2f, 0xe6, 0x40, 0xb3,
  0x5f, 0x21, 0xc0, 0xe0, 0x7e, 0x73, 0xe6, 0xf0, 0xa3, 0xab, 0x32, 0xbf,
  0xe0, 0x47, 0x3a, 0x0b, 0xe0, 0xb7, 0xc2, 0xfc, 0x42, 0xcb, 0x40, 0xca,
  0xbb, 0x42, 0xcb, 0x48, 0xca, 0xbb, 0x42, 0xcb, 0x68, 0xca, 0xbb, 0x42,
  0x21, 0x02, 0xe0, 0x34, 0x7e, 0xfe, 0x04, 0xda, 0xbb, 0x42, 0x36, 0x00,
  0x2b, 0x36, 0x01, 0xcb, 0x50, 0xca, 0xd9, 0x42, 0xcb, 0x58, 0xca, 0xd9,
  0x42, 0xcb, 0x68, 0xca, 0xd9, 0x42, 0x21, 0x04, 0xe0, 0x34, 0x7e, 0xfe,
  0x04, 0xda, 0xd9, 0x42, 0x36, 0x00, 0x2b, 0x36, 0x01, 0xcb, 0x60, 0xca,
  0xfc, 0x42, 0x3a, 0x0a, 0xe0, 0xb7, 0xca, 0xf6, 0x42, 0xaf, 0x32, 0x0a,
  0xe0, 0x21, 0x3c, 0xe5, 0x11, 0x3d, 0xe5, 0x36, 0x00, 0x01, 0x07, 0x00,
  0xed, 0xb0, 0x3e, 0x00, 0x32, 0x0c, 0xe0, 0xc9, 0xc9, 0xc5, 0xd5, 0xe5,
  0x3e, 0x01, 0xcd, 0xd5, 0x00, 0x21, 0x27, 0x43, 0x16, 0x00, 0x5f, 0x19,
  0x7e, 0xfe, 0xff, 0x20, 0x12, 0x3e, 0x01, 0xcd, 0xd8, 0x00, 0xfe, 0xff,
  0x20, 0x04, 0x3e, 0xfe, 0x18, 0x05, 0x3e, 0x08, 0xcd, 0x41, 0x01, 0xe1,
  0xd1, 0xc1, 0xc9, 0xff, 0xff, 0x7f, 0x7f, 0x7f, 0xff, 0xef, 0xef, 0xef,
  0xff, 0x1f, 0xd3, 0xa1, 0x3e, 0x0f, 0xd3, 0xa1, 0x3e, 0x1f, 0xd3, 0xa1,
  0x3e, 0x0e, 0xd3, 0xa0, 0xdb, 0xa2, 0x5f, 0x21, 0xc4, 0xe0, 0x7e, 0x73,
  0xe6, 0x0f, 0xa3, 0xab, 0x32, 0xc5, 0xe0, 0x47, 0x3a, 0x0b, 0xe0, 0xb7,
  0xc0, 0xcb, 0x48, 0xc8, 0x3a, 0x0a, 0xe0, 0xb7, 0xca, 0x70, 0x43, 0xaf,
  0x32, 0x0a, 0xe0, 0x21, 0x3c, 0xe5, 0x11, 0x3d, 0xe5, 0x36, 0x00, 0x01,
  0x07, 0x00, 0xed, 0xb0, 0x3e, 0x01, 0x32, 0x0c, 0xe0, 0xc9, 0x00, 0x18,
  0x00, 0x20, 0x00, 0x00, 0x00, 0x1b, 0x00, 0x38, 0xf5, 0x76, 0x2b, 0x7d,
  0xb4, 0x20, 0xfa, 0xf1, 0xc9, 0x7c, 0xc6, 0x08, 0x47, 0x4d, 0x7c, 0xb8,
  0xc8, 0x1a, 0xe6, 0xf0, 0xfe, 0x00, 0x28, 0x08, 0x1a, 0xcd, 0x4d, 0x00,
  0x23, 0x13, 0x18, 0xee, 0xc5, 0x1a, 0xe6, 0x0f, 0x4f, 0x13, 0x1a, 0x47,
  0x13, 0x1a, 0x08, 0x13, 0x1a, 0x13, 0x08, 0x04, 0x05, 0x20, 0x01, 0x0d,
  0xcd, 0x4d, 0x00, 0x23, 0x08, 0xcd, 0x4d, 0x00, 0x23, 0x08, 0x10, 0xf4,
  0x0d, 0xf2, 0xb4, 0x43, 0xc1, 0x18, 0xc7, 0x7c, 0xc6, 0x08, 0x47, 0x4d,
  0x7c, 0xb8, 0xc8, 0x1a, 0xe6, 0xf0, 0xfe, 0x00, 0x28, 0x06, 0x1a, 0x77,
  0x23, 0x13, 0x18, 0xf0, 0xc5, 0x1a, 0xe6, 0x0f, 0x4f, 0x13, 0x1a, 0x47,
  0x13, 0x1a, 0x08, 0x13, 0x1a, 0x13, 0x08, 0x04, 0x05, 0x20, 0x01, 0x0d,
  0x77, 0x23, 0x08, 0x77, 0x23, 0x08, 0x10, 0xf8, 0x0d, 0xf2, 0xf0, 0x43,
  0xc1, 0x18, 0xcd, 0xaf, 0x32, 0x3c, 0xe5, 0x3a, 0x3c, 0xe5, 0x6f, 0x26,
  0x00, 0x29, 0xe5, 0x11, 0x45, 0x44, 0x19, 0x5e, 0x23, 0x56, 0xe1, 0x01,
  0x85, 0x44, 0x09, 0x4e, 0x23, 0x46, 0xc5, 0xe1, 0x7e, 0xe6, 0x0f, 0x47,
  0x7e, 0xe6, 0xf0, 0xcb, 0x3f, 0xcb, 0x3f, 0xcb, 0x3f, 0xcb, 0x3f, 0x12,
  0x13, 0x10, 0xfc, 0x23, 0x7e, 0xfe, 0xff, 0xc2, 0x1c, 0x44, 0x21, 0x3c,
  0xe5, 0x34, 0x7e, 0xfe, 0x20, 0xc2, 0x03, 0x44, 0xaf, 0x32, 0x3c, 0xe5,
  0xc9, 0x00, 0xc0, 0x84, 0xc0, 0x08, 0xc1, 0x8c, 0xc1, 0x10, 0xc2, 0x94,
  0xc2, 0x18, 0xc3, 0x9c, 0xc3, 0x20, 0xc4, 0xa4, 0xc4, 0x28, 0xc5, 0xac,
  0xc5, 0x30, 0xc6, 0xb4, 0xc6, 0x38, 0xc7, 0xbc, 0xc7, 0x40, 0xc8, 0xc4,
  0xc8, 0x48, 0xc9, 0xcc, 0xc9, 0x50, 0xca, 0xd4, 0xca, 0x58, 0xcb, 0xdc,
  0xcb, 0x60, 0xcc, 0xe4, 0xcc, 0x68, 0xcd, 0xec, 0xcd, 0x70, 0xce, 0xf4,
  0xce, 0x78, 0xcf, 0xfc, 0xcf, 0xc5, 0x44, 0xd2, 0x44, 0xf1, 0x44, 0x12,
  0x45, 0x56, 0x45, 0x8e, 0x45, 0xef, 0x45, 0x16, 0x46, 0x4a, 0x46, 0x75,
  0x46, 0x9b, 0x46, 0xd0, 0x46, 0x15, 0x47, 0x51, 0x47, 0x70, 0x47, 0xb0,
  0x47, 0xf7, 0x47, 0x3d, 0x48, 0x9b, 0x48, 0xd8, 0x48, 0x28, 0x49, 0x6e,
  0x49, 0x9c, 0x49, 0xce, 0x49, 0xe7, 0x49, 0x11, 0x4a, 0x36, 0x4a, 0x43,
  0x4a, 0x7c, 0x4a, 0xb2, 0x4a, 0xd2, 0x4a, 0x41, 0x4b, 0x4b, 0x4b, 0x2b,
  0x1b, 0x0b, 0x1b, 0x0b, 0x1b, 0x4b, 0x4b, 0x4b, 0x4b, 0xff, 0x01, 0x4a,
  0x02, 0x49, 0x02, 0x11, 0x48, 0x04, 0x47, 0x05, 0x46, 0x05, 0x11, 0x45,
  0x01, 0x11, 0x05, 0x44, 0x07, 0x11, 0x43, 0x03, 0x11, 0x05, 0x42, 0x0a,
  0x41, 0x2a, 0x11, 0x4b, 0xff, 0x4b, 0x05, 0x11, 0x02, 0x11, 0x02, 0x4b,
  0x38, 0x11, 0x02, 0x4b, 0x01, 0x11, 0x03, 0x11, 0x02, 0x11, 0x02, 0x4b,
  0x03, 0x38, 0x4b, 0x06, 0x11, 0x02, 0x11, 0x01, 0x4b, 0x38, 0x01, 0x11,
  0x01, 0xff, 0x4b, 0x4c, 0x21, 0x03, 0x41, 0x11, 0x01, 0x11, 0x21, 0x42,
  0x04, 0x41, 0x02, 0x21, 0x01, 0x42, 0x04, 0x41, 0x01, 0x21, 0x02, 0x42,
  0x11, 0x03, 0x41, 0x21, 0x03, 0x42, 0x04, 0x41, 0x01, 0x11, 0x02, 0x42,
  0x02, 0x11, 0x21, 0x41, 0x04, 0x42, 0x02, 0x21, 0x01, 0x41, 0x03, 0x11,
  0x42, 0x01, 0x21, 0x01, 0x11, 0x41, 0x04, 0x42, 0x21, 0x03, 0x41, 0x11,
  0x02, 0x21, 0x42, 0x04, 0x41, 0x02, 0x21, 0x11, 0x41, 0xff, 0x43, 0x11,
  0x43, 0x11, 0x47, 0x11, 0x41, 0x11, 0x47, 0x25, 0x46, 0x25, 0x45, 0x22,
  0x11, 0x21, 0x11, 0x22, 0x44, 0x22, 0x11, 0x21, 0x11, 0x22, 0x43, 0x29,
  0x42, 0x29, 0x42, 0x21, 0x41, 0x25, 0x41, 0x21, 0x42, 0x21, 0x41, 0x21,
  0x43, 0x21, 0x41, 0x21, 0x42, 0x21, 0x41, 0x21, 0x43, 0x21, 0x41, 0x21,
  0x45, 0x21, 0x41, 0x21, 0x44, 0xff, 0x4b, 0x01, 0x41, 0x01, 0x41, 0x01,
  0x41, 0x01, 0x41, 0x01, 0x41, 0x02, 0x41, 0x01, 0x41, 0x01, 0x41, 0x01,
  0x41, 0x01, 0x41, 0x02, 0x41, 0x01, 0x41, 0x01, 0x41, 0x01, 0x41, 0x01,
  0x41, 0x02, 0x41, 0x31, 0x11, 0x31, 0x11, 0x31, 0x11, 0x31, 0x41, 0x02,
  0x41, 0x01, 0x41, 0x01, 0x41, 0x01, 0x41, 0x01, 0x41, 0x02, 0x41, 0x01,
  0x41, 0x01, 0x41, 0x01, 0x41, 0x01, 0x41, 0x02, 0x41, 0x01, 0x41, 0x01,
  0x41, 0x01, 0x41, 0x01, 0x41, 0x01, 0x11, 0x41, 0x11, 0x41, 0x31, 0x41,
  0x31, 0x41, 0x11, 0x41, 0x11, 0x01, 0x41, 0x01, 0x41, 0x01, 0x41, 0x01,
  0x41, 0x01, 0x41, 0x01, 0x4f, 0x47, 0xff, 0x4f, 0x4b, 0x03, 0x47, 0x02,
  0x11, 0x02, 0x46, 0x01, 0x11, 0x01, 0x11, 0x01, 0x45, 0x03, 0x11, 0x03,
  0x44, 0x07, 0x44, 0x07, 0x44, 0x03, 0x11, 0x03, 0x45, 0x01, 0x11, 0x01,
  0x11, 0x01, 0x46, 0x02, 0x11, 0x02, 0x47, 0x03, 0x44, 0xff, 0x4c, 0x31,
  0x42, 0x31, 0x41, 0x31, 0x42, 0x31, 0x42, 0x32, 0x45, 0x32, 0x46, 0x11,
  0x49, 0x31, 0x11, 0x31, 0x46, 0x31, 0x42, 0x11, 0x42, 0x31, 0x47, 0x11,
  0x47, 0x31, 0x42, 0x11, 0x42, 0x31, 0x46, 0x31, 0x11, 0x31, 0x49, 0x11,
  0x46, 0x32, 0x45, 0x32, 0x42, 0x31, 0x42, 0x31, 0x41, 0x31, 0x42, 0x31,
  0x41, 0xff, 0x41, 0x31, 0x41, 0x31, 0x43, 0x31, 0x41, 0x31, 0x42, 0x31,
  0x11, 0x31, 0x43, 0x31, 0x11, 0x31, 0x42, 0x31, 0x11, 0x31, 0x43, 0x31,
  0x11, 0x31, 0x42, 0x33, 0x43, 0x33, 0x4f, 0x41, 0x13, 0x48, 0x13, 0x48,
  0x13, 0x48, 0x13, 0x48, 0x13, 0x48, 0x13, 0x4f, 0xff, 0x41, 0x3a, 0x4c,
  0x31, 0x44, 0x11, 0x45, 0x31, 0x43, 0x13, 0x44, 0x31, 0x42, 0x15, 0x43,
  0x31, 0x41, 0x13, 0x21, 0x13, 0x42, 0x31, 0x42, 0x15, 0x43, 0x31, 0x43,
  0x13, 0x44, 0x31, 0x44, 0x11, 0x45, 0x31, 0x4a, 0x3a, 0x4b, 0xff, 0x4f,
  0x48, 0x29, 0x42, 0x21, 0x47, 0x21, 0x42, 0x21, 0x41, 0x25, 0x41, 0x21,
  0x42, 0x21, 0x41, 0x21, 0x43, 0x21, 0x41, 0x21, 0x42, 0x21, 0x41, 0x21,
  0x41, 0x21, 0x41, 0x21, 0x41, 0x21, 0x42, 0x21, 0x41, 0x21, 0x43, 0x21,
  0x41, 0x21, 0x42, 0x21, 0x41, 0x25, 0x41, 0x21, 0x42, 0x21, 0x47, 0x21,
  0x42, 0x29, 0x4c, 0xff, 0x4b, 0x3b, 0x44, 0x31, 0x43, 0x31, 0x11, 0x42,
  0x31, 0x11, 0x41, 0x31, 0x43, 0x31, 0x43, 0x31, 0x42, 0x31, 0x41, 0x31,
  0x41, 0x31, 0x43, 0x31, 0x42, 0x31, 0x11, 0x31, 0x41, 0x31, 0x43, 0x31,
  0x41, 0x11, 0x31, 0x41, 0x31, 0x11, 0x31, 0x43, 0x31, 0x42, 0x31, 0x11,
  0x31, 0x41, 0x31, 0x43, 0x31, 0x42, 0x31, 0x41, 0x31, 0x41, 0x31, 0x43,
  0x31, 0x11, 0x43, 0x31, 0x45, 0x31, 0x44, 0x31, 0x43, 0x11, 0x41, 0x3a,
  0xff, 0x4f, 0x48, 0x02, 0x41, 0x03, 0x41, 0x02, 0x42, 0x02, 0x41, 0x03,
  0x41, 0x02, 0x42, 0x02, 0x41, 0x01, 0x11, 0x01, 0x41, 0x02, 0x42, 0x02,
  0x41, 0x03, 0x41, 0x02, 0x42, 0x01, 0x11, 0x41, 0x01, 0x11, 0x01, 0x41,
  0x11, 0x01, 0x42, 0x02, 0x41, 0x03, 0x41, 0x02, 0x42, 0x02, 0x41, 0x03,
  0x41, 0x02, 0x42, 0x01, 0x11, 0x41, 0x03, 0x41, 0x11, 0x01, 0x4f, 0x48,
  0xff, 0x4b, 0x11, 0x29, 0x11, 0x31, 0x49, 0x31, 0x11, 0x09, 0x11, 0x4b,
  0x11, 0x29, 0x11, 0x31, 0x49, 0x31, 0x11, 0x09, 0x11, 0x4b, 0x11, 0x29,
  0x11, 0x31, 0x49, 0x31, 0x11, 0x09, 0x11, 0xff, 0x4b, 0x01, 0x31, 0x03,
  0x11, 0x03, 0x31, 0x03, 0x31, 0x01, 0x13, 0x01, 0x31, 0x05, 0x31, 0x01,
  0x11, 0x01, 0x31, 0x07, 0x31, 0x11, 0x31, 0x0f, 0x02, 0x11, 0x05, 0x11,
  0x04, 0x11, 0x02, 0x11, 0x02, 0x11, 0x03, 0x21, 0x11, 0x02, 0x11, 0x02,
  0x11, 0x21, 0x01, 0x12, 0x21, 0x11, 0x01, 0x11, 0x01, 0x11, 0x21, 0x12,
  0x03, 0x21, 0x01, 0x11, 0x01, 0x21, 0x07, 0x21, 0x11, 0x21, 0x04, 0xff,
  0x45, 0x31, 0x48, 0x12, 0x41, 0x12, 0x44, 0x12, 0x42, 0x31, 0x42, 0x12,
  0x41, 0x11, 0x42, 0x12, 0x41, 0x12, 0x42, 0x11, 0x41, 0x12, 0x42, 0x31,
  0x42, 0x12, 0x41, 0x11, 0x42, 0x12, 0x41, 0x12, 0x42, 0x11, 0x41, 0x12,
  0x42, 0x31, 0x42, 0x12, 0x41, 0x11, 0x42, 0x12, 0x41, 0x12, 0x42, 0x11,
  0x41, 0x12, 0x42, 0x31, 0x42, 0x12, 0x41, 0x11, 0x42, 0x12, 0x41, 0x12,
  0x42, 0x11, 0x41, 0x12, 0x45, 0x12, 0x41, 0x11, 0x49, 0x11, 0xff, 0x45,
  0x21, 0x48, 0x11, 0x01, 0x21, 0x01, 0x11, 0x45, 0x11, 0x01, 0x11, 0x01,
  0x11, 0x01, 0x11, 0x43, 0x11, 0x01, 0x11, 0x01, 0x11, 0x01, 0x11, 0x01,
  0x11, 0x42, 0x01, 0x11, 0x01, 0x11, 0x01, 0x11, 0x01, 0x11, 0x01, 0x42,
  0x11, 0x01, 0x11, 0x01, 0x11, 0x01, 0x11, 0x01, 0x11, 0x42, 0x21, 0x41,
  0x21, 0x41, 0x21, 0x41, 0x21, 0x41, 0x21, 0x46, 0x21, 0x4a, 0x21, 0x48,
  0x31, 0x41, 0x31, 0x48, 0x33, 0x49, 0x31, 0x46, 0xff, 0x01, 0x41, 0x31,
  0x15, 0x31, 0x41, 0x02, 0x41, 0x32, 0x03, 0x32, 0x41, 0x01, 0x11, 0x41,
  0x31, 0x41, 0x31, 0x11, 0x31, 0x41, 0x31, 0x41, 0x12, 0x41, 0x31, 0x41,
  0x01, 0x21, 0x01, 0x41, 0x31, 0x41, 0x12, 0x41, 0x31, 0x41, 0x11, 0x41,
  0x11, 0x41, 0x31, 0x41, 0x12, 0x41, 0x31, 0x41, 0x01, 0x41, 0x01, 0x41,
  0x31, 0x41, 0x12, 0x41, 0x31, 0x41, 0x11, 0x41, 0x11, 0x41, 0x31, 0x41,
  0x12, 0x41, 0x31, 0x41, 0x01, 0x41, 0x01, 0x41, 0x31, 0x41, 0x12, 0x41,
  0x31, 0x41, 0x11, 0x41, 0x11, 0x41, 0x31, 0x41, 0x11, 0x01, 0x33, 0x01,
  0x41, 0x01, 0x33, 0x01, 0x4f, 0x47, 0xff, 0x4d, 0x37, 0x44, 0x11, 0x01,
  0x11, 0x31, 0x11, 0x01, 0x11, 0x44, 0x11, 0x01, 0x11, 0x31, 0x11, 0x01,
  0x11, 0x44, 0x11, 0x01, 0x11, 0x31, 0x11, 0x01, 0x11, 0x44, 0x11, 0x01,
  0x13, 0x01, 0x11, 0x44, 0x11, 0x01, 0x11, 0x31, 0x11, 0x01, 0x11, 0x44,
  0x11, 0x01, 0x11, 0x31, 0x11, 0x01, 0x11, 0x44, 0x11, 0x01, 0x11, 0x31,
  0x11, 0x01, 0x11, 0x44, 0x37, 0x4f, 0x49, 0xff, 0x4f, 0x47, 0x11, 0x31,
  0x11, 0x31, 0x11, 0x31, 0x11, 0x31, 0x11, 0x31, 0x12, 0x31, 0x21, 0x31,
  0x21, 0x31, 0x21, 0x31, 0x21, 0x31, 0x11, 0x42, 0x11, 0x49, 0x31, 0x41,
  0x31, 0x11, 0x31, 0x41, 0x31, 0x41, 0x31, 0x42, 0x31, 0x41, 0x31, 0x41,
  0x31, 0x11, 0x31, 0x41, 0x31, 0x42, 0x31, 0x41, 0x31, 0x41, 0x31, 0x41,
  0x31, 0x11, 0x31, 0x47, 0x11, 0x45, 0x31, 0x41, 0x31, 0x11, 0x31, 0x41,
  0x31, 0x41, 0x31, 0x43, 0x11, 0x31, 0x41, 0x31, 0x41, 0x31, 0x43, 0x11,
  0x44, 0x31, 0x45, 0xff, 0x4c, 0x31, 0x17, 0x31, 0x42, 0x31, 0x47, 0x31,
  0x42, 0x31, 0x41, 0x35, 0x41, 0x31, 0x42, 0x31, 0x41, 0x31, 0x43, 0x31,
  0x41, 0x31, 0x42, 0x31, 0x41, 0x31, 0x41, 0x11, 0x41, 0x31, 0x41, 0x31,
  0x42, 0x31, 0x41, 0x31, 0x41, 0x11, 0x41, 0x31, 0x41, 0x31, 0x42, 0x31,
  0x41, 0x31, 0x43, 0x31, 0x41, 0x31, 0x42, 0x31, 0x41, 0x31, 0x13, 0x31,
  0x41, 0x31, 0x42, 0x31, 0x47, 0x31, 0x42, 0x31, 0x47, 0x31, 0x42, 0x39,
  0x41, 0xff, 0x4b, 0x0b, 0x1b, 0x4b, 0x11, 0x31, 0x41, 0x31, 0x11, 0x01,
  0x11, 0x31, 0x41, 0x31, 0x12, 0x31, 0x41, 0x31, 0x13, 0x31, 0x41, 0x31,
  0x12, 0x31, 0x41, 0x31, 0x13, 0x31, 0x41, 0x31, 0x12, 0x31, 0x41, 0x31,
  0x11, 0x01, 0x11, 0x31, 0x41, 0x31, 0x11, 0x4b, 0x0f, 0x07, 0x4b, 0xff,
  0x4f, 0x47, 0x1b, 0x4d, 0x21, 0x11, 0x41, 0x21, 0x11, 0x41, 0x21, 0x11,
  0x43, 0x22, 0x41, 0x22, 0x41, 0x22, 0x4d, 0x21, 0x11, 0x41, 0x21, 0x11,
  0x41, 0x21, 0x11, 0x43, 0x22, 0x41, 0x22, 0x41, 0x22, 0x4d, 0x21, 0x11,
  0x41, 0x21, 0x11, 0x41, 0x21, 0x11, 0x43, 0x22, 0x41, 0x22, 0x41, 0x22,
  0x43, 0xff, 0x4f, 0x4f, 0x47, 0x13, 0x48, 0x13, 0x48, 0x13, 0x47, 0x11,
  0x01, 0x11, 0x01, 0x11, 0x46, 0x05, 0x45, 0x07, 0x44, 0x07, 0x43, 0x09,
  0x41, 0x0b, 0xff, 0x4f, 0x4f, 0x43, 0x01, 0x12, 0x02, 0x11, 0x02, 0x12,
  0x02, 0x12, 0x02, 0x11, 0x02, 0x12, 0x01, 0x34, 0x23, 0x35, 0x02, 0x31,
  0x43, 0x31, 0x02, 0x32, 0x49, 0x32, 0x49, 0x32, 0x49, 0x32, 0x42, 0x31,
  0x03, 0x31, 0x42, 0x32, 0x22, 0x35, 0x22, 0x31, 0xff, 0x4f, 0x49, 0x31,
  0x22, 0x31, 0x46, 0x31, 0x44, 0x31, 0x44, 0x31, 0x42, 0x12, 0x42, 0x31,
  0x43, 0x31, 0x41, 0x14, 0x41, 0x31, 0x43, 0x31, 0x42, 0x12, 0x42, 0x31,
  0x44, 0x31, 0x44, 0x31, 0x46, 0x34, 0x4f, 0x4f, 0x48, 0xff, 0x4f, 0x4f,
  0x4f, 0x4a, 0x2b, 0x11, 0x0a, 0x2b, 0x4b, 0x2b, 0x1b, 0x2b, 0xff, 0x4b,
  0x06, 0x11, 0x05, 0x33, 0x01, 0x31, 0x01, 0x33, 0x02, 0x31, 0x47, 0x31,
  0x02, 0x31, 0x01, 0x45, 0x01, 0x31, 0x02, 0x31, 0x12, 0x43, 0x12, 0x31,
  0x01, 0x41, 0x01, 0x31, 0x12, 0x41, 0x12, 0x31, 0x01, 0x43, 0x01, 0x31,
  0x11, 0x01, 0x11, 0x31, 0x01, 0x45, 0x01, 0x31, 0x01, 0x31, 0x01, 0x47,
  0x01, 0x11, 0x01, 0x49, 0x01, 0x4f, 0x41, 0xff, 0x4f, 0x47, 0x04, 0x31,
  0x41, 0x31, 0x08, 0x31, 0x41, 0x31, 0x08, 0x31, 0x41, 0x31, 0x04, 0x31,
  0x12, 0x32, 0x41, 0x32, 0x12, 0x31, 0x04, 0x31, 0x41, 0x31, 0x08, 0x31,
  0x41, 0x31, 0x04, 0x21, 0x12, 0x21, 0x31, 0x41, 0x31, 0x21, 0x12, 0x21,
  0x04, 0x31, 0x41, 0x31, 0x08, 0x31, 0x41, 0x31, 0x08, 0x31, 0x41, 0x31,
  0x04, 0xff, 0x4f, 0x47, 0x12, 0x49, 0x14, 0x47, 0x16, 0x45, 0x18, 0x43,
  0x21, 0x19, 0x42, 0x31, 0x21, 0x18, 0x43, 0x31, 0x21, 0x16, 0x45, 0x31,
  0x21, 0x14, 0x47, 0x31, 0x21, 0x12, 0x49, 0x31, 0x21, 0xff, 0x4f, 0x47,
  0x11, 0x41, 0x11, 0x41, 0x11, 0x41, 0x11, 0x41, 0x11, 0x41, 0x11, 0x21,
  0x41, 0x21, 0x41, 0x21, 0x41, 0x21, 0x41, 0x21, 0x41, 0x21, 0x41, 0x11,
  0x41, 0x11, 0x41, 0x11, 0x41, 0x11, 0x41, 0x11, 0x42, 0x21, 0x41, 0x21,
  0x41, 0x21, 0x41, 0x21, 0x41, 0x21, 0x41, 0x11, 0x41, 0x11, 0x41, 0x11,
  0x41, 0x11, 0x41, 0x11, 0x41, 0x11, 0x21, 0x41, 0x21, 0x41, 0x21, 0x41,
  0x21, 0x41, 0x21, 0x41, 0x21, 0x41, 0x11, 0x41, 0x11, 0x41, 0x11, 0x41,
  0x11, 0x41, 0x11, 0x42, 0x21, 0x41, 0x21, 0x41, 0x21, 0x41, 0x21, 0x41,
  0x21, 0x41, 0x11, 0x41, 0x11, 0x41, 0x11, 0x41, 0x11, 0x41, 0x11, 0x41,
  0x11, 0x21, 0x41, 0x21, 0x41, 0x21, 0x41, 0x21, 0x41, 0x21, 0x41, 0x21,
  0xff, 0x4d, 0x31, 0x41, 0x31, 0x41, 0x31, 0x41, 0x31, 0x44, 0x31, 0x41,
  0x31, 0x41, 0x31, 0x41, 0x31, 0x44, 0x31, 0x41, 0x31, 0x41, 0x31, 0x41,
  0x31, 0x44, 0x31, 0x41, 0x31, 0x41, 0x31, 0x11, 0x01, 0x44, 0x31, 0x41,
  0x31, 0x41, 0x31, 0x41, 0x31, 0x44, 0x31, 0x41, 0x31, 0x11, 0x03, 0x44,
  0x31, 0x41, 0x31, 0x41, 0x31, 0x41, 0x31, 0x44, 0x31, 0x11, 0x05, 0x44,
  0x31, 0x41, 0x31, 0x41, 0x31, 0x41, 0x31, 0x44, 0x11, 0x06, 0x44, 0x27,
  0x42, 0xff, 0x3a, 0x0b, 0xe0, 0xb7, 0xc2, 0x09, 0x4d, 0x3a, 0x0d, 0xe0,
  0xb7, 0xc2, 0xdd, 0x4e, 0x3a, 0x3c, 0xe5, 0xfe, 0x01, 0xca, 0x48, 0x4c,
  0xfe, 0x02, 0xca, 0xc6, 0x4c, 0xfe, 0x05, 0xca, 0xa2, 0x4c, 0x3e, 0x00,
  0x32, 0xeb, 0xf3, 0xcd, 0x62, 0x00, 0xcd, 0x27, 0x42, 0x21, 0x24, 0x90,
  0x11, 0x00, 0x00, 0xcd, 0x20, 0x42, 0x21, 0x24, 0x90, 0x11, 0x00, 0x08,
  0xcd, 0x20, 0x42, 0x21, 0x24, 0x90, 0x11, 0x00, 0x10, 0xcd, 0x20, 0x42,
  0xcd, 0xff, 0x41, 0x21, 0x00, 0x18, 0x3e, 0x00, 0x01, 0x00, 0x03, 0xcd,
  0x56, 0x00, 0xcd, 0xe0, 0x4f, 0x21, 0x3e, 0x54, 0x11, 0xc0, 0x18, 0x01,
  0x60, 0x00, 0xcd, 0x5c, 0x00, 0xdd, 0x21, 0xcd, 0xe0, 0xdd, 0x36, 0x00,
  0x34, 0xdd, 0x36, 0x01, 0x94, 0xdd, 0x36, 0x02, 0xa0, 0xdd, 0x36, 0x03,
  0x0a, 0x3e, 0x01, 0x32, 0x3c, 0xe5, 0x21, 0xb3, 0x54, 0x11, 0xa8, 0x19,
  0x01, 0x11, 0x00, 0xcd, 0x5c, 0x00, 0x21, 0xde, 0x54, 0x11, 0x84, 0x1a,
  0x01, 0x18, 0x00, 0xcd, 0x5c, 0x00, 0x21, 0xf6, 0x54, 0x11, 0xc6, 0x1a,
  0x01, 0x13, 0x00, 0xcd, 0x5c, 0x00, 0x21, 0x09, 0x55, 0x11, 0x2b, 0x1a,
  0x01, 0x0b, 0x00, 0xcd, 0x5c, 0x00, 0x21, 0x14, 0x55, 0x11, 0x4b, 0x1a,
  0x01, 0x0b, 0x00, 0xcd, 0x5c, 0x00, 0x3e, 0x00, 0x32, 0x3f, 0xe5, 0xc9,
  0x3a, 0x0c, 0xe0, 0xb7, 0xca, 0x5a, 0x4c, 0x3a, 0xc5, 0xe0, 0xcb, 0x4f,
  0xc2, 0x73, 0x4c, 0xc3, 0x62, 0x4c, 0x3a, 0xbf, 0xe0, 0xcb, 0x67, 0xc2,
  0x73, 0x4c, 0x2a, 0x3f, 0xe5, 0x23, 0x22, 0x3f, 0xe5, 0xaf, 0x11, 0xe0,
  0x01, 0xed, 0x52, 0xca, 0x94, 0x4c, 0xc9, 0x3e, 0x02, 0x32, 0x3c, 0xe5,
  0x21, 0xcc, 0x54, 0x11, 0xa8, 0x19, 0x01, 0x11, 0x00, 0xcd, 0x5c, 0x00,
  0x3e, 0xc3, 0x32, 0xc0, 0xe5, 0xcd, 0xe8, 0xb4, 0xfb, 0x21, 0x00, 0x01,
  0xcd, 0x80, 0x43, 0xc9, 0x3e, 0x05, 0x32, 0x3c, 0xe5, 0x3e, 0x01, 0x32,
  0x0d, 0xe0, 0xcd, 0x27, 0x42, 0xc9, 0x3e, 0x00, 0x32, 0x0b, 0xe0, 0x3a,
  0x00, 0xe0, 0x3c, 0xe6, 0x03, 0x32, 0x00, 0xe0, 0x6f, 0x26, 0x00, 0x11,
  0xc2, 0x4c, 0x19, 0x7e, 0x32, 0x1b, 0xe0, 0xaf, 0x32, 0x22, 0xe0, 0xc3,
  0x09, 0x4d, 0x0c, 0x03, 0x06, 0x01, 0x3e, 0x01, 0x32, 0x0b, 0xe0, 0x21,
  0x15, 0xe0, 0x11, 0x16, 0xe0, 0x01, 0x9f, 0x05, 0x0b, 0x36, 0x00, 0xed,
  0xb0, 0x3e, 0x20, 0x32, 0x1f, 0xe0, 0x0e, 0x02, 0x3a, 0x01, 0xe0, 0xb7,
  0xca, 0xe9, 0x4c, 0x0e, 0xf0, 0x79, 0x32, 0x1d, 0xe0, 0x21, 0x00, 0x00,
  0x22, 0x01, 0xe0, 0x3a, 0x03, 0xe0, 0xb7, 0xca, 0x00, 0x4d, 0x2a, 0x05,
  0xe0, 0x22, 0x1b, 0xe0, 0x21, 0x00, 0x00, 0x22, 0x03, 0xe0, 0xc3, 0x09,
  0x4d, 0x3a, 0x22, 0xe0, 0xfe, 0x02, 0xca, 0x22, 0x4d, 0x21, 0x27, 0xe0,
  0x11, 0x28, 0xe0, 0x01, 0x8d, 0x05, 0x0b, 0x36, 0x00, 0xed, 0xb0, 0xc3,
  0x30, 0x4d, 0x21, 0xbf, 0xe0, 0x11, 0xc0, 0xe0, 0x01, 0xf5, 0x04, 0x0b,
  0x36, 0x00, 0xed, 0xb0, 0xcd, 0x27, 0x42, 0x3a, 0x0b, 0xe0, 0xb7, 0xca,
  0x46, 0x4d, 0xcd, 0xe0, 0x4f, 0xcd, 0x01, 0x51, 0x21, 0x30, 0x00, 0xcd,
  0x80, 0x43, 0x3e, 0x01, 0x32, 0x0a, 0xe0, 0x21, 0x84, 0x7d, 0x11, 0x00,
  0x00, 0xcd, 0x20, 0x42, 0x21, 0x84, 0x7d, 0x11, 0x00, 0x08, 0xcd, 0x20,
  0x42, 0x21, 0x84, 0x7d, 0x11, 0x00, 0x10, 0xcd, 0x20, 0x42, 0x11, 0x84,
  0x85, 0x21, 0x00, 0x20, 0xcd, 0x89, 0x43, 0x11, 0x84, 0x85, 0x21, 0x00,
  0x28, 0xcd, 0x89, 0x43, 0x11, 0x84, 0x85, 0x21, 0x00, 0x30, 0xcd, 0x89,
  0x43, 0x21, 0x00, 0x18, 0x3e, 0x00, 0x01, 0x00, 0x03, 0xcd, 0x56, 0x00,
  0x3e, 0x01, 0x32, 0x44, 0xe5, 0xcd, 0xb9, 0x53, 0x21, 0x1f, 0x55, 0x11,
  0x39, 0x18, 0x01, 0x04, 0x00, 0xcd, 0x5c, 0x00, 0x21, 0x23, 0x55, 0x11,
  0x5b, 0x18, 0x01, 0x05, 0x00, 0xcd, 0x5c, 0x00, 0x21, 0x28, 0x55, 0x11,
  0xdb, 0x18, 0x01, 0x05, 0x00, 0xcd, 0x5c, 0x00, 0xcd, 0x30, 0x52, 0x21,
  0x7f, 0x18, 0x3e, 0x30, 0xcd, 0x4d, 0x00, 0x21, 0xff, 0x18, 0x3e, 0x30,
  0xcd, 0x4d, 0x00, 0x3e, 0x00, 0x32, 0x6f, 0xe5, 0x06, 0x17, 0xfd, 0x21,
  0x22, 0x18, 0x5f, 0xcb, 0x23, 0x16, 0x00, 0x21, 0xb5, 0x57, 0x19, 0x5e,
  0x23, 0x56, 0xeb, 0xfd, 0xe5, 0xd1, 0xc5, 0x01, 0x16, 0x00, 0xcd, 0x5c,
  0x00, 0x3a, 0x6f, 0xe5, 0x3c, 0xfe, 0x04, 0x20, 0x02, 0x3e, 0x00, 0x32,
  0x6f, 0xe5, 0x11, 0x20, 0x00, 0xfd, 0x19, 0xc1, 0x10, 0xd4, 0x06, 0x03,
  0xfd, 0x21, 0x80, 0x03, 0x21, 0x35, 0x57, 0x3a, 0x1b, 0xe0, 0xfe, 0x20,
  0xca, 0x22, 0x4e, 0xe6, 0x03, 0x5f, 0x16, 0x00, 0xcb, 0x23, 0x21, 0x2d,
  0x55, 0x19, 0x5e, 0x23, 0x56, 0xeb, 0xfd, 0xe5, 0xd1, 0xc5, 0x01, 0x80,
  0x00, 0xcd, 0x5c, 0x00, 0xc1, 0x11, 0x00, 0x08, 0xfd, 0x19, 0x10, 0xd4,
  0xcd, 0xbd, 0x5b, 0xcd, 0x04, 0x72, 0xcd, 0xb9, 0x71, 0x3a, 0x1b, 0xe0,
  0xfe, 0x20, 0xca, 0x71, 0x4e, 0x21, 0xef, 0x5d, 0x3a, 0x22, 0xe0, 0xfe,
  0x02, 0xca, 0x65, 0x4e, 0x3a, 0x1b, 0xe0, 0x5f, 0xcb, 0x23, 0x16, 0x00,
  0x19, 0x5e, 0x23, 0x56, 0xeb, 0x11, 0x27, 0xe0, 0x01, 0x11, 0x00, 0xed,
  0xb0, 0xcd, 0x15, 0x5c, 0xcd, 0x79, 0x5d, 0xcd, 0x65, 0x51, 0xc3, 0x74,
  0x4e, 0xcd, 0x80, 0x51, 0xaf, 0x32, 0x22, 0xe0, 0x21, 0x49, 0x51, 0x11,
  0x00, 0x1b, 0x01, 0x1c, 0x00, 0xcd, 0x5c, 0x00, 0x3a, 0x0b, 0xe0, 0xb7,
  0xca, 0xb4, 0x4e, 0x3a, 0x1b, 0xe0, 0xfe, 0x20, 0xca, 0xa5, 0x4e, 0x3e,
  0xc4, 0x32, 0xc0, 0xe5, 0xcd, 0xe8, 0xb4, 0xfb, 0x21, 0x90, 0x00, 0xcd,
  0x80, 0x43, 0xc3, 0xb4, 0x4e, 0x3e, 0xc8, 0x32, 0xc0, 0xe5, 0xcd, 0xe8,
  0xb4, 0xfb, 0x21, 0x00, 0x01, 0xcd, 0x80, 0x43, 0x3e, 0x01, 0x32, 0x4e,
  0xe2, 0x3e, 0x68, 0x32, 0xf6, 0xe0, 0x21, 0x00, 0x00, 0x22, 0x0d, 0xe0,
  0x22, 0x0f, 0xe0, 0x22, 0x11, 0xe0, 0x22, 0x13, 0xe0, 0x3e, 0x00, 0x32,
  0xc0, 0xe5, 0xcd, 0xe8, 0xb4, 0xfb, 0x21, 0x01, 0x00, 0xcd, 0x80, 0x43,
  0xc9, 0xfd, 0x21, 0x05, 0x50, 0xdd, 0x21, 0xef, 0x50, 0x3a, 0x0c, 0xe0,
  0xb7, 0xca, 0xf7, 0x4e, 0x3a, 0xc5, 0xe0, 0xcb, 0x4f, 0xc2, 0x6b, 0x4f,
  0xc3, 0xff, 0x4e, 0x3a, 0xbf, 0xe0, 0xcb, 0x67, 0xc2, 0x6b, 0x4f, 0x21,
  0x13, 0xe0, 0x7e, 0xb7, 0xc2, 0x60, 0x4f, 0x21, 0x0e, 0xe0, 0x34, 0x7e,
  0xfe, 0x02, 0xc0, 0x36, 0x00, 0x3a, 0x0f, 0xe0, 0x5f, 0xcb, 0x23, 0x16,
  0x00, 0xdd, 0x19, 0xdd, 0x5e, 0x00, 0xdd, 0x56, 0x01, 0xeb, 0x3a, 0x10,
  0xe0, 0x5f, 0x16, 0x00, 0x19, 0x3a, 0x11, 0xe0, 0x5f, 0x16, 0x00, 0xfd,
  0x19, 0xfd, 0x7e, 0x00, 0xfe, 0x20, 0xca, 0x3c, 0x4f, 0xcd, 0x4d, 0x00,
  0x21, 0x11, 0xe0, 0x34, 0x21, 0x10, 0xe0, 0x34, 0x21, 0x12, 0xe0, 0x34,
  0x7e, 0xfe, 0x1a, 0xc0, 0x36, 0x00, 0xaf, 0x32, 0x10, 0xe0, 0x21, 0x0f,
  0xe0, 0x34, 0x7e, 0xfe, 0x09, 0xc0, 0x21, 0x13, 0xe0, 0x36, 0x01, 0xc9,
  0x21, 0x14, 0xe0, 0x34, 0x7e, 0xfe, 0x78, 0xc0, 0xc3, 0x7a, 0x4f, 0x21,
  0x00, 0x00, 0x22, 0x3c, 0xe5, 0x22, 0x3e, 0xe5, 0x22, 0x40, 0xe5, 0x22,
  0x42, 0xe5, 0x21, 0x00, 0x00, 0x22, 0x0d, 0xe0, 0x22, 0x0f, 0xe0, 0x22,
  0x11, 0xe0, 0x22, 0x13, 0xe0, 0xc9, 0xcd, 0x27, 0x42, 0xaf, 0x32, 0x3c,
  0xe5, 0xdd, 0xe5, 0xaf, 0x32, 0x3d, 0xe5, 0x3a, 0x3c, 0xe5, 0x5f, 0xcb,
  0x23, 0x16, 0x00, 0xdd, 0x19, 0xdd, 0x5e, 0x00, 0xdd, 0x56, 0x01, 0xeb,
  0xfd, 0x7e, 0x00, 0xfe, 0x20, 0xca, 0xbb, 0x4f, 0xe5, 0xcd, 0x4d, 0x00,
  0x21, 0x03, 0x00, 0xcd, 0x80, 0x43, 0xe1, 0x23, 0xfd, 0x23, 0x3a, 0x3d,
  0xe5, 0x3c, 0xfe, 0x1a, 0x32, 0x3d, 0xe5, 0xc2, 0xa8, 0x4f, 0xdd, 0xe1,
  0x21, 0x3c, 0xe5, 0x34, 0x7e, 0xfe, 0x09, 0xc2, 0x91, 0x4f, 0x21, 0xc0,
  0x05, 0xcd, 0x80, 0x43, 0xcd, 0x27, 0x42, 0xc9, 0x21, 0x9e, 0x54, 0x11,
  0x00, 0x18, 0x01, 0x15, 0x00, 0xcd, 0x5c, 0x00, 0x21, 0x27, 0x18, 0x3e,
  0x30, 0xcd, 0x4d, 0x00, 0x21, 0x32, 0x18, 0x3e, 0x30, 0xcd, 0x4d, 0x00,
  0x3e, 0x00, 0x32, 0x44, 0xe5, 0xcd, 0xb9, 0x53, 0xc9, 0x54, 0x48, 0x45,
  0x20, 0x45, 0x52, 0x41, 0x20, 0x41, 0x4e, 0x44, 0x20, 0x54, 0x49, 0x4d,
  0x45, 0x20, 0x4f, 0x46, 0x20, 0x20, 0x20, 0x20, 0x20, 0x20, 0x20, 0x54,
  0x48, 0x49, 0x53, 0x20, 0x53, 0x54, 0x4f, 0x52, 0x59, 0x20, 0x49, 0x53,
  0x20, 0x55, 0x4e, 0x4b, 0x4e, 0x4f, 0x57, 0x4e, 0x2e, 0x20, 0x20, 0x20,
  0x20, 0x41, 0x46, 0x54, 0x45, 0x52, 0x20, 0x54, 0x48, 0x45, 0x20, 0x4d,
  0x4f, 0x54, 0x48, 0x45, 0x52, 0x53, 0x48, 0x49, 0x50, 0x20, 0x20, 0x20,
  0x20, 0x20, 0x20, 0x22, 0x41, 0x52, 0x4b, 0x41, 0x4e, 0x4f, 0x49, 0x44,
  0x22, 0x20, 0x57, 0x41, 0x53, 0x20, 0x44, 0x45, 0x53, 0x54, 0x52, 0x4f,
  0x59, 0x45, 0x44, 0x2c, 0x20, 0x41, 0x20, 0x53, 0x50, 0x41, 0x43, 0x45,
  0x43, 0x52, 0x41, 0x46, 0x54, 0x20, 0x22, 0x56, 0x41, 0x55, 0x53, 0x22,
  0x20, 0x20, 0x20, 0x20, 0x20, 0x20, 0x20, 0x53, 0x43, 0x52, 0x41, 0x4d,
  0x42, 0x4c, 0x45, 0x44, 0x20, 0x41, 0x57, 0x41, 0x59, 0x20, 0x46, 0x52,
  0x4f, 0x4d, 0x20, 0x49, 0x54, 0x2e, 0x20, 0x20, 0x20, 0x42, 0x55, 0x54,
  0x20, 0x4f, 0x4e, 0x4c, 0x59, 0x20, 0x54, 0x4f, 0x20, 0x42, 0x45, 0x20,
  0x20, 0x20, 0x20, 0x20, 0x20, 0x20, 0x20, 0x20, 0x20, 0x20, 0x20, 0x54,
  0x52, 0x41, 0x50, 0x50, 0x45, 0x44, 0x20, 0x49, 0x4e, 0x20, 0x53, 0x50,
  0x41, 0x43, 0x45, 0x20, 0x57, 0x41, 0x52, 0x50, 0x45, 0x44, 0x20, 0x20,
  0x20, 0x42, 0x59, 0x20, 0x53, 0x4f, 0x4d, 0x45, 0x4f, 0x4e, 0x45, 0x2e,
  0x2e, 0x2e, 0x2e, 0x2e, 0x2e, 0x20, 0x20, 0x20, 0x20, 0x20, 0x20, 0x20,
  0x20, 0x20, 0x20, 0x43, 0x18, 0x83, 0x18, 0xe3, 0x18, 0x23, 0x19, 0x63,
  0x19, 0xa3, 0x19, 0x03, 0x1a, 0x43, 0x1a, 0x83, 0x1a, 0x21, 0x44, 0x51,
  0x11, 0x4c, 0x19, 0x01, 0x05, 0x00, 0xcd, 0x5c, 0x00, 0x3a, 0x1c, 0xe0,
  0xc6, 0x01, 0x27, 0x5f, 0xd5, 0xcb, 0x3f, 0xcb, 0x3f, 0xcb, 0x3f, 0xcb,
  0x3f, 0xc6, 0x30, 0xfe, 0x30, 0xc2, 0x31, 0x51, 0xd1, 0x7b, 0xe6, 0x0f,
  0xc6, 0x30, 0x21, 0x52, 0x19, 0xcd, 0x4d, 0x00, 0xc9, 0x21, 0x52, 0x19,
  0xcd, 0x4d, 0x00, 0xd1, 0x7b, 0xe6, 0x0f, 0xc6, 0x30, 0x21, 0x53, 0x19,
  0xcd, 0x4d, 0x00, 0xc9, 0x52, 0x4f, 0x55, 0x4e, 0x44, 0xae, 0x50, 0x08,
  0x08, 0xae, 0x60, 0x04, 0x0e, 0xae, 0x70, 0x0c, 0x08, 0xae, 0x80, 0x01,
  0x00, 0x80, 0x54, 0x64, 0x0f, 0x80, 0x64, 0x68, 0x0f, 0x80, 0x74, 0x6c,
  0x0f, 0x3a, 0x1b, 0xe0, 0xe6, 0x03, 0x6f, 0x26, 0x00, 0x29, 0x11, 0x15,
  0x58, 0x19, 0x5e, 0x23, 0x56, 0xeb, 0x11, 0x00, 0x3e, 0x01, 0x00, 0x01,
  0xcd, 0x5c, 0x00, 0xc9, 0x3e, 0x00, 0x32, 0x6f, 0xe5, 0x06, 0x0c, 0xfd,
  0x21, 0x69, 0x18, 0x5f, 0xcb, 0x23, 0x16, 0x00, 0x21, 0xb8, 0x51, 0x19,
  0x5e, 0x23, 0x56, 0xeb, 0xfd, 0xe5, 0xd1, 0xc5, 0x01, 0x08, 0x00, 0xcd,
  0x5c, 0x00, 0x3a, 0x6f, 0xe5, 0x3c, 0xfe, 0x0c, 0x20, 0x02, 0x3e, 0x00,
  0x32, 0x6f, 0xe5, 0x11, 0x20, 0x00, 0xfd, 0x19, 0xc1, 0x10, 0xd4, 0xc9,
  0xd0, 0x51, 0xd8, 0x51, 0xe0, 0x51, 0xe8, 0x51, 0xf0, 0x51, 0xf8, 0x51,
  0x00, 0x52, 0x08, 0x52, 0x10, 0x52, 0x18, 0x52, 0x20, 0x52, 0x28, 0x52,
  0x90, 0x91, 0x92, 0x93, 0x94, 0x95, 0x96, 0x97, 0x98, 0x99, 0x9a, 0x9b,
  0x9c, 0x9d, 0x9e, 0x9f, 0xa0, 0xa1, 0xa2, 0xa3, 0xa4, 0xa5, 0xa6, 0xa7,
  0xa8, 0xa9, 0xaa, 0xab, 0xac, 0xad, 0xae, 0xaf, 0xb0, 0xb1, 0xb2, 0xb3,
  0xb4, 0xb5, 0xb6, 0xb7, 0xb8, 0xb9, 0xba, 0xbb, 0xbc, 0xbd, 0xbe, 0xbf,
  0xc0, 0xc1, 0xc2, 0xc3, 0xc4, 0xc5, 0xc6, 0xc7, 0xc8, 0xc9, 0xca, 0xcb,
  0xcc, 0xcd, 0xce, 0xcf, 0xd0, 0xd1, 0xd2, 0xd3, 0xd4, 0xd5, 0xd6, 0xd7,
  0xd8, 0xd9, 0xda, 0xdb, 0xdc, 0xdd, 0xde, 0xdf, 0xe0, 0xe1, 0xe2, 0xe3,
  0xe4, 0xe5, 0xe6, 0xe7, 0xe8, 0xe9, 0xea, 0xeb, 0xec, 0xed, 0xee, 0xef,
  0x21, 0x71, 0x52, 0x01, 0x18, 0x00, 0x11, 0x01, 0x18, 0xcd, 0x5c, 0x00,
  0x06, 0x17, 0x11, 0x20, 0x00, 0x21, 0x21, 0x18, 0xdd, 0x21, 0x89, 0x52,
  0xdd, 0x7e, 0x00, 0xcd, 0x4d, 0x00, 0x19, 0xdd, 0x23, 0xdd, 0x7e, 0x00,
  0x10, 0xf5, 0x06, 0x17, 0x11, 0x20, 0x00, 0x21, 0x38, 0x18, 0xdd, 0x21,
  0x89, 0x52, 0xdd, 0x7e, 0x00, 0xcd, 0x4d, 0x00, 0x19, 0xdd, 0x23, 0xdd,
  0x7e, 0x00, 0x10, 0xf5, 0xc9, 0x02, 0x0c, 0x0c, 0x0c, 0x08, 0x09, 0x0a,
  0x0b, 0x0c, 0x0c, 0x0c, 0x0c, 0x0c, 0x0c, 0x0c, 0x0c, 0x08, 0x09, 0x0a,
  0x0b, 0x0c, 0x0c, 0x0c, 0x0d, 0x03, 0x04, 0x05, 0x06, 0x07, 0x03, 0x04,
  0x05, 0x06, 0x07, 0x03, 0x04, 0x05, 0x06, 0x07, 0x03, 0x04, 0x05, 0x06,
  0x07, 0x03, 0x04, 0x05, 0xe5, 0xc5, 0xd5, 0xf5, 0xdd, 0xe5, 0xfd, 0xe5,
  0x21, 0x00, 0x00, 0x5f, 0x16, 0x00, 0x19, 0x19, 0x19, 0x11, 0x63, 0x53,
  0x19, 0xe5, 0xdd, 0xe1, 0x3a, 0x0b, 0xe0, 0xfe, 0x00, 0xca, 0x10, 0x53,
  0xfe, 0x03, 0xca, 0xce, 0x52, 0x21, 0x15, 0xe0, 0xcd, 0x8a, 0x53, 0xc3,
  0xd7, 0x52, 0x21, 0x18, 0xe0, 0xcd, 0x8a, 0x53, 0xc3, 0xd7, 0x52, 0xfd,
  0x21, 0x07, 0xe0, 0x3a, 0xa2, 0xe5, 0xfd, 0xbe, 0x02, 0xca, 0xea, 0x52,
  0xda, 0x0d, 0x53, 0xc3, 0x02, 0x53, 0x3a, 0xa1, 0xe5, 0xfd, 0xbe, 0x01,
  0xca, 0xf9, 0x52, 0xda, 0x0d, 0x53, 0xc3, 0x02, 0x53, 0x3a, 0xa0, 0xe5,
  0xfd, 0xbe, 0x00, 0xda, 0x0d, 0x53, 0x11, 0x07, 0xe0, 0x21, 0xa0, 0xe5,
  0x01, 0x03, 0x00, 0xed, 0xb0, 0xcd, 0x19, 0x53, 0xfd, 0xe1, 0xdd, 0xe1,
  0xf1, 0xd1, 0xc1, 0xe1, 0xc9, 0x21, 0x17, 0xe0, 0x3a, 0x20, 0xe0, 0xbe,
  0xda, 0x36, 0x53, 0xc0, 0x2b, 0x3a, 0x1f, 0xe0, 0xbe, 0xda, 0x36, 0x53,
  0xc0, 0x2b, 0x3a, 0x1e, 0xe0, 0xbe, 0xda, 0x36, 0x53, 0xc0, 0x21, 0x1d,
  0xe0, 0x34, 0xcd, 0xb9, 0x71, 0x3e, 0xc5, 0xcd, 0xef, 0x5b, 0x21, 0x21,
  0xe0, 0x34, 0x1e, 0x40, 0x7e, 0xfe, 0x01, 0xca, 0x50, 0x53, 0x1e, 0x60,
  0x3a, 0x1f, 0xe0, 0x83, 0x27, 0x32, 0x1f, 0xe0, 0xd0, 0x3a, 0x20, 0xe0,
  0xc6, 0x01, 0x27, 0x32, 0x20, 0xe0, 0xc9, 0x05, 0x00, 0x00, 0x06, 0x00,
  0x00, 0x07, 0x00, 0x00, 0x08, 0x00, 0x00, 0x09, 0x00, 0x00, 0x10, 0x00,
  0x00, 0x11, 0x00, 0x00, 0x12, 0x00, 0x00, 0x40, 0x00, 0x00, 0x60, 0x00,
  0x00, 0x80, 0x00, 0x00, 0x00, 0x01, 0x00, 0x00, 0x10, 0x00, 0x11, 0xa0,
  0xe5, 0x01, 0x03, 0x00, 0xed, 0xb0, 0x3a, 0xa0, 0xe5, 0xdd, 0x86, 0x00,
  0x27, 0x32, 0xa0, 0xe5, 0x3a, 0xa1, 0xe5, 0xdd, 0x8e, 0x01, 0x27, 0x32,
  0xa1, 0xe5, 0x3a, 0xa2, 0xe5, 0xdd, 0x8e, 0x02, 0x27, 0x32, 0xa2, 0xe5,
  0xeb, 0x2b, 0x1b, 0x01, 0x03, 0x00, 0xed, 0xb8, 0xc9, 0x21, 0x8e, 0xe5,
  0x11, 0x15, 0xe0, 0xcd, 0x20, 0x54, 0x21, 0x8e, 0xe5, 0xcd, 0x31, 0x54,
  0x21, 0x94, 0xe5, 0x11, 0x18, 0xe0, 0xcd, 0x20, 0x54, 0x21, 0x94, 0xe5,
  0xcd, 0x31, 0x54, 0x21, 0x9a, 0xe5, 0x11, 0x07, 0xe0, 0xcd, 0x20, 0x54,
  0x21, 0x9a, 0xe5, 0xcd, 0x31, 0x54, 0x3a, 0x44, 0xe5, 0xfe, 0x01, 0xca,
  0x07, 0x54, 0x21, 0x8e, 0xe5, 0x11, 0x21, 0x18, 0x01, 0x06, 0x00, 0xcd,
  0x5c, 0x00, 0x21, 0x9a, 0xe5, 0x11, 0x2c, 0x18, 0x01, 0x06, 0x00, 0xcd,
  0x5c, 0x00, 0xc9, 0x21, 0x8e, 0xe5, 0x11, 0xf9, 0x18, 0x01, 0x06, 0x00,
  0xcd, 0x5c, 0x00, 0x21, 0x9a, 0xe5, 0x11, 0x79, 0x18, 0x01, 0x06, 0x00,
  0xcd, 0x5c, 0x00, 0xc9, 0x06, 0x03, 0x13, 0x13, 0x1a, 0x77, 0x3e, 0x33,
  0xed, 0x67, 0x23, 0x77, 0x23, 0x1b, 0x10, 0xf4, 0xc9, 0x06, 0x05, 0x7e,
  0xfe, 0x30, 0xc0, 0x3e, 0x20, 0x77, 0x23, 0x10, 0xf6, 0xc9, 0x00, 0x00,
  0x00, 0x00, 0x00, 0x00, 0x00, 0x00, 0x00, 0x04, 0x07, 0x0a, 0x0d, 0x10,
  0x13, 0x16, 0x19, 0x1c, 0x1f, 0x23, 0x26, 0x29, 0x5c, 0x60, 0x00, 0x00,
  0x00, 0x00, 0x00, 0x00, 0x00, 0x00, 0x00, 0x00, 0x00, 0x00, 0x00, 0x00,
  0x00, 0x00, 0x02, 0x05, 0x08, 0x0b, 0x0e, 0x11, 0x14, 0x17, 0x1a, 0x1d,
  0x01, 0x24, 0x27, 0x2a, 0x5d, 0x61, 0x00, 0x00, 0x00, 0x00, 0x00, 0x00,
  0x00, 0x00, 0x00, 0x00, 0x00, 0x00, 0x00, 0x00, 0x00, 0x00, 0x03, 0x06,
  0x09, 0x0c, 0x0f, 0x12, 0x15, 0x18, 0x1b, 0x1e, 0x21, 0x25, 0x28, 0x5b,
  0x5e, 0x62, 0x00, 0x00, 0x00, 0x00, 0x00, 0x00, 0x00, 0x00, 0x20, 0x20,
  0x20, 0x3a, 0x3b, 0x3c, 0x3d, 0x3e, 0x20, 0x20, 0x20, 0x2b, 0x2f, 0x3f,
  0x2b, 0x20, 0x3a, 0x3b, 0x3c, 0x3d, 0x3e, 0x50, 0x55, 0x53, 0x48, 0x20,
  0x53, 0x54, 0x41, 0x52, 0x54, 0x20, 0x42, 0x55, 0x54, 0x54, 0x4f, 0x4e,
  0x31, 0x20, 0x50, 0x4c, 0x41, 0x59, 0x45, 0x52, 0x20, 0x20, 0x20, 0x47,
  0x41, 0x4d, 0x45, 0x20, 0x53, 0x54, 0x41, 0x52, 0x54, 0x20, 0x20, 0x20,
  0x20, 0x20, 0x40, 0x20, 0x54, 0x41, 0x49, 0x54, 0x4f, 0x20, 0x49, 0x4d,
  0x41, 0x47, 0x49, 0x4e, 0x45, 0x20, 0x4c, 0x54, 0x44, 0x20, 0x31, 0x39,
  0x38, 0x36, 0x41, 0x4c, 0x4c, 0x20, 0x52, 0x49, 0x47, 0x48, 0x54, 0x53,
  0x20, 0x52, 0x45, 0x53, 0x45, 0x52, 0x56, 0x45, 0x44, 0x63, 0x65, 0x67,
  0x69, 0x6b, 0x6d, 0x6f, 0x71, 0x73, 0x75, 0x77, 0x64, 0x66, 0x68, 0x6a,
  0x6c, 0x6e, 0x70, 0x72, 0x74, 0x76, 0x78, 0x2b, 0x2f, 0x3f, 0x2b, 0x3a,
  0x3b, 0x3c, 0x3d, 0x3e, 0x3a, 0x3b, 0x3c, 0x3d, 0x3e, 0x35, 0x55, 0xb5,
  0x55, 0x35, 0x56, 0xb5, 0x56, 0xe0, 0x8f, 0x0f, 0x1e, 0x1e, 0x3d, 0x30,
  0x7d, 0x3d, 0x4d, 0x70, 0xb8, 0xb0, 0xd0, 0x40, 0x80, 0xe0, 0x8f, 0x0f,
  0x1e, 0x1e, 0x3d, 0x30, 0x7d, 0x3d, 0x4d, 0x70, 0xb8, 0xb0, 0xd0, 0x40,
  0x80, 0x7d, 0x7d, 0x70, 0xb8, 0xb0, 0xd0, 0x40, 0x80, 0xe0, 0x8f, 0x0f,
  0x1e, 0x1e, 0x3d, 0x30, 0x4d, 0x7d, 0x7d, 0x70, 0xb8, 0xb0, 0xd0, 0x40,
  0x80, 0xe0, 0x8f, 0x0f, 0x1e, 0x1e, 0x3d, 0x30, 0x4d, 0xe0, 0x8f, 0x0f,
  0x1e, 0x1e, 0x3d, 0x30, 0x7d, 0x3d, 0x4d, 0x70, 0xb8, 0xb0, 0xd0, 0x40,
  0x80, 0xe0, 0x8f, 0x0f, 0x1e, 0x1e, 0x3d, 0x30, 0x7d, 0x3d, 0x4d, 0x70,
  0xb8, 0xb0, 0xd0, 0x40, 0x80, 0x7d, 0x7d, 0x70, 0xb8, 0xb0, 0xd0, 0x40,
  0x80, 0xe0, 0x8f, 0x0f, 0x1e, 0x1e, 0x3d, 0x30, 0x4d, 0x7d, 0x7d, 0x70,
  0xb8, 0xb0, 0xd0, 0x40, 0x80, 0xe0, 0x8f, 0x0f, 0x1e, 0x1e, 0x3d, 0x30,
  0x4d, 0xe4, 0x24, 0x13, 0x11, 0x61, 0x33, 0x0f, 0xc8, 0xc7, 0xcf, 0x81,
  0x38, 0x3c, 0x98, 0xc1, 0x43, 0x09, 0xe1, 0x98, 0x84, 0xe7, 0x9c, 0x10,
  0x23, 0x93, 0x90, 0xe0, 0x06, 0x18, 0x09, 0x03, 0xe1, 0x30, 0x13, 0x1d,
  0x88, 0xce, 0xc8, 0xc8, 0x8e, 0x0f, 0x0c, 0x80, 0xe7, 0x24, 0x24, 0xe2,
  0x31, 0xc4, 0xc8, 0x90, 0x90, 0x93, 0x4c, 0x48, 0x98, 0x18, 0x04, 0x62,
  0x11, 0x89, 0x48, 0x48, 0xcf, 0x10, 0x19, 0x86, 0x44, 0x39, 0x24, 0xc4,
  0x48, 0x10, 0x88, 0x48, 0x5c, 0xe3, 0xe2, 0x72, 0x47, 0x86, 0x9e, 0x62,
  0x63, 0x96, 0x18, 0x20, 0x43, 0x72, 0x22, 0x27, 0xfc, 0x04, 0x02, 0xf3,
  0x1c, 0x28, 0x31, 0x21, 0x22, 0xcc, 0x04, 0x04, 0xe4, 0xc4, 0x24, 0x28,
  0x34, 0x23, 0x22, 0x44, 0xcc, 0xc4, 0x88, 0x91, 0xe3, 0xc4, 0x48, 0x78,
  0x89, 0x08, 0xfe, 0x03, 0x01, 0x89, 0x4e, 0x92, 0x93, 0x82, 0x9e, 0x90,
  0x92, 0x92, 0x90, 0x9f, 0x80, 0x15, 0x15, 0x35, 0x15, 0x15, 0x15, 0xfc,
  0x00, 0xff, 0x00, 0x00, 0x00, 0x00, 0xff, 0x00, 0x00, 0xff, 0x00, 0x00,
  0x00, 0x00, 0xf0, 0x10, 0x10, 0x9f, 0x90, 0x97, 0x94, 0x94, 0x97, 0x90,
  0x9f, 0xff, 0x00, 0x80, 0x80, 0x80, 0x80, 0x00, 0x80, 0xff, 0x01, 0x01,
  0x01, 0x01, 0x01, 0x01, 0x71, 0x10, 0x10, 0x10, 0x10, 0x10, 0x10, 0x10,
  0x1f, 0x00, 0x00, 0xfe, 0x02, 0x02, 0x02, 0x02, 0xfe, 0x80, 0x81, 0x81,
  0x81, 0x94, 0x94, 0x80, 0xff, 0x89, 0x05, 0x05, 0x05, 0x89, 0x71, 0x01,
  0xff, 0x00, 0x00, 0x1f, 0x10, 0x10, 0x10, 0x10, 0x1f, 0x00, 0xff, 0x00,
  0x00, 0x00, 0x00, 0xff, 0x02, 0x00, 0xfe, 0x02, 0x02, 0x02, 0x02, 0xfe,
  0x14, 0x00, 0xff, 0x81, 0xff, 0x10, 0x10, 0x1f, 0x00, 0x00, 0x1f, 0x10,
  0x10, 0x10, 0x10, 0xff, 0x00, 0x05, 0x05, 0x05, 0x05, 0x05, 0x05, 0x04,
  0x05, 0x04, 0x07, 0x04, 0x04, 0x04, 0xfc, 0x00, 0xa8, 0x10, 0xd0, 0x1f,
  0x00, 0x00, 0x00, 0x1f, 0x00, 0x50, 0x50, 0xd0, 0x50, 0x50, 0x50, 0xd0,
  0x50, 0x05, 0x05, 0x04, 0xfc, 0x00, 0xb6, 0x00, 0xff, 0x38, 0xa8, 0x00,
  0x00, 0x03, 0x08, 0x00, 0x90, 0x00, 0x1f, 0x00, 0x00, 0x80, 0x20, 0x00,
  0x13, 0x50, 0xd0, 0x10, 0x1f, 0x00, 0x1d, 0x14, 0x97, 0x00, 0x00, 0x07,
  0x05, 0x04, 0x04, 0x04, 0x04, 0x90, 0x40, 0x48, 0x23, 0x98, 0x45, 0x31,
  0x0d, 0x12, 0x04, 0x25, 0x89, 0x32, 0xc4, 0x18, 0xe0, 0x94, 0x9c, 0x00,
  0x5c, 0x54, 0xd4, 0x54, 0x5c, 0x04, 0x04, 0x04, 0xfc, 0x00, 0x1f, 0x11,
  0x1f, 0x04, 0x05, 0x05, 0x05, 0x01, 0x07, 0x04, 0x07, 0x05, 0xdd, 0x55,
  0x77, 0x00, 0xc0, 0x40, 0xc0, 0x40, 0x5c, 0x40, 0x5f, 0x50, 0x50, 0x50,
  0x50, 0x17, 0xff, 0xa0, 0x2f, 0xff, 0x08, 0x7f, 0x61, 0x40, 0x70, 0x50,
  0xd0, 0xd1, 0x10, 0xf1, 0x51, 0x1a, 0x74, 0xa4, 0x00, 0xff, 0x00, 0x6d,
  0x6d, 0xac, 0x97, 0x92, 0x00, 0xff, 0x00, 0xdb, 0xdb, 0x6f, 0x3f, 0xc8,
  0x0f, 0x00, 0x0a, 0x00, 0xc0, 0xd1, 0x50, 0x51, 0xc0, 0x00, 0x80, 0x01,
  0x02, 0x6d, 0x00, 0xaf, 0x20, 0x2f, 0xa0, 0x2f, 0x2f, 0xdb, 0x00, 0xaf,
  0x20, 0xa0, 0x20, 0xa0, 0xaf, 0x00, 0x47, 0x40, 0x47, 0x07, 0xc0, 0x07,
  0x87, 0x04, 0xd3, 0x14, 0xd0, 0xd7, 0x10, 0xd4, 0xd3, 0xa0, 0x2f, 0x2f,
  0x2f, 0xa0, 0x2f, 0x2f, 0x2f, 0x20, 0xab, 0xab, 0xab, 0x20, 0xaf, 0xa0,
  0xa2, 0x00, 0xf5, 0x15, 0xf7, 0x00, 0x37, 0x05, 0xf5, 0x14, 0x42, 0x51,
  0x58, 0x48, 0x4a, 0x7a, 0xc0, 0xa0, 0x2f, 0x2f, 0xa0, 0x2f, 0x20, 0x2f,
  0x00, 0x27, 0xac, 0xa2, 0x2b, 0xa8, 0x23, 0xa8, 0x03, 0xbd, 0x57, 0xd3,
  0x57, 0xe9, 0x57, 0xff, 0x57, 0x72, 0x73, 0x70, 0x71, 0x72, 0x73, 0x70,
  0x71, 0x72, 0x73, 0x70, 0x71, 0x72, 0x73, 0x70, 0x71, 0x72, 0x73, 0x70,
  0x71, 0x72, 0x73, 0x76, 0x77, 0x74, 0x75, 0x76, 0x77, 0x74, 0x75, 0x76,
  0x77, 0x74, 0x75, 0x76, 0x77, 0x74, 0x75, 0x76, 0x77, 0x74, 0x75, 0x76,
  0x77, 0x7a, 0x7b, 0x78, 0x79, 0x7a, 0x7b, 0x78, 0x79, 0x7a, 0x7b, 0x78,
  0x79, 0x7a, 0x7b, 0x78, 0x79, 0x7a, 0x7b, 0x78, 0x79, 0x7a, 0x7b, 0x7e,
  0x7f, 0x7c, 0x7d, 0x7e, 0x7f, 0x7c, 0x7d, 0x7e, 0x7f, 0x7c, 0x7d, 0x7e,
  0x7f, 0x7c, 0x7d, 0x7e, 0x7f, 0x7c, 0x7d, 0x7e, 0x7f, 0x1d, 0x58, 0x1d,
  0x59, 0xfd, 0x59, 0xbd, 0x5a, 0x01, 0x03, 0x03, 0x07, 0x07, 0x0f, 0x0f,
  0x07, 0x18, 0x1f, 0x2f, 0x70, 0x7f, 0x3f, 0x0f, 0x00, 0x00, 0x80, 0x80,
  0xc0, 0xc0, 0xe0, 0xe0, 0xc0, 0x30, 0xf0, 0xe8, 0x1c, 0xfc, 0xf8, 0xe0,
  0x00, 0x06, 0x07, 0x07, 0x07, 0x07, 0x07, 0x07, 0x03, 0x1c, 0x3f, 0x7f,
  0x3c, 0x43, 0x7f, 0x3f, 0x00, 0x00, 0x00, 0x80, 0xc0, 0xe0, 0xe0, 0xe0,
  0x80, 0x60, 0xd8, 0xbc, 0x7c, 0xf8, 0xe0, 0x00, 0x00, 0x18, 0x1e, 0x1f,
  0x0f, 0x0f, 0x0f, 0x07, 0x06, 0x00, 0x03, 0x1f, 0x7f, 0x7f, 0x7c, 0x60,
  0x00, 0x00, 0x00, 0x80, 0xc0, 0xf0, 0xe0, 0x80, 0x00, 0x70, 0xf8, 0xfc,
  0xf0, 0x80, 0x00, 0x00, 0x00, 0x06, 0x07, 0x07, 0x07, 0x07, 0x04, 0x00,
  0x03, 0x1f, 0x3e, 0x71, 0x4f, 0x3f, 0x7f, 0x3f, 0x00, 0x00, 0x00, 0x80,
  0xc0, 0x00, 0xe0, 0x20, 0xc0, 0xf0, 0x00, 0xf8, 0xfc, 0xf8, 0xe0, 0x00,
  0x00, 0x01, 0x03, 0x03, 0x07, 0x00, 0x07, 0x00, 0x0f, 0x10, 0x0f, 0x3f,
  0x7f, 0x7f, 0x3f, 0x0f, 0x00, 0x00, 0x80, 0x80, 0xc0, 0x00, 0xc0, 0x00,
  0xe0, 0x10, 0xe0, 0xf8, 0xfc, 0xfc, 0xf8, 0xe0, 0x00, 0x00, 0x00, 0x01,
  0x03, 0x00, 0x07, 0x04, 0x03, 0x0f, 0x00, 0x1f, 0x3f, 0x1f, 0x07, 0x00,
  0x00, 0x60, 0xe0, 0xe0, 0xe0, 0xe0, 0x20, 0x00, 0xc0, 0xf8, 0x7c, 0x8e,
  0xf2, 0xfc, 0xfe, 0xfc, 0x00, 0x00, 0x00, 0x01, 0x03, 0x0f, 0x07, 0x01,
  0x00, 0x0e, 0x1f, 0x3f, 0x0f, 0x01, 0x00, 0x00, 0x00, 0x18, 0x78, 0xf8,
  0xf0, 0xf0, 0xf0, 0xe0, 0x60, 0x00, 0xc0, 0xf8, 0xfe, 0xfe, 0x3e, 0x06,
  0x00, 0x00, 0x00, 0x01, 0x03, 0x07, 0x07, 0x07, 0x01, 0x06, 0x1b, 0x3d,
  0x3e, 0x1f, 0x07, 0x00, 0x00, 0x60, 0xe0, 0xe0, 0xe0, 0xe0, 0xe0, 0xe0,
  0xc0, 0x38, 0xfc, 0xfe, 0x3c, 0xc2, 0xfe, 0xfc, 0x00, 0x01, 0x01, 0x03,
  0x02, 0x06, 0x04, 0x0d, 0x09, 0x18, 0x13, 0x3c, 0x33, 0x00, 0x00, 0x00,
  0x00, 0x00, 0x00, 0x80, 0xc0, 0x50, 0x68, 0xac, 0xb6, 0xc3, 0x1c, 0xf0,
  0x00, 0x00, 0x00, 0x00, 0x00, 0x00, 0x00, 0x00, 0x03, 0x0e, 0x38, 0xe1,
  0x61, 0x38, 0x0c, 0x07, 0x01, 0x00, 0x00, 0x00, 0x00, 0x00, 0x00, 0xc0,
  0xd8, 0x5c, 0x4c, 0xc8, 0xd8, 0x50, 0x50, 0x40, 0xc0, 0xc0, 0x00, 0x00,
  0x00, 0x00, 0x00, 0x38, 0x2f, 0x31, 0x10, 0x11, 0x11, 0x18, 0x09, 0x0b,
  0x0c, 0x0a, 0x00, 0x00, 0x00, 0x00, 0x00, 0x00, 0x00, 0xe0, 0x3c, 0x8e,
  0xb8, 0x63, 0xc7, 0x3c, 0xe0, 0x00, 0x00, 0x00, 0x00, 0x01, 0x01, 0x03,
  0x06, 0x04, 0x0c, 0x19, 0x11, 0x30, 0x60, 0x7f, 0x00, 0x00, 0x00, 0x00,
  0x00, 0x00, 0x00, 0x80, 0xc0, 0x40, 0x60, 0xb0, 0x90, 0x18, 0x0c, 0xfc,
  0x00, 0x00, 0x00, 0x00, 0x00, 0x00, 0x00, 0x01, 0x03, 0x0a, 0x16, 0x35,
  0x6d, 0xc3, 0x38, 0x0f, 0x00, 0x00, 0x00, 0x00, 0x00, 0x80, 0x80, 0xc0,
  0x40, 0x60, 0x20, 0xb0, 0x90, 0x18, 0xc8, 0x3c, 0xcc, 0x00, 0x00, 0x00,
  0x00, 0x00, 0x00, 0x03, 0x1b, 0x3a, 0x32, 0x13, 0x1b, 0x0a, 0x0a, 0x02,
  0x03, 0x03, 0x00, 0x00, 0x00, 0x00, 0x00, 0x00, 0xc0, 0x70, 0x1c, 0x87,
  0x86, 0x1c, 0x30, 0xe0, 0x80, 0x00, 0x00, 0x00, 0x00, 0x00, 0x00, 0x00,
  0x00, 0x07, 0x3c, 0x71, 0x1d, 0xc6, 0xe3, 0x3c, 0x07, 0x00, 0x00, 0x00,
  0x00, 0x00, 0x00, 0x1c, 0xf4, 0x8c, 0x08, 0x88, 0x88, 0x18, 0x90, 0xd0,
  0x30, 0x50, 0x00, 0x00, 0x00, 0x00, 0x03, 0x07, 0x0f, 0x0f, 0x01, 0x1e,
  0x3f, 0x7f, 0x7e, 0x7c, 0x21, 0x1e, 0x00, 0x00, 0x00, 0x00, 0xc0, 0xe0,
  0xf0, 0xd0, 0x90, 0x28, 0x5c, 0xbe, 0xba, 0xb2, 0x04, 0x78, 0x00, 0x00,
  0x00, 0x00, 0x00, 0x01, 0x03, 0x07, 0x07, 0x00, 0x0f, 0x1f, 0x3f, 0x3f,
  0x3e, 0x10, 0x0f, 0x00, 0x00, 0x00, 0x00, 0xe0, 0xf0, 0xf8, 0xe8, 0xc8,
  0x10, 0xa0, 0xc0, 0x40, 0x40, 0x80, 0x00, 0x00, 0x00, 0x00, 0x00, 0x00,
  0x1e, 0x3e, 0x7d, 0x7d, 0x7c, 0x23, 0x17, 0x0f, 0x0f, 0x0f, 0x04, 0x03,
  0x00, 0x00, 0x00, 0x00, 0x78, 0xfc, 0xfe, 0xfa, 0x32, 0xc4, 0xe8, 0xf0,
  0xd0, 0x90, 0x20, 0xc0, 0x00, 0x00, 0x00, 0x00, 0x1e, 0x3f, 0x7f, 0x7e,
  0x7c, 0x21, 0x1e, 0x01, 0x0f, 0x0f, 0x04, 0x03, 0x00, 0x00, 0x00, 0x00,
  0x78, 0x7c, 0xbe, 0xba, 0xb2, 0x04, 0xe8, 0xf0, 0xd0, 0x90, 0x20, 0xc0,
  0x00, 0x00, 0x00, 0x0f, 0x1f, 0x3f, 0x3f, 0x3e, 0x10, 0x0f, 0x00, 0x07,
  0x07, 0x02, 0x01, 0x00, 0x00, 0x00, 0x00, 0x00, 0x80, 0xc0, 0x40, 0x40,
  0xa0, 0x70, 0xf8, 0xe8, 0xc8, 0x10, 0xe0, 0x00, 0x00, 0x00, 0x03, 0x07,
  0x0f, 0x0f, 0x0f, 0x14, 0x3b, 0x7c, 0x7d, 0x7d, 0x20, 0x1e, 0x00, 0x00,
  0x00, 0x00, 0xc0, 0xe0, 0xf0, 0xd0, 0x90, 0x28, 0xdc, 0x3e, 0xfa, 0xf2,
  0x84, 0x78, 0x00, 0x00, 0x00, 0x02, 0x07, 0x0f, 0x1f, 0x3f, 0x7f, 0xff,
  0xff, 0x3f, 0x1f, 0x07, 0x03, 0x00, 0x00, 0x00, 0x00, 0x00, 0x80, 0xc0,
  0xf0, 0xf8, 0xfe, 0xfe, 0xfc, 0xf8, 0xf0, 0xe0, 0xc0, 0x80, 0x00, 0x00,
  0x00, 0x00, 0x03, 0x0f, 0x3f, 0x7c, 0x73, 0x4f, 0x3f, 0x7f, 0x3f, 0x1f,
  0x0f, 0x07, 0x02, 0x00, 0x00, 0x80, 0xa0, 0xb0, 0x38, 0xdc, 0xee, 0xf6,
  0xfa, 0xfc, 0xfe, 0xf8, 0xe0, 0x80, 0x00, 0x00, 0x00, 0x00, 0x07, 0x0f,
  0x1f, 0x3f, 0x7e, 0x01, 0x7e, 0x3f, 0x1f, 0x0f, 0x07, 0x00, 0x00, 0x00,
  0x00, 0x00, 0xe0, 0xd0, 0xb8, 0x7c, 0xfe, 0xff, 0xfe, 0x7c, 0xb8, 0xd0,
  0xe0, 0x00, 0x00, 0x00, 0x00, 0x02, 0x07, 0x0f, 0x1f, 0x3f, 0x7f, 0xfe,
  0xfd, 0x3b, 0x17, 0x07, 0x03, 0x00, 0x00, 0x00, 0x00, 0x00, 0x80, 0xc0,
  0xd0, 0xb8, 0x7e, 0xfe, 0xfc, 0xf8, 0xf0, 0xe0, 0xc0, 0x80, 0x00, 0x00,
  0x00, 0x02, 0x07, 0x0f, 0x1f, 0x3f, 0x7f, 0x3f, 0x4f, 0x73, 0x7c, 0x3f,
  0x0f, 0x03, 0x00, 0x00, 0x00, 0x00, 0x80, 0xe0, 0xf8, 0xfe, 0xfc, 0xfa,
  0xf6, 0xee, 0xdc, 0x38, 0xb0, 0xa0, 0x80, 0x00, 0x00, 0x00, 0x03, 0x0f,
  0x1f, 0x3f, 0x3f, 0x7f, 0x7f, 0x7f, 0x3c, 0x1f, 0x0f, 0x01, 0x00, 0x00,
  0x00, 0x00, 0x80, 0xe0, 0xf8, 0xfc, 0xfc, 0xfa, 0xf6, 0xce, 0x3c, 0xf8,
  0xf0, 0xc0, 0x00, 0x00, 0x00, 0x00, 0x07, 0x1f, 0x3f, 0x3f, 0x7f, 0x7f,
  0x7f, 0x3f, 0x3f, 0x18, 0x07, 0x00, 0x00, 0x00, 0x00, 0x00, 0xe0, 0xf0,
  0xf8, 0xf8, 0xfc, 0xf4, 0xe4, 0xc8, 0x18, 0x30, 0xc0, 0x00, 0x00, 0x00,
  0x00, 0x00, 0x07, 0x0b, 0x1d, 0x3e, 0x7f, 0xff, 0x7f, 0x3e, 0x1d, 0x0b,
  0x07, 0x00, 0x00, 0x00, 0x00, 0x00, 0xe0, 0xf0, 0xf8, 0xfc, 0x7e, 0x80,
  0x7e, 0xfc, 0xf8, 0xf0, 0xe0, 0x00, 0x00, 0x00, 0x00, 0x06, 0x03, 0xfd,
  0x21, 0x80, 0x23, 0x0e, 0x81, 0x3a, 0x1b, 0xe0, 0xfe, 0x20, 0xca, 0xd7,
  0x5b, 0xe6, 0x03, 0x5f, 0x16, 0x00, 0x21, 0xeb, 0x5b, 0x19, 0x4e, 0x79,
  0xfd, 0xe5, 0xe1, 0xc5, 0x01, 0x80, 0x00, 0xcd, 0x56, 0x00, 0xc1, 0x11,
  0x00, 0x08, 0xfd, 0x19, 0x10, 0xd9, 0xc9, 0x41, 0xc2, 0x41, 0x81, 0xe5,
  0xd5, 0xc5, 0x4f, 0x3a, 0x19, 0xe5, 0xb7, 0xc2, 0x11, 0x5c, 0x3a, 0x1e,
  0xe5, 0x5f, 0x16, 0x00, 0x21, 0x20, 0xe5, 0x19, 0x71, 0x21, 0x1e, 0xe5,
  0x34, 0x7e, 0xfe, 0x08, 0xc2, 0x11, 0x5c, 0x36, 0x07, 0xc1, 0xd1, 0xe1,
  0xc9, 0xcd, 0x9d, 0x5d, 0x3a, 0x22, 0xe0, 0xfe, 0x02, 0xca, 0x45, 0x5c,
  0x21, 0x00, 0x5d, 0x3a, 0x1b, 0xe0, 0x5f, 0x16, 0x00, 0x19, 0x7e, 0x32,
  0x38, 0xe0, 0x21, 0x39, 0xe0, 0x11, 0x3a, 0xe0, 0x3a, 0x1b, 0xe0, 0xcb,
  0x3f, 0xcb, 0x3f, 0xcb, 0x3f, 0x3c, 0x3c, 0x77, 0x01, 0x83, 0x00, 0xed,
  0xb0, 0xdd, 0x21, 0x6e, 0xe3, 0x11, 0x2f, 0x5e, 0x3a, 0x1b, 0xe0, 0x6f,
  0x26, 0x00, 0x29, 0x19, 0x5e, 0x23, 0x56, 0xd5, 0xfd, 0xe1, 0x11, 0xef,
  0x5d, 0x3a, 0x1b, 0xe0, 0x6f, 0x26, 0x00, 0x29, 0x19, 0x5e, 0x23, 0x56,
  0xeb, 0x3a, 0x22, 0xe0, 0xfe, 0x02, 0xc2, 0x74, 0x5c, 0x21, 0x27, 0xe0,
  0x06, 0x11, 0xaf, 0x32, 0x89, 0xe4, 0xaf, 0x32, 0x8a, 0xe4, 0x0e, 0x08,
  0x7e, 0x07, 0xed, 0x5b, 0x86, 0xe4, 0x30, 0x05, 0xcd, 0x58, 0x5d, 0x18,
  0x39, 0xe5, 0xf5, 0xdd, 0x23, 0xdd, 0xe5, 0xd5, 0x11, 0xef, 0x5d, 0x3a,
  0x1b, 0xe0, 0x6f, 0x26, 0x00, 0x29, 0x19, 0x5e, 0x23, 0x56, 0xd5, 0xdd,
  0xe1, 0x3a, 0x8a, 0xe4, 0x5f, 0x16, 0x00, 0xdd, 0x19, 0x3a, 0x89, 0xe4,
  0x07, 0x5f, 0x16, 0x00, 0x21, 0xf0, 0x5c, 0x19, 0x5e, 0x23, 0x56, 0xeb,
  0xe9, 0x28, 0x02, 0xfd, 0x23, 0xd1, 0xdd, 0xe1, 0xf1, 0xe1, 0x13, 0x13,
  0xed, 0x53, 0x86, 0xe4, 0xdd, 0x23, 0x0d, 0xf5, 0x3a, 0x89, 0xe4, 0x3c,
  0xe6, 0x07, 0x32, 0x89, 0xe4, 0xf1, 0x20, 0xa5, 0x23, 0xf5, 0x3a, 0x8a,
  0xe4, 0x3c, 0x32, 0x8a, 0xe4, 0xf1, 0x10, 0x96, 0x11, 0x00, 0x00, 0xed,
  0x53, 0x86, 0xe4, 0xc9, 0x20, 0x5d, 0x27, 0x5d, 0x2e, 0x5d, 0x35, 0x5d,
  0x3c, 0x5d, 0x43, 0x5d, 0x4a, 0x5d, 0x51, 0x5d, 0x42, 0x42, 0x2a, 0x50,
  0x3f, 0x33, 0x36, 0x07, 0x16, 0x19, 0x31, 0x08, 0x38, 0x42, 0x71, 0x32,
  0x2f, 0x2c, 0x2b, 0x14, 0x0c, 0x40, 0x2f, 0x35, 0x24, 0x0a, 0x42, 0x2d,
  0x4c, 0x37, 0x38, 0x1a, 0xdd, 0xcb, 0x00, 0x7e, 0xc3, 0xbd, 0x5c, 0xdd,
  0xcb, 0x00, 0x76, 0xc3, 0xbd, 0x5c, 0xdd, 0xcb, 0x00, 0x6e, 0xc3, 0xbd,
  0x5c, 0xdd, 0xcb, 0x00, 0x66, 0xc3, 0xbd, 0x5c, 0xdd, 0xcb, 0x00, 0x5e,
  0xc3, 0xbd, 0x5c, 0xdd, 0xcb, 0x00, 0x56, 0xc3, 0xbd, 0x5c, 0xdd, 0xcb,
  0x00, 0x4e, 0xc3, 0xbd, 0x5c, 0xdd, 0xcb, 0x00, 0x46, 0xc3, 0xbd, 0x5c,
  0xf5, 0xc5, 0xd5, 0xe5, 0xfd, 0x7e, 0x00, 0x6f, 0x26, 0x00, 0x29, 0x11,
  0xdb, 0x5d, 0x19, 0x7e, 0xdd, 0x77, 0x00, 0x23, 0xdd, 0x23, 0x7e, 0xdd,
  0x77, 0x00, 0xfd, 0x23, 0xe1, 0xd1, 0xc1, 0xf1, 0xc9, 0x21, 0x6e, 0xe3,
  0x11, 0x62, 0x18, 0xdd, 0x2e, 0x0c, 0xfd, 0x21, 0x20, 0x00, 0x01, 0x16,
  0x00, 0xd5, 0xe5, 0xc5, 0xcd, 0x5c, 0x00, 0xc1, 0xe1, 0x09, 0xd1, 0xfd,
  0x19, 0xfd, 0xe5, 0xd1, 0xdd, 0x2d, 0x20, 0xe6, 0xc9, 0xaf, 0x32, 0x3c,
  0xe5, 0xdd, 0x21, 0x6e, 0xe3, 0xaf, 0x32, 0x3d, 0xe5, 0x3a, 0x3c, 0xe5,
  0xe6, 0x03, 0x6f, 0x26, 0x00, 0x29, 0x29, 0x11, 0x98, 0xad, 0x19, 0x3a,
  0x3d, 0xe5, 0xe6, 0x03, 0x5f, 0x16, 0x00, 0x19, 0x7e, 0xdd, 0x77, 0x00,
  0xdd, 0x23, 0x21, 0x3d, 0xe5, 0x34, 0x7e, 0xfe, 0x16, 0xc2, 0xa9, 0x5d,
  0x21, 0x3c, 0xe5, 0x34, 0x7e, 0xfe, 0x0c, 0xc2, 0xa5, 0x5d, 0xc9, 0x23,
  0x24, 0x25, 0x26, 0x27, 0x28, 0x29, 0x5b, 0x5c, 0x5d, 0x5e, 0x60, 0x61,
  0x62, 0x63, 0x64, 0x65, 0x66, 0x67, 0x68, 0x15, 0x66, 0x26, 0x66, 0x37,
  0x66, 0x48, 0x66, 0x59, 0x66, 0x6a, 0x66, 0x7b, 0x66, 0x8c, 0x66, 0x9d,
  0x66, 0xae, 0x66, 0xbf, 0x66, 0xd0, 0x66, 0xe1, 0x66, 0xf2, 0x66, 0x03,
  0x67, 0x14, 0x67, 0x25, 0x67, 0x36, 0x67, 0x47, 0x67, 0x58, 0x67, 0x69,
  0x67, 0x7a, 0x67, 0x8b, 0x67, 0x9c, 0x67, 0xad, 0x67, 0xbe, 0x67, 0xcf,
  0x67, 0xe0, 0x67, 0xf1, 0x67, 0x02, 0x68, 0x13, 0x68, 0x24, 0x68, 0x6f,
  0x5e, 0xb1, 0x5e, 0xf3, 0x5e, 0x35, 0x5f, 0x85, 0x5f, 0xc4, 0x5f, 0xfd,
  0x5f, 0x33, 0x60, 0x52, 0x60, 0x7a, 0x60, 0xaf, 0x60, 0xe0, 0x60, 0x1a,
  0x61, 0x52, 0x61, 0x9a, 0x61, 0x13, 0x62, 0x4a, 0x62, 0x7f, 0x62, 0xc7,
  0x62, 0x06, 0x63, 0x3c, 0x63, 0x74, 0x63, 0xc4, 0x63, 0xf3, 0x63, 0x28,
  0x64, 0x69, 0x64, 0x83, 0x64, 0xc5, 0x64, 0x05, 0x65, 0x69, 0x65, 0xa5,
  0x65, 0xdd, 0x65, 0x08, 0x08, 0x08, 0x08, 0x08, 0x08, 0x08, 0x08, 0x08,
  0x08, 0x08, 0x04, 0x04, 0x04, 0x04, 0x04, 0x04, 0x04, 0x04, 0x04, 0x04,
  0x04, 0x07, 0x07, 0x07, 0x07, 0x07, 0x07, 0x07, 0x07, 0x07, 0x07, 0x07,
  0x05, 0x05, 0x05, 0x05, 0x05, 0x05, 0x05, 0x05, 0x05, 0x05, 0x05, 0x06,
  0x06, 0x06, 0x06, 0x06, 0x06, 0x06, 0x06, 0x06, 0x06, 0x06, 0x03, 0x03,
  0x03, 0x03, 0x03, 0x03, 0x03, 0x03, 0x03, 0x03, 0x03, 0x00, 0x00, 0x01,
  0x00, 0x01, 0x02, 0x00, 0x01, 0x02, 0x03, 0x00, 0x01, 0x02, 0x03, 0x04,
  0x00, 0x01, 0x02, 0x03, 0x04, 0x05, 0x00, 0x01, 0x02, 0x03, 0x04, 0x05,
  0x06, 0x00, 0x01, 0x02, 0x03, 0x04, 0x05, 0x06, 0x07, 0x00, 0x01, 0x02,
  0x03, 0x04, 0x05, 0x06, 0x07, 0x00, 0x00, 0x01, 0x02, 0x03, 0x04, 0x05,
  0x06, 0x07, 0x00, 0x01, 0x08, 0x08, 0x08, 0x08, 0x08, 0x08, 0x08, 0x08,
  0x08, 0x08, 0x02, 0x04, 0x04, 0x04, 0x04, 0x04, 0x04, 0x04, 0x04, 0x04,
  0x04, 0x04, 0x09, 0x09, 0x09, 0x09, 0x09, 0x09, 0x09, 0x09, 0x00, 0x00,
  0x00, 0x06, 0x06, 0x06, 0x06, 0x06, 0x06, 0x06, 0x06, 0x06, 0x06, 0x06,
  0x05, 0x05, 0x05, 0x09, 0x09, 0x09, 0x09, 0x09, 0x09, 0x09, 0x09, 0x02,
  0x02, 0x02, 0x02, 0x02, 0x02, 0x02, 0x02, 0x02, 0x02, 0x02, 0x09, 0x09,
  0x09, 0x09, 0x09, 0x09, 0x09, 0x09, 0x02, 0x02, 0x02, 0x08, 0x05, 0x06,
  0x07, 0x01, 0x02, 0x03, 0x08, 0x05, 0x06, 0x07, 0x00, 0x02, 0x03, 0x08,
  0x05, 0x06, 0x07, 0x00, 0x01, 0x03, 0x08, 0x05, 0x06, 0x07, 0x00, 0x01,
  0x02, 0x08, 0x05, 0x06, 0x07, 0x00, 0x01, 0x02, 0x03, 0x05, 0x06, 0x07,
  0x00, 0x01, 0x02, 0x03, 0x08, 0x06, 0x07, 0x00, 0x01, 0x02, 0x03, 0x08,
  0x05, 0x07, 0x00, 0x01, 0x02, 0x03, 0x08, 0x05, 0x06, 0x00, 0x01, 0x02,
  0x03, 0x08, 0x05, 0x06, 0x07, 0x01, 0x02, 0x03, 0x08, 0x05, 0x06, 0x07,
  0x00, 0x02, 0x03, 0x08, 0x05, 0x07, 0x07, 0x07, 0x07, 0x08, 0x08, 0x08,
  0x08, 0x08, 0x08, 0x08, 0x08, 0x08, 0x08, 0x08, 0x08, 0x04, 0x08, 0x04,
  0x08, 0x08, 0x08, 0x08, 0x04, 0x08, 0x04, 0x08, 0x08, 0x08, 0x08, 0x08,
  0x08, 0x08, 0x08, 0x08, 0x08, 0x08, 0x08, 0x08, 0x08, 0x08, 0x08, 0x08,
  0x08, 0x08, 0x08, 0x08, 0x08, 0x08, 0x08, 0x08, 0x08, 0x08, 0x08, 0x08,
  0x08, 0x08, 0x08, 0x08, 0x08, 0x08, 0x08, 0x08, 0x05, 0x04, 0x03, 0x03,
  0x04, 0x05, 0x05, 0x04, 0x03, 0x03, 0x04, 0x05, 0x05, 0x04, 0x03, 0x03,
  0x04, 0x05, 0x05, 0x09, 0x01, 0x09, 0x01, 0x09, 0x01, 0x09, 0x05, 0x05,
  0x04, 0x03, 0x03, 0x04, 0x05, 0x05, 0x04, 0x03, 0x03, 0x04, 0x05, 0x05,
  0x04, 0x03, 0x03, 0x04, 0x05, 0x01, 0x01, 0x09, 0x09, 0x01, 0x01, 0x05,
  0x04, 0x03, 0x03, 0x04, 0x05, 0x05, 0x06, 0x00, 0x05, 0x06, 0x00, 0x07,
  0x06, 0x06, 0x00, 0x07, 0x06, 0x05, 0x06, 0x00, 0x07, 0x06, 0x05, 0x04,
  0x03, 0x00, 0x07, 0x06, 0x05, 0x04, 0x03, 0x02, 0x07, 0x06, 0x05, 0x04,
  0x03, 0x02, 0x01, 0x06, 0x05, 0x04, 0x03, 0x02, 0x01, 0x00, 0x04, 0x03,
  0x02, 0x01, 0x00, 0x03, 0x02, 0x01, 0x00, 0x07, 0x01, 0x00, 0x07, 0x09,
  0x09, 0x09, 0x09, 0x09, 0x09, 0x09, 0x09, 0x00, 0x09, 0x01, 0x09, 0x09,
  0x02, 0x09, 0x03, 0x09, 0x04, 0x09, 0x09, 0x05, 0x09, 0x06, 0x09, 0x09,
  0x09, 0x09, 0x09, 0x09, 0x09, 0x09, 0x09, 0x09, 0x09, 0x09, 0x09, 0x03,
  0x09, 0x09, 0x03, 0x09, 0x09, 0x02, 0x09, 0x09, 0x02, 0x09, 0x09, 0x09,
  0x09, 0x09, 0x09, 0x09, 0x06, 0x00, 0x07, 0x06, 0x01, 0x07, 0x06, 0x02,
  0x07, 0x06, 0x03, 0x07, 0x06, 0x04, 0x07, 0x06, 0x05, 0x07, 0x09, 0x09,
  0x09, 0x09, 0x09, 0x09, 0x09, 0x09, 0x09, 0x09, 0x09, 0x05, 0x09, 0x05,
  0x02, 0x05, 0x09, 0x05, 0x02, 0x00, 0x02, 0x05, 0x09, 0x05, 0x02, 0x00,
  0x08, 0x00, 0x02, 0x05, 0x09, 0x05, 0x02, 0x00, 0x02, 0x05, 0x09, 0x05,
  0x02, 0x05, 0x09, 0x05, 0x09, 0x09, 0x09, 0x09, 0x09, 0x09, 0x09, 0x09,
  0x09, 0x09, 0x09, 0x08, 0x08, 0x08, 0x08, 0x08, 0x08, 0x08, 0x08, 0x08,
  0x08, 0x08, 0x08, 0x08, 0x08, 0x08, 0x08, 0x08, 0x08, 0x08, 0x08, 0x08,
  0x08, 0x08, 0x08, 0x08, 0x08, 0x08, 0x08, 0x08, 0x08, 0x08, 0x08, 0x08,
  0x08, 0x08, 0x08, 0x08, 0x08, 0x08, 0x08, 0x08, 0x08, 0x08, 0x08, 0x08,
  0x08, 0x08, 0x08, 0x08, 0x09, 0x09, 0x09, 0x09, 0x09, 0x09, 0x09, 0x09,
  0x09, 0x09, 0x09, 0x09, 0x09, 0x06, 0x09, 0x00, 0x09, 0x09, 0x09, 0x09,
  0x09, 0x09, 0x09, 0x09, 0x03, 0x09, 0x09, 0x09, 0x01, 0x09, 0x09, 0x05,
  0x09, 0x09, 0x09, 0x04, 0x09, 0x09, 0x09, 0x09, 0x09, 0x09, 0x09, 0x02,
  0x09, 0x09, 0x09, 0x07, 0x09, 0x09, 0x09, 0x09, 0x09, 0x09, 0x09, 0x09,
  0x09, 0x09, 0x07, 0x07, 0x00, 0x00, 0x00, 0x07, 0x07, 0x06, 0x06, 0x01,
  0x01, 0x01, 0x06, 0x06, 0x05, 0x05, 0x02, 0x02, 0x02, 0x05, 0x05, 0x04,
  0x04, 0x03, 0x03, 0x03, 0x04, 0x04, 0x03, 0x03, 0x04, 0x04, 0x04, 0x03,
  0x03, 0x02, 0x02, 0x05, 0x05, 0x05, 0x02, 0x02, 0x01, 0x01, 0x06, 0x06,
  0x06, 0x01, 0x01, 0x00, 0x00, 0x07, 0x07, 0x07, 0x00, 0x00, 0x02, 0x08,
  0x08, 0x08, 0x08, 0x08, 0x08, 0x08, 0x08, 0x08, 0x02, 0x09, 0x09, 0x05,
  0x05, 0x05, 0x05, 0x05, 0x05, 0x05, 0x05, 0x05, 0x05, 0x05, 0x01, 0x08,
  0x08, 0x08, 0x08, 0x08, 0x08, 0x08, 0x08, 0x08, 0x01, 0x09, 0x09, 0x00,
  0x00, 0x00, 0x00, 0x00, 0x00, 0x00, 0x00, 0x00, 0x00, 0x00, 0x02, 0x08,
  0x08, 0x08, 0x08, 0x08, 0x08, 0x08, 0x08, 0x08, 0x02, 0x09, 0x09, 0x04,
  0x04, 0x04, 0x04, 0x04, 0x04, 0x04, 0x04, 0x04, 0x04, 0x04, 0x02, 0x09,
  0x02, 0x02, 0x02, 0x02, 0x02, 0x02, 0x02, 0x09, 0x02, 0x02, 0x00, 0x09,
  0x02, 0x02, 0x02, 0x02, 0x02, 0x09, 0x00, 0x02, 0x02, 0x00, 0x07, 0x09,
  0x02, 0x00, 0x02, 0x09, 0x03, 0x00, 0x02, 0x02, 0x00, 0x07, 0x07, 0x09,
  0x00, 0x09, 0x03, 0x03, 0x00, 0x02, 0x02, 0x00, 0x07, 0x07, 0x07, 0x00,
  0x03, 0x03, 0x03, 0x00, 0x02, 0x02, 0x00, 0x07, 0x07, 0x07, 0x00, 0x03,
  0x03, 0x03, 0x00, 0x02, 0x02, 0x00, 0x07, 0x07, 0x07, 0x00, 0x03, 0x03,
  0x03, 0x00, 0x02, 0x02, 0x08, 0x07, 0x07, 0x07, 0x00, 0x03, 0x03, 0x03,
  0x08, 0x02, 0x02, 0x02, 0x08, 0x07, 0x07, 0x00, 0x03, 0x03, 0x08, 0x02,
  0x02, 0x02, 0x02, 0x02, 0x08, 0x07, 0x00, 0x03, 0x08, 0x02, 0x02, 0x02,
  0x02, 0x02, 0x02, 0x02, 0x08, 0x00, 0x08, 0x02, 0x02, 0x02, 0x02, 0x09,
  0x01, 0x01, 0x01, 0x01, 0x01, 0x01, 0x09, 0x01, 0x01, 0x01, 0x07, 0x07,
  0x07, 0x07, 0x01, 0x07, 0x07, 0x09, 0x07, 0x07, 0x07, 0x03, 0x03, 0x03,
  0x03, 0x07, 0x03, 0x03, 0x09, 0x03, 0x03, 0x03, 0x04, 0x04, 0x04, 0x04,
  0x03, 0x04, 0x04, 0x09, 0x04, 0x04, 0x04, 0x05, 0x05, 0x05, 0x05, 0x04,
  0x05, 0x05, 0x05, 0x05, 0x05, 0x05, 0x08, 0x05, 0x05, 0x08, 0x03, 0x03,
  0x05, 0x05, 0x00, 0x00, 0x00, 0x03, 0x03, 0x05, 0x05, 0x00, 0x00, 0x00,
  0x00, 0x00, 0x03, 0x03, 0x05, 0x05, 0x00, 0x00, 0x00, 0x00, 0x00, 0x03,
  0x03, 0x05, 0x05, 0x00, 0x00, 0x00, 0x00, 0x00, 0x03, 0x03, 0x08, 0x08,
  0x08, 0x08, 0x08, 0x08, 0x08, 0x09, 0x09, 0x09, 0x09, 0x09, 0x09, 0x01,
  0x09, 0x07, 0x07, 0x07, 0x07, 0x07, 0x09, 0x01, 0x01, 0x09, 0x09, 0x07,
  0x07, 0x07, 0x09, 0x09, 0x01, 0x01, 0x09, 0x09, 0x07, 0x09, 0x09, 0x01,
  0x01, 0x09, 0x03, 0x08, 0x03, 0x09, 0x01, 0x01, 0x09, 0x03, 0x03, 0x09,
  0x01, 0x01, 0x09, 0x03, 0x03, 0x09, 0x01, 0x01, 0x09, 0x03, 0x03, 0x09,
  0x01, 0x01, 0x09, 0x03, 0x03, 0x09, 0x01, 0x01, 0x09, 0x03, 0x03, 0x09,
  0x01, 0x01, 0x09, 0x09, 0x09, 0x03, 0x03, 0x09, 0x09, 0x09, 0x01, 0x09,
  0x09, 0x09, 0x09, 0x09, 0x09, 0x09, 0x03, 0x04, 0x05, 0x09, 0x05, 0x04,
  0x03, 0x03, 0x04, 0x05, 0x09, 0x05, 0x04, 0x03, 0x03, 0x04, 0x05, 0x09,
  0x05, 0x04, 0x03, 0x03, 0x04, 0x05, 0x07, 0x05, 0x04, 0x03, 0x03, 0x04,
  0x05, 0x09, 0x05, 0x04, 0x03, 0x03, 0x04, 0x05, 0x09, 0x05, 0x04, 0x03,
  0x03, 0x04, 0x05, 0x09, 0x05, 0x04, 0x03, 0x09, 0x09, 0x09, 0x09, 0x09,
  0x09, 0x09, 0x00, 0x09, 0x01, 0x09, 0x02, 0x09, 0x03, 0x09, 0x04, 0x09,
  0x05, 0x06, 0x09, 0x08, 0x09, 0x08, 0x09, 0x08, 0x09, 0x08, 0x09, 0x07,
  0x06, 0x09, 0x09, 0x06, 0x09, 0x09, 0x09, 0x09, 0x09, 0x09, 0x06, 0x09,
  0x09, 0x09, 0x09, 0x09, 0x09, 0x06, 0x09, 0x06, 0x09, 0x09, 0x06, 0x09,
  0x09, 0x09, 0x06, 0x09, 0x09, 0x09, 0x06, 0x09, 0x09, 0x01, 0x01, 0x01,
  0x01, 0x01, 0x01, 0x01, 0x09, 0x09, 0x09, 0x09, 0x09, 0x09, 0x09, 0x09,
  0x09, 0x09, 0x09, 0x09, 0x09, 0x09, 0x09, 0x09, 0x03, 0x09, 0x09, 0x09,
  0x09, 0x05, 0x09, 0x09, 0x09, 0x09, 0x09, 0x09, 0x09, 0x09, 0x02, 0x02,
  0x02, 0x09, 0x09, 0x09, 0x09, 0x09, 0x09, 0x09, 0x09, 0x09, 0x09, 0x09,
  0x09, 0x09, 0x09, 0x09, 0x07, 0x07, 0x07, 0x07, 0x07, 0x07, 0x07, 0x07,
  0x07, 0x07, 0x07, 0x07, 0x07, 0x07, 0x07, 0x07, 0x07, 0x07, 0x07, 0x07,
  0x07, 0x07, 0x04, 0x09, 0x09, 0x04, 0x04, 0x04, 0x09, 0x09, 0x04, 0x04,
  0x09, 0x09, 0x04, 0x04, 0x04, 0x09, 0x09, 0x04, 0x04, 0x09, 0x09, 0x04,
  0x04, 0x04, 0x09, 0x09, 0x04, 0x04, 0x09, 0x09, 0x04, 0x04, 0x04, 0x09,
  0x09, 0x04, 0x00, 0x00, 0x00, 0x00, 0x00, 0x00, 0x00, 0x00, 0x00, 0x00,
  0x00, 0x00, 0x00, 0x00, 0x00, 0x00, 0x00, 0x00, 0x00, 0x00, 0x00, 0x00,
  0x02, 0x02, 0x02, 0x02, 0x02, 0x02, 0x02, 0x02, 0x02, 0x02, 0x02, 0x08,
  0x03, 0x08, 0x03, 0x08, 0x03, 0x08, 0x08, 0x08, 0x08, 0x08, 0x08, 0x08,
  0x04, 0x08, 0x04, 0x08, 0x04, 0x08, 0x08, 0x08, 0x08, 0x08, 0x08, 0x08,
  0x05, 0x08, 0x05, 0x08, 0x05, 0x08, 0x08, 0x08, 0x08, 0x08, 0x08, 0x00,
  0x00, 0x00, 0x00, 0x00, 0x00, 0x00, 0x00, 0x00, 0x00, 0x05, 0x00, 0x05,
  0x00, 0x05, 0x05, 0x05, 0x05, 0x05, 0x05, 0x05, 0x05, 0x05, 0x05, 0x05,
  0x05, 0x05, 0x05, 0x05, 0x05, 0x05, 0x05, 0x05, 0x05, 0x05, 0x05, 0x05,
  0x05, 0x05, 0x05, 0x05, 0x05, 0x05, 0x05, 0x05, 0x05, 0x05, 0x05, 0x05,
  0x05, 0x05, 0x05, 0x05, 0x03, 0x03, 0x03, 0x03, 0x03, 0x03, 0x03, 0x03,
  0x03, 0x03, 0x03, 0x05, 0x05, 0x05, 0x05, 0x05, 0x05, 0x05, 0x05, 0x05,
  0x05, 0x05, 0x09, 0x09, 0x09, 0x09, 0x08, 0x08, 0x08, 0x09, 0x09, 0x09,
  0x09, 0x09, 0x04, 0x04, 0x09, 0x09, 0x05, 0x05, 0x09, 0x09, 0x09, 0x09,
  0x09, 0x09, 0x09, 0x09, 0x09, 0x03, 0x03, 0x03, 0x09, 0x09, 0x09, 0x08,
  0x08, 0x09, 0x09, 0x09, 0x09, 0x09, 0x08, 0x08, 0x09, 0x09, 0x08, 0x08,
  0x09, 0x09, 0x09, 0x09, 0x02, 0x02, 0x09, 0x09, 0x05, 0x05, 0x05, 0x05,
  0x09, 0x09, 0x06, 0x06, 0x09, 0x09, 0x09, 0x09, 0x09, 0x09, 0x09, 0x08,
  0x08, 0x08, 0x08, 0x08, 0x08, 0x08, 0x08, 0x08, 0x08, 0x08, 0x07, 0x07,
  0x07, 0x07, 0x07, 0x07, 0x07, 0x07, 0x07, 0x07, 0x07, 0x08, 0x08, 0x08,
  0x08, 0x08, 0x08, 0x08, 0x08, 0x08, 0x08, 0x08, 0x08, 0x08, 0x08, 0x08,
  0x08, 0x08, 0x08, 0x08, 0x08, 0x08, 0x08, 0x04, 0x04, 0x04, 0x04, 0x04,
  0x04, 0x04, 0x04, 0x04, 0x04, 0x04, 0x08, 0x08, 0x08, 0x08, 0x08, 0x08,
  0x08, 0x08, 0x08, 0x08, 0x08, 0x05, 0x05, 0x05, 0x05, 0x05, 0x05, 0x05,
  0x05, 0x05, 0x05, 0x05, 0x05, 0x09, 0x09, 0x09, 0x06, 0x09, 0x06, 0x09,
  0x09, 0x09, 0x05, 0x05, 0x09, 0x09, 0x05, 0x05, 0x09, 0x06, 0x06, 0x09,
  0x05, 0x05, 0x09, 0x06, 0x06, 0x06, 0x06, 0x09, 0x05, 0x05, 0x09, 0x06,
  0x06, 0x06, 0x06, 0x09, 0x05, 0x05, 0x09, 0x06, 0x06, 0x06, 0x09, 0x05,
  0x05, 0x09, 0x06, 0x09, 0x05, 0x05, 0x06, 0x05, 0x05, 0x07, 0x07, 0x07,
  0x07, 0x09, 0x09, 0x07, 0x07, 0x07, 0x07, 0x06, 0x06, 0x06, 0x06, 0x09,
  0x09, 0x06, 0x06, 0x06, 0x06, 0x05, 0x05, 0x05, 0x05, 0x09, 0x09, 0x05,
  0x05, 0x05, 0x05, 0x09, 0x00, 0x00, 0x09, 0x09, 0x09, 0x09, 0x00, 0x00,
  0x09, 0x04, 0x04, 0x04, 0x04, 0x09, 0x09, 0x04, 0x04, 0x04, 0x04, 0x03,
  0x03, 0x03, 0x03, 0x09, 0x09, 0x03, 0x03, 0x03, 0x03, 0x08, 0x00, 0x00,
  0x08, 0x09, 0x09, 0x08, 0x00, 0x00, 0x08, 0x02, 0x02, 0x02, 0x02, 0x09,
  0x09, 0x02, 0x02, 0x02, 0x02, 0x01, 0x01, 0x01, 0x01, 0x09, 0x09, 0x01,
  0x01, 0x01, 0x01, 0x00, 0x00, 0x00, 0x00, 0x09, 0x09, 0x00, 0x00, 0x00,
  0x00, 0x05, 0x04, 0x05, 0x04, 0x03, 0x02, 0x05, 0x04, 0x03, 0x02, 0x01,
  0x00, 0x05, 0x04, 0x03, 0x02, 0x01, 0x00, 0x07, 0x06, 0x08, 0x04, 0x03,
  0x02, 0x01, 0x00, 0x07, 0x06, 0x05, 0x04, 0x09, 0x08, 0x02, 0x01, 0x00,
  0x07, 0x06, 0x05, 0x04, 0x03, 0x09, 0x08, 0x00, 0x07, 0x06, 0x05, 0x04,
  0x03, 0x09, 0x08, 0x06, 0x05, 0x04, 0x03, 0x09, 0x08, 0x04, 0x03, 0x09,
  0x08, 0x02, 0x03, 0x04, 0x05, 0x06, 0x07, 0x08, 0x08, 0x08, 0x08, 0x08,
  0x08, 0x06, 0x05, 0x04, 0x03, 0x02, 0x08, 0x08, 0x08, 0x08, 0x08, 0x01,
  0x02, 0x03, 0x04, 0x05, 0x06, 0x08, 0x08, 0x08, 0x08, 0x08, 0x08, 0x07,
  0x06, 0x05, 0x04, 0x03, 0x08, 0x08, 0x08, 0x08, 0x08, 0x00, 0x01, 0x02,
  0x03, 0x04, 0x05, 0x08, 0x08, 0x08, 0x08, 0x08, 0x08, 0x09, 0x09, 0x09,
  0x09, 0x09, 0x09, 0x09, 0x09, 0x09, 0x09, 0x09, 0x09, 0x09, 0x09, 0x09,
  0x04, 0x04, 0x09, 0x09, 0x09, 0x09, 0x09, 0x09, 0x05, 0x05, 0x05, 0x05,
  0x09, 0x09, 0x09, 0x09, 0x09, 0x06, 0x06, 0x06, 0x06, 0x06, 0x06, 0x09,
  0x09, 0x09, 0x09, 0x07, 0x07, 0x07, 0x07, 0x07, 0x07, 0x07, 0x08, 0x08,
  0x08, 0x08, 0x08, 0x08, 0x08, 0x00, 0x00, 0x03, 0xff, 0xff, 0xff, 0xff,
  0xff, 0xff, 0xff, 0xff, 0x00, 0x00, 0x00, 0x00, 0x00, 0x00, 0x80, 0x18,
  0x03, 0x80, 0x78, 0x0f, 0x81, 0xf8, 0x3f, 0x87, 0xf8, 0xff, 0x9f, 0xfb,
  0xff, 0x80, 0x00, 0x00, 0x1f, 0xfc, 0x00, 0x7f, 0xf0, 0x01, 0xff, 0xc0,
  0x07, 0xff, 0x00, 0x1f, 0xfc, 0x00, 0x7f, 0xf0, 0x00, 0x00, 0x01, 0xef,
  0x3d, 0xe7, 0xbc, 0xf7, 0x9e, 0xf3, 0xde, 0x7b, 0xcf, 0x79, 0xef, 0x3d,
  0xe0, 0x11, 0x01, 0x40, 0x7c, 0x0f, 0x83, 0xf8, 0x7f, 0x1f, 0xf3, 0xfe,
  0x5f, 0x4a, 0x29, 0x45, 0x05, 0x00, 0x00, 0x15, 0x56, 0xaa, 0xd5, 0x5b,
  0xfb, 0x55, 0x6a, 0xad, 0x55, 0xaa, 0xb5, 0x54, 0x00, 0x00, 0x00, 0x00,
  0x00, 0x00, 0x38, 0x0f, 0x81, 0xf0, 0x7f, 0x0f, 0xe1, 0xfc, 0x3f, 0x83,
  0xe0, 0x7c, 0x07, 0x00, 0x00, 0x09, 0x49, 0x83, 0x02, 0x00, 0xe0, 0x49,
  0x01, 0x01, 0x24, 0x0e, 0x00, 0x81, 0x83, 0x25, 0x20, 0x51, 0x4e, 0x39,
  0xc7, 0x38, 0xe0, 0x00, 0x1c, 0x03, 0x80, 0x70, 0x0e, 0x01, 0xc0, 0x38,
  0x00, 0x00, 0x7f, 0xe0, 0x01, 0x08, 0x23, 0x84, 0xf8, 0xbf, 0x93, 0xe2,
  0x38, 0x42, 0x08, 0x01, 0xff, 0x80, 0x00, 0x00, 0x00, 0x01, 0xff, 0x20,
  0x25, 0xf4, 0xa2, 0x95, 0x52, 0x8a, 0x5f, 0x48, 0x09, 0xff, 0x00, 0x00,
  0x00, 0x1f, 0xfc, 0x23, 0x34, 0x44, 0xa8, 0x9d, 0x16, 0xe2, 0x74, 0x4a,
  0x8c, 0x41, 0x08, 0xbf, 0xf0, 0x00, 0x00, 0x01, 0xbb, 0x37, 0x66, 0xec,
  0xdd, 0x9b, 0xb3, 0x76, 0x6e, 0xcd, 0xd8, 0x00, 0x00, 0x00, 0x00, 0x1f,
  0xfe, 0x00, 0xff, 0xf0, 0x01, 0xff, 0xe0, 0x0f, 0xff, 0x00, 0x1f, 0xfe,
  0x00, 0xff, 0xf0, 0x00, 0x1f, 0xff, 0xff, 0xff, 0xff, 0xff, 0xff, 0xff,
  0xff, 0xff, 0xff, 0xff, 0xff, 0xff, 0xff, 0xf0, 0x04, 0x03, 0x61, 0x93,
  0x4d, 0x96, 0x4d, 0x36, 0x59, 0x34, 0xd9, 0x64, 0xd3, 0x65, 0x83, 0x40,
  0x10, 0x04, 0x03, 0xe0, 0xfe, 0x3f, 0xe7, 0xfc, 0xff, 0x95, 0x50, 0x20,
  0x04, 0x02, 0x80, 0x70, 0x04, 0x00, 0xbf, 0xb7, 0xf6, 0xba, 0xd7, 0x5a,
  0xab, 0x55, 0x6a, 0xad, 0x55, 0xaa, 0xbf, 0x7c, 0x00, 0x00, 0x00, 0x00,
  0x07, 0xf0, 0xfe, 0x1f, 0xc3, 0xf8, 0x7f, 0x0f, 0xe1, 0xfc, 0x3f, 0x87,
  0xf0, 0x00, 0x00, 0x00, 0x00, 0x00, 0x03, 0xff, 0xff, 0xf2, 0x00, 0xba,
  0x95, 0xd2, 0xae, 0x02, 0x0b, 0xa8, 0xd4, 0x42, 0x00, 0x00, 0x0f, 0xf9,
  0x01, 0x2f, 0xa5, 0x14, 0xaa, 0x95, 0x52, 0x8a, 0x5f, 0x48, 0x09, 0x01,
  0x3f, 0xe0, 0x00, 0x1f, 0xff, 0xff, 0x80, 0x0d, 0xf7, 0xbe, 0xf7, 0xde,
  0xfb, 0x00, 0x1f, 0xff, 0xff, 0x80, 0x00, 0x00, 0x00, 0x03, 0xff, 0x80,
  0x03, 0x6c, 0x6d, 0x80, 0x03, 0x6c, 0x6d, 0x80, 0x03, 0x6c, 0x6d, 0x80,
  0x00, 0x00, 0x00, 0x00, 0x07, 0x00, 0xe0, 0x1c, 0x07, 0xc0, 0xf8, 0x3f,
  0x87, 0xf1, 0xff, 0x7f, 0xf0, 0x00, 0x00, 0x00, 0x00, 0x7f, 0xff, 0xff,
  0xff, 0xfc, 0x7c, 0x01, 0x80, 0x30, 0x06, 0x7c, 0xff, 0xf0, 0x00, 0x00,
  0x00, 0xf0, 0x21, 0x09, 0x91, 0x7a, 0x26, 0x42, 0x10, 0x3c, 0x00, 0x00,
  0x00, 0x00, 0x00, 0x00, 0x00, 0x00, 0x00, 0x00, 0x00, 0x01, 0xff, 0xff,
  0xff, 0xff, 0x00, 0x1f, 0xff, 0xff, 0xff, 0xf0, 0x00, 0x1f, 0xff, 0xff,
  0xe0, 0x3e, 0x0f, 0xe3, 0xde, 0xf1, 0xfc, 0x1f, 0x01, 0xc0, 0x10, 0x00,
  0x00, 0x00, 0x00, 0x03, 0xef, 0xfd, 0xff, 0xbf, 0xf7, 0xfe, 0xff, 0xdf,
  0xfb, 0xff, 0x7f, 0xef, 0xfd, 0xf0, 0x00, 0x00, 0x03, 0x00, 0x78, 0x0f,
  0xc1, 0xfe, 0x3f, 0xf3, 0xff, 0x1f, 0xe0, 0xfc, 0x07, 0x80, 0x30, 0x00,
  0x00, 0x02, 0xaa, 0xd5, 0x55, 0x54, 0xaa, 0xaa, 0xad, 0x55, 0x55, 0x4a,
  0xaa, 0xaa, 0xd5, 0x50, 0x00, 0x05, 0x50, 0xaa, 0x15, 0x42, 0xb8, 0x55,
  0x0b, 0xe1, 0x54, 0x3f, 0x85, 0x50, 0xfe, 0x1f, 0xc0, 0xcd, 0xc4, 0x68,
  0xcd, 0x39, 0x70, 0xcd, 0x3f, 0x68, 0xc9, 0x3a, 0x26, 0xe3, 0xb7, 0xc8,
  0x3a, 0x7c, 0xe5, 0xfe, 0x01, 0xca, 0x6f, 0x68, 0x06, 0x04, 0x21, 0xb8,
  0x68, 0xfd, 0x21, 0x98, 0x1a, 0xfd, 0xe5, 0xd1, 0xc5, 0xe5, 0x01, 0x01,
  0x00, 0xcd, 0x5c, 0x00, 0xe1, 0xc1, 0x11, 0x20, 0x00, 0xfd, 0x19, 0x23,
  0x10, 0xeb, 0x3e, 0x01, 0x32, 0x7c, 0xe5, 0x3a, 0x7b, 0xe5, 0xfe, 0x09,
  0x38, 0x04, 0x3e, 0x00, 0x18, 0x05, 0x3c, 0x32, 0x7b, 0xe5, 0xc9, 0x32,
  0x7b, 0xe5, 0x3a, 0x76, 0xe5, 0xfe, 0x00, 0xca, 0x8f, 0x68, 0x3e, 0x00,
  0xc3, 0x91, 0x68, 0x3e, 0x01, 0x32, 0x76, 0xe5, 0xcb, 0x27, 0xcb, 0x27,
  0x6f, 0x26, 0x00, 0x11, 0xbc, 0x68, 0x19, 0xe5, 0xdd, 0xe1, 0x06, 0x04,
  0x21, 0x98, 0x1a, 0xe5, 0xdd, 0x7e, 0x00, 0xcd, 0x4d, 0x00, 0xe1, 0x11,
  0x20, 0x00, 0x19, 0xdd, 0x23, 0x10, 0xf0, 0xc9, 0x16, 0x17, 0x18, 0x19,
  0x1a, 0x1b, 0x1c, 0x1d, 0x1e, 0x1f, 0x6d, 0x21, 0x3a, 0xa9, 0xe5, 0xfe,
  0x01, 0xca, 0xdc, 0x68, 0x21, 0xe7, 0x6f, 0x11, 0xcd, 0xe0, 0x01, 0x10,
  0x00, 0xed, 0xb0, 0x3e, 0x01, 0x32, 0xa9, 0xe5, 0xdd, 0x21, 0x4b, 0xe5,
  0xfd, 0x21, 0xcd, 0xe0, 0xdd, 0x7e, 0x00, 0xfe, 0x01, 0xca, 0x0f, 0x69,
  0xfe, 0x02, 0xca, 0x3e, 0x6c, 0xfe, 0x03, 0xca, 0x78, 0x6d, 0xfe, 0x04,
  0xca, 0x31, 0x6f, 0xfe, 0x05, 0xca, 0xce, 0x6c, 0xfe, 0x06, 0xca, 0x0e,
  0x6e, 0xfe, 0x07, 0xca, 0xdb, 0x6a, 0xdd, 0x36, 0x00, 0x01, 0xc0, 0x3a,
  0x0b, 0xe0, 0xb7, 0xc2, 0x24, 0x69, 0x3a, 0xf6, 0xe0, 0xd6, 0x10, 0xfd,
  0x77, 0x01, 0x32, 0x3e, 0xe5, 0xc3, 0x72, 0x69, 0x3a, 0x0c, 0xe0, 0xb7,
  0xc2, 0x46, 0x69, 0x3a, 0xbf, 0xe0, 0xe6, 0x0f, 0x6f, 0x26, 0x00, 0x29,
  0x11, 0xf7, 0x6f, 0x19, 0x23, 0x7e, 0xfd, 0x86, 0x01, 0xfd, 0x77, 0x01,
  0x32, 0x3e, 0xe5, 0xc3, 0x72, 0x69, 0x06, 0x08, 0x2a, 0xc1, 0xe0, 0x11,
  0xa0, 0x00, 0xaf, 0xed, 0x52, 0xda, 0x65, 0x69, 0x06, 0xb0, 0x11, 0x04,
  0x00, 0x19, 0x4d, 0x11, 0xb0, 0x00, 0xaf, 0xed, 0x52, 0xd2, 0x65, 0x69,
  0x41, 0xfd, 0x7e, 0x01, 0x32, 0x4a, 0xe5, 0x78, 0xfd, 0x77, 0x01, 0x32,
  0x3e, 0xe5, 0xdd, 0x7e, 0x05, 0xfe, 0x01, 0xca, 0x17, 0x6a, 0xfe, 0x02,
  0xca, 0xea, 0x69, 0x3a, 0x3e, 0xe5, 0xfe, 0x99, 0xda, 0xab, 0x69, 0xfe,
  0xe6, 0x30, 0x20, 0x3e, 0x98, 0x32, 0x3e, 0xe5, 0x3a, 0x26, 0xe3, 0xb7,
  0xca, 0xab, 0x69, 0xdd, 0x36, 0x00, 0x07, 0x3e, 0xc1, 0xcd, 0xef, 0x5b,
  0x3e, 0x0c, 0xcd, 0xa0, 0x52, 0xcd, 0x10, 0x97, 0xc3, 0xbc, 0x69, 0x3a,
  0x3e, 0xe5, 0xfe, 0xf0, 0xd2, 0xb7, 0x69, 0xfe, 0x09, 0x30, 0x05, 0x3e,
  0x08, 0x32, 0x3e, 0xe5, 0xdd, 0x7e, 0x06, 0xfe, 0x01, 0xca, 0xd6, 0x69,
  0x3a, 0x3e, 0xe5, 0x06, 0x04, 0xfd, 0x77, 0x01, 0xc6, 0x10, 0x11, 0x04,
  0x00, 0xfd, 0x19, 0x10, 0xf4, 0xc9, 0x3a, 0x3e, 0xe5, 0xfd, 0x77, 0x01,
  0xc6, 0x10, 0xfd, 0x77, 0x05, 0xfd, 0x77, 0x09, 0xc6, 0x10, 0xfd, 0x77,
  0x0d, 0xc9, 0x3a, 0x3e, 0xe5, 0xfe, 0x88, 0xda, 0xab, 0x69, 0xfe, 0xe6,
  0xd2, 0xab, 0x69, 0x3e, 0x88, 0x32, 0x3e, 0xe5, 0x3a, 0x26, 0xe3, 0xb7,
  0xca, 0xab, 0x69, 0xdd, 0x36, 0x00, 0x07, 0x3e, 0xc1, 0xcd, 0xef, 0x5b,
  0x3e, 0x0c, 0xcd, 0xa0, 0x52, 0xcd, 0x10, 0x97, 0xc3, 0xbc, 0x69, 0xdd,
  0x7e, 0x06, 0xb7, 0xc2, 0x5d, 0x6a, 0x3a, 0x3e, 0xe5, 0xfe, 0x83, 0xda,
  0x30, 0x6a, 0xfe, 0x9e, 0xd2, 0x30, 0x6a, 0x3e, 0x82, 0x32, 0x3e, 0xe5,
  0xfe, 0xfa, 0xd2, 0x3f, 0x6a, 0xfe, 0x09, 0xd2, 0x3f, 0x6a, 0x3e, 0x08,
  0x32, 0x3e, 0xe5, 0xdd, 0x7e, 0x06, 0xfe, 0x01, 0xca, 0x72, 0x6a, 0x3a,
  0x3e, 0xe5, 0xfd, 0x77, 0x01, 0xc6, 0x10, 0xfd, 0x77, 0x05, 0xc6, 0x08,
  0xfd, 0x77, 0x09, 0xc6, 0x08, 0xfd, 0x77, 0x0d, 0xc9, 0x3a, 0x3e, 0xe5,
  0xfe, 0x92, 0xda, 0x30, 0x6a, 0xfe, 0xc8, 0xd2, 0x30, 0x6a, 0x3e, 0xa0,
  0x32, 0x3e, 0xe5, 0xc3, 0x30, 0x6a, 0xdd, 0x7e, 0x07, 0xfe, 0x02, 0xca,
  0x9f, 0x6a, 0xfe, 0x03, 0xca, 0xb3, 0x6a, 0xfe, 0x04, 0xca, 0xc7, 0x6a,
  0xfe, 0x05, 0xca, 0x9e, 0x6a, 0x3a, 0x3e, 0xe5, 0xfd, 0x77, 0x01, 0xc6,
  0x0c, 0xfd, 0x77, 0x05, 0xc6, 0x0c, 0xfd, 0x77, 0x09, 0xc6, 0xfc, 0xfd,
  0x77, 0x0d, 0xc9, 0x3a, 0x3e, 0xe5, 0xfd, 0x77, 0x01, 0xc6, 0x06, 0xfd,
  0x77, 0x05, 0xfd, 0x77, 0x09, 0xc6, 0x06, 0xfd, 0x77, 0x0d, 0xc9, 0x3a,
  0x3e, 0xe5, 0xfd, 0x77, 0x01, 0xc6, 0x0c, 0xfd, 0x77, 0x05, 0xfd, 0x77,
  0x09, 0xc6, 0x0c, 0xfd, 0x77, 0x0d, 0xc9, 0x3a, 0x3e, 0xe5, 0xfd, 0x77,
  0x01, 0xc6, 0x08, 0xfd, 0x77, 0x05, 0xfd, 0x77, 0x09, 0xc6, 0x08, 0xfd,
  0x77, 0x0d, 0xc9, 0xdd, 0x21, 0x53, 0xe5, 0xdd, 0x34, 0x00, 0xdd, 0x7e,
  0x00, 0xfe, 0x0a, 0xc0, 0xdd, 0x36, 0x00, 0x00, 0xdd, 0x5e, 0x01, 0xcb,
  0x23, 0x16, 0x00, 0x3a, 0x51, 0xe5, 0xfe, 0x01, 0xca, 0x48, 0x6b, 0x3a,
  0x50, 0xe5, 0xfe, 0x00, 0xc2, 0x2c, 0x6b, 0x21, 0x64, 0x6b, 0x19, 0x5e,
  0x23, 0x56, 0xeb, 0x11, 0xcd, 0xe0, 0x01, 0x0c, 0x00, 0xed, 0xb0, 0xdd,
  0x34, 0x01, 0xdd, 0x7e, 0x01, 0xfe, 0x04, 0xc0, 0x3e, 0x00, 0x32, 0x4b,
  0xe5, 0x3e, 0x02, 0x32, 0x0a, 0xe0, 0x3e, 0x01, 0x32, 0x22, 0xe0, 0xc9,
  0x21, 0x9c, 0x6b, 0x19, 0x5e, 0x23, 0x56, 0xeb, 0x11, 0xcd, 0xe0, 0x01,
  0x10, 0x00, 0xed, 0xb0, 0xdd, 0x34, 0x01, 0xdd, 0x7e, 0x01, 0xfe, 0x05,
  0xc0, 0xc3, 0x1c, 0x6b, 0x21, 0xf6, 0x6b, 0x19, 0x5e, 0x23, 0x56, 0xeb,
  0x11, 0xcd, 0xe0, 0x01, 0x10, 0x00, 0xed, 0xb0, 0xdd, 0x34, 0x01, 0xdd,
  0x7e, 0x01, 0xfe, 0x04, 0xc0, 0xc3, 0x1c, 0x6b, 0x6c, 0x6b, 0x78, 0x6b,
  0x84, 0x6b, 0x90, 0x6b, 0xae, 0xa0, 0x08, 0x08, 0xae, 0xb0, 0x04, 0x0e,
  0xae, 0xc0, 0x0c, 0x08, 0xae, 0xa8, 0x08, 0x08, 0xae, 0xb8, 0x04, 0x0e,
  0x00, 0x00, 0x00, 0x00, 0xae, 0xb8, 0x08, 0x08, 0x00, 0x00, 0x00, 0x00,
  0x00, 0x00, 0x00, 0x00, 0x00, 0x00, 0x00, 0x00, 0x00, 0x00, 0x00, 0x00,
  0x00, 0x00, 0x00, 0x00, 0xa6, 0x6b, 0xb6, 0x6b, 0xc6, 0x6b, 0xd6, 0x6b,
  0xe6, 0x6b, 0xae, 0x90, 0x08, 0x08, 0xae, 0xa0, 0x04, 0x0e, 0xae, 0xb0,
  0x04, 0x0e, 0xae, 0xc0, 0x0c, 0x08, 0xae, 0x98, 0x08, 0x08, 0xae, 0xa8,
  0x04, 0x0e, 0xae, 0xb8, 0x04, 0x0e, 0x00, 0x00, 0x00, 0x00, 0xae, 0xa8,
  0x08, 0x08, 0xae, 0xb8, 0x04, 0x0e, 0x00, 0x00, 0x00, 0x00, 0x00, 0x00,
  0x00, 0x00, 0xae, 0xb8, 0x08, 0x08, 0x00, 0x00, 0x00, 0x00, 0x00, 0x00,
  0x00, 0x00, 0x00, 0x00, 0x00, 0x00, 0x00, 0x00, 0x00, 0x00, 0x00, 0x00,
  0x00, 0x00, 0x00, 0x00, 0x00, 0x00, 0x00, 0x00, 0x00, 0x00, 0xfe, 0x6b,
  0x0e, 0x6c, 0x1e, 0x6c, 0x2e, 0x6c, 0xae, 0xa0, 0x14, 0x0e, 0xae, 0xb0,
  0x10, 0x0e, 0xae, 0xb0, 0x1c, 0x08, 0xae, 0xc0, 0x18, 0x0e, 0xae, 0xa8,
  0x14, 0x0e, 0xae, 0xb8, 0x10, 0x0e, 0xae, 0xb8, 0x1c, 0x08, 0x00, 0x00,
  0x00, 0x00, 0xae, 0xb8, 0x14, 0x0e, 0x00, 0x00, 0x00, 0x00, 0x00, 0x00,
  0x00, 0x00, 0x00, 0x00, 0x00, 0x00, 0x00, 0x00, 0x00, 0x00, 0x00, 0x00,
  0x00, 0x00, 0x00, 0x00, 0x00, 0x00, 0x00, 0x00, 0x00, 0x00, 0xdd, 0x7e,
  0x06, 0xfe, 0x01, 0xca, 0xce, 0x6c, 0xdd, 0x34, 0x02, 0xdd, 0x7e, 0x02,
  0xfe, 0x05, 0xc2, 0x0f, 0x69, 0xdd, 0x36, 0x02, 0x00, 0xdd, 0x7e, 0x01,
  0xfe, 0x01, 0xca, 0x94, 0x6c, 0xfd, 0x36, 0x0a, 0x04, 0xfd, 0x36, 0x0e,
  0x0c, 0xfd, 0x36, 0x0b, 0x0e, 0xfd, 0x36, 0x0f, 0x08, 0x3e, 0xfc, 0xfd,
  0x86, 0x01, 0xfd, 0x77, 0x01, 0x3e, 0xfc, 0xfd, 0x86, 0x05, 0xfd, 0x77,
  0x05, 0x3e, 0xf4, 0xfd, 0x86, 0x09, 0xfd, 0x77, 0x09, 0x3e, 0xf4, 0xfd,
  0x86, 0x0d, 0xfd, 0x77, 0x0d, 0xdd, 0x36, 0x05, 0x01, 0xc3, 0xb8, 0x6c,
  0x3e, 0xfc, 0xfd, 0x86, 0x01, 0xfd, 0x77, 0x01, 0x3e, 0xfc, 0xfd, 0x86,
  0x05, 0xfd, 0x77, 0x05, 0x3e, 0x04, 0xfd, 0x7e, 0x09, 0xfd, 0x77, 0x09,
  0x3e, 0x04, 0xfd, 0x86, 0x0d, 0xfd, 0x77, 0x0d, 0xdd, 0x36, 0x05, 0x02,
  0xdd, 0x34, 0x01, 0xdd, 0x7e, 0x01, 0xfe, 0x02, 0xc2, 0x0f, 0x69, 0xdd,
  0x36, 0x00, 0x01, 0xdd, 0x36, 0x01, 0x00, 0xc3, 0x0f, 0x69, 0xdd, 0x34,
  0x02, 0xdd, 0x7e, 0x02, 0xfe, 0x05, 0xc2, 0x0f, 0x69, 0xdd, 0x36, 0x02,
  0x00, 0xdd, 0x7e, 0x07, 0xfe, 0x02, 0xca, 0x2c, 0x6d, 0xfe, 0x03, 0xca,
  0x42, 0x6d, 0x3e, 0x04, 0xfd, 0x86, 0x01, 0xfd, 0x77, 0x01, 0x3e, 0xfc,
  0xfd, 0x86, 0x0d, 0xfd, 0x77, 0x0d, 0xdd, 0x36, 0x05, 0x01, 0xdd, 0x34,
  0x07, 0xdd, 0x7e, 0x07, 0xfe, 0x02, 0xc2, 0x0f, 0x69, 0xfd, 0x36, 0x03,
  0x08, 0xfd, 0x36, 0x07, 0x0e, 0xfd, 0x36, 0x0b, 0x08, 0xfd, 0x36, 0x0f,
  0x00, 0xfd, 0x36, 0x02, 0x08, 0xfd, 0x36, 0x06, 0x04, 0xfd, 0x36, 0x0a,
  0x0c, 0xfd, 0x36, 0x0e, 0x01, 0xc3, 0x0f, 0x69, 0x3e, 0xfc, 0xfd, 0x86,
  0x01, 0xfd, 0x77, 0x01, 0x3e, 0x0c, 0xfd, 0x86, 0x09, 0xfd, 0x77, 0x09,
  0xdd, 0x34, 0x07, 0xc3, 0x0f, 0x69, 0x3e, 0xfc, 0xfd, 0x86, 0x01, 0xfd,
  0x77, 0x01, 0x3e, 0x04, 0xfd, 0x86, 0x09, 0xfd, 0x77, 0x09, 0x3e, 0x18,
  0xfd, 0x86, 0x0d, 0xfd, 0x77, 0x0d, 0xdd, 0x36, 0x05, 0x00, 0xdd, 0x36,
  0x06, 0x00, 0xdd, 0x36, 0x07, 0x00, 0xdd, 0x7e, 0x00, 0xfe, 0x02, 0xc2,
  0x71, 0x6d, 0xc3, 0x0f, 0x69, 0xdd, 0x36, 0x00, 0x01, 0xc3, 0x0f, 0x69,
  0xdd, 0x34, 0x02, 0xdd, 0x7e, 0x02, 0xfe, 0x05, 0xc2, 0x0f, 0x69, 0xdd,
  0x36, 0x02, 0x00, 0xdd, 0x7e, 0x01, 0xfe, 0x01, 0xca, 0xb6, 0x6d, 0x3e,
  0x04, 0xfd, 0x86, 0x01, 0xfd, 0x77, 0x01, 0x3e, 0x04, 0xfd, 0x86, 0x05,
  0xfd, 0x77, 0x05, 0x3e, 0xfc, 0xfd, 0x86, 0x09, 0xfd, 0x77, 0x09, 0x3e,
  0xfc, 0xfd, 0x86, 0x0d, 0xfd, 0x77, 0x0d, 0xdd, 0x36, 0x05, 0x01, 0xc3,
  0xe1, 0x6d, 0xfd, 0x36, 0x0a, 0x0c, 0xfd, 0x36, 0x0e, 0x01, 0xfd, 0x36,
  0x0b, 0x08, 0xfd, 0x36, 0x0f, 0x00, 0x3e, 0xfc, 0xfd, 0x86, 0x01, 0xfd,
  0x77, 0x01, 0xc6, 0xfc, 0xfd, 0x77, 0x05, 0xc6, 0x04, 0xfd, 0x77, 0x09,
  0xc6, 0x04, 0xfd, 0x77, 0x0d, 0xdd, 0x36, 0x05, 0x00, 0xdd, 0x34, 0x01,
  0xdd, 0x7e, 0x01, 0xfe, 0x02, 0xc2, 0x0f, 0x69, 0xdd, 0x7e, 0x06, 0xfe,
  0x01, 0xca, 0xff, 0x6d, 0xdd, 0x36, 0x00, 0x01, 0xdd, 0x36, 0x01, 0x00,
  0xc3, 0x0f, 0x69, 0xdd, 0x36, 0x00, 0x04, 0xdd, 0x36, 0x01, 0x00, 0xdd,
  0x36, 0x07, 0x00, 0xc3, 0x0f, 0x69, 0xdd, 0x36, 0x06, 0x00, 0xdd, 0x34,
  0x03, 0xdd, 0x7e, 0x03, 0xfe, 0x0c, 0xc0, 0xdd, 0x36, 0x03, 0x00, 0xdd,
  0x34, 0x04, 0xdd, 0x7e, 0x04, 0xfe, 0x01, 0xc2, 0x64, 0x6e, 0xfd, 0x7e,
  0x05, 0xc6, 0x10, 0xfd, 0x77, 0x09, 0xc6, 0x10, 0xfd, 0x77, 0x0d, 0xfd,
  0x36, 0x03, 0x08, 0xfd, 0x36, 0x07, 0x0e, 0xfd, 0x36, 0x0b, 0x08, 0xfd,
  0x36, 0x0f, 0x00, 0xfd, 0x36, 0x02, 0x20, 0xfd, 0x36, 0x06, 0x24, 0xfd,
  0x36, 0x0a, 0x28, 0xfd, 0x36, 0x0e, 0x01, 0xfd, 0x36, 0x0b, 0x08, 0xfd,
  0x36, 0x0f, 0x00, 0xfd, 0x36, 0x03, 0x08, 0xc9, 0xdd, 0x7e, 0x04, 0xfe,
  0x03, 0xd2, 0xe0, 0x6e, 0x3e, 0xf8, 0xfd, 0x86, 0x05, 0xfd, 0x77, 0x05,
  0x3e, 0xf8, 0xfd, 0x86, 0x09, 0xfd, 0x77, 0x09, 0x3e, 0xf8, 0xfd, 0x86,
  0x0d, 0xfd, 0x77, 0x0d, 0xfd, 0x36, 0x0f, 0x08, 0xfd, 0x7e, 0x01, 0xfd,
  0x77, 0x11, 0xfd, 0x77, 0x15, 0xfd, 0x77, 0x19, 0xfd, 0x7e, 0x00, 0xfd,
  0x77, 0x10, 0xfd, 0x77, 0x14, 0xfd, 0x77, 0x18, 0x3e, 0x08, 0xfd, 0x86,
  0x11, 0xfd, 0x77, 0x11, 0x3e, 0xf0, 0xfd, 0x86, 0x10, 0xfd, 0x77, 0x10,
  0x3e, 0x18, 0xfd, 0x86, 0x15, 0xfd, 0x77, 0x15, 0x3e, 0xf0, 0xfd, 0x86,
  0x14, 0xfd, 0x77, 0x14, 0x3e, 0x20, 0xfd, 0x86, 0x19, 0xfd, 0x77, 0x19,
  0x3e, 0xf0, 0xfd, 0x86, 0x18, 0xfd, 0x77, 0x18, 0xfd, 0x36, 0x0b, 0x0e,
  0xfd, 0x36, 0x13, 0x0e, 0xfd, 0x36, 0x17, 0x0e, 0xfd, 0x36, 0x1b, 0x08,
  0xdd, 0x6e, 0x04, 0x26, 0x00, 0x29, 0x11, 0x19, 0x70, 0x19, 0x5e, 0x23,
  0x56, 0xeb, 0xfd, 0xe5, 0x06, 0x07, 0x7e, 0xfd, 0x77, 0x02, 0x23, 0x11,
  0x04, 0x00, 0xfd, 0x19, 0x10, 0xf4, 0xfd, 0xe1, 0xdd, 0x7e, 0x04, 0xfe,
  0x04, 0xc0, 0xdd, 0x36, 0x04, 0x00, 0xdd, 0x36, 0x00, 0x00, 0xfd, 0xe5,
  0x06, 0x07, 0xfd, 0x36, 0x03, 0x00, 0x11, 0x04, 0x00, 0xfd, 0x19, 0x10,
  0xf5, 0xfd, 0xe1, 0x3e, 0x00, 0x32, 0x3e, 0xe5, 0xdd, 0x36, 0x06, 0x00,
  0x3e, 0x02, 0x32, 0x22, 0xe0, 0x32, 0x0a, 0xe0, 0xc9, 0xdd, 0x36, 0x06,
  0x01, 0xdd, 0x7e, 0x05, 0xfe, 0x02, 0xca, 0xe0, 0x6f, 0xdd, 0x34, 0x02,
  0xdd, 0x7e, 0x02, 0xfe, 0x0a, 0xc2, 0x0f, 0x69, 0xdd, 0x36, 0x02, 0x00,
  0xdd, 0x7e, 0x07, 0xfe, 0x01, 0xca, 0x80, 0x6f, 0xfe, 0x02, 0xca, 0xb6,
  0x6f, 0xfe, 0x03, 0xca, 0xb6, 0x6f, 0x3e, 0x04, 0xfd, 0x86, 0x01, 0xfd,
  0x77, 0x01, 0x3e, 0xfc, 0xfd, 0x86, 0x09, 0xfd, 0x77, 0x09, 0x3e, 0xe8,
  0xfd, 0x86, 0x0d, 0xfd, 0x77, 0x0d, 0xdd, 0x34, 0x07, 0xdd, 0x36, 0x05,
  0x01, 0xc3, 0x0f, 0x69, 0x3e, 0x04, 0xfd, 0x86, 0x01, 0xfd, 0x77, 0x01,
  0x3e, 0xf4, 0xfd, 0x86, 0x09, 0xfd, 0x77, 0x09, 0xfd, 0x36, 0x02, 0x14,
  0xfd, 0x36, 0x06, 0x10, 0xfd, 0x36, 0x0a, 0x1c, 0xfd, 0x36, 0x0e, 0x18,
  0xfd, 0x36, 0x03, 0x0e, 0xfd, 0x36, 0x07, 0x0e, 0xfd, 0x36, 0x0b, 0x08,
  0xfd, 0x36, 0x0f, 0x0e, 0xdd, 0x34, 0x07, 0xc3, 0x0f, 0x69, 0x3e, 0xfc,
  0xfd, 0x86, 0x01, 0xfd, 0x77, 0x01, 0x3e, 0x04, 0xfd, 0x86, 0x0d, 0xfd,
  0x77, 0x0d, 0xdd, 0x34, 0x07, 0xdd, 0x7e, 0x07, 0xfe, 0x04, 0xc2, 0x0f,
  0x69, 0xdd, 0x36, 0x05, 0x00, 0xdd, 0x36, 0x07, 0x00, 0xdd, 0x36, 0x00,
  0x01, 0xc3, 0x0f, 0x69, 0xdd, 0x36, 0x00, 0x03, 0xc3, 0x0f, 0x69, 0xae,
  0x50, 0x08, 0x08, 0xae, 0x60, 0x04, 0x0e, 0xae, 0x70, 0x0c, 0x08, 0xae,
  0x80, 0x01, 0x00, 0x00, 0x00, 0x00, 0x00, 0x00, 0x00, 0x00, 0x00, 0x00,
  0xfc, 0x00, 0xfc, 0x00, 0xfc, 0x00, 0x00, 0x00, 0x04, 0x00, 0x04, 0x00,
  0x04, 0x00, 0x00, 0x00, 0x00, 0x00, 0x00, 0x00, 0x00, 0x00, 0x00, 0x00,
  0x00, 0x00, 0x00, 0x00, 0x00, 0x2b, 0x70, 0x32, 0x70, 0x2b, 0x70, 0x32,
  0x70, 0x2b, 0x70, 0x32, 0x70, 0x2b, 0x70, 0x38, 0x3c, 0x40, 0x44, 0x2c,
  0x30, 0x34, 0x54, 0x58, 0x5c, 0x60, 0x48, 0x4c, 0x50, 0xcd, 0x40, 0x70,
  0xcd, 0xb0, 0x70, 0xc9, 0xdd, 0x21, 0x4b, 0xe5, 0xdd, 0x7e, 0x06, 0xb7,
  0xc8, 0xdd, 0x7e, 0x00, 0xfe, 0x07, 0xc8, 0x06, 0x01, 0x3a, 0x0b, 0xe0,
  0xb7, 0xca, 0x74, 0x70, 0x3a, 0x0c, 0xe0, 0xb7, 0xca, 0x6a, 0x70, 0x3a,
  0xc5, 0xe0, 0xcb, 0x4f, 0xca, 0xaf, 0x70, 0xc3, 0x72, 0x70, 0x3a, 0xbf,
  0xe0, 0xcb, 0x67, 0xca, 0xaf, 0x70, 0x06, 0x02, 0xdd, 0x21, 0x57, 0xe5,
  0xfd, 0x21, 0xe9, 0xe0, 0xdd, 0x7e, 0x00, 0xb7, 0xc2, 0xa6, 0x70, 0xdd,
  0x36, 0x00, 0x01, 0x3a, 0xce, 0xe0, 0xc6, 0x10, 0xfd, 0x36, 0x00, 0xae,
  0xfd, 0x77, 0x01, 0xfd, 0x36, 0x02, 0x84, 0xfd, 0x36, 0x03, 0x05, 0x3e,
  0x06, 0xcd, 0xef, 0x5b, 0xcd, 0x6e, 0x71, 0xc3, 0xaf, 0x70, 0x11, 0x04,
  0x00, 0xfd, 0x19, 0xdd, 0x19, 0x10, 0xcd, 0xc9, 0x3e, 0x01, 0x32, 0x19,
  0xe5, 0xdd, 0x21, 0xe9, 0xe0, 0xfd, 0x21, 0x57, 0xe5, 0x06, 0x03, 0xc5,
  0xaf, 0x32, 0x3c, 0xe5, 0xfd, 0x7e, 0x00, 0xb7, 0xca, 0x5d, 0x71, 0x3e,
  0xfb, 0xdd, 0x86, 0x00, 0xdd, 0x77, 0x00, 0xfe, 0x08, 0xda, 0x55, 0x71,
  0xdd, 0x7e, 0x00, 0xfe, 0x17, 0xda, 0x5d, 0x71, 0xfe, 0x77, 0xd2, 0x5d,
  0x71, 0xd6, 0x17, 0xcb, 0x3f, 0xcb, 0x3f, 0xcb, 0x3f, 0x32, 0xaa, 0xe2,
  0xdd, 0x7e, 0x01, 0xfe, 0x10, 0xda, 0x18, 0x71, 0xfe, 0xbf, 0xd2, 0x18,
  0x71, 0xd6, 0x10, 0xcb, 0x3f, 0xcb, 0x3f, 0xcb, 0x3f, 0xcb, 0x3f, 0x32,
  0xab, 0xe2, 0xcd, 0xa8, 0xad, 0xd2, 0x18, 0x71, 0x3e, 0x01, 0x32, 0x3c,
  0xe5, 0xcd, 0x05, 0xaa, 0xdd, 0x7e, 0x01, 0xc6, 0x0e, 0xfe, 0x10, 0xda,
  0x42, 0x71, 0xfe, 0xbf, 0xd2, 0x42, 0x71, 0xd6, 0x10, 0xcb, 0x3f, 0xcb,
  0x3f, 0xcb, 0x3f, 0xcb, 0x3f, 0x32, 0xab, 0xe2, 0xcd, 0xa8, 0xad, 0xd2,
  0x42, 0x71, 0x3e, 0x01, 0x32, 0x3c, 0xe5, 0xcd, 0x05, 0xaa, 0x3a, 0x3c,
  0xe5, 0xb7, 0xca, 0x5d, 0x71, 0xdd, 0x36, 0x00, 0xc0, 0xdd, 0x36, 0x02,
  0x00, 0xfd, 0x36, 0x00, 0x00, 0xdd, 0x36, 0x00, 0xc0, 0xfd, 0x36, 0x00,
  0x00, 0xc1, 0x11, 0x04, 0x00, 0xdd, 0x19, 0xfd, 0x19, 0x05, 0xc2, 0xbf,
  0x70, 0xaf, 0x32, 0x19, 0xe5, 0xc9, 0xc9, 0xdd, 0xe5, 0xc5, 0x21, 0x29,
  0xe5, 0x34, 0x7e, 0xfe, 0x08, 0xda, 0xa1, 0x71, 0x36, 0x00, 0xdd, 0x21,
  0x4e, 0xe2, 0x11, 0x14, 0x00, 0x06, 0x03, 0xdd, 0x7e, 0x00, 0xb7, 0x28,
  0x10, 0xdd, 0x7e, 0x07, 0x3c, 0xdd, 0x77, 0x07, 0xfe, 0x10, 0xc2, 0x9d,
  0x71, 0xdd, 0x36, 0x07, 0x0f, 0xdd, 0x19, 0x10, 0xe6, 0xc1, 0xdd, 0xe1,
  0xc9, 0x18, 0x18, 0x18, 0x18, 0x18, 0x3c, 0x6a, 0x99, 0x7e, 0x8c, 0x00,
  0x05, 0x7e, 0x8c, 0x01, 0x05, 0x7e, 0x8c, 0x02, 0x05, 0x3a, 0x1d, 0xe0,
  0xb7, 0xc8, 0x3a, 0x1d, 0xe0, 0xfe, 0x06, 0xda, 0xc8, 0x71, 0x3e, 0x06,
  0x32, 0x3c, 0xe5, 0xaf, 0x32, 0x3d, 0xe5, 0xfd, 0x21, 0x7a, 0x19, 0x3a,
  0x3d, 0xe5, 0x6f, 0x26, 0x00, 0x29, 0x11, 0xf8, 0x71, 0x19, 0x5e, 0x23,
  0x56, 0x21, 0xf6, 0x71, 0x01, 0x02, 0x00, 0xcd, 0x5c, 0x00, 0x21, 0x3d,
  0xe5, 0x34, 0x21, 0x3c, 0xe5, 0x35, 0xc2, 0xd3, 0x71, 0xc9, 0x69, 0x6a,
  0x7a, 0x19, 0x7c, 0x19, 0x7e, 0x19, 0x9a, 0x19, 0x9c, 0x19, 0x9e, 0x19,
  0x21, 0x3c, 0x72, 0x11, 0xda, 0x1a, 0x01, 0x05, 0x00, 0xcd, 0x5c, 0x00,
  0x3a, 0x1c, 0xe0, 0xc6, 0x01, 0x27, 0x5f, 0xd5, 0xcb, 0x3f, 0xcb, 0x3f,
  0xcb, 0x3f, 0xcb, 0x3f, 0xc6, 0x30, 0xfe, 0x30, 0xc2, 0x29, 0x72, 0x3e,
  0x20, 0x21, 0xfd, 0x1a, 0xcd, 0x4d, 0x00, 0xd1, 0x7b, 0xe6, 0x0f, 0xc6,
  0x30, 0x21, 0xfe, 0x1a, 0xcd, 0x4d, 0x00, 0xc9, 0x52, 0x4f, 0x55, 0x4e,
  0x44, 0x3a, 0x0b, 0xe0, 0xb7, 0xc2, 0x6e, 0x72, 0x2a, 0xad, 0xe5, 0x23,
  0x22, 0xad, 0xe5, 0x7d, 0xfe, 0x40, 0xc2, 0x6e, 0x72, 0x7c, 0xfe, 0x0b,
  0xc2, 0x6e, 0x72, 0x3e, 0x00, 0x32, 0x0a, 0xe0, 0x21, 0x3c, 0xe5, 0x11,
  0x3d, 0xe5, 0x01, 0x07, 0x00, 0x36, 0x00, 0xed, 0xb0, 0xc9, 0x3a, 0x1b,
  0xe0, 0xfe, 0x20, 0xca, 0x86, 0x72, 0xcd, 0x05, 0x76, 0xcd, 0x88, 0x78,
  0xcd, 0x42, 0x79, 0xcd, 0x0c, 0x73, 0xcd, 0xa0, 0x72, 0xc9, 0x3a, 0x0d,
  0xe5, 0xb7, 0xc2, 0x96, 0x72, 0xcd, 0x94, 0x75, 0xcd, 0x69, 0x74, 0xcd,
  0x68, 0x7a, 0xcd, 0xc7, 0x74, 0xcd, 0xaa, 0x73, 0xcd, 0xf0, 0x73, 0xc9,
  0xdd, 0x21, 0x70, 0xe5, 0xdd, 0x7e, 0x00, 0xb7, 0xc8, 0xdd, 0x34, 0x03,
  0xdd, 0x7e, 0x03, 0xfe, 0x12, 0xc0, 0xdd, 0x36, 0x03, 0x00, 0xdd, 0x6e,
  0x04, 0x26, 0x00, 0x29, 0x29, 0x11, 0xf4, 0x72, 0x19, 0x11, 0x05, 0x18,
  0xdd, 0x7e, 0x01, 0xb7, 0xc2, 0xce, 0x72, 0x11, 0x11, 0x18, 0x01, 0x04,
  0x00, 0xcd, 0x5c, 0x00, 0xdd, 0x34, 0x04, 0xdd, 0x7e, 0x04, 0xfe, 0x03,
  0xc2, 0xe3, 0x72, 0xcd, 0x77, 0x73, 0xc9, 0xfe, 0x06, 0xc0, 0x21, 0x70,
  0xe5, 0x11, 0x71, 0xe5, 0x01, 0x06, 0x00, 0x36, 0x00, 0xed, 0xb0, 0xc9,
  0x08, 0x09, 0x0a, 0x0b, 0x0e, 0x0f, 0x10, 0x11, 0x12, 0x13, 0x14, 0x15,
  0x12, 0x13, 0x14, 0x15, 0x0e, 0x0f, 0x10, 0x11, 0x08, 0x09, 0x0a, 0x0b,
  0xdd, 0x21, 0x15, 0xe5, 0xdd, 0x34, 0x00, 0xdd, 0x7e, 0x00, 0xfe, 0xf0,
  0xc0, 0xdd, 0x36, 0x00, 0x00, 0x3a, 0x1b, 0xe0, 0x5f, 0x16, 0x00, 0x21,
  0x53, 0x73, 0x19, 0x46, 0xfd, 0x21, 0xc7, 0xe4, 0xfd, 0x7e, 0x01, 0xb7,
  0xc2, 0x4b, 0x73, 0x3e, 0x01, 0x32, 0x70, 0xe5, 0x0e, 0x00, 0x3a, 0xce,
  0xe0, 0xc6, 0x10, 0xfe, 0x51, 0xda, 0x46, 0x73, 0x0e, 0x01, 0x79, 0x32,
  0x71, 0xe5, 0xc9, 0x11, 0x14, 0x00, 0xfd, 0x19, 0x10, 0xda, 0xc9, 0x01,
  0x02, 0x03, 0x03, 0x03, 0x03, 0x03, 0x03, 0x03, 0x03, 0x03, 0x03, 0x03,
  0x03, 0x03, 0x03, 0x03, 0x03, 0x03, 0x03, 0x03, 0x03, 0x03, 0x03, 0x03,
  0x03, 0x03, 0x03, 0x03, 0x03, 0x03, 0x03, 0x00, 0x01, 0x02, 0x03, 0x3a,
  0x1b, 0xe0, 0x5f, 0x16, 0x00, 0x21, 0x53, 0x73, 0x19, 0x46, 0xfd, 0x21,
  0xc7, 0xe4, 0xfd, 0x7e, 0x01, 0xb7, 0xc2, 0xa2, 0x73, 0xfd, 0x36, 0x01,
  0x01, 0x3a, 0x1b, 0xe0, 0xe6, 0x03, 0x5f, 0x16, 0x00, 0x21, 0x73, 0x73,
  0x19, 0x7e, 0xfd, 0x77, 0x00, 0xc9, 0x11, 0x14, 0x00, 0xfd, 0x19, 0x10,
  0xdd, 0xc9, 0xdd, 0x21, 0x0d, 0xe5, 0xdd, 0x7e, 0x00, 0xb7, 0xc0, 0xdd,
  0x21, 0x05, 0xe5, 0xdd, 0x7e, 0x00, 0xb7, 0xc8, 0xdd, 0x34, 0x01, 0xdd,
  0x7e, 0x01, 0xfe, 0x03, 0xc0, 0xdd, 0x36, 0x01, 0x00, 0xdd, 0x5e, 0x02,
  0x16, 0x00, 0x21, 0x50, 0x74, 0x19, 0x7e, 0xcd, 0x52, 0x74, 0xdd, 0x34,
  0x02, 0xdd, 0x7e, 0x02, 0xfe, 0x02, 0xc0, 0xdd, 0x36, 0x00, 0x00, 0xdd,
  0x36, 0x01, 0x00, 0xdd, 0x36, 0x02, 0x00, 0xdd, 0x36, 0x03, 0x00, 0xc9,
  0xdd, 0x21, 0x0d, 0xe5, 0xdd, 0x7e, 0x00, 0xb7, 0xc8, 0xdd, 0x7e, 0x01,
  0xfe, 0x01, 0xca, 0x10, 0x74, 0xfe, 0x02, 0xca, 0x41, 0x74, 0x3e, 0xe1,
  0xcd, 0x52, 0x74, 0xdd, 0x36, 0x01, 0x01, 0xc9, 0xdd, 0x34, 0x02, 0xdd,
  0x7e, 0x02, 0xfe, 0x16, 0xc0, 0xdd, 0x36, 0x02, 0x00, 0xdd, 0x6e, 0x03,
  0x26, 0x00, 0x29, 0x29, 0x29, 0x29, 0x29, 0x11, 0x69, 0x18, 0x19, 0x01,
  0x08, 0x00, 0x3e, 0x00, 0xcd, 0x56, 0x00, 0xdd, 0x34, 0x03, 0xdd, 0x7e,
  0x03, 0xfe, 0x0c, 0xc0, 0xdd, 0x36, 0x01, 0x02, 0xc9, 0xdd, 0x34, 0x04,
  0xdd, 0x7e, 0x04, 0xfe, 0x78, 0xc0, 0x3e, 0x02, 0x32, 0x0a, 0xe0, 0xc9,
  0xf1, 0x81, 0xf5, 0x21, 0x80, 0x24, 0x01, 0x80, 0x03, 0xcd, 0x56, 0x00,
  0xf1, 0xf5, 0x21, 0x80, 0x2c, 0x01, 0x80, 0x03, 0xcd, 0x56, 0x00, 0xf1,
  0xc9, 0x3a, 0x1a, 0xe5, 0xfe, 0x03, 0xc8, 0x21, 0x78, 0xe5, 0x7e, 0xb7,
  0xca, 0x83, 0x74, 0x23, 0x34, 0x7e, 0xfe, 0x78, 0xc0, 0x36, 0x00, 0x2b,
  0x36, 0x00, 0xc9, 0x3a, 0x81, 0xe5, 0xc6, 0x01, 0x32, 0x81, 0xe5, 0xfe,
  0x0c, 0xd8, 0x3e, 0x00, 0x32, 0x81, 0xe5, 0x06, 0x03, 0xdd, 0x21, 0x63,
  0xe5, 0xfd, 0x21, 0x0d, 0xe1, 0xdd, 0x7e, 0x00, 0xb7, 0xc2, 0xbd, 0x74,
  0xdd, 0x36, 0x00, 0x01, 0xfd, 0x36, 0x00, 0x50, 0xfd, 0x36, 0x01, 0x64,
  0xfd, 0x36, 0x02, 0x8c, 0xfd, 0x36, 0x03, 0x0e, 0x21, 0x1a, 0xe5, 0x34,
  0xc9, 0x11, 0x04, 0x00, 0xfd, 0x19, 0xdd, 0x19, 0x10, 0xd7, 0xc9, 0x06,
  0x03, 0xdd, 0x21, 0x63, 0xe5, 0xfd, 0x21, 0x0d, 0xe1, 0xc5, 0xdd, 0x7e,
  0x00, 0xb7, 0xca, 0x66, 0x75, 0xdd, 0x7e, 0x01, 0xb7, 0xc2, 0x01, 0x75,
  0xdd, 0x36, 0x01, 0x01, 0x21, 0xcd, 0xe0, 0x23, 0x7e, 0xd6, 0x08, 0xe6,
  0xf8, 0xcb, 0x3f, 0xcb, 0x3f, 0xcb, 0x3f, 0x21, 0x73, 0x75, 0x5f, 0x16,
  0x00, 0x19, 0x7e, 0xdd, 0x77, 0x02, 0x32, 0x82, 0xe5, 0xdd, 0x7e, 0x03,
  0x3c, 0xdd, 0x77, 0x03, 0xfe, 0x03, 0xda, 0x66, 0x75, 0xdd, 0x36, 0x03,
  0x00, 0x3e, 0x01, 0xdd, 0x77, 0x03, 0xdd, 0x7e, 0x02, 0x6f, 0x26, 0x00,
  0x29, 0x11, 0x86, 0x75, 0x19, 0x7e, 0x47, 0xfd, 0x7e, 0x01, 0x80, 0xfd,
  0x77, 0x01, 0xdd, 0x7e, 0x02, 0x6f, 0x26, 0x00, 0x29, 0x11, 0x87, 0x75,
  0x19, 0x7e, 0x47, 0xfd, 0x7e, 0x00, 0x80, 0xfd, 0x77, 0x00, 0xfe, 0xb4,
  0xda, 0x66, 0x75, 0xdd, 0x36, 0x00, 0x00, 0xdd, 0x36, 0x01, 0x00, 0xdd,
  0x36, 0x02, 0x00, 0xfd, 0x36, 0x03, 0x00, 0x21, 0x77, 0xe5, 0x34, 0x7e,
  0xfe, 0x03, 0xc2, 0x66, 0x75, 0x36, 0x00, 0x23, 0x36, 0x01, 0xaf, 0x32,
  0x1a, 0xe5, 0xc1, 0x11, 0x04, 0x00, 0xdd, 0x19, 0xfd, 0x19, 0x05, 0xc2,
  0xd1, 0x74, 0xc9, 0x00, 0x01, 0x01, 0x01, 0x02, 0x02, 0x02, 0x03, 0x03,
  0x03, 0x04, 0x04, 0x04, 0x05, 0x05, 0x05, 0x06, 0x06, 0x06, 0xfd, 0x04,
  0xfe, 0x04, 0xff, 0x04, 0x00, 0x04, 0x01, 0x04, 0x02, 0x04, 0x03, 0x04,
  0xdd, 0x21, 0x63, 0xe5, 0xdd, 0x7e, 0x00, 0xb7, 0x20, 0x2a, 0xdd, 0x7e,
  0x08, 0xb7, 0xc8, 0x06, 0x03, 0xdd, 0x21, 0xf9, 0x75, 0xfd, 0x21, 0x0b,
  0x19, 0xdd, 0xe5, 0xfd, 0xe5, 0xd1, 0xe1, 0xc5, 0x01, 0x04, 0x00, 0xcd,
  0x5c, 0x00, 0xc1, 0x11, 0x04, 0x00, 0xdd, 0x19, 0x11, 0x20, 0x00, 0xfd,
  0x19, 0x10, 0xe6, 0xc9, 0x06, 0x03, 0xdd, 0x21, 0xed, 0x75, 0xfd, 0x21,
  0x0b, 0x19, 0xdd, 0xe5, 0xfd, 0xe5, 0xd1, 0xe1, 0xc5, 0x01, 0x04, 0x00,
  0xcd, 0x5c, 0x00, 0xc1, 0x11, 0x04, 0x00, 0xdd, 0x19, 0x11, 0x20, 0x00,
  0xfd, 0x19, 0x10, 0xe6, 0xc9, 0xf0, 0xf1, 0xf2, 0xf3, 0xf4, 0xf5, 0xf6,
  0xf7, 0xf8, 0xf9, 0xfa, 0xfb, 0xba, 0xbb, 0xbc, 0xbd, 0xc2, 0xc3, 0xc4,
  0xc5, 0xca, 0xcb, 0xcc, 0xcd, 0xdd, 0x21, 0xc7, 0xe4, 0xfd, 0x21, 0x01,
  0xe1, 0x06, 0x03, 0xc5, 0xdd, 0x7e, 0x02, 0xfe, 0x01, 0xca, 0x22, 0x77,
  0xdd, 0x34, 0x03, 0xdd, 0x7e, 0x03, 0xfe, 0x05, 0xc2, 0x6d, 0x78, 0xdd,
  0x36, 0x03, 0x00, 0xdd, 0x7e, 0x01, 0xb7, 0xca, 0x6d, 0x78, 0xdd, 0x7e,
  0x07, 0xfe, 0x00, 0xc2, 0x95, 0x76, 0xdd, 0x36, 0x07, 0x01, 0x11, 0x64,
  0x7b, 0x3a, 0x71, 0xe5, 0xb7, 0xca, 0x47, 0x76, 0x11, 0x7c, 0x7b, 0xdd,
  0x7e, 0x00, 0x6f, 0x26, 0x00, 0x29, 0x19, 0x5e, 0x23, 0x56, 0xeb, 0xfd,
  0xe5, 0xd1, 0x01, 0x04, 0x00, 0xed, 0xb0, 0x3a, 0xce, 0xe0, 0xd6, 0x08,
  0xe6, 0xf0, 0xcb, 0x3f, 0xcb, 0x3f, 0xcb, 0x3f, 0xcb, 0x3f, 0x6f, 0x26,
  0x00, 0x11, 0xec, 0x7a, 0xfd, 0x7e, 0x01, 0xfe, 0x28, 0x28, 0x03, 0x11,
  0xf9, 0x7a, 0x19, 0x7e, 0xdd, 0x77, 0x06, 0xdd, 0x7e, 0x06, 0xe6, 0x03,
  0x6f, 0x26, 0x00, 0x29, 0x11, 0x06, 0x7b, 0x19, 0x7e, 0xdd, 0x77, 0x08,
  0x23, 0x7e, 0xdd, 0x77, 0x09, 0xfd, 0x7e, 0x00, 0xfe, 0x40, 0xd2, 0xae,
  0x77, 0xdd, 0x7e, 0x08, 0xfd, 0x86, 0x00, 0xfd, 0x77, 0x00, 0xdd, 0x7e,
  0x09, 0xfd, 0x86, 0x01, 0xfd, 0x77, 0x01, 0xdd, 0x7e, 0x10, 0xfe, 0x01,
  0xca, 0x05, 0x77, 0xfe, 0x02, 0xca, 0x10, 0x77, 0xfe, 0x03, 0xca, 0x1b,
  0x77, 0xfd, 0x7e, 0x00, 0xfe, 0x07, 0xd2, 0xd6, 0x76, 0xdd, 0x7e, 0x08,
  0xcb, 0x7f, 0xca, 0xd6, 0x76, 0xed, 0x44, 0xdd, 0x77, 0x08, 0xdd, 0xcb,
  0x09, 0x7e, 0x28, 0x10, 0xfd, 0x7e, 0x01, 0xfe, 0x10, 0xd2, 0xec, 0x76,
  0xdd, 0x7e, 0x09, 0xed, 0x44, 0xdd, 0x77, 0x09, 0xdd, 0xcb, 0x09, 0x7e,
  0x20, 0x71, 0xfd, 0x7e, 0x01, 0xfe, 0xb0, 0xda, 0x63, 0x77, 0xdd, 0x7e,
  0x09, 0xed, 0x44, 0xdd, 0x77, 0x09, 0xc3, 0x63, 0x77, 0xdd, 0x7e, 0x08,
  0xed, 0x44, 0xdd, 0x77, 0x08, 0xc3, 0x63, 0x77, 0xdd, 0x7e, 0x09, 0xed,
  0x44, 0xdd, 0x77, 0x09, 0xc3, 0x63, 0x77, 0xdd, 0x36, 0x02, 0x01, 0xc3,
  0x63, 0x77, 0xdd, 0x34, 0x04, 0xdd, 0x7e, 0x04, 0xfe, 0x0a, 0xc2, 0x6d,
  0x78, 0xdd, 0x36, 0x04, 0x00, 0xdd, 0x7e, 0x05, 0x6f, 0x26, 0x00, 0x11,
  0x0c, 0x7b, 0x19, 0x7e, 0xfd, 0x77, 0x02, 0xfd, 0x36, 0x03, 0x08, 0xdd,
  0x34, 0x05, 0xdd, 0x7e, 0x05, 0xfe, 0x04, 0xc2, 0x6d, 0x78, 0xfd, 0x36,
  0x00, 0xc0, 0xdd, 0xe5, 0xdd, 0xe5, 0xe1, 0xd1, 0x13, 0x36, 0x00, 0x01,
  0x13, 0x00, 0xed, 0xb0, 0xc3, 0x6d, 0x78, 0xdd, 0x34, 0x11, 0xdd, 0x7e,
  0x11, 0xfe, 0x04, 0xc2, 0x6d, 0x78, 0xdd, 0x36, 0x11, 0x00, 0x3a, 0x1b,
  0xe0, 0xe6, 0x03, 0x6f, 0x26, 0x00, 0x29, 0x11, 0xbd, 0x7a, 0x19, 0x5e,
  0x23, 0x56, 0xdd, 0x7e, 0x0a, 0x6f, 0x26, 0x00, 0x19, 0x7e, 0xfd, 0x77,
  0x02, 0xdd, 0x34, 0x0a, 0x3a, 0x1b, 0xe0, 0xe6, 0x03, 0x6f, 0x26, 0x00,
  0x11, 0xaa, 0x77, 0x19, 0x7e, 0xdd, 0xbe, 0x0a, 0xc2, 0x6d, 0x78, 0xdd,
  0x36, 0x0a, 0x00, 0xc3, 0x6d, 0x78, 0x08, 0x08, 0x06, 0x11, 0xdd, 0x7e,
  0x0b, 0xfe, 0x01, 0xca, 0xf1, 0x77, 0xdd, 0x36, 0x0b, 0x01, 0xdd, 0x7e,
  0x0c, 0xcb, 0x27, 0xcb, 0x27, 0x6f, 0x26, 0x00, 0xdd, 0x7e, 0x00, 0x11,
  0x10, 0x7b, 0xfe, 0x00, 0xca, 0xe2, 0x77, 0x11, 0x24, 0x7b, 0xfe, 0x01,
  0xca, 0xe2, 0x77, 0x11, 0x38, 0x7b, 0xfe, 0x02, 0xca, 0xe2, 0x77, 0x11,
  0x50, 0x7b, 0x19, 0x7e, 0xdd, 0x77, 0x08, 0x23, 0x7e, 0xdd, 0x77, 0x09,
  0x23, 0x7e, 0xdd, 0x77, 0x0f, 0xdd, 0x7e, 0x08, 0xfd, 0x86, 0x00, 0xfd,
  0x77, 0x00, 0xdd, 0x7e, 0x09, 0xfd, 0x86, 0x01, 0xfd, 0x77, 0x01, 0xfd,
  0x7e, 0x01, 0xfe, 0x11, 0x30, 0x0d, 0xdd, 0x7e, 0x09, 0xcb, 0x7f, 0xca,
  0x17, 0x78, 0xed, 0x44, 0xdd, 0x77, 0x09, 0xfd, 0x7e, 0x01, 0xfe, 0xaf,
  0x38, 0x0d, 0xdd, 0x7e, 0x09, 0xcb, 0x7f, 0xc2, 0x2b, 0x78, 0xed, 0x44,
  0xdd, 0x77, 0x09, 0xdd, 0x7e, 0x0f, 0x3d, 0xdd, 0x77, 0x0f, 0xc2, 0x63,
  0x77, 0xdd, 0x36, 0x0b, 0x00, 0xfd, 0x7e, 0x00, 0xfe, 0xae, 0xd2, 0x5b,
  0x78, 0xdd, 0x7e, 0x00, 0xfe, 0x02, 0xca, 0x7d, 0x78, 0xdd, 0x34, 0x0c,
  0xdd, 0x7e, 0x0c, 0xfe, 0x05, 0xc2, 0x63, 0x77, 0xdd, 0x36, 0x0c, 0x00,
  0xc3, 0x6d, 0x78, 0xfd, 0x36, 0x00, 0xc0, 0xdd, 0xe5, 0xdd, 0xe5, 0xe1,
  0xd1, 0x13, 0x36, 0x00, 0x01, 0x13, 0x00, 0xed, 0xb0, 0xc1, 0x11, 0x14,
  0x00, 0xdd, 0x19, 0x11, 0x04, 0x00, 0xfd, 0x19, 0x05, 0xc2, 0x0f, 0x76,
  0xc9, 0xdd, 0x34, 0x0c, 0xdd, 0x7e, 0x0c, 0xfe, 0x06, 0xc3, 0x51, 0x78,
  0xdd, 0x21, 0xe9, 0xe0, 0x3a, 0x57, 0xe5, 0xb7, 0xca, 0xa1, 0x78, 0xcd,
  0xd4, 0x78, 0xda, 0xa1, 0x78, 0xaf, 0x32, 0x57, 0xe5, 0xdd, 0x36, 0x00,
  0xc0, 0xdd, 0x21, 0xed, 0xe0, 0x3a, 0x5b, 0xe5, 0xb7, 0xca, 0xba, 0x78,
  0xcd, 0xd4, 0x78, 0xda, 0xba, 0x78, 0xaf, 0x32, 0x5b, 0xe5, 0xdd, 0x36,
  0x00, 0xc0, 0xdd, 0x21, 0xf1, 0xe0, 0x3a, 0x5f, 0xe5, 0xb7, 0xca, 0xd3,
  0x78, 0xcd, 0xd4, 0x78, 0xda, 0xd3, 0x78, 0xaf, 0x32, 0x5f, 0xe5, 0xdd,
  0x36, 0x00, 0xc0, 0xc9, 0xfd, 0x21, 0x01, 0xe1, 0x21, 0xc8, 0xe4, 0x06,
  0x03, 0x7e, 0xb7, 0xca, 0x35, 0x79, 0xe5, 0x23, 0x7e, 0xb7, 0xe1, 0xc2,
  0x35, 0x79, 0xdd, 0x7e, 0x00, 0xd6, 0x10, 0x5f, 0xfd, 0x7e, 0x00, 0x57,
  0x7b, 0xba, 0xd2, 0x35, 0x79, 0xdd, 0x7e, 0x00, 0xc6, 0x10, 0x5f, 0xfd,
  0x7e, 0x00, 0x57, 0x7b, 0xba, 0xda, 0x35, 0x79, 0xdd, 0x7e, 0x01, 0xd6,
  0x10, 0x5f, 0xfd, 0x7e, 0x01, 0x57, 0x7b, 0xba, 0xd2, 0x35, 0x79, 0xdd,
  0x7e, 0x01, 0xc6, 0x10, 0x5f, 0xfd, 0x7e, 0x01, 0x57, 0x7b, 0xba, 0xda,
  0x35, 0x79, 0x3e, 0xc2, 0xcd, 0xef, 0x5b, 0x3e, 0x05, 0xcd, 0xa0, 0x52,
  0x23, 0x36, 0x01, 0xaf, 0xc9, 0x11, 0x04, 0x00, 0xfd, 0x19, 0x11, 0x14,
  0x00, 0x19, 0x10, 0x9d, 0x37, 0xc9, 0xdd, 0x21, 0xcd, 0xe0, 0xfd, 0x21,
  0x01, 0xe1, 0x21, 0xc8, 0xe4, 0x06, 0x03, 0x3a, 0x4b, 0xe5, 0xfe, 0x06,
  0xc8, 0x7e, 0xfe, 0x01, 0xc2, 0x99, 0x79, 0xfd, 0x7e, 0x00, 0xfe, 0xa0,
  0xda, 0x99, 0x79, 0xfe, 0xb8, 0xd2, 0x99, 0x79, 0xdd, 0x7e, 0x01, 0xc6,
  0x08, 0xfd, 0xbe, 0x01, 0xd2, 0x99, 0x79, 0x0e, 0x28, 0x3a, 0x21, 0xe3,
  0xb7, 0xca, 0x7e, 0x79, 0x0e, 0x38, 0xdd, 0x7e, 0x01, 0x81, 0xfd, 0xbe,
  0x01, 0xda, 0x99, 0x79, 0x3e, 0xc2, 0xcd, 0xef, 0x5b, 0x3e, 0x05, 0xcd,
  0xa0, 0x52, 0xe5, 0x36, 0x02, 0x23, 0x36, 0x01, 0xe1, 0x11, 0x04, 0x00,
  0xfd, 0x19, 0x11, 0x14, 0x00, 0x19, 0x10, 0xab, 0xc9, 0xdd, 0x21, 0xf5,
  0xe0, 0x3a, 0x4e, 0xe2, 0xb7, 0xca, 0xc2, 0x79, 0xcd, 0xfd, 0x79, 0xda,
  0xc2, 0x79, 0xfd, 0x21, 0x4e, 0xe2, 0xcd, 0x8a, 0x9b, 0x3e, 0xc2, 0xcd,
  0xef, 0x5b, 0xdd, 0x21, 0xf9, 0xe0, 0x3a, 0x62, 0xe2, 0xb7, 0xca, 0xdf,
  0x79, 0xcd, 0xfd, 0x79, 0xda, 0xdf, 0x79, 0xfd, 0x21, 0x62, 0xe2, 0xcd,
  0x8a, 0x9b, 0x3e, 0xc2, 0xcd, 0xef, 0x5b, 0xdd, 0x21, 0xfd, 0xe0, 0x3a,
  0x76, 0xe2, 0xb7, 0xca, 0xfc, 0x79, 0xcd, 0xfd, 0x79, 0xda, 0xfc, 0x79,
  0xfd, 0x21, 0x76, 0xe2, 0xcd, 0x8a, 0x9b, 0x3e, 0xc2, 0xcd, 0xef, 0x5b,
  0xc9, 0xfd, 0x21, 0x01, 0xe1, 0x21, 0xc8, 0xe4, 0x06, 0x03, 0x7e, 0xfe,
  0x01, 0xc2, 0x5b, 0x7a, 0xfd, 0x7e, 0x03, 0xb7, 0xca, 0x5b, 0x7a, 0xdd,
  0x7e, 0x00, 0xd6, 0x10, 0x5f, 0xfd, 0x7e, 0x00, 0x57, 0x7b, 0xba, 0xd2,
  0x5b, 0x7a, 0xdd, 0x7e, 0x00, 0xc6, 0x04, 0x5f, 0xfd, 0x7e, 0x00, 0x57,
  0x7b, 0xba, 0xda, 0x5b, 0x7a, 0xdd, 0x7e, 0x01, 0xd6, 0x10, 0x5f, 0xfd,
  0x7e, 0x01, 0x57, 0x7b, 0xba, 0xd2, 0x5b, 0x7a, 0xdd, 0x7e, 0x01, 0xc6,
  0x04, 0x5f, 0xfd, 0x7e, 0x01, 0x57, 0x7b, 0xba, 0xda, 0x5b, 0x7a, 0x3e,
  0x05, 0xcd, 0xa0, 0x52, 0x36, 0x02, 0x23, 0x36, 0x01, 0xaf, 0xc9, 0x11,
  0x04, 0x00, 0xfd, 0x19, 0x11, 0x14, 0x00, 0x19, 0x10, 0xa0, 0x37, 0xc9,
  0x3a, 0x4b, 0xe5, 0xfe, 0x06, 0xc8, 0xdd, 0x21, 0xcd, 0xe0, 0xfd, 0x21,
  0x0d, 0xe1, 0x21, 0x63, 0xe5, 0x06, 0x03, 0x7e, 0xb7, 0xca, 0xb4, 0x7a,
  0xfd, 0x7e, 0x00, 0xfe, 0xa7, 0xda, 0xb4, 0x7a, 0xfe, 0xb8, 0xd2, 0xb4,
  0x7a, 0xdd, 0x7e, 0x01, 0xc6, 0x08, 0xfd, 0xbe, 0x01, 0xd2, 0xb4, 0x7a,
  0xdd, 0x7e, 0x01, 0xc6, 0x20, 0xfd, 0xbe, 0x01, 0xda, 0xb4, 0x7a, 0x3e,
  0x06, 0x32, 0x4b, 0xe5, 0xfd, 0x36, 0x00, 0xc0, 0x3e, 0x07, 0xcd, 0xef,
  0x5b, 0xcd, 0x10, 0x97, 0x11, 0x04, 0x00, 0xfd, 0x19, 0x19, 0x10, 0xbf,
  0xc9, 0xc5, 0x7a, 0xcd, 0x7a, 0xd5, 0x7a, 0xdb, 0x7a, 0xc0, 0xc4, 0xc8,
  0xcc, 0xd0, 0xd4, 0xd8, 0xdc, 0xc0, 0xc4, 0xc8, 0xcc, 0xd0, 0xd4, 0xd8,
  0xcc, 0xc0, 0xc4, 0xc8, 0xcc, 0xd0, 0xd4, 0xc0, 0xc4, 0xc8, 0xcc, 0xd0,
  0xdc, 0xc0, 0xc4, 0xc8, 0xcc, 0xd0, 0xdc, 0xd4, 0xd8, 0xd8, 0xd4, 0xd0,
  0x00, 0x00, 0x01, 0x01, 0x02, 0x02, 0x02, 0x02, 0x02, 0x02, 0x02, 0x02,
  0x02, 0x00, 0x00, 0x00, 0x00, 0x00, 0x00, 0x01, 0x01, 0x01, 0x02, 0x02,
  0x02, 0x02, 0x01, 0xff, 0x01, 0x00, 0x01, 0x01, 0x90, 0x94, 0x98, 0x9c,
  0x01, 0x00, 0x28, 0x00, 0x01, 0x02, 0x18, 0x00, 0xff, 0x02, 0x18, 0x00,
  0xff, 0xfe, 0x18, 0x00, 0x01, 0xfe, 0x18, 0x00, 0x01, 0x00, 0x38, 0x00,
  0x02, 0x03, 0x1e, 0x00, 0xfe, 0x03, 0x1e, 0x00, 0xfe, 0xfd, 0x18, 0x00,
  0x02, 0xfd, 0x18, 0x00, 0x01, 0x00, 0x20, 0x00, 0x01, 0x02, 0x08, 0x00,
  0xff, 0x02, 0x08, 0x00, 0xff, 0x00, 0x08, 0x00, 0xff, 0x02, 0x18, 0x00,
  0x01, 0x02, 0x18, 0x00, 0x01, 0x00, 0x28, 0x00, 0x01, 0xfe, 0x18, 0x00,
  0xff, 0xfe, 0x18, 0x00, 0xff, 0x02, 0x18, 0x00, 0x01, 0x02, 0x18, 0x00,
  0x6c, 0x7b, 0x70, 0x7b, 0x74, 0x7b, 0x78, 0x7b, 0x08, 0x88, 0xc0, 0x05,
  0x08, 0x88, 0xc0, 0x03, 0x08, 0x88, 0xc0, 0x07, 0x08, 0x88, 0xc0, 0x08,
  0x84, 0x7b, 0x88, 0x7b, 0x8c, 0x7b, 0x90, 0x7b, 0x08, 0x28, 0xc0, 0x05,
  0x08, 0x28, 0xc0, 0x03, 0x08, 0x28, 0xc0, 0x07, 0x08, 0x28, 0xc0, 0x08,
  0x3a, 0x0b, 0xe0, 0xb7, 0xca, 0x44, 0x7c, 0x3a, 0x22, 0xe0, 0x6f, 0x26,
  0x00, 0x29, 0x11, 0xab, 0x7b, 0x19, 0x5e, 0x23, 0x56, 0xeb, 0xe9, 0xb1,
  0x7b, 0xb1, 0x7b, 0x07, 0x7c, 0x3a, 0x1c, 0xe0, 0xc6, 0x01, 0x27, 0x32,
  0x1c, 0xe0, 0x21, 0x1b, 0xe0, 0x34, 0x7e, 0xfe, 0x21, 0xc2, 0x7d, 0x7c,
  0x36, 0x00, 0x23, 0x36, 0x00, 0x21, 0x3c, 0x00, 0xcd, 0x80, 0x43, 0x3e,
  0xc7, 0x32, 0xc0, 0xe5, 0xcd, 0xe8, 0xb4, 0xfb, 0xfd, 0x21, 0x88, 0x7c,
  0xdd, 0x21, 0x72, 0x7d, 0xcd, 0x8a, 0x4f, 0x21, 0x1e, 0x00, 0xcd, 0x80,
  0x43, 0xcd, 0x27, 0x42, 0xcd, 0xe0, 0x4f, 0x21, 0x6d, 0x7c, 0x11, 0x00,
  0x1b, 0x01, 0x10, 0x00, 0xcd, 0x5c, 0x00, 0x21, 0xf0, 0x00, 0xcd, 0x80,
  0x43, 0xcd, 0x27, 0x42, 0xc3, 0x44, 0x7c, 0x21, 0x30, 0x00, 0xcd, 0x80,
  0x43, 0x21, 0x1d, 0xe0, 0x35, 0x7e, 0xfe, 0xff, 0xc2, 0x7d, 0x7c, 0x2a,
  0x1b, 0xe0, 0x7d, 0xfe, 0x20, 0xc2, 0x23, 0x7c, 0x21, 0x1f, 0x32, 0x22,
  0x05, 0xe0, 0x3e, 0xc6, 0x32, 0xc0, 0xe5, 0xcd, 0xe8, 0xb4, 0xfb, 0x21,
  0x5d, 0x7c, 0x11, 0x00, 0x1b, 0x01, 0x10, 0x00, 0xcd, 0x5c, 0x00, 0x21,
  0xf0, 0x00, 0xcd, 0x80, 0x43, 0xcd, 0x27, 0x42, 0x21, 0x27, 0xe0, 0x11,
  0x28, 0xe0, 0x01, 0x8d, 0x05, 0x0b, 0x36, 0x00, 0xed, 0xb0, 0xaf, 0x32,
  0x0a, 0xe0, 0x32, 0x0b, 0xe0, 0x32, 0xb3, 0xe5, 0xc9, 0x88, 0x44, 0x70,
  0x0f, 0x88, 0x54, 0x74, 0x0f, 0x88, 0x6c, 0x78, 0x0f, 0x88, 0x7c, 0x7c,
  0x0f, 0x4c, 0x5c, 0x70, 0x0f, 0x4c, 0x6c, 0x74, 0x0f, 0x4c, 0x84, 0x78,
  0x0f, 0x4c, 0x94, 0x7c, 0x0f, 0xaf, 0x32, 0x0a, 0xe0, 0x21, 0x3c, 0x00,
  0xcd, 0x80, 0x43, 0xc9, 0x44, 0x49, 0x4d, 0x45, 0x4e, 0x53, 0x49, 0x4f,
  0x4e, 0x2d, 0x43, 0x4f, 0x4e, 0x54, 0x52, 0x4f, 0x4c, 0x4c, 0x49, 0x4e,
  0x47, 0x20, 0x46, 0x4f, 0x52, 0x54, 0x22, 0x44, 0x4f, 0x48, 0x22, 0x20,
  0x48, 0x41, 0x53, 0x20, 0x4e, 0x4f, 0x57, 0x20, 0x42, 0x45, 0x45, 0x4e,
  0x20, 0x20, 0x20, 0x20, 0x20, 0x20, 0x20, 0x20, 0x44, 0x45, 0x4d, 0x4f,
  0x4c, 0x49, 0x53, 0x48, 0x45, 0x44, 0x2c, 0x20, 0x41, 0x4e, 0x44, 0x20,
  0x54, 0x49, 0x4d, 0x45, 0x20, 0x20, 0x20, 0x20, 0x20, 0x20, 0x53, 0x54,
  0x41, 0x52, 0x54, 0x45, 0x44, 0x20, 0x46, 0x4c, 0x4f, 0x57, 0x49, 0x4e,
  0x47, 0x20, 0x52, 0x45, 0x56, 0x45, 0x52, 0x53, 0x45, 0x4c, 0x59, 0x2e,
  0x22, 0x56, 0x41, 0x55, 0x53, 0x22, 0x20, 0x4d, 0x41, 0x4e, 0x41, 0x47,
  0x45, 0x44, 0x20, 0x54, 0x4f, 0x20, 0x45, 0x53, 0x43, 0x41, 0x50, 0x45,
  0x20, 0x20, 0x46, 0x52, 0x4f, 0x4d, 0x20, 0x54, 0x48, 0x45, 0x20, 0x44,
  0x49, 0x53, 0x54, 0x4f, 0x52, 0x54, 0x45, 0x44, 0x20, 0x53, 0x50, 0x41,
  0x43, 0x45, 0x2e, 0x20, 0x42, 0x55, 0x54, 0x20, 0x54, 0x48, 0x45, 0x20,
  0x52, 0x45, 0x41, 0x4c, 0x20, 0x56, 0x4f, 0x59, 0x41, 0x47, 0x45, 0x20,
  0x4f, 0x46, 0x20, 0x20, 0x20, 0x20, 0x22, 0x41, 0x52, 0x4b, 0x41, 0x4e,
  0x4f, 0x49, 0x44, 0x22, 0x20, 0x49, 0x4e, 0x20, 0x54, 0x48, 0x45, 0x20,
  0x47, 0x41, 0x4c, 0x41, 0x58, 0x59, 0x20, 0x20, 0x48, 0x41, 0x53, 0x20,
  0x4f, 0x4e, 0x4c, 0x59, 0x20, 0x53, 0x54, 0x41, 0x52, 0x54, 0x45, 0x44,
  0x2e, 0x2e, 0x2e, 0x2e, 0x2e, 0x2e, 0x20, 0x20, 0x20, 0x20, 0x43, 0x18,
  0x83, 0x18, 0xc3, 0x18, 0x03, 0x19, 0x63, 0x19, 0xa3, 0x19, 0x03, 0x1a,
  0x43, 0x1a, 0x83, 0x1a, 0x00, 0x00, 0x00, 0x00, 0x00, 0x00, 0x00, 0x00,
  0x00, 0x00, 0x00, 0x00, 0x00, 0x00, 0x00, 0x00, 0x00, 0x3f, 0x7f, 0x7f,
  0x7f, 0x7c, 0x7b, 0x7a, 0x00, 0x7e, 0xbf, 0xbf, 0xbf, 0xbf, 0xbf, 0xbf,
  0xbf, 0x00, 0xbf, 0x00, 0xbf, 0x00, 0xbf, 0x00, 0xbf, 0xbf, 0xbf, 0xbf,
  0xbf, 0xbf, 0xbf, 0x7e, 0x00, 0x7a, 0x7a, 0x7a, 0x7a, 0x7a, 0x7a, 0x7a,
  0x7a, 0x7a, 0x7a, 0x7a, 0x7a, 0x7a, 0x7a, 0x7a, 0x03, 0xf7, 0xf7, 0xf7,
  0xf7, 0x03, 0xf4, 0x03, 0xfa, 0xfa, 0xfa, 0xfa, 0xfa, 0xfa, 0x00, 0xfa,
  0xaf, 0xaf, 0xaf, 0xaf, 0xaf, 0xaf, 0x00, 0xaf, 0xe0, 0xf7, 0xf7, 0xf7,
  0xf7, 0xe0, 0x17, 0xe0, 0x00, 0xff, 0xff, 0xff, 0xff, 0x00, 0xff, 0x00,
  0x00, 0xfc, 0xfe, 0xf6, 0xfa, 0x7a, 0xba, 0x7a, 0x03, 0xf4, 0x00, 0xf0,
  0xf0, 0x00, 0xf4, 0x03, 0xfa, 0x00, 0x00, 0x00, 0x00, 0x00, 0x00, 0xfa,
  0xaf, 0x00, 0x00, 0x00, 0x00, 0x00, 0x00, 0xaf, 0xe0, 0x17, 0x00, 0x07,
  0x07, 0x00, 0x17, 0xe0, 0x00, 0xf0, 0x00, 0xf0, 0xf0, 0x00, 0xf0, 0x00,
  0x00, 0x00, 0x00, 0x00, 0x00, 0x00, 0x00, 0x00, 0x00, 0x00, 0x00, 0x00,
  0x00, 0x00, 0x00, 0x00, 0x00, 0x07, 0x00, 0x07, 0x07, 0x00, 0x07, 0x00,
  0x7a, 0x7a, 0x7a, 0x7a, 0x7a, 0x7a, 0x00, 0x7e, 0xbf, 0xbf, 0xbf, 0xbf,
  0xbf, 0xbf, 0xbf, 0x00, 0xbf, 0x00, 0x00, 0x00, 0x00, 0x00, 0x00, 0x00,
  0xbf, 0x00, 0xbf, 0xbf, 0xbf, 0xbf, 0xbf, 0xbf, 0x7a, 0x00, 0x7e, 0xbf,
  0xbf, 0xbf, 0xbf, 0xbf, 0xbf, 0xbf, 0x00, 0xbf, 0x00, 0x20, 0x20, 0x10,
  0x08, 0x04, 0x04, 0x08, 0x10, 0x20, 0x20, 0x10, 0x08, 0x04, 0x04, 0x08,
  0x00, 0xbf, 0x00, 0xbf, 0x7a, 0x00, 0x7e, 0xbf, 0xbf, 0xbf, 0xbf, 0xbf,
  0xbf, 0xbf, 0x00, 0xbf, 0x00, 0x04, 0x04, 0x08, 0x00, 0x00, 0x00, 0x00,
  0x00, 0x00, 0x00, 0x00, 0x10, 0x20, 0x20, 0x10, 0x00, 0xbf, 0x00, 0xbf,
  0x36, 0x36, 0x24, 0x00, 0x00, 0x00, 0x00, 0x00, 0xff, 0xff, 0xff, 0xff,
  0xff, 0xff, 0xff, 0x00, 0xfe, 0xfe, 0xfe, 0xfe, 0xfe, 0xfe, 0xfe, 0x00,
  0xff, 0xff, 0xff, 0xff, 0xff, 0xff, 0xff, 0x00, 0xfe, 0xfe, 0xfe, 0xfe,
  0xfe, 0xfe, 0xfe, 0x00, 0xff, 0xff, 0xff, 0xff, 0xff, 0xff, 0xff, 0x00,
  0xfe, 0xfe, 0xfe, 0xfe, 0xfe, 0xfe, 0xfe, 0x00, 0xff, 0xff, 0xff, 0xff,
  0xff, 0xff, 0xff, 0x00, 0x00, 0x00, 0x00, 0x3e, 0x00, 0x00, 0x00, 0x00,
  0x63, 0x63, 0x63, 0x7f, 0x63, 0x63, 0x63, 0x00, 0x00, 0x00, 0x00, 0x00,
  0x18, 0x18, 0x30, 0x00, 0x00, 0x00, 0x00, 0x3e, 0x00, 0x00, 0x00, 0x00,
  0x00, 0x00, 0x00, 0x00, 0x00, 0x18, 0x18, 0x00, 0x3f, 0x0c, 0x0c, 0x0c,
  0x0c, 0x0c, 0x3f, 0x00, 0x1c, 0x26, 0x63, 0x63, 0x63, 0x32, 0x1c, 0x00,
  0x0c, 0x1c, 0x0c, 0x0c, 0x0c, 0x0c, 0x3f, 0x00, 0x3e, 0x63, 0x07, 0x1e,
  0x3c, 0x70, 0x7f, 0x00, 0x3f, 0x06, 0x0c, 0x1e, 0x03, 0x63, 0x3e, 0x00,
  0x0e, 0x1e, 0x36, 0x66, 0x7f, 0x06, 0x06, 0x00, 0x7e, 0x60, 0x7e, 0x03,
  0x03, 0x63, 0x3e, 0x00, 0x1e, 0x30, 0x60, 0x7e, 0x63, 0x63, 0x3e, 0x00,
  0x7f, 0x63, 0x06, 0x0c, 0x18, 0x18, 0x18, 0x00, 0x3c, 0x62, 0x72, 0x3c,
  0x4f, 0x43, 0x3e, 0x00, 0x3e, 0x63, 0x63, 0x3f, 0x03, 0x06, 0x3c, 0x00,
  0x3c, 0x66, 0x60, 0x3e, 0x03, 0x63, 0x3e, 0x00, 0x1e, 0x33, 0x60, 0x60,
  0x60, 0x33, 0x1e, 0x00, 0x3e, 0x63, 0x63, 0x63, 0x63, 0x63, 0x3e, 0x00,
  0x7e, 0x63, 0x63, 0x67, 0x7c, 0x6e, 0x67, 0x00, 0x7f, 0x60, 0x60, 0x7e,
  0x60, 0x60, 0x7f, 0x00, 0x1f, 0x30, 0x60, 0x67, 0x63, 0x33, 0x1f, 0x00,
  0x3c, 0x42, 0x99, 0xa1, 0xa1, 0x99, 0x42, 0x3c, 0x1c, 0x36, 0x63, 0x63,
  0x7f, 0x63, 0x63, 0x00, 0x7e, 0x63, 0x63, 0x7e, 0x63, 0x63, 0x7e, 0x00,
  0x1e, 0x33, 0x60, 0x60, 0x60, 0x33, 0x1e, 0x00, 0x7c, 0x66, 0x63, 0x63,
  0x63, 0x66, 0x7c, 0x00, 0x7f, 0x60, 0x60, 0x7e, 0x60, 0x60, 0x7f, 0x00,
  0x7f, 0x60, 0x60, 0x7e, 0x60, 0x60, 0x60, 0x00, 0x1f, 0x30, 0x60, 0x67,
  0x63, 0x33, 0x1f, 0x00, 0x63, 0x63, 0x63, 0x7f, 0x63, 0x63, 0x63, 0x00,
  0x3f, 0x0c, 0x0c, 0x0c, 0x0c, 0x0c, 0x3f, 0x00, 0x03, 0x03, 0x03, 0x03,
  0x03, 0x63, 0x3e, 0x00, 0x63, 0x66, 0x6c, 0x78, 0x7c, 0x6e, 0x67, 0x00,
  0x60, 0x60, 0x60, 0x60, 0x60, 0x60, 0x7f, 0x00, 0x63, 0x77, 0x7f, 0x7f,
  0x6b, 0x63, 0x63, 0x00, 0x63, 0x73, 0x7b, 0x7f, 0x6f, 0x67, 0x63, 0x00,
  0x3e, 0x63, 0x63, 0x63, 0x63, 0x63, 0x3e, 0x00, 0x7e, 0x63, 0x63, 0x63,
  0x7e, 0x60, 0x60, 0x00, 0x3e, 0x63, 0x63, 0x63, 0x6f, 0x66, 0x3d, 0x00,
  0x7e, 0x63, 0x63, 0x67, 0x7c, 0x6e, 0x67, 0x00, 0x3c, 0x66, 0x60, 0x3e,
  0x03, 0x63, 0x3e, 0x00, 0x3f, 0x0c, 0x0c, 0x0c, 0x0c, 0x0c, 0x0c, 0x00,
  0x63, 0x63, 0x63, 0x63, 0x63, 0x63, 0x3e, 0x00, 0x63, 0x63, 0x63, 0x63,
  0x36, 0x1c, 0x08, 0x00, 0x63, 0x63, 0x6b, 0x7f, 0x7f, 0x77, 0x63, 0x00,
  0x63, 0x77, 0x3e, 0x1c, 0x3e, 0x77, 0x63, 0x00, 0x33, 0x33, 0x33, 0x1e,
  0x0c, 0x0c, 0x0c, 0x00, 0x7f, 0x07, 0x0e, 0x1c, 0x38, 0x70, 0x7f, 0x00,
  0xfe, 0xfe, 0xfe, 0xfe, 0xfe, 0xfe, 0xfe, 0x00, 0xff, 0xff, 0xff, 0xff,
  0xff, 0xff, 0xff, 0x00, 0xfe, 0xfe, 0xfe, 0xfe, 0xfe, 0xfe, 0xfe, 0x00,
  0xff, 0xff, 0xff, 0xff, 0xff, 0xff, 0xff, 0x00, 0x36, 0x36, 0x12, 0x00,
  0x00, 0x00, 0x00, 0x00, 0xfe, 0xfe, 0xfe, 0xfe, 0xfe, 0xfe, 0xfe, 0x00,
  0xff, 0xff, 0xff, 0xff, 0xff, 0xff, 0xff, 0x00, 0xfe, 0xfe, 0xfe, 0xfe,
  0xfe, 0xfe, 0xfe, 0x00, 0xff, 0xff, 0xff, 0xff, 0xff, 0xff, 0xff, 0x00,
  0xfe, 0xfe, 0xfe, 0xfe, 0xfe, 0xfe, 0xfe, 0x00, 0x00, 0x7f, 0x7f, 0x7f,
  0x7f, 0x7f, 0x80, 0x00, 0xfe, 0xfc, 0xfc, 0xfc, 0xfc, 0xfc, 0x00, 0x00,
  0x00, 0x7f, 0x7f, 0x7f, 0x7f, 0x7f, 0x80, 0x00, 0xfe, 0xfc, 0xfc, 0xfc,
  0xfc, 0xfc, 0x00, 0x00, 0x77, 0x77, 0xf7, 0x77, 0x70, 0x00, 0x00, 0x00,
  0xdc, 0xdc, 0xde, 0xdc, 0x1c, 0x00, 0x00, 0x00, 0xff, 0xff, 0xff, 0xff,
  0xff, 0xff, 0x80, 0x00, 0xfe, 0xfc, 0xfc, 0xfc, 0xfc, 0xfc, 0x00, 0x00,
  0x10, 0x20, 0x20, 0x10, 0x08, 0x04, 0x04, 0x08, 0x00, 0x00, 0x00, 0x00,
  0x00, 0x00, 0x00, 0x00, 0x00, 0x00, 0x00, 0x00, 0x00, 0x00, 0x00, 0x00,
  0x00, 0x00, 0x00, 0x00, 0x00, 0x00, 0x00, 0x00, 0x00, 0x00, 0x00, 0x00,
  0x00, 0x00, 0x00, 0x00, 0x00, 0x00, 0x00, 0x00, 0x00, 0x00, 0x00, 0x00,
  0x00, 0x00, 0x00, 0x00, 0x00, 0x00, 0x00, 0x00, 0x00, 0x00, 0x00, 0x00,
  0x00, 0x00, 0x00, 0x00, 0x00, 0x00, 0x00, 0x00, 0x00, 0x00, 0x00, 0x00,
  0x00, 0x00, 0x00, 0x00, 0x00, 0x00, 0x00, 0x00, 0x00, 0x00, 0x00, 0x00,
  0x00, 0x00, 0x00, 0x00, 0x00, 0x00, 0x00, 0x00, 0x00, 0x00, 0x00, 0x00,
  0x00, 0x00, 0x00, 0x00, 0x00, 0x00, 0x00, 0x00, 0x00, 0x00, 0x00, 0x00,
  0x00, 0x00, 0x00, 0x00, 0x00, 0x00, 0x00, 0x00, 0x00, 0x00, 0x00, 0x00,
  0x00, 0x00, 0x00, 0x00, 0x00, 0x00, 0x00, 0x00, 0x00, 0x00, 0x00, 0x00,
  0x00, 0x00, 0x00, 0x00, 0x00, 0x00, 0x00, 0x00, 0x00, 0x00, 0x00, 0x00,
  0x00, 0x00, 0x00, 0x00, 0x00, 0x00, 0x00, 0x00, 0x00, 0x00, 0x00, 0x00,
  0x00, 0x00, 0x00, 0x00, 0x00, 0x00, 0x00, 0x00, 0x00, 0x00, 0x00, 0x00,
  0x00, 0x00, 0x00, 0x00, 0x00, 0x00, 0x00, 0x00, 0x00, 0x00, 0x00, 0x00,
  0x00, 0x00, 0x00, 0x00, 0x00, 0x00, 0x00, 0x00, 0x00, 0x00, 0x00, 0x00,
  0x00, 0x00, 0x00, 0x00, 0x00, 0x00, 0x00, 0x00, 0x00, 0x00, 0x00, 0x00,
  0x00, 0x00, 0x00, 0x00, 0x00, 0x00, 0x00, 0x00, 0x00, 0x00, 0x00, 0x00,
  0x00, 0x00, 0x00, 0x00, 0x00, 0x00, 0x00, 0x00, 0x00, 0x00, 0x00, 0x00,
  0x00, 0x00, 0x00, 0x00, 0x00, 0x00, 0x00, 0x00, 0x00, 0x00, 0x00, 0x00,
  0x00, 0x00, 0x00, 0x00, 0x00, 0x00, 0x00, 0x00, 0x00, 0x00, 0x00, 0x00,
  0x00, 0x00, 0x00, 0x00, 0x00, 0x00, 0x00, 0x00, 0x00, 0x00, 0x00, 0x00,
  0x00, 0x00, 0x00, 0x00, 0x00, 0x00, 0x00, 0x00, 0x00, 0x00, 0x00, 0x00,
  0x00, 0x00, 0x00, 0x00, 0x00, 0x00, 0x00, 0x00, 0x00, 0x00, 0x00, 0x00,
  0x00, 0x00, 0x01, 0x07, 0x0e, 0x19, 0x16, 0x26, 0x07, 0xfb, 0xa0, 0x0b,
  0x37, 0x6c, 0xe3, 0x1e, 0xff, 0x6d, 0x00, 0xbb, 0x7b, 0x00, 0x77, 0xf7,
  0xff, 0xb6, 0x00, 0xdd, 0xde, 0x00, 0xee, 0xef, 0xe0, 0xdf, 0x05, 0xd0,
  0xec, 0x36, 0xc7, 0x78, 0x00, 0x00, 0x80, 0xe0, 0x70, 0x98, 0x68, 0x64,
  0x00, 0x00, 0x00, 0x00, 0x00, 0x00, 0x00, 0x00, 0x00, 0x00, 0x00, 0x00,
  0x00, 0x00, 0x00, 0x00, 0x34, 0x31, 0x6d, 0x4d, 0x6c, 0xa1, 0xad, 0x8e,
  0xde, 0xde, 0xc0, 0x1e, 0xde, 0xdf, 0xee, 0xc0, 0xf7, 0x00, 0xf7, 0xf7,
  0xfb, 0x7b, 0x00, 0x00, 0xef, 0x00, 0xef, 0xef, 0xdf, 0xde, 0x00, 0x00,
  0x7b, 0x7b, 0x03, 0x78, 0x7b, 0xfb, 0x77, 0x03, 0x2c, 0x8c, 0xb6, 0xb2,
  0x36, 0x85, 0xb5, 0x71, 0x00, 0x00, 0x00, 0x00, 0x00, 0x00, 0x00, 0x00,
  0x00, 0x00, 0x00, 0x00, 0x00, 0x00, 0x00, 0x00, 0xb6, 0xb8, 0xd0, 0xe0,
  0x80, 0xc0, 0x80, 0x80, 0x00, 0x00, 0x00, 0x00, 0x00, 0x00, 0x00, 0x00,
  0x00, 0x00, 0x00, 0x00, 0x05, 0x04, 0x01, 0x05, 0x00, 0x00, 0x00, 0x00,
  0xa0, 0x20, 0x80, 0xa0, 0x00, 0x00, 0x00, 0x00, 0x00, 0x00, 0x00, 0x00,
  0x6d, 0x1d, 0x0b, 0x07, 0x01, 0x03, 0x01, 0x01, 0x00, 0x00, 0x00, 0x00,
  0x00, 0x00, 0x00, 0x00, 0x00, 0x00, 0x00, 0x00, 0x01, 0x03, 0x02, 0x06,
  0x80, 0x80, 0x95, 0xa8, 0x43, 0x16, 0xb1, 0x87, 0x00, 0xda, 0x00, 0xbb,
  0x80, 0x3b, 0x7b, 0x00, 0x10, 0xcd, 0x4d, 0x88, 0x23, 0x9b, 0x9b, 0x18,
  0x08, 0xb3, 0xb2, 0x11, 0xc4, 0xd9, 0xd9, 0x18, 0x00, 0x5b, 0x00, 0xdd,
  0x01, 0xdc, 0xde, 0x00, 0x01, 0x01, 0xa9, 0x15, 0xc2, 0x68, 0x8d, 0xe1,
  0x00, 0x00, 0x00, 0x00, 0x80, 0xc0, 0x40, 0x60, 0x04, 0x06, 0x05, 0x04,
  0x05, 0x04, 0x05, 0x04, 0x30, 0x77, 0x0f, 0x6e, 0x60, 0x0e, 0x6e, 0x6e,
  0x77, 0x77, 0x77, 0x00, 0xf3, 0xf7, 0xf3, 0xec, 0x47, 0x3b, 0x75, 0xee,
  0x5f, 0x80, 0x00, 0x00, 0xe2, 0xdc, 0xae, 0x77, 0xfa, 0x01, 0x00, 0x00,
  0xee, 0xee, 0xee, 0x00, 0xcf, 0xef, 0xcf, 0x37, 0x0c, 0xee, 0xf0, 0x76,
  0x06, 0x70, 0x76, 0x76, 0x20, 0x60, 0xa0, 0x20, 0xa0, 0x20, 0xa0, 0x20,
  0x05, 0x04, 0x05, 0x04, 0x05, 0x06, 0x02, 0x03, 0x00, 0xb7, 0x37, 0x83,
  0x38, 0x8b, 0xd1, 0x60, 0x08, 0x60, 0x60, 0x60, 0x00, 0xb0, 0xb8, 0x06,
  0x00, 0x00, 0x00, 0x00, 0x00, 0x00, 0x1d, 0x3b, 0x00, 0x00, 0x00, 0x00,
  0x00, 0x00, 0xb8, 0xdc, 0x10, 0x06, 0x06, 0x06, 0x00, 0x0d, 0x1d, 0x60,
  0x00, 0xed, 0xec, 0xc1, 0x1c, 0xd1, 0x8b, 0x06, 0xa0, 0x20, 0xa0, 0x20,
  0xa0, 0x60, 0x40, 0xc0, 0x01, 0x01, 0x01, 0x00, 0x00, 0x00, 0x00, 0x00,
  0xad, 0x06, 0xb0, 0xd6, 0xd6, 0x86, 0xd0, 0xd6, 0xd9, 0xc7, 0x28, 0xd0,
  0xe0, 0xf3, 0xed, 0x60, 0xd7, 0x00, 0x00, 0x00, 0x7b, 0xbd, 0x80, 0x5d,
  0xeb, 0x00, 0x00, 0x00, 0xde, 0xbd, 0x01, 0xba, 0x9b, 0xe3, 0x14, 0x0b,
  0x07, 0xcf, 0xb7, 0x06, 0xb5, 0x60, 0x0d, 0x6b, 0x6b, 0x61, 0x0b, 0x6b,
  0x80, 0x80, 0x80, 0x00, 0x00, 0x00, 0x00, 0x00, 0x00, 0x01, 0x01, 0x01,
  0x01, 0x01, 0x01, 0x03, 0xd6, 0x06, 0xa8, 0xae, 0x2d, 0x85, 0xa9, 0xac,
  0x8c, 0xef, 0xe7, 0xe8, 0x2e, 0xce, 0xc6, 0xd8, 0xeb, 0x17, 0x60, 0xf7,
  0x37, 0xc0, 0xf7, 0xf7, 0xd7, 0xe8, 0x06, 0xef, 0xec, 0x03, 0xef, 0xef,
  0x31, 0xf7, 0xe7, 0x17, 0x74, 0x73, 0x63, 0x1b, 0x6b, 0x60, 0x15, 0x75,
  0xb4, 0xa1, 0x95, 0x35, 0x00, 0x80, 0x80, 0x80, 0x80, 0x80, 0x80, 0xc0,
  0x03, 0x03, 0x03, 0x02, 0x07, 0x04, 0x06, 0x05, 0xad, 0x6d, 0x5d, 0x5d,
  0x1b, 0xcb, 0xb0, 0x17, 0x5e, 0x9e, 0xcd, 0xd1, 0xbc, 0xbd, 0x3d, 0x40,
  0x07, 0xf0, 0xf7, 0xef, 0x0f, 0xe0, 0xef, 0xef, 0xe0, 0x0f, 0xef, 0xf7,
  0xf0, 0x07, 0xf7, 0xf7, 0x7a, 0x79, 0xb3, 0x8b, 0x3d, 0xbd, 0xbc, 0x02,
  0xb5, 0xb6, 0xba, 0xba, 0xd8, 0xd3, 0x0d, 0xe8, 0xc0, 0xc0, 0xc0, 0x40,
  0xe0, 0x20, 0x60, 0xa0, 0x02, 0x01, 0x00, 0x00, 0x00, 0x01, 0x02, 0x07,
  0xa0, 0x17, 0x81, 0x42, 0xd8, 0x97, 0x66, 0x68, 0x7b, 0x03, 0x78, 0x1d,
  0xa0, 0x06, 0xf0, 0xef, 0x00, 0xef, 0x00, 0xef, 0x00, 0xf7, 0x00, 0x7b,
  0x00, 0xf7, 0x00, 0xf7, 0x00, 0xef, 0x00, 0xde, 0xde, 0xc0, 0x1e, 0xb8,
  0x05, 0x60, 0x0f, 0xf7, 0x05, 0xe8, 0x81, 0x42, 0x1b, 0xe9, 0x66, 0x16,
  0x40, 0x80, 0x00, 0x00, 0x00, 0x80, 0x40, 0xe0, 0x06, 0x0e, 0x0d, 0x13,
  0x19, 0x3a, 0x36, 0x36, 0x9d, 0xdb, 0xa3, 0xb0, 0x77, 0x77, 0x2f, 0xc7,
  0x0e, 0xd0, 0xbd, 0xbd, 0x1d, 0x60, 0x7b, 0x7b, 0xfb, 0x00, 0xf7, 0xf7,
  0xf7, 0x00, 0xf7, 0xef, 0xdf, 0x00, 0xef, 0xef, 0xef, 0x00, 0xef, 0xf7,
  0x70, 0x0b, 0xbd, 0xbd, 0xb8, 0x06, 0xde, 0xde, 0xb9, 0xdb, 0xc5, 0x0d,
  0xee, 0xee, 0xf4, 0xe3, 0x60, 0x70, 0xb0, 0xc8, 0x98, 0x5c, 0x6c, 0x6c,
  0x76, 0x6d, 0x1d, 0x07, 0x01, 0x00, 0x00, 0x00, 0xe8, 0xde, 0xde, 0xde,
  0xfd, 0x1d, 0x03, 0x00, 0x3b, 0xc1, 0xf6, 0xf7, 0xf7, 0xf7, 0xf7, 0x0f,
  0xef, 0xef, 0x00, 0xef, 0xef, 0xef, 0xef, 0xff, 0xf7, 0xf7, 0x00, 0xf7,
  0xf7, 0xf7, 0xf7, 0xff, 0xdc, 0x83, 0x6f, 0xef, 0xef, 0xef, 0xef, 0xf0,
  0x17, 0x7b, 0x7b, 0x7b, 0xbf, 0xb8, 0xc0, 0x00, 0x6e, 0xb6, 0xb8, 0xe0,
  0x80, 0x00, 0x00, 0x00, 0x08, 0x60, 0x60, 0x60, 0x00, 0xb0, 0xb8, 0x05,
  0x00, 0x00, 0x00, 0x00, 0x00, 0x00, 0x1b, 0x77, 0x00, 0x00, 0x00, 0x00,
  0x00, 0x00, 0xd8, 0xee, 0x10, 0x06, 0x06, 0x06, 0x00, 0x0d, 0x1d, 0xa0,
  0xdb, 0xc7, 0x22, 0xc4, 0xd4, 0xee, 0xe6, 0x67, 0xaf, 0xf0, 0x00, 0x00,
  0x00, 0x00, 0x00, 0x00, 0xf5, 0x0f, 0x00, 0x00, 0x00, 0x00, 0x00, 0x00,
  0xdb, 0xe3, 0x44, 0x23, 0x2b, 0x77, 0x67, 0xe6, 0x8b, 0xed, 0xe6, 0xe8,
  0x2e, 0xce, 0xc6, 0xd8, 0x80, 0x60, 0xd8, 0x6f, 0x37, 0xcb, 0xf0, 0xf7,
  0x01, 0x06, 0x1b, 0xf6, 0xec, 0xd3, 0x0f, 0xef, 0xd1, 0xb7, 0x67, 0x17,
  0x74, 0x73, 0x63, 0x1b, 0x00, 0x00, 0x00, 0x00, 0x00, 0x00, 0x00, 0x00,
  0x00, 0x00, 0x00, 0x00, 0x00, 0x00, 0x00, 0x00, 0x00, 0x00, 0x00, 0x00,
  0x00, 0x00, 0x00, 0x00, 0x00, 0x00, 0x00, 0x00, 0x00, 0x00, 0x00, 0x00,
  0x00, 0x04, 0x00, 0x00, 0x00, 0x04, 0x11, 0x11, 0xe1, 0xe1, 0xf1, 0x00,
  0x03, 0xe1, 0xe1, 0xe1, 0x00, 0x03, 0xef, 0xef, 0x00, 0x04, 0xef, 0xe1,
  0x00, 0x03, 0xef, 0xef, 0xef, 0x00, 0x09, 0xe1, 0xe1, 0xe1, 0xf1, 0x00,
  0x03, 0xe1, 0xe1, 0xe1, 0xf1, 0x00, 0x03, 0xe1, 0xe1, 0xe1, 0xf1, 0x00,
  0x03, 0xe1, 0xe1, 0xe1, 0xf1, 0x00, 0x03, 0xe1, 0xe1, 0xe1, 0xf1, 0x00,
  0x03, 0xe1, 0xe1, 0xe1, 0xf1, 0x00, 0x26, 0xe1, 0xe1, 0xe1, 0x00, 0x03,
  0xef, 0xef, 0x00, 0x02, 0xef, 0xe1, 0x00, 0x03, 0xe1, 0xe1, 0xef, 0xe1,
  0x00, 0x03, 0xef, 0xef, 0xe1, 0xe1, 0xe1, 0x00, 0x03, 0xef, 0xef, 0x00,
  0x02, 0xef, 0xe1, 0x00, 0x08, 0xf1, 0xf1, 0x00, 0x02, 0xef, 0xe1, 0xe1,
  0xe1, 0x00, 0x03, 0xef, 0xef, 0xef, 0xe1, 0xef, 0x00, 0x02, 0xf1, 0xf1,
  0x00, 0x04, 0x00, 0x00, 0x00, 0x02, 0xf1, 0xf1, 0xf1, 0xef, 0xe1, 0xef,
  0x00, 0x0c, 0xf1, 0xf1, 0x00, 0x08, 0x91, 0x91, 0x00, 0x08, 0x71, 0x71,
  0x00, 0x04, 0x31, 0x31, 0x00, 0x08, 0x81, 0x81, 0x00, 0x0c, 0xf1, 0xf1,
  0x00, 0x04, 0x81, 0x81, 0x00, 0x28, 0xf1, 0xf1, 0x00, 0x18, 0x81, 0x81,
  0x00, 0x6c, 0xf1, 0xf1, 0x00, 0x04, 0x31, 0x31, 0x00, 0x08, 0x81, 0x81,
  0x00, 0x04, 0x51, 0x51, 0x00, 0x04, 0xf1, 0xf1, 0x00, 0x04, 0x51, 0x51,
  0x00, 0x08, 0xd1, 0xd1, 0x00, 0x08, 0xb1, 0xb1, 0x00, 0x03, 0xef, 0xef,
  0xf1, 0xf1, 0xf1, 0x00, 0x03, 0xe1, 0xe1, 0xe1, 0x00, 0x03, 0xaf, 0xaf,
  0xf1, 0xf1, 0xf1, 0x00, 0x03, 0xa1, 0xa1, 0xa1, 0xe1, 0xf1, 0x00, 0x03,
  0xe1, 0xe1, 0xe1, 0xf1, 0x00, 0x03, 0xe1, 0xe1, 0x00, 0x0c, 0xf1, 0xf1,
  0x00, 0x88, 0x00, 0x00, 0x01, 0xb0, 0x81, 0x81, 0x00, 0x11, 0x00, 0x00,
  0x00, 0xff, 0xff, 0x13, 0x00, 0x00, 0x00, 0x00, 0x00, 0x00, 0x00, 0x00,
  0x00, 0x00, 0x00, 0x00, 0x00, 0x00, 0x00, 0x00, 0x00, 0x00, 0x00, 0x00,
  0x00, 0x00, 0x00, 0x00, 0x00, 0x00, 0x00, 0x00, 0x00, 0x00, 0x00, 0x00,
  0xff, 0xff, 0xff, 0xff, 0xff, 0x00, 0xff, 0x00, 0x00, 0x00, 0x00, 0x00,
  0x00, 0x00, 0x00, 0x00, 0xff, 0xff, 0xff, 0xff, 0xff, 0x00, 0xff, 0x00,
  0x00, 0x00, 0x00, 0x00, 0x00, 0x00, 0x00, 0x00, 0x00, 0x00, 0x00, 0x00,
  0x00, 0x00, 0x00, 0x00, 0x00, 0x00, 0x00, 0x00, 0x00, 0x00, 0x00, 0x00,
  0x1e, 0x3e, 0x7e, 0xbe, 0xbe, 0x7e, 0x3e, 0x1e, 0x00, 0x00, 0x00, 0x00,
  0x00, 0x00, 0x00, 0x00, 0x78, 0x7c, 0x7e, 0x7d, 0x7d, 0x7e, 0x7c, 0x78,
  0x00, 0x00, 0x00, 0x00, 0x00, 0x00, 0x00, 0x00, 0x00, 0x00, 0x00, 0x00,
  0x00, 0x00, 0x00, 0x00, 0x00, 0x00, 0x00, 0x00, 0x00, 0x00, 0x00, 0x00,
  0xff, 0xff, 0xff, 0xff, 0x07, 0x00, 0xf7, 0x00, 0x00, 0x00, 0x00, 0x00,
  0x00, 0x00, 0x00, 0x00, 0xff, 0xff, 0xff, 0xff, 0xe0, 0x00, 0xef, 0x00,
  0x00, 0x00, 0x00, 0x00, 0x00, 0x00, 0x00, 0x00, 0x00, 0x00, 0x00, 0x00,
  0x00, 0x00, 0x00, 0x00, 0x00, 0x00, 0x00, 0x00, 0x00, 0x00, 0x00, 0x00,
  0x0e, 0x16, 0x2e, 0x7e, 0xf0, 0xe6, 0x4e, 0x1e, 0x00, 0x00, 0x00, 0x00,
  0x00, 0x00, 0x00, 0x00, 0x70, 0x68, 0x74, 0x7e, 0x0f, 0x67, 0x72, 0x78,
  0x00, 0x00, 0x00, 0x00, 0x00, 0x00, 0x00, 0x00, 0x00, 0x00, 0x00, 0x00,
  0x00, 0x00, 0x00, 0x00, 0x00, 0x00, 0x00, 0x00, 0x00, 0x00, 0x00, 0x00,
  0x00, 0x00, 0x00, 0x00, 0xf8, 0x08, 0x08, 0x00, 0x00, 0x00, 0x00, 0x00,
  0x00, 0x00, 0x00, 0x00, 0x00, 0x00, 0x00, 0x00, 0x1f, 0x10, 0x10, 0x00,
  0x00, 0x00, 0x00, 0x00, 0x00, 0x00, 0x00, 0x00, 0x00, 0x00, 0x00, 0x00,
  0x00, 0x00, 0x00, 0x00, 0x00, 0x00, 0x00, 0x00, 0x00, 0x00, 0x00, 0x00,
  0x1e, 0x2e, 0x72, 0x8c, 0xb6, 0x78, 0x36, 0x0e, 0x00, 0x00, 0x00, 0x00,
  0x00, 0x00, 0x00, 0x00, 0xf7, 0xf7, 0xeb, 0xdc, 0xbd, 0x00, 0xfb, 0x00,
  0x00, 0x00, 0x00, 0x00, 0x00, 0x00, 0x00, 0x00, 0xdf, 0xe9, 0xf6, 0x77,
  0xb7, 0x00, 0xdf, 0x00, 0x00, 0x00, 0x00, 0x00, 0x00, 0x00, 0x00, 0x00,
  0x78, 0x0c, 0x72, 0x1d, 0x6d, 0x72, 0x6c, 0x58, 0x00, 0x00, 0x00, 0x00,
  0x00, 0x00, 0x00, 0x00, 0x00, 0x00, 0x00, 0x00, 0x00, 0x00, 0x00, 0x00,
  0x00, 0x00, 0x00, 0x00, 0x00, 0x00, 0x00, 0x00, 0x00, 0x00, 0x00, 0x00,
  0x00, 0x00, 0x00, 0x00, 0x00, 0x00, 0x00, 0x02, 0x07, 0x0e, 0x0c, 0x00,
  0x00, 0x00, 0x00, 0x00, 0x00, 0x00, 0x00, 0x00, 0x00, 0x00, 0x00, 0x07,
  0x07, 0x00, 0x00, 0x00, 0x00, 0x00, 0x00, 0x00, 0x00, 0x00, 0x00, 0x00,
  0x00, 0x00, 0x00, 0x80, 0x86, 0x03, 0x01, 0x00, 0x00, 0x00, 0x00, 0x00,
  0x00, 0x00, 0x00, 0x00, 0x00, 0x00, 0x00, 0x00, 0x00, 0x00, 0x00, 0x00,
  0x00, 0x00, 0x00, 0x00, 0x00, 0x00, 0x00, 0x00, 0x00, 0x00, 0x00, 0x01,
  0x03, 0x01, 0x00, 0x00, 0x00, 0x00, 0x00, 0x00, 0x00, 0x00, 0x00, 0x00,
  0x00, 0x00, 0x00, 0x00, 0x80, 0xc0, 0x80, 0x00, 0x01, 0x03, 0x06, 0x00,
  0x00, 0x00, 0x00, 0x01, 0x03, 0x01, 0x00, 0x00, 0x00, 0x00, 0x00, 0x00,
  0x80, 0x00, 0x00, 0x00, 0x00, 0x00, 0x00, 0x00, 0x80, 0x00, 0x00, 0x00,
  0x00, 0x00, 0x00, 0x00, 0x00, 0x00, 0x01, 0x03, 0x01, 0x18, 0x0c, 0x04,
  0x00, 0x00, 0x00, 0x00, 0x00, 0x00, 0x00, 0x00, 0x00, 0x00, 0x80, 0xc0,
  0x80, 0x00, 0x00, 0x00, 0x00, 0x20, 0x70, 0x70, 0x20, 0x00, 0x00, 0x00,
  0x00, 0x00, 0x01, 0x03, 0x03, 0x01, 0x00, 0x20, 0x70, 0x71, 0x21, 0x00,
  0x00, 0x00, 0x00, 0x00, 0x00, 0x00, 0x00, 0x00, 0x00, 0x00, 0x00, 0x00,
  0x00, 0x00, 0x80, 0x80, 0x00, 0x00, 0x00, 0x00, 0x00, 0x00, 0x00, 0x01,
  0x01, 0x00, 0x00, 0x00, 0x04, 0x0c, 0x18, 0x01, 0x00, 0x00, 0x00, 0x00,
  0x00, 0x00, 0x00, 0xc0, 0xc0, 0x00, 0x00, 0x00, 0x00, 0x40, 0xc0, 0x80,
  0x00, 0x00, 0x00, 0x00, 0x00, 0x00, 0x00, 0x00, 0x00, 0x00, 0x00, 0x00,
  0x00, 0x18, 0x30, 0x20, 0x00, 0x00, 0x00, 0x00, 0x00, 0x00, 0x00, 0x00,
  0x00, 0x00, 0x00, 0x00, 0x07, 0x00, 0x00, 0x00, 0x00, 0x00, 0x00, 0x00,
  0x00, 0x00, 0x00, 0x00, 0x00, 0x00, 0x00, 0x00, 0x00, 0x00, 0x00, 0x00,
  0x00, 0x00, 0x00, 0x00, 0x00, 0x00, 0x00, 0x00, 0x00, 0x00, 0x00, 0x00,
  0x00, 0x20, 0x10, 0x00, 0x00, 0x00, 0x00, 0x00, 0x00, 0x00, 0x00, 0x00,
  0x00, 0x00, 0x00, 0x00, 0x00, 0x00, 0x00, 0x00, 0x00, 0x00, 0x00, 0x00,
  0x00, 0x00, 0x00, 0x00, 0x00, 0x00, 0x00, 0x00, 0x00, 0x08, 0x1c, 0x08,
  0x00, 0x00, 0x00, 0x00, 0x00, 0x00, 0x00, 0x18, 0x18, 0x00, 0x00, 0x00,
  0x00, 0x00, 0x00, 0x01, 0x00, 0x00, 0x00, 0x00, 0x00, 0x00, 0x00, 0x00,
  0x00, 0x00, 0x00, 0x00, 0x00, 0x00, 0x00, 0x80, 0xc0, 0x00, 0x00, 0x00,
  0x00, 0x00, 0x00, 0x00, 0x80, 0x00, 0x00, 0x00, 0x00, 0x00, 0x00, 0x00,
  0x00, 0x00, 0x00, 0x00, 0x00, 0x00, 0x00, 0x00, 0x00, 0x00, 0x00, 0x00,
  0x00, 0x00, 0x00, 0x00, 0x00, 0x80, 0x00, 0x00, 0x00, 0x00, 0x00, 0x00,
  0x00, 0x00, 0x00, 0x00, 0x00, 0x00, 0x00, 0x00, 0x00, 0x00, 0x30, 0x30,
  0x00, 0x00, 0x00, 0x00, 0x00, 0x00, 0x03, 0x03, 0x00, 0x00, 0x00, 0x00,
  0x00, 0x00, 0x20, 0x00, 0x00, 0x00, 0x00, 0x00, 0x00, 0x00, 0x00, 0x00,
  0x00, 0x00, 0x00, 0x00, 0x00, 0x00, 0x00, 0x00, 0x00, 0x00, 0x00, 0x00,
  0x00, 0x06, 0x06, 0x00, 0x00, 0x00, 0x00, 0x00, 0x00, 0x40, 0xc0, 0x80,
  0x7e, 0x63, 0x63, 0x67, 0x7c, 0x6e, 0x67, 0x00, 0x00, 0x00, 0x00, 0x00,
  0x00, 0x00, 0x00, 0x00, 0x7f, 0x60, 0x60, 0x7e, 0x60, 0x60, 0x7f, 0x00,
  0x00, 0x00, 0x00, 0x00, 0x00, 0x00, 0x00, 0x00, 0x1c, 0x36, 0x63, 0x63,
  0x7f, 0x63, 0x63, 0x00, 0x00, 0x00, 0x00, 0x00, 0x00, 0x00, 0x00, 0x00,
  0x7c, 0x66, 0x63, 0x63, 0x63, 0x66, 0x7c, 0x00, 0x00, 0x00, 0x00, 0x00,
  0x00, 0x00, 0x00, 0x00, 0x33, 0x33, 0x33, 0x1e, 0x0c, 0x0c, 0x0c, 0x00,
  0x00, 0x00, 0x00, 0x00, 0x00, 0x00, 0x00, 0x00, 0x00, 0x00, 0x00, 0x00,
  0x00, 0x00, 0x00, 0x00, 0x00, 0x00, 0x00, 0x00, 0x00, 0x00, 0x00, 0x00,
  0x1f, 0x30, 0x60, 0x67, 0x63, 0x33, 0x1f, 0x00, 0x00, 0x00, 0x00, 0x00,
  0x00, 0x00, 0x00, 0x00, 0x1c, 0x36, 0x63, 0x63, 0x7f, 0x63, 0x63, 0x00,
  0x00, 0x00, 0x00, 0x00, 0x00, 0x00, 0x00, 0x00, 0x63, 0x77, 0x7f, 0x7f,
  0x6b, 0x63, 0x63, 0x00, 0x00, 0x00, 0x00, 0x00, 0x00, 0x00, 0x00, 0x00,
  0x7f, 0x60, 0x60, 0x7e, 0x60, 0x60, 0x7f, 0x00, 0x00, 0x00, 0x00, 0x00,
  0x00, 0x00, 0x00, 0x00, 0x3e, 0x63, 0x63, 0x63, 0x63, 0x63, 0x3e, 0x00,
  0x00, 0x00, 0x00, 0x00, 0x00, 0x00, 0x00, 0x00, 0x63, 0x63, 0x63, 0x77,
  0x3e, 0x1c, 0x08, 0x00, 0x00, 0x00, 0x00, 0x00, 0x00, 0x00, 0x00, 0x00,
  0x7f, 0x60, 0x60, 0x7e, 0x60, 0x60, 0x7f, 0x00, 0x00, 0x00, 0x00, 0x00,
  0x00, 0x00, 0x00, 0x00, 0x7e, 0x63, 0x63, 0x67, 0x7c, 0x6e, 0x67, 0x00,
  0x00, 0x00, 0x00, 0x00, 0x00, 0x00, 0x00, 0x00, 0x70, 0xf8, 0xf8, 0x70,
  0x00, 0x00, 0x00, 0x00, 0x00, 0x00, 0x00, 0x00, 0x00, 0x00, 0x00, 0x00,
  0x00, 0x00, 0x00, 0x00, 0x00, 0x00, 0x00, 0x00, 0x00, 0x00, 0x00, 0x00,
  0x00, 0x00, 0x00, 0x00, 0x40, 0xe0, 0xe0, 0xe0, 0xe0, 0xe0, 0xe0, 0x40,
  0x00, 0x00, 0x00, 0x00, 0x00, 0x00, 0x00, 0x00, 0x02, 0x07, 0x07, 0x07,
  0x07, 0x07, 0x07, 0x02, 0x00, 0x00, 0x00, 0x00, 0x00, 0x00, 0x00, 0x00,
  0x7f, 0xff, 0xff, 0xff, 0xff, 0xff, 0x7f, 0x00, 0x00, 0x00, 0x00, 0x00,
  0x00, 0x00, 0x00, 0x00, 0xfe, 0xff, 0xff, 0xff, 0xff, 0xff, 0xfe, 0x00,
  0x00, 0x00, 0x00, 0x00, 0x00, 0x00, 0x00, 0x00, 0x00, 0x18, 0x3c, 0x7e,
  0xff, 0x7e, 0x3c, 0x18, 0x00, 0x00, 0x00, 0x00, 0x00, 0x00, 0x00, 0x00,
  0x00, 0x00, 0x00, 0x00, 0x00, 0x00, 0x00, 0x00, 0x00, 0x00, 0x00, 0x00,
  0x00, 0x00, 0x00, 0x00, 0x00, 0x00, 0x07, 0x19, 0x28, 0x6b, 0x7f, 0x6b,
  0x66, 0x37, 0x3c, 0x1e, 0x07, 0x00, 0x00, 0x00, 0x00, 0x00, 0xe0, 0xbc,
  0xe4, 0x36, 0xfe, 0xde, 0xb6, 0xe6, 0x7c, 0x38, 0xe0, 0x00, 0x00, 0x00,
  0x00, 0xc0, 0x71, 0x5f, 0x20, 0x33, 0x35, 0x67, 0xc1, 0x66, 0x35, 0x20,
  0x2e, 0x7b, 0x41, 0x81, 0x81, 0x82, 0xde, 0x74, 0x04, 0x04, 0x36, 0xd3,
  0x06, 0xac, 0xcc, 0x04, 0xfa, 0x8e, 0x03, 0x00, 0x00, 0x07, 0x1f, 0x1f,
  0x33, 0x67, 0xfe, 0xfc, 0x7f, 0x3e, 0x3f, 0x67, 0x39, 0x1f, 0x07, 0x00,
  0x00, 0xc0, 0xf0, 0xfe, 0xee, 0xe7, 0xf7, 0xff, 0xbf, 0x1f, 0x3b, 0xf6,
  0xe6, 0xfc, 0xf0, 0x00, 0x00, 0x06, 0x00, 0x08, 0x00, 0x40, 0x80, 0x80,
  0x00, 0x20, 0x10, 0x00, 0x10, 0x0c, 0x00, 0x00, 0x00, 0x30, 0x08, 0x00,
  0x08, 0x04, 0x05, 0x01, 0x00, 0x01, 0x00, 0x00, 0xc8, 0x10, 0x00, 0x00,
  0x00, 0x00, 0x00, 0x02, 0x0f, 0x12, 0x12, 0x3f, 0x12, 0x12, 0x0f, 0x02,
  0x00, 0x00, 0x00, 0x00, 0x00, 0x00, 0x00, 0x40, 0xf0, 0x48, 0x48, 0xfc,
  0x48, 0x48, 0xf0, 0x40, 0x00, 0x00, 0x00, 0x00, 0x00, 0x00, 0x00, 0x00,
  0x00, 0x00, 0x00, 0x00, 0x00, 0x00, 0x00, 0x00, 0x00, 0x00, 0x00, 0x00,
  0x00, 0x00, 0x00, 0x00, 0x00, 0x00, 0x00, 0x00, 0x00, 0x00, 0x00, 0x00,
  0x00, 0x00, 0x00, 0x00, 0x00, 0x00, 0x00, 0x00, 0x00, 0x00, 0x00, 0x00,
  0x00, 0x00, 0x00, 0x00, 0x00, 0x00, 0x00, 0x00, 0x00, 0x00, 0x00, 0x00,
  0x00, 0x00, 0x00, 0x00, 0x00, 0x00, 0x00, 0x00, 0x00, 0x00, 0x00, 0x00,
  0x00, 0x00, 0x00, 0x00, 0x00, 0x00, 0x00, 0x00, 0x00, 0x00, 0x00, 0x00,
  0x00, 0x00, 0x00, 0x00, 0x00, 0x00, 0x00, 0x00, 0x00, 0x00, 0x00, 0x00,
  0x00, 0x00, 0x00, 0x00, 0x00, 0x00, 0x00, 0x00, 0x00, 0x00, 0x00, 0x00,
  0x00, 0x00, 0x00, 0x00, 0x00, 0x00, 0x00, 0x00, 0x00, 0x00, 0x00, 0x00,
  0x00, 0x00, 0x00, 0x00, 0x00, 0x00, 0x00, 0x00, 0x00, 0x00, 0x00, 0x00,
  0x00, 0x00, 0x00, 0x00, 0x00, 0x00, 0x00, 0x00, 0x00, 0x00, 0x00, 0x00,
  0x00, 0x00, 0x00, 0x00, 0x00, 0x00, 0x00, 0x00, 0x00, 0x00, 0x00, 0x00,
  0x00, 0x00, 0x00, 0x00, 0x00, 0x00, 0x00, 0x00, 0x00, 0x00, 0x00, 0x00,
  0x00, 0x00, 0x00, 0x00, 0x00, 0x00, 0x00, 0x00, 0x00, 0x00, 0x00, 0x00,
  0x00, 0x00, 0x00, 0x00, 0x00, 0x00, 0x00, 0x00, 0x00, 0x00, 0x00, 0x00,
  0x00, 0x00, 0x00, 0x00, 0x00, 0x00, 0x00, 0x00, 0x00, 0x00, 0x00, 0x00,
  0x00, 0x00, 0x00, 0x00, 0x00, 0x00, 0x00, 0x00, 0x00, 0x00, 0x00, 0x00,
  0x00, 0x00, 0x00, 0x00, 0x00, 0x00, 0x00, 0x00, 0x00, 0x00, 0x00, 0x00,
  0x00, 0x00, 0x00, 0x00, 0x01, 0x03, 0x03, 0x07, 0x07, 0x0f, 0x0f, 0x07,
  0x18, 0x1f, 0x2f, 0x70, 0x7f, 0x3f, 0x0f, 0x00, 0x00, 0x80, 0x80, 0xc0,
  0xc0, 0xe0, 0xe0, 0xc0, 0x30, 0xf0, 0xe8, 0x1c, 0xfc, 0xf8, 0xe0, 0x00,
  0x06, 0x07, 0x07, 0x07, 0x07, 0x07, 0x07, 0x03, 0x1c, 0x3f, 0x7f, 0x3c,
  0x43, 0x7f, 0x3f, 0x00, 0x00, 0x00, 0x80, 0xc0, 0xe0, 0xe0, 0xe0, 0x80,
  0x60, 0xd8, 0xbc, 0x7c, 0xf8, 0xe0, 0x00, 0x00, 0x18, 0x1e, 0x1f, 0x0f,
  0x0f, 0x0f, 0x07, 0x06, 0x00, 0x03, 0x1f, 0x7f, 0x7f, 0x7c, 0x60, 0x00,
  0x00, 0x00, 0x80, 0xc0, 0xf0, 0xe0, 0x80, 0x00, 0x70, 0xf8, 0xfc, 0xf0,
  0x80, 0x00, 0x00, 0x00, 0x06, 0x07, 0x07, 0x07, 0x07, 0x04, 0x00, 0x03,
  0x1f, 0x3e, 0x71, 0x4f, 0x3f, 0x7f, 0x3f, 0x00, 0x00, 0x00, 0x80, 0xc0,
  0x00, 0xe0, 0x20, 0xc0, 0xf0, 0x00, 0xf8, 0xfc, 0xf8, 0xe0, 0x00, 0x00,
  0x01, 0x03, 0x03, 0x07, 0x00, 0x07, 0x00, 0x0f, 0x10, 0x0f, 0x3f, 0x7f,
  0x7f, 0x3f, 0x0f, 0x00, 0x00, 0x80, 0x80, 0xc0, 0x00, 0xc0, 0x00, 0xe0,
  0x10, 0xe0, 0xf8, 0xfc, 0xfc, 0xf8, 0xe0, 0x00, 0x00, 0x00, 0x01, 0x03,
  0x00, 0x07, 0x04, 0x03, 0x0f, 0x00, 0x1f, 0x3f, 0x1f, 0x07, 0x00, 0x00,
  0x60, 0xe0, 0xe0, 0xe0, 0xe0, 0x20, 0x00, 0xc0, 0xf8, 0x7c, 0x8e, 0xf2,
  0xfc, 0xfe, 0xfc, 0x00, 0x00, 0x00, 0x01, 0x03, 0x0f, 0x07, 0x01, 0x00,
  0x0e, 0x1f, 0x3f, 0x0f, 0x01, 0x00, 0x00, 0x00, 0x18, 0x78, 0xf8, 0xf0,
  0xf0, 0xf0, 0xe0, 0x60, 0x00, 0xc0, 0xf8, 0xfe, 0xfe, 0x3e, 0x06, 0x00,
  0x00, 0x00, 0x01, 0x03, 0x07, 0x07, 0x07, 0x01, 0x06, 0x1b, 0x3d, 0x3e,
  0x1f, 0x07, 0x00, 0x00, 0x60, 0xe0, 0xe0, 0xe0, 0xe0, 0xe0, 0xe0, 0xc0,
  0x38, 0xfc, 0xfe, 0x3c, 0xc2, 0xfe, 0xfc, 0x00, 0x01, 0x01, 0x03, 0x02,
  0x06, 0x04, 0x0d, 0x09, 0x18, 0x13, 0x3c, 0x33, 0x00, 0x00, 0x00, 0x00,
  0x00, 0x00, 0x80, 0xc0, 0x50, 0x68, 0xac, 0xb6, 0xc3, 0x1c, 0xf0, 0x00,
  0x00, 0x00, 0x00, 0x00, 0x00, 0x00, 0x00, 0x03, 0x0e, 0x38, 0xe1, 0x61,
  0x38, 0x0c, 0x07, 0x01, 0x00, 0x00, 0x00, 0x00, 0x00, 0x00, 0xc0, 0xd8,
  0x5c, 0x4c, 0xc8, 0xd8, 0x50, 0x50, 0x40, 0xc0, 0xc0, 0x00, 0x00, 0x00,
  0x00, 0x00, 0x38, 0x2f, 0x31, 0x10, 0x11, 0x11, 0x18, 0x09, 0x0b, 0x0c,
  0x0a, 0x00, 0x00, 0x00, 0x00, 0x00, 0x00, 0x00, 0xe0, 0x3c, 0x8e, 0xb8,
  0x63, 0xc7, 0x3c, 0xe0, 0x00, 0x00, 0x00, 0x00, 0x01, 0x01, 0x03, 0x06,
  0x04, 0x0c, 0x19, 0x11, 0x30, 0x60, 0x7f, 0x00, 0x00, 0x00, 0x00, 0x00,
  0x00, 0x00, 0x80, 0xc0, 0x40, 0x60, 0xb0, 0x90, 0x18, 0x0c, 0xfc, 0x00,
  0x00, 0x00, 0x00, 0x00, 0x00, 0x00, 0x01, 0x03, 0x0a, 0x16, 0x35, 0x6d,
  0xc3, 0x38, 0x0f, 0x00, 0x00, 0x00, 0x00, 0x00, 0x80, 0x80, 0xc0, 0x40,
  0x60, 0x20, 0xb0, 0x90, 0x18, 0xc8, 0x3c, 0xcc, 0x00, 0x00, 0x00, 0x00,
  0x00, 0x00, 0x03, 0x1b, 0x3a, 0x32, 0x13, 0x1b, 0x0a, 0x0a, 0x02, 0x03,
  0x03, 0x00, 0x00, 0x00, 0x00, 0x00, 0x00, 0xc0, 0x70, 0x1c, 0x87, 0x86,
  0x1c, 0x30, 0xe0, 0x80, 0x00, 0x00, 0x00, 0x00, 0x00, 0x00, 0x00, 0x00,
  0x07, 0x3c, 0x71, 0x1d, 0xc6, 0xe3, 0x3c, 0x07, 0x00, 0x00, 0x00, 0x00,
  0x00, 0x00, 0x1c, 0xf4, 0x8c, 0x08, 0x88, 0x88, 0x18, 0x90, 0xd0, 0x30,
  0x50, 0x00, 0x00, 0x00, 0x00, 0x03, 0x07, 0x0f, 0x0f, 0x01, 0x1e, 0x3f,
  0x7f, 0x7e, 0x7c, 0x21, 0x1e, 0x00, 0x00, 0x00, 0x00, 0xc0, 0xe0, 0xf0,
  0xd0, 0x90, 0x28, 0x5c, 0xbe, 0xba, 0xb2, 0x04, 0x78, 0x00, 0x00, 0x00,
  0x00, 0x00, 0x01, 0x03, 0x07, 0x07, 0x00, 0x0f, 0x1f, 0x3f, 0x3f, 0x3e,
  0x10, 0x0f, 0x00, 0x00, 0x00, 0x00, 0xe0, 0xf0, 0xf8, 0xe8, 0xc8, 0x10,
  0xa0, 0xc0, 0x40, 0x40, 0x80, 0x00, 0x00, 0x00, 0x00, 0x00, 0x00, 0x1e,
  0x3e, 0x7d, 0x7d, 0x7c, 0x23, 0x17, 0x0f, 0x0f, 0x0f, 0x04, 0x03, 0x00,
  0x00, 0x00, 0x00, 0x78, 0xfc, 0xfe, 0xfa, 0x32, 0xc4, 0xe8, 0xf0, 0xd0,
  0x90, 0x20, 0xc0, 0x00, 0x00, 0x00, 0x00, 0x1e, 0x3f, 0x7f, 0x7e, 0x7c,
  0x21, 0x1e, 0x01, 0x0f, 0x0f, 0x04, 0x03, 0x00, 0x00, 0x00, 0x00, 0x78,
  0x7c, 0xbe, 0xba, 0xb2, 0x04, 0xe8, 0xf0, 0xd0, 0x90, 0x20, 0xc0, 0x00,
  0x00, 0x00, 0x0f, 0x1f, 0x3f, 0x3f, 0x3e, 0x10, 0x0f, 0x00, 0x07, 0x07,
  0x02, 0x01, 0x00, 0x00, 0x00, 0x00, 0x00, 0x80, 0xc0, 0x40, 0x40, 0xa0,
  0x70, 0xf8, 0xe8, 0xc8, 0x10, 0xe0, 0x00, 0x00, 0x00, 0x03, 0x07, 0x0f,
  0x0f, 0x0f, 0x14, 0x3b, 0x7c, 0x7d, 0x7d, 0x20, 0x1e, 0x00, 0x00, 0x00,
  0x00, 0xc0, 0xe0, 0xf0, 0xd0, 0x90, 0x28, 0xdc, 0x3e, 0xfa, 0xf2, 0x84,
  0x78, 0x00, 0x00, 0x00, 0x02, 0x07, 0x0f, 0x1f, 0x3f, 0x7f, 0xff, 0xff,
  0x3f, 0x1f, 0x07, 0x03, 0x00, 0x00, 0x00, 0x00, 0x00, 0x80, 0xc0, 0xf0,
  0xf8, 0xfe, 0xfe, 0xfc, 0xf8, 0xf0, 0xe0, 0xc0, 0x80, 0x00, 0x00, 0x00,
  0x00, 0x03, 0x0f, 0x3f, 0x7c, 0x73, 0x4f, 0x3f, 0x7f, 0x3f, 0x1f, 0x0f,
  0x07, 0x02, 0x00, 0x00, 0x80, 0xa0, 0xb0, 0x38, 0xdc, 0xee, 0xf6, 0xfa,
  0xfc, 0xfe, 0xf8, 0xe0, 0x80, 0x00, 0x00, 0x00, 0x00, 0x07, 0x0f, 0x1f,
  0x3f, 0x7e, 0x01, 0x7e, 0x3f, 0x1f, 0x0f, 0x07, 0x00, 0x00, 0x00, 0x00,
  0x00, 0xe0, 0xd0, 0xb8, 0x7c, 0xfe, 0xff, 0xfe, 0x7c, 0xb8, 0xd0, 0xe0,
  0x00, 0x00, 0x00, 0x00, 0x02, 0x07, 0x0f, 0x1f, 0x3f, 0x7f, 0xfe, 0xfd,
  0x3b, 0x17, 0x07, 0x03, 0x00, 0x00, 0x00, 0x00, 0x00, 0x80, 0xc0, 0xd0,
  0xb8, 0x7e, 0xfe, 0xfc, 0xf8, 0xf0, 0xe0, 0xc0, 0x80, 0x00, 0x00, 0x00,
  0x02, 0x07, 0x0f, 0x1f, 0x3f, 0x7f, 0x3f, 0x4f, 0x73, 0x7c, 0x3f, 0x0f,
  0x03, 0x00, 0x00, 0x00, 0x00, 0x80, 0xe0, 0xf8, 0xfe, 0xfc, 0xfa, 0xf6,
  0xee, 0xdc, 0x38, 0xb0, 0xa0, 0x80, 0x00, 0x00, 0x00, 0x03, 0x0f, 0x1f,
  0x3f, 0x3f, 0x7f, 0x7f, 0x7f, 0x3c, 0x1f, 0x0f, 0x01, 0x00, 0x00, 0x00,
  0x00, 0x80, 0xe0, 0xf8, 0xfc, 0xfc, 0xfa, 0xf6, 0xce, 0x3c, 0xf8, 0xf0,
  0xc0, 0x00, 0x00, 0x00, 0x00, 0x07, 0x1f, 0x3f, 0x3f, 0x7f, 0x7f, 0x7f,
  0x3f, 0x3f, 0x18, 0x07, 0x00, 0x00, 0x00, 0x00, 0x00, 0xe0, 0xf0, 0xf8,
  0xf8, 0xfc, 0xf4, 0xe4, 0xc8, 0x18, 0x30, 0xc0, 0x00, 0x00, 0x00, 0x00,
  0x00, 0x07, 0x0b, 0x1d, 0x3e, 0x7f, 0xff, 0x7f, 0x3e, 0x1d, 0x0b, 0x07,
  0x00, 0x00, 0x00, 0x00, 0x00, 0xe0, 0xf0, 0xf8, 0xfc, 0x7e, 0x80, 0x7e,
  0xfc, 0xf8, 0xf0, 0xe0, 0x00, 0x00, 0x00, 0x00, 0x00, 0x00, 0x00, 0x00,
  0x00, 0x00, 0x00, 0x00, 0x7e, 0x7c, 0xfc, 0xf8, 0xf8, 0xf8, 0xfc, 0x7c,
  0x00, 0x00, 0x00, 0x00, 0x00, 0x01, 0x03, 0x07, 0x0f, 0x1f, 0x0f, 0x07,
  0x03, 0x01, 0x00, 0x00, 0x00, 0x00, 0x00, 0x00, 0x00, 0x01, 0x03, 0x07,
  0x0f, 0x1f, 0x3f, 0x7f, 0xff, 0xff, 0xf7, 0xe7, 0xc7, 0x87, 0xc7, 0xe7,
  0xf7, 0xff, 0xf0, 0x60, 0x00, 0x00, 0x00, 0x5f, 0xdf, 0xdf, 0xdf, 0xdf,
  0xdf, 0xdf, 0xdf, 0xdf, 0xdf, 0xdf, 0xdf, 0xdf, 0xdf, 0xdf, 0xde, 0xdc,
  0xd8, 0xd0, 0x00, 0x00, 0x00, 0x00, 0x00, 0x20, 0x70, 0xf8, 0xfc, 0x7e,
  0x3f, 0x3f, 0x7e, 0xfc, 0xf8, 0xf0, 0xf0, 0xf8, 0xfc, 0x7e, 0x3f, 0x1f,
  0x0e, 0x04, 0x00, 0x00, 0x00, 0x00, 0x00, 0x7c, 0x7c, 0x7c, 0x7c, 0x7c,
  0x7c, 0x7c, 0x7d, 0x7f, 0x7f, 0x7f, 0x7f, 0x7f, 0x7f, 0x7d, 0x78, 0x70,
  0x60, 0x40, 0x00, 0x00, 0x00, 0x00, 0x00, 0x00, 0x00, 0x00, 0x10, 0x38,
  0x7c, 0xfc, 0xf8, 0xf0, 0xe0, 0xc0, 0xc0, 0xe0, 0xf1, 0xfb, 0xfd, 0x7c,
  0x38, 0x10, 0x00, 0x00, 0x00, 0x00, 0x00, 0x00, 0x00, 0x00, 0x00, 0x00,
  0x01, 0x03, 0x07, 0x0f, 0x1f, 0x3f, 0x7e, 0xfc, 0xf8, 0xf0, 0xf8, 0xfc,
  0x7e, 0x3f, 0x1e, 0x0c, 0x00, 0x00, 0x00, 0x0a, 0x1b, 0x3b, 0x7b, 0xfb,
  0xfb, 0xfb, 0xfb, 0xfb, 0xfb, 0xfb, 0xfb, 0xfb, 0xfb, 0xfb, 0xfb, 0xfb,
  0xfb, 0xfb, 0x00, 0x00, 0x00, 0x00, 0x00, 0x00, 0x00, 0x80, 0xc0, 0xe0,
  0xf0, 0xf8, 0xfc, 0xfe, 0xff, 0xff, 0xef, 0xe7, 0xe3, 0xe1, 0xe0, 0xe0,
  0xe0, 0xe0, 0x00, 0x00, 0x00, 0x00, 0x00, 0x3e, 0x3e, 0x3e, 0x3e, 0x3e,
  0x3e, 0x3e, 0x3e, 0x3e, 0x3e, 0xbe, 0xfe, 0xfe, 0xfe, 0xfe, 0xfe, 0x7c,
  0x38, 0x10, 0x00, 0x00, 0x00, 0x00, 0x00, 0x00, 0x03, 0x0f, 0x1f, 0x3f,
  0x00, 0x00, 0x00, 0x00, 0x00, 0x00, 0x00, 0x00, 0x7e, 0x3f, 0x1f, 0x0f,
  0x03, 0x00, 0x00, 0x00, 0x36, 0x36, 0x24, 0x00, 0x00, 0x00, 0x00, 0x00,
  0x00, 0x00, 0x00, 0x7e, 0xff, 0xff, 0xff, 0x81, 0x00, 0x00, 0x00, 0x00,
  0x00, 0x00, 0x00, 0x00, 0x00, 0x81, 0xff, 0xff, 0xff, 0x7e, 0x00, 0x00,
  0x00, 0x00, 0x00, 0x00, 0xc0, 0xf0, 0xf8, 0xfc, 0x7e, 0x3e, 0x3f, 0x1f,
  0x1f, 0x1f, 0x3f, 0x3e, 0x7e, 0xfc, 0xf8, 0xf0, 0xc0, 0x00, 0x00, 0x00,
  0x00, 0x00, 0x00, 0x7d, 0x7d, 0x7d, 0x7d, 0x7d, 0x7d, 0x7d, 0x7d, 0x7d,
  0x7d, 0x7d, 0x7d, 0x7d, 0x63, 0x63, 0x63, 0x7f, 0x63, 0x63, 0x63, 0x00,
  0x00, 0x00, 0x00, 0x00, 0x18, 0x18, 0x30, 0x00, 0x00, 0x00, 0x00, 0x3e,
  0x00, 0x00, 0x00, 0x00, 0x00, 0x00, 0x00, 0x00, 0x00, 0x18, 0x18, 0x00,
  0x3f, 0x0c, 0x0c, 0x0c, 0x0c, 0x0c, 0x3f, 0x00, 0x1c, 0x26, 0x63, 0x63,
  0x63, 0x32, 0x1c, 0x00, 0x0c, 0x1c, 0x0c, 0x0c, 0x0c, 0x0c, 0x3f, 0x00,
  0x3e, 0x43, 0x07, 0x1e, 0x3c, 0x70, 0x7f, 0x00, 0x3f, 0x06, 0x0c, 0x1e,
  0x03, 0x63, 0x3e, 0x00, 0x0e, 0x1e, 0x36, 0x66, 0x7f, 0x06, 0x06, 0x00,
  0x7f, 0x60, 0x7e, 0x03, 0x03, 0x63, 0x3e, 0x00, 0x1e, 0x30, 0x60, 0x7e,
  0x63, 0x63, 0x3e, 0x00, 0x7f, 0x63, 0x06, 0x0c, 0x18, 0x18, 0x18, 0x00,
  0x3c, 0x62, 0x72, 0x3c, 0x4f, 0x43, 0x3e, 0x00, 0x3e, 0x63, 0x63, 0x3f,
  0x03, 0x06, 0x3c, 0x00, 0x3c, 0x66, 0x60, 0x3e, 0x03, 0x63, 0x3e, 0x00,
  0x1e, 0x33, 0x60, 0x60, 0x60, 0x33, 0x1e, 0x00, 0x3e, 0x63, 0x63, 0x63,
  0x63, 0x63, 0x3e, 0x00, 0x7e, 0x63, 0x63, 0x67, 0x7c, 0x6e, 0x67, 0x00,
  0x7f, 0x60, 0x60, 0x7e, 0x60, 0x60, 0x7f, 0x00, 0x1f, 0x30, 0x60, 0x67,
  0x63, 0x33, 0x1f, 0x00, 0x3c, 0x42, 0x99, 0xa1, 0x99, 0x42, 0x3c, 0x00,
  0x1c, 0x36, 0x63, 0x63, 0x7f, 0x63, 0x63, 0x00, 0x7e, 0x63, 0x63, 0x7e,
  0x63, 0x63, 0x7e, 0x00, 0x1e, 0x33, 0x60, 0x60, 0x60, 0x33, 0x1e, 0x00,
  0x7c, 0x66, 0x63, 0x63, 0x63, 0x66, 0x7c, 0x00, 0x7f, 0x60, 0x60, 0x7e,
  0x60, 0x60, 0x7f, 0x00, 0x7f, 0x60, 0x60, 0x7e, 0x60, 0x60, 0x60, 0x00,
  0x1f, 0x30, 0x60, 0x67, 0x63, 0x33, 0x1f, 0x00, 0x63, 0x63, 0x63, 0x7f,
  0x63, 0x63, 0x63, 0x00, 0x3f, 0x0c, 0x0c, 0x0c, 0x0c, 0x0c, 0x3f, 0x00,
  0x03, 0x03, 0x03, 0x03, 0x03, 0x63, 0x3e, 0x00, 0x63, 0x66, 0x6c, 0x78,
  0x7c, 0x6e, 0x67, 0x00, 0x60, 0x60, 0x60, 0x60, 0x60, 0x60, 0x7f, 0x00,
  0x63, 0x77, 0x7f, 0x7f, 0x6b, 0x63, 0x63, 0x00, 0x63, 0x73, 0x7b, 0x7f,
  0x6f, 0x67, 0x63, 0x00, 0x3e, 0x63, 0x63, 0x63, 0x63, 0x63, 0x3e, 0x00,
  0x7e, 0x63, 0x63, 0x63, 0x7e, 0x60, 0x60, 0x00, 0x3e, 0x63, 0x63, 0x63,
  0x6f, 0x66, 0x3d, 0x00, 0x7e, 0x63, 0x63, 0x67, 0x7c, 0x6e, 0x67, 0x00,
  0x3c, 0x66, 0x60, 0x3e, 0x03, 0x63, 0x3e, 0x00, 0x3f, 0x0c, 0x0c, 0x0c,
  0x0c, 0x0c, 0x0c, 0x00, 0x63, 0x63, 0x63, 0x63, 0x63, 0x63, 0x3e, 0x00,
  0x63, 0x63, 0x63, 0x63, 0x36, 0x1c, 0x08, 0x00, 0x63, 0x63, 0x6b, 0x7f,
  0x7f, 0x77, 0x63, 0x00, 0x63, 0x77, 0x3e, 0x1c, 0x3e, 0x77, 0x63, 0x00,
  0x33, 0x33, 0x33, 0x1e, 0x0c, 0x0c, 0x0c, 0x00, 0x7f, 0x07, 0x0e, 0x1c,
  0x38, 0x70, 0x7f, 0x00, 0x7d, 0x7d, 0x79, 0x71, 0x61, 0x41, 0x00, 0x00,
  0x00, 0x03, 0x07, 0xff, 0xf7, 0xf3, 0xf1, 0xf0, 0xf1, 0xf3, 0xf7, 0xff,
  0xff, 0xff, 0xfe, 0xfc, 0xf8, 0xf0, 0xe0, 0xc0, 0x80, 0x00, 0x00, 0x00,
  0x36, 0x36, 0x12, 0x00, 0x00, 0x00, 0x00, 0x00, 0x00, 0x00, 0x80, 0xc0,
  0xe0, 0xf0, 0xf8, 0xfc, 0xf8, 0xf0, 0xe0, 0xc0, 0x80, 0x00, 0x00, 0x00,
  0x00, 0x00, 0x00, 0x00, 0x00, 0x00, 0x00, 0x00, 0xff, 0xff, 0xff, 0x87,
  0x07, 0x07, 0x07, 0x07, 0x07, 0x07, 0x07, 0x07, 0x07, 0x07, 0x07, 0x0f,
  0xff, 0xff, 0xff, 0xe1, 0xe0, 0xe0, 0xe0, 0xe0, 0xe0, 0xe0, 0xe0, 0xe0,
  0xe0, 0xe1, 0xe1, 0xf3, 0x0f, 0x07, 0x0f, 0x0f, 0x1f, 0x1f, 0x1e, 0x3e,
  0x3e, 0x7c, 0x7c, 0xff, 0xff, 0xff, 0xf8, 0xfc, 0xf0, 0xe0, 0xf0, 0xf0,
  0xf8, 0xf8, 0x78, 0x7c, 0x7c, 0x3e, 0x3e, 0xff, 0xff, 0xff, 0x1f, 0x3f,
  0x0f, 0x07, 0x07, 0x07, 0x07, 0x07, 0x07, 0x07, 0x07, 0x07, 0x07, 0x07,
  0x07, 0x87, 0x87, 0xcf, 0xf0, 0xe0, 0xe0, 0xe0, 0xe0, 0xe0, 0xe0, 0xe0,
  0xe0, 0xe0, 0xe0, 0xe0, 0xe0, 0xe0, 0xe0, 0xf0, 0xff, 0xff, 0xff, 0x87,
  0x07, 0x07, 0x07, 0x07, 0x07, 0x07, 0x07, 0x07, 0x07, 0x07, 0x07, 0x0f,
  0xff, 0xff, 0xff, 0xe1, 0xe0, 0xe0, 0xe0, 0xe0, 0xe0, 0xe0, 0xe0, 0xe0,
  0xe0, 0xe0, 0xe0, 0xf0, 0x00, 0x03, 0x07, 0x0f, 0x0f, 0x1f, 0x1f, 0x1f,
  0x1f, 0x1f, 0x1f, 0x0f, 0x0f, 0x07, 0x03, 0x00, 0xff, 0xff, 0xff, 0xc3,
  0x81, 0x00, 0x00, 0x00, 0x00, 0x00, 0x00, 0x81, 0xc3, 0xff, 0xff, 0xff,
  0x00, 0xc0, 0xe0, 0xf0, 0xf0, 0xf8, 0xf8, 0xf8, 0xf8, 0xf8, 0xf8, 0xf0,
  0xf0, 0xe0, 0xc0, 0x00, 0xff, 0xff, 0xff, 0xff, 0xff, 0xff, 0xff, 0xff,
  0x00, 0x04, 0x11, 0x11, 0x00, 0x03, 0x41, 0x41, 0xf1, 0xf1, 0x00, 0x03,
  0x41, 0x41, 0x00, 0x05, 0xf1, 0xf1, 0x00, 0x07, 0x41, 0x41, 0x00, 0x05,
  0xf1, 0xf1, 0x00, 0x07, 0x41, 0x41, 0x00, 0x05, 0xf1, 0xf1, 0x00, 0x07,
  0x41, 0x41, 0x00, 0x05, 0xf1, 0xf1, 0x00, 0x07, 0x41, 0x41, 0x00, 0x05,
  0xf1, 0xf1, 0x00, 0x07, 0x41, 0x41, 0x00, 0x05, 0xf1, 0xf1, 0x00, 0x07,
  0x41, 0x41, 0x00, 0x05, 0xf1, 0xf1, 0x00, 0x07, 0x41, 0x41, 0x00, 0x05,
  0xf1, 0xf1, 0x00, 0x07, 0x41, 0x41, 0x00, 0x05, 0xf1, 0xf1, 0x00, 0x07,
  0x41, 0x41, 0x00, 0x05, 0xf1, 0xf1, 0x00, 0x04, 0x41, 0x41, 0x00, 0x04,
  0x11, 0x11, 0x00, 0x08, 0xf1, 0xf1, 0x00, 0x08, 0x41, 0x41, 0x00, 0x04,
  0xf1, 0xf1, 0x00, 0x07, 0x41, 0x41, 0x00, 0x05, 0xf1, 0xf1, 0x00, 0x07,
  0x41, 0x41, 0xf1, 0xf1, 0x00, 0x04, 0x81, 0x81, 0x00, 0x0c, 0xf1, 0xf1,
  0x00, 0x04, 0x81, 0x81, 0x00, 0x28, 0xf1, 0xf1, 0x00, 0x18, 0x81, 0x81,
  0x00, 0x70, 0xf1, 0xf1, 0x00, 0x07, 0x41, 0x41, 0x00, 0x09, 0xf1, 0xf1,
  0x00, 0x07, 0x41, 0x41, 0xf1, 0xf1, 0x00, 0x04, 0x41, 0x41, 0x00, 0x58,
  0xf1, 0xf1, 0x00, 0x04, 0xff, 0xff, 0x00, 0x08, 0x00, 0x00, 0x00, 0x08,
  0xff, 0xff, 0x00, 0x10, 0x00, 0x00, 0x00, 0x08, 0xff, 0xff, 0x00, 0x08,
  0x00, 0x00, 0x00, 0x10, 0xff, 0xff, 0x00, 0x08, 0x00, 0x00, 0x00, 0x08,
  0xff, 0xff, 0x00, 0x08, 0x00, 0x00, 0x00, 0x08, 0xff, 0xff, 0x00, 0x08,
  0x00, 0x00, 0x00, 0x08, 0xff, 0xff, 0x00, 0x10, 0x00, 0x00, 0x00, 0x08,
  0xff, 0xff, 0x00, 0x08, 0x00, 0x00, 0x00, 0x10, 0xff, 0xff, 0x00, 0x08,
  0x00, 0x00, 0x00, 0x08, 0xff, 0xff, 0x00, 0x10, 0x00, 0x00, 0x00, 0x08,
  0xff, 0xff, 0x00, 0x08, 0x00, 0x00, 0x00, 0x10, 0xff, 0xff, 0x00, 0x08,
  0x00, 0x00, 0x00, 0x08, 0xff, 0xff, 0x00, 0x10, 0x00, 0x00, 0x00, 0x08,
  0xff, 0xff, 0x00, 0x08, 0x00, 0x00, 0x00, 0x10, 0xff, 0xff, 0x00, 0x08,
  0x00, 0x00, 0x00, 0x08, 0xff, 0xff, 0x00, 0x10, 0x00, 0x00, 0x00, 0x08,
  0xff, 0xff, 0x00, 0x08, 0x00, 0x00, 0x00, 0x10, 0xff, 0xff, 0x00, 0x08,
  0x00, 0x00, 0x00, 0x08, 0xff, 0xff, 0x00, 0x10, 0x00, 0x00, 0x00, 0x08,
  0xff, 0xff, 0x00, 0x08, 0x00, 0x00, 0x00, 0x10, 0xff, 0xff, 0x00, 0x08,
  0x00, 0x00, 0x00, 0x08, 0xff, 0xff, 0x00, 0x10, 0x00, 0x00, 0x00, 0x08,
  0xff, 0xff, 0x00, 0x08, 0x00, 0x00, 0x00, 0x10, 0xff, 0xff, 0x00, 0x08,
  0x00, 0x00, 0x00, 0x08, 0xff, 0xff, 0x00, 0x10, 0x00, 0x00, 0x00, 0x08,
  0xff, 0xff, 0x00, 0x08, 0x00, 0x00, 0x00, 0x08, 0xff, 0xff, 0x00, 0xff,
  0xff, 0xff, 0xff, 0xff, 0xff, 0xff, 0xff, 0x00, 0x00, 0x00, 0x00, 0x00,
  0x00, 0x00, 0x00, 0x00, 0x00, 0x00, 0x00, 0x00, 0x00, 0x00, 0x00, 0x00,
  0x00, 0x00, 0x00, 0x00, 0x00, 0x00, 0x00, 0x00, 0x00, 0x00, 0x00, 0x00,
  0x00, 0x00, 0x00, 0x50, 0x55, 0x53, 0x48, 0x00, 0x53, 0x50, 0x41, 0x43,
  0x45, 0x00, 0x4b, 0x45, 0x59, 0x00, 0x00, 0x00, 0x00, 0x00, 0x00, 0x00,
  0x00, 0x00, 0x00, 0x00, 0x00, 0x00, 0x00, 0x00, 0x00, 0x00, 0x00, 0x00,
  0x00, 0x00, 0x00, 0x00, 0x00, 0x00, 0x00, 0x00, 0x00, 0x00, 0x00, 0x00,
  0x00, 0x00, 0x00, 0x00, 0x00, 0x00, 0x00, 0x00, 0x00, 0x00, 0x00, 0x00,
  0x00, 0x00, 0x00, 0x00, 0x00, 0x00, 0x00, 0x00, 0x00, 0x00, 0x00, 0x00,
  0x00, 0x00, 0x00, 0x00, 0x00, 0x00, 0x00, 0x00, 0x00, 0x00, 0x00, 0x00,
  0x00, 0x00, 0x00, 0x00, 0x00, 0x00, 0xb7, 0x00, 0xcd, 0x37, 0xb1, 0xcd,
  0x5c, 0xb1, 0xcd, 0x72, 0x98, 0xcd, 0xea, 0x97, 0xcd, 0x26, 0x97, 0xc9,
  0x21, 0x6e, 0xe3, 0x3a, 0xaa, 0xe2, 0xb7, 0x28, 0x15, 0x6f, 0x26, 0x00,
  0x29, 0x29, 0x29, 0x4f, 0xcb, 0x21, 0x06, 0x00, 0x09, 0x5f, 0x16, 0x00,
  0x19, 0x29, 0x11, 0x6e, 0xe3, 0x19, 0x3a, 0xab, 0xe2, 0x5f, 0xcb, 0x23,
  0x16, 0x00, 0x19, 0x7e, 0x0e, 0x00, 0xfe, 0x23, 0x28, 0x40, 0x0e, 0x06,
  0xfe, 0x25, 0x28, 0x3a, 0x0e, 0x02, 0xfe, 0x27, 0x28, 0x34, 0x0e, 0x03,
  0xfe, 0x29, 0x28, 0x2e, 0x0e, 0x04, 0xfe, 0x5c, 0x28, 0x28, 0x0e, 0x05,
  0xfe, 0x5e, 0x28, 0x22, 0x0e, 0x01, 0xfe, 0x61, 0x28, 0x1c, 0x0e, 0x07,
  0xfe, 0x63, 0x28, 0x16, 0xfe, 0x65, 0xc0, 0x3a, 0x1b, 0xe0, 0xe6, 0xf8,
  0xcb, 0x3f, 0xcb, 0x3f, 0xcb, 0x3f, 0x6f, 0x26, 0x00, 0x11, 0x77, 0x96,
  0x19, 0x4e, 0x79, 0xcd, 0xa0, 0x52, 0xc9, 0x08, 0x09, 0x0a, 0x0b, 0xfd,
  0x7e, 0x00, 0xb7, 0xc8, 0xdd, 0x7e, 0x00, 0xfe, 0x13, 0xd8, 0xfe, 0x78,
  0xd0, 0xdd, 0x7e, 0x01, 0xfe, 0x4c, 0xd8, 0xfe, 0x81, 0xd0, 0xdd, 0x7e,
  0x01, 0xfd, 0x96, 0x03, 0xfe, 0x4d, 0x38, 0x1d, 0xfe, 0x80, 0x30, 0x28,
  0xdd, 0x7e, 0x00, 0xfd, 0x96, 0x02, 0xfe, 0x13, 0x38, 0x2d, 0xfd, 0x7e,
  0x02, 0xcb, 0x7f, 0xc8, 0xcd, 0x5b, 0x9b, 0xdd, 0x36, 0x00, 0x77, 0x18,
  0x2b, 0xfd, 0x7e, 0x03, 0xcb, 0x7f, 0xc0, 0xcd, 0x80, 0x9b, 0xdd, 0x36,
  0x01, 0x4b, 0x18, 0x1c, 0xfd, 0x7e, 0x03, 0xcb, 0x7f, 0xc8, 0xcd, 0x80,
  0x9b, 0xdd, 0x36, 0x01, 0x81, 0x18, 0x0d, 0xfd, 0x7e, 0x02, 0xcb, 0x7f,
  0xc0, 0xcd, 0x5b, 0x9b, 0xdd, 0x36, 0x00, 0x12, 0x3e, 0x08, 0xcd, 0xef,
  0x5b, 0x3e, 0x01, 0x32, 0xb9, 0xe2, 0xdd, 0x21, 0xb3, 0xe5, 0xdd, 0x34,
  0x00, 0xdd, 0x7e, 0x00, 0xfe, 0x10, 0x20, 0x0e, 0x3e, 0x01, 0x32, 0x0d,
  0xe5, 0xcd, 0x10, 0x97, 0x3e, 0x09, 0xcd, 0xef, 0x5b, 0xc9, 0x3e, 0x01,
  0x32, 0x05, 0xe5, 0xc9, 0xaf, 0x32, 0x4e, 0xe2, 0x32, 0x62, 0xe2, 0x32,
  0x76, 0xe2, 0x3e, 0xc0, 0x32, 0xf5, 0xe0, 0x32, 0xf9, 0xe0, 0x32, 0xfd,
  0xe0, 0xc9, 0x3a, 0x1b, 0xe0, 0xfe, 0x20, 0xc8, 0xaf, 0x32, 0x3c, 0xe5,
  0xfd, 0x21, 0xc7, 0xe4, 0xdd, 0x21, 0x01, 0xe1, 0xfd, 0x7e, 0x01, 0xb7,
  0x28, 0x5d, 0xfd, 0x7e, 0x02, 0xfe, 0x01, 0x28, 0x56, 0xfd, 0x7e, 0x13,
  0xfe, 0x01, 0x28, 0x4f, 0x1e, 0x08, 0xfd, 0xcb, 0x08, 0x7e, 0x28, 0x02,
  0x1e, 0x20, 0xdd, 0x7e, 0x00, 0x93, 0xcb, 0x3f, 0xcb, 0x3f, 0xcb, 0x3f,
  0xfe, 0x0c, 0x30, 0x37, 0x32, 0xaa, 0xe2, 0xdd, 0x7e, 0x01, 0xd6, 0x10,
  0xcb, 0x3f, 0xcb, 0x3f, 0xcb, 0x3f, 0xcb, 0x3f, 0xfe, 0x0b, 0x30, 0x23,
  0x32, 0xab, 0xe2, 0xdd, 0x7e, 0x00, 0xfe, 0x64, 0x38, 0x04, 0xfd, 0x36,
  0x13, 0x01, 0xfd, 0xe5, 0xdd, 0xe5, 0xcd, 0xa8, 0xad, 0xdd, 0xe1, 0xfd,
  0xe1, 0x30, 0x08, 0xfd, 0x7e, 0x08, 0xed, 0x44, 0xfd, 0x77, 0x08, 0x11,
  0x14, 0x00, 0xfd, 0x19, 0x11, 0x04, 0x00, 0xdd, 0x19, 0x21, 0x3c, 0xe5,
  0x34, 0x7e, 0xfe, 0x03, 0x20, 0x8a, 0xc9, 0xdd, 0xe5, 0x06, 0x08, 0x11,
  0x08, 0x00, 0xdd, 0x21, 0x0d, 0xe2, 0xdd, 0x7e, 0x00, 0xb7, 0x28, 0x06,
  0xdd, 0x19, 0x10, 0xf6, 0x18, 0x21, 0xdd, 0x36, 0x00, 0x01, 0xdd, 0x71,
  0x01, 0xdd, 0x75, 0x02, 0xdd, 0x74, 0x03, 0xdd, 0x36, 0x04, 0x00, 0xdd,
  0x36, 0x05, 0x00, 0x3a, 0x3c, 0xe5, 0xdd, 0x77, 0x06, 0x3a, 0x3d, 0xe5,
  0xdd, 0x77, 0x07, 0xdd, 0xe1, 0xc9, 0x3a, 0x1b, 0xe0, 0xfe, 0x20, 0xc8,
  0x06, 0x08, 0x11, 0x08, 0x00, 0xdd, 0x21, 0x0d, 0xe2, 0xc5, 0xdd, 0x7e,
  0x00, 0xb7, 0x28, 0x59, 0xdd, 0x34, 0x04, 0xdd, 0x7e, 0x04, 0xfe, 0x02,
  0x20, 0x4f, 0xdd, 0x36, 0x04, 0x00, 0x11, 0x6a, 0x98, 0xdd, 0xcb, 0x01,
  0x46, 0x20, 0x03, 0x11, 0x62, 0x98, 0xdd, 0x6e, 0x05, 0x26, 0x00, 0x29,
  0x19, 0xdd, 0x5e, 0x02, 0xdd, 0x56, 0x03, 0x01, 0x02, 0x00, 0xcd, 0x5c,
  0x00, 0xdd, 0x34, 0x05, 0xdd, 0x7e, 0x05, 0xfe, 0x04, 0x20, 0x22, 0xdd,
  0x7e, 0x06, 0x32, 0xaa, 0xe2, 0xdd, 0x7e, 0x07, 0x32, 0xab, 0xe2, 0xcd,
  0xa8, 0xad, 0x38, 0x03, 0xcd, 0x8f, 0xab, 0xdd, 0xe5, 0xdd, 0xe5, 0xe1,
  0xd1, 0x13, 0x01, 0x07, 0x00, 0x36, 0x00, 0xed, 0xb0, 0xc1, 0x11, 0x08,
  0x00, 0xdd, 0x19, 0x10, 0x98, 0xc9, 0x65, 0x6c, 0x6b, 0x6c, 0x6b, 0x66,
  0x65, 0x66, 0x67, 0x6c, 0x6b, 0x6c, 0x6b, 0x68, 0x67, 0x68, 0xaf, 0x32,
  0xac, 0xe2, 0xdd, 0x21, 0xf5, 0xe0, 0xfd, 0x21, 0x4e, 0xe2, 0xdd, 0xe5,
  0xfd, 0xe5, 0xfd, 0x7e, 0x00, 0xb7, 0xca, 0xb8, 0x99, 0xfd, 0x6e, 0x01,
  0x26, 0x00, 0x29, 0x11, 0x98, 0x98, 0x19, 0x5e, 0x23, 0x56, 0xeb, 0xe9,
  0x9e, 0x98, 0xf8, 0x98, 0x41, 0x99, 0xdd, 0x36, 0x00, 0xa9, 0xdd, 0x36,
  0x04, 0xc0, 0xdd, 0x36, 0x08, 0xc0, 0xfd, 0x36, 0x10, 0x1a, 0xdd, 0x36,
  0x02, 0x80, 0xdd, 0x36, 0x03, 0x0f, 0xfd, 0x36, 0x01, 0x01, 0xfd, 0x36,
  0x0e, 0x78, 0xfd, 0x36, 0x06, 0x03, 0xfd, 0x36, 0x02, 0xff, 0x3a, 0x1b,
  0xe0, 0x6f, 0x26, 0x00, 0x11, 0xd7, 0x98, 0x19, 0x7e, 0xfd, 0x77, 0x07,
  0xc3, 0xb8, 0x99, 0x0c, 0x0c, 0x0c, 0x0c, 0x0c, 0x0c, 0x0c, 0x0c, 0x0c,
  0x0c, 0x0c, 0x0c, 0x0c, 0x0c, 0x0c, 0x0c, 0x0d, 0x0d, 0x0d, 0x0d, 0x0d,
  0x0d, 0x0d, 0x0d, 0x0d, 0x0d, 0x0d, 0x0d, 0x0d, 0x0d, 0x0d, 0x0d, 0x0d,
  0x3a, 0x0b, 0xe0, 0xb7, 0xca, 0x35, 0x99, 0x3a, 0x0c, 0xe0, 0xb7, 0xca,
  0x10, 0x99, 0x3a, 0xc5, 0xe0, 0xcb, 0x4f, 0x20, 0x28, 0xc3, 0x17, 0x99,
  0x3a, 0xbf, 0xe0, 0xcb, 0x67, 0x20, 0x1e, 0xfd, 0x35, 0x0e, 0x28, 0x19,
  0x21, 0x24, 0xe3, 0xcb, 0x4e, 0xc2, 0x30, 0x99, 0x3a, 0xce, 0xe0, 0xfd,
  0x86, 0x10, 0xdd, 0x77, 0x01, 0xc3, 0xb8, 0x99, 0x3e, 0x00, 0x32, 0x24,
  0xe3, 0xfd, 0x36, 0x01, 0x02, 0x3e, 0x01, 0xcd, 0xef, 0x5b, 0xc3, 0xb8,
  0x99, 0xcd, 0xdf, 0x99, 0xfd, 0x7e, 0x00, 0xb7, 0xca, 0xb8, 0x99, 0xdd,
  0x7e, 0x01, 0xfd, 0xcb, 0x03, 0x7e, 0xc2, 0x6b, 0x99, 0xfe, 0xba, 0xda,
  0x6b, 0x99, 0xcd, 0xf0, 0x9a, 0xcd, 0x80, 0x9b, 0x3e, 0xb9, 0xdd, 0x77,
  0x01, 0xcd, 0xd1, 0x99, 0xc3, 0x85, 0x99, 0xfd, 0xcb, 0x03, 0x7e, 0xca,
  0x85, 0x99, 0xfe, 0x12, 0xd2, 0x85, 0x99, 0xcd, 0xf0, 0x9a, 0xcd, 0x80,
  0x9b, 0x3e, 0x12, 0xdd, 0x77, 0x01, 0xcd, 0xd1, 0x99, 0xdd, 0x7e, 0x00,
  0xfd, 0xcb, 0x02, 0x7e, 0xca, 0xa2, 0x99, 0xfe, 0x09, 0xd2, 0xa2, 0x99,
  0xcd, 0xf0, 0x9a, 0xcd, 0x5b, 0x9b, 0x3e, 0x09, 0xdd, 0x77, 0x00, 0xcd,
  0xd1, 0x99, 0xdd, 0xe5, 0xfd, 0xe5, 0xcd, 0xa8, 0x9b, 0xfd, 0xe1, 0xdd,
  0xe1, 0xdd, 0x7e, 0x00, 0xfe, 0xb8, 0xda, 0xb8, 0x99, 0xcd, 0x2a, 0x9b,
  0xfd, 0xe1, 0xdd, 0xe1, 0x11, 0x04, 0x00, 0xdd, 0x19, 0x11, 0x14, 0x00,
  0xfd, 0x19, 0x21, 0xac, 0xe2, 0x34, 0x7e, 0xfe, 0x03, 0xc2, 0x7e, 0x98,
  0xc9, 0x21, 0x1c, 0xe5, 0x34, 0x7e, 0xfe, 0x28, 0xc0, 0x36, 0x00, 0xcd,
  0x38, 0xab, 0xc9, 0x21, 0x98, 0x9a, 0xfd, 0x7e, 0x06, 0xcb, 0x7f, 0x28,
  0x02, 0xed, 0x44, 0xcb, 0x27, 0x5f, 0x16, 0x00, 0x19, 0x5e, 0x23, 0x56,
  0xfd, 0x6e, 0x07, 0x26, 0x00, 0x29, 0x19, 0x7e, 0xfd, 0x77, 0x08, 0x23,
  0x7e, 0xfd, 0x77, 0x09, 0xfd, 0x34, 0x05, 0xfd, 0x7e, 0x05, 0xfd, 0xbe,
  0x09, 0xd8, 0xfd, 0x36, 0x05, 0x00, 0x21, 0x78, 0x9a, 0xfd, 0x7e, 0x06,
  0xcb, 0x7f, 0xca, 0x22, 0x9a, 0xed, 0x44, 0x21, 0x88, 0x9a, 0x3d, 0xcb,
  0x27, 0x5f, 0x16, 0x00, 0x19, 0x7e, 0xfd, 0x77, 0x02, 0x23, 0x7e, 0xfd,
  0x77, 0x03, 0xfd, 0x46, 0x08, 0x04, 0xfd, 0x7e, 0x02, 0xdd, 0x86, 0x00,
  0xdd, 0x77, 0x00, 0xfd, 0x7e, 0x03, 0xdd, 0x86, 0x01, 0xdd, 0x77, 0x01,
  0xaf, 0x32, 0xb9, 0xe2, 0xc5, 0xdd, 0xe5, 0xfd, 0xe5, 0x3a, 0x1b, 0xe0,
  0xfe, 0x20, 0x20, 0x05, 0xcd, 0x7b, 0x96, 0x18, 0x03, 0xcd, 0x2d, 0x9c,
  0xfd, 0xe1, 0xdd, 0xe1, 0xc1, 0x3a, 0xb9, 0xe2, 0xb7, 0xc0, 0x10, 0xca,
  0xfd, 0xe5, 0xdd, 0xe5, 0xcd, 0xa5, 0x79, 0xdd, 0xe1, 0xfd, 0xe1, 0xc9,
  0xff, 0x02, 0xff, 0x02, 0xff, 0x01, 0xfe, 0x01, 0xfe, 0xff, 0xff, 0xff,
  0xff, 0xfe, 0xff, 0xfe, 0x01, 0xfe, 0x01, 0xfe, 0x01, 0xff, 0x02, 0xff,
  0x02, 0x01, 0x01, 0x01, 0x01, 0x02, 0x01, 0x02, 0xd0, 0x9a, 0xd0, 0x9a,
  0xd0, 0x9a, 0xb0, 0x9a, 0xd0, 0x9a, 0xd0, 0x9a, 0xb0, 0x9a, 0xd0, 0x9a,
  0xd0, 0x9a, 0xd0, 0x9a, 0xd0, 0x9a, 0xd0, 0x9a, 0x00, 0x0f, 0x00, 0x0e,
  0x00, 0x0d, 0x00, 0x0c, 0x01, 0x0f, 0x01, 0x0e, 0x01, 0x0d, 0x01, 0x0c,
  0x00, 0x04, 0x02, 0x08, 0x00, 0x02, 0x02, 0x04, 0x00, 0x01, 0x02, 0x02,
  0x01, 0x01, 0x02, 0x01, 0x00, 0x17, 0x00, 0x15, 0x00, 0x14, 0x00, 0x12,
  0x01, 0x17, 0x01, 0x15, 0x01, 0x14, 0x01, 0x12, 0x00, 0x06, 0x02, 0x0c,
  0x00, 0x03, 0x01, 0x04, 0x01, 0x03, 0x01, 0x02, 0x00, 0x01, 0x01, 0x01,
  0xf5, 0xfd, 0x34, 0x0d, 0xfd, 0x6e, 0x07, 0x26, 0x00, 0x11, 0x1a, 0x9b,
  0x19, 0x7e, 0xfd, 0xbe, 0x0d, 0xd2, 0x18, 0x9b, 0xfd, 0x36, 0x0d, 0x00,
  0xfd, 0x7e, 0x07, 0x3c, 0xfd, 0x77, 0x07, 0xfe, 0x10, 0xc2, 0x18, 0x9b,
  0xfd, 0x36, 0x07, 0x0f, 0xf1, 0xc9, 0x01, 0x01, 0x01, 0x01, 0x01, 0x01,
  0x01, 0x01, 0x01, 0x01, 0x02, 0x04, 0x08, 0x10, 0x18, 0x1f, 0xfd, 0xe5,
  0xfd, 0xe5, 0xe1, 0xd1, 0x13, 0x36, 0x00, 0x01, 0x13, 0x00, 0xed, 0xb0,
  0xdd, 0x36, 0x00, 0xc0, 0xdd, 0x36, 0x03, 0x00, 0x21, 0x25, 0xe3, 0x7e,
  0xb7, 0xca, 0x4a, 0x9b, 0x35, 0xc9, 0x3a, 0x4b, 0xe5, 0xfe, 0x07, 0xc8,
  0x3e, 0x06, 0x32, 0x4b, 0xe5, 0x3e, 0x07, 0xcd, 0xef, 0x5b, 0xc9, 0xf5,
  0xfd, 0x7e, 0x02, 0xed, 0x44, 0xfd, 0x77, 0x02, 0xf1, 0xf5, 0xfd, 0x7e,
  0x06, 0xcb, 0x7f, 0xca, 0x70, 0x9b, 0xed, 0x44, 0xd6, 0x09, 0xfd, 0xcb,
  0x06, 0x7e, 0xca, 0x7b, 0x9b, 0xed, 0x44, 0xfd, 0x77, 0x06, 0xf1, 0xc9,
  0xf5, 0xfd, 0x7e, 0x03, 0xed, 0x44, 0xfd, 0x77, 0x03, 0xf1, 0xf5, 0xfd,
  0x7e, 0x06, 0xcb, 0x7f, 0xca, 0x95, 0x9b, 0xed, 0x44, 0x4f, 0x3e, 0x09,
  0x91, 0xfd, 0x4e, 0x06, 0xcb, 0x79, 0xca, 0xa3, 0x9b, 0xed, 0x44, 0xfd,
  0x77, 0x06, 0xf1, 0xc9, 0xdd, 0x7e, 0x00, 0xfd, 0xcb, 0x02, 0x7e, 0xc0,
  0xfe, 0xa7, 0xd8, 0xfe, 0xad, 0xd0, 0x3a, 0xce, 0xe0, 0xc6, 0x01, 0xdd,
  0xbe, 0x01, 0xd0, 0x0e, 0x07, 0x06, 0x29, 0x3a, 0x50, 0xe5, 0xfe, 0x02,
  0xc2, 0xcf, 0x9b, 0x0e, 0x0a, 0x06, 0x39, 0x3a, 0xce, 0xe0, 0x80, 0xdd,
  0xbe, 0x01, 0xd8, 0xdd, 0x36, 0x00, 0xa9, 0x3a, 0x24, 0xe3, 0xfe, 0x01,
  0xca, 0xeb, 0x9b, 0x3e, 0x01, 0xcd, 0xef, 0x5b, 0xc3, 0x05, 0x9c, 0xc5,
  0xfd, 0x36, 0x0e, 0xf0, 0xfd, 0x36, 0x01, 0x01, 0x3a, 0xce, 0xe0, 0x4f,
  0xdd, 0x7e, 0x01, 0x91, 0xfd, 0x77, 0x10, 0xc1, 0x3e, 0x04, 0xcd, 0xef,
  0x5b, 0xfd, 0x7e, 0x02, 0xed, 0x44, 0xfd, 0x77, 0x02, 0x3a, 0xce, 0xe0,
  0x47, 0xdd, 0x7e, 0x01, 0x90, 0x6f, 0x26, 0x00, 0xcd, 0x9a, 0xb3, 0x5d,
  0x16, 0x00, 0x21, 0x27, 0x9c, 0x19, 0x7e, 0xfd, 0x77, 0x06, 0xc9, 0x07,
  0x06, 0x05, 0x04, 0x03, 0x02, 0x3a, 0x1b, 0xe0, 0xfe, 0x20, 0xd0, 0xfd,
  0xcb, 0x02, 0x7e, 0xca, 0xcf, 0x9d, 0xfd, 0xcb, 0x03, 0x7e, 0xc2, 0xcf,
  0x9d, 0xdd, 0x7e, 0x00, 0xd6, 0x18, 0xcb, 0x3f, 0xcb, 0x3f, 0xcb, 0x3f,
  0xfe, 0x0c, 0xd2, 0xcf, 0x9d, 0x32, 0x8a, 0xe5, 0xdd, 0x7e, 0x01, 0xd6,
  0x0c, 0xcb, 0x3f, 0xcb, 0x3f, 0xcb, 0x3f, 0xcb, 0x3f, 0x32, 0x8b, 0xe5,
  0xdd, 0x7e, 0x00, 0xfd, 0x96, 0x02, 0x32, 0x86, 0xe5, 0xd6, 0x18, 0xcb,
  0x3f, 0xcb, 0x3f, 0xcb, 0x3f, 0xfe, 0x0d, 0xd2, 0xcf, 0x9d, 0x32, 0x8c,
  0xe5, 0xdd, 0x7e, 0x01, 0xfd, 0x96, 0x03, 0x32, 0x87, 0xe5, 0xd6, 0x0c,
  0xcb, 0x3f, 0xcb, 0x3f, 0xcb, 0x3f, 0xcb, 0x3f, 0xfe, 0x0b, 0xd2, 0xcf,
  0x9d, 0x32, 0x8d, 0xe5, 0xcd, 0x9a, 0xa2, 0xda, 0x99, 0xa2, 0x3a, 0x8b,
  0xe5, 0xfe, 0x0b, 0xd2, 0x99, 0xa2, 0x3a, 0x8a, 0xe5, 0xfe, 0x0b, 0xc2,
  0xbc, 0x9c, 0x3a, 0x8c, 0xe5, 0xfe, 0x0c, 0xc2, 0xbc, 0x9c, 0xcd, 0x28,
  0xa3, 0xc3, 0x99, 0xa2, 0x3a, 0x8c, 0xe5, 0xfe, 0x0c, 0xd2, 0x99, 0xa2,
  0x3a, 0x8c, 0xe5, 0x4f, 0x3a, 0x8a, 0xe5, 0xb9, 0xca, 0xd7, 0x9c, 0x0d,
  0xb9, 0xca, 0xea, 0x9c, 0xc3, 0x99, 0xa2, 0x3a, 0x8d, 0xe5, 0x4f, 0x3a,
  0x8b, 0xe5, 0xb9, 0xca, 0xfd, 0x9c, 0x0c, 0xb9, 0xca, 0x18, 0x9d, 0xc3,
  0x99, 0xa2, 0x3a, 0x8d, 0xe5, 0x4f, 0x3a, 0x8b, 0xe5, 0xb9, 0xca, 0x36,
  0x9d, 0x0c, 0xb9, 0xca, 0x54, 0x9d, 0xc3, 0x99, 0xa2, 0x3a, 0x8c, 0xe5,
  0x32, 0xaa, 0xe2, 0x3a, 0x8b, 0xe5, 0x32, 0xab, 0xe2, 0xcd, 0xa8, 0xad,
  0xd2, 0x99, 0xa2, 0xcd, 0x5b, 0x9b, 0xcd, 0x05, 0xaa, 0xc3, 0x99, 0xa2,
  0x3a, 0x8c, 0xe5, 0x32, 0xaa, 0xe2, 0x3a, 0x8b, 0xe5, 0x32, 0xab, 0xe2,
  0xcd, 0xa8, 0xad, 0xd2, 0x99, 0xa2, 0xcd, 0x01, 0xa9, 0xcd, 0x80, 0x9b,
  0xcd, 0x05, 0xaa, 0xc3, 0x99, 0xa2, 0x3a, 0x8a, 0xe5, 0x32, 0xaa, 0xe2,
  0x3a, 0x8d, 0xe5, 0x32, 0xab, 0xe2, 0xcd, 0xa8, 0xad, 0xd2, 0x99, 0xa2,
  0xcd, 0x10, 0xa8, 0xcd, 0x5b, 0x9b, 0xcd, 0x05, 0xaa, 0xc3, 0x99, 0xa2,
  0x3a, 0x8a, 0xe5, 0x32, 0xaa, 0xe2, 0x3a, 0x8d, 0xe5, 0x32, 0xab, 0xe2,
  0xcd, 0x70, 0xa6, 0xd2, 0x99, 0x9d, 0xcd, 0xa8, 0xad, 0xd2, 0x81, 0x9d,
  0x3a, 0x3c, 0xe5, 0xdd, 0x77, 0x00, 0x3a, 0x3d, 0xe5, 0xdd, 0x77, 0x01,
  0xcd, 0x5b, 0x9b, 0xcd, 0x05, 0xaa, 0xc3, 0x99, 0xa2, 0x3a, 0x8b, 0xe5,
  0x32, 0xab, 0xe2, 0xcd, 0xa8, 0xad, 0xd2, 0x99, 0xa2, 0xcd, 0x01, 0xa9,
  0xcd, 0x80, 0x9b, 0xcd, 0x05, 0xaa, 0xc3, 0x99, 0xa2, 0x3a, 0x8c, 0xe5,
  0x32, 0xaa, 0xe2, 0x3a, 0x8b, 0xe5, 0x32, 0xab, 0xe2, 0xcd, 0xa8, 0xad,
  0xd2, 0xb7, 0x9d, 0xcd, 0x01, 0xa9, 0xcd, 0x80, 0x9b, 0xcd, 0x05, 0xaa,
  0xc3, 0x99, 0xa2, 0x3a, 0x8a, 0xe5, 0x32, 0xaa, 0xe2, 0xcd, 0xa8, 0xad,
  0xd2, 0x99, 0xa2, 0xcd, 0x10, 0xa8, 0xcd, 0x5b, 0x9b, 0xcd, 0x05, 0xaa,
  0xc3, 0x99, 0xa2, 0xfd, 0xcb, 0x02, 0x7e, 0xca, 0x6b, 0x9f, 0xfd, 0xcb,
  0x03, 0x7e, 0xca, 0x6b, 0x9f, 0xdd, 0x7e, 0x00, 0xd6, 0x18, 0xcb, 0x3f,
  0xcb, 0x3f, 0xcb, 0x3f, 0xfe, 0x0c, 0xd2, 0x6b, 0x9f, 0x32, 0x8a, 0xe5,
  0xdd, 0x7e, 0x01, 0xd6, 0x11, 0xcb, 0x3f, 0xcb, 0x3f, 0xcb, 0x3f, 0xcb,
  0x3f, 0x32, 0x8b, 0xe5, 0xdd, 0x7e, 0x00, 0xfd, 0x96, 0x02, 0x32, 0x86,
  0xe5, 0xd6, 0x18, 0xcb, 0x3f, 0xcb, 0x3f, 0xcb, 0x3f, 0xfe, 0x0d, 0xd2,
  0x6b, 0x9f, 0x32, 0x8c, 0xe5, 0xdd, 0x7e, 0x01, 0xfd, 0x96, 0x03, 0x32,
  0x87, 0xe5, 0xd6, 0x11, 0xcb, 0x3f, 0xcb, 0x3f, 0xcb, 0x3f, 0xcb, 0x3f,
  0xfe, 0x0b, 0xd2, 0x6b, 0x9f, 0x32, 0x8d, 0xe5, 0xcd, 0xad, 0xa2, 0xda,
  0x99, 0xa2, 0x3a, 0x8b, 0xe5, 0xfe, 0x0b, 0xd2, 0x99, 0xa2, 0x3a, 0x8a,
  0xe5, 0xfe, 0x0b, 0xc2, 0x58, 0x9e, 0x3a, 0x8c, 0xe5, 0xfe, 0x0c, 0xc2,
  0x58, 0x9e, 0xcd, 0x28, 0xa3, 0xc3, 0x99, 0xa2, 0x3a, 0x8c, 0xe5, 0xfe,
  0x0c, 0xd2, 0x99, 0xa2, 0x3a, 0x8c, 0xe5, 0x4f, 0x3a, 0x8a, 0xe5, 0xb9,
  0xca, 0x73, 0x9e, 0x0d, 0xb9, 0xca, 0x86, 0x9e, 0xc3, 0x99, 0xa2, 0x3a,
  0x8d, 0xe5, 0x4f, 0x3a, 0x8b, 0xe5, 0xb9, 0xca, 0x99, 0x9e, 0x0d, 0xb9,
  0xca, 0xb4, 0x9e, 0xc3, 0x99, 0xa2, 0x3a, 0x8d, 0xe5, 0x4f, 0x3a, 0x8b,
  0xe5, 0xb9, 0xca, 0xd2, 0x9e, 0x0d, 0xb9, 0xca, 0xf0, 0x9e, 0xc3, 0x99,
  0xa2, 0x3a, 0x8c, 0xe5, 0x32, 0xaa, 0xe2, 0x3a, 0x8b, 0xe5, 0x32, 0xab,
  0xe2, 0xcd, 0xa8, 0xad, 0xd2, 0x99, 0xa2, 0xcd, 0x5b, 0x9b, 0xcd, 0x05,
  0xaa, 0xc3, 0x99, 0xa2, 0x3a, 0x8c, 0xe5, 0x32, 0xaa, 0xe2, 0x3a, 0x8b,
  0xe5, 0x32, 0xab, 0xe2, 0xcd, 0xa8, 0xad, 0xd2, 0x99, 0xa2, 0xcd, 0x01,
  0xa9, 0xcd, 0x80, 0x9b, 0xcd, 0x05, 0xaa, 0xc3, 0x99, 0xa2, 0x3a, 0x8a,
  0xe5, 0x32, 0xaa, 0xe2, 0x3a, 0x8d, 0xe5, 0x32, 0xab, 0xe2, 0xcd, 0xa8,
  0xad, 0xd2, 0x99, 0xa2, 0xcd, 0x10, 0xa8, 0xcd, 0x5b, 0x9b, 0xcd, 0x05,
  0xaa, 0xc3, 0x99, 0xa2, 0x3a, 0x8a, 0xe5, 0x32, 0xaa, 0xe2, 0x3a, 0x8d,
  0xe5, 0x32, 0xab, 0xe2, 0xcd, 0x70, 0xa6, 0xd2, 0x35, 0x9f, 0xcd, 0xa8,
  0xad, 0xd2, 0x1d, 0x9f, 0x3a, 0x3c, 0xe5, 0xdd, 0x77, 0x00, 0x3a, 0x3d,
  0xe5, 0xdd, 0x77, 0x01, 0xcd, 0x5b, 0x9b, 0xcd, 0x05, 0xaa, 0xc3, 0x99,
  0xa2, 0x3a, 0x8b, 0xe5, 0x32, 0xab, 0xe2, 0xcd, 0xa8, 0xad, 0xd2, 0x99,
  0xa2, 0xcd, 0x01, 0xa9, 0xcd, 0x80, 0x9b, 0xcd, 0x05, 0xaa, 0xc3, 0x99,
  0xa2, 0x3a, 0x8c, 0xe5, 0x32, 0xaa, 0xe2, 0x3a, 0x8b, 0xe5, 0x32, 0xab,
  0xe2, 0xcd, 0xa8, 0xad, 0xd2, 0x53, 0x9f, 0xcd, 0x01, 0xa9, 0xcd, 0x80,
  0x9b, 0xcd, 0x05, 0xaa, 0xc3, 0x99, 0xa2, 0x3a, 0x8a, 0xe5, 0x32, 0xaa,
  0xe2, 0xcd, 0xa8, 0xad, 0xd2, 0x99, 0xa2, 0xcd, 0x10, 0xa8, 0xcd, 0x5b,
  0x9b, 0xcd, 0x05, 0xaa, 0xc3, 0x99, 0xa2, 0xfd, 0xcb, 0x02, 0x7e, 0xc2,
  0x02, 0xa1, 0xfd, 0xcb, 0x03, 0x7e, 0xc2, 0x02, 0xa1, 0xdd, 0x7e, 0x00,
  0xd6, 0x13, 0xcb, 0x3f, 0xcb, 0x3f, 0xcb, 0x3f, 0xfe, 0x0c, 0xd2, 0x02,
  0xa1, 0x32, 0x8a, 0xe5, 0xdd, 0x7e, 0x01, 0xd6, 0x0c, 0xcb, 0x3f, 0xcb,
  0x3f, 0xcb, 0x3f, 0xcb, 0x3f, 0x32, 0x8b, 0xe5, 0xdd, 0x7e, 0x00, 0xfd,
  0x96, 0x02, 0x32, 0x86, 0xe5, 0xd6, 0x13, 0xcb, 0x3f, 0xcb, 0x3f, 0xcb,
  0x3f, 0x32, 0x8c, 0xe5, 0xdd, 0x7e, 0x01, 0xfd, 0x96, 0x03, 0x32, 0x87,
  0xe5, 0xd6, 0x0c, 0xcb, 0x3f, 0xcb, 0x3f, 0xcb, 0x3f, 0xcb, 0x3f, 0xfe,
  0x0b, 0xd2, 0x02, 0xa1, 0x32, 0x8d, 0xe5, 0xcd, 0x9a, 0xa2, 0xda, 0x99,
  0xa2, 0x3a, 0x8b, 0xe5, 0xfe, 0x0b, 0xd2, 0x99, 0xa2, 0x3a, 0x8a, 0xe5,
  0xfe, 0x00, 0xc2, 0xef, 0x9f, 0x3a, 0x8c, 0xe5, 0xfe, 0x1f, 0xc2, 0xef,
  0x9f, 0xcd, 0x28, 0xa3, 0xc3, 0x99, 0xa2, 0x3a, 0x8c, 0xe5, 0xfe, 0x0c,
  0xd2, 0x99, 0xa2, 0x3a, 0x8c, 0xe5, 0x4f, 0x3a, 0x8a, 0xe5, 0xb9, 0xca,
  0x0a, 0xa0, 0x0c, 0xb9, 0xca, 0x1d, 0xa0, 0xc3, 0x99, 0xa2, 0x3a, 0x8d,
  0xe5, 0x4f, 0x3a, 0x8b, 0xe5, 0xb9, 0xca, 0x30, 0xa0, 0x0c, 0xb9, 0xca,
  0x4b, 0xa0, 0xc3, 0x99, 0xa2, 0x3a, 0x8d, 0xe5, 0x4f, 0x3a, 0x8b, 0xe5,
  0xb9, 0xca, 0x69, 0xa0, 0x0c, 0xb9, 0xca, 0x87, 0xa0, 0xc3, 0x99, 0xa2,
  0x3a, 0x8c, 0xe5, 0x32, 0xaa, 0xe2, 0x3a, 0x8b, 0xe5, 0x32, 0xab, 0xe2,
  0xcd, 0xa8, 0xad, 0xd2, 0x99, 0xa2, 0xcd, 0x5b, 0x9b, 0xcd, 0x05, 0xaa,
  0xc3, 0x99, 0xa2, 0x3a, 0x8c, 0xe5, 0x32, 0xaa, 0xe2, 0x3a, 0x8b, 0xe5,
  0x32, 0xab, 0xe2, 0xcd, 0xa8, 0xad, 0xd2, 0x99, 0xa2, 0xcd, 0x01, 0xa9,
  0xcd, 0x80, 0x9b, 0xcd, 0x05, 0xaa, 0xc3, 0x99, 0xa2, 0x3a, 0x8a, 0xe5,
  0x32, 0xaa, 0xe2, 0x3a, 0x8d, 0xe5, 0x32, 0xab, 0xe2, 0xcd, 0xa8, 0xad,
  0xd2, 0x99, 0xa2, 0xcd, 0x10, 0xa8, 0xcd, 0x5b, 0x9b, 0xcd, 0x05, 0xaa,
  0xc3, 0x99, 0xa2, 0x3a, 0x8a, 0xe5, 0x32, 0xaa, 0xe2, 0x3a, 0x8d, 0xe5,
  0x32, 0xab, 0xe2, 0xcd, 0x70, 0xa6, 0xd2, 0xcc, 0xa0, 0xcd, 0xa8, 0xad,
  0xd2, 0xb4, 0xa0, 0x3a, 0x3c, 0xe5, 0xdd, 0x77, 0x00, 0x3a, 0x3d, 0xe5,
  0xdd, 0x77, 0x01, 0xcd, 0x5b, 0x9b, 0xcd, 0x05, 0xaa, 0xc3, 0x99, 0xa2,
  0x3a, 0x8b, 0xe5, 0x32, 0xab, 0xe2, 0xcd, 0xa8, 0xad, 0xd2, 0x99, 0xa2,
  0xcd, 0x01, 0xa9, 0xcd, 0x80, 0x9b, 0xcd, 0x05, 0xaa, 0xc3, 0x99, 0xa2,
  0x3a, 0x8c, 0xe5, 0x32, 0xaa, 0xe2, 0x3a, 0x8b, 0xe5, 0x32, 0xab, 0xe2,
  0xcd, 0xa8, 0xad, 0xd2, 0xea, 0xa0, 0xcd, 0x01, 0xa9, 0xcd, 0x80, 0x9b,
  0xcd, 0x05, 0xaa, 0xc3, 0x99, 0xa2, 0x3a, 0x8a, 0xe5, 0x32, 0xaa, 0xe2,
  0xcd, 0xa8, 0xad, 0xd2, 0x99, 0xa2, 0xcd, 0x10, 0xa8, 0xcd, 0x5b, 0x9b,
  0xcd, 0x05, 0xaa, 0xc3, 0x99, 0xa2, 0xfd, 0xcb, 0x02, 0x7e, 0xc2, 0x99,
  0xa2, 0xfd, 0xcb, 0x03, 0x7e, 0xca, 0x99, 0xa2, 0xdd, 0x7e, 0x00, 0xd6,
  0x13, 0xcb, 0x3f, 0xcb, 0x3f, 0xcb, 0x3f, 0xfe, 0x0c, 0xd2, 0x99, 0xa2,
  0x32, 0x8a, 0xe5, 0xdd, 0x7e, 0x01, 0xd6, 0x11, 0xcb, 0x3f, 0xcb, 0x3f,
  0xcb, 0x3f, 0xcb, 0x3f, 0x32, 0x8b, 0xe5, 0xdd, 0x7e, 0x00, 0xfd, 0x96,
  0x02, 0x32, 0x86, 0xe5, 0xd6, 0x13, 0xcb, 0x3f, 0xcb, 0x3f, 0xcb, 0x3f,
  0x32, 0x8c, 0xe5, 0xdd, 0x7e, 0x01, 0xfd, 0x96, 0x03, 0x32, 0x87, 0xe5,
  0xd6, 0x11, 0xcb, 0x3f, 0xcb, 0x3f, 0xcb, 0x3f, 0xcb, 0x3f, 0xfe, 0x0b,
  0xd2, 0x99, 0xa2, 0x32, 0x8d, 0xe5, 0xcd, 0xad, 0xa2, 0xda, 0x99, 0xa2,
  0x3a, 0x8b, 0xe5, 0xfe, 0x0b, 0xd2, 0x99, 0xa2, 0x3a, 0x8a, 0xe5, 0xfe,
  0x00, 0xc2, 0x86, 0xa1, 0x3a, 0x8c, 0xe5, 0xfe, 0x1f, 0xc2, 0x86, 0xa1,
  0xcd, 0x28, 0xa3, 0xc3, 0x99, 0xa2, 0x3a, 0x8c, 0xe5, 0xfe, 0x0c, 0xd2,
  0x99, 0xa2, 0x3a, 0x8c, 0xe5, 0x4f, 0x3a, 0x8a, 0xe5, 0xb9, 0xca, 0xa1,
  0xa1, 0x0c, 0xb9, 0xca, 0xb4, 0xa1, 0xc3, 0x99, 0xa2, 0x3a, 0x8d, 0xe5,
  0x4f, 0x3a, 0x8b, 0xe5, 0xb9, 0xca, 0xc7, 0xa1, 0x0d, 0xb9, 0xca, 0xe2,
  0xa1, 0xc3, 0x99, 0xa2, 0x3a, 0x8d, 0xe5, 0x4f, 0x3a, 0x8b, 0xe5, 0xb9,
  0xca, 0x00, 0xa2, 0x0d, 0xb9, 0xca, 0x1e, 0xa2, 0xc3, 0x99, 0xa2, 0x3a,
  0x8c, 0xe5, 0x32, 0xaa, 0xe2, 0x3a, 0x8b, 0xe5, 0x32, 0xab, 0xe2, 0xcd,
  0xa8, 0xad, 0xd2, 0x99, 0xa2, 0xcd, 0x5b, 0x9b, 0xcd, 0x05, 0xaa, 0xc3,
  0x99, 0xa2, 0x3a, 0x8c, 0xe5, 0x32, 0xaa, 0xe2, 0x3a, 0x8b, 0xe5, 0x32,
  0xab, 0xe2, 0xcd, 0xa8, 0xad, 0xd2, 0x99, 0xa2, 0xcd, 0x01, 0xa9, 0xcd,
  0x80, 0x9b, 0xcd, 0x05, 0xaa, 0xc3, 0x99, 0xa2, 0x3a, 0x8a, 0xe5, 0x32,
  0xaa, 0xe2, 0x3a, 0x8d, 0xe5, 0x32, 0xab, 0xe2, 0xcd, 0xa8, 0xad, 0xd2,
  0x99, 0xa2, 0xcd, 0x10, 0xa8, 0xcd, 0x5b, 0x9b, 0xcd, 0x05, 0xaa, 0xc3,
  0x99, 0xa2, 0x3a, 0x8a, 0xe5, 0x32, 0xaa, 0xe2, 0x3a, 0x8d, 0xe5, 0x32,
  0xab, 0xe2, 0xcd, 0x70, 0xa6, 0xd2, 0x63, 0xa2, 0xcd, 0xa8, 0xad, 0xd2,
  0x4b, 0xa2, 0x3a, 0x3c, 0xe5, 0xdd, 0x77, 0x00, 0x3a, 0x3d, 0xe5, 0xdd,
  0x77, 0x01, 0xcd, 0x5b, 0x9b, 0xcd, 0x05, 0xaa, 0xc3, 0x99, 0xa2, 0x3a,
  0x8b, 0xe5, 0x32, 0xab, 0xe2, 0xcd, 0xa8, 0xad, 0xd2, 0x99, 0xa2, 0xcd,
  0x01, 0xa9, 0xcd, 0x80, 0x9b, 0xcd, 0x05, 0xaa, 0xc3, 0x99, 0xa2, 0x3a,
  0x8c, 0xe5, 0x32, 0xaa, 0xe2, 0x3a, 0x8b, 0xe5, 0x32, 0xab, 0xe2, 0xcd,
  0xa8, 0xad, 0xd2, 0x81, 0xa2, 0xcd, 0x01, 0xa9, 0xcd, 0x80, 0x9b, 0xcd,
  0x05, 0xaa, 0xc3, 0x99, 0xa2, 0x3a, 0x8a, 0xe5, 0x32, 0xaa, 0xe2, 0xcd,
  0xa8, 0xad, 0xd2, 0x99, 0xa2, 0xcd, 0x10, 0xa8, 0xcd, 0x5b, 0x9b, 0xcd,
  0x05, 0xaa, 0xc3, 0x99, 0xa2, 0xc9, 0x3a, 0x8b, 0xe5, 0xfe, 0x0b, 0xc2,
  0x24, 0xa3, 0x3a, 0x8d, 0xe5, 0xfe, 0x0a, 0xc2, 0x24, 0xa3, 0xc3, 0xbd,
  0xa2, 0x3a, 0x8b, 0xe5, 0xfe, 0x0f, 0xc2, 0x24, 0xa3, 0x3a, 0x8d, 0xe5,
  0xfe, 0x00, 0xc2, 0x24, 0xa3, 0x3a, 0x8c, 0xe5, 0x4f, 0x3a, 0x8a, 0xe5,
  0xb9, 0xca, 0xdf, 0xa2, 0xfd, 0xcb, 0x02, 0x7e, 0xc2, 0xd7, 0xa2, 0x0c,
  0xb9, 0xca, 0xee, 0xa2, 0xc3, 0x26, 0xa3, 0x0d, 0xb9, 0xca, 0xee, 0xa2,
  0xc3, 0x26, 0xa3, 0x3a, 0x8c, 0xe5, 0x32, 0xaa, 0xe2, 0xcd, 0xd1, 0xa3,
  0xcd, 0x80, 0x9b, 0xc3, 0x26, 0xa3, 0x3a, 0x8a, 0xe5, 0x32, 0xaa, 0xe2,
  0xcd, 0x91, 0xa5, 0xd2, 0xdf, 0xa2, 0x3a, 0x8d, 0xe5, 0x32, 0xab, 0xe2,
  0xcd, 0xa8, 0xad, 0xd2, 0x1b, 0xa3, 0x3a, 0x3c, 0xe5, 0xdd, 0x77, 0x00,
  0x3a, 0x3d, 0xe5, 0xdd, 0x77, 0x01, 0xcd, 0x5b, 0x9b, 0xcd, 0x05, 0xaa,
  0xc3, 0x26, 0xa3, 0xcd, 0xd1, 0xa3, 0xcd, 0x80, 0x9b, 0xc3, 0x26, 0xa3,
  0xaf, 0xc9, 0x37, 0xc9, 0x3a, 0x8b, 0xe5, 0x47, 0x3a, 0xab, 0xe2, 0xb8,
  0xc2, 0x54, 0xa3, 0x3a, 0x8a, 0xe5, 0x32, 0xaa, 0xe2, 0x3a, 0x8b, 0xe5,
  0x32, 0xab, 0xe2, 0xcd, 0xa8, 0xad, 0xd2, 0x51, 0xa3, 0xcd, 0x10, 0xa8,
  0xcd, 0x5b, 0x9b, 0xcd, 0x05, 0xaa, 0xc3, 0xd0, 0xa3, 0xc3, 0xd0, 0xa3,
  0x3a, 0x8a, 0xe5, 0x32, 0xaa, 0xe2, 0x3a, 0x8d, 0xe5, 0xfd, 0xcb, 0x03,
  0x7e, 0xca, 0x67, 0xa3, 0x3a, 0x8b, 0xe5, 0x32, 0xab, 0xe2, 0xcd, 0x70,
  0xa6, 0xd2, 0xaf, 0xa3, 0x3a, 0x8a, 0xe5, 0x32, 0xaa, 0xe2, 0x3a, 0x8d,
  0xe5, 0x32, 0xab, 0xe2, 0xcd, 0xa8, 0xad, 0xd2, 0x8e, 0xa3, 0xcd, 0x10,
  0xa8, 0xcd, 0x5b, 0x9b, 0xcd, 0x05, 0xaa, 0xc3, 0xd0, 0xa3, 0x3a, 0x8a,
  0xe5, 0x32, 0xaa, 0xe2, 0x3a, 0x8b, 0xe5, 0x32, 0xab, 0xe2, 0xcd, 0xa8,
  0xad, 0xd2, 0xac, 0xa3, 0xcd, 0x01, 0xa9, 0xcd, 0x80, 0x9b, 0xcd, 0x05,
  0xaa, 0xc3, 0xd0, 0xa3, 0xc3, 0xd0, 0xa3, 0x3a, 0x8a, 0xe5, 0x32, 0xaa,
  0xe2, 0x3a, 0x8b, 0xe5, 0x32, 0xab, 0xe2, 0xcd, 0xa8, 0xad, 0xd2, 0xcd,
  0xa3, 0xcd, 0x10, 0xa8, 0xcd, 0x5b, 0x9b, 0xcd, 0x05, 0xaa, 0xc3, 0xd0,
  0xa3, 0xc3, 0xd0, 0xa3, 0xc9, 0x21, 0x41, 0xe5, 0x36, 0x00, 0x11, 0x42,
  0xe5, 0x01, 0x02, 0x00, 0xed, 0xb0, 0x3a, 0xab, 0xe2, 0xcb, 0x27, 0xcb,
  0x27, 0xcb, 0x27, 0xcb, 0x27, 0x06, 0x10, 0xfd, 0xcb, 0x03, 0x7e, 0xc2,
  0xf4, 0xa3, 0x06, 0x0c, 0x80, 0x32, 0xc7, 0xe2, 0xc6, 0x0f, 0x32, 0xc6,
  0xe2, 0xfd, 0x7e, 0x06, 0xcb, 0x7f, 0xca, 0x07, 0xa4, 0xed, 0x44, 0x3d,
  0xcb, 0x27, 0x6f, 0x26, 0x00, 0x11, 0x6c, 0xa8, 0x19, 0x7e, 0xfd, 0xcb,
  0x02, 0x7e, 0xc2, 0x1b, 0xa4, 0xed, 0x44, 0x32, 0x42, 0xe5, 0x23, 0x7e,
  0xfd, 0xcb, 0x02, 0x7e, 0xc2, 0x29, 0xa4, 0xed, 0x44, 0x32, 0x43, 0xe5,
  0x3a, 0x42, 0xe5, 0x47, 0x3a, 0x87, 0xe5, 0x21, 0xc6, 0xe2, 0xfd, 0xcb,
  0x03, 0x7e, 0xc2, 0x52, 0xa4, 0x21, 0xc7, 0xe2, 0x34, 0xf5, 0x3a, 0x41,
  0xe5, 0x3c, 0x32, 0x41, 0xe5, 0xf1, 0x80, 0xbe, 0xd2, 0x63, 0xa4, 0xc3,
  0x41, 0xa4, 0xf5, 0x3a, 0x41, 0xe5, 0x3c, 0x32, 0x41, 0xe5, 0xf1, 0x80,
  0xbe, 0xda, 0x64, 0xa4, 0xc3, 0x52, 0xa4, 0x35, 0x3a, 0x41, 0xe5, 0x47,
  0x3a, 0x43, 0xe5, 0x4f, 0xed, 0x44, 0x81, 0x10, 0xfd, 0x47, 0x3a, 0x86,
  0xe5, 0x80, 0x47, 0xfd, 0xcb, 0x02, 0x7e, 0xc2, 0x9c, 0xa4, 0x3a, 0xaa,
  0xe2, 0xcb, 0x27, 0xcb, 0x27, 0xcb, 0x27, 0xc6, 0x12, 0xb8, 0xda, 0x92,
  0xa4, 0x3c, 0x47, 0xc3, 0xbb, 0xa4, 0xc6, 0x08, 0xb8, 0xd2, 0xbb, 0xa4,
  0x47, 0xc3, 0xbb, 0xa4, 0x3a, 0xaa, 0xe2, 0xcb, 0x27, 0xcb, 0x27, 0xcb,
  0x27, 0xc6, 0x1f, 0xb8, 0xd2, 0xaf, 0xa4, 0x47, 0xc3, 0xbb, 0xa4, 0xd6,
  0x08, 0xb8, 0xda, 0xba, 0xa4, 0x3c, 0x47, 0xc3, 0xbb, 0xa4, 0x3c, 0x47,
  0x32, 0x3e, 0xe5, 0x3a, 0xc7, 0xe2, 0xfd, 0xcb, 0x03, 0x7e, 0xca, 0xcc,
  0xa4, 0x3a, 0xc6, 0xe2, 0x32, 0x3d, 0xe5, 0x21, 0x41, 0xe5, 0x36, 0x00,
  0x11, 0x42, 0xe5, 0x01, 0x02, 0x00, 0xed, 0xb0, 0x3a, 0xaa, 0xe2, 0xcb,
  0x27, 0xcb, 0x27, 0xcb, 0x27, 0x06, 0x18, 0xfd, 0xcb, 0x02, 0x7e, 0xc2,
  0xf0, 0xa4, 0x06, 0x13, 0x80, 0x32, 0xc4, 0xe2, 0xc6, 0x07, 0x32, 0xc5,
  0xe2, 0xfd, 0x7e, 0x06, 0xcb, 0x7f, 0xca, 0x03, 0xa5, 0xed, 0x44, 0x3d,
  0xcb, 0x27, 0x6f, 0x26, 0x00, 0x11, 0x6c, 0xa8, 0x19, 0x7e, 0xfd, 0xcb,
  0x02, 0x7e, 0xc2, 0x17, 0xa5, 0xed, 0x44, 0x32, 0x42, 0xe5, 0x23, 0x7e,
  0xfd, 0xcb, 0x02, 0x7e, 0xc2, 0x25, 0xa5, 0xed, 0x44, 0x32, 0x43, 0xe5,
  0x3a, 0x43, 0xe5, 0x47, 0x3a, 0x86, 0xe5, 0x21, 0xc5, 0xe2, 0xfd, 0xcb,
  0x02, 0x7e, 0xc2, 0x4e, 0xa5, 0x21, 0xc4, 0xe2, 0x34, 0xf5, 0x3a, 0x41,
  0xe5, 0x3c, 0x32, 0x41, 0xe5, 0xf1, 0x80, 0xbe, 0xd2, 0x5f, 0xa5, 0xc3,
  0x3d, 0xa5, 0xf5, 0x3a, 0x41, 0xe5, 0x3c, 0x32, 0x41, 0xe5, 0xf1, 0x80,
  0xbe, 0xda, 0x60, 0xa5, 0xc3, 0x4e, 0xa5, 0x35, 0x3a, 0x41, 0xe5, 0x47,
  0x3a, 0x42, 0xe5, 0x4f, 0xed, 0x44, 0x81, 0x10, 0xfd, 0x47, 0x3a, 0x87,
  0xe5, 0x80, 0x32, 0x3c, 0xe5, 0x47, 0x3e, 0xbc, 0xfd, 0xcb, 0x03, 0x7e,
  0xca, 0x89, 0xa5, 0x3e, 0x0f, 0xb8, 0xda, 0x87, 0xa5, 0xb7, 0xc9, 0x37,
  0xc9, 0xb8, 0xda, 0x8f, 0xa5, 0x37, 0xc9, 0xb7, 0xc9, 0x21, 0x41, 0xe5,
  0x36, 0x00, 0x11, 0x42, 0xe5, 0x01, 0x02, 0x00, 0xed, 0xb0, 0x3a, 0xaa,
  0xe2, 0xcb, 0x27, 0xcb, 0x27, 0xcb, 0x27, 0x06, 0x18, 0xfd, 0xcb, 0x02,
  0x7e, 0xc2, 0xb2, 0xa5, 0x06, 0x13, 0x80, 0x32, 0xc4, 0xe2, 0xc6, 0x07,
  0x32, 0xc5, 0xe2, 0xfd, 0x7e, 0x06, 0xcb, 0x7f, 0xca, 0xc5, 0xa5, 0xed,
  0x44, 0x3d, 0xcb, 0x27, 0x6f, 0x26, 0x00, 0x11, 0x6c, 0xa8, 0x19, 0x7e,
  0xfd, 0xcb, 0x02, 0x7e, 0xc2, 0xd9, 0xa5, 0xed, 0x44, 0x32, 0x42, 0xe5,
  0x23, 0x7e, 0xfd, 0xcb, 0x02, 0x7e, 0xc2, 0xe7, 0xa5, 0xed, 0x44, 0x32,
  0x43, 0xe5, 0x3a, 0x43, 0xe5, 0x47, 0x3a, 0x86, 0xe5, 0x21, 0xc5, 0xe2,
  0xfd, 0xcb, 0x02, 0x7e, 0xc2, 0x10, 0xa6, 0x21, 0xc4, 0xe2, 0x34, 0xf5,
  0x3a, 0x41, 0xe5, 0x3c, 0x32, 0x41, 0xe5, 0xf1, 0x80, 0xbe, 0xd2, 0x21,
  0xa6, 0xc3, 0xff, 0xa5, 0xf5, 0x3a, 0x41, 0xe5, 0x3c, 0x32, 0x41, 0xe5,
  0xf1, 0x80, 0xbe, 0xda, 0x22, 0xa6, 0xc3, 0x10, 0xa6, 0x35, 0x3a, 0x41,
  0xe5, 0x47, 0x3a, 0x42, 0xe5, 0x4f, 0xed, 0x44, 0x81, 0x10, 0xfd, 0x47,
  0x3a, 0x87, 0xe5, 0x80, 0x47, 0x3e, 0xbc, 0xfd, 0xcb, 0x03, 0x7e, 0xca,
  0x4e, 0xa6, 0x3e, 0x0f, 0xb8, 0xda, 0x4a, 0xa6, 0xb7, 0x47, 0x04, 0xc3,
  0x5b, 0xa6, 0x37, 0xc3, 0x5b, 0xa6, 0xb8, 0xda, 0x56, 0xa6, 0x37, 0xc3,
  0x5b, 0xa6, 0x47, 0xb7, 0xc3, 0x5b, 0xa6, 0x78, 0x32, 0x3d, 0xe5, 0x3a,
  0xc4, 0xe2, 0xfd, 0xcb, 0x02, 0x7e, 0xca, 0x6c, 0xa6, 0x3a, 0xc5, 0xe2,
  0x32, 0x3c, 0xe5, 0xc9, 0x21, 0x41, 0xe5, 0x36, 0x00, 0x11, 0x42, 0xe5,
  0x01, 0x02, 0x00, 0xed, 0xb0, 0x3a, 0xaa, 0xe2, 0xcb, 0x27, 0xcb, 0x27,
  0xcb, 0x27, 0x06, 0x13, 0xfd, 0xcb, 0x02, 0x7e, 0xca, 0x91, 0xa6, 0x06,
  0x18, 0x80, 0x32, 0xc4, 0xe2, 0xc6, 0x07, 0x32, 0xc5, 0xe2, 0xfd, 0x7e,
  0x06, 0xcb, 0x7f, 0xca, 0xa4, 0xa6, 0xed, 0x44, 0x3d, 0xcb, 0x27, 0x6f,
  0x26, 0x00, 0x11, 0x6c, 0xa8, 0x19, 0x7e, 0xfd, 0xcb, 0x02, 0x7e, 0xc2,
  0xb8, 0xa6, 0xed, 0x44, 0x32, 0x42, 0xe5, 0x23, 0x7e, 0xfd, 0xcb, 0x02,
  0x7e, 0xc2, 0xc6, 0xa6, 0xed, 0x44, 0x32, 0x43, 0xe5, 0xc3, 0xcc, 0xa6,
  0x3a, 0x43, 0xe5, 0x47, 0x3a, 0x86, 0xe5, 0x21, 0xc5, 0xe2, 0xfd, 0xcb,
  0x02, 0x7e, 0xc2, 0xf2, 0xa6, 0x21, 0xc4, 0xe2, 0x34, 0xf5, 0x3a, 0x41,
  0xe5, 0x3c, 0x32, 0x41, 0xe5, 0xf1, 0x80, 0xbe, 0xd2, 0x03, 0xa7, 0xc3,
  0xe1, 0xa6, 0xf5, 0x3a, 0x41, 0xe5, 0x3c, 0x32, 0x41, 0xe5, 0xf1, 0x80,
  0xbe, 0xda, 0x04, 0xa7, 0xc3, 0xf2, 0xa6, 0x35, 0x3a, 0x41, 0xe5, 0x47,
  0x3a, 0x42, 0xe5, 0x4f, 0xed, 0x44, 0x81, 0x10, 0xfd, 0x47, 0x3a, 0x87,
  0xe5, 0x80, 0x47, 0xfd, 0xcb, 0x02, 0x7e, 0xc2, 0x97, 0xa7, 0xfd, 0xcb,
  0x03, 0x7e, 0xc2, 0x5e, 0xa7, 0x3a, 0xab, 0xe2, 0xcb, 0x27, 0xcb, 0x27,
  0xcb, 0x27, 0xcb, 0x27, 0xc6, 0x0c, 0xb8, 0xda, 0x3b, 0xa7, 0x47, 0x37,
  0xc3, 0x51, 0xa7, 0xc6, 0x1f, 0xb8, 0xd2, 0x46, 0xa7, 0x47, 0xb7, 0xc3,
  0x51, 0xa7, 0xd6, 0x10, 0xb8, 0xda, 0x50, 0xa7, 0x37, 0xc3, 0x51, 0xa7,
  0xb7, 0xf5, 0x3a, 0xc4, 0xe2, 0x32, 0x3c, 0xe5, 0x78, 0x32, 0x3d, 0xe5,
  0xf1, 0xc9, 0x3a, 0xab, 0xe2, 0xcb, 0x27, 0xcb, 0x27, 0xcb, 0x27, 0xcb,
  0x27, 0xc6, 0x10, 0xb8, 0xda, 0x74, 0xa7, 0x47, 0xb7, 0xc3, 0x8a, 0xa7,
  0xc6, 0x1f, 0xb8, 0xd2, 0x7f, 0xa7, 0x47, 0x37, 0xc3, 0x8a, 0xa7, 0xd6,
  0x10, 0xb8, 0xda, 0x89, 0xa7, 0x37, 0xc3, 0x8a, 0xa7, 0xb7, 0xf5, 0x3a,
  0xc4, 0xe2, 0x32, 0x3c, 0xe5, 0x78, 0x32, 0x3d, 0xe5, 0xf1, 0xc9, 0xfd,
  0xcb, 0x03, 0x7e, 0xc2, 0xd7, 0xa7, 0x3a, 0xab, 0xe2, 0xcb, 0x27, 0xcb,
  0x27, 0xcb, 0x27, 0xcb, 0x27, 0xc6, 0x0c, 0xb8, 0xda, 0xb4, 0xa7, 0x47,
  0x37, 0xc3, 0xca, 0xa7, 0xc6, 0x1f, 0xb8, 0xd2, 0xbf, 0xa7, 0x47, 0xb7,
  0xc3, 0xca, 0xa7, 0xd6, 0x10, 0xb8, 0xda, 0xc9, 0xa7, 0x37, 0xc3, 0xca,
  0xa7, 0xb7, 0xf5, 0x3a, 0xc5, 0xe2, 0x32, 0x3c, 0xe5, 0x78, 0x32, 0x3d,
  0xe5, 0xf1, 0xc9, 0x3a, 0xab, 0xe2, 0xcb, 0x27, 0xcb, 0x27, 0xcb, 0x27,
  0xcb, 0x27, 0xc6, 0x10, 0xb8, 0xda, 0xed, 0xa7, 0x47, 0xb7, 0xc3, 0x03,
  0xa8, 0xc6, 0x1f, 0xb8, 0xd2, 0xf8, 0xa7, 0x47, 0x37, 0xc3, 0x03, 0xa8,
  0xd6, 0x10, 0xb8, 0xda, 0x02, 0xa8, 0x37, 0xc3, 0x03, 0xa8, 0xb7, 0xf5,
  0x3a, 0xc5, 0xe2, 0x32, 0x3c, 0xe5, 0x78, 0x32, 0x3d, 0xe5, 0xf1, 0xc9,
  0x21, 0x41, 0xe5, 0x36, 0x00, 0x11, 0x42, 0xe5, 0x01, 0x02, 0x00, 0xed,
  0xb0, 0x3a, 0xaa, 0xe2, 0xcb, 0x27, 0xcb, 0x27, 0xcb, 0x27, 0x06, 0x18,
  0xfd, 0xcb, 0x02, 0x7e, 0xc2, 0x31, 0xa8, 0x06, 0x13, 0x80, 0x32, 0xc4,
  0xe2, 0xc6, 0x07, 0x32, 0xc5, 0xe2, 0xfd, 0x7e, 0x06, 0xcb, 0x7f, 0xca,
  0x44, 0xa8, 0xed, 0x44, 0x3d, 0xcb, 0x27, 0x6f, 0x26, 0x00, 0x11, 0x6c,
  0xa8, 0x19, 0x7e, 0xfd, 0xcb, 0x02, 0x7e, 0xc2, 0x58, 0xa8, 0xed, 0x44,
  0x32, 0x42, 0xe5, 0x23, 0x7e, 0xfd, 0xcb, 0x02, 0x7e, 0xc2, 0x66, 0xa8,
  0xed, 0x44, 0x32, 0x43, 0xe5, 0xc3, 0x7c, 0xa8, 0x04, 0xff, 0x02, 0xff,
  0x01, 0xff, 0x01, 0xfe, 0xff, 0xfe, 0xff, 0xff, 0xfe, 0xff, 0xfc, 0xff,
  0x3a, 0x43, 0xe5, 0x47, 0x3a, 0x86, 0xe5, 0x21, 0xc5, 0xe2, 0xfd, 0xcb,
  0x02, 0x7e, 0xc2, 0xa2, 0xa8, 0x21, 0xc4, 0xe2, 0x34, 0xf5, 0x3a, 0x41,
  0xe5, 0x3c, 0x32, 0x41, 0xe5, 0xf1, 0x80, 0xbe, 0xd2, 0xb3, 0xa8, 0xc3,
  0x91, 0xa8, 0xf5, 0x3a, 0x41, 0xe5, 0x3c, 0x32, 0x41, 0xe5, 0xf1, 0x80,
  0xbe, 0xda, 0xb4, 0xa8, 0xc3, 0xa2, 0xa8, 0x35, 0x3a, 0x41, 0xe5, 0x47,
  0x3a, 0x42, 0xe5, 0x4f, 0xed, 0x44, 0x81, 0x10, 0xfd, 0x47, 0x3a, 0x87,
  0xe5, 0x80, 0x47, 0x3a, 0xab, 0xe2, 0xcb, 0x27, 0xcb, 0x27, 0xcb, 0x27,
  0xcb, 0x27, 0x0e, 0x11, 0xfd, 0xcb, 0x03, 0x7e, 0xc2, 0xdd, 0xa8, 0x0e,
  0x0c, 0x81, 0xb8, 0xda, 0xe6, 0xa8, 0x47, 0xc3, 0xed, 0xa8, 0xc6, 0x0f,
  0xb8, 0xd2, 0xed, 0xa8, 0x47, 0xdd, 0x70, 0x01, 0x3a, 0xc4, 0xe2, 0xfd,
  0xcb, 0x02, 0x7e, 0xca, 0xfd, 0xa8, 0x3a, 0xc5, 0xe2, 0xdd, 0x77, 0x00,
  0xc9, 0x21, 0x41, 0xe5, 0x36, 0x00, 0x11, 0x42, 0xe5, 0x01, 0x02, 0x00,
  0xed, 0xb0, 0x3a, 0xab, 0xe2, 0xcb, 0x27, 0xcb, 0x27, 0xcb, 0x27, 0xcb,
  0x27, 0x06, 0x10, 0xfd, 0xcb, 0x03, 0x7e, 0xc2, 0x24, 0xa9, 0x06, 0x0c,
  0x80, 0x32, 0xc7, 0xe2, 0xc6, 0x0f, 0x32, 0xc6, 0xe2, 0xfd, 0x7e, 0x06,
  0xcb, 0x7f, 0xca, 0x37, 0xa9, 0xed, 0x44, 0x3d, 0xcb, 0x27, 0x6f, 0x26,
  0x00, 0x11, 0x6c, 0xa8, 0x19, 0x7e, 0xfd, 0xcb, 0x02, 0x7e, 0xc2, 0x4b,
  0xa9, 0xed, 0x44, 0x32, 0x42, 0xe5, 0x23, 0x7e, 0xfd, 0xcb, 0x02, 0x7e,
  0xc2, 0x59, 0xa9, 0xed, 0x44, 0x32, 0x43, 0xe5, 0x3a, 0x42, 0xe5, 0x47,
  0x3a, 0x87, 0xe5, 0x21, 0xc6, 0xe2, 0xfd, 0xcb, 0x03, 0x7e, 0xc2, 0x82,
  0xa9, 0x21, 0xc7, 0xe2, 0x34, 0xf5, 0x3a, 0x41, 0xe5, 0x3c, 0x32, 0x41,
  0xe5, 0xf1, 0x80, 0xbe, 0xd2, 0x93, 0xa9, 0xc3, 0x71, 0xa9, 0xf5, 0x3a,
  0x41, 0xe5, 0x3c, 0x32, 0x41, 0xe5, 0xf1, 0x80, 0xbe, 0xda, 0x94, 0xa9,
  0xc3, 0x82, 0xa9, 0x35, 0x3a, 0x41, 0xe5, 0x47, 0x3a, 0x43, 0xe5, 0x4f,
  0xed, 0x44, 0x81, 0x10, 0xfd, 0x47, 0x3a, 0x86, 0xe5, 0x80, 0x47, 0xfd,
  0xcb, 0x02, 0x7e, 0xc2, 0xcc, 0xa9, 0x3a, 0xaa, 0xe2, 0xcb, 0x27, 0xcb,
  0x27, 0xcb, 0x27, 0xc6, 0x14, 0xb8, 0xda, 0xc1, 0xa9, 0x47, 0xc3, 0xf1,
  0xa9, 0xc6, 0x08, 0xb8, 0x47, 0xd2, 0xf1, 0xa9, 0x47, 0xc3, 0xf1, 0xa9,
  0x3a, 0xaa, 0xe2, 0xcb, 0x27, 0xcb, 0x27, 0xcb, 0x27, 0xc6, 0x1f, 0xb8,
  0xd2, 0xe0, 0xa9, 0x3c, 0x47, 0xc3, 0xf1, 0xa9, 0xd6, 0x08, 0xb8, 0xda,
  0xeb, 0xa9, 0x3c, 0x47, 0xc3, 0xf1, 0xa9, 0x3c, 0xc3, 0xf0, 0xa9, 0x3d,
  0x47, 0xdd, 0x70, 0x00, 0x3a, 0xc7, 0xe2, 0xfd, 0xcb, 0x03, 0x7e, 0xca,
  0x01, 0xaa, 0x3a, 0xc6, 0xe2, 0xdd, 0x77, 0x01, 0xc9, 0xcd, 0xf0, 0x9a,
  0x3a, 0x1b, 0xe0, 0xcb, 0x27, 0x5f, 0x16, 0x00, 0x21, 0x5c, 0xaa, 0x19,
  0x5e, 0x23, 0x56, 0xeb, 0x22, 0xbc, 0xe2, 0x3a, 0xaa, 0xe2, 0xfe, 0x0c,
  0xda, 0x25, 0xaa, 0x3e, 0x0b, 0x6f, 0x26, 0x00, 0xe5, 0xc1, 0x29, 0xe5,
  0xd1, 0x29, 0x29, 0x09, 0x19, 0x3a, 0xab, 0xe2, 0xfe, 0x0b, 0xda, 0x3b,
  0xaa, 0x3e, 0x0a, 0x5f, 0x16, 0x00, 0x19, 0xed, 0x5b, 0xbc, 0xe2, 0x19,
  0x5e, 0xcb, 0x23, 0x16, 0x00, 0x21, 0x52, 0xaa, 0x19, 0x5e, 0x23, 0x56,
  0xeb, 0xe9, 0xef, 0xaa, 0xc1, 0xaa, 0xc7, 0xaa, 0xa4, 0xaa, 0x9c, 0xaa,
  0x00, 0xc0, 0x84, 0xc0, 0x08, 0xc1, 0x8c, 0xc1, 0x10, 0xc2, 0x94, 0xc2,
  0x18, 0xc3, 0x9c, 0xc3, 0x20, 0xc4, 0xa4, 0xc4, 0x28, 0xc5, 0xac, 0xc5,
  0x30, 0xc6, 0xb4, 0xc6, 0x38, 0xc7, 0xbc, 0xc7, 0x40, 0xc8, 0xc4, 0xc8,
  0x48, 0xc9, 0xcc, 0xc9, 0x50, 0xca, 0xd4, 0xca, 0x58, 0xcb, 0xdc, 0xcb,
  0x60, 0xcc, 0xe4, 0xcc, 0x68, 0xcd, 0xec, 0xcd, 0x70, 0xce, 0xf4, 0xce,
  0x78, 0xcf, 0xfc, 0xcf, 0xaf, 0x32, 0xba, 0xe2, 0x32, 0xbb, 0xe2, 0xc9,
  0xaf, 0x32, 0xbb, 0xe2, 0x3e, 0x01, 0x32, 0xba, 0xe2, 0x21, 0xac, 0xe5,
  0x34, 0x7e, 0xfe, 0x14, 0xc2, 0xbc, 0xaa, 0x36, 0x00, 0xcd, 0x38, 0xab,
  0x0e, 0x01, 0xc3, 0x06, 0xab, 0xcd, 0x0f, 0xb0, 0xc3, 0xef, 0xaa, 0xaf,
  0x32, 0xba, 0xe2, 0x3e, 0x01, 0x32, 0xbb, 0xe2, 0x3a, 0xaa, 0xe2, 0x6f,
  0x26, 0x00, 0xe5, 0xc1, 0x29, 0xe5, 0xd1, 0x29, 0x29, 0x09, 0x19, 0x3a,
  0xab, 0xe2, 0x5f, 0x16, 0x00, 0x19, 0x11, 0x39, 0xe0, 0x19, 0x35, 0x0e,
  0x00, 0x20, 0x17, 0xaf, 0x32, 0xba, 0xe2, 0x32, 0xbb, 0xe2, 0xfd, 0xe5,
  0xcd, 0xd3, 0xab, 0xfd, 0xe1, 0xcd, 0x7a, 0xab, 0x3e, 0x02, 0xcd, 0xef,
  0x5b, 0xc9, 0x3a, 0xaa, 0xe2, 0x3c, 0x21, 0x00, 0x00, 0x11, 0x20, 0x00,
  0x19, 0x3d, 0xc2, 0x10, 0xab, 0x11, 0x42, 0x18, 0x19, 0x3a, 0xab, 0xe2,
  0x5f, 0xcb, 0x23, 0x16, 0x00, 0x19, 0x3a, 0xaa, 0xe2, 0x32, 0x3c, 0xe5,
  0x3a, 0xab, 0xe2, 0x32, 0x3d, 0xe5, 0xcd, 0xaf, 0x97, 0x3e, 0x03, 0xcd,
  0xef, 0x5b, 0xaf, 0xc9, 0xfd, 0xe5, 0xfd, 0x21, 0x4e, 0xe2, 0x06, 0x03,
  0xfd, 0x7e, 0x00, 0xfe, 0x01, 0xc2, 0x60, 0xab, 0xfd, 0x7e, 0x06, 0xcb,
  0x7f, 0xca, 0x54, 0xab, 0xed, 0x44, 0xc6, 0x08, 0x3d, 0x6f, 0x26, 0x00,
  0x11, 0x6a, 0xab, 0x19, 0x7e, 0xfd, 0x77, 0x06, 0x11, 0x14, 0x00, 0xfd,
  0x19, 0x10, 0xd9, 0xfd, 0xe1, 0xc9, 0x02, 0x03, 0x04, 0x03, 0x06, 0x05,
  0x06, 0x07, 0xfe, 0xfd, 0xfc, 0xfd, 0xfa, 0xfb, 0xfa, 0xf9, 0xcd, 0x04,
  0x96, 0x3a, 0x38, 0xe0, 0x3d, 0x32, 0x38, 0xe0, 0x20, 0x09, 0xaf, 0x32,
  0x22, 0xe0, 0x3e, 0x02, 0x32, 0x0a, 0xe0, 0x3a, 0xaa, 0xe2, 0x3c, 0x21,
  0x00, 0x00, 0x11, 0x20, 0x00, 0x19, 0x3d, 0x20, 0xfc, 0x11, 0x42, 0x18,
  0x19, 0x3a, 0xab, 0xe2, 0x5f, 0xcb, 0x23, 0x16, 0x00, 0x19, 0xcd, 0x53,
  0x00, 0x3a, 0xaa, 0xe2, 0xe6, 0x03, 0x6f, 0x26, 0x00, 0x29, 0x11, 0x90,
  0xad, 0x19, 0x5e, 0x23, 0x56, 0x3a, 0xab, 0xe2, 0xe6, 0x01, 0x6f, 0xcb,
  0x25, 0x26, 0x00, 0x19, 0x3a, 0x07, 0x00, 0x4f, 0x06, 0x02, 0xed, 0xa3,
  0x20, 0xfc, 0xc9, 0x3a, 0xaa, 0xe2, 0x6f, 0x26, 0x00, 0x29, 0x29, 0x29,
  0x29, 0x29, 0x11, 0x10, 0xac, 0x19, 0x3a, 0xab, 0xe2, 0xcb, 0x27, 0x5f,
  0x16, 0x00, 0x19, 0x5e, 0x23, 0x56, 0xd5, 0xfd, 0xe1, 0x3a, 0xaa, 0xe2,
  0x6f, 0x26, 0x00, 0x29, 0x29, 0x29, 0x29, 0x29, 0x11, 0x01, 0xae, 0x19,
  0x3a, 0xab, 0xe2, 0xcb, 0x27, 0x5f, 0x16, 0x00, 0x19, 0x5e, 0x23, 0x56,
  0xeb, 0x3e, 0x00, 0xe9, 0x27, 0xe0, 0x27, 0xe0, 0x27, 0xe0, 0x27, 0xe0,
  0x27, 0xe0, 0x27, 0xe0, 0x27, 0xe0, 0x27, 0xe0, 0x28, 0xe0, 0x28, 0xe0,
  0x28, 0xe0, 0x00, 0x00, 0x00, 0x00, 0x00, 0x00, 0x00, 0x00, 0x00, 0x00,
  0x28, 0xe0, 0x28, 0xe0, 0x28, 0xe0, 0x28, 0xe0, 0x28, 0xe0, 0x29, 0xe0,
  0x29, 0xe0, 0x29, 0xe0, 0x29, 0xe0, 0x29, 0xe0, 0x29, 0xe0, 0x00, 0x00,
  0x00, 0x00, 0x00, 0x00, 0x00, 0x00, 0x00, 0x00, 0x29, 0xe0, 0x29, 0xe0,
  0x2a, 0xe0, 0x2a, 0xe0, 0x2a, 0xe0, 0x2a, 0xe0, 0x2a, 0xe0, 0x2a, 0xe0,
  0x2a, 0xe0, 0x2a, 0xe0, 0x2b, 0xe0, 0x00, 0x00, 0x00, 0x00, 0x00, 0x00,
  0x00, 0x00, 0x00, 0x00, 0x2b, 0xe0, 0x2b, 0xe0, 0x2b, 0xe0, 0x2b, 0xe0,
  0x2b, 0xe0, 0x2b, 0xe0, 0x2b, 0xe0, 0x2c, 0xe0, 0x2c, 0xe0, 0x2c, 0xe0,
  0x2c, 0xe0, 0x00, 0x00, 0x00, 0x00, 0x00, 0x00, 0x00, 0x00, 0x00, 0x00,
  0x2c, 0xe0, 0x2c, 0xe0, 0x2c, 0xe0, 0x2c, 0xe0, 0x2d, 0xe0, 0x2d, 0xe0,
  0x2d, 0xe0, 0x2d, 0xe0, 0x2d, 0xe0, 0x2d, 0xe0, 0x2d, 0xe0, 0x00, 0x00,
  0x00, 0x00, 0x00, 0x00, 0x00, 0x00, 0x00, 0x00, 0x2d, 0xe0, 0x2e, 0xe0,
  0x2e, 0xe0, 0x2e, 0xe0, 0x2e, 0xe0, 0x2e, 0xe0, 0x2e, 0xe0, 0x2e, 0xe0,
  0x2e, 0xe0, 0x2f, 0xe0, 0x2f, 0xe0, 0x00, 0x00, 0x00, 0x00, 0x00, 0x00,
  0x00, 0x00, 0x00, 0x00, 0x2f, 0xe0, 0x2f, 0xe0, 0x2f, 0xe0, 0x2f, 0xe0,
  0x2f, 0xe0, 0x2f, 0xe0, 0x30, 0xe0, 0x30, 0xe0, 0x30, 0xe0, 0x30, 0xe0,
  0x30, 0xe0, 0x00, 0x00, 0x00, 0x00, 0x00, 0x00, 0x00, 0x00, 0x00, 0x00,
  0x30, 0xe0, 0x30, 0xe0, 0x30, 0xe0, 0x31, 0xe0, 0x31, 0xe0, 0x31, 0xe0,
  0x31, 0xe0, 0x31, 0xe0, 0x31, 0xe0, 0x31, 0xe0, 0x31, 0xe0, 0x00, 0x00,
  0x00, 0x00, 0x00, 0x00, 0x00, 0x00, 0x00, 0x00, 0x32, 0xe0, 0x32, 0xe0,
  0x32, 0xe0, 0x32, 0xe0, 0x32, 0xe0, 0x32, 0xe0, 0x32, 0xe0, 0x32, 0xe0,
  0x33, 0xe0, 0x33, 0xe0, 0x33, 0xe0, 0x00, 0x00, 0x00, 0x00, 0x00, 0x00,
  0x00, 0x00, 0x00, 0x00, 0x33, 0xe0, 0x33, 0xe0, 0x33, 0xe0, 0x33, 0xe0,
  0x33, 0xe0, 0x34, 0xe0, 0x34, 0xe0, 0x34, 0xe0, 0x34, 0xe0, 0x34, 0xe0,
  0x34, 0xe0, 0x00, 0x00, 0x00, 0x00, 0x00, 0x00, 0x00, 0x00, 0x00, 0x00,
  0x34, 0xe0, 0x34, 0xe0, 0x35, 0xe0, 0x35, 0xe0, 0x35, 0xe0, 0x35, 0xe0,
  0x35, 0xe0, 0x35, 0xe0, 0x35, 0xe0, 0x35, 0xe0, 0x36, 0xe0, 0x00, 0x00,
  0x00, 0x00, 0x00, 0x00, 0x00, 0x00, 0x00, 0x00, 0x36, 0xe0, 0x36, 0xe0,
  0x36, 0xe0, 0x36, 0xe0, 0x36, 0xe0, 0x36, 0xe0, 0x36, 0xe0, 0x37, 0xe0,
  0x37, 0xe0, 0x37, 0xe0, 0x37, 0xe0, 0x00, 0x00, 0x00, 0x00, 0x00, 0x00,
  0x00, 0x00, 0x00, 0x00, 0x98, 0xad, 0x9c, 0xad, 0xa0, 0xad, 0xa4, 0xad,
  0x7a, 0x7b, 0x78, 0x79, 0x7e, 0x7f, 0x7c, 0x7d, 0x72, 0x73, 0x70, 0x71,
  0x76, 0x77, 0x74, 0x75, 0xfd, 0xe5, 0x3e, 0x00, 0x32, 0xb9, 0xe2, 0x3a,
  0xaa, 0xe2, 0xfe, 0x0c, 0xda, 0xb9, 0xad, 0x3e, 0x0b, 0x6f, 0x26, 0x00,
  0x29, 0x29, 0x29, 0x29, 0x29, 0x11, 0x10, 0xac, 0x19, 0x3a, 0xab, 0xe2,
  0xcb, 0x27, 0x5f, 0x16, 0x00, 0x19, 0x5e, 0x23, 0x56, 0xd5, 0xfd, 0xe1,
  0x3a, 0xaa, 0xe2, 0xfe, 0x0c, 0xda, 0xde, 0xad, 0x3e, 0x0b, 0x6f, 0x26,
  0x00, 0x29, 0x29, 0x29, 0x29, 0x29, 0x11, 0x01, 0xae, 0x19, 0x3a, 0xab,
  0xe2, 0xfe, 0x0b, 0xda, 0xf4, 0xad, 0x3e, 0x0a, 0xcb, 0x27, 0x5f, 0x16,
  0x00, 0x19, 0x5e, 0x23, 0x56, 0xeb, 0x3e, 0x01, 0xe9, 0x81, 0xaf, 0x92,
  0xaf, 0xa2, 0xaf, 0xb2, 0xaf, 0xc2, 0xaf, 0xd2, 0xaf, 0xe2, 0xaf, 0xf2,
  0xaf, 0x81, 0xaf, 0x92, 0xaf, 0xa2, 0xaf, 0x81, 0xaf, 0x81, 0xaf, 0x81,
  0xaf, 0x81, 0xaf, 0x81, 0xaf, 0xb2, 0xaf, 0xc2, 0xaf, 0xd2, 0xaf, 0xe2,
  0xaf, 0xf2, 0xaf, 0x81, 0xaf, 0x92, 0xaf, 0xa2, 0xaf, 0xb2, 0xaf, 0xc2,
  0xaf, 0xd2, 0xaf, 0x81, 0xaf, 0x81, 0xaf, 0x81, 0xaf, 0x81, 0xaf, 0x81,
  0xaf, 0xe2, 0xaf, 0xf2, 0xaf, 0x81, 0xaf, 0x92, 0xaf, 0xa2, 0xaf, 0xb2,
  0xaf, 0xc2, 0xaf, 0xd2, 0xaf, 0xe2, 0xaf, 0xf2, 0xaf, 0x81, 0xaf, 0x81,
  0xaf, 0x81, 0xaf, 0x81, 0xaf, 0x81, 0xaf, 0x81, 0xaf, 0x92, 0xaf, 0xa2,
  0xaf, 0xb2, 0xaf, 0xc2, 0xaf, 0xd2, 0xaf, 0xe2, 0xaf, 0xf2, 0xaf, 0x81,
  0xaf, 0x92, 0xaf, 0xa2, 0xaf, 0xb2, 0xaf, 0x81, 0xaf, 0x81, 0xaf, 0x81,
  0xaf, 0x81, 0xaf, 0x81, 0xaf, 0xc2, 0xaf, 0xd2, 0xaf, 0xe2, 0xaf, 0xf2,
  0xaf, 0x81, 0xaf, 0x92, 0xaf, 0xa2, 0xaf, 0xb2, 0xaf, 0xc2, 0xaf, 0xd2,
  0xaf, 0xe2, 0xaf, 0x81, 0xaf, 0x81, 0xaf, 0x81, 0xaf, 0x81, 0xaf, 0x81,
  0xaf, 0xf2, 0xaf, 0x81, 0xaf, 0x92, 0xaf, 0xa2, 0xaf, 0xb2, 0xaf, 0xc2,
  0xaf, 0xd2, 0xaf, 0xe2, 0xaf, 0xf2, 0xaf, 0x81, 0xaf, 0x92, 0xaf, 0x81,
  0xaf, 0x81, 0xaf, 0x81, 0xaf, 0x81, 0xaf, 0x81, 0xaf, 0xa2, 0xaf, 0xb2,
  0xaf, 0xc2, 0xaf, 0xd2, 0xaf, 0xe2, 0xaf, 0xf2, 0xaf, 0x81, 0xaf, 0x92,
  0xaf, 0xa2, 0xaf, 0xb2, 0xaf, 0xc2, 0xaf, 0x81, 0xaf, 0x81, 0xaf, 0x81,
  0xaf, 0x81, 0xaf, 0x81, 0xaf, 0xd2, 0xaf, 0xe2, 0xaf, 0xf2, 0xaf, 0x81,
  0xaf, 0x92, 0xaf, 0xa2, 0xaf, 0xb2, 0xaf, 0xc2, 0xaf, 0xd2, 0xaf, 0xe2,
  0xaf, 0xf2, 0xaf, 0x81, 0xaf, 0x81, 0xaf, 0x81, 0xaf, 0x81, 0xaf, 0x81,
  0xaf, 0x81, 0xaf, 0x92, 0xaf, 0xa2, 0xaf, 0xb2, 0xaf, 0xc2, 0xaf, 0xd2,
  0xaf, 0xe2, 0xaf, 0xf2, 0xaf, 0x81, 0xaf, 0x92, 0xaf, 0xa2, 0xaf, 0x81,
  0xaf, 0x81, 0xaf, 0x81, 0xaf, 0x81, 0xaf, 0x81, 0xaf, 0xb2, 0xaf, 0xc2,
  0xaf, 0xd2, 0xaf, 0xe2, 0xaf, 0xf2, 0xaf, 0x81, 0xaf, 0x92, 0xaf, 0xa2,
  0xaf, 0xb2, 0xaf, 0xc2, 0xaf, 0xd2, 0xaf, 0x81, 0xaf, 0x81, 0xaf, 0x81,
  0xaf, 0x81, 0xaf, 0x81, 0xaf, 0xe2, 0xaf, 0xf2, 0xaf, 0x81, 0xaf, 0x92,
  0xaf, 0xa2, 0xaf, 0xb2, 0xaf, 0xc2, 0xaf, 0xd2, 0xaf, 0xe2, 0xaf, 0xf2,
  0xaf, 0x81, 0xaf, 0x81, 0xaf, 0x81, 0xaf, 0x81, 0xaf, 0x81, 0xaf, 0x81,
  0xaf, 0x92, 0xaf, 0xa2, 0xaf, 0xb2, 0xaf, 0xc2, 0xaf, 0xd2, 0xaf, 0xe2,
  0xaf, 0xf2, 0xaf, 0x81, 0xaf, 0x92, 0xaf, 0xa2, 0xaf, 0xb2, 0xaf, 0x81,
  0xaf, 0x81, 0xaf, 0x81, 0xaf, 0x81, 0xaf, 0x81, 0xaf, 0xfe, 0x01, 0xca,
  0x8b, 0xaf, 0xfd, 0xcb, 0x00, 0xbe, 0xc9, 0xfd, 0xcb, 0x00, 0x7e, 0xc3,
  0x00, 0xb0, 0xfe, 0x01, 0xca, 0x9c, 0xaf, 0xfd, 0xcb, 0x00, 0xb6, 0xc9,
  0xfd, 0xcb, 0x00, 0x76, 0x18, 0x5e, 0xfe, 0x01, 0xca, 0xac, 0xaf, 0xfd,
  0xcb, 0x00, 0xae, 0xc9, 0xfd, 0xcb, 0x00, 0x6e, 0x18, 0x4e, 0xfe, 0x01,
  0xca, 0xbc, 0xaf, 0xfd, 0xcb, 0x00, 0xa6, 0xc9, 0xfd, 0xcb, 0x00, 0x66,
  0x18, 0x3e, 0xfe, 0x01, 0xca, 0xcc, 0xaf, 0xfd, 0xcb, 0x00, 0x9e, 0xc9,
  0xfd, 0xcb, 0x00, 0x5e, 0x18, 0x2e, 0xfe, 0x01, 0xca, 0xdc, 0xaf, 0xfd,
  0xcb, 0x00, 0x96, 0xc9, 0xfd, 0xcb, 0x00, 0x56, 0x18, 0x1e, 0xfe, 0x01,
  0xca, 0xec, 0xaf, 0xfd, 0xcb, 0x00, 0x8e, 0xc9, 0xfd, 0xcb, 0x00, 0x4e,
  0x18, 0x0e, 0xfe, 0x01, 0xca, 0xfc, 0xaf, 0xfd, 0xcb, 0x00, 0x86, 0xc9,
  0xfd, 0xcb, 0x00, 0x46, 0xfd, 0xe1, 0x21, 0xb9, 0xe2, 0x36, 0x00, 0x28,
  0x04, 0x36, 0x01, 0x37, 0xc9, 0xaf, 0xc9, 0xdd, 0xe5, 0xfd, 0xe5, 0xe5,
  0xd5, 0xc5, 0x3a, 0x25, 0xe3, 0xb7, 0xc2, 0x20, 0xb0, 0xcd, 0x28, 0xb0,
  0xc1, 0xd1, 0xe1, 0xfd, 0xe1, 0xdd, 0xe1, 0xc9, 0x3a, 0x38, 0xe0, 0xfe,
  0x04, 0xd8, 0xdd, 0x21, 0x17, 0xe3, 0xfd, 0x21, 0xc9, 0xe0, 0x3a, 0x17,
  0xe3, 0xb7, 0xc0, 0xdd, 0x36, 0x00, 0x01, 0xcd, 0xdd, 0xb0, 0xda, 0x73,
  0xb0, 0xcd, 0x0a, 0xb1, 0xda, 0x73, 0xb0, 0x3a, 0x24, 0xe3, 0xfe, 0x01,
  0x28, 0x11, 0x3a, 0x21, 0xe3, 0xb7, 0x20, 0x10, 0x3a, 0x22, 0xe3, 0xb7,
  0x20, 0x0f, 0x21, 0xbd, 0xb0, 0x18, 0x0d, 0x21, 0xc5, 0xb0, 0x18, 0x08,
  0x21, 0xcd, 0xb0, 0x18, 0x03, 0x21, 0xd5, 0xb0, 0xcd, 0xad, 0xb0, 0x3a,
  0xaa, 0xe2, 0xcb, 0x27, 0xcb, 0x27, 0xcb, 0x27, 0xc6, 0x18, 0x6f, 0x3a,
  0xab, 0xe2, 0xcb, 0x27, 0xcb, 0x27, 0xcb, 0x27, 0xcb, 0x27, 0xc6, 0x10,
  0x67, 0xfd, 0x75, 0x00, 0xfd, 0x74, 0x01, 0xfd, 0x36, 0x02, 0x88, 0xdd,
  0x6e, 0x01, 0x26, 0x00, 0x11, 0xa5, 0xb0, 0x19, 0x7e, 0xfd, 0x77, 0x03,
  0xc9, 0x0a, 0x03, 0x05, 0x07, 0x08, 0x0d, 0x0e, 0x05, 0xed, 0x5f, 0x81,
  0x80, 0x83, 0xe6, 0x07, 0x5f, 0x16, 0x00, 0x19, 0x7e, 0xdd, 0x77, 0x01,
  0xc9, 0x00, 0x01, 0x02, 0x03, 0x04, 0x01, 0x03, 0x02, 0x00, 0x02, 0x03,
  0x04, 0x02, 0x04, 0x00, 0x03, 0x00, 0x01, 0x03, 0x04, 0x01, 0x04, 0x03,
  0x00, 0x00, 0x01, 0x02, 0x03, 0x01, 0x03, 0x00, 0x02, 0x3a, 0x26, 0xe3,
  0xb7, 0xc0, 0x21, 0x23, 0xe0, 0x7e, 0xb7, 0x20, 0x0e, 0xed, 0x5f, 0x81,
  0x80, 0xe6, 0x1f, 0x32, 0x24, 0xe0, 0x3e, 0x21, 0x32, 0x23, 0xe0, 0x35,
  0x21, 0x24, 0xe0, 0x7e, 0xb7, 0x28, 0x03, 0x35, 0xaf, 0xc9, 0xdd, 0x36,
  0x01, 0x05, 0x36, 0xff, 0x37, 0xc9, 0x3a, 0x27, 0xe3, 0xb7, 0xc0, 0x21,
  0x25, 0xe0, 0x7e, 0xb7, 0x20, 0x0e, 0xed, 0x5f, 0x83, 0x82, 0xe6, 0x1f,
  0x32, 0x26, 0xe0, 0x3e, 0x32, 0x32, 0x25, 0xe0, 0x35, 0x21, 0x26, 0xe0,
  0x7e, 0xb7, 0x28, 0x03, 0x35, 0xaf, 0xc9, 0xdd, 0x36, 0x01, 0x06, 0x36,
  0xff, 0x37, 0xc9, 0x3a, 0x1b, 0xe0, 0xfe, 0x20, 0xc8, 0xdd, 0x21, 0x17,
  0xe3, 0xfd, 0x21, 0xc9, 0xe0, 0xdd, 0x7e, 0x00, 0xb7, 0xc8, 0xfd, 0x34,
  0x00, 0xfd, 0x7e, 0x00, 0xfe, 0xbc, 0xd8, 0xdd, 0x36, 0x00, 0x00, 0xfd,
  0x36, 0x00, 0xc0, 0xc9, 0x3a, 0x1b, 0xe0, 0xfe, 0x20, 0xc8, 0x3a, 0x4b,
  0xe5, 0xfe, 0x06, 0xc8, 0xdd, 0x21, 0xc9, 0xe0, 0xfd, 0x21, 0xcd, 0xe0,
  0xdd, 0x7e, 0x00, 0xfe, 0xa8, 0xd8, 0xfe, 0xb8, 0xd0, 0xfd, 0x7e, 0x01,
  0xdd, 0xbe, 0x01, 0xd0, 0x0e, 0x20, 0x3a, 0x21, 0xe3, 0xb7, 0xca, 0x8b,
  0xb1, 0x0e, 0x30, 0xfd, 0x7e, 0x01, 0x81, 0xdd, 0xbe, 0x01, 0xd8, 0xdd,
  0x36, 0x00, 0xc0, 0xdd, 0x36, 0x02, 0x00, 0x3e, 0x0b, 0xcd, 0xa0, 0x52,
  0xcd, 0xa8, 0xb1, 0xaf, 0x32, 0x17, 0xe3, 0xc9, 0x3a, 0x17, 0xe3, 0xb7,
  0xc8, 0x21, 0x20, 0xe3, 0x11, 0x21, 0xe3, 0x36, 0x00, 0x01, 0x03, 0x00,
  0xed, 0xb0, 0x3a, 0x18, 0xe3, 0x07, 0x5f, 0x16, 0x00, 0x21, 0xca, 0xb1,
  0x19, 0x5e, 0x23, 0x56, 0xeb, 0xe9, 0xda, 0xb1, 0x15, 0xb2, 0x1e, 0xb2,
  0x3b, 0xb2, 0x53, 0xb2, 0x71, 0xb2, 0x86, 0xb2, 0x1e, 0xb2, 0x3a, 0x24,
  0xe3, 0xb7, 0xca, 0xe6, 0xb1, 0x3e, 0x02, 0x32, 0x24, 0xe3, 0x3e, 0x01,
  0x32, 0x20, 0xe3, 0xcd, 0xa7, 0xb2, 0x06, 0x03, 0x11, 0x14, 0x00, 0xfd,
  0x21, 0x4e, 0xe2, 0xfd, 0x7e, 0x00, 0xb7, 0xc2, 0x03, 0xb2, 0xfd, 0x19,
  0x10, 0xf5, 0xc9, 0xfd, 0x36, 0x0d, 0x00, 0xfd, 0x7e, 0x07, 0xd6, 0x01,
  0xfd, 0x77, 0x07, 0xd0, 0xfd, 0x36, 0x07, 0x00, 0xc9, 0x3e, 0x01, 0x32,
  0x24, 0xe3, 0xcd, 0xa7, 0xb2, 0xc9, 0x3a, 0x24, 0xe3, 0xb7, 0xca, 0x2a,
  0xb2, 0x3e, 0x02, 0x32, 0x24, 0xe3, 0xcd, 0xa7, 0xb2, 0x3e, 0x02, 0x32,
  0x4b, 0xe5, 0x32, 0x21, 0xe3, 0x3e, 0xc0, 0xcd, 0xef, 0x5b, 0xc9, 0x3a,
  0x24, 0xe3, 0xb7, 0xca, 0x47, 0xb2, 0x3e, 0x02, 0x32, 0x24, 0xe3, 0x3e,
  0x02, 0x32, 0x25, 0xe3, 0xcd, 0xa7, 0xb2, 0xcd, 0xc1, 0xb2, 0xc9, 0x3a,
  0x24, 0xe3, 0xb7, 0xca, 0x5f, 0xb2, 0x3e, 0x02, 0x32, 0x24, 0xe3, 0xcd,
  0xa7, 0xb2, 0x3e, 0x04, 0x32, 0x4b, 0xe5, 0x3e, 0x01, 0x32, 0x22, 0xe3,
  0xaf, 0x32, 0x29, 0xe5, 0xc9, 0x3a, 0x24, 0xe3, 0xb7, 0xca, 0x7d, 0xb2,
  0x3e, 0x02, 0x32, 0x24, 0xe3, 0x3e, 0x01, 0x32, 0x26, 0xe3, 0xcd, 0xa7,
  0xb2, 0xc9, 0x3a, 0x24, 0xe3, 0xb7, 0xca, 0x92, 0xb2, 0x3e, 0x02, 0x32,
  0x24, 0xe3, 0xcd, 0xa7, 0xb2, 0x3e, 0x01, 0x32, 0x27, 0xe3, 0x21, 0x1d,
  0xe0, 0x34, 0xcd, 0xb9, 0x71, 0x3e, 0xc5, 0xcd, 0xef, 0x5b, 0xc9, 0x3a,
  0x50, 0xe5, 0xfe, 0x02, 0x20, 0x04, 0x3e, 0x03, 0x18, 0x0b, 0xb7, 0x20,
  0x0b, 0x3a, 0x51, 0xe5, 0xb7, 0x28, 0x05, 0x3e, 0x05, 0x32, 0x4b, 0xe5,
  0xc9, 0xdd, 0xe5, 0xfd, 0xe1, 0x06, 0x03, 0xfd, 0x21, 0x4e, 0xe2, 0xdd,
  0x21, 0xf5, 0xe0, 0xfd, 0x7e, 0x00, 0xb7, 0xc2, 0xe5, 0xb2, 0x11, 0x14,
  0x00, 0xfd, 0x19, 0x11, 0x04, 0x00, 0xdd, 0x19, 0x10, 0xed, 0xc3, 0x4d,
  0xb3, 0x21, 0x52, 0xb3, 0xfd, 0x7e, 0x06, 0xcb, 0x7f, 0xca, 0xf5, 0xb2,
  0xed, 0x44, 0x21, 0x76, 0xb3, 0x5f, 0xcb, 0x23, 0xcb, 0x23, 0x16, 0x00,
  0x19, 0xfd, 0x4e, 0x07, 0xfd, 0x7e, 0x0d, 0x32, 0x3c, 0xe5, 0x06, 0x03,
  0xfd, 0x21, 0x4e, 0xe2, 0x11, 0x14, 0x00, 0xfd, 0x36, 0x00, 0x01, 0xfd,
  0x36, 0x01, 0x02, 0x7e, 0xfd, 0x77, 0x06, 0x3a, 0x3c, 0xe5, 0xfd, 0x77,
  0x0d, 0xfd, 0x71, 0x07, 0x23, 0xfd, 0x19, 0x10, 0xe6, 0xdd, 0x6e, 0x00,
  0xdd, 0x66, 0x01, 0x06, 0x03, 0xdd, 0x21, 0xf5, 0xe0, 0x11, 0x04, 0x00,
  0xdd, 0x75, 0x00, 0xdd, 0x74, 0x01, 0xdd, 0x36, 0x02, 0x80, 0xdd, 0x36,
  0x03, 0x0f, 0x11, 0x04, 0x00, 0xdd, 0x19, 0x10, 0xeb, 0xfd, 0xe1, 0xdd,
  0xe1, 0xc9, 0x00, 0x00, 0x00, 0x00, 0x02, 0x03, 0x04, 0x02, 0x02, 0x03,
  0x04, 0x02, 0x02, 0x03, 0x04, 0x02, 0x02, 0x03, 0x04, 0x02, 0x04, 0x05,
  0x06, 0x04, 0x05, 0x06, 0x07, 0x05, 0x05, 0x06, 0x07, 0x05, 0x05, 0x06,
  0x07, 0x05, 0x00, 0x00, 0x00, 0x00, 0xfe, 0xfd, 0xfc, 0xfe, 0xfe, 0xfd,
  0xfc, 0xfe, 0xfe, 0xfd, 0xfc, 0xfe, 0xfe, 0xfd, 0xfc, 0xfe, 0xfc, 0xfb,
  0xfa, 0xfc, 0xfb, 0xfa, 0xf9, 0xfa, 0xfb, 0xfa, 0xf9, 0xfa, 0xfb, 0xfa,
  0xf9, 0xfa, 0xc5, 0xaf, 0x06, 0x10, 0x29, 0x17, 0x38, 0x03, 0xb9, 0x38,
  0x02, 0x91, 0x2c, 0x10, 0xf5, 0xc1, 0xc9, 0x00, 0x00, 0x00, 0x00, 0x00,
  0x00, 0x00, 0x00, 0x00, 0x00, 0x00, 0x00, 0x00, 0x00, 0x00, 0x00, 0x00,
  0x00, 0x00, 0x00, 0x00, 0x00, 0x00, 0x00, 0x00, 0x00, 0x00, 0x00, 0x00,
  0x00, 0x00, 0x00, 0x00, 0x00, 0x00, 0x00, 0x00, 0x00, 0x00, 0x00, 0x00,
  0x00, 0x00, 0x00, 0x00, 0x00, 0x00, 0x00, 0x00, 0x00, 0x00, 0x00, 0x00,
  0x00, 0x00, 0x00, 0x00, 0x00, 0x00, 0x00, 0x00, 0x00, 0x00, 0x00, 0x00,
  0x00, 0x00, 0x00, 0x00, 0x00, 0x00, 0x00, 0x00, 0x00, 0x00, 0x00, 0x00,
  0x00, 0x00, 0x00, 0x00, 0x00, 0x00, 0x00, 0x00, 0xc3, 0xe8, 0xb4, 0xc3,
  0x94, 0xb5, 0x22, 0x27, 0x2c, 0x31, 0x36, 0x3b, 0x40, 0x45, 0x4a, 0x4f,
  0x54, 0x59, 0x5e, 0x63, 0x68, 0x6d, 0x72, 0x77, 0x7c, 0x81, 0x86, 0x8b,
  0x90, 0x95, 0x9a, 0x9f, 0xa4, 0xa9, 0xf1, 0xff, 0xf1, 0x55, 0xb8, 0x81,
  0xff, 0x81, 0x5d, 0xb8, 0x81, 0xff, 0x81, 0x6a, 0xb8, 0x81, 0xff, 0x81,
  0x77, 0xb8, 0x81, 0xff, 0x81, 0x85, 0xb8, 0xd1, 0xff, 0xd1, 0xb6, 0xb8,
  0xa1, 0xff, 0xa1, 0xc1, 0xb8, 0xc1, 0xff, 0xc1, 0xd9, 0xb8, 0x81, 0xff,
  0x81, 0xfb, 0xb8, 0xa1, 0xff, 0xa1, 0x08, 0xb9, 0xb1, 0xff, 0xb1, 0x8e,
  0xb8, 0xb1, 0xff, 0xb1, 0x35, 0xb9, 0xc1, 0xff, 0xc1, 0x99, 0xb8, 0xc1,
  0xff, 0xc1, 0x40, 0xb9, 0xb1, 0xff, 0xb1, 0xa9, 0xb8, 0xb1, 0xff, 0xb1,
  0x4e, 0xb9, 0xc1, 0x00, 0xc1, 0x16, 0xba, 0xc1, 0xff, 0xc1, 0x5e, 0xb9,
  0xc1, 0x00, 0xc1, 0x68, 0xba, 0xc1, 0xff, 0xc1, 0x8b, 0xba, 0xc1, 0x00,
  0xc1, 0xf5, 0xba, 0xc1, 0xff, 0xc1, 0x03, 0xbb, 0xc1, 0x00, 0xc1, 0x24,
  0xbb, 0xc1, 0xff, 0xc1, 0x35, 0xbb, 0xc1, 0xc6, 0xc2, 0x83, 0xbb, 0xc1,
  0xc6, 0xc2, 0x93, 0xbc, 0xc1, 0x00, 0xc1, 0xd9, 0xbe, 0xc1, 0xff, 0xc1,
  0x44, 0xbf, 0x00, 0xb0, 0xcc, 0x90, 0x28, 0x89, 0x28, 0x7e, 0xa7, 0xc8,
  0xe5, 0xdd, 0xe1, 0xdd, 0x35, 0x09, 0xc0, 0x0a, 0xa7, 0x37, 0xc0, 0x23,
  0x23, 0xb6, 0x23, 0x23, 0x35, 0x28, 0x06, 0x23, 0x4e, 0x23, 0x46, 0x18,
  0x7c, 0x2b, 0x35, 0x23, 0x23, 0x28, 0x0a, 0x4e, 0x23, 0x46, 0x03, 0x03,
  0x03, 0x2b, 0x2b, 0x18, 0x64, 0xdd, 0x36, 0x00, 0x00, 0x32, 0xc0, 0xe5,
  0xe5, 0xd5, 0xc5, 0xf5, 0x11, 0xc0, 0xe5, 0x1a, 0x21, 0xd3, 0xe5, 0xfe,
  0x80, 0x30, 0x04, 0xc6, 0x06, 0x18, 0x1a, 0xfe, 0xc0, 0x30, 0x04, 0xc6,
  0x90, 0x18, 0x0f, 0xd6, 0xf0, 0x30, 0x52, 0xc6, 0x30, 0x87, 0xc6, 0x10,
  0xf5, 0xcd, 0x1d, 0xb5, 0xf1, 0x3c, 0x21, 0xe9, 0xe5, 0xcd, 0x1d, 0xb5,
  0xf1, 0xc1, 0xd1, 0xe1, 0xc9, 0x06, 0xb4, 0x4f, 0x0a, 0x4f, 0x3a, 0xc2,
  0xe5, 0xa7, 0xc8, 0xf3, 0x7e, 0x36, 0x01, 0x23, 0xa7, 0x28, 0x05, 0x0a,
  0xe6, 0xf0, 0xbe, 0xd8, 0x0a, 0xe6, 0x0f, 0x57, 0x03, 0x0a, 0x5f, 0x03,
  0x0a, 0xe6, 0xf0, 0x77, 0x23, 0x73, 0x23, 0x72, 0x23, 0x0a, 0xe6, 0x0f,
  0x77, 0x23, 0x71, 0x23, 0x70, 0x03, 0x0a, 0x23, 0x77, 0x03, 0x0a, 0x23,
  0x77, 0x23, 0x36, 0x01, 0xc9, 0x01, 0x18, 0xb5, 0xc5, 0x13, 0x0f, 0xd8,
  0x1f, 0x30, 0x07, 0x12, 0x21, 0xcb, 0xe5, 0xcb, 0xfe, 0xc9, 0x0f, 0x30,
  0x16, 0xeb, 0x1e, 0xbf, 0x3e, 0x07, 0xcb, 0x7b, 0xc8, 0xcb, 0xbb, 0x73,
  0xcd, 0x96, 0x00, 0xe6, 0xc0, 0xb3, 0x5f, 0x3e, 0x07, 0x18, 0x09, 0x13,
  0x12, 0xc9, 0x3c, 0x23, 0xcb, 0x09, 0xd0, 0x5e, 0xd3, 0xa0, 0xf5, 0x7b,
  0xd3, 0xa1, 0xf1, 0xc9, 0x3a, 0xc1, 0xe5, 0xa7, 0xc0, 0x21, 0xc3, 0xe5,
  0x4e, 0x97, 0x77, 0x3d, 0x16, 0x03, 0x42, 0xcd, 0x86, 0xb5, 0xcb, 0x01,
  0xcd, 0x86, 0xb5, 0x10, 0xf6, 0xcd, 0x86, 0xb5, 0x23, 0x5e, 0xcd, 0x70,
  0xb5, 0x42, 0xcd, 0x86, 0xb5, 0x10, 0xfb, 0x42, 0xcd, 0x86, 0xb5, 0xcb,
  0x01, 0x10, 0xf9, 0x5e, 0x23, 0xcb, 0x5e, 0xc4, 0x8c, 0xb5, 0xcb, 0x9e,
  0x23, 0xed, 0x4b, 0xda, 0xe5, 0xcd, 0xb5, 0xb4, 0x30, 0x0d, 0x32, 0xdc,
  0xe5, 0xcd, 0x3e, 0xb6, 0x18, 0xfb, 0xf1, 0xed, 0x43, 0xda, 0xe5, 0x21,
  0xe9, 0xe5, 0xed, 0x4b, 0xf0, 0xe5, 0xcd, 0xb5, 0xb4, 0x30, 0x0d, 0x32,
  0xf2, 0xe5, 0xcd, 0x49, 0xb6, 0x18, 0xfb, 0xf1, 0xed, 0x43, 0xf0, 0xe5,
  0x21, 0xde, 0xe5, 0x16, 0x01, 0xed, 0x4b, 0xc4, 0xe5, 0xcd, 0x7b, 0xb7,
  0xed, 0x43, 0xc4, 0xe5, 0x21, 0xe1, 0xe5, 0x16, 0x10, 0x3a, 0xcc, 0xe5,
  0xcd, 0x9b, 0xb7, 0xcd, 0xcf, 0xb7, 0x79, 0x32, 0xcc, 0xe5, 0x21, 0xf4,
  0xe5, 0x16, 0x02, 0xed, 0x4b, 0xc6, 0xe5, 0xcd, 0x7b, 0xb7, 0xed, 0x43,
  0xc6, 0xe5, 0x21, 0xf7, 0xe5, 0x16, 0x40, 0x3a, 0xce, 0xe5, 0xcd, 0x9b,
  0xb7, 0x79, 0x32, 0xce, 0xe5, 0xc9, 0x03, 0x0a, 0xcb, 0x7f, 0x28, 0x9a,
  0x21, 0x66, 0xb6, 0x18, 0x09, 0x03, 0x0a, 0xcb, 0x7f, 0x28, 0xa8, 0x21,
  0x6e, 0xb6, 0x0f, 0x0f, 0x0f, 0x0f, 0xe6, 0x07, 0x5f, 0x16, 0x00, 0x19,
  0x5e, 0x21, 0x76, 0xb6, 0x19, 0x0a, 0xe6, 0x0f, 0x5f, 0xe9, 0x00, 0x0e,
  0x22, 0x38, 0x43, 0x41, 0x50, 0x4e, 0x6b, 0xa7, 0x9a, 0xaf, 0xbf, 0xcf,
  0xdd, 0xeb, 0x21, 0xc5, 0xe5, 0x16, 0x01, 0xcd, 0xe6, 0xb6, 0x11, 0xe6,
  0xe5, 0xcd, 0xe6, 0xb7, 0x21, 0xe7, 0xe5, 0x7e, 0xe6, 0x1f, 0x28, 0x04,
  0xcb, 0xfe, 0x23, 0x77, 0x16, 0x10, 0x7b, 0x32, 0xcc, 0xe5, 0x18, 0x76,
  0x21, 0xde, 0xe5, 0xcb, 0x5f, 0x28, 0x2e, 0x11, 0x01, 0x08, 0xcd, 0x2d,
  0xb8, 0x97, 0x32, 0xe7, 0xe5, 0xcd, 0xae, 0xb6, 0x18, 0xe2, 0x32, 0xe6,
  0xe5, 0x20, 0xcb, 0x32, 0xe1, 0xe5, 0xc9, 0xf6, 0x10, 0x28, 0x05, 0x32,
  0xe8, 0xe5, 0xf6, 0x80, 0x32, 0xe7, 0xe5, 0xc9, 0xf6, 0x10, 0x32, 0xca,
  0xe5, 0x16, 0x08, 0x18, 0x41, 0x77, 0xa7, 0xc8, 0xcb, 0xfe, 0x03, 0x0a,
  0x07, 0xcb, 0x2f, 0x38, 0x03, 0x0a, 0xcb, 0xf6, 0x23, 0x73, 0x23, 0x77,
  0xc9, 0x21, 0xc7, 0xe5, 0x16, 0x02, 0xdd, 0x7e, 0x0b, 0xe6, 0x07, 0xdd,
  0x77, 0x0c, 0xdd, 0xcb, 0x0b, 0x76, 0x28, 0x0c, 0xdd, 0x7e, 0x0d, 0xcb,
  0x7f, 0x28, 0x05, 0xed, 0x44, 0xdd, 0x77, 0x0d, 0x73, 0x03, 0x0a, 0x2b,
  0x77, 0x21, 0xd2, 0xe5, 0x7e, 0xa2, 0x28, 0x4d, 0xcb, 0xde, 0x18, 0x49,
  0x21, 0xf4, 0xe5, 0xcb, 0x5f, 0x28, 0xb6, 0x11, 0x02, 0x10, 0xcd, 0x2d,
  0xb8, 0x16, 0x20, 0x7b, 0x32, 0xcd, 0xe5, 0x18, 0x34, 0xcb, 0x5f, 0x20,
  0x05, 0x07, 0x32, 0xd2, 0xe5, 0xc9, 0x32, 0xd1, 0xe5, 0x03, 0x0a, 0x18,
  0x04, 0x07, 0x07, 0x07, 0x07, 0x32, 0xcf, 0xe5, 0x03, 0x0a, 0x32, 0xd0,
  0xe5, 0x16, 0x80, 0x18, 0x14, 0x21, 0xc9, 0xe5, 0x16, 0x04, 0xcd, 0x00,
  0xb7, 0x11, 0xfc, 0xe5, 0xcd, 0xe6, 0xb7, 0x16, 0x40, 0x7b, 0x32, 0xce,
  0xe5, 0x3a, 0xc3, 0xe5, 0xb2, 0x32, 0xc3, 0xe5, 0xc9, 0xcb, 0x5f, 0x20,
  0x0a, 0x32, 0xfc, 0xe5, 0xa7, 0x20, 0xe2, 0x32, 0xf7, 0xe5, 0xc9, 0x11,
  0x04, 0x20, 0xcd, 0x31, 0xb8, 0x97, 0xcd, 0x65, 0xb7, 0x18, 0xd8, 0x5e,
  0xcb, 0x7b, 0xc8, 0x23, 0x35, 0xc0, 0x7b, 0xe6, 0x07, 0x77, 0x23, 0x7e,
  0xcb, 0x73, 0x28, 0x03, 0xed, 0x44, 0x77, 0x6f, 0x26, 0x00, 0x07, 0x30,
  0x01, 0x25, 0x09, 0x44, 0x4d, 0x18, 0xbe, 0xe5, 0xdd, 0xe1, 0x4f, 0x46,
  0xcb, 0x78, 0xc8, 0x23, 0x35, 0xc0, 0x78, 0xe6, 0x0f, 0x77, 0x23, 0x35,
  0x28, 0x13, 0xcb, 0x70, 0x28, 0x09, 0x0c, 0x0c, 0x3e, 0x0f, 0xb9, 0x30,
  0xa0, 0x4f, 0xc9, 0x79, 0xa7, 0xc8, 0x0d, 0x18, 0x98, 0x23, 0x23, 0x3e,
  0xf0, 0x86, 0x77, 0x2b, 0x20, 0x3d, 0xdd, 0x36, 0x00, 0x00, 0xc9, 0x79,
  0xa7, 0xc8, 0x21, 0xe7, 0xe5, 0x7e, 0xcb, 0x7f, 0xc8, 0x23, 0x35, 0xc0,
  0xe6, 0x1f, 0x77, 0x0d, 0x20, 0xdd, 0x2b, 0x77, 0x18, 0xd9, 0x1a, 0xa7,
  0x28, 0x19, 0x21, 0xae, 0xb4, 0x85, 0x6f, 0x6e, 0xeb, 0x2b, 0x1a, 0xe6,
  0x70, 0x77, 0x2b, 0x73, 0x1a, 0xcb, 0x7f, 0x28, 0x09, 0xe6, 0x0f, 0xf5,
  0xcd, 0x07, 0xb8, 0xf1, 0x5f, 0xc9, 0xf1, 0x34, 0x5e, 0x16, 0xb4, 0x1a,
  0x5f, 0x2b, 0x36, 0x01, 0xe6, 0xc0, 0x37, 0x1f, 0x57, 0xfe, 0xe0, 0x7b,
  0x28, 0x0a, 0xe6, 0x78, 0x0f, 0x0f, 0x0f, 0x3c, 0x77, 0x7b, 0xe6, 0x07,
  0xe6, 0x3f, 0x3c, 0x2b, 0x77, 0x2b, 0xb2, 0x77, 0xc9, 0xdd, 0x36, 0x0b,
  0x00, 0x3a, 0xcb, 0xe5, 0x6f, 0x0a, 0x0f, 0x67, 0x7b, 0x30, 0x03, 0x2f,
  0xa5, 0x6f, 0xb5, 0x6f, 0xcb, 0x3c, 0x7a, 0x30, 0x03, 0x2f, 0xa5, 0x6f,
  0xb5, 0xf6, 0x80, 0x32, 0xcb, 0xe5, 0x1e, 0x10, 0xcb, 0x3c, 0xd8, 0xf1,
  0xc9, 0x01, 0x90, 0xa0, 0x80, 0x00, 0xb0, 0xc0, 0x00, 0x7f, 0x9f, 0xa9,
  0x80, 0x73, 0xa2, 0x73, 0xc7, 0x01, 0x90, 0xa0, 0xc0, 0x00, 0x7f, 0x9f,
  0xa9, 0x80, 0x4c, 0xa2, 0x4c, 0xc7, 0x01, 0x90, 0xa0, 0xc0, 0x00, 0x7f,
  0x9f, 0xa9, 0x80, 0x3b, 0xa2, 0x01, 0xc5, 0xc5, 0x01, 0x90, 0xa0, 0xc0,
  0x00, 0x01, 0xa0, 0xa9, 0x80, 0x73, 0x9e, 0x01, 0x90, 0x00, 0x1c, 0x89,
  0x00, 0x9f, 0xa9, 0xa1, 0xf0, 0x01, 0xa0, 0x90, 0x00, 0x3f, 0xa9, 0x80,
  0x10, 0x9e, 0xa1, 0xb0, 0x15, 0xa1, 0xaf, 0xc5, 0x01, 0x90, 0xc0, 0xa0,
  0x00, 0x18, 0x81, 0x40, 0x9e, 0xa9, 0xa1, 0xbf, 0xc5, 0x01, 0xa0, 0x90,
  0xa0, 0x00, 0x7f, 0xa9, 0x80, 0x60, 0x9f, 0xa4, 0x30, 0xc8, 0x01, 0xa0,
  0x00, 0x08, 0xa9, 0x9e, 0x80, 0x50, 0xc7, 0xa1, 0xb0, 0x08, 0x80, 0x50,
  0x08, 0x80, 0x50, 0x08, 0x80, 0x50, 0x08, 0x80, 0x50, 0x01, 0xa0, 0x90,
  0x00, 0x10, 0x80, 0x00, 0xa9, 0x9f, 0xa1, 0xbf, 0xcc, 0x10, 0x80, 0x00,
  0x10, 0x80, 0x00, 0x10, 0x80, 0x00, 0x10, 0x80, 0x00, 0x10, 0x80, 0x00,
  0x10, 0x80, 0x00, 0x10, 0x80, 0x00, 0x01, 0xa0, 0x90, 0xc0, 0x00, 0x7f,
  0x80, 0x40, 0xa9, 0x9f, 0xa1, 0x30, 0xc6, 0x01, 0xa0, 0x90, 0xc0, 0x00,
  0x08, 0xc0, 0x91, 0xa9, 0x80, 0x40, 0xa1, 0x30, 0x08, 0x92, 0x08, 0x93,
  0x08, 0x94, 0x08, 0x95, 0x08, 0x96, 0x08, 0x97, 0x08, 0x98, 0x08, 0x99,
  0x08, 0x9a, 0x08, 0x9b, 0x08, 0x9c, 0x08, 0x9d, 0x08, 0x9e, 0x08, 0x9f,
  0x7f, 0x7f, 0xcf, 0x7f, 0x01, 0xc0, 0xa0, 0x90, 0x00, 0x1c, 0x88, 0xf0,
  0x9f, 0xa9, 0xa1, 0xf0, 0x01, 0xa0, 0x90, 0x00, 0x3f, 0xa9, 0x80, 0x13,
  0x9e, 0xa1, 0xb0, 0x15, 0xa1, 0xf0, 0x01, 0x90, 0xa0, 0x00, 0x18, 0x80,
  0x41, 0x9d, 0xa9, 0xa1, 0xbf, 0x01, 0xa0, 0x90, 0xa0, 0x00, 0x00, 0x00,
  0x00, 0x00, 0x06, 0xa9, 0xf9, 0x83, 0x57, 0xd1, 0xac, 0xf1, 0x9e, 0x05,
  0xa8, 0x01, 0xf8, 0x05, 0xf9, 0xd1, 0xac, 0xf1, 0x01, 0xf8, 0x09, 0xa9,
  0xf9, 0x9e, 0x84, 0x75, 0xd1, 0x1d, 0xf1, 0x08, 0xa8, 0x01, 0xf8, 0x09,
  0xa9, 0x83, 0x57, 0x9e, 0x09, 0xa8, 0x06, 0xa9, 0xf9, 0x84, 0x75, 0xd1,
  0x2e, 0xf1, 0x9e, 0x06, 0xd1, 0x1d, 0xf1, 0xa8, 0x06, 0xd0, 0xfe, 0x09,
  0xa9, 0x83, 0x57, 0x9e, 0xd1, 0x1d, 0x09, 0xa8, 0x09, 0xa9, 0x9e, 0x84,
  0x75, 0x09, 0xa8, 0xf8, 0x06, 0xa9, 0x9e, 0x83, 0x57, 0x03, 0xa8, 0x06,
  0xa9, 0x9e, 0x84, 0x75, 0x03, 0xa8, 0x06, 0xa9, 0x9e, 0x83, 0xf9, 0x03,
  0xa8, 0x06, 0xa9, 0x9e, 0x83, 0x8a, 0x03, 0xa8, 0x06, 0xf9, 0xa9, 0xf1,
  0x9e, 0x83, 0x57, 0xd1, 0xac, 0x05, 0xa8, 0x01, 0xf8, 0x06, 0xf9, 0xf1,
  0xd1, 0xac, 0x09, 0xa9, 0xf9, 0x9e, 0xf1, 0x84, 0x75, 0xd1, 0x1d, 0x08,
  0xa8, 0x01, 0xf8, 0x09, 0xa9, 0x9e, 0x83, 0x57, 0x09, 0xa8, 0x04, 0xa9,
  0xf9, 0x9e, 0xf1, 0x84, 0x75, 0xd0, 0xfe, 0x05, 0xd1, 0x1d, 0x04, 0xa8,
  0xd1, 0x2e, 0x05, 0xd0, 0xfe, 0x1c, 0xa9, 0x9e, 0x83, 0x57, 0xd1, 0x1d,
  0x01, 0x97, 0x01, 0x96, 0x01, 0x95, 0x01, 0x94, 0x01, 0x93, 0x01, 0x92,
  0x01, 0xa8, 0x90, 0xf8, 0xe0, 0x00, 0x0b, 0xa9, 0xb1, 0x82, 0x3b, 0x01,
  0xa8, 0x05, 0xa9, 0xb1, 0x82, 0x3b, 0x01, 0xa8, 0x12, 0xa9, 0xb1, 0x81,
  0xac, 0x12, 0xa8, 0x06, 0xa9, 0xb1, 0x81, 0x68, 0x06, 0x81, 0x50, 0x06,
  0x81, 0x40, 0x12, 0x81, 0x50, 0x12, 0xa8, 0x24, 0x0b, 0xa9, 0xb1, 0x82,
  0x3b, 0x01, 0xa8, 0x05, 0xa9, 0xb1, 0x82, 0x3b, 0x01, 0xa8, 0x12, 0xa9,
  0xb1, 0x81, 0xac, 0x12, 0xa8, 0x04, 0xa9, 0xb1, 0x81, 0x40, 0x05, 0x81,
  0x50, 0x04, 0x81, 0x68, 0x05, 0x81, 0x40, 0x1c, 0xb1, 0x81, 0x50, 0x07,
  0xa8, 0x01, 0xa8, 0x00, 0x0c, 0xa9, 0x81, 0x1d, 0xb1, 0x06, 0x81, 0x1d,
  0x16, 0x80, 0xf0, 0x0e, 0xa8, 0x09, 0xa9, 0xb1, 0x80, 0xfe, 0x09, 0x81,
  0x1d, 0x09, 0x81, 0x40, 0x09, 0x80, 0xfe, 0x18, 0x81, 0x1d, 0x1e, 0xa9,
  0x01, 0xa8, 0x00, 0x0c, 0xf9, 0xf1, 0xd1, 0x1a, 0x06, 0xd1, 0x1a, 0x05,
  0xa9, 0xf9, 0xf1, 0x9e, 0x82, 0xcf, 0xd0, 0xee, 0x01, 0xa8, 0x05, 0xa9,
  0x9e, 0x82, 0xcf, 0x01, 0xa8, 0x05, 0xa9, 0x9e, 0x82, 0xcf, 0x01, 0xa8,
  0xf9, 0x0c, 0xa9, 0x9e, 0x82, 0xcf, 0x06, 0xa8, 0xf8, 0xf8, 0x09, 0xa9,
  0xf9, 0xf1, 0x9e, 0x82, 0x81, 0xd0, 0xfc, 0x09, 0xa8, 0xd1, 0x1b, 0x09,
  0xa9, 0x9e, 0x81, 0xfc, 0xd1, 0x40, 0x09, 0xa8, 0xd0, 0xfc, 0x08, 0xa9,
  0x9e, 0x83, 0x57, 0xd1, 0x1a, 0x01, 0xa8, 0x08, 0xa9, 0x9e, 0x84, 0x75,
  0x01, 0xa8, 0x08, 0xa9, 0x9e, 0x83, 0x57, 0x01, 0xa8, 0x08, 0xa9, 0x9e,
  0x84, 0x75, 0x01, 0xa8, 0xf9, 0x11, 0xa9, 0x83, 0x57, 0x01, 0xa8, 0xf8,
  0x00, 0x15, 0xad, 0xb1, 0x81, 0x1d, 0x15, 0x80, 0x97, 0x0d, 0x80, 0x5f,
  0x01, 0xa8, 0x00, 0x07, 0xa8, 0xf8, 0x90, 0xe0, 0x07, 0xa9, 0x9e, 0x80,
  0xca, 0x07, 0xf9, 0xf1, 0xd0, 0xbe, 0x07, 0xa8, 0x07, 0xa9, 0x9e, 0x80,
  0x8f, 0xee, 0x07, 0xf9, 0xee, 0xd0, 0x71, 0x07, 0x07, 0xa8, 0xf8, 0x00,
  0x18, 0xa9, 0xb1, 0x80, 0x78, 0x18, 0x80, 0xbe, 0x18, 0x80, 0xbe, 0x18,
  0x81, 0x1d, 0x20, 0xa8, 0x00, 0x08, 0xa8, 0xf8, 0x08, 0xa9, 0x9e, 0x80,
  0x97, 0x08, 0xf9, 0xf1, 0xd0, 0x8f, 0x08, 0xa8, 0x08, 0xf9, 0xf1, 0xd0,
  0xa0, 0x08, 0xa9, 0x80, 0xca, 0x08, 0xa8, 0xa8, 0x08, 0xf9, 0xf1, 0xd0,
  0xf0, 0x06, 0xa9, 0x9e, 0xf9, 0xf1, 0x81, 0x1d, 0xd1, 0x1c, 0x02, 0xa8,
  0xf8, 0x06, 0xa9, 0x9e, 0xf9, 0x81, 0x1d, 0xd1, 0x1c, 0x02, 0xa8, 0xf8,
  0x06, 0xa9, 0xf9, 0x9e, 0x81, 0x1d, 0xd1, 0x1c, 0x02, 0xa8, 0xf8, 0x06,
  0xa9, 0xf9, 0x9e, 0x81, 0x1d, 0xd1, 0x1c, 0x02, 0xa8, 0xf8, 0x00, 0x10,
  0xa9, 0x9d, 0x80, 0x8e, 0x08, 0x80, 0x7e, 0x08, 0x80, 0x77, 0x08, 0x80,
  0x7e, 0x08, 0x90, 0x08, 0x9d, 0x80, 0x8e, 0x08, 0x90, 0x08, 0x9d, 0x80,
  0x7e, 0x08, 0x90, 0x08, 0x9d, 0x80, 0x5e, 0x08, 0x90, 0x10, 0x9d, 0x80,
  0x7e, 0x10, 0x90, 0x10, 0x9d, 0x80, 0x8e, 0x08, 0x80, 0x7e, 0x08, 0x80,
  0x77, 0x08, 0x80, 0x7e, 0x08, 0x90, 0x08, 0x9d, 0x80, 0x8e, 0x08, 0x90,
  0x10, 0x9d, 0x80, 0x8e, 0x10, 0x80, 0x96, 0x10, 0x80, 0x8e, 0x10, 0x80,
  0x7e, 0x01, 0x90, 0x10, 0xa9, 0x9d, 0x80, 0x8e, 0x08, 0x80, 0x7e, 0x08,
  0x80, 0x77, 0x08, 0x80, 0x7e, 0x08, 0x90, 0x08, 0x9d, 0x80, 0x8e, 0x08,
  0x90, 0x08, 0x9d, 0x80, 0x7e, 0x08, 0x90, 0x08, 0x9d, 0x80, 0x5e, 0x08,
  0x90, 0x10, 0x9d, 0x80, 0x7e, 0x10, 0x90, 0x10, 0xa9, 0x9d, 0x80, 0x77,
  0x08, 0x80, 0x6a, 0x08, 0x80, 0x5e, 0x08, 0x80, 0x6a, 0x08, 0x90, 0x08,
  0x9d, 0x80, 0x77, 0x08, 0x90, 0x08, 0x9d, 0x80, 0x6a, 0x08, 0x90, 0x08,
  0x9d, 0x80, 0x4f, 0x08, 0x90, 0x10, 0x9d, 0x80, 0x6a, 0x10, 0x90, 0x04,
  0x9b, 0x80, 0x3f, 0x04, 0x90, 0x04, 0x9b, 0x80, 0x3f, 0x14, 0x90, 0x04,
  0x9b, 0x80, 0x3f, 0x04, 0x90, 0x04, 0x9b, 0x80, 0x3f, 0x14, 0x90, 0x04,
  0x9b, 0x80, 0x3f, 0x04, 0x90, 0x04, 0x9b, 0x80, 0x3f, 0x14, 0x90, 0x08,
  0x9d, 0x80, 0x3f, 0x08, 0x80, 0x46, 0x08, 0x80, 0x4f, 0x08, 0x80, 0x6a,
  0x20, 0x80, 0x5e, 0x20, 0x20, 0xa8, 0x90, 0x20, 0x04, 0xa9, 0x9d, 0x80,
  0x3f, 0x04, 0x90, 0x04, 0x9b, 0x80, 0x3f, 0x14, 0x90, 0x04, 0x9b, 0x80,
  0x3f, 0x04, 0x90, 0x04, 0x9b, 0x80, 0x3f, 0x14, 0x90, 0x04, 0x9b, 0x80,
  0x3f, 0x04, 0x90, 0x04, 0x9b, 0x80, 0x3f, 0x14, 0x90, 0x08, 0x9d, 0x80,
  0x3f, 0x08, 0x80, 0x46, 0x08, 0x80, 0x4f, 0x08, 0x80, 0x6a, 0x20, 0x80,
  0x5e, 0x20, 0x20, 0xa8, 0x90, 0x1f, 0x00, 0x08, 0xa9, 0xf9, 0x9d, 0xf1,
  0x80, 0x8f, 0xd4, 0x75, 0x08, 0xd4, 0x75, 0x08, 0x80, 0x7f, 0xd2, 0x3b,
  0x08, 0x80, 0x78, 0xd2, 0x3b, 0x08, 0x80, 0x7f, 0xd4, 0x75, 0x08, 0x90,
  0xd4, 0x75, 0x08, 0x9d, 0x80, 0x8f, 0xd2, 0x3b, 0x08, 0x90, 0xd2, 0x3b,
  0x08, 0x9d, 0x80, 0x7f, 0xd5, 0x01, 0x08, 0x90, 0xd5, 0x01, 0x08, 0x9d,
  0x80, 0x5f, 0xd2, 0x81, 0x08, 0x90, 0xd2, 0x81, 0x08, 0x9d, 0x80, 0x7f,
  0xd5, 0x01, 0x08, 0xd5, 0x01, 0x08, 0x90, 0xd2, 0x81, 0x08, 0xd2, 0x81,
  0x08, 0x9d, 0x80, 0x8f, 0xd5, 0x9e, 0x08, 0xd5, 0x9e, 0x08, 0x80, 0x7f,
  0xd2, 0xcf, 0x08, 0x80, 0x78, 0xd2, 0xcf, 0x08, 0x80, 0x7f, 0xd5, 0x9e,
  0x08, 0x90, 0xd5, 0x9e, 0x08, 0x9d, 0x80, 0x8f, 0xd2, 0xcf, 0x08, 0x90,
  0xd2, 0xcf, 0x08, 0x9d, 0x80, 0x8f, 0xd5, 0xf4, 0x08, 0xd5, 0xf4, 0x08,
  0x80, 0x97, 0xd2, 0xfa, 0x08, 0xd2, 0xfa, 0x08, 0x80, 0x8f, 0xd5, 0xf4,
  0x08, 0xd5, 0xf4, 0x08, 0x80, 0x7f, 0xd2, 0xfa, 0x08, 0xd2, 0xfa, 0x01,
  0xa8, 0xf8, 0x08, 0xa9, 0xf9, 0x9d, 0xf1, 0x80, 0x8f, 0xd4, 0x75, 0x08,
  0xd4, 0x75, 0x08, 0x80, 0x7f, 0xd2, 0x3b, 0x08, 0x80, 0x78, 0xd2, 0x3b,
  0x08, 0x80, 0x7f, 0xd4, 0x75, 0x08, 0x90, 0xd4, 0x75, 0x08, 0x9d, 0x80,
  0x8f, 0xd2, 0x3b, 0x08, 0x90, 0xd2, 0x3b, 0x08, 0x9d, 0x80, 0x7f, 0xd5,
  0x01, 0x08, 0x90, 0xd5, 0x01, 0x08, 0x9d, 0x80, 0x5f, 0xd2, 0x81, 0x08,
  0x90, 0xd2, 0x81, 0x08, 0x9d, 0x80, 0x7f, 0xd5, 0x01, 0x08, 0xd5, 0x01,
  0x08, 0x90, 0xd2, 0x81, 0x08, 0xd2, 0x81, 0x08, 0x9d, 0x80, 0x78, 0xd5,
  0x9e, 0x08, 0xd5, 0x9e, 0x08, 0x80, 0x6b, 0xd2, 0xcf, 0x08, 0x80, 0x5f,
  0xd2, 0xcf, 0x08, 0x80, 0x6b, 0xd5, 0x9e, 0x08, 0x90, 0xd5, 0x9e, 0x08,
  0x9d, 0x80, 0x78, 0xd2, 0xcf, 0x08, 0x90, 0xd2, 0xcf, 0x08, 0x9d, 0x80,
  0x6b, 0xd5, 0x01, 0x08, 0x90, 0xd5, 0x01, 0x08, 0x9d, 0x80, 0x50, 0xd2,
  0x81, 0x08, 0x90, 0xd2, 0x81, 0x08, 0x9d, 0x80, 0x6b, 0xd5, 0x01, 0x08,
  0xd5, 0x01, 0x08, 0x90, 0xd2, 0x81, 0x08, 0xd2, 0x81, 0x04, 0x9d, 0x80,
  0x40, 0xd4, 0x75, 0x04, 0x90, 0x04, 0x9d, 0x80, 0x40, 0xd4, 0x75, 0x04,
  0x90, 0x08, 0xd2, 0x3b, 0x08, 0xd2, 0x3b, 0x04, 0x9d, 0x80, 0x40, 0xd4,
  0x75, 0x04, 0x90, 0x04, 0x9d, 0x80, 0x40, 0xd4, 0x75, 0x04, 0x90, 0x08,
  0xd2, 0x3b, 0x08, 0xd2, 0x3b, 0x04, 0x9d, 0x80, 0x40, 0xd5, 0x01, 0x04,
  0x90, 0x04, 0x9d, 0x80, 0x40, 0xd5, 0x01, 0x04, 0x90, 0x08, 0xd2, 0x81,
  0x08, 0xd2, 0x81, 0x08, 0x9d, 0x80, 0x40, 0xd5, 0x01, 0x08, 0x80, 0x47,
  0xd5, 0x01, 0x08, 0x80, 0x50, 0xd2, 0x81, 0x08, 0x80, 0x6b, 0xd2, 0x81,
  0x08, 0x80, 0x5f, 0xd5, 0x9e, 0x08, 0xd5, 0x9e, 0x08, 0xd2, 0xcf, 0x08,
  0xd2, 0xcf, 0x08, 0xd5, 0x9e, 0x08, 0xd5, 0x9e, 0x08, 0xd2, 0xcf, 0x08,
  0xd2, 0xcf, 0x08, 0x90, 0xd5, 0xf4, 0x08, 0xd5, 0xf4, 0x08, 0xd2, 0xfa,
  0x08, 0xd2, 0xfa, 0x08, 0xd5, 0xf4, 0x08, 0xd5, 0xf4, 0x08, 0xd2, 0xfa,
  0x08, 0xd2, 0xfa, 0x04, 0x9d, 0x80, 0x40, 0xd4, 0x75, 0x04, 0x90, 0x04,
  0x9d, 0x80, 0x40, 0xd4, 0x75, 0x04, 0x90, 0x08, 0xd2, 0x3b, 0x08, 0xd2,
  0x3b, 0x04, 0x9d, 0x80, 0x40, 0xd4, 0x75, 0x04, 0x90, 0x04, 0x9d, 0x80,
  0x40, 0xd4, 0x75, 0x04, 0x90, 0x08, 0xd2, 0x3b, 0x08, 0xd2, 0x3b, 0x04,
  0x9d, 0x80, 0x40, 0xd5, 0x01, 0x04, 0x90, 0x04, 0x9d, 0x80, 0x40, 0xd5,
  0x01, 0x04, 0x90, 0x08, 0xd2, 0x81, 0x08, 0xd2, 0x81, 0x08, 0x9d, 0x80,
  0x40, 0xd5, 0x01, 0x08, 0x80, 0x47, 0xd5, 0x01, 0x08, 0x80, 0x50, 0xd2,
  0x81, 0x08, 0x80, 0x6b, 0xd2, 0x81, 0x08, 0x80, 0x5f, 0xd5, 0x9e, 0x08,
  0xd5, 0x9e, 0x08, 0xd2, 0xcf, 0x08, 0xd2, 0xcf, 0x08, 0xd5, 0x9e, 0x08,
  0xd5, 0x9e, 0x08, 0xd2, 0xcf, 0x08, 0xd2, 0xcf, 0x08, 0x90, 0xd5, 0xf4,
  0x08, 0xd5, 0xf4, 0x08, 0xd2, 0xfa, 0x08, 0xd2, 0xfa, 0x08, 0xd5, 0xf4,
  0x08, 0xd5, 0xf4, 0x08, 0xd2, 0xfa, 0x06, 0xd2, 0xfa, 0x01, 0xa8, 0xf8,
  0x00, 0x0a, 0xa9, 0xb1, 0x80, 0x8f, 0x0a, 0x80, 0x97, 0x0a, 0x80, 0xb4,
  0x14, 0x80, 0xa0, 0x0a, 0x80, 0x97, 0x14, 0x80, 0x8f, 0x0a, 0x80, 0x97,
  0x0a, 0x80, 0x97, 0x0a, 0xa8, 0x0a, 0xa9, 0xb1, 0x80, 0x97, 0x0a, 0x80,
  0x97, 0x0a, 0xa8, 0x0a, 0xa9, 0xb1, 0x80, 0x97, 0x0a, 0x80, 0x97, 0x0a,
  0xa8, 0x05, 0xa9, 0xb1, 0x80, 0x97, 0x05, 0x80, 0xb4, 0x05, 0x80, 0xbe,
  0x05, 0x80, 0xfe, 0x05, 0x81, 0x2e, 0x05, 0x81, 0x68, 0x05, 0x81, 0xac,
  0x05, 0x81, 0xfc, 0x05, 0x82, 0x5d, 0x05, 0x81, 0xfc, 0x05, 0x81, 0xac,
  0x05, 0x81, 0x68, 0x05, 0x81, 0x2e, 0x05, 0x80, 0xfe, 0x05, 0x80, 0xd6,
  0x05, 0x80, 0xb4, 0x05, 0x80, 0x97, 0x05, 0x80, 0x97, 0x01, 0xa8, 0x00,
  0x05, 0xa9, 0xf9, 0x9e, 0xf1, 0x86, 0xae, 0xd0, 0xd6, 0x05, 0x90, 0x05,
  0x9e, 0x83, 0x57, 0xd0, 0xd6, 0x05, 0x90, 0x05, 0x9e, 0x86, 0xae, 0xd0,
  0xd6, 0x05, 0x90, 0x05, 0x9e, 0x83, 0x57, 0xd0, 0xd6, 0x05, 0x90, 0x05,
  0x9e, 0x86, 0xae, 0x05, 0x90, 0x05, 0x9e, 0x83, 0x57, 0xd0, 0xd6, 0x05,
  0x90, 0x05, 0x9e, 0x8a, 0x6e, 0xd0, 0xd6, 0x05, 0x90, 0x05, 0x9e, 0x83,
  0x57, 0x05, 0x90, 0x05, 0x9e, 0x84, 0xb9, 0xd0, 0xd6, 0x05, 0x90, 0x05,
  0x9e, 0x82, 0x5d, 0xd0, 0xd6, 0x05, 0x90, 0x05, 0x9e, 0x84, 0xb9, 0x05,
  0x90, 0x05, 0x9e, 0x82, 0x5d, 0xd0, 0xd6, 0x05, 0x90, 0x05, 0x9e, 0x84,
  0xb9, 0xd0, 0xd6, 0x05, 0x90, 0x05, 0x9e, 0x82, 0x5d, 0x05, 0x90, 0x05,
  0x9e, 0x84, 0xb9, 0xd0, 0xd6, 0x05, 0x90, 0x05, 0x9e, 0x82, 0x5d, 0xd0,
  0xd6, 0x05, 0x90, 0x0a, 0xa8, 0xf8, 0x05, 0xa9, 0x9e, 0x80, 0x96, 0x05,
  0x80, 0xb3, 0x05, 0x80, 0xbd, 0x05, 0x80, 0xfd, 0x05, 0x81, 0x2d, 0x05,
  0x81, 0x67, 0x05, 0x81, 0xab, 0x05, 0x81, 0xfb, 0x05, 0x82, 0x5c, 0x05,
  0x81, 0xfb, 0x05, 0x81, 0xab, 0x05, 0x81, 0x67, 0x05, 0x81, 0x2d, 0x05,
  0x80, 0xfd, 0x05, 0x80, 0xd5, 0x05, 0x80, 0xb3, 0x05, 0xa8, 0xf9, 0xf1,
  0xd0, 0xd6, 0x05, 0xd0, 0xd6, 0x01, 0xf8, 0x80
};
unsigned int Arkanoid_rom_len = 32768;
