unsigned char BattleShip_rom[] = {
  0x41, 0x42, 0x00, 0xa0, 0x00, 0x00, 0x00, 0x00, 0x00, 0x00, 0x00, 0x00,
  0x00, 0x00, 0x00, 0x00, 0x00, 0x00, 0x00, 0x00, 0x00, 0x00, 0x00, 0x00,
  0x00, 0x00, 0x00, 0x00, 0x00, 0x00, 0x00, 0x00, 0x00, 0x00, 0x00, 0x00,
  0x00, 0x00, 0x00, 0x00, 0x00, 0x00, 0x00, 0x00, 0x00, 0x00, 0x00, 0x00,
  0x00, 0x00, 0x00, 0x00, 0x00, 0x00, 0x00, 0x00, 0x00, 0x00, 0x00, 0x00,
  0x00, 0x00, 0x00, 0x00, 0x00, 0x00, 0x00, 0x00, 0x00, 0x00, 0x00, 0x00,
  0x00, 0x00, 0x00, 0x00, 0x00, 0x00, 0x00, 0x00, 0x00, 0x00, 0x00, 0x00,
  0x00, 0x00, 0x00, 0x00, 0x00, 0x00, 0x00, 0x00, 0x00, 0x00, 0x00, 0x00,
  0x00, 0x00, 0x00, 0x00, 0x00, 0x00, 0x00, 0x00, 0x00, 0x00, 0x00, 0x00,
  0x00, 0x00, 0x00, 0x00, 0x00, 0x00, 0x00, 0x00, 0x00, 0x00, 0x00, 0x00,
  0x00, 0x00, 0x00, 0x00, 0x00, 0x00, 0x00, 0x00, 0x00, 0x00, 0x00, 0x00,
  0x00, 0x00, 0x00, 0x00, 0x00, 0x00, 0x00, 0x00, 0x00, 0x00, 0x00, 0x00,
  0x00, 0x00, 0x00, 0x00, 0x00, 0x00, 0x00, 0x00, 0x00, 0x00, 0x00, 0x00,
  0x00, 0x00, 0x00, 0x00, 0x00, 0x00, 0x00, 0x00, 0x00, 0x00, 0x00, 0x00,
  0x00, 0x00, 0x00, 0x00, 0x00, 0x00, 0x00, 0x00, 0x00, 0x00, 0x00, 0x00,
  0x00, 0x00, 0x00, 0x00, 0x00, 0x00, 0x00, 0x00, 0x00, 0x00, 0x00, 0x00,
  0x00, 0x00, 0x00, 0x00, 0x00, 0x00, 0x00, 0x00, 0x00, 0x00, 0x00, 0x00,
  0x00, 0x00, 0x00, 0x00, 0x00, 0x00, 0x00, 0x00, 0x00, 0x00, 0x00, 0x00,
  0x00, 0x00, 0x00, 0x00, 0x00, 0x00, 0x00, 0x00, 0x00, 0x00, 0x00, 0x00,
  0x00, 0x00, 0x00, 0x00, 0x00, 0x00, 0x00, 0x00, 0x00, 0x00, 0x00, 0x00,
  0x00, 0x00, 0x00, 0x00, 0x00, 0x00, 0x00, 0x00, 0x00, 0x00, 0x00, 0x00,
  0x00, 0x00, 0x00, 0x00, 0x00, 0x00, 0x00, 0x00, 0x00, 0x00, 0x00, 0x00,
  0x00, 0x00, 0x00, 0x00, 0x00, 0x00, 0x00, 0x00, 0x00, 0x00, 0x00, 0x00,
  0x00, 0x00, 0x00, 0x00, 0x00, 0x00, 0x00, 0x00, 0x00, 0x00, 0x00, 0x00,
  0x00, 0x00, 0x00, 0x00, 0x00, 0x00, 0x00, 0x00, 0x00, 0x00, 0x00, 0x00,
  0x00, 0x00, 0x00, 0x00, 0x00, 0x00, 0x00, 0x00, 0x00, 0x00, 0x00, 0x00,
  0x00, 0x00, 0x00, 0x00, 0x00, 0x00, 0x00, 0x00, 0x00, 0x00, 0x00, 0x00,
  0x00, 0x00, 0x00, 0x00, 0x00, 0x00, 0x00, 0x00, 0x00, 0x00, 0x00, 0x00,
  0x00, 0x00, 0x00, 0x00, 0x00, 0x00, 0x00, 0x00, 0x00, 0x00, 0x00, 0x00,
  0x00, 0x00, 0x00, 0x00, 0x00, 0x00, 0x00, 0x00, 0x00, 0x00, 0x00, 0x00,
  0x00, 0x00, 0x00, 0x00, 0x00, 0x00, 0x00, 0x00, 0x00, 0x00, 0x00, 0x00,
  0x00, 0x00, 0x00, 0x00, 0x00, 0x00, 0x00, 0x00, 0x00, 0x00, 0x00, 0x00,
  0x00, 0x00, 0x00, 0x00, 0x00, 0x00, 0x00, 0x00, 0x00, 0x00, 0x00, 0x00,
  0x00, 0x00, 0x00, 0x00, 0x00, 0x00, 0x00, 0x00, 0x00, 0x00, 0x00, 0x00,
  0x00, 0x00, 0x00, 0x00, 0x00, 0x00, 0x00, 0x00, 0x00, 0x00, 0x00, 0x00,
  0x00, 0x00, 0x00, 0x00, 0x00, 0x00, 0x00, 0x00, 0x00, 0x00, 0x00, 0x00,
  0x00, 0x00, 0x00, 0x00, 0x00, 0x00, 0x00, 0x00, 0x00, 0x00, 0x00, 0x00,
  0x00, 0x00, 0x00, 0x00, 0x00, 0x00, 0x00, 0x00, 0x00, 0x00, 0x00, 0x00,
  0x00, 0x00, 0x00, 0x00, 0x00, 0x00, 0x00, 0x00, 0x00, 0x00, 0x00, 0x00,
  0x00, 0x00, 0x00, 0x00, 0x00, 0x00, 0x00, 0x00, 0x00, 0x00, 0x00, 0x00,
  0x00, 0x00, 0x00, 0x00, 0x00, 0x00, 0x00, 0x00, 0x00, 0x00, 0x00, 0x00,
  0x00, 0x00, 0x00, 0x00, 0x00, 0x00, 0x00, 0x00, 0x00, 0x00, 0x00, 0x00,
  0x00, 0x00, 0x00, 0x00, 0x00, 0x00, 0x00, 0x00, 0x00, 0x00, 0x00, 0x00,
  0x00, 0x00, 0x00, 0x00, 0x00, 0x00, 0x00, 0x00, 0x00, 0x00, 0x00, 0x00,
  0x00, 0x00, 0x00, 0x00, 0x00, 0x00, 0x00, 0x00, 0x00, 0x00, 0x00, 0x00,
  0x00, 0x00, 0x00, 0x00, 0x00, 0x00, 0x00, 0x00, 0x00, 0x00, 0x00, 0x00,
  0x00, 0x00, 0x00, 0x00, 0x00, 0x00, 0x00, 0x00, 0x00, 0x00, 0x00, 0x00,
  0x00, 0x00, 0x00, 0x00, 0x00, 0x00, 0x00, 0x00, 0x00, 0x00, 0x00, 0x00,
  0x00, 0x00, 0x00, 0x00, 0x00, 0x00, 0x00, 0x00, 0x00, 0x00, 0x00, 0x00,
  0x00, 0x00, 0x00, 0x00, 0x00, 0x00, 0x00, 0x00, 0x00, 0x00, 0x00, 0x00,
  0x00, 0x00, 0x00, 0x00, 0x00, 0x00, 0x00, 0x00, 0x00, 0x00, 0x00, 0x00,
  0x00, 0x00, 0x00, 0x00, 0x00, 0x00, 0x00, 0x00, 0x00, 0x00, 0x00, 0x00,
  0x00, 0x00, 0x00, 0x00, 0x00, 0x00, 0x00, 0x00, 0x00, 0x00, 0x00, 0x00,
  0x00, 0x00, 0x00, 0x00, 0x00, 0x00, 0x00, 0x00, 0x00, 0x00, 0x00, 0x00,
  0x00, 0x00, 0x00, 0x00, 0x00, 0x00, 0x00, 0x00, 0x00, 0x00, 0x00, 0x00,
  0x00, 0x00, 0x00, 0x00, 0x00, 0x00, 0x00, 0x00, 0x00, 0x00, 0x00, 0x00,
  0x00, 0x00, 0x00, 0x00, 0x00, 0x00, 0x00, 0x00, 0x00, 0x00, 0x00, 0x00,
  0x00, 0x00, 0x00, 0x00, 0x00, 0x00, 0x00, 0x00, 0x00, 0x00, 0x00, 0x00,
  0x00, 0x00, 0x00, 0x00, 0x00, 0x00, 0x00, 0x00, 0x00, 0x00, 0x00, 0x00,
  0x00, 0x00, 0x00, 0x00, 0x00, 0x00, 0x00, 0x00, 0x00, 0x00, 0x00, 0x00,
  0x00, 0x00, 0x00, 0x00, 0x00, 0x00, 0x00, 0x00, 0x00, 0x00, 0x00, 0x00,
  0x00, 0x00, 0x00, 0x00, 0x00, 0x00, 0x00, 0x00, 0x00, 0x00, 0x00, 0x00,
  0x00, 0x00, 0x00, 0x00, 0x00, 0x00, 0x00, 0x00, 0x00, 0x00, 0x00, 0x00,
  0x00, 0x00, 0x00, 0x00, 0x00, 0x00, 0x00, 0x00, 0x00, 0x00, 0x00, 0x00,
  0x00, 0x00, 0x00, 0x00, 0x00, 0x00, 0x00, 0x00, 0x00, 0x00, 0x00, 0x00,
  0x00, 0x00, 0x00, 0x00, 0x00, 0x00, 0x00, 0x00, 0x00, 0x00, 0x00, 0x00,
  0x00, 0x00, 0x00, 0x00, 0x00, 0x00, 0x00, 0x00, 0x00, 0x00, 0x00, 0x00,
  0x00, 0x00, 0x00, 0x00, 0x00, 0x00, 0x00, 0x00, 0x00, 0x00, 0x00, 0x00,
  0x00, 0x00, 0x00, 0x00, 0x00, 0x00, 0x00, 0x00, 0x00, 0x00, 0x00, 0x00,
  0x00, 0x00, 0x00, 0x00, 0x00, 0x00, 0x00, 0x00, 0x00, 0x00, 0x00, 0x00,
  0x00, 0x00, 0x00, 0x00, 0x00, 0x00, 0x00, 0x00, 0x00, 0x00, 0x00, 0x00,
  0x00, 0x00, 0x00, 0x00, 0x00, 0x00, 0x00, 0x00, 0x00, 0x00, 0x00, 0x00,
  0x00, 0x00, 0x00, 0x00, 0x00, 0x00, 0x00, 0x00, 0x00, 0x00, 0x00, 0x00,
  0x00, 0x00, 0x00, 0x00, 0x00, 0x00, 0x00, 0x00, 0x00, 0x00, 0x00, 0x00,
  0x00, 0x00, 0x00, 0x00, 0x00, 0x00, 0x00, 0x00, 0x00, 0x00, 0x00, 0x00,
  0x00, 0x00, 0x00, 0x00, 0x00, 0x00, 0x00, 0x00, 0x00, 0x00, 0x00, 0x00,
  0x00, 0x00, 0x00, 0x00, 0x00, 0x00, 0x00, 0x00, 0x00, 0x00, 0x00, 0x00,
  0x00, 0x00, 0x00, 0x00, 0x00, 0x00, 0x00, 0x00, 0x00, 0x00, 0x00, 0x00,
  0x00, 0x00, 0x00, 0x00, 0x00, 0x00, 0x00, 0x00, 0x00, 0x00, 0x00, 0x00,
  0x00, 0x00, 0x00, 0x00, 0x00, 0x00, 0x00, 0x00, 0x00, 0x00, 0x00, 0x00,
  0x00, 0x00, 0x00, 0x00, 0x00, 0x00, 0x00, 0x00, 0x00, 0x00, 0x00, 0x00,
  0x00, 0x00, 0x00, 0x00, 0x00, 0x00, 0x00, 0x00, 0x00, 0x00, 0x00, 0x00,
  0x00, 0x00, 0x00, 0x00, 0x00, 0x00, 0x00, 0x00, 0x00, 0x00, 0x00, 0x00,
  0x00, 0x00, 0x00, 0x00, 0x00, 0x00, 0x00, 0x00, 0x00, 0x00, 0x00, 0x00,
  0x00, 0x00, 0x00, 0x00, 0x00, 0x00, 0x00, 0x00, 0x00, 0x00, 0x00, 0x00,
  0x00, 0x00, 0x00, 0x00, 0x00, 0x00, 0x00, 0x00, 0x00, 0x00, 0x00, 0x00,
  0x00, 0x00, 0x00, 0x00, 0x00, 0x00, 0x00, 0x00, 0x00, 0x00, 0x00, 0x00,
  0x00, 0x00, 0x00, 0x00, 0x00, 0x00, 0x00, 0x00, 0x00, 0x00, 0x00, 0x00,
  0x00, 0x00, 0x00, 0x00, 0x00, 0x00, 0x00, 0x00, 0x00, 0x00, 0x00, 0x00,
  0x00, 0x00, 0x00, 0x00, 0x00, 0x00, 0x00, 0x00, 0x00, 0x00, 0x00, 0x00,
  0x00, 0x00, 0x00, 0x00, 0x00, 0x00, 0x00, 0x00, 0x00, 0x00, 0x00, 0x00,
  0x00, 0x00, 0x00, 0x00, 0x00, 0x00, 0x00, 0x00, 0x00, 0x00, 0x00, 0x00,
  0x00, 0x00, 0x00, 0x00, 0x00, 0x00, 0x00, 0x00, 0x00, 0x00, 0x00, 0x00,
  0x00, 0x00, 0x00, 0x00, 0x00, 0x00, 0x00, 0x00, 0x00, 0x00, 0x00, 0x00,
  0x00, 0x00, 0x00, 0x00, 0x00, 0x00, 0x00, 0x00, 0x00, 0x00, 0x00, 0x00,
  0x00, 0x00, 0x00, 0x00, 0x00, 0x00, 0x00, 0x00, 0x00, 0x00, 0x00, 0x00,
  0x00, 0x00, 0x00, 0x00, 0x00, 0x00, 0x00, 0x00, 0x00, 0x00, 0x00, 0x00,
  0x00, 0x00, 0x00, 0x00, 0x00, 0x00, 0x00, 0x00, 0x00, 0x00, 0x00, 0x00,
  0x00, 0x00, 0x00, 0x00, 0x00, 0x00, 0x00, 0x00, 0x00, 0x00, 0x00, 0x00,
  0x00, 0x00, 0x00, 0x00, 0x00, 0x00, 0x00, 0x00, 0x00, 0x00, 0x00, 0x00,
  0x00, 0x00, 0x00, 0x00, 0x00, 0x00, 0x00, 0x00, 0x00, 0x00, 0x00, 0x00,
  0x00, 0x00, 0x00, 0x00, 0x00, 0x00, 0x00, 0x00, 0x00, 0x00, 0x00, 0x00,
  0x00, 0x00, 0x00, 0x00, 0x00, 0x00, 0x00, 0x00, 0x00, 0x00, 0x00, 0x00,
  0x00, 0x00, 0x00, 0x00, 0x00, 0x00, 0x00, 0x00, 0x00, 0x00, 0x00, 0x00,
  0x00, 0x00, 0x00, 0x00, 0x00, 0x00, 0x00, 0x00, 0x00, 0x00, 0x00, 0x00,
  0x00, 0x00, 0x00, 0x00, 0x00, 0x00, 0x00, 0x00, 0x00, 0x00, 0x00, 0x00,
  0x00, 0x00, 0x00, 0x00, 0x00, 0x00, 0x00, 0x00, 0x00, 0x00, 0x00, 0x00,
  0x00, 0x00, 0x00, 0x00, 0x00, 0x00, 0x00, 0x00, 0x00, 0x00, 0x00, 0x00,
  0x00, 0x00, 0x00, 0x00, 0x00, 0x00, 0x00, 0x00, 0x00, 0x00, 0x00, 0x00,
  0x00, 0x00, 0x00, 0x00, 0x00, 0x00, 0x00, 0x00, 0x00, 0x00, 0x00, 0x00,
  0x00, 0x00, 0x00, 0x00, 0x00, 0x00, 0x00, 0x00, 0x00, 0x00, 0x00, 0x00,
  0x00, 0x00, 0x00, 0x00, 0x00, 0x00, 0x00, 0x00, 0x00, 0x00, 0x00, 0x00,
  0x00, 0x00, 0x00, 0x00, 0x00, 0x00, 0x00, 0x00, 0x00, 0x00, 0x00, 0x00,
  0x00, 0x00, 0x00, 0x00, 0x00, 0x00, 0x00, 0x00, 0x00, 0x00, 0x00, 0x00,
  0x00, 0x00, 0x00, 0x00, 0x00, 0x00, 0x00, 0x00, 0x00, 0x00, 0x00, 0x00,
  0x00, 0x00, 0x00, 0x00, 0x00, 0x00, 0x00, 0x00, 0x00, 0x00, 0x00, 0x00,
  0x00, 0x00, 0x00, 0x00, 0x00, 0x00, 0x00, 0x00, 0x00, 0x00, 0x00, 0x00,
  0x00, 0x00, 0x00, 0x00, 0x00, 0x00, 0x00, 0x00, 0x00, 0x00, 0x00, 0x00,
  0x00, 0x00, 0x00, 0x00, 0x00, 0x00, 0x00, 0x00, 0x00, 0x00, 0x00, 0x00,
  0x00, 0x00, 0x00, 0x00, 0x00, 0x00, 0x00, 0x00, 0x00, 0x00, 0x00, 0x00,
  0x00, 0x00, 0x00, 0x00, 0x00, 0x00, 0x00, 0x00, 0x00, 0x00, 0x00, 0x00,
  0x00, 0x00, 0x00, 0x00, 0x00, 0x00, 0x00, 0x00, 0x00, 0x00, 0x00, 0x00,
  0x00, 0x00, 0x00, 0x00, 0x00, 0x00, 0x00, 0x00, 0x00, 0x00, 0x00, 0x00,
  0x00, 0x00, 0x00, 0x00, 0x00, 0x00, 0x00, 0x00, 0x00, 0x00, 0x00, 0x00,
  0x00, 0x00, 0x00, 0x00, 0x00, 0x00, 0x00, 0x00, 0x00, 0x00, 0x00, 0x00,
  0x00, 0x00, 0x00, 0x00, 0x00, 0x00, 0x00, 0x00, 0x00, 0x00, 0x00, 0x00,
  0x00, 0x00, 0x00, 0x00, 0x00, 0x00, 0x00, 0x00, 0x00, 0x00, 0x00, 0x00,
  0x00, 0x00, 0x00, 0x00, 0x00, 0x00, 0x00, 0x00, 0x00, 0x00, 0x00, 0x00,
  0x00, 0x00, 0x00, 0x00, 0x00, 0x00, 0x00, 0x00, 0x00, 0x00, 0x00, 0x00,
  0x00, 0x00, 0x00, 0x00, 0x00, 0x00, 0x00, 0x00, 0x00, 0x00, 0x00, 0x00,
  0x00, 0x00, 0x00, 0x00, 0x00, 0x00, 0x00, 0x00, 0x00, 0x00, 0x00, 0x00,
  0x00, 0x00, 0x00, 0x00, 0x00, 0x00, 0x00, 0x00, 0x00, 0x00, 0x00, 0x00,
  0x00, 0x00, 0x00, 0x00, 0x00, 0x00, 0x00, 0x00, 0x00, 0x00, 0x00, 0x00,
  0x00, 0x00, 0x00, 0x00, 0x00, 0x00, 0x00, 0x00, 0x00, 0x00, 0x00, 0x00,
  0x00, 0x00, 0x00, 0x00, 0x00, 0x00, 0x00, 0x00, 0x00, 0x00, 0x00, 0x00,
  0x00, 0x00, 0x00, 0x00, 0x00, 0x00, 0x00, 0x00, 0x00, 0x00, 0x00, 0x00,
  0x00, 0x00, 0x00, 0x00, 0x00, 0x00, 0x00, 0x00, 0x00, 0x00, 0x00, 0x00,
  0x00, 0x00, 0x00, 0x00, 0x00, 0x00, 0x00, 0x00, 0x00, 0x00, 0x00, 0x00,
  0x00, 0x00, 0x00, 0x00, 0x00, 0x00, 0x00, 0x00, 0x00, 0x00, 0x00, 0x00,
  0x00, 0x00, 0x00, 0x00, 0x00, 0x00, 0x00, 0x00, 0x00, 0x00, 0x00, 0x00,
  0x00, 0x00, 0x00, 0x00, 0x00, 0x00, 0x00, 0x00, 0x00, 0x00, 0x00, 0x00,
  0x00, 0x00, 0x00, 0x00, 0x00, 0x00, 0x00, 0x00, 0x00, 0x00, 0x00, 0x00,
  0x00, 0x00, 0x00, 0x00, 0x00, 0x00, 0x00, 0x00, 0x00, 0x00, 0x00, 0x00,
  0x00, 0x00, 0x00, 0x00, 0x00, 0x00, 0x00, 0x00, 0x00, 0x00, 0x00, 0x00,
  0x00, 0x00, 0x00, 0x00, 0x00, 0x00, 0x00, 0x00, 0x00, 0x00, 0x00, 0x00,
  0x00, 0x00, 0x00, 0x00, 0x00, 0x00, 0x00, 0x00, 0x00, 0x00, 0x00, 0x00,
  0x00, 0x00, 0x00, 0x00, 0x00, 0x00, 0x00, 0x00, 0x00, 0x00, 0x00, 0x00,
  0x00, 0x00, 0x00, 0x00, 0x00, 0x00, 0x00, 0x00, 0x00, 0x00, 0x00, 0x00,
  0x00, 0x00, 0x00, 0x00, 0x00, 0x00, 0x00, 0x00, 0x00, 0x00, 0x00, 0x00,
  0x00, 0x00, 0x00, 0x00, 0x00, 0x00, 0x00, 0x00, 0x00, 0x00, 0x00, 0x00,
  0x00, 0x00, 0x00, 0x00, 0x00, 0x00, 0x00, 0x00, 0x00, 0x00, 0x00, 0x00,
  0x00, 0x00, 0x00, 0x00, 0x00, 0x00, 0x00, 0x00, 0x00, 0x00, 0x00, 0x00,
  0x00, 0x00, 0x00, 0x00, 0x00, 0x00, 0x00, 0x00, 0x00, 0x00, 0x00, 0x00,
  0x00, 0x00, 0x00, 0x00, 0x00, 0x00, 0x00, 0x00, 0x00, 0x00, 0x00, 0x00,
  0x00, 0x00, 0x00, 0x00, 0x00, 0x00, 0x00, 0x00, 0x00, 0x00, 0x00, 0x00,
  0x00, 0x00, 0x00, 0x00, 0x00, 0x00, 0x00, 0x00, 0x00, 0x00, 0x00, 0x00,
  0x00, 0x00, 0x00, 0x00, 0x00, 0x00, 0x00, 0x00, 0x00, 0x00, 0x00, 0x00,
  0x00, 0x00, 0x00, 0x00, 0x00, 0x00, 0x00, 0x00, 0x00, 0x00, 0x00, 0x00,
  0x00, 0x00, 0x00, 0x00, 0x00, 0x00, 0x00, 0x00, 0x00, 0x00, 0x00, 0x00,
  0x00, 0x00, 0x00, 0x00, 0x00, 0x00, 0x00, 0x00, 0x00, 0x00, 0x00, 0x00,
  0x00, 0x00, 0x00, 0x00, 0x00, 0x00, 0x00, 0x00, 0x00, 0x00, 0x00, 0x00,
  0x00, 0x00, 0x00, 0x00, 0x00, 0x00, 0x00, 0x00, 0x00, 0x00, 0x00, 0x00,
  0x00, 0x00, 0x00, 0x00, 0x00, 0x00, 0x00, 0x00, 0x00, 0x00, 0x00, 0x00,
  0x00, 0x00, 0x00, 0x00, 0x00, 0x00, 0x00, 0x00, 0x00, 0x00, 0x00, 0x00,
  0x00, 0x00, 0x00, 0x00, 0x00, 0x00, 0x00, 0x00, 0x00, 0x00, 0x00, 0x00,
  0x00, 0x00, 0x00, 0x00, 0x00, 0x00, 0x00, 0x00, 0x00, 0x00, 0x00, 0x00,
  0x00, 0x00, 0x00, 0x00, 0x00, 0x00, 0x00, 0x00, 0x00, 0x00, 0x00, 0x00,
  0x00, 0x00, 0x00, 0x00, 0x00, 0x00, 0x00, 0x00, 0x00, 0x00, 0x00, 0x00,
  0x00, 0x00, 0x00, 0x00, 0x00, 0x00, 0x00, 0x00, 0x00, 0x00, 0x00, 0x00,
  0x00, 0x00, 0x00, 0x00, 0x00, 0x00, 0x00, 0x00, 0x00, 0x00, 0x00, 0x00,
  0x00, 0x00, 0x00, 0x00, 0x00, 0x00, 0x00, 0x00, 0x00, 0x00, 0x00, 0x00,
  0x00, 0x00, 0x00, 0x00, 0x00, 0x00, 0x00, 0x00, 0x00, 0x00, 0x00, 0x00,
  0x00, 0x00, 0x00, 0x00, 0x00, 0x00, 0x00, 0x00, 0x00, 0x00, 0x00, 0x00,
  0x00, 0x00, 0x00, 0x00, 0x00, 0x00, 0x00, 0x00, 0x00, 0x00, 0x00, 0x00,
  0x00, 0x00, 0x00, 0x00, 0x00, 0x00, 0x00, 0x00, 0x00, 0x00, 0x00, 0x00,
  0x00, 0x00, 0x00, 0x00, 0x00, 0x00, 0x00, 0x00, 0x00, 0x00, 0x00, 0x00,
  0x00, 0x00, 0x00, 0x00, 0x00, 0x00, 0x00, 0x00, 0x00, 0x00, 0x00, 0x00,
  0x00, 0x00, 0x00, 0x00, 0x00, 0x00, 0x00, 0x00, 0x00, 0x00, 0x00, 0x00,
  0x00, 0x00, 0x00, 0x00, 0x00, 0x00, 0x00, 0x00, 0x00, 0x00, 0x00, 0x00,
  0x00, 0x00, 0x00, 0x00, 0x00, 0x00, 0x00, 0x00, 0x00, 0x00, 0x00, 0x00,
  0x00, 0x00, 0x00, 0x00, 0x00, 0x00, 0x00, 0x00, 0x00, 0x00, 0x00, 0x00,
  0x00, 0x00, 0x00, 0x00, 0x00, 0x00, 0x00, 0x00, 0x00, 0x00, 0x00, 0x00,
  0x00, 0x00, 0x00, 0x00, 0x00, 0x00, 0x00, 0x00, 0x00, 0x00, 0x00, 0x00,
  0x00, 0x00, 0x00, 0x00, 0x00, 0x00, 0x00, 0x00, 0x00, 0x00, 0x00, 0x00,
  0x00, 0x00, 0x00, 0x00, 0x00, 0x00, 0x00, 0x00, 0x00, 0x00, 0x00, 0x00,
  0x00, 0x00, 0x00, 0x00, 0x00, 0x00, 0x00, 0x00, 0x00, 0x00, 0x00, 0x00,
  0x00, 0x00, 0x00, 0x00, 0x00, 0x00, 0x00, 0x00, 0x00, 0x00, 0x00, 0x00,
  0x00, 0x00, 0x00, 0x00, 0x00, 0x00, 0x00, 0x00, 0x00, 0x00, 0x00, 0x00,
  0x00, 0x00, 0x00, 0x00, 0x00, 0x00, 0x00, 0x00, 0x00, 0x00, 0x00, 0x00,
  0x00, 0x00, 0x00, 0x00, 0x00, 0x00, 0x00, 0x00, 0x00, 0x00, 0x00, 0x00,
  0x00, 0x00, 0x00, 0x00, 0x00, 0x00, 0x00, 0x00, 0x00, 0x00, 0x00, 0x00,
  0x00, 0x00, 0x00, 0x00, 0x00, 0x00, 0x00, 0x00, 0x00, 0x00, 0x00, 0x00,
  0x00, 0x00, 0x00, 0x00, 0x00, 0x00, 0x00, 0x00, 0x00, 0x00, 0x00, 0x00,
  0x00, 0x00, 0x00, 0x00, 0x00, 0x00, 0x00, 0x00, 0x00, 0x00, 0x00, 0x00,
  0x00, 0x00, 0x00, 0x00, 0x00, 0x00, 0x00, 0x00, 0x00, 0x00, 0x00, 0x00,
  0x00, 0x00, 0x00, 0x00, 0x00, 0x00, 0x00, 0x00, 0x00, 0x00, 0x00, 0x00,
  0x00, 0x00, 0x00, 0x00, 0x00, 0x00, 0x00, 0x00, 0x00, 0x00, 0x00, 0x00,
  0x00, 0x00, 0x00, 0x00, 0x00, 0x00, 0x00, 0x00, 0x00, 0x00, 0x00, 0x00,
  0x00, 0x00, 0x00, 0x00, 0x00, 0x00, 0x00, 0x00, 0x00, 0x00, 0x00, 0x00,
  0x00, 0x00, 0x00, 0x00, 0x00, 0x00, 0x00, 0x00, 0x00, 0x00, 0x00, 0x00,
  0x00, 0x00, 0x00, 0x00, 0x00, 0x00, 0x00, 0x00, 0x00, 0x00, 0x00, 0x00,
  0x00, 0x00, 0x00, 0x00, 0x00, 0x00, 0x00, 0x00, 0x00, 0x00, 0x00, 0x00,
  0x00, 0x00, 0x00, 0x00, 0x00, 0x00, 0x00, 0x00, 0x00, 0x00, 0x00, 0x00,
  0x00, 0x00, 0x00, 0x00, 0x00, 0x00, 0x00, 0x00, 0x00, 0x00, 0x00, 0x00,
  0x00, 0x00, 0x00, 0x00, 0x00, 0x00, 0x00, 0x00, 0x00, 0x00, 0x00, 0x00,
  0x00, 0x00, 0x00, 0x00, 0x00, 0x00, 0x00, 0x00, 0x00, 0x00, 0x00, 0x00,
  0x00, 0x00, 0x00, 0x00, 0x00, 0x00, 0x00, 0x00, 0x00, 0x00, 0x00, 0x00,
  0x00, 0x00, 0x00, 0x00, 0x00, 0x00, 0x00, 0x00, 0x00, 0x00, 0x00, 0x00,
  0x00, 0x00, 0x00, 0x00, 0x00, 0x00, 0x00, 0x00, 0x00, 0x00, 0x00, 0x00,
  0x00, 0x00, 0x00, 0x00, 0x00, 0x00, 0x00, 0x00, 0x00, 0x00, 0x00, 0x00,
  0x00, 0x00, 0x00, 0x00, 0x00, 0x00, 0x00, 0x00, 0x00, 0x00, 0x00, 0x00,
  0x00, 0x00, 0x00, 0x00, 0x00, 0x00, 0x00, 0x00, 0x00, 0x00, 0x00, 0x00,
  0x00, 0x00, 0x00, 0x00, 0x00, 0x00, 0x00, 0x00, 0x00, 0x00, 0x00, 0x00,
  0x00, 0x00, 0x00, 0x00, 0x00, 0x00, 0x00, 0x00, 0x00, 0x00, 0x00, 0x00,
  0x00, 0x00, 0x00, 0x00, 0x00, 0x00, 0x00, 0x00, 0x00, 0x00, 0x00, 0x00,
  0x00, 0x00, 0x00, 0x00, 0x00, 0x00, 0x00, 0x00, 0x00, 0x00, 0x00, 0x00,
  0x00, 0x00, 0x00, 0x00, 0x00, 0x00, 0x00, 0x00, 0x00, 0x00, 0x00, 0x00,
  0x00, 0x00, 0x00, 0x00, 0x00, 0x00, 0x00, 0x00, 0x00, 0x00, 0x00, 0x00,
  0x00, 0x00, 0x00, 0x00, 0x00, 0x00, 0x00, 0x00, 0x00, 0x00, 0x00, 0x00,
  0x00, 0x00, 0x00, 0x00, 0x00, 0x00, 0x00, 0x00, 0x00, 0x00, 0x00, 0x00,
  0x00, 0x00, 0x00, 0x00, 0x00, 0x00, 0x00, 0x00, 0x00, 0x00, 0x00, 0x00,
  0x00, 0x00, 0x00, 0x00, 0x00, 0x00, 0x00, 0x00, 0x00, 0x00, 0x00, 0x00,
  0x00, 0x00, 0x00, 0x00, 0x00, 0x00, 0x00, 0x00, 0x00, 0x00, 0x00, 0x00,
  0x00, 0x00, 0x00, 0x00, 0x00, 0x00, 0x00, 0x00, 0x00, 0x00, 0x00, 0x00,
  0x00, 0x00, 0x00, 0x00, 0x00, 0x00, 0x00, 0x00, 0x00, 0x00, 0x00, 0x00,
  0x00, 0x00, 0x00, 0x00, 0x00, 0x00, 0x00, 0x00, 0x00, 0x00, 0x00, 0x00,
  0x00, 0x00, 0x00, 0x00, 0x00, 0x00, 0x00, 0x00, 0x00, 0x00, 0x00, 0x00,
  0x00, 0x00, 0x00, 0x00, 0x00, 0x00, 0x00, 0x00, 0x00, 0x00, 0x00, 0x00,
  0x00, 0x00, 0x00, 0x00, 0x00, 0x00, 0x00, 0x00, 0x00, 0x00, 0x00, 0x00,
  0x00, 0x00, 0x00, 0x00, 0x00, 0x00, 0x00, 0x00, 0x00, 0x00, 0x00, 0x00,
  0x00, 0x00, 0x00, 0x00, 0x00, 0x00, 0x00, 0x00, 0x00, 0x00, 0x00, 0x00,
  0x00, 0x00, 0x00, 0x00, 0x00, 0x00, 0x00, 0x00, 0x00, 0x00, 0x00, 0x00,
  0x00, 0x00, 0x00, 0x00, 0x00, 0x00, 0x00, 0x00, 0x00, 0x00, 0x00, 0x00,
  0x00, 0x00, 0x00, 0x00, 0x00, 0x00, 0x00, 0x00, 0x00, 0x00, 0x00, 0x00,
  0x00, 0x00, 0x00, 0x00, 0x00, 0x00, 0x00, 0x00, 0x00, 0x00, 0x00, 0x00,
  0x00, 0x00, 0x00, 0x00, 0x00, 0x00, 0x00, 0x00, 0x00, 0x00, 0x00, 0x00,
  0x00, 0x00, 0x00, 0x00, 0x00, 0x00, 0x00, 0x00, 0x00, 0x00, 0x00, 0x00,
  0x00, 0x00, 0x00, 0x00, 0x00, 0x00, 0x00, 0x00, 0x00, 0x00, 0x00, 0x00,
  0x00, 0x00, 0x00, 0x00, 0x00, 0x00, 0x00, 0x00, 0x00, 0x00, 0x00, 0x00,
  0x00, 0x00, 0x00, 0x00, 0x00, 0x00, 0x00, 0x00, 0x00, 0x00, 0x00, 0x00,
  0x00, 0x00, 0x00, 0x00, 0x00, 0x00, 0x00, 0x00, 0x00, 0x00, 0x00, 0x00,
  0x00, 0x00, 0x00, 0x00, 0x00, 0x00, 0x00, 0x00, 0x00, 0x00, 0x00, 0x00,
  0x00, 0x00, 0x00, 0x00, 0x00, 0x00, 0x00, 0x00, 0x00, 0x00, 0x00, 0x00,
  0x00, 0x00, 0x00, 0x00, 0x00, 0x00, 0x00, 0x00, 0x00, 0x00, 0x00, 0x00,
  0x00, 0x00, 0x00, 0x00, 0x00, 0x00, 0x00, 0x00, 0x00, 0x00, 0x00, 0x00,
  0x00, 0x00, 0x00, 0x00, 0x00, 0x00, 0x00, 0x00, 0x00, 0x00, 0x00, 0x00,
  0x00, 0x00, 0x00, 0x00, 0x00, 0x00, 0x00, 0x00, 0x00, 0x00, 0x00, 0x00,
  0x00, 0x00, 0x00, 0x00, 0x00, 0x00, 0x00, 0x00, 0x00, 0x00, 0x00, 0x00,
  0x00, 0x00, 0x00, 0x00, 0x00, 0x00, 0x00, 0x00, 0x00, 0x00, 0x00, 0x00,
  0x00, 0x00, 0x00, 0x00, 0x00, 0x00, 0x00, 0x00, 0x00, 0x00, 0x00, 0x00,
  0x00, 0x00, 0x00, 0x00, 0x00, 0x00, 0x00, 0x00, 0x00, 0x00, 0x00, 0x00,
  0x00, 0x00, 0x00, 0x00, 0x00, 0x00, 0x00, 0x00, 0x00, 0x00, 0x00, 0x00,
  0x00, 0x00, 0x00, 0x00, 0x00, 0x00, 0x00, 0x00, 0x00, 0x00, 0x00, 0x00,
  0x00, 0x00, 0x00, 0x00, 0x00, 0x00, 0x00, 0x00, 0x00, 0x00, 0x00, 0x00,
  0x00, 0x00, 0x00, 0x00, 0x00, 0x00, 0x00, 0x00, 0x00, 0x00, 0x00, 0x00,
  0x00, 0x00, 0x00, 0x00, 0x00, 0x00, 0x00, 0x00, 0x00, 0x00, 0x00, 0x00,
  0x00, 0x00, 0x00, 0x00, 0x00, 0x00, 0x00, 0x00, 0x00, 0x00, 0x00, 0x00,
  0x00, 0x00, 0x00, 0x00, 0x00, 0x00, 0x00, 0x00, 0x00, 0x00, 0x00, 0x00,
  0x00, 0x00, 0x00, 0x00, 0x00, 0x00, 0x00, 0x00, 0x00, 0x00, 0x00, 0x00,
  0x00, 0x00, 0x00, 0x00, 0x00, 0x00, 0x00, 0x00, 0x00, 0x00, 0x00, 0x00,
  0x00, 0x00, 0x00, 0x00, 0x00, 0x00, 0x00, 0x00, 0x00, 0x00, 0x00, 0x00,
  0x00, 0x00, 0x00, 0x00, 0x00, 0x00, 0x00, 0x00, 0x00, 0x00, 0x00, 0x00,
  0x00, 0x00, 0x00, 0x00, 0x00, 0x00, 0x00, 0x00, 0x00, 0x00, 0x00, 0x00,
  0x00, 0x00, 0x00, 0x00, 0x00, 0x00, 0x00, 0x00, 0x00, 0x00, 0x00, 0x00,
  0x00, 0x00, 0x00, 0x00, 0x00, 0x00, 0x00, 0x00, 0x00, 0x00, 0x00, 0x00,
  0x00, 0x00, 0x00, 0x00, 0x00, 0x00, 0x00, 0x00, 0x00, 0x00, 0x00, 0x00,
  0x00, 0x00, 0x00, 0x00, 0x00, 0x00, 0x00, 0x00, 0x00, 0x00, 0x00, 0x00,
  0x00, 0x00, 0x00, 0x00, 0x00, 0x00, 0x00, 0x00, 0x00, 0x00, 0x00, 0x00,
  0x00, 0x00, 0x00, 0x00, 0x00, 0x00, 0x00, 0x00, 0x00, 0x00, 0x00, 0x00,
  0x00, 0x00, 0x00, 0x00, 0x00, 0x00, 0x00, 0x00, 0x00, 0x00, 0x00, 0x00,
  0x00, 0x00, 0x00, 0x00, 0x00, 0x00, 0x00, 0x00, 0x00, 0x00, 0x00, 0x00,
  0x00, 0x00, 0x00, 0x00, 0x00, 0x00, 0x00, 0x00, 0x00, 0x00, 0x00, 0x00,
  0x00, 0x00, 0x00, 0x00, 0x00, 0x00, 0x00, 0x00, 0x00, 0x00, 0x00, 0x00,
  0x00, 0x00, 0x00, 0x00, 0x00, 0x00, 0x00, 0x00, 0x00, 0x00, 0x00, 0x00,
  0x00, 0x00, 0x00, 0x00, 0x00, 0x00, 0x00, 0x00, 0x00, 0x00, 0x00, 0x00,
  0x00, 0x00, 0x00, 0x00, 0x00, 0x00, 0x00, 0x00, 0x00, 0x00, 0x00, 0x00,
  0x00, 0x00, 0x00, 0x00, 0x00, 0x00, 0x00, 0x00, 0x00, 0x00, 0x00, 0x00,
  0x00, 0x00, 0x00, 0x00, 0x00, 0x00, 0x00, 0x00, 0x00, 0x00, 0x00, 0x00,
  0x00, 0x00, 0x00, 0x00, 0x00, 0x00, 0x00, 0x00, 0x00, 0x00, 0x00, 0x00,
  0x00, 0x00, 0x00, 0x00, 0x00, 0x00, 0x00, 0x00, 0x00, 0x00, 0x00, 0x00,
  0x00, 0x00, 0x00, 0x00, 0x00, 0x00, 0x00, 0x00, 0x00, 0x00, 0x00, 0x00,
  0x00, 0x00, 0x00, 0x00, 0x00, 0x00, 0x00, 0x00, 0x00, 0x00, 0x00, 0x00,
  0x00, 0x00, 0x00, 0x00, 0x00, 0x00, 0x00, 0x00, 0x00, 0x00, 0x00, 0x00,
  0x00, 0x00, 0x00, 0x00, 0x00, 0x00, 0x00, 0x00, 0x00, 0x00, 0x00, 0x00,
  0x00, 0x00, 0x00, 0x00, 0x00, 0x00, 0x00, 0x00, 0x00, 0x00, 0x00, 0x00,
  0x00, 0x00, 0x00, 0x00, 0x00, 0x00, 0x00, 0x00, 0x00, 0x00, 0x00, 0x00,
  0x00, 0x00, 0x00, 0x00, 0x00, 0x00, 0x00, 0x00, 0x00, 0x00, 0x00, 0x00,
  0x00, 0x00, 0x00, 0x00, 0x00, 0x00, 0x00, 0x00, 0x00, 0x00, 0x00, 0x00,
  0x00, 0x00, 0x00, 0x00, 0x00, 0x00, 0x00, 0x00, 0x00, 0x00, 0x00, 0x00,
  0x00, 0x00, 0x00, 0x00, 0x00, 0x00, 0x00, 0x00, 0x00, 0x00, 0x00, 0x00,
  0x00, 0x00, 0x00, 0x00, 0x00, 0x00, 0x00, 0x00, 0x00, 0x00, 0x00, 0x00,
  0x00, 0x00, 0x00, 0x00, 0x00, 0x00, 0x00, 0x00, 0x00, 0x00, 0x00, 0x00,
  0x00, 0x00, 0x00, 0x00, 0x00, 0x00, 0x00, 0x00, 0x00, 0x00, 0x00, 0x00,
  0x00, 0x00, 0x00, 0x00, 0x00, 0x00, 0x00, 0x00, 0x00, 0x00, 0x00, 0x00,
  0x00, 0x00, 0x00, 0x00, 0x00, 0x00, 0x00, 0x00, 0x00, 0x00, 0x00, 0x00,
  0x00, 0x00, 0x00, 0x00, 0x00, 0x00, 0x00, 0x00, 0x00, 0x00, 0x00, 0x00,
  0x00, 0x00, 0x00, 0x00, 0x00, 0x00, 0x00, 0x00, 0x00, 0x00, 0x00, 0x00,
  0x00, 0x00, 0x00, 0x00, 0x00, 0x00, 0x00, 0x00, 0x00, 0x00, 0x00, 0x00,
  0x00, 0x00, 0x00, 0x00, 0x00, 0x00, 0x00, 0x00, 0x00, 0x00, 0x00, 0x00,
  0x00, 0x00, 0x00, 0x00, 0x00, 0x00, 0x00, 0x00, 0x00, 0x00, 0x00, 0x00,
  0x00, 0x00, 0x00, 0x00, 0x00, 0x00, 0x00, 0x00, 0x00, 0x00, 0x00, 0x00,
  0x00, 0x00, 0x00, 0x00, 0x00, 0x00, 0x00, 0x00, 0x00, 0x00, 0x00, 0x00,
  0x00, 0x00, 0x00, 0x00, 0x00, 0x00, 0x00, 0x00, 0x00, 0x00, 0x00, 0x00,
  0x00, 0x00, 0x00, 0x00, 0x00, 0x00, 0x00, 0x00, 0x00, 0x00, 0x00, 0x00,
  0x00, 0x00, 0x00, 0x00, 0x00, 0x00, 0x00, 0x00, 0x00, 0x00, 0x00, 0x00,
  0x00, 0x00, 0x00, 0x00, 0x00, 0x00, 0x00, 0x00, 0x00, 0x00, 0x00, 0x00,
  0x00, 0x00, 0x00, 0x00, 0x00, 0x00, 0x00, 0x00, 0x00, 0x00, 0x00, 0x00,
  0x00, 0x00, 0x00, 0x00, 0x00, 0x00, 0x00, 0x00, 0x00, 0x00, 0x00, 0x00,
  0x00, 0x00, 0x00, 0x00, 0x00, 0x00, 0x00, 0x00, 0x00, 0x00, 0x00, 0x00,
  0x00, 0x00, 0x00, 0x00, 0x00, 0x00, 0x00, 0x00, 0x00, 0x00, 0x00, 0x00,
  0x00, 0x00, 0x00, 0x00, 0x00, 0x00, 0x00, 0x00, 0x00, 0x00, 0x00, 0x00,
  0x00, 0x00, 0x00, 0x00, 0x00, 0x00, 0x00, 0x00, 0x00, 0x00, 0x00, 0x00,
  0x00, 0x00, 0x00, 0x00, 0x00, 0x00, 0x00, 0x00, 0x00, 0x00, 0x00, 0x00,
  0x00, 0x00, 0x00, 0x00, 0x00, 0x00, 0x00, 0x00, 0x00, 0x00, 0x00, 0x00,
  0x00, 0x00, 0x00, 0x00, 0x00, 0x00, 0x00, 0x00, 0x00, 0x00, 0x00, 0x00,
  0x00, 0x00, 0x00, 0x00, 0x00, 0x00, 0x00, 0x00, 0x00, 0x00, 0x00, 0x00,
  0x00, 0x00, 0x00, 0x00, 0x00, 0x00, 0x00, 0x00, 0x00, 0x00, 0x00, 0x00,
  0x00, 0x00, 0x00, 0x00, 0x00, 0x00, 0x00, 0x00, 0x00, 0x00, 0x00, 0x00,
  0x00, 0x00, 0x00, 0x00, 0x00, 0x00, 0x00, 0x00, 0x00, 0x00, 0x00, 0x00,
  0x00, 0x00, 0x00, 0x00, 0x00, 0x00, 0x00, 0x00, 0x00, 0x00, 0x00, 0x00,
  0x00, 0x00, 0x00, 0x00, 0x00, 0x00, 0x00, 0x00, 0x00, 0x00, 0x00, 0x00,
  0x00, 0x00, 0x00, 0x00, 0x00, 0x00, 0x00, 0x00, 0x00, 0x00, 0x00, 0x00,
  0x00, 0x00, 0x00, 0x00, 0x00, 0x00, 0x00, 0x00, 0x00, 0x00, 0x00, 0x00,
  0x00, 0x00, 0x00, 0x00, 0x00, 0x00, 0x00, 0x00, 0x00, 0x00, 0x00, 0x00,
  0x00, 0x00, 0x00, 0x00, 0x00, 0x00, 0x00, 0x00, 0x00, 0x00, 0x00, 0x00,
  0x00, 0x00, 0x00, 0x00, 0x00, 0x00, 0x00, 0x00, 0x00, 0x00, 0x00, 0x00,
  0x00, 0x00, 0x00, 0x00, 0x00, 0x00, 0x00, 0x00, 0x00, 0x00, 0x00, 0x00,
  0x00, 0x00, 0x00, 0x00, 0x00, 0x00, 0x00, 0x00, 0x00, 0x00, 0x00, 0x00,
  0x00, 0x00, 0x00, 0x00, 0x00, 0x00, 0x00, 0x00, 0x00, 0x00, 0x00, 0x00,
  0x00, 0x00, 0x00, 0x00, 0x00, 0x00, 0x00, 0x00, 0x00, 0x00, 0x00, 0x00,
  0x00, 0x00, 0x00, 0x00, 0x00, 0x00, 0x00, 0x00, 0x00, 0x00, 0x00, 0x00,
  0x00, 0x00, 0x00, 0x00, 0x00, 0x00, 0x00, 0x00, 0x00, 0x00, 0x00, 0x00,
  0x00, 0x00, 0x00, 0x00, 0x00, 0x00, 0x00, 0x00, 0x00, 0x00, 0x00, 0x00,
  0x00, 0x00, 0x00, 0x00, 0x00, 0x00, 0x00, 0x00, 0x00, 0x00, 0x00, 0x00,
  0x00, 0x00, 0x00, 0x00, 0x00, 0x00, 0x00, 0x00, 0x00, 0x00, 0x00, 0x00,
  0x00, 0x00, 0x00, 0x00, 0x00, 0x00, 0x00, 0x00, 0x00, 0x00, 0x00, 0x00,
  0x00, 0x00, 0x00, 0x00, 0x00, 0x00, 0x00, 0x00, 0x00, 0x00, 0x00, 0x00,
  0x00, 0x00, 0x00, 0x00, 0x00, 0x00, 0x00, 0x00, 0x00, 0x00, 0x00, 0x00,
  0x00, 0x00, 0x00, 0x00, 0x00, 0x00, 0x00, 0x00, 0x00, 0x00, 0x00, 0x00,
  0x00, 0x00, 0x00, 0x00, 0x00, 0x00, 0x00, 0x00, 0x00, 0x00, 0x00, 0x00,
  0x00, 0x00, 0x00, 0x00, 0x00, 0x00, 0x00, 0x00, 0x00, 0x00, 0x00, 0x00,
  0x00, 0x00, 0x00, 0x00, 0x00, 0x00, 0x00, 0x00, 0x00, 0x00, 0x00, 0x00,
  0x00, 0x00, 0x00, 0x00, 0x00, 0x00, 0x00, 0x00, 0x00, 0x00, 0x00, 0x00,
  0x00, 0x00, 0x00, 0x00, 0x00, 0x00, 0x00, 0x00, 0x00, 0x00, 0x00, 0x00,
  0x00, 0x00, 0x00, 0x00, 0x00, 0x00, 0x00, 0x00, 0x00, 0x00, 0x00, 0x00,
  0x00, 0x00, 0x00, 0x00, 0x00, 0x00, 0x00, 0x00, 0x00, 0x00, 0x00, 0x00,
  0x00, 0x00, 0x00, 0x00, 0x00, 0x00, 0x00, 0x00, 0x00, 0x00, 0x00, 0x00,
  0x00, 0x00, 0x00, 0x00, 0x00, 0x00, 0x00, 0x00, 0x00, 0x00, 0x00, 0x00,
  0x00, 0x00, 0x00, 0x00, 0x00, 0x00, 0x00, 0x00, 0x00, 0x00, 0x00, 0x00,
  0x00, 0x00, 0x00, 0x00, 0x00, 0x00, 0x00, 0x00, 0x00, 0x00, 0x00, 0x00,
  0x00, 0x00, 0x00, 0x00, 0x00, 0x00, 0x00, 0x00, 0x00, 0x00, 0x00, 0x00,
  0x00, 0x00, 0x00, 0x00, 0x00, 0x00, 0x00, 0x00, 0x00, 0x00, 0x00, 0x00,
  0x00, 0x00, 0x00, 0x00, 0x00, 0x00, 0x00, 0x00, 0x00, 0x00, 0x00, 0x00,
  0x00, 0x00, 0x00, 0x00, 0x00, 0x00, 0x00, 0x00, 0x00, 0x00, 0x00, 0x00,
  0x00, 0x00, 0x00, 0x00, 0x00, 0x00, 0x00, 0x00, 0x00, 0x00, 0x00, 0x00,
  0x00, 0x00, 0x00, 0x00, 0x00, 0x00, 0x00, 0x00, 0x00, 0x00, 0x00, 0x00,
  0x00, 0x00, 0x00, 0x00, 0x00, 0x00, 0x00, 0x00, 0x00, 0x00, 0x00, 0x00,
  0x00, 0x00, 0x00, 0x00, 0x00, 0x00, 0x00, 0x00, 0x00, 0x00, 0x00, 0x00,
  0x00, 0x00, 0x00, 0x00, 0x00, 0x00, 0x00, 0x00, 0x00, 0x00, 0x00, 0x00,
  0x00, 0x00, 0x00, 0x00, 0x00, 0x00, 0x00, 0x00, 0x00, 0x00, 0x00, 0x00,
  0x00, 0x00, 0x00, 0x00, 0x00, 0x00, 0x00, 0x00, 0x00, 0x00, 0x00, 0x00,
  0x00, 0x00, 0x00, 0x00, 0x00, 0x00, 0x00, 0x00, 0x00, 0x00, 0x00, 0x00,
  0x00, 0x00, 0x00, 0x00, 0x00, 0x00, 0x00, 0x00, 0x00, 0x00, 0x00, 0x00,
  0x00, 0x00, 0x00, 0x00, 0x00, 0x00, 0x00, 0x00, 0x00, 0x00, 0x00, 0x00,
  0x00, 0x00, 0x00, 0x00, 0x00, 0x00, 0x00, 0x00, 0x00, 0x00, 0x00, 0x00,
  0x00, 0x00, 0x00, 0x00, 0x00, 0x00, 0x00, 0x00, 0x00, 0x00, 0x00, 0x00,
  0x00, 0x00, 0x00, 0x00, 0x00, 0x00, 0x00, 0x00, 0x00, 0x00, 0x00, 0x00,
  0x00, 0x00, 0x00, 0x00, 0x00, 0x00, 0x00, 0x00, 0x00, 0x00, 0x00, 0x00,
  0x00, 0x00, 0x00, 0x00, 0x00, 0x00, 0x00, 0x00, 0x00, 0x00, 0x00, 0x00,
  0x00, 0x00, 0x00, 0x00, 0x00, 0x00, 0x00, 0x00, 0x00, 0x00, 0x00, 0x00,
  0x00, 0x00, 0x00, 0x00, 0x00, 0x00, 0x00, 0x00, 0x00, 0x00, 0x00, 0x00,
  0x00, 0x00, 0x00, 0x00, 0x00, 0x00, 0x00, 0x00, 0x00, 0x00, 0x00, 0x00,
  0x00, 0x00, 0x00, 0x00, 0x00, 0x00, 0x00, 0x00, 0x00, 0x00, 0x00, 0x00,
  0x00, 0x00, 0x00, 0x00, 0x00, 0x00, 0x00, 0x00, 0x00, 0x00, 0x00, 0x00,
  0x00, 0x00, 0x00, 0x00, 0x00, 0x00, 0x00, 0x00, 0x00, 0x00, 0x00, 0x00,
  0x00, 0x00, 0x00, 0x00, 0x00, 0x00, 0x00, 0x00, 0x00, 0x00, 0x00, 0x00,
  0x00, 0x00, 0x00, 0x00, 0x00, 0x00, 0x00, 0x00, 0x00, 0x00, 0x00, 0x00,
  0x00, 0x00, 0x00, 0x00, 0x00, 0x00, 0x00, 0x00, 0x00, 0x00, 0x00, 0x00,
  0x00, 0x00, 0x00, 0x00, 0x00, 0x00, 0x00, 0x00, 0x00, 0x00, 0x00, 0x00,
  0x00, 0x00, 0x00, 0x00, 0x00, 0x00, 0x00, 0x00, 0x00, 0x00, 0x00, 0x00,
  0x00, 0x00, 0x00, 0x00, 0x00, 0x00, 0x00, 0x00, 0x00, 0x00, 0x00, 0x00,
  0x00, 0x00, 0x00, 0x00, 0x00, 0x00, 0x00, 0x00, 0x00, 0x00, 0x00, 0x00,
  0x00, 0x00, 0x00, 0x00, 0x00, 0x00, 0x00, 0x00, 0x00, 0x00, 0x00, 0x00,
  0x00, 0x00, 0x00, 0x00, 0x00, 0x00, 0x00, 0x00, 0x00, 0x00, 0x00, 0x00,
  0x00, 0x00, 0x00, 0x00, 0x00, 0x00, 0x00, 0x00, 0x00, 0x00, 0x00, 0x00,
  0x00, 0x00, 0x00, 0x00, 0x00, 0x00, 0x00, 0x00, 0x00, 0x00, 0x00, 0x00,
  0x00, 0x00, 0x00, 0x00, 0x00, 0x00, 0x00, 0x00, 0x00, 0x00, 0x00, 0x00,
  0x00, 0x00, 0x00, 0x00, 0x00, 0x00, 0x00, 0x00, 0x00, 0x00, 0x00, 0x00,
  0x00, 0x00, 0x00, 0x00, 0x00, 0x00, 0x00, 0x00, 0x00, 0x00, 0x00, 0x00,
  0x00, 0x00, 0x00, 0x00, 0x00, 0x00, 0x00, 0x00, 0x00, 0x00, 0x00, 0x00,
  0x00, 0x00, 0x00, 0x00, 0x00, 0x00, 0x00, 0x00, 0x00, 0x00, 0x00, 0x00,
  0x00, 0x00, 0x00, 0x00, 0x00, 0x00, 0x00, 0x00, 0x00, 0x00, 0x00, 0x00,
  0x00, 0x00, 0x00, 0x00, 0x00, 0x00, 0x00, 0x00, 0x00, 0x00, 0x00, 0x00,
  0x00, 0x00, 0x00, 0x00, 0x00, 0x00, 0x00, 0x00, 0x00, 0x00, 0x00, 0x00,
  0x00, 0x00, 0x00, 0x00, 0x00, 0x00, 0x00, 0x00, 0x00, 0x00, 0x00, 0x00,
  0x00, 0x00, 0x00, 0x00, 0x00, 0x00, 0x00, 0x00, 0x00, 0x00, 0x00, 0x00,
  0x00, 0x00, 0x00, 0x00, 0x00, 0x00, 0x00, 0x00, 0x00, 0x00, 0x00, 0x00,
  0x00, 0x00, 0x00, 0x00, 0x00, 0x00, 0x00, 0x00, 0x00, 0x00, 0x00, 0x00,
  0x00, 0x00, 0x00, 0x00, 0x00, 0x00, 0x00, 0x00, 0x00, 0x00, 0x00, 0x00,
  0x00, 0x00, 0x00, 0x00, 0x00, 0x00, 0x00, 0x00, 0x00, 0x00, 0x00, 0x00,
  0x00, 0x00, 0x00, 0x00, 0x00, 0x00, 0x00, 0x00, 0x00, 0x00, 0x00, 0x00,
  0x00, 0x00, 0x00, 0x00, 0x00, 0x00, 0x00, 0x00, 0x00, 0x00, 0x00, 0x00,
  0x00, 0x00, 0x00, 0x00, 0x00, 0x00, 0x00, 0x00, 0x00, 0x00, 0x00, 0x00,
  0x00, 0x00, 0x00, 0x00, 0x00, 0x00, 0x00, 0x00, 0x00, 0x00, 0x00, 0x00,
  0x00, 0x00, 0x00, 0x00, 0x00, 0x00, 0x00, 0x00, 0x00, 0x00, 0x00, 0x00,
  0x00, 0x00, 0x00, 0x00, 0x00, 0x00, 0x00, 0x00, 0x00, 0x00, 0x00, 0x00,
  0x00, 0x00, 0x00, 0x00, 0x00, 0x00, 0x00, 0x00, 0x00, 0x00, 0x00, 0x00,
  0x00, 0x00, 0x00, 0x00, 0x00, 0x00, 0x00, 0x00, 0x00, 0x00, 0x00, 0x00,
  0x00, 0x00, 0x00, 0x00, 0x00, 0x00, 0x00, 0x00, 0x00, 0x00, 0x00, 0x00,
  0x00, 0x00, 0x00, 0x00, 0x00, 0x00, 0x00, 0x00, 0x00, 0x00, 0x00, 0x00,
  0x00, 0x00, 0x00, 0x00, 0x00, 0x00, 0x00, 0x00, 0x00, 0x00, 0x00, 0x00,
  0x00, 0x00, 0x00, 0x00, 0x00, 0x00, 0x00, 0x00, 0x00, 0x00, 0x00, 0x00,
  0x00, 0x00, 0x00, 0x00, 0x00, 0x00, 0x00, 0x00, 0x00, 0x00, 0x00, 0x00,
  0x00, 0x00, 0x00, 0x00, 0x00, 0x00, 0x00, 0x00, 0x00, 0x00, 0x00, 0x00,
  0x00, 0x00, 0x00, 0x00, 0x00, 0x00, 0x00, 0x00, 0x00, 0x00, 0x00, 0x00,
  0x00, 0x00, 0x00, 0x00, 0x00, 0x00, 0x00, 0x00, 0x00, 0x00, 0x00, 0x00,
  0x00, 0x00, 0x00, 0x00, 0x00, 0x00, 0x00, 0x00, 0x00, 0x00, 0x00, 0x00,
  0x00, 0x00, 0x00, 0x00, 0x00, 0x00, 0x00, 0x00, 0x00, 0x00, 0x00, 0x00,
  0x00, 0x00, 0x00, 0x00, 0x00, 0x00, 0x00, 0x00, 0x00, 0x00, 0x00, 0x00,
  0x00, 0x00, 0x00, 0x00, 0x00, 0x00, 0x00, 0x00, 0x00, 0x00, 0x00, 0x00,
  0x00, 0x00, 0x00, 0x00, 0x00, 0x00, 0x00, 0x00, 0x00, 0x00, 0x00, 0x00,
  0x00, 0x00, 0x00, 0x00, 0x00, 0x00, 0x00, 0x00, 0x00, 0x00, 0x00, 0x00,
  0x00, 0x00, 0x00, 0x00, 0x00, 0x00, 0x00, 0x00, 0x00, 0x00, 0x00, 0x00,
  0x00, 0x00, 0x00, 0x00, 0x00, 0x00, 0x00, 0x00, 0x00, 0x00, 0x00, 0x00,
  0x00, 0x00, 0x00, 0x00, 0x00, 0x00, 0x00, 0x00, 0x00, 0x00, 0x00, 0x00,
  0x00, 0x00, 0x00, 0x00, 0x00, 0x00, 0x00, 0x00, 0x00, 0x00, 0x00, 0x00,
  0x00, 0x00, 0x00, 0x00, 0x00, 0x00, 0x00, 0x00, 0x00, 0x00, 0x00, 0x00,
  0x00, 0x00, 0x00, 0x00, 0x00, 0x00, 0x00, 0x00, 0x00, 0x00, 0x00, 0x00,
  0x00, 0x00, 0x00, 0x00, 0x00, 0x00, 0x00, 0x00, 0x00, 0x00, 0x00, 0x00,
  0x00, 0x00, 0x00, 0x00, 0x00, 0x00, 0x00, 0x00, 0x00, 0x00, 0x00, 0x00,
  0x00, 0x00, 0x00, 0x00, 0x00, 0x00, 0x00, 0x00, 0x00, 0x00, 0x00, 0x00,
  0x00, 0x00, 0x00, 0x00, 0x00, 0x00, 0x00, 0x00, 0x00, 0x00, 0x00, 0x00,
  0x00, 0x00, 0x00, 0x00, 0x00, 0x00, 0x00, 0x00, 0x00, 0x00, 0x00, 0x00,
  0x00, 0x00, 0x00, 0x00, 0x00, 0x00, 0x00, 0x00, 0x00, 0x00, 0x00, 0x00,
  0x00, 0x00, 0x00, 0x00, 0x00, 0x00, 0x00, 0x00, 0x00, 0x00, 0x00, 0x00,
  0x00, 0x00, 0x00, 0x00, 0x00, 0x00, 0x00, 0x00, 0x00, 0x00, 0x00, 0x00,
  0x00, 0x00, 0x00, 0x00, 0x00, 0x00, 0x00, 0x00, 0x00, 0x00, 0x00, 0x00,
  0x00, 0x00, 0x00, 0x00, 0x00, 0x00, 0x00, 0x00, 0x00, 0x00, 0x00, 0x00,
  0x00, 0x00, 0x00, 0x00, 0x00, 0x00, 0x00, 0x00, 0x00, 0x00, 0x00, 0x00,
  0x00, 0x00, 0x00, 0x00, 0x00, 0x00, 0x00, 0x00, 0x00, 0x00, 0x00, 0x00,
  0x00, 0x00, 0x00, 0x00, 0x00, 0x00, 0x00, 0x00, 0x00, 0x00, 0x00, 0x00,
  0x00, 0x00, 0x00, 0x00, 0x00, 0x00, 0x00, 0x00, 0x00, 0x00, 0x00, 0x00,
  0x00, 0x00, 0x00, 0x00, 0x00, 0x00, 0x00, 0x00, 0x00, 0x00, 0x00, 0x00,
  0x00, 0x00, 0x00, 0x00, 0x00, 0x00, 0x00, 0x00, 0x00, 0x00, 0x00, 0x00,
  0x00, 0x00, 0x00, 0x00, 0x00, 0x00, 0x00, 0x00, 0x00, 0x00, 0x00, 0x00,
  0x00, 0x00, 0x00, 0x00, 0x00, 0x00, 0x00, 0x00, 0x00, 0x00, 0x00, 0x00,
  0x00, 0x00, 0x00, 0x00, 0x00, 0x00, 0x00, 0x00, 0x00, 0x00, 0x00, 0x00,
  0x00, 0x00, 0x00, 0x00, 0x00, 0x00, 0x00, 0x00, 0x00, 0x00, 0x00, 0x00,
  0x00, 0x00, 0x00, 0x00, 0x00, 0x00, 0x00, 0x00, 0x00, 0x00, 0x00, 0x00,
  0x00, 0x00, 0x00, 0x00, 0x00, 0x00, 0x00, 0x00, 0x00, 0x00, 0x00, 0x00,
  0x00, 0x00, 0x00, 0x00, 0x00, 0x00, 0x00, 0x00, 0x00, 0x00, 0x00, 0x00,
  0x00, 0x00, 0x00, 0x00, 0x00, 0x00, 0x00, 0x00, 0x00, 0x00, 0x00, 0x00,
  0x00, 0x00, 0x00, 0x00, 0x00, 0x00, 0x00, 0x00, 0x00, 0x00, 0x00, 0x00,
  0x00, 0x00, 0x00, 0x00, 0x00, 0x00, 0x00, 0x00, 0x00, 0x00, 0x00, 0x00,
  0x00, 0x00, 0x00, 0x00, 0x00, 0x00, 0x00, 0x00, 0x00, 0x00, 0x00, 0x00,
  0x00, 0x00, 0x00, 0x00, 0x00, 0x00, 0x00, 0x00, 0x00, 0x00, 0x00, 0x00,
  0x00, 0x00, 0x00, 0x00, 0x00, 0x00, 0x00, 0x00, 0x00, 0x00, 0x00, 0x00,
  0x00, 0x00, 0x00, 0x00, 0x00, 0x00, 0x00, 0x00, 0x00, 0x00, 0x00, 0x00,
  0x00, 0x00, 0x00, 0x00, 0x00, 0x00, 0x00, 0x00, 0x00, 0x00, 0x00, 0x00,
  0x00, 0x00, 0x00, 0x00, 0x00, 0x00, 0x00, 0x00, 0x00, 0x00, 0x00, 0x00,
  0x00, 0x00, 0x00, 0x00, 0x00, 0x00, 0x00, 0x00, 0x00, 0x00, 0x00, 0x00,
  0x00, 0x00, 0x00, 0x00, 0x00, 0x00, 0x00, 0x00, 0x00, 0x00, 0x00, 0x00,
  0x00, 0x00, 0x00, 0x00, 0x00, 0x00, 0x00, 0x00, 0x00, 0x00, 0x00, 0x00,
  0x00, 0x00, 0x00, 0x00, 0x00, 0x00, 0x00, 0x00, 0x00, 0x00, 0x00, 0x00,
  0x00, 0x00, 0x00, 0x00, 0x00, 0x00, 0x00, 0x00, 0x00, 0x00, 0x00, 0x00,
  0x00, 0x00, 0x00, 0x00, 0x00, 0x00, 0x00, 0x00, 0x00, 0x00, 0x00, 0x00,
  0x00, 0x00, 0x00, 0x00, 0x00, 0x00, 0x00, 0x00, 0x00, 0x00, 0x00, 0x00,
  0x00, 0x00, 0x00, 0x00, 0x00, 0x00, 0x00, 0x00, 0x00, 0x00, 0x00, 0x00,
  0x00, 0x00, 0x00, 0x00, 0x00, 0x00, 0x00, 0x00, 0x00, 0x00, 0x00, 0x00,
  0x00, 0x00, 0x00, 0x00, 0x00, 0x00, 0x00, 0x00, 0x00, 0x00, 0x00, 0x00,
  0x00, 0x00, 0x00, 0x00, 0x00, 0x00, 0x00, 0x00, 0x00, 0x00, 0x00, 0x00,
  0x00, 0x00, 0x00, 0x00, 0x00, 0x00, 0x00, 0x00, 0x00, 0x00, 0x00, 0x00,
  0x00, 0x00, 0x00, 0x00, 0x00, 0x00, 0x00, 0x00, 0x00, 0x00, 0x00, 0x00,
  0x00, 0x00, 0x00, 0x00, 0x00, 0x00, 0x00, 0x00, 0x00, 0x00, 0x00, 0x00,
  0x00, 0x00, 0x00, 0x00, 0x00, 0x00, 0x00, 0x00, 0x00, 0x00, 0x00, 0x00,
  0x00, 0x00, 0x00, 0x00, 0x00, 0x00, 0x00, 0x00, 0x00, 0x00, 0x00, 0x00,
  0x00, 0x00, 0x00, 0x00, 0x00, 0x00, 0x00, 0x00, 0x00, 0x00, 0x00, 0x00,
  0x00, 0x00, 0x00, 0x00, 0x00, 0x00, 0x00, 0x00, 0x00, 0x00, 0x00, 0x00,
  0x00, 0x00, 0x00, 0x00, 0x00, 0x00, 0x00, 0x00, 0x00, 0x00, 0x00, 0x00,
  0x00, 0x00, 0x00, 0x00, 0x00, 0x00, 0x00, 0x00, 0x00, 0x00, 0x00, 0x00,
  0x00, 0x00, 0x00, 0x00, 0x00, 0x00, 0x00, 0x00, 0x00, 0x00, 0x00, 0x00,
  0x00, 0x00, 0x00, 0x00, 0x00, 0x00, 0x00, 0x00, 0x00, 0x00, 0x00, 0x00,
  0x00, 0x00, 0x00, 0x00, 0x00, 0x00, 0x00, 0x00, 0x00, 0x00, 0x00, 0x00,
  0x00, 0x00, 0x00, 0x00, 0x00, 0x00, 0x00, 0x00, 0x00, 0x00, 0x00, 0x00,
  0x00, 0x00, 0x00, 0x00, 0x00, 0x00, 0x00, 0x00, 0x00, 0x00, 0x00, 0x00,
  0x00, 0x00, 0x00, 0x00, 0x00, 0x00, 0x00, 0x00, 0x00, 0x00, 0x00, 0x00,
  0x00, 0x00, 0x00, 0x00, 0x00, 0x00, 0x00, 0x00, 0x00, 0x00, 0x00, 0x00,
  0x00, 0x00, 0x00, 0x00, 0x00, 0x00, 0x00, 0x00, 0x00, 0x00, 0x00, 0x00,
  0x00, 0x00, 0x00, 0x00, 0x00, 0x00, 0x00, 0x00, 0x00, 0x00, 0x00, 0x00,
  0x00, 0x00, 0x00, 0x00, 0x00, 0x00, 0x00, 0x00, 0x00, 0x00, 0x00, 0x00,
  0x00, 0x00, 0x00, 0x00, 0x00, 0x00, 0x00, 0x00, 0x00, 0x00, 0x00, 0x00,
  0x00, 0x00, 0x00, 0x00, 0x00, 0x00, 0x00, 0x00, 0x00, 0x00, 0x00, 0x00,
  0x00, 0x00, 0x00, 0x00, 0x00, 0x00, 0x00, 0x00, 0x00, 0x00, 0x00, 0x00,
  0x00, 0x00, 0x00, 0x00, 0x00, 0x00, 0x00, 0x00, 0x00, 0x00, 0x00, 0x00,
  0x00, 0x00, 0x00, 0x00, 0x00, 0x00, 0x00, 0x00, 0x00, 0x00, 0x00, 0x00,
  0x00, 0x00, 0x00, 0x00, 0x00, 0x00, 0x00, 0x00, 0x00, 0x00, 0x00, 0x00,
  0x00, 0x00, 0x00, 0x00, 0x00, 0x00, 0x00, 0x00, 0x00, 0x00, 0x00, 0x00,
  0x00, 0x00, 0x00, 0x00, 0x00, 0x00, 0x00, 0x00, 0x00, 0x00, 0x00, 0x00,
  0x00, 0x00, 0x00, 0x00, 0x00, 0x00, 0x00, 0x00, 0x00, 0x00, 0x00, 0x00,
  0x00, 0x00, 0x00, 0x00, 0x00, 0x00, 0x00, 0x00, 0x00, 0x00, 0x00, 0x00,
  0x00, 0x00, 0x00, 0x00, 0x00, 0x00, 0x00, 0x00, 0x00, 0x00, 0x00, 0x00,
  0x00, 0x00, 0x00, 0x00, 0x00, 0x00, 0x00, 0x00, 0x00, 0x00, 0x00, 0x00,
  0x00, 0x00, 0x00, 0x00, 0x00, 0x00, 0x00, 0x00, 0x00, 0x00, 0x00, 0x00,
  0x00, 0x00, 0x00, 0x00, 0x00, 0x00, 0x00, 0x00, 0x00, 0x00, 0x00, 0x00,
  0x00, 0x00, 0x00, 0x00, 0x00, 0x00, 0x00, 0x00, 0x00, 0x00, 0x00, 0x00,
  0x00, 0x00, 0x00, 0x00, 0x00, 0x00, 0x00, 0x00, 0x00, 0x00, 0x00, 0x00,
  0x00, 0x00, 0x00, 0x00, 0x00, 0x00, 0x00, 0x00, 0x00, 0x00, 0x00, 0x00,
  0x00, 0x00, 0x00, 0x00, 0x00, 0x00, 0x00, 0x00, 0x00, 0x00, 0x00, 0x00,
  0x00, 0x00, 0x00, 0x00, 0x00, 0x00, 0x00, 0x00, 0x00, 0x00, 0x00, 0x00,
  0x00, 0x00, 0x00, 0x00, 0x00, 0x00, 0x00, 0x00, 0x00, 0x00, 0x00, 0x00,
  0x00, 0x00, 0x00, 0x00, 0x00, 0x00, 0x00, 0x00, 0x00, 0x00, 0x00, 0x00,
  0x00, 0x00, 0x00, 0x00, 0x00, 0x00, 0x00, 0x00, 0x00, 0x00, 0x00, 0x00,
  0x00, 0x00, 0x00, 0x00, 0x00, 0x00, 0x00, 0x00, 0x00, 0x00, 0x00, 0x00,
  0x00, 0x00, 0x00, 0x00, 0x00, 0x00, 0x00, 0x00, 0x00, 0x00, 0x00, 0x00,
  0x00, 0x00, 0x00, 0x00, 0x00, 0x00, 0x00, 0x00, 0x00, 0x00, 0x00, 0x00,
  0x00, 0x00, 0x00, 0x00, 0x00, 0x00, 0x00, 0x00, 0x00, 0x00, 0x00, 0x00,
  0x00, 0x00, 0x00, 0x00, 0x00, 0x00, 0x00, 0x00, 0x00, 0x00, 0x00, 0x00,
  0x00, 0x00, 0x00, 0x00, 0x00, 0x00, 0x00, 0x00, 0x00, 0x00, 0x00, 0x00,
  0x00, 0x00, 0x00, 0x00, 0x00, 0x00, 0x00, 0x00, 0x00, 0x00, 0x00, 0x00,
  0x00, 0x00, 0x00, 0x00, 0x00, 0x00, 0x00, 0x00, 0x00, 0x00, 0x00, 0x00,
  0x00, 0x00, 0x00, 0x00, 0x00, 0x00, 0x00, 0x00, 0x00, 0x00, 0x00, 0x00,
  0x00, 0x00, 0x00, 0x00, 0x00, 0x00, 0x00, 0x00, 0x00, 0x00, 0x00, 0x00,
  0x00, 0x00, 0x00, 0x00, 0x00, 0x00, 0x00, 0x00, 0x00, 0x00, 0x00, 0x00,
  0x00, 0x00, 0x00, 0x00, 0x00, 0x00, 0x00, 0x00, 0x00, 0x00, 0x00, 0x00,
  0x00, 0x00, 0x00, 0x00, 0x00, 0x00, 0x00, 0x00, 0x00, 0x00, 0x00, 0x00,
  0x00, 0x00, 0x00, 0x00, 0x00, 0x00, 0x00, 0x00, 0x00, 0x00, 0x00, 0x00,
  0x00, 0x00, 0x00, 0x00, 0x00, 0x00, 0x00, 0x00, 0x00, 0x00, 0x00, 0x00,
  0x00, 0x00, 0x00, 0x00, 0x00, 0x00, 0x00, 0x00, 0x00, 0x00, 0x00, 0x00,
  0x00, 0x00, 0x00, 0x00, 0x00, 0x00, 0x00, 0x00, 0x00, 0x00, 0x00, 0x00,
  0x00, 0x00, 0x00, 0x00, 0x00, 0x00, 0x00, 0x00, 0x00, 0x00, 0x00, 0x00,
  0x00, 0x00, 0x00, 0x00, 0x00, 0x00, 0x00, 0x00, 0x00, 0x00, 0x00, 0x00,
  0x00, 0x00, 0x00, 0x00, 0x00, 0x00, 0x00, 0x00, 0x00, 0x00, 0x00, 0x00,
  0x00, 0x00, 0x00, 0x00, 0x00, 0x00, 0x00, 0x00, 0x00, 0x00, 0x00, 0x00,
  0x00, 0x00, 0x00, 0x00, 0x00, 0x00, 0x00, 0x00, 0x00, 0x00, 0x00, 0x00,
  0x00, 0x00, 0x00, 0x00, 0x00, 0x00, 0x00, 0x00, 0x00, 0x00, 0x00, 0x00,
  0x00, 0x00, 0x00, 0x00, 0x00, 0x00, 0x00, 0x00, 0x00, 0x00, 0x00, 0x00,
  0x00, 0x00, 0x00, 0x00, 0x00, 0x00, 0x00, 0x00, 0x00, 0x00, 0x00, 0x00,
  0x00, 0x00, 0x00, 0x00, 0x00, 0x00, 0x00, 0x00, 0x00, 0x00, 0x00, 0x00,
  0x00, 0x00, 0x00, 0x00, 0x00, 0x00, 0x00, 0x00, 0x00, 0x00, 0x00, 0x00,
  0x00, 0x00, 0x00, 0x00, 0x00, 0x00, 0x00, 0x00, 0x00, 0x00, 0x00, 0x00,
  0x00, 0x00, 0x00, 0x00, 0x00, 0x00, 0x00, 0x00, 0x00, 0x00, 0x00, 0x00,
  0x00, 0x00, 0x00, 0x00, 0x00, 0x00, 0x00, 0x00, 0x00, 0x00, 0x00, 0x00,
  0x00, 0x00, 0x00, 0x00, 0x00, 0x00, 0x00, 0x00, 0x00, 0x00, 0x00, 0x00,
  0x00, 0x00, 0x00, 0x00, 0x00, 0x00, 0x00, 0x00, 0x00, 0x00, 0x00, 0x00,
  0x00, 0x00, 0x00, 0x00, 0x00, 0x00, 0x00, 0x00, 0x00, 0x00, 0x00, 0x00,
  0x00, 0x00, 0x00, 0x00, 0x00, 0x00, 0x00, 0x00, 0x00, 0x00, 0x00, 0x00,
  0x00, 0x00, 0x00, 0x00, 0x00, 0x00, 0x00, 0x00, 0x00, 0x00, 0x00, 0x00,
  0x00, 0x00, 0x00, 0x00, 0x00, 0x00, 0x00, 0x00, 0x00, 0x00, 0x00, 0x00,
  0x00, 0x00, 0x00, 0x00, 0x00, 0x00, 0x00, 0x00, 0x00, 0x00, 0x00, 0x00,
  0x00, 0x00, 0x00, 0x00, 0x00, 0x00, 0x00, 0x00, 0x00, 0x00, 0x00, 0x00,
  0x00, 0x00, 0x00, 0x00, 0x00, 0x00, 0x00, 0x00, 0x00, 0x00, 0x00, 0x00,
  0x00, 0x00, 0x00, 0x00, 0x00, 0x00, 0x00, 0x00, 0x00, 0x00, 0x00, 0x00,
  0x00, 0x00, 0x00, 0x00, 0x00, 0x00, 0x00, 0x00, 0x00, 0x00, 0x00, 0x00,
  0x00, 0x00, 0x00, 0x00, 0x00, 0x00, 0x00, 0x00, 0x00, 0x00, 0x00, 0x00,
  0x00, 0x00, 0x00, 0x00, 0x00, 0x00, 0x00, 0x00, 0x00, 0x00, 0x00, 0x00,
  0x00, 0x00, 0x00, 0x00, 0x00, 0x00, 0x00, 0x00, 0x00, 0x00, 0x00, 0x00,
  0x00, 0x00, 0x00, 0x00, 0x00, 0x00, 0x00, 0x00, 0x00, 0x00, 0x00, 0x00,
  0x00, 0x00, 0x00, 0x00, 0x00, 0x00, 0x00, 0x00, 0x00, 0x00, 0x00, 0x00,
  0x00, 0x00, 0x00, 0x00, 0x00, 0x00, 0x00, 0x00, 0x00, 0x00, 0x00, 0x00,
  0x00, 0x00, 0x00, 0x00, 0x00, 0x00, 0x00, 0x00, 0x00, 0x00, 0x00, 0x00,
  0x00, 0x00, 0x00, 0x00, 0x00, 0x00, 0x00, 0x00, 0x00, 0x00, 0x00, 0x00,
  0x00, 0x00, 0x00, 0x00, 0x00, 0x00, 0x00, 0x00, 0x00, 0x00, 0x00, 0x00,
  0x00, 0x00, 0x00, 0x00, 0x00, 0x00, 0x00, 0x00, 0x00, 0x00, 0x00, 0x00,
  0x00, 0x00, 0x00, 0x00, 0x00, 0x00, 0x00, 0x00, 0x00, 0x00, 0x00, 0x00,
  0x00, 0x00, 0x00, 0x00, 0x00, 0x00, 0x00, 0x00, 0x00, 0x00, 0x00, 0x00,
  0x00, 0x00, 0x00, 0x00, 0x00, 0x00, 0x00, 0x00, 0x00, 0x00, 0x00, 0x00,
  0x00, 0x00, 0x00, 0x00, 0x00, 0x00, 0x00, 0x00, 0x00, 0x00, 0x00, 0x00,
  0x00, 0x00, 0x00, 0x00, 0x00, 0x00, 0x00, 0x00, 0x00, 0x00, 0x00, 0x00,
  0x00, 0x00, 0x00, 0x00, 0x00, 0x00, 0x00, 0x00, 0x00, 0x00, 0x00, 0x00,
  0x00, 0x00, 0x00, 0x00, 0x00, 0x00, 0x00, 0x00, 0x00, 0x00, 0x00, 0x00,
  0x00, 0x00, 0x00, 0x00, 0x00, 0x00, 0x00, 0x00, 0x00, 0x00, 0x00, 0x00,
  0x00, 0x00, 0x00, 0x00, 0x00, 0x00, 0x00, 0x00, 0x00, 0x00, 0x00, 0x00,
  0x00, 0x00, 0x00, 0x00, 0x00, 0x00, 0x00, 0x00, 0x00, 0x00, 0x00, 0x00,
  0x00, 0x00, 0x00, 0x00, 0x00, 0x00, 0x00, 0x00, 0x00, 0x00, 0x00, 0x00,
  0x00, 0x00, 0x00, 0x00, 0x00, 0x00, 0x00, 0x00, 0x00, 0x00, 0x00, 0x00,
  0x00, 0x00, 0x00, 0x00, 0x00, 0x00, 0x00, 0x00, 0x00, 0x00, 0x00, 0x00,
  0x00, 0x00, 0x00, 0x00, 0x00, 0x00, 0x00, 0x00, 0x00, 0x00, 0x00, 0x00,
  0x00, 0x00, 0x00, 0x00, 0x00, 0x00, 0x00, 0x00, 0x00, 0x00, 0x00, 0x00,
  0x00, 0x00, 0x00, 0x00, 0x00, 0x00, 0x00, 0x00, 0x00, 0x00, 0x00, 0x00,
  0x00, 0x00, 0x00, 0x00, 0x00, 0x00, 0x00, 0x00, 0x00, 0x00, 0x00, 0x00,
  0x00, 0x00, 0x00, 0x00, 0x00, 0x00, 0x00, 0x00, 0x00, 0x00, 0x00, 0x00,
  0x00, 0x00, 0x00, 0x00, 0x00, 0x00, 0x00, 0x00, 0x00, 0x00, 0x00, 0x00,
  0x00, 0x00, 0x00, 0x00, 0x00, 0x00, 0x00, 0x00, 0x00, 0x00, 0x00, 0x00,
  0x00, 0x00, 0x00, 0x00, 0x00, 0x00, 0x00, 0x00, 0x00, 0x00, 0x00, 0x00,
  0x00, 0x00, 0x00, 0x00, 0x00, 0x00, 0x00, 0x00, 0x00, 0x00, 0x00, 0x00,
  0x00, 0x00, 0x00, 0x00, 0x00, 0x00, 0x00, 0x00, 0x00, 0x00, 0x00, 0x00,
  0x00, 0x00, 0x00, 0x00, 0x00, 0x00, 0x00, 0x00, 0x00, 0x00, 0x00, 0x00,
  0x00, 0x00, 0x00, 0x00, 0x00, 0x00, 0x00, 0x00, 0x00, 0x00, 0x00, 0x00,
  0x00, 0x00, 0x00, 0x00, 0x00, 0x00, 0x00, 0x00, 0x00, 0x00, 0x00, 0x00,
  0x00, 0x00, 0x00, 0x00, 0x00, 0x00, 0x00, 0x00, 0x00, 0x00, 0x00, 0x00,
  0x00, 0x00, 0x00, 0x00, 0x00, 0x00, 0x00, 0x00, 0x00, 0x00, 0x00, 0x00,
  0x00, 0x00, 0x00, 0x00, 0x00, 0x00, 0x00, 0x00, 0x00, 0x00, 0x00, 0x00,
  0x00, 0x00, 0x00, 0x00, 0x00, 0x00, 0x00, 0x00, 0x00, 0x00, 0x00, 0x00,
  0x00, 0x00, 0x00, 0x00, 0x00, 0x00, 0x00, 0x00, 0x00, 0x00, 0x00, 0x00,
  0x00, 0x00, 0x00, 0x00, 0x00, 0x00, 0x00, 0x00, 0x00, 0x00, 0x00, 0x00,
  0x00, 0x00, 0x00, 0x00, 0x00, 0x00, 0x00, 0x00, 0x00, 0x00, 0x00, 0x00,
  0x00, 0x00, 0x00, 0x00, 0x00, 0x00, 0x00, 0x00, 0x00, 0x00, 0x00, 0x00,
  0x00, 0x00, 0x00, 0x00, 0x21, 0x00, 0x38, 0x01, 0x20, 0x00, 0x3d, 0xfa,
  0x0d, 0x9c, 0x09, 0x18, 0xf9, 0xeb, 0xc3, 0x5c, 0x00, 0x21, 0x00, 0x1b,
  0x01, 0x04, 0x00, 0x3d, 0xfa, 0x1e, 0x9c, 0x09, 0x18, 0xf9, 0xeb, 0xc3,
  0x5c, 0x00, 0x21, 0x20, 0x00, 0x18, 0x03, 0x21, 0x08, 0x00, 0x22, 0x00,
  0xc0, 0x21, 0x00, 0x00, 0x01, 0x08, 0x00, 0x3d, 0xfa, 0x3a, 0x9c, 0x09,
  0x18, 0xf9, 0x3e, 0x06, 0xf5, 0xeb, 0xe5, 0xd5, 0xed, 0x4b, 0x00, 0xc0,
  0xcd, 0x5c, 0x00, 0xe1, 0xd1, 0x01, 0x00, 0x08, 0x09, 0xf1, 0x3d, 0xc8,
  0xfe, 0x03, 0x20, 0xe8, 0x09, 0xeb, 0xed, 0x4b, 0x00, 0xc0, 0x09, 0xeb,
  0x18, 0xde, 0x08, 0x3e, 0x04, 0x18, 0x03, 0x08, 0x3e, 0x01, 0x32, 0x00,
  0xc0, 0x08, 0x21, 0x00, 0x18, 0x01, 0x20, 0x00, 0x15, 0xfa, 0x77, 0x9c,
  0x09, 0x18, 0xf9, 0x14, 0x19, 0x4f, 0x3a, 0x00, 0xc0, 0x47, 0x79, 0xcd,
  0x4d, 0x00, 0x05, 0xc8, 0x23, 0x0c, 0x3e, 0x02, 0xb8, 0x20, 0xf3, 0x11,
  0x1e, 0x00, 0x19, 0x18, 0xed, 0x46, 0x23, 0x7e, 0x23, 0x5e, 0xcd, 0x93,
  0x00, 0x10, 0xf7, 0xc9, 0xaf, 0xcd, 0xd5, 0x00, 0xa7, 0xc0, 0x3c, 0xcd,
  0xd5, 0x00, 0xa7, 0xc0, 0x3e, 0x02, 0xc3, 0xd5, 0x00, 0xaf, 0xcd, 0xd8,
  0x00, 0xa7, 0xc0, 0x3c, 0xcd, 0xd8, 0x00, 0xa7, 0xc0, 0x3e, 0x02, 0xc3,
  0xd8, 0x00, 0x3e, 0x02, 0xc3, 0x5f, 0x00, 0x21, 0x04, 0xc0, 0x7b, 0x86,
  0x27, 0x77, 0x2b, 0x7a, 0x8e, 0x27, 0x77, 0x2b, 0x3e, 0x00, 0x8e, 0x27,
  0x77, 0xc9, 0x21, 0x05, 0xc0, 0x01, 0x02, 0xc0, 0x0a, 0xbe, 0xd8, 0x20,
  0x0e, 0x23, 0x03, 0x0a, 0xbe, 0xd8, 0x20, 0x09, 0x23, 0x03, 0x0a, 0xbe,
  0xd8, 0x18, 0x05, 0x23, 0x03, 0x23, 0x03, 0x0a, 0x77, 0x0b, 0x2b, 0x0a,
  0x77, 0x0b, 0x2b, 0x0a, 0x77, 0x18, 0x03, 0x21, 0x02, 0xc0, 0xcd, 0x08,
  0x9d, 0xcd, 0x08, 0x9d, 0xe5, 0xd5, 0xaf, 0xed, 0x6f, 0xf5, 0xcd, 0x63,
  0x9c, 0xf1, 0xd1, 0xe1, 0xe5, 0x1c, 0xd5, 0xed, 0x6f, 0xf5, 0xcd, 0x63,
  0x9c, 0xf1, 0xd1, 0xe1, 0xed, 0x6f, 0x23, 0x1c, 0xc9, 0xc5, 0xd5, 0xe5,
  0x7e, 0xcd, 0x63, 0x9c, 0xe1, 0xd1, 0xc1, 0x23, 0x1c, 0x10, 0xf2, 0xc9,
  0x3e, 0xff, 0x21, 0x00, 0x18, 0x01, 0x00, 0x03, 0xcd, 0x56, 0x00, 0xaf,
  0x21, 0xf8, 0x07, 0x01, 0x08, 0x00, 0xcd, 0x56, 0x00, 0xaf, 0x21, 0xf8,
  0x0f, 0x01, 0x08, 0x00, 0xcd, 0x56, 0x00, 0xaf, 0x21, 0xf8, 0x17, 0x01,
  0x08, 0x00, 0xcd, 0x56, 0x00, 0x21, 0x8f, 0x9d, 0x11, 0x00, 0x00, 0x01,
  0x88, 0x01, 0xcd, 0x5c, 0x00, 0x21, 0x8f, 0x9d, 0x11, 0x00, 0x08, 0x01,
  0x88, 0x01, 0xcd, 0x5c, 0x00, 0x21, 0x8f, 0x9d, 0x11, 0x00, 0x10, 0x01,
  0x88, 0x01, 0xc3, 0x5c, 0x00, 0x32, 0xe9, 0xf3, 0x78, 0x32, 0xea, 0xf3,
  0x79, 0x32, 0xeb, 0xf3, 0xc3, 0x62, 0x00, 0x3c, 0x42, 0x46, 0x5a, 0x62,
  0x42, 0x3c, 0x00, 0x08, 0x18, 0x28, 0x08, 0x08, 0x08, 0x3e, 0x00, 0x3c,
  0x42, 0x02, 0x1c, 0x20, 0x40, 0x7e, 0x00, 0x3c, 0x42, 0x02, 0x0c, 0x02,
  0x42, 0x3c, 0x00, 0x04, 0x0c, 0x14, 0x24, 0x7e, 0x04, 0x04, 0x00, 0x7e,
  0x40, 0x7c, 0x02, 0x02, 0x42, 0x3c, 0x00, 0x1c, 0x20, 0x40, 0x7c, 0x42,
  0x42, 0x3c, 0x00, 0x7f, 0x42, 0x04, 0x08, 0x10, 0x10, 0x10, 0x00, 0x3c,
  0x42, 0x42, 0x3c, 0x42, 0x42, 0x3c, 0x00, 0x3c, 0x42, 0x42, 0x3e, 0x02,
  0x04, 0x38, 0x00, 0x18, 0x24, 0x42, 0x7e, 0x42, 0x42, 0x42, 0x00, 0x7c,
  0x22, 0x22, 0x3c, 0x22, 0x22, 0x7c, 0x00, 0x1c, 0x22, 0x40, 0x40, 0x40,
  0x22, 0x1c, 0x00, 0x78, 0x24, 0x22, 0x22, 0x22, 0x24, 0x78, 0x00, 0x7e,
  0x40, 0x40, 0x78, 0x40, 0x40, 0x7e, 0x00, 0x7e, 0x40, 0x40, 0x78, 0x40,
  0x40, 0x40, 0x00, 0x1c, 0x22, 0x40, 0x40, 0x4e, 0x22, 0x1c, 0x00, 0x42,
  0x42, 0x42, 0x7e, 0x42, 0x42, 0x42, 0x00, 0x1c, 0x08, 0x08, 0x08, 0x08,
  0x08, 0x1c, 0x00, 0x0e, 0x04, 0x04, 0x04, 0x04, 0x44, 0x38, 0x00, 0x42,
  0x44, 0x48, 0x70, 0x48, 0x44, 0x42, 0x00, 0x40, 0x40, 0x40, 0x40, 0x40,
  0x40, 0x7e, 0x00, 0x42, 0x66, 0x5a, 0x5a, 0x42, 0x42, 0x42, 0x00, 0x42,
  0x62, 0x52, 0x4a, 0x46, 0x42, 0x42, 0x00, 0x3c, 0x42, 0x42, 0x42, 0x42,
  0x42, 0x3c, 0x00, 0x7c, 0x42, 0x42, 0x7c, 0x40, 0x40, 0x40, 0x00, 0x3c,
  0x42, 0x42, 0x42, 0x4a, 0x44, 0x3a, 0x00, 0x7c, 0x42, 0x42, 0x7c, 0x48,
  0x44, 0x42, 0x00, 0x3c, 0x42, 0x40, 0x3c, 0x02, 0x42, 0x3c, 0x00, 0x3e,
  0x08, 0x08, 0x08, 0x08, 0x08, 0x08, 0x00, 0x42, 0x42, 0x42, 0x42, 0x42,
  0x42, 0x3c, 0x00, 0x42, 0x42, 0x42, 0x24, 0x24, 0x18, 0x18, 0x00, 0x42,
  0x42, 0x42, 0x5a, 0x5a, 0x66, 0x42, 0x00, 0x42, 0x42, 0x24, 0x18, 0x24,
  0x42, 0x42, 0x00, 0x22, 0x22, 0x22, 0x1c, 0x08, 0x08, 0x08, 0x00, 0x7e,
  0x02, 0x04, 0x18, 0x20, 0x40, 0x7e, 0x00, 0x30, 0x48, 0x48, 0x30, 0x4a,
  0x44, 0x3a, 0x00, 0x00, 0x00, 0x00, 0x00, 0x08, 0x08, 0x10, 0x00, 0x00,
  0x00, 0x00, 0x00, 0x00, 0x18, 0x18, 0x00, 0x00, 0x00, 0x00, 0x7e, 0x00,
  0x00, 0x00, 0x00, 0x04, 0x08, 0x10, 0x10, 0x10, 0x08, 0x04, 0x00, 0x7c,
  0x28, 0x28, 0x28, 0x28, 0x28, 0x7c, 0x00, 0x40, 0x40, 0x5c, 0x62, 0x42,
  0x62, 0x5c, 0x00, 0x00, 0x00, 0x42, 0x42, 0x46, 0x3a, 0x02, 0x3c, 0x70,
  0x78, 0x7e, 0x78, 0x70, 0x40, 0x40, 0x40, 0x08, 0x08, 0x08, 0x08, 0xf8,
  0x00, 0x00, 0x00, 0x00, 0x00, 0x00, 0x00, 0xf8, 0x08, 0x08, 0x08, 0x00,
  0x00, 0x00, 0x00, 0x0f, 0x08, 0x08, 0x08, 0x3c, 0x42, 0x99, 0xa1, 0xa1,
  0x99, 0x42, 0x3c, 0x21, 0x08, 0xc0, 0xed, 0x5f, 0x47, 0x3a, 0x9e, 0xfc,
  0x4f, 0x0a, 0x89, 0x80, 0x8e, 0x77, 0xc9, 0x3a, 0xd1, 0x00, 0xff, 0x00,
  0xff, 0x00, 0xff, 0x00, 0xff, 0x00, 0xff, 0x00, 0xff, 0x00, 0xff, 0x00,
  0xff, 0x00, 0xff, 0x00, 0xff, 0x00, 0xff, 0x00, 0xff, 0x00, 0xff, 0x00,
  0xff, 0x00, 0xff, 0x00, 0xff, 0x00, 0xff, 0x00, 0xff, 0x00, 0xff, 0x00,
  0xff, 0x00, 0xff, 0x00, 0xff, 0x00, 0xff, 0x00, 0xff, 0x00, 0xff, 0x00,
  0xff, 0x00, 0xff, 0x00, 0xff, 0x00, 0xff, 0x00, 0xff, 0x00, 0xff, 0x00,
  0xff, 0x00, 0xff, 0x00, 0xff, 0x00, 0xff, 0x00, 0xff, 0x00, 0xff, 0x00,
  0xff, 0x00, 0xff, 0x00, 0xff, 0x00, 0xff, 0x00, 0xff, 0x00, 0xff, 0x00,
  0x8b, 0xef, 0x00, 0xff, 0x00, 0x9f, 0x00, 0xff, 0x00, 0xff, 0x00, 0xff,
  0x00, 0xdf, 0x00, 0xff, 0x00, 0xff, 0x00, 0xff, 0x00, 0xff, 0x00, 0xff,
  0x00, 0xff, 0x00, 0xff, 0x00, 0xdf, 0x00, 0xff, 0x00, 0xff, 0x00, 0xff,
  0x00, 0xff, 0x00, 0xff, 0x00, 0xff, 0x00, 0xff, 0x00, 0xff, 0x00, 0xff,
  0x00, 0xff, 0x00, 0xff, 0x00, 0xff, 0x00, 0xff, 0x00, 0xff, 0x00, 0xff,
  0x00, 0xdf, 0x00, 0xff, 0x00, 0xff, 0x00, 0xff, 0x00, 0xff, 0x00, 0xff,
  0x00, 0xff, 0x00, 0xff, 0x00, 0xff, 0x00, 0xff, 0x00, 0xff, 0x00, 0xff,
  0x00, 0xff, 0x00, 0xff, 0x00, 0xff, 0x00, 0xff, 0x00, 0xff, 0x00, 0xff,
  0x00, 0xff, 0x00, 0xff, 0x00, 0xff, 0x00, 0xff, 0x00, 0xff, 0x00, 0xff,
  0x00, 0xff, 0x00, 0xff, 0x00, 0xff, 0x00, 0xff, 0x00, 0xff, 0x00, 0xff,
  0x00, 0xff, 0x00, 0xff, 0x00, 0xff, 0x00, 0xff, 0xcd, 0xbe, 0x9c, 0x01,
  0x00, 0x00, 0xed, 0x43, 0x1e, 0xc1, 0xed, 0x43, 0x00, 0xd0, 0xcd, 0xf0,
  0xac, 0x01, 0x01, 0xe2, 0xcd, 0x47, 0x00, 0xcd, 0xf0, 0xac, 0xcd, 0x0c,
  0xa3, 0xcd, 0xf0, 0xac, 0xcd, 0x34, 0x9d, 0xcd, 0xf0, 0xac, 0xcd, 0x90,
  0x00, 0x3e, 0x40, 0x11, 0x04, 0xb0, 0xcd, 0x27, 0x9c, 0x21, 0x58, 0xad,
  0x11, 0x03, 0xd0, 0x01, 0x1e, 0x00, 0xed, 0xb0, 0xaf, 0x67, 0x6f, 0x22,
  0x05, 0xc0, 0x32, 0x07, 0xc0, 0x22, 0x02, 0xc0, 0x32, 0x04, 0xc0, 0xcd,
  0x0f, 0xa2, 0xcd, 0xf0, 0xac, 0xaf, 0x32, 0xc2, 0xc0, 0xcd, 0x1c, 0xb0,
  0x01, 0x00, 0x04, 0xed, 0x43, 0x1e, 0xc1, 0x21, 0x02, 0xc0, 0xaf, 0x77,
  0x23, 0x77, 0x23, 0x77, 0x3e, 0x03, 0x32, 0xff, 0xc0, 0x3e, 0x01, 0x32,
  0xc2, 0xc0, 0x32, 0x00, 0xc4, 0xaf, 0x32, 0x60, 0xc1, 0x32, 0x62, 0xc1,
  0x21, 0xd1, 0x78, 0x22, 0x0a, 0xc0, 0x3e, 0x0f, 0x32, 0x0d, 0xc0, 0xaf,
  0x32, 0x0c, 0xc0, 0x11, 0x0a, 0xc0, 0xcd, 0x11, 0x9c, 0xcd, 0x04, 0xa2,
  0xcd, 0x8e, 0xac, 0x3a, 0xff, 0xc0, 0x21, 0x2e, 0x18, 0xcd, 0x4d, 0x00,
  0x11, 0x07, 0x01, 0xcd, 0xff, 0x9c, 0x21, 0x05, 0xc0, 0x11, 0x19, 0x01,
  0xcd, 0x02, 0x9d, 0xcd, 0x28, 0xa3, 0xcd, 0x81, 0xa4, 0xcd, 0x84, 0xa5,
  0xcd, 0xae, 0xa5, 0xcd, 0x7a, 0xb1, 0xcd, 0xd8, 0xa1, 0x3e, 0xb0, 0x32,
  0x0a, 0xc0, 0x3a, 0x00, 0xc4, 0x32, 0xc0, 0xc0, 0xaf, 0x11, 0x0a, 0xc0,
  0xcd, 0x11, 0x9c, 0xcd, 0x9c, 0x9c, 0x2a, 0x0a, 0xc0, 0xcd, 0xa7, 0xa2,
  0x22, 0x0a, 0xc0, 0xcd, 0xf0, 0xac, 0xcd, 0xad, 0x9c, 0xa7, 0xc4, 0x36,
  0xa4, 0xcd, 0xf2, 0xa3, 0x3a, 0x00, 0xc4, 0x4f, 0x06, 0x00, 0x3e, 0x40,
  0x21, 0xe2, 0x1a, 0xcd, 0x56, 0x00, 0x11, 0x07, 0x01, 0xcd, 0xff, 0x9c,
  0x11, 0x19, 0x01, 0xcd, 0xd6, 0x9c, 0xcd, 0x5c, 0xa4, 0xcd, 0x56, 0xa6,
  0xcd, 0xa6, 0xa4, 0xcd, 0xa9, 0xb1, 0xcd, 0xaf, 0xac, 0xcd, 0x34, 0xa7,
  0xcd, 0x3b, 0xb2, 0xcd, 0xaa, 0xa7, 0xcd, 0xea, 0xa7, 0xcd, 0x29, 0xa8,
  0x3a, 0x60, 0xc1, 0xa7, 0xc2, 0x52, 0xa1, 0x3a, 0x62, 0xc1, 0xfe, 0x1e,
  0xda, 0xcc, 0xa0, 0x2a, 0x1e, 0xc1, 0x11, 0x80, 0x00, 0xa7, 0xed, 0x52,
  0x22, 0x1e, 0xc1, 0x3a, 0xc2, 0xc0, 0x3c, 0xfe, 0x06, 0xd2, 0x52, 0xa1,
  0x32, 0xc2, 0xc0, 0xaf, 0x32, 0x62, 0xc1, 0xc3, 0xcc, 0xa0, 0x01, 0x00,
  0x04, 0xed, 0x43, 0x1e, 0xc1, 0x3e, 0x01, 0x32, 0x60, 0xc1, 0x01, 0x00,
  0x05, 0x21, 0xc9, 0xc0, 0x11, 0x08, 0x00, 0x7e, 0xfe, 0xd1, 0xc2, 0x6e,
  0xa1, 0x0c, 0x19, 0x10, 0xf6, 0x3e, 0x05, 0xb9, 0xc2, 0xcc, 0xa0, 0xcd,
  0x7f, 0xab, 0xcd, 0x8e, 0xa9, 0xcd, 0xbd, 0xa9, 0x11, 0x0a, 0xc0, 0xaf,
  0xcd, 0x11, 0x9c, 0xcd, 0x9c, 0x9c, 0x2a, 0x0a, 0xc0, 0xcd, 0xa7, 0xa2,
  0x22, 0x0a, 0xc0, 0xcd, 0xf0, 0xac, 0xcd, 0xad, 0x9c, 0xa7, 0xc4, 0x36,
  0xa4, 0xcd, 0xf2, 0xa3, 0x3a, 0x00, 0xc4, 0x4f, 0x06, 0x00, 0x3e, 0x40,
  0x21, 0xe2, 0x1a, 0xcd, 0x56, 0x00, 0x11, 0x07, 0x01, 0xcd, 0xff, 0x9c,
  0x11, 0x19, 0x01, 0xcd, 0xd6, 0x9c, 0xcd, 0x5c, 0xa4, 0xcd, 0x43, 0xaa,
  0xcd, 0xa9, 0xab, 0xcd, 0xa9, 0xb1, 0xcd, 0xaf, 0xac, 0xcd, 0x1a, 0xab,
  0xcd, 0x3b, 0xb2, 0xcd, 0x69, 0xa8, 0xcd, 0x29, 0xa8, 0xc3, 0x80, 0xa1,
  0x21, 0xff, 0xa1, 0x11, 0x0d, 0x0c, 0x06, 0x05, 0xcd, 0x25, 0x9d, 0x3e,
  0x05, 0xf5, 0x01, 0x00, 0x00, 0x0b, 0x78, 0xb1, 0xc2, 0xe9, 0xa1, 0xf1,
  0x3d, 0xc2, 0xe5, 0xa1, 0x11, 0x0d, 0x0c, 0x06, 0x05, 0x21, 0x05, 0xb1,
  0xc3, 0x25, 0x9d, 0x1b, 0x0e, 0x0a, 0x0d, 0x22, 0x3e, 0xff, 0x21, 0x00,
  0x18, 0x01, 0x00, 0x03, 0xc3, 0x56, 0x00, 0xaf, 0x11, 0xa4, 0xad, 0xcd,
  0x00, 0x9c, 0x3e, 0x01, 0x11, 0xc4, 0xad, 0xcd, 0x00, 0x9c, 0x3e, 0x02,
  0x11, 0x24, 0xae, 0xcd, 0x00, 0x9c, 0x3e, 0x03, 0x11, 0x44, 0xae, 0xcd,
  0x00, 0x9c, 0x3e, 0x04, 0x11, 0x64, 0xae, 0xcd, 0x00, 0x9c, 0x3e, 0x05,
  0x11, 0x84, 0xae, 0xcd, 0x00, 0x9c, 0x3e, 0x06, 0x11, 0xa4, 0xae, 0xcd,
  0x00, 0x9c, 0x3e, 0x07, 0x11, 0xe4, 0xad, 0xcd, 0x00, 0x9c, 0x3e, 0x08,
  0x11, 0x04, 0xae, 0xcd, 0x00, 0x9c, 0x3e, 0x09, 0x11, 0xc4, 0xae, 0xcd,
  0x00, 0x9c, 0x3e, 0x0a, 0x11, 0xe4, 0xae, 0xcd, 0x00, 0x9c, 0x3e, 0x0b,
  0x11, 0x04, 0xaf, 0xcd, 0x00, 0x9c, 0x3e, 0x0c, 0x11, 0x24, 0xaf, 0xcd,
  0x00, 0x9c, 0x3e, 0x0d, 0x11, 0x44, 0xaf, 0xcd, 0x00, 0x9c, 0x3e, 0x0e,
  0x11, 0x64, 0xaf, 0xcd, 0x00, 0x9c, 0x3e, 0x0f, 0x11, 0x84, 0xaf, 0xcd,
  0x00, 0x9c, 0x3e, 0x10, 0x11, 0xa4, 0xaf, 0xcd, 0x00, 0x9c, 0x3e, 0x11,
  0x11, 0xc4, 0xaf, 0xcd, 0x00, 0x9c, 0x3e, 0x12, 0x11, 0xe4, 0xaf, 0xcd,
  0x00, 0x9c, 0xc9, 0x3d, 0xf8, 0xc2, 0xb1, 0xa2, 0x2d, 0x2d, 0xc3, 0xbc,
  0xa2, 0x3d, 0xc2, 0xc2, 0xa2, 0x24, 0x24, 0xcd, 0xc8, 0xa2, 0x2d, 0x2d,
  0x3e, 0x10, 0xbd, 0xd8, 0x6f, 0xc9, 0x3d, 0xc2, 0xce, 0xa2, 0x24, 0x24,
  0x3e, 0xed, 0xbc, 0xd0, 0x67, 0xc9, 0x3d, 0xc2, 0xdc, 0xa2, 0x24, 0x24,
  0xcd, 0xc8, 0xa2, 0x2c, 0x2c, 0xc3, 0xe2, 0xa2, 0x3d, 0xc2, 0xe8, 0xa2,
  0x2c, 0x2c, 0x3e, 0xb2, 0xbd, 0xd0, 0x6f, 0xc9, 0x3d, 0xc2, 0xf6, 0xa2,
  0x2c, 0x2c, 0xcd, 0xe2, 0xa2, 0x25, 0x25, 0xc3, 0xfc, 0xa2, 0x3d, 0xc2,
  0x02, 0xa3, 0x25, 0x25, 0x3e, 0x08, 0xbc, 0xd8, 0x67, 0xc9, 0x2d, 0x2d,
  0xcd, 0xbc, 0xa2, 0x25, 0x25, 0xc3, 0xfc, 0xa2, 0x3e, 0x0f, 0x06, 0x01,
  0x0e, 0x01, 0xcd, 0x81, 0x9d, 0x3e, 0x02, 0x32, 0xaf, 0xfc, 0xcd, 0x69,
  0x00, 0x3e, 0xf0, 0x21, 0x00, 0x20, 0x01, 0x00, 0x18, 0xc3, 0x56, 0x00,
  0x3e, 0x31, 0xf5, 0xcd, 0xa8, 0xa3, 0x1e, 0x01, 0xcd, 0xb3, 0xa3, 0xcd,
  0xe6, 0xa3, 0xf1, 0x3c, 0xf5, 0x11, 0x10, 0xc0, 0xcd, 0x27, 0x9c, 0x3e,
  0x02, 0xcd, 0xd0, 0xa3, 0xcd, 0xe6, 0xa3, 0xf1, 0xfe, 0x35, 0xc2, 0x37,
  0xa3, 0xf5, 0xcd, 0xa8, 0xa3, 0x1e, 0x00, 0xcd, 0xb3, 0xa3, 0xcd, 0xe6,
  0xa3, 0xf1, 0x3c, 0xf5, 0x11, 0x10, 0xc0, 0xcd, 0x27, 0x9c, 0x3e, 0x01,
  0xcd, 0xd0, 0xa3, 0xcd, 0xe6, 0xa3, 0xf1, 0xfe, 0x3d, 0xc2, 0x5a, 0xa3,
  0x21, 0x20, 0xc0, 0x11, 0x03, 0x32, 0xcd, 0x7f, 0xa3, 0x21, 0x40, 0xc0,
  0x11, 0x07, 0x36, 0x06, 0x0a, 0xc5, 0xe5, 0xcd, 0x17, 0x9f, 0xe1, 0xa3,
  0x82, 0x77, 0x23, 0xe5, 0xcd, 0x17, 0x9f, 0xe1, 0xe6, 0x1f, 0x77, 0x23,
  0xe5, 0xcd, 0x17, 0x9f, 0xe1, 0xe6, 0x1f, 0xd6, 0x0a, 0xda, 0x99, 0xa3,
  0xc6, 0x02, 0x77, 0x23, 0xc1, 0x10, 0xda, 0xc9, 0x06, 0x08, 0x21, 0x10,
  0xc0, 0xaf, 0x77, 0x23, 0x10, 0xfc, 0xc9, 0xcd, 0x17, 0x9f, 0xe6, 0x07,
  0xca, 0xb3, 0xa3, 0x47, 0xaf, 0x37, 0x1f, 0x10, 0xfd, 0x57, 0xcd, 0x17,
  0x9f, 0xa3, 0x4f, 0x7a, 0x06, 0x00, 0x21, 0x10, 0xc0, 0x09, 0x77, 0xc9,
  0xf5, 0x21, 0x17, 0xc0, 0x11, 0x18, 0xc0, 0x01, 0x08, 0x00, 0xed, 0xb8,
  0x3a, 0x18, 0xc0, 0x12, 0xf1, 0x3d, 0xc2, 0xd0, 0xa3, 0xc9, 0x21, 0x18,
  0xc0, 0x3e, 0xf0, 0x06, 0x08, 0x77, 0x23, 0x10, 0xfc, 0xc9, 0x21, 0x20,
  0xc0, 0x11, 0x36, 0x32, 0xcd, 0x01, 0xa4, 0x21, 0x40, 0xc0, 0x11, 0x3e,
  0x36, 0x06, 0x0a, 0xc5, 0xd5, 0x7e, 0x3c, 0xbb, 0xda, 0x0c, 0xa4, 0x7a,
  0x77, 0x4f, 0x23, 0x5e, 0x23, 0xda, 0x29, 0xa4, 0x56, 0x34, 0xd5, 0xe5,
  0xc5, 0x3e, 0xff, 0xcd, 0x63, 0x9c, 0xc1, 0xe1, 0xd1, 0x3e, 0x18, 0xbe,
  0xc2, 0x29, 0xa4, 0x36, 0x02, 0x56, 0x23, 0xe5, 0x79, 0xcd, 0x63, 0x9c,
  0xe1, 0xd1, 0xc1, 0x10, 0xce, 0xc9, 0x3a, 0x01, 0xd0, 0xa7, 0xc0, 0x21,
  0x60, 0xc0, 0x11, 0x04, 0x00, 0x3e, 0xd1, 0x06, 0x05, 0xbe, 0xca, 0x4d,
  0xa4, 0x19, 0x10, 0xf9, 0xc9, 0xed, 0x5b, 0x0a, 0xc0, 0x73, 0x23, 0x14,
  0x14, 0x72, 0x3e, 0x05, 0x32, 0x01, 0xd0, 0xc9, 0x21, 0x60, 0xc0, 0x06,
  0x05, 0x7e, 0xfe, 0xd1, 0xca, 0x7a, 0xa4, 0xd6, 0x08, 0xd2, 0x6e, 0xa4,
  0x3e, 0xd1, 0x77, 0xe5, 0xc5, 0x3e, 0x20, 0x90, 0xeb, 0xcd, 0x11, 0x9c,
  0xc1, 0xe1, 0x11, 0x04, 0x00, 0x19, 0x10, 0xe1, 0xc9, 0x21, 0x60, 0xc0,
  0x06, 0x05, 0x36, 0xd1, 0x23, 0x23, 0x36, 0x04, 0x23, 0x36, 0x0f, 0x23,
  0xc5, 0xd5, 0xe5, 0x3e, 0x20, 0x90, 0x11, 0x04, 0x00, 0xa7, 0xed, 0x52,
  0xeb, 0xcd, 0x11, 0x9c, 0xe1, 0xd1, 0xc1, 0x10, 0xe1, 0xc9, 0x3a, 0xc0,
  0xc0, 0xa7, 0xc8, 0xfd, 0x21, 0x00, 0xc1, 0xf5, 0xfd, 0x7e, 0x00, 0xfe,
  0xd1, 0xca, 0x09, 0xa5, 0xfd, 0x86, 0x04, 0xfe, 0xd1, 0xda, 0xc2, 0xa4,
  0x3e, 0xd1, 0xfd, 0x77, 0x00, 0xfd, 0x7e, 0x05, 0xa7, 0xfa, 0xd2, 0xa4,
  0xfd, 0x86, 0x01, 0xc3, 0xd9, 0xa4, 0x2f, 0x3c, 0x57, 0xfd, 0x7e, 0x01,
  0x92, 0xfd, 0x77, 0x01, 0xd2, 0xe3, 0xa4, 0xfd, 0x36, 0x00, 0xd1, 0xfd,
  0xe5, 0xd1, 0x3e, 0x1c, 0xfd, 0xbe, 0x02, 0xc2, 0xf0, 0xa4, 0xc6, 0x04,
  0xfd, 0x77, 0x02, 0xc1, 0xc5, 0xd5, 0x3e, 0x08, 0x90, 0xcd, 0x11, 0x9c,
  0xfd, 0xe1, 0xf1, 0x3d, 0xc8, 0x11, 0x06, 0x00, 0xfd, 0x19, 0xc3, 0xaf,
  0xa4, 0xc1, 0xc5, 0x3e, 0x06, 0x90, 0x47, 0x21, 0xc0, 0xc0, 0x11, 0x08,
  0x00, 0x19, 0x10, 0xfd, 0x7e, 0xa7, 0xc2, 0xfe, 0xa4, 0x23, 0x7e, 0xc6,
  0x08, 0x5f, 0xfd, 0x73, 0x00, 0x23, 0x7e, 0xc6, 0x08, 0x57, 0xfd, 0x72,
  0x01, 0x2a, 0x0a, 0xc0, 0x7b, 0x95, 0xd2, 0x37, 0xa5, 0x2f, 0x3c, 0xf5,
  0x6f, 0x7a, 0x94, 0xd2, 0x40, 0xa5, 0x2f, 0x3c, 0xf5, 0xbd, 0xda, 0x55,
  0xa5, 0xcb, 0x3f, 0xbd, 0xda, 0x50, 0xa5, 0x1e, 0x00, 0xc3, 0x62, 0xa5,
  0x1e, 0x02, 0xc3, 0x62, 0xa5, 0xcb, 0x3d, 0xbd, 0xda, 0x60, 0xa5, 0x1e,
  0x04, 0xc3, 0x62, 0xa5, 0x1e, 0x06, 0x21, 0x14, 0xb0, 0x16, 0x00, 0x19,
  0x5e, 0x23, 0x56, 0xf1, 0xda, 0x73, 0xa5, 0x7a, 0x2f, 0x3c, 0x57, 0xf1,
  0xda, 0x7b, 0xa5, 0x7b, 0x2f, 0x3c, 0x5f, 0xfd, 0x73, 0x04, 0xfd, 0x72,
  0x05, 0xc3, 0xfe, 0xa4, 0xfd, 0x21, 0x00, 0xc1, 0x3e, 0x05, 0x11, 0x06,
  0x00, 0xfd, 0x36, 0x00, 0xd1, 0xfd, 0x36, 0x02, 0x1c, 0xfd, 0x36, 0x03,
  0x0e, 0xf5, 0xd5, 0xfd, 0xe5, 0xd1, 0x47, 0x3e, 0x08, 0x90, 0xcd, 0x11,
  0x9c, 0xd1, 0xf1, 0x3d, 0xc8, 0xfd, 0x19, 0xc3, 0x8d, 0xa5, 0x06, 0x05,
  0xfd, 0x21, 0xc8, 0xc0, 0xfd, 0x36, 0x00, 0x0b, 0xfd, 0x36, 0x01, 0xd1,
  0xaf, 0xfd, 0x77, 0x02, 0xfd, 0x77, 0x03, 0xfd, 0x77, 0x04, 0xfd, 0xe5,
  0xd1, 0x13, 0xc5, 0x3e, 0x15, 0x90, 0xd5, 0xcd, 0x11, 0x9c, 0xfd, 0xe1,
  0xc1, 0x11, 0x07, 0x00, 0xfd, 0x19, 0x10, 0xd8, 0xc9, 0x3e, 0xd1, 0xfd,
  0xbe, 0x01, 0xca, 0xeb, 0xa5, 0xfd, 0x77, 0x01, 0xc3, 0x79, 0xa6, 0xcd,
  0x17, 0x9f, 0xa7, 0xfa, 0x79, 0xa6, 0x3a, 0xc1, 0xc0, 0x3d, 0xca, 0xff,
  0xa5, 0x32, 0xc1, 0xc0, 0xc3, 0x79, 0xa6, 0x3e, 0x0f, 0x32, 0xc1, 0xc0,
  0x3a, 0x60, 0xc1, 0xa7, 0xc2, 0x79, 0xa6, 0xcd, 0x17, 0x9f, 0xe6, 0xef,
  0xfd, 0x77, 0x02, 0xcd, 0x17, 0x9f, 0xe6, 0x0f, 0xfe, 0x02, 0xda, 0x89,
  0xa6, 0xfd, 0x36, 0x00, 0x00, 0xfd, 0x36, 0x01, 0xf4, 0xfd, 0x77, 0x04,
  0xc1, 0xc5, 0x3a, 0xc2, 0xc0, 0x47, 0xcb, 0x20, 0xcb, 0x20, 0x3e, 0x38,
  0x90, 0xfd, 0x77, 0x03, 0xcd, 0x17, 0x9f, 0xa7, 0xfa, 0x46, 0xa6, 0xfd,
  0x36, 0x07, 0x01, 0xc3, 0x4a, 0xa6, 0xfd, 0x36, 0x07, 0xff, 0xe6, 0x03,
  0x3c, 0xfd, 0x77, 0x06, 0xfd, 0x77, 0x05, 0xc3, 0x89, 0xa6, 0x3e, 0x05,
  0xfd, 0x21, 0xc8, 0xc0, 0xf5, 0xfd, 0x7e, 0x00, 0xa7, 0xca, 0x94, 0xa6,
  0xfe, 0x0b, 0xd2, 0xdd, 0xa5, 0xfd, 0x34, 0x00, 0xcb, 0x3f, 0x87, 0x87,
  0xc6, 0x04, 0xfd, 0x77, 0x03, 0xfd, 0x36, 0x04, 0x08, 0xfd, 0xe5, 0xd1,
  0x13, 0xc1, 0xc5, 0x3e, 0x15, 0x90, 0xfd, 0xe5, 0xcd, 0x11, 0x9c, 0xfd,
  0xe1, 0x11, 0x08, 0x00, 0xfd, 0x19, 0xf1, 0x3d, 0xc8, 0xc3, 0x5c, 0xa6,
  0xfd, 0x34, 0x01, 0xfd, 0x34, 0x01, 0x3e, 0xd1, 0xfd, 0xbe, 0x01, 0xca,
  0x29, 0xa7, 0xfd, 0x35, 0x05, 0xc2, 0x79, 0xa6, 0xfd, 0x7e, 0x07, 0xa7,
  0xfa, 0xec, 0xa6, 0x3d, 0xc2, 0xd5, 0xa6, 0xfd, 0x34, 0x02, 0xfd, 0x7e,
  0x02, 0xfe, 0xf8, 0xd2, 0x29, 0xa7, 0xfd, 0x7e, 0x06, 0x3c, 0xfe, 0x0c,
  0xda, 0xcc, 0xa6, 0xfd, 0x34, 0x07, 0x3e, 0x0b, 0xfd, 0x77, 0x06, 0xfd,
  0x77, 0x05, 0xc3, 0x79, 0xa6, 0xfd, 0x35, 0x02, 0xca, 0x29, 0xa7, 0xfd,
  0x7e, 0x06, 0x3d, 0xc2, 0xe3, 0xa6, 0x3c, 0xfd, 0x77, 0x05, 0xfd, 0x77,
  0x06, 0xc3, 0x79, 0xa6, 0x3c, 0xc2, 0x0d, 0xa7, 0xfd, 0x35, 0x02, 0xca,
  0x29, 0xa7, 0xfd, 0x7e, 0x06, 0x3c, 0xfe, 0x0c, 0xda, 0x04, 0xa7, 0xfd,
  0x35, 0x07, 0x3e, 0x0b, 0xfd, 0x77, 0x06, 0xfd, 0x77, 0x05, 0xc3, 0x79,
  0xa6, 0xfd, 0x34, 0x02, 0xfd, 0x7e, 0x02, 0xfe, 0xf8, 0xd2, 0x29, 0xa7,
  0xfd, 0x7e, 0x06, 0x3d, 0xc2, 0x20, 0xa7, 0x3c, 0xfd, 0x77, 0x06, 0xfd,
  0x77, 0x05, 0xc3, 0x79, 0xa6, 0xfd, 0x36, 0x00, 0x0b, 0xfd, 0x36, 0x01,
  0xd1, 0xc3, 0x79, 0xa6, 0xfd, 0x21, 0xc8, 0xc0, 0x3e, 0x05, 0xf5, 0xfd,
  0x7e, 0x00, 0xa7, 0xc2, 0x9f, 0xa7, 0x21, 0x60, 0xc0, 0x3e, 0x05, 0xf5,
  0x7e, 0x23, 0xfe, 0xd1, 0xca, 0x97, 0xa7, 0xc6, 0x03, 0xfd, 0x96, 0x01,
  0xda, 0x97, 0xa7, 0xfe, 0x13, 0xd2, 0x97, 0xa7, 0x7e, 0xc6, 0x06, 0xfd,
  0x96, 0x02, 0xda, 0x97, 0xa7, 0xfe, 0x16, 0xd2, 0x97, 0xa7, 0x2b, 0x36,
  0xd1, 0xc1, 0x3e, 0x20, 0x90, 0xeb, 0xd5, 0xcd, 0x11, 0x9c, 0xe1, 0xfd,
  0x34, 0x00, 0x3e, 0x06, 0x32, 0x00, 0xd0, 0x11, 0x50, 0x00, 0x3a, 0xc2,
  0xc0, 0x47, 0x3e, 0x50, 0x83, 0x27, 0xd2, 0x8e, 0xa7, 0x14, 0x5f, 0x10,
  0xf5, 0xcd, 0xc3, 0x9c, 0xc3, 0x9f, 0xa7, 0xf1, 0x23, 0x23, 0x23, 0x3d,
  0xc2, 0x47, 0xa7, 0xf1, 0x3d, 0xc8, 0x11, 0x08, 0x00, 0xfd, 0x19, 0xc3,
  0x3a, 0xa7, 0x3e, 0x05, 0xfd, 0x21, 0xc8, 0xc0, 0x2a, 0x0a, 0xc0, 0x11,
  0x09, 0x05, 0x19, 0xf5, 0xfd, 0x7e, 0x00, 0xa7, 0xc2, 0xdf, 0xa7, 0xfd,
  0x7e, 0x01, 0xc6, 0x07, 0x95, 0xd2, 0xca, 0xa7, 0xed, 0x44, 0xfe, 0x0c,
  0xd2, 0xdf, 0xa7, 0xfd, 0x7e, 0x02, 0xc6, 0x07, 0x94, 0xd2, 0xda, 0xa7,
  0xed, 0x44, 0xfe, 0x0c, 0xda, 0xe8, 0xa8, 0xf1, 0x3d, 0xc8, 0x11, 0x08,
  0x00, 0xfd, 0x19, 0xc3, 0xb7, 0xa7, 0x3a, 0xc0, 0xc0, 0xa7, 0xc8, 0xfd,
  0x21, 0x00, 0xc1, 0x2a, 0x0a, 0xc0, 0x11, 0x09, 0x05, 0x19, 0xf5, 0xfd,
  0x7e, 0x00, 0xfe, 0xd1, 0xca, 0x1e, 0xa8, 0x3c, 0x95, 0xd2, 0x0a, 0xa8,
  0xed, 0x44, 0xfe, 0x06, 0xd2, 0x1e, 0xa8, 0xfd, 0x7e, 0x01, 0x3c, 0x94,
  0xd2, 0x19, 0xa8, 0xed, 0x44, 0xfe, 0x06, 0xda, 0xe8, 0xa8, 0xf1, 0x3d,
  0xc8, 0x11, 0x06, 0x00, 0xfd, 0x19, 0xc3, 0xfa, 0xa7, 0x3e, 0x03, 0xfd,
  0x21, 0x00, 0xc3, 0x2a, 0x0a, 0xc0, 0x11, 0x09, 0x05, 0x19, 0xf5, 0xfd,
  0x7e, 0x00, 0xa7, 0xc2, 0x5e, 0xa8, 0xfd, 0x7e, 0x01, 0xc6, 0x07, 0x95,
  0xd2, 0x49, 0xa8, 0xed, 0x44, 0xfe, 0x0a, 0xd2, 0x5e, 0xa8, 0xfd, 0x7e,
  0x02, 0xc6, 0x07, 0x94, 0xd2, 0x59, 0xa8, 0xed, 0x44, 0xfe, 0x0a, 0xda,
  0xe8, 0xa8, 0xf1, 0x3d, 0xc8, 0x11, 0x05, 0x00, 0xfd, 0x19, 0xc3, 0x36,
  0xa8, 0x3e, 0x05, 0xfd, 0x21, 0x20, 0xc1, 0x2a, 0x0a, 0xc0, 0x11, 0x09,
  0x05, 0x19, 0xf5, 0xfd, 0x7e, 0x00, 0xa7, 0xc2, 0x9e, 0xa8, 0xfd, 0x7e,
  0x01, 0xc6, 0x07, 0x95, 0xd2, 0x89, 0xa8, 0xed, 0x44, 0xfe, 0x0c, 0xd2,
  0x9e, 0xa8, 0xfd, 0x7e, 0x02, 0xc6, 0x07, 0x94, 0xd2, 0x99, 0xa8, 0xed,
  0x44, 0xfe, 0x0c, 0xda, 0xe8, 0xa8, 0xf1, 0x3d, 0xca, 0xab, 0xa8, 0x11,
  0x05, 0x00, 0xfd, 0x19, 0xc3, 0x76, 0xa8, 0x3e, 0x05, 0xa7, 0xfd, 0x21,
  0x40, 0xc1, 0x2a, 0x0a, 0xc0, 0x11, 0x09, 0x05, 0x19, 0xf5, 0xfd, 0x7e,
  0x00, 0xfe, 0xd1, 0xca, 0xdd, 0xa8, 0x3c, 0x95, 0xd2, 0xc9, 0xa8, 0xed,
  0x44, 0xfe, 0x06, 0xd2, 0xdd, 0xa8, 0xfd, 0x7e, 0x01, 0x3c, 0x94, 0xd2,
  0xd8, 0xa8, 0xed, 0x44, 0xfe, 0x06, 0xda, 0xe8, 0xa8, 0xf1, 0x3d, 0xc8,
  0x11, 0x06, 0x00, 0xfd, 0x19, 0xc3, 0xb9, 0xa8, 0xf1, 0xf1, 0xcd, 0x84,
  0xa5, 0xcd, 0xae, 0xa5, 0xcd, 0x81, 0xa4, 0xcd, 0x8e, 0xa9, 0xcd, 0x7f,
  0xab, 0xcd, 0x7a, 0xb1, 0xcd, 0x5c, 0xa9, 0x3a, 0xff, 0xc0, 0x3d, 0x32,
  0xff, 0xc0, 0xc2, 0x28, 0xa9, 0x06, 0x09, 0x21, 0x9b, 0xad, 0x11, 0x0b,
  0x0c, 0xcd, 0x25, 0x9d, 0x3e, 0x03, 0x57, 0x01, 0x00, 0x00, 0x0b, 0x78,
  0xb1, 0xc2, 0x1a, 0xa9, 0x7a, 0x3d, 0xc2, 0x16, 0xa9, 0xc3, 0x55, 0xa0,
  0x3a, 0x60, 0xc1, 0xa7, 0xca, 0x7c, 0xa0, 0xaf, 0x32, 0x62, 0xc1, 0x32,
  0x60, 0xc1, 0x3a, 0xc2, 0xc0, 0x3c, 0xfe, 0x06, 0xc2, 0x56, 0xa9, 0x3a,
  0x00, 0xc4, 0x3c, 0xfe, 0x06, 0xda, 0x4a, 0xa9, 0x3e, 0x01, 0x32, 0x00,
  0xc4, 0x3a, 0xff, 0xc0, 0x3c, 0x32, 0xff, 0xc0, 0x3e, 0x01, 0x32, 0xc2,
  0xc0, 0xc3, 0x7c, 0xa0, 0x3e, 0x20, 0xf5, 0x01, 0x07, 0x08, 0xcd, 0x47,
  0x00, 0xf1, 0xf5, 0x32, 0x11, 0xd0, 0x21, 0x03, 0xd0, 0xcd, 0x91, 0x9c,
  0x01, 0x00, 0x10, 0x0b, 0x79, 0xb0, 0xc2, 0x73, 0xa9, 0x01, 0x07, 0x01,
  0xcd, 0x47, 0x00, 0x01, 0x00, 0x08, 0x0b, 0x78, 0xb1, 0xc2, 0x82, 0xa9,
  0xf1, 0x3d, 0xc8, 0xc3, 0x5e, 0xa9, 0x06, 0x05, 0xfd, 0x21, 0x20, 0xc1,
  0xfd, 0x36, 0x00, 0x0b, 0xfd, 0x36, 0x01, 0xd1, 0xaf, 0xfd, 0x77, 0x02,
  0xfd, 0x77, 0x03, 0xfd, 0x77, 0x04, 0xfd, 0xe5, 0xd1, 0x13, 0xd5, 0xc5,
  0x3e, 0x1a, 0x90, 0xcd, 0x11, 0x9c, 0xc1, 0xfd, 0xe1, 0x11, 0x04, 0x00,
  0xfd, 0x19, 0x10, 0xd8, 0xc9, 0x3e, 0x0f, 0x32, 0x02, 0xc2, 0xcd, 0x17,
  0x9f, 0xf6, 0x30, 0xe6, 0xbf, 0x21, 0x00, 0xc2, 0x77, 0xe6, 0x01, 0x57,
  0xcd, 0x17, 0x9f, 0xa7, 0x7a, 0xfa, 0xda, 0xa9, 0xed, 0x44, 0x32, 0x01,
  0xc2, 0x3e, 0x05, 0xfd, 0x21, 0x20, 0xc1, 0xf5, 0xfd, 0x36, 0x00, 0x00,
  0x3d, 0xc2, 0xf7, 0xa9, 0xfd, 0x36, 0x01, 0xf2, 0x7e, 0xfd, 0x77, 0x02,
  0xc3, 0x30, 0xaa, 0x3d, 0xc2, 0x06, 0xaa, 0xfd, 0x36, 0x01, 0xd2, 0x7e,
  0xfd, 0x77, 0x02, 0xc3, 0x30, 0xaa, 0x3d, 0xc2, 0x17, 0xaa, 0xfd, 0x36,
  0x01, 0xe2, 0x7e, 0xc6, 0x10, 0xfd, 0x77, 0x02, 0xc3, 0x30, 0xaa, 0x3d,
  0xc2, 0x28, 0xaa, 0xfd, 0x36, 0x01, 0xe2, 0x7e, 0xd6, 0x10, 0xfd, 0x77,
  0x02, 0xc3, 0x30, 0xaa, 0xfd, 0x36, 0x01, 0xe2, 0x7e, 0xfd, 0x77, 0x02,
  0xfd, 0x36, 0x03, 0x3c, 0xfd, 0x36, 0x04, 0x04, 0xf1, 0x3d, 0xc8, 0x11,
  0x05, 0x00, 0xfd, 0x19, 0xc3, 0xe3, 0xa9, 0x3a, 0x02, 0xc2, 0x0f, 0x32,
  0x02, 0xc2, 0xcd, 0x17, 0x9f, 0xfe, 0xc0, 0xd2, 0x57, 0xaa, 0x3e, 0x01,
  0xc3, 0x62, 0xaa, 0xfe, 0xf0, 0xd2, 0x60, 0xaa, 0xaf, 0xc3, 0x62, 0xaa,
  0x3e, 0xff, 0x32, 0xfe, 0xc1, 0x3a, 0xff, 0xc1, 0x3d, 0x32, 0xff, 0xc1,
  0xc2, 0x8f, 0xaa, 0xcd, 0x17, 0x9f, 0xfe, 0x60, 0xd2, 0x7c, 0xaa, 0x3e,
  0x01, 0xc3, 0x87, 0xaa, 0xfe, 0xc0, 0xd2, 0x85, 0xaa, 0xaf, 0xc3, 0x87,
  0xaa, 0x3e, 0xff, 0x32, 0x01, 0xc2, 0x3e, 0x0d, 0x32, 0xff, 0xc1, 0xaf,
  0x32, 0x61, 0xc1, 0x3e, 0x05, 0xfd, 0x21, 0x20, 0xc1, 0xf5, 0x3a, 0x01,
  0xc2, 0xfd, 0x86, 0x02, 0xfd, 0x77, 0x02, 0xfd, 0x7e, 0x00, 0xa7, 0xca,
  0xc2, 0xaa, 0xfe, 0x0b, 0xd2, 0xfe, 0xaa, 0xfd, 0x34, 0x00, 0xcb, 0x3f,
  0x87, 0x87, 0xc6, 0x04, 0xfd, 0x77, 0x03, 0xfd, 0x36, 0x04, 0x08, 0xc3,
  0xe2, 0xaa, 0x3a, 0xfe, 0xc1, 0xfd, 0x86, 0x01, 0xfd, 0x77, 0x01, 0xfe,
  0xd0, 0xca, 0xfe, 0xaa, 0x3a, 0x02, 0xc2, 0x0f, 0x3e, 0x3c, 0xda, 0xdb,
  0xaa, 0xc6, 0x04, 0xfd, 0x77, 0x03, 0xfd, 0x36, 0x04, 0x04, 0xc1, 0xc5,
  0x3e, 0x1a, 0x90, 0xfd, 0xe5, 0xd1, 0xd5, 0x13, 0xcd, 0x11, 0x9c, 0xfd,
  0xe1, 0xf1, 0x3d, 0xca, 0x10, 0xab, 0x11, 0x05, 0x00, 0xfd, 0x19, 0xc3,
  0x99, 0xaa, 0xfd, 0x36, 0x01, 0xd1, 0xfd, 0x36, 0x00, 0x0b, 0x3a, 0x61,
  0xc1, 0x3c, 0x32, 0x61, 0xc1, 0xc3, 0xe2, 0xaa, 0x3a, 0x61, 0xc1, 0xfe,
  0x05, 0xc0, 0xf1, 0xc3, 0x28, 0xa9, 0xfd, 0x21, 0x20, 0xc1, 0x3e, 0x05,
  0xf5, 0xfd, 0x7e, 0x00, 0xa7, 0xc2, 0x74, 0xab, 0x21, 0x60, 0xc0, 0x3e,
  0x05, 0xf5, 0x7e, 0x23, 0xfe, 0xd1, 0xca, 0x6c, 0xab, 0xfd, 0x96, 0x01,
  0xda, 0x6c, 0xab, 0xfe, 0x10, 0xd2, 0x6c, 0xab, 0x7e, 0xc6, 0x06, 0xfd,
  0x96, 0x02, 0xda, 0x6c, 0xab, 0xfe, 0x16, 0xd2, 0x6c, 0xab, 0x2b, 0x36,
  0xd1, 0xc1, 0x3e, 0x20, 0x90, 0xeb, 0xd5, 0xcd, 0x11, 0x9c, 0xe1, 0xfd,
  0x34, 0x00, 0x3e, 0x0a, 0x32, 0x00, 0xd0, 0x11, 0x00, 0x10, 0xcd, 0xc3,
  0x9c, 0xc3, 0x74, 0xab, 0xf1, 0x23, 0x23, 0x23, 0x3d, 0xc2, 0x2d, 0xab,
  0xf1, 0x3d, 0xc8, 0x11, 0x05, 0x00, 0xfd, 0x19, 0xc3, 0x20, 0xab, 0xfd,
  0x21, 0x40, 0xc1, 0x3e, 0x05, 0x11, 0x06, 0x00, 0xfd, 0x36, 0x00, 0xd1,
  0xfd, 0x36, 0x02, 0x1c, 0xfd, 0x36, 0x03, 0x0e, 0xf5, 0xd5, 0xfd, 0xe5,
  0xd1, 0x47, 0x3e, 0x08, 0x90, 0xcd, 0x11, 0x9c, 0xd1, 0xf1, 0x3d, 0xc8,
  0xfd, 0x19, 0xc3, 0x88, 0xab, 0x3e, 0x05, 0xfd, 0x21, 0x40, 0xc1, 0xf5,
  0xfd, 0x7e, 0x00, 0xfe, 0xd1, 0xca, 0x09, 0xac, 0xfd, 0x86, 0x04, 0xfe,
  0xd1, 0xda, 0xc2, 0xab, 0x3e, 0xd1, 0xfd, 0x77, 0x00, 0xfd, 0x7e, 0x05,
  0xa7, 0xfa, 0xd2, 0xab, 0xfd, 0x86, 0x01, 0xc3, 0xd9, 0xab, 0x2f, 0x3c,
  0x57, 0xfd, 0x7e, 0x01, 0x92, 0xfd, 0x77, 0x01, 0xd2, 0xe3, 0xab, 0xfd,
  0x36, 0x00, 0xd1, 0xfd, 0xe5, 0xd1, 0x3e, 0x1c, 0xfd, 0xbe, 0x02, 0xc2,
  0xf0, 0xab, 0xc6, 0x04, 0xfd, 0x77, 0x02, 0xc1, 0xc5, 0xd5, 0x3e, 0x08,
  0x90, 0xcd, 0x11, 0x9c, 0xfd, 0xe1, 0xf1, 0x3d, 0xc8, 0x11, 0x06, 0x00,
  0xfd, 0x19, 0xc3, 0xaf, 0xab, 0xc1, 0xc5, 0x3e, 0x06, 0x90, 0x47, 0x21,
  0x1b, 0xc1, 0x11, 0x05, 0x00, 0x19, 0x10, 0xfd, 0x7e, 0xa7, 0xc2, 0xfe,
  0xab, 0xe5, 0xcd, 0x17, 0x9f, 0xe1, 0xfe, 0x10, 0xd2, 0xfe, 0xab, 0x23,
  0x7e, 0xc6, 0x08, 0x5f, 0xfd, 0x73, 0x00, 0x23, 0x7e, 0xc6, 0x08, 0x57,
  0xfd, 0x72, 0x01, 0x2a, 0x0a, 0xc0, 0x7b, 0x95, 0xd2, 0x41, 0xac, 0x2f,
  0x3c, 0xf5, 0x6f, 0x7a, 0x94, 0xd2, 0x4a, 0xac, 0x2f, 0x3c, 0xf5, 0xbd,
  0xda, 0x5f, 0xac, 0xcb, 0x3f, 0xbd, 0xda, 0x5a, 0xac, 0x1e, 0x00, 0xc3,
  0x6c, 0xac, 0x1e, 0x02, 0xc3, 0x6c, 0xac, 0xcb, 0x3d, 0xbd, 0xda, 0x6a,
  0xac, 0x1e, 0x04, 0xc3, 0x6c, 0xac, 0x1e, 0x06, 0x21, 0x14, 0xb0, 0x16,
  0x00, 0x19, 0x5e, 0x23, 0x56, 0xf1, 0xda, 0x7d, 0xac, 0x7a, 0x2f, 0x3c,
  0x57, 0xf1, 0xda, 0x85, 0xac, 0x7b, 0x2f, 0x3c, 0x5f, 0xfd, 0x73, 0x04,
  0xfd, 0x72, 0x05, 0xc3, 0xfe, 0xab, 0x21, 0x75, 0xad, 0x11, 0x01, 0x00,
  0x06, 0x1e, 0xcd, 0x25, 0x9d, 0x21, 0x96, 0xad, 0x11, 0x01, 0x01, 0x06,
  0x05, 0xcd, 0x25, 0x9d, 0x21, 0x93, 0xad, 0x11, 0x10, 0x01, 0x06, 0x08,
  0xc3, 0x25, 0x9d, 0x21, 0x00, 0xd0, 0x7e, 0xa7, 0xca, 0xc8, 0xac, 0x35,
  0xfe, 0x06, 0xc0, 0x3a, 0x62, 0xc1, 0x3c, 0x32, 0x62, 0xc1, 0x21, 0x21,
  0xad, 0xc3, 0x91, 0x9c, 0x23, 0x7e, 0xa7, 0xca, 0xdd, 0xac, 0x35, 0xfe,
  0x04, 0xda, 0xdd, 0xac, 0xfe, 0x05, 0xc0, 0x21, 0x12, 0xad, 0xc3, 0x91,
  0x9c, 0x3a, 0x60, 0xc1, 0xa7, 0xc2, 0xea, 0xac, 0x21, 0xfb, 0xac, 0xc3,
  0x91, 0x9c, 0x21, 0x32, 0xad, 0xc3, 0x91, 0x9c, 0xed, 0x4b, 0x1e, 0xc1,
  0x0b, 0x78, 0xb1, 0xc2, 0xf4, 0xac, 0xc9, 0x0b, 0x00, 0x70, 0x01, 0x02,
  0x02, 0x1e, 0x03, 0x00, 0x04, 0x00, 0x05, 0x03, 0x06, 0x01, 0x07, 0xb6,
  0x08, 0x0f, 0x09, 0x0f, 0x0a, 0x0f, 0x07, 0x07, 0x80, 0x08, 0x08, 0x10,
  0x09, 0x10, 0x10, 0x0b, 0xff, 0x0c, 0x00, 0x0d, 0x0f, 0x08, 0x06, 0x04,
  0x07, 0x87, 0x08, 0x10, 0x09, 0x10, 0x0a, 0x10, 0x0b, 0xff, 0x0c, 0x18,
  0x0d, 0x00, 0x0e, 0x00, 0xff, 0x01, 0x03, 0x02, 0xff, 0x03, 0x03, 0x04,
  0xff, 0x05, 0x03, 0x06, 0x00, 0x07, 0x87, 0x08, 0x10, 0x09, 0x10, 0x0a,
  0x10, 0x0b, 0x00, 0x0c, 0xfa, 0x0d, 0x00, 0x04, 0x07, 0xff, 0x08, 0x40,
  0x09, 0x40, 0x0a, 0x40, 0x0e, 0x00, 0xff, 0x01, 0x03, 0x02, 0xff, 0x03,
  0x03, 0x04, 0xff, 0x05, 0x03, 0x06, 0x00, 0x07, 0x87, 0x08, 0x10, 0x09,
  0x10, 0x0a, 0x10, 0x0b, 0x00, 0x0c, 0xff, 0x0d, 0x00, 0xff, 0x0c, 0x15,
  0x0a, 0x19, 0x1d, 0x18, 0x17, 0xff, 0x29, 0xff, 0xff, 0x30, 0xff, 0x01,
  0x09, 0x08, 0x04, 0xff, 0x2a, 0x2b, 0xff, 0x1d, 0x24, 0x0e, 0xff, 0x1c,
  0x18, 0x0f, 0x1d, 0x11, 0x12, 0x27, 0x1c, 0x0c, 0x18, 0x1b, 0x0e, 0x10,
  0x0a, 0x16, 0x0e, 0xff, 0x18, 0x1f, 0x0e, 0x1b, 0x04, 0x0e, 0x0a, 0x11,
  0x11, 0x15, 0x3f, 0x75, 0xb5, 0xb5, 0xb5, 0xf5, 0x8a, 0x00, 0x00, 0x00,
  0x00, 0x00, 0x00, 0x00, 0x00, 0x00, 0x80, 0xc0, 0xa0, 0xa0, 0xa0, 0xe0,
  0x20, 0x00, 0x00, 0x00, 0x44, 0xea, 0x44, 0x44, 0x00, 0x00, 0x00, 0x00,
  0x00, 0x00, 0x00, 0x00, 0x00, 0x00, 0x00, 0x00, 0x00, 0x00, 0x00, 0x00,
  0x00, 0x00, 0x00, 0x00, 0x00, 0x00, 0x00, 0x00, 0x00, 0x00, 0x00, 0x00,
  0x60, 0xf0, 0x60, 0x00, 0x00, 0x00, 0x00, 0x00, 0x00, 0x00, 0x00, 0x00,
  0x00, 0x00, 0x00, 0x00, 0x00, 0x00, 0x00, 0x00, 0x00, 0x00, 0x00, 0x00,
  0x00, 0x00, 0x00, 0x00, 0x00, 0x00, 0x00, 0x00, 0xf0, 0x90, 0xf0, 0x00,
  0x00, 0x00, 0x00, 0x00, 0x00, 0x00, 0x00, 0x00, 0x00, 0x00, 0x00, 0x00,
  0x00, 0x00, 0x00, 0x00, 0x00, 0x00, 0x00, 0x00, 0x00, 0x00, 0x00, 0x00,
  0x00, 0x00, 0x00, 0x00, 0x00, 0x00, 0x10, 0x09, 0x06, 0x07, 0x03, 0x03,
  0x0b, 0x05, 0x0b, 0x14, 0x00, 0x00, 0x00, 0x00, 0x00, 0x08, 0x10, 0x20,
  0xd0, 0xa0, 0xd0, 0xe0, 0xf0, 0xe0, 0x70, 0x08, 0x08, 0x00, 0x00, 0x00,
  0x00, 0x01, 0x01, 0x04, 0x0b, 0x05, 0x0b, 0x6b, 0x05, 0x0b, 0x05, 0x00,
  0x01, 0x00, 0x00, 0x00, 0x80, 0x00, 0x80, 0xa0, 0xd0, 0x60, 0xb0, 0x7e,
  0xe0, 0x50, 0x40, 0x90, 0x00, 0x80, 0x80, 0x00, 0x00, 0x20, 0x21, 0x10,
  0x0d, 0x0a, 0x03, 0x04, 0x25, 0x16, 0x01, 0x04, 0x18, 0x00, 0x21, 0x00,
  0x00, 0x8a, 0x50, 0x00, 0x50, 0xa0, 0x10, 0xa0, 0x44, 0x10, 0x40, 0xa8,
  0x00, 0x84, 0x02, 0x00, 0x80, 0x01, 0x08, 0x40, 0x11, 0x00, 0x0a, 0x21,
  0x82, 0x08, 0x11, 0x44, 0x11, 0x00, 0x20, 0x80, 0x81, 0x10, 0x00, 0x04,
  0x40, 0x08, 0x40, 0x94, 0x01, 0xa8, 0x00, 0x44, 0x10, 0x02, 0x20, 0x81,
  0x00, 0x00, 0x00, 0x00, 0x02, 0x08, 0x05, 0x02, 0x08, 0x02, 0x04, 0x00,
  0x00, 0x00, 0x00, 0x00, 0x00, 0x00, 0x00, 0x80, 0x40, 0x30, 0x40, 0x00,
  0xa8, 0x80, 0x20, 0x80, 0x08, 0x00, 0x00, 0x00, 0x02, 0x05, 0x1b, 0x37,
  0x76, 0x57, 0x56, 0x57, 0x5e, 0x5f, 0x7a, 0x3b, 0x19, 0x0c, 0x06, 0x01,
  0x40, 0xa0, 0xd8, 0xec, 0x6e, 0xea, 0x6a, 0xea, 0x7a, 0xfa, 0x5e, 0xdc,
  0x98, 0x30, 0x60, 0x80, 0x00, 0x30, 0x78, 0x31, 0x7b, 0x7b, 0x7b, 0x7b,
  0x7b, 0x35, 0x7b, 0x33, 0x01, 0x03, 0x01, 0x00, 0x00, 0x0c, 0x1e, 0x8c,
  0xde, 0xde, 0xde, 0xde, 0xde, 0xac, 0xde, 0xcc, 0x80, 0xc0, 0x80, 0x00,
  0x04, 0x06, 0x07, 0x0a, 0xfd, 0x3c, 0x0e, 0x06, 0x02, 0x02, 0x03, 0x01,
  0x01, 0x01, 0x01, 0x01, 0x20, 0x60, 0xe0, 0x50, 0xbf, 0x3c, 0x70, 0x60,
  0x40, 0x40, 0xc0, 0x80, 0x80, 0x80, 0x80, 0x80, 0x10, 0x91, 0x99, 0x89,
  0xe9, 0xbd, 0xad, 0xaf, 0xae, 0x6e, 0x6b, 0x2d, 0x1c, 0x0c, 0x06, 0x03,
  0x08, 0x89, 0x99, 0x91, 0x97, 0xbd, 0xb5, 0xf5, 0x75, 0x76, 0xd6, 0xb4,
  0x38, 0x30, 0x60, 0xc0, 0xc2, 0xe2, 0x7b, 0x3a, 0x1a, 0x1a, 0x1e, 0x0f,
  0x0f, 0x0d, 0x0d, 0x04, 0x04, 0x06, 0x03, 0x01, 0x43, 0x47, 0xde, 0x5c,
  0x58, 0x58, 0x78, 0xf0, 0xf0, 0xb0, 0xb0, 0x20, 0x20, 0x60, 0xc0, 0x80,
  0x06, 0x0e, 0x1e, 0x3f, 0x7a, 0x76, 0x37, 0x35, 0x14, 0x14, 0x16, 0x0b,
  0x0e, 0x06, 0x02, 0x02, 0x60, 0x70, 0x78, 0xfc, 0x5e, 0x6e, 0xec, 0xac,
  0x28, 0x28, 0x68, 0xb0, 0x70, 0x60, 0x40, 0x40, 0x01, 0x01, 0x07, 0x08,
  0x19, 0x24, 0x23, 0xea, 0xea, 0x23, 0x24, 0x19, 0x08, 0x07, 0x01, 0x01,
  0x80, 0x80, 0xe0, 0x10, 0x98, 0x24, 0xc4, 0x57, 0x57, 0xc4, 0x24, 0x98,
  0x10, 0xe0, 0x80, 0x80, 0x01, 0x01, 0x07, 0x0f, 0x1e, 0x3f, 0x3f, 0xf6,
  0xf6, 0x3f, 0x3f, 0x1e, 0x0f, 0x07, 0x01, 0x01, 0x80, 0x80, 0xe0, 0xf0,
  0x78, 0xfc, 0xfc, 0x6f, 0x6f, 0xfc, 0xfc, 0x78, 0xf0, 0xe0, 0x80, 0x80,
  0x01, 0x01, 0x01, 0x01, 0x03, 0x07, 0x0d, 0xff, 0x0a, 0x04, 0x03, 0x01,
  0x01, 0x01, 0x01, 0x00, 0x00, 0x00, 0x00, 0x00, 0x80, 0x40, 0xa0, 0x3e,
  0xa0, 0x40, 0x80, 0x00, 0x00, 0x00, 0x00, 0x00, 0x02, 0x02, 0x27, 0x1a,
  0x15, 0x2a, 0xf7, 0x2a, 0x15, 0x1a, 0x27, 0x02, 0x02, 0x00, 0x00, 0x00,
  0x00, 0x00, 0x20, 0xc0, 0x40, 0xa0, 0x78, 0xa0, 0x40, 0xc0, 0x20, 0x00,
  0x00, 0x00, 0x00, 0x00, 0x60, 0x78, 0x7e, 0x78, 0x60, 0x40, 0x40, 0x00,
  0xa0, 0xa0, 0xa0, 0xa0, 0xa0, 0xa0, 0xa0, 0xa0, 0x01, 0x03, 0x02, 0x02,
  0x03, 0x01, 0x04, 0x00, 0x01, 0x00, 0x04, 0xed, 0x43, 0x1e, 0xc1, 0x3e,
  0x03, 0x32, 0xc0, 0xc0, 0xaf, 0x32, 0x60, 0xc1, 0xcd, 0xf0, 0xac, 0x21,
  0xb0, 0x78, 0x22, 0x0a, 0xc0, 0xaf, 0x32, 0x0c, 0xc0, 0x3e, 0x0f, 0x32,
  0x0d, 0xc0, 0xcd, 0x04, 0xa2, 0xcd, 0x8e, 0xac, 0x11, 0x07, 0x01, 0xcd,
  0xff, 0x9c, 0x21, 0x05, 0xc0, 0x11, 0x19, 0x01, 0xcd, 0x02, 0x9d, 0xcd,
  0x28, 0xa3, 0xcd, 0x81, 0xa4, 0xcd, 0x84, 0xa5, 0xcd, 0xae, 0xa5, 0xcd,
  0x7a, 0xb1, 0x3e, 0x0a, 0x32, 0x63, 0xc1, 0xaf, 0x32, 0x60, 0xc1, 0x11,
  0x0a, 0xc0, 0xaf, 0xcd, 0x11, 0x9c, 0xcd, 0xa9, 0xb0, 0x2a, 0x0a, 0xc0,
  0xcd, 0xa7, 0xa2, 0x22, 0x0a, 0xc0, 0xcd, 0xf0, 0xac, 0xcd, 0x36, 0xa4,
  0xcd, 0xf2, 0xa3, 0xcd, 0x5c, 0xa4, 0xcd, 0x56, 0xa6, 0xcd, 0xa6, 0xa4,
  0xcd, 0xa9, 0xb1, 0xcd, 0xaf, 0xac, 0xcd, 0x34, 0xa7, 0xcd, 0x3b, 0xb2,
  0xcd, 0xc3, 0xb0, 0xcd, 0xad, 0x9c, 0xa7, 0xc2, 0xdc, 0xb0, 0xc3, 0x6b,
  0xb0, 0x3a, 0x63, 0xc1, 0x3d, 0x32, 0x63, 0xc1, 0x3a, 0x65, 0xc1, 0xc0,
  0x3e, 0x0a, 0x32, 0x63, 0xc1, 0xcd, 0x17, 0x9f, 0xe6, 0x07, 0x3c, 0x32,
  0x65, 0xc1, 0xc9, 0x3a, 0x63, 0xc1, 0x3d, 0xcc, 0xe7, 0xb0, 0x3a, 0x64,
  0xc1, 0xa7, 0xc2, 0xdc, 0xb0, 0x21, 0xf8, 0xb0, 0x11, 0x09, 0x0c, 0x06,
  0x0d, 0xc3, 0x25, 0x9d, 0x21, 0x05, 0xb1, 0x11, 0x09, 0x0c, 0x06, 0x0d,
  0xc3, 0x25, 0x9d, 0x3a, 0x64, 0xc1, 0xa7, 0xc2, 0xf3, 0xb0, 0x3c, 0x32,
  0x64, 0xc1, 0xc9, 0xaf, 0x32, 0x64, 0xc1, 0xc9, 0x11, 0x12, 0x1d, 0xff,
  0x1c, 0x19, 0x0a, 0x0c, 0x0e, 0xff, 0x14, 0x0e, 0x22, 0xff, 0xff, 0xff,
  0xff, 0xff, 0xff, 0xff, 0xff, 0xff, 0xff, 0xff, 0xff, 0xff, 0x53, 0x54,
  0x41, 0x52, 0x20, 0x44, 0x45, 0x53, 0x54, 0x52, 0x4f, 0x59, 0x45, 0x52,
  0x2e, 0x43, 0x6f, 0x72, 0x79, 0x72, 0x69, 0x67, 0x68, 0x74, 0x20, 0x31,
  0x39, 0x38, 0x34, 0x20, 0x62, 0x79, 0x20, 0x54, 0x26, 0x45, 0x20, 0x53,
  0x4f, 0x46, 0x54, 0x20, 0x49, 0x6e, 0x63, 0x2e, 0x50, 0x72, 0x6f, 0x67,
  0x72, 0x61, 0x6d, 0x65, 0x64, 0x20, 0x62, 0x79, 0x20, 0x4b, 0x41, 0x54,
  0x53, 0x55, 0x4f, 0x2e, 0x48, 0x4f, 0x53, 0x4f, 0x4b, 0x41, 0x57, 0x41,
  0x20, 0x31, 0x39, 0x38, 0x34, 0x2e, 0x35, 0x2e, 0x31, 0x30, 0x20, 0x28,
  0x54, 0x48, 0x55, 0x29, 0x20, 0x41, 0x4d, 0x2e, 0x32, 0x20, 0x00, 0x00,
  0x00, 0x00, 0x00, 0x00, 0x00, 0x00, 0xfd, 0x21, 0x00, 0xc3, 0x06, 0x03,
  0xfd, 0x36, 0x00, 0x0b, 0xfd, 0x36, 0x01, 0xd1, 0xaf, 0xfd, 0x77, 0x02,
  0xfd, 0x77, 0x03, 0xfd, 0x77, 0x04, 0xfd, 0xe5, 0xd1, 0x13, 0xc5, 0x3e,
  0x0b, 0x90, 0xd5, 0xcd, 0x11, 0x9c, 0xfd, 0xe1, 0xc1, 0x11, 0x04, 0x00,
  0xfd, 0x19, 0x10, 0xd8, 0xc9, 0x3e, 0x03, 0xfd, 0x21, 0x00, 0xc3, 0xf5,
  0xfd, 0x7e, 0x00, 0xa7, 0xca, 0xe7, 0xb1, 0xfe, 0x0b, 0xd2, 0xfd, 0xb1,
  0xfd, 0x34, 0x00, 0xcb, 0x3f, 0x87, 0x87, 0xc6, 0x04, 0xfd, 0x77, 0x03,
  0xfd, 0x36, 0x04, 0x09, 0xfd, 0xe5, 0xd1, 0x13, 0xc1, 0xc5, 0x3e, 0x0b,
  0x90, 0xfd, 0xe5, 0xcd, 0x11, 0x9c, 0xfd, 0xe1, 0x11, 0x05, 0x00, 0xfd,
  0x19, 0xf1, 0x3d, 0xc2, 0xaf, 0xb1, 0xc9, 0xfd, 0x34, 0x01, 0xfd, 0x7e,
  0x01, 0xfe, 0xd1, 0xc2, 0xcc, 0xb1, 0xfd, 0x36, 0x01, 0xd1, 0xfd, 0x36,
  0x00, 0x0b, 0xc3, 0xcc, 0xb1, 0x3e, 0xd1, 0xfd, 0xbe, 0x01, 0xca, 0x0b,
  0xb2, 0xfd, 0x77, 0x01, 0xc3, 0xcc, 0xb1, 0x3a, 0xc1, 0xc0, 0x3d, 0xca,
  0x18, 0xb2, 0x32, 0xc1, 0xc0, 0xc3, 0xcc, 0xb1, 0x3e, 0x0a, 0x32, 0xc1,
  0xc0, 0xcd, 0x17, 0x9f, 0xa7, 0xfa, 0xcc, 0xb1, 0x87, 0xfd, 0x77, 0x02,
  0xaf, 0xfd, 0x77, 0x00, 0xfd, 0x36, 0x01, 0xf0, 0xfd, 0x36, 0x03, 0x48,
  0xfd, 0x36, 0x04, 0x0d, 0xc3, 0xdc, 0xb1, 0xfd, 0x21, 0x00, 0xc3, 0x3e,
  0x03, 0xf5, 0xfd, 0x7e, 0x00, 0xa7, 0xc2, 0x97, 0xb2, 0x21, 0x60, 0xc0,
  0x3e, 0x05, 0xf5, 0x7e, 0x23, 0xfe, 0xd1, 0xca, 0x8f, 0xb2, 0xc6, 0x03,
  0xfd, 0x96, 0x01, 0xda, 0x8f, 0xb2, 0xfe, 0x11, 0xd2, 0x8f, 0xb2, 0x7e,
  0xc6, 0x06, 0xfd, 0x96, 0x02, 0xda, 0x8f, 0xb2, 0xfe, 0x14, 0xd2, 0x8f,
  0xb2, 0x2b, 0x36, 0xd1, 0xc1, 0x3e, 0x20, 0x90, 0xeb, 0xd5, 0xcd, 0x11,
  0x9c, 0xe1, 0xfd, 0x34, 0x00, 0x3e, 0x06, 0x32, 0x00, 0xd0, 0x11, 0x50,
  0x00, 0xcd, 0xc3, 0x9c, 0xc3, 0x97, 0xb2, 0xf1, 0x23, 0x23, 0x23, 0x3d,
  0xc2, 0x4e, 0xb2, 0xf1, 0x3d, 0xc8, 0x11, 0x05, 0x00, 0xfd, 0x19, 0xc3,
  0x41, 0xb2, 0xca, 0xff, 0x00, 0xff, 0x00, 0xff, 0x00, 0xff, 0x00, 0xff,
  0x00, 0xff, 0x00, 0xff, 0x00, 0x00, 0x00, 0x00, 0x00, 0x00, 0x00, 0x00,
  0x00, 0x00, 0x00, 0x00, 0x00, 0x00, 0x00, 0x00, 0x00, 0x00, 0x00, 0x00,
  0x00, 0x00, 0x00, 0x00, 0x00, 0x00, 0x00, 0x00, 0x00, 0x00, 0x00, 0x00,
  0x00, 0x00, 0x00, 0x00, 0x00, 0x00, 0x00, 0x00, 0x00, 0x00, 0x00, 0x00,
  0x00, 0x00, 0x00, 0x00, 0x00, 0x00, 0x00, 0x00, 0x00, 0x00, 0x00, 0x00,
  0x00, 0x00, 0x00, 0x00, 0x00, 0x00, 0x00, 0x00, 0x00, 0x00, 0x00, 0x00,
  0x00, 0x00, 0x00, 0x00, 0x00, 0x00, 0x00, 0x00, 0x00, 0x00, 0x00, 0x00,
  0x00, 0x00, 0x00, 0x00, 0x00, 0x00, 0x00, 0x00, 0x00, 0x00, 0x00, 0x00,
  0x00, 0x00, 0x00, 0x00, 0x00, 0x00, 0x00, 0x00, 0x00, 0x00, 0x00, 0x00,
  0x00, 0x00, 0x00, 0x00, 0x00, 0x00, 0x00, 0x00, 0x00, 0x00, 0x00, 0x00,
  0x00, 0x00, 0x00, 0x00, 0x00, 0x00, 0x00, 0x00, 0x00, 0x00, 0x00, 0x00,
  0x00, 0x00, 0x00, 0x00, 0x00, 0x00, 0x00, 0x00, 0x00, 0x00, 0x00, 0x00,
  0x00, 0x00, 0x00, 0x00, 0x00, 0x00, 0x00, 0x00, 0x00, 0x00, 0x00, 0x00,
  0x00, 0x00, 0x00, 0x00, 0x00, 0x00, 0x00, 0x00, 0x00, 0x00, 0x00, 0x00,
  0x00, 0x00, 0x00, 0x00, 0x00, 0x00, 0x00, 0x00, 0x00, 0x00, 0x00, 0x00,
  0x00, 0x00, 0x00, 0x00, 0x00, 0x00, 0x00, 0x00, 0x00, 0x00, 0x00, 0x00,
  0x00, 0x00, 0x00, 0x00, 0x00, 0x00, 0x00, 0x00, 0x00, 0x00, 0x00, 0x00,
  0x00, 0x00, 0x00, 0x00, 0x00, 0x00, 0x00, 0x00, 0x00, 0x00, 0x00, 0x00,
  0x00, 0x00, 0x00, 0x00, 0x00, 0x00, 0x00, 0x00, 0x00, 0x00, 0x00, 0x00,
  0x00, 0x00, 0x00, 0x00, 0x00, 0x00, 0x00, 0x00, 0x00, 0x00, 0x00, 0x00,
  0x00, 0x00, 0x00, 0x00, 0x00, 0x00, 0x00, 0x00, 0x00, 0x00, 0x00, 0x00,
  0x00, 0x00, 0x00, 0x00, 0x00, 0x00, 0x00, 0x00, 0x00, 0x00, 0x00, 0x00,
  0x00, 0x00, 0x00, 0x00, 0x00, 0x00, 0x00, 0x00, 0x00, 0x00, 0x00, 0x00,
  0x00, 0x00, 0x00, 0x00, 0x00, 0x00, 0x00, 0x00, 0x00, 0x00, 0x00, 0x00,
  0x00, 0x00, 0x00, 0x00, 0x00, 0x00, 0x00, 0x00, 0x00, 0x00, 0x00, 0x00,
  0x00, 0x00, 0x00, 0x00, 0x00, 0x00, 0x00, 0x00, 0x00, 0x00, 0x00, 0x00,
  0x00, 0x00, 0x00, 0x00, 0x00, 0x00, 0x00, 0x00, 0x00, 0x00, 0x00, 0x00,
  0x00, 0x00, 0x00, 0x00, 0x00, 0x00, 0x00, 0x00, 0x00, 0x00, 0x00, 0x00,
  0x00, 0x00, 0x00, 0x00, 0x00, 0x00, 0x00, 0x00, 0x00, 0x00, 0x00, 0x00,
  0x00, 0x00, 0x00, 0x00, 0x00, 0x00, 0x00, 0x00, 0x00, 0x00, 0x00, 0x00,
  0x00, 0x00, 0x00, 0x00, 0x00, 0x00, 0x00, 0x00, 0x00, 0x00, 0x00, 0x00,
  0x00, 0x00, 0x00, 0x00, 0x00, 0x00, 0x00, 0x00, 0x00, 0x00, 0x00, 0x00,
  0x00, 0x00, 0x00, 0x00, 0x00, 0x00, 0x00, 0x00, 0x00, 0x00, 0x00, 0x00,
  0x00, 0x00, 0x00, 0x00, 0x00, 0x00, 0x00, 0x00, 0x00, 0x00, 0x00, 0x00,
  0x00, 0x00, 0x00, 0x00, 0x00, 0x00, 0x00, 0x00, 0x00, 0x00, 0x00, 0x00,
  0x00, 0x00, 0x00, 0x00, 0x00, 0x00, 0x00, 0x00, 0x00, 0x00, 0x00, 0x00,
  0x00, 0x00, 0x00, 0x00, 0x00, 0x00, 0x00, 0x00, 0x00, 0x00, 0x00, 0x00,
  0x00, 0x00, 0x00, 0x00, 0x00, 0x00, 0x00, 0x00, 0x00, 0x00, 0x00, 0x00,
  0x00, 0x00, 0x00, 0x00, 0x00, 0x00, 0x00, 0x00, 0x00, 0x00, 0x00, 0x00,
  0x00, 0x00, 0x00, 0x00, 0x00, 0x00, 0x00, 0x00, 0x00, 0x00, 0x00, 0x00,
  0x00, 0x00, 0x00, 0x00, 0x00, 0x00, 0x00, 0x00, 0x00, 0x00, 0x00, 0x00,
  0x00, 0x00, 0x00, 0x00, 0x00, 0x00, 0x00, 0x00, 0x00, 0x00, 0x00, 0x00,
  0x00, 0x00, 0x00, 0x00, 0x00, 0x00, 0x00, 0x00, 0x00, 0x00, 0x00, 0x00,
  0x00, 0x00, 0x00, 0x00, 0x00, 0x00, 0x00, 0x00, 0x00, 0x00, 0x00, 0x00,
  0x00, 0x00, 0x00, 0x00, 0x00, 0x00, 0x00, 0x00, 0x00, 0x00, 0x00, 0x00,
  0x00, 0x00, 0x00, 0x00, 0x00, 0x00, 0x00, 0x00, 0x00, 0x00, 0x00, 0x00,
  0x00, 0x00, 0x00, 0x00, 0x00, 0x00, 0x00, 0x00, 0x00, 0x00, 0x00, 0x00,
  0x00, 0x00, 0x00, 0x00, 0x00, 0x00, 0x00, 0x00, 0x00, 0x00, 0x00, 0x00,
  0x00, 0x00, 0x00, 0x00, 0x00, 0x00, 0x00, 0x00, 0x00, 0x00, 0x00, 0x00,
  0x00, 0x00, 0x00, 0x00, 0x00, 0x00, 0x00, 0x00, 0x00, 0x00, 0x00, 0x00,
  0x00, 0x00, 0x00, 0x00, 0x00, 0x00, 0x00, 0x00, 0x00, 0x00, 0x00, 0x00,
  0x00, 0x00, 0x00, 0x00, 0x00, 0x00, 0x00, 0x00, 0x00, 0x00, 0x00, 0x00,
  0x00, 0x00, 0x00, 0x00, 0x00, 0x00, 0x00, 0x00, 0x00, 0x00, 0x00, 0x00,
  0x00, 0x00, 0x00, 0x00, 0x00, 0x00, 0x00, 0x00, 0x00, 0x00, 0x00, 0x00,
  0x00, 0x00, 0x00, 0x00, 0x00, 0x00, 0x00, 0x00, 0x00, 0x00, 0x00, 0x00,
  0x00, 0x00, 0x00, 0x00, 0x00, 0x00, 0x00, 0x00, 0x00, 0x00, 0x00, 0x00,
  0x00, 0x00, 0x00, 0x00, 0x00, 0x00, 0x00, 0x00, 0x00, 0x00, 0x00, 0x00,
  0x00, 0x00, 0x00, 0x00, 0x00, 0x00, 0x00, 0x00, 0x00, 0x00, 0x00, 0x00,
  0x00, 0x00, 0x00, 0x00, 0x00, 0x00, 0x00, 0x00, 0x00, 0x00, 0x00, 0x00,
  0x00, 0x00, 0x00, 0x00, 0x00, 0x00, 0x00, 0x00, 0x00, 0x00, 0x00, 0x00,
  0x00, 0x00, 0x00, 0x00, 0x00, 0x00, 0x00, 0x00, 0x00, 0x00, 0x00, 0x00,
  0x00, 0x00, 0x00, 0x00, 0x00, 0x00, 0x00, 0x00, 0x00, 0x00, 0x00, 0x00,
  0x00, 0x00, 0x00, 0x00, 0x00, 0x00, 0x00, 0x00, 0x00, 0x00, 0x00, 0x00,
  0x00, 0x00, 0x00, 0x00, 0x00, 0x00, 0x00, 0x00, 0x00, 0x00, 0x00, 0x00,
  0x00, 0x00, 0x00, 0x00, 0x00, 0x00, 0x00, 0x00, 0x00, 0x00, 0x00, 0x00,
  0x00, 0x00, 0x00, 0x00, 0x00, 0x00, 0x00, 0x00, 0x00, 0x00, 0x00, 0x00,
  0x00, 0x00, 0x00, 0x00, 0x00, 0x00, 0x00, 0x00, 0x00, 0x00, 0x00, 0x00,
  0x00, 0x00, 0x00, 0x00, 0x00, 0x00, 0x00, 0x00, 0x00, 0x00, 0x00, 0x00,
  0x00, 0x00, 0x00, 0x00, 0x00, 0x00, 0x00, 0x00, 0x00, 0x00, 0x00, 0x00,
  0x00, 0x00, 0x00, 0x00, 0x00, 0x00, 0x00, 0x00, 0x00, 0x00, 0x00, 0x00,
  0x00, 0x00, 0x00, 0x00, 0x00, 0x00, 0x00, 0x00, 0x00, 0x00, 0x00, 0x00,
  0x00, 0x00, 0x00, 0x00, 0x00, 0x00, 0x00, 0x00, 0x00, 0x00, 0x00, 0x00,
  0x00, 0x00, 0x00, 0x00, 0x00, 0x00, 0x00, 0x00, 0x00, 0x00, 0x00, 0x00,
  0x00, 0x00, 0x00, 0x00, 0x00, 0x00, 0x00, 0x00, 0x00, 0x00, 0x00, 0x00,
  0x00, 0x00, 0x00, 0x00, 0x00, 0x00, 0x00, 0x00, 0x00, 0x00, 0x00, 0x00,
  0x00, 0x00, 0x00, 0x00, 0x00, 0x00, 0x00, 0x00, 0x00, 0x00, 0x00, 0x00,
  0x00, 0x00, 0x00, 0x00, 0x00, 0x00, 0x00, 0x00, 0x00, 0x00, 0x00, 0x00,
  0x00, 0x00, 0x00, 0x00, 0x00, 0x00, 0x00, 0x00, 0x00, 0x00, 0x00, 0x00,
  0x00, 0x00, 0x00, 0x00, 0x00, 0x00, 0x00, 0x00, 0x00, 0x00, 0x00, 0x00,
  0x00, 0x00, 0x00, 0x00, 0x00, 0x00, 0x00, 0x00, 0x00, 0x00, 0x00, 0x00,
  0x00, 0x00, 0x00, 0x00, 0x00, 0x00, 0x00, 0x00, 0x00, 0x00, 0x00, 0x00,
  0x00, 0x00, 0x00, 0x00, 0x00, 0x00, 0x00, 0x00, 0x00, 0x00, 0x00, 0x00,
  0x00, 0x00, 0x00, 0x00, 0x00, 0x00, 0x00, 0x00, 0x00, 0x00, 0x00, 0x00,
  0x00, 0x00, 0x00, 0x00, 0x00, 0x00, 0x00, 0x00, 0x00, 0x00, 0x00, 0x00,
  0x00, 0x00, 0x00, 0x00, 0x00, 0x00, 0x00, 0x00, 0x00, 0x00, 0x00, 0x00,
  0x00, 0x00, 0x00, 0x00, 0x00, 0x00, 0x00, 0x00, 0x00, 0x00, 0x00, 0x00,
  0x00, 0x00, 0x00, 0x00, 0x00, 0x00, 0x00, 0x00, 0x00, 0x00, 0x00, 0x00,
  0x00, 0x00, 0x00, 0x00, 0x00, 0x00, 0x00, 0x00, 0x00, 0x00, 0x00, 0x00,
  0x00, 0x00, 0x00, 0x00, 0x00, 0x00, 0x00, 0x00, 0x00, 0x00, 0x00, 0x00,
  0x00, 0x00, 0x00, 0x00, 0x00, 0x00, 0x00, 0x00, 0x00, 0x00, 0x00, 0x00,
  0x00, 0x00, 0x00, 0x00, 0x00, 0x00, 0x00, 0x00, 0x00, 0x00, 0x00, 0x00,
  0x00, 0x00, 0x00, 0x00, 0x00, 0x00, 0x00, 0x00, 0x00, 0x00, 0x00, 0x00,
  0x00, 0x00, 0x00, 0x00, 0x00, 0x00, 0x00, 0x00, 0x00, 0x00, 0x00, 0x00,
  0x00, 0x00, 0x00, 0x00, 0x00, 0x00, 0x00, 0x00, 0x00, 0x00, 0x00, 0x00,
  0x00, 0x00, 0x00, 0x00, 0x00, 0x00, 0x00, 0x00, 0x00, 0x00, 0x00, 0x00,
  0x00, 0x00, 0x00, 0x00, 0x00, 0x00, 0x00, 0x00, 0x00, 0x00, 0x00, 0x00,
  0x00, 0x00, 0x00, 0x00, 0x00, 0x00, 0x00, 0x00, 0x00, 0x00, 0x00, 0x00,
  0x00, 0x00, 0x00, 0x00, 0x00, 0x00, 0x00, 0x00, 0x00, 0x00, 0x00, 0x00,
  0x00, 0x00, 0x00, 0x00, 0x00, 0x00, 0x00, 0x00, 0x00, 0x00, 0x00, 0x00,
  0x00, 0x00, 0x00, 0x00, 0x00, 0x00, 0x00, 0x00, 0x00, 0x00, 0x00, 0x00,
  0x00, 0x00, 0x00, 0x00, 0x00, 0x00, 0x00, 0x00, 0x00, 0x00, 0x00, 0x00,
  0x00, 0x00, 0x00, 0x00, 0x00, 0x00, 0x00, 0x00, 0x00, 0x00, 0x00, 0x00,
  0x00, 0x00, 0x00, 0x00, 0x00, 0x00, 0x00, 0x00, 0x00, 0x00, 0x00, 0x00,
  0x00, 0x00, 0x00, 0x00, 0x00, 0x00, 0x00, 0x00, 0x00, 0x00, 0x00, 0x00,
  0x00, 0x00, 0x00, 0x00, 0x00, 0x00, 0x00, 0x00, 0x00, 0x00, 0x00, 0x00,
  0x00, 0x00, 0x00, 0x00, 0x00, 0x00, 0x00, 0x00, 0x00, 0x00, 0x00, 0x00,
  0x00, 0x00, 0x00, 0x00, 0x00, 0x00, 0x00, 0x00, 0x00, 0x00, 0x00, 0x00,
  0x00, 0x00, 0x00, 0x00, 0x00, 0x00, 0x00, 0x00, 0x00, 0x00, 0x00, 0x00,
  0x00, 0x00, 0x00, 0x00, 0x00, 0x00, 0x00, 0x00, 0x00, 0x00, 0x00, 0x00,
  0x00, 0x00, 0x00, 0x00, 0x00, 0x00, 0x00, 0x00, 0x00, 0x00, 0x00, 0x00,
  0x00, 0x00, 0x00, 0x00, 0x00, 0x00, 0x00, 0x00, 0x00, 0x00, 0x00, 0x00,
  0x00, 0x00, 0x00, 0x00, 0x00, 0x00, 0x00, 0x00, 0x00, 0x00, 0x00, 0x00,
  0x00, 0x00, 0x00, 0x00, 0x00, 0x00, 0x00, 0x00, 0x00, 0x00, 0x00, 0x00,
  0x00, 0x00, 0x00, 0x00, 0x00, 0x00, 0x00, 0x00, 0x00, 0x00, 0x00, 0x00,
  0x00, 0x00, 0x00, 0x00, 0x00, 0x00, 0x00, 0x00, 0x00, 0x00, 0x00, 0x00,
  0x00, 0x00, 0x00, 0x00, 0x00, 0x00, 0x00, 0x00, 0x00, 0x00, 0x00, 0x00,
  0x00, 0x00, 0x00, 0x00, 0x00, 0x00, 0x00, 0x00, 0x00, 0x00, 0x00, 0x00,
  0x00, 0x00, 0x00, 0x00, 0x00, 0x00, 0x00, 0x00, 0x00, 0x00, 0x00, 0x00,
  0x00, 0x00, 0x00, 0x00, 0x00, 0x00, 0x00, 0x00, 0x00, 0x00, 0x00, 0x00,
  0x00, 0x00, 0x00, 0x00, 0x00, 0x00, 0x00, 0x00, 0x00, 0x00, 0x00, 0x00,
  0x00, 0x00, 0x00, 0x00, 0x00, 0x00, 0x00, 0x00, 0x00, 0x00, 0x00, 0x00,
  0x00, 0x00, 0x00, 0x00, 0x00, 0x00, 0x00, 0x00, 0x00, 0x00, 0x00, 0x00,
  0x00, 0x00, 0x00, 0x00, 0x00, 0x00, 0x00, 0x00, 0x00, 0x00, 0x00, 0x00,
  0x00, 0x00, 0x00, 0x00, 0x00, 0x00, 0x00, 0x00, 0x00, 0x00, 0x00, 0x00,
  0x00, 0x00, 0x00, 0x00, 0x00, 0x00, 0x00, 0x00, 0x00, 0x00, 0x00, 0x00,
  0x00, 0x00, 0x00, 0x00, 0x00, 0x00, 0x00, 0x00, 0x00, 0x00, 0x00, 0x00,
  0x00, 0x00, 0x00, 0x00, 0x00, 0x00, 0x00, 0x00, 0x00, 0x00, 0x00, 0x00,
  0x00, 0x00, 0x00, 0x00, 0x00, 0x00, 0x00, 0x00, 0x00, 0x00, 0x00, 0x00,
  0x00, 0x00, 0x00, 0x00, 0x00, 0x00, 0x00, 0x00, 0x00, 0x00, 0x00, 0x00,
  0x00, 0x00, 0x00, 0x00, 0x00, 0x00, 0x00, 0x00, 0x00, 0x00, 0x00, 0x00,
  0x00, 0x00, 0x00, 0x00, 0x00, 0x00, 0x00, 0x00, 0x00, 0x00, 0x00, 0x00,
  0x00, 0x00, 0x00, 0x00, 0x00, 0x00, 0x00, 0x00, 0x00, 0x00, 0x00, 0x00,
  0x00, 0x00, 0x00, 0x00, 0x00, 0x00, 0x00, 0x00, 0x00, 0x00, 0x00, 0x00,
  0x00, 0x00, 0x00, 0x00, 0x00, 0x00, 0x00, 0x00, 0x00, 0x00, 0x00, 0x00,
  0x00, 0x00, 0x00, 0x00, 0x00, 0x00, 0x00, 0x00, 0x00, 0x00, 0x00, 0x00,
  0x00, 0x00, 0x00, 0x00, 0x00, 0x00, 0x00, 0x00, 0x00, 0x00, 0x00, 0x00,
  0x00, 0x00, 0x00, 0x00, 0x00, 0x00, 0x00, 0x00, 0x00, 0x00, 0x00, 0x00,
  0x00, 0x00, 0x00, 0x00, 0x00, 0x00, 0x00, 0x00, 0x00, 0x00, 0x00, 0x00,
  0x00, 0x00, 0x00, 0x00, 0x00, 0x00, 0x00, 0x00, 0x00, 0x00, 0x00, 0x00,
  0x00, 0x00, 0x00, 0x00, 0x00, 0x00, 0x00, 0x00, 0x00, 0x00, 0x00, 0x00,
  0x00, 0x00, 0x00, 0x00, 0x00, 0x00, 0x00, 0x00, 0x00, 0x00, 0x00, 0x00,
  0x00, 0x00, 0x00, 0x00, 0x00, 0x00, 0x00, 0x00, 0x00, 0x00, 0x00, 0x00,
  0x00, 0x00, 0x00, 0x00, 0x00, 0x00, 0x00, 0x00, 0x00, 0x00, 0x00, 0x00,
  0x00, 0x00, 0x00, 0x00, 0x00, 0x00, 0x00, 0x00, 0x00, 0x00, 0x00, 0x00,
  0x00, 0x00, 0x00, 0x00, 0x00, 0x00, 0x00, 0x00, 0x00, 0x00, 0x00, 0x00,
  0x00, 0x00, 0x00, 0x00, 0x00, 0x00, 0x00, 0x00, 0x00, 0x00, 0x00, 0x00,
  0x00, 0x00, 0x00, 0x00, 0x00, 0x00, 0x00, 0x00, 0x00, 0x00, 0x00, 0x00,
  0x00, 0x00, 0x00, 0x00, 0x00, 0x00, 0x00, 0x00, 0x00, 0x00, 0x00, 0x00,
  0x00, 0x00, 0x00, 0x00, 0x00, 0x00, 0x00, 0x00, 0x00, 0x00, 0x00, 0x00,
  0x00, 0x00, 0x00, 0x00, 0x00, 0x00, 0x00, 0x00, 0x00, 0x00, 0x00, 0x00,
  0x00, 0x00, 0x00, 0x00, 0x00, 0x00, 0x00, 0x00, 0x00, 0x00, 0x00, 0x00,
  0x00, 0x00, 0x00, 0x00, 0x00, 0x00, 0x00, 0x00, 0x00, 0x00, 0x00, 0x00,
  0x00, 0x00, 0x00, 0x00, 0x00, 0x00, 0x00, 0x00, 0x00, 0x00, 0x00, 0x00,
  0x00, 0x00, 0x00, 0x00, 0x00, 0x00, 0x00, 0x00, 0x00, 0x00, 0x00, 0x00,
  0x00, 0x00, 0x00, 0x00, 0x00, 0x00, 0x00, 0x00, 0x00, 0x00, 0x00, 0x00,
  0x00, 0x00, 0x00, 0x00, 0x00, 0x00, 0x00, 0x00, 0x00, 0x00, 0x00, 0x00,
  0x00, 0x00, 0x00, 0x00, 0x00, 0x00, 0x00, 0x00, 0x00, 0x00, 0x00, 0x00,
  0x00, 0x00, 0x00, 0x00, 0x00, 0x00, 0x00, 0x00, 0x00, 0x00, 0x00, 0x00,
  0x00, 0x00, 0x00, 0x00, 0x00, 0x00, 0x00, 0x00, 0x00, 0x00, 0x00, 0x00,
  0x00, 0x00, 0x00, 0x00, 0x00, 0x00, 0x00, 0x00, 0x00, 0x00, 0x00, 0x00,
  0x00, 0x00, 0x00, 0x00, 0x00, 0x00, 0x00, 0x00, 0x00, 0x00, 0x00, 0x00,
  0x00, 0x00, 0x00, 0x00, 0x00, 0x00, 0x00, 0x00, 0x00, 0x00, 0x00, 0x00,
  0x00, 0x00, 0x00, 0x00, 0x00, 0x00, 0x00, 0x00, 0x00, 0x00, 0x00, 0x00,
  0x00, 0x00, 0x00, 0x00, 0x00, 0x00, 0x00, 0x00, 0x00, 0x00, 0x00, 0x00,
  0x00, 0x00, 0x00, 0x00, 0x00, 0x00, 0x00, 0x00, 0x00, 0x00, 0x00, 0x00,
  0x00, 0x00, 0x00, 0x00, 0x00, 0x00, 0x00, 0x00, 0x00, 0x00, 0x00, 0x00,
  0x00, 0x00, 0x00, 0x00, 0x00, 0x00, 0x00, 0x00, 0x00, 0x00, 0x00, 0x00,
  0x00, 0x00, 0x00, 0x00, 0x00, 0x00, 0x00, 0x00, 0x00, 0x00, 0x00, 0x00,
  0x00, 0x00, 0x00, 0x00, 0x00, 0x00, 0x00, 0x00, 0x00, 0x00, 0x00, 0x00,
  0x00, 0x00, 0x00, 0x00, 0x00, 0x00, 0x00, 0x00, 0x00, 0x00, 0x00, 0x00,
  0x00, 0x00, 0x00, 0x00, 0x00, 0x00, 0x00, 0x00, 0x00, 0x00, 0x00, 0x00,
  0x00, 0x00, 0x00, 0x00, 0x00, 0x00, 0x00, 0x00, 0x00, 0x00, 0x00, 0x00,
  0x00, 0x00, 0x00, 0x00, 0x00, 0x00, 0x00, 0x00, 0x00, 0x00, 0x00, 0x00,
  0x00, 0x00, 0x00, 0x00, 0x00, 0x00, 0x00, 0x00, 0x00, 0x00, 0x00, 0x00,
  0x00, 0x00, 0x00, 0x00, 0x00, 0x00, 0x00, 0x00, 0x00, 0x00, 0x00, 0x00,
  0x00, 0x00, 0x00, 0x00, 0x00, 0x00, 0x00, 0x00, 0x00, 0x00, 0x00, 0x00,
  0x00, 0x00, 0x00, 0x00, 0x00, 0x00, 0x00, 0x00, 0x00, 0x00, 0x00, 0x00,
  0x00, 0x00, 0x00, 0x00, 0x00, 0x00, 0x00, 0x00, 0x00, 0x00, 0x00, 0x00,
  0x00, 0x00, 0x00, 0x00, 0x00, 0x00, 0x00, 0x00, 0x00, 0x00, 0x00, 0x00,
  0x00, 0x00, 0x00, 0x00, 0x00, 0x00, 0x00, 0x00, 0x00, 0x00, 0x00, 0x00,
  0x00, 0x00, 0x00, 0x00, 0x00, 0x00, 0x00, 0x00, 0x00, 0x00, 0x00, 0x00,
  0x00, 0x00, 0x00, 0x00, 0x00, 0x00, 0x00, 0x00, 0x00, 0x00, 0x00, 0x00,
  0x00, 0x00, 0x00, 0x00, 0x00, 0x00, 0x00, 0x00, 0x00, 0x00, 0x00, 0x00,
  0x00, 0x00, 0x00, 0x00, 0x00, 0x00, 0x00, 0x00, 0x00, 0x00, 0x00, 0x00,
  0x00, 0x00, 0x00, 0x00, 0x00, 0x00, 0x00, 0x00, 0x00, 0x00, 0x00, 0x00,
  0x00, 0x00, 0x00, 0x00, 0x00, 0x00, 0x00, 0x00, 0x00, 0x00, 0x00, 0x00,
  0x00, 0x00, 0x00, 0x00, 0x00, 0x00, 0x00, 0x00, 0x00, 0x00, 0x00, 0x00,
  0x00, 0x00, 0x00, 0x00, 0x00, 0x00, 0x00, 0x00, 0x00, 0x00, 0x00, 0x00,
  0x00, 0x00, 0x00, 0x00, 0x00, 0x00, 0x00, 0x00, 0x00, 0x00, 0x00, 0x00,
  0x00, 0x00, 0x00, 0x00, 0x00, 0x00, 0x00, 0x00, 0x00, 0x00, 0x00, 0x00,
  0x00, 0x00, 0x00, 0x00, 0x00, 0x00, 0x00, 0x00, 0x00, 0x00, 0x00, 0x00,
  0x00, 0x00, 0x00, 0x00, 0x00, 0x00, 0x00, 0x00, 0x00, 0x00, 0x00, 0x00,
  0x00, 0x00, 0x00, 0x00, 0x00, 0x00, 0x00, 0x00, 0x00, 0x00, 0x00, 0x00,
  0x00, 0x00, 0x00, 0x00, 0x00, 0x00, 0x00, 0x00, 0x00, 0x00, 0x00, 0x00,
  0x00, 0x00, 0x00, 0x00, 0x00, 0x00, 0x00, 0x00, 0x00, 0x00, 0x00, 0x00,
  0x00, 0x00, 0x00, 0x00, 0x00, 0x00, 0x00, 0x00, 0x00, 0x00, 0x00, 0x00,
  0x00, 0x00, 0x00, 0x00, 0x00, 0x00, 0x00, 0x00, 0x00, 0x00, 0x00, 0x00,
  0x00, 0x00, 0x00, 0x00, 0x00, 0x00, 0x00, 0x00, 0x00, 0x00, 0x00, 0x00,
  0x00, 0x00, 0x00, 0x00, 0x00, 0x00, 0x00, 0x00, 0x00, 0x00, 0x00, 0x00,
  0x00, 0x00, 0x00, 0x00, 0x00, 0x00, 0x00, 0x00, 0x00, 0x00, 0x00, 0x00,
  0x00, 0x00, 0x00, 0x00, 0x00, 0x00, 0x00, 0x00, 0x00, 0x00, 0x00, 0x00,
  0x00, 0x00, 0x00, 0x00, 0x00, 0x00, 0x00, 0x00, 0x00, 0x00, 0x00, 0x00,
  0x00, 0x00, 0x00, 0x00, 0x00, 0x00, 0x00, 0x00, 0x00, 0x00, 0x00, 0x00,
  0x00, 0x00, 0x00, 0x00, 0x00, 0x00, 0x00, 0x00, 0x00, 0x00, 0x00, 0x00,
  0x00, 0x00, 0x00, 0x00, 0x00, 0x00, 0x00, 0x00, 0x00, 0x00, 0x00, 0x00,
  0x00, 0x00, 0x00, 0x00, 0x00, 0x00, 0x00, 0x00, 0x00, 0x00, 0x00, 0x00,
  0x00, 0x00, 0x00, 0x00, 0x00, 0x00, 0x00, 0x00, 0x00, 0x00, 0x00, 0x00,
  0x00, 0x00, 0x00, 0x00, 0x00, 0x00, 0x00, 0x00, 0x00, 0x00, 0x00, 0x00,
  0x00, 0x00, 0x00, 0x00, 0x00, 0x00, 0x00, 0x00, 0x00, 0x00, 0x00, 0x00,
  0x00, 0x00, 0x00, 0x00, 0x00, 0x00, 0x00, 0x00, 0x00, 0x00, 0x00, 0x00,
  0x00, 0x00, 0x00, 0x00, 0x00, 0x00, 0x00, 0x00, 0x00, 0x00, 0x00, 0x00,
  0x00, 0x00, 0x00, 0x00, 0x00, 0x00, 0x00, 0x00, 0x00, 0x00, 0x00, 0x00,
  0x00, 0x00, 0x00, 0x00, 0x00, 0x00, 0x00, 0x00, 0x00, 0x00, 0x00, 0x00,
  0x00, 0x00, 0x00, 0x00, 0x00, 0x00, 0x00, 0x00, 0x00, 0x00, 0x00, 0x00,
  0x00, 0x00, 0x00, 0x00, 0x00, 0x00, 0x00, 0x00, 0x00, 0x00, 0x00, 0x00,
  0x00, 0x00, 0x00, 0x00, 0x00, 0x00, 0x00, 0x00, 0x00, 0x00, 0x00, 0x00,
  0x00, 0x00, 0x00, 0x00, 0x00, 0x00, 0x00, 0x00, 0x00, 0x00, 0x00, 0x00,
  0x00, 0x00, 0x00, 0x00, 0x00, 0x00, 0x00, 0x00, 0x00, 0x00, 0x00, 0x00,
  0x00, 0x00, 0x00, 0x00, 0x00, 0x00, 0x00, 0x00, 0x00, 0x00, 0x00, 0x00,
  0x00, 0x00, 0x00, 0x00, 0x00, 0x00, 0x00, 0x00, 0x00, 0x00, 0x00, 0x00,
  0x00, 0x00, 0x00, 0x00, 0x00, 0x00, 0x00, 0x00, 0x00, 0x00, 0x00, 0x00,
  0x00, 0x00, 0x00, 0x00, 0x00, 0x00, 0x00, 0x00, 0x00, 0x00, 0x00, 0x00,
  0x00, 0x00, 0x00, 0x00, 0x00, 0x00, 0x00, 0x00, 0x00, 0x00, 0x00, 0x00,
  0x00, 0x00, 0x00, 0x00, 0x00, 0x00, 0x00, 0x00, 0x00, 0x00, 0x00, 0x00,
  0x00, 0x00, 0x00, 0x00, 0x00, 0x00, 0x00, 0x00, 0x00, 0x00, 0x00, 0x00,
  0x00, 0x00, 0x00, 0x00, 0x00, 0x00, 0x00, 0x00, 0x00, 0x00, 0x00, 0x00,
  0x00, 0x00, 0x00, 0x00, 0x00, 0x00, 0x00, 0x00, 0x00, 0x00, 0x00, 0x00,
  0x00, 0x00, 0x00, 0x00, 0x00, 0x00, 0x00, 0x00, 0x00, 0x00, 0x00, 0x00,
  0x00, 0x00, 0x00, 0x00, 0x00, 0x00, 0x00, 0x00, 0x00, 0x00, 0x00, 0x00,
  0x00, 0x00, 0x00, 0x00, 0x00, 0x00, 0x00, 0x00, 0x00, 0x00, 0x00, 0x00,
  0x00, 0x00, 0x00, 0x00, 0x00, 0x00, 0x00, 0x00, 0x00, 0x00, 0x00, 0x00,
  0x00, 0x00, 0x00, 0x00, 0x00, 0x00, 0x00, 0x00, 0x00, 0x00, 0x00, 0x00,
  0x00, 0x00, 0x00, 0x00, 0x00, 0x00, 0x00, 0x00, 0x00, 0x00, 0x00, 0x00,
  0x00, 0x00, 0x00, 0x00, 0x00, 0x00, 0x00, 0x00, 0x00, 0x00, 0x00, 0x00,
  0x00, 0x00, 0x00, 0x00, 0x00, 0x00, 0x00, 0x00, 0x00, 0x00, 0x00, 0x00,
  0x00, 0x00, 0x00, 0x00, 0x00, 0x00, 0x00, 0x00, 0x00, 0x00, 0x00, 0x00,
  0x00, 0x00, 0x00, 0x00, 0x00, 0x00, 0x00, 0x00, 0x00, 0x00, 0x00, 0x00,
  0x00, 0x00, 0x00, 0x00, 0x00, 0x00, 0x00, 0x00, 0x00, 0x00, 0x00, 0x00,
  0x00, 0x00, 0x00, 0x00, 0x00, 0x00, 0x00, 0x00, 0x00, 0x00, 0x00, 0x00,
  0x00, 0x00, 0x00, 0x00, 0x00, 0x00, 0x00, 0x00, 0x00, 0x00, 0x00, 0x00,
  0x00, 0x00, 0x00, 0x00, 0x00, 0x00, 0x00, 0x00, 0x00, 0x00, 0x00, 0x00,
  0x00, 0x00, 0x00, 0x00, 0x00, 0x00, 0x00, 0x00, 0x00, 0x00, 0x00, 0x00,
  0x00, 0x00, 0x00, 0x00, 0x00, 0x00, 0x00, 0x00, 0x00, 0x00, 0x00, 0x00,
  0x00, 0x00, 0x00, 0x00, 0x00, 0x00, 0x00, 0x00, 0x00, 0x00, 0x00, 0x00,
  0x00, 0x00, 0x00, 0x00, 0x00, 0x00, 0x00, 0x00, 0x00, 0x00, 0x00, 0x00,
  0x00, 0x00, 0x00, 0x00, 0x00, 0x00, 0x00, 0x00, 0x00, 0x00, 0x00, 0x00,
  0x00, 0x00, 0x00, 0x00, 0x00, 0x00, 0x00, 0x00, 0x00, 0x00, 0x00, 0x00,
  0x00, 0x00, 0x00, 0x00, 0x00, 0x00, 0x00, 0x00, 0x00, 0x00, 0x00, 0x00,
  0x00, 0x00, 0x00, 0x00, 0x00, 0x00, 0x00, 0x00, 0x00, 0x00, 0x00, 0x00,
  0x00, 0x00, 0x00, 0x00, 0x00, 0x00, 0x00, 0x00, 0x00, 0x00, 0x00, 0x00,
  0x00, 0x00, 0x00, 0x00, 0x00, 0x00, 0x00, 0x00, 0x00, 0x00, 0x00, 0x00,
  0x00, 0x00, 0x00, 0x00, 0x00, 0x00, 0x00, 0x00, 0x00, 0x00, 0x00, 0x00,
  0x00, 0x00, 0x00, 0x00, 0x00, 0x00, 0x00, 0x00, 0x00, 0x00, 0x00, 0x00,
  0x00, 0x00, 0x00, 0x00, 0x00, 0x00, 0x00, 0x00, 0x00, 0x00, 0x00, 0x00,
  0x00, 0x00, 0x00, 0x00, 0x00, 0x00, 0x00, 0x00, 0x00, 0x00, 0x00, 0x00,
  0x00, 0x00, 0x00, 0x00, 0x00, 0x00, 0x00, 0x00, 0x00, 0x00, 0x00, 0x00,
  0x00, 0x00, 0x00, 0x00, 0x00, 0x00, 0x00, 0x00, 0x00, 0x00, 0x00, 0x00,
  0x00, 0x00, 0x00, 0x00, 0x00, 0x00, 0x00, 0x00, 0x00, 0x00, 0x00, 0x00,
  0x00, 0x00, 0x00, 0x00, 0x00, 0x00, 0x00, 0x00, 0x00, 0x00, 0x00, 0x00,
  0x00, 0x00, 0x00, 0x00, 0x00, 0x00, 0x00, 0x00, 0x00, 0x00, 0x00, 0x00,
  0x00, 0x00, 0x00, 0x00, 0x00, 0x00, 0x00, 0x00, 0x00, 0x00, 0x00, 0x00,
  0x00, 0x00, 0x00, 0x00, 0x00, 0x00, 0x00, 0x00, 0x00, 0x00, 0x00, 0x00,
  0x00, 0x00, 0x00, 0x00, 0x00, 0x00, 0x00, 0x00, 0x00, 0x00, 0x00, 0x00,
  0x00, 0x00, 0x00, 0x00, 0x00, 0x00, 0x00, 0x00, 0x00, 0x00, 0x00, 0x00,
  0x00, 0x00, 0x00, 0x00, 0x00, 0x00, 0x00, 0x00, 0x00, 0x00, 0x00, 0x00,
  0x00, 0x00, 0x00, 0x00, 0x00, 0x00, 0x00, 0x00, 0x00, 0x00, 0x00, 0x00,
  0x00, 0x00, 0x00, 0x00, 0x00, 0x00, 0x00, 0x00, 0x00, 0x00, 0x00, 0x00,
  0x00, 0x00, 0x00, 0x00, 0x00, 0x00, 0x00, 0x00, 0x00, 0x00, 0x00, 0x00,
  0x00, 0x00, 0x00, 0x00, 0x00, 0x00, 0x00, 0x00, 0x00, 0x00, 0x00, 0x00,
  0x00, 0x00, 0x00, 0x00, 0x00, 0x00, 0x00, 0x00, 0x00, 0x00, 0x00, 0x00,
  0x00, 0x00, 0x00, 0x00, 0x00, 0x00, 0x00, 0x00, 0x00, 0x00, 0x00, 0x00,
  0x00, 0x00, 0x00, 0x00, 0x00, 0x00, 0x00, 0x00, 0x00, 0x00, 0x00, 0x00,
  0x00, 0x00, 0x00, 0x00, 0x00, 0x00, 0x00, 0x00, 0x00, 0x00, 0x00, 0x00,
  0x00, 0x00, 0x00, 0x00, 0x00, 0x00, 0x00, 0x00, 0x00, 0x00, 0x00, 0x00,
  0x00, 0x00, 0x00, 0x00, 0x00, 0x00, 0x00, 0x00, 0x00, 0x00, 0x00, 0x00,
  0x00, 0x00, 0x00, 0x00, 0x00, 0x00, 0x00, 0x00, 0x00, 0x00, 0x00, 0x00,
  0x00, 0x00, 0x00, 0x00, 0x00, 0x00, 0x00, 0x00, 0x00, 0x00, 0x00, 0x00,
  0x00, 0x00, 0x00, 0x00, 0x00, 0x00, 0x00, 0x00, 0x00, 0x00, 0x00, 0x00,
  0x00, 0x00, 0x00, 0x00, 0x00, 0x00, 0x00, 0x00, 0x00, 0x00, 0x00, 0x00,
  0x00, 0x00, 0x00, 0x00, 0x00, 0x00, 0x00, 0x00, 0x00, 0x00, 0x00, 0x00,
  0x00, 0x00, 0x00, 0x00, 0x00, 0x00, 0x00, 0x00, 0x00, 0x00, 0x00, 0x00,
  0x00, 0x00, 0x00, 0x00, 0x00, 0x00, 0x00, 0x00, 0x00, 0x00, 0x00, 0x00,
  0x00, 0x00, 0x00, 0x00, 0x00, 0x00, 0x00, 0x00, 0x00, 0x00, 0x00, 0x00,
  0x00, 0x00, 0x00, 0x00, 0x00, 0x00, 0x00, 0x00, 0x00, 0x00, 0x00, 0x00,
  0x00, 0x00, 0x00, 0x00
};
unsigned int BattleShip_rom_len = 16384;
