unsigned char BlockHole_rom[] = {
  0x41, 0x42, 0x10, 0x40, 0x00, 0x00, 0x00, 0x00, 0x00, 0x00, 0x00, 0x00,
  0x00, 0x00, 0x00, 0x00, 0xc3, 0x19, 0x40, 0xc3, 0x3e, 0x45, 0xc3, 0x51,
  0x40, 0xf3, 0xcd, 0x38, 0x01, 0x0f, 0x0f, 0xe6, 0x03, 0x4f, 0x06, 0x00,
  0x21, 0xc1, 0xfc, 0x09, 0x4f, 0x7e, 0xe6, 0x80, 0xb1, 0x4f, 0x23, 0x23,
  0x23, 0x23, 0x7e, 0xe6, 0x0c, 0xb1, 0x26, 0x80, 0xcd, 0x24, 0x00, 0x31,
  0x80, 0xf3, 0xaf, 0x32, 0xeb, 0xf3, 0xcd, 0x62, 0x00, 0xcd, 0x94, 0x41,
  0xcd, 0x14, 0x42, 0xcd, 0xa4, 0x44, 0xcd, 0x00, 0x79, 0xcd, 0x14, 0x42,
  0xcd, 0x94, 0x41, 0x21, 0x01, 0x00, 0x22, 0x00, 0xfb, 0xcd, 0xb7, 0x44,
  0xaf, 0xf5, 0x21, 0x00, 0xe0, 0x11, 0x01, 0xe0, 0x36, 0x00, 0x01, 0x00,
  0x13, 0xed, 0xb0, 0xcd, 0x94, 0x41, 0xcd, 0x00, 0x94, 0xcd, 0xb8, 0x42,
  0xcd, 0x14, 0x42, 0xf1, 0x32, 0xee, 0xe1, 0xf3, 0x3e, 0x01, 0x32, 0xc0,
  0xe1, 0x32, 0xc0, 0xe3, 0x3e, 0x02, 0x32, 0x52, 0x45, 0x3e, 0x03, 0x32,
  0xf3, 0xe1, 0x32, 0xf3, 0xe3, 0x3a, 0xee, 0xe1, 0xb7, 0x28, 0x06, 0x21,
  0x98, 0x42, 0x22, 0x9b, 0xfd, 0x21, 0x00, 0xbf, 0x22, 0xef, 0xe1, 0xaf,
  0x32, 0xf1, 0xe1, 0x32, 0xf2, 0xe1, 0x3a, 0xee, 0xe1, 0xb7, 0xcc, 0xbf,
  0x45, 0x3a, 0x82, 0xfc, 0xfe, 0x01, 0x20, 0x0a, 0x3e, 0x45, 0x32, 0xe5,
  0xe1, 0x3e, 0x02, 0x32, 0x82, 0xfc, 0x3e, 0x01, 0x32, 0xc1, 0xfa, 0x3a,
  0x00, 0xe0, 0xe6, 0x01, 0x28, 0x33, 0xaf, 0x32, 0x03, 0xe0, 0x3a, 0x00,
  0xe0, 0xe6, 0x01, 0x28, 0xf9, 0x3a, 0x03, 0xe0, 0xfe, 0x09, 0x28, 0x1e,
  0x3c, 0x32, 0x03, 0xe0, 0xf5, 0xcd, 0x03, 0x49, 0xf1, 0xc6, 0x30, 0x21,
  0x70, 0x18, 0xcd, 0x06, 0x90, 0x21, 0x00, 0x00, 0x11, 0x00, 0x00, 0x01,
  0x00, 0x80, 0xed, 0xb0, 0x18, 0xd4, 0xaf, 0x18, 0xe0, 0xaf, 0x32, 0x00,
  0xfb, 0x21, 0x00, 0xe4, 0x11, 0x01, 0xe4, 0x36, 0x00, 0x01, 0x00, 0x0c,
  0xed, 0xb0, 0xcd, 0x00, 0x9a, 0xcd, 0x06, 0x9a, 0xcd, 0x00, 0xba, 0xcd,
  0x06, 0xba, 0x3e, 0x02, 0x21, 0x00, 0x38, 0xcd, 0x06, 0x90, 0x3e, 0x02,
  0x21, 0x01, 0x38, 0xcd, 0x06, 0x90, 0x3a, 0x52, 0x45, 0xfe, 0x04, 0x20,
  0x0a, 0x3e, 0x03, 0x32, 0x02, 0xe0, 0x3e, 0x13, 0x32, 0x02, 0xe2, 0xcd,
  0x00, 0xa1, 0xfb, 0xcd, 0x03, 0x9a, 0xfb, 0xcd, 0x00, 0xa9, 0xfb, 0xcd,
  0x03, 0xba, 0xfb, 0xcd, 0x03, 0xa1, 0x3a, 0xe8, 0xe1, 0xfe, 0x07, 0x28,
  0x07, 0x3a, 0xe4, 0xe1, 0xb7, 0xc2, 0xb4, 0x43, 0x3a, 0xe9, 0xe1, 0xfe,
  0x07, 0x28, 0x07, 0x3a, 0xe5, 0xe1, 0xb7, 0xc2, 0x25, 0x44, 0xcd, 0x5c,
  0x43, 0xcd, 0xb7, 0x00, 0xfb, 0x30, 0xc8, 0x21, 0x00, 0x90, 0x2b, 0xfb,
  0x7d, 0xb4, 0x20, 0xfa, 0xcd, 0xb7, 0x00, 0x30, 0xf2, 0x21, 0x00, 0xa0,
  0x2b, 0x7d, 0xb4, 0x20, 0xfb, 0xc3, 0x43, 0x41, 0xaf, 0x32, 0xc1, 0xfa,
  0xcd, 0x7e, 0x00, 0xaf, 0x21, 0x00, 0x00, 0x01, 0x00, 0x40, 0xcd, 0x56,
  0x00, 0x3e, 0x02, 0x32, 0xaf, 0xfc, 0xf3, 0x3e, 0xe2, 0xd3, 0x99, 0x3e,
  0x81, 0xd3, 0x99, 0xaf, 0xd3, 0x99, 0x3e, 0x87, 0xd3, 0x99, 0x21, 0x00,
  0x60, 0x11, 0x00, 0xe0, 0xcd, 0x03, 0x43, 0x21, 0x00, 0xe0, 0x11, 0x00,
  0x00, 0x06, 0x03, 0xe5, 0xd5, 0xc5, 0x01, 0x00, 0x08, 0xcd, 0x0c, 0x90,
  0xc1, 0xd1, 0x21, 0x00, 0x08, 0x19, 0xeb, 0xe1, 0x10, 0xed, 0x21, 0x00,
  0xe8, 0x11, 0x00, 0x20, 0x06, 0x03, 0xe5, 0xd5, 0xc5, 0x01, 0x00, 0x08,
  0xcd, 0x0c, 0x90, 0xc1, 0xd1, 0x21, 0x00, 0x08, 0x19, 0xeb, 0xe1, 0x10,
  0xed, 0x21, 0xf0, 0x7e, 0x11, 0x00, 0xe0, 0xcd, 0x03, 0x43, 0x21, 0x00,
  0xe0, 0x11, 0x00, 0x38, 0x01, 0x00, 0x02, 0xcd, 0x0c, 0x90, 0x3e, 0x01,
  0x32, 0xc1, 0xfa, 0xc9, 0xaf, 0x67, 0x16, 0x5a, 0xcd, 0x0f, 0x90, 0x21,
  0x00, 0xe0, 0x11, 0x01, 0xe0, 0x01, 0x52, 0x01, 0x36, 0x00, 0xed, 0xb0,
  0x21, 0x92, 0xe1, 0x11, 0x93, 0xe1, 0x01, 0xc0, 0x01, 0x36, 0x00, 0xed,
  0xb0, 0x21, 0x92, 0xe3, 0x11, 0x93, 0xe3, 0x01, 0x6e, 0x0f, 0x36, 0x00,
  0xed, 0xb0, 0xaf, 0x32, 0x82, 0xe1, 0x3e, 0x01, 0x32, 0xc4, 0xe1, 0x32,
  0xc3, 0xe1, 0x32, 0xc8, 0xe1, 0x32, 0x84, 0xfc, 0x32, 0xdc, 0xe1, 0x3e,
  0x3c, 0x32, 0x9a, 0xe1, 0xaf, 0x32, 0x82, 0xe3, 0x3e, 0x01, 0x32, 0xc4,
  0xe3, 0x32, 0xc3, 0xe3, 0x32, 0xc8, 0xe3, 0x3e, 0x3c, 0x32, 0x9a, 0xe3,
  0xf3, 0x3e, 0xc3, 0x32, 0x9a, 0xfd, 0x21, 0x7d, 0x42, 0x22, 0x9b, 0xfd,
  0xc9, 0xdb, 0x99, 0xcd, 0x00, 0x49, 0xcd, 0x00, 0x8f, 0xcd, 0x80, 0x8f,
  0xe1, 0xdd, 0xe1, 0xfd, 0xe1, 0xf1, 0xc1, 0xd1, 0xe1, 0x08, 0xd9, 0xf1,
  0xc1, 0xd1, 0xe1, 0xc9, 0xcd, 0x00, 0x8f, 0xb7, 0x20, 0x0a, 0xcd, 0x3e,
  0x45, 0x32, 0x00, 0xe2, 0x32, 0x01, 0xe2, 0xc9, 0x3e, 0xc9, 0x32, 0x9a,
  0xfd, 0xcd, 0x94, 0x41, 0x3e, 0x09, 0xcd, 0x03, 0x49, 0xc3, 0x51, 0x40,
  0x21, 0xb8, 0x03, 0x11, 0x52, 0xe1, 0xcd, 0xfd, 0x42, 0x21, 0xb8, 0x23,
  0x11, 0x62, 0xe1, 0xcd, 0xfd, 0x42, 0x21, 0xc8, 0x03, 0x11, 0x72, 0xe1,
  0xcd, 0xfd, 0x42, 0x21, 0xc8, 0x23, 0x11, 0x82, 0xe1, 0xcd, 0xfd, 0x42,
  0x21, 0xd8, 0x02, 0x11, 0x52, 0xe3, 0xcd, 0xfd, 0x42, 0x21, 0xd8, 0x22,
  0x11, 0x62, 0xe3, 0xcd, 0xfd, 0x42, 0x21, 0xe8, 0x02, 0x11, 0x72, 0xe3,
  0xcd, 0xfd, 0x42, 0x21, 0xe8, 0x22, 0x11, 0x82, 0xe3, 0x01, 0x10, 0x00,
  0xc3, 0x0f, 0x90, 0xd9, 0xe5, 0xd5, 0xc5, 0xd9, 0xe5, 0xd5, 0xd9, 0xd1,
  0xe1, 0x7e, 0xb7, 0x28, 0x39, 0xfe, 0x80, 0x28, 0x1e, 0x30, 0x08, 0x23,
  0x4f, 0x06, 0x00, 0xed, 0xb0, 0x18, 0xee, 0xe6, 0x7f, 0x3d, 0x4f, 0x06,
  0x00, 0x23, 0x7e, 0x12, 0x23, 0xe5, 0xeb, 0xe5, 0xd1, 0x13, 0xed, 0xb0,
  0xe1, 0x18, 0xda, 0x23, 0x4e, 0x23, 0x46, 0x23, 0x7e, 0xe5, 0xc5, 0xd9,
  0xe1, 0x19, 0xe5, 0xd9, 0xe1, 0x4f, 0x06, 0x00, 0xed, 0xb0, 0xe1, 0x23,
  0x18, 0xc3, 0xd5, 0xd9, 0xe1, 0xe5, 0x37, 0x3f, 0xed, 0x52, 0xe5, 0xc1,
  0xeb, 0xd1, 0xd9, 0xc1, 0xd1, 0xe1, 0xd9, 0xc9, 0x3a, 0xe4, 0xe1, 0xb7,
  0x20, 0x06, 0x3a, 0xe2, 0xe1, 0xb7, 0x20, 0x25, 0x3a, 0xe5, 0xe1, 0xb7,
  0xc0, 0x3a, 0xe3, 0xe1, 0xb7, 0xc8, 0x3e, 0x01, 0x32, 0xe5, 0xe1, 0x3e,
  0xff, 0xcd, 0x03, 0x49, 0x3e, 0x0a, 0x32, 0xe7, 0xe1, 0x3e, 0x05, 0xcd,
  0x06, 0x49, 0x21, 0xc1, 0xec, 0xcd, 0xa9, 0x43, 0xc9, 0x3e, 0x01, 0x32,
  0xe4, 0xe1, 0x3e, 0xff, 0xcd, 0x03, 0x49, 0x3e, 0x0a, 0x32, 0xe6, 0xe1,
  0x3e, 0x05, 0xcd, 0x06, 0x49, 0x21, 0xd1, 0xec, 0xcd, 0xa9, 0x43, 0x18,
  0xbf, 0x36, 0x00, 0x54, 0x5d, 0x13, 0x01, 0x0e, 0x00, 0xed, 0xb0, 0xc9,
  0x21, 0x00, 0x1b, 0xcd, 0x09, 0x90, 0x5f, 0x21, 0x01, 0x1b, 0xcd, 0x09,
  0x90, 0x06, 0x00, 0x57, 0x0e, 0x08, 0x3a, 0xe4, 0xe1, 0x87, 0xc6, 0x02,
  0xcd, 0x00, 0x90, 0x0e, 0x0a, 0x04, 0x3c, 0xcd, 0x00, 0x90, 0x21, 0xe6,
  0xe1, 0x35, 0xc2, 0x64, 0x41, 0x36, 0x02, 0x3a, 0xe4, 0xe1, 0x3c, 0xfe,
  0x05, 0x28, 0x06, 0x32, 0xe4, 0xe1, 0xc3, 0x64, 0x41, 0x3a, 0xe8, 0xe1,
  0x3c, 0xfe, 0x07, 0x28, 0x0b, 0x32, 0xe8, 0xe1, 0x3e, 0x02, 0x32, 0xe4,
  0xe1, 0xc3, 0x64, 0x41, 0x32, 0xe8, 0xe1, 0x3e, 0x00, 0x32, 0x00, 0xfb,
  0x3a, 0xeb, 0xe1, 0xcd, 0x03, 0x49, 0xaf, 0x32, 0xe2, 0xe1, 0x3e, 0x07,
  0x32, 0xca, 0xe1, 0x21, 0x00, 0x1b, 0x01, 0x10, 0x00, 0x3e, 0xbf, 0xcd,
  0x56, 0x00, 0xc3, 0x64, 0x41, 0x3a, 0xe5, 0xe1, 0xfe, 0x45, 0x20, 0x07,
  0x3e, 0x07, 0x32, 0xe9, 0xe1, 0x18, 0x5a, 0x21, 0x10, 0x1b, 0xcd, 0x09,
  0x90, 0x5f, 0x21, 0x11, 0x1b, 0xcd, 0x09, 0x90, 0x06, 0x04, 0x57, 0x0e,
  0x08, 0x3a, 0xe5, 0xe1, 0x87, 0xc6, 0x02, 0xcd, 0x00, 0x90, 0x0e, 0x0a,
  0x04, 0x3c, 0xcd, 0x00, 0x90, 0x21, 0xe7, 0xe1, 0x35, 0xc2, 0x43, 0x41,
  0x36, 0x02, 0x3a, 0xe5, 0xe1, 0x3c, 0xfe, 0x05, 0x28, 0x06, 0x32, 0xe5,
  0xe1, 0xc3, 0x43, 0x41, 0x3a, 0xe9, 0xe1, 0x3c, 0xfe, 0x07, 0x28, 0x0b,
  0x32, 0xe9, 0xe1, 0x3e, 0x02, 0x32, 0xe5, 0xe1, 0xc3, 0x43, 0x41, 0x32,
  0xe9, 0xe1, 0x3e, 0x00, 0x32, 0x00, 0xfb, 0x3a, 0xeb, 0xe1, 0xcd, 0x03,
  0x49, 0xaf, 0x32, 0xe3, 0xe1, 0x3e, 0x07, 0x32, 0xca, 0xe3, 0x21, 0x10,
  0x1b, 0x01, 0x10, 0x00, 0x3e, 0xbf, 0xcd, 0x56, 0x00, 0xc3, 0x43, 0x41,
  0x21, 0x9d, 0x65, 0x11, 0x80, 0xe6, 0xcd, 0x03, 0x43, 0x21, 0x80, 0x7e,
  0x11, 0x00, 0xeb, 0xcd, 0x03, 0x43, 0xc9, 0xfb, 0x21, 0x00, 0x70, 0x2b,
  0x7d, 0xb4, 0x20, 0xfb, 0x01, 0x30, 0x01, 0xc5, 0xcd, 0x0c, 0x9a, 0x6f,
  0x0e, 0x03, 0xcd, 0x0f, 0x9a, 0x44, 0xc5, 0xcd, 0x0c, 0x9a, 0x6f, 0x0e,
  0xde, 0xcd, 0x0f, 0x9a, 0xc1, 0x4c, 0x21, 0x00, 0x76, 0x09, 0xeb, 0x21,
  0x00, 0x18, 0x09, 0xeb, 0x01, 0x02, 0x00, 0xd5, 0xcd, 0x0c, 0x90, 0x01,
  0x20, 0x00, 0x09, 0xeb, 0xe1, 0x09, 0xeb, 0x01, 0x02, 0x00, 0xcd, 0x0c,
  0x90, 0xcd, 0xa0, 0x98, 0xcd, 0xb0, 0xb1, 0xc1, 0x0b, 0x79, 0xb0, 0x20,
  0xbe, 0x21, 0x00, 0x76, 0x11, 0x00, 0x18, 0x01, 0x00, 0x03, 0xcd, 0x0c,
  0x90, 0x21, 0x00, 0x09, 0xe5, 0x3a, 0x00, 0xe0, 0x4f, 0x3a, 0x00, 0xe2,
  0xb1, 0xcb, 0x67, 0x20, 0x0e, 0xcd, 0xa0, 0x98, 0xcd, 0xb0, 0xb1, 0xe1,
  0x2b, 0x7c, 0xb7, 0x28, 0x08, 0x18, 0xe5, 0xe1, 0xaf, 0x32, 0xee, 0xe1,
  0xc9, 0x3e, 0xc9, 0x32, 0x9a, 0xfd, 0xe1, 0xc3, 0x10, 0x40, 0x3a, 0xee,
  0xe1, 0xfe, 0x01, 0x28, 0x0d, 0xcd, 0x00, 0x8f, 0x57, 0x3a, 0xee, 0xe1,
  0xfe, 0x02, 0x28, 0x33, 0x7a, 0xc9, 0x2a, 0xef, 0xe1, 0x7c, 0xfe, 0xc0,
  0x28, 0x5c, 0x3a, 0xf2, 0xe1, 0xb7, 0x28, 0x0e, 0x3a, 0xf1, 0xe1, 0x21,
  0xf2, 0xe1, 0x35, 0x32, 0x00, 0xe0, 0x32, 0x01, 0xe0, 0xc9, 0x2a, 0xef,
  0xe1, 0x7e, 0xfe, 0xf0, 0x28, 0x40, 0x32, 0xf2, 0xe1, 0x23, 0x7e, 0x32,
  0xf1, 0xe1, 0x23, 0x22, 0xef, 0xe1, 0xc9, 0x3a, 0xf1, 0xe1, 0xba, 0x20,
  0x0d, 0x3a, 0xf2, 0xe1, 0x3c, 0x32, 0xf2, 0xe1, 0xfe, 0xff, 0x28, 0x02,
  0x7a, 0xc9, 0x3a, 0xf2, 0xe1, 0x2a, 0xef, 0xe1, 0x77, 0x23, 0x3a, 0xf1,
  0xe1, 0x77, 0x23, 0x22, 0xef, 0xe1, 0x7a, 0x32, 0xf1, 0xe1, 0xaf, 0x32,
  0xf2, 0xe1, 0x7c, 0xfe, 0xc0, 0xc0, 0x2b, 0x2b, 0x36, 0xf0, 0x3e, 0xc9,
  0x32, 0x9a, 0xfd, 0xe1, 0xc3, 0x10, 0x40, 0xaf, 0x32, 0x00, 0xfb, 0x3e,
  0x09, 0xcd, 0x03, 0x49, 0x21, 0x00, 0x73, 0x11, 0x00, 0x18, 0x01, 0x00,
  0x03, 0xcd, 0x0c, 0x90, 0x11, 0x6a, 0x18, 0x21, 0xe5, 0x46, 0x06, 0x05,
  0xc5, 0xe5, 0xd5, 0x01, 0x0d, 0x00, 0xcd, 0x0c, 0x90, 0xe1, 0x01, 0x40,
  0x00, 0x09, 0xeb, 0xe1, 0x01, 0x0d, 0x00, 0x09, 0xc1, 0x10, 0xe9, 0x16,
  0x01, 0x1e, 0x00, 0x7a, 0xf5, 0xd5, 0x42, 0x21, 0x28, 0x18, 0x11, 0x40,
  0x00, 0x19, 0x10, 0xfd, 0x3e, 0x7c, 0xcd, 0x06, 0x90, 0xaf, 0xcd, 0x06,
  0x90, 0xd1, 0xf1, 0x57, 0x3a, 0x00, 0xe0, 0x4f, 0x3a, 0x00, 0xe2, 0xb1,
  0xcb, 0x47, 0x20, 0x22, 0xcb, 0x4f, 0x20, 0x29, 0xcb, 0x57, 0x20, 0x30,
  0xcb, 0x5f, 0x20, 0x39, 0xcb, 0x67, 0x20, 0x42, 0x18, 0xc9, 0xd9, 0x3e,
  0x03, 0xcd, 0x06, 0x49, 0x21, 0x00, 0x50, 0x2b, 0x7c, 0xb5, 0x20, 0xfb,
  0xd9, 0xc9, 0x7a, 0xfe, 0x01, 0x28, 0xb4, 0x15, 0xcd, 0x2e, 0x46, 0x18,
  0xae, 0x7a, 0xfe, 0x05, 0x28, 0xa9, 0x14, 0xcd, 0x2e, 0x46, 0x18, 0xa3,
  0x7a, 0xfe, 0x05, 0x20, 0x9e, 0xcd, 0x2e, 0x46, 0x1e, 0x01, 0xc3, 0xb0,
  0x46, 0x7a, 0xfe, 0x05, 0x20, 0x91, 0xcd, 0x2e, 0x46, 0x1e, 0x02, 0xc3,
  0xb0, 0x46, 0x7a, 0xfe, 0x05, 0x28, 0x08, 0xcd, 0x2e, 0x46, 0x7a, 0x32,
  0x82, 0xfc, 0xc9, 0xcd, 0x2e, 0x46, 0x7b, 0xfe, 0x01, 0x28, 0x07, 0xfe,
  0x02, 0x28, 0x16, 0xc3, 0xf7, 0x45, 0x3a, 0xc0, 0xe1, 0xfe, 0x09, 0x28,
  0x09, 0x3c, 0x32, 0xc0, 0xe1, 0x32, 0xc0, 0xe3, 0x18, 0x16, 0xaf, 0x18,
  0xf4, 0x3a, 0xf3, 0xe1, 0xfe, 0x08, 0x28, 0x09, 0x3c, 0x32, 0xf3, 0xe1,
  0x32, 0xf3, 0xe3, 0x18, 0x03, 0xaf, 0x18, 0xf4, 0xd5, 0x43, 0x21, 0x19,
  0x47, 0x11, 0x0d, 0x00, 0x78, 0xb7, 0x28, 0x03, 0x19, 0x10, 0xfd, 0x11,
  0x6a, 0x19, 0x01, 0x0d, 0x00, 0xcd, 0x0c, 0x90, 0x21, 0x74, 0x19, 0xd1,
  0x7b, 0xd5, 0xfe, 0x01, 0x28, 0x0a, 0x3a, 0xf3, 0xe1, 0xc6, 0x30, 0xcd,
  0x06, 0x90, 0x18, 0x05, 0x3a, 0xc0, 0xe1, 0x18, 0xf4, 0xd1, 0xc3, 0xf7,
  0x45, 0x75, 0x76, 0x76, 0x31, 0x76, 0x50, 0x4c, 0x41, 0x59, 0x45, 0x52,
  0x76, 0x74, 0x75, 0x76, 0x76, 0x32, 0x76, 0x50, 0x4c, 0x41, 0x59, 0x45,
  0x52, 0x53, 0x74, 0x75, 0x76, 0x76, 0x76, 0x76, 0x76, 0x56, 0x53, 0x76,
  0x76, 0x76, 0x76, 0x74, 0x75, 0x43, 0x4f, 0x4d, 0x42, 0x49, 0x4e, 0x41,
  0x54, 0x49, 0x4f, 0x4e, 0x74, 0x75, 0x76, 0x76, 0x76, 0x43, 0x4f, 0x4e,
  0x46, 0x49, 0x47, 0x76, 0x76, 0x74, 0x75, 0x76, 0x76, 0x76, 0x53, 0x54,
  0x41, 0x47, 0x45, 0x76, 0x76, 0x76, 0x74, 0x75, 0x76, 0x76, 0x76, 0x4c,
  0x45, 0x56, 0x45, 0x4c, 0x76, 0x76, 0x76, 0x74, 0xb0, 0x20, 0xfa, 0x5e,
  0x23, 0x56, 0xeb, 0x22, 0xfe, 0x8e, 0x11, 0x00, 0x50, 0x19, 0x22, 0x98,
  0xe1, 0x7c, 0xcd, 0x82, 0x47, 0x32, 0x03, 0xe7, 0x7c, 0xe6, 0x0f, 0xcd,
  0x8c, 0x47, 0x32, 0x04, 0xe7, 0x7d, 0xcd, 0x82, 0x47, 0x32, 0x05, 0xe7,
  0x7d, 0xe6, 0x0f, 0xcd, 0x8c, 0x47, 0x32, 0x06, 0xe7, 0xcd, 0x03, 0x93,
  0x21, 0x00, 0xe7, 0x11, 0x00, 0x18, 0x01, 0x00, 0x03, 0xcd, 0x0c, 0x90,
  0xd9, 0xc9, 0xe6, 0xf0, 0xcb, 0x3f, 0xcb, 0x3f, 0xcb, 0x3f, 0xcb, 0x3f,
  0xc6, 0x30, 0xfe, 0x3a, 0x38, 0x02, 0xc6, 0x07, 0xc9, 0x67, 0x10, 0xf7,
  0xc9, 0x00, 0x00, 0x3c, 0x00, 0x78, 0x00, 0xb4, 0x00, 0xf0, 0x00, 0x2c,
  0x01, 0x68, 0x01, 0xa4, 0x01, 0xe0, 0x01, 0x1c, 0x02, 0x58, 0x02, 0x94,
  0x02, 0xd0, 0x02, 0x0c, 0x03, 0x48, 0x03, 0x84, 0x03, 0xc0, 0x03, 0xfc,
  0x03, 0x38, 0x04, 0x74, 0x04, 0xb0, 0x04, 0xec, 0x04, 0x28, 0x05, 0x64,
  0x05, 0xa0, 0x05, 0xdc, 0x05, 0x18, 0x06, 0x54, 0x06, 0x90, 0x06, 0xcc,
  0x06, 0x08, 0x07, 0x44, 0x07, 0x80, 0x07, 0xbc, 0x07, 0xf8, 0x07, 0x34,
  0x08, 0x70, 0x08, 0xac, 0x08, 0xe8, 0x08, 0x24, 0x09, 0x60, 0x09, 0x9c,
  0x09, 0xd8, 0x09, 0x14, 0x0a, 0x50, 0x0a, 0x8c, 0x0a, 0xc8, 0x0a, 0x04,
  0x0b, 0x40, 0x0b, 0x7c, 0x0b, 0xb8, 0x0b, 0xf4, 0x21, 0x00, 0x24, 0x11,
  0xa0, 0x00, 0xcd, 0x18, 0x98, 0x21, 0x00, 0x25, 0x11, 0x30, 0x00, 0xcd,
  0x18, 0x98, 0x21, 0x80, 0x25, 0x11, 0x10, 0x00, 0x06, 0x03, 0xd5, 0xcd,
  0x30, 0x98, 0x3a, 0x9a, 0xe1, 0xd3, 0x98, 0x1b, 0x7a, 0xb3, 0x20, 0xf6,
  0x11, 0x00, 0x08, 0x19, 0xd1, 0x10, 0xeb, 0xc9, 0xf3, 0x7d, 0xd3, 0x99,
  0x7c, 0xc6, 0x40, 0xd3, 0x99, 0xe3, 0xe3, 0xc9, 0x00, 0x03, 0x00, 0x04,
  0x00, 0x05, 0x00, 0x06, 0x00, 0x07, 0x00, 0x08, 0x00, 0x09, 0x00, 0x0a,
  0x00, 0x01, 0x00, 0x02, 0x00, 0x03, 0x00, 0x04, 0x00, 0x05, 0x00, 0x06,
  0x00, 0x07, 0x00, 0x08, 0x00, 0x09, 0x00, 0x0a, 0x00, 0x01, 0x00, 0x02,
  0x00, 0x03, 0x00, 0x04, 0x00, 0x05, 0x00, 0x06, 0x00, 0x07, 0x00, 0x08,
  0x00, 0x09, 0x00, 0x0a, 0x00, 0x01, 0x00, 0x02, 0x00, 0x03, 0x00, 0x04,
  0x00, 0x05, 0x00, 0x06, 0x00, 0x07, 0x00, 0x08, 0x00, 0x09, 0x00, 0x0a,
  0x00, 0x01, 0x00, 0x02, 0x00, 0x03, 0x00, 0x04, 0x00, 0x05, 0x00, 0x06,
  0x00, 0x07, 0x00, 0x08, 0x00, 0x09, 0x00, 0x0a, 0x00, 0x01, 0x00, 0x02,
  0x00, 0x03, 0x00, 0x04, 0x00, 0x05, 0x00, 0x06, 0x00, 0x07, 0x00, 0x08,
  0x00, 0x09, 0x00, 0x0a, 0x00, 0x01, 0x00, 0x02, 0x00, 0x03, 0x00, 0x04,
  0x00, 0x05, 0x00, 0x06, 0x00, 0x07, 0x00, 0x08, 0x00, 0x09, 0x00, 0x0a,
  0x00, 0x01, 0x00, 0x02, 0x00, 0x03, 0x00, 0x04, 0x00, 0x05, 0x00, 0x06,
  0x00, 0x07, 0x00, 0x08, 0x00, 0x09, 0x00, 0x0a, 0x00, 0x01, 0x00, 0x02,
  0x00, 0x03, 0x00, 0x04, 0x00, 0x05, 0x00, 0x06, 0x00, 0x07, 0x00, 0x08,
  0x00, 0x09, 0x00, 0x0a, 0x00, 0x01, 0x00, 0x02, 0x00, 0x03, 0x00, 0x04,
  0x00, 0x05, 0x00, 0x06, 0x00, 0x07, 0x00, 0x08, 0x00, 0x09, 0x00, 0x0a,
  0xc3, 0x09, 0x49, 0xc3, 0x89, 0x4d, 0xc3, 0x10, 0x4e, 0x3a, 0xc1, 0xfa,
  0xb7, 0xc8, 0x3a, 0x80, 0xfa, 0xb7, 0x20, 0x10, 0x3a, 0xc2, 0xfa, 0x0e,
  0x06, 0xcd, 0x66, 0x4c, 0x3a, 0xc3, 0xfa, 0x0e, 0x07, 0xcd, 0x66, 0x4c,
  0xaf, 0x32, 0x1f, 0xfa, 0x3e, 0x08, 0x32, 0x1e, 0xfa, 0xdd, 0x21, 0x20,
  0xfa, 0xdd, 0x7e, 0x00, 0xb7, 0x28, 0x03, 0xcd, 0xa4, 0x49, 0x3e, 0x02,
  0x32, 0x1f, 0xfa, 0x3e, 0x09, 0x32, 0x1e, 0xfa, 0xdd, 0x21, 0x40, 0xfa,
  0xdd, 0x7e, 0x00, 0xb7, 0x28, 0x03, 0xcd, 0xa4, 0x49, 0x3e, 0x04, 0x32,
  0x1f, 0xfa, 0x3e, 0x0a, 0x32, 0x1e, 0xfa, 0xdd, 0x21, 0x60, 0xfa, 0xdd,
  0x7e, 0x00, 0xb7, 0x28, 0x03, 0xcd, 0xa4, 0x49, 0xdd, 0x21, 0x80, 0xfa,
  0xdd, 0x7e, 0x00, 0xb7, 0x28, 0x13, 0x3a, 0xc4, 0xfa, 0x0e, 0x06, 0xcd,
  0x66, 0x4c, 0x3a, 0xc5, 0xfa, 0x0e, 0x07, 0xcd, 0x66, 0x4c, 0xcd, 0xa4,
  0x49, 0xaf, 0xdd, 0x21, 0x20, 0xfa, 0xdd, 0xb6, 0x00, 0xc0, 0xdd, 0xb6,
  0x20, 0xc0, 0xdd, 0xb6, 0x40, 0xc0, 0x3e, 0x01, 0xdd, 0x77, 0x00, 0xdd,
  0x77, 0x20, 0xdd, 0x77, 0x40, 0xc3, 0x09, 0x49, 0xcd, 0xdf, 0x4c, 0xdd,
  0x7e, 0x00, 0xb7, 0xc8, 0x3e, 0xff, 0xdd, 0x77, 0x03, 0xcd, 0xce, 0x4b,
  0xdd, 0x7e, 0x04, 0xb7, 0x28, 0x05, 0x3d, 0xdd, 0x77, 0x04, 0xc9, 0xdd,
  0x6e, 0x01, 0xdd, 0x66, 0x02, 0x3a, 0x1e, 0xfa, 0x57, 0x7e, 0xba, 0xcc,
  0x85, 0x4c, 0xfe, 0x7f, 0x30, 0x09, 0xfe, 0x40, 0xd2, 0x98, 0x4a, 0xfe,
  0x05, 0x30, 0x70, 0xe5, 0xdd, 0x6e, 0x0a, 0xdd, 0x66, 0x0b, 0x5e, 0x23,
  0x56, 0xdd, 0x73, 0x0c, 0xdd, 0x72, 0x0d, 0xdd, 0x6e, 0x08, 0xdd, 0x66,
  0x09, 0x5e, 0x23, 0x56, 0xdd, 0x73, 0x0e, 0xdd, 0x72, 0x0f, 0xcb, 0x27,
  0x4f, 0x06, 0x00, 0x21, 0x00, 0x4f, 0x09, 0x5e, 0x23, 0x56, 0xe1, 0x3a,
  0x1f, 0xfa, 0x4b, 0xcd, 0x23, 0x4b, 0x3c, 0x4a, 0xcd, 0x23, 0x4b, 0xdd,
  0x7e, 0x12, 0xb7, 0x20, 0x0a, 0xdd, 0x7e, 0x07, 0x4f, 0x3a, 0x1e, 0xfa,
  0xcd, 0x23, 0x4b, 0xdd, 0x73, 0x10, 0xdd, 0x72, 0x11, 0x23, 0xe5, 0x4e,
  0xc5, 0xcb, 0xb9, 0xdd, 0x7e, 0x05, 0x6f, 0xcd, 0x0b, 0x4b, 0x7d, 0xc1,
  0xcb, 0x79, 0x28, 0x03, 0xcb, 0x3d, 0x85, 0xe1, 0xdd, 0x77, 0x04, 0x23,
  0xdd, 0x75, 0x01, 0xdd, 0x74, 0x02, 0xc9, 0xfe, 0x06, 0x28, 0x25, 0xfe,
  0x07, 0x28, 0x34, 0x23, 0x4e, 0xcd, 0x23, 0x4b, 0x23, 0xdd, 0x75, 0x01,
  0xdd, 0x74, 0x02, 0x3a, 0x1e, 0xfa, 0xb8, 0xc2, 0xbf, 0x49, 0x79, 0xdd,
  0x77, 0x06, 0xdd, 0x77, 0x07, 0xc3, 0xbf, 0x49, 0x23, 0x23, 0x18, 0xe5,
  0xd5, 0xdd, 0xe5, 0xd1, 0x7b, 0xfe, 0x80, 0x28, 0x06, 0x23, 0x7e, 0x32,
  0xc2, 0xfa, 0x2b, 0x23, 0xd1, 0x18, 0xcd, 0xd5, 0xdd, 0xe5, 0xd1, 0x7b,
  0xfe, 0x80, 0x28, 0xf3, 0x23, 0x7e, 0x32, 0xc3, 0xfa, 0xd1, 0x18, 0xbc,
  0xfe, 0x4b, 0x28, 0x34, 0xfe, 0x54, 0x28, 0x50, 0xfe, 0x52, 0x28, 0x21,
  0xfe, 0x58, 0xca, 0x85, 0x4b, 0xfe, 0x59, 0xca, 0xad, 0x4b, 0xfe, 0x53,
  0xca, 0xad, 0x4b, 0xfe, 0x50, 0xca, 0x85, 0x4b, 0xfe, 0x4d, 0xca, 0x8f,
  0x4c, 0xfe, 0x4e, 0xca, 0x9e, 0x4c, 0xc3, 0x19, 0x4b, 0x3a, 0x1e, 0xfa,
  0x0e, 0x00, 0xcd, 0x23, 0x4b, 0xc3, 0x29, 0x4a, 0x23, 0x7e, 0xfe, 0x48,
  0x20, 0x0f, 0x23, 0xdd, 0x75, 0x01, 0xdd, 0x74, 0x02, 0xaf, 0xdd, 0x77,
  0x00, 0xdd, 0x77, 0x03, 0xc9, 0x23, 0xe5, 0x5e, 0x23, 0x56, 0xe1, 0xaf,
  0xed, 0x52, 0x18, 0xe7, 0x23, 0x7e, 0x23, 0xe5, 0xd5, 0x11, 0x40, 0x38,
  0x4f, 0x06, 0x00, 0xcd, 0x6b, 0x4b, 0x7b, 0xd1, 0xdd, 0x77, 0x05, 0xe1,
  0xdd, 0x75, 0x01, 0xdd, 0x74, 0x02, 0xc9, 0x26, 0x00, 0x06, 0x08, 0x29,
  0x7c, 0x91, 0x38, 0x02, 0x2c, 0x67, 0x10, 0xf7, 0xc9, 0xaf, 0xdd, 0x77,
  0x12, 0x3e, 0x45, 0xdd, 0x77, 0x03, 0xc9, 0xcd, 0x6c, 0x4c, 0xcd, 0x39,
  0x4b, 0xd3, 0xa0, 0xf5, 0x79, 0xd3, 0xa1, 0xf1, 0xc9, 0xd3, 0xa0, 0xf5,
  0xdb, 0xa2, 0x4f, 0xf1, 0xc9, 0x47, 0x3a, 0x00, 0xfb, 0xb7, 0x78, 0xc8,
  0xfe, 0x08, 0xd8, 0xfe, 0x0b, 0xd0, 0xe5, 0x21, 0x01, 0xfb, 0x79, 0x96,
  0x30, 0x01, 0xaf, 0x4f, 0x21, 0x02, 0xfb, 0x35, 0xe1, 0x78, 0xc0, 0x3e,
  0x50, 0x32, 0x02, 0xfb, 0x3a, 0x01, 0xfb, 0x3c, 0xfe, 0x0c, 0x38, 0x02,
  0x3e, 0x0f, 0x32, 0x01, 0xfb, 0x78, 0xc9, 0x21, 0x00, 0x00, 0xd9, 0x06,
  0x10, 0xd9, 0xcb, 0x23, 0xcb, 0x12, 0xed, 0x6a, 0xed, 0x42, 0x38, 0x03,
  0x1c, 0x18, 0x01, 0x09, 0xd9, 0x10, 0xee, 0xd9, 0xc9, 0x23, 0xd5, 0x5e,
  0xdd, 0x73, 0x18, 0x3e, 0x09, 0xbb, 0x20, 0x02, 0x1e, 0x00, 0xcb, 0x23,
  0xe5, 0x21, 0x32, 0xf9, 0x16, 0x00, 0x19, 0xdd, 0x75, 0x08, 0xdd, 0x74,
  0x09, 0xe1, 0xd1, 0x23, 0xdd, 0x75, 0x01, 0xdd, 0x74, 0x02, 0xc3, 0xbf,
  0x49, 0x23, 0xd5, 0x5e, 0xdd, 0x73, 0x12, 0xcb, 0x23, 0xe5, 0x21, 0x44,
  0xf9, 0x16, 0x00, 0x19, 0xdd, 0x75, 0x0a, 0xdd, 0x74, 0x0b, 0xe1, 0xd1,
  0x23, 0xdd, 0x75, 0x01, 0xdd, 0x74, 0x02, 0xc3, 0xbf, 0x49, 0xdd, 0x6e,
  0x0c, 0xdd, 0x66, 0x0d, 0x4e, 0x3e, 0xff, 0xb9, 0x28, 0x33, 0xcb, 0x79,
  0x20, 0x21, 0xdd, 0x7e, 0x07, 0xb9, 0x30, 0x15, 0xaf, 0x4f, 0x3a, 0x1e,
  0xfa, 0xf5, 0xf1, 0xcd, 0x23, 0x4b, 0xcd, 0xa6, 0x4c, 0xdd, 0x75, 0x0c,
  0xdd, 0x74, 0x0d, 0x18, 0x14, 0x91, 0x18, 0xe9, 0xf1, 0x18, 0xef, 0xcb,
  0xb9, 0x06, 0x00, 0x37, 0x3f, 0xed, 0x42, 0xdd, 0x75, 0x0c, 0xdd, 0x74,
  0x0d, 0xdd, 0x6e, 0x0e, 0xdd, 0x66, 0x0f, 0x4e, 0x3e, 0xff, 0xb9, 0xc8,
  0xe5, 0xcb, 0x79, 0x20, 0x3a, 0xcb, 0x71, 0x20, 0x27, 0xcb, 0xb1, 0xcb,
  0xb9, 0xdd, 0x6e, 0x10, 0xdd, 0x66, 0x11, 0x06, 0x00, 0x37, 0x3f, 0xed,
  0x42, 0x4d, 0x3a, 0x1f, 0xfa, 0xcd, 0x23, 0x4b, 0x3c, 0x4c, 0xcd, 0x23,
  0x4b, 0xe1, 0xcd, 0xb9, 0x4c, 0xdd, 0x75, 0x0e, 0xdd, 0x74, 0x0f, 0xc9,
  0xcb, 0xb1, 0xcb, 0xb9, 0xdd, 0x6e, 0x10, 0xdd, 0x66, 0x11, 0x06, 0x00,
  0x09, 0x18, 0xda, 0xcb, 0xb9, 0x3f, 0x06, 0x00, 0xed, 0x42, 0xdd, 0x75,
  0x0e, 0xdd, 0x74, 0x0f, 0xe1, 0xc9, 0x47, 0x79, 0x48, 0xc3, 0x23, 0x4b,
  0xf5, 0xe5, 0xdd, 0xe5, 0xe1, 0x7d, 0xfe, 0x60, 0x20, 0x0c, 0x3a, 0x80,
  0xfa, 0xb7, 0x28, 0x06, 0xe1, 0xf1, 0x08, 0xf1, 0x08, 0xc9, 0xe1, 0xf1,
  0xc9, 0xf5, 0xe5, 0x23, 0x7e, 0xdd, 0x77, 0x07, 0xe1, 0xf1, 0xc9, 0x23,
  0x7e, 0xdd, 0x77, 0x14, 0x23, 0xdd, 0x75, 0x01, 0xdd, 0x74, 0x02, 0xc3,
  0xbf, 0x49, 0x23, 0x7e, 0xdd, 0x77, 0x15, 0x23, 0x18, 0xef, 0xdd, 0x7e,
  0x16, 0xb7, 0x28, 0x05, 0x3d, 0xdd, 0x77, 0x16, 0xc9, 0x23, 0xdd, 0x7e,
  0x14, 0xdd, 0x77, 0x16, 0xc9, 0xdd, 0x7e, 0x17, 0xb7, 0x28, 0x04, 0x3d,
  0xdd, 0x77, 0x17, 0x23, 0xdd, 0x7e, 0x15, 0xdd, 0x77, 0x17, 0xc9, 0xcd,
  0x6c, 0x4c, 0xd3, 0xa0, 0xf5, 0x7b, 0xd3, 0xa1, 0xf1, 0xcd, 0x31, 0x4b,
  0x79, 0xc9, 0xd3, 0xa0, 0xdb, 0xa2, 0xc9, 0xdd, 0x7e, 0x18, 0xfe, 0x09,
  0xc0, 0x3a, 0x1f, 0xfa, 0x4f, 0xcd, 0xda, 0x4c, 0xc6, 0x20, 0x5f, 0x79,
  0xcd, 0xcb, 0x4c, 0x3c, 0xcd, 0xda, 0x4c, 0xce, 0x00, 0x5f, 0x79, 0x3c,
  0xc3, 0xcb, 0x4c, 0xf3, 0xdd, 0x21, 0x20, 0xfa, 0xcd, 0x6c, 0x4d, 0xdd,
  0x21, 0x40, 0xfa, 0xcd, 0x6c, 0x4d, 0xdd, 0x21, 0x60, 0xfa, 0xcd, 0x6c,
  0x4d, 0x21, 0x68, 0x4e, 0x22, 0x32, 0xf9, 0x21, 0x69, 0x4e, 0x22, 0x34,
  0xf9, 0x21, 0x6f, 0x4e, 0x22, 0x36, 0xf9, 0x21, 0x71, 0x4e, 0x22, 0x38,
  0xf9, 0x21, 0x74, 0x4e, 0x22, 0x3a, 0xf9, 0x21, 0x76, 0x4e, 0x22, 0x3c,
  0xf9, 0x21, 0x68, 0x4e, 0x22, 0x44, 0xf9, 0x21, 0xa6, 0x4e, 0x22, 0x46,
  0xf9, 0x21, 0xb2, 0x4e, 0x22, 0x48, 0xf9, 0x21, 0xc1, 0x4e, 0x22, 0x4a,
  0xf9, 0xaf, 0x32, 0xc0, 0xfa, 0x32, 0x34, 0xfa, 0x32, 0x54, 0xfa, 0x32,
  0x74, 0xfa, 0x32, 0x35, 0xfa, 0x32, 0x55, 0xfa, 0x32, 0x75, 0xfa, 0x2f,
  0x32, 0xc1, 0xfa, 0xc9, 0xdd, 0x36, 0x00, 0x00, 0xdd, 0x36, 0x04, 0x00,
  0xdd, 0x36, 0x05, 0x78, 0xdd, 0x36, 0x08, 0x32, 0xdd, 0x36, 0x09, 0xf9,
  0xdd, 0x36, 0x0a, 0x44, 0xdd, 0x36, 0x0b, 0xf9, 0xc9, 0xf5, 0x32, 0x10,
  0xfa, 0xcd, 0xff, 0x4c, 0xf1, 0x6f, 0x26, 0x00, 0x29, 0x29, 0x29, 0x11,
  0xc0, 0x4d, 0x19, 0xe5, 0xe5, 0xdd, 0xe1, 0xdd, 0x6e, 0x00, 0xdd, 0x66,
  0x01, 0x22, 0xc2, 0xfa, 0xd1, 0x13, 0x13, 0x21, 0x21, 0xfa, 0x06, 0x03,
  0xc5, 0x1a, 0x77, 0x13, 0x23, 0x1a, 0x77, 0x01, 0x1f, 0x00, 0x09, 0xc1,
  0x13, 0x10, 0xf1, 0xc9, 0x0f, 0xb8, 0x10, 0x80, 0xbc, 0x81, 0x76, 0x83,
  0x00, 0xb8, 0xa4, 0x87, 0x5c, 0x88, 0x16, 0x89, 0x00, 0xb8, 0x06, 0x8c,
  0x58, 0x8c, 0xaa, 0x8c, 0x00, 0x87, 0x00, 0x8a, 0x26, 0x8a, 0x3c, 0x8a,
  0x00, 0xa3, 0x60, 0x8a, 0x78, 0x8a, 0x8e, 0x8a, 0x00, 0xb8, 0xb0, 0x8a,
  0xc8, 0x8a, 0xe0, 0x8a, 0x00, 0xb8, 0x00, 0x8b, 0x1a, 0x8b, 0x34, 0x8b,
  0x00, 0xb8, 0x50, 0x8b, 0x6e, 0x8b, 0x8c, 0x8b, 0x00, 0x87, 0xb0, 0x8b,
  0xd8, 0x8b, 0xee, 0x8b, 0x00, 0xb8, 0x00, 0x9e, 0x10, 0x9e, 0x20, 0x9e,
  0xf3, 0xe5, 0xd5, 0xc5, 0x08, 0x3a, 0x80, 0xfa, 0x5f, 0x16, 0x00, 0x21,
  0x59, 0x4e, 0x19, 0x7e, 0x08, 0x5f, 0x21, 0x59, 0x4e, 0x19, 0x08, 0xbe,
  0x38, 0x2a, 0x08, 0xf5, 0xaf, 0x32, 0x84, 0xfa, 0xf1, 0x32, 0x80, 0xfa,
  0x3d, 0x87, 0x5f, 0x16, 0x00, 0x21, 0xd8, 0x4e, 0x19, 0x7e, 0x23, 0x32,
  0x81, 0xfa, 0x7e, 0x32, 0x82, 0xfa, 0x2a, 0x81, 0xfa, 0x23, 0x7e, 0x32,
  0xc5, 0xfa, 0x23, 0x23, 0x7e, 0x32, 0xc4, 0xfa, 0xc1, 0xd1, 0xe1, 0xfb,
  0xc9, 0xff, 0x03, 0x03, 0x02, 0x01, 0x02, 0x02, 0x02, 0x02, 0x04, 0x00,
  0x02, 0x03, 0x04, 0x01, 0xff, 0x02, 0x01, 0x00, 0x41, 0x42, 0x84, 0x04,
  0x80, 0x02, 0x03, 0x81, 0x41, 0x80, 0x00, 0x00, 0x00, 0x00, 0x00, 0x00,
  0x00, 0x00, 0x00, 0x00, 0x00, 0x00, 0x00, 0x00, 0x00, 0x00, 0x00, 0x00,
  0x00, 0x01, 0x02, 0x03, 0x04, 0x03, 0x02, 0x01, 0x00, 0x41, 0x42, 0x43,
  0x44, 0x43, 0x42, 0x41, 0x00, 0x01, 0x02, 0x03, 0x02, 0x01, 0x00, 0x41,
  0x42, 0x43, 0x42, 0x41, 0x40, 0x8b, 0x00, 0x01, 0x02, 0x03, 0x04, 0x05,
  0x06, 0x07, 0x08, 0x09, 0x0f, 0x80, 0x00, 0x00, 0x00, 0x00, 0x01, 0x02,
  0x03, 0x04, 0x02, 0x03, 0x04, 0x04, 0x05, 0x07, 0x80, 0x01, 0x02, 0x01,
  0x00, 0x00, 0x01, 0x02, 0x03, 0x04, 0x05, 0x06, 0x07, 0x09, 0x80, 0x02,
  0x04, 0x06, 0x08, 0x0a, 0x0c, 0x0e, 0x0f, 0x80, 0x00, 0x6f, 0x18, 0x6f,
  0x34, 0x6f, 0x62, 0x6f, 0x84, 0x6f, 0xa8, 0x6f, 0xc2, 0x6f, 0xd4, 0x6f,
  0xf0, 0x6f, 0x4a, 0x7d, 0x64, 0x7d, 0x88, 0x7d, 0xa4, 0x7d, 0xbc, 0x7d,
  0x30, 0x31, 0x32, 0x33, 0x34, 0x30, 0x31, 0x32, 0x33, 0x34, 0x35, 0x36,
  0xd5, 0x0d, 0x9c, 0x0c, 0xe7, 0x0b, 0x3c, 0x0b, 0x9b, 0x0a, 0x02, 0x0a,
  0x73, 0x09, 0xeb, 0x08, 0x6b, 0x08, 0xf2, 0x07, 0x80, 0x07, 0x14, 0x07,
  0xaf, 0x06, 0x4e, 0x06, 0xf4, 0x05, 0x9e, 0x05, 0x4e, 0x05, 0x01, 0x05,
  0xba, 0x04, 0x76, 0x04, 0x36, 0x04, 0xf9, 0x03, 0xc0, 0x03, 0x8a, 0x03,
  0x57, 0x03, 0x27, 0x03, 0xfa, 0x02, 0xcf, 0x02, 0xa7, 0x02, 0x81, 0x02,
  0x5d, 0x02, 0x3b, 0x02, 0x1b, 0x02, 0xfd, 0x01, 0xe0, 0x01, 0xc5, 0x01,
  0xac, 0x01, 0x94, 0x01, 0x7d, 0x01, 0x68, 0x01, 0x53, 0x01, 0x40, 0x01,
  0x2e, 0x01, 0x1d, 0x01, 0x0d, 0x01, 0xfe, 0x00, 0xf0, 0x00, 0xe3, 0x00,
  0xd6, 0x00, 0xca, 0x00, 0xbe, 0x00, 0xb4, 0x00, 0xaa, 0x00, 0xa0, 0x00,
  0x97, 0x00, 0x8f, 0x00, 0x87, 0x00, 0x7f, 0x00, 0x78, 0x00, 0x71, 0x00,
  0x6b, 0x00, 0x65, 0x00, 0x5f, 0x00, 0x5a, 0x00, 0x55, 0x00, 0x50, 0x00,
  0x4c, 0x00, 0x47, 0x00, 0x43, 0x00, 0x40, 0x00, 0x3c, 0x00, 0x39, 0x00,
  0x35, 0x00, 0x32, 0x00, 0x30, 0x00, 0x2d, 0x00, 0x2a, 0x00, 0x28, 0x00,
  0x26, 0x00, 0x24, 0x00, 0x22, 0x00, 0x20, 0x00, 0x1e, 0x00, 0x1c, 0x00,
  0x1b, 0x00, 0x19, 0x00, 0x18, 0x00, 0x16, 0x00, 0x15, 0x00, 0x14, 0x00,
  0x13, 0x00, 0x12, 0x00, 0x11, 0x00, 0x10, 0x00, 0x0f, 0x00, 0x0e, 0x00,
  0x01, 0x00, 0x00, 0x31, 0x32, 0x33, 0x34, 0x30, 0x31, 0x32, 0x33, 0x34,
  0x35, 0x36, 0x37, 0x38, 0x39, 0x30, 0x31, 0x32, 0x33, 0x34, 0x30, 0x31,
  0x32, 0x33, 0x34, 0x35, 0x36, 0x37, 0x38, 0x39, 0x30, 0x31, 0x32, 0x33,
  0x34, 0x30, 0x31, 0x32, 0x33, 0x34, 0x35, 0x36, 0x37, 0x38, 0x39, 0x30,
  0x31, 0x32, 0x33, 0x34, 0x30, 0x31, 0x32, 0x33, 0x34, 0x35, 0x36, 0x37,
  0x38, 0x39, 0x30, 0x31, 0x01, 0x01, 0x07, 0x03, 0x02, 0x08, 0x02, 0x04,
  0x07, 0x05, 0x01, 0x0a, 0x04, 0x04, 0x09, 0x04, 0x04, 0x09, 0x03, 0x02,
  0x0b, 0x05, 0x08, 0x10, 0x09, 0x08, 0x0f, 0x04, 0x0b, 0x10, 0x02, 0x09,
  0x11, 0x02, 0x09, 0x14, 0xff, 0x06, 0x01, 0x0f, 0x08, 0x02, 0x10, 0x02,
  0x03, 0x13, 0x05, 0x09, 0x0b, 0x04, 0x0a, 0x0c, 0xff, 0x03, 0x07, 0x14,
  0x03, 0x05, 0x13, 0x03, 0x09, 0x13, 0x03, 0x07, 0x11, 0x01, 0x04, 0x11,
  0x02, 0x0a, 0x11, 0xff, 0x08, 0x07, 0x14, 0x08, 0x05, 0x11, 0x08, 0x09,
  0x11, 0x08, 0x07, 0x0e, 0x08, 0x01, 0x10, 0xff, 0x01, 0x05, 0x10, 0x04,
  0x08, 0x10, 0x08, 0x05, 0x13, 0xff, 0x04, 0x08, 0x0c, 0x01, 0x0b, 0x11,
  0x03, 0x04, 0x10, 0x08, 0x01, 0x14, 0x03, 0x0c, 0x14, 0xff, 0x03, 0x02,
  0x13, 0x0a, 0x0b, 0x11, 0x08, 0x0b, 0x12, 0x06, 0x0a, 0x10, 0x06, 0x01,
  0x12, 0xff, 0x08, 0x01, 0x14, 0x08, 0x06, 0x14, 0x08, 0x0b, 0x14, 0x06,
  0x05, 0x13, 0x06, 0x0a, 0x13, 0x0a, 0x01, 0x13, 0xff, 0x05, 0x03, 0x0b,
  0x04, 0x04, 0x0a, 0x04, 0x0b, 0x0d, 0x05, 0x0a, 0x0e, 0x07, 0x09, 0x0c,
  0x07, 0x02, 0x09, 0xff, 0x0a, 0x07, 0x14, 0x0a, 0x09, 0x13, 0x0a, 0x05,
  0x13, 0x0a, 0x0b, 0x12, 0x0a, 0x07, 0x12, 0x0a, 0x03, 0x12, 0x0a, 0x03,
  0x14, 0x0a, 0x0b, 0x14, 0xff, 0x0a, 0x03, 0x0f, 0x0a, 0x08, 0x0f, 0x03,
  0x06, 0x0e, 0x08, 0x03, 0x10, 0x08, 0x08, 0x10, 0xff, 0x01, 0x03, 0x13,
  0x01, 0x02, 0x12, 0x01, 0x01, 0x11, 0x02, 0x0c, 0x11, 0x02, 0x0b, 0x12,
  0x02, 0x0a, 0x13, 0xff, 0x06, 0x01, 0x0f, 0x07, 0x06, 0x0f, 0x07, 0x02,
  0x10, 0x02, 0x07, 0x10, 0x02, 0x01, 0x11, 0x0a, 0x04, 0x12, 0xff, 0x05,
  0x01, 0x0e, 0x05, 0x01, 0x09, 0x06, 0x01, 0x07, 0x0a, 0x06, 0x07, 0x04,
  0x0a, 0x07, 0x04, 0x0a, 0x0c, 0x07, 0x07, 0x11, 0x0a, 0x05, 0x12, 0xff,
  0x03, 0x04, 0x0e, 0x0a, 0x04, 0x0d, 0x0a, 0x08, 0x0d, 0x03, 0x09, 0x0e,
  0x0a, 0x06, 0x14, 0xff, 0x08, 0x01, 0x13, 0x08, 0x05, 0x11, 0x08, 0x09,
  0x13, 0x08, 0x08, 0x0e, 0x08, 0x02, 0x0e, 0xff, 0x08, 0x09, 0x13, 0x08,
  0x0b, 0x10, 0x08, 0x07, 0x10, 0xff, 0x07, 0x0a, 0x13, 0x07, 0x02, 0x13,
  0x07, 0x09, 0x14, 0x07, 0x01, 0x14, 0xff, 0x02, 0x07, 0x10, 0x02, 0x06,
  0x11, 0x02, 0x05, 0x12, 0x02, 0x08, 0x0f, 0xff, 0x05, 0x04, 0x0f, 0x07,
  0x04, 0x0e, 0x05, 0x06, 0x0f, 0x07, 0x0a, 0x08, 0x04, 0x0a, 0x09, 0x04,
  0x0c, 0x09, 0xff, 0x05, 0x06, 0x0e, 0x04, 0x07, 0x11, 0x04, 0x09, 0x11,
  0x09, 0x06, 0x0d, 0x07, 0x07, 0x10, 0xff, 0x06, 0x09, 0x0e, 0x08, 0x0a,
  0x0f, 0x04, 0x0b, 0x10, 0x0a, 0x0a, 0x0d, 0x05, 0x08, 0x0d, 0x03, 0x08,
  0x12, 0xff, 0x03, 0x05, 0x0e, 0x03, 0x08, 0x0e, 0x08, 0x06, 0x11, 0x08,
  0x0a, 0x0f, 0x0a, 0x0b, 0x0e, 0x0a, 0x0a, 0x12, 0xff, 0x06, 0x06, 0x0c,
  0x04, 0x09, 0x0d, 0x01, 0x07, 0x0e, 0x04, 0x08, 0x0f, 0xff, 0x08, 0x01,
  0x0c, 0x08, 0x06, 0x0c, 0x08, 0x0b, 0x0c, 0x0a, 0x0b, 0x0b, 0x0a, 0x06,
  0x0b, 0x0a, 0x01, 0x0b, 0x0a, 0x08, 0x14, 0x07, 0x01, 0x0a, 0x09, 0x08,
  0x0a, 0x09, 0x05, 0x13, 0xff, 0x08, 0x0b, 0x0f, 0x08, 0x07, 0x0f, 0x08,
  0x03, 0x0f, 0x05, 0x01, 0x0f, 0x08, 0x03, 0x12, 0x08, 0x07, 0x12, 0x08,
  0x0b, 0x12, 0xff, 0x03, 0x07, 0x13, 0x03, 0x04, 0x11, 0x03, 0x0a, 0x11,
  0x03, 0x0c, 0x0e, 0x03, 0x02, 0x0e, 0x09, 0x06, 0x10, 0x07, 0x01, 0x0d,
  0xff, 0x0a, 0x07, 0x11, 0x05, 0x05, 0x11, 0x0a, 0x06, 0x13, 0x0a, 0x06,
  0x14, 0xff, 0x03, 0x06, 0x13, 0x0a, 0x01, 0x10, 0x0a, 0x0a, 0x10, 0xff,
  0x08, 0x02, 0x0c, 0x08, 0x0a, 0x0c, 0x08, 0x06, 0x0f, 0x08, 0x06, 0x09,
  0xff, 0x09, 0x02, 0x08, 0x09, 0x09, 0x08, 0x04, 0x07, 0x0c, 0x06, 0x05,
  0x12, 0x0a, 0x0a, 0x07, 0x0a, 0x02, 0x07, 0x0a, 0x01, 0x0e, 0x0a, 0x0b,
  0x0e, 0x0a, 0x06, 0x14, 0xff, 0x01, 0x01, 0x12, 0x02, 0x0c, 0x12, 0x02,
  0x06, 0x10, 0x02, 0x03, 0x0b, 0x01, 0x09, 0x0b, 0x01, 0x03, 0x14, 0x02,
  0x09, 0x14, 0xff, 0x09, 0x02, 0x14, 0x09, 0x09, 0x14, 0x05, 0x07, 0x0d,
  0x07, 0x06, 0x09, 0xff, 0x05, 0x04, 0x10, 0x04, 0x0a, 0x10, 0x04, 0x05,
  0x0f, 0x05, 0x09, 0x0f, 0x06, 0x04, 0x0e, 0x0a, 0x09, 0x0e, 0xff, 0x09,
  0x0a, 0x12, 0x09, 0x01, 0x12, 0x05, 0x09, 0x11, 0x0a, 0x0b, 0x11, 0x0a,
  0x01, 0x11, 0x04, 0x05, 0x11, 0xff, 0x01, 0x03, 0x0b, 0x08, 0x04, 0x0c,
  0x09, 0x06, 0x0b, 0x05, 0x09, 0x0c, 0x05, 0x05, 0x0d, 0x03, 0x07, 0x11,
  0x01, 0x06, 0x10, 0xff, 0x0a, 0x02, 0x0d, 0x01, 0x02, 0x0e, 0x01, 0x0b,
  0x0a, 0x0a, 0x0a, 0x09, 0x01, 0x0a, 0x10, 0x01, 0x09, 0x0f, 0x01, 0x05,
  0x08, 0x01, 0x04, 0x07, 0x01, 0x04, 0x12, 0x01, 0x05, 0x13, 0xff, 0x02,
  0x0c, 0x13, 0x05, 0x09, 0x12, 0x09, 0x09, 0x11, 0x07, 0x0a, 0x10, 0x05,
  0x08, 0x10, 0x0a, 0x0b, 0x0f, 0x0a, 0x07, 0x0f, 0xff, 0x06, 0x02, 0x0c,
  0x08, 0x03, 0x0d, 0x08, 0x03, 0x10, 0x08, 0x03, 0x13, 0x05, 0x0a, 0x12,
  0x04, 0x0d, 0x11, 0x04, 0x0b, 0x11, 0x06, 0x0a, 0x10, 0xff, 0x01, 0x03,
  0x0c, 0x02, 0x0a, 0x0c, 0x02, 0x09, 0x0d, 0x02, 0x08, 0x0e, 0x01, 0x04,
  0x0d, 0x01, 0x05, 0x0e, 0x01, 0x06, 0x0f, 0x01, 0x07, 0x10, 0x01, 0x08,
  0x11, 0x01, 0x09, 0x12, 0xff, 0x03, 0x04, 0x0f, 0x03, 0x0b, 0x0f, 0x03,
  0x01, 0x0f, 0x03, 0x07, 0x0f, 0x03, 0x09, 0x10, 0x03, 0x01, 0x13, 0x03,
  0x03, 0x14, 0x03, 0x05, 0x13, 0x03, 0x08, 0x13, 0x03, 0x0b, 0x13, 0xff,
  0x05, 0x03, 0x0d, 0x05, 0x0b, 0x0d, 0x03, 0x05, 0x0d, 0x03, 0x08, 0x0d,
  0x03, 0x07, 0x10, 0x03, 0x04, 0x10, 0x05, 0x09, 0x11, 0xff, 0x06, 0x01,
  0x10, 0x06, 0x0a, 0x10, 0x03, 0x02, 0x11, 0x03, 0x05, 0x11, 0x02, 0x06,
  0x10, 0x0a, 0x03, 0x14, 0x05, 0x0b, 0x11, 0x04, 0x0d, 0x11, 0xff, 0x01,
  0x03, 0x0a, 0x04, 0x08, 0x0b, 0x07, 0x06, 0x0a, 0x04, 0x04, 0x0b, 0x03,
  0x06, 0x0c, 0x03, 0x06, 0x0f, 0xff, 0x06, 0x04, 0x0b, 0x0a, 0x09, 0x0b,
  0x07, 0x08, 0x10, 0x0a, 0x04, 0x10, 0x0a, 0x07, 0x0c, 0x07, 0x06, 0x11,
  0x07, 0x05, 0x12, 0xff, 0x06, 0x02, 0x0b, 0x06, 0x03, 0x0c, 0x09, 0x07,
  0x0b, 0x04, 0x0a, 0x0c, 0x06, 0x06, 0x0d, 0x07, 0x04, 0x0f, 0x09, 0x0a,
  0x13, 0x09, 0x0a, 0x13, 0x0a, 0x08, 0x14, 0x09, 0x05, 0x13, 0x09, 0x05,
  0x13, 0xff, 0x08, 0x01, 0x0d, 0x08, 0x0b, 0x0d, 0x08, 0x07, 0x0d, 0x08,
  0x04, 0x10, 0x09, 0x08, 0x10, 0x09, 0x08, 0x10, 0x09, 0x08, 0x12, 0x04,
  0x02, 0x0e, 0x04, 0x05, 0x11, 0x04, 0x0d, 0x10, 0xff, 0x04, 0x01, 0x11,
  0x04, 0x01, 0x11, 0x04, 0x06, 0x11, 0x04, 0x06, 0x11, 0x04, 0x0b, 0x11,
  0x04, 0x0b, 0x11, 0x05, 0x0d, 0x11, 0x05, 0x08, 0x11, 0x05, 0x03, 0x11,
  0xff, 0x01, 0x06, 0x0e, 0x01, 0x05, 0x0d, 0x01, 0x07, 0x0f, 0x09, 0x01,
  0x14, 0x09, 0x01, 0x14, 0x06, 0x04, 0x0c, 0x04, 0x09, 0x0c, 0x04, 0x08,
  0x10, 0x03, 0x0c, 0x07, 0xff, 0x06, 0x04, 0x0c, 0x04, 0x07, 0x0d, 0x04,
  0x05, 0x0d, 0x05, 0x04, 0x0e, 0x03, 0x05, 0x12, 0x03, 0x05, 0x12, 0x03,
  0x07, 0x13, 0x03, 0x09, 0x14, 0xff, 0x04, 0x09, 0x0d, 0x04, 0x08, 0x0e,
  0x03, 0x06, 0x0d, 0x06, 0x01, 0x0d, 0x06, 0x02, 0x0e, 0x06, 0x03, 0x10,
  0x06, 0x04, 0x11, 0x01, 0x05, 0x12, 0xff, 0x01, 0x03, 0x0f, 0x01, 0x03,
  0x0f, 0x03, 0x06, 0x0f, 0x02, 0x09, 0x0f, 0x03, 0x06, 0x12, 0x03, 0x06,
  0x12, 0x03, 0x04, 0x14, 0x03, 0x04, 0x14, 0x03, 0x08, 0x14, 0xff, 0x01,
  0x01, 0x0e, 0x01, 0x0a, 0x0e, 0x01, 0x09, 0x0d, 0x03, 0x06, 0x13, 0x04,
  0x04, 0x0f, 0x04, 0x0d, 0x12, 0xff, 0x04, 0x0d, 0x11, 0x04, 0x0d, 0x11,
  0x04, 0x0d, 0x0c, 0x04, 0x0d, 0x07, 0x05, 0x01, 0x07, 0x05, 0x01, 0x0c,
  0x05, 0x01, 0x0c, 0x05, 0x01, 0x11, 0x05, 0x01, 0x11, 0x0a, 0x03, 0x07,
  0x0a, 0x09, 0x07, 0x0a, 0x06, 0x08, 0x08, 0x06, 0x13, 0x08, 0x06, 0x0d,
  0xff, 0x06, 0x03, 0x0c, 0x04, 0x06, 0x0d, 0x01, 0x04, 0x0e, 0x05, 0x05,
  0x0f, 0x07, 0x0a, 0x10, 0x05, 0x0a, 0x11, 0x03, 0x0b, 0x12, 0x03, 0x0b,
  0x12, 0xff, 0x07, 0x0a, 0x0e, 0x07, 0x0a, 0x0e, 0x06, 0x05, 0x0e, 0x06,
  0x06, 0x0f, 0x02, 0x0b, 0x0f, 0x02, 0x07, 0x10, 0x01, 0x0a, 0x10, 0x03,
  0x06, 0x11, 0x03, 0x06, 0x11, 0x03, 0x0b, 0x12, 0x03, 0x0b, 0x12, 0x03,
  0x08, 0x13, 0x03, 0x08, 0x13, 0xff, 0x07, 0x0a, 0x0c, 0x07, 0x05, 0x0c,
  0x07, 0x01, 0x0d, 0x02, 0x06, 0x0d, 0x02, 0x0b, 0x0d, 0x02, 0x09, 0x0e,
  0x02, 0x02, 0x0e, 0x02, 0x05, 0x0f, 0x02, 0x08, 0x10, 0x0a, 0x0b, 0x13,
  0x08, 0x0b, 0x14, 0xff, 0x06, 0x06, 0x0c, 0x01, 0x08, 0x0d, 0x01, 0x08,
  0x0d, 0x05, 0x06, 0x0e, 0x01, 0x07, 0x10, 0x04, 0x0a, 0x0e, 0x04, 0x0b,
  0x0c, 0x03, 0x09, 0x13, 0x03, 0x06, 0x13, 0xff, 0x0a, 0x06, 0x07, 0x0a,
  0x02, 0x07, 0x0a, 0x0a, 0x07, 0x08, 0x06, 0x0b, 0x08, 0x03, 0x08, 0x08,
  0x09, 0x08, 0x05, 0x04, 0x09, 0x04, 0x0a, 0x09, 0x04, 0x07, 0x0c, 0x02,
  0x05, 0x0e, 0x03, 0x07, 0x11, 0x03, 0x03, 0x0f, 0x03, 0x0a, 0x0f, 0x05,
  0x05, 0x10, 0x03, 0x0c, 0x13, 0x03, 0x01, 0x13, 0xff, 0x01, 0x04, 0x09,
  0x01, 0x07, 0x0b, 0x01, 0x02, 0x0d, 0x01, 0x0c, 0x12, 0x01, 0x07, 0x14,
  0x01, 0x09, 0x10, 0xff, 0x09, 0x09, 0x0c, 0x04, 0x0c, 0x0d, 0x05, 0x09,
  0x0d, 0x04, 0x0c, 0x12, 0x05, 0x09, 0x12, 0x03, 0x0a, 0x13, 0xff, 0x05,
  0x02, 0x0c, 0x04, 0x05, 0x0c, 0x04, 0x05, 0x11, 0x05, 0x02, 0x11, 0x05,
  0x04, 0x0f, 0x04, 0x03, 0x0a, 0xff, 0x09, 0x01, 0x0b, 0x09, 0x06, 0x0b,
  0x06, 0x02, 0x0d, 0x02, 0x05, 0x0c, 0x04, 0x09, 0x0c, 0x05, 0x01, 0x0c,
  0x08, 0x0b, 0x14, 0x08, 0x06, 0x14, 0x08, 0x01, 0x14, 0x07, 0x06, 0x13,
  0x07, 0x01, 0x13, 0x0a, 0x0b, 0x13, 0xff, 0x03, 0x03, 0x0b, 0x01, 0x02,
  0x0a, 0x04, 0x05, 0x0a, 0x06, 0x09, 0x07, 0x06, 0x0a, 0x08, 0x02, 0x0b,
  0x09, 0x02, 0x0a, 0x0a, 0x05, 0x0a, 0x0b, 0x04, 0x04, 0x0e, 0x05, 0x02,
  0x0d, 0x05, 0x03, 0x0f, 0xff, 0x08, 0x01, 0x0f, 0x08, 0x05, 0x0f, 0x08,
  0x09, 0x0f, 0x08, 0x07, 0x0c, 0x08, 0x03, 0x0c, 0x08, 0x05, 0x09, 0xff,
  0x07, 0x01, 0x0a, 0x06, 0x0a, 0x0a, 0x06, 0x01, 0x0c, 0x07, 0x0a, 0x0c,
  0x07, 0x05, 0x10, 0x08, 0x06, 0x13, 0xff, 0x01, 0x05, 0x0f, 0x03, 0x07,
  0x0e, 0x02, 0x09, 0x0f, 0x09, 0x06, 0x13, 0xff, 0x08, 0x06, 0x07, 0x06,
  0x03, 0x0a, 0x07, 0x08, 0x0a, 0x05, 0x01, 0x0c, 0x04, 0x0d, 0x0c, 0x05,
  0x01, 0x11, 0x04, 0x0d, 0x11, 0x07, 0x06, 0x0f, 0x08, 0x06, 0x10, 0x08,
  0x06, 0x13, 0xff, 0x7e, 0x01, 0x02, 0x07, 0x0a, 0x05, 0x07, 0x0a, 0x04,
  0x08, 0x08, 0x04, 0x09, 0x08, 0x03, 0x0c, 0x08, 0x09, 0x0f, 0x05, 0x08,
  0x0e, 0x09, 0x08, 0x0d, 0x04, 0x0c, 0x0e, 0x04, 0x0d, 0x0d, 0x04, 0x0a,
  0x10, 0xff, 0x04, 0x06, 0x0a, 0x05, 0x09, 0x0a, 0x09, 0x06, 0x09, 0x03,
  0x0a, 0x14, 0x03, 0x08, 0x13, 0x03, 0x0c, 0x13, 0x03, 0x0a, 0x11, 0xff,
  0x03, 0x07, 0x14, 0x03, 0x05, 0x13, 0x03, 0x09, 0x13, 0x03, 0x07, 0x11,
  0x03, 0x05, 0x10, 0x03, 0x09, 0x10, 0x03, 0x03, 0x11, 0x03, 0x0b, 0x11,
  0x03, 0x03, 0x0e, 0x03, 0x0b, 0x0e, 0x03, 0x07, 0x0e, 0x03, 0x05, 0x0d,
  0x03, 0x09, 0x0d, 0x03, 0x07, 0x0b, 0xff, 0x08, 0x07, 0x14, 0x08, 0x05,
  0x11, 0x08, 0x09, 0x11, 0x08, 0x07, 0x0e, 0x08, 0x01, 0x10, 0x08, 0x0a,
  0x0b, 0x08, 0x06, 0x0b, 0x05, 0x02, 0x11, 0x05, 0x06, 0x12, 0x05, 0x0b,
  0x0c, 0x04, 0x0a, 0x12, 0xff, 0x05, 0x06, 0x0a, 0x03, 0x07, 0x0b, 0x06,
  0x05, 0x09, 0x04, 0x09, 0x0a, 0x04, 0x0a, 0x09, 0x01, 0x01, 0x10, 0x09,
  0x04, 0x10, 0x08, 0x02, 0x11, 0x01, 0x07, 0x11, 0x07, 0x09, 0x10, 0x03,
  0x0a, 0x11, 0xff, 0x04, 0x08, 0x0c, 0x01, 0x0b, 0x11, 0x03, 0x04, 0x10,
  0x01, 0x02, 0x14, 0xff, 0x05, 0x01, 0x0d, 0x01, 0x01, 0x0a, 0x0a, 0x06,
  0x07, 0x07, 0x0a, 0x0a, 0x05, 0x04, 0x07, 0x05, 0x09, 0x08, 0x03, 0x0b,
  0x0b, 0x03, 0x05, 0x08, 0x02, 0x09, 0x13, 0x02, 0x08, 0x14, 0x01, 0x07,
  0x12, 0x04, 0x0b, 0x12, 0x09, 0x08, 0x11, 0x05, 0x06, 0x11, 0xff, 0x07,
  0x01, 0x09, 0x08, 0x01, 0x0a, 0x08, 0x06, 0x0a, 0x07, 0x06, 0x09, 0x05,
  0x07, 0x0b, 0x05, 0x02, 0x0b, 0x04, 0x0d, 0x11, 0x03, 0x0b, 0x10, 0x07,
  0x0a, 0x0f, 0xff, 0x05, 0x03, 0x0b, 0x04, 0x04, 0x0a, 0x04, 0x0b, 0x0d,
  0x05, 0x0a, 0x0e, 0x04, 0x07, 0x11, 0x05, 0x06, 0x10, 0xff, 0x0a, 0x01,
  0x12, 0x0a, 0x05, 0x12, 0x0a, 0x09, 0x12, 0x0a, 0x04, 0x11, 0x0a, 0x08,
  0x11, 0x0a, 0x07, 0x10, 0x02, 0x0a, 0x0f, 0x05, 0x01, 0x0d, 0x05, 0x03,
  0x0d, 0x02, 0x05, 0x0d, 0x01, 0x08, 0x0d, 0x02, 0x0b, 0x0d, 0xff, 0x0a,
  0x03, 0x0f, 0x0a, 0x08, 0x0f, 0x03, 0x06, 0x0e, 0x08, 0x03, 0x10, 0x08,
  0x08, 0x10, 0x01, 0x09, 0x13, 0x01, 0x03, 0x13, 0xff, 0x07, 0x0a, 0x07,
  0x06, 0x05, 0x07, 0x04, 0x0d, 0x09, 0x06, 0x05, 0x09, 0x04, 0x06, 0x0a,
  0x04, 0x0c, 0x0a, 0x09, 0x08, 0x0d, 0x09, 0x03, 0x13, 0x07, 0x09, 0x14,
  0xff, 0x01, 0x01, 0x08, 0x01, 0x02, 0x09, 0x01, 0x03, 0x0a, 0x07, 0x04,
  0x08, 0x02, 0x05, 0x09, 0x04, 0x05, 0x0b, 0x03, 0x0c, 0x10, 0x03, 0x0a,
  0x11, 0x03, 0x0c, 0x13, 0x03, 0x08, 0x12, 0x03, 0x0a, 0x14, 0xff, 0x05,
  0x01, 0x0e, 0x05, 0x01, 0x09, 0x06, 0x01, 0x07, 0x03, 0x06, 0x07, 0x01,
  0x09, 0x07, 0x04, 0x0a, 0x08, 0x04, 0x0a, 0x0d, 0x0a, 0x08, 0x12, 0x0a,
  0x04, 0x12, 0x03, 0x05, 0x0c, 0xff, 0x03, 0x04, 0x0e, 0x0a, 0x04, 0x0d,
  0x0a, 0x08, 0x0d, 0x03, 0x09, 0x0e, 0x03, 0x02, 0x0c, 0x03, 0x0b, 0x0c,
  0x0a, 0x07, 0x0c, 0x06, 0x06, 0x0b, 0x06, 0x01, 0x0b, 0x05, 0x01, 0x0d,
  0x05, 0x01, 0x12, 0x02, 0x0c, 0x0b, 0x04, 0x0d, 0x0e, 0x04, 0x0c, 0x12,
  0xff, 0x08, 0x05, 0x0d, 0x08, 0x03, 0x10, 0x04, 0x06, 0x0e, 0x08, 0x08,
  0x10, 0x08, 0x05, 0x13, 0xff, 0x09, 0x05, 0x10, 0x09, 0x02, 0x11, 0x09,
  0x08, 0x11, 0x09, 0x05, 0x12, 0x09, 0x02, 0x0f, 0x09, 0x08, 0x0f, 0x09,
  0x05, 0x0e, 0xff, 0x01, 0x01, 0x10, 0x01, 0x06, 0x10, 0x01, 0x0b, 0x10,
  0x07, 0x01, 0x0f, 0x07, 0x06, 0x0f, 0x02, 0x0c, 0x0f, 0xff, 0x02, 0x07,
  0x10, 0x02, 0x06, 0x11, 0x08, 0x04, 0x12, 0x01, 0x03, 0x11, 0x01, 0x02,
  0x10, 0xff, 0x08, 0x06, 0x0c, 0x08, 0x06, 0x0f, 0x08, 0x06, 0x12, 0x06,
  0x05, 0x0b, 0xff, 0x05, 0x01, 0x07, 0x0a, 0x01, 0x0c, 0x05, 0x06, 0x0a,
  0x08, 0x06, 0x0f, 0x05, 0x08, 0x0a, 0x05, 0x0b, 0x0e, 0x02, 0x0c, 0x11,
  0xff, 0x06, 0x09, 0x0e, 0x08, 0x0a, 0x0f, 0x08, 0x0b, 0x12, 0x07, 0x02,
  0x07, 0x08, 0x02, 0x08, 0x08, 0x03, 0x0b, 0xff, 0x03, 0x05, 0x0e, 0x03,
  0x08, 0x0e, 0x08, 0x08, 0x11, 0x08, 0x04, 0x11, 0x08, 0x01, 0x0e, 0x08,
  0x0b, 0x0e, 0xff, 0x06, 0x06, 0x0c, 0x04, 0x09, 0x0d, 0x01, 0x07, 0x0e,
  0x04, 0x08, 0x0f, 0xff, 0x08, 0x01, 0x0c, 0x08, 0x06, 0x0c, 0x08, 0x0b,
  0x0c, 0x0a, 0x0b, 0x0b, 0x0a, 0x06, 0x0b, 0x0a, 0x01, 0x0b, 0x0a, 0x08,
  0x14, 0x07, 0x01, 0x0a, 0x09, 0x08, 0x0a, 0x09, 0x05, 0x13, 0xff, 0x08,
  0x0b, 0x0f, 0x08, 0x07, 0x0f, 0x08, 0x03, 0x0f, 0x05, 0x01, 0x0f, 0x08,
  0x03, 0x12, 0x08, 0x07, 0x12, 0x08, 0x0b, 0x12, 0xff, 0x03, 0x07, 0x08,
  0x03, 0x04, 0x0a, 0x03, 0x0a, 0x0a, 0x03, 0x02, 0x0d, 0x03, 0x0c, 0x0d,
  0x03, 0x07, 0x13, 0x03, 0x07, 0x0f, 0xff, 0x02, 0x05, 0x0d, 0x02, 0x08,
  0x0d, 0x0a, 0x04, 0x10, 0x0a, 0x08, 0x10, 0x01, 0x05, 0x12, 0x01, 0x08,
  0x12, 0xff, 0x0a, 0x06, 0x07, 0x0a, 0x02, 0x07, 0x0a, 0x0a, 0x07, 0x0a,
  0x05, 0x0a, 0x0a, 0x08, 0x0b, 0x0a, 0x03, 0x0b, 0x0a, 0x09, 0x0f, 0x0a,
  0x03, 0x10, 0x0a, 0x06, 0x13, 0xff, 0x05, 0x08, 0x09, 0x08, 0x04, 0x0a,
  0x08, 0x09, 0x0a, 0x08, 0x07, 0x0e, 0x09, 0x08, 0x08, 0x09, 0x03, 0x08,
  0x05, 0x0d, 0x08, 0x08, 0x01, 0x0f, 0x05, 0x08, 0x0f, 0xff, 0x06, 0x01,
  0x0a, 0x06, 0x06, 0x0a, 0x05, 0x0b, 0x0a, 0x05, 0x0b, 0x0f, 0x05, 0x07,
  0x0b, 0x05, 0x07, 0x10, 0x05, 0x03, 0x0b, 0x05, 0x04, 0x0f, 0xff, 0x08,
  0x01, 0x07, 0x08, 0x0b, 0x07, 0x08, 0x01, 0x12, 0x08, 0x0b, 0x12, 0x08,
  0x06, 0x0c, 0xff, 0x07, 0x09, 0x0c, 0x07, 0x02, 0x0c, 0x09, 0x05, 0x0b,
  0x06, 0x02, 0x0a, 0x0a, 0x07, 0x0a, 0x0a, 0x0a, 0x0b, 0x0a, 0x0b, 0x0a,
  0x08, 0x09, 0x0d, 0x08, 0x02, 0x0d, 0x08, 0x02, 0x10, 0x08, 0x09, 0x10,
  0x08, 0x02, 0x13, 0x08, 0x09, 0x13, 0xff, 0x05, 0x01, 0x07, 0x05, 0x0e,
  0x09, 0x03, 0x0a, 0x07, 0x02, 0x05, 0x09, 0x01, 0x0c, 0x12, 0x0a, 0x09,
  0x0d, 0x09, 0x03, 0x10, 0x08, 0x01, 0x13, 0x07, 0x01, 0x0d, 0x06, 0x06,
  0x13, 0xff, 0x04, 0x03, 0x11, 0x05, 0x05, 0x11, 0x04, 0x0a, 0x11, 0x05,
  0x0c, 0x11, 0x05, 0x0c, 0x0a, 0x04, 0x0a, 0x0a, 0x04, 0x03, 0x0a, 0x05,
  0x05, 0x0a, 0x03, 0x07, 0x0c, 0x03, 0x07, 0x13, 0xff, 0x03, 0x01, 0x10,
  0x03, 0x05, 0x10, 0x03, 0x09, 0x10, 0x03, 0x07, 0x0e, 0x03, 0x03, 0x0e,
  0x01, 0x03, 0x13, 0xff, 0x06, 0x02, 0x10, 0x07, 0x0a, 0x10, 0x04, 0x07,
  0x10, 0x07, 0x09, 0x11, 0x07, 0x03, 0x11, 0x07, 0x02, 0x12, 0x07, 0x0a,
  0x13, 0xff, 0x08, 0x03, 0x0e, 0x05, 0x02, 0x0d, 0x03, 0x06, 0x0d, 0x09,
  0x02, 0x0c, 0x09, 0x07, 0x0c, 0x04, 0x0a, 0x0d, 0x04, 0x09, 0x0e, 0x04,
  0x08, 0x0f, 0x01, 0x03, 0x11, 0x03, 0x06, 0x11, 0x01, 0x04, 0x12, 0xff,
  0x01, 0x0a, 0x0d, 0x02, 0x04, 0x0d, 0x02, 0x05, 0x0c, 0x06, 0x08, 0x0c,
  0x06, 0x04, 0x0b, 0x0a, 0x09, 0x0b, 0x05, 0x04, 0x0e, 0x07, 0x06, 0x10,
  0x04, 0x0b, 0x0e, 0x06, 0x05, 0x11, 0xff, 0x06, 0x01, 0x10, 0x07, 0x06,
  0x10, 0x07, 0x05, 0x11, 0x05, 0x03, 0x11, 0x09, 0x04, 0x12, 0x06, 0x04,
  0x14, 0xff, 0x09, 0x06, 0x10, 0x09, 0x03, 0x11, 0x09, 0x09, 0x11, 0x06,
  0x01, 0x10, 0x0a, 0x0b, 0x10, 0x0a, 0x01, 0x12, 0x0a, 0x06, 0x12, 0xff,
  0x06, 0x04, 0x11, 0x04, 0x08, 0x10, 0x04, 0x09, 0x0f, 0x04, 0x0a, 0x0e,
  0x04, 0x0b, 0x0d, 0x01, 0x03, 0x10, 0x01, 0x03, 0x0d, 0x03, 0x06, 0x0d,
  0x03, 0x05, 0x12, 0xff, 0x07, 0x09, 0x0f, 0x07, 0x08, 0x10, 0x05, 0x07,
  0x0f, 0x05, 0x08, 0x11, 0x05, 0x0a, 0x11, 0xff, 0x09, 0x01, 0x0c, 0x05,
  0x01, 0x0d, 0x04, 0x04, 0x0d, 0x03, 0x02, 0x0e, 0x06, 0x09, 0x07, 0x05,
  0x0a, 0x08, 0x05, 0x0b, 0x09, 0x04, 0x0c, 0x08, 0xff, 0x03, 0x0c, 0x11,
  0x03, 0x08, 0x10, 0x03, 0x05, 0x0f, 0x03, 0x03, 0x0e, 0x03, 0x01, 0x0c,
  0x03, 0x03, 0x0b, 0x03, 0x06, 0x0a, 0x03, 0x0a, 0x09, 0xff, 0x09, 0x01,
  0x14, 0x09, 0x04, 0x13, 0x09, 0x07, 0x12, 0x09, 0x0a, 0x11, 0xff, 0x09,
  0x0a, 0x07, 0x09, 0x05, 0x07, 0x0a, 0x01, 0x07, 0x0a, 0x03, 0x08, 0x0a,
  0x08, 0x08, 0x03, 0x05, 0x0c, 0x0a, 0x05, 0x12, 0xff, 0x01, 0x05, 0x10,
  0x01, 0x07, 0x12, 0x01, 0x0b, 0x0d, 0x01, 0x09, 0x0a, 0x02, 0x01, 0x0d,
  0x02, 0x03, 0x0b, 0x02, 0x05, 0x09, 0xff, 0x06, 0x01, 0x07, 0x01, 0x02,
  0x08, 0x09, 0x06, 0x07, 0x02, 0x05, 0x08, 0x04, 0x09, 0x08, 0x05, 0x08,
  0x09, 0x02, 0x04, 0x09, 0x02, 0x03, 0x0a, 0x02, 0x02, 0x0b, 0x06, 0x06,
  0x0e, 0x0a, 0x0b, 0x0e, 0x07, 0x0a, 0x0f, 0x01, 0x07, 0x0f, 0x01, 0x08,
  0x10, 0x03, 0x0b, 0x10, 0x02, 0x09, 0x11, 0xff, 0x08, 0x01, 0x08, 0x08,
  0x01, 0x0b, 0x07, 0x01, 0x07, 0x07, 0x05, 0x09, 0x07, 0x05, 0x0b, 0x09,
  0x08, 0x0e, 0x05, 0x08, 0x0f, 0x04, 0x0b, 0x0f, 0x0a, 0x0b, 0x14, 0x0a,
  0x06, 0x14, 0x02, 0x09, 0x11, 0xff, 0x07, 0x0a, 0x07, 0x06, 0x05, 0x07,
  0x06, 0x06, 0x08, 0x02, 0x0b, 0x08, 0x02, 0x07, 0x09, 0x01, 0x0a, 0x09,
  0x0a, 0x05, 0x0a, 0x0a, 0x03, 0x0b, 0x0a, 0x01, 0x0c, 0x06, 0x06, 0x11,
  0x01, 0x0c, 0x13, 0x0a, 0x0b, 0x12, 0x0a, 0x08, 0x13, 0x0a, 0x08, 0x14,
  0x0a, 0x07, 0x12, 0x0a, 0x0b, 0x11, 0xff, 0x07, 0x0a, 0x07, 0x06, 0x01,
  0x07, 0x06, 0x05, 0x08, 0x0a, 0x06, 0x07, 0x0a, 0x01, 0x09, 0x0a, 0x0b,
  0x09, 0x0a, 0x07, 0x09, 0x0a, 0x03, 0x0a, 0x0a, 0x05, 0x0b, 0x0a, 0x03,
  0x0c, 0x0a, 0x05, 0x0d, 0x0a, 0x03, 0x0e, 0x0a, 0x07, 0x0f, 0x0a, 0x01,
  0x0f, 0x0a, 0x04, 0x10, 0x0a, 0x04, 0x13, 0xff, 0x08, 0x0b, 0x0c, 0x08,
  0x0b, 0x10, 0x08, 0x0b, 0x14, 0x06, 0x0a, 0x0b, 0x06, 0x0a, 0x0f, 0x06,
  0x0a, 0x13, 0x06, 0x06, 0x0d, 0x06, 0x06, 0x11, 0x06, 0x02, 0x0f, 0x06,
  0x01, 0x13, 0xff, 0x07, 0x01, 0x0d, 0x07, 0x05, 0x0f, 0x07, 0x01, 0x12,
  0x07, 0x06, 0x14, 0xff, 0x04, 0x0d, 0x07, 0x05, 0x01, 0x07, 0x0a, 0x03,
  0x07, 0x08, 0x07, 0x07, 0x05, 0x0b, 0x07, 0x05, 0x0c, 0x08, 0x04, 0x04,
  0x11, 0x04, 0x09, 0x11, 0x01, 0x0b, 0x11, 0x01, 0x06, 0x11, 0xff, 0x08,
  0x03, 0x0d, 0x08, 0x0a, 0x0d, 0x06, 0x02, 0x0c, 0x05, 0x09, 0x0c, 0x04,
  0x0d, 0x0c, 0x07, 0x07, 0x0b, 0x07, 0x02, 0x10, 0x03, 0x0a, 0x10, 0xff,
  0x03, 0x0c, 0x07, 0x03, 0x0a, 0x08, 0x03, 0x08, 0x09, 0x03, 0x06, 0x0a,
  0x03, 0x04, 0x0b, 0x03, 0x06, 0x0d, 0x03, 0x08, 0x0e, 0x03, 0x0a, 0x0f,
  0x03, 0x0c, 0x10, 0x03, 0x0c, 0x0a, 0x03, 0x0c, 0x0d, 0xff, 0x09, 0x06,
  0x0a, 0x05, 0x04, 0x0a, 0x04, 0x0b, 0x0a, 0x02, 0x09, 0x0b, 0x01, 0x05,
  0x0b, 0x09, 0x06, 0x0c, 0x09, 0x06, 0x10, 0x09, 0x02, 0x12, 0x09, 0x0a,
  0x12, 0xff, 0x06, 0x04, 0x09, 0x02, 0x09, 0x09, 0x02, 0x04, 0x0b, 0x02,
  0x06, 0x0e, 0x02, 0x08, 0x11, 0x0a, 0x07, 0x14, 0x0a, 0x05, 0x13, 0xff,
  0x07, 0x06, 0x0b, 0x05, 0x06, 0x0c, 0x03, 0x07, 0x0d, 0x08, 0x07, 0x10,
  0x08, 0x0a, 0x0d, 0x08, 0x03, 0x11, 0xff, 0x06, 0x03, 0x07, 0x02, 0x0c,
  0x09, 0x0a, 0x0b, 0x08, 0x06, 0x0a, 0x07, 0x04, 0x0c, 0x0a, 0x01, 0x09,
  0x09, 0x01, 0x08, 0x0c, 0x01, 0x07, 0x0f, 0x01, 0x06, 0x12, 0x01, 0x08,
  0x14, 0x01, 0x05, 0x08, 0x01, 0x01, 0x09, 0xff, 0x08, 0x03, 0x0c, 0x04,
  0x06, 0x0b, 0x03, 0x01, 0x0b, 0x05, 0x04, 0x0d, 0x05, 0x05, 0x0f, 0x07,
  0x06, 0x10, 0x07, 0x0a, 0x12, 0xff, 0x06, 0x0a, 0x0a, 0x06, 0x07, 0x0c,
  0x06, 0x04, 0x0e, 0x06, 0x01, 0x10, 0x06, 0x03, 0x12, 0x06, 0x07, 0x10,
  0x0a, 0x0b, 0x0e, 0x0a, 0x0b, 0x12, 0x06, 0x07, 0x14, 0xff, 0x08, 0x04,
  0x0b, 0x08, 0x02, 0x0e, 0x08, 0x07, 0x0e, 0x08, 0x01, 0x11, 0x08, 0x05,
  0x11, 0x08, 0x09, 0x11, 0x08, 0x0b, 0x14, 0x08, 0x07, 0x14, 0x08, 0x02,
  0x14, 0xff, 0x06, 0x04, 0x0c, 0x07, 0x09, 0x0c, 0x06, 0x05, 0x0d, 0x02,
  0x0b, 0x0e, 0x0a, 0x09, 0x10, 0x0a, 0x05, 0x10, 0x0a, 0x01, 0x0e, 0x08,
  0x01, 0x0f, 0x07, 0x02, 0x12, 0x07, 0x04, 0x14, 0xff, 0x04, 0x01, 0x0a,
  0x01, 0x04, 0x0a, 0x05, 0x0d, 0x0a, 0x02, 0x09, 0x0a, 0x05, 0x08, 0x11,
  0x04, 0x06, 0x11, 0x01, 0x05, 0x10, 0x02, 0x08, 0x10, 0xff, 0x09, 0x06,
  0x07, 0x09, 0x06, 0x14, 0x09, 0x06, 0x12, 0x09, 0x06, 0x11, 0x09, 0x06,
  0x10, 0x09, 0x06, 0x0f, 0x09, 0x06, 0x0e, 0x09, 0x06, 0x0d, 0x09, 0x06,
  0x0c, 0x09, 0x06, 0x0b, 0x09, 0x06, 0x0a, 0x09, 0x06, 0x09, 0xff, 0x03,
  0x07, 0x13, 0x09, 0x06, 0x10, 0x09, 0x06, 0x0f, 0x09, 0x06, 0x0d, 0x09,
  0x06, 0x0a, 0x09, 0x03, 0x07, 0x09, 0x09, 0x07, 0xff, 0x50, 0x20, 0x45,
  0x52, 0x20, 0x20, 0x0a, 0x52, 0x47, 0x20, 0x80, 0x54, 0x44, 0x52, 0x64,
  0x54, 0x49, 0x52, 0x62, 0x55, 0x54, 0x20, 0x21, 0x55, 0x54, 0x44, 0x63,
  0x55, 0x54, 0x49, 0x61, 0x4f, 0x50, 0x20, 0x03, 0x55, 0x53, 0x48, 0x02,
  0x45, 0x53, 0x20, 0x19, 0x45, 0x54, 0x20, 0x1e, 0x45, 0x54, 0x49, 0x5b,
  0x45, 0x54, 0x4e, 0x5c, 0x4c, 0x20, 0x20, 0x12, 0x4c, 0x41, 0x20, 0x4a,
  0x4c, 0x43, 0x20, 0x10, 0x4c, 0x43, 0x41, 0x49, 0x4c, 0x44, 0x20, 0x59,
  0x52, 0x20, 0x20, 0x13, 0x52, 0x41, 0x20, 0x4c, 0x52, 0x43, 0x20, 0x11,
  0x52, 0x43, 0x41, 0x4b, 0x52, 0x44, 0x20, 0x5a, 0x53, 0x54, 0x20, 0x1f,
  0x42, 0x43, 0x20, 0x08, 0x43, 0x46, 0x20, 0x44, 0x45, 0x54, 0x20, 0x18,
  0x4c, 0x41, 0x20, 0x14, 0x52, 0x41, 0x20, 0x15, 0x52, 0x4c, 0x20, 0x16,
  0x55, 0x42, 0x20, 0x07, 0x4f, 0x52, 0x20, 0x0b, 0xc3, 0xf2, 0x6b, 0x2a,
  0x7e, 0x7e, 0x7c, 0xb5, 0x28, 0x03, 0xaf, 0x18, 0x03, 0x3a, 0x96, 0x7e,
  0xb7, 0xca, 0xc7, 0x4d, 0xfe, 0x01, 0xca, 0xda, 0x4d, 0xfe, 0x02, 0xca,
  0xe1, 0x4d, 0xaf, 0x3c, 0x32, 0x96, 0x7e, 0xaf, 0x32, 0x99, 0x7e, 0xcd,
  0xf7, 0x4d, 0x21, 0x00, 0x00, 0x22, 0x7e, 0x7e, 0x18, 0x3d, 0xed, 0x7b,
  0x97, 0x7e, 0xc3, 0x58, 0x50, 0xed, 0x7b, 0x97, 0x7e, 0xc3, 0x7f, 0x50,
  0xed, 0x73, 0x97, 0x7e, 0x3e, 0x01, 0x32, 0x99, 0x7e, 0xcd, 0x7a, 0x66,
  0xc3, 0xbd, 0x69, 0x21, 0x00, 0x00, 0x22, 0x54, 0x7e, 0xc9, 0xc5, 0xd5,
  0x00, 0x00, 0x25, 0x00, 0x35, 0x00, 0x48, 0x00, 0x58, 0x00, 0x62, 0x00,
  0x72, 0x00, 0x82, 0x00, 0x95, 0x00, 0xa8, 0x00, 0xc1, 0x00, 0xd1, 0x00,
  0xe4, 0x00, 0xf7, 0x00, 0x10, 0x01, 0x20, 0x01, 0x30, 0x01, 0x3a, 0x01,
  0x47, 0x01, 0x54, 0x01, 0x67, 0x01, 0x77, 0x01, 0x8a, 0x01, 0x9d, 0x01,
  0xaa, 0x01, 0xc9, 0x01, 0xdf, 0x01, 0xf5, 0x01, 0x02, 0x02, 0x0c, 0x02,
  0x19, 0x02, 0x35, 0x02, 0x4b, 0x02, 0x58, 0x02, 0x6b, 0x02, 0x7e, 0x02,
  0x94, 0x02, 0xb3, 0x02, 0xc9, 0x02, 0xe2, 0x02, 0x01, 0x03, 0x20, 0x03,
  0x36, 0x03, 0x4f, 0x03, 0x62, 0x03, 0x78, 0x03, 0x9a, 0x03, 0xb9, 0x03,
  0xd5, 0x03, 0xf1, 0x03, 0x0a, 0x04, 0x23, 0x04, 0x3f, 0x04, 0x52, 0x04,
  0x7d, 0x04, 0x96, 0x04, 0xbe, 0x04, 0xe0, 0x04, 0xfc, 0x04, 0x2d, 0x05,
  0x40, 0x05, 0x53, 0x05, 0x66, 0x05, 0x8b, 0x05, 0xad, 0x05, 0xc0, 0x05,
  0xd3, 0x05, 0xe0, 0x05, 0xe0, 0x05, 0x22, 0x06, 0x38, 0x06, 0x63, 0x06,
  0x85, 0x06, 0xa7, 0x06, 0xb4, 0x06, 0xdf, 0x06, 0xfb, 0x06, 0x0e, 0x07,
  0x33, 0x07, 0x49, 0x07, 0x65, 0x07, 0x87, 0x07, 0xa6, 0x07, 0xd1, 0x07,
  0xe1, 0x07, 0xf7, 0x07, 0x0a, 0x08, 0x1a, 0x08, 0x27, 0x08, 0x3d, 0x08,
  0x50, 0x08, 0x63, 0x08, 0x70, 0x08, 0x8f, 0x08, 0xa5, 0x08, 0xbb, 0x08,
  0xce, 0x08, 0xea, 0x08, 0x06, 0x09, 0x1f, 0x09, 0x2f, 0x09, 0x57, 0x09,
  0x76, 0x09, 0x95, 0x09, 0xa8, 0x09, 0xbe, 0x09, 0xe0, 0x09, 0xff, 0x09,
  0x12, 0x0a, 0x28, 0x0a, 0x44, 0x0a, 0x54, 0x0a, 0x6d, 0x0a, 0x86, 0x0a,
  0x93, 0x0a, 0xa9, 0x0a, 0xbf, 0x0a, 0xf0, 0x0a, 0x12, 0x0b, 0x43, 0x0b,
  0x74, 0x0b, 0x93, 0x0b, 0xa0, 0x0b, 0xbf, 0x0b, 0xd8, 0x0b, 0xfa, 0x0b,
  0x16, 0x0c, 0x2c, 0x0c, 0x3f, 0x0c, 0x64, 0x0c, 0x7a, 0x0c, 0x96, 0x0c,
  0xb2, 0x0c, 0xd1, 0x0c, 0xea, 0x0c, 0x0f, 0x0d, 0x0f, 0x0d, 0xe0, 0x63,
  0x11, 0x64, 0x30, 0x64, 0x43, 0x64, 0x65, 0x64, 0x87, 0x64, 0xa0, 0x64,
  0xcb, 0x64, 0xf3, 0x64, 0x0c, 0x65, 0x2e, 0x65, 0x41, 0x65, 0x7b, 0x65,
  0xa6, 0x65, 0xcb, 0x65, 0xff, 0x65, 0x27, 0x66, 0x4c, 0x66, 0x7b, 0x65,
  0xff, 0x65, 0x6b, 0x66, 0x41, 0xb5, 0x41, 0x65, 0xc7, 0x66, 0xd4, 0x66,
  0xf3, 0x66, 0x09, 0x67, 0x1f, 0x67, 0x32, 0x67, 0x4e, 0x67, 0x6a, 0x67,
  0x83, 0x67, 0x93, 0x67, 0xbb, 0x67, 0xda, 0x67, 0xf9, 0x67, 0x0c, 0x68,
  0x22, 0x68, 0x44, 0x68, 0x63, 0x68, 0x76, 0x68, 0x8c, 0x68, 0xa8, 0x68,
  0xb8, 0x68, 0xd1, 0x68, 0xea, 0x68, 0xf7, 0x68, 0x0d, 0x69, 0x11, 0x69,
  0x33, 0x69, 0xe0, 0x63, 0xe0, 0x63, 0xe0, 0x63, 0xe0, 0x63, 0xe0, 0x05,
  0xad, 0x05, 0xc0, 0x05, 0xd3, 0x05, 0xe0, 0x05, 0xff, 0x05, 0x82, 0x00,
  0x08, 0x41, 0xe9, 0x79, 0x40, 0x00, 0x02, 0x50, 0x20, 0x01, 0xa8, 0xe9,
  0x2b, 0x40, 0xe9, 0x2a, 0x40, 0xe9, 0x2d, 0x40, 0x22, 0x00, 0x22, 0xe9,
  0x2d, 0x40, 0x08, 0x00, 0x02, 0x00, 0x00, 0x08, 0x02, 0x00, 0x02, 0xe9,
  0x2b, 0x00, 0xe9, 0x2a, 0x00, 0xe9, 0x52, 0x41, 0x00, 0x37, 0x08, 0xe9,
  0x79, 0x40, 0x00, 0x33, 0x08, 0x00, 0x80, 0x80, 0x00, 0x06, 0x08, 0x80,
  0x80, 0x81, 0xca, 0x45, 0x47, 0xe9, 0x3c, 0x40, 0xa8, 0x51, 0x71, 0x44,
  0xa2, 0xc5, 0x8a, 0x15, 0x17, 0x10, 0x28, 0x5c, 0xa2, 0x51, 0x73, 0x44,
  0x8a, 0xcd, 0x2a, 0x15, 0x37, 0x10, 0xaa, 0xdc, 0x0a, 0x15, 0x17, 0x04,
  0x02, 0x24, 0x0a, 0x05, 0x07, 0x11, 0x0a, 0x99, 0x02, 0x01, 0x03, 0x44,
  0xaa, 0xdd, 0x8a, 0x55, 0x57, 0x11, 0xaa, 0xdd, 0xff, 0xff, 0x11, 0xff,
  0x80, 0x40, 0x20, 0x10, 0x08, 0x04, 0x02, 0x01, 0x00, 0x01, 0x03, 0x07,
  0x0f, 0x1f, 0x3f, 0x7f, 0x80, 0x88, 0x00, 0x08, 0x10, 0x7f, 0xbf, 0xdf,
  0xef, 0xf7, 0xfb, 0xfd, 0xff, 0xfe, 0xfc, 0xf8, 0xf0, 0xe0, 0xc0, 0x80,
  0x00, 0x98, 0xff, 0xc9, 0x00, 0x0a, 0x10, 0x38, 0x38, 0x10, 0x10, 0x00,
  0x10, 0x6c, 0x6c, 0x48, 0x86, 0x00, 0x22, 0x2c, 0x2c, 0x7e, 0x2c, 0x7e,
  0x2c, 0x2c, 0x10, 0x7c, 0xd6, 0x70, 0x1c, 0xd6, 0x7c, 0x10, 0x00, 0x44,
  0xec, 0x58, 0x30, 0x68, 0xdc, 0x88, 0x00, 0x70, 0xd8, 0x70, 0xda, 0xcc,
  0xcc, 0x7a, 0x18, 0x30, 0x40, 0x86, 0x00, 0x01, 0x06, 0x85, 0x0c, 0x03,
  0x06, 0x00, 0x60, 0x85, 0x30, 0x10, 0x60, 0x00, 0x18, 0x5a, 0x3c, 0x18,
  0x3c, 0x5a, 0x18, 0x00, 0x30, 0x30, 0xfc, 0xfc, 0x30, 0x30, 0x86, 0x00,
  0x05, 0x30, 0x30, 0x60, 0x00, 0x00, 0x80, 0xbd, 0x00, 0x0b, 0x0e, 0x60,
  0x60, 0x00, 0x00, 0x02, 0x06, 0x0c, 0x18, 0x30, 0x60, 0x40, 0x00, 0x38,
  0x44, 0x83, 0xc6, 0x05, 0x44, 0x38, 0x00, 0x30, 0x70, 0x84, 0x30, 0x09,
  0xfc, 0x00, 0x7c, 0xc6, 0x06, 0x1c, 0x78, 0xe0, 0xfe, 0x80, 0x90, 0x01,
  0x05, 0x20, 0x06, 0xc6, 0x7c, 0x00, 0x1c, 0x3c, 0x6c, 0xcc, 0xcc, 0xfe,
  0x0c, 0x00, 0xfe, 0xc0, 0xfc, 0xc6, 0x06, 0xc6, 0x7c, 0x00, 0x7c, 0xc0,
  0xc0, 0xfc, 0xc6, 0xc6, 0x7c, 0x00, 0xfe, 0xc6, 0x0c, 0x18, 0x83, 0x30,
  0x14, 0x00, 0x7c, 0xc6, 0xc6, 0x83, 0xc6, 0xc6, 0x7c, 0x00, 0x7c, 0xc6,
  0xc6, 0x7e, 0x06, 0x06, 0x7c, 0x00, 0x18, 0x18, 0x00, 0x80, 0xd0, 0x01,
  0x0b, 0x3c, 0x30, 0x00, 0x06, 0x0c, 0x18, 0x30, 0x18, 0x0c, 0x06, 0x00,
  0x00, 0x7e, 0x7e, 0x00, 0x7e, 0x7e, 0x00, 0x00, 0x60, 0x30, 0x18, 0x0c,
  0x18, 0x30, 0x60, 0x00, 0x3c, 0x66, 0x0c, 0x18, 0x00, 0x18, 0x18, 0x00,
  0x7c, 0xc6, 0x06, 0x66, 0xd6, 0xd6, 0x7c, 0x00, 0x38, 0x6c, 0xc6, 0xc6,
  0xfe, 0xc6, 0xc6, 0x00, 0xfc, 0xc6, 0xc6, 0xf8, 0xc6, 0xc6, 0xfc, 0x00,
  0x7c, 0xc6, 0x83, 0xc0, 0x05, 0xc6, 0x7c, 0x00, 0xf8, 0xcc, 0x83, 0xc6,
  0x0a, 0xcc, 0xf8, 0x00, 0xfe, 0xc0, 0xc0, 0xfc, 0xc0, 0xc0, 0xfe, 0x80,
  0x28, 0x02, 0x07, 0x0a, 0xc0, 0x00, 0x7c, 0xc6, 0xc0, 0xce, 0xc6, 0xc6,
  0x7e, 0x00, 0x83, 0xc6, 0x01, 0xfe, 0x83, 0xc6, 0x02, 0x00, 0x78, 0x85,
  0x30, 0x03, 0x78, 0x00, 0x3e, 0x84, 0x0c, 0x0b, 0xcc, 0x78, 0x00, 0xc6,
  0xcc, 0xd8, 0xf0, 0xd8, 0xcc, 0xc6, 0x00, 0x86, 0xc0, 0x13, 0xfe, 0x00,
  0xc6, 0xee, 0xfe, 0xfe, 0xd6, 0xc6, 0xc6, 0x00, 0xc6, 0xe6, 0xf6, 0xfe,
  0xde, 0xce, 0xc6, 0x00, 0x7c, 0x85, 0xc6, 0x03, 0x7c, 0x00, 0xfc, 0x83,
  0xc6, 0x01, 0xfc, 0x80, 0x36, 0x02, 0x05, 0x17, 0xc6, 0xc6, 0xde, 0xcc,
  0x7a, 0x00, 0xfc, 0xc6, 0xc6, 0xc4, 0xf8, 0xcc, 0xc6, 0x00, 0x7c, 0xc6,
  0xc0, 0x7c, 0x06, 0xc6, 0x7c, 0x00, 0xfc, 0x86, 0x30, 0x01, 0x00, 0x86,
  0xc6, 0x01, 0x7c, 0x80, 0xa8, 0x02, 0x05, 0x18, 0x6c, 0x38, 0x10, 0x00,
  0xc6, 0xc6, 0xd6, 0xd6, 0xfe, 0xee, 0x44, 0x00, 0xc6, 0xc6, 0x6c, 0x38,
  0x6c, 0xc6, 0xc6, 0x00, 0xcc, 0xcc, 0xfc, 0x78, 0x83, 0x30, 0x0a, 0x00,
  0xfe, 0x0e, 0x1c, 0x38, 0x70, 0xe0, 0xfe, 0x00, 0x7e, 0x85, 0x81, 0x01,
  0x00, 0x88, 0x80, 0x80, 0xd8, 0x02, 0x11, 0x85, 0x00, 0x05, 0x7e, 0x7e,
  0x18, 0x0c, 0x02, 0x88, 0x00, 0x02, 0x20, 0x00, 0x80, 0x02, 0x03, 0x06,
  0x80, 0x0b, 0x03, 0x0e, 0x01, 0x08, 0x87, 0x00, 0x80, 0x21, 0x03, 0x08,
  0x80, 0x19, 0x03, 0x18, 0x80, 0x39, 0x03, 0x18, 0x80, 0x19, 0x03, 0x10,
  0x80, 0x31, 0x03, 0x28, 0x80, 0x09, 0x03, 0x07, 0x02, 0x07, 0x03, 0x84,
  0x01, 0x0a, 0x03, 0x07, 0xe0, 0xc0, 0x80, 0x80, 0x7f, 0x80, 0xc0, 0xe0,
  0x84, 0x00, 0x01, 0xc6, 0x84, 0x00, 0x80, 0xd9, 0x02, 0x1f, 0x02, 0xff,
  0x81, 0x84, 0xc3, 0x02, 0x81, 0xff, 0x80, 0xd8, 0x03, 0x09, 0x06, 0x7e,
  0x3c, 0x18, 0x18, 0x3c, 0x7e, 0x80, 0xe7, 0x03, 0x0a, 0x8f, 0xff, 0x80,
  0x68, 0x01, 0x05, 0x83, 0xff, 0x88, 0x3f, 0x02, 0x80, 0x40, 0x86, 0x3f,
  0x88, 0xfc, 0x02, 0x01, 0x02, 0x86, 0xfc, 0x88, 0x3c, 0x02, 0x81, 0x42,
  0x86, 0x3c, 0x80, 0xba, 0x00, 0x0a, 0x84, 0xff, 0x02, 0x00, 0x00, 0x86,
  0x3f, 0x02, 0x40, 0x80, 0x80, 0x18, 0x04, 0x06, 0x02, 0x40, 0x80, 0x86,
  0xfc, 0x02, 0x02, 0x01, 0x80, 0x28, 0x04, 0x06, 0x02, 0x02, 0x01, 0x86,
  0x3c, 0x02, 0x42, 0x81, 0x88, 0x00, 0x86, 0xff, 0x02, 0xfc, 0xfc, 0x80,
  0x08, 0x04, 0x06, 0x02, 0xfc, 0xfc, 0x86, 0x3f, 0x02, 0x3c, 0x3c, 0x80,
  0x18, 0x04, 0x06, 0x02, 0x3c, 0x3c, 0x85, 0x00, 0x01, 0x18, 0x80, 0x9e,
  0x04, 0x05, 0x07, 0x0c, 0x07, 0x01, 0x00, 0x00, 0x24, 0x42, 0x85, 0xc3,
  0x01, 0x42, 0x83, 0x00, 0x02, 0x30, 0xe0, 0x80, 0xf7, 0x02, 0x07, 0x80,
  0xa4, 0x04, 0x11, 0x01, 0xe7, 0x80, 0xb6, 0x04, 0x0a, 0x87, 0x7f, 0x80,
  0xdf, 0x04, 0x09, 0x90, 0x00, 0x86, 0xff, 0x02, 0x3f, 0x3f, 0x80, 0x08,
  0x04, 0x06, 0x04, 0x3f, 0x3f, 0x3c, 0x3c, 0x84, 0x3f, 0x84, 0x3c, 0x80,
  0x5a, 0x04, 0x0c, 0x02, 0x3c, 0x3c, 0x80, 0x28, 0x04, 0x06, 0x83, 0x3c,
  0x08, 0x66, 0x60, 0x3c, 0x06, 0x06, 0x66, 0x3c, 0x7e, 0x87, 0x18, 0x04,
  0x3c, 0x66, 0x66, 0x7e, 0x84, 0x66, 0x0c, 0x3c, 0x66, 0x60, 0x6e, 0x66,
  0x66, 0x6e, 0x3a, 0x3e, 0x60, 0x60, 0x7e, 0x83, 0x60, 0x01, 0x3e, 0x87,
  0x66, 0x05, 0x3c, 0x7c, 0x66, 0x66, 0x7c, 0x84, 0x60, 0x80, 0x48, 0x05,
  0x08, 0x80, 0x40, 0x05, 0x09, 0x80, 0x19, 0x05, 0x07, 0x86, 0xff, 0x02,
  0x3c, 0x3c, 0x80, 0x08, 0x04, 0x06, 0x83, 0x3c, 0x80, 0x69, 0x05, 0x0f,
  0x03, 0x66, 0x76, 0x76, 0x85, 0x66, 0x80, 0x50, 0x05, 0x08, 0x01, 0x3c,
  0x86, 0x66, 0x80, 0xb0, 0x05, 0x06, 0x03, 0x34, 0x3c, 0x18, 0x80, 0x50,
  0x05, 0x08, 0x05, 0x7c, 0x66, 0x66, 0x78, 0x6c, 0x83, 0x66, 0x02, 0x41,
  0x22, 0x84, 0x1c, 0x02, 0x22, 0x41, 0x88, 0x03, 0x80, 0xb8, 0x00, 0x20,
  0x80, 0x00, 0x04, 0xa5, 0xdb, 0x00, 0x80, 0x00, 0x05, 0x10, 0x88, 0x00,
  0x80, 0x18, 0x05, 0x18, 0x80, 0x81, 0x01, 0x05, 0x03, 0xc6, 0x44, 0x38,
  0x80, 0x89, 0x01, 0x06, 0x12, 0x30, 0xfc, 0x7c, 0xc6, 0xc6, 0x0e, 0x3c,
  0x70, 0xe0, 0xfe, 0x7c, 0xc6, 0x86, 0x1c, 0x06, 0x06, 0xc6, 0x7c, 0x80,
  0xa1, 0x01, 0x05, 0x03, 0xcc, 0xfe, 0x0c, 0x80, 0xa9, 0x01, 0x06, 0x06,
  0xc6, 0x7c, 0x7c, 0xc2, 0xc0, 0xfc, 0x83, 0xc6, 0x04, 0x7c, 0xfe, 0x86,
  0x06, 0x80, 0xbb, 0x01, 0x05, 0x08, 0x7c, 0xc6, 0xc6, 0x7c, 0x39, 0xc6,
  0xc6, 0x7c, 0x80, 0xc9, 0x01, 0x06, 0x02, 0xc6, 0x7c, 0x80, 0x80, 0x05,
  0x10, 0x04, 0x5e, 0x52, 0x52, 0x5e, 0x83, 0x42, 0x30, 0x00, 0xf7, 0x94,
  0x94, 0xf4, 0x14, 0x14, 0x16, 0x00, 0x8f, 0x81, 0x82, 0x9c, 0x20, 0x41,
  0xfd, 0x00, 0x1e, 0x20, 0x40, 0x79, 0x82, 0x02, 0xf4, 0x00, 0x58, 0xa9,
  0x89, 0x12, 0x12, 0x24, 0x24, 0x00, 0x90, 0x18, 0x14, 0x25, 0x25, 0x45,
  0x42, 0x00, 0x8c, 0x8a, 0x91, 0x11, 0x1f, 0x21, 0x22, 0x89, 0x00, 0x80,
  0xd0, 0x05, 0x08, 0x98, 0x00, 0x07, 0x3c, 0x7e, 0x3c, 0x18, 0x18, 0x7e,
  0xff, 0x80, 0xef, 0x07, 0x09, 0x88, 0x00, 0x88, 0x10, 0x88, 0x20, 0x88,
  0x30, 0x88, 0x40, 0x88, 0x50, 0x88, 0x60, 0x88, 0x70, 0x88, 0x80, 0x88,
  0x90, 0x88, 0xa0, 0x88, 0xb0, 0x88, 0xc0, 0x88, 0xd0, 0x88, 0xe0, 0x88,
  0xf0, 0x88, 0x23, 0x01, 0xd3, 0x87, 0xc3, 0x01, 0xe3, 0x87, 0xc3, 0x88,
  0xc0, 0x88, 0xc3, 0x88, 0x30, 0x88, 0x20, 0x88, 0xc0, 0xff, 0xf0, 0xab,
  0xf0, 0x03, 0x40, 0x50, 0x70, 0x93, 0xf0, 0x08, 0xf4, 0x85, 0x85, 0x97,
  0x6f, 0x85, 0x85, 0x64, 0x80, 0x80, 0x09, 0x3c, 0x01, 0xf6, 0x80, 0x85,
  0x09, 0x0b, 0xb8, 0xf0, 0x08, 0xf4, 0xf5, 0xf5, 0xf7, 0xff, 0xf5, 0xf5,
  0xf4, 0x80, 0x08, 0x0a, 0xc8, 0x02, 0xf0, 0x60, 0x84, 0x68, 0x03, 0x16,
  0xf0, 0x0f, 0x86, 0xfe, 0x01, 0x0e, 0x80, 0xd8, 0x0a, 0x11, 0x92, 0xf0,
  0x03, 0xb0, 0xf0, 0x80, 0x80, 0x06, 0x0b, 0x13, 0x01, 0x40, 0x80, 0xfa,
  0x0a, 0x19, 0x86, 0xf0, 0x80, 0x21, 0x0b, 0x10, 0x80, 0x21, 0x0b, 0x08,
  0x80, 0x21, 0x0b, 0x0a, 0x80, 0x33, 0x0b, 0x0e, 0x80, 0x19, 0x0b, 0x18,
  0x80, 0x51, 0x0b, 0x17, 0x1a, 0x04, 0x05, 0x05, 0x07, 0x0f, 0x05, 0x05,
  0x04, 0x04, 0x05, 0x05, 0x07, 0xf0, 0x05, 0x05, 0x04, 0xf4, 0x85, 0x85,
  0x97, 0xff, 0x85, 0x85, 0x64, 0xf0, 0xe0, 0x84, 0xef, 0x03, 0x0e, 0xf0,
  0x02, 0x86, 0x2c, 0x01, 0x1c, 0x80, 0xb8, 0x0b, 0x10, 0x02, 0x5c, 0x45,
  0x84, 0x47, 0x04, 0x45, 0x5c, 0x8c, 0x68, 0x84, 0x69, 0x03, 0x68, 0x8c,
  0x70, 0x83, 0x75, 0x83, 0x45, 0x02, 0x40, 0x90, 0x83, 0x98, 0x83, 0x68,
  0x01, 0x60, 0x88, 0xf0, 0xff, 0x2c, 0xa1, 0x2c, 0x01, 0x20, 0x84, 0xf0,
  0x83, 0x80, 0x83, 0xf0, 0x83, 0x50, 0x03, 0xf0, 0xf0, 0x80, 0x84, 0x40,
  0x03, 0x48, 0x40, 0x40, 0x80, 0xa8, 0x0c, 0x08, 0x85, 0xf0, 0x03, 0x20,
  0x30, 0x30, 0x83, 0xf0, 0x83, 0x90, 0x03, 0xf0, 0xf0, 0x30, 0x84, 0x80,
  0x01, 0x84, 0x80, 0xa6, 0x0c, 0x05, 0x83, 0x90, 0x10, 0xf0, 0xf0, 0x60,
  0x60, 0x80, 0x90, 0x90, 0x80, 0x60, 0xf0, 0x40, 0x40, 0x50, 0x70, 0x70,
  0x50, 0x80, 0x21, 0x0b, 0x12, 0xb0, 0x2c, 0x80, 0x77, 0x08, 0x07, 0x80,
  0x76, 0x08, 0x08, 0x80, 0x37, 0x0d, 0x39, 0x88, 0x2c, 0x86, 0x22, 0x80,
  0x26, 0x0d, 0x4a, 0x88, 0x2c, 0x90, 0xe0, 0x98, 0xf0, 0x80, 0x00, 0x0c,
  0xa0, 0xe0, 0xf0, 0x80, 0x90, 0x0e, 0x18, 0x98, 0x2c, 0x80, 0x76, 0x08,
  0x07, 0x80, 0x75, 0x08, 0x08, 0x80, 0x37, 0x0f, 0x35, 0x01, 0x0f, 0x80,
  0x35, 0x0f, 0x0b, 0x80, 0x80, 0x0d, 0x10, 0x03, 0xf0, 0x50, 0x50, 0x85,
  0x40, 0x80, 0x90, 0x0f, 0x31, 0x80, 0xf9, 0x0b, 0x0f, 0x98, 0xf0, 0x0c,
  0x30, 0x30, 0x3c, 0x3c, 0x0c, 0x0c, 0x0e, 0xe0, 0xf0, 0xf0, 0xfe, 0xfe,
  0x83, 0x0e, 0x01, 0xe0, 0x00, 0x01, 0x15, 0x9e, 0x16, 0x01, 0x17, 0x80,
  0x00, 0x00, 0x0b, 0x01, 0x13, 0x88, 0x17, 0x01, 0x14, 0x80, 0x15, 0x00,
  0x16, 0x01, 0x17, 0x88, 0x00, 0x80, 0x40, 0x00, 0x0c, 0x80, 0x40, 0x00,
  0xc0, 0x01, 0x11, 0x8a, 0x17, 0x01, 0x13, 0x88, 0x00, 0x80, 0x20, 0x01,
  0x14, 0xb8, 0x00, 0x0b, 0x61, 0x20, 0x68, 0x62, 0x20, 0x20, 0x69, 0x68,
  0x20, 0x20, 0x62, 0x83, 0x20, 0x04, 0x62, 0x20, 0x20, 0x63, 0x80, 0x8f,
  0x01, 0x05, 0x15, 0x67, 0x20, 0x67, 0x20, 0x61, 0x62, 0x20, 0x61, 0x62,
  0x62, 0x20, 0x69, 0x63, 0x67, 0x20, 0x6a, 0x69, 0x20, 0x20, 0x63, 0x67,
  0x80, 0x8f, 0x01, 0x05, 0x7f, 0x64, 0x20, 0x61, 0x64, 0x61, 0x20, 0x68,
  0x20, 0x68, 0x20, 0x62, 0x63, 0x20, 0x62, 0x63, 0x63, 0x20, 0x6a, 0x64,
  0x68, 0x20, 0x6b, 0x6a, 0x61, 0x20, 0x64, 0x68, 0x61, 0x20, 0x64, 0x20,
  0x61, 0x65, 0x20, 0x62, 0x65, 0x62, 0x20, 0x69, 0x20, 0x69, 0x20, 0x63,
  0x61, 0x61, 0x63, 0x64, 0x64, 0x20, 0x61, 0x65, 0x69, 0x61, 0x6c, 0x6b,
  0x62, 0x20, 0x65, 0x69, 0x67, 0x20, 0x65, 0x67, 0x62, 0x66, 0x20, 0x63,
  0x66, 0x63, 0x20, 0x6a, 0x20, 0x6a, 0x61, 0x64, 0x62, 0x67, 0x64, 0x65,
  0x65, 0x20, 0x62, 0x66, 0x6a, 0x62, 0x68, 0x6c, 0x63, 0x61, 0x66, 0x6a,
  0x68, 0x20, 0x66, 0x68, 0x63, 0x20, 0x20, 0x61, 0x67, 0x64, 0x67, 0x6b,
  0x61, 0x6b, 0x62, 0x65, 0x63, 0x68, 0x65, 0x66, 0x66, 0x20, 0x63, 0x20,
  0x6b, 0x63, 0x69, 0x68, 0x64, 0x62, 0x65, 0x6b, 0x69, 0x61, 0x61, 0x69,
  0x7f, 0x64, 0x61, 0x20, 0x62, 0x68, 0x65, 0x61, 0x6c, 0x61, 0x6c, 0x61,
  0x66, 0x64, 0x69, 0x66, 0x67, 0x20, 0x20, 0x64, 0x20, 0x6c, 0x64, 0x6a,
  0x69, 0x65, 0x63, 0x66, 0x61, 0x61, 0x62, 0x62, 0x6a, 0x65, 0x62, 0x61,
  0x63, 0x69, 0x66, 0x62, 0x66, 0x62, 0x67, 0x62, 0x62, 0x65, 0x6a, 0x62,
  0x68, 0x61, 0x20, 0x65, 0x61, 0x68, 0x65, 0x67, 0x6a, 0x66, 0x64, 0x20,
  0x62, 0x62, 0x63, 0x67, 0x6b, 0x67, 0x63, 0x62, 0x67, 0x6a, 0x62, 0x63,
  0x20, 0x67, 0x68, 0x63, 0x63, 0x66, 0x6b, 0x63, 0x69, 0x62, 0x20, 0x66,
  0x62, 0x69, 0x66, 0x68, 0x6b, 0x67, 0x65, 0x20, 0x63, 0x67, 0x64, 0x68,
  0x67, 0x68, 0x64, 0x63, 0x68, 0x6b, 0x63, 0x64, 0x61, 0x68, 0x69, 0x64,
  0x64, 0x61, 0x6c, 0x64, 0x6a, 0x63, 0x67, 0x69, 0x63, 0x6a, 0x64, 0x69,
  0x6c, 0x68, 0x66, 0x61, 0x64, 0x68, 0x65, 0x69, 0x7f, 0x68, 0x69, 0x65,
  0x61, 0x69, 0x6c, 0x64, 0x65, 0x62, 0x69, 0x6a, 0x65, 0x65, 0x62, 0x6c,
  0x65, 0x6b, 0x64, 0x68, 0x6a, 0x64, 0x6b, 0x65, 0x6a, 0x67, 0x69, 0x20,
  0x62, 0x65, 0x69, 0x66, 0x6a, 0x69, 0x6a, 0x66, 0x62, 0x6a, 0x66, 0x65,
  0x66, 0x63, 0x6a, 0x6b, 0x66, 0x66, 0x63, 0x6a, 0x66, 0x6c, 0x65, 0x69,
  0x6b, 0x65, 0x6c, 0x66, 0x6b, 0x68, 0x6a, 0x20, 0x63, 0x66, 0x6a, 0x62,
  0x6b, 0x6a, 0x6b, 0x20, 0x63, 0x6b, 0x61, 0x66, 0x6c, 0x64, 0x6b, 0x6c,
  0x6c, 0x20, 0x64, 0x6b, 0x20, 0x67, 0x66, 0x6a, 0x6c, 0x66, 0x67, 0x61,
  0x6c, 0x61, 0x6b, 0x20, 0x64, 0x6b, 0x6b, 0x61, 0x6c, 0x6b, 0x6c, 0x61,
  0x64, 0x6c, 0x61, 0x20, 0x6b, 0x65, 0x6c, 0x6a, 0x67, 0x20, 0x65, 0x61,
  0x20, 0x68, 0x67, 0x6b, 0x20, 0x61, 0x67, 0x62, 0x65, 0x62, 0x67, 0x20,
  0x65, 0x6c, 0x6c, 0x62, 0x30, 0x64, 0x6c, 0x65, 0x62, 0x65, 0x20, 0x67,
  0x61, 0x6c, 0x66, 0x64, 0x6b, 0x68, 0x61, 0x66, 0x62, 0x20, 0x69, 0x68,
  0x6c, 0x20, 0x62, 0x68, 0x63, 0x66, 0x63, 0x68, 0x67, 0x66, 0x20, 0x6a,
  0x63, 0x65, 0x20, 0x66, 0x63, 0x67, 0x20, 0x68, 0x62, 0x20, 0x64, 0x65,
  0x61, 0x69, 0x62, 0x20, 0x63, 0x80, 0xa5, 0x01, 0x06, 0x7f, 0x69, 0x64,
  0x67, 0x64, 0x69, 0x68, 0x20, 0x61, 0x6b, 0x64, 0x66, 0x20, 0x61, 0x64,
  0x68, 0x20, 0x69, 0x63, 0x20, 0x67, 0x66, 0x62, 0x6a, 0x67, 0x20, 0x64,
  0x61, 0x6b, 0x6a, 0x20, 0x67, 0x64, 0x6a, 0x65, 0x68, 0x65, 0x6a, 0x69,
  0x20, 0x67, 0x6c, 0x65, 0x61, 0x67, 0x62, 0x61, 0x69, 0x20, 0x6a, 0x64,
  0x67, 0x68, 0x66, 0x63, 0x6b, 0x61, 0x61, 0x65, 0x62, 0x6c, 0x6b, 0x61,
  0x68, 0x67, 0x6b, 0x66, 0x69, 0x66, 0x6b, 0x6a, 0x20, 0x68, 0x63, 0x66,
  0x62, 0x68, 0x67, 0x62, 0x6a, 0x20, 0x6b, 0x65, 0x68, 0x69, 0x61, 0x67,
  0x6c, 0x62, 0x62, 0x66, 0x63, 0x61, 0x6c, 0x62, 0x69, 0x61, 0x67, 0x20,
  0x67, 0x62, 0x61, 0x6b, 0x61, 0x69, 0x67, 0x62, 0x63, 0x69, 0x68, 0x63,
  0x67, 0x20, 0x6c, 0x66, 0x69, 0x6a, 0x62, 0x68, 0x20, 0x63, 0x63, 0x20,
  0x61, 0x62, 0x20, 0x63, 0x6a, 0x7f, 0x62, 0x68, 0x20, 0x68, 0x63, 0x62,
  0x6c, 0x62, 0x6a, 0x68, 0x63, 0x64, 0x6a, 0x69, 0x61, 0x68, 0x61, 0x6a,
  0x6a, 0x61, 0x61, 0x63, 0x69, 0x61, 0x64, 0x64, 0x61, 0x62, 0x63, 0x20,
  0x64, 0x61, 0x63, 0x69, 0x20, 0x69, 0x64, 0x63, 0x20, 0x63, 0x6b, 0x69,
  0x64, 0x65, 0x61, 0x6a, 0x67, 0x69, 0x62, 0x6b, 0x67, 0x67, 0x62, 0x64,
  0x6a, 0x62, 0x65, 0x65, 0x62, 0x63, 0x64, 0x61, 0x65, 0x62, 0x64, 0x6a,
  0x20, 0x6a, 0x65, 0x64, 0x20, 0x64, 0x6c, 0x6a, 0x65, 0x66, 0x62, 0x6b,
  0x68, 0x6a, 0x63, 0x6c, 0x68, 0x68, 0x63, 0x65, 0x6b, 0x63, 0x66, 0x66,
  0x63, 0x64, 0x65, 0x62, 0x66, 0x63, 0x65, 0x6b, 0x20, 0x6b, 0x66, 0x65,
  0x20, 0x65, 0x69, 0x6b, 0x66, 0x20, 0x63, 0x6c, 0x69, 0x6b, 0x64, 0x20,
  0x69, 0x69, 0x64, 0x66, 0x6c, 0x64, 0x20, 0x20, 0x64, 0x65, 0x66, 0x63,
  0x20, 0x1e, 0x64, 0x66, 0x6c, 0x20, 0x6c, 0x20, 0x66, 0x20, 0x66, 0x6a,
  0x6c, 0x6c, 0x20, 0x64, 0x20, 0x6a, 0x6c, 0x65, 0x20, 0x6a, 0x6a, 0x65,
  0x20, 0x20, 0x65, 0x20, 0x20, 0x65, 0x66, 0x20, 0x00, 0xf0, 0xf0, 0xf0,
  0xf0, 0xf0, 0xf0, 0xf0, 0xf0, 0xf0, 0xf0, 0xf0, 0xf0, 0xf0, 0xf0, 0xf0,
  0x90, 0x98, 0x98, 0x98, 0x68, 0x68, 0x68, 0x60, 0xf0, 0xf0, 0xf0, 0xf0,
  0xf0, 0xf0, 0xf0, 0xf0, 0x2c, 0x2c, 0x2c, 0x2c, 0x2c, 0x2c, 0x2c, 0x2c,
  0x2c, 0x2c, 0x2c, 0x2c, 0x2c, 0x2c, 0x2c, 0x2c, 0xf0, 0xf0, 0xf0, 0xf0,
  0xf0, 0xf0, 0xf0, 0xf0, 0xf0, 0xf0, 0xf0, 0xf0, 0xf0, 0xf0, 0xf0, 0xf0,
  0xf0, 0xf0, 0xf0, 0xf0, 0xf0, 0xf0, 0xf0, 0xf0, 0xf0, 0xf0, 0xf0, 0xf0,
  0xf0, 0xf0, 0xf0, 0xf0, 0xf0, 0xf0, 0xf0, 0xf0, 0xf0, 0xf0, 0xf0, 0xf0,
  0xf0, 0xf0, 0xf0, 0xf0, 0xf0, 0xf0, 0xf0, 0xf0, 0xf0, 0xf0, 0xf0, 0xf0,
  0xf0, 0xf0, 0xf0, 0xf0, 0xf0, 0xf0, 0xf0, 0xf0, 0xf0, 0xf0, 0xf0, 0xf0,
  0xf0, 0xf0, 0xf0, 0xf0, 0xf0, 0xf0, 0xf0, 0xf0, 0xf0, 0xf0, 0xf0, 0xf0,
  0xf0, 0xf0, 0xf0, 0xf0, 0xf0, 0xf0, 0xf0, 0xf0, 0xf0, 0xf0, 0xf0, 0xf0,
  0xf0, 0xf0, 0xf0, 0xf0, 0xf0, 0xf0, 0xf0, 0xf0, 0xf0, 0xf0, 0xf0, 0xf0,
  0xf0, 0xf0, 0xf0, 0xf0, 0xf0, 0xf0, 0x40, 0x50, 0x70, 0xf0, 0xf0, 0xf0,
  0xf0, 0xf0, 0xf0, 0xf0, 0xf0, 0xf0, 0xf0, 0xf0, 0xf0, 0xf0, 0xf0, 0xf0,
  0xf0, 0xf0, 0xf0, 0xf0, 0xf4, 0x85, 0x85, 0x97, 0x6f, 0x85, 0x85, 0x64,
  0xf4, 0x85, 0x85, 0x97, 0x6f, 0x85, 0x85, 0x64, 0xf4, 0x85, 0x85, 0x97,
  0x6f, 0x85, 0x85, 0x64, 0xf4, 0x85, 0x85, 0x97, 0x6f, 0x85, 0x85, 0x64,
  0xf4, 0x85, 0x85, 0x97, 0x6f, 0x85, 0x85, 0x64, 0xf4, 0x85, 0x85, 0x97,
  0x6f, 0x85, 0x85, 0x64, 0xf4, 0x85, 0x85, 0x97, 0x6f, 0x85, 0x85, 0x64,
  0xf4, 0x85, 0x85, 0x97, 0x6f, 0x85, 0x85, 0x64, 0xf4, 0x85, 0x85, 0x97,
  0xf6, 0x85, 0x85, 0x64, 0xf4, 0x85, 0x85, 0x97, 0x6f, 0x85, 0x85, 0x64,
  0xf0, 0xf0, 0xf0, 0xf0, 0xf0, 0xf0, 0xf0, 0xf0, 0xf0, 0xf0, 0xf0, 0xf0,
  0xf0, 0xf0, 0xf0, 0xf0, 0xf0, 0xf0, 0xf0, 0xf0, 0xf0, 0xf0, 0xf0, 0xf0,
  0xf0, 0xf0, 0xf0, 0xf0, 0xf0, 0xf0, 0xf0, 0xf0, 0xf0, 0xf0, 0xf0, 0xf0,
  0xf0, 0xf0, 0xf0, 0xf0, 0xf0, 0xf0, 0xf0, 0xf0, 0xf0, 0xf0, 0xf0, 0xf0,
  0xf0, 0xf0, 0xf0, 0xf0, 0xf0, 0xf0, 0xf0, 0xf0, 0xf4, 0xf5, 0xf5, 0xf7,
  0xff, 0xf5, 0xf5, 0xf4, 0xf4, 0xf5, 0xf5, 0xf7, 0xff, 0xf5, 0xf5, 0xf4,
  0xf4, 0xf5, 0xf5, 0xf7, 0xff, 0xf5, 0xf5, 0xf4, 0xf4, 0xf5, 0xf5, 0xf7,
  0xff, 0xf5, 0xf5, 0xf4, 0xf4, 0xf5, 0xf5, 0xf7, 0xff, 0xf5, 0xf5, 0xf4,
  0xf4, 0xf5, 0xf5, 0xf7, 0xff, 0xf5, 0xf5, 0xf4, 0xf4, 0xf5, 0xf5, 0xf7,
  0xff, 0xf5, 0xf5, 0xf4, 0xf4, 0xf5, 0xf5, 0xf7, 0xff, 0xf5, 0xf5, 0xf4,
  0xf4, 0xf5, 0xf5, 0xf7, 0xff, 0xf5, 0xf5, 0xf4, 0xf4, 0xf5, 0xf5, 0xf7,
  0xff, 0xf5, 0xf5, 0xf4, 0xf4, 0xf5, 0xf5, 0xf7, 0xff, 0xf5, 0xf5, 0xf4,
  0xf4, 0xf5, 0xf5, 0xf7, 0xff, 0xf5, 0xf5, 0xf4, 0xf4, 0xf5, 0xf5, 0xf7,
  0xff, 0xf5, 0xf5, 0xf4, 0xf4, 0xf5, 0xf5, 0xf7, 0xff, 0xf5, 0xf5, 0xf4,
  0xf4, 0xf5, 0xf5, 0xf7, 0xff, 0xf5, 0xf5, 0xf4, 0xf4, 0xf5, 0xf5, 0xf7,
  0xff, 0xf5, 0xf5, 0xf4, 0xf4, 0xf5, 0xf5, 0xf7, 0xff, 0xf5, 0xf5, 0xf4,
  0xf4, 0xf5, 0xf5, 0xf7, 0xff, 0xf5, 0xf5, 0xf4, 0xf4, 0xf5, 0xf5, 0xf7,
  0xff, 0xf5, 0xf5, 0xf4, 0xf4, 0xf5, 0xf5, 0xf7, 0xff, 0xf5, 0xf5, 0xf4,
  0xf4, 0xf5, 0xf5, 0xf7, 0xff, 0xf5, 0xf5, 0xf4, 0xf4, 0xf5, 0xf5, 0xf7,
  0xff, 0xf5, 0xf5, 0xf4, 0xf4, 0xf5, 0xf5, 0xf7, 0xff, 0xf5, 0xf5, 0xf4,
  0xf4, 0xf5, 0xf5, 0xf7, 0xff, 0xf5, 0xf5, 0xf4, 0xf4, 0xf5, 0xf5, 0xf7,
  0xff, 0xf5, 0xf5, 0xf4, 0xf4, 0xf5, 0xf5, 0xf7, 0xff, 0xf5, 0xf5, 0xf4,
  0xf0, 0xe0, 0xef, 0xef, 0xef, 0xef, 0x0e, 0xf0, 0x02, 0x2c, 0x2c, 0x2c,
  0x2c, 0x2c, 0x2c, 0x1c, 0xf0, 0x60, 0x68, 0x68, 0x68, 0x68, 0x16, 0xf0,
  0x0f, 0xfe, 0xfe, 0xfe, 0xfe, 0xfe, 0xfe, 0x0e, 0xf0, 0xf0, 0xf0, 0xf0,
  0xf0, 0xf0, 0xf0, 0xf0, 0xf0, 0xf0, 0xf0, 0xf0, 0xf0, 0xf0, 0xf0, 0xf0,
  0xf0, 0xf0, 0xf0, 0xb0, 0xf0, 0x80, 0xf0, 0xf0, 0xf0, 0xf0, 0xf0, 0xb0,
  0xf0, 0x80, 0xf0, 0xf0, 0xf0, 0xf0, 0xf0, 0xb0, 0xf0, 0x80, 0xf0, 0xf0,
  0xf0, 0x40, 0xf0, 0xf0, 0xf0, 0xf0, 0xf0, 0xf0, 0xf0, 0xf0, 0xf0, 0xf0,
  0xf0, 0xf0, 0xf0, 0xf0, 0xf0, 0xf0, 0xf0, 0xb0, 0xf0, 0x80, 0xf0, 0xf0,
  0xf0, 0xf0, 0xf0, 0xf0, 0xf0, 0xf0, 0xf0, 0xf0, 0xf0, 0x40, 0xf0, 0xf0,
  0xf0, 0xf0, 0xf0, 0xf0, 0xf0, 0xf0, 0xf0, 0xf0, 0xf0, 0xf0, 0xf0, 0xf0,
  0xf0, 0x40, 0xf0, 0xf0, 0xf0, 0xf0, 0xf0, 0xf0, 0xf0, 0x40, 0xf0, 0xf0,
  0xf0, 0xf0, 0xf0, 0xf0, 0xf0, 0xf0, 0xf0, 0xb0, 0xf0, 0x80, 0xf0, 0xf0,
  0xf0, 0xf0, 0xf0, 0xf0, 0xf0, 0xf0, 0xf0, 0xf0, 0xf0, 0xf0, 0xf0, 0xb0,
  0xf0, 0x80, 0xf0, 0xf0, 0xf0, 0x40, 0xf0, 0xf0, 0xf0, 0xf0, 0xf0, 0xf0,
  0xf0, 0xf0, 0xf0, 0xf0, 0xf0, 0xf0, 0xf0, 0xf0, 0xf0, 0x40, 0xf0, 0xf0,
  0xf0, 0xf0, 0xf0, 0xf0, 0xf0, 0x40, 0xf0, 0xf0, 0xf0, 0xf0, 0xf0, 0xf0,
  0xf0, 0xf0, 0xf0, 0xb0, 0xf0, 0x80, 0xf0, 0xf0, 0x04, 0x05, 0x05, 0x07,
  0x0f, 0x05, 0x05, 0x04, 0x04, 0x05, 0x05, 0x07, 0xf0, 0x05, 0x05, 0x04,
  0xf4, 0x85, 0x85, 0x97, 0xff, 0x85, 0x85, 0x64, 0xf0, 0xe0, 0xef, 0xef,
  0xef, 0xef, 0x0e, 0xf0, 0x02, 0x2c, 0x2c, 0x2c, 0x2c, 0x2c, 0x2c, 0x1c,
  0xf0, 0x60, 0x68, 0x68, 0x68, 0x68, 0x16, 0xf0, 0x0f, 0xfe, 0xfe, 0xfe,
  0xfe, 0xfe, 0xfe, 0x0e, 0x5c, 0x45, 0x47, 0x47, 0x47, 0x47, 0x45, 0x5c,
  0x8c, 0x68, 0x69, 0x69, 0x69, 0x69, 0x68, 0x8c, 0x70, 0x75, 0x75, 0x75,
  0x45, 0x45, 0x45, 0x40, 0x90, 0x98, 0x98, 0x98, 0x68, 0x68, 0x68, 0x60,
  0xf0, 0xf0, 0xf0, 0xf0, 0xf0, 0xf0, 0xf0, 0xf0, 0x2c, 0x2c, 0x2c, 0x2c,
  0x2c, 0x2c, 0x2c, 0x2c, 0x2c, 0x2c, 0x2c, 0x2c, 0x2c, 0x2c, 0x2c, 0x2c,
  0x2c, 0x2c, 0x2c, 0x2c, 0x2c, 0x2c, 0x2c, 0x2c, 0x2c, 0x2c, 0x2c, 0x2c,
  0x2c, 0x2c, 0x2c, 0x2c, 0x2c, 0x2c, 0x2c, 0x2c, 0x2c, 0x2c, 0x2c, 0x2c,
  0x2c, 0x2c, 0x2c, 0x2c, 0x2c, 0x2c, 0x2c, 0x2c, 0x2c, 0x2c, 0x2c, 0x2c,
  0x2c, 0x2c, 0x2c, 0x2c, 0x2c, 0x2c, 0x2c, 0x2c, 0x2c, 0x2c, 0x2c, 0x2c,
  0x2c, 0x2c, 0x2c, 0x2c, 0x2c, 0x2c, 0x2c, 0x2c, 0x2c, 0x2c, 0x2c, 0x2c,
  0x2c, 0x2c, 0x2c, 0x2c, 0x2c, 0x2c, 0x2c, 0x2c, 0x2c, 0x2c, 0x2c, 0x2c,
  0x2c, 0x2c, 0x2c, 0x2c, 0x2c, 0x2c, 0x2c, 0x2c, 0x2c, 0x2c, 0x2c, 0x2c,
  0x2c, 0x2c, 0x2c, 0x2c, 0x2c, 0x2c, 0x2c, 0x2c, 0x2c, 0x2c, 0x2c, 0x2c,
  0x2c, 0x2c, 0x2c, 0x2c, 0x2c, 0x2c, 0x2c, 0x2c, 0x2c, 0x2c, 0x2c, 0x2c,
  0x2c, 0x2c, 0x2c, 0x2c, 0x2c, 0x2c, 0x2c, 0x2c, 0x2c, 0x2c, 0x2c, 0x2c,
  0x2c, 0x2c, 0x2c, 0x2c, 0x2c, 0x2c, 0x2c, 0x2c, 0x2c, 0x2c, 0x2c, 0x2c,
  0x2c, 0x2c, 0x2c, 0x2c, 0x2c, 0x2c, 0x2c, 0x2c, 0x2c, 0x2c, 0x2c, 0x2c,
  0x20, 0xf0, 0xf0, 0xf0, 0xf0, 0x80, 0x80, 0x80, 0xf0, 0xf0, 0xf0, 0x50,
  0x50, 0x50, 0xf0, 0xf0, 0x80, 0x40, 0x40, 0x40, 0x40, 0x48, 0x40, 0x40,
  0xf0, 0xf0, 0xf0, 0x50, 0x50, 0x50, 0xf0, 0xf0, 0xf0, 0xf0, 0xf0, 0xf0,
  0xf0, 0x20, 0x30, 0x30, 0xf0, 0xf0, 0xf0, 0x90, 0x90, 0x90, 0xf0, 0xf0,
  0x30, 0x80, 0x80, 0x80, 0x80, 0x84, 0x80, 0x80, 0xf0, 0xf0, 0xf0, 0x90,
  0x90, 0x90, 0xf0, 0xf0, 0x60, 0x60, 0x80, 0x90, 0x90, 0x80, 0x60, 0xf0,
  0x40, 0x40, 0x50, 0x70, 0x70, 0x50, 0x40, 0xf0, 0xf0, 0xf0, 0xf0, 0xf0,
  0xf0, 0xf0, 0xf0, 0xf0, 0xf0, 0xf0, 0xf0, 0xf0, 0xf0, 0xf0, 0xf0, 0xf0,
  0x2c, 0x2c, 0x2c, 0x2c, 0x2c, 0x2c, 0x2c, 0x2c, 0x2c, 0x2c, 0x2c, 0x2c,
  0x2c, 0x2c, 0x2c, 0x2c, 0xf0, 0xf0, 0xf0, 0xf0, 0xf0, 0xf0, 0xf0, 0xf0,
  0xf0, 0xf0, 0xf0, 0xf0, 0xf0, 0xf0, 0xf0, 0xf0, 0x2c, 0x2c, 0x2c, 0x2c,
  0x2c, 0x2c, 0x2c, 0x2c, 0x2c, 0x2c, 0x2c, 0x2c, 0x2c, 0x2c, 0x2c, 0x2c,
  0xe0, 0xf0, 0xf0, 0xf0, 0xf0, 0xf0, 0xf0, 0xe0, 0xe0, 0xf0, 0xf0, 0xf0,
  0xf0, 0xf0, 0xf0, 0xe0, 0xe0, 0xf0, 0xf0, 0xf0, 0xf0, 0xf0, 0xf0, 0xe0,
  0xe0, 0xf0, 0xf0, 0xf0, 0xf0, 0xf0, 0xf0, 0xe0, 0xe0, 0xf0, 0xf0, 0xf0,
  0xf0, 0xf0, 0xf0, 0xe0, 0xe0, 0xf0, 0xf0, 0xf0, 0xf0, 0xf0, 0xf0, 0xe0,
  0xe0, 0xf0, 0xf0, 0xf0, 0xf0, 0xf0, 0xf0, 0xe0, 0xe0, 0xf0, 0xf0, 0xf0,
  0xf0, 0xf0, 0xf0, 0xe0, 0xe0, 0xf0, 0xf0, 0xf0, 0xf0, 0xf0, 0xf0, 0xe0,
  0xf0, 0xf0, 0xf0, 0xf0, 0xf0, 0xf0, 0xf0, 0xf0, 0x22, 0x22, 0x22, 0x22,
  0x22, 0x22, 0x2c, 0x2c, 0x2c, 0x2c, 0x2c, 0x2c, 0x2c, 0x2c, 0x2c, 0x2c,
  0xe0, 0xf0, 0xf0, 0xf0, 0xf0, 0xf0, 0xf0, 0xe0, 0xe0, 0xf0, 0xf0, 0xf0,
  0xf0, 0xf0, 0xf0, 0xe0, 0xe0, 0xf0, 0xf0, 0xf0, 0xf0, 0xf0, 0xf0, 0xe0,
  0xe0, 0xf0, 0xf0, 0xf0, 0xf0, 0xf0, 0xf0, 0xe0, 0xe0, 0xf0, 0xf0, 0xf0,
  0xf0, 0xf0, 0xf0, 0xe0, 0xe0, 0xf0, 0xf0, 0xf0, 0xf0, 0xf0, 0xf0, 0xe0,
  0xe0, 0xf0, 0xf0, 0xf0, 0xf0, 0xf0, 0xf0, 0xe0, 0xe0, 0xf0, 0xf0, 0xf0,
  0xf0, 0xf0, 0xf0, 0xe0, 0xf0, 0xf0, 0xf0, 0xf0, 0xf0, 0xf0, 0xf0, 0xf0,
  0xf0, 0xf0, 0xf0, 0xf0, 0xf0, 0xf0, 0xf0, 0xf0, 0xf0, 0xf0, 0xf0, 0xf0,
  0xf0, 0xf0, 0xf0, 0xf0, 0xf0, 0xf0, 0xf0, 0xf0, 0xf0, 0xf0, 0xf0, 0xf0,
  0xf0, 0xf0, 0xf0, 0xf0, 0xf0, 0xf0, 0xf0, 0xf0, 0x70, 0x75, 0x75, 0x75,
  0x45, 0x45, 0x45, 0x40, 0x2c, 0x2c, 0x2c, 0x2c, 0x2c, 0x2c, 0x2c, 0x2c,
  0x2c, 0x2c, 0x2c, 0x2c, 0x2c, 0x2c, 0x2c, 0x2c, 0x2c, 0x2c, 0x2c, 0x2c,
  0x2c, 0x2c, 0x2c, 0x2c, 0x2c, 0x2c, 0x2c, 0x2c, 0x2c, 0x2c, 0x2c, 0x2c,
  0x2c, 0x2c, 0x2c, 0x2c, 0x2c, 0x2c, 0x2c, 0x2c, 0x2c, 0x2c, 0x2c, 0x2c,
  0x2c, 0x2c, 0x2c, 0x2c, 0x2c, 0x2c, 0x2c, 0x2c, 0x2c, 0x2c, 0x2c, 0x2c,
  0x2c, 0x2c, 0x2c, 0x2c, 0x2c, 0x2c, 0x2c, 0x2c, 0x2c, 0x2c, 0x2c, 0x2c,
  0x2c, 0x2c, 0x2c, 0x2c, 0x2c, 0x2c, 0x2c, 0x2c, 0x2c, 0x2c, 0x2c, 0x2c,
  0x2c, 0x2c, 0x2c, 0x2c, 0x2c, 0x2c, 0x2c, 0x2c, 0x2c, 0x2c, 0x2c, 0x2c,
  0x2c, 0x2c, 0x2c, 0x2c, 0x2c, 0x2c, 0x2c, 0x2c, 0x2c, 0x2c, 0x2c, 0x2c,
  0x2c, 0x2c, 0x2c, 0x2c, 0x2c, 0x2c, 0x2c, 0x2c, 0x2c, 0x2c, 0x2c, 0x2c,
  0x2c, 0x2c, 0x2c, 0x2c, 0x2c, 0x2c, 0x2c, 0x2c, 0x2c, 0x2c, 0x2c, 0x2c,
  0x2c, 0x2c, 0x2c, 0x2c, 0x2c, 0x2c, 0x2c, 0x2c, 0x2c, 0x2c, 0x2c, 0x2c,
  0x2c, 0x2c, 0x2c, 0x2c, 0x2c, 0x2c, 0x2c, 0x2c, 0x2c, 0x2c, 0x2c, 0x2c,
  0x2c, 0x2c, 0x2c, 0x2c, 0x2c, 0x2c, 0x2c, 0x2c, 0xf0, 0xf0, 0xf0, 0xf0,
  0xf0, 0xf0, 0xf0, 0xf0, 0xf0, 0xf0, 0xf0, 0xf0, 0xf0, 0xf0, 0xf0, 0xf0,
  0xf0, 0xf0, 0xf0, 0xf0, 0xf0, 0xf0, 0xf0, 0xf0, 0xf0, 0xf0, 0xf0, 0xf0,
  0xf0, 0xf0, 0xf0, 0xf0, 0xf0, 0xf0, 0xf0, 0xf0, 0xf0, 0xf0, 0xf0, 0xf0,
  0xf0, 0xf0, 0xf0, 0xf0, 0xf0, 0xf0, 0xf0, 0xf0, 0xf0, 0xf0, 0xf0, 0xf0,
  0xf0, 0xf0, 0xf0, 0xf0, 0xf0, 0xf0, 0xf0, 0xf0, 0xf0, 0xf0, 0xf0, 0xf0,
  0xf0, 0xf0, 0xf0, 0xf0, 0xf0, 0xf0, 0xf0, 0xf0, 0xf0, 0xf0, 0xf0, 0xf0,
  0xf0, 0xf0, 0xf0, 0xf0, 0xf0, 0xf0, 0xf0, 0xf0, 0xf0, 0xf0, 0xf0, 0xf0,
  0xf0, 0xf0, 0xf0, 0xf0, 0xf0, 0xf0, 0xf0, 0xf0, 0x07, 0xb8, 0x58, 0x01,
  0x59, 0x00, 0x4e, 0x00, 0x4d, 0x00, 0x0a, 0x0a, 0x54, 0xff, 0xa9, 0xfa,
  0xa8, 0xfa, 0xa4, 0xfa, 0x0a, 0x00, 0x4b, 0x48, 0x07, 0xb8, 0x06, 0x03,
  0x58, 0x01, 0x59, 0x00, 0x4e, 0x00, 0x4d, 0x00, 0x0a, 0x0a, 0x54, 0xf4,
  0x98, 0xf0, 0x59, 0x01, 0xa4, 0xf0, 0xab, 0xf0, 0x0a, 0x00, 0x4b, 0x48,
  0x07, 0xb8, 0x0a, 0x0a, 0x54, 0xc8, 0x58, 0x01, 0x59, 0x01, 0x4e, 0x00,
  0x4d, 0x00, 0xb2, 0x28, 0xb2, 0x28, 0x0a, 0x08, 0xb2, 0x28, 0xb2, 0x28,
  0x0a, 0x06, 0xb2, 0x24, 0xb2, 0x24, 0x0a, 0x06, 0xb2, 0x1e, 0xb2, 0x1e,
  0xb2, 0x1e, 0xb2, 0x1e, 0xb2, 0x1e, 0x0a, 0x00, 0x4b, 0x48, 0x07, 0x9c,
  0x06, 0x0c, 0x0a, 0x0d, 0x54, 0x64, 0x58, 0x01, 0x59, 0x02, 0x4e, 0x00,
  0x4d, 0x00, 0xb0, 0x20, 0x06, 0x01, 0x0a, 0x0a, 0xb0, 0x0c, 0x0a, 0x06,
  0x06, 0x00, 0xb0, 0x0c, 0x0a, 0x00, 0x4b, 0x48, 0x07, 0x9c, 0x06, 0x0c,
  0x0a, 0x0d, 0x54, 0x64, 0x58, 0x01, 0x59, 0x02, 0x4e, 0x00, 0x4d, 0x00,
  0xb4, 0x20, 0x06, 0x0f, 0x0a, 0x0a, 0xb0, 0x0c, 0x0a, 0x06, 0x06, 0x0e,
  0xb0, 0x0c, 0xb2, 0x1e, 0x0a, 0x00, 0x4b, 0x48, 0x07, 0x98, 0x06, 0x07,
  0x58, 0x01, 0x59, 0x00, 0x4e, 0x00, 0x4d, 0x00, 0x0a, 0x0b, 0x54, 0xff,
  0xc8, 0x32, 0x0a, 0x05, 0xc8, 0x32, 0x0a, 0x00, 0x4b, 0x48, 0x07, 0x9c,
  0x06, 0x00, 0x0a, 0x0e, 0x54, 0xff, 0x58, 0x01, 0x59, 0x01, 0x4e, 0x00,
  0x4d, 0x00, 0xb0, 0x28, 0x52, 0x10, 0xb7, 0x28, 0x52, 0x08, 0xb0, 0x28,
  0x52, 0x10, 0xb7, 0x28, 0x52, 0x08, 0xb0, 0x28, 0x52, 0x10, 0xb7, 0x28,
  0x52, 0x10, 0x0a, 0x00, 0x4b, 0x48, 0x07, 0xb8, 0x54, 0xff, 0x58, 0x00,
  0x59, 0x00, 0x4e, 0x00, 0x4d, 0x00, 0x0a, 0x0e, 0xa6, 0x28, 0xa4, 0x28,
  0x77, 0x67, 0x00, 0x62, 0x61, 0x00, 0x61, 0x00, 0x67, 0x67, 0x61, 0x00,
  0x61, 0x61, 0x67, 0x7a, 0x5b, 0x00, 0x62, 0x00, 0x61, 0x00, 0x00, 0x00,
  0x00, 0x67, 0x00, 0x61, 0x61, 0x00, 0x67, 0x5e, 0x78, 0x68, 0x00, 0x63,
  0x62, 0x00, 0x62, 0x00, 0x68, 0x68, 0x62, 0x00, 0x67, 0x62, 0x68, 0x79,
  0x5c, 0x00, 0x61, 0x00, 0x62, 0x00, 0x67, 0x00, 0x00, 0x68, 0x00, 0x62,
  0x62, 0x00, 0x68, 0x5d, 0x77, 0x69, 0x00, 0x00, 0x63, 0x00, 0x63, 0x00,
  0x69, 0x69, 0x63, 0x00, 0x68, 0x63, 0x69, 0x7a, 0x5b, 0x00, 0x62, 0x00,
  0x63, 0x61, 0x68, 0x00, 0x61, 0x69, 0x00, 0x63, 0x63, 0x00, 0x69, 0x5e,
  0x78, 0x6a, 0x00, 0x00, 0x64, 0x61, 0x64, 0x61, 0x6a, 0x6a, 0x64, 0x61,
  0x69, 0x00, 0x6a, 0x79, 0x5c, 0x61, 0x63, 0x00, 0x64, 0x62, 0x69, 0x00,
  0x62, 0x6a, 0x00, 0x64, 0x64, 0x00, 0x6a, 0x5d, 0x77, 0x6b, 0x67, 0x00,
  0x65, 0x62, 0x65, 0x62, 0x00, 0x6b, 0x65, 0x62, 0x6a, 0x65, 0x6b, 0x7a,
  0x5b, 0x62, 0x64, 0x00, 0x65, 0x63, 0x6a, 0x00, 0x63, 0x6b, 0x00, 0x65,
  0x65, 0x00, 0x6b, 0x5e, 0x78, 0x6c, 0x68, 0x61, 0x66, 0x67, 0x67, 0x63,
  0x67, 0x6c, 0x66, 0x63, 0x6b, 0x00, 0x6c, 0x79, 0x5c, 0x63, 0x65, 0x67,
  0x66, 0x64, 0x6b, 0x00, 0x64, 0x6c, 0x61, 0x66, 0x66, 0x00, 0x6c, 0x5d,
  0x77, 0x62, 0x69, 0x62, 0x00, 0x68, 0x68, 0x64, 0x68, 0x65, 0x00, 0x64,
  0x6c, 0x64, 0x61, 0x7a, 0x5b, 0x65, 0x66, 0x68, 0x00, 0x67, 0x00, 0x00,
  0x65, 0x00, 0x62, 0x00, 0x67, 0x00, 0x67, 0x5e, 0x78, 0x63, 0x6a, 0x63,
  0x61, 0x69, 0x69, 0x67, 0x69, 0x66, 0x61, 0x00, 0x00, 0x65, 0x62, 0x79,
  0x5c, 0x00, 0x65, 0x69, 0x61, 0x68, 0x68, 0x00, 0x66, 0x61, 0x63, 0x00,
  0x68, 0x00, 0x68, 0x5d, 0x77, 0x64, 0x00, 0x64, 0x62, 0x00, 0x6a, 0x68,
  0x6a, 0x00, 0x00, 0x66, 0x6a, 0x66, 0x67, 0x7a, 0x5b, 0x67, 0x61, 0x6a,
  0x62, 0x69, 0x69, 0x00, 0x00, 0x62, 0x64, 0x00, 0x69, 0x00, 0x69, 0x5e,
  0x78, 0x65, 0x67, 0x65, 0x67, 0x00, 0x67, 0x69, 0x67, 0x61, 0x63, 0x61,
  0x6b, 0x62, 0x68, 0x79, 0x5c, 0x68, 0x62, 0x6b, 0x63, 0x6a, 0x6a, 0x61,
  0x67, 0x63, 0x65, 0x61, 0x6a, 0x61, 0x6a, 0x5d, 0x77, 0x66, 0x68, 0x66,
  0x68, 0x61, 0x68, 0x6a, 0x68, 0x62, 0x64, 0x62, 0x6c, 0x61, 0x69, 0x7a,
  0x5b, 0x00, 0x63, 0x6c, 0x64, 0x6b, 0x6b, 0x62, 0x68, 0x64, 0x66, 0x62,
  0x6b, 0x62, 0x6b, 0x5e, 0x78, 0x00, 0x69, 0x63, 0x69, 0x62, 0x67, 0x6b,
  0x69, 0x00, 0x65, 0x63, 0x00, 0x00, 0x6a, 0x79, 0x5c, 0x6a, 0x64, 0x68,
  0x65, 0x6c, 0x6c, 0x63, 0x69, 0x65, 0x63, 0x63, 0x6c, 0x63, 0x6c, 0x5d,
  0x77, 0x00, 0x6a, 0x64, 0x6a, 0x63, 0x68, 0x00, 0x6a, 0x64, 0x66, 0x64,
  0x67, 0x63, 0x6b, 0x7a, 0x5b, 0x00, 0x65, 0x69, 0x66, 0x00, 0x00, 0x64,
  0x6a, 0x66, 0x64, 0x64, 0x68, 0x64, 0x00, 0x5e, 0x78, 0x67, 0x6b, 0x65,
  0x6b, 0x64, 0x69, 0x65, 0x6b, 0x00, 0x68, 0x00, 0x68, 0x00, 0x6c, 0x79,
  0x5c, 0x6c, 0x67, 0x6a, 0x62, 0x00, 0x00, 0x65, 0x6b, 0x00, 0x65, 0x61,
  0x69, 0x65, 0x00, 0x5d, 0x77, 0x68, 0x6c, 0x66, 0x6c, 0x65, 0x6a, 0x00,
  0x6c, 0x66, 0x69, 0x66, 0x00, 0x65, 0x63, 0x7a, 0x5b, 0x00, 0x68, 0x6b,
  0x63, 0x00, 0x67, 0x66, 0x6c, 0x00, 0x66, 0x62, 0x6a, 0x66, 0x00, 0x5e,
  0x78, 0x69, 0x69, 0x00, 0x66, 0x66, 0x6b, 0x61, 0x65, 0x61, 0x6a, 0x00,
  0x6a, 0x66, 0x64, 0x79, 0x5c, 0x65, 0x69, 0x6c, 0x64, 0x61, 0x68, 0x00,
  0x67, 0x67, 0x00, 0x63, 0x6b, 0x6b, 0x00, 0x5d, 0x77, 0x6a, 0x6a, 0x00,
  0x00, 0x64, 0x6c, 0x62, 0x66, 0x62, 0x6b, 0x61, 0x6b, 0x00, 0x00, 0x7a,
  0x5b, 0x66, 0x6a, 0x00, 0x65, 0x62, 0x69, 0x00, 0x68, 0x68, 0x67, 0x64,
  0x6c, 0x6c, 0x00, 0x5e, 0x78, 0x6b, 0x6b, 0x00, 0x00, 0x65, 0x6c, 0x63,
  0x00, 0x63, 0x6c, 0x62, 0x6c, 0x00, 0x66, 0x79, 0x5c, 0x00, 0x6b, 0x61,
  0x66, 0x63, 0x6a, 0x67, 0x69, 0x69, 0x68, 0x65, 0x00, 0x67, 0x00, 0x5d,
  0x77, 0x6c, 0x6c, 0x00, 0x61, 0x66, 0x00, 0x64, 0x00, 0x64, 0x65, 0x63,
  0x6a, 0x67, 0x00, 0x7a, 0x5b, 0x67, 0x6c, 0x62, 0x61, 0x64, 0x6b, 0x68,
  0x6a, 0x6a, 0x69, 0x66, 0x00, 0x68, 0x61, 0x5e, 0x78, 0x00, 0x67, 0x00,
  0x62, 0x67, 0x00, 0x65, 0x00, 0x65, 0x66, 0x64, 0x6b, 0x68, 0x61, 0x79,
  0x5c, 0x68, 0x63, 0x63, 0x62, 0x65, 0x6c, 0x69, 0x6b, 0x6b, 0x6a, 0x61,
  0x00, 0x69, 0x62, 0x5d, 0x77, 0x00, 0x68, 0x00, 0x63, 0x68, 0x00, 0x66,
  0x67, 0x66, 0x67, 0x65, 0x6c, 0x69, 0x62, 0x7a, 0x5b, 0x69, 0x64, 0x64,
  0x63, 0x66, 0x61, 0x6a, 0x6c, 0x6c, 0x6b, 0x62, 0x67, 0x6a, 0x63, 0x5e,
  0x75, 0x76, 0x31, 0x50, 0x76, 0x53, 0x43, 0x76, 0x30, 0x30, 0x30, 0x30,
  0x30, 0x30, 0x76, 0x74, 0x75, 0x76, 0x32, 0x50, 0x76, 0x53, 0x43, 0x76,
  0x30, 0x30, 0x30, 0x30, 0x30, 0x30, 0x76, 0x74, 0x77, 0x00, 0x6a, 0x61,
  0x65, 0x6a, 0x00, 0x64, 0x69, 0x00, 0x69, 0x00, 0x00, 0x6b, 0x64, 0x7a,
  0x5b, 0x6b, 0x66, 0x66, 0x65, 0x00, 0x63, 0x6c, 0x00, 0x69, 0x00, 0x64,
  0x69, 0x6c, 0x65, 0x5e, 0x78, 0x00, 0x6b, 0x00, 0x66, 0x6b, 0x00, 0x65,
  0x6a, 0x00, 0x6a, 0x00, 0x00, 0x6c, 0x65, 0x79, 0x5c, 0x6c, 0x63, 0x00,
  0x66, 0x00, 0x64, 0x00, 0x00, 0x6a, 0x00, 0x65, 0x6a, 0x00, 0x66, 0x5d,
  0x77, 0x5e, 0x00, 0x62, 0x61, 0x00, 0x61, 0x00, 0x67, 0x67, 0x61, 0x00,
  0x61, 0x00, 0x00, 0x61, 0x62, 0x00, 0x62, 0x00, 0x61, 0x00, 0x00, 0x00,
  0x00, 0x67, 0x00, 0x61, 0x61, 0x00, 0x5b, 0x7a, 0x78, 0x5d, 0x00, 0x63,
  0x62, 0x00, 0x62, 0x00, 0x68, 0x68, 0x62, 0x00, 0x67, 0x00, 0x68, 0x00,
  0x63, 0x00, 0x61, 0x00, 0x62, 0x00, 0x67, 0x00, 0x00, 0x68, 0x00, 0x62,
  0x62, 0x00, 0x5c, 0x79, 0x77, 0x5e, 0x00, 0x00, 0x63, 0x00, 0x63, 0x00,
  0x69, 0x69, 0x63, 0x00, 0x68, 0x63, 0x6f, 0x62, 0x00, 0x00, 0x62, 0x00,
  0x63, 0x61, 0x68, 0x00, 0x61, 0x69, 0x00, 0x63, 0x63, 0x61, 0x5b, 0x7a,
  0x78, 0x5d, 0x00, 0x00, 0x64, 0x61, 0x64, 0x61, 0x6a, 0x6a, 0x64, 0x61,
  0x69, 0x00, 0x62, 0x64, 0x00, 0x61, 0x63, 0x00, 0x64, 0x62, 0x69, 0x00,
  0x62, 0x6a, 0x00, 0x64, 0x64, 0x62, 0x5c, 0x79, 0x77, 0x5e, 0x67, 0x00,
  0x65, 0x62, 0x65, 0x62, 0x00, 0x6b, 0x65, 0x62, 0x6a, 0x65, 0x6b, 0x63,
  0x65, 0x62, 0x64, 0x00, 0x65, 0x63, 0x6a, 0x00, 0x63, 0x6b, 0x00, 0x65,
  0x65, 0x63, 0x5b, 0x7a, 0x78, 0x5d, 0x68, 0x61, 0x66, 0x67, 0x00, 0x63,
  0x67, 0x6c, 0x66, 0x63, 0x6b, 0x00, 0x6c, 0x69, 0x66, 0x63, 0x65, 0x67,
  0x66, 0x64, 0x6b, 0x00, 0x64, 0x6c, 0x61, 0x66, 0x66, 0x64, 0x5c, 0x79,
  0x77, 0x5e, 0x69, 0x62, 0x00, 0x68, 0x68, 0x64, 0x68, 0x65, 0x00, 0x64,
  0x6c, 0x64, 0x61, 0x6f, 0x65, 0x65, 0x66, 0x68, 0x00, 0x67, 0x00, 0x00,
  0x65, 0x00, 0x62, 0x00, 0x67, 0x65, 0x5b, 0x7a, 0x78, 0x5d, 0x6a, 0x63,
  0x61, 0x69, 0x69, 0x00, 0x69, 0x66, 0x61, 0x00, 0x00, 0x65, 0x62, 0x00,
  0x66, 0x00, 0x65, 0x69, 0x61, 0x68, 0x68, 0x00, 0x66, 0x61, 0x63, 0x00,
  0x68, 0x00, 0x5c, 0x79, 0x77, 0x5e, 0x00, 0x64, 0x62, 0x00, 0x6a, 0x00,
  0x6a, 0x00, 0x00, 0x66, 0x6a, 0x66, 0x67, 0x6f, 0x68, 0x67, 0x61, 0x6a,
  0x62, 0x69, 0x69, 0x00, 0x00, 0x62, 0x64, 0x00, 0x69, 0x00, 0x5b, 0x7a,
  0x78, 0x5d, 0x67, 0x65, 0x67, 0x00, 0x67, 0x00, 0x67, 0x61, 0x63, 0x61,
  0x6b, 0x00, 0x68, 0x61, 0x69, 0x68, 0x62, 0x6b, 0x00, 0x6a, 0x61, 0x61,
  0x67, 0x63, 0x65, 0x61, 0x6a, 0x68, 0x5c, 0x79, 0x77, 0x5e, 0x68, 0x66,
  0x68, 0x61, 0x68, 0x6a, 0x68, 0x62, 0x64, 0x62, 0x6c, 0x61, 0x69, 0x62,
  0x6a, 0x00, 0x63, 0x6c, 0x00, 0x6b, 0x62, 0x62, 0x68, 0x64, 0x66, 0x62,
  0x6b, 0x69, 0x5b, 0x7a, 0x78, 0x5d, 0x69, 0x63, 0x00, 0x62, 0x67, 0x6b,
  0x69, 0x00, 0x65, 0x63, 0x00, 0x00, 0x6a, 0x6c, 0x6b, 0x6a, 0x00, 0x68,
  0x65, 0x6c, 0x63, 0x63, 0x69, 0x00, 0x63, 0x63, 0x6c, 0x6a, 0x5c, 0x79,
  0x77, 0x5e, 0x00, 0x64, 0x6a, 0x63, 0x68, 0x00, 0x6a, 0x64, 0x66, 0x64,
  0x67, 0x63, 0x6b, 0x6d, 0x6a, 0x00, 0x65, 0x69, 0x66, 0x6d, 0x00, 0x64,
  0x6a, 0x66, 0x64, 0x64, 0x68, 0x6b, 0x5b, 0x7a, 0x78, 0x5d, 0x6b, 0x65,
  0x6b, 0x62, 0x69, 0x65, 0x6b, 0x00, 0x68, 0x00, 0x68, 0x00, 0x6c, 0x6e,
  0x6b, 0x6c, 0x67, 0x6a, 0x62, 0x00, 0x00, 0x65, 0x6b, 0x00, 0x65, 0x61,
  0x69, 0x6c, 0x5c, 0x79, 0x77, 0x5e, 0x6c, 0x66, 0x6c, 0x65, 0x6a, 0x00,
  0x6c, 0x66, 0x69, 0x66, 0x00, 0x65, 0x63, 0x65, 0x62, 0x00, 0x68, 0x6b,
  0x63, 0x00, 0x67, 0x66, 0x6c, 0x00, 0x66, 0x62, 0x6a, 0x66, 0x5b, 0x7a,
  0x78, 0x5d, 0x69, 0x00, 0x66, 0x66, 0x6b, 0x61, 0x65, 0x61, 0x6a, 0x00,
  0x6a, 0x66, 0x64, 0x00, 0x64, 0x65, 0x69, 0x6c, 0x64, 0x61, 0x68, 0x00,
  0x67, 0x67, 0x00, 0x63, 0x6b, 0x6b, 0x5c, 0x79, 0x77, 0x5e, 0x6a, 0x00,
  0x00, 0x64, 0x6c, 0x62, 0x66, 0x62, 0x6b, 0x61, 0x6b, 0x00, 0x00, 0x67,
  0x65, 0x66, 0x6a, 0x00, 0x65, 0x62, 0x69, 0x00, 0x68, 0x68, 0x67, 0x64,
  0x6c, 0x6c, 0x5b, 0x7a, 0x78, 0x5d, 0x6b, 0x00, 0x00, 0x65, 0x6c, 0x63,
  0x00, 0x63, 0x6c, 0x62, 0x6c, 0x00, 0x66, 0x68, 0x61, 0x00, 0x6b, 0x61,
  0x66, 0x63, 0x6a, 0x67, 0x69, 0x00, 0x68, 0x65, 0x00, 0x67, 0x5c, 0x79,
  0x77, 0x5e, 0x6c, 0x00, 0x61, 0x66, 0x00, 0x64, 0x00, 0x64, 0x65, 0x00,
  0x6a, 0x67, 0x00, 0x69, 0x00, 0x67, 0x6c, 0x62, 0x61, 0x64, 0x6b, 0x68,
  0x6a, 0x6a, 0x69, 0x66, 0x00, 0x68, 0x5b, 0x7a, 0x78, 0x5d, 0x67, 0x00,
  0x62, 0x67, 0x00, 0x65, 0x00, 0x65, 0x66, 0x64, 0x6b, 0x68, 0x61, 0x6a,
  0x63, 0x68, 0x63, 0x63, 0x00, 0x65, 0x6c, 0x00, 0x6b, 0x6b, 0x6a, 0x61,
  0x00, 0x69, 0x5c, 0x79, 0x77, 0x5e, 0x68, 0x00, 0x63, 0x68, 0x00, 0x66,
  0x67, 0x66, 0x67, 0x65, 0x00, 0x69, 0x62, 0x00, 0x6a, 0x69, 0x64, 0x64,
  0x63, 0x00, 0x61, 0x6a, 0x6c, 0x6c, 0x6b, 0x62, 0x67, 0x6a, 0x5b, 0x7a,
  0x75, 0x76, 0x31, 0x50, 0x76, 0x53, 0x43, 0x76, 0x30, 0x30, 0x30, 0x30,
  0x30, 0x30, 0x76, 0x76, 0x76, 0x76, 0x32, 0x50, 0x76, 0x53, 0x43, 0x76,
  0x30, 0x30, 0x30, 0x30, 0x30, 0x30, 0x76, 0x74, 0x77, 0x5e, 0x6a, 0x61,
  0x65, 0x6a, 0x00, 0x64, 0x69, 0x00, 0x69, 0x00, 0x00, 0x6b, 0x64, 0x68,
  0x00, 0x6b, 0x66, 0x66, 0x65, 0x00, 0x63, 0x6c, 0x00, 0x69, 0x00, 0x64,
  0x69, 0x6c, 0x5b, 0x7a, 0x78, 0x5d, 0x6b, 0x00, 0x66, 0x6b, 0x00, 0x65,
  0x6a, 0x00, 0x6a, 0x00, 0x00, 0x6c, 0x65, 0x6a, 0x68, 0x6c, 0x63, 0x00,
  0x66, 0x00, 0x64, 0x00, 0x00, 0x6a, 0x00, 0x65, 0x6a, 0x00, 0x5c, 0x79,
  0x61, 0x20, 0x68, 0x62, 0x20, 0x20, 0x69, 0x68, 0x20, 0x20, 0x62, 0x20,
  0x20, 0x20, 0x62, 0x20, 0x20, 0x63, 0x20, 0x20, 0x63, 0x20, 0x20, 0x67,
  0x20, 0x67, 0x20, 0x61, 0x62, 0x20, 0x61, 0x62, 0x62, 0x20, 0x69, 0x63,
  0x67, 0x20, 0x6a, 0x69, 0x20, 0x20, 0x63, 0x67, 0x20, 0x20, 0x63, 0x20,
  0x20, 0x64, 0x20, 0x61, 0x64, 0x61, 0x20, 0x68, 0x20, 0x68, 0x20, 0x62,
  0x63, 0x20, 0x62, 0x63, 0x63, 0x20, 0x6a, 0x64, 0x68, 0x20, 0x6b, 0x6a,
  0x61, 0x20, 0x64, 0x68, 0x61, 0x20, 0x64, 0x20, 0x61, 0x65, 0x20, 0x62,
  0x65, 0x62, 0x20, 0x69, 0x20, 0x69, 0x20, 0x63, 0x61, 0x61, 0x63, 0x64,
  0x64, 0x20, 0x61, 0x65, 0x69, 0x61, 0x6c, 0x6b, 0x62, 0x20, 0x65, 0x69,
  0x67, 0x20, 0x65, 0x67, 0x62, 0x66, 0x20, 0x63, 0x66, 0x63, 0x20, 0x6a,
  0x20, 0x6a, 0x61, 0x64, 0x62, 0x67, 0x64, 0x65, 0x65, 0x20, 0x62, 0x66,
  0x6a, 0x93, 0x89, 0x8d, 0x63, 0x61, 0x87, 0x6a, 0x68, 0x20, 0x66, 0x8b,
  0x8d, 0x20, 0x20, 0x61, 0x8b, 0x8d, 0x67, 0x87, 0x61, 0x6b, 0x62, 0x65,
  0x63, 0x68, 0x65, 0x66, 0x66, 0x20, 0x63, 0x20, 0x6b, 0x86, 0x69, 0x68,
  0x87, 0x62, 0x86, 0x6b, 0x69, 0x61, 0x87, 0x69, 0x64, 0x87, 0x20, 0x87,
  0x68, 0x65, 0x61, 0x86, 0x61, 0x6c, 0xba, 0x66, 0x64, 0x69, 0x66, 0x67,
  0x20, 0x20, 0x64, 0x20, 0x6c, 0x86, 0x6a, 0x69, 0x8e, 0x63, 0x86, 0x61,
  0x61, 0x62, 0x86, 0x6a, 0x65, 0x86, 0x61, 0x86, 0x69, 0x66, 0x62, 0x86,
  0x62, 0xba, 0x62, 0x62, 0x65, 0x6a, 0x62, 0x68, 0x61, 0x20, 0x65, 0x61,
  0x68, 0xa2, 0x89, 0x8d, 0x66, 0x64, 0x86, 0x62, 0x62, 0x63, 0x86, 0x6b,
  0x67, 0x86, 0x62, 0x86, 0x6a, 0x62, 0x63, 0xa2, 0x8d, 0x68, 0x63, 0x63,
  0x66, 0x6b, 0x63, 0x69, 0x62, 0x20, 0x66, 0x62, 0x69, 0x86, 0x68, 0x6b,
  0x87, 0x65, 0x86, 0x63, 0x67, 0x64, 0x86, 0x67, 0x68, 0x86, 0x63, 0x86,
  0x6b, 0x63, 0x64, 0x86, 0x68, 0xba, 0x64, 0x64, 0x61, 0x6c, 0x64, 0x6a,
  0x63, 0x67, 0x69, 0x63, 0x6a, 0x86, 0x69, 0x6c, 0x8e, 0x66, 0x86, 0x64,
  0x68, 0x65, 0x8e, 0x68, 0x69, 0x8e, 0x61, 0x8e, 0x6c, 0x64, 0x65, 0x86,
  0x69, 0x6a, 0x87, 0x65, 0x62, 0x6c, 0x65, 0x6b, 0x64, 0x68, 0x6a, 0x64,
  0x6b, 0xa3, 0x89, 0x8d, 0x69, 0x20, 0xa3, 0x89, 0x8d, 0x66, 0x6a, 0x8b,
  0x8d, 0x66, 0x62, 0x6a, 0x8b, 0x8d, 0x66, 0x8e, 0x6a, 0x6b, 0x8e, 0x66,
  0x63, 0x6a, 0x66, 0x6c, 0x65, 0x69, 0x6b, 0x65, 0x6c, 0x66, 0x6b, 0x68,
  0x6a, 0x20, 0x63, 0x66, 0x6a, 0x62, 0x6b, 0x6a, 0x6b, 0x20, 0x63, 0x6b,
  0x61, 0x66, 0x6c, 0x64, 0x6b, 0x6c, 0x6c, 0x20, 0x64, 0x6b, 0x20, 0x67,
  0x66, 0x6a, 0x6c, 0x66, 0x67, 0x61, 0x6c, 0x61, 0xc7, 0x20, 0x64, 0xc7,
  0x6b, 0x61, 0xcb, 0xcd, 0x6c, 0x61, 0xc7, 0x6c, 0x61, 0x20, 0xd3, 0xc9,
  0xcd, 0x6a, 0x67, 0x20, 0x65, 0x61, 0x20, 0x68, 0x67, 0x6b, 0x20, 0x61,
  0x67, 0x62, 0x65, 0x62, 0xc6, 0x20, 0x65, 0xc6, 0x6c, 0xc7, 0x64, 0x6c,
  0xc7, 0x62, 0xc6, 0x20, 0x67, 0x61, 0xc6, 0x66, 0x64, 0x6b, 0x68, 0x61,
  0x66, 0x62, 0x20, 0x69, 0x68, 0x6c, 0x20, 0x62, 0x68, 0x63, 0x66, 0x63,
  0xc6, 0xc9, 0xcd, 0xc6, 0x6a, 0xc6, 0x65, 0x20, 0xc6, 0x63, 0xc6, 0x20,
  0x68, 0x62, 0xc6, 0xcb, 0xcd, 0x61, 0x69, 0x62, 0x20, 0x63, 0x20, 0x6a,
  0x69, 0x20, 0x20, 0x63, 0x69, 0x64, 0x67, 0x64, 0xc6, 0x68, 0x20, 0xc6,
  0x6b, 0xce, 0x66, 0x20, 0xce, 0x64, 0xc6, 0x20, 0x69, 0x63, 0xc6, 0x67,
  0x66, 0x62, 0x6a, 0x67, 0x20, 0x64, 0x61, 0x6b, 0x6a, 0x20, 0x67, 0x64,
  0x6a, 0x65, 0x68, 0x65, 0xce, 0x69, 0x20, 0xce, 0x6c, 0x65, 0xcb, 0xcd,
  0x62, 0x61, 0xe3, 0xc9, 0xcd, 0x64, 0xe3, 0xc9, 0xcd, 0x63, 0x6b, 0x61,
  0x61, 0x65, 0x62, 0x6c, 0x6b, 0x61, 0x68, 0x67, 0x6b, 0x66, 0x69, 0x66,
  0x6b, 0x6a, 0x20, 0x68, 0x63, 0x66, 0x62, 0x68, 0x67, 0x62, 0x6a, 0x20,
  0x6b, 0x65, 0x68, 0x69, 0x61, 0x67, 0x6c, 0x62, 0x62, 0x66, 0x63, 0x61,
  0x6c, 0x62, 0x69, 0x61, 0x67, 0x20, 0x67, 0x62, 0x61, 0x6b, 0x61, 0x69,
  0x67, 0x62, 0x63, 0x69, 0x68, 0x63, 0x67, 0x20, 0x6c, 0x66, 0x69, 0x6a,
  0x62, 0x68, 0x20, 0x63, 0x63, 0x20, 0x61, 0x62, 0x20, 0x63, 0x6a, 0x62,
  0x68, 0x20, 0x68, 0x63, 0x62, 0x6c, 0x62, 0x6a, 0x68, 0x63, 0x64, 0x6a,
  0x69, 0x61, 0x68, 0x61, 0x6a, 0x6a, 0x61, 0x61, 0x63, 0x69, 0x61, 0x64,
  0x64, 0x61, 0x62, 0x63, 0x20, 0x64, 0x61, 0x63, 0x69, 0x20, 0x69, 0x64,
  0x63, 0x20, 0x63, 0x6b, 0x69, 0xf2, 0xf3, 0xf4, 0xf5, 0xf6, 0xf7, 0xf8,
  0x6b, 0x67, 0x67, 0x62, 0x64, 0x6a, 0x62, 0x65, 0x65, 0x62, 0x63, 0x64,
  0x61, 0x65, 0x62, 0x64, 0x6a, 0x20, 0x6a, 0x65, 0x64, 0x20, 0x64, 0x6c,
  0x6a, 0x65, 0x66, 0x62, 0x6b, 0x68, 0x6a, 0x63, 0x6c, 0x68, 0x68, 0x63,
  0x65, 0x6b, 0x63, 0x66, 0x66, 0x63, 0x64, 0x65, 0x62, 0x66, 0x63, 0x65,
  0x6b, 0x20, 0x6b, 0x66, 0x75, 0x50, 0x55, 0x53, 0x48, 0x76, 0x54, 0x52,
  0x49, 0x47, 0x45, 0x52, 0x76, 0x4b, 0x45, 0x59, 0x74, 0x6c, 0x64, 0x20,
  0x20, 0x64, 0x65, 0x66, 0x63, 0x20, 0x64, 0x66, 0x6c, 0x20, 0x6c, 0x20,
  0x66, 0x20, 0x66, 0x6a, 0x6c, 0x6c, 0x20, 0x64, 0x20, 0x6a, 0x6c, 0x65,
  0x20, 0x6a, 0x6a, 0x65, 0x20, 0x20, 0x65, 0x20, 0x20, 0x65, 0x66, 0x20,
  0x3e, 0x03, 0xcd, 0x03, 0x49, 0x21, 0x61, 0x7c, 0x11, 0x00, 0x38, 0x01,
  0xa0, 0x00, 0xcd, 0x0c, 0x90, 0x21, 0x00, 0xe8, 0x11, 0x00, 0x18, 0x01,
  0x00, 0x03, 0xcd, 0x0c, 0x90, 0x3e, 0xff, 0xf5, 0xcd, 0xa0, 0x98, 0xf1,
  0xcd, 0xb0, 0xb1, 0x3e, 0x60, 0x32, 0x06, 0xf0, 0x21, 0x01, 0x7d, 0x11,
  0x00, 0x1b, 0x01, 0x14, 0x00, 0xcd, 0x0c, 0x90, 0x3e, 0xff, 0x32, 0x08,
  0xf0, 0x32, 0x07, 0xf0, 0x3e, 0x0e, 0x32, 0x00, 0xf0, 0x3a, 0x00, 0xf0,
  0x3c, 0xfe, 0x20, 0x28, 0x0e, 0x21, 0x01, 0x1b, 0xcd, 0x75, 0x7b, 0x32,
  0x00, 0xf0, 0xcd, 0x9c, 0x7b, 0x18, 0xea, 0x21, 0x03, 0x1b, 0x06, 0x04,
  0xcd, 0x09, 0x90, 0xe6, 0x7f, 0xcd, 0x06, 0x90, 0x23, 0x23, 0x23, 0x23,
  0x10, 0xf2, 0x21, 0x01, 0x1b, 0x06, 0x04, 0xaf, 0x32, 0x00, 0xf0, 0x3e,
  0x60, 0x32, 0x01, 0xf0, 0x21, 0x15, 0x7d, 0x22, 0x09, 0xf0, 0x2a, 0x09,
  0xf0, 0x7e, 0x32, 0x02, 0xf0, 0x23, 0x7e, 0x32, 0x03, 0xf0, 0x23, 0x7e,
  0xb7, 0x28, 0x37, 0x32, 0x04, 0xf0, 0x23, 0x22, 0x09, 0xf0, 0x3a, 0x00,
  0xf0, 0x57, 0x3a, 0x02, 0xf0, 0x82, 0x32, 0x00, 0xf0, 0x21, 0x01, 0x1b,
  0xcd, 0x75, 0x7b, 0x3a, 0x01, 0xf0, 0x5f, 0x3a, 0x03, 0xf0, 0x83, 0x32,
  0x01, 0xf0, 0x21, 0x00, 0x1b, 0xcd, 0x75, 0x7b, 0xcd, 0x9c, 0x7b, 0x3a,
  0x04, 0xf0, 0x3d, 0x28, 0xbd, 0x32, 0x04, 0xf0, 0x18, 0xd0, 0x0e, 0x04,
  0x41, 0xcb, 0x38, 0xcb, 0x38, 0xc5, 0xcd, 0x9c, 0x7b, 0xc1, 0x10, 0xf9,
  0x3a, 0x01, 0xf0, 0x3c, 0x32, 0x01, 0xf0, 0x21, 0x00, 0x1b, 0xcd, 0x75,
  0x7b, 0x0c, 0x79, 0xfe, 0x28, 0x20, 0xe1, 0x3e, 0x50, 0x32, 0x08, 0xf0,
  0x32, 0x07, 0xf0, 0x3e, 0x04, 0xcd, 0x03, 0x49, 0x3e, 0x10, 0x32, 0x06,
  0xf0, 0x3a, 0x01, 0xf0, 0x3d, 0x3d, 0xfe, 0xec, 0x28, 0x0e, 0x32, 0x01,
  0xf0, 0x21, 0x00, 0x1b, 0xcd, 0x75, 0x7b, 0xcd, 0x9c, 0x7b, 0x18, 0xe9,
  0x06, 0x03, 0xc5, 0x06, 0xff, 0xc5, 0xcd, 0x9c, 0x7b, 0xc1, 0x10, 0xf9,
  0xc1, 0x10, 0xf3, 0xaf, 0x32, 0x00, 0xe0, 0x21, 0x00, 0xe0, 0xe5, 0x11,
  0x01, 0xe0, 0x01, 0xff, 0x02, 0xed, 0xb0, 0xe1, 0x11, 0x00, 0x18, 0x01,
  0x00, 0x03, 0xcd, 0x0c, 0x90, 0x06, 0x96, 0xc5, 0x06, 0xff, 0x10, 0xfe,
  0xc1, 0x10, 0xf8, 0x3e, 0x18, 0x32, 0x01, 0xf0, 0x3e, 0x05, 0xcd, 0x03,
  0x49, 0x3e, 0x50, 0x32, 0x06, 0xf0, 0x3e, 0x0a, 0x32, 0x07, 0xf0, 0x32,
  0x08, 0xf0, 0x3a, 0x01, 0xf0, 0x3d, 0xfe, 0x07, 0x28, 0x20, 0x32, 0x01,
  0xf0, 0x21, 0x00, 0xe8, 0x11, 0x00, 0xe0, 0x01, 0x00, 0x03, 0xc5, 0xd5,
  0xed, 0xb0, 0xcd, 0xa8, 0x7b, 0xe1, 0xc1, 0x11, 0x00, 0x18, 0xcd, 0x0c,
  0x90, 0xcd, 0x9c, 0x7b, 0x18, 0xd8, 0x06, 0x0f, 0xc5, 0xcd, 0x9c, 0x7b,
  0xc1, 0x10, 0xf9, 0x3e, 0x0a, 0x32, 0x06, 0xf0, 0x3e, 0x0a, 0x32, 0x07,
  0xf0, 0x32, 0x08, 0xf0, 0x3a, 0x01, 0xf0, 0x32, 0x05, 0xf0, 0x3e, 0x06,
  0xcd, 0x03, 0x49, 0x3a, 0x01, 0xf0, 0x3c, 0x3c, 0xfe, 0x1a, 0x30, 0x2c,
  0x32, 0x01, 0xf0, 0x3a, 0x05, 0xf0, 0x3d, 0x32, 0x05, 0xf0, 0x21, 0x00,
  0xe8, 0x11, 0x00, 0xe0, 0x01, 0x00, 0x03, 0xed, 0xb0, 0xcd, 0xef, 0x7b,
  0xcd, 0xa8, 0x7b, 0x21, 0x00, 0xe0, 0x11, 0x00, 0x18, 0x01, 0x00, 0x03,
  0xcd, 0x0c, 0x90, 0xcd, 0x9c, 0x7b, 0x18, 0xcb, 0x3e, 0x03, 0x32, 0x06,
  0xf0, 0x3e, 0x03, 0x32, 0x07, 0xf0, 0x32, 0x08, 0xf0, 0x06, 0x1e, 0xc5,
  0xcd, 0x9c, 0x7b, 0xc1, 0x10, 0xf9, 0x3e, 0x07, 0xcd, 0x03, 0x49, 0x01,
  0x38, 0x04, 0xc5, 0x41, 0xc5, 0xcd, 0x9c, 0x7b, 0xc1, 0x10, 0xf9, 0x3a,
  0x05, 0xf0, 0x3c, 0x32, 0x05, 0xf0, 0x21, 0x00, 0xe8, 0x11, 0x00, 0xe0,
  0x01, 0x00, 0x03, 0xd5, 0xc5, 0xed, 0xb0, 0xcd, 0xef, 0x7b, 0xc1, 0xe1,
  0x11, 0x00, 0x18, 0xcd, 0x0c, 0x90, 0xc1, 0x79, 0xd6, 0x10, 0x4f, 0x10,
  0xd1, 0xaf, 0x32, 0x01, 0xf0, 0x3a, 0x05, 0xf0, 0x3c, 0xfe, 0x11, 0x28,
  0x31, 0x32, 0x05, 0xf0, 0x3a, 0x01, 0xf0, 0x3c, 0x3c, 0x32, 0x01, 0xf0,
  0x21, 0x00, 0xe8, 0x11, 0x00, 0xe0, 0x01, 0x00, 0x03, 0xd5, 0xc5, 0xed,
  0xb0, 0xcd, 0xef, 0x7b, 0xc1, 0xe1, 0x11, 0x00, 0xe3, 0xc5, 0xd5, 0xed,
  0xb0, 0xcd, 0x2f, 0x7c, 0xe1, 0xc1, 0x11, 0x00, 0x18, 0xcd, 0x0c, 0x90,
  0x18, 0xc7, 0x3e, 0x08, 0xcd, 0x03, 0x49, 0xfb, 0x21, 0x00, 0xa0, 0x2b,
  0x7d, 0xb4, 0x20, 0xfb, 0xc9, 0x06, 0x04, 0xf5, 0xcd, 0x06, 0x90, 0xf1,
  0x23, 0x23, 0x23, 0x23, 0x10, 0xf5, 0xc9, 0x3a, 0x07, 0xf0, 0x3d, 0x32,
  0x07, 0xf0, 0xb7, 0xc0, 0x3a, 0x08, 0xf0, 0x32, 0x07, 0xf0, 0xaf, 0xf5,
  0xcd, 0xa0, 0x98, 0xf1, 0xcd, 0xb0, 0xb1, 0xc9, 0x3a, 0x06, 0xf0, 0x47,
  0xc5, 0xcd, 0x83, 0x7b, 0xc1, 0x10, 0xf9, 0xc9, 0x21, 0x00, 0xeb, 0x22,
  0x09, 0xf0, 0x21, 0x08, 0xe0, 0x3a, 0x01, 0xf0, 0xb7, 0x28, 0x07, 0x47,
  0x11, 0x20, 0x00, 0x19, 0x10, 0xfd, 0x11, 0x10, 0x00, 0x06, 0x10, 0xc5,
  0x06, 0x08, 0xe5, 0x2a, 0x09, 0xf0, 0x7e, 0x23, 0x22, 0x09, 0xf0, 0xe1,
  0xcd, 0xda, 0x7b, 0x10, 0xf1, 0x19, 0xc1, 0x10, 0xea, 0xc9, 0xf5, 0xcb,
  0x3f, 0xcb, 0x3f, 0xcb, 0x3f, 0xcb, 0x3f, 0xcd, 0xe9, 0x7b, 0xf1, 0xe6,
  0x0f, 0xb7, 0x28, 0x01, 0x77, 0x23, 0xc9, 0x21, 0x0c, 0xe0, 0x3a, 0x05,
  0xf0, 0xb7, 0x28, 0x07, 0x11, 0x20, 0x00, 0x47, 0x19, 0x10, 0xfd, 0xeb,
  0x01, 0x08, 0x00, 0x21, 0x4b, 0x7d, 0xed, 0xb0, 0x06, 0x06, 0xc5, 0xe5,
  0x21, 0x18, 0x00, 0x19, 0xeb, 0xe1, 0xe5, 0x01, 0x08, 0x00, 0xed, 0xb0,
  0xe1, 0xc1, 0x10, 0xee, 0xd5, 0x11, 0x08, 0x00, 0x19, 0xd1, 0xe5, 0x21,
  0x18, 0x00, 0x19, 0xeb, 0xe1, 0x01, 0x08, 0x00, 0xed, 0xb0, 0xc9, 0x3a,
  0x01, 0xf0, 0x21, 0x00, 0xe0, 0xb7, 0x28, 0x07, 0x47, 0x11, 0x20, 0x00,
  0x19, 0x10, 0xfd, 0xeb, 0x21, 0x80, 0xe6, 0x06, 0x0e, 0xc5, 0xe5, 0x01,
  0x20, 0x00, 0xed, 0xb0, 0xe1, 0xc1, 0x10, 0xf5, 0x06, 0xff, 0xcd, 0x57,
  0x7c, 0x06, 0x41, 0x7e, 0xb7, 0x28, 0x01, 0x12, 0x23, 0x13, 0x10, 0xf7,
  0xc9, 0x02, 0x02, 0x02, 0x03, 0x03, 0x02, 0x04, 0x04, 0x0d, 0x7b, 0x72,
  0x32, 0x02, 0x02, 0x02, 0x02, 0x00, 0x00, 0x00, 0x80, 0x00, 0x00, 0x00,
  0x00, 0x00, 0x00, 0x00, 0x00, 0x00, 0x00, 0x00, 0x40, 0x00, 0x00, 0x00,
  0x00, 0x00, 0x00, 0x00, 0x00, 0x80, 0x80, 0x81, 0x01, 0x01, 0x00, 0x00,
  0x00, 0x40, 0x40, 0x40, 0x40, 0xc0, 0x40, 0x20, 0x20, 0xb1, 0xdf, 0xcf,
  0xcc, 0xc0, 0x40, 0x40, 0x00, 0x00, 0x00, 0x00, 0x00, 0x00, 0x01, 0x03,
  0x03, 0x02, 0x00, 0x00, 0x00, 0x00, 0x01, 0x00, 0x00, 0x00, 0x00, 0x00,
  0x00, 0x00, 0x80, 0xc0, 0xc0, 0x40, 0x00, 0x00, 0x00, 0x00, 0x80, 0x00,
  0x00, 0x00, 0x00, 0x00, 0x00, 0x00, 0x00, 0x00, 0x00, 0x00, 0x04, 0x0c,
  0xcc, 0x7c, 0x1c, 0x0c, 0x04, 0x00, 0x00, 0x00, 0x00, 0x00, 0x00, 0x00,
  0x00, 0x00, 0x20, 0x30, 0x33, 0x3e, 0x38, 0x30, 0x20, 0x80, 0x00, 0x00,
  0x00, 0x00, 0x00, 0x00, 0x00, 0x00, 0x00, 0x00, 0x00, 0x00, 0x00, 0x00,
  0x00, 0x00, 0x00, 0x00, 0x00, 0x00, 0x00, 0x00, 0x00, 0x00, 0x00, 0x00,
  0x00, 0x00, 0x00, 0x00, 0x00, 0x60, 0x0e, 0x00, 0x8f, 0x60, 0x0e, 0x04,
  0x8e, 0x60, 0x0e, 0x08, 0x88, 0x60, 0x0e, 0x0c, 0x84, 0x00, 0x00, 0x10,
  0x8e, 0x01, 0x02, 0x0f, 0x01, 0x01, 0x17, 0x02, 0x01, 0x18, 0x02, 0x00,
  0x1e, 0x02, 0xff, 0x18, 0x01, 0xff, 0x17, 0x01, 0xfe, 0x0f, 0x00, 0xfe,
  0x0a, 0xff, 0xfe, 0x0a, 0xff, 0xff, 0x0a, 0xfe, 0xff, 0x0a, 0xfe, 0x00,
  0x0f, 0xfe, 0x01, 0x0a, 0xff, 0x01, 0x0a, 0xff, 0x02, 0x0a, 0x00, 0x02,
  0x08, 0x00, 0x01, 0x08, 0x00, 0x00, 0x00, 0x10, 0x15, 0x15, 0x15, 0x15,
  0x15, 0x15, 0x11, 0x15, 0x16, 0x16, 0x16, 0x16, 0x16, 0x16, 0x17, 0x12,
  0x17, 0x17, 0x17, 0x17, 0x17, 0x17, 0x13, 0x00, 0x00, 0x00, 0x00, 0x00,
  0x00, 0x00, 0x00, 0x00, 0x00, 0x00, 0x00, 0x00, 0x00, 0x00, 0x00, 0x00,
  0x00, 0x00, 0x00, 0x00, 0x00, 0x00, 0x00, 0x00, 0x00, 0x00, 0x00, 0x00,
  0xff, 0xff, 0xff, 0xff, 0xff, 0xff, 0x3c, 0x3c, 0xff, 0xff, 0x00, 0x00,
  0x00, 0x00, 0xc3, 0xc3, 0x00, 0x00, 0x00, 0x00, 0x00, 0x00, 0x00, 0x00,
  0x00, 0x00, 0x00, 0x00, 0x00, 0x00, 0x00, 0x00, 0x00, 0x00, 0x00, 0x00,
  0x00, 0x00, 0x00, 0x00, 0x00, 0x00, 0x00, 0x00, 0x00, 0x00, 0x00, 0x00,
  0x00, 0x00, 0x00, 0x00, 0x00, 0x00, 0x00, 0x00, 0x00, 0x00, 0x00, 0x00,
  0x00, 0x00, 0x00, 0x00, 0x00, 0x00, 0x00, 0x00, 0x00, 0x00, 0x00, 0x00,
  0x00, 0x00, 0x00, 0x00, 0x00, 0x00, 0x00, 0x00, 0x00, 0x00, 0x00, 0x00,
  0x00, 0x00, 0x00, 0x00, 0x00, 0x00, 0x00, 0x00, 0x00, 0x00, 0x00, 0x00,
  0x00, 0x00, 0x00, 0x00, 0x00, 0x00, 0x00, 0x00, 0x00, 0x00, 0x00, 0x00,
  0x00, 0x00, 0x00, 0x00, 0x00, 0x00, 0x00, 0x00, 0x00, 0x00, 0x00, 0x00,
  0xff, 0x7e, 0x3c, 0x18, 0x18, 0x3c, 0x7e, 0xff, 0xff, 0xff, 0xff, 0xff,
  0xff, 0xff, 0xff, 0xff, 0xff, 0xff, 0x00, 0x00, 0x00, 0x00, 0x00, 0x00,
  0xc0, 0xc0, 0xc0, 0xc0, 0xc0, 0xc0, 0xc0, 0xc0, 0xff, 0xff, 0xc0, 0xc0,
  0xc0, 0xc0, 0xc0, 0xc0, 0xfc, 0xfc, 0xfc, 0xfc, 0xfc, 0xfc, 0xfc, 0xfc,
  0xff, 0xff, 0x03, 0x03, 0x03, 0x03, 0x03, 0x03, 0xc3, 0xc3, 0xc3, 0xc3,
  0xc3, 0xc3, 0xc3, 0xc3, 0xff, 0xff, 0xc3, 0xc3, 0xc3, 0xc3, 0xc3, 0xc3,
  0xff, 0xff, 0xfe, 0xfe, 0xfe, 0xfe, 0x00, 0x00, 0xff, 0xff, 0x00, 0x00,
  0x00, 0x00, 0xff, 0xff, 0xc0, 0xc0, 0xc0, 0xc0, 0xc0, 0xc0, 0xff, 0xff,
  0xff, 0xff, 0xc0, 0xc0, 0xc0, 0xc0, 0xff, 0xff, 0xfc, 0xfc, 0xfc, 0xfc,
  0xfc, 0xfc, 0x00, 0x00, 0xff, 0xff, 0x03, 0x03, 0x03, 0x03, 0xff, 0xff,
  0xc3, 0xc3, 0xc3, 0xc3, 0xc3, 0xc3, 0xff, 0xff, 0x00, 0x00, 0x00, 0x00,
  0x00, 0x00, 0x00, 0x00, 0x83, 0x00, 0x02, 0xe0, 0x0f, 0x86, 0x00, 0x80,
  0x03, 0x00, 0x10, 0x02, 0xee, 0xef, 0x86, 0x00, 0x02, 0xee, 0xff, 0x86,
  0x00, 0x02, 0xe8, 0x8f, 0x85, 0x00, 0x04, 0x0e, 0x88, 0x88, 0xf0, 0x80,
  0x2e, 0x00, 0x0a, 0x19, 0xf0, 0x00, 0xee, 0x8e, 0xf8, 0xff, 0x00, 0x0f,
  0xfe, 0xee, 0xe4, 0xee, 0xff, 0x5f, 0xff, 0xff, 0xfe, 0xee, 0x44, 0xef,
  0xff, 0x45, 0xff, 0xff, 0x44, 0x80, 0x51, 0x00, 0x06, 0x10, 0x55, 0x04,
  0x44, 0x44, 0xef, 0xff, 0x45, 0x55, 0x50, 0x00, 0x04, 0x44, 0xe8, 0x8f,
  0x45, 0x50, 0x83, 0x00, 0x04, 0x44, 0xe0, 0x0f, 0x45, 0x84, 0x00, 0x06,
  0x04, 0xe0, 0x0e, 0x50, 0x00, 0x00, 0x00, 0x00, 0x08, 0x85, 0x00, 0x8a,
  0x11, 0x00, 0x00, 0x00, 0x00, 0x00, 0x00, 0x00, 0x83, 0x02, 0x09, 0x03,
  0x03, 0x02, 0x04, 0x04, 0x0d, 0x7b, 0x72, 0x32, 0x84, 0x02, 0x83, 0x00,
  0x01, 0x80, 0x8b, 0x00, 0x01, 0x40, 0x88, 0x00, 0x05, 0x80, 0x80, 0x81,
  0x01, 0x01, 0x83, 0x00, 0x84, 0x40, 0x0a, 0xc0, 0x40, 0x20, 0x20, 0xb1,
  0xdf, 0xcf, 0xcc, 0xc0, 0x40, 0x80, 0x1f, 0x00, 0x09, 0x89, 0x00, 0x08,
  0xe7, 0x81, 0x81, 0x00, 0x00, 0x81, 0x81, 0xe7, 0x99, 0x00, 0x06, 0x66,
  0x42, 0x00, 0x00, 0x42, 0x66, 0x8b, 0x00, 0x04, 0x03, 0x04, 0x00, 0x10,
  0x84, 0x20, 0x04, 0x10, 0x00, 0x04, 0x03, 0x84, 0x00, 0x04, 0xc0, 0x20,
  0x00, 0x08, 0x84, 0x04, 0x04, 0x08, 0x00, 0x20, 0xc0, 0x85, 0x00, 0x09,
  0x03, 0x03, 0x07, 0x1e, 0x1c, 0x1c, 0x1e, 0x07, 0x03, 0x80, 0x8d, 0x00,
  0x05, 0x0b, 0x00, 0x00, 0xc0, 0xc0, 0xe0, 0x78, 0x38, 0x38, 0x78, 0xe0,
  0xc0, 0x80, 0x9d, 0x00, 0x06, 0x0b, 0x00, 0x01, 0x02, 0x00, 0x08, 0x10,
  0x10, 0x08, 0x00, 0x02, 0x01, 0x86, 0x00, 0x09, 0x80, 0x40, 0x00, 0x10,
  0x08, 0x08, 0x10, 0x00, 0x40, 0x80, 0x13, 0x00, 0x08, 0x05, 0x01, 0x00,
  0x00, 0x08, 0x08, 0x80, 0xe2, 0x00, 0x05, 0x86, 0x00, 0x05, 0x80, 0x00,
  0x00, 0x10, 0x10, 0x80, 0x11, 0x00, 0x09, 0x80, 0x82, 0x00, 0x22, 0x02,
  0x04, 0x08, 0x84, 0x10, 0x01, 0x08, 0x80, 0x8c, 0x00, 0x06, 0x05, 0x00,
  0x00, 0xc0, 0x20, 0x10, 0x84, 0x08, 0x01, 0x10, 0x80, 0x9c, 0x00, 0x05,
  0x05, 0x07, 0x08, 0x00, 0x00, 0x40, 0x86, 0x80, 0x0a, 0x40, 0x00, 0x00,
  0x08, 0x07, 0xe0, 0x10, 0x00, 0x00, 0x02, 0x86, 0x01, 0x0a, 0x02, 0x00,
  0x00, 0x10, 0xe0, 0x00, 0x07, 0x08, 0x00, 0x20, 0x86, 0x40, 0x0a, 0x20,
  0x00, 0x08, 0x07, 0x00, 0x00, 0xe0, 0x10, 0x00, 0x04, 0x86, 0x02, 0x05,
  0x04, 0x00, 0x10, 0xe0, 0x00, 0x00, 0x00, 0x00, 0xff, 0x7e, 0x3c, 0x18,
  0x18, 0x3c, 0x7e, 0xff, 0x00, 0x00, 0x00, 0x08, 0x42, 0x00, 0x00, 0x00,
  0x00, 0x00, 0x00, 0x00, 0x00, 0x00, 0x0a, 0x00, 0x54, 0x87, 0x58, 0x00,
  0x59, 0x03, 0x08, 0x0b, 0xb0, 0x08, 0xb4, 0x08, 0xb7, 0x08, 0xb5, 0x08,
  0xba, 0x08, 0xbe, 0x04, 0xb0, 0x08, 0x4b, 0x48, 0xb4, 0x08, 0xb7, 0x08,
  0xb5, 0x08, 0xbe, 0x04, 0xba, 0x04, 0xb0, 0x08, 0x4b, 0x48, 0xb4, 0x08,
  0xb7, 0x08, 0xb5, 0x08, 0xba, 0x04, 0xbe, 0x04, 0xb0, 0x08, 0x4b, 0x48,
  0xb8, 0x08, 0xb3, 0x08, 0xb0, 0x08, 0xba, 0x08, 0xb5, 0x08, 0xae, 0x08,
  0xba, 0x08, 0xae, 0x08, 0x4b, 0x48, 0x08, 0x0a, 0xb0, 0x08, 0xb4, 0x08,
  0xb7, 0x08, 0xb5, 0x08, 0xba, 0x08, 0xbe, 0x04, 0xb0, 0x08, 0x4b, 0x48,
  0xb4, 0x08, 0xb0, 0x08, 0xb2, 0x08, 0xab, 0x08, 0x52, 0x02, 0x4b, 0x48,
  0x08, 0x0b, 0xb0, 0x08, 0xb4, 0x08, 0xb7, 0x08, 0xb5, 0x08, 0xba, 0x08,
  0xbe, 0x04, 0xb2, 0x08, 0x4b, 0x48, 0xb8, 0x08, 0xb3, 0x08, 0xb0, 0x08,
  0xba, 0x08, 0xb5, 0x08, 0xae, 0x08, 0xb2, 0x08, 0xbe, 0x08, 0x4b, 0x48,
  0x08, 0x0a, 0xb0, 0x08, 0xb4, 0x08, 0xb7, 0x08, 0xb5, 0x08, 0xba, 0x08,
  0xbe, 0x04, 0xb0, 0x08, 0x4b, 0x48, 0xb4, 0x08, 0xb0, 0x08, 0xb2, 0x08,
  0xab, 0x08, 0x52, 0x02, 0x4b, 0x48, 0x08, 0x0b, 0xb0, 0x08, 0xb4, 0x08,
  0xb7, 0x08, 0xb5, 0x08, 0xba, 0x08, 0xbe, 0x04, 0xb2, 0x08, 0x4b, 0x48,
  0xb8, 0x08, 0xb3, 0x08, 0xb0, 0x08, 0xba, 0x08, 0xb5, 0x08, 0xae, 0x08,
  0xb2, 0x08, 0xbe, 0x08, 0x4b, 0x48, 0x08, 0x0b, 0xb0, 0x08, 0xb4, 0x08,
  0xb7, 0x08, 0xb5, 0x08, 0xba, 0x08, 0xbe, 0x04, 0xb0, 0x08, 0x4b, 0x48,
  0xb4, 0x08, 0xb0, 0x08, 0xb2, 0x08, 0xab, 0x08, 0x52, 0x02, 0x4b, 0x48,
  0x08, 0x0b, 0xb0, 0x08, 0xb4, 0x08, 0xb7, 0x08, 0xb5, 0x08, 0xba, 0x08,
  0xbe, 0x04, 0xbc, 0x08, 0x4b, 0x48, 0xc4, 0x08, 0xbf, 0x08, 0xbc, 0x08,
  0xc6, 0x08, 0xc1, 0x08, 0xba, 0x08, 0xba, 0x08, 0xc6, 0x08, 0x4b, 0x48,
  0x59, 0x01, 0x52, 0x08, 0xc1, 0x08, 0xc0, 0x08, 0xbc, 0x08, 0xbe, 0x08,
  0xba, 0x08, 0xb5, 0x08, 0xc1, 0x08, 0x4b, 0x48, 0x59, 0x01, 0x08, 0x0b,
  0x52, 0x08, 0xc1, 0x08, 0xc0, 0x08, 0xbc, 0x08, 0xbe, 0x08, 0xba, 0x08,
  0xb5, 0x08, 0xb4, 0x08, 0x4b, 0x48, 0x52, 0x08, 0xa4, 0x08, 0xa8, 0x08,
  0xa4, 0x08, 0xa8, 0x08, 0xab, 0x08, 0x52, 0x08, 0xb0, 0x08, 0x4b, 0x48,
  0x52, 0x08, 0xae, 0x04, 0xad, 0x10, 0xae, 0x10, 0xad, 0x08, 0xab, 0x08,
  0xa8, 0x08, 0xa4, 0x08, 0x4b, 0x48, 0x59, 0x01, 0x52, 0x08, 0xc1, 0x08,
  0xc0, 0x08, 0xbc, 0x08, 0xbe, 0x08, 0xba, 0x08, 0xb5, 0x08, 0xc1, 0x08,
  0x4b, 0x48, 0x59, 0x01, 0x08, 0x0b, 0x52, 0x08, 0xc1, 0x08, 0xc0, 0x08,
  0xbc, 0x08, 0xbe, 0x08, 0xba, 0x08, 0xb5, 0x08, 0xb4, 0x08, 0x4b, 0x48,
  0x52, 0x08, 0xa4, 0x08, 0xa8, 0x08, 0xa4, 0x08, 0xa8, 0x08, 0xab, 0x08,
  0x52, 0x08, 0xb0, 0x08, 0x4b, 0x48, 0x52, 0x08, 0xae, 0x08, 0x52, 0x08,
  0xad, 0x10, 0xab, 0x10, 0xa8, 0x08, 0xa9, 0x08, 0xab, 0x04, 0x4b, 0x00,
  0xa6, 0x01, 0x4b, 0x48, 0x54, 0x87, 0x58, 0x02, 0x59, 0x02, 0x09, 0x0b,
  0x8c, 0x08, 0x98, 0x08, 0x8c, 0x08, 0x98, 0x08, 0x8c, 0x08, 0x98, 0x08,
  0x8c, 0x08, 0x98, 0x08, 0x4b, 0x48, 0x8c, 0x08, 0x98, 0x08, 0x8c, 0x08,
  0x98, 0x08, 0x8c, 0x08, 0x98, 0x08, 0x8c, 0x08, 0x98, 0x08, 0x4b, 0x48,
  0x8c, 0x08, 0x98, 0x08, 0x8c, 0x08, 0x98, 0x08, 0x8c, 0x08, 0x98, 0x08,
  0x8c, 0x08, 0x98, 0x08, 0x4b, 0x48, 0x8f, 0x08, 0x8f, 0x08, 0x8f, 0x08,
  0x91, 0x08, 0x85, 0x08, 0x85, 0x08, 0x85, 0x08, 0x91, 0x08, 0x4b, 0x48,
  0x8c, 0x08, 0x8c, 0x08, 0x98, 0x08, 0x8c, 0x08, 0x96, 0x08, 0x8c, 0x08,
  0x52, 0x08, 0x98, 0x08, 0x4b, 0x48, 0x8c, 0x08, 0x8c, 0x08, 0x96, 0x08,
  0x8c, 0x08, 0x8c, 0x08, 0x98, 0x08, 0x8c, 0x08, 0x98, 0x08, 0x4b, 0x48,
  0x8c, 0x08, 0x8c, 0x08, 0x98, 0x08, 0x8c, 0x08, 0x96, 0x08, 0x8c, 0x08,
  0x52, 0x08, 0x98, 0x08, 0x4b, 0x48, 0x8f, 0x08, 0x8f, 0x08, 0x8f, 0x08,
  0x91, 0x08, 0x85, 0x08, 0x85, 0x08, 0x85, 0x08, 0x91, 0x08, 0x4b, 0x48,
  0x8c, 0x08, 0x8c, 0x08, 0x98, 0x08, 0x8c, 0x08, 0x96, 0x08, 0x8c, 0x08,
  0x52, 0x08, 0x98, 0x08, 0x4b, 0x48, 0x8c, 0x08, 0x8c, 0x08, 0x96, 0x08,
  0x8c, 0x08, 0x8c, 0x08, 0x98, 0x08, 0x8c, 0x08, 0x98, 0x08, 0x4b, 0x48,
  0x8c, 0x08, 0x8c, 0x08, 0x98, 0x08, 0x8c, 0x08, 0x96, 0x08, 0x8c, 0x08,
  0x52, 0x08, 0x98, 0x08, 0x4b, 0x48, 0x8f, 0x08, 0x8f, 0x08, 0x8f, 0x08,
  0x91, 0x08, 0x85, 0x08, 0x85, 0x08, 0x85, 0x08, 0x91, 0x08, 0x4b, 0x48,
  0x8c, 0x08, 0x8c, 0x08, 0x98, 0x08, 0x8c, 0x08, 0x96, 0x08, 0x8c, 0x08,
  0x52, 0x08, 0x98, 0x08, 0x4b, 0x48, 0x8c, 0x08, 0x8c, 0x08, 0x96, 0x08,
  0x8c, 0x08, 0x8c, 0x08, 0x98, 0x08, 0x8c, 0x08, 0x98, 0x08, 0x4b, 0x48,
  0x8c, 0x08, 0x8c, 0x08, 0x98, 0x08, 0x8c, 0x08, 0x96, 0x08, 0x8c, 0x08,
  0x52, 0x08, 0x98, 0x08, 0x4b, 0x48, 0x8f, 0x08, 0x8f, 0x08, 0x8f, 0x08,
  0x91, 0x08, 0x85, 0x08, 0x85, 0x08, 0x85, 0x08, 0x91, 0x08, 0x4b, 0x48,
  0x59, 0x01, 0x09, 0x07, 0x52, 0x04, 0xc1, 0x08, 0xc0, 0x08, 0xbc, 0x08,
  0xbe, 0x08, 0xba, 0x08, 0xb5, 0x08, 0x4b, 0x48, 0x09, 0x07, 0x52, 0x04,
  0xc1, 0x08, 0xc0, 0x08, 0xbc, 0x08, 0xbe, 0x08, 0xba, 0x08, 0xb5, 0x08,
  0x4b, 0x48, 0x52, 0x04, 0xa4, 0x08, 0xa8, 0x08, 0xa4, 0x08, 0xa8, 0x08,
  0xab, 0x08, 0x52, 0x08, 0x4b, 0x48, 0x52, 0x04, 0xae, 0x04, 0xad, 0x10,
  0xae, 0x10, 0xad, 0x08, 0xab, 0x08, 0xa8, 0x08, 0x4b, 0x48, 0x59, 0x01,
  0x09, 0x07, 0x52, 0x04, 0xc1, 0x08, 0xc0, 0x08, 0xbc, 0x08, 0xbe, 0x08,
  0xba, 0x08, 0xb5, 0x08, 0x4b, 0x48, 0x09, 0x07, 0x52, 0x04, 0xc1, 0x08,
  0xc0, 0x08, 0xbc, 0x08, 0xbe, 0x08, 0xba, 0x08, 0xb5, 0x08, 0x4b, 0x48,
  0x52, 0x04, 0xa4, 0x08, 0xa8, 0x08, 0xa4, 0x08, 0xa8, 0x08, 0xab, 0x08,
  0x52, 0x08, 0x4b, 0x48, 0x52, 0x04, 0xae, 0x08, 0x52, 0x08, 0xad, 0x10,
  0xab, 0x10, 0xa8, 0x08, 0xa9, 0x08, 0xab, 0x08, 0x4b, 0x02, 0xb4, 0x01,
  0x4b, 0x48, 0x54, 0x87, 0x58, 0x00, 0x59, 0x02, 0x0a, 0x0b, 0x8c, 0x08,
  0x98, 0x08, 0x8c, 0x08, 0x98, 0x08, 0x8c, 0x08, 0x98, 0x08, 0x8c, 0x08,
  0x98, 0x08, 0x4b, 0x48, 0x8c, 0x08, 0x98, 0x08, 0x8c, 0x08, 0x98, 0x08,
  0x8c, 0x08, 0x98, 0x08, 0x8c, 0x08, 0x98, 0x08, 0x4b, 0x48, 0x8c, 0x08,
  0x98, 0x08, 0x8c, 0x08, 0x98, 0x08, 0x8c, 0x08, 0x98, 0x08, 0x8c, 0x08,
  0x98, 0x08, 0x4b, 0x48, 0x59, 0x01, 0x58, 0x09, 0x07, 0x98, 0x0a, 0x0d,
  0xab, 0x08, 0xab, 0x08, 0xab, 0x08, 0xab, 0x08, 0x9a, 0x08, 0x9a, 0x08,
  0x9a, 0x08, 0x9a, 0x08, 0x58, 0x00, 0x59, 0x02, 0x0a, 0x0b, 0x4b, 0x48,
  0x07, 0xb8, 0x8c, 0x08, 0x8c, 0x08, 0x59, 0x01, 0x58, 0x09, 0x0a, 0x0d,
  0x07, 0x98, 0xa4, 0x08, 0x58, 0x00, 0x59, 0x01, 0x0a, 0x0b, 0x07, 0xb8,
  0x8c, 0x08, 0x96, 0x08, 0x8c, 0x08, 0x59, 0x01, 0x58, 0x09, 0x0a, 0x0d,
  0x07, 0x98, 0xa4, 0x08, 0x58, 0x00, 0x59, 0x01, 0x07, 0xb8, 0x98, 0x08,
  0x4b, 0x48, 0x0a, 0x0b, 0x8c, 0x08, 0x8c, 0x08, 0x0a, 0x0d, 0x59, 0x01,
  0x58, 0x09, 0x07, 0x98, 0xa4, 0x08, 0x58, 0x00, 0x59, 0x01, 0x0a, 0x0d,
  0x07, 0xb8, 0x98, 0x08, 0x8c, 0x08, 0x98, 0x08, 0x59, 0x01, 0x58, 0x09,
  0x07, 0x98, 0xa4, 0x08, 0x0a, 0x0b, 0x58, 0x00, 0x59, 0x01, 0x07, 0xb8,
  0x98, 0x08, 0x4b, 0x48, 0x8c, 0x08, 0x8c, 0x08, 0x58, 0x09, 0x59, 0x01,
  0x07, 0x98, 0x0a, 0x0d, 0xa4, 0x08, 0x0a, 0x0b, 0x58, 0x00, 0x59, 0x01,
  0x07, 0xb8, 0x8c, 0x08, 0x96, 0x08, 0x8c, 0x08, 0x58, 0x09, 0x0a, 0x0d,
  0x59, 0x01, 0x07, 0x98, 0xa4, 0x08, 0x0a, 0x0b, 0x58, 0x00, 0x59, 0x01,
  0x07, 0xb8, 0x98, 0x08, 0x4b, 0x48, 0x59, 0x01, 0x58, 0x09, 0x07, 0x98,
  0x0a, 0x0d, 0xab, 0x08, 0xab, 0x08, 0xab, 0x08, 0xab, 0x08, 0x9a, 0x08,
  0x9a, 0x08, 0x9a, 0x08, 0x9a, 0x08, 0x58, 0x00, 0x59, 0x02, 0x0a, 0x0b,
  0x4b, 0x48, 0x07, 0xb8, 0x8c, 0x08, 0x8c, 0x08, 0x0a, 0x0d, 0x58, 0x09,
  0x59, 0x01, 0x07, 0x98, 0xa4, 0x08, 0x0a, 0x0b, 0x58, 0x00, 0x59, 0x02,
  0x07, 0xb8, 0x8c, 0x08, 0x96, 0x08, 0x8c, 0x08, 0x0a, 0x0d, 0x58, 0x09,
  0x59, 0x01, 0x07, 0x98, 0xa4, 0x08, 0x0a, 0x0b, 0x58, 0x00, 0x59, 0x02,
  0x07, 0xb8, 0xa4, 0x08, 0x4b, 0x48, 0x0a, 0x0b, 0x07, 0xb8, 0x8c, 0x08,
  0x8c, 0x08, 0x0a, 0x0d, 0x59, 0x01, 0x58, 0x09, 0x07, 0x98, 0xa4, 0x08,
  0x58, 0x00, 0x59, 0x01, 0x0a, 0x0c, 0x07, 0xb8, 0x98, 0x08, 0x8c, 0x08,
  0x98, 0x08, 0x59, 0x01, 0x58, 0x09, 0x07, 0x98, 0xa4, 0x08, 0x0a, 0x0b,
  0x58, 0x00, 0x59, 0x01, 0x07, 0xb8, 0x98, 0x08, 0x4b, 0x48, 0x07, 0xb8,
  0x8c, 0x08, 0x8c, 0x08, 0x58, 0x09, 0x59, 0x01, 0x07, 0x98, 0x0a, 0x0d,
  0xa4, 0x08, 0x0a, 0x0d, 0x58, 0x00, 0x59, 0x01, 0x07, 0xb8, 0x8c, 0x08,
  0x96, 0x08, 0x8c, 0x08, 0x58, 0x09, 0x0a, 0x0d, 0x59, 0x01, 0x07, 0x98,
  0xa4, 0x08, 0x0a, 0x0b, 0x58, 0x00, 0x59, 0x01, 0x07, 0xb8, 0x98, 0x08,
  0x4b, 0x48, 0x59, 0x01, 0x58, 0x09, 0x07, 0x98, 0x0a, 0x0d, 0xab, 0x08,
  0xab, 0x08, 0xab, 0x08, 0xab, 0x08, 0x9a, 0x08, 0x9a, 0x08, 0x9a, 0x08,
  0x9a, 0x08, 0x58, 0x00, 0x59, 0x02, 0x0a, 0x0b, 0x4b, 0x48, 0x07, 0xb8,
  0x8c, 0x08, 0x8c, 0x08, 0x58, 0x09, 0x59, 0x01, 0x0a, 0x0d, 0x59, 0x01,
  0x07, 0x98, 0xa4, 0x08, 0x58, 0x00, 0x59, 0x02, 0x0a, 0x0b, 0x07, 0xb8,
  0x8c, 0x08, 0x96, 0x08, 0x8c, 0x08, 0x58, 0x09, 0x59, 0x01, 0x07, 0x98,
  0xa4, 0x08, 0x58, 0x00, 0x59, 0x02, 0x0a, 0x0b, 0x07, 0xb8, 0x98, 0x08,
  0x4b, 0x48, 0x0a, 0x0b, 0x8c, 0x08, 0x8c, 0x08, 0x0a, 0x0f, 0x59, 0x01,
  0x58, 0x09, 0x07, 0x98, 0xa4, 0x08, 0x58, 0x00, 0x59, 0x01, 0x0a, 0x0c,
  0x07, 0xb8, 0x98, 0x08, 0x8c, 0x08, 0x98, 0x08, 0x59, 0x01, 0x58, 0x09,
  0x07, 0x98, 0xa4, 0x08, 0x0a, 0x0b, 0x58, 0x00, 0x59, 0x01, 0x07, 0xb8,
  0x98, 0x08, 0x4b, 0x48, 0x07, 0xb8, 0x8c, 0x08, 0x8c, 0x08, 0x0a, 0x0d,
  0x58, 0x09, 0x59, 0x01, 0x07, 0x98, 0xa4, 0x08, 0x0a, 0x0b, 0x58, 0x00,
  0x59, 0x02, 0x07, 0xb8, 0x8c, 0x08, 0x96, 0x08, 0x8c, 0x08, 0x0a, 0x0d,
  0x58, 0x09, 0x59, 0x01, 0x07, 0x98, 0xa4, 0x08, 0x0a, 0x0b, 0x58, 0x00,
  0x59, 0x02, 0x07, 0xb8, 0xa4, 0x08, 0x4b, 0x48, 0x07, 0xb8, 0x8f, 0x08,
  0x8f, 0x08, 0x0a, 0x0d, 0x58, 0x09, 0x59, 0x01, 0x07, 0x98, 0xa4, 0x08,
  0x0a, 0x0b, 0x58, 0x00, 0x59, 0x02, 0x07, 0xb8, 0x91, 0x08, 0x85, 0x08,
  0x85, 0x08, 0x0a, 0x0d, 0x58, 0x09, 0x59, 0x01, 0x07, 0x98, 0xa4, 0x08,
  0x0a, 0x0b, 0x58, 0x00, 0x59, 0x02, 0x07, 0xb8, 0x91, 0x08, 0x4b, 0x48,
  0x07, 0xb8, 0x96, 0x04, 0x0a, 0x0d, 0x58, 0x09, 0x59, 0x01, 0x07, 0x98,
  0xa4, 0x08, 0x0a, 0x0b, 0x58, 0x00, 0x59, 0x02, 0x07, 0xb8, 0x96, 0x08,
  0xa0, 0x08, 0x96, 0x08, 0x0a, 0x0d, 0x58, 0x09, 0x59, 0x01, 0x07, 0x98,
  0xa4, 0x08, 0x0a, 0x0b, 0x58, 0x00, 0x59, 0x02, 0x07, 0xb8, 0xa2, 0x08,
  0x4b, 0x48, 0x52, 0x08, 0xa2, 0x08, 0x52, 0x08, 0x0a, 0x0d, 0x58, 0x09,
  0x59, 0x01, 0x07, 0x98, 0xa4, 0x08, 0x0a, 0x0b, 0x58, 0x00, 0x59, 0x02,
  0x07, 0xb8, 0x96, 0x08, 0xa2, 0x08, 0x0a, 0x0d, 0x58, 0x09, 0x59, 0x01,
  0x07, 0x98, 0xa4, 0x08, 0x0a, 0x0b, 0x58, 0x00, 0x59, 0x02, 0x07, 0xb8,
  0x97, 0x08, 0x4b, 0x48, 0x52, 0x08, 0x98, 0x08, 0x0a, 0x0d, 0x58, 0x09,
  0x59, 0x01, 0x07, 0x98, 0xa4, 0x10, 0x0a, 0x0b, 0x58, 0x00, 0x59, 0x02,
  0x07, 0xb8, 0x98, 0x10, 0x98, 0x08, 0xa2, 0x08, 0x98, 0x08, 0x0a, 0x0d,
  0x58, 0x09, 0x59, 0x01, 0x07, 0x98, 0xa4, 0x08, 0x0a, 0x0b, 0x58, 0x00,
  0x59, 0x02, 0x07, 0xb8, 0x96, 0x08, 0x4b, 0x48, 0x95, 0x04, 0x0a, 0x0d,
  0x58, 0x09, 0x59, 0x01, 0x07, 0x98, 0xa4, 0x04, 0x0a, 0x0b, 0x58, 0x00,
  0x59, 0x02, 0x07, 0xb8, 0x90, 0x08, 0x91, 0x08, 0x58, 0x09, 0x59, 0x01,
  0x07, 0x98, 0xa4, 0x08, 0x0a, 0x0b, 0x58, 0x00, 0x59, 0x02, 0x07, 0xb8,
  0x0a, 0x0b, 0x98, 0x08, 0x4b, 0x48, 0x07, 0xb8, 0x96, 0x04, 0x0a, 0x0d,
  0x58, 0x09, 0x59, 0x01, 0x07, 0x98, 0xa4, 0x08, 0x0a, 0x0b, 0x58, 0x00,
  0x59, 0x02, 0x07, 0xb8, 0x96, 0x08, 0xa0, 0x08, 0x96, 0x08, 0x0a, 0x0d,
  0x58, 0x09, 0x59, 0x01, 0x07, 0x98, 0xa4, 0x08, 0x0a, 0x0b, 0x58, 0x00,
  0x59, 0x02, 0x07, 0xb8, 0xa2, 0x08, 0x4b, 0x48, 0x52, 0x08, 0xa2, 0x08,
  0x52, 0x08, 0x0a, 0x0d, 0x58, 0x09, 0x59, 0x01, 0x07, 0x98, 0xa4, 0x08,
  0x0a, 0x0b, 0x58, 0x00, 0x59, 0x02, 0x07, 0xb8, 0x96, 0x08, 0xa2, 0x08,
  0x0a, 0x0d, 0x58, 0x09, 0x59, 0x01, 0x07, 0x98, 0xa4, 0x08, 0x0a, 0x0b,
  0x58, 0x00, 0x59, 0x02, 0x07, 0xb8, 0x97, 0x08, 0x4b, 0x48, 0x52, 0x08,
  0x98, 0x08, 0x0a, 0x0f, 0x58, 0x09, 0x59, 0x01, 0x07, 0x98, 0xa4, 0x10,
  0x0a, 0x0b, 0x58, 0x00, 0x59, 0x02, 0x07, 0xb8, 0x98, 0x10, 0x98, 0x08,
  0xa2, 0x08, 0x98, 0x08, 0x0a, 0x0d, 0x58, 0x09, 0x59, 0x01, 0x07, 0x98,
  0xa4, 0x08, 0x0a, 0x0b, 0x58, 0x00, 0x59, 0x02, 0x07, 0xb8, 0x96, 0x08,
  0x4b, 0x48, 0x95, 0x04, 0x0a, 0x0d, 0x58, 0x09, 0x59, 0x01, 0x07, 0x98,
  0xa4, 0x04, 0x0a, 0x0b, 0x58, 0x00, 0x59, 0x02, 0x07, 0xb8, 0x90, 0x08,
  0x91, 0x08, 0x58, 0x09, 0x59, 0x01, 0x0a, 0x0d, 0x07, 0x98, 0xa4, 0x08,
  0x0a, 0x0b, 0x58, 0x00, 0x59, 0x02, 0x07, 0xb8, 0x8c, 0x08, 0x4b, 0x04,
  0x28, 0x04, 0x4b, 0x48, 0x54, 0xd2, 0x08, 0x00, 0x4b, 0x48, 0x4b, 0x48,
  0x58, 0x01, 0x59, 0x01, 0x08, 0x0b, 0xaa, 0x08, 0xaf, 0x08, 0xb1, 0x08,
  0xb3, 0x08, 0xb4, 0x08, 0xb3, 0x08, 0xb1, 0x08, 0xaf, 0x08, 0xad, 0x08,
  0xac, 0x08, 0xaa, 0x08, 0xa8, 0x08, 0x4b, 0x48, 0xa7, 0x08, 0xa8, 0x08,
  0xaa, 0x08, 0xac, 0x08, 0xaa, 0x08, 0xa8, 0x08, 0xa7, 0x08, 0xa8, 0x08,
  0xa7, 0x08, 0xa5, 0x08, 0x9e, 0x08, 0xa3, 0x08, 0x4b, 0x48, 0xaa, 0x08,
  0xaf, 0x08, 0xb1, 0x08, 0xb3, 0x08, 0xb4, 0x08, 0xb6, 0x08, 0xb4, 0x08,
  0xb3, 0x08, 0xb1, 0x08, 0xaf, 0x08, 0xaa, 0x08, 0xb6, 0x08, 0x4b, 0x48,
  0xb4, 0x08, 0xb3, 0x08, 0xb4, 0x08, 0xb3, 0x08, 0xb4, 0x08, 0xb3, 0x08,
  0xb4, 0x08, 0xb3, 0x08, 0xb1, 0x08, 0xad, 0x08, 0xaa, 0x08, 0xa8, 0x08,
  0x4b, 0x48, 0x58, 0x05, 0x59, 0x02, 0x52, 0x08, 0xaf, 0x08, 0x52, 0x08,
  0xad, 0x82, 0x52, 0x08, 0x4b, 0x48, 0x52, 0x02, 0xac, 0x08, 0xad, 0x08,
  0xac, 0x04, 0xaa, 0x04, 0xa7, 0x04, 0x4b, 0x48, 0x52, 0x08, 0xaf, 0x08,
  0x52, 0x08, 0xad, 0x82, 0x52, 0x08, 0x4b, 0x48, 0x52, 0x02, 0xac, 0x08,
  0xad, 0x08, 0xac, 0x08, 0xaa, 0x08, 0xa8, 0x08, 0xa7, 0x08, 0xa8, 0x08,
  0x92, 0x08, 0x4b, 0x00, 0xac, 0x00, 0x4b, 0x48, 0x54, 0xd2, 0x09, 0x00,
  0x4b, 0x48, 0x4b, 0x48, 0x58, 0x01, 0x59, 0x01, 0x09, 0x06, 0x52, 0x08,
  0xaa, 0x08, 0xaf, 0x08, 0xb1, 0x08, 0xb3, 0x08, 0xb4, 0x08, 0xb3, 0x08,
  0xb1, 0x08, 0xaf, 0x08, 0xad, 0x08, 0xac, 0x08, 0xaa, 0x08, 0x4b, 0x48,
  0x52, 0x08, 0xa7, 0x08, 0xa8, 0x08, 0xaa, 0x08, 0xac, 0x08, 0xaa, 0x08,
  0xa8, 0x08, 0xa7, 0x08, 0xa8, 0x08, 0xa7, 0x08, 0xa5, 0x08, 0x9e, 0x08,
  0x4b, 0x48, 0x52, 0x08, 0xaa, 0x08, 0xaf, 0x08, 0xb1, 0x08, 0xb3, 0x08,
  0xb4, 0x08, 0xb6, 0x08, 0xb4, 0x08, 0xb3, 0x08, 0xb1, 0x08, 0xaf, 0x08,
  0xaa, 0x08, 0x4b, 0x48, 0x52, 0x08, 0xb4, 0x08, 0xb3, 0x08, 0xb4, 0x08,
  0xb3, 0x08, 0xb4, 0x08, 0xb3, 0x08, 0xb4, 0x08, 0xb3, 0x08, 0xb1, 0x08,
  0xad, 0x08, 0xaa, 0x08, 0x4b, 0x48, 0x58, 0x05, 0x59, 0x02, 0x09, 0x0a,
  0x52, 0x08, 0xaa, 0x08, 0x52, 0x08, 0xa8, 0x82, 0x52, 0x08, 0x4b, 0x48,
  0x52, 0x02, 0xa8, 0x08, 0xaa, 0x08, 0xa8, 0x04, 0xa7, 0x04, 0xa3, 0x04,
  0x4b, 0x48, 0x52, 0x08, 0xaa, 0x08, 0x52, 0x08, 0xa8, 0x82, 0x52, 0x08,
  0x4b, 0x48, 0x52, 0x02, 0xa8, 0x08, 0xac, 0x08, 0xa8, 0x08, 0xa7, 0x08,
  0xa5, 0x08, 0xa3, 0x08, 0xa5, 0x08, 0x9b, 0x08, 0x4b, 0x02, 0xae, 0x00,
  0x4b, 0x48, 0x54, 0xd2, 0x07, 0x98, 0x58, 0x00, 0x59, 0x01, 0x0a, 0x0b,
  0x97, 0x08, 0x97, 0x08, 0x97, 0x08, 0x97, 0x04, 0x97, 0x08, 0xa3, 0x04,
  0x97, 0x08, 0xa3, 0x84, 0x4b, 0x48, 0x95, 0x08, 0x95, 0x08, 0x95, 0x08,
  0x95, 0x04, 0x95, 0x08, 0xa1, 0x04, 0x95, 0x08, 0xa1, 0x84, 0x4b, 0x48,
  0x97, 0x08, 0x97, 0x08, 0x97, 0x08, 0x97, 0x04, 0x97, 0x08, 0xa3, 0x04,
  0x97, 0x08, 0xa3, 0x04, 0x4b, 0x48, 0x95, 0x08, 0x95, 0x08, 0x95, 0x08,
  0x95, 0x04, 0x95, 0x08, 0xa1, 0x04, 0x95, 0x08, 0xa1, 0x04, 0x4b, 0x48,
  0x97, 0x08, 0x97, 0x08, 0x97, 0x08, 0x97, 0x04, 0x97, 0x08, 0xa3, 0x04,
  0x97, 0x08, 0xa3, 0x84, 0x4b, 0x48, 0x95, 0x08, 0x95, 0x08, 0x95, 0x08,
  0x95, 0x04, 0x95, 0x08, 0xa1, 0x04, 0x95, 0x08, 0xa1, 0x84, 0x4b, 0x48,
  0x97, 0x08, 0x97, 0x08, 0x97, 0x08, 0x97, 0x04, 0x97, 0x08, 0xa3, 0x04,
  0x97, 0x08, 0xa3, 0x84, 0x4b, 0x48, 0x95, 0x08, 0x95, 0x08, 0x95, 0x08,
  0x95, 0x04, 0x95, 0x08, 0xa1, 0x04, 0x95, 0x08, 0xa1, 0x04, 0x4b, 0x48,
  0x97, 0x08, 0x97, 0x08, 0x97, 0x08, 0x97, 0x04, 0x97, 0x08, 0xa3, 0x04,
  0x97, 0x08, 0xa3, 0x84, 0x4b, 0x48, 0x95, 0x08, 0x95, 0x08, 0x95, 0x08,
  0x95, 0x04, 0x95, 0x08, 0xa1, 0x04, 0x95, 0x08, 0xa1, 0x04, 0x4b, 0x04,
  0x90, 0x00, 0x4b, 0x48, 0x08, 0x00, 0x52, 0x08, 0x4b, 0x00, 0x06, 0x00,
  0x4b, 0x48, 0x09, 0x00, 0x52, 0x08, 0x4b, 0x02, 0x06, 0x00, 0x4b, 0x48,
  0x0a, 0x00, 0x52, 0x08, 0x4b, 0x04, 0x06, 0x00, 0x4b, 0x48, 0x00, 0xff,
  0x00, 0xff, 0x00, 0xff, 0x00, 0xff, 0x00, 0xff, 0x54, 0xcd, 0x58, 0x01,
  0x59, 0x00, 0x08, 0x0c, 0x06, 0x07, 0x8c, 0x04, 0x08, 0x0b, 0x06, 0x07,
  0x8c, 0x10, 0x08, 0x08, 0x06, 0x10, 0x59, 0x01, 0x00, 0x1c, 0x4b, 0x48,
  0xb0, 0x01, 0x52, 0x01, 0x4b, 0x00, 0x04, 0x00, 0x4b, 0x48, 0x54, 0xcd,
  0x58, 0x05, 0x59, 0x01, 0x4d, 0x12, 0x09, 0x50, 0x91, 0x04, 0x4b, 0x48,
  0x52, 0x01, 0x4b, 0x02, 0x04, 0x00, 0x4b, 0x48, 0x54, 0xcd, 0x58, 0x00,
  0x59, 0x01, 0x4d, 0x05, 0x0a, 0x04, 0x58, 0x01, 0x9f, 0x04, 0x4b, 0x48,
  0x52, 0x01, 0x4b, 0x04, 0x04, 0x00, 0x4b, 0x48, 0x93, 0x10, 0x52, 0x10,
  0x95, 0x10, 0x93, 0x10, 0x91, 0x10, 0x4b, 0x48, 0x54, 0xcd, 0x58, 0x01,
  0x59, 0x01, 0x4d, 0x01, 0x08, 0x0f, 0x06, 0x14, 0x8c, 0x12, 0x4b, 0x48,
  0x52, 0x1b, 0x4b, 0x00, 0x04, 0x00, 0x4b, 0x48, 0x54, 0xcd, 0x58, 0x09,
  0x59, 0x01, 0x4d, 0x12, 0x09, 0x00, 0x9d, 0x10, 0x4b, 0x48, 0x52, 0x01,
  0x4b, 0x02, 0x04, 0x00, 0x4b, 0x48, 0x54, 0xcd, 0x58, 0x00, 0x59, 0x01,
  0x4d, 0x06, 0x0a, 0x04, 0x58, 0x01, 0xab, 0x10, 0x0a, 0x00, 0xa4, 0x10,
  0x4b, 0x48, 0x52, 0x01, 0x4b, 0x04, 0x04, 0x00, 0x4b, 0x48, 0xa6, 0x10,
  0xa1, 0x10, 0x9f, 0x10, 0x54, 0x69, 0x58, 0x01, 0x59, 0x00, 0x4d, 0x0d,
  0x08, 0x06, 0x8c, 0x10, 0x8c, 0x10, 0x8c, 0x10, 0x8c, 0x10, 0x4b, 0x00,
  0x0a, 0x00, 0x4b, 0x48, 0x54, 0x69, 0x58, 0x09, 0x59, 0x01, 0x4d, 0x12,
  0x09, 0x04, 0x9d, 0x10, 0x9d, 0x10, 0x9d, 0x10, 0x9d, 0x10, 0x4b, 0x02,
  0x0a, 0x00, 0x4b, 0x48, 0x54, 0x69, 0x58, 0x00, 0x59, 0x01, 0x4d, 0x06,
  0x0a, 0x05, 0x9f, 0x10, 0x98, 0x10, 0x98, 0x10, 0x98, 0x10, 0x4b, 0x04,
  0x0a, 0x00, 0x4b, 0x48, 0xab, 0x10, 0xab, 0x10, 0xab, 0x10, 0x4b, 0x48,
  0x54, 0x41, 0x58, 0x09, 0x59, 0x01, 0x4e, 0x00, 0x4d, 0x00, 0x08, 0x0f,
  0x8c, 0x01, 0x4b, 0x48, 0x08, 0x00, 0x52, 0x01, 0x4b, 0x00, 0x04, 0x00,
  0x4b, 0x48, 0x54, 0x41, 0x58, 0x05, 0x59, 0x01, 0x4e, 0x01, 0x4d, 0x02,
  0x09, 0x0e, 0x9a, 0x01, 0x4b, 0x48, 0x09, 0x00, 0x52, 0x01, 0x4b, 0x02,
  0x04, 0x00, 0x4b, 0x48, 0x54, 0x41, 0x58, 0x01, 0x4e, 0x03, 0x59, 0x01,
  0x4d, 0x03, 0x0a, 0x0f, 0x98, 0x01, 0x4b, 0x48, 0x0a, 0x00, 0x52, 0x01,
  0x4b, 0x04, 0x04, 0x00, 0x4b, 0x48, 0x03, 0x32, 0x54, 0x41, 0x58, 0x09,
  0x59, 0x00, 0x4e, 0x00, 0x4d, 0x00, 0x08, 0x07, 0x8e, 0x01, 0x4b, 0x00,
  0x04, 0x00, 0x4b, 0x48, 0x08, 0x00, 0x52, 0x01, 0x4b, 0x00, 0x04, 0x00,
  0x4b, 0x48, 0x54, 0x41, 0x58, 0x05, 0x59, 0x00, 0x4e, 0x03, 0x4d, 0x06,
  0x09, 0x08, 0x8e, 0x01, 0x4b, 0x02, 0x04, 0x00, 0x4b, 0x48, 0x09, 0x00,
  0x52, 0x01, 0x4b, 0x02, 0x04, 0x00, 0x4b, 0x48, 0x54, 0x41, 0x58, 0x01,
  0x4e, 0x02, 0x59, 0x00, 0x4d, 0x03, 0x0a, 0x07, 0x8e, 0x01, 0x4b, 0x04,
  0x04, 0x00, 0x4b, 0x48, 0x0a, 0x00, 0x52, 0x01, 0x4b, 0x04, 0x04, 0x00,
  0x4b, 0x48, 0xfd, 0xf3, 0x3d, 0x3d, 0x32, 0xfd, 0x54, 0xff, 0x58, 0x01,
  0x59, 0x01, 0x08, 0x0c, 0x06, 0x17, 0xb0, 0x04, 0x08, 0x0b, 0x06, 0x13,
  0xb2, 0x10, 0x08, 0x08, 0x06, 0x10, 0x59, 0x01, 0x06, 0x13, 0x84, 0x10,
  0x4b, 0x48, 0xb0, 0x01, 0x52, 0x01, 0x4b, 0x00, 0x04, 0x00, 0x4b, 0x48,
  0x54, 0xff, 0x58, 0x05, 0x59, 0x01, 0x4d, 0x12, 0x09, 0x50, 0x91, 0x01,
  0x4b, 0x48, 0x52, 0x01, 0x4b, 0x02, 0x04, 0x00, 0x4b, 0x48, 0x54, 0xff,
  0x58, 0x00, 0x59, 0x01, 0x4d, 0x05, 0x0a, 0x04, 0x58, 0x01, 0x93, 0x01,
  0x4b, 0x48, 0x52, 0x01, 0x4b, 0x04, 0x04, 0x00, 0x4b, 0x48, 0x4b, 0x48,
  0x54, 0x73, 0x08, 0x0d, 0x58, 0x01, 0x59, 0x01, 0x8e, 0x10, 0x8e, 0x10,
  0x91, 0x10, 0x93, 0x10, 0x52, 0x10, 0x95, 0x10, 0x93, 0x10, 0x91, 0x10,
  0x8e, 0x10, 0x8e, 0x10, 0x91, 0x10, 0x93, 0x10, 0x52, 0x10, 0x95, 0x10,
  0x93, 0x10, 0x91, 0x10, 0x4b, 0x48, 0x8c, 0x10, 0x8c, 0x10, 0x90, 0x10,
  0x91, 0x10, 0x52, 0x10, 0x93, 0x10, 0x91, 0x10, 0x90, 0x10, 0x91, 0x10,
  0x90, 0x10, 0x52, 0x10, 0x59, 0x00, 0x08, 0x0a, 0x8e, 0x10, 0x8e, 0x04,
  0x52, 0x04, 0x4b, 0x00, 0x04, 0x00, 0x4b, 0x48, 0x4b, 0x48, 0x54, 0x73,
  0x09, 0x0d, 0x58, 0x01, 0x59, 0x01, 0x9d, 0x10, 0x9d, 0x10, 0xa6, 0x10,
  0xa1, 0x10, 0x9f, 0x10, 0xa1, 0x10, 0x9f, 0x10, 0x9d, 0x10, 0x9d, 0x10,
  0x9d, 0x10, 0xa6, 0x10, 0xa1, 0x10, 0x9f, 0x10, 0xa1, 0x10, 0x9f, 0x10,
  0x9d, 0x10, 0x4b, 0x48, 0x9c, 0x10, 0x9c, 0x10, 0xa4, 0x10, 0x9f, 0x10,
  0x9d, 0x10, 0x9f, 0x10, 0xa1, 0x10, 0xa4, 0x10, 0xa6, 0x10, 0xa4, 0x10,
  0x52, 0x10, 0x59, 0x00, 0x09, 0x0a, 0xa1, 0x10, 0xa1, 0x04, 0x52, 0x04,
  0x4b, 0x02, 0x04, 0x00, 0x4b, 0x48, 0x54, 0x73, 0x0a, 0x0e, 0x59, 0x01,
  0x58, 0x09, 0x07, 0x98, 0x52, 0x02, 0x52, 0x10, 0xab, 0x20, 0xab, 0x20,
  0xab, 0x10, 0xab, 0x10, 0xab, 0x10, 0xab, 0x10, 0xab, 0x10, 0xab, 0x10,
  0x4b, 0x48, 0x07, 0x98, 0x52, 0x08, 0xab, 0x08, 0x52, 0x08, 0xab, 0x08,
  0x52, 0x08, 0xab, 0x08, 0x52, 0x08, 0xab, 0x08, 0x4b, 0x48, 0x52, 0x08,
  0xab, 0x08, 0x52, 0x08, 0xab, 0x08, 0xab, 0x10, 0xab, 0x10, 0x52, 0x10,
  0xab, 0x08, 0x52, 0x10, 0xab, 0x20, 0xab, 0x20, 0xab, 0x04, 0x0a, 0x00,
  0x52, 0x04, 0x4b, 0x04, 0x04, 0x00, 0x4b, 0x48, 0x21, 0xc4, 0xe3, 0x35,
  0xc0, 0x3e, 0x02, 0x32, 0xc4, 0xe3, 0xcd, 0x00, 0x8e, 0x3a, 0x51, 0xe3,
  0x47, 0x3e, 0x10, 0x90, 0xf5, 0xfe, 0x10, 0x28, 0x1e, 0x5f, 0x16, 0x00,
  0x21, 0x52, 0xe3, 0x19, 0x11, 0xd8, 0x02, 0x48, 0x06, 0x00, 0xc5, 0xe5,
  0xcd, 0x68, 0x8d, 0xd1, 0x21, 0x10, 0x00, 0x19, 0x11, 0xd8, 0x22, 0xc1,
  0xcd, 0x68, 0x8d, 0x3a, 0x51, 0xe3, 0x5f, 0x16, 0x00, 0x21, 0xd8, 0x02,
  0x19, 0xeb, 0xf1, 0x4f, 0x06, 0x00, 0x21, 0x52, 0xe3, 0xc5, 0xd5, 0xcd,
  0x68, 0x8d, 0xd1, 0x21, 0x00, 0x20, 0x19, 0xeb, 0x21, 0x62, 0xe3, 0xc1,
  0xcd, 0x68, 0x8d, 0x3a, 0x51, 0xe3, 0x3c, 0xfe, 0x10, 0x38, 0x01, 0xaf,
  0x32, 0x51, 0xe3, 0xc9, 0xe5, 0xc5, 0xd5, 0xcd, 0x0c, 0x90, 0xd1, 0x21,
  0x00, 0x08, 0x19, 0xeb, 0xc1, 0xe1, 0xe5, 0xc5, 0xd5, 0xcd, 0x0c, 0x90,
  0xd1, 0x21, 0x00, 0x08, 0x19, 0xeb, 0xc1, 0xe1, 0xcd, 0x0c, 0x90, 0xc9,
  0x3a, 0x8f, 0xe1, 0x21, 0x20, 0x41, 0x4e, 0x44, 0x20, 0x30, 0x43, 0x48,
  0x00, 0x27, 0x8d, 0x5a, 0x2a, 0x3a, 0x8f, 0xe6, 0x20, 0x20, 0x4a, 0x52,
  0x20, 0x4e, 0x5a, 0x2c, 0x52, 0x43, 0x00, 0xb9, 0xad, 0x64, 0x0a, 0x3a,
  0x8f, 0xe6, 0x20, 0x20, 0x4c, 0x6c, 0x20, 0x41, 0x2c, 0x30, 0x45, 0x48,
  0x00, 0xea, 0x8d, 0x6e, 0x0a, 0x3a, 0x8f, 0xef, 0x20, 0x20, 0x41, 0x4e,
  0x44, 0x20, 0x32, 0x43, 0x09, 0x00, 0x5a, 0x8d, 0x78, 0x0a, 0x3a, 0x8f,
  0xe6, 0x26, 0x20, 0x4c, 0x44, 0x20, 0x43, 0x2c, 0x43, 0x00, 0xe9, 0x8d,
  0x8f, 0x0a, 0x3a, 0x8f, 0xe6, 0x20, 0x20, 0x49, 0x4e, 0xc3, 0x20, 0x4c,
  0x00, 0xfd, 0x8d, 0x8c, 0x0a, 0x3a, 0x8f, 0xe6, 0x20, 0x20, 0x43, 0x41,
  0x4c, 0x4c, 0x20, 0x49, 0x4e, 0x4c, 0x4f, 0x43, 0x00, 0x0f, 0x8e, 0x96,
  0x3a, 0x51, 0xe3, 0x47, 0x3e, 0x10, 0x90, 0xf5, 0xfe, 0x10, 0x28, 0x1e,
  0x5f, 0x16, 0x00, 0x21, 0x72, 0xe3, 0x19, 0x11, 0xe8, 0x02, 0x48, 0x06,
  0x00, 0xc5, 0xe5, 0xcd, 0x4f, 0x8e, 0xd1, 0x21, 0x10, 0x00, 0x19, 0x11,
  0xe8, 0x22, 0xc1, 0xcd, 0x4f, 0x8e, 0x3a, 0x51, 0xe3, 0x5f, 0x16, 0x00,
  0x21, 0xe8, 0x02, 0x19, 0xeb, 0xf1, 0x4f, 0x06, 0x00, 0x21, 0x72, 0xe3,
  0xc5, 0xd5, 0xcd, 0x4f, 0x8e, 0xd1, 0x21, 0x00, 0x20, 0x19, 0xeb, 0x21,
  0x82, 0xe3, 0xc1, 0xcd, 0x4f, 0x8e, 0xc9, 0xe5, 0xc5, 0xd5, 0xcd, 0x0c,
  0x90, 0xd1, 0x21, 0x00, 0x08, 0x19, 0xeb, 0xc1, 0xe1, 0xe5, 0xc5, 0xd5,
  0xcd, 0x0c, 0x90, 0xd1, 0x21, 0x00, 0x08, 0x19, 0xeb, 0xc1, 0xe1, 0xcd,
  0x0c, 0x90, 0xc9, 0xff, 0x20, 0x20, 0x49, 0x4e, 0x43, 0x20, 0x48, 0x00,
  0xd7, 0xae, 0xdc, 0x0a, 0x3a, 0x8f, 0xe6, 0x20, 0x2b, 0x64, 0x4f, 0x43,
  0x20, 0x4c, 0x00, 0x9b, 0x8e, 0xe6, 0x05, 0x3f, 0x8f, 0xe6, 0x20, 0x60,
  0x43, 0x41, 0x4c, 0x4c, 0x20, 0x49, 0x4e, 0x4c, 0x6f, 0x43, 0x00, 0xac,
  0x8e, 0xf0, 0x0a, 0x3a, 0x8f, 0xe6, 0x20, 0x20, 0x43, 0x50, 0x20, 0x30,
  0x38, 0x30, 0x48, 0x00, 0xc2, 0x8e, 0xfa, 0x0a, 0x3a, 0xaf, 0xe6, 0x20,
  0x20, 0x4a, 0x52, 0x20, 0x43, 0x2c, 0x53, 0x45, 0x4c, 0x46, 0x50, 0x5f,
  0x54, 0x00, 0xd3, 0x8e, 0x04, 0x0b, 0x3a, 0x8f, 0xa6, 0x22, 0x20, 0x41,
  0x4e, 0x44, 0x20, 0x30, 0x41, 0x49, 0x00, 0xea, 0x8e, 0x0e, 0x0b, 0x3a,
  0x8f, 0xe6, 0x20, 0x20, 0x4f, 0x52, 0x20, 0x4e, 0x5a, 0x2c, 0x53, 0x45,
  0x4c, 0x4e, 0x50, 0x55, 0x54, 0x00, 0xfc, 0x8e, 0x18, 0x0b, 0x3a, 0x8f,
  0xe6, 0x20, 0x20, 0x4c, 0x44, 0x24, 0x41, 0x2c, 0x30, 0x41, 0x48, 0x00,
  0x0b, 0x8f, 0x22, 0x0b, 0x1e, 0x8f, 0xcd, 0x2c, 0x8f, 0x57, 0xcd, 0x3a,
  0x8f, 0xb2, 0x57, 0xcb, 0x67, 0x20, 0x0c, 0x21, 0xe0, 0xe1, 0x36, 0x00,
  0x21, 0x00, 0xe0, 0x77, 0x23, 0x77, 0xc9, 0x21, 0xe0, 0xe1, 0x34, 0x57,
  0x3a, 0xe0, 0xe1, 0xfe, 0x06, 0x7a, 0x38, 0xec, 0xcb, 0xa7, 0x18, 0xe8,
  0x3e, 0x0f, 0xcd, 0x15, 0x90, 0x3e, 0x0e, 0xcd, 0x18, 0x90, 0x2f, 0xe6,
  0x3f, 0xc9, 0x3e, 0x08, 0xcd, 0x12, 0x90, 0x06, 0x00, 0xcb, 0x6f, 0x20,
  0x02, 0xcb, 0xc0, 0xcb, 0x77, 0x20, 0x02, 0xcb, 0xc8, 0xcb, 0x67, 0x20,
  0x02, 0xcb, 0xd0, 0xcb, 0x7f, 0x20, 0x02, 0xcb, 0xd8, 0xcb, 0x47, 0x20,
  0x02, 0xcb, 0xe0, 0xc5, 0x3e, 0x06, 0xcd, 0x12, 0x90, 0xc1, 0xcb, 0x57,
  0x20, 0x02, 0xcb, 0xe8, 0xcb, 0x5f, 0x20, 0x02, 0xcb, 0xe0, 0x78, 0xc9,
  0x90, 0xc1, 0xcb, 0x57, 0x20, 0x02, 0xcb, 0xe8, 0xcb, 0x5f, 0x20, 0x02,
  0x1e, 0xcf, 0xcd, 0xac, 0x8f, 0x57, 0xcd, 0xba, 0x8f, 0xb2, 0x57, 0xcb,
  0x67, 0x20, 0x0c, 0x21, 0xe1, 0xe1, 0x36, 0x00, 0x32, 0x00, 0xe2, 0x32,
  0x01, 0xe2, 0xc9, 0x21, 0xe1, 0xe1, 0x34, 0x57, 0x3a, 0xe1, 0xe1, 0xfe,
  0x06, 0x7a, 0x38, 0xec, 0xcb, 0xa7, 0x18, 0xe8, 0x3e, 0x0f, 0xcd, 0x15,
  0x90, 0x3e, 0x0e, 0xcd, 0x18, 0x90, 0x2f, 0xe6, 0x3f, 0xc9, 0x3e, 0x03,
  0xcd, 0x12, 0x90, 0x06, 0x00, 0xcb, 0x57, 0x20, 0x02, 0xcb, 0xc0, 0xcb,
  0x5f, 0x20, 0x02, 0xcb, 0xd8, 0x3e, 0x05, 0xcd, 0x12, 0x90, 0xcb, 0x6f,
  0x20, 0x02, 0xcb, 0xc8, 0x3e, 0x05, 0xcd, 0x12, 0x90, 0xcb, 0x47, 0x20,
  0x02, 0xcb, 0xd0, 0xc5, 0x3e, 0x06, 0xcd, 0x12, 0x90, 0xc1, 0xcb, 0x4f,
  0x20, 0x02, 0xcb, 0xe8, 0xcb, 0x47, 0x20, 0x02, 0xcb, 0xe0, 0x78, 0xc9,
  0xaa, 0xdd, 0x8a, 0x55, 0x57, 0x11, 0xaa, 0xdd, 0xc3, 0x1b, 0x90, 0xc3,
  0x45, 0x90, 0xc3, 0x62, 0x90, 0xc3, 0x73, 0x90, 0xc3, 0x80, 0x90, 0xc3,
  0x9a, 0x90, 0xc3, 0xb2, 0x90, 0xc3, 0xbe, 0x90, 0xc3, 0xc7, 0x90, 0xf5,
  0xe5, 0xc5, 0xd5, 0x04, 0x21, 0xfe, 0x1a, 0x11, 0x04, 0x00, 0x19, 0x10,
  0xfd, 0xcb, 0x27, 0xcb, 0x27, 0xcd, 0x62, 0x90, 0x23, 0x79, 0xcd, 0x62,
  0x90, 0x2b, 0x2b, 0xd1, 0x7a, 0xcd, 0x62, 0x90, 0x2b, 0x7b, 0xcd, 0x62,
  0x90, 0xc1, 0xe1, 0xf1, 0xc9, 0xc5, 0xf5, 0xd5, 0xe5, 0x3c, 0x47, 0x21,
  0xe0, 0x37, 0x11, 0x20, 0x00, 0x19, 0x10, 0xfd, 0xd1, 0xd5, 0xeb, 0x01,
  0x20, 0x00, 0xcd, 0x80, 0x90, 0xe1, 0xd1, 0xf1, 0xc1, 0xc9, 0xf3, 0xf5,
  0x7d, 0xd3, 0x99, 0x7c, 0xc6, 0x40, 0xd3, 0x99, 0xe3, 0xe3, 0xf1, 0xd3,
  0x98, 0xfb, 0xc9, 0xf3, 0x7d, 0xd3, 0x99, 0x7c, 0xd3, 0x99, 0xe3, 0xe3,
  0xdb, 0x98, 0xfb, 0xc9, 0xf3, 0x7b, 0xd3, 0x99, 0x7a, 0xc6, 0x40, 0xd3,
  0x99, 0xe3, 0xe3, 0xe5, 0xc5, 0x7e, 0xd3, 0x98, 0x23, 0x0b, 0x78, 0xb1,
  0x20, 0xf7, 0xc1, 0xe1, 0xfb, 0xc9, 0xf3, 0x7d, 0xd3, 0x99, 0x7c, 0xd3,
  0x99, 0xe3, 0xe3, 0xd5, 0xc5, 0xdb, 0x98, 0x12, 0x13, 0x0b, 0x78, 0xb1,
  0x10, 0xf7, 0xc1, 0xd1, 0xfb, 0xc9, 0x4f, 0xf3, 0xdb, 0xaa, 0xe6, 0xf0,
  0x81, 0xd3, 0xaa, 0xdb, 0xa9, 0xc9, 0xf3, 0xd3, 0xa0, 0xf5, 0x7b, 0xd3,
  0xa1, 0xf1, 0xc9, 0x3e, 0x0e, 0xd3, 0xa0, 0xdb, 0xa2, 0xc9, 0x00, 0x00,
  0x30, 0x1d, 0x16, 0x0c, 0x31, 0x1e, 0x17, 0x02, 0x32, 0x1e, 0x12, 0x04,
  0x33, 0x17, 0x00, 0x17, 0x34, 0x17, 0x00, 0x18, 0x35, 0x0e, 0x00, 0x18,
  0x36, 0x1e, 0x18, 0x06, 0x37, 0x3c, 0x00, 0x00, 0x38, 0x1d, 0x0b, 0x0c,
  0x39, 0x02, 0x09, 0x17, 0x3a, 0x1e, 0x04, 0x12, 0x3b, 0x0e, 0x00, 0x17,
  0xc3, 0x06, 0x91, 0xc3, 0x71, 0x91, 0x3a, 0x92, 0xe1, 0x21, 0x3f, 0x91,
  0x11, 0x02, 0x00, 0x47, 0x19, 0x10, 0xfd, 0x5e, 0x23, 0x56, 0x3a, 0x94,
  0xe1, 0x6f, 0x3a, 0x93, 0xe1, 0x67, 0x1a, 0xfe, 0x01, 0x28, 0x12, 0xb7,
  0x28, 0x0b, 0x4f, 0x3a, 0xdf, 0xe1, 0xb7, 0x20, 0x04, 0x79, 0xcd, 0x55,
  0x91, 0x24, 0x13, 0x18, 0xe9, 0x2c, 0x3a, 0x93, 0xe1, 0x67, 0x13, 0x1a,
  0xfe, 0xff, 0x20, 0xde, 0xc9, 0x00, 0x92, 0x0d, 0x92, 0x1a, 0x92, 0x27,
  0x92, 0x37, 0x92, 0x47, 0x92, 0x54, 0x92, 0x61, 0x92, 0x71, 0x92, 0x7e,
  0x92, 0xc5, 0xe5, 0xd5, 0xf5, 0x7d, 0x4c, 0x21, 0x20, 0xe7, 0x47, 0xb7,
  0x28, 0x06, 0x11, 0x20, 0x00, 0x19, 0x10, 0xfd, 0x06, 0x00, 0x09, 0xf1,
  0x77, 0xd1, 0xe1, 0xc1, 0xc9, 0x21, 0x20, 0xe7, 0x06, 0x18, 0x11, 0x30,
  0x18, 0xc5, 0xd5, 0xe5, 0x01, 0x10, 0x00, 0xcd, 0x5c, 0x00, 0xe1, 0x11,
  0x20, 0x00, 0x19, 0xeb, 0xe1, 0x01, 0x20, 0x00, 0x09, 0xeb, 0xc1, 0x10,
  0xe8, 0xc9, 0x13, 0x05, 0x61, 0x1e, 0x13, 0x0b, 0x62, 0x1e, 0x13, 0x0f,
  0x63, 0x1e, 0x13, 0x10, 0x64, 0x1e, 0x13, 0x13, 0x65, 0x1e, 0x13, 0x15,
  0x66, 0x1e, 0x13, 0x18, 0x67, 0x1e, 0x13, 0x04, 0x68, 0x1e, 0x15, 0x05,
  0x69, 0x1e, 0x15, 0x0b, 0x6a, 0x1e, 0x15, 0x0f, 0x6b, 0x1e, 0x15, 0x10,
  0x6c, 0x1e, 0x15, 0x13, 0x6d, 0x1e, 0x15, 0x15, 0x6e, 0x1e, 0x15, 0x18,
  0x6f, 0x1e, 0x15, 0x04, 0x70, 0x1e, 0x18, 0x05, 0x71, 0x1e, 0x18, 0x0b,
  0x72, 0x1e, 0x18, 0x0f, 0x73, 0x1e, 0x18, 0x10, 0x74, 0x1e, 0x18, 0x13,
  0x75, 0x1e, 0x18, 0x15, 0x76, 0x14, 0x00, 0x00, 0x77, 0x1e, 0x18, 0x04,
  0x78, 0x1e, 0x04, 0x05, 0x79, 0x1e, 0x04, 0x0b, 0x7a, 0x1e, 0x04, 0x0f,
  0x7b, 0x1e, 0x04, 0x10, 0x93, 0x89, 0x8d, 0x01, 0x86, 0x00, 0x00, 0x01,
  0x8e, 0x00, 0x00, 0x01, 0xff, 0x8b, 0x89, 0xa5, 0x01, 0x00, 0x00, 0x86,
  0x01, 0x00, 0x00, 0x8e, 0x01, 0xff, 0x8b, 0xb1, 0x8d, 0x01, 0x00, 0x86,
  0x00, 0x01, 0x00, 0x8e, 0x00, 0x01, 0xff, 0x8b, 0xa5, 0x01, 0x00, 0x86,
  0x01, 0x00, 0x86, 0x01, 0x00, 0x86, 0x01, 0x00, 0x8e, 0x01, 0xff, 0x93,
  0x8d, 0x01, 0x86, 0x00, 0x01, 0x86, 0x00, 0x01, 0x86, 0x00, 0x01, 0x8e,
  0x00, 0x01, 0xff, 0x93, 0x89, 0x89, 0x89, 0x8d, 0x01, 0x8e, 0x00, 0x00,
  0x00, 0x00, 0x01, 0xff, 0x8b, 0x89, 0x89, 0x89, 0xa5, 0x01, 0x00, 0x00,
  0x00, 0x00, 0x8e, 0x01, 0xff, 0x93, 0x89, 0x89, 0xa5, 0x01, 0x86, 0x00,
  0x00, 0x86, 0x01, 0x8e, 0x00, 0x00, 0x8e, 0x01, 0xff, 0x8b, 0x89, 0xb1,
  0x89, 0x8d, 0x01, 0x00, 0x00, 0x8e, 0x00, 0x00, 0x01, 0xff, 0x8b, 0x89,
  0x89, 0x8d, 0x01, 0xff, 0x09, 0xeb, 0xc1, 0x10, 0xe8, 0xc9, 0x04, 0x18,
  0x9f, 0x3b, 0x04, 0x04, 0xa0, 0x03, 0x00, 0x05, 0xa1, 0x03, 0x00, 0x0b,
  0xa2, 0x03, 0x00, 0x0f, 0xa3, 0x03, 0x00, 0x10, 0xa4, 0x03, 0x00, 0x13,
  0xa5, 0x03, 0x00, 0x15, 0xa6, 0x03, 0x00, 0x18, 0xa7, 0x03, 0x00, 0x04,
  0xa8, 0x42, 0x00, 0x05, 0xa9, 0x42, 0x00, 0x0b, 0xaa, 0x42, 0x00, 0x0f,
  0xab, 0x42, 0x00, 0x10, 0xac, 0x42, 0x00, 0x13, 0xad, 0x42, 0x00, 0x15,
  0xae, 0x42, 0x00, 0x18, 0xaf, 0x42, 0x00, 0x04, 0xb0, 0x26, 0x00, 0x05,
  0xb1, 0x26, 0x00, 0x0b, 0xb2, 0x26, 0x00, 0x0f, 0xb3, 0x26, 0x00, 0x10,
  0xb4, 0x26, 0x00, 0x13, 0xb5, 0x26, 0x00, 0x15, 0xb6, 0x26, 0x00, 0x18,
  0xb7, 0x26, 0x00, 0x04, 0xb8, 0x07, 0x00, 0x05, 0xb9, 0x07, 0x00, 0x0b,
  0xba, 0x07, 0x00, 0x0f, 0xbb, 0x07, 0x00, 0x10, 0xc3, 0x06, 0x93, 0xc3,
  0x6b, 0x93, 0x3a, 0x95, 0xe1, 0x21, 0x37, 0x93, 0x11, 0x02, 0x00, 0x47,
  0x19, 0x10, 0xfd, 0x5e, 0x23, 0x56, 0x3a, 0x97, 0xe1, 0x6f, 0x3a, 0x96,
  0xe1, 0x67, 0x1a, 0xfe, 0x01, 0x28, 0x0a, 0xb7, 0x28, 0x03, 0xcd, 0x4d,
  0x93, 0x24, 0x13, 0x18, 0xf1, 0x2c, 0x3a, 0x96, 0xe1, 0x67, 0x13, 0x1a,
  0xfe, 0xff, 0x20, 0xe6, 0xc9, 0x00, 0x92, 0x0d, 0x92, 0x1a, 0x92, 0x27,
  0x92, 0x37, 0x92, 0x47, 0x92, 0x54, 0x92, 0x61, 0x92, 0x71, 0x92, 0x7e,
  0x92, 0xc5, 0xe5, 0xd5, 0xf5, 0x7d, 0x4c, 0x21, 0x00, 0x18, 0x47, 0xb7,
  0x28, 0x06, 0x11, 0x20, 0x00, 0x19, 0x10, 0xfd, 0x06, 0x00, 0x09, 0xf1,
  0xcd, 0x4d, 0x00, 0xd1, 0xe1, 0xc1, 0xc9, 0x3e, 0xff, 0x32, 0x08, 0xe0,
  0x3a, 0xdf, 0xe1, 0xb7, 0x28, 0x06, 0x3e, 0x1a, 0x32, 0x08, 0xe0, 0xc9,
  0x2a, 0x98, 0xe1, 0x7e, 0xfe, 0xff, 0x28, 0x28, 0x32, 0x92, 0xe1, 0x23,
  0x3a, 0x82, 0xfc, 0xfe, 0x04, 0x7e, 0x20, 0x01, 0x3c, 0x32, 0x93, 0xe1,
  0x23, 0x7e, 0x32, 0x94, 0xe1, 0x5f, 0x3a, 0x08, 0xe0, 0xbb, 0x38, 0x04,
  0x7b, 0x32, 0x08, 0xe0, 0x23, 0xe5, 0xcd, 0x00, 0x91, 0xe1, 0x18, 0xd3,
  0x3a, 0x08, 0xe0, 0x4f, 0x3e, 0x1a, 0x91, 0x32, 0x08, 0xe0, 0xc9, 0x6e,
  0x02, 0x2d, 0xcd, 0x3f, 0x94, 0xfe, 0x7d, 0x38, 0x64, 0xfe, 0x80, 0x30,
  0x05, 0xdd, 0x36, 0x00, 0x00, 0xc9, 0x25, 0xcd, 0x3f, 0x94, 0xfe, 0x80,
  0x38, 0x12, 0xe6, 0x0c, 0x20, 0x0e, 0x3e, 0x0e, 0xe6, 0x0c, 0x4f, 0x2c,
  0xcd, 0x3f, 0x94, 0xe6, 0xfb, 0xcd, 0x59, 0x94, 0xdd, 0x66, 0x01, 0xdd,
  0x6e, 0x02, 0x24, 0x2d, 0xcd, 0x3f, 0x94, 0xfe, 0x80, 0x38, 0x11, 0xe6,
  0x0a, 0x20, 0x0d, 0x3e, 0x0a, 0xa1, 0x4f, 0x2c, 0xcd, 0x3f, 0x94, 0xe6,
  0xc3, 0x12, 0x94, 0x21, 0x50, 0xe1, 0x35, 0xc0, 0x36, 0x03, 0xaf, 0xcd,
  0x15, 0x95, 0xcd, 0x3c, 0x94, 0xc9, 0x00, 0x00, 0x00, 0x00, 0x00, 0x00,
  0xcd, 0x19, 0x95, 0x21, 0x0b, 0x95, 0x11, 0xd3, 0xe0, 0x01, 0x04, 0x00,
  0xed, 0xb0, 0x21, 0x73, 0xe0, 0xaf, 0x77, 0x11, 0x74, 0xe0, 0x01, 0x5f,
  0x00, 0xed, 0xb0, 0x3c, 0x21, 0x70, 0xe0, 0x77, 0x23, 0x77, 0x23, 0x77,
  0xdd, 0x21, 0xf7, 0x94, 0x21, 0xd3, 0xe0, 0x06, 0x01, 0xcd, 0xca, 0x94,
  0x3a, 0x70, 0xe0, 0x3d, 0x32, 0x70, 0xe0, 0x20, 0x11, 0xdd, 0x21, 0xf9,
  0x94, 0x21, 0xd4, 0xe0, 0x06, 0x01, 0xcd, 0xca, 0x94, 0x3e, 0x02, 0x32,
  0x70, 0xe0, 0x3a, 0x71, 0xe0, 0x3d, 0x32, 0x71, 0xe0, 0x20, 0x11, 0xdd,
  0x21, 0xfb, 0x94, 0x21, 0xd5, 0xe0, 0x06, 0x01, 0xcd, 0xca, 0x94, 0x3e,
  0x03, 0x32, 0x71, 0xe0, 0x3a, 0x72, 0xe0, 0x3d, 0x32, 0x72, 0xe0, 0x20,
  0x11, 0xdd, 0x21, 0xfd, 0x94, 0x21, 0xd6, 0xe0, 0x06, 0x01, 0xcd, 0xca,
  0x94, 0x3e, 0x05, 0x32, 0x72, 0xe0, 0x21, 0x73, 0xe0, 0x11, 0x08, 0x03,
  0x01, 0x30, 0x00, 0xc5, 0xcd, 0xaa, 0x94, 0x21, 0xa3, 0xe0, 0x11, 0x08,
  0x23, 0xc1, 0xe5, 0xc5, 0xd5, 0xcd, 0x0c, 0x90, 0xd1, 0x21, 0x00, 0x08,
  0x19, 0xeb, 0xc1, 0xe1, 0xe5, 0xc5, 0xd5, 0xcd, 0x0c, 0x90, 0xd1, 0x21,
  0x00, 0x08, 0x19, 0xeb, 0xc1, 0xe1, 0xcd, 0x0c, 0x90, 0xc9, 0xe5, 0x11,
  0xa3, 0xe0, 0x7e, 0x6f, 0x26, 0x00, 0x19, 0x36, 0x00, 0x3c, 0xfe, 0x30,
  0x38, 0x01, 0xaf, 0xe1, 0xe5, 0x77, 0x26, 0x00, 0x6f, 0x19, 0xdd, 0x7e,
  0x01, 0x77, 0x11, 0xd0, 0xff, 0x19, 0xdd, 0x7e, 0x00, 0x77, 0xdd, 0x23,
  0xdd, 0x23, 0xe1, 0x23, 0x10, 0xd4, 0xc9, 0x20, 0xf0, 0x80, 0xe0, 0x02,
  0x70, 0x08, 0x90, 0x20, 0xf0, 0x20, 0x80, 0x80, 0x60, 0x08, 0xa0, 0x02,
  0x30, 0x10, 0x40, 0x2e, 0x07, 0x12, 0x25, 0x20, 0x13, 0x1c, 0x06, 0x00,
  0x2c, 0xfe, 0xff, 0x20, 0x21, 0x21, 0xf4, 0x95, 0x11, 0x43, 0xe1, 0x01,
  0x04, 0x00, 0xed, 0xb0, 0x21, 0xe3, 0xe0, 0xaf, 0x77, 0x11, 0xe4, 0xe0,
  0x01, 0x5f, 0x00, 0xed, 0xb0, 0x3c, 0x21, 0xe0, 0xe0, 0x77, 0x23, 0x77,
  0x23, 0x77, 0x21, 0xe0, 0xe0, 0x35, 0x20, 0x11, 0xdd, 0x21, 0xe0, 0x95,
  0x21, 0x43, 0xe1, 0x06, 0x01, 0xcd, 0xb3, 0x95, 0x3e, 0x02, 0x32, 0xe0,
  0xe0, 0x21, 0xe1, 0xe0, 0x35, 0x20, 0x11, 0xdd, 0x21, 0xe2, 0x95, 0x21,
  0x44, 0xe1, 0x06, 0x01, 0xcd, 0xb3, 0x95, 0x3e, 0x03, 0x32, 0xe1, 0xe0,
  0x21, 0xe2, 0xe0, 0x35, 0x20, 0x11, 0xdd, 0x21, 0xe4, 0x95, 0x21, 0x45,
  0xe1, 0x06, 0x02, 0xcd, 0xb3, 0x95, 0x3e, 0x05, 0x32, 0xe2, 0xe0, 0x21,
  0xe3, 0xe0, 0x11, 0x38, 0x03, 0x01, 0x30, 0x00, 0xc5, 0xcd, 0x93, 0x95,
  0x21, 0x13, 0xe1, 0x11, 0x38, 0x23, 0xc1, 0xe5, 0xc5, 0xd5, 0xcd, 0x0c,
  0x90, 0xd1, 0x21, 0x00, 0x08, 0x19, 0xeb, 0xc1, 0xe1, 0xe5, 0xc5, 0xd5,
  0xcd, 0x0c, 0x90, 0xd1, 0x21, 0x00, 0x08, 0x19, 0xeb, 0xc1, 0xe1, 0xcd,
  0x0c, 0x90, 0xc9, 0xe5, 0x11, 0x13, 0xe1, 0x7e, 0x6f, 0x26, 0x00, 0x19,
  0x36, 0x00, 0x3c, 0xfe, 0x30, 0x38, 0x01, 0xaf, 0xe1, 0xe5, 0x77, 0x26,
  0x00, 0x6f, 0x19, 0xdd, 0x7e, 0x01, 0x77, 0x11, 0xd0, 0xff, 0x19, 0xdd,
  0x7e, 0x00, 0x77, 0xdd, 0x23, 0xdd, 0x23, 0xe1, 0x23, 0x10, 0xd4, 0xc9,
  0x02, 0xb0, 0x08, 0xe0, 0x20, 0x30, 0x80, 0xa0, 0x08, 0xf0, 0x08, 0x80,
  0x10, 0x60, 0x10, 0xa0, 0x10, 0x30, 0x02, 0xd0, 0x1e, 0x09, 0x0b, 0x06,
  0x2c, 0x09, 0x0a, 0x2b, 0x11, 0x02, 0x11, 0x02, 0x21, 0xc4, 0xe1, 0x35,
  0xc0, 0x3e, 0x02, 0x32, 0xc4, 0xe1, 0xcd, 0x00, 0x97, 0x3a, 0x51, 0xe1,
  0x47, 0x3e, 0x10, 0x90, 0xf5, 0xfe, 0x10, 0x28, 0x1e, 0x5f, 0x16, 0x00,
  0x21, 0x52, 0xe1, 0x19, 0x11, 0xb8, 0x03, 0x48, 0x06, 0x00, 0xc5, 0xe5,
  0xcd, 0x68, 0x96, 0xd1, 0x21, 0x10, 0x00, 0x19, 0x11, 0xb8, 0x23, 0xc1,
  0xcd, 0x68, 0x96, 0x3a, 0x51, 0xe1, 0x5f, 0x16, 0x00, 0x21, 0xb8, 0x03,
  0x19, 0xeb, 0xf1, 0x4f, 0x06, 0x00, 0x21, 0x52, 0xe1, 0xc5, 0xd5, 0xcd,
  0x68, 0x96, 0xd1, 0x21, 0x00, 0x20, 0x19, 0xeb, 0x21, 0x62, 0xe1, 0xc1,
  0xcd, 0x68, 0x96, 0x3a, 0x51, 0xe1, 0x3c, 0xfe, 0x10, 0x38, 0x01, 0xaf,
  0x32, 0x51, 0xe1, 0xc9, 0xe5, 0xc5, 0xd5, 0xcd, 0x0c, 0x90, 0xd1, 0x21,
  0x00, 0x08, 0x19, 0xeb, 0xc1, 0xe1, 0xe5, 0xc5, 0xd5, 0xcd, 0x0c, 0x90,
  0xd1, 0x21, 0x00, 0x08, 0x19, 0xeb, 0xc1, 0xe1, 0xcd, 0x0c, 0x90, 0xc9,
  0x30, 0x00, 0xcd, 0x93, 0x96, 0x21, 0x80, 0x25, 0x11, 0x10, 0x00, 0x06,
  0x03, 0xd5, 0xe5, 0x3a, 0x9a, 0xe1, 0xcd, 0x06, 0x90, 0x1b, 0x23, 0x7a,
  0xb3, 0x20, 0xf4, 0xe1, 0x11, 0x00, 0x08, 0x19, 0xd1, 0x10, 0xea, 0xc9,
  0x24, 0xdd, 0x74, 0x07, 0xc9, 0x3e, 0x03, 0xdd, 0x77, 0x09, 0xdd, 0x66,
  0x07, 0xdd, 0x6e, 0x08, 0xcd, 0x34, 0x97, 0xcd, 0x59, 0x94, 0xdd, 0x7e,
  0x0e, 0xbd, 0x20, 0x06, 0x3d, 0xdd, 0x77, 0x0e, 0x18, 0x07, 0x38, 0x31,
  0x2c, 0xdd, 0x75, 0x08, 0xc9, 0x3e, 0x04, 0xdd, 0x77, 0x09, 0xdd, 0x66,
  0x07, 0xdd, 0x6e, 0x08, 0xcd, 0x34, 0x97, 0xcd, 0x59, 0x94, 0xdd, 0x7e,
  0x05, 0xbc, 0x20, 0x06, 0x3c, 0xdd, 0x77, 0x05, 0x18, 0x07, 0x30, 0x0d,
  0x25, 0xdd, 0x74, 0x07, 0xc9, 0x3e, 0x01, 0xdd, 0x77, 0x09, 0xc3, 0x6e,
  0x3a, 0x51, 0xe1, 0x47, 0x3e, 0x10, 0x90, 0xf5, 0xfe, 0x10, 0x28, 0x1e,
  0x5f, 0x16, 0x00, 0x21, 0x72, 0xe1, 0x19, 0x11, 0xc8, 0x03, 0x48, 0x06,
  0x00, 0xc5, 0xe5, 0xcd, 0x4f, 0x97, 0xd1, 0x21, 0x10, 0x00, 0x19, 0x11,
  0xc8, 0x23, 0xc1, 0xcd, 0x4f, 0x97, 0x3a, 0x51, 0xe1, 0x5f, 0x16, 0x00,
  0x21, 0xc8, 0x03, 0x19, 0xeb, 0xf1, 0x4f, 0x06, 0x00, 0x21, 0x72, 0xe1,
  0xc5, 0xd5, 0xcd, 0x4f, 0x97, 0xd1, 0x21, 0x00, 0x20, 0x19, 0xeb, 0x21,
  0x82, 0xe1, 0xc1, 0xcd, 0x4f, 0x97, 0xc9, 0xe5, 0xc5, 0xd5, 0xcd, 0x0c,
  0x90, 0xd1, 0x21, 0x00, 0x08, 0x19, 0xeb, 0xc1, 0xe1, 0xe5, 0xc5, 0xd5,
  0xcd, 0x0c, 0x90, 0xd1, 0x21, 0x00, 0x08, 0x19, 0xeb, 0xc1, 0xe1, 0xcd,
  0x0c, 0x90, 0xc9, 0xe1, 0xcd, 0x0c, 0x90, 0xc9, 0x7c, 0xc1, 0xe1, 0x77,
  0x23, 0x10, 0xee, 0xc9, 0xed, 0x4b, 0xbe, 0xe1, 0xed, 0x5f, 0x81, 0x80,
  0x48, 0x47, 0xed, 0x43, 0xbe, 0xe1, 0xc9, 0x26, 0x00, 0x06, 0x08, 0x29,
  0x7c, 0x91, 0x38, 0x02, 0x2c, 0x67, 0x10, 0xf7, 0xc9, 0x00, 0x00, 0x3c,
  0x00, 0x78, 0x00, 0xb4, 0x00, 0xf0, 0x00, 0x2c, 0x01, 0x68, 0x01, 0xa4,
  0x01, 0xe0, 0x01, 0x1c, 0x02, 0x58, 0x02, 0x94, 0x02, 0xd0, 0x02, 0x0c,
  0x03, 0x48, 0x03, 0x84, 0x03, 0xc0, 0x03, 0xfc, 0x03, 0x38, 0x04, 0x74,
  0x04, 0xb0, 0x04, 0xec, 0x04, 0x28, 0x05, 0x64, 0x05, 0xa0, 0x05, 0xdc,
  0x05, 0x18, 0x06, 0x54, 0x06, 0x90, 0x06, 0xcc, 0x06, 0x08, 0x07, 0x44,
  0x07, 0x80, 0x07, 0xbc, 0x07, 0xf8, 0x07, 0x34, 0x08, 0x70, 0x08, 0xac,
  0x08, 0xe8, 0x08, 0x24, 0x09, 0x60, 0x09, 0x9c, 0x09, 0xd8, 0x09, 0x14,
  0x0a, 0x50, 0x0a, 0x8c, 0x0a, 0xc8, 0x0a, 0x04, 0x0b, 0x40, 0x0b, 0x7c,
  0x0b, 0xb8, 0x0b, 0xf4, 0x21, 0x00, 0x24, 0x11, 0xa0, 0x00, 0xcd, 0x18,
  0x98, 0x21, 0x00, 0x25, 0x11, 0x30, 0x00, 0xcd, 0x18, 0x98, 0x21, 0x80,
  0x25, 0x11, 0x10, 0x00, 0x06, 0x03, 0xd5, 0xcd, 0x30, 0x98, 0x3a, 0x9a,
  0xe1, 0xd3, 0x98, 0x1b, 0x7a, 0xb3, 0x20, 0xf6, 0x11, 0x00, 0x08, 0x19,
  0xd1, 0x10, 0xeb, 0xc9, 0xf3, 0x7d, 0xd3, 0x99, 0x7c, 0xc6, 0x40, 0xd3,
  0x99, 0xe3, 0xe3, 0xc9, 0x00, 0x03, 0x00, 0x04, 0x00, 0x05, 0x00, 0x06,
  0x00, 0x07, 0x00, 0x08, 0x00, 0x09, 0x00, 0x0a, 0x00, 0x01, 0x00, 0x02,
  0x00, 0x03, 0x00, 0x04, 0x00, 0x05, 0x00, 0x06, 0x00, 0x07, 0x00, 0x08,
  0x00, 0x09, 0x00, 0x0a, 0x21, 0x00, 0x26, 0x11, 0xa0, 0x00, 0xcd, 0x78,
  0x98, 0x21, 0x00, 0x27, 0x11, 0x30, 0x00, 0xcd, 0x78, 0x98, 0x21, 0x80,
  0x27, 0x11, 0x10, 0x00, 0x06, 0x03, 0xd5, 0xcd, 0x90, 0x98, 0x3a, 0x9a,
  0xe3, 0xd3, 0x98, 0x1b, 0x7a, 0xb3, 0x20, 0xf6, 0x11, 0x00, 0x08, 0x19,
  0xd1, 0x10, 0xeb, 0xc9, 0xf3, 0x7d, 0xd3, 0x99, 0x7c, 0xc6, 0x40, 0xd3,
  0x99, 0xe3, 0xe3, 0xc9, 0x00, 0x01, 0x00, 0x02, 0xfe, 0xff, 0x20, 0x21,
  0x21, 0x99, 0x99, 0x11, 0x62, 0xf1, 0x01, 0x0b, 0x00, 0xed, 0xb0, 0x21,
  0x02, 0xf1, 0xaf, 0x77, 0x11, 0x03, 0xf1, 0x01, 0x5f, 0x00, 0xed, 0xb0,
  0x3c, 0x21, 0x00, 0xf1, 0x77, 0x23, 0x77, 0x23, 0x77, 0xdd, 0x21, 0x83,
  0x99, 0x21, 0x62, 0xf1, 0x06, 0x01, 0x0e, 0xff, 0xcd, 0x4d, 0x99, 0xdd,
  0x21, 0x85, 0x99, 0x21, 0x63, 0xf1, 0x06, 0x02, 0x0e, 0x00, 0xcd, 0x4d,
  0x99, 0x3a, 0x00, 0xf1, 0x3d, 0x32, 0x00, 0xf1, 0x20, 0x13, 0xdd, 0x21,
  0x89, 0x99, 0x21, 0x65, 0xf1, 0x06, 0x03, 0x0e, 0x00, 0xcd, 0x4d, 0x99,
  0x3e, 0x02, 0x32, 0x00, 0xf1, 0x3a, 0x01, 0xf1, 0x3d, 0x32, 0x01, 0xf1,
  0x20, 0x13, 0xdd, 0x21, 0x8f, 0x99, 0x21, 0x68, 0xf1, 0x06, 0x05, 0x0e,
  0x00, 0xcd, 0x4d, 0x99, 0x3e, 0x03, 0x32, 0x01, 0xf1, 0x21, 0x02, 0xf1,
  0x11, 0x08, 0x03, 0x01, 0x30, 0x00, 0xc5, 0xcd, 0x2d, 0x99, 0x21, 0x32,
  0xf1, 0x11, 0x08, 0x23, 0xc1, 0xe5, 0xc5, 0xd5, 0xcd, 0x0c, 0x90, 0xd1,
  0x21, 0x00, 0x08, 0x19, 0xeb, 0xc1, 0xe1, 0xe5, 0xc5, 0xd5, 0xcd, 0x0c,
  0x90, 0xd1, 0x21, 0x00, 0x08, 0x19, 0xeb, 0xc1, 0xe1, 0xcd, 0x0c, 0x90,
  0xc9, 0xe5, 0x11, 0x32, 0xf1, 0x7e, 0x6f, 0x26, 0x00, 0x19, 0x36, 0x00,
  0x3c, 0xf5, 0x79, 0xb7, 0x28, 0x03, 0xf1, 0x3c, 0xf5, 0xf1, 0xfe, 0x30,
  0x38, 0x01, 0xaf, 0xe1, 0xe5, 0x77, 0x26, 0x00, 0x6f, 0x19, 0xdd, 0x7e,
  0x01, 0x77, 0x11, 0xd0, 0xff, 0x19, 0xdd, 0x7e, 0x00, 0x77, 0xdd, 0x23,
  0xdd, 0x23, 0xe1, 0x23, 0x10, 0xcb, 0xc9, 0x40, 0xf0, 0x80, 0xe0, 0x04,
  0x70, 0x40, 0x90, 0x20, 0xf0, 0x20, 0x80, 0x80, 0x60, 0x08, 0xa0, 0x02,
  0x30, 0x10, 0x40, 0x01, 0x90, 0x2e, 0x07, 0x12, 0x25, 0x03, 0x13, 0x1c,
  0x06, 0x00, 0x2c, 0x27, 0x7b, 0x1e, 0x17, 0x12, 0xa0, 0x21, 0x00, 0x00,
  0xa1, 0x0a, 0x00, 0x00, 0xa2, 0x1a, 0x00, 0x00, 0xa3, 0x29, 0x00, 0x35,
  0xa8, 0x1f, 0x00, 0x00, 0xa9, 0x08, 0x00, 0x00, 0xaa, 0x18, 0x00, 0x00,
  0xab, 0x29, 0x00, 0x0f, 0xb0, 0x23, 0x00, 0x00, 0xb1, 0x0b, 0x00, 0x00,
  0xb2, 0x1b, 0x00, 0x00, 0xb3, 0x28, 0x00, 0x00, 0xb8, 0x20, 0x00, 0x00,
  0xb9, 0x09, 0x00, 0x00, 0xba, 0x19, 0x00, 0x00, 0xbb, 0x27, 0x00, 0x00,
  0x09, 0x02, 0x38, 0x01, 0x19, 0x02, 0x38, 0x0d, 0x21, 0x1e, 0x38, 0x02,
  0x22, 0x1e, 0x12, 0x38, 0x23, 0x17, 0x00, 0x38, 0x29, 0x02, 0x38, 0x38,
  0xc3, 0x9c, 0x9c, 0xc3, 0x12, 0x9a, 0xc3, 0xed, 0x9b, 0xc3, 0xfc, 0x9c,
  0xc3, 0xdf, 0x9c, 0xc3, 0xee, 0x9c, 0x3a, 0x08, 0xe0, 0xb7, 0x28, 0x57,
  0x3a, 0xca, 0xe1, 0xfe, 0x01, 0xca, 0xe2, 0x9a, 0xfe, 0x02, 0xca, 0x42,
  0x9c, 0xfe, 0x03, 0xca, 0x6d, 0x9b, 0xfe, 0x04, 0xca, 0x27, 0x9d, 0xfe,
  0x05, 0xca, 0x4e, 0x9d, 0xfe, 0x06, 0xca, 0x5b, 0x9c, 0xfe, 0x07, 0xca,
  0x74, 0x9d, 0xfe, 0x08, 0xca, 0x83, 0x9d, 0x3a, 0xc3, 0xe1, 0xfe, 0x50,
  0xca, 0x97, 0x9b, 0xfe, 0x78, 0xca, 0xd3, 0x9a, 0xfe, 0xa4, 0x28, 0x0b,
  0xfe, 0xaa, 0xca, 0xb9, 0x9b, 0xfe, 0xf0, 0xca, 0x2c, 0x9c, 0xc9, 0x21,
  0xc3, 0xe1, 0x34, 0x3a, 0xeb, 0xe1, 0xb7, 0xc0, 0x21, 0x01, 0x00, 0x22,
  0x00, 0xfb, 0xc9, 0x2a, 0xc1, 0xe1, 0x7e, 0x23, 0x22, 0xc1, 0xe1, 0x11,
  0xb9, 0xe1, 0x4f, 0xcd, 0x20, 0x00, 0x38, 0x08, 0x21, 0x9b, 0xe1, 0x22,
  0xc1, 0xe1, 0x18, 0xe7, 0x26, 0x00, 0x16, 0x00, 0x3a, 0xc0, 0xe1, 0x3d,
  0x5f, 0x6f, 0xb7, 0x28, 0x05, 0x06, 0x0f, 0x19, 0x10, 0xfd, 0x06, 0x00,
  0x09, 0x4d, 0x44, 0x21, 0x00, 0x5e, 0x79, 0xb0, 0x28, 0x09, 0x11, 0x02,
  0x00, 0x19, 0x0b, 0x78, 0xb1, 0x20, 0xfa, 0x5e, 0x23, 0x56, 0xeb, 0x22,
  0xfe, 0x8e, 0x11, 0x00, 0x50, 0x19, 0x22, 0x98, 0xe1, 0x3a, 0x82, 0xfc,
  0xfe, 0x04, 0x20, 0x0b, 0xcd, 0xdf, 0x9c, 0xfe, 0x80, 0x30, 0x01, 0xaf,
  0x32, 0xdf, 0xe1, 0xcd, 0x03, 0x93, 0xc9, 0x3a, 0x9a, 0xe1, 0x32, 0xc7,
  0xe1, 0x3e, 0x01, 0x32, 0xca, 0xe1, 0x21, 0xc3, 0xe1, 0x34, 0x21, 0xc8,
  0xe1, 0x35, 0xc0, 0x3e, 0x03, 0x32, 0xc8, 0xe1, 0xaf, 0x32, 0xcc, 0xe1,
  0x3a, 0xc9, 0xe1, 0x2f, 0x32, 0xc9, 0xe1, 0xb7, 0x3e, 0xfe, 0x28, 0x03,
  0x3a, 0xc7, 0xe1, 0x32, 0x9a, 0xe1, 0xcd, 0x00, 0x98, 0x21, 0x16, 0xe0,
  0x06, 0x05, 0xaf, 0x11, 0x10, 0x00, 0xb6, 0x19, 0x10, 0xfc, 0x20, 0x14,
  0x3a, 0x82, 0xfc, 0xfe, 0x04, 0xc0, 0x21, 0x16, 0xe2, 0x06, 0x05, 0xaf,
  0x11, 0x10, 0x00, 0xb6, 0x19, 0x10, 0xfc, 0xc8, 0xc3, 0x3c, 0x9b, 0xcd,
  0xac, 0x9b, 0x32, 0x9a, 0xe1, 0xcd, 0x00, 0x98, 0x3a, 0xd4, 0xe1, 0xb7,
  0xc8, 0xc3, 0x4a, 0x9c, 0x3e, 0x04, 0xcd, 0x06, 0x49, 0x0e, 0x7e, 0x21,
  0xe1, 0xec, 0x06, 0x2e, 0xc5, 0xe5, 0x06, 0x0e, 0x3a, 0x82, 0xfc, 0xfe,
  0x04, 0x20, 0x02, 0x06, 0x1c, 0x7e, 0xb7, 0x28, 0x02, 0x79, 0x77, 0x23,
  0x10, 0xf7, 0xe1, 0xc1, 0x22, 0xd0, 0xe1, 0xed, 0x43, 0xd2, 0xe1, 0x3e,
  0x03, 0x32, 0xca, 0xe1, 0xc9, 0xcd, 0x06, 0xa1, 0x2a, 0xd0, 0xe1, 0xaf,
  0x11, 0x20, 0x00, 0xed, 0x52, 0xed, 0x4b, 0xd2, 0xe1, 0x10, 0xc9, 0x79,
  0xb7, 0x28, 0x04, 0x0e, 0x00, 0x18, 0xbc, 0xaf, 0x32, 0xca, 0xe1, 0x3a,
  0xe4, 0xe1, 0xb7, 0xc2, 0x79, 0x9d, 0xcd, 0xfc, 0x9c, 0x18, 0x94, 0xcd,
  0xac, 0x9b, 0x32, 0x9a, 0xe1, 0x21, 0xc3, 0xe1, 0x34, 0x3a, 0xfc, 0xf3,
  0x3d, 0x3d, 0x32, 0xfc, 0xf3, 0xc3, 0x00, 0x98, 0x3a, 0xc0, 0xe1, 0x3d,
  0x21, 0xaf, 0x9d, 0x06, 0x00, 0x4f, 0x09, 0x7e, 0xc9, 0xcd, 0xe0, 0x9b,
  0x32, 0x9a, 0xe1, 0x21, 0xc3, 0xe1, 0x34, 0x3a, 0xfc, 0xf3, 0x3d, 0x3d,
  0x32, 0xfc, 0xf3, 0xaf, 0x32, 0x00, 0xfb, 0x3a, 0xeb, 0xe1, 0xb7, 0x20,
  0x08, 0x3e, 0x01, 0x32, 0xeb, 0xe1, 0xcd, 0x03, 0x49, 0xc3, 0x00, 0x98,
  0x3a, 0xc0, 0xe1, 0x3d, 0x21, 0xb8, 0x9d, 0x06, 0x00, 0x4f, 0x09, 0x7e,
  0xc9, 0xcd, 0xfc, 0x9c, 0x3a, 0xc0, 0xe1, 0x3d, 0x21, 0xc1, 0x9d, 0xcd,
  0xe7, 0x9b, 0x32, 0x9a, 0xe1, 0xcd, 0x00, 0x98, 0x3a, 0xc0, 0xe1, 0x3d,
  0x21, 0xa6, 0x9d, 0x06, 0x00, 0x4f, 0x09, 0x7e, 0x5f, 0x3a, 0x82, 0xfc,
  0xfe, 0x04, 0x28, 0x05, 0x3e, 0x04, 0x83, 0x18, 0x01, 0x7b, 0x21, 0xf3,
  0xe1, 0x4e, 0x91, 0x32, 0xfc, 0xf3, 0xaf, 0x32, 0xc3, 0xe1, 0x32, 0xd4,
  0xe1, 0xc3, 0x39, 0x9d, 0xaf, 0x32, 0xcc, 0xe1, 0x3e, 0x02, 0x32, 0xca,
  0xe1, 0x32, 0xd4, 0xe1, 0x3a, 0x9a, 0xe1, 0x32, 0xc7, 0xe1, 0x21, 0xc3,
  0xe1, 0x34, 0x21, 0xc8, 0xe1, 0x35, 0xc0, 0xc3, 0xe7, 0x9a, 0x3e, 0x06,
  0x32, 0xca, 0xe1, 0x21, 0x01, 0x00, 0x22, 0x00, 0xfb, 0x21, 0x40, 0x00,
  0x22, 0xcc, 0xe1, 0x3a, 0x82, 0xfc, 0xfe, 0x04, 0x28, 0x25, 0x21, 0xca,
  0x9d, 0x11, 0x64, 0x18, 0xcd, 0x80, 0x9c, 0x21, 0xd2, 0x9d, 0x11, 0x84,
  0x18, 0xcd, 0x80, 0x9c, 0x21, 0xda, 0x9d, 0x11, 0xa4, 0x18, 0xcd, 0x80,
  0x9c, 0xc3, 0x87, 0x9c, 0x01, 0x08, 0x00, 0xcd, 0x0c, 0x90, 0xc9, 0x21,
  0xcc, 0xe1, 0x35, 0xc0, 0x3a, 0xc0, 0xe1, 0x3c, 0xfe, 0x0a, 0x20, 0x02,
  0x3e, 0x01, 0x32, 0xc0, 0xe1, 0xc3, 0xed, 0x9b, 0x06, 0x1e, 0x21, 0x9b,
  0xe1, 0x22, 0xc1, 0xe1, 0xe5, 0xc5, 0xcd, 0xdf, 0x9c, 0x6f, 0x0e, 0x1e,
  0xcd, 0xee, 0x9c, 0x7c, 0x21, 0x9b, 0xe1, 0x06, 0x1e, 0x4e, 0xb9, 0x28,
  0x1a, 0x23, 0x10, 0xf9, 0xc1, 0xe1, 0x77, 0x23, 0x10, 0xe2, 0x3a, 0xee,
  0xe1, 0xb7, 0xc8, 0x21, 0x9b, 0xe1, 0x06, 0x1e, 0xaf, 0x77, 0x3c, 0x23,
  0x10, 0xfb, 0xc9, 0xcd, 0xdf, 0x9c, 0x6f, 0x0e, 0x1e, 0xcd, 0xee, 0x9c,
  0x7c, 0x18, 0xdd, 0xed, 0x4b, 0xbe, 0xe1, 0xed, 0x5f, 0x81, 0x80, 0x48,
  0x47, 0xed, 0x43, 0xbe, 0xe1, 0xc9, 0x26, 0x00, 0x06, 0x08, 0x29, 0x7c,
  0x91, 0x38, 0x02, 0x2c, 0x67, 0x10, 0xf7, 0xc9, 0x21, 0x10, 0xe0, 0x11,
  0x11, 0xe0, 0xaf, 0x77, 0x01, 0x40, 0x00, 0xed, 0xb0, 0x3e, 0x0a, 0x32,
  0x06, 0xe0, 0x3e, 0x01, 0x32, 0x08, 0xe0, 0xaf, 0x32, 0xcc, 0xe1, 0x32,
  0xcd, 0xe1, 0x32, 0xca, 0xe1, 0x32, 0x01, 0xe0, 0x32, 0xc9, 0xe1, 0x32,
  0xeb, 0xe1, 0xc9, 0x2a, 0xcc, 0xe1, 0x2b, 0x22, 0xcc, 0xe1, 0x7d, 0xb7,
  0xc0, 0xaf, 0x32, 0xca, 0xe1, 0x2a, 0xce, 0xe1, 0xe9, 0xaf, 0x32, 0x00,
  0xfb, 0x32, 0xeb, 0xe1, 0xcd, 0x03, 0x49, 0x3e, 0x05, 0x32, 0xca, 0xe1,
  0x21, 0x40, 0x00, 0x22, 0xcc, 0xe1, 0x3a, 0x82, 0xfc, 0xfe, 0x04, 0x28,
  0x17, 0x21, 0xa0, 0x9d, 0x11, 0x85, 0x18, 0x01, 0x06, 0x00, 0xcd, 0x0c,
  0x90, 0x21, 0x8b, 0x18, 0x3a, 0xc0, 0xe1, 0xc6, 0xe6, 0xcd, 0x06, 0x90,
  0x21, 0xcc, 0xe1, 0x35, 0xc0, 0xc3, 0xfc, 0x9c, 0x0e, 0xff, 0xc3, 0x43,
  0x9b, 0x3e, 0x20, 0x32, 0xcc, 0xe1, 0x3e, 0x08, 0x32, 0xca, 0xe1, 0x21,
  0xcc, 0xe1, 0x35, 0xc0, 0x3a, 0xe5, 0xe1, 0xb7, 0xc8, 0x3a, 0x01, 0xe0,
  0xb7, 0x36, 0x01, 0xc8, 0xc3, 0x16, 0x40, 0xb2, 0xb3, 0xb4, 0xb5, 0x00,
  0xb6, 0xb7, 0xb8, 0xb9, 0xa6, 0xa7, 0xa8, 0xa9, 0xaa, 0x66, 0x20, 0x1d,
  0x1a, 0x18, 0x16, 0x14, 0x12, 0x10, 0x0a, 0x2c, 0x54, 0x86, 0xac, 0x2c,
  0x54, 0x86, 0xac, 0x2c, 0x02, 0x05, 0x08, 0x0a, 0x02, 0x05, 0x08, 0x0a,
  0x02, 0x3c, 0x75, 0x96, 0xbc, 0x3c, 0x75, 0x96, 0xbc, 0x3c, 0x2d, 0x2d,
  0x2d, 0x2d, 0x2d, 0x2d, 0x2d, 0x2d, 0xa6, 0xa7, 0xa8, 0xa9, 0xaa, 0x66,
  0xab, 0xac, 0x2d, 0x2d, 0x2d, 0x2d, 0x2d, 0x2d, 0x2d, 0x2d, 0x76, 0x54,
  0x48, 0x45, 0x76, 0x42, 0x45, 0x47, 0x49, 0x4e, 0x4e, 0x47, 0x76, 0x76,
  0x76, 0x30, 0x31, 0x32, 0x33, 0x34, 0x35, 0x36, 0x37, 0x38, 0x39, 0x30,
  0x31, 0x32, 0x33, 0x34, 0x54, 0xff, 0x58, 0x01, 0x59, 0x01, 0x08, 0x00,
  0x52, 0x08, 0x4b, 0x00, 0x04, 0x00, 0x4b, 0x48, 0x54, 0xff, 0x58, 0x01,
  0x59, 0x01, 0x09, 0x00, 0x52, 0x08, 0x4b, 0x02, 0x04, 0x00, 0x4b, 0x48,
  0x54, 0xff, 0x58, 0x01, 0x59, 0x01, 0x0a, 0x00, 0x52, 0x08, 0x4b, 0x04,
  0x04, 0x00, 0x4b, 0x48, 0xd3, 0x34, 0x35, 0x36, 0x37, 0x38, 0x39, 0x30,
  0x31, 0x32, 0x33, 0x34, 0x30, 0x31, 0x32, 0x33, 0x34, 0x35, 0x36, 0x37,
  0x38, 0x39, 0x30, 0x31, 0x32, 0x33, 0x34, 0x30, 0x31, 0x32, 0x33, 0x34,
  0x35, 0x36, 0x37, 0x38, 0x39, 0x30, 0x31, 0x32, 0x33, 0x34, 0x30, 0x31,
  0x32, 0x33, 0x34, 0x35, 0x36, 0x37, 0x38, 0x39, 0x30, 0x31, 0x32, 0x33,
  0x34, 0x30, 0x31, 0x32, 0x33, 0x34, 0x35, 0x36, 0x37, 0x38, 0x39, 0x30,
  0x31, 0x32, 0x33, 0x34, 0x30, 0x31, 0x32, 0x33, 0x34, 0x35, 0x36, 0x37,
  0x38, 0x39, 0x30, 0x31, 0x32, 0x33, 0x34, 0x30, 0x31, 0x32, 0x33, 0x34,
  0x35, 0x36, 0x37, 0x38, 0x39, 0x30, 0x31, 0x32, 0x33, 0x34, 0x37, 0x38,
  0x39, 0x30, 0x31, 0x32, 0x33, 0x34, 0x00, 0x04, 0x00, 0x05, 0x00, 0x06,
  0x00, 0x07, 0x00, 0x08, 0x00, 0x09, 0x00, 0x0a, 0x00, 0x01, 0x00, 0x02,
  0x00, 0x03, 0x00, 0x04, 0x00, 0x05, 0x00, 0x06, 0x00, 0x07, 0x00, 0x08,
  0x00, 0x09, 0x00, 0x0a, 0x00, 0x01, 0x00, 0x02, 0x00, 0x03, 0x00, 0x04,
  0x00, 0x05, 0x00, 0x06, 0x00, 0x07, 0x00, 0x08, 0x00, 0x09, 0x00, 0x0a,
  0x00, 0x01, 0x00, 0x02, 0x00, 0x03, 0x00, 0x04, 0x00, 0x05, 0x00, 0x06,
  0x00, 0x07, 0x00, 0x08, 0x00, 0x09, 0x00, 0x0a, 0x00, 0x01, 0x00, 0x02,
  0x00, 0x03, 0x00, 0x04, 0x00, 0x05, 0x00, 0x06, 0x00, 0x07, 0x00, 0x08,
  0x00, 0x09, 0x00, 0x0a, 0x00, 0x2d, 0x2d, 0x2d, 0x2d, 0x2d, 0x2d, 0x2d,
  0x2d, 0xa6, 0xa7, 0xa8, 0xa9, 0xaa, 0x66, 0xab, 0xac, 0x2d, 0x2d, 0x2d,
  0x2d, 0x2d, 0x2d, 0x2d, 0x2d, 0x76, 0x54, 0x48, 0x45, 0x76, 0x42, 0x45,
  0x47, 0x49, 0x4e, 0x4e, 0x47, 0x76, 0x76, 0x76, 0x30, 0x31, 0x32, 0x33,
  0x34, 0x35, 0x36, 0x37, 0x38, 0x39, 0x30, 0x31, 0x32, 0x33, 0x34, 0x30,
  0x31, 0x32, 0x33, 0x34, 0x35, 0x36, 0x37, 0x38, 0x39, 0x30, 0x31, 0x32,
  0x33, 0x34, 0x30, 0x31, 0x32, 0x33, 0x34, 0x35, 0x36, 0x37, 0x38, 0x39,
  0x30, 0x31, 0x32, 0x33, 0x34, 0x30, 0x31, 0x32, 0x33, 0x34, 0x35, 0x36,
  0x37, 0x38, 0x39, 0x30, 0x31, 0x32, 0x33, 0x34, 0x30, 0x31, 0x32, 0x33,
  0x34, 0x35, 0x36, 0x37, 0x38, 0x39, 0x30, 0x31, 0x32, 0x33, 0x34, 0x30,
  0x31, 0x32, 0x33, 0x34, 0x35, 0x36, 0x37, 0x38, 0x39, 0x30, 0x31, 0x32,
  0x33, 0x34, 0x30, 0x31, 0x32, 0x33, 0x34, 0x35, 0x36, 0x37, 0x38, 0x39,
  0x30, 0x31, 0x32, 0x33, 0x34, 0x30, 0x31, 0x32, 0x33, 0x34, 0x35, 0x36,
  0x37, 0x38, 0x39, 0x30, 0x31, 0x32, 0x33, 0x34, 0x30, 0x31, 0x32, 0x33,
  0x34, 0x35, 0x36, 0x37, 0x38, 0x39, 0x30, 0x31, 0x32, 0x33, 0x34, 0x30,
  0x31, 0x32, 0x33, 0x34, 0x35, 0x36, 0x37, 0x38, 0x39, 0x30, 0x31, 0x32,
  0x33, 0x34, 0x30, 0x31, 0x32, 0x33, 0x34, 0x35, 0x36, 0x37, 0x38, 0x39,
  0x30, 0x31, 0x32, 0x33, 0x34, 0x20, 0x73, 0x74, 0x72, 0x69, 0x6e, 0x67,
  0x20, 0x73, 0x65, 0x61, 0x72, 0x63, 0x68, 0x21, 0x0d, 0x0a, 0x73, 0x6f,
  0x75, 0x72, 0x63, 0x65, 0x3f, 0x5b, 0x24, 0x20, 0x20, 0x24, 0x3a, 0x1b,
  0x7e, 0xb7, 0xc8, 0x2a, 0x1c, 0x7e, 0x4f, 0x3a, 0x18, 0x7e, 0xb7, 0xc8,
  0xed, 0x5b, 0x19, 0x7e, 0x91, 0x47, 0xaf, 0xd8, 0x04, 0x3c, 0xf5, 0xc5,
  0xc3, 0x03, 0xa0, 0x3a, 0xca, 0xe1, 0xfe, 0x03, 0x30, 0x0c, 0xcd, 0x95,
  0xa0, 0xcd, 0xe4, 0xa4, 0xcd, 0x00, 0x8f, 0xcd, 0x2e, 0xa0, 0xcd, 0xc0,
  0xa4, 0xcd, 0x03, 0x94, 0xcd, 0x76, 0xa1, 0xcd, 0xcf, 0xa1, 0x3a, 0x01,
  0xe0, 0xcb, 0x47, 0xc4, 0x00, 0x96, 0xcd, 0x00, 0x96, 0xc9, 0x3a, 0x01,
  0xe0, 0xcb, 0x57, 0x20, 0x20, 0xcb, 0x5f, 0x20, 0x2a, 0x3a, 0x01, 0xe0,
  0xcb, 0x47, 0x20, 0x0e, 0x3a, 0xfc, 0xf3, 0x32, 0x07, 0xe0, 0x3a, 0x00,
  0xe0, 0xcb, 0x67, 0x20, 0x24, 0xc9, 0x3e, 0x03, 0x32, 0x07, 0xe0, 0x18,
  0xf1, 0x3a, 0x02, 0xe0, 0xfe, 0x00, 0x28, 0x05, 0xd6, 0x08, 0x32, 0x02,
  0xe0, 0x18, 0xd6, 0x3a, 0x02, 0xe0, 0xfe, 0x68, 0x28, 0xf7, 0xc6, 0x08,
  0x32, 0x02, 0xe0, 0x18, 0xc8, 0x06, 0x05, 0x21, 0x10, 0xe0, 0x7e, 0xb7,
  0x28, 0x07, 0x11, 0x10, 0x00, 0x19, 0x10, 0xf6, 0xc9, 0x3e, 0x01, 0x77,
  0x3a, 0x02, 0xe0, 0xcb, 0x3f, 0xcb, 0x2f, 0xcb, 0x2f, 0x3c, 0x23, 0x77,
  0x23, 0x3e, 0x15, 0x77, 0xc9, 0x06, 0x05, 0xdd, 0x21, 0x10, 0xe0, 0xcd,
  0xa6, 0xa0, 0x11, 0x10, 0x00, 0xdd, 0x19, 0x10, 0xf6, 0xc9, 0xdd, 0x7e,
  0x06, 0xb7, 0xc2, 0x4f, 0xa3, 0xdd, 0x7e, 0x00, 0xb7, 0xc8, 0x0e, 0x0e,
  0xdd, 0x66, 0x01, 0xdd, 0x6e, 0x02, 0x2d, 0xcd, 0x40, 0xa1, 0xfe, 0x7d,
  0x38, 0x64, 0xfe, 0x80, 0x30, 0x05, 0xdd, 0x36, 0x00, 0x00, 0xc9, 0x25,
  0xcd, 0x40, 0xa1, 0xfe, 0x80, 0x38, 0x12, 0xe6, 0x0c, 0x20, 0x0e, 0x3e,
  0x0e, 0xe6, 0x0c, 0x4f, 0x2c, 0xcd, 0x40, 0xa1, 0xe6, 0xfb, 0xcd, 0x5a,
  0xa1, 0xdd, 0x66, 0x01, 0xdd, 0x6e, 0x02, 0x24, 0x2d, 0xcd, 0x40, 0xa1,
  0xfe, 0x80, 0x38, 0x11, 0xe6, 0x0a, 0x20, 0x0d, 0x3e, 0x0a, 0xa1, 0x4f,
  0x2c, 0xcd, 0x40, 0xa1, 0xc3, 0x09, 0xa1, 0xc3, 0x19, 0xa7, 0xc3, 0x08,
  0xa6, 0x3a, 0xca, 0xe1, 0xfe, 0x03, 0x30, 0x0f, 0x3a, 0xe4, 0xe1, 0xb7,
  0x20, 0x09, 0xcd, 0xca, 0xa1, 0xcd, 0xc4, 0xa6, 0xcd, 0x31, 0xa1, 0xcd,
  0xa0, 0xa6, 0xcd, 0x03, 0x94, 0x3a, 0x00, 0xe0, 0xcb, 0x47, 0xc4, 0x00,
  0x96, 0xcd, 0x00, 0x96, 0xc9, 0x3a, 0x00, 0xe0, 0xcb, 0x57, 0x20, 0x28,
  0xcb, 0x5f, 0x20, 0x45, 0x3a, 0x00, 0xe0, 0xcb, 0x47, 0x20, 0x16, 0x3a,
  0xfc, 0xf3, 0x32, 0x07, 0xe0, 0xf3, 0xcd, 0x13, 0x40, 0x32, 0xec, 0xe1,
  0xfb, 0x3a, 0xec, 0xe1, 0xcb, 0x67, 0x20, 0x4a, 0xc9, 0x3e, 0x03, 0x32,
  0x07, 0xe0, 0x18, 0xe9, 0xcd, 0x24, 0xa7, 0x3a, 0x82, 0xfc, 0xfe, 0x04,
  0x28, 0x0e, 0x3a, 0x02, 0xe0, 0xfe, 0x00, 0x28, 0x05, 0xd6, 0x08, 0x32,
  0x02, 0xe0, 0x18, 0xc4, 0x3a, 0x02, 0xe0, 0xfe, 0x08, 0x28, 0xf7, 0x18,
  0xf0, 0xcd, 0x24, 0xa7, 0x3a, 0x82, 0xfc, 0xfe, 0x04, 0x28, 0x0e, 0x3a,
  0x02, 0xe0, 0xfe, 0x68, 0x28, 0xe4, 0xc6, 0x08, 0x32, 0x02, 0xe0, 0x18,
  0xa3, 0x3a, 0x02, 0xe0, 0xfe, 0xe0, 0x28, 0xd6, 0x18, 0xf0, 0x06, 0x05,
  0x21, 0x10, 0xe0, 0x7e, 0xb7, 0x28, 0x07, 0x11, 0x10, 0x00, 0x19, 0x10,
  0xf6, 0xc9, 0x3e, 0x01, 0x77, 0x3a, 0x02, 0xe0, 0xcb, 0x3f, 0xcb, 0x2f,
  0xcb, 0x2f, 0x3c, 0x23, 0x77, 0x23, 0x3e, 0x15, 0x77, 0x3e, 0x01, 0xc3,
  0x06, 0x49, 0x06, 0x05, 0xdd, 0x21, 0x10, 0xe0, 0xc5, 0xcd, 0xdd, 0xa1,
  0xc1, 0x11, 0x10, 0x00, 0xdd, 0x19, 0x10, 0xf4, 0xc9, 0xdd, 0x7e, 0x06,
  0xb7, 0xc2, 0x12, 0xa5, 0xdd, 0x7e, 0x00, 0xb7, 0xc8, 0x0e, 0x0e, 0xdd,
  0x66, 0x01, 0xdd, 0x6e, 0x02, 0x2d, 0xcd, 0x7d, 0xa2, 0xfe, 0x7d, 0x38,
  0x69, 0xfe, 0x80, 0x30, 0x05, 0xdd, 0x36, 0x00, 0x00, 0xc9, 0x25, 0xcd,
  0x7d, 0xa2, 0xfe, 0x80, 0x38, 0x12, 0xe6, 0x0c, 0x20, 0x0e, 0x3e, 0x0e,
  0xe6, 0x0c, 0x4f, 0x2c, 0xcd, 0x7d, 0xa2, 0xe6, 0xfb, 0xcd, 0x97, 0xa2,
  0xdd, 0x66, 0x01, 0xdd, 0x6e, 0x02, 0x24, 0x2d, 0xcd, 0x7d, 0xa2, 0xfe,
  0x80, 0x38, 0x11, 0xe6, 0x0a, 0x20, 0x0d, 0x3e, 0x0a, 0xa1, 0x4f, 0x2c,
  0xcd, 0x7d, 0xa2, 0xe6, 0xfd, 0xcd, 0x97, 0xa2, 0xdd, 0x66, 0x01, 0xdd,
  0x6e, 0x02, 0x2d, 0xcd, 0x7d, 0xa2, 0xe6, 0xf7, 0xcd, 0x97, 0xa2, 0x2c,
  0x3e, 0x80, 0xb1, 0xcd, 0x97, 0xa2, 0xcd, 0x21, 0xa6, 0xcd, 0xe9, 0xa3,
  0x3e, 0x02, 0xcd, 0x06, 0x49, 0xaf, 0xdd, 0x77, 0x00, 0xc9, 0xdd, 0x7e,
  0x02, 0xfe, 0x01, 0x28, 0xf4, 0xdd, 0x6e, 0x02, 0x2d, 0xdd, 0x75, 0x02,
  0xdd, 0x66, 0x01, 0x2d, 0xcd, 0x7d, 0xa2, 0xfe, 0x7d, 0xd8, 0xc3, 0xf9,
  0xa1, 0xc5, 0xe5, 0xd5, 0x4c, 0x7d, 0x21, 0x00, 0xea, 0x47, 0xb7, 0x28,
  0x06, 0x11, 0x20, 0x00, 0x19, 0x10, 0xfd, 0x06, 0x00, 0x09, 0x7e, 0xd1,
  0xe1, 0xc1, 0xc9, 0xc5, 0xe5, 0xd5, 0xf5, 0x7d, 0x4c, 0x21, 0x00, 0xea,
  0x47, 0xb7, 0x28, 0x06, 0x11, 0x20, 0x00, 0x19, 0x10, 0xfd, 0x06, 0x00,
  0x09, 0xf1, 0x77, 0xd1, 0xe1, 0xc1, 0xc9, 0xcd, 0x26, 0xa3, 0x3a, 0xe4,
  0xe1, 0xb7, 0x20, 0x06, 0xcd, 0x72, 0xa3, 0xcd, 0xae, 0xa3, 0xcd, 0x76,
  0xa7, 0xcd, 0xf4, 0xa7, 0x3a, 0x82, 0xfc, 0xfe, 0x02, 0x38, 0x03, 0xcd,
  0x03, 0xa9, 0xdd, 0x21, 0x10, 0xe0, 0x06, 0x05, 0xdd, 0x7e, 0x00, 0xb7,
  0x28, 0x11, 0xdd, 0x7e, 0x06, 0xb7, 0x20, 0x0b, 0xdd, 0x66, 0x01, 0xdd,
  0x6e, 0x02, 0x3e, 0x7c, 0xcd, 0xcd, 0xa3, 0x11, 0x10, 0x00, 0xdd, 0x19,
  0x10, 0xe2, 0x3a, 0xee, 0xe1, 0xcb, 0x47, 0x20, 0x07, 0x3a, 0xca, 0xe1,
  0xfe, 0x08, 0x20, 0x15, 0x3a, 0x82, 0xfc, 0xfe, 0x04, 0x11, 0x24, 0xe5,
  0x20, 0x03, 0x11, 0x2c, 0xe5, 0x21, 0xbe, 0xa8, 0x01, 0x09, 0x00, 0xed,
  0xb0, 0x21, 0x00, 0xe4, 0x11, 0x00, 0x18, 0x01, 0x00, 0x03, 0xcd, 0x0c,
  0x90, 0xc9, 0x3a, 0x82, 0xfc, 0xfe, 0x04, 0x28, 0x18, 0x21, 0x00, 0x70,
  0x11, 0x00, 0xe4, 0x01, 0xa0, 0x02, 0xed, 0xb0, 0x21, 0xc0, 0x72, 0x11,
  0xc0, 0xe6, 0x01, 0x40, 0x00, 0xed, 0xb0, 0x18, 0x16, 0x21, 0x00, 0x73,
  0x11, 0x00, 0xe4, 0x01, 0xa0, 0x02, 0xed, 0xb0, 0x21, 0xc0, 0x75, 0x11,
  0xc0, 0xe6, 0x01, 0x40, 0x00, 0xed, 0xb0, 0x21, 0x00, 0xea, 0x11, 0x00,
  0xe4, 0x01, 0xa0, 0x02, 0x7e, 0xfe, 0x7c, 0x38, 0x01, 0x12, 0x23, 0x13,
  0x0b, 0x78, 0xb1, 0x20, 0xf3, 0xc9, 0x0e, 0x0e, 0x06, 0x00, 0x3a, 0x02,
  0xe0, 0xc6, 0x04, 0x1e, 0xaf, 0x57, 0x3e, 0x00, 0xcd, 0x00, 0x90, 0x0e,
  0x0f, 0x04, 0x3c, 0xcd, 0x00, 0x90, 0x0e, 0x05, 0x04, 0x3a, 0x05, 0xe0,
  0xfe, 0x15, 0x28, 0x16, 0x87, 0x87, 0x87, 0x5f, 0x1d, 0x3a, 0x02, 0xe0,
  0x57, 0x3e, 0x02, 0xcd, 0x00, 0x90, 0x0e, 0x0f, 0x3c, 0x04, 0xcd, 0x00,
  0x90, 0xc9, 0x1e, 0xe1, 0x18, 0xea, 0x3a, 0x02, 0xe0, 0xcb, 0x3f, 0xcb,
  0x3f, 0xcb, 0x3f, 0x67, 0x3e, 0x94, 0x2e, 0x16, 0x24, 0xcd, 0xcd, 0xa3,
  0x25, 0x2c, 0x06, 0x03, 0x3c, 0xcd, 0xcd, 0xa3, 0x24, 0x3c, 0x10, 0xf9,
  0xc9, 0xc5, 0xe5, 0xd5, 0xf5, 0x7d, 0x4c, 0x21, 0x00, 0xe4, 0x47, 0xb7,
  0x28, 0x06, 0x11, 0x20, 0x00, 0x19, 0x10, 0xfd, 0x06, 0x00, 0x09, 0xf1,
  0x77, 0xd1, 0xe1, 0xc1, 0xc9, 0xdd, 0x66, 0x01, 0xdd, 0x6e, 0x02, 0x25,
  0xcd, 0x7d, 0xa2, 0xfe, 0x80, 0x38, 0x0d, 0xe6, 0x08, 0xfe, 0x08, 0x20,
  0x07, 0x7c, 0xfe, 0xff, 0x20, 0xed, 0x26, 0x00, 0xcd, 0x7d, 0xa2, 0xe6,
  0x0a, 0xfe, 0x0a, 0x28, 0x0a, 0x24, 0xdd, 0x7e, 0x01, 0xbc, 0x30, 0xf0,
  0x28, 0xee, 0xc9, 0x4c, 0xdd, 0x6e, 0x02, 0x2d, 0xcd, 0x7d, 0xa2, 0xfe,
  0x80, 0x38, 0x0d, 0xe6, 0x02, 0xfe, 0x02, 0x20, 0x07, 0x7d, 0xfe, 0xff,
  0x20, 0xed, 0x2e, 0x00, 0xcd, 0x7d, 0xa2, 0xe6, 0x03, 0xfe, 0x03, 0x28,
  0x11, 0x2c, 0xdd, 0x7e, 0x02, 0xbd, 0x30, 0xf0, 0x28, 0xee, 0x0c, 0x61,
  0xdd, 0x6e, 0x02, 0x0d, 0x18, 0xc4, 0x5d, 0x61, 0x24, 0xcd, 0x7d, 0xa2,
  0xfe, 0x80, 0x38, 0x0d, 0xe6, 0x01, 0xfe, 0x01, 0x20, 0x07, 0x7c, 0xfe,
  0x20, 0x20, 0xed, 0x26, 0x1f, 0xcd, 0x7d, 0xa2, 0xe6, 0x05, 0xfe, 0x05,
  0x28, 0x0d, 0x25, 0x79, 0xbc, 0x38, 0xf2, 0x28, 0xf0, 0x1c, 0x6b, 0x1d,
  0x61, 0x18, 0xc3, 0xdd, 0x7e, 0x01, 0xbc, 0x38, 0x02, 0x20, 0xf2, 0x54,
  0x6b, 0xcd, 0x7d, 0xa2, 0xe6, 0x04, 0xfe, 0x04, 0x28, 0x06, 0x15, 0x62,
  0x14, 0x6b, 0x18, 0xd1, 0x2c, 0xdd, 0x7e, 0x02, 0xbd, 0x30, 0xea, 0xdd,
  0x6e, 0x02, 0xcd, 0x7d, 0xa2, 0xe6, 0x08, 0xfe, 0x08, 0x28, 0x06, 0x15,
  0x62, 0x14, 0x6b, 0x18, 0xb8, 0x25, 0xdd, 0x7e, 0x01, 0xbc, 0x38, 0xe7,
  0xdd, 0x7e, 0x02, 0xdd, 0x77, 0x0e, 0xdd, 0x77, 0x0d, 0xdd, 0x73, 0x03,
  0xdd, 0x73, 0x0a, 0xdd, 0x72, 0x04, 0xdd, 0x72, 0x0b, 0xdd, 0x71, 0x0c,
  0xdd, 0x71, 0x05, 0xdd, 0x36, 0x0f, 0x00, 0x6b, 0x61, 0xcd, 0x7d, 0xa2,
  0xe6, 0x03, 0xfe, 0x03, 0x20, 0x03, 0xdd, 0x34, 0x0f, 0x3e, 0x7f, 0xcd,
  0x97, 0xa2, 0x7a, 0xbc, 0x28, 0x03, 0x24, 0x18, 0xe8, 0xdd, 0x7e, 0x02,
  0xbd, 0x28, 0x03, 0x2c, 0x18, 0xde, 0xcd, 0x2f, 0xa7, 0xdd, 0x34, 0x05,
  0x3e, 0x01, 0xdd, 0x77, 0x09, 0xdd, 0x77, 0x06, 0xdd, 0x7e, 0x0c, 0xdd,
  0x77, 0x07, 0xdd, 0x7e, 0x0d, 0xdd, 0x77, 0x08, 0x3e, 0x03, 0xcd, 0x06,
  0x49, 0xc9, 0xdd, 0x36, 0x00, 0x01, 0xdd, 0x7e, 0x06, 0xfe, 0x01, 0xcc,
  0x1e, 0xa5, 0xdd, 0x7e, 0x09, 0xfe, 0x01, 0x28, 0x0d, 0xfe, 0x02, 0x28,
  0x2d, 0xfe, 0x03, 0x28, 0x4d, 0xfe, 0x04, 0x28, 0x6d, 0xc9, 0xdd, 0x66,
  0x07, 0xdd, 0x6e, 0x08, 0xcd, 0xf8, 0xa5, 0xcd, 0x97, 0xa2, 0xdd, 0x7e,
  0x03, 0xbd, 0x20, 0x06, 0x3c, 0xdd, 0x77, 0x03, 0x18, 0x07, 0x30, 0x79,
  0x2d, 0xdd, 0x75, 0x08, 0xc9, 0x3e, 0x02, 0xdd, 0x77, 0x09, 0xdd, 0x66,
  0x07, 0xdd, 0x6e, 0x08, 0xcd, 0xf8, 0xa5, 0xcd, 0x97, 0xa2, 0xdd, 0x7e,
  0x04, 0xbc, 0x20, 0x06, 0x3d, 0xdd, 0x77, 0x04, 0x18, 0x07, 0x38, 0x55,
  0x24, 0xdd, 0x74, 0x07, 0xc9, 0x3e, 0x03, 0xdd, 0x77, 0x09, 0xdd, 0x66,
  0x07, 0xdd, 0x6e, 0x08, 0xcd, 0xf8, 0xa5, 0xcd, 0x97, 0xa2, 0xdd, 0x7e,
  0x0e, 0xbd, 0x20, 0x06, 0x3d, 0xdd, 0x77, 0x0e, 0x18, 0x07, 0x38, 0x31,
  0x2c, 0xdd, 0x75, 0x08, 0xc9, 0x3e, 0x04, 0xdd, 0x77, 0x09, 0xdd, 0x66,
  0x07, 0xdd, 0x6e, 0x08, 0xcd, 0xf8, 0xa5, 0xcd, 0x97, 0xa2, 0xdd, 0x7e,
  0x05, 0xbc, 0x20, 0x06, 0x3c, 0xdd, 0x77, 0x05, 0x18, 0x07, 0x30, 0x0d,
  0x25, 0xdd, 0x74, 0x07, 0xc9, 0x3e, 0x01, 0xdd, 0x77, 0x09, 0xc3, 0x32,
  0xa5, 0xdd, 0x7e, 0x06, 0xfe, 0x01, 0x28, 0x0b, 0xaf, 0xdd, 0x77, 0x09,
  0xdd, 0x77, 0x06, 0xdd, 0x77, 0x00, 0xc9, 0xdd, 0x77, 0x09, 0xdd, 0x7e,
  0x0d, 0xdd, 0x77, 0x0e, 0xdd, 0x7e, 0x0a, 0xdd, 0x77, 0x03, 0xdd, 0x7e,
  0x0b, 0xdd, 0x77, 0x04, 0xdd, 0x7e, 0x0c, 0x3c, 0xdd, 0x77, 0x05, 0x3e,
  0x02, 0xc3, 0xfd, 0xa4, 0xdd, 0x7e, 0x06, 0xfe, 0x01, 0x28, 0x02, 0xaf,
  0xc9, 0xdd, 0x7e, 0x0f, 0xfe, 0x02, 0x38, 0x16, 0x3a, 0xdd, 0xe1, 0xfe,
  0x00, 0x28, 0x01, 0x3d, 0x32, 0xdd, 0xe1, 0x3a, 0xde, 0xe1, 0xfe, 0xee,
  0x30, 0x01, 0x3c, 0x32, 0xde, 0xe1, 0x3e, 0x7e, 0xc9, 0xdd, 0x7e, 0x01,
  0x3d, 0x67, 0xdd, 0x7e, 0x02, 0x3d, 0x6f, 0xcd, 0x7d, 0xa2, 0xfe, 0x80,
  0x38, 0x05, 0xe6, 0xef, 0xcd, 0x97, 0xa2, 0x24, 0x24, 0xcd, 0x7d, 0xa2,
  0xfe, 0x80, 0x38, 0x05, 0xe6, 0xdf, 0xcd, 0x97, 0xa2, 0x25, 0x2c, 0xcd,
  0x7d, 0xa2, 0xf5, 0x2d, 0xe6, 0x02, 0x28, 0x0f, 0xcd, 0x7d, 0xa2, 0xe6,
  0x02, 0x20, 0x08, 0xcd, 0x7d, 0xa2, 0xf6, 0x20, 0xcd, 0x97, 0xa2, 0xf1,
  0xe6, 0x04, 0x28, 0x0f, 0xcd, 0x7d, 0xa2, 0xe6, 0x04, 0x20, 0x08, 0xcd,
  0x7d, 0xa2, 0xf6, 0x10, 0xcd, 0x97, 0xa2, 0x2c, 0x25, 0xcd, 0x7d, 0xa2,
  0xf5, 0xfe, 0x80, 0x38, 0x0b, 0xe6, 0x0c, 0x20, 0x07, 0xf1, 0xf5, 0xf6,
  0x10, 0xcd, 0x97, 0xa2, 0xf1, 0x24, 0x24, 0xcd, 0x7d, 0xa2, 0xf5, 0xfe,
  0x80, 0x38, 0x0b, 0xe6, 0x0a, 0x20, 0x07, 0xf1, 0xf5, 0xf6, 0x20, 0xcd,
  0x97, 0xa2, 0xf1, 0xc9, 0x3a, 0x02, 0xe0, 0xcb, 0x3f, 0xcb, 0x2f, 0xcb,
  0x2f, 0x3c, 0x67, 0x2e, 0x14, 0xcd, 0x7d, 0xa2, 0xfe, 0x7d, 0x30, 0x0a,
  0x2d, 0xaf, 0xb5, 0x20, 0xf4, 0x3e, 0x01, 0x18, 0x03, 0xc9, 0x2c, 0x7d,
  0x32, 0x05, 0xe0, 0xc9, 0x21, 0x06, 0xe0, 0x35, 0xc0, 0x3a, 0x07, 0xe0,
  0x32, 0x06, 0xe0, 0x3a, 0x82, 0xfc, 0xfe, 0x04, 0xca, 0x64, 0xa8, 0x21,
  0x16, 0xe0, 0x7e, 0x06, 0x05, 0x11, 0x10, 0x00, 0xb6, 0x19, 0x10, 0xfc,
  0xc0, 0x21, 0xc3, 0xe1, 0x34, 0x21, 0x08, 0xe0, 0x35, 0x21, 0xc1, 0xec,
  0x11, 0xe1, 0xec, 0x06, 0x28, 0xf3, 0xc5, 0xe5, 0x01, 0x0e, 0x00, 0xed,
  0xb0, 0xe1, 0x11, 0x20, 0x00, 0xaf, 0xed, 0x52, 0xe5, 0x19, 0xeb, 0xe1,
  0xc1, 0x10, 0xeb, 0x21, 0xc1, 0xec, 0x06, 0x0e, 0xaf, 0xb6, 0x23, 0x10,
  0xfc, 0x32, 0xe2, 0xe1, 0xc9, 0x3a, 0x84, 0xfc, 0xb7, 0xc8, 0xcd, 0xb3,
  0xa2, 0xc9, 0x35, 0xc0, 0x3a, 0xdb, 0xe1, 0x2f, 0x32, 0xdb, 0xe1, 0xb7,
  0xc0, 0xe1, 0xc9, 0xdd, 0x7e, 0x0d, 0xdd, 0x46, 0x0a, 0x90, 0x3c, 0x5f,
  0xdd, 0x7e, 0x0b, 0xdd, 0x46, 0x0c, 0x90, 0x3c, 0x4f, 0x06, 0x00, 0x16,
  0x00, 0xcd, 0x63, 0xa7, 0xeb, 0xdd, 0x4e, 0x0f, 0x06, 0x00, 0xcd, 0x63,
  0xa7, 0xed, 0x5b, 0xd8, 0xe1, 0x19, 0x22, 0xd8, 0xe1, 0x3a, 0xda, 0xe1,
  0x0e, 0x00, 0x89, 0x32, 0xda, 0xe1, 0xc9, 0x21, 0x00, 0x00, 0x79, 0xb0,
  0xc8, 0xcb, 0x38, 0xcb, 0x19, 0x30, 0x01, 0x19, 0xcb, 0x23, 0xcb, 0x12,
  0x18, 0xf0, 0x21, 0xdc, 0xe1, 0x35, 0xc0, 0x3e, 0x04, 0x77, 0x21, 0xa0,
  0x72, 0x3a, 0x82, 0xfc, 0xfe, 0x04, 0x20, 0x03, 0x21, 0xa0, 0x75, 0x11,
  0xa0, 0xe6, 0x01, 0x20, 0x00, 0xed, 0xb0, 0x2a, 0xd8, 0xe1, 0xfd, 0x21,
  0xa8, 0xe6, 0xcd, 0xba, 0xa7, 0x3a, 0xda, 0xe1, 0xfd, 0x86, 0xfa, 0xfd,
  0x77, 0xfa, 0x2a, 0xd8, 0xe3, 0xfd, 0x21, 0xb8, 0xe6, 0xcd, 0xba, 0xa7,
  0x3a, 0xda, 0xe3, 0xfd, 0x86, 0xfa, 0xfd, 0x77, 0xfa, 0xc9, 0x01, 0x10,
  0x27, 0xeb, 0xcd, 0xda, 0xa7, 0x7b, 0xc6, 0x30, 0xfd, 0x77, 0x00, 0xfd,
  0x23, 0x79, 0x3d, 0xc8, 0x59, 0x50, 0x01, 0x0a, 0x00, 0xe5, 0xcd, 0xda,
  0xa7, 0xe1, 0x4b, 0x42, 0x18, 0xe3, 0x21, 0x00, 0x00, 0xd9, 0x06, 0x10,
  0xd9, 0xcb, 0x23, 0xcb, 0x12, 0xed, 0x6a, 0xed, 0x42, 0x38, 0x03, 0x1c,
  0x18, 0x01, 0x09, 0xd9, 0x10, 0xee, 0xd9, 0xc9, 0x3a, 0x82, 0xfc, 0xfe,
  0x03, 0xc0, 0x3a, 0xdd, 0xe1, 0x5f, 0x16, 0x00, 0x0e, 0x0e, 0x06, 0x00,
  0xcd, 0xda, 0xa7, 0x4d, 0x43, 0x78, 0xb7, 0x21, 0x01, 0xe4, 0x28, 0x14,
  0xe5, 0xc5, 0x54, 0x5d, 0x13, 0x36, 0x9d, 0x01, 0x0d, 0x00, 0xed, 0xb0,
  0xc1, 0xe1, 0x11, 0x20, 0x00, 0x19, 0x10, 0xec, 0xaf, 0xb9, 0x28, 0x07,
  0x54, 0x5d, 0x13, 0x36, 0x9d, 0xed, 0xb0, 0x3a, 0xde, 0xe1, 0x5f, 0x16,
  0x00, 0x0e, 0x0e, 0x06, 0x00, 0xcd, 0xda, 0xa7, 0x4d, 0x43, 0x78, 0xb7,
  0x21, 0x11, 0xe4, 0x28, 0x14, 0xe5, 0xc5, 0x54, 0x5d, 0x13, 0x36, 0x9c,
  0x01, 0x0d, 0x00, 0xed, 0xb0, 0xc1, 0xe1, 0x11, 0x20, 0x00, 0x19, 0x10,
  0xec, 0xaf, 0xb9, 0xc8, 0x54, 0x5d, 0x13, 0x36, 0x9c, 0xed, 0xb0, 0xc9,
  0x21, 0x16, 0xe0, 0x7e, 0x06, 0x05, 0x11, 0x10, 0x00, 0xb6, 0x19, 0x10,
  0xfc, 0xc0, 0x21, 0x16, 0xe2, 0x7e, 0x06, 0x05, 0x11, 0x10, 0x00, 0xb6,
  0x19, 0x10, 0xfc, 0xc0, 0x21, 0xc3, 0xe1, 0x34, 0x11, 0x00, 0x02, 0x19,
  0x34, 0x21, 0x08, 0xe0, 0x35, 0x19, 0x35, 0x21, 0xc2, 0xec, 0x11, 0xe2,
  0xec, 0x06, 0x2e, 0xf3, 0xc5, 0xe5, 0x01, 0x1c, 0x00, 0xed, 0xb0, 0xe1,
  0x11, 0x20, 0x00, 0xaf, 0xed, 0x52, 0xe5, 0x19, 0xeb, 0xe1, 0xc1, 0x10,
  0xeb, 0x21, 0xc1, 0xec, 0x06, 0x1c, 0xaf, 0xb6, 0x23, 0x10, 0xfc, 0x32,
  0xe2, 0xe1, 0x32, 0xe3, 0xe1, 0xc9, 0xb2, 0xb3, 0xb4, 0xb5, 0x00, 0xb6,
  0xb7, 0xb8, 0xb9, 0x30, 0x05, 0xdd, 0x36, 0x00, 0x00, 0xc9, 0x25, 0xcd,
  0x43, 0xa9, 0xfe, 0x80, 0x38, 0x12, 0xe6, 0x0c, 0x20, 0x0e, 0x3e, 0x0e,
  0xe6, 0x0c, 0x4f, 0x2c, 0xcd, 0x43, 0xa9, 0xe6, 0xfb, 0xcd, 0x5d, 0xa9,
  0xdd, 0x66, 0x01, 0xdd, 0x6e, 0x02, 0x24, 0x2d, 0xcd, 0x43, 0xa9, 0xfe,
  0x80, 0x38, 0x11, 0xe6, 0x0a, 0x20, 0x0d, 0x3e, 0x0a, 0xa1, 0x4f, 0x2c,
  0xc3, 0x09, 0xa9, 0xc3, 0xdf, 0xaa, 0xc3, 0xda, 0xad, 0x3a, 0xca, 0xe3,
  0xfe, 0x03, 0x30, 0x0f, 0x3a, 0xe5, 0xe1, 0xb7, 0x20, 0x09, 0xcd, 0xe0,
  0xa9, 0xcd, 0x96, 0xae, 0xcd, 0x31, 0xa9, 0xcd, 0x72, 0xae, 0xcd, 0x03,
  0x94, 0x3a, 0x00, 0xe2, 0xcb, 0x47, 0xc4, 0x00, 0x8d, 0xcd, 0x00, 0x8d,
  0xc9, 0x3a, 0x00, 0xe2, 0xcb, 0x57, 0x20, 0x34, 0xcb, 0x5f, 0x20, 0x56,
  0x3a, 0x00, 0xe2, 0xcb, 0x47, 0x20, 0x16, 0x3a, 0xfd, 0xf3, 0x32, 0x07,
  0xe2, 0xf3, 0xcd, 0x80, 0x8f, 0x32, 0xed, 0xe1, 0xfb, 0x3a, 0xed, 0xe1,
  0xcb, 0x67, 0x20, 0x60, 0xc9, 0x3e, 0x03, 0x32, 0x07, 0xe2, 0x3a, 0x82,
  0xfc, 0xfe, 0x04, 0x20, 0xe4, 0x3e, 0x03, 0x32, 0x07, 0xe0, 0x18, 0xdd,
  0xcd, 0xe9, 0xae, 0x3a, 0x82, 0xfc, 0xfe, 0x04, 0x28, 0x0e, 0x3a, 0x02,
  0xe2, 0xfe, 0x00, 0x28, 0x05, 0xd6, 0x08, 0x32, 0x02, 0xe2, 0x18, 0xb8,
  0x3a, 0x02, 0xe2, 0xfe, 0x08, 0x28, 0xb1, 0xd6, 0x08, 0x32, 0x02, 0xe2,
  0x18, 0xaa, 0xcd, 0xe9, 0xae, 0x3a, 0x82, 0xfc, 0xfe, 0x04, 0x28, 0x0e,
  0x3a, 0x02, 0xe2, 0xfe, 0x68, 0x28, 0xdf, 0xc6, 0x08, 0x32, 0x02, 0xe2,
  0x18, 0x92, 0x3a, 0x02, 0xe2, 0xfe, 0xe0, 0x28, 0x8b, 0xc6, 0x08, 0x32,
  0x02, 0xe2, 0x18, 0x84, 0x06, 0x05, 0x21, 0x10, 0xe2, 0x7e, 0xb7, 0x28,
  0x07, 0x11, 0x10, 0x00, 0x19, 0x10, 0xf6, 0xc9, 0x3e, 0x01, 0x77, 0x3a,
  0x02, 0xe2, 0xcb, 0x3f, 0xcb, 0x2f, 0xcb, 0x2f, 0x3c, 0x23, 0x77, 0x23,
  0x3e, 0x15, 0x77, 0x3e, 0x01, 0xc3, 0x06, 0x49, 0x06, 0x05, 0xdd, 0x21,
  0x10, 0xe2, 0xc5, 0xcd, 0xf3, 0xa9, 0xc1, 0x11, 0x10, 0x00, 0xdd, 0x19,
  0x10, 0xf4, 0xc9, 0xdd, 0x7e, 0x06, 0xb7, 0xc2, 0xe4, 0xac, 0xdd, 0x7e,
  0x00, 0xb7, 0xc8, 0x0e, 0x0e, 0xdd, 0x66, 0x01, 0xdd, 0x6e, 0x02, 0x2d,
  0xcd, 0x93, 0xaa, 0xfe, 0x7d, 0x38, 0x69, 0xfe, 0x80, 0x30, 0x05, 0xdd,
  0x36, 0x00, 0x00, 0xc9, 0x25, 0xcd, 0x93, 0xaa, 0xfe, 0x80, 0x38, 0x12,
  0xe6, 0x0c, 0x20, 0x0e, 0x3e, 0x0e, 0xe6, 0x0c, 0x4f, 0x2c, 0xcd, 0x93,
  0xaa, 0xe6, 0xfb, 0xcd, 0xb8, 0xaa, 0xdd, 0x66, 0x01, 0xdd, 0x6e, 0x02,
  0x24, 0x2d, 0xcd, 0x93, 0xaa, 0xfe, 0x80, 0x38, 0x11, 0xe6, 0x0a, 0x20,
  0x0d, 0x3e, 0x0a, 0xa1, 0x4f, 0x2c, 0xcd, 0x93, 0xaa, 0xe6, 0xfd, 0xcd,
  0xb8, 0xaa, 0xdd, 0x66, 0x01, 0xdd, 0x6e, 0x02, 0x2d, 0xcd, 0x93, 0xaa,
  0xe6, 0xf7, 0xcd, 0xb8, 0xaa, 0x2c, 0x3e, 0xc0, 0xb1, 0xcd, 0xb8, 0xaa,
  0xcd, 0xf3, 0xad, 0xcd, 0xbb, 0xab, 0x3e, 0x02, 0xcd, 0x06, 0x49, 0xaf,
  0xdd, 0x77, 0x00, 0xc9, 0xdd, 0x7e, 0x02, 0xfe, 0x01, 0x28, 0xf4, 0xdd,
  0x6e, 0x02, 0x2d, 0xdd, 0x75, 0x02, 0xdd, 0x66, 0x01, 0x2d, 0xcd, 0x93,
  0xaa, 0xfe, 0x7d, 0xd8, 0xc3, 0x0f, 0xaa, 0xc5, 0xe5, 0xd5, 0x4c, 0x5d,
  0x3a, 0x82, 0xfc, 0xfe, 0x04, 0x21, 0x00, 0xea, 0x28, 0x03, 0x21, 0x10,
  0xea, 0x7b, 0x43, 0xb7, 0x28, 0x06, 0x11, 0x20, 0x00, 0x19, 0x10, 0xfd,
  0x06, 0x00, 0x09, 0x7e, 0xd1, 0xe1, 0xc1, 0xc9, 0xc5, 0xe5, 0xd5, 0xf5,
  0x5d, 0x4c, 0x3a, 0x82, 0xfc, 0xfe, 0x04, 0x21, 0x00, 0xea, 0x28, 0x03,
  0x21, 0x10, 0xea, 0x7b, 0x43, 0xb7, 0x28, 0x06, 0x11, 0x20, 0x00, 0x19,
  0x10, 0xfd, 0x06, 0x00, 0x09, 0xf1, 0x77, 0xd1, 0xe1, 0xc1, 0xc9, 0x3a,
  0xe5, 0xe1, 0xb7, 0x20, 0x2a, 0xcd, 0x76, 0xab, 0xcd, 0x2e, 0xab, 0xdd,
  0x21, 0x10, 0xe2, 0x06, 0x05, 0xdd, 0x7e, 0x00, 0xb7, 0x28, 0x11, 0xdd,
  0x7e, 0x06, 0xb7, 0x20, 0x0b, 0xdd, 0x66, 0x01, 0xdd, 0x6e, 0x02, 0x3e,
  0x7b, 0xcd, 0x95, 0xab, 0x11, 0x10, 0x00, 0xdd, 0x19, 0x10, 0xe2, 0x3a,
  0xee, 0xe1, 0xcb, 0x47, 0x20, 0x0c, 0x3a, 0x82, 0xfc, 0xfe, 0x04, 0xc8,
  0x3a, 0xca, 0xe3, 0xfe, 0x08, 0xc0, 0x11, 0x34, 0xe5, 0x21, 0x32, 0xaf,
  0x01, 0x09, 0x00, 0xed, 0xb0, 0xc9, 0x0e, 0x0e, 0x06, 0x04, 0x3a, 0x82,
  0xfc, 0xfe, 0x04, 0x3a, 0x02, 0xe2, 0x20, 0x04, 0xc6, 0x04, 0x18, 0x02,
  0xc6, 0x84, 0x1e, 0xaf, 0x57, 0x3e, 0x00, 0xcd, 0x00, 0x90, 0x0e, 0x0f,
  0x04, 0x3c, 0xcd, 0x00, 0x90, 0x0e, 0x08, 0x04, 0x3a, 0x05, 0xe2, 0x87,
  0x87, 0x87, 0x5f, 0x1d, 0x3a, 0x82, 0xfc, 0xfe, 0x04, 0x3a, 0x02, 0xe2,
  0x28, 0x02, 0xc6, 0x80, 0x57, 0x3e, 0x02, 0xcd, 0x00, 0x90, 0x0e, 0x0f,
  0x3c, 0x04, 0xcd, 0x00, 0x90, 0xc9, 0x3a, 0x02, 0xe2, 0xcb, 0x3f, 0xcb,
  0x3f, 0xcb, 0x3f, 0x67, 0x3e, 0x98, 0x2e, 0x16, 0x24, 0xcd, 0x95, 0xab,
  0x25, 0x2c, 0x06, 0x03, 0x3c, 0xcd, 0x95, 0xab, 0x24, 0x3c, 0x10, 0xf9,
  0xc9, 0xc5, 0xe5, 0xd5, 0xf5, 0x5d, 0x4c, 0x3a, 0x82, 0xfc, 0xfe, 0x04,
  0x21, 0x00, 0xe4, 0x28, 0x03, 0x21, 0x10, 0xe4, 0x43, 0xb7, 0x28, 0x06,
  0x11, 0x20, 0x00, 0x19, 0x10, 0xfd, 0x06, 0x00, 0x09, 0xf1, 0x77, 0xd1,
  0xe1, 0xc1, 0xc9, 0xdd, 0x66, 0x01, 0xdd, 0x6e, 0x02, 0x25, 0xcd, 0x93,
  0xaa, 0xfe, 0x80, 0x38, 0x0d, 0xe6, 0x08, 0xfe, 0x08, 0x20, 0x07, 0x7c,
  0xfe, 0xff, 0x20, 0xed, 0x26, 0x00, 0xcd, 0x93, 0xaa, 0xe6, 0x0a, 0xfe,
  0x0a, 0x28, 0x0a, 0x24, 0xdd, 0x7e, 0x01, 0xbc, 0x30, 0xf0, 0x28, 0xee,
  0xc9, 0x4c, 0xdd, 0x6e, 0x02, 0x2d, 0xcd, 0x93, 0xaa, 0xfe, 0x80, 0x38,
  0x0d, 0xe6, 0x02, 0xfe, 0x02, 0x20, 0x07, 0x7d, 0xfe, 0xff, 0x20, 0xed,
  0x2e, 0x00, 0xcd, 0x93, 0xaa, 0xe6, 0x03, 0xfe, 0x03, 0x28, 0x11, 0x2c,
  0xdd, 0x7e, 0x02, 0xbd, 0x30, 0xf0, 0x28, 0xee, 0x0c, 0x61, 0xdd, 0x6e,
  0x02, 0x0d, 0x18, 0xc4, 0x5d, 0x61, 0x24, 0xcd, 0x93, 0xaa, 0xfe, 0x80,
  0x38, 0x0d, 0xe6, 0x01, 0xfe, 0x01, 0x20, 0x07, 0x7c, 0xfe, 0x20, 0x20,
  0xed, 0x26, 0x1f, 0xcd, 0x93, 0xaa, 0xe6, 0x05, 0xfe, 0x05, 0x28, 0x0d,
  0x25, 0x79, 0xbc, 0x38, 0xf2, 0x28, 0xf0, 0x1c, 0x6b, 0x1d, 0x61, 0x18,
  0xc3, 0xdd, 0x7e, 0x01, 0xbc, 0x38, 0x02, 0x20, 0xf2, 0x54, 0x6b, 0xcd,
  0x93, 0xaa, 0xe6, 0x04, 0xfe, 0x04, 0x28, 0x06, 0x15, 0x62, 0x14, 0x6b,
  0x18, 0xd1, 0x2c, 0xdd, 0x7e, 0x02, 0xbd, 0x30, 0xea, 0xdd, 0x6e, 0x02,
  0xcd, 0x93, 0xaa, 0xe6, 0x08, 0xfe, 0x08, 0x28, 0x06, 0x15, 0x62, 0x14,
  0x6b, 0x18, 0xb8, 0x25, 0xdd, 0x7e, 0x01, 0xbc, 0x38, 0xe7, 0xdd, 0x7e,
  0x02, 0xdd, 0x77, 0x0e, 0xdd, 0x77, 0x0d, 0xdd, 0x73, 0x03, 0xdd, 0x73,
  0x0a, 0xdd, 0x72, 0x04, 0xdd, 0x72, 0x0b, 0xdd, 0x71, 0x0c, 0xdd, 0x71,
  0x05, 0xdd, 0x36, 0x0f, 0x00, 0x6b, 0x61, 0xcd, 0x93, 0xaa, 0xe6, 0x03,
  0xfe, 0x03, 0x20, 0x03, 0xdd, 0x34, 0x0f, 0x3e, 0x7f, 0xcd, 0xb8, 0xaa,
  0x7a, 0xbc, 0x28, 0x03, 0x24, 0x18, 0xe8, 0xdd, 0x7e, 0x02, 0xbd, 0x28,
  0x03, 0x2c, 0x18, 0xde, 0xcd, 0xf4, 0xae, 0xdd, 0x34, 0x05, 0x3e, 0x01,
  0xdd, 0x77, 0x09, 0xdd, 0x77, 0x06, 0xdd, 0x7e, 0x0c, 0xdd, 0x77, 0x07,
  0xdd, 0x7e, 0x0d, 0xdd, 0x77, 0x08, 0x3e, 0x03, 0xcd, 0x06, 0x49, 0xc9,
  0xdd, 0x36, 0x00, 0x01, 0xdd, 0x7e, 0x06, 0xfe, 0x01, 0xcc, 0xf0, 0xac,
  0xdd, 0x7e, 0x09, 0xfe, 0x01, 0x28, 0x0d, 0xfe, 0x02, 0x28, 0x2d, 0xfe,
  0x03, 0x28, 0x4d, 0xfe, 0x04, 0x28, 0x6d, 0xc9, 0xdd, 0x66, 0x07, 0xdd,
  0x6e, 0x08, 0xcd, 0xca, 0xad, 0xcd, 0xb8, 0xaa, 0xdd, 0x7e, 0x03, 0xbd,
  0x20, 0x06, 0x3c, 0xdd, 0x77, 0x03, 0x18, 0x07, 0x30, 0x79, 0x2d, 0xdd,
  0x75, 0x08, 0xc9, 0x3e, 0x02, 0xdd, 0x77, 0x09, 0xdd, 0x66, 0x07, 0xdd,
  0x6e, 0x08, 0xcd, 0xca, 0xad, 0xcd, 0xb8, 0xaa, 0xdd, 0x7e, 0x04, 0xbc,
  0x20, 0x06, 0x3d, 0xdd, 0x77, 0x04, 0x18, 0x07, 0x38, 0x55, 0x24, 0xdd,
  0x74, 0x07, 0xc9, 0x3e, 0x03, 0xdd, 0x77, 0x09, 0xdd, 0x66, 0x07, 0xdd,
  0x6e, 0x08, 0xcd, 0xca, 0xad, 0xcd, 0xb8, 0xaa, 0xdd, 0x7e, 0x0e, 0xbd,
  0x20, 0x06, 0x3d, 0xdd, 0x77, 0x0e, 0x18, 0x07, 0x38, 0x31, 0x2c, 0xdd,
  0x75, 0x08, 0xc9, 0x3e, 0x04, 0xdd, 0x77, 0x09, 0xdd, 0x66, 0x07, 0xdd,
  0x6e, 0x08, 0xcd, 0xca, 0xad, 0xcd, 0xb8, 0xaa, 0xdd, 0x7e, 0x05, 0xbc,
  0x20, 0x06, 0x3c, 0xdd, 0x77, 0x05, 0x18, 0x07, 0x30, 0x0d, 0x25, 0xdd,
  0x74, 0x07, 0xc9, 0x3e, 0x01, 0xdd, 0x77, 0x09, 0xc3, 0x04, 0xad, 0xdd,
  0x7e, 0x06, 0xfe, 0x01, 0x28, 0x0b, 0xaf, 0xdd, 0x77, 0x09, 0xdd, 0x77,
  0x06, 0xdd, 0x77, 0x00, 0xc9, 0xdd, 0x77, 0x09, 0xdd, 0x7e, 0x0d, 0xdd,
  0x77, 0x0e, 0xdd, 0x7e, 0x0a, 0xdd, 0x77, 0x03, 0xdd, 0x7e, 0x0b, 0xdd,
  0x77, 0x04, 0xdd, 0x7e, 0x0c, 0x3c, 0xdd, 0x77, 0x05, 0x3e, 0x02, 0xc3,
  0xcf, 0xac, 0xdd, 0x7e, 0x06, 0xfe, 0x01, 0x28, 0x02, 0xaf, 0xc9, 0xdd,
  0x7e, 0x0f, 0xfe, 0x02, 0x38, 0x16, 0x3a, 0xde, 0xe1, 0xfe, 0x00, 0x28,
  0x01, 0x3d, 0x32, 0xde, 0xe1, 0x3a, 0xdd, 0xe1, 0xfe, 0xee, 0x30, 0x01,
  0x3c, 0x32, 0xdd, 0xe1, 0x3e, 0x7d, 0xc9, 0xdd, 0x7e, 0x01, 0x3d, 0x67,
  0xdd, 0x7e, 0x02, 0x3d, 0x6f, 0xcd, 0x93, 0xaa, 0xfe, 0x80, 0x38, 0x05,
  0xe6, 0xef, 0xcd, 0xb8, 0xaa, 0x24, 0x24, 0xcd, 0x93, 0xaa, 0xfe, 0x80,
  0x38, 0x05, 0xe6, 0xdf, 0xcd, 0xb8, 0xaa, 0x25, 0x2c, 0xcd, 0x93, 0xaa,
  0xf5, 0x2d, 0xe6, 0x02, 0x28, 0x0f, 0xcd, 0x93, 0xaa, 0xe6, 0x02, 0x20,
  0x08, 0xcd, 0x93, 0xaa, 0xf6, 0x20, 0xcd, 0xb8, 0xaa, 0xf1, 0xe6, 0x04,
  0x28, 0x0f, 0xcd, 0x93, 0xaa, 0xe6, 0x04, 0x20, 0x08, 0xcd, 0x93, 0xaa,
  0xf6, 0x10, 0xcd, 0xb8, 0xaa, 0x2c, 0x25, 0xcd, 0x93, 0xaa, 0xf5, 0xfe,
  0x80, 0x38, 0x0b, 0xe6, 0x0c, 0x20, 0x07, 0xf1, 0xf5, 0xf6, 0x10, 0xcd,
  0xb8, 0xaa, 0xf1, 0x24, 0x24, 0xcd, 0x93, 0xaa, 0xf5, 0xfe, 0x80, 0x38,
  0x0b, 0xe6, 0x0a, 0x20, 0x07, 0xf1, 0xf5, 0xf6, 0x20, 0xcd, 0xb8, 0xaa,
  0xf1, 0xc9, 0x3a, 0x02, 0xe2, 0xcb, 0x3f, 0xcb, 0x2f, 0xcb, 0x2f, 0x3c,
  0x67, 0x2e, 0x14, 0xcd, 0x93, 0xaa, 0xfe, 0x7d, 0x30, 0x0a, 0x2d, 0xaf,
  0xb5, 0x20, 0xf4, 0x3e, 0x01, 0x18, 0x03, 0xc9, 0x2c, 0x7d, 0x32, 0x05,
  0xe2, 0xc9, 0x21, 0x06, 0xe2, 0x35, 0xc0, 0x3a, 0x07, 0xe2, 0x32, 0x06,
  0xe2, 0x3a, 0x82, 0xfc, 0xfe, 0x04, 0xc8, 0x21, 0x16, 0xe2, 0x7e, 0x06,
  0x05, 0x11, 0x10, 0x00, 0xb6, 0x19, 0x10, 0xfc, 0xc0, 0x21, 0xc3, 0xe3,
  0x34, 0x21, 0x08, 0xe2, 0x35, 0x21, 0xd1, 0xec, 0x11, 0xf1, 0xec, 0x06,
  0x28, 0xf3, 0xc5, 0xe5, 0x01, 0x0e, 0x00, 0xed, 0xb0, 0xe1, 0x11, 0x20,
  0x00, 0xaf, 0xed, 0x52, 0xe5, 0x19, 0xeb, 0xe1, 0xc1, 0x10, 0xeb, 0x21,
  0xd1, 0xec, 0x06, 0x0e, 0xaf, 0xb6, 0x23, 0x10, 0xfc, 0x32, 0xe3, 0xe1,
  0xc9, 0x3a, 0xdb, 0xe3, 0x2f, 0x32, 0xdb, 0xe3, 0xb7, 0xc0, 0xe1, 0xc9,
  0xdd, 0x7e, 0x0d, 0xdd, 0x46, 0x0a, 0x90, 0x3c, 0x5f, 0xdd, 0x7e, 0x0b,
  0xdd, 0x46, 0x0c, 0x90, 0x3c, 0x4f, 0x06, 0x00, 0x16, 0x00, 0xcd, 0x1f,
  0xaf, 0xeb, 0xdd, 0x4e, 0x0f, 0x06, 0x00, 0xcd, 0x1f, 0xaf, 0xed, 0x5b,
  0xd8, 0xe3, 0x19, 0x22, 0xd8, 0xe3, 0xc9, 0x21, 0x00, 0x00, 0x79, 0xb0,
  0xc8, 0xcb, 0x38, 0xcb, 0x19, 0x30, 0x01, 0x19, 0xcb, 0x23, 0xcb, 0x12,
  0x18, 0xf0, 0xb2, 0xb3, 0xb4, 0xb5, 0x00, 0xb6, 0xb7, 0xb8, 0xb9, 0x65,
  0x00, 0x67, 0x00, 0x5d, 0x77, 0x6c, 0x6c, 0x00, 0x61, 0x66, 0x00, 0x64,
  0x00, 0x64, 0x65, 0x63, 0x6a, 0x67, 0x00, 0x7a, 0x5b, 0x67, 0x6c, 0x62,
  0x61, 0x64, 0x6b, 0x68, 0x6a, 0x6a, 0x69, 0x66, 0x00, 0x68, 0x61, 0x5e,
  0x78, 0x00, 0x67, 0x00, 0x62, 0x67, 0x00, 0x65, 0x00, 0x65, 0x66, 0x64,
  0x6b, 0x68, 0x61, 0x79, 0x5c, 0x68, 0x63, 0x63, 0x62, 0x65, 0x6c, 0x69,
  0x6b, 0x6b, 0x6a, 0x61, 0x00, 0x69, 0x62, 0x5d, 0x77, 0x00, 0x68, 0x00,
  0x63, 0x68, 0x00, 0x66, 0x67, 0x66, 0x67, 0x65, 0x6c, 0x69, 0x62, 0x7a,
  0x5b, 0x69, 0x64, 0x64, 0x63, 0x66, 0x61, 0x6a, 0x6c, 0x6c, 0x6b, 0x62,
  0x67, 0x6a, 0x63, 0x5e, 0x75, 0x76, 0x31, 0x50, 0x76, 0x53, 0x43, 0x76,
  0x30, 0x30, 0x30, 0x30, 0x30, 0x30, 0x76, 0x74, 0x75, 0x76, 0x32, 0x50,
  0x76, 0x53, 0x43, 0x76, 0x30, 0x30, 0x30, 0x30, 0x30, 0x30, 0x76, 0x74,
  0x77, 0x00, 0x6a, 0x61, 0x65, 0x6a, 0x00, 0x64, 0x69, 0x00, 0x69, 0x00,
  0x00, 0x6b, 0x64, 0x7a, 0x5b, 0x6b, 0x66, 0x66, 0x65, 0x00, 0x63, 0x6c,
  0x00, 0x69, 0x00, 0x64, 0x69, 0x6c, 0x65, 0x5e, 0x78, 0x00, 0x6b, 0x00,
  0x66, 0x6b, 0x00, 0x65, 0x6a, 0x00, 0x6a, 0x00, 0x00, 0x6c, 0x65, 0x79,
  0x5c, 0x6c, 0x63, 0x00, 0x66, 0x00, 0x64, 0x00, 0x00, 0x6a, 0x00, 0x65,
  0x6a, 0x00, 0x66, 0x5d, 0x02, 0x04, 0x08, 0x01, 0x03, 0x07, 0x04, 0x06,
  0x07, 0x06, 0x02, 0x06, 0x04, 0x07, 0x06, 0x05, 0x06, 0x0e, 0x02, 0x07,
  0x0f, 0x04, 0x09, 0x0e, 0x09, 0x06, 0x0d, 0x05, 0x0b, 0x0d, 0x02, 0x0c,
  0x0e, 0x05, 0x04, 0x09, 0xff, 0xff, 0xff, 0xff, 0xff, 0xff, 0xff, 0xff,
  0xff, 0xff, 0xff, 0xff, 0xff, 0xff, 0xff, 0xff, 0xff, 0xff, 0xff, 0xff,
  0xff, 0xff, 0xff, 0xff, 0x04, 0x06, 0x07, 0x09, 0x06, 0x06, 0x05, 0x09,
  0x07, 0x03, 0x0a, 0x10, 0x03, 0x08, 0x0f, 0x03, 0x06, 0x10, 0x03, 0x08,
  0x12, 0xff, 0xff, 0xff, 0xff, 0xff, 0xff, 0xff, 0xff, 0xff, 0xff, 0xff,
  0xff, 0xff, 0xff, 0xff, 0xff, 0xff, 0xff, 0xff, 0xff, 0xff, 0xff, 0xff,
  0xff, 0xff, 0xff, 0xff, 0xff, 0xff, 0xff, 0xff, 0xff, 0xff, 0xff, 0xff,
  0xff, 0xff, 0xff, 0xff, 0x03, 0x07, 0x14, 0x03, 0x05, 0x13, 0x03, 0x09,
  0x13, 0x03, 0x07, 0x11, 0x03, 0x05, 0x10, 0x03, 0x09, 0x10, 0x03, 0x07,
  0x0e, 0x03, 0x05, 0x0d, 0x03, 0x09, 0x0d, 0x03, 0x07, 0x0b, 0x03, 0x09,
  0x0a, 0x03, 0x05, 0x0a, 0x03, 0x07, 0x08, 0x03, 0x03, 0x0c, 0x03, 0x0b,
  0x0c, 0x03, 0x0b, 0x0f, 0x03, 0x03, 0x0f, 0xff, 0xff, 0xff, 0xff, 0xff,
  0xff, 0xff, 0xff, 0xff, 0x08, 0x07, 0x14, 0x08, 0x05, 0x11, 0x08, 0x09,
  0x11, 0x08, 0x07, 0x0e, 0x08, 0x01, 0x10, 0x08, 0x0a, 0x0b, 0x08, 0x06,
  0x0b, 0xff, 0xff, 0xff, 0xff, 0xff, 0xff, 0xff, 0xff, 0xff, 0xff, 0xff,
  0xff, 0xff, 0xff, 0xff, 0xff, 0xff, 0xff, 0xff, 0xff, 0xff, 0xff, 0xff,
  0xff, 0xff, 0xff, 0xff, 0xff, 0xff, 0xff, 0xff, 0xff, 0xff, 0xff, 0xff,
  0xff, 0xff, 0xff, 0xff, 0x05, 0x06, 0x0a, 0x03, 0x07, 0x0b, 0x06, 0x05,
  0x09, 0x09, 0x08, 0x0a, 0x07, 0x0a, 0x09, 0x04, 0xc3, 0x06, 0xb1, 0xc3,
  0x75, 0xb1, 0x3a, 0x92, 0xe3, 0x21, 0x39, 0xb1, 0x11, 0x02, 0x00, 0x47,
  0x19, 0x10, 0xfd, 0x5e, 0x23, 0x56, 0x3a, 0x94, 0xe3, 0x6f, 0x3a, 0x93,
  0xe3, 0x67, 0x1a, 0xfe, 0x01, 0x28, 0x0c, 0xb7, 0x28, 0x05, 0xc6, 0x40,
  0xcd, 0x4f, 0xb1, 0x24, 0x13, 0x18, 0xef, 0x2c, 0x3a, 0x93, 0xe3, 0x67,
  0x13, 0x1a, 0xfe, 0xff, 0x20, 0xe4, 0xc9, 0x00, 0x92, 0x0d, 0x92, 0x1a,
  0x92, 0x27, 0x92, 0x37, 0x92, 0x47, 0x92, 0x54, 0x92, 0x61, 0x92, 0x71,
  0x92, 0x7e, 0x92, 0xc5, 0xe5, 0xd5, 0xf5, 0x5d, 0x4c, 0x3a, 0xdf, 0xe1,
  0xb7, 0x21, 0x30, 0xe7, 0x28, 0x03, 0x21, 0x29, 0xe7, 0x43, 0x78, 0xb7,
  0x28, 0x06, 0x11, 0x20, 0x00, 0x19, 0x10, 0xfd, 0x06, 0x00, 0x09, 0xf1,
  0x77, 0xd1, 0xe1, 0xc1, 0xc9, 0x21, 0x30, 0xe7, 0x06, 0x18, 0x11, 0x30,
  0x18, 0xc5, 0xd5, 0xe5, 0x01, 0x10, 0x00, 0xcd, 0x5c, 0x00, 0xe1, 0x11,
  0x20, 0x00, 0x19, 0xeb, 0xe1, 0x01, 0x20, 0x00, 0x09, 0xeb, 0xc1, 0x10,
  0xe8, 0xc9, 0x00, 0x19, 0xeb, 0xe1, 0x01, 0x20, 0x00, 0x09, 0xeb, 0xc1,
  0x10, 0xe8, 0xc9, 0x0f, 0x07, 0x01, 0x09, 0x08, 0x01, 0x0a, 0x08, 0x06,
  0x0a, 0x07, 0x06, 0x09, 0xfe, 0xff, 0x20, 0x21, 0x21, 0x98, 0xb2, 0x11,
  0xe3, 0xf1, 0x01, 0x0a, 0x00, 0xed, 0xb0, 0x21, 0x83, 0xf1, 0xaf, 0x77,
  0x11, 0x84, 0xf1, 0x01, 0x5f, 0x00, 0xed, 0xb0, 0x3c, 0x21, 0x80, 0xf1,
  0x77, 0x23, 0x77, 0x23, 0x77, 0x3a, 0x80, 0xf1, 0x3d, 0x32, 0x80, 0xf1,
  0x20, 0x11, 0xdd, 0x21, 0x84, 0xb2, 0x21, 0xe3, 0xf1, 0x06, 0x02, 0xcd,
  0x57, 0xb2, 0x3e, 0x02, 0x32, 0x80, 0xf1, 0x3a, 0x81, 0xf1, 0x3d, 0x32,
  0x81, 0xf1, 0x20, 0x11, 0xdd, 0x21, 0x88, 0xb2, 0x21, 0xe5, 0xf1, 0x06,
  0x03, 0xcd, 0x57, 0xb2, 0x3e, 0x03, 0x32, 0x81, 0xf1, 0x3a, 0x82, 0xf1,
  0x3d, 0x32, 0x82, 0xf1, 0x20, 0x11, 0xdd, 0x21, 0x8e, 0xb2, 0x21, 0xe8,
  0xf1, 0x06, 0x05, 0xcd, 0x57, 0xb2, 0x3e, 0x05, 0x32, 0x82, 0xf1, 0x21,
  0x83, 0xf1, 0x11, 0x38, 0x03, 0x01, 0x30, 0x00, 0xc5, 0xcd, 0x37, 0xb2,
  0x21, 0xb3, 0xf1, 0x11, 0x38, 0x23, 0xc1, 0xe5, 0xc5, 0xd5, 0xcd, 0x0c,
  0x90, 0xd1, 0x21, 0x00, 0x08, 0x19, 0xeb, 0xc1, 0xe1, 0xe5, 0xc5, 0xd5,
  0xcd, 0x0c, 0x90, 0xd1, 0x21, 0x00, 0x08, 0x19, 0xeb, 0xc1, 0xe1, 0xcd,
  0x0c, 0x90, 0xc9, 0xe5, 0x11, 0xb3, 0xf1, 0x7e, 0x6f, 0x26, 0x00, 0x19,
  0x36, 0x00, 0x3c, 0xfe, 0x30, 0x38, 0x01, 0xaf, 0xe1, 0xe5, 0x77, 0x26,
  0x00, 0x6f, 0x19, 0xdd, 0x7e, 0x01, 0x77, 0x11, 0xd0, 0xff, 0x19, 0xdd,
  0x7e, 0x00, 0x77, 0xdd, 0x23, 0xdd, 0x23, 0xe1, 0x23, 0x10, 0xd4, 0xc9,
  0x02, 0xb0, 0x08, 0xe0, 0x02, 0x30, 0x80, 0xa0, 0x08, 0xf0, 0x08, 0x80,
  0x10, 0x60, 0x10, 0xa0, 0x10, 0x30, 0x02, 0xd0, 0x1e, 0x09, 0x0b, 0x06,
  0x2c, 0x09, 0x0a, 0x2b, 0x11, 0x02, 0xa0, 0x02, 0x30, 0x10, 0x40, 0x01,
  0x90, 0x2e, 0x07, 0x12, 0x25, 0x03, 0x13, 0x1c, 0x06, 0x00, 0x2c, 0x27,
  0x13, 0xff, 0x07, 0x11, 0xff, 0xff, 0xff, 0xff, 0xff, 0xff, 0xff, 0xff,
  0xff, 0xff, 0xff, 0xff, 0xff, 0xff, 0xff, 0xff, 0xff, 0xff, 0xff, 0xff,
  0xff, 0xff, 0xff, 0xff, 0x01, 0x01, 0x08, 0x01, 0x02, 0x09, 0x01, 0x03,
  0x0a, 0x07, 0x04, 0x08, 0x02, 0x05, 0x09, 0xff, 0xff, 0xff, 0xff, 0xff,
  0xff, 0xff, 0xff, 0xff, 0xff, 0xff, 0xff, 0xff, 0xff, 0xff, 0xff, 0xff,
  0xff, 0xff, 0xff, 0xff, 0xff, 0xff, 0xff, 0xff, 0xff, 0xff, 0xff, 0xff,
  0xff, 0xff, 0xff, 0xff, 0xc3, 0x06, 0xb3, 0xc3, 0x6b, 0xb3, 0x3a, 0x95,
  0xe3, 0x21, 0x37, 0xb3, 0x11, 0x02, 0x00, 0x47, 0x19, 0x10, 0xfd, 0x5e,
  0x23, 0x56, 0x3a, 0x97, 0xe3, 0x6f, 0x3a, 0x96, 0xe3, 0x67, 0x1a, 0xfe,
  0x01, 0x28, 0x0a, 0xb7, 0x28, 0x03, 0xcd, 0x4d, 0xb3, 0x24, 0x13, 0x18,
  0xf1, 0x2c, 0x3a, 0x96, 0xe3, 0x67, 0x13, 0x1a, 0xfe, 0xff, 0x20, 0xe6,
  0xc9, 0x00, 0x92, 0x0d, 0x92, 0x1a, 0x92, 0x27, 0x92, 0x37, 0x92, 0x47,
  0x92, 0x54, 0x92, 0x61, 0x92, 0x71, 0x92, 0x7e, 0x92, 0xc5, 0xe5, 0xd5,
  0xf5, 0x7d, 0x4c, 0x21, 0x00, 0x18, 0x47, 0xb7, 0x28, 0x06, 0x11, 0x20,
  0x00, 0x19, 0x10, 0xfd, 0x06, 0x00, 0x09, 0xf1, 0xcd, 0x06, 0x90, 0xd1,
  0xe1, 0xc1, 0xc9, 0x3e, 0xff, 0x32, 0x08, 0xe2, 0x3a, 0xdf, 0xe1, 0xb7,
  0x28, 0x0b, 0x21, 0x00, 0xe7, 0x11, 0x01, 0xe7, 0x01, 0x00, 0x03, 0xed,
  0xb0, 0x2a, 0x98, 0xe3, 0x7e, 0xfe, 0xff, 0x28, 0x28, 0x32, 0x92, 0xe3,
  0x23, 0x3a, 0x82, 0xfc, 0xfe, 0x04, 0x7e, 0x20, 0x01, 0x3d, 0x32, 0x93,
  0xe3, 0x23, 0x7e, 0x32, 0x94, 0xe3, 0x5f, 0x3a, 0x08, 0xe2, 0xbb, 0x38,
  0x04, 0x7b, 0x32, 0x08, 0xe2, 0x23, 0xe5, 0xcd, 0x00, 0xb1, 0xe1, 0x18,
  0xd3, 0x3a, 0x08, 0xe2, 0x4f, 0x3e, 0x1a, 0x91, 0x32, 0x08, 0xe2, 0x4f,
  0x3a, 0xdf, 0xe1, 0xb7, 0xc8, 0x79, 0x32, 0x08, 0xe0, 0xc9, 0x09, 0x08,
  0x11, 0x09, 0x05, 0x12, 0x09, 0x02, 0x0f, 0x09, 0x08, 0x0f, 0x09, 0x05,
  0x0e, 0x09, 0x08, 0x13, 0x09, 0x02, 0x13, 0x09, 0x05, 0x14, 0xff, 0xff,
  0x01, 0x02, 0x07, 0x0a, 0x05, 0x07, 0x0a, 0x04, 0x08, 0x08, 0x04, 0x09,
  0x08, 0x03, 0x0c, 0x08, 0x09, 0x0f, 0x05, 0x08, 0x0e, 0x09, 0x08, 0x0d,
  0x04, 0x0c, 0x0e, 0x04, 0x0d, 0x0d, 0x04, 0x0a, 0x10, 0x01, 0x01, 0x14,
  0x09, 0x02, 0x13, 0x07, 0x05, 0x14, 0x03, 0x0c, 0x13, 0x03, 0x02, 0x0f,
  0xff, 0x09, 0x07, 0x0c, 0x05, 0x07, 0x0d, 0x01, 0x08, 0x0e, 0x04, 0x0a,
  0x0d, 0x04, 0x09, 0x0f, 0x09, 0x05, 0x12, 0x0a, 0x0b, 0x12, 0x09, 0x02,
  0x13, 0x09, 0x05, 0x14, 0x09, 0x0a, 0x14, 0xff, 0x03, 0x07, 0x14, 0x03,
  0x05, 0x13, 0x03, 0x09, 0x13, 0x09, 0x06, 0x12, 0x05, 0x04, 0x12, 0x04,
  0x0b, 0x12, 0xff, 0x08, 0x04, 0x07, 0x08, 0x08, 0x07, 0x07, 0x06, 0x0a,
  0x06, 0x05, 0x0b, 0x05, 0x04, 0x0a, 0x08, 0x06, 0x0c, 0x04, 0x0a, 0x0c,
  0x04, 0x09, 0x0f, 0x04, 0x08, 0x11, 0x07, 0x04, 0x12, 0x06, 0x01, 0x13,
  0xff, 0x06, 0x01, 0x07, 0x07, 0x06, 0x07, 0x07, 0x04, 0x08, 0x07, 0x02,
  0x09, 0x06, 0x07, 0x0d, 0x06, 0x08, 0x0e, 0x04, 0x0c, 0x0d, 0x04, 0x0b,
  0x0f, 0x02, 0x08, 0x10, 0x05, 0x08, 0x11, 0x02, 0x09, 0x13, 0xff, 0x04,
  0x08, 0x0c, 0x01, 0x0b, 0x11, 0x03, 0x04, 0x10, 0x01, 0x02, 0x14, 0x02,
  0x05, 0x0f, 0x01, 0x07, 0x0b, 0x09, 0x03, 0x13, 0x09, 0x09, 0x14, 0xff,
  0x05, 0x01, 0x0d, 0x01, 0x01, 0x0a, 0x0a, 0x06, 0x07, 0x07, 0x0a, 0x0a,
  0x05, 0x04, 0x07, 0x05, 0x09, 0x08, 0x03, 0x0b, 0x0b, 0x03, 0x05, 0x08,
  0x08, 0x05, 0x0b, 0x08, 0x03, 0x0e, 0x05, 0x07, 0x0e, 0x03, 0x09, 0x13,
  0x03, 0x04, 0x11, 0x03, 0x01, 0x14, 0xff, 0x06, 0x03, 0x07, 0x02, 0x08,
  0x07, 0x05, 0x09, 0x0a, 0x03, 0x07, 0x08, 0x01, 0x03, 0x09, 0x0a, 0x06,
  0x0f, 0x02, 0x04, 0x0a, 0x04, 0x04, 0x0b, 0x01, 0x02, 0x12, 0x09, 0x03,
  0x13, 0x09, 0x06, 0x12, 0x09, 0x09, 0x13, 0x09, 0x06, 0x14, 0xff, 0x05,
  0x03, 0x0b, 0x04, 0x04, 0x0a, 0x04, 0x0b, 0x0d, 0x05, 0x0a, 0x0e, 0x04,
  0x07, 0x11, 0x05, 0x06, 0x10, 0x09, 0x01, 0x09, 0x09, 0x08, 0x0c, 0xff,
  0x0a, 0x01, 0x12, 0x0a, 0x05, 0x12, 0x0a, 0x09, 0x12, 0x0a, 0x04, 0x11,
  0x0a, 0x08, 0x11, 0x0a, 0x07, 0x10, 0x02, 0x0a, 0x0f, 0x05, 0x01, 0x0d,
  0x05, 0x03, 0x0d, 0x08, 0x03, 0x14, 0x08, 0x08, 0x14, 0xff, 0x0a, 0x03,
  0x0f, 0x0a, 0x08, 0x0f, 0x03, 0x06, 0x0e, 0x08, 0x07, 0x11, 0x01, 0x04,
  0x11, 0x09, 0x05, 0x14, 0xff, 0x07, 0x0a, 0x07, 0x06, 0x05, 0x07, 0x09,
  0x07, 0x08, 0x09, 0x0a, 0x09, 0x09, 0x07, 0x0a, 0x0a, 0x05, 0x09, 0x05,
  0x0d, 0x0a, 0x03, 0x0a, 0x0b, 0x03, 0x06, 0x0b, 0x05, 0x05, 0x0a, 0x03,
  0x08, 0x0c, 0x03, 0x06, 0x0e, 0x03, 0x0a, 0x0e, 0x03, 0x08, 0x0f, 0x03,
  0x0c, 0x0f, 0x03, 0x0a, 0x11, 0x03, 0x0c, 0x12, 0x03, 0x0a, 0x14, 0x03,
  0x08, 0x12, 0xff, 0x01, 0x01, 0x08, 0x01, 0x02, 0x09, 0x01, 0x03, 0x0a,
  0x07, 0x04, 0x08, 0x02, 0x05, 0x09, 0x0a, 0x05, 0x0c, 0x0a, 0x03, 0x0d,
  0x0a, 0x07, 0x0d, 0x0a, 0x05, 0x0e, 0x04, 0x09, 0x0e, 0x05, 0x03, 0x0e,
  0x05, 0x06, 0x0f, 0x05, 0x04, 0x0f, 0x05, 0x08, 0x0f, 0xff, 0x05, 0x01,
  0x0e, 0x05, 0x01, 0x09, 0x06, 0x01, 0x07, 0x03, 0x06, 0x07, 0x01, 0x09,
  0x07, 0x04, 0x0a, 0x08, 0x04, 0x0a, 0x0d, 0x0a, 0x08, 0x12, 0x0a, 0x04,
  0x12, 0x03, 0x05, 0x0c, 0x05, 0x03, 0x10, 0x05, 0x02, 0x0f, 0xff, 0x03,
  0x04, 0x0e, 0x0a, 0x04, 0x0d, 0x0a, 0x08, 0x0d, 0x03, 0x09, 0x0e, 0x03,
  0x02, 0x0c, 0x03, 0x0b, 0x0c, 0x0a, 0x07, 0x0c, 0x06, 0x06, 0x0b, 0x06,
  0x01, 0x0b, 0x05, 0x01, 0x0d, 0x05, 0x01, 0x12, 0x02, 0x0c, 0x0b, 0x04,
  0x0d, 0x0e, 0x04, 0x0c, 0x12, 0x08, 0x04, 0x12, 0x08, 0x08, 0x13, 0x07,
  0x07, 0x11, 0xff, 0x08, 0x05, 0x0d, 0x08, 0x03, 0x10, 0x04, 0x06, 0x0e,
  0x08, 0x08, 0x10, 0x08, 0x05, 0x13, 0x06, 0x01, 0x0c, 0x0a, 0x06, 0x0c,
  0x08, 0x0a, 0x0c, 0x04, 0x09, 0x11, 0x05, 0x04, 0x11, 0x05, 0x02, 0x0e,
  0x02, 0x0b, 0x0f, 0x04, 0x0c, 0x12, 0xff, 0x09, 0x05, 0x10, 0x09, 0x02,
  0x11, 0x09, 0x08, 0x11, 0x09, 0x05, 0x12, 0x09, 0x02, 0x0f, 0x09, 0x08,
  0x0f, 0x09, 0x05, 0x0e, 0x03, 0x04, 0x13, 0x03, 0x08, 0x13, 0x03, 0x06,
  0x14, 0x03, 0x03, 0x0c, 0x03, 0x09, 0x0c, 0xff, 0x01, 0x01, 0x10, 0x01,
  0x06, 0x10, 0x01, 0x0b, 0x10, 0x07, 0x01, 0x0f, 0x07, 0x06, 0x0f, 0x02,
  0x0c, 0x0f, 0x03, 0x08, 0x11, 0x03, 0x0c, 0x12, 0x03, 0x03, 0x11, 0x03,
  0x06, 0x13, 0xff, 0x03, 0x07, 0x14, 0x03, 0x04, 0x14, 0x03, 0x01, 0x14,
  0x03, 0x0a, 0x14, 0xff, 0x08, 0x06, 0x0c, 0x08, 0x06, 0x0f, 0x08, 0x06,
  0x12, 0x06, 0x05, 0x0b, 0x08, 0x06, 0x08, 0x07, 0x06, 0x07, 0xff, 0x05,
  0x01, 0x07, 0x0a, 0x01, 0x0c, 0x05, 0x06, 0x0a, 0x08, 0x06, 0x0f, 0x05,
  0x08, 0x0a, 0x05, 0x0b, 0x0e, 0x02, 0x0c, 0x11, 0xff, 0x06, 0x09, 0x0e,
  0x08, 0x0a, 0x0f, 0x08, 0x0b, 0x12, 0x07, 0x02, 0x07, 0x08, 0x02, 0x08,
  0x08, 0x03, 0x0b, 0xff, 0x03, 0x05, 0x0e, 0x03, 0x08, 0x0e, 0x08, 0x08,
  0x11, 0x08, 0x04, 0x11, 0x08, 0x01, 0x0e, 0x08, 0x0b, 0x0e, 0xff, 0x06,
  0x06, 0x0c, 0x04, 0x09, 0x0d, 0x01, 0x07, 0x0e, 0x04, 0x08, 0x0f, 0xff,
  0x08, 0x01, 0x0c, 0x08, 0x06, 0x0c, 0x08, 0x0b, 0x0c, 0x0a, 0x0b, 0x0b,
  0x0a, 0x06, 0x0b, 0x0a, 0x01, 0x0b, 0x0a, 0x08, 0x14, 0x07, 0x01, 0x0a,
  0x09, 0x08, 0x0a, 0x09, 0x05, 0x13, 0xff, 0x08, 0x0b, 0x0f, 0x08, 0x07,
  0x0f, 0x08, 0x03, 0x0f, 0x05, 0x01, 0x0f, 0x08, 0x03, 0x12, 0x08, 0x07,
  0x12, 0x08, 0x0b, 0x12, 0xff, 0x03, 0x07, 0x08, 0x03, 0x04, 0x0a, 0x03,
  0x0a, 0x0a, 0x03, 0x02, 0x0d, 0x03, 0x0c, 0x0d, 0x03, 0x07, 0x13, 0x03,
  0x07, 0x0f, 0xff, 0x02, 0x05, 0x0d, 0x02, 0x08, 0x0d, 0x0a, 0x04, 0x10,
  0x0a, 0x08, 0x10, 0x01, 0x05, 0x12, 0x01, 0x08, 0x12, 0xff, 0x0a, 0x06,
  0x07, 0x0a, 0x02, 0x07, 0x0a, 0x0a, 0x07, 0x0a, 0x05, 0x0a, 0x0a, 0x08,
  0x0b, 0x0a, 0x03, 0x0b, 0x0a, 0x09, 0x0f, 0x0a, 0x03, 0x10, 0x0a, 0x06,
  0x13, 0xff, 0x05, 0x08, 0x09, 0x08, 0x04, 0x0a, 0x08, 0x09, 0x0a, 0x08,
  0x07, 0x0e, 0x09, 0x08, 0x08, 0x09, 0x03, 0x08, 0x05, 0x0d, 0x08, 0x08,
  0x01, 0x0f, 0x05, 0x08, 0x0f, 0xff, 0x06, 0x01, 0x0a, 0x06, 0x06, 0x0a,
  0x05, 0x0b, 0x0a, 0x05, 0x0b, 0x0f, 0x05, 0x07, 0x0b, 0x05, 0x07, 0x10,
  0x05, 0x03, 0x0b, 0x05, 0x04, 0x0f, 0xff, 0x08, 0x01, 0x07, 0x08, 0x0b,
  0x07, 0x08, 0x01, 0x12, 0x08, 0x0b, 0x12, 0x08, 0x06, 0x0c, 0xff, 0x07,
  0x09, 0x0c, 0x07, 0x02, 0x0c, 0x09, 0x05, 0x0b, 0x06, 0x02, 0x0a, 0x0a,
  0x07, 0x0a, 0x0a, 0x0a, 0x0b, 0x0a, 0x0b, 0x0a, 0x08, 0x09, 0x0d, 0x08,
  0x02, 0x0d, 0x08, 0x02, 0x10, 0x08, 0x09, 0x10, 0x08, 0x02, 0x13, 0x08,
  0x09, 0x13, 0xff, 0x05, 0x01, 0x07, 0x04, 0x0e, 0x09, 0x03, 0x0a, 0x07,
  0x02, 0x05, 0x09, 0x01, 0x0c, 0x12, 0x0a, 0x09, 0x0d, 0x09, 0x03, 0x10,
  0x08, 0x01, 0x13, 0x07, 0x01, 0x0d, 0x06, 0x06, 0x13, 0xff, 0x04, 0x03,
  0x11, 0x05, 0x05, 0x11, 0x04, 0x0a, 0x11, 0x05, 0x0c, 0x11, 0x05, 0x0c,
  0x0a, 0x04, 0x0a, 0x0a, 0x04, 0x03, 0x0a, 0x05, 0x05, 0x0a, 0x03, 0x07,
  0x0c, 0x03, 0x07, 0x13, 0xff, 0x03, 0x01, 0x10, 0x03, 0x05, 0x10, 0x03,
  0x09, 0x10, 0x03, 0x07, 0x0e, 0x03, 0x03, 0x0e, 0x01, 0x03, 0x13, 0xff,
  0x06, 0x02, 0x10, 0x07, 0x0a, 0x10, 0x04, 0x07, 0x10, 0x07, 0x09, 0x11,
  0x07, 0x03, 0x11, 0x07, 0x02, 0x12, 0x07, 0x0a, 0x13, 0xff, 0x08, 0x03,
  0x0e, 0x05, 0x02, 0x0d, 0x03, 0x06, 0x0d, 0x09, 0x02, 0x0c, 0x09, 0x07,
  0x0c, 0x04, 0x0a, 0x0d, 0x04, 0x09, 0x0e, 0x04, 0x08, 0x0f, 0x01, 0x03,
  0x11, 0x03, 0x06, 0x11, 0x01, 0x04, 0x12, 0xff, 0x01, 0x0a, 0x0d, 0x02,
  0x04, 0x0d, 0x02, 0x05, 0x0c, 0x06, 0x08, 0x0c, 0x06, 0x04, 0x0b, 0x0a,
  0x09, 0x0b, 0x05, 0x04, 0x0e, 0x07, 0x06, 0x10, 0x04, 0x0b, 0x0e, 0x06,
  0x05, 0x11, 0xff, 0x06, 0x01, 0x10, 0x07, 0x06, 0x10, 0x07, 0x05, 0x11,
  0x05, 0x03, 0x11, 0x09, 0x04, 0x12, 0x06, 0x04, 0x14, 0xff, 0x09, 0x06,
  0x10, 0x09, 0x03, 0x11, 0x09, 0x09, 0x11, 0x06, 0x01, 0x10, 0x0a, 0x0b,
  0x10, 0x0a, 0x01, 0x12, 0x0a, 0x06, 0x12, 0xff, 0x06, 0x04, 0x11, 0x04,
  0x08, 0x10, 0x04, 0x09, 0x0f, 0x04, 0x0a, 0x0e, 0x04, 0x0b, 0x0d, 0x01,
  0x03, 0x10, 0x01, 0x03, 0x0d, 0x03, 0x06, 0x0d, 0x03, 0x05, 0x12, 0xff,
  0x07, 0x09, 0x0f, 0x07, 0x08, 0x10, 0x05, 0x07, 0x0f, 0x05, 0x08, 0x11,
  0x05, 0x0a, 0x11, 0xff, 0x09, 0x01, 0x0c, 0x05, 0x01, 0x0d, 0x04, 0x04,
  0x0d, 0x03, 0x02, 0x0e, 0x06, 0x09, 0x07, 0x05, 0x0a, 0x08, 0x05, 0x0b,
  0x09, 0x04, 0x0c, 0x08, 0xff, 0x03, 0x0c, 0x11, 0x03, 0x08, 0x10, 0x03,
  0x05, 0x0f, 0x03, 0x03, 0x0e, 0x03, 0x01, 0x0c, 0x03, 0x03, 0x0b, 0x03,
  0x06, 0x0a, 0x03, 0x0a, 0x09, 0xff, 0x09, 0x01, 0x14, 0x09, 0x04, 0x13,
  0x09, 0x07, 0x12, 0x09, 0x0a, 0x11, 0xff, 0x09, 0x0a, 0x07, 0x09, 0x05,
  0x07, 0x0a, 0x01, 0x07, 0xff, 0xff, 0xff, 0xff, 0xff, 0xff, 0xff, 0xff,
  0xff, 0xff, 0xff, 0xff, 0xff, 0xff, 0xff, 0xff, 0xff, 0xff, 0xff, 0xff,
  0xff, 0xff, 0xff, 0xff, 0xff, 0xff, 0xff, 0xff, 0xff, 0xff, 0xff, 0xff,
  0xff, 0xff, 0xff, 0xff, 0xff, 0xff, 0xff, 0xff, 0xff, 0xff, 0xff, 0xff,
  0xff, 0xff, 0xff, 0xff, 0xff, 0xff, 0xff, 0xff, 0xff, 0xff, 0xff, 0xff,
  0xff, 0xff, 0xff, 0xff, 0xff, 0xff, 0xff, 0xff, 0xff, 0xff, 0xff, 0xff,
  0xff, 0xff, 0xff, 0xff, 0xff, 0xff, 0xff, 0xff, 0xff, 0xff, 0xff, 0xff,
  0xff, 0xff, 0xff, 0xff, 0xff, 0xff, 0xff, 0xff, 0xff, 0xff, 0xff, 0xff,
  0xff, 0xff, 0xff, 0xff, 0xff, 0xff, 0xff, 0xff, 0xff, 0xff, 0xff, 0xff,
  0xff, 0xff, 0xff, 0xff, 0xff, 0xff, 0xff, 0xff, 0xff, 0xff, 0xff, 0xff,
  0xff, 0xff, 0xff, 0xff, 0xff, 0xff, 0xff, 0xff, 0xff, 0xff, 0xff, 0xff,
  0xff, 0xff, 0xff, 0xff, 0xff, 0xff, 0xff, 0xff, 0xff, 0xff, 0xff, 0xff,
  0xff, 0xff, 0xff, 0xff, 0xff, 0xff, 0xff, 0xff, 0xff, 0xff, 0xff, 0xff,
  0xff, 0xff, 0xff, 0xff, 0xff, 0xff, 0xff, 0xff, 0xff, 0xff, 0xff, 0xff,
  0xff, 0xff, 0xff, 0xff, 0xff, 0xff, 0xff, 0xff, 0xff, 0xff, 0xff, 0xff,
  0xff, 0xff, 0xff, 0xff, 0xff, 0xff, 0xff, 0xff, 0xff, 0xff, 0xff, 0xff,
  0xff, 0xff, 0xff, 0xff, 0xff, 0xff, 0xff, 0xff, 0xff, 0xff, 0xff, 0xff,
  0xff, 0xff, 0xff, 0xff, 0xff, 0xff, 0xff, 0xff, 0xff, 0xff, 0xff, 0xff,
  0xff, 0xff, 0xff, 0xff, 0xff, 0xff, 0xff, 0xff, 0xff, 0xff, 0xff, 0xff,
  0xff, 0xff, 0xff, 0xff, 0xff, 0xff, 0xff, 0xff, 0xff, 0xff, 0xff, 0xff,
  0xff, 0xff, 0xff, 0xff, 0xff, 0xff, 0xff, 0xff, 0xff, 0xff, 0xff, 0xff,
  0xff, 0xff, 0xff, 0xff, 0xff, 0xff, 0xff, 0xff, 0xc3, 0xa6, 0xbc, 0xc3,
  0x0c, 0xba, 0xc3, 0xe0, 0xbb, 0xc3, 0xff, 0xbc, 0x3a, 0x08, 0xe2, 0xb7,
  0x28, 0x57, 0x3a, 0xca, 0xe3, 0xfe, 0x01, 0xca, 0xde, 0xba, 0xfe, 0x02,
  0xca, 0x35, 0xbc, 0xfe, 0x03, 0xca, 0x60, 0xbb, 0xfe, 0x04, 0xca, 0x3a,
  0xbd, 0xfe, 0x05, 0xca, 0x61, 0xbd, 0xfe, 0x06, 0xca, 0x4e, 0xbc, 0xfe,
  0x07, 0xca, 0x94, 0xbd, 0xfe, 0x08, 0xca, 0xa3, 0xbd, 0x3a, 0xc3, 0xe3,
  0xfe, 0x50, 0xca, 0x8a, 0xbb, 0xfe, 0x78, 0xca, 0xcf, 0xba, 0xfe, 0xa4,
  0x28, 0x0b, 0xfe, 0xaa, 0xca, 0xac, 0xbb, 0xfe, 0xf0, 0xca, 0x1f, 0xbc,
  0xc9, 0x21, 0xc3, 0xe3, 0x34, 0x3a, 0xeb, 0xe1, 0xb7, 0xc0, 0x21, 0x01,
  0x00, 0x22, 0x00, 0xfb, 0xc9, 0x2a, 0xc1, 0xe3, 0x7e, 0x23, 0x22, 0xc1,
  0xe3, 0x4f, 0x3a, 0x82, 0xfc, 0xfe, 0x04, 0x11, 0xb9, 0xe3, 0x28, 0x03,
  0x11, 0xb9, 0xe1, 0xcd, 0x20, 0x00, 0x38, 0x12, 0x21, 0x9b, 0xe1, 0x3a,
  0x82, 0xfc, 0xfe, 0x04, 0x20, 0x03, 0x21, 0x9b, 0xe3, 0x22, 0xc1, 0xe3,
  0x18, 0xd3, 0x26, 0x00, 0x16, 0x00, 0x3a, 0xc0, 0xe3, 0x3d, 0x5f, 0x6f,
  0xb7, 0x28, 0x05, 0x06, 0x0f, 0x19, 0x10, 0xfd, 0x06, 0x00, 0x09, 0x44,
  0x4d, 0x21, 0x00, 0x5e, 0x78, 0xb1, 0x28, 0x09, 0x11, 0x02, 0x00, 0x19,
  0x0b, 0x79, 0xb0, 0x20, 0xfa, 0x5e, 0x23, 0x56, 0xeb, 0x22, 0xfe, 0x8e,
  0x11, 0x00, 0x50, 0x19, 0x22, 0x98, 0xe3, 0xcd, 0x03, 0xb3, 0xc9, 0x3a,
  0x9a, 0xe3, 0x32, 0xc7, 0xe3, 0x3e, 0x01, 0x32, 0xca, 0xe3, 0x21, 0xc3,
  0xe3, 0x34, 0x21, 0xc8, 0xe3, 0x35, 0xc0, 0x3e, 0x03, 0x32, 0xc8, 0xe3,
  0xaf, 0x32, 0xcc, 0xe3, 0x3a, 0xc9, 0xe3, 0x2f, 0x32, 0xc9, 0xe3, 0xb7,
  0x3e, 0xfe, 0x28, 0x03, 0x3a, 0xc7, 0xe3, 0x32, 0x9a, 0xe3, 0xcd, 0x60,
  0x98, 0x21, 0x16, 0xe2, 0x06, 0x05, 0xaf, 0x11, 0x10, 0x00, 0xb6, 0x19,
  0x10, 0xfc, 0x20, 0x14, 0x3a, 0x82, 0xfc, 0xfe, 0x04, 0xc0, 0x21, 0x16,
  0xe0, 0x06, 0x05, 0xaf, 0x11, 0x10, 0x00, 0xb6, 0x19, 0x10, 0xfc, 0xc8,
  0xc3, 0x38, 0xbb, 0xcd, 0x9f, 0xbb, 0x32, 0x9a, 0xe3, 0xcd, 0x60, 0x98,
  0x3a, 0xd4, 0xe3, 0xb7, 0xc8, 0xc3, 0x3d, 0xbc, 0x3e, 0x04, 0xcd, 0x06,
  0x49, 0x0e, 0x7d, 0x21, 0xf1, 0xec, 0x06, 0x2e, 0xc5, 0xe5, 0x06, 0x0e,
  0x7e, 0xb7, 0x28, 0x02, 0x79, 0x77, 0x23, 0x10, 0xf7, 0xe1, 0xc1, 0x22,
  0xd0, 0xe3, 0xed, 0x43, 0xd2, 0xe3, 0x3e, 0x03, 0x32, 0xca, 0xe3, 0xc9,
  0xcd, 0x06, 0xa9, 0x2a, 0xd0, 0xe3, 0xaf, 0x11, 0x20, 0x00, 0xed, 0x52,
  0xed, 0x4b, 0xd2, 0xe3, 0x10, 0xd2, 0x79, 0xb7, 0x28, 0x04, 0x0e, 0x00,
  0x18, 0xc5, 0xaf, 0x32, 0xca, 0xe3, 0x3a, 0xe5, 0xe1, 0xb7, 0xc2, 0x99,
  0xbd, 0xcd, 0xff, 0xbc, 0x18, 0x9d, 0xcd, 0x9f, 0xbb, 0x32, 0x9a, 0xe3,
  0x21, 0xc3, 0xe3, 0x34, 0x3a, 0xfd, 0xf3, 0x3d, 0x3d, 0x32, 0xfd, 0xf3,
  0xc3, 0x60, 0x98, 0x3a, 0xc0, 0xe3, 0x3d, 0x21, 0xc6, 0xbd, 0x06, 0x00,
  0x4f, 0x09, 0x7e, 0xc9, 0xcd, 0xd3, 0xbb, 0x32, 0x9a, 0xe3, 0x21, 0xc3,
  0xe3, 0x34, 0x3a, 0xfd, 0xf3, 0x3d, 0x3d, 0x32, 0xfd, 0xf3, 0x3a, 0xeb,
  0xe1, 0xb7, 0x20, 0x0c, 0xaf, 0x32, 0x00, 0xfb, 0x3e, 0x01, 0x32, 0xeb,
  0xe1, 0xcd, 0x03, 0x49, 0xc3, 0x60, 0x98, 0x3a, 0xc0, 0xe3, 0x3d, 0x21,
  0xcf, 0xbd, 0x06, 0x00, 0x4f, 0x09, 0x7e, 0xc9, 0xcd, 0xff, 0xbc, 0x3a,
  0xc0, 0xe3, 0x3d, 0x21, 0xd8, 0xbd, 0xcd, 0xda, 0xbb, 0x32, 0x9a, 0xe3,
  0xcd, 0x60, 0x98, 0x3a, 0xc0, 0xe3, 0x3d, 0x21, 0xbd, 0xbd, 0x06, 0x00,
  0x4f, 0x09, 0x7e, 0x5f, 0x3a, 0x82, 0xfc, 0xfe, 0x04, 0x28, 0x05, 0x3e,
  0x04, 0x83, 0x18, 0x01, 0x7b, 0x21, 0xf3, 0xe1, 0x4e, 0x91, 0x32, 0xfd,
  0xf3, 0xaf, 0x32, 0xc3, 0xe3, 0x32, 0xd4, 0xe3, 0xc3, 0x4c, 0xbd, 0xaf,
  0x32, 0xcc, 0xe3, 0x3e, 0x02, 0x32, 0xca, 0xe3, 0x32, 0xd4, 0xe3, 0x3a,
  0x9a, 0xe3, 0x32, 0xc7, 0xe3, 0x21, 0xc3, 0xe3, 0x34, 0x21, 0xc8, 0xe3,
  0x35, 0xc0, 0xc3, 0xe3, 0xba, 0x3e, 0x06, 0x32, 0xca, 0xe3, 0x21, 0x01,
  0x00, 0x22, 0x00, 0xfb, 0x21, 0x40, 0x00, 0x22, 0xcc, 0xe3, 0x21, 0xe1,
  0xbd, 0x3a, 0x82, 0xfc, 0xfe, 0x04, 0x11, 0x6c, 0x18, 0x28, 0x03, 0x11,
  0x74, 0x18, 0xcd, 0x8a, 0xbc, 0x21, 0xe9, 0xbd, 0x3a, 0x82, 0xfc, 0xfe,
  0x04, 0x11, 0x8c, 0x18, 0x28, 0x03, 0x11, 0x94, 0x18, 0xcd, 0x8a, 0xbc,
  0x21, 0xf1, 0xbd, 0x3a, 0x82, 0xfc, 0xfe, 0x04, 0x11, 0xac, 0x18, 0x28,
  0x03, 0x11, 0xb4, 0x18, 0xcd, 0x8a, 0xbc, 0xc3, 0x91, 0xbc, 0x01, 0x08,
  0x00, 0xcd, 0x0c, 0x90, 0xc9, 0x21, 0xcc, 0xe3, 0x35, 0xc0, 0x3a, 0xc0,
  0xe3, 0x3c, 0xfe, 0x0a, 0x20, 0x02, 0x3e, 0x01, 0x32, 0xc0, 0xe3, 0xc3,
  0xe0, 0xbb, 0x06, 0x1e, 0x21, 0x9b, 0xe3, 0x3a, 0x82, 0xfc, 0xfe, 0x04,
  0x28, 0x07, 0x21, 0x9b, 0xe1, 0x22, 0xc1, 0xe3, 0xc9, 0x22, 0xc1, 0xe3,
  0xe5, 0xc5, 0xcd, 0xec, 0xbc, 0x6f, 0x0e, 0x1e, 0xcd, 0xde, 0xbc, 0x7c,
  0xc1, 0xe1, 0x77, 0x23, 0x10, 0xee, 0xc9, 0xed, 0x4b, 0xbe, 0xe3, 0xed,
  0x5f, 0x81, 0x80, 0x48, 0x47, 0xed, 0x43, 0xbe, 0xe3, 0xc9, 0x26, 0x00,
  0x06, 0x08, 0x29, 0x7c, 0x91, 0x38, 0x02, 0x2c, 0x67, 0x10, 0xf7, 0xc9,
  0xcd, 0xcf, 0xbc, 0x21, 0x9b, 0xe3, 0x06, 0x1e, 0x4e, 0xb9, 0x28, 0x04,
  0x23, 0x10, 0xf9, 0xc9, 0xc3, 0xcf, 0xbc, 0x21, 0x10, 0xe2, 0x11, 0x11,
  0xe2, 0xaf, 0x77, 0x01, 0x40, 0x00, 0xed, 0xb0, 0x3e, 0x0a, 0x32, 0x06,
  0xe2, 0x3e, 0x01, 0x32, 0x08, 0xe2, 0xaf, 0x32, 0xcc, 0xe3, 0x32, 0xcd,
  0xe3, 0x32, 0xca, 0xe3, 0x32, 0x01, 0xe2, 0x32, 0xc9, 0xe3, 0x32, 0xeb,
  0xe1, 0x3a, 0x82, 0xfc, 0xfe, 0x04, 0xc0, 0x3e, 0x18, 0x32, 0x02, 0xe0,
  0x3e, 0x88, 0x32, 0x02, 0xe2, 0xc9, 0x2a, 0xcc, 0xe3, 0x2b, 0x22, 0xcc,
  0xe3, 0x7d, 0xb7, 0xc0, 0xaf, 0x32, 0xca, 0xe3, 0x2a, 0xce, 0xe3, 0xe9,
  0x3e, 0x05, 0x32, 0xca, 0xe3, 0xaf, 0x32, 0x00, 0xfb, 0x32, 0xeb, 0xe1,
  0xcd, 0x03, 0x49, 0x21, 0x40, 0x00, 0x22, 0xcc, 0xe3, 0x21, 0xb7, 0xbd,
  0x3a, 0x82, 0xfc, 0xfe, 0x04, 0x11, 0x8d, 0x18, 0x28, 0x03, 0x11, 0x95,
  0x18, 0x01, 0x06, 0x00, 0xcd, 0x0c, 0x90, 0x3a, 0x82, 0xfc, 0xfe, 0x04,
  0x21, 0x93, 0x18, 0x28, 0x03, 0x21, 0x9b, 0x18, 0x3a, 0xc0, 0xe3, 0xc6,
  0xe6, 0xcd, 0x06, 0x90, 0x21, 0xcc, 0xe3, 0x35, 0xc0, 0xc3, 0xff, 0xbc,
  0x0e, 0xfe, 0xc3, 0x3f, 0xbb, 0x3e, 0x20, 0x32, 0xcc, 0xe3, 0x3e, 0x08,
  0x32, 0xca, 0xe3, 0x21, 0xcc, 0xe3, 0x35, 0xc0, 0x36, 0x01, 0x3a, 0xe4,
  0xe1, 0xb7, 0xc8, 0x3a, 0x00, 0xe2, 0xb7, 0xc8, 0xc3, 0x16, 0x40, 0xa6,
  0xa7, 0xa8, 0xa9, 0xaa, 0x66, 0x20, 0x1d, 0x1a, 0x18, 0x16, 0x14, 0x12,
  0x10, 0x0a, 0x2c, 0x54, 0x86, 0xac, 0x2c, 0x54, 0x86, 0xac, 0x2c, 0x02,
  0x05, 0x08, 0x0a, 0x02, 0x05, 0x08, 0x0a, 0x02, 0x3c, 0x75, 0x96, 0xbc,
  0x3c, 0x75, 0x96, 0xbc, 0x3c, 0x2d, 0x2d, 0x2d, 0x2d, 0x2d, 0x2d, 0x2d,
  0x2d, 0xa6, 0xa7, 0xa8, 0xa9, 0xaa, 0x66, 0xab, 0xac, 0x2d, 0x2d, 0x2d,
  0x2d, 0x2d, 0x2d, 0x2d, 0x2d, 0x76, 0x54, 0x48, 0x45, 0x76, 0x42, 0x45,
  0x47, 0x49, 0x4e, 0x4e, 0x47, 0x76, 0x76, 0x76, 0x30, 0x31, 0x32, 0x33,
  0x34, 0x35, 0x36, 0x37, 0x38, 0x39, 0x30, 0x31, 0x32, 0x33, 0x34, 0x30,
  0x31, 0x32, 0x33, 0x34, 0x35, 0x36, 0x37, 0x38, 0x39, 0x30, 0x31, 0x32,
  0x33, 0x34, 0x30, 0x31, 0x32, 0x33, 0x34, 0x35, 0x36, 0x37, 0x38, 0x39,
  0x30, 0x31, 0x32, 0x33, 0x34, 0x30, 0x31, 0x32, 0x33, 0x34, 0x35, 0x36,
  0x37, 0x38, 0x39, 0x30, 0x31, 0x32, 0x33, 0x34, 0x30, 0x31, 0x32, 0x33,
  0x34, 0x35, 0x36, 0x37, 0x38, 0x39, 0x30, 0x31, 0x32, 0x33, 0x34, 0x30,
  0x31, 0x32, 0x33, 0x34, 0x35, 0x36, 0x37, 0x38, 0x39, 0x30, 0x31, 0x32,
  0x33, 0x34, 0x30, 0x31, 0x32, 0x33, 0x34, 0x35, 0x36, 0x37, 0x38, 0x39,
  0x30, 0x31, 0x32, 0x33, 0x34, 0x30, 0x31, 0x32, 0x33, 0x34, 0x35, 0x36,
  0x37, 0x38, 0x39, 0x30, 0x31, 0x32, 0x33, 0x34, 0x30, 0x31, 0x32, 0x33,
  0x34, 0x35, 0x36, 0x37, 0x38, 0x39, 0x30, 0x31, 0x32, 0x33, 0x34, 0x30,
  0x31, 0x32, 0x33, 0x34, 0x35, 0x36, 0x37, 0x38, 0x39, 0x30, 0x31, 0x32,
  0x33, 0x34, 0x30, 0x31, 0x32, 0x33, 0x34, 0x35, 0x36, 0x37, 0x38, 0x39,
  0x30, 0x31, 0x32, 0x33, 0x34, 0x08, 0x00, 0x09, 0x00, 0x0a, 0x00, 0x01,
  0x00, 0x02, 0x00, 0x03, 0x00, 0x04, 0x00, 0x05, 0x00, 0x06, 0x00, 0x07,
  0x00, 0x08, 0x00, 0x09, 0x00, 0x0a, 0x00, 0x01, 0x00, 0x02, 0x00, 0x03,
  0x00, 0x04, 0x00, 0x05, 0x00, 0x06, 0x00, 0x07, 0x00, 0x08, 0x00, 0x09,
  0x00, 0x0a, 0x00, 0x01, 0x00, 0x02, 0x00, 0x03, 0x00, 0x04, 0x00, 0x05,
  0x00, 0x06, 0x00, 0x07, 0x00, 0x08, 0x00, 0x09, 0x00, 0x0a, 0x00, 0x01,
  0x00, 0x02, 0x00, 0x03, 0x00, 0x04, 0x00, 0x05, 0x00, 0x06, 0x00, 0x07,
  0x00, 0x08, 0x00, 0x09, 0xf3, 0x00, 0xe6, 0x01, 0x51, 0x00, 0x08, 0x08,
  0x4c, 0x00, 0x04, 0x10, 0x0d, 0x00, 0x04, 0x10, 0xa3, 0x00, 0x10, 0x08,
  0x37, 0x00, 0x04, 0x10, 0x0a, 0x00, 0x04, 0x10, 0xac, 0x00, 0x04, 0x10,
  0x0a, 0x00, 0x04, 0x10, 0x07, 0x00, 0x04, 0x10, 0x08, 0x00, 0x04, 0x10,
  0x8c, 0x00, 0x13, 0x04, 0x18, 0x00, 0x04, 0x10, 0x07, 0x00, 0x04, 0x10,
  0x09, 0x00, 0x04, 0x10, 0x63, 0x00, 0x04, 0x10, 0x60, 0x00, 0x49, 0x08,
  0x2b, 0x00, 0x04, 0x10, 0x06, 0x00, 0x04, 0x10, 0x39, 0x00, 0x08, 0x08,
  0x24, 0x00, 0x04, 0x10, 0x09, 0x00, 0x04, 0x10, 0x4e, 0x00, 0x09, 0x04,
  0x17, 0x00, 0x04, 0x10, 0x08, 0x00, 0x04, 0x10, 0x09, 0x00, 0x04, 0x10,
  0x3e, 0x00, 0x0d, 0x08, 0x20, 0x00, 0x04, 0x10, 0x23, 0x00, 0x07, 0x04,
  0x2a, 0x00, 0x04, 0x10, 0x0b, 0x00, 0x04, 0x10, 0x09, 0x00, 0x04, 0x10,
  0x0a, 0x00, 0x04, 0x10, 0xa3, 0x00, 0x2a, 0x04, 0x14, 0x00, 0x07, 0x04,
  0x29, 0x00, 0x07, 0x04, 0x1b, 0x00, 0x04, 0x10, 0x0a, 0x00, 0x04, 0x10,
  0x25, 0x00, 0x14, 0x04, 0x1a, 0x00, 0x04, 0x10, 0x0b, 0x00, 0x04, 0x10,
  0x57, 0x00, 0x04, 0x10, 0x0b, 0x00, 0x04, 0x10, 0x39, 0x00, 0x16, 0x08,
  0x04, 0x18, 0x06, 0x08, 0x61, 0x00, 0x12, 0x04, 0x03, 0x14, 0x00, 0x10,
  0x67, 0x00, 0x04, 0x04, 0x1f, 0x00, 0x04, 0x10, 0x5f, 0x00, 0x04, 0x10,
  0x50, 0x00, 0x05, 0x08, 0x19, 0x00, 0x07, 0x08, 0x17, 0x00, 0x04, 0x10,
  0x5f, 0x00, 0x09, 0x08, 0x48, 0x00, 0x04, 0x10, 0x50, 0x00, 0x04, 0x08,
  0x17, 0x00, 0x05, 0x08, 0x15, 0x00, 0x04, 0x10, 0x1b, 0x00, 0x09, 0x04,
  0x13, 0x00, 0x04, 0x10, 0xff, 0x00, 0x0e, 0x00, 0x06, 0x04, 0x13, 0x00,
  0x06, 0x04, 0x0e, 0x00, 0x04, 0x10, 0xf0, 0xf0
};
unsigned int BlockHole_rom_len = 32768;
