unsigned char BombMan_rom[] = {
  0x41, 0x42, 0x00, 0x00, 0x00, 0x00, 0x00, 0x00, 0x10, 0x80, 0x00, 0x00,
  0x00, 0x00, 0x00, 0x00, 0x00, 0x1f, 0x80, 0x0a, 0x00, 0x8f, 0x20, 0x42,
  0x4f, 0x4d, 0x42, 0x4d, 0x41, 0x4e, 0x00, 0x38, 0x80, 0x14, 0x00, 0x8f,
  0x20, 0x28, 0x43, 0x29, 0x32, 0x30, 0x30, 0x35, 0x20, 0x41, 0x47, 0x73,
  0x6f, 0x66, 0x74, 0x77, 0x61, 0x72, 0x65, 0x00, 0x53, 0x80, 0x1e, 0x00,
  0x8f, 0x20, 0x42, 0x59, 0x20, 0x41, 0x4e, 0x44, 0x52, 0x45, 0x41, 0x20,
  0x47, 0x41, 0x53, 0x50, 0x41, 0x52, 0x52, 0x49, 0x4e, 0x49, 0x00, 0x59,
  0x80, 0x28, 0x00, 0x8f, 0x00, 0x71, 0x80, 0x32, 0x00, 0xc5, 0x12, 0x2c,
  0x13, 0x3a, 0xbd, 0x0f, 0x0f, 0x2c, 0x11, 0x2c, 0x11, 0x3a, 0xcc, 0xeb,
  0x3a, 0xa0, 0x0f, 0x20, 0x00, 0x7d, 0x80, 0x3c, 0x00, 0x92, 0x0f, 0xc8,
  0x2c, 0x0c, 0xff, 0xcf, 0x00, 0x86, 0x80, 0x46, 0x00, 0x8d, 0x0e, 0xc8,
  0x0a, 0x00, 0xa6, 0x80, 0x50, 0x00, 0xac, 0x41, 0xf2, 0x5a, 0x3a, 0x48,
  0x49, 0xef, 0x1c, 0x2e, 0x02, 0x3a, 0x4c, 0x49, 0xef, 0x14, 0x3a, 0x52,
  0x44, 0xef, 0x12, 0x3a, 0x42, 0x4d, 0xef, 0x0f, 0x0a, 0x00, 0xe3, 0x80,
  0x5a, 0x00, 0x8c, 0x0e, 0x6e, 0x00, 0x3a, 0x82, 0x53, 0xef, 0x12, 0xd9,
  0x0f, 0x12, 0x3a, 0x41, 0x24, 0xef, 0x22, 0x22, 0x3a, 0x82, 0x55, 0xef,
  0x12, 0xd9, 0x0f, 0x20, 0x3a, 0x87, 0x42, 0x3a, 0x41, 0x24, 0xef, 0x41,
  0x24, 0xf1, 0xff, 0x96, 0x28, 0x42, 0x29, 0x3a, 0x83, 0x55, 0x3a, 0xc7,
  0x24, 0x28, 0x53, 0x29, 0xef, 0x41, 0x24, 0x3a, 0x83, 0x53, 0x00, 0xf3,
  0x80, 0x64, 0x00, 0x8f, 0x20, 0x42, 0x4f, 0x4d, 0x42, 0x45, 0x52, 0x4d,
  0x41, 0x4e, 0x00, 0x5c, 0x81, 0x6e, 0x00, 0x84, 0x20, 0x37, 0x2c, 0x31,
  0x35, 0x2c, 0x33, 0x31, 0x2c, 0x32, 0x34, 0x2c, 0x32, 0x34, 0x2c, 0x32,
  0x34, 0x2c, 0x32, 0x38, 0x2c, 0x31, 0x35, 0x2c, 0x33, 0x2c, 0x31, 0x39,
  0x2c, 0x32, 0x34, 0x2c, 0x32, 0x38, 0x2c, 0x31, 0x35, 0x2c, 0x33, 0x2c,
  0x33, 0x2c, 0x33, 0x2c, 0x32, 0x32, 0x34, 0x2c, 0x32, 0x34, 0x30, 0x2c,
  0x32, 0x34, 0x38, 0x2c, 0x30, 0x2c, 0x30, 0x2c, 0x30, 0x2c, 0x30, 0x2c,
  0x32, 0x32, 0x34, 0x2c, 0x32, 0x34, 0x38, 0x2c, 0x32, 0x34, 0x38, 0x2c,
  0x32, 0x34, 0x30, 0x2c, 0x31, 0x31, 0x32, 0x2c, 0x32, 0x32, 0x34, 0x2c,
  0x31, 0x32, 0x38, 0x2c, 0x31, 0x32, 0x38, 0x2c, 0x32, 0x32, 0x34, 0x00,
  0xae, 0x81, 0x78, 0x00, 0x84, 0x20, 0x30, 0x2c, 0x30, 0x2c, 0x30, 0x2c,
  0x37, 0x2c, 0x37, 0x2c, 0x37, 0x2c, 0x33, 0x2c, 0x30, 0x2c, 0x31, 0x32,
  0x2c, 0x31, 0x32, 0x2c, 0x37, 0x2c, 0x33, 0x2c, 0x30, 0x2c, 0x30, 0x2c,
  0x30, 0x2c, 0x30, 0x2c, 0x30, 0x2c, 0x30, 0x2c, 0x30, 0x2c, 0x31, 0x36,
  0x38, 0x2c, 0x31, 0x36, 0x38, 0x2c, 0x31, 0x36, 0x38, 0x2c, 0x32, 0x34,
  0x30, 0x2c, 0x36, 0x2c, 0x36, 0x2c, 0x34, 0x2c, 0x30, 0x2c, 0x31, 0x32,
  0x38, 0x2c, 0x30, 0x2c, 0x30, 0x2c, 0x30, 0x2c, 0x30, 0x00, 0x17, 0x82,
  0x82, 0x00, 0x84, 0x20, 0x37, 0x2c, 0x31, 0x35, 0x2c, 0x33, 0x31, 0x2c,
  0x32, 0x34, 0x2c, 0x32, 0x34, 0x2c, 0x32, 0x34, 0x2c, 0x32, 0x38, 0x2c,
  0x31, 0x35, 0x2c, 0x31, 0x2c, 0x33, 0x2c, 0x37, 0x2c, 0x31, 0x2c, 0x32,
  0x35, 0x2c, 0x33, 0x31, 0x2c, 0x32, 0x38, 0x2c, 0x31, 0x36, 0x2c, 0x32,
  0x32, 0x34, 0x2c, 0x32, 0x34, 0x30, 0x2c, 0x32, 0x34, 0x38, 0x2c, 0x30,
  0x2c, 0x30, 0x2c, 0x30, 0x2c, 0x30, 0x2c, 0x32, 0x32, 0x34, 0x2c, 0x31,
  0x39, 0x32, 0x2c, 0x32, 0x34, 0x30, 0x2c, 0x32, 0x34, 0x30, 0x2c, 0x32,
  0x32, 0x34, 0x2c, 0x32, 0x32, 0x34, 0x2c, 0x31, 0x39, 0x32, 0x2c, 0x32,
  0x32, 0x34, 0x2c, 0x31, 0x31, 0x32, 0x00, 0x6a, 0x82, 0x8c, 0x00, 0x84,
  0x20, 0x30, 0x2c, 0x30, 0x2c, 0x30, 0x2c, 0x37, 0x2c, 0x37, 0x2c, 0x37,
  0x2c, 0x33, 0x2c, 0x30, 0x2c, 0x31, 0x34, 0x2c, 0x32, 0x38, 0x2c, 0x32,
  0x34, 0x2c, 0x31, 0x34, 0x2c, 0x36, 0x2c, 0x30, 0x2c, 0x30, 0x2c, 0x30,
  0x2c, 0x30, 0x2c, 0x30, 0x2c, 0x30, 0x2c, 0x31, 0x36, 0x38, 0x2c, 0x31,
  0x36, 0x38, 0x2c, 0x31, 0x36, 0x38, 0x2c, 0x32, 0x34, 0x30, 0x2c, 0x30,
  0x2c, 0x30, 0x2c, 0x31, 0x32, 0x2c, 0x38, 0x2c, 0x30, 0x2c, 0x30, 0x2c,
  0x30, 0x2c, 0x30, 0x2c, 0x30, 0x00, 0xd0, 0x82, 0x96, 0x00, 0x84, 0x20,
  0x37, 0x2c, 0x31, 0x35, 0x2c, 0x33, 0x31, 0x2c, 0x30, 0x2c, 0x30, 0x2c,
  0x30, 0x2c, 0x30, 0x2c, 0x37, 0x2c, 0x33, 0x31, 0x2c, 0x33, 0x31, 0x2c,
  0x31, 0x35, 0x2c, 0x31, 0x34, 0x2c, 0x37, 0x2c, 0x31, 0x2c, 0x31, 0x2c,
  0x37, 0x2c, 0x32, 0x32, 0x34, 0x2c, 0x32, 0x34, 0x30, 0x2c, 0x32, 0x34,
  0x38, 0x2c, 0x32, 0x34, 0x2c, 0x32, 0x34, 0x2c, 0x32, 0x34, 0x2c, 0x35,
  0x36, 0x2c, 0x32, 0x34, 0x30, 0x2c, 0x31, 0x39, 0x32, 0x2c, 0x32, 0x30,
  0x30, 0x2c, 0x32, 0x34, 0x2c, 0x35, 0x36, 0x2c, 0x32, 0x34, 0x30, 0x2c,
  0x31, 0x39, 0x32, 0x2c, 0x31, 0x39, 0x32, 0x2c, 0x31, 0x39, 0x32, 0x00,
  0x2b, 0x83, 0xa0, 0x00, 0x84, 0x20, 0x30, 0x2c, 0x30, 0x2c, 0x30, 0x2c,
  0x32, 0x31, 0x2c, 0x32, 0x31, 0x2c, 0x32, 0x31, 0x2c, 0x31, 0x35, 0x2c,
  0x39, 0x36, 0x2c, 0x39, 0x36, 0x2c, 0x33, 0x32, 0x2c, 0x30, 0x2c, 0x31,
  0x2c, 0x30, 0x2c, 0x30, 0x2c, 0x30, 0x2c, 0x30, 0x2c, 0x30, 0x2c, 0x30,
  0x2c, 0x30, 0x2c, 0x32, 0x32, 0x34, 0x2c, 0x32, 0x32, 0x34, 0x2c, 0x32,
  0x32, 0x34, 0x2c, 0x31, 0x39, 0x32, 0x2c, 0x30, 0x2c, 0x34, 0x38, 0x2c,
  0x34, 0x38, 0x2c, 0x32, 0x32, 0x34, 0x2c, 0x31, 0x39, 0x32, 0x2c, 0x30,
  0x2c, 0x30, 0x2c, 0x30, 0x2c, 0x30, 0x00, 0x91, 0x83, 0xaa, 0x00, 0x84,
  0x20, 0x37, 0x2c, 0x31, 0x35, 0x2c, 0x33, 0x31, 0x2c, 0x30, 0x2c, 0x30,
  0x2c, 0x30, 0x2c, 0x30, 0x2c, 0x37, 0x2c, 0x33, 0x31, 0x2c, 0x33, 0x31,
  0x2c, 0x31, 0x35, 0x2c, 0x31, 0x35, 0x2c, 0x37, 0x2c, 0x33, 0x2c, 0x37,
  0x2c, 0x31, 0x34, 0x2c, 0x32, 0x32, 0x34, 0x2c, 0x32, 0x34, 0x30, 0x2c,
  0x32, 0x34, 0x38, 0x2c, 0x32, 0x34, 0x2c, 0x32, 0x34, 0x2c, 0x32, 0x34,
  0x2c, 0x35, 0x36, 0x2c, 0x32, 0x34, 0x30, 0x2c, 0x31, 0x32, 0x38, 0x2c,
  0x31, 0x39, 0x32, 0x2c, 0x32, 0x32, 0x34, 0x2c, 0x31, 0x32, 0x38, 0x2c,
  0x31, 0x35, 0x32, 0x2c, 0x32, 0x34, 0x38, 0x2c, 0x35, 0x36, 0x2c, 0x38,
  0x00, 0xec, 0x83, 0xb4, 0x00, 0x84, 0x20, 0x30, 0x2c, 0x30, 0x2c, 0x30,
  0x2c, 0x32, 0x31, 0x2c, 0x32, 0x31, 0x2c, 0x32, 0x31, 0x2c, 0x31, 0x35,
  0x2c, 0x30, 0x2c, 0x39, 0x36, 0x2c, 0x33, 0x32, 0x2c, 0x30, 0x2c, 0x30,
  0x2c, 0x30, 0x2c, 0x30, 0x2c, 0x30, 0x2c, 0x30, 0x2c, 0x30, 0x2c, 0x30,
  0x2c, 0x30, 0x2c, 0x32, 0x32, 0x34, 0x2c, 0x32, 0x32, 0x34, 0x2c, 0x32,
  0x32, 0x34, 0x2c, 0x31, 0x39, 0x32, 0x2c, 0x30, 0x2c, 0x31, 0x31, 0x32,
  0x2c, 0x35, 0x36, 0x2c, 0x32, 0x34, 0x2c, 0x31, 0x31, 0x32, 0x2c, 0x39,
  0x36, 0x2c, 0x30, 0x2c, 0x30, 0x2c, 0x30, 0x00, 0x5d, 0x84, 0xbe, 0x00,
  0x84, 0x20, 0x37, 0x2c, 0x31, 0x35, 0x2c, 0x33, 0x31, 0x2c, 0x33, 0x31,
  0x2c, 0x33, 0x31, 0x2c, 0x33, 0x31, 0x2c, 0x33, 0x31, 0x2c, 0x31, 0x35,
  0x2c, 0x37, 0x2c, 0x31, 0x35, 0x2c, 0x33, 0x31, 0x2c, 0x33, 0x31, 0x2c,
  0x31, 0x35, 0x2c, 0x36, 0x2c, 0x31, 0x34, 0x2c, 0x33, 0x30, 0x2c, 0x32,
  0x32, 0x34, 0x2c, 0x32, 0x34, 0x30, 0x2c, 0x32, 0x34, 0x38, 0x2c, 0x32,
  0x34, 0x38, 0x2c, 0x32, 0x34, 0x38, 0x2c, 0x32, 0x34, 0x38, 0x2c, 0x32,
  0x34, 0x38, 0x2c, 0x32, 0x34, 0x30, 0x2c, 0x32, 0x32, 0x34, 0x2c, 0x32,
  0x34, 0x30, 0x2c, 0x32, 0x34, 0x38, 0x2c, 0x32, 0x34, 0x38, 0x2c, 0x32,
  0x34, 0x30, 0x2c, 0x31, 0x31, 0x32, 0x2c, 0x31, 0x32, 0x30, 0x2c, 0x30,
  0x00, 0xa7, 0x84, 0xc8, 0x00, 0x84, 0x20, 0x30, 0x2c, 0x30, 0x2c, 0x30,
  0x2c, 0x30, 0x2c, 0x30, 0x2c, 0x30, 0x2c, 0x30, 0x2c, 0x30, 0x2c, 0x30,
  0x2c, 0x34, 0x38, 0x2c, 0x39, 0x36, 0x2c, 0x39, 0x36, 0x2c, 0x30, 0x2c,
  0x30, 0x2c, 0x30, 0x2c, 0x30, 0x2c, 0x30, 0x2c, 0x30, 0x2c, 0x30, 0x2c,
  0x30, 0x2c, 0x30, 0x2c, 0x30, 0x2c, 0x30, 0x2c, 0x36, 0x2c, 0x36, 0x2c,
  0x31, 0x32, 0x2c, 0x30, 0x2c, 0x30, 0x2c, 0x30, 0x2c, 0x30, 0x2c, 0x30,
  0x2c, 0x30, 0x00, 0x19, 0x85, 0xd2, 0x00, 0x84, 0x20, 0x37, 0x2c, 0x31,
  0x35, 0x2c, 0x33, 0x31, 0x2c, 0x33, 0x31, 0x2c, 0x33, 0x31, 0x2c, 0x33,
  0x31, 0x2c, 0x33, 0x31, 0x2c, 0x31, 0x35, 0x2c, 0x37, 0x2c, 0x31, 0x35,
  0x2c, 0x33, 0x31, 0x2c, 0x33, 0x31, 0x2c, 0x31, 0x35, 0x2c, 0x31, 0x34,
  0x2c, 0x33, 0x30, 0x2c, 0x30, 0x2c, 0x32, 0x32, 0x34, 0x2c, 0x32, 0x34,
  0x30, 0x2c, 0x32, 0x34, 0x38, 0x2c, 0x32, 0x34, 0x38, 0x2c, 0x32, 0x34,
  0x38, 0x2c, 0x32, 0x34, 0x38, 0x2c, 0x32, 0x34, 0x38, 0x2c, 0x32, 0x34,
  0x30, 0x2c, 0x32, 0x32, 0x34, 0x2c, 0x32, 0x34, 0x30, 0x2c, 0x32, 0x34,
  0x38, 0x2c, 0x32, 0x34, 0x38, 0x2c, 0x32, 0x34, 0x30, 0x2c, 0x39, 0x36,
  0x2c, 0x31, 0x31, 0x32, 0x2c, 0x31, 0x32, 0x30, 0x00, 0x63, 0x85, 0xdc,
  0x00, 0x84, 0x20, 0x30, 0x2c, 0x30, 0x2c, 0x30, 0x2c, 0x30, 0x2c, 0x30,
  0x2c, 0x30, 0x2c, 0x30, 0x2c, 0x39, 0x36, 0x2c, 0x39, 0x36, 0x2c, 0x34,
  0x38, 0x2c, 0x30, 0x2c, 0x30, 0x2c, 0x30, 0x2c, 0x30, 0x2c, 0x30, 0x2c,
  0x30, 0x2c, 0x30, 0x2c, 0x30, 0x2c, 0x30, 0x2c, 0x30, 0x2c, 0x30, 0x2c,
  0x30, 0x2c, 0x30, 0x2c, 0x30, 0x2c, 0x30, 0x2c, 0x31, 0x32, 0x2c, 0x36,
  0x2c, 0x36, 0x2c, 0x30, 0x2c, 0x30, 0x2c, 0x30, 0x2c, 0x30, 0x00, 0xcd,
  0x85, 0xe6, 0x00, 0x84, 0x20, 0x37, 0x2c, 0x31, 0x35, 0x2c, 0x33, 0x31,
  0x2c, 0x31, 0x36, 0x2c, 0x31, 0x36, 0x2c, 0x31, 0x36, 0x2c, 0x32, 0x34,
  0x2c, 0x31, 0x35, 0x2c, 0x37, 0x2c, 0x31, 0x35, 0x2c, 0x33, 0x31, 0x2c,
  0x33, 0x31, 0x2c, 0x31, 0x35, 0x2c, 0x36, 0x2c, 0x31, 0x34, 0x2c, 0x33,
  0x30, 0x2c, 0x32, 0x32, 0x34, 0x2c, 0x32, 0x34, 0x30, 0x2c, 0x32, 0x34,
  0x38, 0x2c, 0x38, 0x2c, 0x38, 0x2c, 0x38, 0x2c, 0x32, 0x34, 0x2c, 0x32,
  0x34, 0x30, 0x2c, 0x32, 0x32, 0x34, 0x2c, 0x32, 0x34, 0x30, 0x2c, 0x32,
  0x34, 0x38, 0x2c, 0x32, 0x34, 0x38, 0x2c, 0x32, 0x34, 0x30, 0x2c, 0x31,
  0x31, 0x32, 0x2c, 0x31, 0x32, 0x30, 0x2c, 0x30, 0x00, 0x22, 0x86, 0xf0,
  0x00, 0x84, 0x20, 0x30, 0x2c, 0x30, 0x2c, 0x30, 0x2c, 0x31, 0x33, 0x2c,
  0x31, 0x33, 0x2c, 0x31, 0x33, 0x2c, 0x37, 0x2c, 0x30, 0x2c, 0x30, 0x2c,
  0x34, 0x38, 0x2c, 0x39, 0x36, 0x2c, 0x39, 0x36, 0x2c, 0x30, 0x2c, 0x30,
  0x2c, 0x30, 0x2c, 0x30, 0x2c, 0x30, 0x2c, 0x30, 0x2c, 0x30, 0x2c, 0x31,
  0x37, 0x36, 0x2c, 0x31, 0x37, 0x36, 0x2c, 0x31, 0x37, 0x36, 0x2c, 0x32,
  0x32, 0x34, 0x2c, 0x30, 0x2c, 0x30, 0x2c, 0x31, 0x32, 0x2c, 0x36, 0x2c,
  0x36, 0x2c, 0x30, 0x2c, 0x30, 0x2c, 0x30, 0x2c, 0x30, 0x00, 0x8d, 0x86,
  0xfa, 0x00, 0x84, 0x20, 0x37, 0x2c, 0x31, 0x35, 0x2c, 0x33, 0x31, 0x2c,
  0x31, 0x36, 0x2c, 0x31, 0x36, 0x2c, 0x31, 0x36, 0x2c, 0x32, 0x34, 0x2c,
  0x31, 0x35, 0x2c, 0x37, 0x2c, 0x31, 0x35, 0x2c, 0x33, 0x31, 0x2c, 0x33,
  0x31, 0x2c, 0x31, 0x35, 0x2c, 0x31, 0x34, 0x2c, 0x33, 0x30, 0x2c, 0x30,
  0x2c, 0x32, 0x32, 0x34, 0x2c, 0x32, 0x34, 0x30, 0x2c, 0x32, 0x34, 0x38,
  0x2c, 0x38, 0x2c, 0x38, 0x2c, 0x38, 0x2c, 0x32, 0x34, 0x2c, 0x32, 0x34,
  0x30, 0x2c, 0x32, 0x32, 0x34, 0x2c, 0x32, 0x34, 0x30, 0x2c, 0x32, 0x34,
  0x38, 0x2c, 0x32, 0x34, 0x38, 0x2c, 0x32, 0x34, 0x30, 0x2c, 0x39, 0x36,
  0x2c, 0x31, 0x31, 0x32, 0x2c, 0x31, 0x32, 0x30, 0x00, 0xe2, 0x86, 0x04,
  0x01, 0x84, 0x20, 0x30, 0x2c, 0x30, 0x2c, 0x30, 0x2c, 0x31, 0x33, 0x2c,
  0x31, 0x33, 0x2c, 0x31, 0x33, 0x2c, 0x37, 0x2c, 0x30, 0x2c, 0x30, 0x2c,
  0x34, 0x38, 0x2c, 0x39, 0x36, 0x2c, 0x39, 0x36, 0x2c, 0x30, 0x2c, 0x30,
  0x2c, 0x30, 0x2c, 0x30, 0x2c, 0x30, 0x2c, 0x30, 0x2c, 0x30, 0x2c, 0x31,
  0x37, 0x36, 0x2c, 0x31, 0x37, 0x36, 0x2c, 0x31, 0x37, 0x36, 0x2c, 0x32,
  0x32, 0x34, 0x2c, 0x30, 0x2c, 0x30, 0x2c, 0x31, 0x32, 0x2c, 0x36, 0x2c,
  0x36, 0x2c, 0x30, 0x2c, 0x30, 0x2c, 0x30, 0x2c, 0x30, 0x00, 0x54, 0x87,
  0x0e, 0x01, 0x84, 0x20, 0x36, 0x34, 0x2c, 0x31, 0x31, 0x32, 0x2c, 0x35,
  0x39, 0x2c, 0x33, 0x31, 0x2c, 0x32, 0x39, 0x2c, 0x31, 0x31, 0x2c, 0x31,
  0x34, 0x2c, 0x31, 0x32, 0x34, 0x2c, 0x36, 0x30, 0x2c, 0x35, 0x34, 0x2c,
  0x32, 0x37, 0x2c, 0x36, 0x33, 0x2c, 0x31, 0x32, 0x31, 0x2c, 0x39, 0x37,
  0x2c, 0x31, 0x39, 0x33, 0x2c, 0x30, 0x2c, 0x30, 0x2c, 0x31, 0x33, 0x31,
  0x2c, 0x31, 0x33, 0x34, 0x2c, 0x31, 0x35, 0x38, 0x2c, 0x32, 0x35, 0x32,
  0x2c, 0x32, 0x31, 0x36, 0x2c, 0x31, 0x30, 0x38, 0x2c, 0x36, 0x30, 0x2c,
  0x36, 0x32, 0x2c, 0x31, 0x31, 0x32, 0x2c, 0x32, 0x30, 0x38, 0x2c, 0x31,
  0x38, 0x34, 0x2c, 0x32, 0x34, 0x38, 0x2c, 0x32, 0x32, 0x30, 0x2c, 0x31,
  0x34, 0x2c, 0x32, 0x00, 0xbe, 0x87, 0x18, 0x01, 0x20, 0x84, 0x20, 0x38,
  0x2c, 0x31, 0x33, 0x38, 0x2c, 0x32, 0x33, 0x39, 0x2c, 0x31, 0x32, 0x36,
  0x2c, 0x33, 0x38, 0x2c, 0x31, 0x32, 0x31, 0x2c, 0x35, 0x37, 0x2c, 0x32,
  0x34, 0x36, 0x2c, 0x32, 0x33, 0x2c, 0x36, 0x33, 0x2c, 0x35, 0x33, 0x2c,
  0x39, 0x37, 0x2c, 0x30, 0x2c, 0x30, 0x2c, 0x30, 0x2c, 0x30, 0x2c, 0x39,
  0x36, 0x2c, 0x31, 0x39, 0x32, 0x2c, 0x31, 0x39, 0x32, 0x2c, 0x31, 0x32,
  0x38, 0x2c, 0x32, 0x34, 0x30, 0x2c, 0x31, 0x39, 0x32, 0x2c, 0x32, 0x32,
  0x34, 0x2c, 0x36, 0x34, 0x2c, 0x31, 0x39, 0x32, 0x2c, 0x31, 0x31, 0x32,
  0x2c, 0x31, 0x36, 0x2c, 0x30, 0x2c, 0x30, 0x2c, 0x30, 0x2c, 0x30, 0x2c,
  0x30, 0x00, 0xe2, 0x87, 0x22, 0x01, 0x20, 0x8c, 0x0e, 0x68, 0x01, 0x3a,
  0x82, 0x49, 0xef, 0x0f, 0x98, 0xf3, 0x19, 0xd9, 0x0f, 0x99, 0xf3, 0x19,
  0xf2, 0x12, 0x3a, 0x87, 0x42, 0x3a, 0xc6, 0x49, 0x2c, 0x42, 0x3a, 0x83,
  0x49, 0x00, 0x06, 0x88, 0x2c, 0x01, 0x20, 0x8c, 0x0e, 0x72, 0x01, 0x3a,
  0x82, 0x49, 0xef, 0x0f, 0x80, 0xf3, 0x19, 0xd9, 0x0f, 0x84, 0xf3, 0x19,
  0xf2, 0x12, 0x3a, 0x87, 0x42, 0x3a, 0xc6, 0x49, 0x2c, 0x42, 0x3a, 0x83,
  0x49, 0x00, 0x2a, 0x88, 0x36, 0x01, 0x20, 0x8c, 0x0e, 0x7c, 0x01, 0x3a,
  0x82, 0x49, 0xef, 0x0f, 0x88, 0xf3, 0x19, 0xd9, 0x0f, 0x89, 0xf3, 0x19,
  0xf2, 0x12, 0x3a, 0x87, 0x42, 0x3a, 0xc6, 0x49, 0x2c, 0x42, 0x3a, 0x83,
  0x49, 0x00, 0x4e, 0x88, 0x40, 0x01, 0x20, 0x8c, 0x0e, 0x86, 0x01, 0x3a,
  0x82, 0x49, 0xef, 0x0f, 0x90, 0xf3, 0x19, 0xd9, 0x0f, 0x91, 0xf3, 0x19,
  0xf2, 0x12, 0x3a, 0x87, 0x42, 0x3a, 0xc6, 0x49, 0x2c, 0x42, 0x3a, 0x83,
  0x49, 0x00, 0x6a, 0x88, 0x4a, 0x01, 0xc6, 0x1c, 0x13, 0x20, 0x2c, 0x0f,
  0x10, 0xf3, 0x17, 0xf1, 0x0f, 0x0e, 0x3a, 0xc6, 0x1c, 0x10, 0x20, 0x2c,
  0x0f, 0x10, 0xf3, 0x0f, 0x0a, 0x00, 0x83, 0x88, 0x54, 0x01, 0xc6, 0x1c,
  0x11, 0x20, 0x2c, 0x0f, 0x10, 0xf3, 0x19, 0x3a, 0xc6, 0x1c, 0x12, 0x20,
  0x2c, 0x0f, 0x10, 0xf3, 0x0f, 0x0a, 0x00, 0xa7, 0x88, 0x5e, 0x01, 0x82,
  0x49, 0xef, 0x11, 0xd9, 0x14, 0x3a, 0xc6, 0x1c, 0x08, 0x20, 0xf1, 0x49,
  0x2c, 0x0f, 0x10, 0xf3, 0x15, 0x3a, 0x83, 0x49, 0x3a, 0xc6, 0x1c, 0x05,
  0x20, 0x2c, 0x0f, 0x10, 0xf3, 0x15, 0x00, 0xc9, 0x88, 0x68, 0x01, 0x84,
  0x20, 0x30, 0x2c, 0x32, 0x35, 0x31, 0x2c, 0x32, 0x35, 0x31, 0x2c, 0x32,
  0x35, 0x31, 0x2c, 0x30, 0x2c, 0x31, 0x32, 0x37, 0x2c, 0x31, 0x32, 0x37,
  0x2c, 0x31, 0x32, 0x37, 0x00, 0x2b, 0x89, 0x72, 0x01, 0x84, 0x20, 0x30,
  0x2c, 0x30, 0x2c, 0x30, 0x2c, 0x30, 0x2c, 0x31, 0x2c, 0x31, 0x2c, 0x33,
  0x2c, 0x31, 0x35, 0x2c, 0x33, 0x31, 0x2c, 0x36, 0x33, 0x2c, 0x36, 0x33,
  0x2c, 0x36, 0x33, 0x2c, 0x33, 0x31, 0x2c, 0x31, 0x35, 0x2c, 0x33, 0x2c,
  0x30, 0x2c, 0x30, 0x2c, 0x30, 0x2c, 0x36, 0x34, 0x2c, 0x31, 0x36, 0x30,
  0x2c, 0x30, 0x2c, 0x30, 0x2c, 0x31, 0x39, 0x32, 0x2c, 0x32, 0x34, 0x30,
  0x2c, 0x32, 0x34, 0x38, 0x2c, 0x32, 0x35, 0x32, 0x2c, 0x32, 0x35, 0x32,
  0x2c, 0x32, 0x35, 0x32, 0x2c, 0x32, 0x34, 0x38, 0x2c, 0x32, 0x34, 0x30,
  0x2c, 0x31, 0x39, 0x32, 0x2c, 0x30, 0x00, 0x4d, 0x89, 0x7c, 0x01, 0x84,
  0x20, 0x35, 0x36, 0x2c, 0x36, 0x38, 0x2c, 0x31, 0x34, 0x36, 0x2c, 0x31,
  0x34, 0x36, 0x2c, 0x31, 0x33, 0x38, 0x2c, 0x31, 0x33, 0x30, 0x2c, 0x36,
  0x38, 0x2c, 0x35, 0x36, 0x00, 0x6f, 0x89, 0x86, 0x01, 0x84, 0x20, 0x31,
  0x32, 0x2c, 0x31, 0x38, 0x2c, 0x35, 0x36, 0x2c, 0x31, 0x32, 0x34, 0x2c,
  0x32, 0x35, 0x34, 0x2c, 0x32, 0x35, 0x34, 0x2c, 0x31, 0x32, 0x34, 0x2c,
  0x35, 0x36, 0x00, 0x83, 0x89, 0x90, 0x01, 0x8f, 0x20, 0x53, 0x45, 0x54,
  0x20, 0x43, 0x41, 0x52, 0x41, 0x54, 0x54, 0x45, 0x52, 0x49, 0x00, 0xa5,
  0x89, 0x9a, 0x01, 0x82, 0x42, 0xef, 0x1c, 0x80, 0x01, 0xd9, 0x1c, 0xd8,
  0x02, 0x3a, 0xc6, 0x42, 0x2c, 0xff, 0x98, 0x28, 0x42, 0x29, 0xf4, 0x13,
  0xf7, 0xff, 0x98, 0x28, 0x42, 0x29, 0x3a, 0x83, 0x00, 0xc8, 0x89, 0xa4,
  0x01, 0x8d, 0x0e, 0x78, 0x05, 0x3a, 0x53, 0x43, 0xef, 0x11, 0x3a, 0x4c,
  0x49, 0xef, 0x14, 0x3a, 0x4c, 0x56, 0xef, 0x12, 0x3a, 0x52, 0x44, 0xef,
  0x12, 0x3a, 0x42, 0x4d, 0xef, 0x0f, 0x0a, 0x00, 0xdf, 0x89, 0xae, 0x01,
  0x82, 0x49, 0xef, 0x12, 0xd9, 0x19, 0x3a, 0xb3, 0xc7, 0x49, 0x2c, 0x2c,
  0x11, 0x2c, 0x11, 0x3a, 0x83, 0x49, 0x00, 0xe5, 0x89, 0xb8, 0x01, 0x8f,
  0x00, 0x1d, 0x8a, 0xc2, 0x01, 0x9f, 0x3a, 0xd8, 0x0f, 0x0c, 0x2c, 0x0f,
  0x0a, 0x3a, 0x91, 0x22, 0x52, 0x4f, 0x55, 0x4e, 0x44, 0x22, 0x3b, 0x52,
  0x44, 0x3a, 0xd8, 0x0f, 0x0c, 0x2c, 0x0f, 0x0c, 0x3a, 0x91, 0x22, 0x52,
  0x45, 0x41, 0x44, 0x59, 0x21, 0x22, 0x3a, 0x82, 0x4b, 0xef, 0x12, 0xd9,
  0x1c, 0xe8, 0x03, 0x3a, 0x83, 0x4b, 0x3a, 0x9f, 0x00, 0x71, 0x8a, 0xcc,
  0x01, 0xd8, 0x12, 0x2c, 0x11, 0x3a, 0x91, 0x22, 0x53, 0x43, 0x4f, 0x52,
  0x45, 0x22, 0x3a, 0xd8, 0x0f, 0x0a, 0x2c, 0x11, 0x3a, 0x91, 0x22, 0x48,
  0x49, 0x2d, 0x53, 0x43, 0x4f, 0x52, 0x45, 0x22, 0x3a, 0xd8, 0x0f, 0x14,
  0x2c, 0x11, 0x3a, 0x91, 0x22, 0x52, 0x45, 0x53, 0x54, 0x22, 0x3a, 0xd8,
  0x0f, 0x14, 0x2c, 0x12, 0x3a, 0x91, 0xff, 0x96, 0x28, 0x0f, 0x90, 0x29,
  0x3b, 0x42, 0x4d, 0x3a, 0xd8, 0x0f, 0x1b, 0x2c, 0x12, 0x3a, 0x91, 0xff,
  0x96, 0x28, 0x0f, 0x88, 0x29, 0x3b, 0x54, 0x49, 0x00, 0x99, 0x8a, 0xd6,
  0x01, 0xd8, 0x11, 0x2c, 0x12, 0x3a, 0x91, 0x53, 0x43, 0xf3, 0x0f, 0x64,
  0x3a, 0xd8, 0x1a, 0x2c, 0x12, 0x3a, 0x91, 0x48, 0x49, 0xf3, 0x0f, 0x64,
  0x3a, 0xd8, 0x0f, 0x18, 0x2c, 0x11, 0x3a, 0x91, 0x4c, 0x49, 0x3a, 0x91,
  0x00, 0xb4, 0x8a, 0xe0, 0x01, 0x4c, 0x56, 0xef, 0xff, 0x85, 0x28, 0xff,
  0x88, 0x28, 0xf2, 0xcb, 0x29, 0xf3, 0x16, 0xf1, 0x12, 0x29, 0x3a, 0x4c,
  0x56, 0xef, 0x13, 0x00, 0xd3, 0x8a, 0xea, 0x01, 0x95, 0x20, 0x4c, 0x56,
  0x20, 0x89, 0x20, 0x0e, 0xf4, 0x01, 0x2c, 0x0e, 0xfe, 0x01, 0x2c, 0x0e,
  0x08, 0x02, 0x2c, 0x0e, 0x12, 0x02, 0x2c, 0x0e, 0x1c, 0x02, 0x00, 0xe1,
  0x8a, 0xf4, 0x01, 0x8d, 0x0e, 0x04, 0x06, 0x3a, 0x89, 0x0e, 0x30, 0x02,
  0x00, 0xef, 0x8a, 0xfe, 0x01, 0x8d, 0x0e, 0xfe, 0x06, 0x3a, 0x89, 0x0e,
  0x30, 0x02, 0x00, 0xfd, 0x8a, 0x08, 0x02, 0x8d, 0x0e, 0x02, 0x08, 0x3a,
  0x89, 0x0e, 0x30, 0x02, 0x00, 0x0b, 0x8b, 0x12, 0x02, 0x8d, 0x0e, 0xf2,
  0x08, 0x3a, 0x89, 0x0e, 0x30, 0x02, 0x00, 0x19, 0x8b, 0x1c, 0x02, 0x8d,
  0x0e, 0xd8, 0x09, 0x3a, 0x89, 0x0e, 0x30, 0x02, 0x00, 0x2e, 0x8b, 0x26,
  0x02, 0x8f, 0x20, 0x54, 0x4f, 0x20, 0x43, 0x4f, 0x4c, 0x4f, 0x52, 0x20,
  0x53, 0x54, 0x41, 0x47, 0x45, 0x00, 0x3c, 0x8b, 0x30, 0x02, 0x8d, 0x0e,
  0x3a, 0x02, 0x3a, 0x89, 0x0e, 0x9e, 0x02, 0x00, 0x52, 0x8b, 0x3a, 0x02,
  0x43, 0x4c, 0xef, 0xff, 0x85, 0x28, 0xff, 0x88, 0x28, 0xf2, 0xcb, 0x29,
  0xf3, 0x19, 0xf1, 0x12, 0x29, 0x00, 0x7d, 0x8b, 0x44, 0x02, 0x95, 0x20,
  0x43, 0x4c, 0x20, 0x89, 0x20, 0x0e, 0x4e, 0x02, 0x2c, 0x0e, 0x58, 0x02,
  0x2c, 0x0e, 0x62, 0x02, 0x2c, 0x0e, 0x6c, 0x02, 0x2c, 0x0e, 0x76, 0x02,
  0x2c, 0x0e, 0x80, 0x02, 0x2c, 0x0e, 0x8a, 0x02, 0x2c, 0x0e, 0x94, 0x02,
  0x00, 0x90, 0x8b, 0x4e, 0x02, 0xc6, 0x1c, 0x13, 0x20, 0x2c, 0x0f, 0x10,
  0xf3, 0x17, 0xf1, 0x0f, 0x0e, 0x3a, 0x8e, 0x00, 0xa4, 0x8b, 0x58, 0x02,
  0xc6, 0x1c, 0x13, 0x20, 0x2c, 0x0f, 0x10, 0xf3, 0x0f, 0x0e, 0xf1, 0x0f,
  0x0d, 0x3a, 0x8e, 0x00, 0xb8, 0x8b, 0x62, 0x02, 0xc6, 0x1c, 0x13, 0x20,
  0x2c, 0x0f, 0x10, 0xf3, 0x0f, 0x0c, 0xf1, 0x0f, 0x0e, 0x3a, 0x8e, 0x00,
  0xcc, 0x8b, 0x6c, 0x02, 0xc6, 0x1c, 0x13, 0x20, 0x2c, 0x0f, 0x10, 0xf3,
  0x0f, 0x0e, 0xf1, 0x0f, 0x0a, 0x3a, 0x8e, 0x00, 0xdf, 0x8b, 0x76, 0x02,
  0xc6, 0x1c, 0x13, 0x20, 0x2c, 0x0f, 0x10, 0xf3, 0x15, 0xf1, 0x0f, 0x0f,
  0x3a, 0x8e, 0x00, 0xf2, 0x8b, 0x80, 0x02, 0xc6, 0x1c, 0x13, 0x20, 0x2c,
  0x0f, 0x10, 0xf3, 0x17, 0xf1, 0x0f, 0x0d, 0x3a, 0x8e, 0x00, 0x04, 0x8c,
  0x8a, 0x02, 0xc6, 0x1c, 0x13, 0x20, 0x2c, 0x0f, 0x10, 0xf3, 0x1a, 0xf1,
  0x15, 0x3a, 0x8e, 0x00, 0x18, 0x8c, 0x94, 0x02, 0xc6, 0x1c, 0x13, 0x20,
  0x2c, 0x0f, 0x10, 0xf3, 0x0f, 0x0c, 0xf1, 0x0f, 0x0f, 0x3a, 0x8e, 0x00,
  0x21, 0x8c, 0x9e, 0x02, 0x8d, 0x0e, 0xe2, 0x04, 0x00, 0x3a, 0x8c, 0xa8,
  0x02, 0x58, 0xef, 0x0f, 0x78, 0x3a, 0x59, 0xef, 0x0f, 0x60, 0x3a, 0x53,
  0x50, 0xef, 0x12, 0x3a, 0x54, 0x49, 0xef, 0x0f, 0x1e, 0x00, 0x5b, 0x8c,
  0xb2, 0x02, 0xb3, 0xc7, 0x12, 0x2c, 0x28, 0x58, 0x2c, 0x59, 0x29, 0x2c,
  0x0f, 0x0f, 0x2c, 0x12, 0x3a, 0xb3, 0xc7, 0x13, 0x2c, 0x28, 0x58, 0x2c,
  0x59, 0x29, 0x2c, 0x15, 0x2c, 0x13, 0x00, 0x8d, 0x8c, 0xbc, 0x02, 0x95,
  0x20, 0xff, 0xa2, 0x28, 0x11, 0x29, 0xf7, 0xff, 0xa2, 0x28, 0x12, 0x29,
  0x8d, 0x0e, 0x20, 0x03, 0x2c, 0x0e, 0x20, 0x03, 0x2c, 0x0e, 0x2a, 0x03,
  0x2c, 0x0e, 0x2a, 0x03, 0x2c, 0x0e, 0x34, 0x03, 0x2c, 0x0e, 0x34, 0x03,
  0x2c, 0x0e, 0x3e, 0x03, 0x2c, 0x0e, 0x3e, 0x03, 0x00, 0xbc, 0x8c, 0xc6,
  0x02, 0x8b, 0x50, 0x42, 0xef, 0x12, 0xda, 0x54, 0x52, 0xef, 0x54, 0x52,
  0xf1, 0x12, 0x3a, 0x8b, 0x54, 0x52, 0xee, 0x16, 0xda, 0x54, 0x49, 0xef,
  0x54, 0x49, 0xf2, 0x12, 0x3a, 0x54, 0x52, 0xef, 0x11, 0x3a, 0xd8, 0x0f,
  0x1c, 0x2c, 0x12, 0x3a, 0x91, 0x54, 0x49, 0x00, 0xcb, 0x8c, 0xd0, 0x02,
  0x8b, 0x54, 0x49, 0xf0, 0xef, 0x11, 0xda, 0x0e, 0x06, 0x04, 0x00, 0xfe,
  0x8c, 0xda, 0x02, 0xb3, 0xc7, 0x12, 0x2c, 0x28, 0x58, 0x2c, 0x59, 0x29,
  0x2c, 0x0f, 0x0f, 0x2c, 0x53, 0x50, 0xf1, 0x5a, 0x3a, 0xb3, 0xc7, 0x13,
  0x2c, 0x28, 0x58, 0x2c, 0x59, 0x29, 0x2c, 0x15, 0x2c, 0x53, 0x50, 0xf1,
  0x12, 0xf1, 0x5a, 0x3a, 0x58, 0x31, 0xef, 0x58, 0x3a, 0x59, 0x31, 0xef,
  0x59, 0x00, 0x23, 0x8d, 0xe4, 0x02, 0x8b, 0xff, 0xa2, 0x28, 0x11, 0x29,
  0xf7, 0xff, 0xa2, 0x28, 0x12, 0x29, 0xee, 0x11, 0xda, 0x41, 0xef, 0xdd,
  0x12, 0x28, 0x11, 0x29, 0x3a, 0x5a, 0xef, 0x5a, 0xf1, 0x13, 0xf6, 0x5a,
  0xf0, 0x12, 0x00, 0x32, 0x8d, 0xee, 0x02, 0x8b, 0x50, 0x42, 0xef, 0x11,
  0xda, 0x8d, 0x0e, 0xac, 0x03, 0x00, 0x56, 0x8d, 0xf8, 0x02, 0x4b, 0x31,
  0xef, 0x1c, 0x00, 0x18, 0xf1, 0xff, 0x85, 0x28, 0xff, 0x85, 0x28, 0x28,
  0x59, 0x29, 0xf4, 0x19, 0x29, 0xf3, 0x0f, 0x20, 0xf1, 0x28, 0x28, 0x58,
  0x29, 0xf4, 0x19, 0x29, 0x29, 0x00, 0xcc, 0x8d, 0x02, 0x03, 0x8b, 0xff,
  0x98, 0x28, 0x4b, 0x31, 0x29, 0xef, 0x0f, 0x80, 0xda, 0xc6, 0x4b, 0x31,
  0x2c, 0x0f, 0x20, 0x3a, 0xc6, 0x4b, 0x31, 0xf1, 0x12, 0x2c, 0x0f, 0x20,
  0x3a, 0xc6, 0x4b, 0x31, 0xf1, 0x0f, 0x20, 0x2c, 0x0f, 0x20, 0x3a, 0xc6,
  0x4b, 0x31, 0xf1, 0x0f, 0x21, 0x2c, 0x0f, 0x20, 0x3a, 0x50, 0x42, 0xef,
  0x11, 0x3a, 0x41, 0xef, 0xdd, 0x13, 0x28, 0x11, 0x29, 0x3a, 0x54, 0x49,
  0xef, 0x0f, 0x1e, 0x3a, 0xd8, 0x0f, 0x1c, 0x2c, 0x12, 0x3a, 0x91, 0x54,
  0x49, 0x3a, 0x53, 0x43, 0xef, 0x53, 0x43, 0xf1, 0x12, 0x3a, 0xd8, 0x11,
  0x2c, 0x12, 0x3a, 0x91, 0x53, 0x43, 0xf3, 0x0f, 0x64, 0x3a, 0x42, 0x4d,
  0xef, 0x42, 0x4d, 0xf2, 0x12, 0x3a, 0xd8, 0x0f, 0x15, 0x2c, 0x12, 0x3a,
  0x91, 0x42, 0x4d, 0x00, 0xdb, 0x8d, 0x0c, 0x03, 0x8b, 0x42, 0x4d, 0xf0,
  0xef, 0x11, 0xda, 0x0e, 0xa6, 0x04, 0x00, 0xe5, 0x8d, 0x16, 0x03, 0x89,
  0x20, 0x0e, 0xbc, 0x02, 0x00, 0x13, 0x8e, 0x20, 0x03, 0x53, 0x50, 0xef,
  0x1a, 0x3a, 0x8d, 0x0e, 0x52, 0x03, 0x3a, 0x41, 0xef, 0xdd, 0x28, 0x13,
  0x29, 0x3a, 0x59, 0x41, 0xef, 0x59, 0x41, 0xf1, 0x12, 0x3a, 0x8b, 0x59,
  0x41, 0xee, 0x0f, 0x17, 0xda, 0x59, 0x41, 0xef, 0x13, 0x3a, 0x8e, 0x3a,
  0xa1, 0x8e, 0x00, 0x41, 0x8e, 0x2a, 0x03, 0x53, 0x50, 0xef, 0x12, 0x3a,
  0x8d, 0x0e, 0x66, 0x03, 0x3a, 0x41, 0xef, 0xdd, 0x28, 0x14, 0x29, 0x3a,
  0x58, 0x41, 0xef, 0x58, 0x41, 0xf2, 0x12, 0x3a, 0x8b, 0x58, 0x41, 0xf0,
  0x12, 0xda, 0x58, 0x41, 0xef, 0x0f, 0x20, 0x3a, 0x8e, 0x3a, 0xa1, 0x8e,
  0x00, 0x70, 0x8e, 0x34, 0x03, 0x53, 0x50, 0xef, 0x0f, 0x0d, 0x3a, 0x8d,
  0x0e, 0x7a, 0x03, 0x3a, 0x41, 0xef, 0xdd, 0x28, 0x12, 0x29, 0x3a, 0x59,
  0x41, 0xef, 0x59, 0x41, 0xf2, 0x12, 0x3a, 0x8b, 0x59, 0x41, 0xf0, 0x14,
  0xda, 0x59, 0x41, 0xef, 0x0f, 0x18, 0x3a, 0x8e, 0x3a, 0xa1, 0x8e, 0x00,
  0x9e, 0x8e, 0x3e, 0x03, 0x53, 0x50, 0xef, 0x16, 0x3a, 0x8d, 0x0e, 0x8e,
  0x03, 0x3a, 0x41, 0xef, 0xdd, 0x28, 0x11, 0x29, 0x3a, 0x58, 0x41, 0xef,
  0x58, 0x41, 0xf1, 0x12, 0x3a, 0x8b, 0x58, 0x41, 0xee, 0x0f, 0x20, 0xda,
  0x58, 0x41, 0xef, 0x12, 0x3a, 0x8e, 0x3a, 0xa1, 0x8e, 0x00, 0xb3, 0x8e,
  0x48, 0x03, 0x8f, 0x20, 0x43, 0x4f, 0x4c, 0x4c, 0x49, 0x53, 0x49, 0x4f,
  0x4e, 0x20, 0x57, 0x41, 0x4c, 0x4c, 0x00, 0xd9, 0x8e, 0x52, 0x03, 0x4b,
  0x31, 0xef, 0x1c, 0x00, 0x18, 0xf1, 0xff, 0x85, 0x28, 0xff, 0x85, 0x28,
  0x28, 0x59, 0xf2, 0x19, 0x29, 0xf4, 0x19, 0x29, 0xf3, 0x0f, 0x20, 0xf1,
  0x28, 0x28, 0x58, 0x29, 0xf4, 0x19, 0x29, 0x29, 0x00, 0x16, 0x8f, 0x5c,
  0x03, 0x8b, 0xff, 0x98, 0x28, 0x4b, 0x31, 0x29, 0xef, 0x0f, 0x98, 0xf7,
  0xff, 0x98, 0x28, 0x4b, 0x31, 0xf1, 0x12, 0x29, 0xef, 0x0f, 0x98, 0xf7,
  0xff, 0x98, 0x28, 0x4b, 0x31, 0xf1, 0x0f, 0x20, 0x29, 0xef, 0x0f, 0x98,
  0xf7, 0xff, 0x98, 0x28, 0x4b, 0x31, 0xf1, 0x0f, 0x21, 0x29, 0xef, 0x0f,
  0x98, 0xda, 0x8e, 0x0e, 0xbc, 0x02, 0x3a, 0xa1, 0x8e, 0x00, 0x3c, 0x8f,
  0x66, 0x03, 0x4b, 0x31, 0xef, 0x1c, 0x00, 0x18, 0xf1, 0xff, 0x85, 0x28,
  0xff, 0x85, 0x28, 0x28, 0x59, 0x29, 0xf4, 0x19, 0x29, 0xf3, 0x0f, 0x20,
  0xf1, 0x28, 0x28, 0x58, 0xf1, 0x19, 0x29, 0xf4, 0x19, 0x29, 0x29, 0x00,
  0x79, 0x8f, 0x70, 0x03, 0x8b, 0xff, 0x98, 0x28, 0x4b, 0x31, 0x29, 0xef,
  0x0f, 0x98, 0xf7, 0xff, 0x98, 0x28, 0x4b, 0x31, 0xf1, 0x12, 0x29, 0xef,
  0x0f, 0x98, 0xf7, 0xff, 0x98, 0x28, 0x4b, 0x31, 0xf1, 0x0f, 0x20, 0x29,
  0xef, 0x0f, 0x98, 0xf7, 0xff, 0x98, 0x28, 0x4b, 0x31, 0xf1, 0x0f, 0x21,
  0x29, 0xef, 0x0f, 0x98, 0xda, 0x8e, 0x0e, 0xbc, 0x02, 0x3a, 0xa1, 0x8e,
  0x00, 0x9f, 0x8f, 0x7a, 0x03, 0x4b, 0x31, 0xef, 0x1c, 0x00, 0x18, 0xf1,
  0xff, 0x85, 0x28, 0xff, 0x85, 0x28, 0x28, 0x59, 0xf1, 0x19, 0x29, 0xf4,
  0x19, 0x29, 0xf3, 0x0f, 0x20, 0xf1, 0x28, 0x28, 0x58, 0x29, 0xf4, 0x19,
  0x29, 0x29, 0x00, 0xdc, 0x8f, 0x84, 0x03, 0x8b, 0xff, 0x98, 0x28, 0x4b,
  0x31, 0x29, 0xef, 0x0f, 0x98, 0xf7, 0xff, 0x98, 0x28, 0x4b, 0x31, 0xf1,
  0x12, 0x29, 0xef, 0x0f, 0x98, 0xf7, 0xff, 0x98, 0x28, 0x4b, 0x31, 0xf1,
  0x0f, 0x20, 0x29, 0xef, 0x0f, 0x98, 0xf7, 0xff, 0x98, 0x28, 0x4b, 0x31,
  0xf1, 0x0f, 0x21, 0x29, 0xef, 0x0f, 0x98, 0xda, 0x8e, 0x0e, 0xbc, 0x02,
  0x3a, 0xa1, 0x8e, 0x00, 0x02, 0x90, 0x8e, 0x03, 0x4b, 0x31, 0xef, 0x1c,
  0x00, 0x18, 0xf1, 0xff, 0x85, 0x28, 0xff, 0x85, 0x28, 0x28, 0x59, 0x29,
  0xf4, 0x19, 0x29, 0xf3, 0x0f, 0x20, 0xf1, 0x28, 0x28, 0x58, 0xf2, 0x19,
  0x29, 0xf4, 0x19, 0x29, 0x29, 0x00, 0x3f, 0x90, 0x98, 0x03, 0x8b, 0xff,
  0x98, 0x28, 0x4b, 0x31, 0x29, 0xef, 0x0f, 0x98, 0xf7, 0xff, 0x98, 0x28,
  0x4b, 0x31, 0xf1, 0x12, 0x29, 0xef, 0x0f, 0x98, 0xf7, 0xff, 0x98, 0x28,
  0x4b, 0x31, 0xf1, 0x0f, 0x20, 0x29, 0xef, 0x0f, 0x98, 0xf7, 0xff, 0x98,
  0x28, 0x4b, 0x31, 0xf1, 0x0f, 0x21, 0x29, 0xef, 0x0f, 0x98, 0xda, 0x8e,
  0x0e, 0xbc, 0x02, 0x3a, 0xa1, 0x8e, 0x00, 0x4e, 0x90, 0xa2, 0x03, 0x8f,
  0x20, 0x50, 0x55, 0x54, 0x20, 0x42, 0x4f, 0x4d, 0x42, 0x00, 0x65, 0x90,
  0xac, 0x03, 0x58, 0x41, 0xef, 0xff, 0x85, 0x28, 0xff, 0x88, 0x28, 0xf2,
  0xcb, 0x29, 0xf3, 0x0f, 0x1e, 0xf1, 0x12, 0x29, 0x00, 0x7c, 0x90, 0xb6,
  0x03, 0x59, 0x41, 0xef, 0xff, 0x85, 0x28, 0xff, 0x88, 0x28, 0xf2, 0xcb,
  0x29, 0xf3, 0x0f, 0x15, 0xf1, 0x12, 0x29, 0x00, 0x8b, 0x90, 0xc0, 0x03,
  0x8b, 0x59, 0x41, 0xf0, 0x14, 0xda, 0x89, 0x0e, 0xb6, 0x03, 0x00, 0x4b,
  0x91, 0xca, 0x03, 0x8b, 0xff, 0x98, 0x28, 0x1c, 0x00, 0x18, 0xf1, 0x58,
  0x41, 0xf1, 0x59, 0x41, 0xf3, 0x0f, 0x20, 0x29, 0xef, 0x0f, 0x20, 0xf6,
  0xff, 0x98, 0x28, 0x1c, 0x00, 0x18, 0xf1, 0x58, 0x41, 0xf1, 0x12, 0xf1,
  0x59, 0x41, 0xf3, 0x0f, 0x20, 0x29, 0xef, 0x0f, 0x20, 0xf6, 0xff, 0x98,
  0x28, 0x1c, 0x00, 0x18, 0xf1, 0x58, 0x41, 0xf1, 0x0f, 0x20, 0xf1, 0x59,
  0x41, 0xf3, 0x0f, 0x20, 0x29, 0xef, 0x0f, 0x20, 0xf7, 0xff, 0x98, 0x28,
  0x1c, 0x00, 0x18, 0xf1, 0x58, 0x41, 0xf1, 0x0f, 0x21, 0xf1, 0x59, 0x41,
  0xf3, 0x0f, 0x20, 0x29, 0xef, 0x0f, 0x20, 0xf6, 0xff, 0x98, 0x28, 0x1c,
  0x00, 0x18, 0xf1, 0x58, 0x41, 0xf2, 0x0f, 0x20, 0xf1, 0x59, 0x41, 0xf3,
  0x0f, 0x20, 0x29, 0xef, 0x0f, 0x20, 0xf6, 0xff, 0x98, 0x28, 0x1c, 0x00,
  0x18, 0xf1, 0x58, 0x41, 0xf2, 0x0f, 0x21, 0xf1, 0x59, 0x41, 0xf3, 0x0f,
  0x20, 0x29, 0xef, 0x0f, 0x20, 0xf6, 0xff, 0x98, 0x28, 0x1c, 0x00, 0x18,
  0xf1, 0x58, 0x41, 0xf1, 0x0f, 0x40, 0xf1, 0x59, 0x41, 0xf3, 0x0f, 0x20,
  0x29, 0xef, 0x0f, 0x20, 0xf6, 0xff, 0x98, 0x28, 0x1c, 0x00, 0x18, 0xf1,
  0x58, 0x41, 0xf1, 0x0f, 0x41, 0xf1, 0x59, 0x41, 0xf3, 0x0f, 0x20, 0x29,
  0xef, 0x0f, 0x20, 0xda, 0x0e, 0xd4, 0x03, 0x3a, 0xa1, 0x8e, 0x00, 0x67,
  0x91, 0xd4, 0x03, 0x8b, 0x58, 0x41, 0xf0, 0xee, 0x58, 0xf4, 0x19, 0xf6,
  0x59, 0x41, 0xf0, 0xee, 0x59, 0xf4, 0x19, 0xda, 0x0e, 0xde, 0x03, 0x3a,
  0xa1, 0x8e, 0x00, 0x8f, 0x91, 0xde, 0x03, 0xc6, 0x1c, 0x00, 0x18, 0xf1,
  0x58, 0x41, 0xf1, 0x59, 0x41, 0xf3, 0x0f, 0x20, 0x2c, 0x0f, 0x80, 0x3a,
  0xc6, 0x1c, 0x00, 0x18, 0xf1, 0x58, 0x41, 0xf1, 0x12, 0xf1, 0x59, 0x41,
  0xf3, 0x0f, 0x20, 0x2c, 0x0f, 0x82, 0x00, 0xbb, 0x91, 0xe8, 0x03, 0xc6,
  0x1c, 0x00, 0x18, 0xf1, 0x58, 0x41, 0xf1, 0x0f, 0x20, 0xf1, 0x59, 0x41,
  0xf3, 0x0f, 0x20, 0x2c, 0x0f, 0x81, 0x3a, 0xc6, 0x1c, 0x00, 0x18, 0xf1,
  0x58, 0x41, 0xf1, 0x0f, 0x21, 0xf1, 0x59, 0x41, 0xf3, 0x0f, 0x20, 0x2c,
  0x0f, 0x83, 0x00, 0xc6, 0x91, 0xf2, 0x03, 0x50, 0x42, 0xef, 0x12, 0x3a,
  0x8e, 0x00, 0xda, 0x91, 0xfc, 0x03, 0x8f, 0x20, 0x44, 0x45, 0x41, 0x54,
  0x48, 0x20, 0x42, 0x4f, 0x4d, 0x42, 0x4d, 0x41, 0x4e, 0x00, 0x2f, 0x92,
  0x06, 0x04, 0xc6, 0x1c, 0x00, 0x18, 0xf1, 0x58, 0x41, 0xf1, 0x59, 0x41,
  0xf3, 0x0f, 0x20, 0x2c, 0x0f, 0x20, 0x3a, 0xc6, 0x1c, 0x00, 0x18, 0xf1,
  0x58, 0x41, 0xf1, 0x12, 0xf1, 0x59, 0x41, 0xf3, 0x0f, 0x20, 0x2c, 0x0f,
  0x20, 0x3a, 0xc6, 0x1c, 0x00, 0x18, 0xf1, 0x58, 0x41, 0xf1, 0x0f, 0x20,
  0xf1, 0x59, 0x41, 0xf3, 0x0f, 0x20, 0x2c, 0x0f, 0x20, 0x3a, 0xc6, 0x1c,
  0x00, 0x18, 0xf1, 0x58, 0x41, 0xf1, 0x0f, 0x21, 0xf1, 0x59, 0x41, 0xf3,
  0x0f, 0x20, 0x2c, 0x0f, 0x20, 0x3a, 0x50, 0x42, 0xef, 0x11, 0x00, 0x4c,
  0x92, 0x10, 0x04, 0xc4, 0x20, 0x15, 0x2c, 0x0f, 0x90, 0x3a, 0xc4, 0x16,
  0x2c, 0x0f, 0x0f, 0x3a, 0xc4, 0x17, 0x2c, 0x0f, 0x1e, 0x3a, 0xc4, 0x18,
  0x2c, 0x0f, 0x1e, 0x00, 0x61, 0x92, 0x1a, 0x04, 0x82, 0x4b, 0xef, 0x0f,
  0x0f, 0xd9, 0x11, 0xdc, 0xf2, 0x12, 0x3a, 0xc4, 0x0f, 0x0a, 0x2c, 0x4b,
  0x00, 0x84, 0x92, 0x24, 0x04, 0x4e, 0xef, 0x4e, 0xf1, 0x12, 0x3a, 0x8b,
  0x4e, 0xee, 0xef, 0x13, 0xda, 0x4e, 0xef, 0x11, 0x3a, 0x41, 0xef, 0xdd,
  0x28, 0x13, 0x29, 0x3a, 0xa1, 0x41, 0xef, 0xdd, 0x28, 0x12, 0x29, 0x00,
  0xda, 0x92, 0x2e, 0x04, 0x58, 0x45, 0xef, 0x58, 0x41, 0x3a, 0x59, 0x45,
  0xef, 0x59, 0x41, 0x3a, 0x58, 0x45, 0xef, 0x58, 0x45, 0xf3, 0x19, 0x3a,
  0x59, 0x45, 0xef, 0x59, 0x45, 0xf3, 0x19, 0x3a, 0xb3, 0xc7, 0x14, 0x2c,
  0x28, 0x58, 0x45, 0x2c, 0x59, 0x45, 0x29, 0x2c, 0x0f, 0x0a, 0x2c, 0x0f,
  0x12, 0x3a, 0x45, 0x45, 0xef, 0x45, 0x45, 0xf1, 0x12, 0x3a, 0x8b, 0x45,
  0x45, 0xee, 0x14, 0xda, 0x45, 0x45, 0xef, 0x11, 0x3a, 0xb3, 0xc7, 0x14,
  0x2c, 0x28, 0x58, 0x45, 0x2c, 0x59, 0x45, 0x29, 0x2c, 0x19, 0x2c, 0x0f,
  0x11, 0x00, 0x07, 0x93, 0x38, 0x04, 0xbd, 0x2c, 0x12, 0x2c, 0x4b, 0x3a,
  0x83, 0x4b, 0x3a, 0x54, 0x49, 0xef, 0x0f, 0x1e, 0x3a, 0xd8, 0x0f, 0x1c,
  0x2c, 0x12, 0x3a, 0x91, 0x54, 0x49, 0x3a, 0xb3, 0xc7, 0x14, 0x2c, 0x28,
  0x0f, 0xff, 0x2c, 0x0f, 0xc0, 0x29, 0x2c, 0x11, 0x2c, 0x11, 0x00, 0x1b,
  0x93, 0x42, 0x04, 0x8d, 0x0e, 0x44, 0x02, 0x3a, 0xc6, 0x1c, 0x10, 0x20,
  0x2c, 0x0f, 0x10, 0xf3, 0x0f, 0x0a, 0x00, 0x34, 0x93, 0x4c, 0x04, 0xc6,
  0x1c, 0x11, 0x20, 0x2c, 0x0f, 0x10, 0xf3, 0x19, 0x3a, 0xc6, 0x1c, 0x12,
  0x20, 0x2c, 0x0f, 0x10, 0xf3, 0x0f, 0x0a, 0x00, 0x58, 0x93, 0x56, 0x04,
  0x82, 0x49, 0xef, 0x11, 0xd9, 0x14, 0x3a, 0xc6, 0x1c, 0x08, 0x20, 0xf1,
  0x49, 0x2c, 0x0f, 0x10, 0xf3, 0x15, 0x3a, 0x83, 0x49, 0x3a, 0xc6, 0x1c,
  0x05, 0x20, 0x2c, 0x0f, 0x10, 0xf3, 0x15, 0x00, 0x79, 0x93, 0x60, 0x04,
  0x4c, 0x49, 0xef, 0x4c, 0x49, 0xf2, 0x12, 0x3a, 0x8b, 0x4c, 0x49, 0xf0,
  0x11, 0xda, 0x0e, 0x7e, 0x04, 0x3a, 0xa1, 0xd8, 0x0f, 0x18, 0x2c, 0x11,
  0x3a, 0x91, 0x4c, 0x49, 0x00, 0x82, 0x93, 0x6a, 0x04, 0x89, 0x0e, 0xbc,
  0x02, 0x00, 0x92, 0x93, 0x74, 0x04, 0x8f, 0x20, 0x47, 0x41, 0x4d, 0x45,
  0x20, 0x4f, 0x56, 0x45, 0x52, 0x00, 0x98, 0x93, 0x7e, 0x04, 0x8f, 0x00,
  0xb6, 0x93, 0x88, 0x04, 0xd8, 0x1a, 0x2c, 0x0f, 0x0a, 0x3a, 0x91, 0x22,
  0x47, 0x20, 0x41, 0x20, 0x4d, 0x20, 0x45, 0x20, 0x20, 0x4f, 0x20, 0x56,
  0x20, 0x45, 0x20, 0x52, 0x22, 0x00, 0xcb, 0x93, 0x92, 0x04, 0x82, 0x49,
  0xef, 0x11, 0xd9, 0x1c, 0xb8, 0x0b, 0x3a, 0x83, 0x49, 0x3a, 0x89, 0x0e,
  0xa4, 0x01, 0x00, 0xdd, 0x93, 0x9c, 0x04, 0x8f, 0x20, 0x53, 0x54, 0x41,
  0x47, 0x45, 0x20, 0x43, 0x4c, 0x45, 0x41, 0x52, 0x00, 0xf3, 0x93, 0xa6,
  0x04, 0xb3, 0xc7, 0x12, 0x2c, 0x2c, 0x11, 0x2c, 0x11, 0x3a, 0xb3, 0xc7,
  0x13, 0x2c, 0x2c, 0x11, 0x2c, 0x11, 0x00, 0xf9, 0x93, 0xb0, 0x04, 0x8f,
  0x00, 0x1b, 0x94, 0xba, 0x04, 0xd8, 0x18, 0x2c, 0x0f, 0x0a, 0x3a, 0x91,
  0x22, 0x53, 0x20, 0x54, 0x20, 0x41, 0x20, 0x47, 0x20, 0x45, 0x20, 0x20,
  0x43, 0x20, 0x4c, 0x20, 0x45, 0x20, 0x41, 0x20, 0x52, 0x22, 0x00, 0x48,
  0x94, 0xc4, 0x04, 0xd8, 0x0f, 0x0a, 0x2c, 0x0f, 0x0c, 0x3a, 0x91, 0x22,
  0x42, 0x4f, 0x4e, 0x55, 0x53, 0x20, 0x53, 0x54, 0x41, 0x47, 0x45, 0x22,
  0x3b, 0x52, 0x44, 0xf3, 0x1c, 0xe8, 0x03, 0x3a, 0x53, 0x43, 0xef, 0x53,
  0x43, 0xf1, 0x52, 0x44, 0xf3, 0x0f, 0x0a, 0x00, 0x60, 0x94, 0xce, 0x04,
  0x52, 0x44, 0xef, 0x52, 0x44, 0xf1, 0x12, 0x3a, 0x42, 0x4d, 0xef, 0x42,
  0x4d, 0xf1, 0x0f, 0x0a, 0xf3, 0x52, 0x44, 0x00, 0x75, 0x94, 0xd8, 0x04,
  0x82, 0x49, 0xef, 0x11, 0xd9, 0x1c, 0xb8, 0x0b, 0x3a, 0x83, 0x49, 0x3a,
  0x89, 0x0e, 0xc2, 0x01, 0x00, 0xa8, 0x94, 0xe2, 0x04, 0x8c, 0x0e, 0xf6,
  0x04, 0x3a, 0x41, 0xef, 0x0c, 0x00, 0xf0, 0x3a, 0x82, 0x20, 0x43, 0xef,
  0x12, 0x20, 0xd9, 0x20, 0x0f, 0x1a, 0x3a, 0x87, 0x20, 0x41, 0x24, 0x3a,
  0x98, 0x20, 0x41, 0xf1, 0x43, 0x2c, 0xff, 0x94, 0x28, 0x22, 0x26, 0x48,
  0x22, 0xf1, 0x41, 0x24, 0x29, 0x3a, 0x83, 0x00, 0xb4, 0x94, 0xec, 0x04,
  0x97, 0xdd, 0x12, 0xef, 0x0c, 0x00, 0xf0, 0x00, 0xd8, 0x94, 0xf6, 0x04,
  0x84, 0x20, 0x30, 0x36, 0x2c, 0x30, 0x36, 0x2c, 0x32, 0x31, 0x2c, 0x31,
  0x32, 0x2c, 0x46, 0x30, 0x2c, 0x35, 0x45, 0x2c, 0x37, 0x38, 0x2c, 0x43,
  0x44, 0x2c, 0x39, 0x33, 0x2c, 0x30, 0x30, 0x00, 0xf6, 0x94, 0x00, 0x05,
  0x84, 0x20, 0x32, 0x33, 0x2c, 0x30, 0x34, 0x2c, 0x37, 0x38, 0x2c, 0x46,
  0x45, 0x2c, 0x30, 0x45, 0x2c, 0x32, 0x30, 0x2c, 0x46, 0x34, 0x2c, 0x43,
  0x39, 0x00, 0x14, 0x95, 0x0a, 0x05, 0x84, 0x20, 0x31, 0x30, 0x2c, 0x31,
  0x30, 0x2c, 0x31, 0x30, 0x2c, 0x31, 0x30, 0x2c, 0x31, 0x30, 0x2c, 0x30,
  0x31, 0x2c, 0x31, 0x30, 0x2c, 0x31, 0x30, 0x00, 0x47, 0x95, 0x14, 0x05,
  0x8c, 0x0e, 0x28, 0x05, 0x3a, 0x41, 0xef, 0x0c, 0x74, 0xf0, 0x3a, 0x82,
  0x20, 0x43, 0xef, 0x12, 0x20, 0xd9, 0x20, 0x0f, 0x49, 0x3a, 0x87, 0x20,
  0x41, 0x24, 0x3a, 0x98, 0x20, 0x41, 0xf1, 0x43, 0x2c, 0xff, 0x94, 0x28,
  0x22, 0x26, 0x48, 0x22, 0xf1, 0x41, 0x24, 0x29, 0x3a, 0x83, 0x00, 0x55,
  0x95, 0x1e, 0x05, 0x97, 0xdd, 0x13, 0xef, 0x0c, 0x74, 0xf0, 0x3a, 0x8e,
  0x00, 0x79, 0x95, 0x28, 0x05, 0x84, 0x20, 0x32, 0x31, 0x2c, 0x30, 0x30,
  0x2c, 0x30, 0x32, 0x2c, 0x33, 0x45, 0x2c, 0x30, 0x37, 0x2c, 0x43, 0x44,
  0x2c, 0x39, 0x36, 0x2c, 0x30, 0x30, 0x2c, 0x46, 0x36, 0x2c, 0x30, 0x39,
  0x00, 0x9d, 0x95, 0x32, 0x05, 0x84, 0x20, 0x35, 0x46, 0x2c, 0x33, 0x45,
  0x2c, 0x30, 0x37, 0x2c, 0x43, 0x44, 0x2c, 0x39, 0x33, 0x2c, 0x30, 0x30,
  0x2c, 0x31, 0x45, 0x2c, 0x44, 0x45, 0x2c, 0x33, 0x45, 0x2c, 0x30, 0x30,
  0x00, 0xc1, 0x95, 0x3c, 0x05, 0x84, 0x20, 0x43, 0x44, 0x2c, 0x39, 0x33,
  0x2c, 0x30, 0x30, 0x2c, 0x31, 0x45, 0x2c, 0x30, 0x38, 0x2c, 0x33, 0x45,
  0x2c, 0x30, 0x44, 0x2c, 0x43, 0x44, 0x2c, 0x39, 0x33, 0x2c, 0x30, 0x30,
  0x00, 0xe5, 0x95, 0x46, 0x05, 0x84, 0x20, 0x31, 0x45, 0x2c, 0x30, 0x46,
  0x2c, 0x33, 0x45, 0x2c, 0x30, 0x42, 0x2c, 0x43, 0x44, 0x2c, 0x39, 0x33,
  0x2c, 0x30, 0x30, 0x2c, 0x31, 0x45, 0x2c, 0x30, 0x30, 0x2c, 0x33, 0x45,
  0x00, 0x09, 0x96, 0x50, 0x05, 0x84, 0x20, 0x30, 0x43, 0x2c, 0x43, 0x44,
  0x2c, 0x39, 0x33, 0x2c, 0x30, 0x30, 0x2c, 0x31, 0x45, 0x2c, 0x31, 0x30,
  0x2c, 0x33, 0x45, 0x2c, 0x30, 0x38, 0x2c, 0x43, 0x44, 0x2c, 0x39, 0x33,
  0x00, 0x2d, 0x96, 0x5a, 0x05, 0x84, 0x20, 0x30, 0x30, 0x2c, 0x33, 0x45,
  0x2c, 0x30, 0x37, 0x2c, 0x43, 0x44, 0x2c, 0x39, 0x36, 0x2c, 0x30, 0x30,
  0x2c, 0x45, 0x36, 0x2c, 0x46, 0x45, 0x2c, 0x35, 0x46, 0x2c, 0x33, 0x45,
  0x00, 0x5a, 0x96, 0x64, 0x05, 0x84, 0x20, 0x30, 0x37, 0x2c, 0x43, 0x44,
  0x2c, 0x39, 0x33, 0x2c, 0x30, 0x30, 0x2c, 0x32, 0x42, 0x2c, 0x37, 0x43,
  0x2c, 0x42, 0x35, 0x2c, 0x32, 0x30, 0x2c, 0x42, 0x45, 0x2c, 0x43, 0x44,
  0x2c, 0x39, 0x30, 0x2c, 0x30, 0x30, 0x2c, 0x43, 0x39, 0x00, 0x6a, 0x96,
  0x6e, 0x05, 0x8f, 0x20, 0x49, 0x4e, 0x54, 0x52, 0x4f, 0x44, 0x55, 0x43,
  0x45, 0x00, 0x70, 0x96, 0x78, 0x05, 0x9f, 0x00, 0xb2, 0x96, 0x82, 0x05,
  0x91, 0x22, 0x20, 0x20, 0x53, 0x43, 0x4f, 0x52, 0x45, 0x20, 0x20, 0x20,
  0x20, 0x20, 0x20, 0x20, 0x20, 0x48, 0x49, 0x2d, 0x53, 0x43, 0x4f, 0x52,
  0x45, 0x22, 0x3a, 0x91, 0x22, 0x20, 0x22, 0x3b, 0x53, 0x43, 0xf3, 0x0f,
  0x64, 0x3b, 0x22, 0x20, 0x20, 0x20, 0x20, 0x20, 0x20, 0x20, 0x20, 0x20,
  0x20, 0x22, 0x3b, 0x48, 0x49, 0xf3, 0x0f, 0x64, 0x3a, 0xd8, 0x11, 0x2c,
  0x17, 0x00, 0xd8, 0x96, 0x8c, 0x05, 0x91, 0x22, 0x20, 0x20, 0x98, 0x98,
  0x20, 0x20, 0x20, 0x98, 0x20, 0x20, 0x98, 0x20, 0x98, 0x20, 0x98, 0x98,
  0x20, 0x20, 0x20, 0x98, 0x20, 0x98, 0x20, 0x20, 0x98, 0x20, 0x20, 0x98,
  0x20, 0x98, 0x22, 0x00, 0xfe, 0x96, 0x96, 0x05, 0x91, 0x22, 0x20, 0x20,
  0x98, 0x20, 0x98, 0x20, 0x98, 0x20, 0x98, 0x20, 0x98, 0x98, 0x98, 0x20,
  0x98, 0x20, 0x98, 0x20, 0x20, 0x98, 0x98, 0x98, 0x20, 0x98, 0x20, 0x98,
  0x20, 0x98, 0x20, 0x98, 0x22, 0x00, 0x24, 0x97, 0xa0, 0x05, 0x91, 0x22,
  0x20, 0x20, 0x98, 0x20, 0x98, 0x20, 0x98, 0x20, 0x98, 0x20, 0x98, 0x20,
  0x98, 0x20, 0x98, 0x20, 0x98, 0x20, 0x20, 0x98, 0x20, 0x98, 0x20, 0x98,
  0x20, 0x98, 0x20, 0x98, 0x98, 0x98, 0x22, 0x00, 0x4a, 0x97, 0xaa, 0x05,
  0x91, 0x22, 0x20, 0x20, 0x98, 0x98, 0x20, 0x20, 0x98, 0x20, 0x98, 0x20,
  0x98, 0x20, 0x98, 0x20, 0x98, 0x98, 0x20, 0x20, 0x20, 0x98, 0x20, 0x98,
  0x20, 0x98, 0x20, 0x98, 0x20, 0x98, 0x20, 0x98, 0x22, 0x00, 0x70, 0x97,
  0xb4, 0x05, 0x91, 0x22, 0x20, 0x20, 0x98, 0x20, 0x98, 0x20, 0x98, 0x20,
  0x98, 0x20, 0x98, 0x20, 0x98, 0x20, 0x98, 0x20, 0x98, 0x20, 0x20, 0x98,
  0x20, 0x98, 0x20, 0x98, 0x98, 0x98, 0x20, 0x98, 0x20, 0x98, 0x22, 0x00,
  0x96, 0x97, 0xbe, 0x05, 0x91, 0x22, 0x20, 0x20, 0x98, 0x20, 0x98, 0x20,
  0x98, 0x20, 0x98, 0x20, 0x98, 0x20, 0x98, 0x20, 0x98, 0x20, 0x98, 0x20,
  0x20, 0x98, 0x20, 0x98, 0x20, 0x98, 0x20, 0x98, 0x20, 0x98, 0x20, 0x98,
  0x22, 0x00, 0xbc, 0x97, 0xc8, 0x05, 0x91, 0x22, 0x20, 0x20, 0x98, 0x98,
  0x20, 0x20, 0x20, 0x98, 0x20, 0x20, 0x98, 0x20, 0x98, 0x20, 0x98, 0x98,
  0x20, 0x20, 0x20, 0x98, 0x20, 0x98, 0x20, 0x98, 0x20, 0x98, 0x20, 0x98,
  0x20, 0x98, 0x22, 0x00, 0x06, 0x98, 0xd2, 0x05, 0xb3, 0xc7, 0x12, 0x2c,
  0x28, 0x0f, 0x28, 0x2c, 0x0f, 0x78, 0x29, 0x2c, 0x0f, 0x0f, 0x2c, 0x0f,
  0x0d, 0x3a, 0xb3, 0xc7, 0x13, 0x2c, 0x28, 0x0f, 0x28, 0x2c, 0x0f, 0x78,
  0x29, 0x2c, 0x15, 0x2c, 0x0f, 0x0e, 0x3a, 0xb3, 0xc7, 0x14, 0x2c, 0x28,
  0x0f, 0xc8, 0x2c, 0x0f, 0x78, 0x29, 0x2c, 0x0f, 0x0f, 0x2c, 0x0f, 0x0d,
  0x3a, 0xb3, 0xc7, 0x15, 0x2c, 0x28, 0x0f, 0xc8, 0x2c, 0x0f, 0x78, 0x29,
  0x2c, 0x15, 0x2c, 0x0f, 0x0e, 0x00, 0x4c, 0x98, 0xdc, 0x05, 0xb3, 0xc7,
  0x16, 0x2c, 0x28, 0x0f, 0x14, 0x2c, 0x0f, 0x19, 0x29, 0x2c, 0x0f, 0x0f,
  0x2c, 0x14, 0x3a, 0xb3, 0xc7, 0x17, 0x2c, 0x28, 0x0f, 0x14, 0x2c, 0x0f,
  0x19, 0x29, 0x2c, 0x15, 0x2c, 0x15, 0x3a, 0xb3, 0xc7, 0x18, 0x2c, 0x28,
  0x0f, 0xdc, 0x2c, 0x0f, 0x19, 0x29, 0x2c, 0x0f, 0x0f, 0x2c, 0x18, 0x3a,
  0xb3, 0xc7, 0x19, 0x2c, 0x28, 0x0f, 0xdc, 0x2c, 0x0f, 0x19, 0x29, 0x2c,
  0x15, 0x2c, 0x19, 0x00, 0x6c, 0x98, 0xe6, 0x05, 0xd8, 0x17, 0x2c, 0x0f,
  0x14, 0x3a, 0x91, 0x22, 0x28, 0x43, 0x29, 0x32, 0x30, 0x30, 0x35, 0x20,
  0x41, 0x47, 0x53, 0x4f, 0x46, 0x54, 0x57, 0x41, 0x52, 0x45, 0x22, 0x00,
  0x95, 0x98, 0xf0, 0x05, 0xd8, 0x13, 0x2c, 0x0f, 0x16, 0x3a, 0x91, 0x22,
  0x50, 0x55, 0x53, 0x48, 0x20, 0x46, 0x49, 0x52, 0x45, 0x20, 0x4f, 0x52,
  0x20, 0x53, 0x50, 0x41, 0x43, 0x45, 0x20, 0x54, 0x4f, 0x20, 0x53, 0x54,
  0x41, 0x52, 0x54, 0x22, 0x00, 0xb0, 0x98, 0xfa, 0x05, 0x8b, 0xff, 0xa3,
  0x28, 0x11, 0x29, 0xf7, 0xff, 0xa3, 0x28, 0x12, 0x29, 0xef, 0xf2, 0x12,
  0xda, 0x8e, 0x3a, 0xa1, 0x0e, 0xfa, 0x05, 0x00, 0xbe, 0x98, 0x04, 0x06,
  0x8f, 0x20, 0x4c, 0x45, 0x56, 0x45, 0x4c, 0x2d, 0x31, 0x00, 0xe7, 0x98,
  0x0e, 0x06, 0x91, 0x22, 0x98, 0x98, 0x98, 0x98, 0x98, 0x98, 0x98, 0x20,
  0x20, 0x98, 0x98, 0x98, 0x98, 0x98, 0x98, 0x98, 0x98, 0x98, 0x98, 0x98,
  0x20, 0x20, 0x98, 0x98, 0x98, 0x98, 0x98, 0x98, 0x98, 0x98, 0x98, 0x98,
  0x22, 0x3b, 0x00, 0x10, 0x99, 0x18, 0x06, 0x91, 0x22, 0x98, 0x98, 0x98,
  0x98, 0x98, 0x98, 0x98, 0x20, 0x20, 0x98, 0x98, 0x98, 0x98, 0x98, 0x98,
  0x98, 0x98, 0x98, 0x98, 0x98, 0x20, 0x20, 0x98, 0x98, 0x98, 0x98, 0x98,
  0x98, 0x98, 0x98, 0x98, 0x98, 0x22, 0x3b, 0x00, 0x39, 0x99, 0x22, 0x06,
  0x91, 0x22, 0x98, 0x98, 0x98, 0x98, 0x98, 0x98, 0x98, 0x20, 0x20, 0x98,
  0x98, 0x98, 0x98, 0x20, 0x20, 0x20, 0x20, 0x20, 0x20, 0x20, 0x20, 0x20,
  0x98, 0x98, 0x98, 0x98, 0x98, 0x98, 0x98, 0x98, 0x98, 0x98, 0x22, 0x3b,
  0x00, 0x62, 0x99, 0x2c, 0x06, 0x91, 0x22, 0x98, 0x98, 0x98, 0x98, 0x98,
  0x98, 0x98, 0x20, 0x20, 0x98, 0x98, 0x98, 0x98, 0x20, 0x20, 0x20, 0x20,
  0x20, 0x20, 0x20, 0x20, 0x20, 0x98, 0x98, 0x98, 0x98, 0x98, 0x98, 0x98,
  0x98, 0x98, 0x98, 0x22, 0x3b, 0x00, 0x8b, 0x99, 0x36, 0x06, 0x91, 0x22,
  0x20, 0x20, 0x20, 0x20, 0x20, 0x98, 0x98, 0x20, 0x20, 0x20, 0x20, 0x98,
  0x98, 0x98, 0x98, 0x98, 0x98, 0x98, 0x98, 0x98, 0x20, 0x20, 0x20, 0x20,
  0x20, 0x20, 0x20, 0x20, 0x20, 0x20, 0x20, 0x20, 0x22, 0x3b, 0x00, 0xb4,
  0x99, 0x40, 0x06, 0x91, 0x22, 0x20, 0x20, 0x20, 0x20, 0x20, 0x98, 0x98,
  0x20, 0x20, 0x20, 0x20, 0x98, 0x98, 0x98, 0x98, 0x98, 0x98, 0x98, 0x98,
  0x98, 0x20, 0x20, 0x20, 0x20, 0x20, 0x20, 0x20, 0x20, 0x20, 0x20, 0x20,
  0x20, 0x22, 0x3b, 0x00, 0xdd, 0x99, 0x4a, 0x06, 0x91, 0x22, 0x98, 0x98,
  0x98, 0x98, 0x98, 0x98, 0x98, 0x98, 0x98, 0x98, 0x98, 0x98, 0x98, 0x20,
  0x20, 0x98, 0x98, 0x20, 0x20, 0x98, 0x98, 0x98, 0x98, 0x98, 0x20, 0x20,
  0x98, 0x98, 0x98, 0x98, 0x98, 0x98, 0x22, 0x3b, 0x00, 0x06, 0x9a, 0x54,
  0x06, 0x91, 0x22, 0x98, 0x98, 0x98, 0x98, 0x98, 0x98, 0x98, 0x98, 0x98,
  0x98, 0x98, 0x98, 0x98, 0x20, 0x20, 0x98, 0x98, 0x20, 0x20, 0x98, 0x98,
  0x98, 0x98, 0x98, 0x20, 0x20, 0x98, 0x98, 0x98, 0x98, 0x98, 0x98, 0x22,
  0x3b, 0x00, 0x2f, 0x9a, 0x5e, 0x06, 0x91, 0x22, 0x20, 0x20, 0x98, 0x98,
  0x98, 0x98, 0x98, 0x98, 0x98, 0x98, 0x98, 0x98, 0x98, 0x20, 0x20, 0x20,
  0x20, 0x20, 0x20, 0x20, 0x20, 0x20, 0x20, 0x20, 0x20, 0x20, 0x98, 0x98,
  0x98, 0x20, 0x20, 0x20, 0x22, 0x3b, 0x00, 0x58, 0x9a, 0x68, 0x06, 0x91,
  0x22, 0x20, 0x20, 0x98, 0x98, 0x20, 0x20, 0x20, 0x20, 0x20, 0x20, 0x20,
  0x98, 0x98, 0x20, 0x20, 0x20, 0x20, 0x20, 0x20, 0x20, 0x20, 0x20, 0x20,
  0x20, 0x20, 0x20, 0x98, 0x98, 0x98, 0x20, 0x20, 0x20, 0x22, 0x3b, 0x00,
  0x81, 0x9a, 0x72, 0x06, 0x91, 0x22, 0x98, 0x98, 0x98, 0x98, 0x20, 0x20,
  0x20, 0x20, 0x20, 0x20, 0x20, 0x98, 0x98, 0x98, 0x98, 0x20, 0x20, 0x98,
  0x98, 0x98, 0x98, 0x20, 0x20, 0x98, 0x98, 0x98, 0x98, 0x98, 0x98, 0x20,
  0x20, 0x98, 0x22, 0x3b, 0x00, 0xaa, 0x9a, 0x7c, 0x06, 0x91, 0x22, 0x98,
  0x98, 0x98, 0x98, 0x20, 0x20, 0x98, 0x98, 0x98, 0x20, 0x20, 0x98, 0x98,
  0x98, 0x98, 0x20, 0x20, 0x98, 0x98, 0x98, 0x98, 0x20, 0x20, 0x98, 0x98,
  0x98, 0x98, 0x98, 0x98, 0x20, 0x20, 0x98, 0x22, 0x3b, 0x00, 0xd3, 0x9a,
  0x86, 0x06, 0x91, 0x22, 0x98, 0x98, 0x20, 0x20, 0x20, 0x20, 0x98, 0x98,
  0x98, 0x20, 0x20, 0x98, 0x98, 0x98, 0x98, 0x20, 0x20, 0x20, 0x20, 0x98,
  0x98, 0x20, 0x20, 0x20, 0x20, 0x20, 0x20, 0x20, 0x20, 0x20, 0x20, 0x98,
  0x22, 0x3b, 0x00, 0xfc, 0x9a, 0x90, 0x06, 0x91, 0x22, 0x98, 0x98, 0x20,
  0x20, 0x20, 0x20, 0x98, 0x98, 0x98, 0x20, 0x20, 0x20, 0x20, 0x98, 0x98,
  0x20, 0x20, 0x20, 0x20, 0x98, 0x98, 0x20, 0x20, 0x20, 0x20, 0x20, 0x20,
  0x20, 0x20, 0x20, 0x20, 0x98, 0x22, 0x3b, 0x00, 0x25, 0x9b, 0x9a, 0x06,
  0x91, 0x22, 0x98, 0x98, 0x98, 0x98, 0x20, 0x20, 0x98, 0x98, 0x98, 0x20,
  0x20, 0x20, 0x20, 0x98, 0x98, 0x98, 0x98, 0x20, 0x20, 0x98, 0x98, 0x98,
  0x98, 0x98, 0x98, 0x98, 0x20, 0x20, 0x98, 0x98, 0x98, 0x98, 0x22, 0x3b,
  0x00, 0x4e, 0x9b, 0xa4, 0x06, 0x91, 0x22, 0x98, 0x98, 0x98, 0x98, 0x20,
  0x20, 0x98, 0x98, 0x98, 0x98, 0x98, 0x20, 0x20, 0x98, 0x98, 0x98, 0x98,
  0x20, 0x20, 0x98, 0x98, 0x98, 0x98, 0x98, 0x98, 0x98, 0x20, 0x20, 0x98,
  0x98, 0x98, 0x98, 0x22, 0x3b, 0x00, 0x77, 0x9b, 0xae, 0x06, 0x91, 0x22,
  0x20, 0x20, 0x20, 0x20, 0x20, 0x20, 0x98, 0x98, 0x98, 0x98, 0x98, 0x20,
  0x20, 0x98, 0x98, 0x20, 0x20, 0x20, 0x20, 0x20, 0x20, 0x20, 0x98, 0x98,
  0x98, 0x98, 0x20, 0x20, 0x20, 0x20, 0x20, 0x20, 0x22, 0x3b, 0x00, 0xa0,
  0x9b, 0xb8, 0x06, 0x91, 0x22, 0x20, 0x20, 0x20, 0x20, 0x20, 0x20, 0x98,
  0x98, 0x98, 0x98, 0x98, 0x20, 0x20, 0x98, 0x98, 0x20, 0x20, 0x20, 0x20,
  0x20, 0x20, 0x20, 0x98, 0x98, 0x98, 0x98, 0x20, 0x20, 0x20, 0x20, 0x20,
  0x20, 0x22, 0x3b, 0x00, 0xc9, 0x9b, 0xc2, 0x06, 0x91, 0x22, 0x98, 0x98,
  0x98, 0x98, 0x98, 0x98, 0x98, 0x20, 0x20, 0x20, 0x20, 0x20, 0x20, 0x98,
  0x98, 0x98, 0x98, 0x98, 0x98, 0x98, 0x20, 0x20, 0x98, 0x98, 0x98, 0x98,
  0x98, 0x98, 0x98, 0x98, 0x98, 0x98, 0x22, 0x3b, 0x00, 0xf2, 0x9b, 0xcc,
  0x06, 0x91, 0x22, 0x98, 0x98, 0x98, 0x98, 0x98, 0x98, 0x98, 0x20, 0x20,
  0x20, 0x20, 0x20, 0x20, 0x98, 0x98, 0x98, 0x98, 0x98, 0x98, 0x98, 0x20,
  0x20, 0x98, 0x98, 0x98, 0x98, 0x98, 0x98, 0x98, 0x98, 0x98, 0x98, 0x22,
  0x3b, 0x00, 0x1b, 0x9c, 0xd6, 0x06, 0x91, 0x22, 0x98, 0x98, 0x98, 0x98,
  0x98, 0x98, 0x98, 0x20, 0x20, 0x98, 0x98, 0x98, 0x98, 0x98, 0x98, 0x98,
  0x98, 0x98, 0x98, 0x98, 0x20, 0x20, 0x98, 0x98, 0x98, 0x98, 0x98, 0x98,
  0x98, 0x98, 0x98, 0x98, 0x22, 0x3b, 0x00, 0x43, 0x9c, 0xe0, 0x06, 0x91,
  0x22, 0x98, 0x98, 0x98, 0x98, 0x98, 0x98, 0x98, 0x20, 0x20, 0x98, 0x98,
  0x98, 0x98, 0x98, 0x98, 0x98, 0x98, 0x98, 0x98, 0x98, 0x20, 0x20, 0x98,
  0x98, 0x98, 0x98, 0x98, 0x98, 0x98, 0x98, 0x98, 0x22, 0x3b, 0x00, 0x4f,
  0x9c, 0xea, 0x06, 0xc6, 0x1c, 0xff, 0x1a, 0x2c, 0x0f, 0x98, 0x00, 0x55,
  0x9c, 0xf4, 0x06, 0x8e, 0x00, 0x63, 0x9c, 0xfe, 0x06, 0x8f, 0x20, 0x4c,
  0x45, 0x56, 0x45, 0x4c, 0x2d, 0x32, 0x00, 0x8c, 0x9c, 0x08, 0x07, 0x91,
  0x22, 0x98, 0x98, 0x98, 0x20, 0x20, 0x98, 0x98, 0x98, 0x98, 0x98, 0x98,
  0x98, 0x98, 0x98, 0x98, 0x20, 0x20, 0x20, 0x20, 0x20, 0x20, 0x20, 0x20,
  0x20, 0x20, 0x98, 0x98, 0x98, 0x98, 0x98, 0x98, 0x98, 0x22, 0x3b, 0x00,
  0xb5, 0x9c, 0x12, 0x07, 0x91, 0x22, 0x98, 0x98, 0x98, 0x20, 0x20, 0x98,
  0x98, 0x98, 0x98, 0x98, 0x98, 0x98, 0x98, 0x98, 0x98, 0x20, 0x20, 0x20,
  0x20, 0x20, 0x20, 0x20, 0x20, 0x20, 0x20, 0x98, 0x98, 0x98, 0x98, 0x98,
  0x98, 0x98, 0x22, 0x3b, 0x00, 0xde, 0x9c, 0x1c, 0x07, 0x91, 0x22, 0x98,
  0x98, 0x98, 0x20, 0x20, 0x20, 0x20, 0x20, 0x20, 0x98, 0x98, 0x20, 0x20,
  0x98, 0x98, 0x98, 0x98, 0x98, 0x98, 0x98, 0x98, 0x98, 0x98, 0x20, 0x20,
  0x20, 0x20, 0x20, 0x20, 0x20, 0x98, 0x98, 0x22, 0x3b, 0x00, 0x07, 0x9d,
  0x26, 0x07, 0x91, 0x22, 0x98, 0x98, 0x98, 0x20, 0x20, 0x20, 0x20, 0x20,
  0x20, 0x98, 0x98, 0x20, 0x20, 0x98, 0x98, 0x98, 0x98, 0x98, 0x98, 0x98,
  0x98, 0x98, 0x98, 0x20, 0x20, 0x20, 0x20, 0x20, 0x20, 0x20, 0x98, 0x98,
  0x22, 0x3b, 0x00, 0x30, 0x9d, 0x30, 0x07, 0x91, 0x22, 0x98, 0x98, 0x98,
  0x98, 0x98, 0x98, 0x98, 0x20, 0x20, 0x98, 0x98, 0x20, 0x20, 0x98, 0x98,
  0x20, 0x20, 0x20, 0x20, 0x20, 0x20, 0x98, 0x98, 0x20, 0x20, 0x98, 0x98,
  0x98, 0x20, 0x20, 0x20, 0x20, 0x22, 0x3b, 0x00, 0x59, 0x9d, 0x3a, 0x07,
  0x91, 0x22, 0x98, 0x98, 0x98, 0x98, 0x98, 0x98, 0x98, 0x20, 0x20, 0x98,
  0x98, 0x20, 0x20, 0x98, 0x98, 0x20, 0x20, 0x20, 0x20, 0x20, 0x20, 0x98,
  0x98, 0x20, 0x20, 0x98, 0x98, 0x98, 0x20, 0x20, 0x20, 0x20, 0x22, 0x3b,
  0x00, 0x82, 0x9d, 0x44, 0x07, 0x91, 0x22, 0x98, 0x98, 0x98, 0x20, 0x20,
  0x98, 0x98, 0x20, 0x20, 0x98, 0x98, 0x20, 0x20, 0x98, 0x98, 0x20, 0x20,
  0x98, 0x98, 0x20, 0x20, 0x20, 0x20, 0x20, 0x20, 0x98, 0x98, 0x98, 0x98,
  0x98, 0x20, 0x20, 0x22, 0x3b, 0x00, 0xab, 0x9d, 0x4e, 0x07, 0x91, 0x22,
  0x98, 0x98, 0x98, 0x20, 0x20, 0x98, 0x98, 0x20, 0x20, 0x98, 0x98, 0x20,
  0x20, 0x98, 0x98, 0x20, 0x20, 0x98, 0x98, 0x20, 0x20, 0x20, 0x20, 0x20,
  0x20, 0x20, 0x20, 0x98, 0x98, 0x98, 0x20, 0x20, 0x22, 0x3b, 0x00, 0xd4,
  0x9d, 0x58, 0x07, 0x91, 0x22, 0x20, 0x20, 0x20, 0x20, 0x20, 0x98, 0x98,
  0x20, 0x20, 0x20, 0x20, 0x20, 0x20, 0x20, 0x20, 0x20, 0x20, 0x98, 0x98,
  0x98, 0x98, 0x98, 0x98, 0x20, 0x20, 0x20, 0x20, 0x98, 0x98, 0x98, 0x20,
  0x20, 0x22, 0x3b, 0x00, 0xfd, 0x9d, 0x62, 0x07, 0x91, 0x22, 0x20, 0x20,
  0x20, 0x20, 0x20, 0x98, 0x98, 0x20, 0x20, 0x20, 0x20, 0x20, 0x20, 0x20,
  0x20, 0x20, 0x20, 0x98, 0x98, 0x98, 0x98, 0x98, 0x98, 0x20, 0x20, 0x98,
  0x98, 0x98, 0x98, 0x98, 0x20, 0x20, 0x22, 0x3b, 0x00, 0x26, 0x9e, 0x6c,
  0x07, 0x91, 0x22, 0x98, 0x98, 0x98, 0x98, 0x98, 0x98, 0x98, 0x20, 0x20,
  0x98, 0x98, 0x20, 0x20, 0x98, 0x98, 0x20, 0x20, 0x20, 0x20, 0x20, 0x20,
  0x98, 0x98, 0x20, 0x20, 0x98, 0x98, 0x98, 0x98, 0x98, 0x98, 0x98, 0x22,
  0x3b, 0x00, 0x4f, 0x9e, 0x76, 0x07, 0x91, 0x22, 0x98, 0x98, 0x98, 0x98,
  0x98, 0x98, 0x98, 0x20, 0x20, 0x98, 0x98, 0x20, 0x20, 0x98, 0x98, 0x20,
  0x20, 0x20, 0x20, 0x20, 0x20, 0x98, 0x98, 0x20, 0x20, 0x98, 0x98, 0x98,
  0x98, 0x98, 0x98, 0x98, 0x22, 0x3b, 0x00, 0x78, 0x9e, 0x80, 0x07, 0x91,
  0x22, 0x20, 0x20, 0x20, 0x20, 0x20, 0x20, 0x20, 0x20, 0x20, 0x98, 0x98,
  0x98, 0x98, 0x98, 0x98, 0x98, 0x98, 0x98, 0x98, 0x20, 0x20, 0x98, 0x98,
  0x20, 0x20, 0x98, 0x98, 0x98, 0x20, 0x20, 0x20, 0x20, 0x22, 0x3b, 0x00,
  0xa1, 0x9e, 0x8a, 0x07, 0x91, 0x22, 0x20, 0x20, 0x20, 0x20, 0x20, 0x20,
  0x20, 0x20, 0x20, 0x98, 0x98, 0x98, 0x98, 0x98, 0x98, 0x98, 0x98, 0x98,
  0x98, 0x20, 0x20, 0x98, 0x98, 0x20, 0x20, 0x98, 0x98, 0x98, 0x20, 0x20,
  0x20, 0x20, 0x22, 0x3b, 0x00, 0xca, 0x9e, 0x94, 0x07, 0x91, 0x22, 0x98,
  0x98, 0x98, 0x98, 0x98, 0x98, 0x98, 0x98, 0x98, 0x98, 0x98, 0x98, 0x98,
  0x20, 0x20, 0x20, 0x20, 0x20, 0x20, 0x20, 0x20, 0x98, 0x98, 0x20, 0x20,
  0x98, 0x98, 0x98, 0x20, 0x20, 0x98, 0x98, 0x22, 0x3b, 0x00, 0xfa, 0x9e,
  0x9e, 0x07, 0x3a, 0x8f, 0xe6, 0x50, 0x52, 0x49, 0x4e, 0x54, 0x22, 0x98,
  0x98, 0x98, 0x98, 0x98, 0x98, 0x98, 0x98, 0x98, 0x98, 0x98, 0x98, 0x98,
  0x20, 0x20, 0x20, 0x20, 0x20, 0x20, 0x20, 0x20, 0x98, 0x98, 0x20, 0x20,
  0x98, 0x98, 0x98, 0x20, 0x20, 0x98, 0x98, 0x22, 0x3b, 0x00, 0x23, 0x9f,
  0xa8, 0x07, 0x91, 0x22, 0x98, 0x98, 0x98, 0x98, 0x98, 0x98, 0x98, 0x98,
  0x98, 0x98, 0x98, 0x98, 0x98, 0x20, 0x20, 0x20, 0x20, 0x20, 0x20, 0x20,
  0x20, 0x98, 0x98, 0x20, 0x20, 0x98, 0x98, 0x98, 0x20, 0x20, 0x98, 0x98,
  0x22, 0x3b, 0x00, 0x4c, 0x9f, 0xb2, 0x07, 0x91, 0x22, 0x20, 0x20, 0x20,
  0x20, 0x20, 0x20, 0x20, 0x20, 0x20, 0x20, 0x20, 0x98, 0x98, 0x20, 0x20,
  0x98, 0x98, 0x98, 0x98, 0x98, 0x98, 0x98, 0x98, 0x20, 0x20, 0x98, 0x98,
  0x98, 0x20, 0x20, 0x20, 0x20, 0x22, 0x3b, 0x00, 0x75, 0x9f, 0xbc, 0x07,
  0x91, 0x22, 0x20, 0x20, 0x20, 0x20, 0x20, 0x20, 0x20, 0x20, 0x20, 0x20,
  0x20, 0x98, 0x98, 0x20, 0x20, 0x98, 0x98, 0x98, 0x98, 0x98, 0x98, 0x98,
  0x98, 0x20, 0x20, 0x98, 0x98, 0x98, 0x20, 0x20, 0x20, 0x20, 0x22, 0x3b,
  0x00, 0x9e, 0x9f, 0xc6, 0x07, 0x91, 0x22, 0x98, 0x98, 0x98, 0x98, 0x98,
  0x98, 0x98, 0x98, 0x98, 0x98, 0x98, 0x98, 0x98, 0x20, 0x20, 0x98, 0x98,
  0x20, 0x20, 0x20, 0x20, 0x20, 0x20, 0x20, 0x20, 0x98, 0x98, 0x98, 0x98,
  0x98, 0x98, 0x98, 0x22, 0x3b, 0x00, 0xc7, 0x9f, 0xd0, 0x07, 0x91, 0x22,
  0x98, 0x98, 0x98, 0x98, 0x98, 0x98, 0x98, 0x98, 0x98, 0x98, 0x98, 0x98,
  0x98, 0x20, 0x20, 0x98, 0x98, 0x20, 0x20, 0x20, 0x20, 0x20, 0x20, 0x20,
  0x20, 0x98, 0x98, 0x98, 0x98, 0x98, 0x98, 0x98, 0x22, 0x3b, 0x00, 0xf0,
  0x9f, 0xda, 0x07, 0x91, 0x22, 0x98, 0x98, 0x98, 0x20, 0x20, 0x20, 0x20,
  0x20, 0x20, 0x20, 0x20, 0x20, 0x20, 0x20, 0x20, 0x98, 0x98, 0x98, 0x98,
  0x98, 0x98, 0x98, 0x98, 0x98, 0x98, 0x98, 0x98, 0x98, 0x98, 0x98, 0x98,
  0x98, 0x22, 0x3b, 0x00, 0x18, 0xa0, 0xe4, 0x07, 0x91, 0x22, 0x98, 0x98,
  0x98, 0x20, 0x20, 0x20, 0x20, 0x20, 0x20, 0x20, 0x20, 0x20, 0x20, 0x20,
  0x20, 0x98, 0x98, 0x98, 0x98, 0x98, 0x98, 0x98, 0x98, 0x98, 0x98, 0x98,
  0x98, 0x98, 0x98, 0x98, 0x98, 0x22, 0x3b, 0x00, 0x24, 0xa0, 0xee, 0x07,
  0xc6, 0x1c, 0xff, 0x1a, 0x2c, 0x0f, 0x98, 0x00, 0x2a, 0xa0, 0xf8, 0x07,
  0x8e, 0x00, 0x38, 0xa0, 0x02, 0x08, 0x8f, 0x20, 0x4c, 0x45, 0x56, 0x45,
  0x4c, 0x2d, 0x33, 0x00, 0x61, 0xa0, 0x0c, 0x08, 0x91, 0x22, 0x98, 0x98,
  0x98, 0x98, 0x98, 0x98, 0x98, 0x98, 0x98, 0x98, 0x98, 0x98, 0x98, 0x20,
  0x20, 0x98, 0x98, 0x20, 0x20, 0x98, 0x98, 0x98, 0x98, 0x98, 0x98, 0x98,
  0x98, 0x98, 0x98, 0x98, 0x98, 0x98, 0x22, 0x3b, 0x00, 0x8a, 0xa0, 0x16,
  0x08, 0x91, 0x22, 0x98, 0x98, 0x98, 0x98, 0x98, 0x98, 0x98, 0x98, 0x98,
  0x98, 0x98, 0x98, 0x98, 0x20, 0x20, 0x98, 0x98, 0x20, 0x20, 0x98, 0x98,
  0x98, 0x98, 0x98, 0x98, 0x98, 0x98, 0x98, 0x98, 0x98, 0x98, 0x98, 0x22,
  0x3b, 0x00, 0xb3, 0xa0, 0x20, 0x08, 0x91, 0x22, 0x98, 0x98, 0x20, 0x20,
  0x20, 0x20, 0x20, 0x20, 0x20, 0x20, 0x20, 0x20, 0x20, 0x20, 0x20, 0x98,
  0x98, 0x20, 0x20, 0x20, 0x20, 0x20, 0x20, 0x20, 0x20, 0x20, 0x20, 0x20,
  0x20, 0x20, 0x20, 0x20, 0x22, 0x3b, 0x00, 0xdc, 0xa0, 0x2a, 0x08, 0x91,
  0x22, 0x98, 0x98, 0x20, 0x20, 0x20, 0x20, 0x20, 0x20, 0x20, 0x20, 0x20,
  0x20, 0x20, 0x20, 0x20, 0x98, 0x98, 0x20, 0x20, 0x20, 0x20, 0x20, 0x20,
  0x20, 0x20, 0x20, 0x20, 0x20, 0x20, 0x20, 0x20, 0x20, 0x22, 0x3b, 0x00,
  0x05, 0xa1, 0x34, 0x08, 0x91, 0x22, 0x98, 0x98, 0x20, 0x20, 0x98, 0x98,
  0x98, 0x98, 0x98, 0x98, 0x98, 0x98, 0x98, 0x98, 0x98, 0x98, 0x98, 0x98,
  0x98, 0x98, 0x98, 0x98, 0x98, 0x98, 0x98, 0x98, 0x98, 0x98, 0x98, 0x98,
  0x20, 0x20, 0x22, 0x3b, 0x00, 0x2e, 0xa1, 0x3e, 0x08, 0x91, 0x22, 0x98,
  0x98, 0x20, 0x20, 0x98, 0x98, 0x98, 0x98, 0x98, 0x98, 0x98, 0x98, 0x98,
  0x98, 0x98, 0x98, 0x98, 0x98, 0x98, 0x98, 0x98, 0x98, 0x98, 0x98, 0x98,
  0x98, 0x98, 0x98, 0x98, 0x98, 0x20, 0x20, 0x22, 0x3b, 0x00, 0x57, 0xa1,
  0x48, 0x08, 0x91, 0x22, 0x98, 0x98, 0x20, 0x20, 0x98, 0x98, 0x20, 0x20,
  0x98, 0x98, 0x98, 0x98, 0x98, 0x98, 0x98, 0x20, 0x20, 0x98, 0x98, 0x98,
  0x98, 0x98, 0x20, 0x20, 0x98, 0x98, 0x20, 0x20, 0x98, 0x98, 0x20, 0x20,
  0x22, 0x3b, 0x00, 0x80, 0xa1, 0x52, 0x08, 0x91, 0x22, 0x98, 0x98, 0x20,
  0x20, 0x98, 0x98, 0x20, 0x20, 0x98, 0x98, 0x98, 0x98, 0x98, 0x98, 0x98,
  0x20, 0x20, 0x98, 0x98, 0x98, 0x98, 0x98, 0x20, 0x20, 0x98, 0x98, 0x20,
  0x20, 0x98, 0x98, 0x20, 0x20, 0x22, 0x3b, 0x00, 0xa9, 0xa1, 0x5c, 0x08,
  0x91, 0x22, 0x98, 0x98, 0x20, 0x20, 0x98, 0x98, 0x20, 0x20, 0x20, 0x20,
  0x20, 0x20, 0x20, 0x20, 0x20, 0x20, 0x20, 0x20, 0x20, 0x20, 0x20, 0x20,
  0x20, 0x20, 0x98, 0x98, 0x20, 0x20, 0x98, 0x98, 0x20, 0x20, 0x22, 0x3b,
  0x00, 0xd2, 0xa1, 0x66, 0x08, 0x91, 0x22, 0x98, 0x98, 0x20, 0x20, 0x98,
  0x98, 0x20, 0x20, 0x20, 0x20, 0x20, 0x20, 0x20, 0x20, 0x20, 0x20, 0x20,
  0x20, 0x20, 0x20, 0x20, 0x20, 0x20, 0x20, 0x98, 0x98, 0x20, 0x20, 0x98,
  0x98, 0x20, 0x20, 0x22, 0x3b, 0x00, 0xfb, 0xa1, 0x70, 0x08, 0x91, 0x22,
  0x98, 0x98, 0x20, 0x20, 0x98, 0x98, 0x98, 0x98, 0x98, 0x98, 0x98, 0x98,
  0x98, 0x98, 0x98, 0x20, 0x20, 0x98, 0x98, 0x98, 0x98, 0x98, 0x20, 0x20,
  0x98, 0x98, 0x20, 0x20, 0x98, 0x98, 0x20, 0x20, 0x22, 0x3b, 0x00, 0x24,
  0xa2, 0x7a, 0x08, 0x91, 0x22, 0x98, 0x98, 0x20, 0x20, 0x98, 0x98, 0x98,
  0x98, 0x98, 0x98, 0x98, 0x98, 0x98, 0x98, 0x98, 0x20, 0x20, 0x98, 0x98,
  0x98, 0x98, 0x98, 0x20, 0x20, 0x98, 0x98, 0x20, 0x20, 0x98, 0x98, 0x20,
  0x20, 0x22, 0x3b, 0x00, 0x4d, 0xa2, 0x84, 0x08, 0x91, 0x22, 0x98, 0x98,
  0x20, 0x20, 0x98, 0x98, 0x20, 0x20, 0x20, 0x20, 0x20, 0x20, 0x20, 0x98,
  0x98, 0x20, 0x20, 0x98, 0x98, 0x20, 0x20, 0x20, 0x20, 0x20, 0x98, 0x98,
  0x20, 0x20, 0x98, 0x98, 0x20, 0x20, 0x22, 0x3b, 0x00, 0x76, 0xa2, 0x8e,
  0x08, 0x91, 0x22, 0x98, 0x98, 0x20, 0x20, 0x98, 0x98, 0x20, 0x20, 0x20,
  0x20, 0x20, 0x20, 0x20, 0x98, 0x98, 0x20, 0x20, 0x98, 0x98, 0x20, 0x20,
  0x20, 0x20, 0x20, 0x98, 0x98, 0x20, 0x20, 0x98, 0x98, 0x20, 0x20, 0x22,
  0x3b, 0x00, 0x9f, 0xa2, 0x98, 0x08, 0x91, 0x22, 0x98, 0x98, 0x20, 0x20,
  0x98, 0x98, 0x20, 0x20, 0x98, 0x98, 0x98, 0x98, 0x98, 0x98, 0x98, 0x20,
  0x20, 0x98, 0x98, 0x98, 0x98, 0x98, 0x98, 0x98, 0x98, 0x98, 0x20, 0x20,
  0x98, 0x98, 0x20, 0x20, 0x22, 0x3b, 0x00, 0xc8, 0xa2, 0xa2, 0x08, 0x91,
  0x22, 0x98, 0x98, 0x20, 0x20, 0x98, 0x98, 0x20, 0x20, 0x98, 0x98, 0x98,
  0x98, 0x98, 0x98, 0x98, 0x20, 0x20, 0x98, 0x98, 0x98, 0x98, 0x98, 0x98,
  0x98, 0x98, 0x98, 0x20, 0x20, 0x98, 0x98, 0x20, 0x20, 0x22, 0x3b, 0x00,
  0xf1, 0xa2, 0xac, 0x08, 0x91, 0x22, 0x98, 0x98, 0x20, 0x20, 0x98, 0x98,
  0x20, 0x20, 0x20, 0x20, 0x20, 0x98, 0x98, 0x98, 0x98, 0x20, 0x20, 0x98,
  0x98, 0x98, 0x98, 0x20, 0x20, 0x20, 0x20, 0x20, 0x20, 0x20, 0x98, 0x98,
  0x20, 0x20, 0x22, 0x3b, 0x00, 0x1a, 0xa3, 0xb6, 0x08, 0x91, 0x22, 0x98,
  0x98, 0x20, 0x20, 0x98, 0x98, 0x20, 0x20, 0x20, 0x20, 0x20, 0x98, 0x98,
  0x98, 0x98, 0x20, 0x20, 0x98, 0x98, 0x98, 0x98, 0x20, 0x20, 0x20, 0x20,
  0x20, 0x20, 0x20, 0x98, 0x98, 0x20, 0x20, 0x22, 0x3b, 0x00, 0x43, 0xa3,
  0xc0, 0x08, 0x91, 0x22, 0x98, 0x98, 0x20, 0x20, 0x98, 0x98, 0x98, 0x98,
  0x98, 0x20, 0x20, 0x98, 0x98, 0x20, 0x20, 0x20, 0x20, 0x20, 0x20, 0x98,
  0x98, 0x20, 0x20, 0x98, 0x98, 0x98, 0x98, 0x98, 0x98, 0x98, 0x20, 0x20,
  0x22, 0x3b, 0x00, 0x6c, 0xa3, 0xca, 0x08, 0x91, 0x22, 0x98, 0x98, 0x20,
  0x20, 0x98, 0x98, 0x98, 0x98, 0x98, 0x20, 0x20, 0x98, 0x98, 0x20, 0x20,
  0x20, 0x20, 0x20, 0x20, 0x98, 0x98, 0x20, 0x20, 0x98, 0x98, 0x98, 0x98,
  0x98, 0x98, 0x98, 0x20, 0x20, 0x22, 0x3b, 0x00, 0x95, 0xa3, 0xd4, 0x08,
  0x91, 0x22, 0x98, 0x98, 0x20, 0x20, 0x20, 0x20, 0x20, 0x20, 0x20, 0x20,
  0x20, 0x98, 0x98, 0x20, 0x20, 0x98, 0x98, 0x20, 0x20, 0x98, 0x98, 0x20,
  0x20, 0x20, 0x20, 0x20, 0x20, 0x20, 0x20, 0x20, 0x20, 0x20, 0x22, 0x3b,
  0x00, 0xc5, 0xa3, 0xde, 0x08, 0x91, 0x22, 0x98, 0x98, 0x20, 0x20, 0x20,
  0x20, 0x20, 0x20, 0x20, 0x20, 0x20, 0x98, 0x98, 0x20, 0x20, 0x98, 0x98,
  0x20, 0x20, 0x98, 0x98, 0x20, 0x20, 0x20, 0x20, 0x20, 0x20, 0x20, 0x20,
  0x20, 0x20, 0x22, 0x3b, 0x3a, 0xc6, 0x1c, 0xff, 0x1a, 0x2c, 0x0f, 0x20,
  0x00, 0xcb, 0xa3, 0xe8, 0x08, 0x8e, 0x00, 0xf4, 0xa3, 0xf2, 0x08, 0x91,
  0x22, 0x98, 0x98, 0x98, 0x98, 0x98, 0x98, 0x98, 0x98, 0x98, 0x98, 0x98,
  0x98, 0x98, 0x20, 0x20, 0x20, 0x20, 0x98, 0x98, 0x98, 0x98, 0x98, 0x98,
  0x98, 0x98, 0x98, 0x98, 0x98, 0x98, 0x98, 0x98, 0x98, 0x22, 0x3b, 0x00,
  0x1d, 0xa4, 0xfc, 0x08, 0x91, 0x22, 0x98, 0x98, 0x98, 0x98, 0x98, 0x98,
  0x98, 0x98, 0x98, 0x98, 0x98, 0x98, 0x98, 0x20, 0x20, 0x20, 0x20, 0x98,
  0x98, 0x98, 0x98, 0x98, 0x98, 0x98, 0x98, 0x98, 0x98, 0x98, 0x98, 0x98,
  0x98, 0x98, 0x22, 0x3b, 0x00, 0x46, 0xa4, 0x06, 0x09, 0x91, 0x22, 0x20,
  0x20, 0x20, 0x20, 0x98, 0x98, 0x20, 0x20, 0x20, 0x20, 0x98, 0x98, 0x98,
  0x98, 0x98, 0x20, 0x20, 0x98, 0x98, 0x20, 0x20, 0x20, 0x20, 0x20, 0x20,
  0x98, 0x98, 0x20, 0x20, 0x20, 0x20, 0x20, 0x22, 0x3b, 0x00, 0x6f, 0xa4,
  0x10, 0x09, 0x91, 0x22, 0x20, 0x20, 0x20, 0x20, 0x98, 0x98, 0x20, 0x20,
  0x20, 0x20, 0x98, 0x98, 0x98, 0x98, 0x98, 0x20, 0x20, 0x98, 0x98, 0x20,
  0x20, 0x20, 0x20, 0x20, 0x20, 0x98, 0x98, 0x20, 0x20, 0x20, 0x20, 0x20,
  0x22, 0x3b, 0x00, 0x98, 0xa4, 0x1a, 0x09, 0x91, 0x22, 0x98, 0x98, 0x20,
  0x20, 0x20, 0x20, 0x20, 0x20, 0x98, 0x98, 0x98, 0x98, 0x98, 0x20, 0x20,
  0x20, 0x20, 0x20, 0x20, 0x20, 0x20, 0x98, 0x98, 0x20, 0x20, 0x20, 0x20,
  0x20, 0x20, 0x98, 0x98, 0x98, 0x22, 0x3b, 0x00, 0xc1, 0xa4, 0x24, 0x09,
  0x91, 0x22, 0x98, 0x98, 0x20, 0x20, 0x20, 0x20, 0x20, 0x20, 0x98, 0x98,
  0x98, 0x98, 0x98, 0x20, 0x20, 0x20, 0x20, 0x20, 0x20, 0x20, 0x20, 0x98,
  0x98, 0x20, 0x20, 0x20, 0x20, 0x20, 0x20, 0x98, 0x98, 0x98, 0x22, 0x3b,
  0x00, 0xea, 0xa4, 0x2e, 0x09, 0x91, 0x22, 0x98, 0x98, 0x98, 0x98, 0x98,
  0x98, 0x98, 0x98, 0x98, 0x98, 0x98, 0x98, 0x98, 0x98, 0x98, 0x98, 0x98,
  0x98, 0x98, 0x98, 0x98, 0x98, 0x98, 0x98, 0x98, 0x98, 0x98, 0x98, 0x98,
  0x98, 0x98, 0x98, 0x22, 0x3b, 0x00, 0x13, 0xa5, 0x38, 0x09, 0x91, 0x22,
  0x98, 0x98, 0x98, 0x98, 0x98, 0x98, 0x98, 0x98, 0x98, 0x98, 0x98, 0x98,
  0x98, 0x98, 0x98, 0x98, 0x98, 0x98, 0x98, 0x98, 0x98, 0x98, 0x98, 0x98,
  0x98, 0x98, 0x98, 0x98, 0x98, 0x98, 0x98, 0x98, 0x22, 0x3b, 0x00, 0x3c,
  0xa5, 0x42, 0x09, 0x91, 0x22, 0x20, 0x20, 0x20, 0x20, 0x20, 0x98, 0x98,
  0x98, 0x98, 0x20, 0x20, 0x98, 0x98, 0x98, 0x98, 0x20, 0x20, 0x20, 0x20,
  0x20, 0x20, 0x98, 0x98, 0x20, 0x20, 0x20, 0x20, 0x20, 0x20, 0x98, 0x98,
  0x20, 0x22, 0x3b, 0x00, 0x65, 0xa5, 0x4c, 0x09, 0x91, 0x22, 0x20, 0x20,
  0x20, 0x20, 0x20, 0x98, 0x98, 0x98, 0x98, 0x20, 0x20, 0x98, 0x98, 0x98,
  0x98, 0x20, 0x20, 0x20, 0x20, 0x20, 0x20, 0x98, 0x98, 0x20, 0x20, 0x20,
  0x20, 0x20, 0x20, 0x98, 0x98, 0x20, 0x22, 0x3b, 0x00, 0x8e, 0xa5, 0x56,
  0x09, 0x91, 0x22, 0x98, 0x98, 0x98, 0x20, 0x20, 0x20, 0x20, 0x20, 0x20,
  0x20, 0x20, 0x98, 0x98, 0x20, 0x20, 0x20, 0x20, 0x98, 0x98, 0x20, 0x20,
  0x20, 0x20, 0x20, 0x20, 0x98, 0x98, 0x20, 0x20, 0x20, 0x20, 0x20, 0x22,
  0x3b, 0x00, 0xb7, 0xa5, 0x60, 0x09, 0x91, 0x22, 0x98, 0x98, 0x98, 0x20,
  0x20, 0x20, 0x20, 0x20, 0x20, 0x20, 0x20, 0x98, 0x98, 0x20, 0x20, 0x20,
  0x20, 0x98, 0x98, 0x20, 0x20, 0x20, 0x20, 0x20, 0x20, 0x98, 0x98, 0x20,
  0x20, 0x20, 0x20, 0x20, 0x22, 0x3b, 0x00, 0xe0, 0xa5, 0x6a, 0x09, 0x91,
  0x22, 0x98, 0x98, 0x98, 0x98, 0x98, 0x98, 0x98, 0x98, 0x98, 0x20, 0x20,
  0x98, 0x98, 0x20, 0x20, 0x98, 0x98, 0x98, 0x98, 0x98, 0x98, 0x98, 0x98,
  0x98, 0x98, 0x98, 0x98, 0x98, 0x98, 0x20, 0x20, 0x98, 0x22, 0x3b, 0x00,
  0x09, 0xa6, 0x74, 0x09, 0x91, 0x22, 0x98, 0x98, 0x98, 0x98, 0x98, 0x98,
  0x98, 0x98, 0x98, 0x20, 0x20, 0x98, 0x98, 0x20, 0x20, 0x98, 0x98, 0x98,
  0x98, 0x98, 0x98, 0x98, 0x98, 0x98, 0x98, 0x98, 0x98, 0x98, 0x98, 0x20,
  0x20, 0x98, 0x22, 0x3b, 0x00, 0x32, 0xa6, 0x7e, 0x09, 0x91, 0x22, 0x98,
  0x98, 0x20, 0x20, 0x20, 0x20, 0x20, 0x98, 0x98, 0x20, 0x20, 0x98, 0x98,
  0x20, 0x20, 0x20, 0x20, 0x98, 0x98, 0x20, 0x20, 0x20, 0x20, 0x20, 0x20,
  0x20, 0x20, 0x98, 0x98, 0x20, 0x20, 0x98, 0x22, 0x3b, 0x00, 0x5b, 0xa6,
  0x88, 0x09, 0x91, 0x22, 0x98, 0x98, 0x20, 0x20, 0x20, 0x20, 0x20, 0x98,
  0x98, 0x20, 0x20, 0x98, 0x98, 0x20, 0x20, 0x20, 0x20, 0x98, 0x98, 0x20,
  0x20, 0x20, 0x20, 0x20, 0x20, 0x20, 0x20, 0x98, 0x98, 0x20, 0x20, 0x98,
  0x22, 0x3b, 0x00, 0x84, 0xa6, 0x92, 0x09, 0x91, 0x22, 0x98, 0x98, 0x20,
  0x20, 0x98, 0x98, 0x98, 0x98, 0x98, 0x20, 0x20, 0x98, 0x98, 0x98, 0x98,
  0x20, 0x20, 0x98, 0x98, 0x20, 0x20, 0x98, 0x98, 0x98, 0x98, 0x98, 0x98,
  0x98, 0x98, 0x20, 0x20, 0x98, 0x22, 0x3b, 0x00, 0xad, 0xa6, 0x9c, 0x09,
  0x91, 0x22, 0x98, 0x98, 0x20, 0x20, 0x98, 0x98, 0x98, 0x98, 0x98, 0x20,
  0x20, 0x98, 0x98, 0x98, 0x98, 0x20, 0x20, 0x98, 0x98, 0x20, 0x20, 0x98,
  0x98, 0x98, 0x98, 0x98, 0x98, 0x98, 0x98, 0x20, 0x20, 0x98, 0x22, 0x3b,
  0x00, 0xd6, 0xa6, 0xa6, 0x09, 0x91, 0x22, 0x98, 0x98, 0x20, 0x20, 0x98,
  0x98, 0x98, 0x98, 0x98, 0x20, 0x20, 0x98, 0x98, 0x20, 0x20, 0x20, 0x20,
  0x98, 0x98, 0x20, 0x20, 0x20, 0x20, 0x20, 0x20, 0x20, 0x20, 0x20, 0x20,
  0x20, 0x20, 0x98, 0x22, 0x3b, 0x00, 0xff, 0xa6, 0xb0, 0x09, 0x91, 0x22,
  0x98, 0x98, 0x20, 0x20, 0x98, 0x98, 0x98, 0x98, 0x98, 0x20, 0x20, 0x98,
  0x98, 0x20, 0x20, 0x20, 0x20, 0x98, 0x98, 0x20, 0x20, 0x20, 0x20, 0x20,
  0x20, 0x20, 0x20, 0x20, 0x20, 0x20, 0x20, 0x98, 0x22, 0x3b, 0x00, 0x28,
  0xa7, 0xba, 0x09, 0x91, 0x22, 0x98, 0x98, 0x20, 0x20, 0x20, 0x20, 0x20,
  0x20, 0x20, 0x20, 0x20, 0x98, 0x98, 0x20, 0x20, 0x98, 0x98, 0x98, 0x98,
  0x98, 0x98, 0x98, 0x98, 0x98, 0x98, 0x98, 0x98, 0x98, 0x98, 0x98, 0x98,
  0x98, 0x22, 0x3b, 0x00, 0x58, 0xa7, 0xc4, 0x09, 0x91, 0x22, 0x98, 0x98,
  0x20, 0x20, 0x20, 0x20, 0x20, 0x20, 0x20, 0x20, 0x20, 0x98, 0x98, 0x20,
  0x20, 0x98, 0x98, 0x98, 0x98, 0x98, 0x98, 0x98, 0x98, 0x98, 0x98, 0x98,
  0x98, 0x98, 0x98, 0x98, 0x98, 0x22, 0x3b, 0x3a, 0xc6, 0x1c, 0xff, 0x1a,
  0x2c, 0x0f, 0x98, 0x00, 0x5e, 0xa7, 0xce, 0x09, 0x8e, 0x00, 0x6c, 0xa7,
  0xd8, 0x09, 0x8f, 0x20, 0x4c, 0x45, 0x56, 0x45, 0x4c, 0x2d, 0x35, 0x00,
  0x95, 0xa7, 0xe2, 0x09, 0x91, 0x22, 0x98, 0x98, 0x98, 0x98, 0x98, 0x98,
  0x98, 0x98, 0x98, 0x20, 0x20, 0x20, 0x20, 0x20, 0x20, 0x20, 0x20, 0x98,
  0x98, 0x98, 0x98, 0x98, 0x98, 0x98, 0x98, 0x98, 0x98, 0x98, 0x98, 0x98,
  0x98, 0x98, 0x22, 0x3b, 0x00, 0xbe, 0xa7, 0xec, 0x09, 0x91, 0x22, 0x98,
  0x98, 0x98, 0x98, 0x98, 0x98, 0x98, 0x98, 0x98, 0x20, 0x20, 0x20, 0x20,
  0x20, 0x20, 0x20, 0x20, 0x98, 0x98, 0x98, 0x98, 0x98, 0x98, 0x98, 0x98,
  0x98, 0x98, 0x98, 0x98, 0x98, 0x98, 0x98, 0x22, 0x3b, 0x00, 0xe7, 0xa7,
  0xf6, 0x09, 0x91, 0x22, 0x20, 0x20, 0x20, 0x20, 0x98, 0x98, 0x98, 0x98,
  0x98, 0x20, 0x20, 0x98, 0x98, 0x98, 0x98, 0x98, 0x98, 0x98, 0x98, 0x20,
  0x20, 0x20, 0x20, 0x20, 0x20, 0x20, 0x20, 0x20, 0x20, 0x20, 0x20, 0x98,
  0x22, 0x3b, 0x00, 0x10, 0xa8, 0x00, 0x0a, 0x91, 0x22, 0x20, 0x20, 0x20,
  0x20, 0x98, 0x98, 0x98, 0x98, 0x98, 0x20, 0x20, 0x98, 0x98, 0x98, 0x98,
  0x98, 0x98, 0x98, 0x98, 0x20, 0x20, 0x20, 0x20, 0x20, 0x20, 0x20, 0x20,
  0x20, 0x20, 0x20, 0x20, 0x98, 0x22, 0x3b, 0x00, 0x39, 0xa8, 0x0a, 0x0a,
  0x91, 0x22, 0x20, 0x20, 0x98, 0x98, 0x98, 0x20, 0x20, 0x20, 0x20, 0x20,
  0x20, 0x98, 0x98, 0x20, 0x20, 0x20, 0x20, 0x20, 0x20, 0x20, 0x20, 0x98,
  0x98, 0x98, 0x98, 0x98, 0x98, 0x98, 0x98, 0x20, 0x20, 0x98, 0x22, 0x3b,
  0x00, 0x62, 0xa8, 0x14, 0x0a, 0x91, 0x22, 0x20, 0x20, 0x98, 0x98, 0x98,
  0x20, 0x20, 0x20, 0x20, 0x20, 0x20, 0x98, 0x98, 0x20, 0x20, 0x20, 0x20,
  0x20, 0x20, 0x20, 0x20, 0x98, 0x98, 0x98, 0x98, 0x98, 0x98, 0x98, 0x98,
  0x20, 0x20, 0x98, 0x22, 0x3b, 0x00, 0x8b, 0xa8, 0x1e, 0x0a, 0x91, 0x22,
  0x20, 0x20, 0x98, 0x98, 0x98, 0x20, 0x20, 0x98, 0x98, 0x98, 0x98, 0x98,
  0x98, 0x98, 0x98, 0x20, 0x20, 0x98, 0x98, 0x98, 0x98, 0x98, 0x98, 0x20,
  0x20, 0x98, 0x98, 0x98, 0x98, 0x98, 0x98, 0x98, 0x22, 0x3b, 0x00, 0xb4,
  0xa8, 0x28, 0x0a, 0x91, 0x22, 0x20, 0x20, 0x98, 0x98, 0x98, 0x20, 0x20,
  0x98, 0x98, 0x98, 0x98, 0x98, 0x98, 0x98, 0x98, 0x20, 0x20, 0x98, 0x98,
  0x98, 0x98, 0x98, 0x98, 0x20, 0x20, 0x98, 0x98, 0x98, 0x98, 0x98, 0x98,
  0x98, 0x22, 0x3b, 0x00, 0xdd, 0xa8, 0x32, 0x0a, 0x91, 0x22, 0x20, 0x20,
  0x98, 0x98, 0x98, 0x20, 0x20, 0x98, 0x98, 0x98, 0x98, 0x20, 0x20, 0x98,
  0x98, 0x20, 0x20, 0x20, 0x20, 0x20, 0x20, 0x20, 0x20, 0x20, 0x20, 0x20,
  0x20, 0x20, 0x20, 0x20, 0x98, 0x98, 0x22, 0x3b, 0x00, 0x06, 0xa9, 0x3c,
  0x0a, 0x91, 0x22, 0x20, 0x20, 0x98, 0x98, 0x98, 0x20, 0x20, 0x98, 0x98,
  0x98, 0x98, 0x20, 0x20, 0x98, 0x98, 0x20, 0x20, 0x20, 0x20, 0x20, 0x20,
  0x20, 0x20, 0x20, 0x20, 0x20, 0x20, 0x20, 0x20, 0x20, 0x98, 0x98, 0x22,
  0x3b, 0x00, 0x2f, 0xa9, 0x46, 0x0a, 0x91, 0x22, 0x20, 0x20, 0x98, 0x98,
  0x98, 0x20, 0x20, 0x98, 0x98, 0x20, 0x20, 0x20, 0x20, 0x20, 0x20, 0x20,
  0x20, 0x98, 0x98, 0x98, 0x98, 0x98, 0x98, 0x98, 0x98, 0x98, 0x98, 0x98,
  0x20, 0x20, 0x98, 0x98, 0x22, 0x3b, 0x00, 0x58, 0xa9, 0x50, 0x0a, 0x91,
  0x22, 0x20, 0x20, 0x98, 0x98, 0x98, 0x20, 0x20, 0x98, 0x98, 0x20, 0x20,
  0x20, 0x20, 0x20, 0x20, 0x20, 0x20, 0x98, 0x98, 0x98, 0x98, 0x98, 0x98,
  0x98, 0x98, 0x98, 0x98, 0x98, 0x20, 0x20, 0x98, 0x98, 0x22, 0x3b, 0x00,
  0x81, 0xa9, 0x5a, 0x0a, 0x91, 0x22, 0x20, 0x20, 0x20, 0x20, 0x20, 0x20,
  0x20, 0x98, 0x98, 0x20, 0x20, 0x98, 0x98, 0x98, 0x98, 0x98, 0x98, 0x98,
  0x98, 0x98, 0x20, 0x20, 0x98, 0x98, 0x20, 0x20, 0x98, 0x98, 0x20, 0x20,
  0x20, 0x20, 0x22, 0x3b, 0x00, 0xaa, 0xa9, 0x64, 0x0a, 0x91, 0x22, 0x20,
  0x20, 0x20, 0x20, 0x20, 0x20, 0x20, 0x98, 0x98, 0x20, 0x20, 0x98, 0x98,
  0x98, 0x98, 0x98, 0x98, 0x98, 0x98, 0x98, 0x20, 0x20, 0x98, 0x98, 0x20,
  0x20, 0x98, 0x98, 0x20, 0x20, 0x20, 0x20, 0x22, 0x3b, 0x00, 0xd3, 0xa9,
  0x6e, 0x0a, 0x91, 0x22, 0x98, 0x98, 0x98, 0x98, 0x98, 0x98, 0x98, 0x98,
  0x98, 0x20, 0x20, 0x98, 0x98, 0x20, 0x20, 0x20, 0x20, 0x20, 0x20, 0x20,
  0x20, 0x20, 0x20, 0x20, 0x20, 0x20, 0x98, 0x98, 0x20, 0x20, 0x98, 0x98,
  0x22, 0x3b, 0x00, 0xfc, 0xa9, 0x78, 0x0a, 0x91, 0x22, 0x98, 0x98, 0x98,
  0x98, 0x98, 0x98, 0x98, 0x98, 0x98, 0x20, 0x20, 0x98, 0x98, 0x20, 0x20,
  0x20, 0x20, 0x20, 0x20, 0x20, 0x20, 0x20, 0x20, 0x20, 0x20, 0x20, 0x98,
  0x98, 0x20, 0x20, 0x98, 0x98, 0x22, 0x3b, 0x00, 0x25, 0xaa, 0x82, 0x0a,
  0x91, 0x22, 0x20, 0x20, 0x20, 0x20, 0x20, 0x20, 0x20, 0x98, 0x98, 0x20,
  0x20, 0x98, 0x98, 0x98, 0x98, 0x98, 0x98, 0x98, 0x98, 0x20, 0x20, 0x98,
  0x98, 0x98, 0x98, 0x98, 0x98, 0x98, 0x20, 0x20, 0x20, 0x20, 0x22, 0x3b,
  0x00, 0x4e, 0xaa, 0x8c, 0x0a, 0x91, 0x22, 0x20, 0x20, 0x20, 0x20, 0x20,
  0x20, 0x20, 0x98, 0x98, 0x20, 0x20, 0x98, 0x98, 0x98, 0x98, 0x98, 0x98,
  0x98, 0x98, 0x20, 0x20, 0x98, 0x98, 0x98, 0x98, 0x98, 0x98, 0x98, 0x20,
  0x20, 0x20, 0x20, 0x22, 0x3b, 0x00, 0x77, 0xaa, 0x96, 0x0a, 0x91, 0x22,
  0x98, 0x98, 0x98, 0x98, 0x98, 0x20, 0x20, 0x98, 0x98, 0x20, 0x20, 0x20,
  0x20, 0x20, 0x20, 0x20, 0x20, 0x98, 0x98, 0x20, 0x20, 0x20, 0x20, 0x20,
  0x20, 0x20, 0x20, 0x20, 0x20, 0x20, 0x98, 0x98, 0x22, 0x3b, 0x00, 0xa0,
  0xaa, 0xa0, 0x0a, 0x91, 0x22, 0x98, 0x98, 0x98, 0x98, 0x98, 0x20, 0x20,
  0x98, 0x98, 0x20, 0x20, 0x20, 0x20, 0x20, 0x20, 0x20, 0x20, 0x98, 0x98,
  0x20, 0x20, 0x20, 0x20, 0x20, 0x20, 0x20, 0x20, 0x20, 0x20, 0x20, 0x98,
  0x98, 0x22, 0x3b, 0x00, 0xc9, 0xaa, 0xaa, 0x0a, 0x91, 0x22, 0x98, 0x98,
  0x98, 0x98, 0x98, 0x98, 0x98, 0x98, 0x98, 0x98, 0x98, 0x98, 0x98, 0x98,
  0x98, 0x20, 0x20, 0x98, 0x98, 0x98, 0x98, 0x98, 0x98, 0x98, 0x98, 0x98,
  0x98, 0x98, 0x98, 0x98, 0x98, 0x98, 0x22, 0x3b, 0x00, 0xf9, 0xaa, 0xb4,
  0x0a, 0x91, 0x22, 0x98, 0x98, 0x98, 0x98, 0x98, 0x98, 0x98, 0x98, 0x98,
  0x98, 0x98, 0x98, 0x98, 0x98, 0x98, 0x20, 0x20, 0x98, 0x98, 0x98, 0x98,
  0x98, 0x98, 0x98, 0x98, 0x98, 0x98, 0x98, 0x98, 0x98, 0x98, 0x22, 0x3b,
  0x3a, 0xc6, 0x1c, 0xff, 0x1a, 0x2c, 0x0f, 0x98, 0x00, 0xff, 0xaa, 0xbe,
  0x0a, 0x8e, 0x00, 0x3a, 0xab, 0xc8, 0x0a, 0x8c, 0x0e, 0xd2, 0x0a, 0x3a,
  0x82, 0x20, 0x46, 0xef, 0x0c, 0x00, 0xd0, 0x20, 0xd9, 0x20, 0x0c, 0x36,
  0xd4, 0x3a, 0x87, 0x20, 0x41, 0x24, 0x3a, 0x56, 0xef, 0xff, 0x94, 0x28,
  0x22, 0x26, 0x68, 0x22, 0xf1, 0x41, 0x24, 0x29, 0x3a, 0x98, 0x20, 0x46,
  0x2c, 0x56, 0x3a, 0x83, 0x3a, 0x97, 0xdd, 0xef, 0x0c, 0x00, 0xd0, 0x3a,
  0x8e, 0x00, 0x58, 0xab, 0xd2, 0x0a, 0x84, 0x20, 0x32, 0x31, 0x2c, 0x46,
  0x38, 0x2c, 0x46, 0x37, 0x2c, 0x37, 0x45, 0x2c, 0x34, 0x37, 0x2c, 0x31,
  0x30, 0x2c, 0x30, 0x34, 0x2c, 0x43, 0x44, 0x00, 0x76, 0xab, 0xdc, 0x0a,
  0x84, 0x20, 0x31, 0x42, 0x2c, 0x44, 0x30, 0x2c, 0x43, 0x39, 0x2c, 0x31,
  0x30, 0x2c, 0x30, 0x34, 0x2c, 0x43, 0x44, 0x2c, 0x35, 0x35, 0x2c, 0x44,
  0x30, 0x00, 0x94, 0xab, 0xe6, 0x0a, 0x84, 0x20, 0x43, 0x39, 0x2c, 0x31,
  0x30, 0x2c, 0x30, 0x34, 0x2c, 0x43, 0x44, 0x2c, 0x38, 0x46, 0x2c, 0x44,
  0x30, 0x2c, 0x43, 0x39, 0x2c, 0x43, 0x44, 0x00, 0xb2, 0xab, 0xf0, 0x0a,
  0x84, 0x20, 0x44, 0x31, 0x2c, 0x44, 0x30, 0x2c, 0x43, 0x39, 0x2c, 0x32,
  0x31, 0x2c, 0x34, 0x30, 0x2c, 0x31, 0x38, 0x2c, 0x31, 0x31, 0x2c, 0x31,
  0x37, 0x00, 0xd0, 0xab, 0xfa, 0x0a, 0x84, 0x20, 0x44, 0x31, 0x2c, 0x30,
  0x31, 0x2c, 0x43, 0x30, 0x2c, 0x30, 0x32, 0x2c, 0x43, 0x44, 0x2c, 0x35,
  0x39, 0x2c, 0x30, 0x30, 0x2c, 0x32, 0x31, 0x00, 0xee, 0xab, 0x04, 0x0b,
  0x84, 0x20, 0x31, 0x37, 0x2c, 0x44, 0x31, 0x2c, 0x31, 0x31, 0x2c, 0x31,
  0x37, 0x2c, 0x44, 0x34, 0x2c, 0x30, 0x31, 0x2c, 0x32, 0x30, 0x2c, 0x30,
  0x30, 0x00, 0x0c, 0xac, 0x0e, 0x0b, 0x84, 0x20, 0x45, 0x44, 0x2c, 0x42,
  0x30, 0x2c, 0x32, 0x31, 0x2c, 0x33, 0x37, 0x2c, 0x44, 0x31, 0x2c, 0x31,
  0x31, 0x2c, 0x31, 0x37, 0x2c, 0x44, 0x31, 0x00, 0x2a, 0xac, 0x18, 0x0b,
  0x84, 0x20, 0x30, 0x31, 0x2c, 0x41, 0x30, 0x2c, 0x30, 0x32, 0x2c, 0x45,
  0x44, 0x2c, 0x42, 0x30, 0x2c, 0x32, 0x31, 0x2c, 0x31, 0x37, 0x2c, 0x44,
  0x34, 0x00, 0x48, 0xac, 0x22, 0x0b, 0x84, 0x20, 0x31, 0x31, 0x2c, 0x42,
  0x37, 0x2c, 0x44, 0x33, 0x2c, 0x30, 0x31, 0x2c, 0x32, 0x30, 0x2c, 0x30,
  0x30, 0x2c, 0x45, 0x44, 0x2c, 0x42, 0x30, 0x00, 0x66, 0xac, 0x2c, 0x0b,
  0x84, 0x20, 0x32, 0x31, 0x2c, 0x31, 0x37, 0x2c, 0x44, 0x31, 0x2c, 0x31,
  0x31, 0x2c, 0x34, 0x30, 0x2c, 0x31, 0x38, 0x2c, 0x30, 0x31, 0x2c, 0x43,
  0x30, 0x00, 0x84, 0xac, 0x36, 0x0b, 0x84, 0x20, 0x30, 0x32, 0x2c, 0x43,
  0x44, 0x2c, 0x35, 0x43, 0x2c, 0x30, 0x30, 0x2c, 0x43, 0x39, 0x2c, 0x32,
  0x31, 0x2c, 0x34, 0x30, 0x2c, 0x31, 0x38, 0x00, 0xa2, 0xac, 0x40, 0x0b,
  0x84, 0x20, 0x31, 0x31, 0x2c, 0x31, 0x37, 0x2c, 0x44, 0x31, 0x2c, 0x30,
  0x31, 0x2c, 0x43, 0x30, 0x2c, 0x30, 0x32, 0x2c, 0x43, 0x44, 0x2c, 0x35,
  0x39, 0x00, 0xc0, 0xac, 0x4a, 0x0b, 0x84, 0x20, 0x30, 0x30, 0x2c, 0x32,
  0x31, 0x2c, 0x42, 0x37, 0x2c, 0x44, 0x33, 0x2c, 0x31, 0x31, 0x2c, 0x31,
  0x37, 0x2c, 0x44, 0x34, 0x2c, 0x30, 0x31, 0x00, 0xde, 0xac, 0x54, 0x0b,
  0x84, 0x20, 0x32, 0x30, 0x2c, 0x30, 0x30, 0x2c, 0x45, 0x44, 0x2c, 0x42,
  0x30, 0x2c, 0x32, 0x31, 0x2c, 0x42, 0x36, 0x2c, 0x44, 0x33, 0x2c, 0x31,
  0x31, 0x00, 0xfc, 0xac, 0x5e, 0x0b, 0x84, 0x20, 0x44, 0x36, 0x2c, 0x44,
  0x33, 0x2c, 0x30, 0x31, 0x2c, 0x41, 0x30, 0x2c, 0x30, 0x32, 0x2c, 0x45,
  0x44, 0x2c, 0x42, 0x38, 0x2c, 0x32, 0x31, 0x00, 0x1a, 0xad, 0x68, 0x0b,
  0x84, 0x20, 0x31, 0x37, 0x2c, 0x44, 0x34, 0x2c, 0x31, 0x31, 0x2c, 0x31,
  0x37, 0x2c, 0x44, 0x31, 0x2c, 0x30, 0x31, 0x2c, 0x32, 0x30, 0x2c, 0x30,
  0x30, 0x00, 0x38, 0xad, 0x72, 0x0b, 0x84, 0x20, 0x45, 0x44, 0x2c, 0x42,
  0x30, 0x2c, 0x32, 0x31, 0x2c, 0x31, 0x37, 0x2c, 0x44, 0x31, 0x2c, 0x31,
  0x31, 0x2c, 0x34, 0x30, 0x2c, 0x31, 0x38, 0x00, 0x56, 0xad, 0x7c, 0x0b,
  0x84, 0x20, 0x30, 0x31, 0x2c, 0x43, 0x30, 0x2c, 0x30, 0x32, 0x2c, 0x43,
  0x44, 0x2c, 0x35, 0x43, 0x2c, 0x30, 0x30, 0x2c, 0x43, 0x39, 0x2c, 0x32,
  0x31, 0x00, 0x74, 0xad, 0x86, 0x0b, 0x84, 0x20, 0x34, 0x30, 0x2c, 0x31,
  0x38, 0x2c, 0x31, 0x31, 0x2c, 0x31, 0x37, 0x2c, 0x44, 0x31, 0x2c, 0x30,
  0x31, 0x2c, 0x43, 0x30, 0x2c, 0x30, 0x32, 0x00, 0x92, 0xad, 0x90, 0x0b,
  0x84, 0x20, 0x43, 0x44, 0x2c, 0x35, 0x39, 0x2c, 0x30, 0x30, 0x2c, 0x32,
  0x31, 0x2c, 0x31, 0x37, 0x2c, 0x44, 0x31, 0x2c, 0x32, 0x32, 0x2c, 0x31,
  0x35, 0x00, 0xb0, 0xad, 0x9a, 0x0b, 0x84, 0x20, 0x44, 0x31, 0x2c, 0x30,
  0x36, 0x2c, 0x31, 0x36, 0x2c, 0x43, 0x35, 0x2c, 0x37, 0x45, 0x2c, 0x33,
  0x32, 0x2c, 0x31, 0x37, 0x2c, 0x44, 0x34, 0x00, 0xce, 0xad, 0xa4, 0x0b,
  0x84, 0x20, 0x32, 0x33, 0x2c, 0x45, 0x44, 0x2c, 0x35, 0x42, 0x2c, 0x31,
  0x35, 0x2c, 0x44, 0x31, 0x2c, 0x30, 0x31, 0x2c, 0x31, 0x46, 0x2c, 0x30,
  0x30, 0x00, 0xec, 0xad, 0xae, 0x0b, 0x84, 0x20, 0x45, 0x44, 0x2c, 0x42,
  0x30, 0x2c, 0x33, 0x41, 0x2c, 0x31, 0x37, 0x2c, 0x44, 0x34, 0x2c, 0x32,
  0x41, 0x2c, 0x31, 0x35, 0x2c, 0x44, 0x31, 0x00, 0x0a, 0xae, 0xb8, 0x0b,
  0x84, 0x20, 0x31, 0x31, 0x2c, 0x31, 0x46, 0x2c, 0x30, 0x30, 0x2c, 0x31,
  0x39, 0x2c, 0x37, 0x37, 0x2c, 0x32, 0x33, 0x2c, 0x32, 0x32, 0x2c, 0x31,
  0x35, 0x00, 0x28, 0xae, 0xc2, 0x0b, 0x84, 0x20, 0x44, 0x31, 0x2c, 0x43,
  0x31, 0x2c, 0x31, 0x30, 0x2c, 0x44, 0x46, 0x2c, 0x32, 0x31, 0x2c, 0x31,
  0x37, 0x2c, 0x44, 0x31, 0x2c, 0x31, 0x31, 0x00, 0x46, 0xae, 0xcc, 0x0b,
  0x84, 0x20, 0x34, 0x30, 0x2c, 0x31, 0x38, 0x2c, 0x30, 0x31, 0x2c, 0x43,
  0x30, 0x2c, 0x30, 0x32, 0x2c, 0x43, 0x44, 0x2c, 0x35, 0x43, 0x2c, 0x30,
  0x30, 0x00, 0x64, 0xae, 0xd6, 0x0b, 0x84, 0x20, 0x43, 0x39, 0x2c, 0x32,
  0x31, 0x2c, 0x34, 0x30, 0x2c, 0x31, 0x38, 0x2c, 0x31, 0x31, 0x2c, 0x31,
  0x37, 0x2c, 0x44, 0x31, 0x2c, 0x30, 0x31, 0x00, 0x82, 0xae, 0xe0, 0x0b,
  0x84, 0x20, 0x43, 0x30, 0x2c, 0x30, 0x32, 0x2c, 0x43, 0x44, 0x2c, 0x35,
  0x39, 0x2c, 0x30, 0x30, 0x2c, 0x32, 0x31, 0x2c, 0x46, 0x36, 0x2c, 0x44,
  0x33, 0x00, 0xa0, 0xae, 0xea, 0x0b, 0x84, 0x20, 0x32, 0x32, 0x2c, 0x31,
  0x35, 0x2c, 0x44, 0x31, 0x2c, 0x30, 0x36, 0x2c, 0x31, 0x37, 0x2c, 0x43,
  0x35, 0x2c, 0x37, 0x45, 0x2c, 0x33, 0x32, 0x00, 0xbe, 0xae, 0xf4, 0x0b,
  0x84, 0x20, 0x31, 0x37, 0x2c, 0x44, 0x34, 0x2c, 0x32, 0x42, 0x2c, 0x45,
  0x44, 0x2c, 0x35, 0x42, 0x2c, 0x31, 0x35, 0x2c, 0x44, 0x31, 0x2c, 0x30,
  0x31, 0x00, 0xdc, 0xae, 0xfe, 0x0b, 0x84, 0x20, 0x31, 0x46, 0x2c, 0x30,
  0x30, 0x2c, 0x45, 0x44, 0x2c, 0x42, 0x38, 0x2c, 0x41, 0x46, 0x2c, 0x33,
  0x41, 0x2c, 0x31, 0x37, 0x2c, 0x44, 0x34, 0x00, 0xfa, 0xae, 0x08, 0x0c,
  0x84, 0x20, 0x32, 0x41, 0x2c, 0x31, 0x35, 0x2c, 0x44, 0x31, 0x2c, 0x31,
  0x31, 0x2c, 0x31, 0x46, 0x2c, 0x30, 0x30, 0x2c, 0x45, 0x44, 0x2c, 0x35,
  0x32, 0x00, 0x18, 0xaf, 0x12, 0x0c, 0x84, 0x20, 0x37, 0x37, 0x2c, 0x32,
  0x42, 0x2c, 0x32, 0x32, 0x2c, 0x31, 0x35, 0x2c, 0x44, 0x31, 0x2c, 0x43,
  0x31, 0x2c, 0x31, 0x30, 0x2c, 0x44, 0x44, 0x00, 0x36, 0xaf, 0x1c, 0x0c,
  0x84, 0x20, 0x32, 0x31, 0x2c, 0x31, 0x37, 0x2c, 0x44, 0x31, 0x2c, 0x31,
  0x31, 0x2c, 0x34, 0x30, 0x2c, 0x31, 0x38, 0x2c, 0x30, 0x31, 0x2c, 0x43,
  0x30, 0x00, 0x54, 0xaf, 0x26, 0x0c, 0x84, 0x20, 0x30, 0x32, 0x2c, 0x43,
  0x44, 0x2c, 0x35, 0x43, 0x2c, 0x30, 0x30, 0x2c, 0x43, 0x39, 0x2c, 0x30,
  0x30, 0x2c, 0x30, 0x30, 0x2c, 0x30, 0x30, 0x00, 0x72, 0xaf, 0x30, 0x0c,
  0x84, 0x20, 0x30, 0x30, 0x2c, 0x30, 0x30, 0x2c, 0x30, 0x30, 0x2c, 0x30,
  0x30, 0x2c, 0x30, 0x30, 0x2c, 0x30, 0x30, 0x2c, 0x30, 0x30, 0x2c, 0x30,
  0x30, 0x00, 0x90, 0xaf, 0x3a, 0x0c, 0x84, 0x20, 0x30, 0x30, 0x2c, 0x30,
  0x30, 0x2c, 0x30, 0x30, 0x2c, 0x30, 0x30, 0x2c, 0x30, 0x30, 0x2c, 0x30,
  0x30, 0x2c, 0x30, 0x30, 0x2c, 0x30, 0x30, 0x00, 0xae, 0xaf, 0x44, 0x0c,
  0x84, 0x20, 0x30, 0x30, 0x2c, 0x30, 0x30, 0x2c, 0x30, 0x30, 0x2c, 0x30,
  0x30, 0x2c, 0x30, 0x30, 0x2c, 0x30, 0x30, 0x2c, 0x30, 0x30, 0x2c, 0x30,
  0x30, 0x00, 0xcc, 0xaf, 0x4e, 0x0c, 0x84, 0x20, 0x30, 0x30, 0x2c, 0x30,
  0x30, 0x2c, 0x30, 0x30, 0x2c, 0x30, 0x30, 0x2c, 0x30, 0x30, 0x2c, 0x30,
  0x30, 0x2c, 0x30, 0x30, 0x2c, 0x30, 0x30, 0x00, 0xea, 0xaf, 0x58, 0x0c,
  0x84, 0x20, 0x30, 0x30, 0x2c, 0x30, 0x30, 0x2c, 0x30, 0x30, 0x2c, 0x30,
  0x30, 0x2c, 0x30, 0x30, 0x2c, 0x30, 0x30, 0x2c, 0x30, 0x30, 0x2c, 0x30,
  0x30, 0x00, 0x08, 0xb0, 0x62, 0x0c, 0x84, 0x20, 0x30, 0x30, 0x2c, 0x30,
  0x30, 0x2c, 0x30, 0x30, 0x2c, 0x30, 0x30, 0x2c, 0x30, 0x30, 0x2c, 0x30,
  0x30, 0x2c, 0x30, 0x30, 0x2c, 0x30, 0x30, 0x00, 0x26, 0xb0, 0x6c, 0x0c,
  0x84, 0x20, 0x30, 0x30, 0x2c, 0x30, 0x30, 0x2c, 0x30, 0x30, 0x2c, 0x30,
  0x30, 0x2c, 0x30, 0x30, 0x2c, 0x30, 0x30, 0x2c, 0x30, 0x30, 0x2c, 0x30,
  0x30, 0x00, 0x44, 0xb0, 0x76, 0x0c, 0x84, 0x20, 0x30, 0x30, 0x2c, 0x30,
  0x30, 0x2c, 0x30, 0x30, 0x2c, 0x30, 0x30, 0x2c, 0x30, 0x30, 0x2c, 0x30,
  0x30, 0x2c, 0x30, 0x30, 0x2c, 0x30, 0x30, 0x00, 0x62, 0xb0, 0x80, 0x0c,
  0x84, 0x20, 0x30, 0x30, 0x2c, 0x30, 0x30, 0x2c, 0x30, 0x30, 0x2c, 0x30,
  0x30, 0x2c, 0x30, 0x30, 0x2c, 0x30, 0x30, 0x2c, 0x30, 0x30, 0x2c, 0x30,
  0x30, 0x00, 0x80, 0xb0, 0x8a, 0x0c, 0x84, 0x20, 0x30, 0x30, 0x2c, 0x30,
  0x30, 0x2c, 0x30, 0x30, 0x2c, 0x30, 0x30, 0x2c, 0x30, 0x30, 0x2c, 0x30,
  0x30, 0x2c, 0x30, 0x30, 0x2c, 0x30, 0x30, 0x00, 0x9e, 0xb0, 0x94, 0x0c,
  0x84, 0x20, 0x30, 0x30, 0x2c, 0x30, 0x30, 0x2c, 0x30, 0x30, 0x2c, 0x30,
  0x30, 0x2c, 0x30, 0x30, 0x2c, 0x30, 0x30, 0x2c, 0x30, 0x30, 0x2c, 0x30,
  0x30, 0x00, 0xbc, 0xb0, 0x9e, 0x0c, 0x84, 0x20, 0x30, 0x30, 0x2c, 0x30,
  0x30, 0x2c, 0x30, 0x30, 0x2c, 0x30, 0x30, 0x2c, 0x30, 0x30, 0x2c, 0x30,
  0x30, 0x2c, 0x30, 0x30, 0x2c, 0x30, 0x30, 0x00, 0xda, 0xb0, 0xa8, 0x0c,
  0x84, 0x20, 0x30, 0x30, 0x2c, 0x30, 0x30, 0x2c, 0x30, 0x30, 0x2c, 0x30,
  0x30, 0x2c, 0x30, 0x30, 0x2c, 0x30, 0x30, 0x2c, 0x30, 0x30, 0x2c, 0x30,
  0x30, 0x00, 0xf8, 0xb0, 0xb2, 0x0c, 0x84, 0x20, 0x30, 0x30, 0x2c, 0x30,
  0x30, 0x2c, 0x30, 0x30, 0x2c, 0x30, 0x30, 0x2c, 0x30, 0x30, 0x2c, 0x30,
  0x30, 0x2c, 0x30, 0x30, 0x2c, 0x30, 0x30, 0x00, 0x16, 0xb1, 0xbc, 0x0c,
  0x84, 0x20, 0x30, 0x30, 0x2c, 0x30, 0x30, 0x2c, 0x30, 0x30, 0x2c, 0x30,
  0x30, 0x2c, 0x30, 0x30, 0x2c, 0x30, 0x30, 0x2c, 0x30, 0x30, 0x2c, 0x30,
  0x30, 0x00, 0x34, 0xb1, 0xc6, 0x0c, 0x84, 0x20, 0x30, 0x30, 0x2c, 0x30,
  0x30, 0x2c, 0x30, 0x30, 0x2c, 0x30, 0x30, 0x2c, 0x30, 0x30, 0x2c, 0x30,
  0x30, 0x2c, 0x30, 0x30, 0x2c, 0x30, 0x30, 0x00, 0x52, 0xb1, 0xd0, 0x0c,
  0x84, 0x20, 0x30, 0x30, 0x2c, 0x30, 0x30, 0x2c, 0x30, 0x30, 0x2c, 0x30,
  0x30, 0x2c, 0x30, 0x30, 0x2c, 0x30, 0x30, 0x2c, 0x30, 0x30, 0x2c, 0x30,
  0x30, 0x00, 0x70, 0xb1, 0xda, 0x0c, 0x84, 0x20, 0x30, 0x30, 0x2c, 0x30,
  0x30, 0x2c, 0x30, 0x30, 0x2c, 0x30, 0x30, 0x2c, 0x30, 0x30, 0x2c, 0x30,
  0x30, 0x2c, 0x30, 0x30, 0x2c, 0x30, 0x30, 0x00, 0x8e, 0xb1, 0xe4, 0x0c,
  0x84, 0x20, 0x30, 0x30, 0x2c, 0x30, 0x30, 0x2c, 0x30, 0x30, 0x2c, 0x30,
  0x30, 0x2c, 0x30, 0x30, 0x2c, 0x30, 0x30, 0x2c, 0x30, 0x30, 0x2c, 0x30,
  0x30, 0x00, 0xac, 0xb1, 0xee, 0x0c, 0x84, 0x20, 0x30, 0x30, 0x2c, 0x30,
  0x30, 0x2c, 0x30, 0x30, 0x2c, 0x30, 0x30, 0x2c, 0x30, 0x30, 0x2c, 0x30,
  0x30, 0x2c, 0x30, 0x30, 0x2c, 0x30, 0x30, 0x00, 0xca, 0xb1, 0xf8, 0x0c,
  0x84, 0x20, 0x30, 0x30, 0x2c, 0x30, 0x30, 0x2c, 0x30, 0x30, 0x2c, 0x30,
  0x30, 0x2c, 0x30, 0x30, 0x2c, 0x30, 0x30, 0x2c, 0x30, 0x30, 0x2c, 0x30,
  0x30, 0x00, 0xe8, 0xb1, 0x02, 0x0d, 0x84, 0x20, 0x30, 0x30, 0x2c, 0x30,
  0x30, 0x2c, 0x30, 0x30, 0x2c, 0x30, 0x30, 0x2c, 0x30, 0x30, 0x2c, 0x30,
  0x30, 0x2c, 0x30, 0x30, 0x2c, 0x30, 0x30, 0x00, 0x06, 0xb2, 0x0c, 0x0d,
  0x84, 0x20, 0x30, 0x30, 0x2c, 0x30, 0x30, 0x2c, 0x30, 0x30, 0x2c, 0x30,
  0x30, 0x2c, 0x30, 0x30, 0x2c, 0x30, 0x30, 0x2c, 0x30, 0x30, 0x2c, 0x30,
  0x30, 0x00, 0x24, 0xb2, 0x16, 0x0d, 0x84, 0x20, 0x30, 0x30, 0x2c, 0x30,
  0x30, 0x2c, 0x30, 0x30, 0x2c, 0x30, 0x30, 0x2c, 0x30, 0x30, 0x2c, 0x30,
  0x30, 0x2c, 0x30, 0x30, 0x2c, 0x30, 0x30, 0x00, 0x42, 0xb2, 0x20, 0x0d,
  0x84, 0x20, 0x30, 0x30, 0x2c, 0x30, 0x30, 0x2c, 0x30, 0x30, 0x2c, 0x30,
  0x30, 0x2c, 0x30, 0x30, 0x2c, 0x30, 0x30, 0x2c, 0x30, 0x30, 0x2c, 0x30,
  0x30, 0x00, 0x60, 0xb2, 0x2a, 0x0d, 0x84, 0x20, 0x30, 0x30, 0x2c, 0x30,
  0x30, 0x2c, 0x30, 0x30, 0x2c, 0x30, 0x30, 0x2c, 0x30, 0x30, 0x2c, 0x30,
  0x30, 0x2c, 0x30, 0x30, 0x2c, 0x30, 0x30, 0x00, 0x7e, 0xb2, 0x34, 0x0d,
  0x84, 0x20, 0x30, 0x30, 0x2c, 0x30, 0x30, 0x2c, 0x30, 0x30, 0x2c, 0x30,
  0x30, 0x2c, 0x30, 0x30, 0x2c, 0x30, 0x30, 0x2c, 0x30, 0x30, 0x2c, 0x30,
  0x30, 0x00, 0x9c, 0xb2, 0x3e, 0x0d, 0x84, 0x20, 0x30, 0x30, 0x2c, 0x30,
  0x30, 0x2c, 0x30, 0x30, 0x2c, 0x30, 0x30, 0x2c, 0x30, 0x30, 0x2c, 0x30,
  0x30, 0x2c, 0x30, 0x30, 0x2c, 0x30, 0x30, 0x00, 0xba, 0xb2, 0x48, 0x0d,
  0x84, 0x20, 0x30, 0x30, 0x2c, 0x30, 0x30, 0x2c, 0x30, 0x30, 0x2c, 0x30,
  0x30, 0x2c, 0x30, 0x30, 0x2c, 0x30, 0x30, 0x2c, 0x30, 0x30, 0x2c, 0x30,
  0x30, 0x00, 0xd8, 0xb2, 0x52, 0x0d, 0x84, 0x20, 0x30, 0x30, 0x2c, 0x30,
  0x30, 0x2c, 0x30, 0x30, 0x2c, 0x30, 0x30, 0x2c, 0x30, 0x30, 0x2c, 0x30,
  0x30, 0x2c, 0x30, 0x30, 0x2c, 0x30, 0x30, 0x00, 0xf6, 0xb2, 0x5c, 0x0d,
  0x84, 0x20, 0x30, 0x30, 0x2c, 0x30, 0x30, 0x2c, 0x30, 0x30, 0x2c, 0x30,
  0x30, 0x2c, 0x30, 0x30, 0x2c, 0x30, 0x30, 0x2c, 0x30, 0x30, 0x2c, 0x30,
  0x30, 0x00, 0x14, 0xb3, 0x66, 0x0d, 0x84, 0x20, 0x30, 0x30, 0x2c, 0x30,
  0x30, 0x2c, 0x30, 0x30, 0x2c, 0x30, 0x30, 0x2c, 0x30, 0x30, 0x2c, 0x30,
  0x30, 0x2c, 0x30, 0x30, 0x2c, 0x30, 0x30, 0x00, 0x32, 0xb3, 0x70, 0x0d,
  0x84, 0x20, 0x30, 0x30, 0x2c, 0x30, 0x30, 0x2c, 0x30, 0x30, 0x2c, 0x30,
  0x30, 0x2c, 0x30, 0x30, 0x2c, 0x30, 0x30, 0x2c, 0x30, 0x30, 0x2c, 0x30,
  0x30, 0x00, 0x50, 0xb3, 0x7a, 0x0d, 0x84, 0x20, 0x30, 0x30, 0x2c, 0x30,
  0x30, 0x2c, 0x30, 0x30, 0x2c, 0x30, 0x30, 0x2c, 0x30, 0x30, 0x2c, 0x30,
  0x30, 0x2c, 0x30, 0x30, 0x2c, 0x30, 0x30, 0x00, 0x6e, 0xb3, 0x84, 0x0d,
  0x84, 0x20, 0x30, 0x30, 0x2c, 0x30, 0x30, 0x2c, 0x30, 0x30, 0x2c, 0x30,
  0x30, 0x2c, 0x30, 0x30, 0x2c, 0x30, 0x30, 0x2c, 0x30, 0x30, 0x2c, 0x30,
  0x30, 0x00, 0x8c, 0xb3, 0x8e, 0x0d, 0x84, 0x20, 0x30, 0x30, 0x2c, 0x30,
  0x30, 0x2c, 0x30, 0x30, 0x2c, 0x30, 0x30, 0x2c, 0x30, 0x30, 0x2c, 0x30,
  0x30, 0x2c, 0x30, 0x30, 0x2c, 0x30, 0x30, 0x00, 0xaa, 0xb3, 0x98, 0x0d,
  0x84, 0x20, 0x30, 0x30, 0x2c, 0x30, 0x30, 0x2c, 0x30, 0x30, 0x2c, 0x30,
  0x30, 0x2c, 0x30, 0x30, 0x2c, 0x30, 0x30, 0x2c, 0x30, 0x30, 0x2c, 0x30,
  0x30, 0x00, 0xc8, 0xb3, 0xa2, 0x0d, 0x84, 0x20, 0x30, 0x30, 0x2c, 0x30,
  0x30, 0x2c, 0x30, 0x30, 0x2c, 0x30, 0x30, 0x2c, 0x30, 0x30, 0x2c, 0x30,
  0x30, 0x2c, 0x30, 0x30, 0x2c, 0x30, 0x30, 0x00, 0xe6, 0xb3, 0xac, 0x0d,
  0x84, 0x20, 0x30, 0x30, 0x2c, 0x30, 0x30, 0x2c, 0x30, 0x30, 0x2c, 0x30,
  0x30, 0x2c, 0x30, 0x30, 0x2c, 0x30, 0x30, 0x2c, 0x30, 0x30, 0x2c, 0x30,
  0x30, 0x00, 0x04, 0xb4, 0xb6, 0x0d, 0x84, 0x20, 0x30, 0x30, 0x2c, 0x30,
  0x30, 0x2c, 0x30, 0x30, 0x2c, 0x30, 0x30, 0x2c, 0x30, 0x30, 0x2c, 0x30,
  0x30, 0x2c, 0x30, 0x30, 0x2c, 0x30, 0x30, 0x00, 0x22, 0xb4, 0xc0, 0x0d,
  0x84, 0x20, 0x30, 0x30, 0x2c, 0x30, 0x30, 0x2c, 0x30, 0x30, 0x2c, 0x30,
  0x30, 0x2c, 0x30, 0x30, 0x2c, 0x30, 0x30, 0x2c, 0x30, 0x30, 0x2c, 0x30,
  0x30, 0x00, 0x40, 0xb4, 0xca, 0x0d, 0x84, 0x20, 0x30, 0x30, 0x2c, 0x30,
  0x30, 0x2c, 0x30, 0x30, 0x2c, 0x30, 0x30, 0x2c, 0x30, 0x30, 0x2c, 0x30,
  0x30, 0x2c, 0x30, 0x30, 0x2c, 0x30, 0x30, 0x00, 0x5e, 0xb4, 0xd4, 0x0d,
  0x84, 0x20, 0x30, 0x30, 0x2c, 0x30, 0x30, 0x2c, 0x30, 0x30, 0x2c, 0x30,
  0x30, 0x2c, 0x30, 0x30, 0x2c, 0x30, 0x30, 0x2c, 0x30, 0x30, 0x2c, 0x30,
  0x30, 0x00, 0x7c, 0xb4, 0xde, 0x0d, 0x84, 0x20, 0x30, 0x30, 0x2c, 0x30,
  0x30, 0x2c, 0x30, 0x30, 0x2c, 0x30, 0x30, 0x2c, 0x30, 0x30, 0x2c, 0x30,
  0x30, 0x2c, 0x30, 0x30, 0x2c, 0x30, 0x30, 0x00, 0x9a, 0xb4, 0xe8, 0x0d,
  0x84, 0x20, 0x30, 0x30, 0x2c, 0x30, 0x30, 0x2c, 0x30, 0x30, 0x2c, 0x30,
  0x30, 0x2c, 0x30, 0x30, 0x2c, 0x30, 0x30, 0x2c, 0x30, 0x30, 0x2c, 0x30,
  0x30, 0x00, 0xb8, 0xb4, 0xf2, 0x0d, 0x84, 0x20, 0x30, 0x30, 0x2c, 0x30,
  0x30, 0x2c, 0x30, 0x30, 0x2c, 0x30, 0x30, 0x2c, 0x30, 0x30, 0x2c, 0x30,
  0x30, 0x2c, 0x30, 0x30, 0x2c, 0x30, 0x30, 0x00, 0xd6, 0xb4, 0xfc, 0x0d,
  0x84, 0x20, 0x30, 0x30, 0x2c, 0x30, 0x30, 0x2c, 0x30, 0x30, 0x2c, 0x30,
  0x30, 0x2c, 0x30, 0x30, 0x2c, 0x30, 0x30, 0x2c, 0x30, 0x30, 0x2c, 0x30,
  0x30, 0x00, 0xf4, 0xb4, 0x06, 0x0e, 0x84, 0x20, 0x30, 0x30, 0x2c, 0x30,
  0x30, 0x2c, 0x30, 0x30, 0x2c, 0x30, 0x30, 0x2c, 0x30, 0x30, 0x2c, 0x30,
  0x30, 0x2c, 0x30, 0x30, 0x2c, 0x30, 0x30, 0x00, 0x12, 0xb5, 0x10, 0x0e,
  0x84, 0x20, 0x30, 0x30, 0x2c, 0x30, 0x30, 0x2c, 0x30, 0x30, 0x2c, 0x30,
  0x30, 0x2c, 0x30, 0x30, 0x2c, 0x30, 0x30, 0x2c, 0x30, 0x30, 0x2c, 0x30,
  0x30, 0x00, 0x30, 0xb5, 0x1a, 0x0e, 0x84, 0x20, 0x30, 0x30, 0x2c, 0x30,
  0x30, 0x2c, 0x30, 0x30, 0x2c, 0x30, 0x30, 0x2c, 0x30, 0x30, 0x2c, 0x30,
  0x30, 0x2c, 0x30, 0x30, 0x2c, 0x30, 0x30, 0x00, 0x4e, 0xb5, 0x24, 0x0e,
  0x84, 0x20, 0x30, 0x30, 0x2c, 0x30, 0x30, 0x2c, 0x30, 0x30, 0x2c, 0x30,
  0x30, 0x2c, 0x30, 0x30, 0x2c, 0x30, 0x30, 0x2c, 0x30, 0x30, 0x2c, 0x30,
  0x30, 0x00, 0x6c, 0xb5, 0x2e, 0x0e, 0x84, 0x20, 0x30, 0x30, 0x2c, 0x30,
  0x30, 0x2c, 0x30, 0x30, 0x2c, 0x30, 0x30, 0x2c, 0x30, 0x30, 0x2c, 0x30,
  0x30, 0x2c, 0x30, 0x30, 0x2c, 0x30, 0x30, 0x00, 0x8a, 0xb5, 0x38, 0x0e,
  0x84, 0x20, 0x30, 0x30, 0x2c, 0x30, 0x30, 0x2c, 0x30, 0x30, 0x2c, 0x30,
  0x30, 0x2c, 0x30, 0x30, 0x2c, 0x30, 0x30, 0x2c, 0x30, 0x30, 0x2c, 0x30,
  0x30, 0x00, 0xa8, 0xb5, 0x42, 0x0e, 0x84, 0x20, 0x30, 0x30, 0x2c, 0x30,
  0x30, 0x2c, 0x30, 0x30, 0x2c, 0x30, 0x30, 0x2c, 0x30, 0x30, 0x2c, 0x30,
  0x30, 0x2c, 0x30, 0x30, 0x2c, 0x30, 0x30, 0x00, 0xc6, 0xb5, 0x4c, 0x0e,
  0x84, 0x20, 0x30, 0x30, 0x2c, 0x30, 0x30, 0x2c, 0x30, 0x30, 0x2c, 0x30,
  0x30, 0x2c, 0x30, 0x30, 0x2c, 0x30, 0x30, 0x2c, 0x30, 0x30, 0x2c, 0x30,
  0x30, 0x00, 0xe4, 0xb5, 0x56, 0x0e, 0x84, 0x20, 0x30, 0x30, 0x2c, 0x30,
  0x30, 0x2c, 0x30, 0x30, 0x2c, 0x30, 0x30, 0x2c, 0x30, 0x30, 0x2c, 0x30,
  0x30, 0x2c, 0x30, 0x30, 0x2c, 0x30, 0x30, 0x00, 0x02, 0xb6, 0x60, 0x0e,
  0x84, 0x20, 0x30, 0x30, 0x2c, 0x30, 0x30, 0x2c, 0x30, 0x30, 0x2c, 0x30,
  0x30, 0x2c, 0x30, 0x30, 0x2c, 0x30, 0x30, 0x2c, 0x30, 0x30, 0x2c, 0x30,
  0x30, 0x00, 0x20, 0xb6, 0x6a, 0x0e, 0x84, 0x20, 0x30, 0x30, 0x2c, 0x30,
  0x30, 0x2c, 0x30, 0x30, 0x2c, 0x30, 0x30, 0x2c, 0x30, 0x30, 0x2c, 0x30,
  0x30, 0x2c, 0x30, 0x30, 0x2c, 0x30, 0x30, 0x00, 0x3e, 0xb6, 0x74, 0x0e,
  0x84, 0x20, 0x30, 0x30, 0x2c, 0x30, 0x30, 0x2c, 0x30, 0x30, 0x2c, 0x30,
  0x30, 0x2c, 0x30, 0x30, 0x2c, 0x30, 0x30, 0x2c, 0x30, 0x30, 0x2c, 0x30,
  0x30, 0x00, 0x5c, 0xb6, 0x7e, 0x0e, 0x84, 0x20, 0x30, 0x30, 0x2c, 0x30,
  0x30, 0x2c, 0x30, 0x30, 0x2c, 0x30, 0x30, 0x2c, 0x30, 0x30, 0x2c, 0x30,
  0x30, 0x2c, 0x30, 0x30, 0x2c, 0x30, 0x30, 0x00, 0x7a, 0xb6, 0x88, 0x0e,
  0x84, 0x20, 0x30, 0x30, 0x2c, 0x30, 0x30, 0x2c, 0x30, 0x30, 0x2c, 0x30,
  0x30, 0x2c, 0x30, 0x30, 0x2c, 0x30, 0x30, 0x2c, 0x30, 0x30, 0x2c, 0x30,
  0x30, 0x00, 0x98, 0xb6, 0x92, 0x0e, 0x84, 0x20, 0x30, 0x30, 0x2c, 0x30,
  0x30, 0x2c, 0x30, 0x30, 0x2c, 0x30, 0x30, 0x2c, 0x30, 0x30, 0x2c, 0x30,
  0x30, 0x2c, 0x30, 0x30, 0x2c, 0x30, 0x30, 0x00, 0xb6, 0xb6, 0x9c, 0x0e,
  0x84, 0x20, 0x30, 0x30, 0x2c, 0x30, 0x30, 0x2c, 0x30, 0x30, 0x2c, 0x30,
  0x30, 0x2c, 0x30, 0x30, 0x2c, 0x30, 0x30, 0x2c, 0x30, 0x30, 0x2c, 0x30,
  0x30, 0x00, 0xd4, 0xb6, 0xa6, 0x0e, 0x84, 0x20, 0x30, 0x30, 0x2c, 0x30,
  0x30, 0x2c, 0x30, 0x30, 0x2c, 0x30, 0x30, 0x2c, 0x30, 0x30, 0x2c, 0x30,
  0x30, 0x2c, 0x30, 0x30, 0x2c, 0x30, 0x30, 0x00, 0xf2, 0xb6, 0xb0, 0x0e,
  0x84, 0x20, 0x30, 0x30, 0x2c, 0x30, 0x30, 0x2c, 0x30, 0x30, 0x2c, 0x30,
  0x30, 0x2c, 0x30, 0x30, 0x2c, 0x30, 0x30, 0x2c, 0x30, 0x30, 0x2c, 0x30,
  0x30, 0x00, 0x10, 0xb7, 0xba, 0x0e, 0x84, 0x20, 0x30, 0x30, 0x2c, 0x30,
  0x30, 0x2c, 0x30, 0x30, 0x2c, 0x30, 0x30, 0x2c, 0x30, 0x30, 0x2c, 0x30,
  0x30, 0x2c, 0x30, 0x30, 0x2c, 0x30, 0x30, 0x00, 0x2e, 0xb7, 0xc4, 0x0e,
  0x84, 0x20, 0x30, 0x30, 0x2c, 0x30, 0x30, 0x2c, 0x30, 0x30, 0x2c, 0x30,
  0x30, 0x2c, 0x30, 0x30, 0x2c, 0x30, 0x30, 0x2c, 0x30, 0x30, 0x2c, 0x30,
  0x30, 0x00, 0x4c, 0xb7, 0xce, 0x0e, 0x84, 0x20, 0x30, 0x30, 0x2c, 0x30,
  0x30, 0x2c, 0x30, 0x30, 0x2c, 0x30, 0x30, 0x2c, 0x30, 0x30, 0x2c, 0x30,
  0x30, 0x2c, 0x30, 0x30, 0x2c, 0x30, 0x30, 0x00, 0x6a, 0xb7, 0xd8, 0x0e,
  0x84, 0x20, 0x30, 0x30, 0x2c, 0x30, 0x30, 0x2c, 0x30, 0x30, 0x2c, 0x30,
  0x30, 0x2c, 0x30, 0x30, 0x2c, 0x30, 0x30, 0x2c, 0x30, 0x30, 0x2c, 0x30,
  0x30, 0x00, 0x88, 0xb7, 0xe2, 0x0e, 0x84, 0x20, 0x30, 0x30, 0x2c, 0x30,
  0x30, 0x2c, 0x30, 0x30, 0x2c, 0x30, 0x30, 0x2c, 0x30, 0x30, 0x2c, 0x30,
  0x30, 0x2c, 0x30, 0x30, 0x2c, 0x30, 0x30, 0x00, 0xa6, 0xb7, 0xec, 0x0e,
  0x84, 0x20, 0x30, 0x30, 0x2c, 0x30, 0x30, 0x2c, 0x30, 0x30, 0x2c, 0x30,
  0x30, 0x2c, 0x30, 0x30, 0x2c, 0x30, 0x30, 0x2c, 0x30, 0x30, 0x2c, 0x30,
  0x30, 0x00, 0xc4, 0xb7, 0xf6, 0x0e, 0x84, 0x20, 0x30, 0x30, 0x2c, 0x30,
  0x30, 0x2c, 0x30, 0x30, 0x2c, 0x30, 0x30, 0x2c, 0x30, 0x30, 0x2c, 0x30,
  0x30, 0x2c, 0x30, 0x30, 0x2c, 0x30, 0x30, 0x00, 0xe2, 0xb7, 0x00, 0x0f,
  0x84, 0x20, 0x30, 0x30, 0x2c, 0x30, 0x30, 0x2c, 0x30, 0x30, 0x2c, 0x30,
  0x30, 0x2c, 0x30, 0x30, 0x2c, 0x30, 0x30, 0x2c, 0x30, 0x30, 0x2c, 0x30,
  0x30, 0x00, 0x00, 0xb8, 0x0a, 0x0f, 0x84, 0x20, 0x30, 0x30, 0x2c, 0x30,
  0x30, 0x2c, 0x30, 0x30, 0x2c, 0x30, 0x30, 0x2c, 0x30, 0x30, 0x2c, 0x30,
  0x30, 0x2c, 0x30, 0x30, 0x2c, 0x30, 0x30, 0x00, 0x1e, 0xb8, 0x14, 0x0f,
  0x84, 0x20, 0x30, 0x30, 0x2c, 0x30, 0x30, 0x2c, 0x30, 0x30, 0x2c, 0x30,
  0x30, 0x2c, 0x30, 0x30, 0x2c, 0x30, 0x30, 0x2c, 0x30, 0x30, 0x2c, 0x30,
  0x30, 0x00, 0x3c, 0xb8, 0x1e, 0x0f, 0x84, 0x20, 0x30, 0x30, 0x2c, 0x30,
  0x30, 0x2c, 0x30, 0x30, 0x2c, 0x30, 0x30, 0x2c, 0x30, 0x30, 0x2c, 0x30,
  0x30, 0x2c, 0x30, 0x30, 0x2c, 0x30, 0x30, 0x00, 0x5a, 0xb8, 0x28, 0x0f,
  0x84, 0x20, 0x30, 0x30, 0x2c, 0x30, 0x30, 0x2c, 0x30, 0x30, 0x2c, 0x30,
  0x30, 0x2c, 0x30, 0x30, 0x2c, 0x30, 0x30, 0x2c, 0x30, 0x30, 0x2c, 0x30,
  0x30, 0x00, 0x78, 0xb8, 0x32, 0x0f, 0x84, 0x20, 0x30, 0x30, 0x2c, 0x30,
  0x30, 0x2c, 0x30, 0x30, 0x2c, 0x30, 0x30, 0x2c, 0x30, 0x30, 0x2c, 0x30,
  0x30, 0x2c, 0x30, 0x30, 0x2c, 0x30, 0x30, 0x00, 0x96, 0xb8, 0x3c, 0x0f,
  0x84, 0x20, 0x30, 0x30, 0x2c, 0x30, 0x30, 0x2c, 0x30, 0x30, 0x2c, 0x30,
  0x30, 0x2c, 0x30, 0x30, 0x2c, 0x30, 0x30, 0x2c, 0x30, 0x30, 0x2c, 0x30,
  0x30, 0x00, 0xb4, 0xb8, 0x46, 0x0f, 0x84, 0x20, 0x30, 0x30, 0x2c, 0x30,
  0x30, 0x2c, 0x30, 0x30, 0x2c, 0x30, 0x30, 0x2c, 0x30, 0x30, 0x2c, 0x30,
  0x30, 0x2c, 0x30, 0x30, 0x2c, 0x30, 0x30, 0x00, 0xd2, 0xb8, 0x50, 0x0f,
  0x84, 0x20, 0x30, 0x30, 0x2c, 0x30, 0x30, 0x2c, 0x30, 0x30, 0x2c, 0x30,
  0x30, 0x2c, 0x30, 0x30, 0x2c, 0x30, 0x30, 0x2c, 0x30, 0x30, 0x2c, 0x30,
  0x30, 0x00, 0xf0, 0xb8, 0x5a, 0x0f, 0x84, 0x20, 0x30, 0x30, 0x2c, 0x30,
  0x30, 0x2c, 0x30, 0x30, 0x2c, 0x30, 0x30, 0x2c, 0x30, 0x30, 0x2c, 0x30,
  0x30, 0x2c, 0x30, 0x30, 0x2c, 0x30, 0x30, 0x00, 0x0e, 0xb9, 0x64, 0x0f,
  0x84, 0x20, 0x30, 0x30, 0x2c, 0x30, 0x30, 0x2c, 0x30, 0x30, 0x2c, 0x30,
  0x30, 0x2c, 0x30, 0x30, 0x2c, 0x30, 0x30, 0x2c, 0x30, 0x30, 0x2c, 0x30,
  0x30, 0x00, 0x2c, 0xb9, 0x6e, 0x0f, 0x84, 0x20, 0x30, 0x30, 0x2c, 0x30,
  0x30, 0x2c, 0x30, 0x30, 0x2c, 0x30, 0x30, 0x2c, 0x30, 0x30, 0x2c, 0x30,
  0x30, 0x2c, 0x30, 0x30, 0x2c, 0x30, 0x30, 0x00, 0x4a, 0xb9, 0x78, 0x0f,
  0x84, 0x20, 0x30, 0x30, 0x2c, 0x30, 0x30, 0x2c, 0x30, 0x30, 0x2c, 0x30,
  0x30, 0x2c, 0x30, 0x30, 0x2c, 0x30, 0x30, 0x2c, 0x30, 0x30, 0x2c, 0x30,
  0x30, 0x00, 0x68, 0xb9, 0x82, 0x0f, 0x84, 0x20, 0x30, 0x30, 0x2c, 0x30,
  0x30, 0x2c, 0x30, 0x30, 0x2c, 0x30, 0x30, 0x2c, 0x30, 0x30, 0x2c, 0x30,
  0x30, 0x2c, 0x30, 0x30, 0x2c, 0x30, 0x30, 0x00, 0x86, 0xb9, 0x8c, 0x0f,
  0x84, 0x20, 0x30, 0x30, 0x2c, 0x30, 0x30, 0x2c, 0x30, 0x30, 0x2c, 0x30,
  0x30, 0x2c, 0x30, 0x30, 0x2c, 0x30, 0x30, 0x2c, 0x30, 0x30, 0x2c, 0x30,
  0x30, 0x00, 0xa4, 0xb9, 0x96, 0x0f, 0x84, 0x20, 0x30, 0x30, 0x2c, 0x30,
  0x30, 0x2c, 0x30, 0x30, 0x2c, 0x30, 0x30, 0x2c, 0x30, 0x30, 0x2c, 0x30,
  0x30, 0x2c, 0x30, 0x30, 0x2c, 0x30, 0x30, 0x00, 0xc2, 0xb9, 0xa0, 0x0f,
  0x84, 0x20, 0x30, 0x30, 0x2c, 0x30, 0x30, 0x2c, 0x30, 0x30, 0x2c, 0x30,
  0x30, 0x2c, 0x30, 0x30, 0x2c, 0x30, 0x30, 0x2c, 0x30, 0x30, 0x2c, 0x30,
  0x30, 0x00, 0xe0, 0xb9, 0xaa, 0x0f, 0x84, 0x20, 0x30, 0x30, 0x2c, 0x30,
  0x30, 0x2c, 0x30, 0x30, 0x2c, 0x30, 0x30, 0x2c, 0x30, 0x30, 0x2c, 0x30,
  0x30, 0x2c, 0x30, 0x30, 0x2c, 0x30, 0x30, 0x00, 0xfe, 0xb9, 0xb4, 0x0f,
  0x84, 0x20, 0x30, 0x30, 0x2c, 0x30, 0x30, 0x2c, 0x30, 0x30, 0x2c, 0x30,
  0x30, 0x2c, 0x30, 0x30, 0x2c, 0x30, 0x30, 0x2c, 0x30, 0x30, 0x2c, 0x30,
  0x30, 0x00, 0x1c, 0xba, 0xbe, 0x0f, 0x84, 0x20, 0x30, 0x30, 0x2c, 0x30,
  0x30, 0x2c, 0x30, 0x30, 0x2c, 0x30, 0x30, 0x2c, 0x30, 0x30, 0x2c, 0x30,
  0x30, 0x2c, 0x30, 0x30, 0x2c, 0x30, 0x30, 0x00, 0x3a, 0xba, 0xc8, 0x0f,
  0x84, 0x20, 0x30, 0x30, 0x2c, 0x30, 0x30, 0x2c, 0x30, 0x30, 0x2c, 0x30,
  0x30, 0x2c, 0x30, 0x30, 0x2c, 0x30, 0x30, 0x2c, 0x30, 0x30, 0x2c, 0x30,
  0x30, 0x00, 0x58, 0xba, 0xd2, 0x0f, 0x84, 0x20, 0x30, 0x30, 0x2c, 0x30,
  0x30, 0x2c, 0x30, 0x30, 0x2c, 0x30, 0x30, 0x2c, 0x30, 0x30, 0x2c, 0x30,
  0x30, 0x2c, 0x30, 0x30, 0x2c, 0x30, 0x30, 0x00, 0x76, 0xba, 0xdc, 0x0f,
  0x84, 0x20, 0x30, 0x30, 0x2c, 0x30, 0x30, 0x2c, 0x30, 0x30, 0x2c, 0x30,
  0x30, 0x2c, 0x30, 0x30, 0x2c, 0x30, 0x30, 0x2c, 0x30, 0x30, 0x2c, 0x30,
  0x30, 0x00, 0x94, 0xba, 0xe6, 0x0f, 0x84, 0x20, 0x30, 0x30, 0x2c, 0x30,
  0x30, 0x2c, 0x30, 0x30, 0x2c, 0x30, 0x30, 0x2c, 0x30, 0x30, 0x2c, 0x30,
  0x30, 0x2c, 0x30, 0x30, 0x2c, 0x30, 0x30, 0x00, 0xb2, 0xba, 0xf0, 0x0f,
  0x84, 0x20, 0x30, 0x30, 0x2c, 0x30, 0x30, 0x2c, 0x30, 0x30, 0x2c, 0x30,
  0x30, 0x2c, 0x30, 0x30, 0x2c, 0x30, 0x30, 0x2c, 0x30, 0x30, 0x2c, 0x30,
  0x30, 0x00, 0xd0, 0xba, 0xfa, 0x0f, 0x84, 0x20, 0x30, 0x30, 0x2c, 0x30,
  0x30, 0x2c, 0x30, 0x30, 0x2c, 0x30, 0x30, 0x2c, 0x30, 0x30, 0x2c, 0x30,
  0x30, 0x2c, 0x30, 0x30, 0x2c, 0x30, 0x30, 0x00, 0xee, 0xba, 0x04, 0x10,
  0x84, 0x20, 0x30, 0x30, 0x2c, 0x30, 0x30, 0x2c, 0x30, 0x30, 0x2c, 0x30,
  0x30, 0x2c, 0x30, 0x30, 0x2c, 0x30, 0x30, 0x2c, 0x30, 0x30, 0x2c, 0x30,
  0x30, 0x00, 0x09, 0xbb, 0x0e, 0x10, 0x84, 0x20, 0x30, 0x30, 0x2c, 0x30,
  0x30, 0x2c, 0x30, 0x30, 0x2c, 0x30, 0x30, 0x2c, 0x30, 0x30, 0x2c, 0x30,
  0x30, 0x2c, 0x30, 0x30, 0x00, 0x8f, 0xbb, 0xf8, 0xd9, 0x20, 0x20, 0x20,
  0x20, 0x20, 0x0f, 0x0a, 0x20, 0x20, 0x20, 0x20, 0x0f, 0x1d, 0x20, 0x20,
  0x20, 0x20, 0x20, 0x20, 0x20, 0x20, 0x20, 0x20, 0x20, 0x20, 0x20, 0x49,
  0x4c, 0x4c, 0x45, 0x47, 0x41, 0x4c, 0x20, 0x46, 0x55, 0x4e, 0x43, 0x54,
  0x49, 0x95, 0x20, 0xca, 0x20, 0x49, 0x4e, 0x20, 0x38, 0x31, 0x30, 0x4f,
  0x4b, 0x20, 0x20, 0x20, 0x20, 0x20, 0x20, 0x20, 0x20, 0x20, 0x20, 0x20,
  0x20, 0x20, 0x20, 0x20, 0x20, 0x20, 0x20, 0x20, 0x20, 0x20, 0x20, 0x20,
  0x20, 0x20, 0x20, 0x20, 0x20, 0x20, 0x20, 0x20, 0x20, 0x20, 0x20, 0x20,
  0x20, 0x20, 0x20, 0x20, 0x20, 0x20, 0x20, 0x20, 0x20, 0x20, 0x20, 0x20,
  0x20, 0x20, 0x20, 0x20, 0x20, 0x20, 0x20, 0x20, 0x20, 0x20, 0x20, 0x20,
  0x20, 0x20, 0x20, 0x20, 0x20, 0x20, 0x20, 0x20, 0x20, 0x20, 0x20, 0x20,
  0x20, 0x20, 0x20, 0x20, 0x20, 0x20, 0x00, 0x00, 0x00, 0xff, 0xff, 0xff,
  0xff, 0xff, 0xff, 0xff, 0xff, 0xff, 0xff, 0xff, 0xff, 0xff, 0xff, 0xff,
  0xff, 0xff, 0xff, 0xff, 0xff, 0xff, 0xff, 0xff, 0xff, 0xff, 0xff, 0xff,
  0xff, 0xff, 0xff, 0xff, 0xff, 0xff, 0xff, 0xff, 0xff, 0xff, 0xff, 0xff,
  0xff, 0xff, 0xff, 0xff, 0xff, 0xff, 0xff, 0xff, 0xff, 0xff, 0xff, 0xff,
  0xff, 0xff, 0xff, 0xff, 0xff, 0xff, 0xff, 0xff, 0xff, 0xff, 0xff, 0xff,
  0xff, 0xff, 0xff, 0xff, 0xff, 0xff, 0xff, 0xff, 0xff, 0xff, 0xff, 0xff,
  0xff, 0xff, 0xff, 0xff, 0xff, 0xff, 0xff, 0xff, 0xff, 0xff, 0xff, 0xff,
  0xff, 0xff, 0xff, 0xff, 0xff, 0xff, 0xff, 0xff, 0xff, 0xff, 0xff, 0xff,
  0xff, 0xff, 0xff, 0xff, 0xff, 0xff, 0xff, 0xff, 0xff, 0xff, 0xff, 0xff,
  0xff, 0xff, 0xff, 0xff, 0xff, 0xff, 0xff, 0xff, 0xff, 0xff, 0xff, 0xff,
  0xff, 0xff, 0xff, 0xff, 0xff, 0xff, 0xff, 0xff, 0xff, 0xff, 0xff, 0xff,
  0xff, 0xff, 0xff, 0xff, 0xff, 0xff, 0xff, 0xff, 0xff, 0xff, 0xff, 0xff,
  0xff, 0xff, 0xff, 0xff, 0xff, 0xff, 0xff, 0xff, 0xff, 0xff, 0xff, 0xff,
  0xff, 0xff, 0xff, 0xff, 0xff, 0xff, 0xff, 0xff, 0xff, 0xff, 0xff, 0xff,
  0xff, 0xff, 0xff, 0xff, 0xff, 0xff, 0xff, 0xff, 0xff, 0xff, 0xff, 0xff,
  0xff, 0xff, 0xff, 0xff, 0xff, 0xff, 0xff, 0xff, 0xff, 0xff, 0xff, 0xff,
  0xff, 0xff, 0xff, 0xff, 0xff, 0xff, 0xff, 0xff, 0xff, 0xff, 0xff, 0xff,
  0xff, 0xff, 0xff, 0xff, 0xff, 0xff, 0xff, 0xff, 0xff, 0xff, 0xff, 0xff,
  0xff, 0xff, 0xff, 0xff, 0xff, 0xff, 0xff, 0xff, 0xff, 0xff, 0xff, 0xff,
  0xff, 0xff, 0xff, 0xff, 0xff, 0xff, 0xff, 0xff, 0xff, 0xff, 0xff, 0xff,
  0xff, 0xff, 0xff, 0xff, 0xff, 0xff, 0xff, 0xff, 0xff, 0xff, 0xff, 0xff,
  0xff, 0xff, 0xff, 0xff, 0xff, 0xff, 0xff, 0xff, 0xff, 0xff, 0xff, 0xff,
  0xff, 0xff, 0xff, 0xff, 0xff, 0xff, 0xff, 0xff, 0xff, 0xff, 0xff, 0xff,
  0xff, 0xff, 0xff, 0xff, 0xff, 0xff, 0xff, 0xff, 0xff, 0xff, 0xff, 0xff,
  0xff, 0xff, 0xff, 0xff, 0xff, 0xff, 0xff, 0xff, 0xff, 0xff, 0xff, 0xff,
  0xff, 0xff, 0xff, 0xff, 0xff, 0xff, 0xff, 0xff, 0xff, 0xff, 0xff, 0xff,
  0xff, 0xff, 0xff, 0xff, 0xff, 0xff, 0xff, 0xff, 0xff, 0xff, 0xff, 0xff,
  0xff, 0xff, 0xff, 0xff, 0xff, 0xff, 0xff, 0xff, 0xff, 0xff, 0xff, 0xff,
  0xff, 0xff, 0xff, 0xff, 0xff, 0xff, 0xff, 0xff, 0xff, 0xff, 0xff, 0xff,
  0xff, 0xff, 0xff, 0xff, 0xff, 0xff, 0xff, 0xff, 0xff, 0xff, 0xff, 0xff,
  0xff, 0xff, 0xff, 0xff, 0xff, 0xff, 0xff, 0xff, 0xff, 0xff, 0xff, 0xff,
  0xff, 0xff, 0xff, 0xff, 0xff, 0xff, 0xff, 0xff, 0xff, 0xff, 0xff, 0xff,
  0xff, 0xff, 0xff, 0xff, 0xff, 0xff, 0xff, 0xff, 0xff, 0xff, 0xff, 0xff,
  0xff, 0xff, 0xff, 0xff, 0xff, 0xff, 0xff, 0xff, 0xff, 0xff, 0xff, 0xff,
  0xff, 0xff, 0xff, 0xff, 0xff, 0xff, 0xff, 0xff, 0xff, 0xff, 0xff, 0xff,
  0xff, 0xff, 0xff, 0xff, 0xff, 0xff, 0xff, 0xff, 0xff, 0xff, 0xff, 0xff,
  0xff, 0xff, 0xff, 0xff, 0xff, 0xff, 0xff, 0xff, 0xff, 0xff, 0xff, 0xff,
  0xff, 0xff, 0xff, 0xff, 0xff, 0xff, 0xff, 0xff, 0xff, 0xff, 0xff, 0xff,
  0xff, 0xff, 0xff, 0xff, 0xff, 0xff, 0xff, 0xff, 0xff, 0xff, 0xff, 0xff,
  0xff, 0xff, 0xff, 0xff, 0xff, 0xff, 0xff, 0xff, 0xff, 0xff, 0xff, 0xff,
  0xff, 0xff, 0xff, 0xff, 0xff, 0xff, 0xff, 0xff, 0xff, 0xff, 0xff, 0xff,
  0xff, 0xff, 0xff, 0xff, 0xff, 0xff, 0xff, 0xff, 0xff, 0xff, 0xff, 0xff,
  0xff, 0xff, 0xff, 0xff, 0xff, 0xff, 0xff, 0xff, 0xff, 0xff, 0xff, 0xff,
  0xff, 0xff, 0xff, 0xff, 0xff, 0xff, 0xff, 0xff, 0xff, 0xff, 0xff, 0xff,
  0xff, 0xff, 0xff, 0xff, 0xff, 0xff, 0xff, 0xff, 0xff, 0xff, 0xff, 0xff,
  0xff, 0xff, 0xff, 0xff, 0xff, 0xff, 0xff, 0xff, 0xff, 0xff, 0xff, 0xff,
  0xff, 0xff, 0xff, 0xff, 0xff, 0xff, 0xff, 0xff, 0xff, 0xff, 0xff, 0xff,
  0xff, 0xff, 0xff, 0xff, 0xff, 0xff, 0xff, 0xff, 0xff, 0xff, 0xff, 0xff,
  0xff, 0xff, 0xff, 0xff, 0xff, 0xff, 0xff, 0xff, 0xff, 0xff, 0xff, 0xff,
  0xff, 0xff, 0xff, 0xff, 0xff, 0xff, 0xff, 0xff, 0xff, 0xff, 0xff, 0xff,
  0xff, 0xff, 0xff, 0xff, 0xff, 0xff, 0xff, 0xff, 0xff, 0xff, 0xff, 0xff,
  0xff, 0xff, 0xff, 0xff, 0xff, 0xff, 0xff, 0xff, 0xff, 0xff, 0xff, 0xff,
  0xff, 0xff, 0xff, 0xff, 0xff, 0xff, 0xff, 0xff, 0xff, 0xff, 0xff, 0xff,
  0xff, 0xff, 0xff, 0xff, 0xff, 0xff, 0xff, 0xff, 0xff, 0xff, 0xff, 0xff,
  0xff, 0xff, 0xff, 0xff, 0xff, 0xff, 0xff, 0xff, 0xff, 0xff, 0xff, 0xff,
  0xff, 0xff, 0xff, 0xff, 0xff, 0xff, 0xff, 0xff, 0xff, 0xff, 0xff, 0xff,
  0xff, 0xff, 0xff, 0xff, 0xff, 0xff, 0xff, 0xff, 0xff, 0xff, 0xff, 0xff,
  0xff, 0xff, 0xff, 0xff, 0xff, 0xff, 0xff, 0xff, 0xff, 0xff, 0xff, 0xff,
  0xff, 0xff, 0xff, 0xff, 0xff, 0xff, 0xff, 0xff, 0xff, 0xff, 0xff, 0xff,
  0xff, 0xff, 0xff, 0xff, 0xff, 0xff, 0xff, 0xff, 0xff, 0xff, 0xff, 0xff,
  0xff, 0xff, 0xff, 0xff, 0xff, 0xff, 0xff, 0xff, 0xff, 0xff, 0xff, 0xff,
  0xff, 0xff, 0xff, 0xff, 0xff, 0xff, 0xff, 0xff, 0xff, 0xff, 0xff, 0xff,
  0xff, 0xff, 0xff, 0xff, 0xff, 0xff, 0xff, 0xff, 0xff, 0xff, 0xff, 0xff,
  0xff, 0xff, 0xff, 0xff, 0xff, 0xff, 0xff, 0xff, 0xff, 0xff, 0xff, 0xff,
  0xff, 0xff, 0xff, 0xff, 0xff, 0xff, 0xff, 0xff, 0xff, 0xff, 0xff, 0xff,
  0xff, 0xff, 0xff, 0xff, 0xff, 0xff, 0xff, 0xff, 0xff, 0xff, 0xff, 0xff,
  0xff, 0xff, 0xff, 0xff, 0xff, 0xff, 0xff, 0xff, 0xff, 0xff, 0xff, 0xff,
  0xff, 0xff, 0xff, 0xff, 0xff, 0xff, 0xff, 0xff, 0xff, 0xff, 0xff, 0xff,
  0xff, 0xff, 0xff, 0xff, 0xff, 0xff, 0xff, 0xff, 0xff, 0xff, 0xff, 0xff,
  0xff, 0xff, 0xff, 0xff, 0xff, 0xff, 0xff, 0xff, 0xff, 0xff, 0xff, 0xff,
  0xff, 0xff, 0xff, 0xff, 0xff, 0xff, 0xff, 0xff, 0xff, 0xff, 0xff, 0xff,
  0xff, 0xff, 0xff, 0xff, 0xff, 0xff, 0xff, 0xff, 0xff, 0xff, 0xff, 0xff,
  0xff, 0xff, 0xff, 0xff, 0xff, 0xff, 0xff, 0xff, 0xff, 0xff, 0xff, 0xff,
  0xff, 0xff, 0xff, 0xff, 0xff, 0xff, 0xff, 0xff, 0xff, 0xff, 0xff, 0xff,
  0xff, 0xff, 0xff, 0xff, 0xff, 0xff, 0xff, 0xff, 0xff, 0xff, 0xff, 0xff,
  0xff, 0xff, 0xff, 0xff, 0xff, 0xff, 0xff, 0xff, 0xff, 0xff, 0xff, 0xff,
  0xff, 0xff, 0xff, 0xff, 0xff, 0xff, 0xff, 0xff, 0xff, 0xff, 0xff, 0xff,
  0xff, 0xff, 0xff, 0xff, 0xff, 0xff, 0xff, 0xff, 0xff, 0xff, 0xff, 0xff,
  0xff, 0xff, 0xff, 0xff, 0xff, 0xff, 0xff, 0xff, 0xff, 0xff, 0xff, 0xff,
  0xff, 0xff, 0xff, 0xff, 0xff, 0xff, 0xff, 0xff, 0xff, 0xff, 0xff, 0xff,
  0xff, 0xff, 0xff, 0xff, 0xff, 0xff, 0xff, 0xff, 0xff, 0xff, 0xff, 0xff,
  0xff, 0xff, 0xff, 0xff, 0xff, 0xff, 0xff, 0xff, 0xff, 0xff, 0xff, 0xff,
  0xff, 0xff, 0xff, 0xff, 0xff, 0xff, 0xff, 0xff, 0xff, 0xff, 0xff, 0xff,
  0xff, 0xff, 0xff, 0xff, 0xff, 0xff, 0xff, 0xff, 0xff, 0xff, 0xff, 0xff,
  0xff, 0xff, 0xff, 0xff, 0xff, 0xff, 0xff, 0xff, 0xff, 0xff, 0xff, 0xff,
  0xff, 0xff, 0xff, 0xff, 0xff, 0xff, 0xff, 0xff, 0xff, 0xff, 0xff, 0xff,
  0xff, 0xff, 0xff, 0xff, 0xff, 0xff, 0xff, 0xff, 0xff, 0xff, 0xff, 0xff,
  0xff, 0xff, 0xff, 0xff, 0xff, 0xff, 0xff, 0xff, 0xff, 0xff, 0xff, 0xff,
  0xff, 0xff, 0xff, 0xff, 0xff, 0xff, 0xff, 0xff, 0xff, 0xff, 0xff, 0xff,
  0xff, 0xff, 0xff, 0xff, 0xff, 0xff, 0xff, 0xff, 0xff, 0xff, 0xff, 0xff,
  0xff, 0xff, 0xff, 0xff, 0xff, 0xff, 0xff, 0xff, 0xff, 0xff, 0xff, 0xff,
  0xff, 0xff, 0xff, 0xff, 0xff, 0xff, 0xff, 0xff, 0xff, 0xff, 0xff, 0xff,
  0xff, 0xff, 0xff, 0xff, 0xff, 0xff, 0xff, 0xff, 0xff, 0xff, 0xff, 0xff,
  0xff, 0xff, 0xff, 0xff, 0xff, 0xff, 0xff, 0xff, 0xff, 0xff, 0xff, 0xff,
  0xff, 0xff, 0xff, 0xff
};
unsigned int BombMan_rom_len = 16384;
