unsigned char BoulderDash_rom[] = {
  0x41, 0x42, 0x10, 0x40, 0x00, 0x00, 0x00, 0x00, 0x00, 0x00, 0x00, 0x00,
  0x00, 0x00, 0x00, 0x00, 0xf3, 0xed, 0x56, 0x31, 0xfd, 0xff, 0x3e, 0xc9,
  0x32, 0x9a, 0xfd, 0x32, 0x9f, 0xfd, 0xcd, 0x38, 0x01, 0xcb, 0x3f, 0xcb,
  0x3f, 0xe6, 0x03, 0x21, 0xc1, 0xfc, 0x4f, 0x06, 0x00, 0x09, 0x7e, 0xe6,
  0x80, 0xb1, 0x21, 0xc5, 0xfc, 0x09, 0x4f, 0x7e, 0xe6, 0x0c, 0xb1, 0x21,
  0x00, 0x81, 0xcd, 0x24, 0x00, 0xcd, 0x41, 0x00, 0x3e, 0x0f, 0x32, 0xe9,
  0xf3, 0x3e, 0x01, 0x32, 0xea, 0xf3, 0x32, 0xeb, 0xf3, 0xcd, 0x62, 0x00,
  0x3e, 0x02, 0xcd, 0x5f, 0x00, 0x0e, 0x01, 0x06, 0xe3, 0xcd, 0x47, 0x00,
  0x0e, 0x07, 0x06, 0x11, 0xcd, 0x47, 0x00, 0x21, 0x00, 0x28, 0x01, 0xd0,
  0x02, 0x3e, 0xf0, 0xcd, 0x56, 0x00, 0x21, 0x00, 0x30, 0x01, 0xd0, 0x02,
  0x3e, 0xf0, 0xcd, 0x56, 0x00, 0x2a, 0x04, 0x00, 0x11, 0x00, 0x08, 0x01,
  0xd0, 0x02, 0xcd, 0x5c, 0x00, 0x2a, 0x04, 0x00, 0x11, 0x00, 0x10, 0x01,
  0xd0, 0x02, 0xcd, 0x5c, 0x00, 0xcd, 0x21, 0x41, 0xcd, 0x44, 0x00, 0xcd,
  0xba, 0x41, 0xcd, 0xba, 0x41, 0xcd, 0xba, 0x41, 0xcd, 0xba, 0x41, 0xcd,
  0x41, 0x00, 0x3e, 0x02, 0xcd, 0x5f, 0x00, 0x21, 0x00, 0x20, 0x01, 0xd0,
  0x02, 0x3e, 0xf0, 0xcd, 0x56, 0x00, 0x21, 0x00, 0x28, 0x01, 0xd0, 0x02,
  0x3e, 0xf0, 0xcd, 0x56, 0x00, 0x21, 0x00, 0x30, 0x01, 0xd0, 0x02, 0x3e,
  0xf0, 0xcd, 0x56, 0x00, 0x2a, 0x04, 0x00, 0x11, 0x00, 0x00, 0x01, 0xd0,
  0x02, 0xcd, 0x5c, 0x00, 0x2a, 0x04, 0x00, 0x11, 0x00, 0x08, 0x01, 0xd0,
  0x02, 0xcd, 0x5c, 0x00, 0x2a, 0x04, 0x00, 0x11, 0x00, 0x10, 0x01, 0xd0,
  0x02, 0xcd, 0x5c, 0x00, 0x01, 0xc0, 0x02, 0x21, 0x69, 0x63, 0x11, 0x00,
  0x18, 0xcd, 0x5c, 0x00, 0xcd, 0x44, 0x00, 0xcd, 0xba, 0x41, 0xcd, 0xba,
  0x41, 0xcd, 0xba, 0x41, 0xcd, 0xba, 0x41, 0xcd, 0xba, 0x41, 0xcd, 0xba,
  0x41, 0xcd, 0xba, 0x41, 0xcd, 0xba, 0x41, 0xcd, 0xba, 0x41, 0xc3, 0xcc,
  0x41, 0xfd, 0x21, 0xea, 0x58, 0xdd, 0x21, 0x50, 0x00, 0x06, 0x07, 0xcd,
  0x83, 0x41, 0x01, 0x60, 0x01, 0x21, 0xea, 0x61, 0x11, 0x01, 0x19, 0xcd,
  0x5c, 0x00, 0x01, 0x08, 0x00, 0x21, 0x51, 0x63, 0x11, 0xe0, 0x0a, 0xcd,
  0x5c, 0x00, 0x01, 0x08, 0x00, 0x21, 0x51, 0x63, 0x11, 0xe0, 0x12, 0xcd,
  0x5c, 0x00, 0x01, 0x08, 0x00, 0x21, 0x59, 0x63, 0x11, 0xe0, 0x2a, 0xcd,
  0x5c, 0x00, 0x01, 0x08, 0x00, 0x21, 0x59, 0x63, 0x11, 0xe0, 0x32, 0xcd,
  0x5c, 0x00, 0x01, 0x08, 0x00, 0x21, 0x61, 0x63, 0x11, 0x00, 0x28, 0xcd,
  0x5c, 0x00, 0x01, 0x08, 0x00, 0x21, 0x61, 0x63, 0x11, 0x00, 0x30, 0xcd,
  0x5c, 0x00, 0xc9, 0xc5, 0xdd, 0xe5, 0xdd, 0xe5, 0xd1, 0xfd, 0xe5, 0xfd,
  0xe5, 0xe1, 0xe5, 0xd5, 0xcd, 0xb3, 0x41, 0xe1, 0x01, 0x00, 0x20, 0x09,
  0xd1, 0xeb, 0x01, 0x10, 0x03, 0x09, 0xcd, 0xb3, 0x41, 0xfd, 0xe1, 0xdd,
  0xe1, 0x01, 0x70, 0x00, 0xfd, 0x09, 0x01, 0x00, 0x01, 0xdd, 0x09, 0xc1,
  0x10, 0xd1, 0xc9, 0x01, 0x70, 0x00, 0xcd, 0x5c, 0x00, 0xc9, 0xc5, 0x01,
  0x00, 0x00, 0xcd, 0xcb, 0x41, 0x05, 0x20, 0xfa, 0xcd, 0xcb, 0x41, 0x0d,
  0x20, 0xf4, 0xc1, 0xc9, 0x21, 0x29, 0x66, 0x11, 0x0f, 0xd8, 0x01, 0x70,
  0x1b, 0xed, 0xb0, 0xc3, 0xb3, 0x47, 0x3e, 0x02, 0xcd, 0x11, 0x57, 0x0e,
  0x01, 0x06, 0xe3, 0xcd, 0x28, 0x57, 0x0e, 0x07, 0x06, 0x11, 0xcd, 0x28,
  0x57, 0x21, 0x00, 0x18, 0x01, 0x00, 0x03, 0x3e, 0x50, 0xcd, 0x07, 0x57,
  0x21, 0x00, 0x20, 0x01, 0x00, 0x18, 0x3e, 0xf1, 0xcd, 0x07, 0x57, 0x21,
  0x00, 0xe7, 0x11, 0x00, 0x00, 0x01, 0x00, 0x06, 0xcd, 0x1e, 0x57, 0x21,
  0x00, 0xe7, 0x11, 0x00, 0x08, 0x01, 0x00, 0x06, 0xcd, 0x1e, 0x57, 0x21,
  0x00, 0xe7, 0x11, 0x00, 0x10, 0x01, 0x00, 0x06, 0xcd, 0x1e, 0x57, 0x21,
  0x00, 0xed, 0x11, 0x00, 0x20, 0x01, 0x00, 0x06, 0xcd, 0x1e, 0x57, 0x21,
  0x00, 0xed, 0x11, 0x00, 0x28, 0x01, 0x00, 0x06, 0xcd, 0x1e, 0x57, 0x21,
  0x00, 0xed, 0x11, 0x00, 0x30, 0x01, 0x00, 0x06, 0xcd, 0x1e, 0x57, 0xc9,
  0x2a, 0x33, 0xd8, 0x3a, 0x32, 0xd8, 0xa7, 0x28, 0x08, 0x47, 0xed, 0x5b,
  0x7a, 0xd9, 0x19, 0x10, 0xfd, 0x16, 0x00, 0x3a, 0x31, 0xd8, 0x5f, 0x19,
  0xc9, 0xcd, 0x4c, 0x42, 0xdd, 0x21, 0x00, 0xf8, 0x0e, 0x0b, 0x06, 0x10,
  0x3a, 0x3d, 0xd8, 0xb7, 0x28, 0x0c, 0x57, 0x3e, 0x30, 0x91, 0x90, 0xba,
  0x30, 0x04, 0x3e, 0x0d, 0x18, 0x03, 0x7e, 0xe6, 0x0f, 0x5f, 0xcb, 0x27,
  0xcb, 0x27, 0xcb, 0x27, 0xcb, 0x27, 0xf5, 0xc5, 0x4b, 0x06, 0x00, 0xfd,
  0x21, 0x40, 0xf3, 0xfd, 0x09, 0xc1, 0xf1, 0xfd, 0x86, 0x00, 0x5f, 0x16,
  0xe6, 0x1a, 0xdd, 0xe5, 0xfd, 0xe1, 0xfd, 0x77, 0x00, 0x13, 0x1a, 0xfd,
  0x77, 0x01, 0xc5, 0x01, 0x20, 0x00, 0xfd, 0x09, 0xc1, 0x13, 0x1a, 0xfd,
  0x77, 0x00, 0x13, 0x1a, 0xfd, 0x77, 0x01, 0x23, 0xdd, 0x23, 0xdd, 0x23,
  0x05, 0x20, 0xa9, 0xc5, 0x3a, 0x30, 0xd8, 0x4f, 0x06, 0x00, 0x09, 0x01,
  0xf0, 0xff, 0x09, 0x01, 0x20, 0x00, 0xdd, 0x09, 0xc1, 0x0d, 0x20, 0x92,
  0x21, 0x00, 0xf8, 0x11, 0x40, 0x18, 0x01, 0xc0, 0x02, 0xcd, 0x1e, 0x57,
  0xc9, 0xe5, 0xed, 0x5b, 0x7a, 0xd9, 0x19, 0x7e, 0xe6, 0x0f, 0x28, 0x05,
  0xe1, 0xcd, 0x03, 0x43, 0xc9, 0xe5, 0xc1, 0xe1, 0x7e, 0xf6, 0xf0, 0x36,
  0x00, 0x02, 0xc9, 0xed, 0x5b, 0x7a, 0xd9, 0xfe, 0x04, 0x38, 0x3c, 0xfe,
  0x08, 0x28, 0x38, 0xe5, 0xdd, 0xe1, 0xdd, 0x7e, 0xff, 0xb7, 0x20, 0x13,
  0xdd, 0x19, 0xdd, 0x7e, 0xff, 0xb7, 0x20, 0x0b, 0x7e, 0xf5, 0x36, 0x00,
  0xf1, 0xf6, 0xd0, 0x2b, 0x77, 0x2b, 0xc9, 0xe5, 0xdd, 0xe1, 0xdd, 0x7e,
  0x01, 0xb7, 0x20, 0x13, 0xdd, 0x19, 0xdd, 0x7e, 0x01, 0xb7, 0x20, 0x0b,
  0x7e, 0xf5, 0x3e, 0x00, 0x77, 0xf1, 0xf6, 0xf0, 0x23, 0x77, 0x23, 0xc9,
  0xd5, 0xe5, 0xc5, 0x3a, 0xb7, 0xd9, 0x3c, 0x47, 0x78, 0x3d, 0xcd, 0xd5,
  0x00, 0xb7, 0x0e, 0x01, 0x28, 0x12, 0xfe, 0x07, 0x30, 0x0b, 0x0c, 0xfe,
  0x05, 0x30, 0x06, 0x0c, 0xfe, 0x03, 0x30, 0x01, 0x0c, 0x79, 0x18, 0x04,
  0x10, 0xe2, 0x3e, 0x00, 0xc1, 0xe1, 0xd1, 0xc9, 0xd5, 0xe5, 0xc5, 0x3a,
  0xb7, 0xd9, 0x87, 0xc6, 0x01, 0x47, 0x0e, 0x00, 0xc5, 0x79, 0xcd, 0xd8,
  0x00, 0xb7, 0x20, 0x0a, 0xc1, 0x0c, 0x10, 0xf4, 0x3e, 0x00, 0xc1, 0xe1,
  0xd1, 0xc9, 0xc1, 0x3e, 0x01, 0x18, 0xf7, 0x3a, 0x3d, 0xd8, 0xb7, 0xc2,
  0xd5, 0x44, 0x2a, 0x35, 0xd8, 0xe5, 0x3a, 0x37, 0xd8, 0x47, 0x3a, 0x38,
  0xd8, 0x4f, 0xc5, 0xcd, 0x16, 0x53, 0x1e, 0x02, 0xb7, 0xca, 0x6e, 0x44,
  0xfe, 0x01, 0x20, 0x0e, 0x05, 0x11, 0xff, 0xff, 0x3e, 0x02, 0x32, 0x3e,
  0xd8, 0x32, 0x3f, 0xd8, 0x18, 0x22, 0xfe, 0x04, 0x20, 0x07, 0x0d, 0xed,
  0x5b, 0x7c, 0xd9, 0x18, 0x17, 0xfe, 0x03, 0x20, 0x0e, 0x04, 0x11, 0x01,
  0x00, 0x3e, 0x03, 0x32, 0x3e, 0xd8, 0x32, 0x3f, 0xd8, 0x18, 0x05, 0x0c,
  0xed, 0x5b, 0x7a, 0xd9, 0xcd, 0x74, 0x43, 0xb7, 0x28, 0x24, 0x19, 0x7e,
  0xe6, 0x0f, 0xfe, 0x08, 0x28, 0x12, 0xfe, 0x04, 0x28, 0x3c, 0xfe, 0x0b,
  0x20, 0x77, 0xcd, 0xb1, 0x4e, 0x3e, 0x07, 0xcd, 0xef, 0x52, 0x18, 0x05,
  0x3e, 0x01, 0xcd, 0xef, 0x52, 0x3e, 0x00, 0x77, 0x18, 0x63, 0x3e, 0x00,
  0x77, 0x19, 0x22, 0x35, 0xd8, 0x3e, 0x01, 0x32, 0xc4, 0xd8, 0x7e, 0xe6,
  0x0f, 0xfe, 0x00, 0xca, 0xb8, 0x44, 0xfe, 0x08, 0x28, 0x60, 0xfe, 0x0c,
  0x28, 0x68, 0xfe, 0x0b, 0x28, 0x7c, 0xfe, 0x04, 0x20, 0x3f, 0x3a, 0xb1,
  0xd9, 0xfe, 0x04, 0x28, 0x06, 0x3c, 0x32, 0xb1, 0xd9, 0x18, 0x32, 0x7b,
  0xfe, 0x01, 0x28, 0x04, 0xfe, 0xff, 0x20, 0x29, 0x3e, 0x00, 0x32, 0xb1,
  0xd9, 0xe5, 0x19, 0x7e, 0xb7, 0x20, 0x14, 0x3e, 0x84, 0x77, 0x3e, 0x04,
  0xcd, 0xe2, 0x52, 0xe1, 0xcd, 0x74, 0x43, 0xb7, 0x28, 0x57, 0x3e, 0x00,
  0x77, 0x18, 0x0a, 0xe1, 0x18, 0x07, 0x3e, 0x01, 0x32, 0x3e, 0xd8, 0x18,
  0x06, 0x3a, 0x3f, 0xd8, 0x32, 0x3e, 0xd8, 0xc1, 0x79, 0x32, 0x38, 0xd8,
  0x78, 0x32, 0x37, 0xd8, 0xe1, 0x22, 0x35, 0xd8, 0x18, 0x43, 0x3e, 0x01,
  0xcd, 0xef, 0x52, 0x3e, 0x19, 0x32, 0xc4, 0xd8, 0x18, 0x27, 0x3a, 0xb0,
  0xd9, 0xb7, 0x28, 0xd9, 0x3a, 0x3f, 0xd8, 0x77, 0xe5, 0xd5, 0xc5, 0xcd,
  0x65, 0x42, 0xc1, 0xd1, 0xe1, 0xcd, 0x17, 0x4f, 0x18, 0x0f, 0x3e, 0x07,
  0xcd, 0xef, 0x52, 0xcd, 0xb1, 0x4e, 0x18, 0x05, 0x3e, 0x01, 0xcd, 0xef,
  0x52, 0x3a, 0x3f, 0xd8, 0x32, 0x3e, 0xd8, 0x78, 0x32, 0x37, 0xd8, 0x79,
  0x32, 0x38, 0xd8, 0xc1, 0xc1, 0x3a, 0x3e, 0xd8, 0x77, 0xcd, 0xd5, 0x44,
  0xc9, 0x3a, 0x3d, 0xd8, 0xe6, 0xe0, 0xc0, 0x3a, 0x31, 0xd8, 0x47, 0x3a,
  0x37, 0xd8, 0x4f, 0x78, 0x79, 0x90, 0xd6, 0x05, 0xf2, 0xee, 0x44, 0x05,
  0x18, 0x14, 0x3a, 0x30, 0xd8, 0xd6, 0x10, 0x57, 0x78, 0xba, 0x30, 0x0a,
  0x78, 0xc6, 0x10, 0x91, 0xd6, 0x05, 0xf2, 0x02, 0x45, 0x04, 0x3a, 0x32,
  0xd8, 0x57, 0x3a, 0x38, 0xd8, 0x5f, 0x7a, 0xfe, 0x00, 0x38, 0x0a, 0x7b,
  0x92, 0xd6, 0x05, 0xf2, 0x19, 0x45, 0x15, 0x18, 0x0f, 0x7a, 0xfe, 0x0b,
  0x30, 0x0a, 0x7a, 0xc6, 0x0b, 0x93, 0xd6, 0x05, 0xf2, 0x28, 0x45, 0x14,
  0x78, 0xfe, 0xff, 0x20, 0x01, 0x04, 0x7a, 0xfe, 0xff, 0x20, 0x01, 0x14,
  0x78, 0x32, 0x31, 0xd8, 0x7a, 0x32, 0x32, 0xd8, 0xc9, 0xe5, 0xdd, 0xe1,
  0xed, 0x5b, 0x7a, 0xd9, 0xdd, 0x19, 0xdd, 0x7e, 0x00, 0xe6, 0x0f, 0x28,
  0x76, 0xfe, 0x04, 0x38, 0x72, 0xfe, 0x0a, 0x20, 0x0b, 0x3e, 0x0f, 0xe5,
  0xdd, 0xe5, 0xe1, 0xcd, 0x0e, 0x4c, 0xe1, 0xc9, 0xfe, 0x09, 0x20, 0x0b,
  0x3e, 0x0b, 0xe5, 0xdd, 0xe5, 0xe1, 0xcd, 0x0e, 0x4c, 0xe1, 0xc9, 0xfe,
  0x07, 0x20, 0x1f, 0xdd, 0x19, 0x3e, 0x00, 0x77, 0xdd, 0x7e, 0x00, 0xb7,
  0x20, 0x13, 0x78, 0xfe, 0x04, 0x28, 0x04, 0x3e, 0x04, 0x18, 0x02, 0x3e,
  0x0b, 0xdd, 0x77, 0x00, 0x3e, 0x05, 0xcd, 0xef, 0x52, 0xc9, 0xfe, 0x06,
  0x20, 0x1d, 0x3a, 0xb2, 0xd9, 0xfe, 0xff, 0x20, 0x2c, 0x3e, 0x01, 0x32,
  0xb2, 0xd9, 0x3e, 0x03, 0xcd, 0xef, 0x52, 0xd5, 0xed, 0x5b, 0xb5, 0xd9,
  0xed, 0x53, 0xb3, 0xd9, 0xd1, 0x18, 0xc0, 0x7e, 0xe6, 0x0f, 0x77, 0xcd,
  0xe2, 0x52, 0xdd, 0x7e, 0x00, 0xcd, 0x03, 0x43, 0x00, 0x00, 0xc9, 0x7e,
  0xf6, 0x80, 0xdd, 0x77, 0x00, 0x3e, 0x00, 0x77, 0xc9, 0x3a, 0xc9, 0xd9,
  0xb7, 0x28, 0x09, 0x3d, 0x32, 0xc9, 0xd9, 0x20, 0x03, 0xcd, 0xb0, 0x4a,
  0x3a, 0x3d, 0xd8, 0xb7, 0x28, 0x6e, 0xfe, 0x01, 0x20, 0x1a, 0x3e, 0x09,
  0xcd, 0xef, 0x52, 0x2a, 0x35, 0xd8, 0x3e, 0x0f, 0x77, 0xcd, 0x1b, 0x4d,
  0x3e, 0x01, 0x77, 0x3d, 0x32, 0x3d, 0xd8, 0xcd, 0xfc, 0x4d, 0x18, 0x50,
  0x3d, 0x32, 0x3d, 0xd8, 0xf5, 0xcd, 0xe0, 0x54, 0xf1, 0xfe, 0x18, 0x38,
  0x0d, 0xcd, 0x1a, 0x52, 0xe6, 0x3f, 0xc6, 0x19, 0x5f, 0x3e, 0x00, 0xcd,
  0x93, 0x00, 0x3a, 0x3d, 0xd8, 0xfe, 0x18, 0x20, 0x0c, 0xcd, 0x7c, 0x4f,
  0xdd, 0x21, 0x00, 0xf3, 0x3e, 0x00, 0xdd, 0x77, 0x4d, 0x3a, 0x3d, 0xd8,
  0x3c, 0xe6, 0x02, 0x3e, 0x08, 0x28, 0x02, 0x3e, 0x0d, 0x2a, 0x35, 0xd8,
  0x77, 0x3a, 0x3d, 0xd8, 0xfe, 0x17, 0x38, 0x0c, 0xfe, 0x1e, 0xd0, 0x11,
  0x00, 0x1a, 0x1b, 0x7b, 0xb2, 0x20, 0xfb, 0xc9, 0x2a, 0x33, 0xd8, 0x11,
  0xbe, 0x00, 0xed, 0x53, 0x7e, 0xd9, 0x3e, 0x01, 0x32, 0x82, 0xd9, 0x3e,
  0x00, 0x32, 0x81, 0xd9, 0x7e, 0xe6, 0x0f, 0x47, 0x28, 0x29, 0xfe, 0x08,
  0x28, 0x25, 0xfe, 0x04, 0x28, 0x47, 0xfe, 0x0b, 0x28, 0x43, 0xfe, 0x0e,
  0x28, 0x63, 0xfe, 0x07, 0xca, 0xae, 0x4f, 0xfe, 0x09, 0x28, 0x5f, 0xfe,
  0x0a, 0x28, 0x45, 0xfe, 0x06, 0xca, 0xba, 0x4f, 0xfe, 0x0f, 0x20, 0x03,
  0x3e, 0x00, 0x77, 0x23, 0xed, 0x5b, 0x3a, 0xd8, 0x7d, 0xbb, 0x20, 0xc8,
  0x7c, 0xba, 0x20, 0xc4, 0xcd, 0xc6, 0x4a, 0xcd, 0x89, 0x4b, 0xcd, 0xb3,
  0x4b, 0xcd, 0x32, 0x57, 0xcd, 0x4d, 0x4d, 0xcd, 0xc6, 0x4f, 0xcd, 0x5b,
  0x52, 0xcd, 0x22, 0x56, 0xc9, 0xcb, 0x7e, 0x20, 0xd6, 0x7e, 0xe6, 0x10,
  0x28, 0x05, 0xcd, 0x3d, 0x45, 0x18, 0xcc, 0xcd, 0xe9, 0x42, 0x18, 0xc7,
  0xfd, 0x21, 0x39, 0xd8, 0x3e, 0xff, 0xfd, 0x77, 0x00, 0xcd, 0x25, 0x4b,
  0xcd, 0xca, 0x4c, 0x18, 0xb6, 0xcd, 0x2e, 0x4c, 0x18, 0xb1, 0xfd, 0x21,
  0x39, 0xd8, 0x3e, 0x01, 0xfd, 0x77, 0x00, 0xcd, 0x25, 0x4b, 0xcd, 0xca,
  0x4c, 0x18, 0xa0, 0xd5, 0xc5, 0x06, 0x0e, 0x0e, 0x00, 0x7e, 0x5f, 0x79,
  0xcd, 0x93, 0x00, 0x23, 0x0c, 0x10, 0xf6, 0xc1, 0xd1, 0xc9, 0xe5, 0x21,
  0x40, 0xd8, 0xcd, 0xf3, 0x46, 0xe1, 0xc9, 0xe5, 0x21, 0x4e, 0xd8, 0xcd,
  0xf3, 0x46, 0xe1, 0xc9, 0xfe, 0x04, 0x20, 0x09, 0xe5, 0x21, 0x94, 0xd8,
  0xcd, 0xf3, 0x46, 0xe1, 0xc9, 0xe5, 0x21, 0xa2, 0xd8, 0xcd, 0xf3, 0x46,
  0xe1, 0x3a, 0xa2, 0xd8, 0x3c, 0xe6, 0x1f, 0xf6, 0x10, 0x32, 0xa2, 0xd8,
  0xc9, 0xe5, 0x21, 0x5c, 0xd8, 0xcd, 0xf3, 0x46, 0xe1, 0xc9, 0xe5, 0x21,
  0xbe, 0xd8, 0xcd, 0xf3, 0x46, 0xe1, 0xc9, 0xe5, 0x21, 0xb0, 0xd8, 0xcd,
  0xf3, 0x46, 0xe1, 0xc9, 0xe5, 0x21, 0xdf, 0xd9, 0xcd, 0xf3, 0x46, 0xe1,
  0xc9, 0xf3, 0x21, 0xf2, 0x55, 0x22, 0x9b, 0xfd, 0x3e, 0x00, 0x32, 0x8b,
  0xd9, 0xcd, 0xe4, 0x55, 0x21, 0x42, 0xdb, 0x11, 0x53, 0xdb, 0x06, 0x11,
  0x7e, 0x12, 0x23, 0x13, 0x10, 0xfa, 0x21, 0xb8, 0xd9, 0xcd, 0x42, 0x49,
  0x21, 0xbb, 0xd9, 0xcd, 0x42, 0x49, 0x21, 0x00, 0xf4, 0x3e, 0x28, 0x32,
  0x30, 0xd8, 0x22, 0x33, 0xd8, 0x21, 0x6f, 0xf7, 0x22, 0x3a, 0xd8, 0x3a,
  0x30, 0xd8, 0x5f, 0x3e, 0x00, 0x93, 0x5f, 0x3e, 0x00, 0xde, 0x00, 0x57,
  0xed, 0x53, 0x7c, 0xd9, 0x3a, 0x30, 0xd8, 0x5f, 0x16, 0x00, 0xed, 0x53,
  0x7a, 0xd9, 0xc9, 0x21, 0x5c, 0x47, 0x3e, 0xc3, 0x32, 0x9a, 0xfd, 0x22,
  0x9b, 0xfd, 0xcd, 0xda, 0x41, 0xcd, 0x5d, 0x47, 0x3e, 0x01, 0x32, 0xc8,
  0xd9, 0x3e, 0x01, 0x32, 0x86, 0xd9, 0x32, 0x87, 0xd9, 0x3e, 0x00, 0x32,
  0xc5, 0xd9, 0x3e, 0x03, 0x32, 0xc4, 0xd9, 0x3a, 0x88, 0xd9, 0x3e, 0x01,
  0x32, 0xca, 0xd9, 0x3e, 0x00, 0x32, 0x2e, 0xda, 0xcd, 0xe4, 0x55, 0xcd,
  0x63, 0x55, 0xcd, 0xad, 0x53, 0x3e, 0x05, 0x32, 0xc6, 0xd9, 0x32, 0xc7,
  0xd9, 0x21, 0xbe, 0xd9, 0xcd, 0x42, 0x49, 0x21, 0xc1, 0xd9, 0xcd, 0x42,
  0x49, 0x3a, 0x86, 0xd9, 0x32, 0xcb, 0xd9, 0x32, 0xcc, 0xd9, 0x3a, 0x87,
  0xd9, 0x32, 0xcd, 0xd9, 0x32, 0xce, 0xd9, 0x3a, 0x88, 0xd9, 0xfe, 0x02,
  0x20, 0x06, 0x3a, 0xc4, 0xd9, 0x32, 0xc5, 0xd9, 0xcd, 0x50, 0x49, 0x3a,
  0x86, 0xd9, 0xfe, 0x11, 0x30, 0x0e, 0x5f, 0x16, 0x00, 0x21, 0x53, 0xdb,
  0x19, 0x3a, 0x87, 0xd9, 0xbe, 0x38, 0x01, 0x77, 0x3e, 0x00, 0x32, 0x3c,
  0xd8, 0x21, 0xb0, 0xe5, 0x22, 0x2c, 0xda, 0x3e, 0x00, 0x32, 0x89, 0xd9,
  0x3e, 0x00, 0x32, 0xb0, 0xd9, 0x06, 0x10, 0x21, 0xc0, 0xe6, 0x36, 0x30,
  0x23, 0x10, 0xfb, 0x3e, 0xff, 0x32, 0xb2, 0xd9, 0x3e, 0x04, 0x32, 0x4d,
  0xf3, 0x3e, 0x03, 0x32, 0x31, 0xd8, 0x3e, 0x03, 0x32, 0x32, 0xd8, 0x3e,
  0x40, 0x32, 0x3d, 0xd8, 0x3e, 0x01, 0x32, 0x6e, 0xda, 0xcd, 0x39, 0x47,
  0xcd, 0x53, 0x53, 0xcd, 0xb0, 0x4a, 0xcd, 0x74, 0x51, 0xcd, 0xdc, 0x55,
  0xcd, 0x5f, 0x57, 0x3e, 0x00, 0x32, 0x28, 0xda, 0xcd, 0x97, 0x43, 0x3a,
  0x3c, 0xd8, 0xb7, 0x20, 0x14, 0xcd, 0x65, 0x42, 0x3a, 0x3d, 0xd8, 0xfe,
  0x40, 0xcc, 0x03, 0x42, 0xcd, 0xcd, 0x45, 0x3a, 0x3c, 0xd8, 0xb7, 0x28,
  0xde, 0xcd, 0xe4, 0x55, 0x47, 0x3a, 0x2e, 0xda, 0xb7, 0xc2, 0x4a, 0x49,
  0x78, 0xfe, 0x02, 0x28, 0x4a, 0x3a, 0x86, 0xd9, 0xfe, 0x11, 0x38, 0x05,
  0xcd, 0xf5, 0x49, 0x18, 0x73, 0x3a, 0x8f, 0xd9, 0x3d, 0x32, 0x8f, 0xd9,
  0x21, 0x00, 0x01, 0xcd, 0x74, 0x43, 0xb7, 0x20, 0x12, 0xe5, 0x3e, 0x00,
  0x32, 0x28, 0xda, 0xcd, 0xcd, 0x45, 0xcd, 0x65, 0x42, 0xe1, 0x2b, 0x7d,
  0xb4, 0x20, 0xe8, 0xcd, 0x98, 0x49, 0x3a, 0xc4, 0xd9, 0x47, 0x3a, 0xc5,
  0xd9, 0xb0, 0x28, 0x52, 0xcd, 0xe3, 0x49, 0xcd, 0x50, 0x49, 0x3a, 0x8f,
  0xd9, 0xb7, 0xc2, 0x24, 0x48, 0x18, 0xf1, 0x3a, 0x86, 0xd9, 0xfe, 0x11,
  0x38, 0x18, 0xcd, 0xf5, 0x49, 0x3a, 0x8f, 0xd9, 0xfe, 0x09, 0x28, 0x24,
  0x3c, 0x32, 0x8f, 0xd9, 0x3e, 0x04, 0x32, 0xc9, 0xd9, 0xcd, 0x9d, 0x4a,
  0x18, 0x16, 0x47, 0xe6, 0x03, 0x20, 0x0c, 0x78, 0xcb, 0x3f, 0xcb, 0x3f,
  0xc6, 0x10, 0x32, 0x86, 0xd9, 0x18, 0x05, 0x78, 0x3c, 0x32, 0x86, 0xd9,
  0xcd, 0x98, 0x49, 0xc3, 0x24, 0x48, 0x06, 0x03, 0x36, 0x00, 0x23, 0x10,
  0xfb, 0xc9, 0xc3, 0xc9, 0x47, 0xc3, 0x30, 0x9f, 0x3a, 0xca, 0xd9, 0xfe,
  0x01, 0x21, 0xbe, 0xd9, 0x28, 0x14, 0x21, 0xc1, 0xd9, 0x3a, 0xcc, 0xd9,
  0x47, 0x3a, 0xc5, 0xd9, 0x57, 0x3a, 0xc7, 0xd9, 0x5f, 0x3a, 0xce, 0xd9,
  0x18, 0x0f, 0x3a, 0xcb, 0xd9, 0x47, 0x3a, 0xc4, 0xd9, 0x57, 0x3a, 0xc6,
  0xd9, 0x5f, 0x3a, 0xcd, 0xd9, 0x32, 0x87, 0xd9, 0x78, 0x32, 0x86, 0xd9,
  0x7a, 0x32, 0x8f, 0xd9, 0x7b, 0x32, 0xc8, 0xd9, 0x06, 0x03, 0x11, 0x83,
  0xd9, 0x7e, 0x12, 0x23, 0x13, 0x10, 0xfa, 0xc9, 0x3a, 0x86, 0xd9, 0x47,
  0x3a, 0x87, 0xd9, 0x4f, 0x3a, 0x8f, 0xd9, 0x57, 0x3a, 0xc8, 0xd9, 0x5f,
  0x21, 0xbe, 0xd9, 0x3a, 0xca, 0xd9, 0xfe, 0x01, 0x28, 0x15, 0x21, 0xc1,
  0xd9, 0x78, 0x32, 0xcc, 0xd9, 0x79, 0x32, 0xce, 0xd9, 0x7a, 0x32, 0xc5,
  0xd9, 0x7b, 0x32, 0xc7, 0xd9, 0x18, 0x10, 0x78, 0x32, 0xcb, 0xd9, 0x79,
  0x32, 0xcd, 0xd9, 0x7a, 0x32, 0xc4, 0xd9, 0x7b, 0x32, 0xc6, 0xd9, 0x06,
  0x03, 0x11, 0x83, 0xd9, 0x1a, 0x77, 0x23, 0x13, 0x10, 0xfa, 0xc9, 0x3a,
  0xca, 0xd9, 0x47, 0x3a, 0x88, 0xd9, 0xb8, 0x3e, 0x01, 0x28, 0x02, 0x04,
  0x78, 0x32, 0xca, 0xd9, 0xc9, 0xd6, 0x10, 0xcb, 0x27, 0xcb, 0x27, 0x3c,
  0x32, 0x86, 0xd9, 0xfe, 0x11, 0xc0, 0x3e, 0x01, 0x32, 0x86, 0xd9, 0x3a,
  0x87, 0xd9, 0x3c, 0x32, 0x87, 0xd9, 0xfe, 0x06, 0xc0, 0x3e, 0x01, 0x32,
  0x87, 0xd9, 0xc9, 0xe5, 0xd5, 0x06, 0x03, 0x4e, 0x1a, 0xb9, 0x28, 0x04,
  0x38, 0x06, 0x18, 0x07, 0x2b, 0x1b, 0x10, 0xf3, 0xd1, 0xe1, 0xc9, 0xd1,
  0xe1, 0x06, 0x03, 0x1a, 0x77, 0x2b, 0x1b, 0x10, 0xfa, 0xc9, 0x06, 0x03,
  0xd5, 0x1a, 0xcd, 0xf5, 0x4d, 0xd1, 0x1b, 0x10, 0xf7, 0xc9, 0x21, 0xba,
  0xd9, 0x11, 0xc0, 0xd9, 0xcd, 0x17, 0x4a, 0x21, 0xbd, 0xd9, 0x11, 0xc3,
  0xd9, 0xcd, 0x17, 0x4a, 0x21, 0x37, 0xd9, 0x11, 0xba, 0xd9, 0xcd, 0x36,
  0x4a, 0x21, 0x56, 0xd9, 0x11, 0xbd, 0xd9, 0xcd, 0x36, 0x4a, 0x21, 0xf9,
  0xd8, 0x11, 0xc0, 0xd9, 0xcd, 0x36, 0x4a, 0x21, 0x18, 0xd9, 0x11, 0xc3,
  0xd9, 0xcd, 0x36, 0x4a, 0x21, 0xcc, 0xd8, 0xcd, 0x2d, 0x55, 0x21, 0xe1,
  0xd8, 0xcd, 0x2d, 0x55, 0x21, 0x00, 0xd9, 0xcd, 0x2d, 0x55, 0x21, 0x1f,
  0xd9, 0xcd, 0x2d, 0x55, 0x21, 0x3e, 0xd9, 0xcd, 0x2d, 0x55, 0x21, 0x5d,
  0xd9, 0xcd, 0x2d, 0x55, 0xc9, 0xe5, 0xd5, 0xc5, 0x21, 0x8c, 0xe2, 0x11,
  0x00, 0x1b, 0x01, 0x30, 0x00, 0xcd, 0x1e, 0x57, 0xc1, 0xd1, 0xe1, 0xc9,
  0xc5, 0xe5, 0xd5, 0x21, 0x00, 0x1b, 0x01, 0x30, 0x00, 0x3e, 0xd0, 0xcd,
  0x07, 0x57, 0xd1, 0xe1, 0xc1, 0xc9, 0x06, 0x01, 0x18, 0x02, 0x06, 0x10,
  0xdd, 0x21, 0x0f, 0xf3, 0xdd, 0x7e, 0x00, 0xb7, 0x20, 0x06, 0xdd, 0x7e,
  0x20, 0xdd, 0x77, 0x00, 0xdd, 0x7e, 0x20, 0xfe, 0xff, 0x28, 0x1a, 0xdd,
  0x7e, 0x00, 0xfe, 0x01, 0x20, 0x10, 0xdd, 0x7e, 0x20, 0xdd, 0x77, 0x00,
  0xdd, 0x7e, 0x40, 0xc6, 0x04, 0xe6, 0x0f, 0xdd, 0x77, 0x40, 0xdd, 0x35,
  0x00, 0xdd, 0x2b, 0x10, 0xcf, 0xc9, 0xe6, 0x03, 0x20, 0x05, 0xed, 0x5b,
  0x7a, 0xd9, 0xc9, 0xfe, 0x01, 0x20, 0x04, 0x11, 0xff, 0xff, 0xc9, 0xfe,
  0x02, 0x20, 0x0e, 0x3a, 0x30, 0xd8, 0x5f, 0x3e, 0x00, 0x93, 0x5f, 0x3e,
  0x00, 0xde, 0x00, 0x57, 0xc9, 0x11, 0x01, 0x00, 0xc9, 0x4e, 0x79, 0xe6,
  0x10, 0x28, 0x01, 0xc9, 0x79, 0xe6, 0x60, 0xcb, 0x3f, 0xcb, 0x3f, 0xcb,
  0x3f, 0xcb, 0x3f, 0xcb, 0x3f, 0x47, 0xfd, 0x86, 0x00, 0xcd, 0xfe, 0x4a,
  0xe5, 0xdd, 0xe1, 0xdd, 0x19, 0xdd, 0x7e, 0x00, 0xb7, 0x20, 0x0a, 0x78,
  0xfd, 0x86, 0x00, 0xcd, 0x74, 0x4b, 0x4f, 0x18, 0x15, 0x78, 0xcd, 0xfe,
  0x4a, 0xe5, 0xdd, 0xe1, 0xdd, 0x19, 0xdd, 0x7e, 0x00, 0xb7, 0x28, 0x06,
  0x78, 0xfd, 0x96, 0x00, 0x18, 0x0a, 0x3e, 0x00, 0x77, 0x79, 0xf6, 0x10,
  0xdd, 0x77, 0x00, 0xc9, 0xcb, 0x27, 0xcb, 0x27, 0xcb, 0x27, 0xcb, 0x27,
  0xcb, 0x27, 0xe6, 0x60, 0x47, 0x79, 0xe6, 0x9f, 0xb0, 0xf6, 0x10, 0x77,
  0xc9, 0x2a, 0x3a, 0xd8, 0x01, 0x70, 0x03, 0x7e, 0xe6, 0x0f, 0xfe, 0x04,
  0x28, 0x17, 0xfe, 0x0b, 0x28, 0x13, 0xfe, 0x09, 0x28, 0x04, 0xfe, 0x0a,
  0x20, 0x04, 0x7e, 0xe6, 0xef, 0x77, 0x2b, 0x0b, 0x78, 0xb1, 0x20, 0xe3,
  0xc9, 0x7e, 0xe6, 0x7f, 0x77, 0x18, 0xf3, 0x3a, 0x81, 0xd9, 0xb7, 0xc8,
  0x3a, 0x82, 0xd9, 0xb7, 0x0e, 0x0b, 0x28, 0x1f, 0x2a, 0x3a, 0xd8, 0xed,
  0x5b, 0x33, 0xd8, 0x7e, 0xe6, 0x0f, 0xfe, 0x0e, 0x20, 0x02, 0x79, 0x77,
  0x2b, 0x7d, 0xbb, 0x20, 0xf2, 0x7c, 0xba, 0x20, 0xee, 0x3e, 0x04, 0xcd,
  0xef, 0x52, 0xc9, 0x0e, 0x04, 0xed, 0x5b, 0x7e, 0xd9, 0x7a, 0xb3, 0x28,
  0xd7, 0xc9, 0x47, 0xdd, 0x7e, 0x00, 0xfe, 0x0c, 0x28, 0x08, 0xfe, 0x0d,
  0x28, 0x04, 0x78, 0xdd, 0x77, 0x00, 0x78, 0xc9, 0xcd, 0xea, 0x4b, 0xdd,
  0x2b, 0xcd, 0xea, 0x4b, 0xdd, 0x23, 0xdd, 0x23, 0xcd, 0xea, 0x4b, 0xdd,
  0x2b, 0xc9, 0xe5, 0xdd, 0xe1, 0xcd, 0xfc, 0x4b, 0xed, 0x5b, 0x7c, 0xd9,
  0xdd, 0x19, 0xcd, 0xfc, 0x4b, 0xed, 0x5b, 0x7a, 0xd9, 0xdd, 0x19, 0xdd,
  0x19, 0xcd, 0xfc, 0x4b, 0x3e, 0x04, 0xcd, 0xe2, 0x52, 0xc9, 0x3e, 0x01,
  0x32, 0x81, 0xd9, 0xed, 0x5b, 0x7e, 0xd9, 0x7a, 0xb3, 0x28, 0x05, 0x1b,
  0xed, 0x53, 0x7e, 0xd9, 0x3a, 0x3d, 0xd8, 0xb7, 0x3e, 0x02, 0xcc, 0xef,
  0x52, 0x7e, 0xc6, 0x10, 0xe6, 0xf0, 0xf6, 0x0e, 0x77, 0x3a, 0x80, 0xd9,
  0x3c, 0x32, 0x80, 0xd9, 0xe5, 0xdd, 0xe1, 0xdd, 0x23, 0xdd, 0x7e, 0x00,
  0xb7, 0x28, 0x38, 0xfe, 0x08, 0x28, 0x34, 0xdd, 0x2b, 0xdd, 0x2b, 0xdd,
  0x7e, 0x00, 0xb7, 0x28, 0x2a, 0xfe, 0x08, 0x28, 0x26, 0xdd, 0x23, 0xed,
  0x5b, 0x7a, 0xd9, 0xdd, 0x19, 0xdd, 0x7e, 0x00, 0xb7, 0x28, 0x18, 0xfe,
  0x08, 0x28, 0x14, 0xe5, 0xdd, 0xe1, 0xed, 0x5b, 0x7c, 0xd9, 0xdd, 0x19,
  0xdd, 0x7e, 0x00, 0xb7, 0x28, 0x05, 0xfe, 0x08, 0x28, 0x01, 0xc9, 0xf5,
  0x3e, 0x00, 0x32, 0x82, 0xd9, 0xf1, 0xfe, 0x00, 0x28, 0x07, 0xcd, 0x1a,
  0x52, 0xe6, 0x07, 0x18, 0x05, 0xcd, 0x1a, 0x52, 0xe6, 0x01, 0x20, 0x15,
  0x7e, 0xe6, 0xf0, 0x20, 0x10, 0x3a, 0x80, 0xd9, 0xcb, 0x27, 0xcb, 0x27,
  0xcb, 0x27, 0xcb, 0x27, 0xf6, 0x0e, 0xdd, 0x77, 0x00, 0xc9, 0xe5, 0xdd,
  0xe1, 0xdd, 0x23, 0xdd, 0x7e, 0x00, 0xe6, 0x0f, 0xfe, 0x0e, 0x28, 0x30,
  0xdd, 0x2b, 0xdd, 0x2b, 0xdd, 0x7e, 0x00, 0xe6, 0x0f, 0xfe, 0x0e, 0x28,
  0x23, 0xdd, 0x23, 0xed, 0x5b, 0x7c, 0xd9, 0xdd, 0x19, 0xdd, 0x7e, 0x00,
  0xe6, 0x0f, 0xfe, 0x0e, 0x28, 0x12, 0xed, 0x5b, 0x7a, 0xd9, 0xdd, 0x19,
  0xdd, 0x19, 0xdd, 0x7e, 0x00, 0xe6, 0x0f, 0xfe, 0x0e, 0x28, 0x01, 0xc9,
  0x3a, 0x39, 0xd8, 0xfe, 0xff, 0x28, 0x06, 0x3e, 0x0b, 0xcd, 0x0e, 0x4c,
  0xc9, 0x3e, 0x0f, 0xcd, 0x0e, 0x4c, 0xc9, 0xdd, 0x21, 0x00, 0xf3, 0x3e,
  0x00, 0xdd, 0x77, 0x4f, 0x3e, 0x02, 0xdd, 0x77, 0x2f, 0xdd, 0x77, 0x0f,
  0x06, 0x09, 0xc5, 0xe5, 0xd5, 0xcd, 0x65, 0x42, 0xcd, 0xc2, 0x4a, 0xd1,
  0xe1, 0xc1, 0x10, 0xf2, 0xdd, 0x21, 0x00, 0xf3, 0x3e, 0x00, 0xdd, 0x77,
  0x4f, 0x3d, 0xdd, 0x77, 0x2f, 0xdd, 0x77, 0x0f, 0xc9, 0x3a, 0x3c, 0xd8,
  0xb7, 0x20, 0x2c, 0x3a, 0x3d, 0xd8, 0xb7, 0x20, 0x26, 0x2a, 0x35, 0xd8,
  0x7e, 0xb7, 0x28, 0x2c, 0xfe, 0x04, 0x30, 0x28, 0x23, 0xcd, 0x80, 0x4d,
  0x2b, 0x2b, 0xcd, 0x80, 0x4d, 0x23, 0xed, 0x5b, 0x7c, 0xd9, 0x19, 0xcd,
  0x80, 0x4d, 0xed, 0x5b, 0x7a, 0xd9, 0x19, 0x19, 0xcd, 0x80, 0x4d, 0xc9,
  0x7e, 0xe6, 0x0f, 0xfe, 0x09, 0x28, 0x05, 0xfe, 0x0a, 0x28, 0x01, 0xc9,
  0x3e, 0x01, 0x32, 0x3c, 0xd8, 0x3e, 0x04, 0xcd, 0x18, 0x47, 0xcd, 0xac,
  0x4d, 0xe5, 0xcd, 0x65, 0x42, 0xe1, 0x01, 0x00, 0x90, 0x0b, 0x78, 0xb1,
  0x20, 0xfb, 0x3e, 0x00, 0x32, 0x28, 0xda, 0xc9, 0x3e, 0x0f, 0xcd, 0x0e,
  0x4c, 0x3e, 0x04, 0xcd, 0xef, 0x52, 0xcd, 0x1b, 0x4d, 0x3e, 0x00, 0xcd,
  0x0e, 0x4c, 0xc9, 0xfe, 0x03, 0x30, 0x03, 0xc6, 0x51, 0xc9, 0xc6, 0x55,
  0xc9, 0xf5, 0xe6, 0x0f, 0xcd, 0xbf, 0x4d, 0x5f, 0xf1, 0xcb, 0x3f, 0xcb,
  0x3f, 0xcb, 0x3f, 0xcb, 0x3f, 0xcd, 0xbf, 0x4d, 0x57, 0xc9, 0x7a, 0x7a,
  0x77, 0x23, 0x7b, 0x77, 0x23, 0xc9, 0x3e, 0x50, 0x77, 0x23, 0xc9, 0xcd,
  0xe6, 0x4d, 0xcd, 0xe6, 0x4d, 0xcd, 0xe6, 0x4d, 0xc9, 0xcd, 0xc9, 0x4d,
  0xcd, 0xde, 0x4d, 0xc9, 0xd5, 0xe5, 0xc5, 0x21, 0x91, 0xd9, 0xcd, 0xeb,
  0x4d, 0x3a, 0xb0, 0xd9, 0xb7, 0x28, 0x0e, 0x3e, 0x5f, 0x06, 0x05, 0xcd,
  0xe8, 0x4d, 0x10, 0xfb, 0x3a, 0xcf, 0xd9, 0x18, 0x14, 0x3a, 0x8a, 0xd9,
  0xcd, 0xf5, 0x4d, 0xcd, 0xe6, 0x4d, 0x3e, 0x5f, 0xcd, 0xe8, 0x4d, 0xcd,
  0xe6, 0x4d, 0x3a, 0x90, 0xd9, 0xcd, 0xf5, 0x4d, 0xcd, 0xeb, 0x4d, 0x3a,
  0x89, 0xd9, 0xcd, 0xf5, 0x4d, 0xcd, 0xeb, 0x4d, 0xcd, 0xe6, 0x4d, 0x3a,
  0x8d, 0xd9, 0xcd, 0xc9, 0x4d, 0x7b, 0xcd, 0xe8, 0x4d, 0x3a, 0x8c, 0xd9,
  0xcd, 0xf5, 0x4d, 0xcd, 0xeb, 0x4d, 0x3a, 0x85, 0xd9, 0xcd, 0xf5, 0x4d,
  0x3a, 0x84, 0xd9, 0xcd, 0xf5, 0x4d, 0x3a, 0x83, 0xd9, 0xcd, 0xf5, 0x4d,
  0x21, 0x91, 0xd9, 0x11, 0x00, 0x18, 0x01, 0x1f, 0x00, 0xcd, 0x1e, 0x57,
  0xc1, 0xe1, 0xd1, 0xc9, 0xe5, 0x21, 0x83, 0xd9, 0x86, 0x27, 0x77, 0x23,
  0x3e, 0x00, 0x8e, 0x27, 0x77, 0x23, 0x3e, 0x00, 0x8e, 0x27, 0x77, 0x2b,
  0x3a, 0xc8, 0xd9, 0xbe, 0x20, 0x19, 0xc6, 0x05, 0x27, 0x32, 0xc8, 0xd9,
  0x3a, 0x8f, 0xd9, 0xfe, 0x09, 0x28, 0x0c, 0x3c, 0x32, 0x8f, 0xd9, 0x3e,
  0x04, 0x32, 0xc9, 0xd9, 0xcd, 0x9d, 0x4a, 0xcd, 0xfc, 0x4d, 0xe1, 0xc9,
  0x3e, 0x01, 0xc3, 0x74, 0x4e, 0xe5, 0xc5, 0x3a, 0xb0, 0xd9, 0xb7, 0x28,
  0x05, 0x3a, 0xcf, 0xd9, 0x18, 0x03, 0x3a, 0x90, 0xd9, 0xcd, 0x74, 0x4e,
  0x3a, 0x89, 0xd9, 0xc6, 0x01, 0x27, 0x32, 0x89, 0xd9, 0x47, 0x3a, 0x8a,
  0xd9, 0xb8, 0x20, 0x24, 0x3a, 0xb0, 0xd9, 0xb7, 0x20, 0x1e, 0x3e, 0x01,
  0x32, 0xb0, 0xd9, 0x21, 0xc0, 0xe6, 0x06, 0x04, 0x3e, 0x31, 0x77, 0x23,
  0x10, 0xfc, 0x06, 0x04, 0x21, 0xc8, 0xe6, 0x3e, 0x31, 0x77, 0x23, 0x10,
  0xfc, 0xcd, 0x85, 0x4f, 0xcd, 0xfc, 0x4d, 0xc1, 0xe1, 0xc9, 0x3a, 0x3c,
  0xd8, 0xfe, 0x02, 0xc8, 0xd5, 0xe5, 0xc5, 0x21, 0xd0, 0xd9, 0x11, 0x00,
  0x18, 0x01, 0x0f, 0x00, 0xcd, 0x1e, 0x57, 0xc1, 0xe1, 0xd1, 0xc9, 0xe5,
  0xd5, 0xcd, 0x54, 0x47, 0x21, 0x00, 0x38, 0x5c, 0x3e, 0x00, 0xcd, 0x93,
  0x00, 0x7c, 0xc6, 0x02, 0x5f, 0x3e, 0x02, 0xcd, 0x93, 0x00, 0x7c, 0xd6,
  0x02, 0x5f, 0xcd, 0x93, 0x00, 0x11, 0xef, 0xff, 0x19, 0x01, 0xc0, 0x01,
  0x0b, 0x78, 0xb1, 0x20, 0xfb, 0xcd, 0x01, 0x56, 0xcd, 0xac, 0x4e, 0x3a,
  0x3c, 0xd8, 0xb7, 0x28, 0xd2, 0x3e, 0x02, 0x32, 0x3c, 0xd8, 0xcd, 0x7c,
  0x4f, 0x06, 0xf4, 0x78, 0x32, 0x6a, 0xd8, 0x21, 0x6a, 0xd8, 0xcd, 0xf3,
  0x46, 0x21, 0x00, 0x18, 0x2b, 0x7d, 0xb4, 0x20, 0xfb, 0x78, 0xd6, 0x0a,
  0x47, 0xfe, 0xa4, 0x20, 0xe6, 0x11, 0x00, 0x00, 0x1b, 0x7b, 0xb2, 0x20,
  0xfb, 0xd1, 0xe1, 0xc9, 0xe5, 0x21, 0xed, 0xd9, 0xcd, 0xf3, 0x46, 0xe1,
  0xc9, 0xe5, 0xc5, 0x21, 0x20, 0x18, 0x01, 0xe0, 0x02, 0x3e, 0xac, 0xcd,
  0x07, 0x57, 0x3e, 0x09, 0xcd, 0xef, 0x52, 0x21, 0x20, 0x18, 0x01, 0xe0,
  0x02, 0x3e, 0x50, 0xcd, 0x07, 0x57, 0xc1, 0xe1, 0xc9, 0xe5, 0x21, 0x09,
  0xda, 0xcd, 0xf3, 0x46, 0xe1, 0xc9, 0x3a, 0xb2, 0xd9, 0xb7, 0x20, 0x03,
  0x3e, 0x06, 0x77, 0xc3, 0x93, 0x46, 0x3a, 0xb2, 0xd9, 0xfe, 0x01, 0x20,
  0xf6, 0x3e, 0x07, 0x77, 0x18, 0xf1, 0x3a, 0xb2, 0xd9, 0xfe, 0x01, 0xc0,
  0x3a, 0xb3, 0xd9, 0xe6, 0x03, 0x20, 0x05, 0x3e, 0x03, 0xcd, 0xef, 0x52,
  0xed, 0x5b, 0xb3, 0xd9, 0x1b, 0xed, 0x53, 0xb3, 0xd9, 0x7a, 0xb3, 0x20,
  0x06, 0x32, 0xb2, 0xd9, 0xcd, 0x7c, 0x4f, 0xc9, 0xdd, 0x7e, 0x00, 0xfe,
  0xff, 0xc8, 0xe6, 0x3f, 0x67, 0xfe, 0x01, 0x20, 0x0e, 0xdd, 0x7e, 0x01,
  0x32, 0x37, 0xd8, 0xdd, 0x7e, 0x02, 0x3d, 0x3d, 0x32, 0x38, 0xd8, 0xdd,
  0x5e, 0x01, 0xdd, 0x56, 0x02, 0xdd, 0x4e, 0x03, 0xdd, 0x46, 0x04, 0xdd,
  0x6e, 0x05, 0xdd, 0x7e, 0x00, 0xe6, 0xc0, 0x20, 0x08, 0xcd, 0x4b, 0x50,
  0xcd, 0x52, 0x50, 0x18, 0xc7, 0xfe, 0x40, 0x20, 0x08, 0xcd, 0x47, 0x50,
  0xcd, 0x92, 0x50, 0x18, 0xbb, 0xfe, 0x80, 0x20, 0x08, 0xcd, 0x45, 0x50,
  0xcd, 0xe0, 0x50, 0x18, 0xaf, 0xcd, 0x47, 0x50, 0xcd, 0x16, 0x51, 0x18,
  0xa7, 0xdd, 0x23, 0xdd, 0x23, 0xdd, 0x23, 0xdd, 0x23, 0xdd, 0x23, 0xdd,
  0x23, 0xc9, 0xcd, 0x61, 0x50, 0x7c, 0xfd, 0x77, 0x00, 0xfe, 0x01, 0xc0,
  0xfd, 0x22, 0x35, 0xd8, 0xc9, 0xfd, 0x21, 0x00, 0xf4, 0xc5, 0xe5, 0xd5,
  0x15, 0x15, 0x4b, 0x5a, 0x16, 0x00, 0xd5, 0x06, 0x05, 0xcb, 0x23, 0xcb,
  0x12, 0x10, 0xfa, 0xd5, 0xe1, 0xd1, 0xcb, 0x23, 0xcb, 0x12, 0xcb, 0x23,
  0xcb, 0x12, 0xcb, 0x23, 0xcb, 0x12, 0x19, 0x16, 0x00, 0x59, 0x19, 0xeb,
  0xfd, 0x19, 0xd1, 0xe1, 0xc1, 0xc9, 0xcd, 0x61, 0x50, 0xcd, 0x99, 0x50,
  0xc9, 0xd5, 0xc5, 0xdd, 0xe5, 0x78, 0xcb, 0x27, 0xdd, 0x21, 0x17, 0xda,
  0x5f, 0x16, 0x00, 0xdd, 0x19, 0xdd, 0x5e, 0x00, 0xdd, 0x56, 0x01, 0x79,
  0xb7, 0x28, 0x08, 0x0d, 0xfd, 0x74, 0x00, 0xfd, 0x19, 0x18, 0xf4, 0xdd,
  0xe1, 0xc1, 0xd1, 0xc9, 0x16, 0x00, 0xfe, 0x64, 0x38, 0x05, 0xd6, 0x64,
  0x14, 0x18, 0xf7, 0x1e, 0x00, 0xfe, 0x0a, 0x38, 0x05, 0xd6, 0x0a, 0x1c,
  0x18, 0xf7, 0xcb, 0x23, 0xcb, 0x23, 0xcb, 0x23, 0xcb, 0x23, 0xb3, 0xc9,
  0xcd, 0xee, 0x50, 0x65, 0x1c, 0x14, 0x0d, 0x0d, 0x05, 0x05, 0xcd, 0xee,
  0x50, 0xc9, 0xcd, 0x61, 0x50, 0xe5, 0xd5, 0xc5, 0x69, 0x78, 0xb7, 0x28,
  0x19, 0x05, 0xfd, 0xe5, 0x4d, 0x79, 0xb7, 0x28, 0x08, 0x0d, 0xfd, 0x74,
  0x00, 0xfd, 0x23, 0x18, 0xf4, 0xfd, 0xe1, 0x11, 0x28, 0x00, 0xfd, 0x19,
  0x18, 0xe3, 0xc1, 0xd1, 0xe1, 0xc9, 0xcd, 0x61, 0x50, 0xc5, 0x0d, 0x06,
  0x02, 0xcd, 0x99, 0x50, 0xc1, 0xc5, 0x48, 0x0d, 0x06, 0x04, 0xcd, 0x99,
  0x50, 0xc1, 0xc5, 0x0d, 0x06, 0x06, 0xcd, 0x99, 0x50, 0xc1, 0xc5, 0x48,
  0x0d, 0x06, 0x00, 0xcd, 0x99, 0x50, 0xc1, 0xc9, 0xed, 0x5b, 0x3a, 0xd8,
  0x21, 0x28, 0xf4, 0xdd, 0xe5, 0xcd, 0x2e, 0x52, 0x06, 0x08, 0x0e, 0x04,
  0xdd, 0xbe, 0x1c, 0x30, 0x03, 0xdd, 0x46, 0x18, 0xdd, 0x23, 0x0d, 0x20,
  0xf3, 0xdd, 0xe1, 0x70, 0x23, 0x7b, 0xbd, 0x20, 0xe2, 0x7a, 0xbc, 0x20,
  0xde, 0xc9, 0x26, 0x0d, 0x1e, 0x00, 0x16, 0x02, 0x0e, 0x28, 0x06, 0x16,
  0xcd, 0x16, 0x51, 0xc9, 0x3a, 0x86, 0xd9, 0x3d, 0xcb, 0x27, 0x5f, 0x16,
  0x00, 0x21, 0x64, 0xdb, 0x19, 0x5e, 0x23, 0x56, 0xeb, 0x11, 0x8c, 0xdb,
  0x19, 0xe5, 0xe5, 0xfd, 0xe1, 0xdd, 0xe1, 0x3a, 0x87, 0xd9, 0x3d, 0x5f,
  0x16, 0x00, 0xfd, 0x19, 0xfd, 0x7e, 0x0e, 0xcd, 0xc0, 0x50, 0x32, 0x8c,
  0xd9, 0x7a, 0x32, 0x8d, 0xd9, 0xdd, 0x7e, 0x02, 0xcd, 0xc0, 0x50, 0x32,
  0x90, 0xd9, 0xdd, 0x7e, 0x03, 0xcd, 0xc0, 0x50, 0x32, 0xcf, 0xd9, 0xfd,
  0x7e, 0x09, 0xcd, 0xc0, 0x50, 0x32, 0x8a, 0xd9, 0xdd, 0x6e, 0x01, 0x26,
  0x00, 0x29, 0x29, 0x29, 0x22, 0xb5, 0xd9, 0xfd, 0x7e, 0x04, 0x32, 0x29,
  0xda, 0x3e, 0x00, 0x32, 0x2a, 0xda, 0xdd, 0xe5, 0xcd, 0x3c, 0x51, 0xcd,
  0x66, 0x51, 0xdd, 0xe1, 0x11, 0x20, 0x00, 0xdd, 0x19, 0xcd, 0xec, 0x4f,
  0xc9, 0xd5, 0xc5, 0xe5, 0xcd, 0x4b, 0x47, 0xcd, 0x1a, 0x52, 0xe6, 0x3f,
  0xc6, 0x90, 0x5f, 0x3e, 0x00, 0xcd, 0x93, 0x00, 0x3a, 0x29, 0xda, 0xe6,
  0x3f, 0xc6, 0x42, 0x5f, 0x3e, 0x02, 0xcd, 0x93, 0x00, 0x3a, 0x2b, 0xda,
  0xe6, 0x3f, 0xc6, 0x63, 0x5f, 0x3e, 0x04, 0xcd, 0x93, 0x00, 0xe1, 0xc1,
  0xd1, 0xc9, 0xcd, 0x2e, 0x52, 0xc6, 0x17, 0xcb, 0x0f, 0xc5, 0x47, 0x3a,
  0x2b, 0xda, 0x80, 0xc1, 0x32, 0x2b, 0xda, 0xc6, 0x79, 0xc9, 0xd5, 0xc5,
  0x3a, 0x29, 0xda, 0x5f, 0x3a, 0x2a, 0xda, 0x57, 0xcb, 0x1f, 0xcb, 0x1f,
  0xe6, 0x80, 0x4f, 0x7b, 0xcb, 0x1f, 0xe6, 0x7f, 0x47, 0x7b, 0xcb, 0x1f,
  0xcb, 0x1f, 0xe6, 0x80, 0x83, 0xce, 0x13, 0x32, 0x29, 0xda, 0x7a, 0x89,
  0x88, 0x32, 0x2a, 0xda, 0xc1, 0xd1, 0xc9, 0x3a, 0x3c, 0xd8, 0xb7, 0x20,
  0x2a, 0x3a, 0x8d, 0xd9, 0x47, 0x3a, 0x8c, 0xd9, 0xe6, 0xf0, 0xb0, 0x20,
  0x1e, 0x3a, 0x8b, 0xd9, 0xfe, 0x13, 0x30, 0x17, 0x3a, 0x8c, 0xd9, 0xcb,
  0x27, 0xcb, 0x27, 0xcb, 0x27, 0xcb, 0x27, 0x32, 0x78, 0xd8, 0xe5, 0x21,
  0x78, 0xd8, 0xcd, 0xf3, 0x46, 0xe1, 0xc9, 0x3a, 0x28, 0xda, 0xb7, 0x28,
  0x2d, 0xfe, 0x04, 0x28, 0x0c, 0xfe, 0x06, 0x28, 0x08, 0xfe, 0x07, 0x28,
  0x04, 0xfe, 0x09, 0x20, 0x1d, 0x3e, 0x03, 0x32, 0x27, 0xda, 0x3a, 0x28,
  0xda, 0xfe, 0x04, 0xca, 0x18, 0x47, 0xfe, 0x06, 0xca, 0x0f, 0x47, 0xfe,
  0x07, 0xca, 0x06, 0x47, 0x21, 0xfb, 0xd9, 0xc3, 0xf3, 0x46, 0x3a, 0x27,
  0xda, 0xb7, 0x28, 0x06, 0x3d, 0x32, 0x27, 0xda, 0x18, 0x17, 0x3a, 0x28,
  0xda, 0xfe, 0x01, 0xca, 0x42, 0x47, 0xfe, 0x02, 0xca, 0xe9, 0x51, 0xfe,
  0x03, 0xca, 0xa5, 0x4f, 0xfe, 0x05, 0xca, 0x25, 0x47, 0xc9, 0xfe, 0x04,
  0x28, 0x04, 0x3e, 0x05, 0x18, 0x02, 0x3e, 0x04, 0xc3, 0xef, 0x52, 0xc5,
  0x47, 0x3a, 0x28, 0xda, 0xfe, 0x04, 0x20, 0x09, 0x78, 0xfe, 0x05, 0x20,
  0x0d, 0x06, 0x06, 0x18, 0x09, 0xfe, 0x05, 0x20, 0x05, 0x78, 0xfe, 0x04,
  0x28, 0xf3, 0x3a, 0x28, 0xda, 0xb8, 0x30, 0x04, 0x78, 0x32, 0x28, 0xda,
  0xc1, 0xc9, 0x3a, 0x2e, 0xda, 0xb7, 0xca, 0x48, 0x43, 0xc5, 0xdd, 0x2a,
  0x2c, 0xda, 0xdd, 0x46, 0x00, 0x78, 0xb7, 0x20, 0x08, 0xdd, 0x21, 0xb0,
  0xe5, 0xdd, 0x22, 0x2c, 0xda, 0x3a, 0x2e, 0xda, 0xee, 0x80, 0x32, 0x2e,
  0xda, 0xe6, 0x80, 0x28, 0x09, 0xdd, 0x23, 0xdd, 0x22, 0x2c, 0xda, 0x78,
  0x18, 0x09, 0x78, 0xcb, 0x3f, 0xcb, 0x3f, 0xcb, 0x3f, 0xcb, 0x3f, 0xe6,
  0x0f, 0xc1, 0xc9, 0x06, 0x20, 0xdd, 0x21, 0x2f, 0xda, 0x3a, 0x86, 0xd9,
  0x4f, 0x5f, 0x16, 0x00, 0xdd, 0x19, 0xdd, 0x7e, 0x00, 0xcb, 0x27, 0xcb,
  0x27, 0xcb, 0x27, 0xcb, 0x27, 0xf6, 0x01, 0x21, 0xe0, 0xed, 0x77, 0x23,
  0x10, 0xfc, 0xdd, 0x7e, 0x00, 0x5f, 0x16, 0x00, 0xdd, 0x21, 0x59, 0xda,
  0xdd, 0x19, 0xdd, 0x7e, 0x00, 0x21, 0xe0, 0xed, 0x06, 0x03, 0x77, 0x23,
  0x10, 0xfc, 0x21, 0xe8, 0xed, 0x06, 0x04, 0x77, 0x23, 0x10, 0xfc, 0x59,
  0x16, 0x00, 0xdd, 0x21, 0x44, 0xda, 0xdd, 0x19, 0xdd, 0x7e, 0x00, 0x06,
  0x20, 0x21, 0xc0, 0xed, 0x77, 0x23, 0x10, 0xfc, 0xc9, 0x3a, 0xc8, 0xd9,
  0xfe, 0x01, 0xc4, 0x42, 0x4a, 0xf3, 0xcd, 0xe4, 0x55, 0x21, 0x30, 0x54,
  0x22, 0x9b, 0xfd, 0x21, 0x86, 0xd8, 0xcd, 0xf3, 0x46, 0x3e, 0x02, 0x32,
  0x69, 0xda, 0x21, 0x3c, 0xe4, 0x22, 0x6c, 0xda, 0x3e, 0x80, 0x32, 0x6a,
  0xda, 0x3e, 0x08, 0x32, 0x6b, 0xda, 0xcd, 0xdc, 0x55, 0xfb, 0x11, 0x00,
  0x70, 0x1b, 0x7b, 0xb7, 0x20, 0xfb, 0x7a, 0xe6, 0x1f, 0x20, 0xf6, 0xcd,
  0xca, 0x54, 0x7a, 0xb3, 0x20, 0xef, 0x3a, 0x6a, 0xda, 0xfe, 0x80, 0x20,
  0x0a, 0x3a, 0x69, 0xda, 0xfe, 0x01, 0x20, 0x03, 0xcd, 0x4b, 0x55, 0x3a,
  0x69, 0xda, 0xb7, 0xc8, 0x3e, 0x01, 0x32, 0xe8, 0xda, 0xcd, 0xaa, 0x57,
  0xcd, 0x1f, 0x58, 0x3e, 0x00, 0x32, 0xe8, 0xda, 0x3a, 0x6a, 0xda, 0xfe,
  0x7c, 0x30, 0xbe, 0xcd, 0x74, 0x43, 0xb7, 0x28, 0xb8, 0xf3, 0xcd, 0xe4,
  0x55, 0x21, 0xf2, 0x55, 0x22, 0x9b, 0xfd, 0xc9, 0x3a, 0x6b, 0xda, 0x3a,
  0x6b, 0xda, 0x3d, 0x32, 0x6b, 0xda, 0xc0, 0x3e, 0x08, 0x32, 0x6b, 0xda,
  0xfd, 0x2a, 0x6c, 0xda, 0xcd, 0x88, 0x54, 0xfd, 0x22, 0x6c, 0xda, 0x3a,
  0x6a, 0xda, 0x3d, 0x32, 0x6a, 0xda, 0xc0, 0x3e, 0x80, 0x32, 0x6a, 0xda,
  0xfd, 0x21, 0x3c, 0xe4, 0xfd, 0x22, 0x6c, 0xda, 0x3a, 0x69, 0xda, 0x3d,
  0x32, 0x69, 0xda, 0xc0, 0x3e, 0x01, 0x32, 0x8f, 0xd9, 0x32, 0x86, 0xd9,
  0x32, 0x87, 0xd9, 0x3e, 0x00, 0x32, 0xc5, 0xd9, 0x3e, 0x81, 0x32, 0x2e,
  0xda, 0xf3, 0xcd, 0xe4, 0x55, 0x21, 0xf2, 0x55, 0x22, 0x9b, 0xfd, 0xc9,
  0xfd, 0x7e, 0x00, 0xcd, 0xb8, 0x54, 0x3e, 0x00, 0x5d, 0xcd, 0x93, 0x00,
  0x3e, 0x01, 0x5c, 0xcd, 0x93, 0x00, 0xfd, 0x7e, 0x01, 0xcd, 0xb8, 0x54,
  0x3e, 0x02, 0x5d, 0xcd, 0x93, 0x00, 0x3e, 0x03, 0x5c, 0xcd, 0x93, 0x00,
  0xfd, 0x23, 0xfd, 0x23, 0x3e, 0x0d, 0x1e, 0x01, 0xcd, 0x93, 0x00, 0xc9,
  0xd6, 0x05, 0x5f, 0x16, 0x00, 0xdd, 0x21, 0x3b, 0xe5, 0xdd, 0x19, 0xdd,
  0x6e, 0x00, 0xdd, 0x66, 0x3a, 0xc9, 0xfd, 0xe5, 0xfd, 0x21, 0x08, 0x01,
  0x3e, 0x01, 0x32, 0xe8, 0xda, 0xcd, 0xec, 0x54, 0x3e, 0x00, 0x32, 0xe8,
  0xda, 0xfd, 0xe1, 0xc9, 0xfd, 0xe5, 0xfd, 0x21, 0x68, 0x01, 0xcd, 0xec,
  0x54, 0xfd, 0xe1, 0xc9, 0xc5, 0xe5, 0xd5, 0x3a, 0x6e, 0xda, 0x5f, 0x3c,
  0xe6, 0x07, 0x32, 0x6e, 0xda, 0x16, 0x00, 0x21, 0x00, 0xe7, 0x19, 0xfd,
  0xe5, 0xd1, 0x19, 0x01, 0x08, 0x00, 0xe5, 0xcd, 0x1e, 0x57, 0xe1, 0xe5,
  0x01, 0x08, 0x00, 0x11, 0x00, 0x08, 0xfd, 0x19, 0xfd, 0xe5, 0xd1, 0xcd,
  0x1e, 0x57, 0xe1, 0x01, 0x08, 0x00, 0x11, 0x00, 0x08, 0xfd, 0x19, 0xfd,
  0xe5, 0xd1, 0xcd, 0x1e, 0x57, 0xd1, 0xe1, 0xc1, 0xc9, 0xe5, 0xc5, 0xd5,
  0x7e, 0x5f, 0x23, 0x7e, 0x57, 0x23, 0xe5, 0x0e, 0x00, 0x7e, 0xb7, 0x28,
  0x04, 0x23, 0x0c, 0x20, 0xf8, 0x06, 0x00, 0xe1, 0xcd, 0x1e, 0x57, 0xd1,
  0xc1, 0xe1, 0xc9, 0x3e, 0x50, 0x21, 0x00, 0x18, 0x01, 0x1f, 0x00, 0xcd,
  0x07, 0x57, 0x3e, 0x50, 0x21, 0x60, 0x1a, 0x01, 0xa0, 0x00, 0xcd, 0x07,
  0x57, 0x18, 0x16, 0x21, 0x00, 0x18, 0x01, 0x00, 0x03, 0x3e, 0x50, 0xcd,
  0x07, 0x57, 0x21, 0x40, 0x18, 0x01, 0x20, 0x02, 0x3e, 0x21, 0xcd, 0x07,
  0x57, 0x3a, 0x87, 0xd9, 0xcd, 0xbf, 0x4d, 0x32, 0xe6, 0xda, 0x3a, 0x88,
  0xd9, 0xcd, 0xbf, 0x4d, 0x32, 0xcb, 0xda, 0xcd, 0xa2, 0x57, 0x32, 0xd3,
  0xda, 0x3a, 0xb7, 0xd9, 0xcd, 0xbf, 0x4d, 0x32, 0xbe, 0xda, 0xcd, 0xa2,
  0x57, 0x32, 0xc8, 0xda, 0x3a, 0x86, 0xd9, 0xc6, 0x60, 0x32, 0xdc, 0xda,
  0x21, 0x6f, 0xda, 0xcd, 0x2d, 0x55, 0x21, 0x82, 0xda, 0xcd, 0x2d, 0x55,
  0x21, 0x93, 0xda, 0xcd, 0x2d, 0x55, 0x21, 0xa5, 0xda, 0xcd, 0x2d, 0x55,
  0x21, 0xbc, 0xda, 0xcd, 0x2d, 0x55, 0x21, 0xd5, 0xda, 0xcd, 0x2d, 0x55,
  0xcd, 0x9d, 0x4a, 0x21, 0xbc, 0xe2, 0x11, 0x00, 0x38, 0x01, 0x80, 0x01,
  0xcd, 0x1e, 0x57, 0xc9, 0xf5, 0x3e, 0xc3, 0x32, 0x9a, 0xfd, 0xf1, 0xc9,
  0xf5, 0x3a, 0xe8, 0xda, 0xb7, 0x20, 0x05, 0x3e, 0xc9, 0x32, 0x9a, 0xfd,
  0xf1, 0xc9, 0xf5, 0x3a, 0x8b, 0xd9, 0x3c, 0x32, 0x8b, 0xd9, 0xe6, 0x07,
  0xcc, 0xaa, 0x56, 0xf1, 0xc9, 0xe5, 0x21, 0x8c, 0xd9, 0x7e, 0xd6, 0x01,
  0x27, 0x77, 0x23, 0x7e, 0xde, 0x00, 0x27, 0x77, 0xcd, 0xfc, 0x4d, 0x7e,
  0x2b, 0xb6, 0x20, 0x08, 0x3e, 0x01, 0x32, 0x3c, 0xd8, 0xcd, 0xe4, 0x55,
  0xe1, 0xc9, 0x3a, 0x3d, 0xd8, 0xb7, 0xc0, 0x3a, 0x8d, 0xd9, 0xb7, 0x20,
  0x0a, 0x3a, 0x8c, 0xd9, 0xb7, 0x20, 0x04, 0xcd, 0xfe, 0x4e, 0xc9, 0xc5,
  0x3a, 0x8e, 0xd9, 0x47, 0x3a, 0x8b, 0xd9, 0xb8, 0xc1, 0xd8, 0xcd, 0x4e,
  0x56, 0x3e, 0x00, 0x32, 0x8b, 0xd9, 0xcd, 0x01, 0x56, 0xc9, 0xe5, 0xd5,
  0x3a, 0xf1, 0xda, 0x3c, 0xe6, 0x07, 0x32, 0xf1, 0xda, 0x5f, 0x16, 0x00,
  0x21, 0xe9, 0xda, 0x19, 0x7e, 0x32, 0x8e, 0xd9, 0xd1, 0xe1, 0xc9, 0x6f,
  0x26, 0x00, 0xcb, 0x25, 0xcb, 0x14, 0xcb, 0x25, 0xcb, 0x14, 0xcb, 0x25,
  0xcb, 0x14, 0xc9, 0xe5, 0xfd, 0xe5, 0x78, 0xcd, 0x67, 0x56, 0xe5, 0xfd,
  0xe1, 0x11, 0x00, 0xe7, 0xfd, 0x19, 0x79, 0xcd, 0x67, 0x56, 0x11, 0x00,
  0xe7, 0x19, 0x06, 0x08, 0xfd, 0x7e, 0x00, 0x77, 0xfd, 0x23, 0x23, 0x10,
  0xf7, 0xfd, 0xe1, 0xe1, 0xc9, 0x06, 0x04, 0xc5, 0x46, 0xcd, 0x77, 0x56,
  0xc1, 0x0c, 0x23, 0x10, 0xf6, 0xc9, 0x3a, 0x02, 0xdb, 0xc6, 0x04, 0xe6,
  0x7f, 0x32, 0x02, 0xdb, 0x6f, 0x26, 0x00, 0x11, 0x0c, 0xe2, 0x19, 0x0e,
  0xa0, 0xcd, 0x9d, 0x56, 0x3a, 0x02, 0xdb, 0xe6, 0x07, 0x6f, 0x26, 0x00,
  0x11, 0xf2, 0xda, 0x19, 0x0e, 0xa4, 0xcd, 0x9d, 0x56, 0x3a, 0x02, 0xdb,
  0xe6, 0x07, 0x6f, 0x26, 0x00, 0x11, 0xfa, 0xda, 0x19, 0x0e, 0xa8, 0xcd,
  0x9d, 0x56, 0x21, 0x00, 0xec, 0x11, 0x00, 0x05, 0x01, 0x60, 0x00, 0xcd,
  0x1e, 0x57, 0x21, 0x00, 0xec, 0x11, 0x00, 0x0d, 0x01, 0x60, 0x00, 0xcd,
  0x1e, 0x57, 0x21, 0x00, 0xec, 0x11, 0x00, 0x15, 0x01, 0x60, 0x00, 0xcd,
  0x1e, 0x57, 0xc9, 0xcd, 0xe4, 0x55, 0xcd, 0x56, 0x00, 0xcd, 0xdc, 0x55,
  0xc9, 0xcd, 0xe4, 0x55, 0xcd, 0x5f, 0x00, 0xcd, 0x7e, 0x00, 0xcd, 0xdc,
  0x55, 0xc9, 0xcd, 0xe4, 0x55, 0xcd, 0x5c, 0x00, 0xcd, 0xdc, 0x55, 0xc9,
  0xcd, 0xe4, 0x55, 0xcd, 0x47, 0x00, 0xcd, 0xdc, 0x55, 0xc9, 0xcd, 0x9c,
  0x00, 0xc8, 0xcd, 0x9f, 0x00, 0xfe, 0x1b, 0x20, 0x08, 0xe5, 0x2a, 0x35,
  0xd8, 0x36, 0x00, 0xe1, 0xc9, 0xfe, 0x0d, 0x20, 0xe9, 0x21, 0x03, 0xdb,
  0xcd, 0x2d, 0x55, 0xcd, 0x9c, 0x00, 0x28, 0xfb, 0xcd, 0x9f, 0x00, 0xfe,
  0x0d, 0x20, 0xf4, 0xcd, 0xfc, 0x4d, 0xc9, 0x3a, 0x86, 0xd9, 0xfe, 0x11,
  0x38, 0x05, 0x21, 0x0f, 0xd8, 0x18, 0x33, 0x3a, 0xca, 0xd9, 0xcd, 0xbf,
  0x4d, 0x32, 0x2d, 0xdb, 0x3a, 0x8f, 0xd9, 0xf5, 0xcd, 0xbf, 0x4d, 0x32,
  0x30, 0xdb, 0xf1, 0xfe, 0x01, 0x3e, 0x61, 0x28, 0x02, 0x3e, 0x65, 0x32,
  0x33, 0xdb, 0x3a, 0x86, 0xd9, 0xc6, 0x60, 0x32, 0x3c, 0xdb, 0x3a, 0x87,
  0xd9, 0xcd, 0xbf, 0x4d, 0x32, 0x3e, 0xdb, 0x21, 0x22, 0xdb, 0xcd, 0x2d,
  0x55, 0xc9, 0xfe, 0x52, 0x3e, 0x50, 0xc8, 0x3e, 0x73, 0xc9, 0xe5, 0xd5,
  0xc5, 0x3a, 0x86, 0xd9, 0x4f, 0x06, 0x00, 0x21, 0x53, 0xdb, 0x09, 0x41,
  0x3a, 0x87, 0xd9, 0x4f, 0xcd, 0x48, 0x43, 0xb7, 0x28, 0x59, 0xf5, 0x3e,
  0x02, 0x32, 0x69, 0xda, 0xf1, 0xfe, 0x01, 0x20, 0x0e, 0x78, 0xb7, 0x28,
  0x4a, 0xd6, 0x01, 0x47, 0x2b, 0x7e, 0xb9, 0x38, 0xf4, 0x18, 0x35, 0xfe,
  0x03, 0x20, 0x0f, 0x78, 0xfe, 0x10, 0x28, 0x37, 0xc6, 0x01, 0x47, 0x23,
  0x7e, 0xb9, 0x38, 0xf3, 0x18, 0x22, 0xfe, 0x04, 0x20, 0x0e, 0x79, 0xfe,
  0x05, 0x28, 0x24, 0xc6, 0x01, 0x4f, 0x7e, 0xb9, 0x38, 0x1d, 0x18, 0x10,
  0xfe, 0x02, 0x20, 0x17, 0x79, 0xfe, 0x01, 0x28, 0x12, 0xd6, 0x01, 0x4f,
  0x7e, 0xb9, 0x38, 0x0b, 0x78, 0x32, 0x86, 0xd9, 0x79, 0x32, 0x87, 0xd9,
  0xcd, 0x4b, 0x55, 0xc1, 0xd1, 0xe1, 0xc9, 0xcd, 0x9c, 0x00, 0xc8, 0xcd,
  0x9f, 0x00, 0xfe, 0x4a, 0x28, 0x1f, 0xfe, 0x6a, 0x28, 0x1b, 0xfe, 0x50,
  0x28, 0x04, 0xfe, 0x70, 0x20, 0xe9, 0x3a, 0x88, 0xd9, 0xfe, 0x01, 0x3e,
  0x02, 0x28, 0x02, 0x3e, 0x01, 0x32, 0x88, 0xd9, 0xcd, 0x5d, 0x58, 0x18,
  0xd6, 0x3a, 0xb7, 0xd9, 0xfe, 0x02, 0x28, 0x09, 0x3c, 0x32, 0xb7, 0xd9,
  0xcd, 0x5d, 0x58, 0x18, 0xc6, 0x3e, 0x00, 0x18, 0xf4, 0xe5, 0xd5, 0xc5,
  0xcd, 0x4b, 0x55, 0x3e, 0x02, 0x32, 0x69, 0xda, 0xc1, 0xd1, 0xe1, 0xc9,
  0x00, 0x00, 0x00, 0x00, 0x00, 0x00, 0x00, 0x00, 0x00, 0x00, 0x00, 0x00,
  0x00, 0x00, 0x00, 0x00, 0x00, 0x00, 0x00, 0x00, 0x00, 0x00, 0x00, 0x00,
  0x00, 0x00, 0x00, 0x00, 0x00, 0x00, 0x00, 0x00, 0x00, 0x00, 0x00, 0x00,
  0x00, 0x00, 0x00, 0x00, 0x00, 0x00, 0x00, 0x00, 0x00, 0x00, 0xc0, 0xcf,
  0x00, 0x00, 0x00, 0x00, 0x00, 0x00, 0x00, 0x00, 0x00, 0x00, 0x00, 0x00,
  0x00, 0x00, 0x00, 0x00, 0x00, 0x00, 0x00, 0x00, 0x00, 0x00, 0x00, 0x00,
  0x00, 0x00, 0x00, 0x00, 0x00, 0x00, 0x00, 0x00, 0x00, 0x00, 0x00, 0x00,
  0x00, 0x00, 0x00, 0x00, 0x00, 0x00, 0x00, 0x00, 0x00, 0x00, 0x00, 0x00,
  0x00, 0x00, 0x00, 0x00, 0x00, 0x00, 0x00, 0x00, 0x00, 0x00, 0x00, 0x00,
  0x00, 0x00, 0x88, 0xff, 0xff, 0xff, 0xff, 0xff, 0xff, 0xff, 0xff, 0xff,
  0xff, 0xff, 0xff, 0xff, 0xff, 0xff, 0x00, 0x00, 0x00, 0x00, 0x00, 0x00,
  0x00, 0x03, 0x00, 0x00, 0x00, 0x00, 0x00, 0x00, 0x00, 0xff, 0x00, 0x00,
  0x00, 0x00, 0x01, 0x03, 0x0f, 0xff, 0x10, 0x30, 0x70, 0xf0, 0xf0, 0xf0,
  0xf0, 0xff, 0x00, 0x00, 0x00, 0x00, 0x00, 0x00, 0x00, 0xfe, 0x00, 0x00,
  0x00, 0x00, 0x00, 0x00, 0x00, 0x7f, 0x00, 0x00, 0x00, 0x00, 0x00, 0x00,
  0x00, 0xf3, 0x00, 0x00, 0x00, 0x00, 0x00, 0x00, 0x00, 0xcf, 0x00, 0x00,
  0x00, 0x00, 0x00, 0x00, 0x00, 0xfc, 0x00, 0x00, 0x00, 0x00, 0x00, 0x00,
  0x00, 0x7f, 0x00, 0x00, 0x00, 0x00, 0x00, 0x00, 0x00, 0xef, 0x00, 0x00,
  0x00, 0x00, 0x00, 0x00, 0x00, 0xff, 0x00, 0x00, 0x00, 0x00, 0x00, 0x00,
  0x00, 0x7f, 0x00, 0x00, 0x00, 0x00, 0x00, 0x00, 0x00, 0xff, 0x00, 0x00,
  0x00, 0x00, 0x00, 0x00, 0x00, 0x00, 0xff, 0x3f, 0x0f, 0x07, 0x03, 0x01,
  0x03, 0x03, 0xff, 0xff, 0xff, 0xff, 0xfe, 0xfc, 0xf8, 0xf0, 0xff, 0xff,
  0xff, 0xfe, 0xff, 0xff, 0xff, 0xff, 0xf8, 0xe0, 0x80, 0x00, 0xfe, 0xfe,
  0xfe, 0xfe, 0xff, 0xff, 0xf8, 0xf0, 0xf0, 0xf7, 0xf7, 0xf7, 0xf3, 0xf3,
  0x03, 0x03, 0x03, 0xf3, 0xf3, 0xf3, 0xcf, 0xcf, 0xcf, 0xcf, 0xcf, 0xcf,
  0xcf, 0xcf, 0xfe, 0xfe, 0x0e, 0x0e, 0x0e, 0xfe, 0xfc, 0xf8, 0xff, 0xff,
  0xf0, 0xf0, 0xf0, 0xff, 0xff, 0x7f, 0xef, 0xef, 0x00, 0x00, 0x00, 0xc0,
  0xe0, 0xe0, 0xff, 0xff, 0xf0, 0xf0, 0xf0, 0xf0, 0xf0, 0xf0, 0x7f, 0x7f,
  0x00, 0x7f, 0x7f, 0x7f, 0x00, 0x00, 0xff, 0xff, 0x00, 0xff, 0xff, 0xff,
  0x00, 0x00, 0x00, 0x00, 0x00, 0x00, 0x00, 0x00, 0x00, 0x01, 0x07, 0x0f,
  0x1f, 0x1c, 0x38, 0x60, 0xc0, 0x80, 0xe3, 0x83, 0x03, 0x01, 0x01, 0x01,
  0x00, 0x00, 0xf8, 0xf8, 0xf8, 0xf8, 0xf8, 0xfc, 0xfc, 0xfc, 0x00, 0x00,
  0x00, 0x80, 0xc0, 0xc0, 0x40, 0x00, 0xf0, 0xf0, 0xf0, 0xf0, 0xf0, 0xf0,
  0xf0, 0x00, 0x03, 0x03, 0x03, 0x03, 0x03, 0x03, 0x03, 0x00, 0xcf, 0xcf,
  0xcf, 0xcf, 0xcf, 0xcf, 0xcf, 0x00, 0x38, 0x38, 0x38, 0x38, 0x3e, 0x3e,
  0x3e, 0x00, 0x01, 0x01, 0x01, 0x01, 0xff, 0xff, 0xff, 0x00, 0xe0, 0xe0,
  0xe0, 0xe0, 0xe0, 0xe0, 0xc0, 0x00, 0xf0, 0xf0, 0xf0, 0xf0, 0xf0, 0xf0,
  0xf0, 0x00, 0x00, 0x00, 0x00, 0x00, 0x00, 0x00, 0x00, 0x00, 0x00, 0x00,
  0x00, 0x00, 0x00, 0x00, 0x00, 0x00, 0x00, 0x00, 0x00, 0x00, 0x00, 0x00,
  0x00, 0x00, 0x1f, 0x3f, 0x3f, 0x3f, 0x3f, 0x3f, 0x1f, 0x1f, 0xfe, 0xfe,
  0xff, 0xff, 0x80, 0x80, 0x80, 0x80, 0x7e, 0x7e, 0x7f, 0x3f, 0x3f, 0x1f,
  0x1f, 0x0f, 0x7f, 0x7f, 0x3f, 0x3f, 0x1f, 0x80, 0x80, 0x80, 0xff, 0xff,
  0xff, 0xff, 0xff, 0xfc, 0xfc, 0xfc, 0xe3, 0xe7, 0xe7, 0xe7, 0xe7, 0x07,
  0x07, 0x07, 0xff, 0xff, 0xff, 0xff, 0xff, 0xf0, 0xf0, 0xf0, 0xfe, 0xff,
  0xff, 0xff, 0xff, 0x7f, 0x7f, 0x7f, 0x3f, 0x3f, 0x3f, 0x3e, 0x3e, 0x3e,
  0x3e, 0x3e, 0xff, 0xff, 0xff, 0x00, 0x00, 0x00, 0x00, 0x00, 0xe0, 0xf0,
  0xf0, 0xf0, 0xf0, 0xf0, 0xf0, 0xf0, 0x00, 0x00, 0x00, 0x00, 0x00, 0x00,
  0x00, 0x00, 0x00, 0x00, 0x00, 0x00, 0x00, 0x00, 0x00, 0x00, 0x00, 0x00,
  0x00, 0x00, 0x00, 0x00, 0x00, 0xff, 0x0f, 0x0f, 0x07, 0x07, 0x07, 0x03,
  0x03, 0xfe, 0xc0, 0xc0, 0xe0, 0xe0, 0xe0, 0xf0, 0xf0, 0xf8, 0x0f, 0x0f,
  0x07, 0x07, 0x07, 0x03, 0x03, 0xff, 0xc0, 0xc0, 0xc0, 0xe0, 0xe0, 0xe0,
  0xf0, 0xf8, 0xfc, 0xfc, 0xfc, 0xfc, 0xfc, 0xfc, 0xfc, 0xfc, 0x07, 0x07,
  0x07, 0x07, 0x07, 0x07, 0x07, 0x07, 0xff, 0xff, 0xff, 0xe0, 0xe0, 0xe0,
  0xe0, 0xe0, 0xff, 0xff, 0xff, 0x3f, 0x3f, 0x3f, 0x3f, 0x3f, 0x3f, 0x3f,
  0x3f, 0x3e, 0x3e, 0x3e, 0x3e, 0x3e, 0xff, 0xff, 0xff, 0x0f, 0x0f, 0x1f,
  0x1f, 0x1f, 0xf0, 0xe0, 0xc0, 0x00, 0x00, 0x00, 0x00, 0x80, 0x00, 0x00,
  0x00, 0x00, 0x00, 0x00, 0x00, 0x00, 0x00, 0x00, 0x00, 0x00, 0x00, 0x00,
  0x00, 0x00, 0xff, 0xff, 0xff, 0x00, 0x00, 0x00, 0xff, 0xff, 0xfe, 0xff,
  0xff, 0x00, 0x00, 0x00, 0xff, 0xff, 0xf8, 0xf8, 0xfc, 0xfc, 0x7e, 0x7e,
  0xfe, 0xfe, 0xff, 0xff, 0xff, 0x00, 0x3c, 0x7e, 0x66, 0x66, 0xf8, 0xf8,
  0xf0, 0x00, 0x3d, 0x7d, 0x60, 0x78, 0xfc, 0xfc, 0xfc, 0x00, 0xf9, 0xf9,
  0x61, 0x61, 0x07, 0x07, 0x07, 0x00, 0x93, 0x93, 0x93, 0x93, 0xe0, 0xe0,
  0xe0, 0x00, 0x1e, 0x3f, 0x33, 0x3f, 0x3f, 0x3f, 0x3f, 0x00, 0x3f, 0x33,
  0x3f, 0x3e, 0x3e, 0x3e, 0x3e, 0x00, 0x3f, 0x20, 0x3f, 0x3f, 0x0f, 0x0f,
  0x07, 0x00, 0x00, 0x14, 0x16, 0x16, 0xf0, 0xf0, 0xf0, 0x00, 0x00, 0xb8,
  0xa0, 0xa0, 0x00, 0x00, 0x00, 0x00, 0x00, 0x00, 0x00, 0x00, 0x00, 0x00,
  0x00, 0x00, 0x00, 0x00, 0x00, 0x00, 0xff, 0xff, 0x00, 0x00, 0x00, 0x00,
  0x00, 0x00, 0xff, 0xff, 0x00, 0x00, 0x00, 0x00, 0x00, 0x00, 0xfe, 0xfc,
  0x00, 0x00, 0x00, 0x00, 0x00, 0x00, 0x7e, 0x3c, 0x00, 0x00, 0x00, 0x00,
  0x00, 0x00, 0x60, 0x60, 0x00, 0x00, 0x00, 0x00, 0x00, 0x00, 0x61, 0x60,
  0x00, 0x00, 0x00, 0x00, 0x00, 0x00, 0xff, 0xfe, 0x00, 0x00, 0x00, 0x00,
  0x00, 0x00, 0x33, 0x33, 0x00, 0x00, 0x00, 0x00, 0x00, 0x00, 0x36, 0x33,
  0x00, 0x00, 0x00, 0x00, 0x00, 0x00, 0x20, 0x3f, 0x00, 0x00, 0x00, 0x00,
  0x00, 0x00, 0x15, 0x15, 0x00, 0x00, 0x00, 0x00, 0x00, 0x00, 0xa0, 0xb8,
  0x00, 0x00, 0x00, 0x00, 0x00, 0x00, 0x00, 0x00, 0x00, 0x00, 0x00, 0x00,
  0x00, 0x00, 0x00, 0x00, 0x00, 0x00, 0x00, 0x00, 0x00, 0x00, 0x71, 0x71,
  0x71, 0x71, 0x71, 0x71, 0x71, 0xa1, 0x71, 0x71, 0x71, 0x71, 0x71, 0x71,
  0x71, 0xa1, 0xa1, 0xa1, 0xa1, 0xa1, 0xa1, 0xa1, 0xa1, 0xa1, 0xa1, 0xa1,
  0xa1, 0xa1, 0xa1, 0xa1, 0xa1, 0xa1, 0xa1, 0xa1, 0xa1, 0xa1, 0xa1, 0xa1,
  0xa1, 0xa1, 0x71, 0x71, 0x71, 0x71, 0x71, 0x71, 0x71, 0x71, 0x71, 0x71,
  0x71, 0x71, 0x71, 0x71, 0x71, 0x71, 0x71, 0x71, 0x71, 0x71, 0x71, 0x71,
  0x71, 0x71, 0x71, 0x71, 0x71, 0x71, 0x71, 0x71, 0x71, 0x71, 0x71, 0x71,
  0x71, 0x71, 0x71, 0x71, 0x71, 0x71, 0x71, 0x71, 0x71, 0x71, 0x71, 0x71,
  0x71, 0x71, 0x71, 0x71, 0x71, 0x71, 0x71, 0x71, 0x71, 0x71, 0x71, 0x71,
  0x71, 0x71, 0x71, 0x71, 0x71, 0x71, 0x71, 0x71, 0x71, 0x71, 0x71, 0x71,
  0x71, 0x71, 0xa1, 0x71, 0x71, 0x71, 0x71, 0x71, 0x71, 0x71, 0xa1, 0xa1,
  0xa1, 0xa1, 0xa1, 0xa1, 0xa1, 0xa1, 0xa1, 0xa1, 0xa1, 0xa1, 0xa6, 0xa6,
  0xa6, 0xa6, 0xa1, 0xa1, 0xa1, 0xa1, 0x61, 0x61, 0x61, 0x61, 0xa1, 0xa1,
  0xa1, 0xa1, 0x61, 0x61, 0x61, 0x61, 0x71, 0x71, 0x71, 0x71, 0x71, 0x71,
  0x71, 0x71, 0x71, 0x71, 0x71, 0x71, 0x71, 0x71, 0x71, 0x71, 0x71, 0x71,
  0x71, 0x71, 0x71, 0x71, 0x71, 0x71, 0x71, 0x71, 0x71, 0x71, 0x71, 0x71,
  0x71, 0x71, 0x71, 0x71, 0x71, 0x71, 0x71, 0x71, 0x71, 0x71, 0x71, 0x71,
  0x71, 0x71, 0x71, 0x71, 0x71, 0x71, 0x71, 0x71, 0x71, 0x71, 0x71, 0x71,
  0x71, 0x71, 0x71, 0x71, 0x71, 0x61, 0x61, 0x61, 0x61, 0x61, 0x71, 0x71,
  0x71, 0x61, 0x61, 0x61, 0x61, 0x61, 0x71, 0x71, 0x71, 0x71, 0x71, 0x71,
  0x71, 0xa1, 0xa1, 0xa1, 0xa1, 0xa1, 0xa1, 0xa1, 0xa1, 0xa1, 0x61, 0x61,
  0x61, 0x61, 0x61, 0x61, 0x61, 0x61, 0x6a, 0x6a, 0x6a, 0x6a, 0x6a, 0x61,
  0x61, 0x61, 0xa1, 0xa1, 0xa1, 0xa1, 0xa1, 0xa1, 0xa1, 0xa1, 0x71, 0x71,
  0x71, 0x71, 0x71, 0x71, 0x71, 0x71, 0x71, 0x71, 0x71, 0x71, 0x71, 0x71,
  0x71, 0x71, 0x71, 0x71, 0x71, 0x71, 0x71, 0x71, 0x71, 0x71, 0x71, 0x71,
  0x71, 0x71, 0x71, 0x71, 0x71, 0x71, 0x71, 0x71, 0x71, 0x71, 0x71, 0x71,
  0x71, 0x71, 0x71, 0x71, 0x71, 0x71, 0x71, 0x71, 0x71, 0x71, 0x71, 0x71,
  0x71, 0x71, 0x71, 0x71, 0x71, 0x71, 0x71, 0x71, 0x71, 0x71, 0x71, 0x71,
  0x71, 0x71, 0x71, 0x71, 0x71, 0x71, 0x71, 0x71, 0x71, 0x71, 0x71, 0x71,
  0x71, 0x71, 0x71, 0x71, 0x71, 0x71, 0x71, 0x71, 0x71, 0x71, 0x71, 0x71,
  0x71, 0x71, 0x71, 0x71, 0x71, 0x71, 0x71, 0x71, 0x71, 0x71, 0x61, 0x61,
  0x61, 0x61, 0x61, 0x61, 0x61, 0x61, 0x61, 0x61, 0x61, 0x61, 0x61, 0x61,
  0x61, 0x61, 0x61, 0x61, 0x61, 0x61, 0x61, 0x61, 0x61, 0x61, 0x61, 0x61,
  0x61, 0x61, 0x61, 0x61, 0x61, 0x61, 0x61, 0x61, 0x61, 0x61, 0x61, 0x61,
  0x61, 0x61, 0x61, 0x61, 0x61, 0x61, 0x61, 0x61, 0x61, 0x61, 0x61, 0x61,
  0x61, 0x61, 0x61, 0x61, 0x61, 0x61, 0x61, 0x61, 0x61, 0x61, 0x61, 0x61,
  0x61, 0x61, 0x61, 0x61, 0x61, 0x61, 0x61, 0x61, 0x61, 0x61, 0x61, 0x61,
  0x61, 0x61, 0x61, 0x61, 0x61, 0x61, 0x61, 0x61, 0x61, 0x61, 0x61, 0x61,
  0x61, 0x61, 0x71, 0x71, 0x71, 0x71, 0x71, 0x71, 0x71, 0x61, 0x71, 0x71,
  0x71, 0x71, 0x71, 0x71, 0x71, 0x67, 0x71, 0x71, 0x71, 0x71, 0x71, 0x71,
  0x71, 0x76, 0x61, 0x61, 0x61, 0x61, 0x61, 0x61, 0x61, 0x61, 0x61, 0x61,
  0x61, 0x61, 0x61, 0x61, 0x61, 0x61, 0x61, 0x61, 0x61, 0x61, 0x61, 0x61,
  0x61, 0x61, 0x61, 0x61, 0x61, 0x61, 0x61, 0x61, 0x61, 0x61, 0x61, 0x61,
  0x61, 0x61, 0x61, 0x61, 0x61, 0x61, 0x61, 0x61, 0x61, 0x61, 0x61, 0x61,
  0x61, 0x61, 0x61, 0x61, 0x61, 0x61, 0x61, 0x61, 0x61, 0x61, 0x61, 0x61,
  0x61, 0x61, 0x61, 0x61, 0x61, 0x61, 0x61, 0x61, 0x61, 0x61, 0x61, 0x61,
  0x61, 0x61, 0x61, 0x61, 0x61, 0x61, 0x61, 0x61, 0x61, 0x61, 0x61, 0x61,
  0x61, 0x61, 0x61, 0x61, 0x61, 0x61, 0x61, 0x61, 0x61, 0x61, 0x61, 0x61,
  0x71, 0x71, 0x67, 0x67, 0x67, 0x61, 0x61, 0x71, 0x71, 0x71, 0x76, 0x76,
  0x76, 0x71, 0x71, 0x71, 0x71, 0x71, 0x61, 0x61, 0x61, 0x71, 0x71, 0x71,
  0x71, 0x71, 0x61, 0x61, 0x61, 0x71, 0x71, 0x71, 0x71, 0x71, 0x61, 0x61,
  0x61, 0x71, 0x71, 0x71, 0x71, 0x71, 0x61, 0x61, 0x61, 0x71, 0x71, 0x71,
  0x71, 0x71, 0x61, 0x61, 0x61, 0x71, 0x71, 0x71, 0x71, 0x71, 0x61, 0x61,
  0x61, 0x71, 0x71, 0x71, 0x71, 0x71, 0x61, 0x61, 0x61, 0x71, 0x71, 0x71,
  0x71, 0x71, 0x61, 0x61, 0x61, 0x71, 0x71, 0x71, 0x71, 0x71, 0x61, 0x61,
  0x61, 0x71, 0x71, 0x71, 0x71, 0x71, 0x61, 0x61, 0x61, 0x71, 0x71, 0x71,
  0x71, 0x71, 0x61, 0x61, 0x61, 0x71, 0x71, 0x71, 0x71, 0x71, 0x71, 0x71,
  0x71, 0x71, 0x71, 0x71, 0x71, 0x71, 0x71, 0x71, 0x71, 0x71, 0x71, 0x71,
  0x71, 0x71, 0x71, 0x71, 0x71, 0x71, 0x71, 0x71, 0x71, 0x71, 0x71, 0x71,
  0x71, 0x71, 0x71, 0x71, 0x71, 0x71, 0x71, 0x71, 0x71, 0x71, 0x71, 0x71,
  0x71, 0x71, 0x71, 0x71, 0x71, 0x71, 0x71, 0x71, 0x71, 0x71, 0x71, 0x71,
  0x71, 0x71, 0x71, 0x71, 0x71, 0x71, 0x71, 0x71, 0x71, 0x71, 0x71, 0x71,
  0x71, 0x71, 0x71, 0x71, 0x71, 0x71, 0x71, 0x71, 0x71, 0x71, 0x71, 0x71,
  0x71, 0x71, 0x71, 0x71, 0x71, 0x71, 0x71, 0x71, 0x71, 0x71, 0x71, 0x71,
  0x71, 0x71, 0x71, 0x71, 0x71, 0x71, 0x71, 0x71, 0x71, 0x71, 0x71, 0x71,
  0x71, 0x71, 0x71, 0x71, 0x71, 0x71, 0x71, 0x71, 0x71, 0x71, 0x71, 0x71,
  0x71, 0x71, 0xff, 0x80, 0x80, 0x80, 0x81, 0x83, 0x86, 0x8c, 0xff, 0x00,
  0x7e, 0xff, 0x81, 0x00, 0x00, 0x00, 0xff, 0x02, 0x02, 0x02, 0x82, 0xc2,
  0x67, 0x37, 0xff, 0x00, 0x00, 0xfe, 0x63, 0x63, 0x63, 0x7e, 0xff, 0x02,
  0x02, 0x02, 0x02, 0x02, 0x07, 0x07, 0xff, 0x00, 0x00, 0xfe, 0x63, 0x63,
  0x63, 0x63, 0xff, 0x10, 0x10, 0x17, 0x13, 0x13, 0x3b, 0x3b, 0xff, 0x00,
  0x00, 0x80, 0x00, 0x00, 0x00, 0x00, 0xff, 0x04, 0x04, 0xf5, 0x64, 0x64,
  0x6e, 0x6e, 0xff, 0x00, 0x00, 0xff, 0xc1, 0xc0, 0xc0, 0xc4, 0xff, 0x40,
  0x40, 0x5e, 0x4c, 0x4c, 0xec, 0xec, 0xff, 0x00, 0x00, 0x0f, 0x06, 0x06,
  0x06, 0x06, 0xff, 0x40, 0x43, 0x47, 0x46, 0x46, 0xe6, 0xe6, 0xff, 0x01,
  0xfd, 0x0d, 0x05, 0x01, 0x01, 0x01, 0x8c, 0x8c, 0x8c, 0x8c, 0x8c, 0x8c,
  0x8c, 0x86, 0x00, 0x00, 0x00, 0x00, 0x00, 0x00, 0x00, 0x00, 0x32, 0x32,
  0x32, 0x32, 0x32, 0x32, 0x32, 0x62, 0x66, 0x66, 0x67, 0x63, 0x63, 0x61,
  0xf8, 0x00, 0x02, 0x02, 0x02, 0x02, 0x82, 0xc2, 0xf2, 0x00, 0x7e, 0x7c,
  0x60, 0x60, 0x60, 0x60, 0xf0, 0x00, 0x13, 0x13, 0x13, 0x13, 0x13, 0x13,
  0x17, 0x10, 0xff, 0xff, 0x00, 0x00, 0x00, 0x00, 0xc1, 0x00, 0xe4, 0xe4,
  0x64, 0x64, 0x64, 0x64, 0xf5, 0x04, 0xfc, 0xfc, 0xc4, 0xc0, 0xc0, 0xc1,
  0xfe, 0x00, 0x4c, 0x4c, 0x4c, 0x4c, 0x4c, 0x44, 0x43, 0x40, 0x06, 0x06,
  0x06, 0x06, 0x06, 0x04, 0xf8, 0x00, 0x43, 0x41, 0x41, 0x40, 0x40, 0x40,
  0x40, 0x40, 0x01, 0x81, 0xc1, 0xe1, 0x71, 0x39, 0x19, 0x19, 0x83, 0x81,
  0x80, 0x80, 0x80, 0xff, 0x00, 0x00, 0x00, 0x81, 0xff, 0x7e, 0x00, 0xff,
  0x00, 0x00, 0xc3, 0x82, 0x02, 0x02, 0x02, 0xfe, 0x00, 0x00, 0xff, 0x00,
  0x00, 0x00, 0x00, 0x00, 0x00, 0x00, 0xff, 0x00, 0x00, 0x00, 0x00, 0x00,
  0x00, 0x00, 0xff, 0x00, 0x00, 0x00, 0x00, 0x00, 0x00, 0x00, 0xff, 0x00,
  0x00, 0x00, 0x00, 0x00, 0x00, 0x00, 0xff, 0x00, 0x00, 0x00, 0x00, 0x00,
  0x00, 0x00, 0xff, 0x00, 0x00, 0x00, 0x00, 0x00, 0x00, 0x00, 0xff, 0x00,
  0x00, 0x00, 0x00, 0x00, 0x00, 0x00, 0xff, 0x00, 0x00, 0x00, 0x00, 0x00,
  0x00, 0x00, 0xff, 0x00, 0x00, 0x00, 0x00, 0x00, 0x00, 0x00, 0xe8, 0x2c,
  0x2f, 0x20, 0x20, 0x3f, 0x00, 0x00, 0x19, 0x39, 0xf1, 0x01, 0x01, 0xff,
  0x00, 0x00, 0xc1, 0xc1, 0xc1, 0xc1, 0xc1, 0xc1, 0xc1, 0xc1, 0xc1, 0xc1,
  0xc1, 0xc1, 0xc1, 0xc1, 0xc1, 0xc1, 0xc1, 0xc1, 0xc1, 0xc1, 0xc1, 0xc1,
  0xc1, 0xc1, 0xc1, 0xc1, 0xc1, 0xc1, 0xc1, 0xc1, 0xc1, 0xc1, 0xc1, 0xc1,
  0xc1, 0xc1, 0xc1, 0xc1, 0xc1, 0xc1, 0xc1, 0xc1, 0xc1, 0xc1, 0xc1, 0xc1,
  0xc1, 0xc1, 0xc1, 0xc1, 0xc1, 0xc1, 0xc1, 0xc1, 0xc1, 0xc1, 0xc1, 0xc1,
  0xc1, 0xc1, 0xc1, 0xc1, 0xc1, 0xc1, 0xc1, 0xc1, 0xc1, 0xc1, 0xc1, 0xc1,
  0xc1, 0xc1, 0xc1, 0xc1, 0xc1, 0xc1, 0xc1, 0xc1, 0xc1, 0xc1, 0xc1, 0xc1,
  0xc1, 0xc1, 0xc1, 0xc1, 0xc1, 0xc1, 0xc1, 0xc1, 0xc1, 0xc1, 0xc1, 0xc1,
  0xc1, 0xc1, 0xc1, 0xc1, 0xc1, 0xc1, 0xc1, 0xc1, 0xc1, 0xc1, 0xc1, 0xc1,
  0xc1, 0xc1, 0xc1, 0xc1, 0xc1, 0xc1, 0xc1, 0xc1, 0xc1, 0xc1, 0xc1, 0xc1,
  0xc1, 0xc1, 0xc1, 0xc1, 0xc1, 0xc1, 0xc1, 0xc1, 0xc1, 0xc1, 0xc1, 0xc1,
  0xc1, 0xc1, 0xc1, 0xc1, 0xc1, 0xc1, 0xc1, 0xc1, 0xc1, 0xc1, 0xc1, 0xc1,
  0xc1, 0xc1, 0xc1, 0xc1, 0xc1, 0xc1, 0xc1, 0xc1, 0xc1, 0xc1, 0xc1, 0xc1,
  0xc1, 0xc1, 0xc1, 0xc1, 0xc1, 0xc1, 0xc1, 0xc1, 0xc1, 0xc1, 0xc1, 0xc1,
  0xc1, 0xc1, 0xc1, 0xc1, 0xc1, 0xc1, 0xc1, 0xc1, 0xc1, 0xc1, 0xc1, 0xc1,
  0xc1, 0xc1, 0xc1, 0xc1, 0xc1, 0xc1, 0xc1, 0xc1, 0xc1, 0xc1, 0xc1, 0xc1,
  0xc1, 0xc1, 0xc1, 0xc1, 0xc1, 0xc1, 0xc1, 0xc1, 0xc1, 0xc1, 0xc1, 0xc1,
  0xc1, 0xc1, 0xc1, 0xc1, 0xc1, 0xc1, 0xc1, 0xc1, 0xc1, 0xc1, 0xc1, 0xc1,
  0xc1, 0xc1, 0xc1, 0xc1, 0xc1, 0xc1, 0xc1, 0xc1, 0xc1, 0xc1, 0xc1, 0xc1,
  0xc1, 0xc1, 0xc1, 0xc1, 0xc1, 0xc1, 0xc1, 0xc1, 0xc1, 0xc1, 0xc1, 0xc1,
  0xc1, 0xc1, 0xc1, 0xc1, 0xc1, 0xc1, 0xc1, 0xc1, 0xc1, 0xc1, 0xc1, 0xc1,
  0xc1, 0xc1, 0xc1, 0xc1, 0xc1, 0xc1, 0xc1, 0xc1, 0xc1, 0xc1, 0xc1, 0xc1,
  0xc1, 0xc1, 0xc1, 0xc1, 0xc1, 0xc1, 0xc1, 0xc1, 0xc1, 0xc1, 0xc1, 0xc1,
  0xc1, 0xc1, 0xc1, 0xc1, 0xc1, 0xc1, 0xc1, 0xc1, 0xc1, 0xc1, 0xc1, 0xc1,
  0xc1, 0xc1, 0xc1, 0xc1, 0xc1, 0xc1, 0xc1, 0xc1, 0xc1, 0xc1, 0xc1, 0xc1,
  0xc1, 0xc1, 0xc1, 0xc1, 0xc1, 0xc1, 0xc1, 0xc1, 0xc1, 0xc1, 0xc1, 0xc1,
  0xc1, 0xc1, 0xc1, 0xc1, 0xc1, 0xc1, 0xc1, 0xc1, 0xc1, 0xc1, 0xc1, 0xc1,
  0xc1, 0xc1, 0xc1, 0xc1, 0xc1, 0xc1, 0xc1, 0xc1, 0xc1, 0xc1, 0xc1, 0xc1,
  0xc1, 0xc1, 0x00, 0x00, 0x00, 0x00, 0x00, 0x00, 0x00, 0x00, 0x00, 0x00,
  0x00, 0x00, 0x00, 0x00, 0x00, 0x00, 0x00, 0x00, 0x00, 0x00, 0x00, 0x00,
  0x00, 0x00, 0x00, 0x00, 0x00, 0x00, 0x00, 0x00, 0x00, 0x00, 0x00, 0x00,
  0x00, 0x00, 0x00, 0x00, 0x00, 0x00, 0x00, 0x00, 0x00, 0x00, 0x00, 0x00,
  0x00, 0x00, 0x00, 0x00, 0x00, 0x00, 0x00, 0x00, 0x00, 0x00, 0x00, 0x00,
  0x00, 0x00, 0x00, 0x00, 0x00, 0x00, 0x00, 0x00, 0x5c, 0x5c, 0x5c, 0x00,
  0x5c, 0x5c, 0x5c, 0x00, 0x5c, 0x00, 0x5c, 0x00, 0x5c, 0x00, 0x00, 0x00,
  0x5c, 0x5c, 0x00, 0x00, 0x5c, 0x5c, 0x5c, 0x00, 0x5c, 0x5c, 0x5c, 0x00,
  0x00, 0x00, 0x00, 0x00, 0x5c, 0x00, 0x5c, 0x00, 0x5c, 0x00, 0x5c, 0x00,
  0x5c, 0x00, 0x5c, 0x00, 0x5c, 0x00, 0x00, 0x00, 0x5c, 0x00, 0x5c, 0x00,
  0x5c, 0x00, 0x00, 0x00, 0x5c, 0x00, 0x5c, 0x00, 0x00, 0x00, 0x00, 0x00,
  0x5c, 0x5c, 0x5c, 0x00, 0x5c, 0x00, 0x5c, 0x00, 0x5c, 0x00, 0x5c, 0x00,
  0x5c, 0x00, 0x00, 0x00, 0x5c, 0x00, 0x5c, 0x00, 0x5c, 0x5c, 0x00, 0x00,
  0x5c, 0x5c, 0x00, 0x00, 0x00, 0x00, 0x00, 0x00, 0x5c, 0x00, 0x5c, 0x00,
  0x5c, 0x00, 0x5c, 0x00, 0x5c, 0x00, 0x5c, 0x00, 0x5c, 0x00, 0x00, 0x00,
  0x5c, 0x00, 0x5c, 0x00, 0x5c, 0x00, 0x00, 0x00, 0x5c, 0x00, 0x5c, 0x00,
  0x00, 0x00, 0x00, 0x00, 0x5c, 0x5c, 0x5c, 0x00, 0x5c, 0x5c, 0x5c, 0x00,
  0x5c, 0x5c, 0x5c, 0x00, 0x5c, 0x5c, 0x5c, 0x00, 0x5c, 0x5c, 0x00, 0x00,
  0x5c, 0x5c, 0x5c, 0x00, 0x5c, 0x00, 0x5c, 0x00, 0x00, 0x00, 0x00, 0x00,
  0x00, 0x00, 0x00, 0x00, 0x00, 0x00, 0x00, 0x00, 0x00, 0x00, 0x00, 0x00,
  0x00, 0x00, 0x00, 0x00, 0x00, 0x00, 0x00, 0x00, 0x00, 0x00, 0x00, 0x00,
  0x00, 0x00, 0x00, 0x00, 0x00, 0x00, 0x00, 0x00, 0x00, 0x00, 0x00, 0x00,
  0x00, 0x00, 0x5c, 0x5c, 0x00, 0x00, 0x00, 0x5c, 0x5c, 0x00, 0x00, 0x5c,
  0x5c, 0x5c, 0x00, 0x5c, 0x00, 0x5c, 0x00, 0x54, 0x4d, 0x00, 0x00, 0x00,
  0x00, 0x00, 0x00, 0x00, 0x00, 0x00, 0x00, 0x00, 0x00, 0x00, 0x5c, 0x00,
  0x5c, 0x00, 0x5c, 0x00, 0x00, 0x5c, 0x00, 0x5c, 0x00, 0x00, 0x00, 0x5c,
  0x00, 0x5c, 0x00, 0x00, 0x00, 0x00, 0x00, 0x00, 0x00, 0x00, 0x00, 0x00,
  0x00, 0x00, 0x00, 0x00, 0x00, 0x00, 0x5c, 0x00, 0x5c, 0x00, 0x5c, 0x5c,
  0x5c, 0x5c, 0x00, 0x5c, 0x5c, 0x5c, 0x00, 0x5c, 0x5c, 0x5c, 0x00, 0x00,
  0x00, 0x00, 0x00, 0x00, 0x00, 0x00, 0x00, 0x00, 0x00, 0x00, 0x00, 0x00,
  0x00, 0x00, 0x5c, 0x00, 0x5c, 0x00, 0x5c, 0x00, 0x00, 0x5c, 0x00, 0x00,
  0x00, 0x5c, 0x00, 0x5c, 0x00, 0x5c, 0x00, 0x00, 0x00, 0x00, 0x00, 0x00,
  0x00, 0x00, 0x00, 0x00, 0x00, 0x00, 0x00, 0x00, 0x00, 0x00, 0x5c, 0x5c,
  0x00, 0x00, 0x5c, 0x00, 0x00, 0x5c, 0x00, 0x5c, 0x5c, 0x5c, 0x00, 0x5c,
  0x00, 0x5c, 0x00, 0x00, 0x00, 0x00, 0x00, 0x00, 0x00, 0x00, 0x00, 0x00,
  0x00, 0x00, 0x00, 0x00, 0x00, 0x1c, 0x3e, 0xdf, 0xf5, 0xbf, 0xdd, 0x7e,
  0x3c, 0x51, 0x51, 0x41, 0x41, 0x41, 0x41, 0x41, 0x41, 0x11, 0x11, 0x11,
  0x11, 0x11, 0x11, 0x11, 0x11, 0x20, 0x20, 0x20, 0x20, 0x20, 0x20, 0x43,
  0x4f, 0x4d, 0x50, 0x54, 0x49, 0x51, 0x20, 0x20, 0x50, 0x52, 0x45, 0x53,
  0x45, 0x4e, 0x54, 0x53, 0x20, 0x20, 0x20, 0x20, 0x20, 0x20, 0x20, 0x20,
  0x20, 0x20, 0x20, 0x20, 0x20, 0x20, 0x20, 0x20, 0x20, 0x20, 0x20, 0x20,
  0x20, 0x20, 0x20, 0x20, 0x20, 0x20, 0x20, 0x20, 0x20, 0x20, 0x20, 0x20,
  0x20, 0x20, 0x20, 0x20, 0x20, 0x20, 0x20, 0x20, 0x20, 0x20, 0x20, 0x20,
  0x20, 0x20, 0x20, 0x20, 0x42, 0x4f, 0x55, 0x4c, 0x44, 0x45, 0x52, 0x20,
  0x44, 0x41, 0x53, 0x48, 0x20, 0x54, 0x4d, 0x20, 0x20, 0x20, 0x20, 0x20,
  0x20, 0x20, 0x20, 0x20, 0x20, 0x20, 0x20, 0x20, 0x20, 0x20, 0x20, 0x20,
  0x20, 0x20, 0x20, 0x20, 0x20, 0x20, 0x20, 0x20, 0x20, 0x20, 0x20, 0x20,
  0x20, 0x20, 0x20, 0x20, 0x20, 0x20, 0x20, 0x20, 0x20, 0x20, 0x20, 0x20,
  0x20, 0x20, 0x55, 0x4e, 0x44, 0x45, 0x52, 0x20, 0x4c, 0x49, 0x43, 0x45,
  0x4e, 0x53, 0x45, 0x20, 0x46, 0x52, 0x4f, 0x4d, 0x20, 0x20, 0x20, 0x20,
  0x20, 0x20, 0x20, 0x20, 0x20, 0x20, 0x20, 0x20, 0x20, 0x20, 0x20, 0x20,
  0x46, 0x49, 0x52, 0x53, 0x54, 0x20, 0x53, 0x54, 0x41, 0x52, 0x20, 0x53,
  0x4f, 0x46, 0x54, 0x57, 0x41, 0x52, 0x45, 0x2c, 0x20, 0x49, 0x4e, 0x43,
  0x2e, 0x20, 0x20, 0x20, 0x20, 0x20, 0x20, 0x20, 0x20, 0x20, 0x20, 0x20,
  0x20, 0x20, 0x20, 0x20, 0x20, 0x20, 0x20, 0x20, 0x20, 0x20, 0x20, 0x20,
  0x20, 0x20, 0x20, 0x20, 0x20, 0x20, 0x20, 0x20, 0x20, 0x20, 0x20, 0x20,
  0x20, 0x28, 0x43, 0x29, 0x20, 0x31, 0x39, 0x38, 0x34, 0x20, 0x20, 0x20,
  0x20, 0x20, 0x20, 0x20, 0x20, 0x20, 0x20, 0x20, 0x20, 0x20, 0x20, 0x20,
  0x20, 0x20, 0x20, 0x20, 0x20, 0x20, 0x20, 0x20, 0x20, 0x20, 0x20, 0x20,
  0x46, 0x49, 0x52, 0x53, 0x54, 0x20, 0x53, 0x54, 0x41, 0x52, 0x20, 0x53,
  0x4f, 0x46, 0x54, 0x57, 0x41, 0x52, 0x45, 0x2c, 0x20, 0x49, 0x4e, 0x43,
  0x2e, 0x20, 0x20, 0x20, 0x20, 0x20, 0x20, 0x20, 0x20, 0x20, 0x20, 0x20,
  0x20, 0x20, 0x20, 0x20, 0x20, 0x20, 0x20, 0x20, 0x20, 0x20, 0x20, 0x20,
  0x20, 0x20, 0x20, 0x20, 0x20, 0x20, 0x20, 0x20, 0x20, 0x20, 0x20, 0x20,
  0x20, 0x20, 0x42, 0x4f, 0x55, 0x4c, 0x44, 0x45, 0x52, 0x20, 0x44, 0x41,
  0x53, 0x48, 0x20, 0x54, 0x4d, 0x20, 0x49, 0x53, 0x20, 0x41, 0x20, 0x54,
  0x52, 0x41, 0x44, 0x45, 0x4d, 0x41, 0x52, 0x4b, 0x20, 0x20, 0x20, 0x4f,
  0x46, 0x20, 0x46, 0x49, 0x52, 0x53, 0x54, 0x20, 0x53, 0x54, 0x41, 0x52,
  0x20, 0x53, 0x4f, 0x46, 0x54, 0x57, 0x41, 0x52, 0x45, 0x2c, 0x20, 0x49,
  0x4e, 0x43, 0x2e, 0x20, 0x20, 0x20, 0x20, 0x20, 0x20, 0x20, 0x20, 0x20,
  0x20, 0x20, 0x20, 0x20, 0x20, 0x20, 0x20, 0x20, 0x20, 0x20, 0x20, 0x20,
  0x20, 0x20, 0x20, 0x20, 0x20, 0x20, 0x20, 0x20, 0x20, 0x20, 0x20, 0x20,
  0x20, 0x20, 0x44, 0x45, 0x53, 0x49, 0x47, 0x4e, 0x45, 0x44, 0x20, 0x42,
  0x59, 0x20, 0x20, 0x20, 0x20, 0x20, 0x20, 0x20, 0x20, 0x20, 0x20, 0x20,
  0x20, 0x20, 0x20, 0x20, 0x20, 0x20, 0x20, 0x20, 0x20, 0x20, 0x20, 0x20,
  0x50, 0x45, 0x54, 0x45, 0x52, 0x20, 0x4c, 0x49, 0x45, 0x50, 0x41, 0x20,
  0x57, 0x49, 0x54, 0x48, 0x20, 0x43, 0x48, 0x52, 0x49, 0x53, 0x20, 0x47,
  0x52, 0x45, 0x59, 0x20, 0x20, 0x20, 0x20, 0x20, 0x20, 0x20, 0x20, 0x20,
  0x20, 0x20, 0x20, 0x20, 0x20, 0x20, 0x20, 0x20, 0x20, 0x20, 0x20, 0x20,
  0x20, 0x20, 0x20, 0x20, 0x20, 0x20, 0x20, 0x20, 0x20, 0x20, 0x20, 0x20,
  0x20, 0x20, 0x4c, 0x49, 0x43, 0x45, 0x4e, 0x53, 0x45, 0x44, 0x20, 0x42,
  0x59, 0x20, 0x20, 0x20, 0x20, 0x20, 0x20, 0x20, 0x20, 0x20, 0x20, 0x20,
  0x20, 0x20, 0x20, 0x20, 0x20, 0x20, 0x20, 0x20, 0x20, 0x20, 0x20, 0x20,
  0x49, 0x4e, 0x54, 0x45, 0x52, 0x4e, 0x41, 0x54, 0x49, 0x4f, 0x4e, 0x41,
  0x4c, 0x20, 0x43, 0x4f, 0x4d, 0x50, 0x55, 0x54, 0x45, 0x52, 0x20, 0x47,
  0x52, 0x4f, 0x55, 0x50, 0x20, 0x20, 0x20, 0x20, 0x20, 0x20, 0x20, 0x20,
  0x20, 0x20, 0x20, 0x20, 0x20, 0x20, 0x20, 0x20, 0x20, 0x20, 0x20, 0x20,
  0x20, 0x20, 0x20, 0x20, 0x20, 0x20, 0x20, 0x20, 0x20, 0x20, 0x20, 0x20,
  0x20, 0x20, 0x20, 0x20, 0x20, 0x20, 0x20, 0x20, 0x20, 0x20, 0x20, 0x20,
  0x20, 0x20, 0x20, 0x20, 0x20, 0x20, 0x20, 0x20, 0x20, 0x20, 0x20, 0x20,
  0x20, 0x20, 0x20, 0x20, 0x20, 0x20, 0x20, 0x20, 0x20, 0x28, 0x43, 0x29,
  0x20, 0x31, 0x39, 0x38, 0x35, 0x20, 0x20, 0x20, 0x20, 0x20, 0x20, 0x20,
  0x20, 0x20, 0x20, 0x20, 0x20, 0x20, 0x20, 0x20, 0x20, 0x20, 0x20, 0x20,
  0x20, 0x20, 0x20, 0x20, 0x20, 0x20, 0x20, 0x20, 0x43, 0x4f, 0x4d, 0x50,
  0x54, 0x49, 0x51, 0x55, 0x45, 0x20, 0x41, 0x4c, 0x4c, 0x20, 0x52, 0x49,
  0x47, 0x48, 0x54, 0x20, 0x52, 0x45, 0x53, 0x45, 0x52, 0x56, 0x45, 0x44,
  0x20, 0x03, 0x18, 0x50, 0x50, 0x50, 0x50, 0x50, 0x50, 0x50, 0x50, 0x50,
  0x62, 0x6f, 0x6e, 0x75, 0x73, 0x50, 0x6c, 0x69, 0x66, 0x65, 0x50, 0x50,
  0x50, 0x50, 0x50, 0x50, 0x50, 0x50, 0x50, 0x50, 0x00, 0x02, 0x28, 0x00,
  0x0b, 0x00, 0xf4, 0xd3, 0xf6, 0x03, 0x12, 0xff, 0x6f, 0xf7, 0x00, 0x00,
  0x01, 0x03, 0x6c, 0x01, 0x6a, 0x01, 0x67, 0x01, 0x00, 0xb8, 0x10, 0x10,
  0x10, 0x01, 0x1d, 0x01, 0x17, 0x00, 0x17, 0x00, 0x17, 0x00, 0x1b, 0x80,
  0x10, 0x10, 0x10, 0xc4, 0x20, 0x01, 0x00, 0x00, 0x00, 0x00, 0x00, 0x00,
  0x00, 0xbe, 0x0e, 0x00, 0x00, 0x00, 0x00, 0x00, 0xae, 0x00, 0x00, 0x00,
  0x00, 0x00, 0x00, 0xb8, 0x10, 0x00, 0x00, 0x00, 0x14, 0x01, 0x80, 0x01,
  0x00, 0x00, 0x00, 0x00, 0x00, 0xbe, 0x10, 0x00, 0x00, 0x00, 0x20, 0x01,
  0x00, 0x00, 0x00, 0x00, 0x00, 0x00, 0x00, 0xbc, 0x10, 0x10, 0x00, 0x00,
  0x23, 0x01, 0x00, 0x00, 0x00, 0x00, 0x00, 0x00, 0x1f, 0x80, 0x10, 0x10,
  0x10, 0xc4, 0x20, 0x01, 0x1d, 0x00, 0x00, 0x00, 0x00, 0x00, 0x00, 0xbe,
  0x10, 0x00, 0x00, 0x00, 0x0a, 0x01, 0x00, 0x01, 0x00, 0x02, 0x00, 0x01,
  0x01, 0xb8, 0x04, 0x04, 0x04, 0x00, 0x00, 0x00, 0x00, 0x00, 0x00, 0x00,
  0x00, 0x00, 0x01, 0xb6, 0x10, 0x00, 0x00, 0x27, 0x05, 0x06, 0x07, 0x18,
  0x50, 0x50, 0x50, 0x50, 0x50, 0x67, 0x61, 0x6d, 0x65, 0x50, 0x6f, 0x76,
  0x65, 0x72, 0x50, 0x50, 0x50, 0x50, 0x00, 0x63, 0x1a, 0x6c, 0x61, 0x73,
  0x74, 0x50, 0x73, 0x63, 0x6f, 0x72, 0x65, 0x50, 0x70, 0x6c, 0x61, 0x79,
  0x65, 0x72, 0x50, 0x52, 0x50, 0x50, 0x50, 0x51, 0x51, 0x51, 0x51, 0x5e,
  0x5a, 0x00, 0x83, 0x1a, 0x6c, 0x61, 0x73, 0x74, 0x50, 0x73, 0x63, 0x6f,
  0x72, 0x65, 0x50, 0x70, 0x6c, 0x61, 0x79, 0x65, 0x72, 0x50, 0x53, 0x50,
  0x50, 0x50, 0x51, 0x51, 0x51, 0x51, 0x51, 0x51, 0x00, 0xc3, 0x1a, 0x68,
  0x69, 0x67, 0x68, 0x50, 0x73, 0x63, 0x6f, 0x72, 0x65, 0x50, 0x70, 0x6c,
  0x61, 0x79, 0x65, 0x72, 0x50, 0x52, 0x50, 0x50, 0x50, 0x51, 0x51, 0x51,
  0x51, 0x5e, 0x5a, 0x00, 0xe3, 0x1a, 0x68, 0x69, 0x67, 0x68, 0x50, 0x73,
  0x63, 0x6f, 0x72, 0x65, 0x50, 0x70, 0x6c, 0x61, 0x79, 0x65, 0x72, 0x50,
  0x53, 0x50, 0x50, 0x50, 0x51, 0x51, 0x51, 0x51, 0x51, 0x51, 0x00, 0xa3,
  0x1a, 0x50, 0x50, 0x50, 0x50, 0x50, 0x50, 0x50, 0x50, 0x50, 0x50, 0x50,
  0x50, 0x50, 0x50, 0x50, 0x50, 0x50, 0x50, 0x50, 0x50, 0x50, 0x50, 0x50,
  0x50, 0x50, 0x50, 0x00, 0x28, 0x00, 0xd8, 0xff, 0xbe, 0x00, 0x6a, 0x00,
  0x01, 0x87, 0x20, 0x00, 0x06, 0x01, 0x01, 0x00, 0x04, 0x1a, 0x47, 0x01,
  0x3b, 0x05, 0x40, 0x50, 0x50, 0x50, 0x51, 0x59, 0x50, 0x5f, 0x50, 0x59,
  0x51, 0x50, 0x50, 0x50, 0x51, 0x51, 0x50, 0x50, 0x50, 0x50, 0x52, 0x59,
  0x5c, 0x50, 0x50, 0x50, 0x51, 0x51, 0x53, 0x51, 0x5d, 0x5c, 0x00, 0x03,
  0xff, 0x00, 0x00, 0xa0, 0x00, 0x01, 0x95, 0x00, 0x00, 0x00, 0x00, 0x00,
  0x87, 0x20, 0x00, 0x00, 0x00, 0x00, 0x05, 0x00, 0x25, 0x05, 0x25, 0x00,
  0x01, 0x06, 0x01, 0x01, 0x01, 0x60, 0x50, 0x50, 0x50, 0x6f, 0x75, 0x74,
  0x50, 0x6f, 0x66, 0x50, 0x74, 0x69, 0x6d, 0x65, 0x50, 0x00, 0x00, 0x00,
  0x00, 0x00, 0x00, 0x00, 0xb8, 0x0f, 0x0f, 0x0f, 0x00, 0x03, 0x01, 0x00,
  0x00, 0x00, 0x00, 0x00, 0x00, 0x00, 0x80, 0x00, 0x00, 0x00, 0x00, 0x00,
  0x00, 0x00, 0x00, 0x00, 0x00, 0x00, 0x00, 0x05, 0x80, 0x10, 0x10, 0x10,
  0xc4, 0x14, 0x01, 0x0f, 0x00, 0x10, 0x00, 0x11, 0x00, 0x00, 0xb8, 0x10,
  0x10, 0x10, 0x00, 0x04, 0x0e, 0xd8, 0xff, 0xd9, 0xff, 0x01, 0x00, 0x29,
  0x00, 0x28, 0x00, 0x27, 0x00, 0xff, 0xff, 0xd7, 0xff, 0x00, 0x00, 0x3b,
  0xe3, 0x98, 0xb0, 0xe5, 0x00, 0x00, 0x0e, 0x05, 0x0e, 0x06, 0x00, 0x0d,
  0x09, 0x05, 0x0d, 0x00, 0x06, 0x0d, 0x06, 0x06, 0x05, 0x0d, 0x06, 0x06,
  0x06, 0x06, 0x01, 0x61, 0xd1, 0x61, 0xd1, 0x61, 0x51, 0xa1, 0x61, 0x61,
  0x41, 0x31, 0x31, 0x41, 0x31, 0x61, 0x61, 0x31, 0x31, 0x31, 0x31, 0x01,
  0x01, 0xf1, 0xf1, 0x51, 0x71, 0x91, 0xf1, 0x91, 0xa1, 0xf1, 0xf1, 0x31,
  0x91, 0xe1, 0xf1, 0x02, 0x66, 0x07, 0x70, 0xe4, 0x00, 0x09, 0x18, 0x63,
  0x6f, 0x6d, 0x70, 0x74, 0x69, 0x71, 0x50, 0x70, 0x72, 0x65, 0x73, 0x65,
  0x6e, 0x74, 0x73, 0x00, 0x6a, 0x1a, 0x62, 0x79, 0x50, 0x70, 0x65, 0x74,
  0x65, 0x72, 0x50, 0x6c, 0x69, 0x65, 0x70, 0x61, 0x00, 0x8a, 0x1a, 0x77,
  0x69, 0x74, 0x68, 0x50, 0x63, 0x68, 0x72, 0x69, 0x73, 0x50, 0x67, 0x72,
  0x65, 0x79, 0x00, 0xa7, 0x1a, 0x70, 0x72, 0x65, 0x73, 0x73, 0x50, 0x62,
  0x75, 0x74, 0x74, 0x6f, 0x6e, 0x50, 0x74, 0x6f, 0x50, 0x70, 0x6c, 0x61,
  0x79, 0x00, 0xc7, 0x1a, 0x52, 0x50, 0x6a, 0x6f, 0x79, 0x73, 0x74, 0x69,
  0x63, 0x6b, 0x50, 0x50, 0x50, 0x52, 0x50, 0x70, 0x6c, 0x61, 0x79, 0x65,
  0x72, 0x50, 0x00, 0xe9, 0x1a, 0x63, 0x61, 0x76, 0x65, 0x50, 0x61, 0x50,
  0x50, 0x50, 0x6c, 0x65, 0x76, 0x65, 0x6c, 0x50, 0x52, 0x00, 0x00, 0x3c,
  0x3b, 0x3b, 0x3b, 0x3b, 0x3b, 0x3b, 0x3b, 0x05, 0x44, 0x45, 0x48, 0x49,
  0x46, 0x47, 0xbb, 0xba, 0x3d, 0x3c, 0x41, 0x40, 0x3f, 0x3e, 0xb4, 0x42,
  0x6c, 0x03, 0x18, 0x50, 0x50, 0x70, 0x72, 0x65, 0x73, 0x73, 0x50, 0x72,
  0x65, 0x74, 0x75, 0x72, 0x6e, 0x50, 0x74, 0x6f, 0x50, 0x63, 0x6f, 0x6e,
  0x74, 0x69, 0x6e, 0x75, 0x65, 0x50, 0x50, 0x00, 0x03, 0x18, 0x50, 0x50,
  0x70, 0x6c, 0x61, 0x79, 0x65, 0x72, 0x50, 0x52, 0x50, 0x50, 0x5a, 0x50,
  0x6d, 0x65, 0x6e, 0x50, 0x50, 0x63, 0x61, 0x76, 0x65, 0x50, 0x66, 0x7b,
  0x52, 0x50, 0x50, 0x00, 0x00, 0x05, 0x00, 0x00, 0x00, 0x03, 0x00, 0x00,
  0x00, 0x03, 0x00, 0x00, 0x00, 0x03, 0x00, 0x00, 0x00, 0x00, 0x05, 0x01,
  0x01, 0x01, 0x03, 0x01, 0x00, 0x00, 0x03, 0x00, 0x00, 0x00, 0x03, 0x00,
  0x00, 0x00, 0x00, 0x00, 0x31, 0x00, 0x8a, 0x00, 0xb1, 0x00, 0xfc, 0x00,
  0x83, 0x01, 0x14, 0x02, 0x5c, 0x02, 0xb3, 0x02, 0xf6, 0x02, 0x5b, 0x03,
  0xc1, 0x03, 0x2b, 0x04, 0x69, 0x04, 0xc3, 0x04, 0xfe, 0x04, 0x5d, 0x05,
  0x99, 0x05, 0xef, 0x05, 0x2d, 0x06, 0x06, 0x14, 0x0a, 0x0f, 0x0a, 0x0b,
  0x0c, 0x0d, 0x0e, 0x0c, 0x0c, 0x0c, 0x0c, 0x0c, 0x96, 0x6e, 0x46, 0x28,
  0x1e, 0x08, 0x0b, 0x09, 0xd4, 0x20, 0x00, 0x04, 0x0b, 0x00, 0x3c, 0x32,
  0x09, 0x00, 0x45, 0x01, 0x09, 0x1e, 0x02, 0x45, 0x09, 0x10, 0x1e, 0x02,
  0x01, 0x03, 0x04, 0x0c, 0x26, 0x12, 0xff, 0x02, 0x14, 0x14, 0x32, 0x03,
  0x00, 0x01, 0x57, 0x58, 0x0a, 0x0c, 0x09, 0x0d, 0x0a, 0x96, 0x6e, 0x46,
  0x46, 0x46, 0x0a, 0x04, 0x09, 0x00, 0x00, 0x00, 0x04, 0x0b, 0x0a, 0x3c,
  0x32, 0x09, 0x02, 0x45, 0x01, 0x08, 0x26, 0x02, 0x45, 0x01, 0x0f, 0x26,
  0x02, 0x45, 0x08, 0x03, 0x14, 0x04, 0x45, 0x10, 0x03, 0x14, 0x04, 0x45,
  0x18, 0x03, 0x14, 0x04, 0x45, 0x20, 0x03, 0x14, 0x04, 0x40, 0x01, 0x05,
  0x26, 0x02, 0x40, 0x01, 0x0b, 0x26, 0x02, 0x40, 0x01, 0x12, 0x26, 0x02,
  0x40, 0x14, 0x03, 0x14, 0x04, 0x01, 0x12, 0x15, 0x0c, 0x12, 0x16, 0xff,
  0x03, 0x00, 0x0f, 0x00, 0x00, 0x32, 0x36, 0x34, 0xb7, 0x18, 0x17, 0x18,
  0x17, 0x15, 0x96, 0x64, 0x5a, 0x50, 0x46, 0x09, 0x08, 0x09, 0x04, 0x00,
  0x05, 0x04, 0x0b, 0x00, 0x64, 0x32, 0x09, 0x00, 0x01, 0x03, 0x04, 0x0c,
  0x27, 0x14, 0xff, 0x04, 0x14, 0x05, 0x14, 0x00, 0x6e, 0x70, 0x73, 0x77,
  0x24, 0x24, 0x24, 0x24, 0x24, 0x78, 0x64, 0x50, 0x3c, 0x32, 0x04, 0x08,
  0x09, 0x00, 0x00, 0x04, 0x00, 0x00, 0x00, 0x14, 0x00, 0x00, 0x00, 0x01,
  0x01, 0x03, 0x0c, 0x26, 0x16, 0x88, 0x08, 0x0a, 0x04, 0x04, 0x00, 0x09,
  0x0a, 0x0b, 0x88, 0x10, 0x0a, 0x04, 0x04, 0x00, 0x09, 0x12, 0x0b, 0x88,
  0x18, 0x0a, 0x04, 0x04, 0x00, 0x09, 0x1a, 0x0b, 0x88, 0x20, 0x0a, 0x04,
  0x04, 0x00, 0x09, 0x22, 0x0b, 0xff, 0x05, 0x14, 0x32, 0x5a, 0x00, 0x00,
  0x00, 0x00, 0x00, 0x04, 0x05, 0x06, 0x07, 0x08, 0x96, 0x78, 0x5a, 0x3c,
  0x1e, 0x09, 0x0a, 0x09, 0x00, 0x00, 0x00, 0x00, 0x00, 0x00, 0x00, 0x00,
  0x00, 0x00, 0x01, 0x01, 0x03, 0x0c, 0x27, 0x16, 0x80, 0x08, 0x0a, 0x03,
  0x03, 0x00, 0x80, 0x10, 0x0a, 0x03, 0x03, 0x00, 0x80, 0x18, 0x0a, 0x03,
  0x03, 0x00, 0x80, 0x20, 0x0a, 0x03, 0x03, 0x00, 0x0b, 0x09, 0x0c, 0x0a,
  0x0a, 0x0a, 0x0b, 0x11, 0x0c, 0x0a, 0x12, 0x0a, 0x0b, 0x19, 0x0c, 0x0a,
  0x1a, 0x0a, 0x0b, 0x21, 0x0c, 0x0a, 0x22, 0x0a, 0x80, 0x08, 0x10, 0x03,
  0x03, 0x00, 0x80, 0x10, 0x10, 0x03, 0x03, 0x00, 0x80, 0x18, 0x10, 0x03,
  0x03, 0x00, 0x80, 0x20, 0x10, 0x03, 0x03, 0x00, 0x0b, 0x09, 0x12, 0x0a,
  0x0a, 0x10, 0x0b, 0x11, 0x12, 0x0a, 0x12, 0x10, 0x0b, 0x19, 0x12, 0x0a,
  0x1a, 0x10, 0x0b, 0x21, 0x12, 0x0a, 0x22, 0x10, 0xff, 0x06, 0x14, 0x28,
  0x3c, 0x00, 0x14, 0x15, 0x16, 0x17, 0x04, 0x06, 0x07, 0x08, 0x08, 0x96,
  0x78, 0x64, 0x5a, 0x50, 0x0e, 0x0a, 0x09, 0x00, 0x00, 0x04, 0x00, 0x00,
  0x00, 0x32, 0x00, 0x00, 0x00, 0x85, 0x01, 0x03, 0x0a, 0x04, 0x00, 0x85,
  0x01, 0x06, 0x0a, 0x04, 0x00, 0x85, 0x01, 0x09, 0x0a, 0x04, 0x00, 0x85,
  0x01, 0x0c, 0x0a, 0x04, 0x00, 0x48, 0x0a, 0x03, 0x0d, 0x04, 0x0b, 0x03,
  0x05, 0x0a, 0x04, 0x04, 0x0b, 0x03, 0x08, 0x0a, 0x04, 0x07, 0x0b, 0x03,
  0x0b, 0x0a, 0x04, 0x0a, 0x0b, 0x03, 0x0e, 0x0a, 0x04, 0x0d, 0x85, 0x1d,
  0x03, 0x0a, 0x04, 0x00, 0x85, 0x1d, 0x06, 0x0a, 0x04, 0x00, 0x85, 0x1d,
  0x09, 0x0a, 0x04, 0x00, 0x85, 0x1d, 0x0c, 0x0a, 0x04, 0x00, 0x48, 0x1d,
  0x03, 0x0d, 0x04, 0x0b, 0x24, 0x05, 0x0a, 0x23, 0x05, 0x0b, 0x24, 0x08,
  0x0a, 0x23, 0x08, 0x0b, 0x24, 0x0b, 0x0a, 0x23, 0x0b, 0x0b, 0x24, 0x0e,
  0x0a, 0x23, 0x0e, 0x01, 0x03, 0x14, 0x0c, 0x26, 0x14, 0xff, 0x07, 0x4b,
  0x0a, 0x14, 0x02, 0x07, 0x08, 0x0a, 0x09, 0x0f, 0x14, 0x19, 0x19, 0x19,
  0x78, 0x78, 0x78, 0x78, 0x78, 0x09, 0x0a, 0x0d, 0x00, 0x00, 0x00, 0x04,
  0x0a, 0x00, 0x64, 0x28, 0x02, 0x00, 0x45, 0x01, 0x07, 0x0c, 0x02, 0x45,
  0x1c, 0x05, 0x0b, 0x02, 0x4e, 0x13, 0x15, 0x02, 0x02, 0x0b, 0x04, 0x06,
  0x0b, 0x04, 0x0e, 0x0b, 0x04, 0x16, 0x0b, 0x22, 0x04, 0x0b, 0x22, 0x0c,
  0x0b, 0x22, 0x16, 0x01, 0x14, 0x03, 0x0c, 0x27, 0x07, 0xff, 0x08, 0x14,
  0x0a, 0x14, 0x01, 0x03, 0x04, 0x05, 0x06, 0x0a, 0x0f, 0x14, 0x14, 0x14,
  0x78, 0x6e, 0x64, 0x5a, 0x50, 0x02, 0x0e, 0x09, 0x00, 0x00, 0x00, 0x04,
  0x0a, 0x00, 0x5a, 0x32, 0x02, 0x00, 0x0b, 0x04, 0x06, 0x0b, 0x22, 0x04,
  0x0b, 0x22, 0x0c, 0x0c, 0x00, 0x05, 0x01, 0x14, 0x03, 0x45, 0x01, 0x07,
  0x0c, 0x02, 0x45, 0x01, 0x0f, 0x0c, 0x02, 0x45, 0x1c, 0x05, 0x0b, 0x02,
  0x45, 0x1c, 0x0d, 0x0b, 0x02, 0x46, 0x0e, 0x11, 0x08, 0x02, 0x0b, 0x0c,
  0x10, 0x00, 0x0e, 0x12, 0x0b, 0x13, 0x12, 0x48, 0x0e, 0x0f, 0x08, 0x02,
  0xff, 0x09, 0x14, 0x05, 0x0a, 0x64, 0x89, 0x8c, 0xfb, 0x33, 0x4b, 0x4b,
  0x50, 0x55, 0x5a, 0x96, 0x96, 0x82, 0x82, 0x78, 0x08, 0x04, 0x09, 0x00,
  0x00, 0x04, 0x0b, 0x00, 0x00, 0xf0, 0x78, 0x00, 0x00, 0x85, 0x05, 0x0a,
  0x0d, 0x0d, 0x00, 0x08, 0x0c, 0x0a, 0x85, 0x19, 0x0a, 0x0d, 0x0d, 0x00,
  0x08, 0x1f, 0x0a, 0x45, 0x11, 0x12, 0x09, 0x02, 0x40, 0x11, 0x13, 0x09,
  0x02, 0x01, 0x07, 0x0c, 0x0c, 0x08, 0x0c, 0xff, 0x0a, 0x14, 0x19, 0x3c,
  0x00, 0x00, 0x00, 0x00, 0x00, 0x0c, 0x0c, 0x0c, 0x0c, 0x0c, 0x96, 0x82,
  0x78, 0x6e, 0x64, 0x06, 0x08, 0x09, 0x00, 0x00, 0x00, 0x00, 0x00, 0x00,
  0x00, 0x00, 0x00, 0x00, 0x01, 0x0d, 0x03, 0x0c, 0x27, 0x16, 0x4b, 0x05,
  0x04, 0x11, 0x03, 0x4b, 0x15, 0x04, 0x11, 0x05, 0x80, 0x05, 0x0b, 0x11,
  0x03, 0x0a, 0xc5, 0x01, 0x04, 0x15, 0x11, 0x00, 0x0d, 0x04, 0xc5, 0x07,
  0x06, 0x0d, 0x0d, 0x00, 0x0d, 0x06, 0xc5, 0x09, 0x08, 0x09, 0x09, 0x00,
  0x0d, 0x08, 0xc5, 0x0b, 0x0a, 0x05, 0x05, 0x00, 0x0d, 0x0a, 0x85, 0x03,
  0x06, 0x03, 0x0f, 0x0a, 0x00, 0x04, 0x06, 0x4b, 0x04, 0x10, 0x04, 0x04,
  0xff, 0x0b, 0x14, 0x32, 0x00, 0x00, 0x04, 0x66, 0x97, 0x64, 0x06, 0x06,
  0x06, 0x06, 0x06, 0x78, 0x78, 0x96, 0x96, 0xf0, 0x0b, 0x08, 0x09, 0x00,
  0x00, 0x00, 0x04, 0x0a, 0x00, 0x64, 0x50, 0x02, 0x00, 0x45, 0x0a, 0x03,
  0x09, 0x04, 0x45, 0x14, 0x03, 0x09, 0x04, 0x45, 0x1e, 0x03, 0x09, 0x04,
  0x45, 0x09, 0x16, 0x09, 0x00, 0x45, 0x0c, 0x0f, 0x11, 0x02, 0x45, 0x05,
  0x0b, 0x09, 0x02, 0x45, 0x0f, 0x0b, 0x09, 0x02, 0x45, 0x19, 0x0b, 0x09,
  0x02, 0x45, 0x1c, 0x13, 0x0b, 0x01, 0x0b, 0x04, 0x03, 0x0b, 0x0e, 0x03,
  0x0b, 0x18, 0x03, 0x0b, 0x22, 0x03, 0x0b, 0x04, 0x16, 0x0b, 0x03, 0x15,
  0x01, 0x14, 0x14, 0x0c, 0x26, 0x11, 0xff, 0x0c, 0x14, 0x14, 0x00, 0x00,
  0x3c, 0x02, 0x3b, 0x66, 0x13, 0x13, 0x0e, 0x10, 0x15, 0xb4, 0xaa, 0xa0,
  0xa0, 0xa0, 0x0c, 0x0a, 0x09, 0x00, 0x00, 0x00, 0x04, 0x0b, 0x00, 0x3c,
  0x32, 0x09, 0x00, 0x45, 0x0a, 0x05, 0x12, 0x04, 0x45, 0x0e, 0x05, 0x12,
  0x04, 0x45, 0x12, 0x05, 0x12, 0x04, 0x45, 0x16, 0x05, 0x12, 0x04, 0x45,
  0x02, 0x06, 0x0b, 0x02, 0x45, 0x02, 0x0a, 0x0b, 0x02, 0x45, 0x02, 0x0e,
  0x0f, 0x02, 0x45, 0x02, 0x12, 0x0b, 0x02, 0x88, 0x1e, 0x04, 0x04, 0x04,
  0x00, 0x0a, 0x20, 0x05, 0x88, 0x1e, 0x09, 0x04, 0x04, 0x00, 0x0a, 0x20,
  0x0a, 0x88, 0x1e, 0x0e, 0x04, 0x04, 0x00, 0x0a, 0x20, 0x0f, 0x01, 0x03,
  0x14, 0x0c, 0x27, 0x16, 0xff, 0x0d, 0x8c, 0x05, 0x08, 0x00, 0x01, 0x02,
  0x03, 0x04, 0x32, 0x37, 0x3c, 0x46, 0x50, 0xa0, 0x9b, 0x96, 0x91, 0x8c,
  0x06, 0x08, 0x0d, 0x00, 0x00, 0x04, 0x00, 0x00, 0x00, 0x28, 0x00, 0x00,
  0x00, 0x01, 0x12, 0x03, 0x0c, 0x0a, 0x03, 0x0e, 0x14, 0x03, 0x45, 0x05,
  0x12, 0x1e, 0x02, 0x49, 0x05, 0x13, 0x1e, 0x02, 0x44, 0x05, 0x14, 0x1e,
  0x02, 0xc8, 0x05, 0x15, 0x1e, 0x02, 0xff, 0x0e, 0x14, 0x0a, 0x14, 0x00,
  0x00, 0x00, 0x00, 0x00, 0x1e, 0x23, 0x28, 0x2a, 0x2d, 0x96, 0x91, 0x8c,
  0x87, 0x82, 0x0c, 0x08, 0x09, 0x00, 0x00, 0x04, 0x00, 0x00, 0x00, 0x00,
  0x00, 0x00, 0x00, 0x88, 0x0a, 0x0a, 0x0d, 0x0d, 0x00, 0x49, 0x0b, 0x0b,
  0x0c, 0x03, 0xc8, 0x0c, 0x0a, 0x03, 0x0d, 0xc8, 0x10, 0x0a, 0x03, 0x0d,
  0xc8, 0x14, 0x0a, 0x03, 0x0d, 0x44, 0x16, 0x08, 0x0c, 0x02, 0x4a, 0x16,
  0x07, 0x0c, 0x02, 0xc8, 0x17, 0x06, 0x03, 0x04, 0xc8, 0x1b, 0x06, 0x03,
  0x04, 0xc8, 0x1f, 0x06, 0x03, 0x04, 0x01, 0x03, 0x03, 0x0c, 0x27, 0x14,
  0xff, 0x0f, 0x08, 0x0a, 0x14, 0x01, 0x1d, 0x1e, 0x1f, 0x20, 0x0f, 0x14,
  0x14, 0x19, 0x1e, 0x78, 0x78, 0x78, 0x78, 0x8c, 0x08, 0x0e, 0x09, 0x00,
  0x00, 0x00, 0x04, 0x0a, 0x00, 0x64, 0x50, 0x02, 0x00, 0x45, 0x02, 0x04,
  0x0a, 0x03, 0x45, 0x0f, 0x0d, 0x0a, 0x01, 0x48, 0x0c, 0x0e, 0x03, 0x02,
  0x46, 0x0c, 0x0f, 0x03, 0x02, 0x0c, 0x14, 0x16, 0x01, 0x14, 0x03, 0xff,
  0x10, 0x14, 0x0a, 0x14, 0x01, 0x78, 0x81, 0x7e, 0x7b, 0x0c, 0x0f, 0x0f,
  0x0f, 0x0c, 0x96, 0x96, 0x96, 0x96, 0x96, 0x09, 0x0a, 0x09, 0x00, 0x00,
  0x04, 0x00, 0x00, 0x00, 0x32, 0x00, 0x00, 0x00, 0x01, 0x01, 0x03, 0x0c,
  0x27, 0x04, 0x88, 0x08, 0x13, 0x04, 0x04, 0x00, 0x0a, 0x0a, 0x14, 0xc5,
  0x07, 0x0a, 0x06, 0x08, 0x46, 0x07, 0x0a, 0x06, 0x02, 0x88, 0x10, 0x13,
  0x04, 0x04, 0x00, 0x0a, 0x12, 0x14, 0xc5, 0x0f, 0x0a, 0x06, 0x08, 0x46,
  0x0f, 0x0a, 0x06, 0x02, 0x88, 0x18, 0x13, 0x04, 0x04, 0x00, 0x0a, 0x1a,
  0x14, 0x88, 0x20, 0x13, 0x04, 0x04, 0x00, 0x0a, 0x22, 0x14, 0xff, 0x11,
  0x14, 0x1e, 0x00, 0x0a, 0x0b, 0x0c, 0x0d, 0x0e, 0x06, 0x06, 0x06, 0x06,
  0x06, 0x0a, 0x0a, 0x0a, 0x0a, 0x0a, 0x0e, 0x02, 0x09, 0x00, 0x00, 0x00,
  0x0b, 0x00, 0x00, 0xff, 0x09, 0x00, 0x00, 0x80, 0x00, 0x02, 0x28, 0x16,
  0x00, 0x8d, 0x00, 0x02, 0x10, 0x0b, 0x00, 0x09, 0x0e, 0x03, 0x04, 0x0a,
  0x04, 0x08, 0x0a, 0x05, 0x01, 0x03, 0x05, 0x0c, 0x0f, 0x0b, 0xff, 0x12,
  0x14, 0x0a, 0x00, 0x0a, 0x0b, 0x0c, 0x0d, 0x0e, 0x10, 0x10, 0x10, 0x10,
  0x0f, 0x0f, 0x0f, 0x0f, 0x0f, 0x0f, 0x06, 0x0f, 0x09, 0x00, 0x00, 0x00,
  0x00, 0x00, 0x00, 0x00, 0x00, 0x00, 0x00, 0x8d, 0x00, 0x02, 0x28, 0x16,
  0x0d, 0x8d, 0x00, 0x02, 0x14, 0x0c, 0x08, 0x44, 0x01, 0x03, 0x09, 0x03,
  0x4a, 0x02, 0x03, 0x08, 0x03, 0x4b, 0x01, 0x05, 0x08, 0x03, 0x44, 0x01,
  0x06, 0x07, 0x03, 0x44, 0x12, 0x03, 0x09, 0x05, 0x4b, 0x12, 0x05, 0x08,
  0x05, 0x44, 0x12, 0x06, 0x07, 0x05, 0x01, 0x01, 0x04, 0x0c, 0x12, 0x04,
  0xff, 0x13, 0x04, 0x0a, 0x00, 0x0a, 0x0b, 0x0c, 0x0d, 0x0e, 0x0e, 0x0e,
  0x0e, 0x0e, 0x0e, 0x14, 0x14, 0x14, 0x14, 0x14, 0x06, 0x08, 0x09, 0x00,
  0x00, 0x00, 0x00, 0x00, 0x00, 0x00, 0x00, 0x00, 0x00, 0x8d, 0x00, 0x02,
  0x28, 0x16, 0x00, 0x8d, 0x00, 0x02, 0x14, 0x0c, 0x00, 0x4b, 0x01, 0x0c,
  0x12, 0x02, 0x8a, 0x0f, 0x09, 0x04, 0x04, 0x0a, 0x01, 0x08, 0x03, 0x0c,
  0x12, 0x07, 0xff, 0x14, 0x03, 0x1e, 0x00, 0x00, 0x00, 0x00, 0x00, 0x00,
  0x06, 0x06, 0x06, 0x06, 0x06, 0x14, 0x14, 0x14, 0x14, 0x14, 0x06, 0x08,
  0x09, 0x00, 0x00, 0x00, 0x00, 0x00, 0x00, 0x00, 0x00, 0x00, 0x00, 0x80,
  0x00, 0x02, 0x28, 0x16, 0x00, 0x8d, 0x00, 0x02, 0x14, 0x0c, 0x08, 0xc4,
  0x0b, 0x03, 0x03, 0x02, 0x80, 0x0b, 0x07, 0x03, 0x06, 0x00, 0x46, 0x0b,
  0x06, 0x03, 0x02, 0x46, 0x0b, 0x0a, 0x03, 0x02, 0x44, 0x08, 0x07, 0x03,
  0x03, 0x01, 0x03, 0x03, 0x0c, 0x09, 0x0a, 0xff, 0x04, 0x04, 0x08, 0x08,
  0x08, 0x08, 0x34, 0x35, 0x36, 0x37, 0x34, 0x35, 0x36, 0x37, 0x34, 0x35,
  0x36, 0x37, 0x34, 0x35, 0x36, 0x37, 0x34, 0x35, 0xbd, 0x3b, 0x34, 0x35,
  0xbd, 0x3b, 0x34, 0x35, 0xbd, 0x3b, 0x34, 0x35, 0xbd, 0x3b, 0x38, 0x39,
  0xbd, 0x3b, 0xbf, 0xbe, 0xbd, 0x3b, 0x38, 0x39, 0xbd, 0x3b, 0x34, 0x35,
  0xbd, 0x3b, 0x34, 0x35, 0xbd, 0x3b, 0x34, 0x35, 0x3a, 0x3b, 0x34, 0x35,
  0xbd, 0x3b, 0x34, 0x35, 0x3a, 0x3b, 0x34, 0x35, 0xbd, 0x3b, 0x38, 0x39,
  0xbd, 0x3b, 0xbf, 0xbe, 0xbd, 0x3b, 0x38, 0x39, 0xbd, 0x3b, 0x34, 0x35,
  0xbd, 0x3b, 0x38, 0x39, 0x3a, 0x3b, 0x34, 0x35, 0x36, 0x37, 0x34, 0x35,
  0x36, 0x37, 0x34, 0x35, 0x36, 0x37, 0x34, 0x39, 0xbd, 0x3b, 0x34, 0xbe,
  0xbd, 0x3b, 0x34, 0x39, 0xbd, 0x3b, 0x34, 0x35, 0xbd, 0x3b, 0x34, 0x35,
  0x3a, 0x3b, 0x34, 0x35, 0xbd, 0x37, 0x34, 0x35, 0x36, 0x3b, 0x12, 0x15,
  0x00, 0x07, 0x1a, 0x3c, 0x04, 0x07, 0x22, 0x5c, 0x08, 0x07, 0x2a, 0x7c,
  0x0c, 0x07, 0x32, 0x9c, 0x10, 0x07, 0x3a, 0xbc, 0x14, 0x07, 0x42, 0xdc,
  0x18, 0x07, 0x4e, 0x37, 0x1c, 0x07, 0x5e, 0x5c, 0x20, 0x07, 0x66, 0x7c,
  0x24, 0x07, 0x6e, 0x9c, 0x28, 0x07, 0x6f, 0xbc, 0x2c, 0x07, 0xff, 0xff,
  0xff, 0xfc, 0xfc, 0xfc, 0xff, 0xff, 0xff, 0xff, 0xfc, 0xfc, 0xfc, 0xff,
  0xff, 0xff, 0xfe, 0xff, 0xff, 0x03, 0x03, 0x03, 0xff, 0xfe, 0xfc, 0xfe,
  0x03, 0x03, 0x03, 0xff, 0xff, 0xfe, 0xff, 0xff, 0xff, 0xfc, 0xfc, 0xfc,
  0xfc, 0xfc, 0xfc, 0xfc, 0xfc, 0xfc, 0xfc, 0xff, 0xff, 0xff, 0xf8, 0xf8,
  0xf8, 0x18, 0x18, 0x18, 0x18, 0x18, 0x18, 0x18, 0x18, 0x18, 0x18, 0xf8,
  0xf8, 0xf8, 0xfc, 0xfc, 0xfc, 0xfc, 0xfc, 0xfc, 0xfc, 0xfc, 0xfc, 0xfc,
  0xfc, 0xfc, 0xfc, 0xff, 0xff, 0xff, 0x18, 0x18, 0x18, 0x18, 0x18, 0x18,
  0x18, 0x18, 0x18, 0x18, 0x18, 0x18, 0x18, 0xf8, 0xf8, 0xf8, 0xfc, 0xfc,
  0xfc, 0xfc, 0xfc, 0xfc, 0xfc, 0xfc, 0xfc, 0xfc, 0xfc, 0xfc, 0xfc, 0xff,
  0xff, 0xff, 0x00, 0x00, 0x00, 0x00, 0x00, 0x00, 0x00, 0x00, 0x00, 0x00,
  0x00, 0x00, 0x00, 0xf8, 0xf8, 0xf8, 0xff, 0xff, 0xff, 0xfc, 0xfc, 0xfc,
  0xfc, 0xfc, 0xfc, 0xfc, 0xfc, 0xfc, 0xfc, 0xff, 0xff, 0xff, 0xe0, 0xf0,
  0xf8, 0x18, 0x18, 0x18, 0x18, 0x18, 0x18, 0x18, 0x18, 0x18, 0x18, 0xf8,
  0xf0, 0xe0, 0xff, 0xff, 0xff, 0xfc, 0xfc, 0xfc, 0xff, 0xff, 0xff, 0xff,
  0xfc, 0xfc, 0xfc, 0xff, 0xff, 0xff, 0xf8, 0xf8, 0xf8, 0x00, 0x00, 0x00,
  0xc0, 0xc0, 0xc0, 0xc0, 0x00, 0x00, 0x00, 0xf8, 0xf8, 0xf8, 0xff, 0xff,
  0xff, 0xfc, 0xfc, 0xfc, 0xff, 0xff, 0xff, 0xff, 0xff, 0xff, 0xff, 0xfc,
  0xfc, 0xfc, 0xf0, 0xf0, 0xf8, 0x18, 0x18, 0x18, 0xf0, 0xe0, 0xc0, 0xc0,
  0xe0, 0xf0, 0xf8, 0x18, 0x18, 0x18, 0xff, 0xff, 0xff, 0xfc, 0xfc, 0xfc,
  0xfc, 0xfc, 0xfc, 0xfc, 0xfc, 0xfc, 0xfc, 0xff, 0xff, 0xff, 0xfe, 0xff,
  0xff, 0x03, 0x03, 0x03, 0x03, 0x03, 0x03, 0x03, 0x03, 0x03, 0x03, 0xff,
  0xff, 0xfe, 0x0f, 0x0f, 0x0f, 0xfc, 0xfc, 0xfc, 0xff, 0xff, 0xff, 0xfc,
  0xfc, 0xfc, 0xfc, 0xfc, 0xfc, 0xfc, 0xe0, 0xf0, 0xf8, 0x18, 0x18, 0x18,
  0xf8, 0xf8, 0xf8, 0x18, 0x18, 0x18, 0x18, 0x18, 0x18, 0x18, 0xff, 0xff,
  0xff, 0xfc, 0xfc, 0xfc, 0xff, 0xff, 0xff, 0xff, 0x00, 0x00, 0x00, 0xff,
  0xff, 0xff, 0xf8, 0xf8, 0xf8, 0x00, 0x00, 0x00, 0xf8, 0xf8, 0xf8, 0xf8,
  0xf8, 0xf8, 0xf8, 0xf8, 0xf8, 0xf8, 0xfc, 0xfc, 0xfc, 0xfc, 0xfc, 0xfc,
  0xff, 0xff, 0xff, 0xff, 0xfc, 0xfc, 0xfc, 0xfc, 0xfc, 0xfc, 0x18, 0x18,
  0x18, 0x18, 0x18, 0x18, 0xf8, 0xf8, 0xf8, 0xf8, 0x18, 0x18, 0x18, 0x18,
  0x18, 0x18, 0x7f, 0x41, 0x77, 0x77, 0x77, 0x7f, 0x00, 0x00, 0x00, 0x00,
  0x00, 0x00, 0x00, 0x00, 0x00, 0x00, 0xfc, 0x24, 0x54, 0x74, 0x74, 0xfc,
  0x00, 0x00, 0x00, 0x00, 0x00, 0x00, 0x00, 0x00, 0x00, 0x00, 0x16, 0x22,
  0x1d, 0x26, 0x22, 0x29, 0x25, 0x2e, 0x14, 0x24, 0x1f, 0x27, 0x20, 0x29,
  0x27, 0x30, 0x12, 0x2a, 0x12, 0x2c, 0x1e, 0x2e, 0x12, 0x31, 0x20, 0x2c,
  0x33, 0x37, 0x21, 0x2d, 0x31, 0x35, 0x16, 0x22, 0x16, 0x2e, 0x16, 0x1d,
  0x16, 0x24, 0x14, 0x20, 0x14, 0x30, 0x14, 0x24, 0x14, 0x20, 0x16, 0x22,
  0x16, 0x2e, 0x16, 0x1d, 0x16, 0x24, 0x1e, 0x2a, 0x1e, 0x3a, 0x1e, 0x2e,
  0x1e, 0x2a, 0x14, 0x20, 0x14, 0x2c, 0x14, 0x1b, 0x14, 0x22, 0x1c, 0x28,
  0x1c, 0x38, 0x1c, 0x2c, 0x1c, 0x28, 0x11, 0x1d, 0x29, 0x2d, 0x11, 0x1f,
  0x29, 0x2e, 0x0f, 0x27, 0x0f, 0x27, 0x16, 0x33, 0x16, 0x27, 0x16, 0x2e,
  0x16, 0x2e, 0x16, 0x2e, 0x16, 0x2e, 0x22, 0x2e, 0x22, 0x2e, 0x16, 0x2e,
  0x16, 0x2e, 0x14, 0x2e, 0x14, 0x2e, 0x14, 0x2e, 0x14, 0x2e, 0x20, 0x2e,
  0x20, 0x2e, 0x14, 0x2e, 0x14, 0x2e, 0x16, 0x2e, 0x32, 0x2e, 0x16, 0x2e,
  0x33, 0x2e, 0x22, 0x2e, 0x32, 0x2e, 0x16, 0x2e, 0x33, 0x2e, 0x14, 0x2e,
  0x32, 0x2e, 0x14, 0x2e, 0x33, 0x2e, 0x20, 0x2c, 0x30, 0x2c, 0x14, 0x2c,
  0x31, 0x2c, 0x16, 0x2e, 0x16, 0x3a, 0x16, 0x2e, 0x35, 0x38, 0x22, 0x2e,
  0x22, 0x37, 0x16, 0x2e, 0x31, 0x35, 0x14, 0x2c, 0x14, 0x38, 0x14, 0x2c,
  0x14, 0x38, 0x20, 0x2c, 0x20, 0x33, 0x14, 0x2c, 0x14, 0x38, 0x16, 0x2e,
  0x32, 0x2e, 0x20, 0x2e, 0x33, 0x2e, 0x22, 0x2e, 0x32, 0x2e, 0x16, 0x2e,
  0x33, 0x2e, 0x14, 0x2e, 0x32, 0x2e, 0x14, 0x2e, 0x33, 0x2e, 0x20, 0x2c,
  0x30, 0x2c, 0x14, 0x2c, 0x31, 0x2c, 0x2e, 0x32, 0x29, 0x2e, 0x26, 0x29,
  0x22, 0x26, 0x2c, 0x30, 0x27, 0x2c, 0x24, 0x27, 0x14, 0x20, 0x35, 0x32,
  0x32, 0x2e, 0x2e, 0x29, 0x29, 0x26, 0x27, 0x30, 0x24, 0x2c, 0x20, 0x27,
  0x14, 0x20, 0x9c, 0xe7, 0x3c, 0x9b, 0x02, 0x73, 0xeb, 0x6b, 0xf2, 0x80,
  0x14, 0xaf, 0x4e, 0xf4, 0x9e, 0x4e, 0x01, 0xba, 0x76, 0x36, 0xf9, 0xc0,
  0x8a, 0x57, 0x27, 0xfa, 0xcf, 0xa7, 0x81, 0x5d, 0x3b, 0x1b, 0xfd, 0xe0,
  0xc5, 0xac, 0x94, 0x7d, 0x68, 0x53, 0x40, 0x2e, 0x1d, 0x0d, 0xfe, 0xf0,
  0xe3, 0xd6, 0xca, 0xbe, 0xb4, 0xaa, 0xa0, 0x97, 0x8f, 0x87, 0x7f, 0x78,
  0x0c, 0x0b, 0x0b, 0x0a, 0x0a, 0x09, 0x08, 0x08, 0x07, 0x07, 0x07, 0x06,
  0x06, 0x05, 0x05, 0x05, 0x05, 0x04, 0x04, 0x04, 0x03, 0x03, 0x03, 0x03,
  0x03, 0x02, 0x02, 0x02, 0x02, 0x02, 0x02, 0x02, 0x01, 0x01, 0x01, 0x01,
  0x01, 0x01, 0x01, 0x01, 0x01, 0x01, 0x01, 0x01, 0x00, 0x00, 0x00, 0x00,
  0x00, 0x00, 0x00, 0x00, 0x00, 0x00, 0x00, 0x00, 0x00, 0x00, 0x43, 0x33,
  0x33, 0x33, 0x23, 0x33, 0x33, 0x33, 0x33, 0x34, 0x11, 0x33, 0x33, 0x24,
  0x33, 0x33, 0x33, 0x33, 0x32, 0x22, 0x22, 0x22, 0x21, 0x33, 0x22, 0x33,
  0x32, 0x21, 0x11, 0x11, 0x11, 0x11, 0x11, 0x41, 0x11, 0x14, 0x41, 0x11,
  0x11, 0x11, 0x11, 0x11, 0x44, 0x22, 0x11, 0x11, 0x11, 0x11, 0x12, 0x22,
  0x23, 0x23, 0x33, 0x33, 0x32, 0x33, 0x33, 0x33, 0x33, 0x33, 0x33, 0x23,
  0x33, 0x34, 0x33, 0x23, 0x33, 0x32, 0x23, 0x33, 0x44, 0x43, 0x33, 0x33,
  0x21, 0x00, 0x00, 0x00, 0x00, 0x00, 0x50, 0x50, 0x50, 0x50, 0x50, 0x50,
  0x50, 0x50, 0x50, 0x50, 0x50, 0x50, 0x50, 0x50, 0x50, 0x50, 0xa0, 0xa1,
  0xa2, 0xa3, 0xa0, 0xa1, 0xa2, 0xa3, 0xa0, 0xa1, 0xa2, 0xa3, 0xa0, 0xa1,
  0xa2, 0xa3, 0xa4, 0xa5, 0xa6, 0xa7, 0xa4, 0xa5, 0xa6, 0xa7, 0xa4, 0xa5,
  0xa6, 0xa7, 0xa4, 0xa5, 0xa6, 0xa7, 0xa8, 0xa9, 0xaa, 0xab, 0xa8, 0xa9,
  0xab, 0xac, 0xa8, 0xa9, 0xaa, 0xab, 0xa8, 0xa9, 0xaa, 0xab, 0x1c, 0x1d,
  0x1e, 0x1f, 0x1c, 0x1d, 0x1e, 0x1f, 0x1c, 0x1d, 0x1e, 0x1f, 0x1c, 0x1d,
  0x1e, 0x1f, 0x20, 0x20, 0x20, 0x20, 0x20, 0x20, 0x20, 0x20, 0x20, 0x20,
  0x20, 0x20, 0x20, 0x20, 0x20, 0x20, 0x20, 0x20, 0x20, 0x20, 0x20, 0x20,
  0x20, 0x20, 0x20, 0x20, 0x20, 0x20, 0x20, 0x20, 0x20, 0x20, 0x20, 0x20,
  0x20, 0x20, 0x23, 0x23, 0x23, 0x23, 0x20, 0x20, 0x20, 0x20, 0x23, 0x23,
  0x23, 0x23, 0x18, 0x19, 0x1a, 0x1b, 0x18, 0x19, 0x1a, 0x1b, 0x18, 0x19,
  0x1a, 0x1b, 0x18, 0x19, 0x1a, 0x1b, 0x00, 0x01, 0x02, 0x03, 0x04, 0x05,
  0x06, 0x07, 0x98, 0x99, 0x9a, 0x9b, 0x9c, 0x9d, 0x9e, 0x9f, 0x24, 0x25,
  0x26, 0x27, 0x28, 0x29, 0x2a, 0x2b, 0x90, 0x91, 0x92, 0x93, 0x94, 0x95,
  0x96, 0x97, 0x08, 0x09, 0x0a, 0x0b, 0x0c, 0x0d, 0x0e, 0x0f, 0x80, 0x81,
  0x82, 0x83, 0x84, 0x85, 0x86, 0x87, 0x30, 0x30, 0x30, 0x30, 0x30, 0x30,
  0x30, 0x30, 0x30, 0x30, 0x30, 0x30, 0x30, 0x30, 0x30, 0x30, 0x2c, 0x2c,
  0x2c, 0x2c, 0x2d, 0x2d, 0x2d, 0x2d, 0x2c, 0x2c, 0x2c, 0x2c, 0x2c, 0x2c,
  0x2c, 0x2c, 0x10, 0x11, 0x12, 0x13, 0x14, 0x15, 0x16, 0x17, 0x10, 0x11,
  0x12, 0x13, 0x14, 0x15, 0x16, 0x17, 0x54, 0x55, 0x56, 0x57, 0x88, 0x89,
  0x8a, 0x8b, 0x8c, 0x8d, 0x8e, 0x8f, 0x50, 0x50, 0x50, 0x50, 0x83, 0xe1,
  0xf9, 0xff, 0xff, 0xff, 0xff, 0xff, 0xc1, 0x87, 0x9f, 0xff, 0xff, 0xff,
  0xff, 0xff, 0xff, 0xff, 0xff, 0xff, 0xff, 0xf8, 0xe0, 0x80, 0xff, 0xff,
  0xff, 0xff, 0xff, 0x1f, 0x07, 0x01, 0x42, 0x61, 0x71, 0x79, 0x7d, 0x7f,
  0x7f, 0x7f, 0x42, 0x86, 0x8e, 0x9e, 0xbe, 0xfe, 0xfe, 0xfe, 0x7f, 0x7f,
  0x7f, 0x7f, 0x7e, 0x78, 0x70, 0x60, 0xfe, 0xfe, 0xfe, 0xfe, 0x7e, 0x1e,
  0x0e, 0x06, 0x01, 0x03, 0x07, 0x0f, 0x1f, 0x3f, 0x7f, 0xff, 0x80, 0xc0,
  0xe0, 0xf0, 0xf8, 0xfc, 0xfe, 0xff, 0xff, 0x7f, 0x3f, 0x1f, 0x0f, 0x07,
  0x03, 0x01, 0xff, 0xfe, 0xfc, 0xf8, 0xf0, 0xe0, 0xc0, 0x80, 0x01, 0x03,
  0x07, 0x0f, 0x1f, 0x3f, 0x7f, 0xff, 0x80, 0xc0, 0xe0, 0xf0, 0xf8, 0xfc,
  0xfe, 0xff, 0xff, 0x7f, 0x3f, 0x1f, 0x0f, 0x07, 0x03, 0x01, 0xff, 0xfe,
  0xfc, 0xf8, 0xf0, 0xe0, 0xc0, 0x80, 0xfc, 0xfc, 0xfc, 0xff, 0x3f, 0x3f,
  0x3f, 0xff, 0x0f, 0x1f, 0x1f, 0xfe, 0xf8, 0xfc, 0xff, 0xff, 0xff, 0xff,
  0xff, 0x3f, 0x3f, 0xfe, 0xfc, 0xfc, 0xf8, 0xf8, 0xf8, 0xfc, 0xff, 0xff,
  0x0f, 0x0f, 0xfe, 0xfe, 0xff, 0x7f, 0x7f, 0xff, 0xff, 0xff, 0x3f, 0x3f,
  0xff, 0xfc, 0xfc, 0xff, 0xff, 0xff, 0x7f, 0x7f, 0xff, 0xff, 0xff, 0xff,
  0xfe, 0xfe, 0xff, 0xfe, 0xfe, 0xff, 0xff, 0xff, 0x1f, 0x0f, 0xff, 0xb7,
  0xee, 0xbb, 0xbe, 0xff, 0xff, 0xf7, 0xff, 0xff, 0xf9, 0xfb, 0x53, 0xff,
  0xff, 0xeb, 0xbd, 0xda, 0xef, 0xc1, 0xf7, 0xc9, 0xbc, 0xff, 0x1f, 0xff,
  0xfb, 0xdb, 0x99, 0x47, 0xf1, 0xff, 0x03, 0x07, 0x1f, 0x7f, 0x7a, 0xda,
  0xbf, 0xdf, 0xc0, 0xf8, 0xfe, 0xff, 0xff, 0xf7, 0xff, 0xf7, 0xf3, 0x9f,
  0xcf, 0xf7, 0x66, 0x33, 0x1f, 0x0f, 0xff, 0xef, 0xdb, 0xff, 0xff, 0xd6,
  0xfc, 0xf8, 0x00, 0x7e, 0x7e, 0x7e, 0x00, 0xe7, 0xe7, 0xe7, 0x44, 0xee,
  0x44, 0x00, 0x11, 0xbb, 0x11, 0x00, 0x44, 0xee, 0x44, 0x00, 0x11, 0xbb,
  0x11, 0x00, 0x00, 0xe7, 0xe7, 0xe7, 0x00, 0x7e, 0x7e, 0x7e, 0xff, 0xff,
  0xff, 0xe0, 0xe0, 0xe0, 0xe3, 0xe3, 0xff, 0xff, 0xff, 0x07, 0x07, 0x07,
  0xc7, 0xc7, 0xe3, 0xe3, 0xe0, 0xe0, 0xe0, 0xff, 0xff, 0xff, 0xc7, 0xc7,
  0x07, 0x07, 0x07, 0xff, 0xff, 0xff, 0xff, 0xff, 0xff, 0xe0, 0xe0, 0xe0,
  0xe3, 0xe3, 0xff, 0xff, 0xff, 0x07, 0x07, 0x07, 0xc7, 0xc7, 0xe3, 0xe3,
  0xe0, 0xe0, 0xe0, 0xff, 0xff, 0xff, 0xc7, 0xc7, 0x07, 0x07, 0x07, 0xff,
  0xff, 0xff, 0x00, 0x00, 0x00, 0x18, 0x18, 0x00, 0x00, 0x00, 0x00, 0x00,
  0x00, 0x18, 0x18, 0x00, 0x00, 0x00, 0x00, 0x00, 0x00, 0x18, 0x18, 0x00,
  0x00, 0x00, 0x00, 0x00, 0x00, 0x00, 0x00, 0x18, 0x18, 0x00, 0x00, 0x00,
  0x00, 0x18, 0x18, 0x00, 0x00, 0x00, 0x00, 0x00, 0x00, 0x18, 0x18, 0x00,
  0x00, 0x00, 0xc0, 0xdc, 0xdc, 0xdc, 0xc0, 0xc0, 0xff, 0xff, 0x03, 0x3b,
  0x3b, 0x3b, 0x03, 0x03, 0xff, 0xff, 0x00, 0x0c, 0x0f, 0x33, 0x33, 0x0f,
  0x03, 0x0f, 0x00, 0x30, 0xf0, 0xcc, 0xcc, 0xf0, 0xc0, 0xf0, 0x33, 0x33,
  0x03, 0x03, 0x0f, 0x0c, 0x0c, 0x3c, 0xcc, 0xcc, 0xc0, 0xc0, 0xf0, 0x30,
  0x30, 0x3c, 0x00, 0x0c, 0x0f, 0x3f, 0x33, 0x0f, 0x03, 0x0f, 0x00, 0x30,
  0xf0, 0xfc, 0xcc, 0xf0, 0xc0, 0xf0, 0x33, 0x0f, 0x03, 0x03, 0x0f, 0x0c,
  0x3c, 0x00, 0xcc, 0xf0, 0xc0, 0xc0, 0xf0, 0x30, 0x30, 0x3c, 0x00, 0xc0,
  0xf0, 0xcc, 0xcc, 0xf0, 0xc0, 0xc0, 0x00, 0x03, 0x0f, 0x0f, 0x0f, 0x0f,
  0x03, 0x03, 0x00, 0x00, 0xc0, 0xf0, 0xcc, 0xcc, 0xf0, 0xc0, 0x00, 0x00,
  0x03, 0x0f, 0x0f, 0x0f, 0x0f, 0x03, 0xc0, 0xf0, 0xc0, 0xc0, 0xf0, 0x0c,
  0x0c, 0x0f, 0x03, 0x03, 0x03, 0x03, 0x3f, 0xc0, 0xc0, 0x00, 0xc0, 0xf0,
  0xc0, 0xc0, 0xf0, 0x30, 0x30, 0x3c, 0x03, 0x03, 0x03, 0x03, 0x0f, 0xfc,
  0xc0, 0x00, 0x00, 0x03, 0x0f, 0x33, 0x33, 0x0f, 0x03, 0x03, 0x00, 0xc0,
  0xf0, 0xf0, 0xf0, 0xf0, 0xc0, 0xc0, 0x00, 0x00, 0x03, 0x0f, 0x33, 0x33,
  0x0f, 0x03, 0x00, 0x00, 0xc0, 0xf0, 0xf0, 0xf0, 0xf0, 0xc0, 0x03, 0x0f,
  0x03, 0x03, 0x0f, 0x30, 0x30, 0xf0, 0xc0, 0xc0, 0xc0, 0xc0, 0xfc, 0x03,
  0x03, 0x00, 0x03, 0x0f, 0x03, 0x03, 0x0f, 0x0c, 0x0c, 0x3c, 0xc0, 0xc0,
  0xc0, 0xc0, 0xf0, 0x3f, 0x03, 0x00, 0xff, 0x90, 0x90, 0x90, 0x90, 0xff,
  0x84, 0x84, 0xff, 0x85, 0x85, 0x85, 0x85, 0xff, 0x21, 0x21, 0x84, 0x84,
  0xff, 0x90, 0x90, 0x90, 0x90, 0xff, 0x21, 0x21, 0xff, 0x85, 0x85, 0x85,
  0x85, 0xff, 0x00, 0x00, 0x00, 0x00, 0x00, 0x00, 0x00, 0x00, 0x3c, 0x7e,
  0x66, 0x66, 0x66, 0x7e, 0x3c, 0x00, 0x08, 0x38, 0x78, 0x18, 0x18, 0x7e,
  0x7e, 0x00, 0x38, 0x7c, 0x0c, 0x0c, 0x18, 0x7e, 0x7e, 0x00, 0x00, 0x00,
  0x01, 0x04, 0x09, 0x03, 0x0b, 0x03, 0x00, 0x00, 0x40, 0x10, 0xc8, 0xe0,
  0xe4, 0xe0, 0x09, 0x04, 0x01, 0x00, 0x00, 0x00, 0x00, 0x00, 0xc8, 0x00,
  0x50, 0x00, 0x00, 0x00, 0x00, 0x00, 0x38, 0x7c, 0x04, 0x1c, 0x04, 0x7c,
  0x38, 0x00, 0x60, 0x60, 0x6c, 0x7e, 0x7e, 0x0c, 0x0c, 0x00, 0x7e, 0x7e,
  0x60, 0x7c, 0x06, 0x7e, 0x3c, 0x00, 0x18, 0x38, 0x70, 0x7c, 0x6c, 0x7c,
  0x38, 0x00, 0x7e, 0x7e, 0x06, 0x0c, 0x0c, 0x18, 0x18, 0x00, 0x3c, 0x7e,
  0x66, 0x3c, 0x66, 0x7e, 0x3c, 0x00, 0x0c, 0x3e, 0x33, 0x1f, 0x02, 0x3e,
  0x1c, 0x00, 0x18, 0x3c, 0x7e, 0xff, 0xff, 0x7e, 0x3c, 0x18, 0xff, 0xff,
  0xff, 0xff, 0xff, 0xff, 0xff, 0xff, 0x18, 0x3c, 0x66, 0x7e, 0x7e, 0x66,
  0x66, 0x00, 0xfc, 0x7e, 0x66, 0x7c, 0x66, 0x7e, 0xfc, 0x00, 0x3c, 0x7e,
  0xc0, 0xc0, 0xc0, 0x7e, 0x3c, 0x00, 0xf8, 0xfe, 0x66, 0x66, 0x66, 0xfe,
  0xf8, 0x00, 0xfe, 0xfe, 0xc0, 0xf8, 0xc0, 0xfe, 0xfe, 0x00, 0xfe, 0xfe,
  0xc0, 0xf8, 0xc0, 0xc0, 0xc0, 0x00, 0x7e, 0x7e, 0xc0, 0xde, 0xc6, 0x7e,
  0x7c, 0x00, 0xc6, 0xc6, 0xfe, 0xfe, 0xc6, 0xc6, 0xc6, 0x00, 0x3c, 0x3c,
  0x18, 0x18, 0x18, 0x3c, 0x3c, 0x00, 0x1e, 0x1e, 0x0c, 0x0c, 0x4c, 0x7c,
  0x38, 0x00, 0xc6, 0xcc, 0xf8, 0xf8, 0xd8, 0xcc, 0xc6, 0x00, 0xc0, 0xc0,
  0xc0, 0xc0, 0xc0, 0xfe, 0xfe, 0x00, 0x82, 0xc6, 0xfe, 0xd6, 0xc6, 0xc6,
  0xc6, 0x00, 0xc6, 0xe6, 0xf6, 0xfe, 0xde, 0xce, 0xc6, 0x00, 0x7c, 0xfe,
  0xc6, 0xc6, 0xc6, 0xfe, 0x7c, 0x00, 0xfc, 0xfe, 0xc6, 0xfc, 0xfc, 0xc0,
  0xc0, 0x00, 0x38, 0x7c, 0xc6, 0xd6, 0xce, 0x7c, 0x3e, 0x00, 0xfe, 0xfe,
  0xc6, 0xfe, 0xfc, 0xcc, 0xc6, 0x00, 0x7e, 0x7e, 0x60, 0x7e, 0x06, 0xfe,
  0xfc, 0x00, 0xfe, 0xfe, 0x18, 0x18, 0x18, 0x18, 0x18, 0x00, 0xc6, 0xc6,
  0xc6, 0xc6, 0xc6, 0xfe, 0x7c, 0x00, 0xc6, 0xc6, 0x6c, 0x6c, 0x28, 0x38,
  0x38, 0x00, 0xc6, 0xc6, 0xc6, 0xd6, 0xd6, 0xfe, 0xfe, 0x00, 0x66, 0x66,
  0x3c, 0x3c, 0x3c, 0x66, 0x66, 0x00, 0xee, 0xee, 0x7c, 0x38, 0x10, 0x10,
  0x10, 0x00, 0xfe, 0xfe, 0x1c, 0x38, 0xf0, 0xfe, 0xfe, 0x00, 0x00, 0x02,
  0x04, 0x08, 0x10, 0x20, 0x40, 0x00, 0x00, 0x00, 0x00, 0x00, 0x00, 0x00,
  0x00, 0x00, 0x00, 0x00, 0x00, 0x00, 0x00, 0x00, 0x00, 0x00, 0x00, 0x00,
  0x00, 0x00, 0x00, 0x00, 0x00, 0x8f, 0x00, 0x00, 0x00, 0x00, 0x00, 0x00,
  0x00, 0xfc, 0x01, 0x03, 0x07, 0x0f, 0x1f, 0x3f, 0x7f, 0xff, 0x80, 0xc0,
  0xe0, 0xf0, 0xf8, 0xfc, 0xfe, 0xff, 0xff, 0x7f, 0x3f, 0x1f, 0x0f, 0x07,
  0x03, 0x01, 0xff, 0xfe, 0xfc, 0xf8, 0xf0, 0xe0, 0xc0, 0x80, 0x01, 0x03,
  0x07, 0x0f, 0x1f, 0x3f, 0x7f, 0xff, 0x80, 0xc0, 0xe0, 0xf0, 0xf8, 0xfc,
  0xfe, 0xff, 0xff, 0x7f, 0x3f, 0x1f, 0x0f, 0x07, 0x03, 0x01, 0xff, 0xfe,
  0xfc, 0xf8, 0xf0, 0xe0, 0xc0, 0x80, 0x05, 0x10, 0x05, 0x20, 0x08, 0x21,
  0x0b, 0x23, 0x28, 0x00, 0x42, 0x10, 0xc1, 0xf5, 0x30, 0x35, 0x0a, 0x01,
  0x24, 0x11, 0x04, 0x01, 0x00, 0x00, 0xf1, 0xe1, 0x04, 0x51, 0x00, 0x2a,
  0x00, 0x00, 0x04, 0x00, 0x20, 0x02, 0x40, 0x08, 0x00, 0x41, 0x88, 0x01,
  0x40, 0x00, 0x08, 0x81, 0x10, 0x00, 0x00, 0x00, 0x88, 0x00, 0x02, 0x20,
  0x00, 0x08, 0x05, 0x01, 0x40, 0x00, 0x01, 0x88, 0x00, 0x08, 0xff, 0xff,
  0xff, 0xe0, 0xe0, 0xe0, 0xe3, 0xe3, 0xff, 0xff, 0xff, 0x07, 0x07, 0x07,
  0xc7, 0xc7, 0xe3, 0xe3, 0xe0, 0xe0, 0xe0, 0xff, 0xff, 0xff, 0xc7, 0xc7,
  0x07, 0x07, 0x07, 0xff, 0xff, 0xff, 0xff, 0xff, 0xff, 0xe0, 0xe0, 0xe0,
  0xe3, 0xe3, 0xff, 0xff, 0xff, 0x07, 0x07, 0x07, 0xc7, 0xc7, 0xe3, 0xe3,
  0xe0, 0xe0, 0xe0, 0xff, 0xff, 0xff, 0xc7, 0xc7, 0x07, 0x07, 0x07, 0xff,
  0xff, 0xff, 0x22, 0x31, 0x39, 0x3d, 0x3f, 0x3f, 0x3f, 0x3f, 0x44, 0x8c,
  0x9c, 0xbc, 0xfc, 0xfc, 0xfc, 0xfc, 0x3f, 0x3f, 0x3f, 0x3f, 0x3d, 0x38,
  0x30, 0x20, 0xfc, 0xfc, 0xfc, 0xfc, 0xbc, 0x1c, 0x0c, 0x04, 0x12, 0x19,
  0x1d, 0x1f, 0x1f, 0x1f, 0x1f, 0x1f, 0x48, 0x98, 0xb8, 0xf8, 0xf8, 0xf8,
  0xf8, 0xf8, 0x1f, 0x1f, 0x1f, 0x1f, 0x1e, 0x1c, 0x18, 0x10, 0xf8, 0xf8,
  0xf8, 0xf8, 0x78, 0x38, 0x18, 0x08, 0x00, 0x0c, 0x0f, 0x33, 0x33, 0x0f,
  0x03, 0x0f, 0x00, 0x30, 0xf0, 0xfc, 0xcc, 0xf0, 0xc0, 0xf0, 0x33, 0x0f,
  0x03, 0x03, 0x0f, 0x0c, 0x0c, 0x3c, 0xcc, 0xf0, 0xc0, 0xc0, 0xf0, 0x30,
  0x30, 0x3c, 0x00, 0x00, 0x03, 0x0f, 0x33, 0x33, 0x0f, 0x03, 0x00, 0x00,
  0xc0, 0xf0, 0xf0, 0xf0, 0xf0, 0xc0, 0x03, 0x0f, 0x03, 0x03, 0x03, 0x03,
  0x03, 0x0f, 0xc0, 0xc0, 0xc0, 0xc0, 0xc0, 0xf0, 0xf0, 0x30, 0x00, 0x00,
  0x03, 0x0f, 0x0f, 0x0f, 0x0f, 0x03, 0x00, 0x00, 0xc0, 0xf0, 0xcc, 0xcc,
  0xf0, 0xc0, 0x03, 0x03, 0x03, 0x03, 0x03, 0x3f, 0x3c, 0x30, 0xc0, 0xf0,
  0xc0, 0xc0, 0xf0, 0x30, 0x30, 0x3c, 0x00, 0x00, 0x00, 0x00, 0x00, 0x00,
  0x00, 0x00, 0x03, 0x03, 0x03, 0x03, 0x03, 0x3f, 0x3c, 0x30, 0x03, 0x03,
  0x03, 0x03, 0x03, 0x03, 0x03, 0x0f, 0xc0, 0xf0, 0xc0, 0xc0, 0xc0, 0xf0,
  0xf0, 0xf0, 0x03, 0x03, 0x03, 0x03, 0x03, 0x03, 0x03, 0x03, 0xc0, 0xf0,
  0xc0, 0xc0, 0xc0, 0xf0, 0xf0, 0xc0, 0x03, 0x03, 0x03, 0x03, 0x03, 0x0f,
  0x0f, 0x0c, 0xc0, 0xf0, 0xc0, 0xc0, 0xc0, 0xc0, 0xc0, 0xf0, 0x03, 0x03,
  0x03, 0x03, 0x03, 0x3f, 0x3c, 0x30, 0xc0, 0xc0, 0xc0, 0xc0, 0xc0, 0xfc,
  0x3c, 0x0c, 0xc0, 0xc0, 0xc0, 0xc0, 0xc0, 0xc0, 0xc0, 0xf0, 0x03, 0x0f,
  0x03, 0x03, 0x03, 0x0f, 0x0f, 0x0f, 0xc0, 0xc0, 0xc0, 0xc0, 0xc0, 0xc0,
  0xc0, 0xc0, 0x03, 0x0f, 0x03, 0x03, 0x03, 0x0f, 0x0f, 0x03, 0xc0, 0xc0,
  0xc0, 0xc0, 0xc0, 0xf0, 0xf0, 0x30, 0x03, 0x0f, 0x03, 0x03, 0x03, 0x03,
  0x03, 0x0f, 0xc0, 0xc0, 0xc0, 0x00, 0xc0, 0xfc, 0x3c, 0x0c, 0x33, 0x0f,
  0x03, 0x03, 0x0f, 0x0c, 0x0c, 0x3c, 0x00, 0x30, 0xf0, 0xfc, 0xfc, 0xf0,
  0xc0, 0xf0, 0x00, 0x0c, 0x0f, 0x3f, 0x3f, 0x0f, 0x03, 0x0f, 0xa1, 0xa1,
  0xa1, 0xa1, 0xa1, 0xa1, 0xa1, 0xa1, 0xa1, 0xa1, 0xa1, 0xa1, 0xa1, 0xa1,
  0xa1, 0xa1, 0xa1, 0xa1, 0xa1, 0xa1, 0xa1, 0xa1, 0xa1, 0xa1, 0xa1, 0xa1,
  0xa1, 0xa1, 0xa1, 0xa1, 0xa1, 0xa1, 0xb1, 0xb1, 0xb1, 0xb1, 0xb1, 0xb1,
  0xb1, 0xb1, 0xb1, 0xb1, 0xb1, 0xb1, 0xb1, 0xb1, 0xb1, 0xb1, 0xb1, 0xb1,
  0xb1, 0xb1, 0xb1, 0xb1, 0xb1, 0xb1, 0xb1, 0xb1, 0xb1, 0xb1, 0xb1, 0xb1,
  0xb1, 0xb1, 0x41, 0x41, 0x61, 0x61, 0xc1, 0xc1, 0xf1, 0xf1, 0x41, 0x41,
  0x61, 0x61, 0xc1, 0xc1, 0xf1, 0xf1, 0x41, 0x41, 0x61, 0x61, 0xc1, 0xc1,
  0xf1, 0xf1, 0x41, 0x41, 0x61, 0x61, 0xc1, 0xc1, 0xf1, 0xf1, 0x61, 0x61,
  0xc1, 0xc1, 0xf1, 0xf1, 0x41, 0x41, 0x61, 0x61, 0xc1, 0xc1, 0xf1, 0xf1,
  0x41, 0x41, 0x61, 0x61, 0xc1, 0xc1, 0xf1, 0xf1, 0x41, 0x41, 0x61, 0x61,
  0xc1, 0xc1, 0xf1, 0xf1, 0x41, 0x41, 0xc1, 0xc1, 0xc1, 0xc1, 0xc1, 0xc1,
  0xc1, 0xc1, 0xc1, 0xc1, 0xc1, 0xc1, 0xc1, 0xc1, 0xc1, 0xc1, 0xc1, 0xc1,
  0xc1, 0xc1, 0xc1, 0xc1, 0xc1, 0xc1, 0xc1, 0xc1, 0xc1, 0xc1, 0xc1, 0xc1,
  0xc1, 0xc1, 0x21, 0x21, 0x21, 0x21, 0x21, 0x21, 0x21, 0x21, 0x21, 0x21,
  0x21, 0x21, 0x21, 0x21, 0x21, 0x21, 0x21, 0x21, 0x21, 0x21, 0x21, 0x21,
  0x21, 0x21, 0x21, 0x21, 0x21, 0x21, 0x21, 0x21, 0x21, 0x21, 0x51, 0x51,
  0x51, 0x51, 0x51, 0x51, 0x51, 0x51, 0x51, 0x51, 0x51, 0x51, 0x51, 0x51,
  0x51, 0x51, 0x51, 0x51, 0x51, 0x51, 0x51, 0x51, 0x51, 0x51, 0x51, 0x51,
  0x51, 0x51, 0x51, 0x51, 0x51, 0x51, 0x91, 0x91, 0x91, 0xd1, 0xd1, 0xd1,
  0xd1, 0xd1, 0x91, 0x91, 0x91, 0x91, 0xd1, 0xd1, 0xd1, 0xd1, 0xd1, 0xd1,
  0xd1, 0xd1, 0xd1, 0xd1, 0xd1, 0xd1, 0xd1, 0xd1, 0xd1, 0xd1, 0xd1, 0xd1,
  0xd1, 0xd1, 0xf0, 0xf0, 0xf0, 0xf0, 0xf0, 0xf0, 0xf0, 0xf0, 0x61, 0x61,
  0x61, 0x61, 0x61, 0x61, 0x61, 0x61, 0x61, 0x61, 0x61, 0x61, 0x61, 0x61,
  0x61, 0x61, 0xf0, 0xf0, 0xf0, 0xf0, 0xf0, 0xf0, 0xf0, 0xf0, 0x6c, 0x6c,
  0x6c, 0x6c, 0x6c, 0x6c, 0x6c, 0x6c, 0x6c, 0x6c, 0x6c, 0x6c, 0x6c, 0x6c,
  0x6c, 0x6c, 0x6c, 0x6c, 0x6c, 0x6c, 0x6c, 0x6c, 0x6c, 0x6c, 0x6c, 0x6c,
  0x6c, 0x6c, 0x6c, 0x6c, 0x6c, 0x6c, 0xcf, 0xcf, 0xcf, 0xcf, 0xcf, 0xcf,
  0xcf, 0xcf, 0xcf, 0xcf, 0xcf, 0xcf, 0xcf, 0xcf, 0xcf, 0xcf, 0xcf, 0xcf,
  0xcf, 0xcf, 0xcf, 0xcf, 0xcf, 0xcf, 0xcf, 0xcf, 0xcf, 0xcf, 0xcf, 0xcf,
  0xcf, 0xcf, 0x1e, 0x1e, 0x1e, 0x1e, 0x1e, 0x1e, 0x1e, 0x1e, 0x1e, 0x1e,
  0x1e, 0x1e, 0x1e, 0x1e, 0x1e, 0x1e, 0x1e, 0x1e, 0x1e, 0x1e, 0x1e, 0x1e,
  0x1e, 0x1e, 0x1e, 0x1e, 0x1e, 0x1e, 0x1e, 0x1e, 0x1e, 0x1e, 0x1e, 0x1e,
  0x1e, 0x1e, 0x1e, 0x1e, 0x1e, 0x1e, 0xe1, 0xe1, 0xe1, 0xe1, 0xe1, 0xe1,
  0xe1, 0xe1, 0x1e, 0x1e, 0x1e, 0x1e, 0x1e, 0x1e, 0x1e, 0x1e, 0x1e, 0x1e,
  0x1e, 0x1e, 0x1e, 0x1e, 0x1e, 0x1e, 0x91, 0x91, 0x91, 0x91, 0x91, 0x91,
  0x91, 0x71, 0x91, 0x91, 0x91, 0x91, 0x91, 0x91, 0x91, 0x71, 0x71, 0x71,
  0x71, 0x71, 0x91, 0x91, 0x41, 0x41, 0x71, 0x71, 0x71, 0x71, 0x91, 0x91,
  0x41, 0x41, 0xf1, 0xf1, 0xf1, 0xf1, 0xf1, 0xf1, 0xf1, 0xf1, 0xf1, 0xf1,
  0xf1, 0xf1, 0xf1, 0xf1, 0xf1, 0xf1, 0xf1, 0xf1, 0xf1, 0xf1, 0xf1, 0xf1,
  0xf1, 0xf1, 0xf1, 0xf1, 0xf1, 0xf1, 0xf1, 0xf1, 0xf1, 0xf1, 0xf1, 0xf1,
  0xf1, 0xf1, 0xf1, 0x71, 0x71, 0x71, 0xf1, 0xf1, 0xf1, 0xf1, 0xf1, 0x71,
  0x71, 0x71, 0x71, 0x71, 0x71, 0xf1, 0xf1, 0xf1, 0xf1, 0xf1, 0x71, 0x71,
  0x71, 0xf1, 0xf1, 0xf1, 0xf1, 0xf1, 0xf1, 0xf1, 0xf1, 0xf1, 0xf1, 0x71,
  0x71, 0x71, 0xf1, 0xf1, 0xf1, 0xf1, 0xf1, 0x71, 0x71, 0x71, 0x71, 0x71,
  0x71, 0xf1, 0xf1, 0xf1, 0xf1, 0xf1, 0x71, 0x71, 0x71, 0xf1, 0xf1, 0xf1,
  0xf1, 0xf1, 0x91, 0x91, 0x91, 0x91, 0x91, 0x91, 0x91, 0x71, 0x91, 0x91,
  0x91, 0x91, 0x91, 0x91, 0x91, 0x71, 0x71, 0x71, 0x71, 0xf1, 0xf1, 0xf1,
  0xf1, 0xf1, 0x71, 0x71, 0x71, 0xf1, 0xf1, 0xf1, 0xf1, 0xf1, 0xf1, 0xf1,
  0xf1, 0xf1, 0xf1, 0x71, 0x71, 0x71, 0xf1, 0xf1, 0xf1, 0xf1, 0xf1, 0x71,
  0x71, 0x71, 0x71, 0x71, 0x71, 0xf1, 0xf1, 0xf1, 0xf1, 0xf1, 0x71, 0x71,
  0x71, 0xf1, 0xf1, 0xf1, 0xf1, 0xf1, 0xf8, 0xf8, 0xf8, 0xf8, 0xf8, 0xf8,
  0xf8, 0xf8, 0xf8, 0xf8, 0xf8, 0xf8, 0xf8, 0xf8, 0xf8, 0xf8, 0xf8, 0xf8,
  0xf8, 0xf8, 0xf8, 0xf8, 0xf8, 0xf8, 0xf8, 0xf8, 0xf8, 0xf8, 0xf8, 0xf8,
  0xf8, 0xf8, 0x11, 0x11, 0x11, 0x11, 0x11, 0x11, 0x11, 0x11, 0xf1, 0xf1,
  0xf1, 0xf1, 0xf1, 0xf1, 0xf1, 0xf1, 0xf1, 0xf1, 0xf1, 0xf1, 0xf1, 0xf1,
  0xf1, 0xf1, 0xf1, 0xf1, 0xf1, 0xf1, 0xf1, 0xf1, 0xf1, 0xf1, 0xf1, 0xf1,
  0xf1, 0xf1, 0xf1, 0xf1, 0xf1, 0xf1, 0xf1, 0xf1, 0xf1, 0xf1, 0xf1, 0xf1,
  0xf1, 0xf1, 0xf1, 0xf1, 0xf1, 0xf1, 0xf1, 0xf1, 0xf1, 0xf1, 0xf1, 0xf1,
  0xf1, 0xf1, 0xf1, 0xf1, 0xf1, 0xf1, 0xf1, 0xf1, 0xf1, 0xf1, 0xf1, 0xf1,
  0xf1, 0xf1, 0xf1, 0xf1, 0xf1, 0xf1, 0xf1, 0xf1, 0xf1, 0xf1, 0xf1, 0xf1,
  0xf1, 0xf1, 0xf1, 0xf1, 0xf1, 0xf1, 0xf1, 0xf1, 0xf1, 0xf1, 0xf1, 0xf1,
  0xf1, 0xf1, 0xf1, 0xf1, 0xf1, 0xf1, 0xf1, 0xf1, 0xf1, 0xf1, 0xf1, 0xf1,
  0xf1, 0xf1, 0xf1, 0xf1, 0xf1, 0xf1, 0xf1, 0xf1, 0xf1, 0xf1, 0xf1, 0xf1,
  0xf1, 0xf1, 0x21, 0x21, 0x41, 0x41, 0xa1, 0xa1, 0xc1, 0xc1, 0xf1, 0xf1,
  0xf1, 0xf1, 0xf1, 0xf1, 0xf1, 0xf1, 0xf1, 0xf1, 0xf1, 0xf1, 0xf1, 0xf1,
  0xf1, 0xf1, 0xf1, 0xf1, 0xf1, 0xf1, 0xf1, 0xf1, 0xf1, 0xf1, 0xf1, 0xf1,
  0xf1, 0xf1, 0xf1, 0xf1, 0xf1, 0xf1, 0xf1, 0xf1, 0xf1, 0xf1, 0xf1, 0xf1,
  0xf1, 0xf1, 0xf1, 0xf1, 0xf1, 0xf1, 0xf1, 0xf1, 0xf1, 0xf1, 0xf1, 0xf1,
  0xf1, 0xf1, 0xf1, 0xf1, 0xf1, 0xf1, 0xf1, 0xf1, 0xf1, 0xf1, 0xf1, 0xf1,
  0xf1, 0xf1, 0xf1, 0xf1, 0xf1, 0xf1, 0xf1, 0xf1, 0xf1, 0xf1, 0xf1, 0xf1,
  0xf1, 0xf1, 0xf1, 0xf1, 0xf1, 0xf1, 0xf1, 0xf1, 0xf1, 0xf1, 0xf1, 0xf1,
  0xf1, 0xf1, 0xf1, 0xf1, 0xf1, 0xf1, 0xf1, 0xf1, 0xf1, 0xf1, 0xf1, 0xf1,
  0xf1, 0xf1, 0xf1, 0xf1, 0xf1, 0xf1, 0xf1, 0xf1, 0xf1, 0xf1, 0xf1, 0xf1,
  0xf1, 0xf1, 0xf1, 0xf1, 0xf1, 0xf1, 0xf1, 0xf1, 0xf1, 0xf1, 0xf1, 0xf1,
  0xf1, 0xf1, 0xf1, 0xf1, 0xf1, 0xf1, 0xf1, 0xf1, 0xf1, 0xf1, 0xf1, 0xf1,
  0xf1, 0xf1, 0xf1, 0xf1, 0xf1, 0xf1, 0xf1, 0xf1, 0xf1, 0xf1, 0xf1, 0xf1,
  0xf1, 0xf1, 0xf1, 0xf1, 0xf1, 0xf1, 0xf1, 0xf1, 0xf1, 0xf1, 0xf1, 0xf1,
  0xf1, 0xf1, 0xf1, 0xf1, 0xf1, 0xf1, 0xf1, 0xf1, 0xf1, 0xf1, 0xf1, 0xf1,
  0xf1, 0xf1, 0xf1, 0xf1, 0xf1, 0xf1, 0xf1, 0xf1, 0xf1, 0xf1, 0xf1, 0xf1,
  0xf1, 0xf1, 0xf1, 0xf1, 0xf1, 0xf1, 0xf1, 0xf1, 0xf1, 0xf1, 0xf1, 0xf1,
  0xf1, 0xf1, 0xf1, 0xf1, 0xf1, 0xf1, 0xf1, 0xf1, 0xf1, 0xf1, 0xf1, 0xf1,
  0xf1, 0xf1, 0xf1, 0xf1, 0xf1, 0xf1, 0xf1, 0xf1, 0xf1, 0xf1, 0xf1, 0xf1,
  0xf1, 0xf1, 0xf1, 0xf1, 0xf1, 0xf1, 0xf1, 0xf1, 0xf1, 0xf1, 0xf1, 0xf1,
  0xf1, 0xf1, 0xf1, 0xf1, 0xf1, 0xf1, 0xf1, 0xf1, 0xf1, 0xf1, 0xf1, 0xf1,
  0xf1, 0xf1, 0xf1, 0xf1, 0xf1, 0xf1, 0xf1, 0xf1, 0xf1, 0xf1, 0xf1, 0xf1,
  0xf1, 0xf1, 0xc1, 0xc1, 0xf1, 0xf1, 0x41, 0x41, 0x61, 0x61, 0xc1, 0xc1,
  0xf1, 0xf1, 0x41, 0x41, 0x61, 0x61, 0xc1, 0xc1, 0xf1, 0xf1, 0x41, 0x41,
  0x61, 0x61, 0xc1, 0xc1, 0xf1, 0xf1, 0x41, 0x41, 0x61, 0x61, 0xf1, 0xf1,
  0x41, 0x41, 0x61, 0x61, 0xc1, 0xc1, 0xf1, 0xf1, 0x41, 0x41, 0x61, 0x61,
  0xc1, 0xc1, 0xf1, 0xf1, 0x41, 0x41, 0x61, 0x61, 0xc1, 0xc1, 0xf1, 0xf1,
  0x41, 0x41, 0x61, 0x61, 0xc1, 0xc1, 0xf1, 0xf1, 0xf1, 0xf1, 0xf1, 0xf1,
  0xf1, 0xf1, 0xf1, 0xf1, 0xf1, 0xf1, 0xf1, 0xf1, 0xf1, 0xf1, 0xf1, 0xf1,
  0xf1, 0xf1, 0xf1, 0xf1, 0xf1, 0xf1, 0xf1, 0xf1, 0xf1, 0xf1, 0xf1, 0xf1,
  0xf1, 0xf1, 0xf1, 0xf1, 0xf1, 0xf1, 0xf1, 0xf1, 0xf1, 0x38, 0x41, 0xf1,
  0x6e, 0xf1, 0x77, 0xf2, 0x00, 0xf1, 0xf1, 0xf1, 0xf1, 0xf1, 0xf1, 0x00,
  0xf1, 0xf1, 0xf1, 0xf1, 0xf1, 0xf1, 0xf1, 0xf1, 0xf1, 0xf1, 0xf4, 0xf4,
  0xf4, 0xf4, 0xf4, 0xf4, 0xf4, 0xf4, 0xf4, 0xf4, 0xf4, 0xf4, 0xf4, 0xf4,
  0xf4, 0xf4, 0xf4, 0xf4, 0xf4, 0xf4, 0xf4, 0xf4, 0xf4, 0xf4, 0xf4, 0xf4,
  0xf4, 0xf4, 0xf4, 0xf4, 0xf4, 0xf4, 0x46, 0x46, 0x46, 0x46, 0x46, 0x46,
  0x46, 0x46, 0x46, 0x46, 0x46, 0x46, 0x46, 0x46, 0x46, 0x46, 0x46, 0x46,
  0x46, 0x46, 0x46, 0x46, 0x46, 0x46, 0x46, 0x46, 0x46, 0x46, 0x46, 0x46,
  0x46, 0x46, 0xa1, 0xa1, 0xa1, 0xa1, 0xa1, 0xa1, 0xa1, 0xa1, 0xa1, 0xa1,
  0xa1, 0xa1, 0xa1, 0xa1, 0xa1, 0xa1, 0xa1, 0xa1, 0xa1, 0xa1, 0xa1, 0xa1,
  0xa1, 0xa1, 0xa1, 0xa1, 0xa1, 0xa1, 0xa1, 0xa1, 0xa1, 0xa1, 0xb1, 0xb1,
  0xb1, 0xb1, 0xb1, 0xb1, 0xb1, 0xb1, 0xb1, 0xb1, 0xb1, 0xb1, 0xb1, 0xb1,
  0xb1, 0xb1, 0xb1, 0xb1, 0xb1, 0xb1, 0xb1, 0xb1, 0xb1, 0xb1, 0xb1, 0xb1,
  0xb1, 0xb1, 0xb1, 0xb1, 0xb1, 0xb1, 0x91, 0x91, 0x91, 0x91, 0x91, 0x91,
  0x91, 0x71, 0x91, 0x91, 0x91, 0x91, 0x91, 0x91, 0x91, 0x71, 0x71, 0x71,
  0x71, 0x71, 0x91, 0x91, 0x41, 0x41, 0x71, 0x71, 0x71, 0x71, 0x91, 0x91,
  0x41, 0x41, 0x91, 0x91, 0x91, 0x91, 0x91, 0x91, 0x91, 0x71, 0x91, 0x91,
  0x91, 0x91, 0x91, 0x91, 0x91, 0x71, 0x71, 0x71, 0x71, 0x71, 0x91, 0x91,
  0x41, 0x41, 0x71, 0x71, 0x71, 0x71, 0x91, 0x91, 0x41, 0x41, 0x91, 0x91,
  0x91, 0x91, 0x91, 0x91, 0x91, 0x71, 0x91, 0x91, 0x91, 0x91, 0x91, 0x91,
  0x91, 0x71, 0x71, 0x71, 0x71, 0x71, 0x91, 0x91, 0x41, 0x41, 0x71, 0x71,
  0x71, 0x71, 0x91, 0x91, 0x41, 0x41, 0xff, 0xff, 0xff, 0xff, 0xff, 0xff,
  0xff, 0xff, 0xf1, 0xf1, 0xf1, 0xf1, 0xf1, 0xf1, 0xf1, 0xf1, 0xf1, 0xf1,
  0xf1, 0xf1, 0xf1, 0xf1, 0xf1, 0x00, 0xf1, 0xf1, 0xf1, 0xf1, 0xf1, 0xf1,
  0x00, 0xf1, 0xf1, 0xf1, 0xf1, 0xf1, 0xf1, 0xf1, 0xf1, 0xf1, 0xf1, 0xf1,
  0xf1, 0xf1, 0xf1, 0xf1, 0xf1, 0xf1, 0xf1, 0xf1, 0xf1, 0xf1, 0xf1, 0xf1,
  0x4d, 0x0c, 0xf0, 0xa0, 0x43, 0x0a, 0xed, 0x0b, 0x16, 0x01, 0x01, 0x09,
  0xd3, 0x08, 0x08, 0x43, 0x02, 0x0a, 0x89, 0xa1, 0xf3, 0x62, 0x76, 0xf3,
  0xf1, 0xf1, 0xf1, 0xf1, 0xf1, 0xf1, 0xf1, 0xf1, 0xf1, 0xf1, 0xf1, 0xf1,
  0xf1, 0xf1, 0xf1, 0xf1, 0xf1, 0xf1, 0xf1, 0xf1, 0xf1, 0xf1, 0xf1, 0xf1,
  0xf1, 0xf1, 0xf1, 0xf1, 0xf1, 0xf1, 0xf1, 0xf1, 0xf1, 0xf1, 0xf1, 0xf1,
  0xf1, 0xf1, 0xf1, 0xf1, 0xf1, 0xf1, 0xf1, 0xf1, 0xf1, 0xf1, 0xf1, 0xf1,
  0xf1, 0xf1, 0xf1, 0xf1, 0xf1, 0xf1, 0xf1, 0xf1, 0xf1, 0xf1, 0xf1, 0xf1,
  0xf1, 0xf1, 0xf1, 0xf1, 0xf1, 0xf1, 0xf1, 0xf1, 0xf1, 0xf1, 0xf1, 0xf1,
  0xf1, 0xf1, 0xf1, 0xf1, 0xf1, 0xf1, 0xf1, 0xf1, 0xf1, 0xf1, 0xff, 0xff,
  0xff, 0xff, 0xff, 0xff, 0xff, 0x03, 0xff, 0x00, 0x01, 0x01, 0x01, 0xff,
  0x01, 0xff, 0x00, 0x00, 0x00, 0x00, 0x00, 0x00, 0x00, 0x00, 0x00, 0x00,
  0x00, 0x00, 0x00, 0x00, 0x00, 0x00, 0xff, 0xff, 0xff, 0xff, 0xff, 0xff,
  0xff, 0x04, 0xff, 0x01, 0x02, 0x02, 0x02, 0xff, 0x02, 0xff, 0x00, 0x00,
  0x00, 0x00, 0x00, 0x00, 0x00, 0x00, 0x00, 0x00, 0x00, 0x00, 0x00, 0x00,
  0x00, 0x00, 0x00, 0x00, 0x00, 0x00, 0x00, 0x00, 0x00, 0x00, 0x00, 0x08,
  0x08, 0x08, 0x08, 0x00, 0x0c, 0x00, 0x00, 0x00, 0x00, 0x00, 0x00, 0x00,
  0x00, 0x00, 0x00, 0x00, 0x00, 0x00, 0x00, 0x00, 0x00, 0xdf, 0x00, 0x00,
  0x00, 0x00, 0x00, 0x00, 0x00, 0x00, 0x00, 0x00, 0x00, 0x00, 0x00, 0x00,
  0x94, 0xff, 0x64, 0x01, 0xc8, 0x00, 0xcf, 0x7c, 0x00, 0x00, 0x00, 0x00,
  0x00, 0x00, 0x00, 0x00, 0x00, 0x00, 0xff, 0xff, 0xff, 0xff, 0xff, 0xff,
  0xff, 0x03, 0xff, 0x00, 0x01, 0x01, 0x01, 0xff, 0x01, 0xff, 0x00, 0x00,
  0x00, 0x00, 0x00, 0x00, 0x00, 0x00, 0x00, 0x00, 0x00, 0x00, 0x00, 0x00,
  0x00, 0x00, 0xff, 0xff, 0xff, 0xff, 0xff, 0xff, 0xff, 0x04, 0xff, 0x01,
  0x02, 0x02, 0x02, 0xff, 0x02, 0xff, 0x00, 0x00, 0x00, 0x00, 0x00, 0x00,
  0x00, 0x00, 0x00, 0x00, 0x00, 0x00, 0x00, 0x00, 0x00, 0x00, 0x00, 0x00,
  0x00, 0x00, 0x00, 0x00, 0x00, 0x00, 0x00, 0x08, 0x08, 0x08, 0x08, 0x00,
  0x0c, 0x00, 0x00, 0x00, 0x00, 0x00, 0x00, 0x00, 0x00, 0x00, 0x00, 0x00,
  0x00, 0x00, 0x00, 0x00, 0x00, 0xdf, 0x00, 0x00, 0x00, 0x00, 0x00, 0x00,
  0xff, 0xff, 0xff, 0xff, 0xff, 0xff, 0xff, 0xff, 0xff, 0xff, 0xff, 0xff,
  0xff, 0xff, 0xff, 0xff, 0xff, 0xff, 0xff, 0xff, 0xff, 0xff, 0xff, 0xff,
  0xff, 0xff, 0xff, 0xff, 0xff, 0xff, 0xff, 0xff, 0xff, 0xff, 0xff, 0xff,
  0xff, 0xff, 0xff, 0xff, 0xff, 0xff, 0xff, 0xff, 0xff, 0xff, 0xff, 0xff,
  0xff, 0xff, 0xff, 0xff, 0xff, 0xff, 0xff, 0xff, 0xff, 0xff, 0xff, 0xff,
  0xff, 0xff, 0xff, 0xff, 0xff, 0xff, 0xff, 0xff, 0xff, 0xff, 0xff, 0xff,
  0xff, 0xff, 0xff, 0xff, 0xff, 0xff, 0xff, 0xff, 0xff, 0xff, 0xff, 0xff,
  0xff, 0xff, 0xff, 0xff, 0xff, 0xff, 0xff, 0xff, 0xff, 0xff, 0xff, 0xff,
  0xff, 0xff, 0xff, 0xff, 0xff, 0xff, 0xff, 0xff, 0xff, 0xff, 0xff, 0xff,
  0xff, 0xff, 0xff, 0xff, 0xff, 0xff, 0xff, 0xff, 0xff, 0xff, 0xff, 0xff,
  0xff, 0xff, 0xff, 0xff, 0xff, 0xff, 0xff, 0xff, 0xff, 0xff, 0xff, 0xff,
  0xff, 0xff, 0xff, 0xff, 0xff, 0xff, 0xff, 0xff, 0xff, 0xff, 0xff, 0xff,
  0xff, 0xff, 0xff, 0xff, 0xff, 0xff, 0xff, 0xff, 0xff, 0xff, 0xff, 0xff,
  0xff, 0xff, 0xff, 0xff, 0xff, 0xff, 0xff, 0xff, 0xff, 0xff, 0xff, 0xff,
  0xff, 0xff, 0xff, 0xff, 0xff, 0xff, 0xff, 0xff, 0xff, 0xff, 0xff, 0xff,
  0xff, 0xff, 0xff, 0xff, 0xff, 0xff, 0xff, 0xff, 0xff, 0xff, 0xff, 0xff,
  0xff, 0xff, 0xff, 0xff, 0xff, 0xff, 0xff, 0xff, 0xff, 0xff, 0xff, 0xff,
  0xff, 0xff, 0xff, 0xff, 0xff, 0xff, 0xff, 0xff, 0xff, 0xff, 0xff, 0xff,
  0xff, 0xff, 0xff, 0xff, 0xff, 0xff, 0xff, 0xff, 0xff, 0xff, 0xff, 0xff,
  0xff, 0xff, 0xff, 0xff, 0xff, 0xff, 0xff, 0xff, 0xff, 0xff, 0xff, 0xff,
  0xff, 0xff, 0xff, 0xff, 0xff, 0xff, 0xff, 0xff, 0xff, 0xff, 0xff, 0xff,
  0xff, 0xff, 0xff, 0xff, 0xff, 0xff, 0xff, 0xff, 0xff, 0xff, 0xff, 0xff,
  0xff, 0xff, 0xff, 0xff, 0xff, 0xff, 0xff, 0xff, 0xff, 0xff, 0xff, 0xff,
  0xff, 0xff, 0xff, 0xff, 0xff, 0xff, 0xff, 0xff, 0xff, 0xff, 0xff, 0xff,
  0xff, 0xff, 0xff, 0xff, 0xff, 0xff, 0xff, 0xff, 0xff, 0xff, 0xff, 0xff,
  0xff, 0xff, 0xff, 0xff, 0xff, 0xff, 0xff, 0xff, 0xff, 0xff, 0xff, 0xff,
  0xff, 0xff, 0xff, 0xff, 0xff, 0xff, 0xff, 0xff, 0xff, 0xff, 0xff, 0xff,
  0xff, 0xff, 0xff, 0xff, 0xff, 0xff, 0xff, 0xff, 0xff, 0xff, 0xff, 0xff,
  0xff, 0xff, 0xff, 0xff, 0xff, 0xff, 0xff, 0xff, 0xff, 0xff, 0xff, 0xff,
  0xff, 0xff, 0xff, 0xff, 0xff, 0xff, 0xff, 0xff, 0xff, 0xff, 0xff, 0xff,
  0xff, 0xff, 0xff, 0xff, 0xff, 0xff, 0xff, 0xff, 0xff, 0xff, 0xff, 0xff,
  0xff, 0xff, 0xff, 0xff, 0xff, 0xff, 0xff, 0xff, 0xff, 0xff, 0xff, 0xff,
  0xff, 0xff, 0xff, 0xff, 0xff, 0xff, 0xff, 0xff, 0xff, 0xff, 0xff, 0xff,
  0xff, 0xff, 0xff, 0xff, 0xff, 0xff, 0xff, 0xff, 0xff, 0xff, 0xff, 0xff,
  0xff, 0xff, 0xff, 0xff, 0xff, 0xff, 0xff, 0xff, 0xff, 0xff, 0xff, 0xff,
  0xff, 0xff, 0xff, 0xff, 0xff, 0xff, 0xff, 0xff, 0xff, 0xff, 0xff, 0xff,
  0xff, 0xff, 0xff, 0xff, 0xff, 0xff, 0xff, 0xff, 0xff, 0xff, 0xff, 0xff,
  0xff, 0xff, 0xff, 0xff, 0xff, 0xff, 0xff, 0xff, 0xff, 0xff, 0xff, 0xff,
  0xff, 0xff, 0xff, 0xff, 0xff, 0xff, 0xff, 0xff, 0xff, 0xff, 0xff, 0xff,
  0xff, 0xff, 0xff, 0xff, 0xff, 0xff, 0xff, 0xff, 0xff, 0xff, 0xff, 0xff,
  0xff, 0xff, 0xff, 0xff, 0xff, 0xff, 0xff, 0xff, 0xff, 0xff, 0xff, 0xff,
  0xff, 0xff, 0xff, 0xff, 0xff, 0xff, 0xff, 0xff, 0xff, 0xff, 0xff, 0xff,
  0xff, 0xff, 0xff, 0xff, 0xff, 0xff, 0xff, 0xff, 0xff, 0xff, 0xff, 0xff,
  0xff, 0xff, 0xff, 0xff, 0xff, 0xff, 0xff, 0xff, 0xff, 0xff, 0xff, 0xff,
  0xff, 0xff, 0xff, 0xff, 0xff, 0xff, 0xff, 0xff, 0xff, 0xff, 0xff, 0xff,
  0xff, 0xff, 0xff, 0xff, 0xff, 0xff, 0xff, 0xff, 0xff, 0xff, 0xff, 0xff,
  0xff, 0xff, 0xff, 0xff, 0xff, 0xff, 0xff, 0xff, 0xff, 0xff, 0xff, 0xff,
  0xff, 0xff, 0xff, 0xff, 0xff, 0xff, 0xff, 0xff, 0xff, 0xff, 0xff, 0xff,
  0xff, 0xff, 0xff, 0xff, 0xff, 0xff, 0xff, 0xff, 0xff, 0xff, 0xff, 0xff,
  0xff, 0xff, 0xff, 0xff, 0xff, 0xff, 0xff, 0xff, 0xff, 0xff, 0xff, 0xff,
  0xff, 0xff, 0xff, 0xff, 0xff, 0xff, 0xff, 0xff, 0xff, 0xff, 0xff, 0xff,
  0xff, 0xff, 0xff, 0xff, 0xff, 0xff, 0xff, 0xff, 0xff, 0xff, 0xff, 0xff,
  0xff, 0xff, 0xff, 0xff, 0xff, 0xff, 0xff, 0xff, 0xff, 0xff, 0xff, 0xff,
  0xff, 0xff, 0xff, 0xff, 0xff, 0xff, 0xff, 0xff, 0xff, 0xff, 0xff, 0xff,
  0xff, 0xff, 0xff, 0xff, 0xff, 0xff, 0xff, 0xff, 0xff, 0xff, 0xff, 0xff,
  0xff, 0xff, 0xff, 0xff, 0xff, 0xff, 0xff, 0xff, 0xff, 0xff, 0xff, 0xff,
  0xff, 0xff, 0xff, 0xff, 0xff, 0xff, 0xff, 0xff, 0xff, 0xff, 0xff, 0xff,
  0xff, 0xff, 0xff, 0xff, 0xff, 0xff, 0xff, 0xff, 0xff, 0xff, 0xff, 0xff,
  0xff, 0xff, 0xff, 0xff, 0xff, 0xff, 0xff, 0xff, 0xff, 0xff, 0xff, 0xff,
  0xff, 0xff, 0xff, 0xff, 0xff, 0xff, 0xff, 0xff, 0xff, 0xff, 0xff, 0xff,
  0xff, 0xff, 0xff, 0xff, 0xff, 0xff, 0xff, 0xff, 0xff, 0xff, 0xff, 0xff,
  0xff, 0xff, 0xff, 0xff, 0xff, 0xff, 0xff, 0xff, 0xff, 0xff, 0xff, 0xff,
  0xff, 0xff, 0xff, 0xff, 0xff, 0xff, 0xff, 0xff, 0xff, 0xff, 0xff, 0xff,
  0xff, 0xff, 0xff, 0xff, 0xff, 0xff, 0xff, 0xff, 0xff, 0xff, 0xff, 0xff,
  0xff, 0xff, 0xff, 0xff, 0xff, 0xff, 0xff, 0xff, 0xff, 0xff, 0xff, 0xff,
  0xff, 0xff, 0xff, 0xff, 0xff, 0xff, 0xff, 0xff, 0xff, 0xff, 0xff, 0xff,
  0xff, 0xff, 0xff, 0xff, 0xff, 0xff, 0xff, 0xff, 0xff, 0xff, 0xff, 0xff,
  0xff, 0xff, 0xff, 0xff, 0xff, 0xff, 0xff, 0xff, 0xff, 0xff, 0xff, 0xff,
  0xff, 0xff, 0xff, 0xff, 0xff, 0xff, 0xff, 0xff, 0xff, 0xff, 0xff, 0xff,
  0xff, 0xff, 0xff, 0xff, 0xff, 0xff, 0xff, 0xff, 0xff, 0xff, 0xff, 0xff,
  0xff, 0xff, 0xff, 0xff, 0xff, 0xff, 0xff, 0xff, 0xff, 0xff, 0xff, 0xff,
  0xff, 0xff, 0xff, 0xff, 0xff, 0xff, 0xff, 0xff, 0xff, 0xff, 0xff, 0xff,
  0xff, 0xff, 0xff, 0xff, 0xff, 0xff, 0xff, 0xff, 0xff, 0xff, 0xff, 0xff,
  0xff, 0xff, 0xff, 0xff, 0xff, 0xff, 0xff, 0xff, 0xff, 0xff, 0xff, 0xff,
  0xff, 0xff, 0xff, 0xff, 0xff, 0xff, 0xff, 0xff, 0xff, 0xff, 0xff, 0xff,
  0xff, 0xff, 0xff, 0xff, 0xff, 0xff, 0xff, 0xff, 0xff, 0xff, 0xff, 0xff,
  0xff, 0xff, 0xff, 0xff, 0xff, 0xff, 0xff, 0xff, 0xff, 0xff, 0xff, 0xff,
  0xff, 0xff, 0xff, 0xff, 0xff, 0xff, 0xff, 0xff, 0xff, 0xff, 0xff, 0xff,
  0xff, 0xff, 0xff, 0xff, 0xff, 0xff, 0xff, 0xff, 0xff, 0xff, 0xff, 0xff,
  0xff, 0xff, 0xff, 0xff, 0xff, 0xff, 0xff, 0xff, 0xff, 0xff, 0xff, 0xff,
  0xff, 0xff, 0xff, 0xff, 0xff, 0xff, 0xff, 0xff, 0xff, 0xff, 0xff, 0xff,
  0xff, 0xff, 0xff, 0xff, 0xff, 0xff, 0xff, 0xff, 0xff, 0xff, 0xff, 0xff,
  0xff, 0xff, 0xff, 0xff, 0xff, 0xff, 0xff, 0xff, 0xff, 0xff, 0xff, 0xff,
  0xff, 0xff, 0xff, 0xff, 0xff, 0xff, 0xff, 0xff, 0xff, 0xff, 0xff, 0xff,
  0xff, 0xff, 0xff, 0xff, 0xff, 0xff, 0xff, 0xff, 0xff, 0xff, 0xff, 0xff,
  0xff, 0xff, 0xff, 0xff, 0xff, 0xff, 0xff, 0xff, 0xff, 0xff, 0xff, 0xff,
  0xff, 0xff, 0xff, 0xff, 0xff, 0xff, 0xff, 0xff, 0xff, 0xff, 0xff, 0xff,
  0xff, 0xff, 0xff, 0xff, 0xff, 0xff, 0xff, 0xff, 0xff, 0xff, 0xff, 0xff,
  0xff, 0xff, 0xff, 0xff, 0xff, 0xff, 0xff, 0xff, 0xff, 0xff, 0xff, 0xff,
  0xff, 0xff, 0xff, 0xff, 0xff, 0xff, 0xff, 0xff, 0xff, 0xff, 0xff, 0xff,
  0xff, 0xff, 0xff, 0xff, 0xff, 0xff, 0xff, 0xff, 0xff, 0xff, 0xff, 0xff,
  0xff, 0xff, 0xff, 0xff, 0xff, 0xff, 0xff, 0xff, 0xff, 0xff, 0xff, 0xff,
  0xff, 0xff, 0xff, 0xff, 0xff, 0xff, 0xff, 0xff, 0xff, 0xff, 0xff, 0xff,
  0xff, 0xff, 0xff, 0xff, 0xff, 0xff, 0xff, 0xff, 0xff, 0xff, 0xff, 0xff,
  0xff, 0xff, 0xff, 0xff, 0xff, 0xff, 0xff, 0xff, 0xff, 0xff, 0xff, 0xff,
  0xff, 0xff, 0xff, 0xff, 0xff, 0xff, 0xff, 0xff, 0xff, 0xff, 0xff, 0xff,
  0xff, 0xff, 0xff, 0xff, 0xff, 0xff, 0xff, 0xff, 0xff, 0xff, 0xff, 0xff,
  0xff, 0xff, 0xff, 0xff, 0xff, 0xff, 0xff, 0xff, 0xff, 0xff, 0xff, 0xff,
  0xff, 0xff, 0xff, 0xff, 0xff, 0xff, 0xff, 0xff, 0xff, 0xff, 0xff, 0xff,
  0xff, 0xff, 0xff, 0xff, 0xff, 0xff, 0xff, 0xff, 0xff, 0xff, 0xff, 0xff,
  0xff, 0xff, 0xff, 0xff, 0xff, 0xff, 0xff, 0xff, 0xff, 0xff, 0xff, 0xff,
  0xff, 0xff, 0xff, 0xff, 0xff, 0xff, 0xff, 0xff, 0xff, 0xff, 0xff, 0xff,
  0xff, 0xff, 0xff, 0xff, 0xff, 0xff, 0xff, 0xff, 0xff, 0xff, 0xff, 0xff,
  0xff, 0xff, 0xff, 0xff, 0xff, 0xff, 0xff, 0xff, 0xff, 0xff, 0xff, 0xff,
  0xff, 0xff, 0xff, 0xff, 0xff, 0xff, 0xff, 0xff, 0xff, 0xff, 0xff, 0xff,
  0xff, 0xff, 0xff, 0xff, 0xff, 0xff, 0xff, 0xff, 0xff, 0xff, 0xff, 0xff,
  0xff, 0xff, 0xff, 0xff, 0xff, 0xff, 0xff, 0xff, 0xff, 0xff, 0xff, 0xff,
  0xff, 0xff, 0xff, 0xff, 0xff, 0xff, 0xff, 0xff, 0xff, 0xff, 0xff, 0xff,
  0xff, 0xff, 0xff, 0xff, 0xff, 0xff, 0xff, 0xff, 0xff, 0xff, 0xff, 0xff,
  0xff, 0xff, 0xff, 0xff, 0xff, 0xff, 0xff, 0xff, 0xff, 0xff, 0xff, 0xff,
  0xff, 0xff, 0xff, 0xff, 0xff, 0xff, 0xff, 0xff, 0xff, 0xff, 0xff, 0xff,
  0xff, 0xff, 0xff, 0xff, 0xff, 0xff, 0xff, 0xff, 0xff, 0xff, 0xff, 0xff,
  0xff, 0xff, 0xff, 0xff, 0xff, 0xff, 0xff, 0xff, 0xff, 0xff, 0xff, 0xff,
  0xff, 0xff, 0xff, 0xff, 0xff, 0xff, 0xff, 0xff, 0xff, 0xff, 0xff, 0xff,
  0xff, 0xff, 0xff, 0xff, 0xff, 0xff, 0xff, 0xff, 0xff, 0xff, 0xff, 0xff,
  0xff, 0xff, 0xff, 0xff, 0xff, 0xff, 0xff, 0xff, 0xff, 0xff, 0xff, 0xff,
  0xff, 0xff, 0xff, 0xff, 0xff, 0xff, 0xff, 0xff, 0xff, 0xff, 0xff, 0xff,
  0xff, 0xff, 0xff, 0xff, 0xff, 0xff, 0xff, 0xff, 0xff, 0xff, 0xff, 0xff,
  0xff, 0xff, 0xff, 0xff, 0xff, 0xff, 0xff, 0xff, 0xff, 0xff, 0xff, 0xff,
  0xff, 0xff, 0xff, 0xff, 0xff, 0xff, 0xff, 0xff, 0xff, 0xff, 0xff, 0xff,
  0xff, 0xff, 0xff, 0xff, 0xff, 0xff, 0xff, 0xff, 0xff, 0xff, 0xff, 0xff,
  0xff, 0xff, 0xff, 0xff, 0xff, 0xff, 0xff, 0xff, 0xff, 0xff, 0xff, 0xff,
  0xff, 0xff, 0xff, 0xff, 0xff, 0xff, 0xff, 0xff, 0xff, 0xff, 0xff, 0xff,
  0xff, 0xff, 0xff, 0xff, 0xff, 0xff, 0xff, 0xff, 0xff, 0xff, 0xff, 0xff,
  0xff, 0xff, 0xff, 0xff, 0xff, 0xff, 0xff, 0xff, 0xff, 0xff, 0xff, 0xff,
  0xff, 0xff, 0xff, 0xff, 0xff, 0xff, 0xff, 0xff, 0xff, 0xff, 0xff, 0xff,
  0xff, 0xff, 0xff, 0xff, 0xff, 0xff, 0xff, 0xff, 0xff, 0xff, 0xff, 0xff,
  0xff, 0xff, 0xff, 0xff, 0xff, 0xff, 0xff, 0xff, 0xff, 0xff, 0xff, 0xff,
  0xff, 0xff, 0xff, 0xff, 0xff, 0xff, 0xff, 0xff, 0xff, 0xff, 0xff, 0xff,
  0xff, 0xff, 0xff, 0xff, 0xff, 0xff, 0xff, 0xff, 0xff, 0xff, 0xff, 0xff,
  0xff, 0xff, 0xff, 0xff, 0xff, 0xff, 0xff, 0xff, 0xff, 0xff, 0xff, 0xff,
  0xff, 0xff, 0xff, 0xff, 0xff, 0xff, 0xff, 0xff, 0xff, 0xff, 0xff, 0xff,
  0xff, 0xff, 0xff, 0xff, 0xff, 0xff, 0xff, 0xff, 0xff, 0xff, 0xff, 0xff,
  0xff, 0xff, 0xff, 0xff, 0xff, 0xff, 0xff, 0xff, 0xff, 0xff, 0xff, 0xff,
  0xff, 0xff, 0xff, 0xff, 0xff, 0xff, 0xff, 0xff, 0xff, 0xff, 0xff, 0xff,
  0xff, 0xff, 0xff, 0xff, 0xff, 0xff, 0xff, 0xff, 0xff, 0xff, 0xff, 0xff,
  0xff, 0xff, 0xff, 0xff, 0xff, 0xff, 0xff, 0xff, 0xff, 0xff, 0xff, 0xff,
  0xff, 0xff, 0xff, 0xff, 0xff, 0xff, 0xff, 0xff, 0xff, 0xff, 0xff, 0xff,
  0xff, 0xff, 0xff, 0xff, 0xff, 0xff, 0xff, 0xff, 0xff, 0xff, 0xff, 0xff,
  0xff, 0xff, 0xff, 0xff, 0xff, 0xff, 0xff, 0xff, 0xff, 0xff, 0xff, 0xff,
  0xff, 0xff, 0xff, 0xff, 0xff, 0xff, 0xff, 0xff, 0xff, 0xff, 0xff, 0xff,
  0xff, 0xff, 0xff, 0xff, 0xff, 0xff, 0xff, 0xff, 0xff, 0xff, 0xff, 0xff,
  0xff, 0xff, 0xff, 0xff, 0xff, 0xff, 0xff, 0xff, 0xff, 0xff, 0xff, 0xff,
  0xff, 0xff, 0xff, 0xff, 0xff, 0xff, 0xff, 0xff, 0xff, 0xff, 0xff, 0xff,
  0xff, 0xff, 0xff, 0xff, 0xff, 0xff, 0xff, 0xff, 0xff, 0xff, 0xff, 0xff,
  0xff, 0xff, 0xff, 0xff, 0xff, 0xff, 0xff, 0xff, 0xff, 0xff, 0xff, 0xff,
  0xff, 0xff, 0xff, 0xff, 0xff, 0xff, 0xff, 0xff, 0xff, 0xff, 0xff, 0xff,
  0xff, 0xff, 0xff, 0xff, 0xff, 0xff, 0xff, 0xff, 0xff, 0xff, 0xff, 0xff,
  0xff, 0xff, 0xff, 0xff, 0xff, 0xff, 0xff, 0xff, 0xff, 0xff, 0xff, 0xff,
  0xff, 0xff, 0xff, 0xff, 0xff, 0xff, 0xff, 0xff, 0xff, 0xff, 0xff, 0xff,
  0xff, 0xff, 0xff, 0xff, 0xff, 0xff, 0xff, 0xff, 0xff, 0xff, 0xff, 0xff,
  0xff, 0xff, 0xff, 0xff, 0xff, 0xff, 0xff, 0xff, 0xff, 0xff, 0xff, 0xff,
  0xff, 0xff, 0xff, 0xff, 0xff, 0xff, 0xff, 0xff, 0xff, 0xff, 0xff, 0xff,
  0xff, 0xff, 0xff, 0xff, 0xff, 0xff, 0xff, 0xff, 0xff, 0xff, 0xff, 0xff,
  0xff, 0xff, 0xff, 0xff, 0xff, 0xff, 0xff, 0xff, 0xff, 0xff, 0xff, 0xff,
  0xff, 0xff, 0xff, 0xff, 0xff, 0xff, 0xff, 0xff, 0xff, 0xff, 0xff, 0xff,
  0xff, 0xff, 0xff, 0xff, 0xff, 0xff, 0xff, 0xff, 0xff, 0xff, 0xff, 0xff,
  0xff, 0xff, 0xff, 0xff, 0xff, 0xff, 0xff, 0xff, 0xff, 0xff, 0xff, 0xff,
  0xff, 0xff, 0xff, 0xff, 0xff, 0xff, 0xff, 0xff, 0xff, 0xff, 0xff, 0xff,
  0xff, 0xff, 0xff, 0xff, 0xff, 0xff, 0xff, 0xff, 0xff, 0xff, 0xff, 0xff,
  0xff, 0xff, 0xff, 0xff, 0xff, 0xff, 0xff, 0xff, 0xff, 0xff, 0xff, 0xff,
  0xff, 0xff, 0xff, 0xff, 0xff, 0xff, 0xff, 0xff, 0xff, 0xff, 0xff, 0xff,
  0xff, 0xff, 0xff, 0xff, 0xff, 0xff, 0xff, 0xff, 0xff, 0xff, 0xff, 0xff,
  0xff, 0xff, 0xff, 0xff, 0xff, 0xff, 0xff, 0xff, 0xff, 0xff, 0xff, 0xff,
  0xff, 0xff, 0xff, 0xff, 0xff, 0xff, 0xff, 0xff, 0xff, 0xff, 0xff, 0xff,
  0xff, 0xff, 0xff, 0xff, 0xff, 0xff, 0xff, 0xff, 0xff, 0xff, 0xff, 0xff,
  0xff, 0xff, 0xff, 0xff, 0xff, 0xff, 0xff, 0xff, 0xff, 0xff, 0xff, 0xff,
  0xff, 0xff, 0xff, 0xff, 0xff, 0xff, 0xff, 0xff, 0xff, 0xff, 0xff, 0xff,
  0xff, 0xff, 0xff, 0xff, 0xff, 0xff, 0xff, 0xff, 0xff, 0xff, 0xff, 0xff,
  0xff, 0xff, 0xff, 0xff, 0xff, 0xff, 0xff, 0xff, 0xff, 0xff, 0xff, 0xff,
  0xff, 0xff, 0xff, 0xff, 0xff, 0xff, 0xff, 0xff, 0xff, 0xff, 0xff, 0xff,
  0xff, 0xff, 0xff, 0xff, 0xff, 0xff, 0xff, 0xff, 0xff, 0xff, 0xff, 0xff,
  0xff, 0xff, 0xff, 0xff, 0xff, 0xff, 0xff, 0xff, 0xff, 0xff, 0xff, 0xff,
  0xff, 0xff, 0xff, 0xff, 0xff, 0xff, 0xff, 0xff, 0xff, 0xff, 0xff, 0xff,
  0xff, 0xff, 0xff, 0xff, 0xff, 0xff, 0xff, 0xff, 0xff, 0xff, 0xff, 0xff,
  0xff, 0xff, 0xff, 0xff, 0xff, 0xff, 0xff, 0xff, 0xff, 0xff, 0xff, 0xff,
  0xff, 0xff, 0xff, 0xff, 0xff, 0xff, 0xff, 0xff, 0xff, 0xff, 0xff, 0xff,
  0xff, 0xff, 0xff, 0xff, 0xff, 0xff, 0xff, 0xff, 0xff, 0xff, 0xff, 0xff,
  0xff, 0xff, 0xff, 0xff, 0xff, 0xff, 0xff, 0xff, 0xff, 0xff, 0xff, 0xff,
  0xff, 0xff, 0xff, 0xff, 0xff, 0xff, 0xff, 0xff, 0xff, 0xff, 0xff, 0xff,
  0xff, 0xff, 0xff, 0xff, 0xff, 0xff, 0xff, 0xff, 0xff, 0xff, 0xff, 0xff,
  0xff, 0xff, 0xff, 0xff, 0xff, 0xff, 0xff, 0xff, 0xff, 0xff, 0xff, 0xff,
  0xff, 0xff, 0xff, 0xff, 0xff, 0xff, 0xff, 0xff, 0xff, 0xff, 0xff, 0xff,
  0xff, 0xff, 0xff, 0xff, 0xff, 0xff, 0xff, 0xff, 0xff, 0xff, 0xff, 0xff,
  0xff, 0xff, 0xff, 0xff, 0xff, 0xff, 0xff, 0xff, 0xff, 0xff, 0xff, 0xff,
  0xff, 0xff, 0xff, 0xff, 0xff, 0xff, 0xff, 0xff, 0xff, 0xff, 0xff, 0xff,
  0xff, 0xff, 0xff, 0xff, 0xff, 0xff, 0xff, 0xff, 0xff, 0xff, 0xff, 0xff,
  0xff, 0xff, 0xff, 0xff, 0xff, 0xff, 0xff, 0xff, 0xff, 0xff, 0xff, 0xff,
  0xff, 0xff, 0xff, 0xff, 0xff, 0xff, 0xff, 0xff, 0xff, 0xff, 0xff, 0xff,
  0xff, 0xff, 0xff, 0xff, 0xff, 0xff, 0xff, 0xff, 0xff, 0xff, 0xff, 0xff,
  0xff, 0xff, 0xff, 0xff, 0xff, 0xff, 0xff, 0xff, 0xff, 0xff, 0xff, 0xff,
  0xff, 0xff, 0xff, 0xff, 0xff, 0xff, 0xff, 0xff, 0xff, 0xff, 0xff, 0xff,
  0xff, 0xff, 0xff, 0xff, 0xff, 0xff, 0xff, 0xff, 0xff, 0xff, 0xff, 0xff,
  0xff, 0xff, 0xff, 0xff, 0xff, 0xff, 0xff, 0xff, 0xff, 0xff, 0xff, 0xff,
  0xff, 0xff, 0xff, 0xff, 0xff, 0xff, 0xff, 0xff, 0xff, 0xff, 0xff, 0xff,
  0xff, 0xff, 0xff, 0xff, 0xff, 0xff, 0xff, 0xff, 0xff, 0xff, 0xff, 0xff,
  0xff, 0xff, 0xff, 0xff, 0xff, 0xff, 0xff, 0xff, 0xff, 0xff, 0xff, 0xff,
  0xff, 0xff, 0xff, 0xff, 0xff, 0xff, 0xff, 0xff, 0xff, 0xff, 0xff, 0xff,
  0xff, 0xff, 0xff, 0xff, 0xff, 0xff, 0xff, 0xff, 0xff, 0xff, 0xff, 0xff,
  0xff, 0xff, 0xff, 0xff, 0xff, 0xff, 0xff, 0xff, 0xff, 0xff, 0xff, 0xff,
  0xff, 0xff, 0xff, 0xff, 0xff, 0xff, 0xff, 0xff, 0xff, 0xff, 0xff, 0xff,
  0xff, 0xff, 0xff, 0xff, 0xff, 0xff, 0xff, 0xff, 0xff, 0xff, 0xff, 0xff,
  0xff, 0xff, 0xff, 0xff, 0xff, 0xff, 0xff, 0xff, 0xff, 0xff, 0xff, 0xff,
  0xff, 0xff, 0xff, 0xff, 0xff, 0xff, 0xff, 0xff, 0xff, 0xff, 0xff, 0xff,
  0xff, 0xff, 0xff, 0xff, 0xff, 0xff, 0xff, 0xff, 0xff, 0xff, 0xff, 0xff,
  0xff, 0xff, 0xff, 0xff, 0xff, 0xff, 0xff, 0xff, 0xff, 0xff, 0xff, 0xff,
  0xff, 0xff, 0xff, 0xff, 0xff, 0xff, 0xff, 0xff, 0xff, 0xff, 0xff, 0xff,
  0xff, 0xff, 0xff, 0xff, 0xff, 0xff, 0xff, 0xff, 0xff, 0xff, 0xff, 0xff,
  0xff, 0xff, 0xff, 0xff, 0xff, 0xff, 0xff, 0xff, 0xff, 0xff, 0xff, 0xff,
  0xff, 0xff, 0xff, 0xff, 0xff, 0xff, 0xff, 0xff, 0xff, 0xff, 0xff, 0xff,
  0xff, 0xff, 0xff, 0xff, 0xff, 0xff, 0xff, 0xff, 0xff, 0xff, 0xff, 0xff,
  0xff, 0xff, 0xff, 0xff, 0xff, 0xff, 0xff, 0xff, 0xff, 0xff, 0xff, 0xff,
  0xff, 0xff, 0xff, 0xff, 0xff, 0xff, 0xff, 0xff, 0xff, 0xff, 0xff, 0xff,
  0xff, 0xff, 0xff, 0xff, 0xff, 0xff, 0xff, 0xff, 0xff, 0xff, 0xff, 0xff,
  0xff, 0xff, 0xff, 0xff, 0xff, 0xff, 0xff, 0xff, 0xff, 0xff, 0xff, 0xff,
  0xff, 0xff, 0xff, 0xff, 0xff, 0xff, 0xff, 0xff, 0xff, 0xff, 0xff, 0xff,
  0xff, 0xff, 0xff, 0xff, 0xff, 0xff, 0xff, 0xff, 0xff, 0xff, 0xff, 0xff,
  0xff, 0xff, 0xff, 0xff, 0xff, 0xff, 0xff, 0xff, 0xff, 0xff, 0xff, 0xff,
  0xff, 0xff, 0xff, 0xff, 0xff, 0xff, 0xff, 0xff, 0xff, 0xff, 0xff, 0xff,
  0xff, 0xff, 0xff, 0xff, 0xff, 0xff, 0xff, 0xff, 0xff, 0xff, 0xff, 0xff,
  0xff, 0xff, 0xff, 0xff, 0xff, 0xff, 0xff, 0xff, 0xff, 0xff, 0xff, 0xff,
  0xff, 0xff, 0xff, 0xff, 0xff, 0xff, 0xff, 0xff, 0xff, 0xff, 0xff, 0xff,
  0xff, 0xff, 0xff, 0xff, 0xff, 0xff, 0xff, 0xff, 0xff, 0xff, 0xff, 0xff,
  0xff, 0xff, 0xff, 0xff, 0xff, 0xff, 0xff, 0xff, 0xff, 0xff, 0xff, 0xff,
  0xff, 0xff, 0xff, 0xff, 0xff, 0xff, 0xff, 0xff, 0xff, 0xff, 0xff, 0xff,
  0xff, 0xff, 0xff, 0xff, 0xff, 0xff, 0xff, 0xff, 0xff, 0xff, 0xff, 0xff,
  0xff, 0xff, 0xff, 0xff, 0xff, 0xff, 0xff, 0xff, 0xff, 0xff, 0xff, 0xff,
  0xff, 0xff, 0xff, 0xff, 0xff, 0xff, 0xff, 0xff, 0xff, 0xff, 0xff, 0xff,
  0xff, 0xff, 0xff, 0xff, 0xff, 0xff, 0xff, 0xff, 0xff, 0xff, 0xff, 0xff,
  0xff, 0xff, 0xff, 0xff, 0xff, 0xff, 0xff, 0xff, 0xff, 0xff, 0xff, 0xff,
  0xff, 0xff, 0xff, 0xff, 0xff, 0xff, 0xff, 0xff, 0xff, 0xff, 0xff, 0xff,
  0xff, 0xff, 0xff, 0xff, 0xff, 0xff, 0xff, 0xff, 0xff, 0xff, 0xff, 0xff,
  0xff, 0xff, 0xff, 0xff, 0xff, 0xff, 0xff, 0xff, 0xff, 0xff, 0xff, 0xff,
  0xff, 0xff, 0xff, 0xff, 0xff, 0xff, 0xff, 0xff, 0xff, 0xff, 0xff, 0xff,
  0xff, 0xff, 0xff, 0xff, 0xff, 0xff, 0xff, 0xff, 0xff, 0xff, 0xff, 0xff,
  0xff, 0xff, 0xff, 0xff, 0xff, 0xff, 0xff, 0xff, 0xff, 0xff, 0xff, 0xff,
  0xff, 0xff, 0xff, 0xff, 0xff, 0xff, 0xff, 0xff, 0xff, 0xff, 0xff, 0xff,
  0xff, 0xff, 0xff, 0xff, 0xff, 0xff, 0xff, 0xff, 0xff, 0xff, 0xff, 0xff,
  0xff, 0xff, 0xff, 0xff, 0xff, 0xff, 0xff, 0xff, 0xff, 0xff, 0xff, 0xff,
  0xff, 0xff, 0xff, 0xff, 0xff, 0xff, 0xff, 0xff, 0xff, 0xff, 0xff, 0xff,
  0xff, 0xff, 0xff, 0xff, 0xff, 0xff, 0xff, 0xff, 0xff, 0xff, 0xff, 0xff,
  0xff, 0xff, 0xff, 0xff, 0xff, 0xff, 0xff, 0xff, 0xff, 0xff, 0xff, 0xff,
  0xff, 0xff, 0xff, 0xff, 0xff, 0xff, 0xff, 0xff, 0xff, 0xff, 0xff, 0xff,
  0xff, 0xff, 0xff, 0xff, 0xff, 0xff, 0xff, 0xff, 0xff, 0xff, 0xff, 0xff,
  0xff, 0xff, 0xff, 0xff, 0xff, 0xff, 0xff, 0xff, 0xff, 0xff, 0xff, 0xff,
  0xff, 0xff, 0xff, 0xff, 0xff, 0xff, 0xff, 0xff, 0xff, 0xff, 0xff, 0xff,
  0xff, 0xff, 0xff, 0xff, 0xff, 0xff, 0xff, 0xff, 0xff, 0xff, 0xff, 0xff,
  0xff, 0xff, 0xff, 0xff, 0xff, 0xff, 0xff, 0xff, 0xff, 0xff, 0xff, 0xff,
  0xff, 0xff, 0xff, 0xff, 0xff, 0xff, 0xff, 0xff, 0xff, 0xff, 0xff, 0xff,
  0xff, 0xff, 0xff, 0xff, 0xff, 0xff, 0xff, 0xff, 0xff, 0xff, 0xff, 0xff,
  0xff, 0xff, 0xff, 0xff, 0xff, 0xff, 0xff, 0xff, 0xff, 0xff, 0xff, 0xff,
  0xff, 0xff, 0xff, 0xff, 0xff, 0xff, 0xff, 0xff, 0xff, 0xff, 0xff, 0xff,
  0xff, 0xff, 0xff, 0xff, 0xff, 0xff, 0xff, 0xff, 0xff, 0xff, 0xff, 0xff,
  0xff, 0xff, 0xff, 0xff, 0xff, 0xff, 0xff, 0xff, 0xff, 0xff, 0xff, 0xff,
  0xff, 0xff, 0xff, 0xff, 0xff, 0xff, 0xff, 0xff, 0xff, 0xff, 0xff, 0xff,
  0xff, 0xff, 0xff, 0xff, 0xff, 0xff, 0xff, 0xff, 0xff, 0xff, 0xff, 0xff,
  0xff, 0xff, 0xff, 0xff, 0xff, 0xff, 0xff, 0xff, 0xff, 0xff, 0xff, 0xff,
  0xff, 0xff, 0xff, 0xff, 0xff, 0xff, 0xff, 0xff, 0xff, 0xff, 0xff, 0xff,
  0xff, 0xff, 0xff, 0xff, 0xff, 0xff, 0xff, 0xff, 0xff, 0xff, 0xff, 0xff,
  0xff, 0xff, 0xff, 0xff, 0xff, 0xff, 0xff, 0xff, 0xff, 0xff, 0xff, 0xff,
  0xff, 0xff, 0xff, 0xff, 0xff, 0xff, 0xff, 0xff, 0xff, 0xff, 0xff, 0xff,
  0xff, 0xff, 0xff, 0xff, 0xff, 0xff, 0xff, 0xff, 0xff, 0xff, 0xff, 0xff,
  0xff, 0xff, 0xff, 0xff, 0xff, 0xff, 0xff, 0xff, 0xff, 0xff, 0xff, 0xff,
  0xff, 0xff, 0xff, 0xff, 0xff, 0xff, 0xff, 0xff, 0xff, 0xff, 0xff, 0xff,
  0xff, 0xff, 0xff, 0xff, 0xff, 0xff, 0xff, 0xff, 0xff, 0xff, 0xff, 0xff,
  0xff, 0xff, 0xff, 0xff, 0xff, 0xff, 0xff, 0xff, 0xff, 0xff, 0xff, 0xff,
  0xff, 0xff, 0xff, 0xff, 0xff, 0xff, 0xff, 0xff, 0xff, 0xff, 0xff, 0xff,
  0xff, 0xff, 0xff, 0xff, 0xff, 0xff, 0xff, 0xff, 0xff, 0xff, 0xff, 0xff,
  0xff, 0xff, 0xff, 0xff, 0xff, 0xff, 0xff, 0xff, 0xff, 0xff, 0xff, 0xff,
  0xff, 0xff, 0xff, 0xff, 0xff, 0xff, 0xff, 0xff, 0xff, 0xff, 0xff, 0xff,
  0xff, 0xff, 0xff, 0xff, 0xff, 0xff, 0xff, 0xff, 0xff, 0xff, 0xff, 0xff,
  0xff, 0xff, 0xff, 0xff, 0xff, 0xff, 0xff, 0xff, 0xff, 0xff, 0xff, 0xff,
  0xff, 0xff, 0xff, 0xff, 0xff, 0xff, 0xff, 0xff, 0xff, 0xff, 0xff, 0xff,
  0xff, 0xff, 0xff, 0xff, 0xff, 0xff, 0xff, 0xff, 0xff, 0xff, 0xff, 0xff,
  0xff, 0xff, 0xff, 0xff, 0xff, 0xff, 0xff, 0xff, 0xff, 0xff, 0xff, 0xff,
  0xff, 0xff, 0xff, 0xff, 0xff, 0xff, 0xff, 0xff, 0xff, 0xff, 0xff, 0xff,
  0xff, 0xff, 0xff, 0xff, 0xff, 0xff, 0xff, 0xff, 0xff, 0xff, 0xff, 0xff,
  0xff, 0xff, 0xff, 0xff, 0xff, 0xff, 0xff, 0xff, 0xff, 0xff, 0xff, 0xff,
  0xff, 0xff, 0xff, 0xff, 0xff, 0xff, 0xff, 0xff, 0xff, 0xff, 0xff, 0xff,
  0xff, 0xff, 0xff, 0xff, 0xff, 0xff, 0xff, 0xff, 0xff, 0xff, 0xff, 0xff,
  0xff, 0xff, 0xff, 0xff, 0xff, 0xff, 0xff, 0xff, 0xff, 0xff, 0xff, 0xff,
  0xff, 0xff, 0xff, 0xff, 0xff, 0xff, 0xff, 0xff, 0xff, 0xff, 0xff, 0xff,
  0xff, 0xff, 0xff, 0xff, 0xff, 0xff, 0xff, 0xff, 0xff, 0xff, 0xff, 0xff,
  0xff, 0xff, 0xff, 0xff, 0xff, 0xff, 0xff, 0xff, 0xff, 0xff, 0xff, 0xff,
  0xff, 0xff, 0xff, 0xff, 0xff, 0xff, 0xff, 0xff, 0xff, 0xff, 0xff, 0xff,
  0xff, 0xff, 0xff, 0xff, 0xff, 0xff, 0xff, 0xff, 0xff, 0xff, 0xff, 0xff,
  0xff, 0xff, 0xff, 0xff, 0xff, 0xff, 0xff, 0xff, 0xff, 0xff, 0xff, 0xff,
  0xff, 0xff, 0xff, 0xff, 0xff, 0xff, 0xff, 0xff, 0xff, 0xff, 0xff, 0xff,
  0xff, 0xff, 0xff, 0xff, 0xff, 0xff, 0xff, 0xff, 0xff, 0xff, 0xff, 0xff,
  0xff, 0xff, 0xff, 0xff, 0xff, 0xff, 0xff, 0xff, 0xff, 0xff, 0xff, 0xff,
  0xff, 0xff, 0xff, 0xff, 0xff, 0xff, 0xff, 0xff, 0xff, 0xff, 0xff, 0xff,
  0xff, 0xff, 0xff, 0xff, 0xff, 0xff, 0xff, 0xff, 0xff, 0xff, 0xff, 0xff,
  0xff, 0xff, 0xff, 0xff, 0xff, 0xff, 0xff, 0xff, 0xff, 0xff, 0xff, 0xff,
  0xff, 0xff, 0xff, 0xff, 0xff, 0xff, 0xff, 0xff, 0xff, 0xff, 0xff, 0xff,
  0xff, 0xff, 0xff, 0xff, 0xff, 0xff, 0xff, 0xff, 0xff, 0xff, 0xff, 0xff,
  0xff, 0xff, 0xff, 0xff, 0xff, 0xff, 0xff, 0xff, 0xff, 0xff, 0xff, 0xff,
  0xff, 0xff, 0xff, 0xff, 0xff, 0xff, 0xff, 0xff, 0xff, 0xff, 0xff, 0xff,
  0xff, 0xff, 0xff, 0xff, 0xff, 0xff, 0xff, 0xff, 0xff, 0xff, 0xff, 0xff,
  0xff, 0xff, 0xff, 0xff, 0xff, 0xff, 0xff, 0xff, 0xff, 0xff, 0xff, 0xff,
  0xff, 0xff, 0xff, 0xff, 0xff, 0xff, 0xff, 0xff, 0xff, 0xff, 0xff, 0xff,
  0xff, 0xff, 0xff, 0xff, 0xff, 0xff, 0xff, 0xff, 0xff, 0xff, 0xff, 0xff,
  0xff, 0xff, 0xff, 0xff, 0xff, 0xff, 0xff, 0xff, 0xff, 0xff, 0xff, 0xff,
  0xff, 0xff, 0xff, 0xff, 0xff, 0xff, 0xff, 0xff, 0xff, 0xff, 0xff, 0xff,
  0xff, 0xff, 0xff, 0xff, 0xff, 0xff, 0xff, 0xff, 0xff, 0xff, 0xff, 0xff,
  0xff, 0xff, 0xff, 0xff, 0xff, 0xff, 0xff, 0xff, 0xff, 0xff, 0xff, 0xff,
  0xff, 0xff, 0xff, 0xff, 0xff, 0xff, 0xff, 0xff, 0xff, 0xff, 0xff, 0xff,
  0xff, 0xff, 0xff, 0xff, 0xff, 0xff, 0xff, 0xff, 0xff, 0xff, 0xff, 0xff,
  0xff, 0xff, 0xff, 0xff, 0xff, 0xff, 0xff, 0xff, 0xff, 0xff, 0xff, 0xff,
  0xff, 0xff, 0xff, 0xff, 0xff, 0xff, 0xff, 0xff, 0xff, 0xff, 0xff, 0xff,
  0xff, 0xff, 0xff, 0xff, 0xff, 0xff, 0xff, 0xff, 0xff, 0xff, 0xff, 0xff,
  0xff, 0xff, 0xff, 0xff, 0xff, 0xff, 0xff, 0xff, 0xff, 0xff, 0xff, 0xff,
  0xff, 0xff, 0xff, 0xff, 0xff, 0xff, 0xff, 0xff, 0xff, 0xff, 0xff, 0xff,
  0xff, 0xff, 0xff, 0xff, 0xff, 0xff, 0xff, 0xff, 0xff, 0xff, 0xff, 0xff,
  0xff, 0xff, 0xff, 0xff, 0xff, 0xff, 0xff, 0xff, 0xff, 0xff, 0xff, 0xff,
  0xff, 0xff, 0xff, 0xff, 0xff, 0xff, 0xff, 0xff, 0xff, 0xff, 0xff, 0xff,
  0xff, 0xff, 0xff, 0xff, 0xff, 0xff, 0xff, 0xff, 0xff, 0xff, 0xff, 0xff,
  0xff, 0xff, 0xff, 0xff, 0xff, 0xff, 0xff, 0xff, 0xff, 0xff, 0xff, 0xff,
  0xff, 0xff, 0xff, 0xff, 0xff, 0xff, 0xff, 0xff, 0xff, 0xff, 0xff, 0xff,
  0xff, 0xff, 0xff, 0xff, 0xff, 0xff, 0xff, 0xff, 0xff, 0xff, 0xff, 0xff,
  0xff, 0xff, 0xff, 0xff, 0xff, 0xff, 0xff, 0xff, 0xff, 0xff, 0xff, 0xff,
  0xff, 0xff, 0xff, 0xff, 0xff, 0xff, 0xff, 0xff, 0xff, 0xff, 0xff, 0xff,
  0xff, 0xff, 0xff, 0xff, 0xff, 0xff, 0xff, 0xff, 0xff, 0xff, 0xff, 0xff,
  0xff, 0xff, 0xff, 0xff, 0xff, 0xff, 0xff, 0xff, 0xff, 0xff, 0xff, 0xff,
  0xff, 0xff, 0xff, 0xff, 0xff, 0xff, 0xff, 0xff, 0xff, 0xff, 0xff, 0xff,
  0xff, 0xff, 0xff, 0xff, 0xff, 0xff, 0xff, 0xff, 0xff, 0xff, 0xff, 0xff,
  0xff, 0xff, 0xff, 0xff, 0xff, 0xff, 0xff, 0xff, 0xff, 0xff, 0xff, 0xff,
  0xff, 0xff, 0xff, 0xff, 0xff, 0xff, 0xff, 0xff, 0xff, 0xff, 0xff, 0xff,
  0xff, 0xff, 0xff, 0xff, 0xff, 0xff, 0xff, 0xff, 0xff, 0xff, 0xff, 0xff,
  0xff, 0xff, 0xff, 0xff, 0xff, 0xff, 0xff, 0xff, 0xff, 0xff, 0xff, 0xff,
  0xff, 0xff, 0xff, 0xff, 0xff, 0xff, 0xff, 0xff, 0xff, 0xff, 0xff, 0xff,
  0xff, 0xff, 0xff, 0xff, 0xff, 0xff, 0xff, 0xff, 0xff, 0xff, 0xff, 0xff,
  0xff, 0xff, 0xff, 0xff, 0xff, 0xff, 0xff, 0xff, 0xff, 0xff, 0xff, 0xff,
  0xff, 0xff, 0xff, 0xff, 0xff, 0xff, 0xff, 0xff, 0xff, 0xff, 0xff, 0xff,
  0xff, 0xff, 0xff, 0xff, 0xff, 0xff, 0xff, 0xff, 0xff, 0xff, 0xff, 0xff,
  0xff, 0xff, 0xff, 0xff, 0xff, 0xff, 0xff, 0xff, 0xff, 0xff, 0xff, 0xff,
  0xff, 0xff, 0xff, 0xff, 0xff, 0xff, 0xff, 0xff, 0xff, 0xff, 0xff, 0xff,
  0xff, 0xff, 0xff, 0xff, 0xff, 0xff, 0xff, 0xff, 0xff, 0xff, 0xff, 0xff,
  0xff, 0xff, 0xff, 0xff, 0xff, 0xff, 0xff, 0xff, 0xff, 0xff, 0xff, 0xff,
  0xff, 0xff, 0xff, 0xff, 0xff, 0xff, 0xff, 0xff, 0xff, 0xff, 0xff, 0xff,
  0xff, 0xff, 0xff, 0xff, 0xff, 0xff, 0xff, 0xff, 0xff, 0xff, 0xff, 0xff,
  0xff, 0xff, 0xff, 0xff, 0xff, 0xff, 0xff, 0xff, 0xff, 0xff, 0xff, 0xff,
  0xff, 0xff, 0xff, 0xff, 0xff, 0xff, 0xff, 0xff, 0xff, 0xff, 0xff, 0xff,
  0xff, 0xff, 0xff, 0xff, 0xff, 0xff, 0xff, 0xff, 0xff, 0xff, 0xff, 0xff,
  0xff, 0xff, 0xff, 0xff, 0xff, 0xff, 0xff, 0xff, 0xff, 0xff, 0xff, 0xff,
  0xff, 0xff, 0xff, 0xff, 0xff, 0xff, 0xff, 0xff, 0xff, 0xff, 0xff, 0xff,
  0xff, 0xff, 0xff, 0xff, 0xff, 0xff, 0xff, 0xff, 0xff, 0xff, 0xff, 0xff,
  0xff, 0xff, 0xff, 0xff, 0xff, 0xff, 0xff, 0xff, 0xff, 0xff, 0xff, 0xff,
  0xff, 0xff, 0xff, 0xff, 0xff, 0xff, 0xff, 0xff, 0xff, 0xff, 0xff, 0xff,
  0xff, 0xff, 0xff, 0xff, 0xff, 0xff, 0xff, 0xff, 0xff, 0xff, 0xff, 0xff,
  0xff, 0xff, 0xff, 0xff, 0xff, 0xff, 0xff, 0xff, 0xff, 0xff, 0xff, 0xff,
  0xff, 0xff, 0xff, 0xff, 0xff, 0xff, 0xff, 0xff, 0xff, 0xff, 0xff, 0xff,
  0xff, 0xff, 0xff, 0xff, 0xff, 0xff, 0xff, 0xff, 0xff, 0xff, 0xff, 0xff,
  0xff, 0xff, 0xff, 0xff, 0xff, 0xff, 0xff, 0xff, 0xff, 0xff, 0xff, 0xff,
  0xff, 0xff, 0xff, 0xff, 0xff, 0xff, 0xff, 0xff, 0xff, 0xff, 0xff, 0xff,
  0xff, 0xff, 0xff, 0xff, 0xff, 0xff, 0xff, 0xff, 0xff, 0xff, 0xff, 0xff,
  0xff, 0xff, 0xff, 0xff, 0xff, 0xff, 0xff, 0xff, 0xff, 0xff, 0xff, 0xff,
  0xff, 0xff, 0xff, 0xff, 0xff, 0xff, 0xff, 0xff, 0xff, 0xff, 0xff, 0xff,
  0xff, 0xff, 0xff, 0xff, 0xff, 0xff, 0xff, 0xff, 0xff, 0xff, 0xff, 0xff,
  0xff, 0xff, 0xff, 0xff, 0xff, 0xff, 0xff, 0xff, 0xff, 0xff, 0xff, 0xff,
  0xff, 0xff, 0xff, 0xff, 0xff, 0xff, 0xff, 0xff, 0xff, 0xff, 0xff, 0xff,
  0xff, 0xff, 0xff, 0xff, 0xff, 0xff, 0xff, 0xff, 0xff, 0xff, 0xff, 0xff,
  0xff, 0xff, 0xff, 0xff, 0xff, 0xff, 0xff, 0xff, 0xff, 0xff, 0xff, 0xff,
  0xff, 0xff, 0xff, 0xff, 0xff, 0xff, 0xff, 0xff, 0xff, 0xff, 0xff, 0xff,
  0xff, 0xff, 0xff, 0xff, 0xff, 0xff, 0xff, 0xff, 0xff, 0xff, 0xff, 0xff,
  0xff, 0xff, 0xff, 0xff, 0xff, 0xff, 0xff, 0xff, 0xff, 0xff, 0xff, 0xff,
  0xff, 0xff, 0xff, 0xff, 0xff, 0xff, 0xff, 0xff, 0xff, 0xff, 0xff, 0xff,
  0xff, 0xff, 0xff, 0xff, 0xff, 0xff, 0xff, 0xff, 0xff, 0xff, 0xff, 0xff,
  0xff, 0xff, 0xff, 0xff, 0xff, 0xff, 0xff, 0xff, 0xff, 0xff, 0xff, 0xff,
  0xff, 0xff, 0xff, 0xff, 0xff, 0xff, 0xff, 0xff, 0xff, 0xff, 0xff, 0xff,
  0xff, 0xff, 0xff, 0xff, 0xff, 0xff, 0xff, 0xff, 0xff, 0xff, 0xff, 0xff,
  0xff, 0xff, 0xff, 0xff, 0xff, 0xff, 0xff, 0xff, 0xff, 0xff, 0xff, 0xff,
  0xff, 0xff, 0xff, 0xff, 0xff, 0xff, 0xff, 0xff, 0xff, 0xff, 0xff, 0xff,
  0xff, 0xff, 0xff, 0xff, 0xff, 0xff, 0xff, 0xff, 0xff, 0xff, 0xff, 0xff,
  0xff, 0xff, 0xff, 0xff, 0xff, 0xff, 0xff, 0xff, 0xff, 0xff, 0xff, 0xff,
  0xff, 0xff, 0xff, 0xff, 0xff, 0xff, 0xff, 0xff, 0xff, 0xff, 0xff, 0xff,
  0xff, 0xff, 0xff, 0xff, 0xff, 0xff, 0xff, 0xff, 0xff, 0xff, 0xff, 0xff,
  0xff, 0xff, 0xff, 0xff, 0xff, 0xff, 0xff, 0xff, 0xff, 0xff, 0xff, 0xff,
  0xff, 0xff, 0xff, 0xff, 0xff, 0xff, 0xff, 0xff, 0xff, 0xff, 0xff, 0xff,
  0xff, 0xff, 0xff, 0xff, 0xff, 0xff, 0xff, 0xff, 0xff, 0xff, 0xff, 0xff,
  0xff, 0xff, 0xff, 0xff, 0xff, 0xff, 0xff, 0xff, 0xff, 0xff, 0xff, 0xff,
  0xff, 0xff, 0xff, 0xff, 0xff, 0xff, 0xff, 0xff, 0xff, 0xff, 0xff, 0xff,
  0xff, 0xff, 0xff, 0xff, 0xff, 0xff, 0xff, 0xff, 0xff, 0xff, 0xff, 0xff,
  0xff, 0xff, 0xff, 0xff, 0xff, 0xff, 0xff, 0xff, 0xff, 0xff, 0xff, 0xff,
  0xff, 0xff, 0xff, 0xff, 0xff, 0xff, 0xff, 0xff, 0xff, 0xff, 0xff, 0xff,
  0xff, 0xff, 0xff, 0xff, 0xff, 0xff, 0xff, 0xff, 0xff, 0xff, 0xff, 0xff,
  0xff, 0xff, 0xff, 0xff, 0xff, 0xff, 0xff, 0xff, 0xff, 0xff, 0xff, 0xff,
  0xff, 0xff, 0xff, 0xff, 0xff, 0xff, 0xff, 0xff, 0xff, 0xff, 0xff, 0xff,
  0xff, 0xff, 0xff, 0xff, 0xff, 0xff, 0xff, 0xff, 0xff, 0xff, 0xff, 0xff,
  0xff, 0xff, 0xff, 0xff, 0xff, 0xff, 0xff, 0xff, 0xff, 0xff, 0xff, 0xff,
  0xff, 0xff, 0xff, 0xff, 0xff, 0xff, 0xff, 0xff, 0xff, 0xff, 0xff, 0xff,
  0xff, 0xff, 0xff, 0xff, 0xff, 0xff, 0xff, 0xff, 0xff, 0xff, 0xff, 0xff,
  0xff, 0xff, 0xff, 0xff, 0xff, 0xff, 0xff, 0xff, 0xff, 0xff, 0xff, 0xff,
  0xff, 0xff, 0xff, 0xff, 0xff, 0xff, 0xff, 0xff, 0xff, 0xff, 0xff, 0xff,
  0xff, 0xff, 0xff, 0xff, 0xff, 0xff, 0xff, 0xff, 0xff, 0xff, 0xff, 0xff,
  0xff, 0xff, 0xff, 0xff, 0xff, 0xff, 0xff, 0xff, 0xff, 0xff, 0xff, 0xff,
  0xff, 0xff, 0xff, 0xff, 0xff, 0xff, 0xff, 0xff, 0xff, 0xff, 0xff, 0xff,
  0xff, 0xff, 0xff, 0xff, 0xff, 0xff, 0xff, 0xff, 0xff, 0xff, 0xff, 0xff,
  0xff, 0xff, 0xff, 0xff, 0xff, 0xff, 0xff, 0xff, 0xff, 0xff, 0xff, 0xff,
  0xff, 0xff, 0xff, 0xff, 0xff, 0xff, 0xff, 0xff, 0xff, 0xff, 0xff, 0xff,
  0xff, 0xff, 0xff, 0xff, 0xff, 0xff, 0xff, 0xff, 0xff, 0xff, 0xff, 0xff,
  0xff, 0xff, 0xff, 0xff, 0xff, 0xff, 0xff, 0xff, 0xff, 0xff, 0xff, 0xff,
  0xff, 0xff, 0xff, 0xff, 0xff, 0xff, 0xff, 0xff, 0xff, 0xff, 0xff, 0xff,
  0xff, 0xff, 0xff, 0xff, 0xff, 0xff, 0xff, 0xff, 0xff, 0xff, 0xff, 0xff,
  0xff, 0xff, 0xff, 0xff, 0xff, 0xff, 0xff, 0xff, 0xff, 0xff, 0xff, 0xff,
  0xff, 0xff, 0xff, 0xff, 0xff, 0xff, 0xff, 0xff, 0xff, 0xff, 0xff, 0xff,
  0xff, 0xff, 0xff, 0xff, 0xff, 0xff, 0xff, 0xff, 0xff, 0xff, 0xff, 0xff,
  0xff, 0xff, 0xff, 0xff, 0xff, 0xff, 0xff, 0xff, 0xff, 0xff, 0xff, 0xff,
  0xff, 0xff, 0xff, 0xff, 0xff, 0xff, 0xff, 0xff, 0xff, 0xff, 0xff, 0xff,
  0xff, 0xff, 0xff, 0xff, 0xff, 0xff, 0xff, 0xff, 0xff, 0xff, 0xff, 0xff,
  0xff, 0xff, 0xff, 0xff, 0xff, 0xff, 0xff, 0xff, 0xff, 0xff, 0xff, 0xff,
  0xff, 0xff, 0xff, 0xff, 0xff, 0xff, 0xff, 0xff, 0xff, 0xff, 0xff, 0xff,
  0xff, 0xff, 0xff, 0xff, 0xff, 0xff, 0xff, 0xff, 0xff, 0xff, 0xff, 0xff,
  0xff, 0xff, 0xff, 0xff, 0xff, 0xff, 0xff, 0xff, 0xff, 0xff, 0xff, 0xff,
  0xff, 0xff, 0xff, 0xff, 0xff, 0xff, 0xff, 0xff, 0xff, 0xff, 0xff, 0xff,
  0xff, 0xff, 0xff, 0xff, 0xff, 0xff, 0xff, 0xff, 0xff, 0xff, 0xff, 0xff,
  0xff, 0xff, 0xff, 0xff, 0xff, 0xff, 0xff, 0xff, 0xff, 0xff, 0xff, 0xff,
  0xff, 0xff, 0xff, 0xff, 0xff, 0xff, 0xff, 0xff, 0xff, 0xff, 0xff, 0xff,
  0xff, 0xff, 0xff, 0xff, 0xff, 0xff, 0xff, 0xff, 0xff, 0xff, 0xff, 0xff,
  0xff, 0xff, 0xff, 0xff, 0xff, 0xff, 0xff, 0xff, 0xff, 0xff, 0xff, 0xff,
  0xff, 0xff, 0xff, 0xff, 0xff, 0xff, 0xff, 0xff, 0xff, 0xff, 0xff, 0xff,
  0xff, 0xff, 0xff, 0xff, 0xff, 0xff, 0xff, 0xff, 0xff, 0xff, 0xff, 0xff,
  0xff, 0xff, 0xff, 0xff, 0xff, 0xff, 0xff, 0xff, 0xff, 0xff, 0xff, 0xff,
  0xff, 0xff, 0xff, 0xff, 0xff, 0xff, 0xff, 0xff, 0xff, 0xff, 0xff, 0xff,
  0xff, 0xff, 0xff, 0xff, 0xff, 0xff, 0xff, 0xff, 0xff, 0xff, 0xff, 0xff,
  0xff, 0xff, 0xff, 0xff, 0xff, 0xff, 0xff, 0xff, 0xff, 0xff, 0xff, 0xff,
  0xff, 0xff, 0xff, 0xff, 0xff, 0xff, 0xff, 0xff, 0xff, 0xff, 0xff, 0xff,
  0xff, 0xff, 0xff, 0xff, 0xff, 0xff, 0xff, 0xff, 0xff, 0xff, 0xff, 0xff,
  0xff, 0xff, 0xff, 0xff, 0xff, 0xff, 0xff, 0xff, 0xff, 0xff, 0xff, 0xff,
  0xff, 0xff, 0xff, 0xff, 0xff, 0xff, 0xff, 0xff, 0xff, 0xff, 0xff, 0xff,
  0xff, 0xff, 0xff, 0xff, 0xff, 0xff, 0xff, 0xff, 0xff, 0xff, 0xff, 0xff,
  0xff, 0xff, 0xff, 0xff, 0xff, 0xff, 0xff, 0xff, 0xff, 0xff, 0xff, 0xff,
  0xff, 0xff, 0xff, 0xff, 0xff, 0xff, 0xff, 0xff, 0xff, 0xff, 0xff, 0xff,
  0xff, 0xff, 0xff, 0xff, 0xff, 0xff, 0xff, 0xff, 0xff, 0xff, 0xff, 0xff,
  0xff, 0xff, 0xff, 0xff, 0xff, 0xff, 0xff, 0xff, 0xff, 0xff, 0xff, 0xff,
  0xff, 0xff, 0xff, 0xff, 0xff, 0xff, 0xff, 0xff, 0xff, 0xff, 0xff, 0xff,
  0xff, 0xff, 0xff, 0xff, 0xff, 0xff, 0xff, 0xff, 0xff, 0xff, 0xff, 0xff,
  0xff, 0xff, 0xff, 0xff, 0xff, 0xff, 0xff, 0xff, 0xff, 0xff, 0xff, 0xff,
  0xff, 0xff, 0xff, 0xff, 0xff, 0xff, 0xff, 0xff, 0xff, 0xff, 0xff, 0xff,
  0xff, 0xff, 0xff, 0xff, 0xff, 0xff, 0xff, 0xff, 0xff, 0xff, 0xff, 0xff,
  0xff, 0xff, 0xff, 0xff, 0xff, 0xff, 0xff, 0xff, 0xff, 0xff, 0xff, 0xff,
  0xff, 0xff, 0xff, 0xff, 0xff, 0xff, 0xff, 0xff, 0xff, 0xff, 0xff, 0xff,
  0xff, 0xff, 0xff, 0xff, 0xff, 0xff, 0xff, 0xff, 0xff, 0xff, 0xff, 0xff,
  0xff, 0xff, 0xff, 0xff, 0xff, 0xff, 0xff, 0xff, 0xff, 0xff, 0xff, 0xff,
  0xff, 0xff, 0xff, 0xff, 0xff, 0xff, 0xff, 0xff, 0xff, 0xff, 0xff, 0xff,
  0xff, 0xff, 0xff, 0xff, 0xff, 0xff, 0xff, 0xff, 0xff, 0xff, 0xff, 0xff,
  0xff, 0xff, 0xff, 0xff, 0xff, 0xff, 0xff, 0xff, 0xff, 0xff, 0xff, 0xff,
  0xff, 0xff, 0xff, 0xff, 0xff, 0xff, 0xff, 0xff, 0xff, 0xff, 0xff, 0xff,
  0xff, 0xff, 0xff, 0xff, 0xff, 0xff, 0xff, 0xff, 0xff, 0xff, 0xff, 0xff,
  0xff, 0xff, 0xff, 0xff, 0xff, 0xff, 0xff, 0xff, 0xff, 0xff, 0xff, 0xff,
  0xff, 0xff, 0xff, 0xff, 0xff, 0xff, 0xff, 0xff, 0xff, 0xff, 0xff, 0xff,
  0xff, 0xff, 0xff, 0xff, 0xff, 0xff, 0xff, 0xff, 0xff, 0xff, 0xff, 0xff,
  0xff, 0xff, 0xff, 0xff, 0xff, 0xff, 0xff, 0xff, 0xff, 0xff, 0xff, 0xff,
  0xff, 0xff, 0xff, 0xff, 0xff, 0xff, 0xff, 0xff, 0xff, 0xff, 0xff, 0xff,
  0xff, 0xff, 0xff, 0xff, 0xff, 0xff, 0xff, 0xff, 0xff, 0xff, 0xff, 0xff,
  0xff, 0xff, 0xff, 0xff, 0xff, 0xff, 0xff, 0xff, 0xff, 0xff, 0xff, 0xff,
  0xff, 0xff, 0xff, 0xff, 0xff, 0xff, 0xff, 0xff, 0xff, 0xff, 0xff, 0xff,
  0xff, 0xff, 0xff, 0xff, 0xff, 0xff, 0xff, 0xff, 0xff, 0xff, 0xff, 0xff,
  0xff, 0xff, 0xff, 0xff, 0xff, 0xff, 0xff, 0xff, 0xff, 0xff, 0xff, 0xff,
  0xff, 0xff, 0xff, 0xff, 0xff, 0xff, 0xff, 0xff, 0xff, 0xff, 0xff, 0xff,
  0xff, 0xff, 0xff, 0xff, 0xff, 0xff, 0xff, 0xff, 0xff, 0xff, 0xff, 0xff,
  0xff, 0xff, 0xff, 0xff, 0xff, 0xff, 0xff, 0xff, 0xff, 0xff, 0xff, 0xff,
  0xff, 0xff, 0xff, 0xff, 0xff, 0xff, 0xff, 0xff, 0xff, 0xff, 0xff, 0xff,
  0xff, 0xff, 0xff, 0xff, 0xff, 0xff, 0xff, 0xff, 0xff, 0xff, 0xff, 0xff,
  0xff, 0xff, 0xff, 0xff, 0xff, 0xff, 0xff, 0xff, 0xff, 0xff, 0xff, 0xff,
  0xff, 0xff, 0xff, 0xff, 0xff, 0xff, 0xff, 0xff, 0xff, 0xff, 0xff, 0xff,
  0xff, 0xff, 0xff, 0xff, 0xff, 0xff, 0xff, 0xff, 0xff, 0xff, 0xff, 0xff,
  0xff, 0xff, 0xff, 0xff, 0xff, 0xff, 0xff, 0xff, 0xff, 0xff, 0xff, 0xff,
  0xff, 0xff, 0xff, 0xff, 0xff, 0xff, 0xff, 0xff, 0xff, 0xff, 0xff, 0xff,
  0xff, 0xff, 0xff, 0xff, 0xff, 0xff, 0xff, 0xff, 0xff, 0xff, 0xff, 0xff,
  0xff, 0xff, 0xff, 0xff, 0xff, 0xff, 0xff, 0xff, 0xff, 0xff, 0xff, 0xff,
  0xff, 0xff, 0xff, 0xff, 0xff, 0xff, 0xff, 0xff, 0xff, 0xff, 0xff, 0xff,
  0xff, 0xff, 0xff, 0xff, 0xff, 0xff, 0xff, 0xff, 0xff, 0xff, 0xff, 0xff,
  0xff, 0xff, 0xff, 0xff, 0xff, 0xff, 0xff, 0xff, 0xff, 0xff, 0xff, 0xff,
  0xff, 0xff, 0xff, 0xff, 0xff, 0xff, 0xff, 0xff, 0xff, 0xff, 0xff, 0xff,
  0xff, 0xff, 0xff, 0xff, 0xff, 0xff, 0xff, 0xff, 0xff, 0xff, 0xff, 0xff,
  0xff, 0xff, 0xff, 0xff, 0xff, 0xff, 0xff, 0xff, 0xff, 0xff, 0xff, 0xff,
  0xff, 0xff, 0xff, 0xff, 0xff, 0xff, 0xff, 0xff, 0xff, 0xff, 0xff, 0xff,
  0xff, 0xff, 0xff, 0xff, 0xff, 0xff, 0xff, 0xff, 0xff, 0xff, 0xff, 0xff,
  0xff, 0xff, 0xff, 0xff, 0xff, 0xff, 0xff, 0xff, 0xff, 0xff, 0xff, 0xff,
  0xff, 0xff, 0xff, 0xff, 0xff, 0xff, 0xff, 0xff, 0xff, 0xff, 0xff, 0xff,
  0xff, 0xff, 0xff, 0xff, 0xff, 0xff, 0xff, 0xff, 0xff, 0xff, 0xff, 0xff,
  0xff, 0xff, 0xff, 0xff, 0xff, 0xff, 0xff, 0xff, 0xff, 0xff, 0xff, 0xff,
  0xff, 0xff, 0xff, 0xff, 0xff, 0xff, 0xff, 0xff, 0xff, 0xff, 0xff, 0xff,
  0xff, 0xff, 0xff, 0xff, 0xff, 0xff, 0xff, 0xff, 0xff, 0xff, 0xff, 0xff,
  0xff, 0xff, 0xff, 0xff, 0xff, 0xff, 0xff, 0xff, 0xff, 0xff, 0xff, 0xff,
  0xff, 0xff, 0xff, 0xff, 0xff, 0xff, 0xff, 0xff, 0xff, 0xff, 0xff, 0xff,
  0xff, 0xff, 0xff, 0xff, 0xff, 0xff, 0xff, 0xff, 0xff, 0xff, 0xff, 0xff,
  0xff, 0xff, 0xff, 0xff, 0xff, 0xff, 0xff, 0xff, 0xff, 0xff, 0xff, 0xff,
  0xff, 0xff, 0xff, 0xff, 0xff, 0xff, 0xff, 0xff, 0xff, 0xff, 0xff, 0xff,
  0xff, 0xff, 0xff, 0xff, 0xff, 0xff, 0xff, 0xff, 0xff, 0xff, 0xff, 0xff,
  0xff, 0xff, 0xff, 0xff, 0xff, 0xff, 0xff, 0xff, 0xff, 0xff, 0xff, 0xff,
  0xff, 0xff, 0xff, 0xff, 0xff, 0xff, 0xff, 0xff, 0xff, 0xff, 0xff, 0xff,
  0xff, 0xff, 0xff, 0xff, 0xff, 0xff, 0xff, 0xff, 0xff, 0xff, 0xff, 0xff,
  0xff, 0xff, 0xff, 0xff, 0xff, 0xff, 0xff, 0xff, 0xff, 0xff, 0xff, 0xff,
  0xff, 0xff, 0xff, 0xff, 0xff, 0xff, 0xff, 0xff, 0xff, 0xff, 0xff, 0xff,
  0xff, 0xff, 0xff, 0xff, 0xff, 0xff, 0xff, 0xff, 0xff, 0xff, 0xff, 0xff,
  0xff, 0xff, 0xff, 0xff, 0xff, 0xff, 0xff, 0xff, 0xff, 0xff, 0xff, 0xff,
  0xff, 0xff, 0xff, 0xff, 0xff, 0xff, 0xff, 0xff, 0xff, 0xff, 0xff, 0xff,
  0xff, 0xff, 0xff, 0xff, 0xff, 0xff, 0xff, 0xff, 0xff, 0xff, 0xff, 0xff,
  0xff, 0xff, 0xff, 0xff, 0xff, 0xff, 0xff, 0xff, 0xff, 0xff, 0xff, 0xff,
  0xff, 0xff, 0xff, 0xff, 0xff, 0xff, 0xff, 0xff, 0xff, 0xff, 0xff, 0xff,
  0xff, 0xff, 0xff, 0xff, 0xff, 0xff, 0xff, 0xff, 0xff, 0xff, 0xff, 0xff,
  0xff, 0xff, 0xff, 0xff, 0xff, 0xff, 0xff, 0xff, 0xff, 0xff, 0xff, 0xff,
  0xff, 0xff, 0xff, 0xff, 0xff, 0xff, 0xff, 0xff, 0xff, 0xff, 0xff, 0xff,
  0xff, 0xff, 0xff, 0xff, 0xff, 0xff, 0xff, 0xff, 0xff, 0xff, 0xff, 0xff,
  0xff, 0xff, 0xff, 0xff, 0xff, 0xff, 0xff, 0xff, 0xff, 0xff, 0xff, 0xff,
  0xff, 0xff, 0xff, 0xff, 0xff, 0xff, 0xff, 0xff, 0xff, 0xff, 0xff, 0xff,
  0xff, 0xff, 0xff, 0xff, 0xff, 0xff, 0xff, 0xff, 0xff, 0xff, 0xff, 0xff,
  0xff, 0xff, 0xff, 0xff, 0xff, 0xff, 0xff, 0xff, 0xff, 0xff, 0xff, 0xff,
  0xff, 0xff, 0xff, 0xff, 0xff, 0xff, 0xff, 0xff, 0xff, 0xff, 0xff, 0xff,
  0xff, 0xff, 0xff, 0xff, 0xff, 0xff, 0xff, 0xff, 0xff, 0xff, 0xff, 0xff,
  0xff, 0xff, 0xff, 0xff, 0xff, 0xff, 0xff, 0xff, 0xff, 0xff, 0xff, 0xff,
  0xff, 0xff, 0xff, 0xff, 0xff, 0xff, 0xff, 0xff, 0xff, 0xff, 0xff, 0xff,
  0xff, 0xff, 0xff, 0xff, 0xff, 0xff, 0xff, 0xff, 0xff, 0xff, 0xff, 0xff,
  0xff, 0xff, 0xff, 0xff, 0xff, 0xff, 0xff, 0xff, 0xff, 0xff, 0xff, 0xff,
  0xff, 0xff, 0xff, 0xff, 0xff, 0xff, 0xff, 0xff, 0xff, 0xff, 0xff, 0xff,
  0xff, 0xff, 0xff, 0xff, 0xff, 0xff, 0xff, 0xff, 0xff, 0xff, 0xff, 0xff,
  0xff, 0xff, 0xff, 0xff, 0xff, 0xff, 0xff, 0xff, 0xff, 0xff, 0xff, 0xff,
  0xff, 0xff, 0xff, 0xff, 0xff, 0xff, 0xff, 0xff, 0xff, 0xff, 0xff, 0xff,
  0xff, 0xff, 0xff, 0xff, 0xff, 0xff, 0xff, 0xff, 0xff, 0xff, 0xff, 0xff,
  0xff, 0xff, 0xff, 0xff, 0xff, 0xff, 0xff, 0xff, 0xff, 0xff, 0xff, 0xff,
  0xff, 0xff, 0xff, 0xff, 0xff, 0xff, 0xff, 0xff, 0xff, 0xff, 0xff, 0xff,
  0xff, 0xff, 0xff, 0xff, 0xff, 0xff, 0xff, 0xff, 0xff, 0xff, 0xff, 0xff,
  0xff, 0xff, 0xff, 0xff, 0xff, 0xff, 0xff, 0xff, 0xff, 0xff, 0xff, 0xff,
  0xff, 0xff, 0xff, 0xff, 0xff, 0xff, 0xff, 0xff, 0xff, 0xff, 0xff, 0xff,
  0xff, 0xff, 0xff, 0xff, 0xff, 0xff, 0xff, 0xff, 0xff, 0xff, 0xff, 0xff,
  0xff, 0xff, 0xff, 0xff, 0xff, 0xff, 0xff, 0xff, 0xff, 0xff, 0xff, 0xff,
  0xff, 0xff, 0xff, 0xff, 0xff, 0xff, 0xff, 0xff, 0xff, 0xff, 0xff, 0xff,
  0xff, 0xff, 0xff, 0xff, 0xff, 0xff, 0xff, 0xff, 0xff, 0xff, 0xff, 0xff,
  0xff, 0xff, 0xff, 0xff, 0xff, 0xff, 0xff, 0xff, 0xff, 0xff, 0xff, 0xff,
  0xff, 0xff, 0xff, 0xff, 0xff, 0xff, 0xff, 0xff, 0xff, 0xff, 0xff, 0xff,
  0xff, 0xff, 0xff, 0xff, 0xff, 0xff, 0xff, 0xff, 0xff, 0xff, 0xff, 0xff,
  0xff, 0xff, 0xff, 0xff, 0xff, 0xff, 0xff, 0xff, 0xff, 0xff, 0xff, 0xff,
  0xff, 0xff, 0xff, 0xff, 0xff, 0xff, 0xff, 0xff, 0xff, 0xff, 0xff, 0xff,
  0xff, 0xff, 0xff, 0xff, 0xff, 0xff, 0xff, 0xff, 0xff, 0xff, 0xff, 0xff,
  0xff, 0xff, 0xff, 0xff, 0xff, 0xff, 0xff, 0xff, 0xff, 0xff, 0xff, 0xff,
  0xff, 0xff, 0xff, 0xff, 0xff, 0xff, 0xff, 0xff, 0xff, 0xff, 0xff, 0xff,
  0xff, 0xff, 0xff, 0xff, 0xff, 0xff, 0xff, 0xff, 0xff, 0xff, 0xff, 0xff,
  0xff, 0xff, 0xff, 0xff, 0xff, 0xff, 0xff, 0xff, 0xff, 0xff, 0xff, 0xff,
  0xff, 0xff, 0xff, 0xff, 0xff, 0xff, 0xff, 0xff, 0xff, 0xff, 0xff, 0xff,
  0xff, 0xff, 0xff, 0xff, 0xff, 0xff, 0xff, 0xff, 0xff, 0xff, 0xff, 0xff,
  0xff, 0xff, 0xff, 0xff, 0xff, 0xff, 0xff, 0xff, 0xff, 0xff, 0xff, 0xff,
  0xff, 0xff, 0xff, 0xff, 0xff, 0xff, 0xff, 0xff, 0xff, 0xff, 0xff, 0xff,
  0xff, 0xff, 0xff, 0xff, 0xff, 0xff, 0xff, 0xff, 0xff, 0xff, 0xff, 0xff,
  0xff, 0xff, 0xff, 0xff, 0xff, 0xff, 0xff, 0xff, 0xff, 0xff, 0xff, 0xff,
  0xff, 0xff, 0xff, 0xff, 0xff, 0xff, 0xff, 0xff, 0xff, 0xff, 0xff, 0xff,
  0xff, 0xff, 0xff, 0xff, 0xff, 0xff, 0xff, 0xff, 0xff, 0xff, 0xff, 0xff,
  0xff, 0xff, 0xff, 0xff, 0xff, 0xff, 0xff, 0xff, 0xff, 0xff, 0xff, 0xff,
  0xff, 0xff, 0xff, 0xff, 0xff, 0xff, 0xff, 0xff, 0xff, 0xff, 0xff, 0xff,
  0xff, 0xff, 0xff, 0xff, 0xff, 0xff, 0xff, 0xff, 0xff, 0xff, 0xff, 0xff,
  0xff, 0xff, 0xff, 0xff, 0xff, 0xff, 0xff, 0xff, 0xff, 0xff, 0xff, 0xff,
  0xff, 0xff, 0xff, 0xff, 0xff, 0xff, 0xff, 0xff, 0xff, 0xff, 0xff, 0xff,
  0xff, 0xff, 0xff, 0xff, 0xff, 0xff, 0xff, 0xff, 0xff, 0xff, 0xff, 0xff,
  0xff, 0xff, 0xff, 0xff, 0xff, 0xff, 0xff, 0xff, 0xff, 0xff, 0xff, 0xff,
  0xff, 0xff, 0xff, 0xff, 0xff, 0xff, 0xff, 0xff, 0xff, 0xff, 0xff, 0xff,
  0xff, 0xff, 0xff, 0xff, 0xff, 0xff, 0xff, 0xff, 0xff, 0xff, 0xff, 0xff,
  0xff, 0xff, 0xff, 0xff, 0xff, 0xff, 0xff, 0xff, 0xff, 0xff, 0xff, 0xff,
  0xff, 0xff, 0xff, 0xff, 0xff, 0xff, 0xff, 0xff, 0xff, 0xff, 0xff, 0xff,
  0xff, 0xff, 0xff, 0xff, 0xff, 0xff, 0xff, 0xff, 0xff, 0xff, 0xff, 0xff,
  0xff, 0xff, 0xff, 0xff, 0xff, 0xff, 0xff, 0xff, 0xff, 0xff, 0xff, 0xff,
  0xff, 0xff, 0xff, 0xff, 0xff, 0xff, 0xff, 0xff, 0xff, 0xff, 0xff, 0xff,
  0xff, 0xff, 0xff, 0xff, 0xff, 0xff, 0xff, 0xff, 0xff, 0xff, 0xff, 0xff,
  0xff, 0xff, 0xff, 0xff, 0xff, 0xff, 0xff, 0xff, 0xff, 0xff, 0xff, 0xff,
  0xff, 0xff, 0xff, 0xff, 0xff, 0xff, 0xff, 0xff, 0xff, 0xff, 0xff, 0xff,
  0xff, 0xff, 0xff, 0xff, 0xff, 0xff, 0xff, 0xff, 0xff, 0xff, 0xff, 0xff,
  0xff, 0xff, 0xff, 0xff, 0xff, 0xff, 0xff, 0xff, 0xff, 0xff, 0xff, 0xff,
  0xff, 0xff, 0xff, 0xff, 0xff, 0xff, 0xff, 0xff, 0xff, 0xff, 0xff, 0xff,
  0xff, 0xff, 0xff, 0xff, 0xff, 0xff, 0xff, 0xff, 0xff, 0xff, 0xff, 0xff,
  0xff, 0xff, 0xff, 0xff, 0xff, 0xff, 0xff, 0xff, 0xff, 0xff, 0xff, 0xff,
  0xff, 0xff, 0xff, 0xff, 0xff, 0xff, 0xff, 0xff, 0xff, 0xff, 0xff, 0xff,
  0xff, 0xff, 0xff, 0xff, 0xff, 0xff, 0xff, 0xff, 0xff, 0xff, 0xff, 0xff,
  0xff, 0xff, 0xff, 0xff, 0xff, 0xff, 0xff, 0xff, 0xff, 0xff, 0xff, 0xff,
  0xff, 0xff, 0xff, 0xff, 0xff, 0xff, 0xff, 0xff, 0xff, 0xff, 0xff, 0xff,
  0xff, 0xff, 0xff, 0xff, 0xff, 0xff, 0xff, 0xff, 0xff, 0xff, 0xff, 0xff,
  0xff, 0xff, 0xff, 0xff, 0xff, 0xff, 0xff, 0xff, 0xff, 0xff, 0xff, 0xff,
  0xff, 0xff, 0xff, 0xff, 0xff, 0xff, 0xff, 0xff, 0xff, 0xff, 0xff, 0xff,
  0xff, 0xff, 0xff, 0xff, 0xff, 0xff, 0xff, 0xff, 0xff, 0xff, 0xff, 0xff,
  0xff, 0xff, 0xff, 0xff, 0xff, 0xff, 0xff, 0xff, 0xff, 0xff, 0xff, 0xff,
  0xff, 0xff, 0xff, 0xff, 0xff, 0xff, 0xff, 0xff, 0xff, 0xff, 0xff, 0xff,
  0xff, 0xff, 0xff, 0xff, 0xff, 0xff, 0xff, 0xff, 0xff, 0xff, 0xff, 0xff,
  0xff, 0xff, 0xff, 0xff, 0xff, 0xff, 0xff, 0xff, 0xff, 0xff, 0xff, 0xff,
  0xff, 0xff, 0xff, 0xff, 0xff, 0xff, 0xff, 0xff, 0xff, 0xff, 0xff, 0xff,
  0xff, 0xff, 0xff, 0xff, 0xff, 0xff, 0xff, 0xff, 0xff, 0xff, 0xff, 0xff,
  0xff, 0xff, 0xff, 0xff, 0xff, 0xff, 0xff, 0xff, 0xff, 0xff, 0xff, 0xff,
  0xff, 0xff, 0xff, 0xff, 0xff, 0xff, 0xff, 0xff, 0xff, 0xff, 0xff, 0xff,
  0xff, 0xff, 0xff, 0xff, 0xff, 0xff, 0xff, 0xff, 0xff, 0xff, 0xff, 0xff,
  0xff, 0xff, 0xff, 0xff, 0xff, 0xff, 0xff, 0xff, 0xff, 0xff, 0xff, 0xff,
  0xff, 0xff, 0xff, 0xff, 0xff, 0xff, 0xff, 0xff, 0xff, 0xff, 0xff, 0xff,
  0xff, 0xff, 0xff, 0xff, 0xff, 0xff, 0xff, 0xff, 0xff, 0xff, 0xff, 0xff,
  0xff, 0xff, 0xff, 0xff, 0xff, 0xff, 0xff, 0xff, 0xff, 0xff, 0xff, 0xff,
  0xff, 0xff, 0xff, 0xff, 0xff, 0xff, 0xff, 0xff, 0xff, 0xff, 0xff, 0xff,
  0xff, 0xff, 0xff, 0xff, 0xff, 0xff, 0xff, 0xff, 0xff, 0xff, 0xff, 0xff,
  0xff, 0xff, 0xff, 0xff, 0xff, 0xff, 0xff, 0xff, 0xff, 0xff, 0xff, 0xff,
  0xff, 0xff, 0xff, 0xff, 0xff, 0xff, 0xff, 0xff, 0xff, 0xff, 0xff, 0xff,
  0xff, 0xff, 0xff, 0xff, 0xff, 0xff, 0xff, 0xff, 0xff, 0xff, 0xff, 0xff,
  0xff, 0xff, 0xff, 0xff, 0xff, 0xff, 0xff, 0xff, 0xff, 0xff, 0xff, 0xff,
  0xff, 0xff, 0xff, 0xff, 0xff, 0xff, 0xff, 0xff, 0xff, 0xff, 0xff, 0xff,
  0xff, 0xff, 0xff, 0xff, 0xff, 0xff, 0xff, 0xff, 0xff, 0xff, 0xff, 0xff,
  0xff, 0xff, 0xff, 0xff, 0xff, 0xff, 0xff, 0xff, 0xff, 0xff, 0xff, 0xff,
  0xff, 0xff, 0xff, 0xff, 0xff, 0xff, 0xff, 0xff, 0xff, 0xff, 0xff, 0xff,
  0xff, 0xff, 0xff, 0xff, 0xff, 0xff, 0xff, 0xff, 0xff, 0xff, 0xff, 0xff,
  0xff, 0xff, 0xff, 0xff, 0xff, 0xff, 0xff, 0xff, 0xff, 0xff, 0xff, 0xff,
  0xff, 0xff, 0xff, 0xff, 0xff, 0xff, 0xff, 0xff, 0xff, 0xff, 0xff, 0xff,
  0xff, 0xff, 0xff, 0xff, 0xff, 0xff, 0xff, 0xff, 0xff, 0xff, 0xff, 0xff,
  0xff, 0xff, 0xff, 0xff, 0xff, 0xff, 0xff, 0xff, 0xff, 0xff, 0xff, 0xff,
  0xff, 0xff, 0xff, 0xff, 0xff, 0xff, 0xff, 0xff, 0xff, 0xff, 0xff, 0xff,
  0xff, 0xff, 0xff, 0xff, 0xff, 0xff, 0xff, 0xff, 0xff, 0xff, 0xff, 0xff,
  0xff, 0xff, 0xff, 0xff, 0xff, 0xff, 0xff, 0xff, 0xff, 0xff, 0xff, 0xff,
  0xff, 0xff, 0xff, 0xff, 0xff, 0xff, 0xff, 0xff, 0xff, 0xff, 0xff, 0xff,
  0xff, 0xff, 0xff, 0xff, 0xff, 0xff, 0xff, 0xff, 0xff, 0xff, 0xff, 0xff,
  0xff, 0xff, 0xff, 0xff, 0xff, 0xff, 0xff, 0xff, 0xff, 0xff, 0xff, 0xff,
  0xff, 0xff, 0xff, 0xff, 0xff, 0xff, 0xff, 0xff, 0xff, 0xff, 0xff, 0xff,
  0xff, 0xff, 0xff, 0xff, 0xff, 0xff, 0xff, 0xff, 0xff, 0xff, 0xff, 0xff,
  0xff, 0xff, 0xff, 0xff, 0xff, 0xff, 0xff, 0xff, 0xff, 0xff, 0xff, 0xff,
  0xff, 0xff, 0xff, 0xff, 0xff, 0xff, 0xff, 0xff, 0xff, 0xff, 0xff, 0xff,
  0xff, 0xff, 0xff, 0xff, 0xff, 0xff, 0xff, 0xff, 0xff, 0xff, 0xff, 0xff,
  0xff, 0xff, 0xff, 0xff, 0xff, 0xff, 0xff, 0xff, 0xff, 0xff, 0xff, 0xff,
  0xff, 0xff, 0xff, 0xff, 0xff, 0xff, 0xff, 0xff, 0xff, 0xff, 0xff, 0xff,
  0xff, 0xff, 0xff, 0xff, 0xff, 0xff, 0xff, 0xff, 0xff, 0xff, 0xff, 0xff,
  0xff, 0xff, 0xff, 0xff, 0xff, 0xff, 0xff, 0xff, 0xff, 0xff, 0xff, 0xff,
  0xff, 0xff, 0xff, 0xff, 0xff, 0xff, 0xff, 0xff, 0xff, 0xff, 0xff, 0xff,
  0xff, 0xff, 0xff, 0xff, 0xff, 0xff, 0xff, 0xff, 0xff, 0xff, 0xff, 0xff,
  0xff, 0xff, 0xff, 0xff, 0xff, 0xff, 0xff, 0xff, 0xff, 0xff, 0xff, 0xff,
  0xff, 0xff, 0xff, 0xff, 0xff, 0xff, 0xff, 0xff, 0xff, 0xff, 0xff, 0xff,
  0xff, 0xff, 0xff, 0xff, 0xff, 0xff, 0xff, 0xff, 0xff, 0xff, 0xff, 0xff,
  0xff, 0xff, 0xff, 0xff, 0xff, 0xff, 0xff, 0xff, 0xff, 0xff, 0xff, 0xff,
  0xff, 0xff, 0xff, 0xff, 0xff, 0xff, 0xff, 0xff, 0xff, 0xff, 0xff, 0xff,
  0xff, 0xff, 0xff, 0xff, 0xff, 0xff, 0xff, 0xff, 0xff, 0xff, 0xff, 0xff,
  0xff, 0xff, 0xff, 0xff, 0xff, 0xff, 0xff, 0xff, 0xff, 0xff, 0xff, 0xff,
  0xff, 0xff, 0xff, 0xff, 0xff, 0xff, 0xff, 0xff, 0xff, 0xff, 0xff, 0xff,
  0xff, 0xff, 0xff, 0xff, 0xff, 0xff, 0xff, 0xff, 0xff, 0xff, 0xff, 0xff,
  0xff, 0xff, 0xff, 0xff, 0xff, 0xff, 0xff, 0xff, 0xff, 0xff, 0xff, 0xff,
  0xff, 0xff, 0xff, 0xff, 0xff, 0xff, 0xff, 0xff, 0xff, 0xff, 0xff, 0xff,
  0xff, 0xff, 0xff, 0xff, 0xff, 0xff, 0xff, 0xff, 0xff, 0xff, 0xff, 0xff,
  0xff, 0xff, 0xff, 0xff, 0xff, 0xff, 0xff, 0xff, 0xff, 0xff, 0xff, 0xff,
  0xff, 0xff, 0xff, 0xff, 0xff, 0xff, 0xff, 0xff, 0xff, 0xff, 0xff, 0xff,
  0xff, 0xff, 0xff, 0xff, 0xff, 0xff, 0xff, 0xff, 0xff, 0xff, 0xff, 0xff,
  0xff, 0xff, 0xff, 0xff, 0xff, 0xff, 0xff, 0xff, 0xff, 0xff, 0xff, 0xff,
  0xff, 0xff, 0xff, 0xff, 0xff, 0xff, 0xff, 0xff, 0xff, 0xff, 0xff, 0xff,
  0xff, 0xff, 0xff, 0xff, 0xff, 0xff, 0xff, 0xff, 0xff, 0xff, 0xff, 0xff,
  0xff, 0xff, 0xff, 0xff, 0xff, 0xff, 0xff, 0xff, 0xff, 0xff, 0xff, 0xff,
  0xff, 0xff, 0xff, 0xff, 0xff, 0xff, 0xff, 0xff, 0xff, 0xff, 0xff, 0xff,
  0xff, 0xff, 0xff, 0xff, 0xff, 0xff, 0xff, 0xff, 0xff, 0xff, 0xff, 0xff,
  0xff, 0xff, 0xff, 0xff, 0xff, 0xff, 0xff, 0xff, 0xff, 0xff, 0xff, 0xff,
  0xff, 0xff, 0xff, 0xff, 0xff, 0xff, 0xff, 0xff, 0xff, 0xff, 0xff, 0xff,
  0xff, 0xff, 0xff, 0xff, 0xff, 0xff, 0xff, 0xff, 0xff, 0xff, 0xff, 0xff,
  0xff, 0xff, 0xff, 0xff, 0xff, 0xff, 0xff, 0xff, 0xff, 0xff, 0xff, 0xff,
  0xff, 0xff, 0xff, 0xff, 0xff, 0xff, 0xff, 0xff, 0xff, 0xff, 0xff, 0xff,
  0xff, 0xff, 0xff, 0xff, 0xff, 0xff, 0xff, 0xff, 0xff, 0xff, 0xff, 0xff,
  0xff, 0xff, 0xff, 0xff, 0xff, 0xff, 0xff, 0xff, 0xff, 0xff, 0xff, 0xff,
  0xff, 0xff, 0xff, 0xff, 0xff, 0xff, 0xff, 0xff, 0xff, 0xff, 0xff, 0xff,
  0xff, 0xff, 0xff, 0xff, 0xff, 0xff, 0xff, 0xff, 0xff, 0xff, 0xff, 0xff,
  0xff, 0xff, 0xff, 0xff, 0xff, 0xff, 0xff, 0xff, 0xff, 0xff, 0xff, 0xff,
  0xff, 0xff, 0xff, 0xff, 0xff, 0xff, 0xff, 0xff, 0xff, 0xff, 0xff, 0xff,
  0xff, 0xff, 0xff, 0xff, 0xff, 0xff, 0xff, 0xff, 0xff, 0xff, 0xff, 0xff,
  0xff, 0xff, 0xff, 0xff, 0xff, 0xff, 0xff, 0xff, 0xff, 0xff, 0xff, 0xff,
  0xff, 0xff, 0xff, 0xff, 0xff, 0xff, 0xff, 0xff, 0xff, 0xff, 0xff, 0xff,
  0xff, 0xff, 0xff, 0xff, 0xff, 0xff, 0xff, 0xff, 0xff, 0xff, 0xff, 0xff,
  0xff, 0xff, 0xff, 0xff, 0xff, 0xff, 0xff, 0xff, 0xff, 0xff, 0xff, 0xff,
  0xff, 0xff, 0xff, 0xff, 0xff, 0xff, 0xff, 0xff, 0xff, 0xff, 0xff, 0xff,
  0xff, 0xff, 0xff, 0xff, 0xff, 0xff, 0xff, 0xff, 0xff, 0xff, 0xff, 0xff,
  0xff, 0xff, 0xff, 0xff, 0xff, 0xff, 0xff, 0xff, 0xff, 0xff, 0xff, 0xff,
  0xff, 0xff, 0xff, 0xff, 0xff, 0xff, 0xff, 0xff, 0xff, 0xff, 0xff, 0xff,
  0xff, 0xff, 0xff, 0xff, 0xff, 0xff, 0xff, 0xff, 0xff, 0xff, 0xff, 0xff,
  0xff, 0xff, 0xff, 0xff, 0xff, 0xff, 0xff, 0xff, 0xff, 0xff, 0xff, 0xff,
  0xff, 0xff, 0xff, 0xff, 0xff, 0xff, 0xff, 0xff, 0xff, 0xff, 0xff, 0xff,
  0xff, 0xff, 0xff, 0xff, 0xff, 0xff, 0xff, 0xff, 0xff, 0xff, 0xff, 0xff,
  0xff, 0xff, 0xff, 0xff, 0xff, 0xff, 0xff, 0xff, 0xff, 0xff, 0xff, 0xff,
  0xff, 0xff, 0xff, 0xff, 0xff, 0xff, 0xff, 0xff, 0xff, 0xff, 0xff, 0xff,
  0xff, 0xff, 0xff, 0xff, 0xff, 0xff, 0xff, 0xff, 0xff, 0xff, 0xff, 0xff,
  0xff, 0xff, 0xff, 0xff, 0xff, 0xff, 0xff, 0xff, 0xff, 0xff, 0xff, 0xff,
  0xff, 0xff, 0xff, 0xff, 0xff, 0xff, 0xff, 0xff, 0xff, 0xff, 0xff, 0xff,
  0xff, 0xff, 0xff, 0xff, 0xff, 0xff, 0xff, 0xff, 0xff, 0xff, 0xff, 0xff,
  0xff, 0xff, 0xff, 0xff, 0xff, 0xff, 0xff, 0xff, 0xff, 0xff, 0xff, 0xff,
  0xff, 0xff, 0xff, 0xff, 0xff, 0xff, 0xff, 0xff, 0xff, 0xff, 0xff, 0xff,
  0xff, 0xff, 0xff, 0xff, 0xff, 0xff, 0xff, 0xff, 0xff, 0xff, 0xff, 0xff,
  0xff, 0xff, 0xff, 0xff, 0xff, 0xff, 0xff, 0xff, 0xff, 0xff, 0xff, 0xff,
  0xff, 0xff, 0xff, 0xff, 0xff, 0xff, 0xff, 0xff, 0xff, 0xff, 0xff, 0xff,
  0xff, 0xff, 0xff, 0xff, 0xff, 0xff, 0xff, 0xff, 0xff, 0xff, 0xff, 0xff,
  0xff, 0xff, 0xff, 0xff, 0xff, 0xff, 0xff, 0xff, 0xff, 0xff, 0xff, 0xff,
  0xff, 0xff, 0xff, 0xff, 0xff, 0xff, 0xff, 0xff, 0xff, 0xff, 0xff, 0xff,
  0xff, 0xff, 0xff, 0xff, 0xff, 0xff, 0xff, 0xff, 0xff, 0xff, 0xff, 0xff,
  0xff, 0xff, 0xff, 0xff, 0xff, 0xff, 0xff, 0xff, 0xff, 0xff, 0xff, 0xff,
  0xff, 0xff, 0xff, 0xff, 0xff, 0xff, 0xff, 0xff, 0xff, 0xff, 0xff, 0xff,
  0xff, 0xff, 0xff, 0xff, 0xff, 0xff, 0xff, 0xff, 0xff, 0xff, 0xff, 0xff,
  0xff, 0xff, 0xff, 0xff, 0xff, 0xff, 0xff, 0xff, 0xff, 0xff, 0xff, 0xff,
  0xff, 0xff, 0xff, 0xff, 0xff, 0xff, 0xff, 0xff, 0xff, 0xff, 0xff, 0xff,
  0xff, 0xff, 0xff, 0xff, 0xff, 0xff, 0xff, 0xff, 0xff, 0xff, 0xff, 0xff,
  0xff, 0xff, 0xff, 0xff, 0xff, 0xff, 0xff, 0xff, 0xff, 0xff, 0xff, 0xff,
  0xff, 0xff, 0xff, 0xff, 0xff, 0xff, 0xff, 0xff, 0xff, 0xff, 0xff, 0xff,
  0xff, 0xff, 0xff, 0xff, 0xff, 0xff, 0xff, 0xff, 0xff, 0xff, 0xff, 0xff,
  0xff, 0xff, 0xff, 0xff, 0xff, 0xff, 0xff, 0xff, 0xff, 0xff, 0xff, 0xff,
  0xff, 0xff, 0xff, 0xff, 0xff, 0xff, 0xff, 0xff, 0xff, 0xff, 0xff, 0xff,
  0xff, 0xff, 0xff, 0xff, 0xff, 0xff, 0xff, 0xff, 0xff, 0xff, 0xff, 0xff,
  0xff, 0xff, 0xff, 0xff, 0xff, 0xff, 0xff, 0xff, 0xff, 0xff, 0xff, 0xff,
  0xff, 0xff, 0xff, 0xff, 0xff, 0xff, 0xff, 0xff, 0xff, 0xff, 0xff, 0xff,
  0xff, 0xff, 0xff, 0xff, 0xff, 0xff, 0xff, 0xff, 0xff, 0xff, 0xff, 0xff,
  0xff, 0xff, 0xff, 0xff, 0xff, 0xff, 0xff, 0xff, 0xff, 0xff, 0xff, 0xff,
  0xff, 0xff, 0xff, 0xff, 0xff, 0xff, 0xff, 0xff, 0xff, 0xff, 0xff, 0xff,
  0xff, 0xff, 0xff, 0xff, 0xff, 0xff, 0xff, 0xff, 0xff, 0xff, 0xff, 0xff,
  0xff, 0xff, 0xff, 0xff, 0xff, 0xff, 0xff, 0xff, 0xff, 0xff, 0xff, 0xff,
  0xff, 0xff, 0xff, 0xff, 0xff, 0xff, 0xff, 0xff, 0xff, 0xff, 0xff, 0xff,
  0xff, 0xff, 0xff, 0xff, 0xff, 0xff, 0xff, 0xff, 0xff, 0xff, 0xff, 0xff,
  0xff, 0xff, 0xff, 0xff, 0xff, 0xff, 0xff, 0xff, 0xff, 0xff, 0xff, 0xff,
  0xff, 0xff, 0xff, 0xff, 0xff, 0xff, 0xff, 0xff, 0xff, 0xff, 0xff, 0xff,
  0xff, 0xff, 0xff, 0xff, 0xff, 0xff, 0xff, 0xff, 0xff, 0xff, 0xff, 0xff,
  0xff, 0xff, 0xff, 0xff, 0xff, 0xff, 0xff, 0xff, 0xff, 0xff, 0xff, 0xff,
  0xff, 0xff, 0xff, 0xff, 0xff, 0xff, 0xff, 0xff, 0xff, 0xff, 0xff, 0xff,
  0xff, 0xff, 0xff, 0xff, 0xff, 0xff, 0xff, 0xff, 0xff, 0xff, 0xff, 0xff,
  0xff, 0xff, 0xff, 0xff, 0xff, 0xff, 0xff, 0xff, 0xff, 0xff, 0xff, 0xff,
  0xff, 0xff, 0xff, 0xff, 0xff, 0xff, 0xff, 0xff, 0xff, 0xff, 0xff, 0xff,
  0xff, 0xff, 0xff, 0xff, 0xff, 0xff, 0xff, 0xff, 0xff, 0xff, 0xff, 0xff,
  0xff, 0xff, 0xff, 0xff, 0xff, 0xff, 0xff, 0xff, 0xff, 0xff, 0xff, 0xff,
  0xff, 0xff, 0xff, 0xff, 0xff, 0xff, 0xff, 0xff, 0xff, 0xff, 0xff, 0xff,
  0xff, 0xff, 0xff, 0xff, 0xff, 0xff, 0xff, 0xff, 0xff, 0xff, 0xff, 0xff,
  0xff, 0xff, 0xff, 0xff, 0xff, 0xff, 0xff, 0xff, 0xff, 0xff, 0xff, 0xff,
  0xff, 0xff, 0xff, 0xff, 0xff, 0xff, 0xff, 0xff, 0xff, 0xff, 0xff, 0xff,
  0xff, 0xff, 0xff, 0xff, 0xff, 0xff, 0xff, 0xff, 0xff, 0xff, 0xff, 0xff,
  0xff, 0xff, 0xff, 0xff, 0xff, 0xff, 0xff, 0xff, 0xff, 0xff, 0xff, 0xff,
  0xff, 0xff, 0xff, 0xff, 0xff, 0xff, 0xff, 0xff, 0xff, 0xff, 0xff, 0xff,
  0xff, 0xff, 0xff, 0xff, 0xff, 0xff, 0xff, 0xff, 0xff, 0xff, 0xff, 0xff,
  0xff, 0xff, 0xff, 0xff, 0xff, 0xff, 0xff, 0xff, 0xff, 0xff, 0xff, 0xff,
  0xff, 0xff, 0xff, 0xff, 0xff, 0xff, 0xff, 0xff, 0xff, 0xff, 0xff, 0xff,
  0xff, 0xff, 0xff, 0xff, 0xff, 0xff, 0xff, 0xff, 0xff, 0xff, 0xff, 0xff,
  0xff, 0xff, 0xff, 0xff, 0xff, 0xff, 0xff, 0xff, 0xff, 0xff, 0xff, 0xff,
  0xff, 0xff, 0xff, 0xff, 0xff, 0xff, 0xff, 0xff, 0xff, 0xff, 0xff, 0xff,
  0xff, 0xff, 0xff, 0xff, 0xff, 0xff, 0xff, 0xff, 0xff, 0xff, 0xff, 0xff,
  0xff, 0xff, 0xff, 0xff, 0xff, 0xff, 0xff, 0xff, 0xff, 0xff, 0xff, 0xff,
  0xff, 0xff, 0xff, 0xff, 0xff, 0xff, 0xff, 0xff, 0xff, 0xff, 0xff, 0xff,
  0xff, 0xff, 0xff, 0xff, 0xff, 0xff, 0xff, 0xff, 0xff, 0xff, 0xff, 0xff,
  0xff, 0xff, 0xff, 0xff, 0xff, 0xff, 0xff, 0xff, 0xff, 0xff, 0xff, 0xff,
  0xff, 0xff, 0xff, 0xff, 0xff, 0xff, 0xff, 0xff, 0xff, 0xff, 0xff, 0xff,
  0xff, 0xff, 0xff, 0xff, 0xff, 0xff, 0xff, 0xff, 0xff, 0xff, 0xff, 0xff,
  0xff, 0xff, 0xff, 0xff, 0xff, 0xff, 0xff, 0xff, 0xff, 0xff, 0xff, 0xff,
  0xff, 0xff, 0xff, 0xff, 0xff, 0xff, 0xff, 0xff, 0xff, 0xff, 0xff, 0xff,
  0xff, 0xff, 0xff, 0xff, 0xff, 0xff, 0xff, 0xff, 0xff, 0xff, 0xff, 0xff,
  0xff, 0xff, 0xff, 0xff, 0xff, 0xff, 0xff, 0xff, 0xff, 0xff, 0xff, 0xff,
  0xff, 0xff, 0xff, 0xff, 0xff, 0xff, 0xff, 0xff, 0xff, 0xff, 0xff, 0xff,
  0xff, 0xff, 0xff, 0xff, 0xff, 0xff, 0xff, 0xff, 0xff, 0xff, 0xff, 0xff,
  0xff, 0xff, 0xff, 0xff, 0xff, 0xff, 0xff, 0xff, 0xff, 0xff, 0xff, 0xff,
  0xff, 0xff, 0xff, 0xff, 0xff, 0xff, 0xff, 0xff, 0xff, 0xff, 0xff, 0xff,
  0xff, 0xff, 0xff, 0xff, 0xff, 0xff, 0xff, 0xff, 0xff, 0xff, 0xff, 0xff,
  0xff, 0xff, 0xff, 0xff, 0xff, 0xff, 0xff, 0xff, 0xff, 0xff, 0xff, 0xff,
  0xff, 0xff, 0xff, 0xff, 0xff, 0xff, 0xff, 0xff, 0xff, 0xff, 0xff, 0xff,
  0xff, 0xff, 0xff, 0xff, 0xff, 0xff, 0xff, 0xff, 0xff, 0xff, 0xff, 0xff,
  0xff, 0xff, 0xff, 0xff, 0xff, 0xff, 0xff, 0xff, 0xff, 0xff, 0xff, 0xff,
  0xff, 0xff, 0xff, 0xff, 0xff, 0xff, 0xff, 0xff, 0xff, 0xff, 0xff, 0xff,
  0xff, 0xff, 0xff, 0xff, 0xff, 0xff, 0xff, 0xff, 0xff, 0xff, 0xff, 0xff,
  0xff, 0xff, 0xff, 0xff, 0xff, 0xff, 0xff, 0xff, 0xff, 0xff, 0xff, 0xff,
  0xff, 0xff, 0xff, 0xff, 0xff, 0xff, 0xff, 0xff, 0xff, 0xff, 0xff, 0xff,
  0xff, 0xff, 0xff, 0xff, 0xff, 0xff, 0xff, 0xff, 0xff, 0xff, 0xff, 0xff,
  0xff, 0xff, 0xff, 0xff, 0xff, 0xff, 0xff, 0xff, 0xff, 0xff, 0xff, 0xff,
  0xff, 0xff, 0xff, 0xff, 0xff, 0xff, 0xff, 0xff, 0xff, 0xff, 0xff, 0xff,
  0xff, 0xff, 0xff, 0xff, 0xff, 0xff, 0xff, 0xff, 0xff, 0xff, 0xff, 0xff,
  0xff, 0xff, 0xff, 0xff, 0xff, 0xff, 0xff, 0xff, 0xff, 0xff, 0xff, 0xff,
  0xff, 0xff, 0xff, 0xff, 0xff, 0xff, 0xff, 0xff, 0xff, 0xff, 0xff, 0xff,
  0xff, 0xff, 0xff, 0xff, 0xff, 0xff, 0xff, 0xff, 0xff, 0xff, 0xff, 0xff,
  0xff, 0xff, 0xff, 0xff, 0xff, 0xff, 0xff, 0xff, 0xff, 0xff, 0xff, 0xff,
  0xff, 0xff, 0xff, 0xff, 0xff, 0xff, 0xff, 0xff, 0xff, 0xff, 0xff, 0xff,
  0xff, 0xff, 0xff, 0xff, 0xff, 0xff, 0xff, 0xff, 0xff, 0xff, 0xff, 0xff,
  0xff, 0xff, 0xff, 0xff, 0xff, 0xff, 0xff, 0xff, 0xff, 0xff, 0xff, 0xff,
  0xff, 0xff, 0xff, 0xff, 0xff, 0xff, 0xff, 0xff, 0xff, 0xff, 0xff, 0xff,
  0xff, 0xff, 0xff, 0xff, 0xff, 0xff, 0xff, 0xff, 0xff, 0xff, 0xff, 0xff,
  0xff, 0xff, 0xff, 0xff, 0xff, 0xff, 0xff, 0xff, 0xff, 0xff, 0xff, 0xff,
  0xff, 0xff, 0xff, 0xff, 0xff, 0xff, 0xff, 0xff, 0xff, 0xff, 0xff, 0xff,
  0xff, 0xff, 0xff, 0xff, 0xff, 0xff, 0xff, 0xff, 0xff, 0xff, 0xff, 0xff,
  0xff, 0xff, 0xff, 0xff, 0xff, 0xff, 0xff, 0xff, 0xff, 0xff, 0xff, 0xff,
  0xff, 0xff, 0xff, 0xff, 0xff, 0xff, 0xff, 0xff, 0xff, 0xff, 0xff, 0xff,
  0xff, 0xff, 0xff, 0xff, 0xff, 0xff, 0xff, 0xff, 0xff, 0xff, 0xff, 0xff,
  0xff, 0xff, 0xff, 0xff, 0xff, 0xff, 0xff, 0xff, 0xff, 0xff, 0xff, 0xff,
  0xff, 0xff, 0xff, 0xff, 0xff, 0xff, 0xff, 0xff, 0xff, 0xff, 0xff, 0xff,
  0xff, 0xff, 0xff, 0xff, 0xff, 0xff, 0xff, 0xff, 0xff, 0xff, 0xff, 0xff,
  0xff, 0xff, 0xff, 0xff, 0xff, 0xff, 0xff, 0xff, 0xff, 0xff, 0xff, 0xff,
  0xff, 0xff, 0xff, 0xff, 0xff, 0xff, 0xff, 0xff, 0xff, 0xff, 0xff, 0xff,
  0xff, 0xff, 0xff, 0xff, 0xff, 0xff, 0xff, 0xff, 0xff, 0xff, 0xff, 0xff,
  0xff, 0xff, 0xff, 0xff, 0xff, 0xff, 0xff, 0xff, 0xff, 0xff, 0xff, 0xff,
  0xff, 0xff, 0xff, 0xff, 0xff, 0xff, 0xff, 0xff, 0xff, 0xff, 0xff, 0xff,
  0xff, 0xff, 0xff, 0xff, 0xff, 0xff, 0xff, 0xff, 0xff, 0xff, 0xff, 0xff,
  0xff, 0xff, 0xff, 0xff, 0xff, 0xff, 0xff, 0xff, 0xff, 0xff, 0xff, 0xff,
  0xff, 0xff, 0xff, 0xff, 0xff, 0xff, 0xff, 0xff, 0xff, 0xff, 0xff, 0xff,
  0xff, 0xff, 0xff, 0xff, 0xff, 0xff, 0xff, 0xff, 0xff, 0xff, 0xff, 0xff,
  0xff, 0xff, 0xff, 0xff, 0xff, 0xff, 0xff, 0xff, 0xff, 0xff, 0xff, 0xff,
  0xff, 0xff, 0xff, 0xff, 0xff, 0xff, 0xff, 0xff, 0xff, 0xff, 0xff, 0xff,
  0xff, 0xff, 0xff, 0xff, 0xff, 0xff, 0xff, 0xff, 0xff, 0xff, 0xff, 0xff,
  0xff, 0xff, 0xff, 0xff, 0xff, 0xff, 0xff, 0xff, 0xff, 0xff, 0xff, 0xff,
  0xff, 0xff, 0xff, 0xff, 0xff, 0xff, 0xff, 0xff, 0xff, 0xff, 0xff, 0xff,
  0xff, 0xff, 0xff, 0xff, 0xff, 0xff, 0xff, 0xff, 0xff, 0xff, 0xff, 0xff,
  0xff, 0xff, 0xff, 0xff, 0xff, 0xff, 0xff, 0xff, 0xff, 0xff, 0xff, 0xff,
  0xff, 0xff, 0xff, 0xff, 0xff, 0xff, 0xff, 0xff, 0xff, 0xff, 0xff, 0xff,
  0xff, 0xff, 0xff, 0xff, 0xff, 0xff, 0xff, 0xff, 0xff, 0xff, 0xff, 0xff,
  0xff, 0xff, 0xff, 0xff, 0xff, 0xff, 0xff, 0xff, 0xff, 0xff, 0xff, 0xff,
  0xff, 0xff, 0xff, 0xff, 0xff, 0xff, 0xff, 0xff, 0xff, 0xff, 0xff, 0xff,
  0xff, 0xff, 0xff, 0xff, 0xff, 0xff, 0xff, 0xff, 0xff, 0xff, 0xff, 0xff,
  0xff, 0xff, 0xff, 0xff, 0xff, 0xff, 0xff, 0xff, 0xff, 0xff, 0xff, 0xff,
  0xff, 0xff, 0xff, 0xff, 0xff, 0xff, 0xff, 0xff, 0xff, 0xff, 0xff, 0xff,
  0xff, 0xff, 0xff, 0xff, 0xff, 0xff, 0xff, 0xff, 0xff, 0xff, 0xff, 0xff,
  0xff, 0xff, 0xff, 0xff, 0xff, 0xff, 0xff, 0xff, 0xff, 0xff, 0xff, 0xff,
  0xff, 0xff, 0xff, 0xff, 0xff, 0xff, 0xff, 0xff, 0xff, 0xff, 0xff, 0xff,
  0xff, 0xff, 0xff, 0xff, 0xff, 0xff, 0xff, 0xff, 0xff, 0xff, 0xff, 0xff,
  0xff, 0xff, 0xff, 0xff, 0xff, 0xff, 0xff, 0xff, 0xff, 0xff, 0xff, 0xff,
  0xff, 0xff, 0xff, 0xff, 0xff, 0xff, 0xff, 0xff, 0xff, 0xff, 0xff, 0xff,
  0xff, 0xff, 0xff, 0xff, 0xff, 0xff, 0xff, 0xff, 0xff, 0xff, 0xff, 0xff,
  0xff, 0xff, 0xff, 0xff, 0xff, 0xff, 0xff, 0xff, 0xff, 0xff, 0xff, 0xff,
  0xff, 0xff, 0xff, 0xff, 0xff, 0xff, 0xff, 0xff, 0xff, 0xff, 0xff, 0xff,
  0xff, 0xff, 0xff, 0xff, 0xff, 0xff, 0xff, 0xff, 0xff, 0xff, 0xff, 0xff,
  0xff, 0xff, 0xff, 0xff, 0xff, 0xff, 0xff, 0xff, 0xff, 0xff, 0xff, 0xff,
  0xff, 0xff, 0xff, 0xff, 0xff, 0xff, 0xff, 0xff, 0xff, 0xff, 0xff, 0xff,
  0xff, 0xff, 0xff, 0xff, 0xff, 0xff, 0xff, 0xff, 0xff, 0xff, 0xff, 0xff,
  0xff, 0xff, 0xff, 0xff, 0xff, 0xff, 0xff, 0xff, 0xff, 0xff, 0xff, 0xff,
  0xff, 0xff, 0xff, 0xff, 0xff, 0xff, 0xff, 0xff, 0xff, 0xff, 0xff, 0xff,
  0xff, 0xff, 0xff, 0xff, 0xff, 0xff, 0xff, 0xff, 0xff, 0xff, 0xff, 0xff,
  0xff, 0xff, 0xff, 0xff, 0xff, 0xff, 0xff, 0xff, 0xff, 0xff, 0xff, 0xff,
  0xff, 0xff, 0xff, 0xff, 0xff, 0xff, 0xff, 0xff, 0xff, 0xff, 0xff, 0xff,
  0xff, 0xff, 0xff, 0xff, 0xff, 0xff, 0xff, 0xff, 0xff, 0xff, 0xff, 0xff,
  0xff, 0xff, 0xff, 0xff, 0xff, 0xff, 0xff, 0xff, 0xff, 0xff, 0xff, 0xff,
  0xff, 0xff, 0xff, 0xff, 0xff, 0xff, 0xff, 0xff, 0xff, 0xff, 0xff, 0xff,
  0xff, 0xff, 0xff, 0xff, 0xff, 0xff, 0xff, 0xff, 0xff, 0xff, 0xff, 0xff,
  0xff, 0xff, 0xff, 0xff, 0xff, 0xff, 0xff, 0xff, 0xff, 0xff, 0xff, 0xff,
  0xff, 0xff, 0xff, 0xff, 0xff, 0xff, 0xff, 0xff, 0xff, 0xff, 0xff, 0xff,
  0xff, 0xff, 0xff, 0xff, 0xff, 0xff, 0xff, 0xff, 0xff, 0xff, 0xff, 0xff,
  0xff, 0xff, 0xff, 0xff, 0xff, 0xff, 0xff, 0xff, 0xff, 0xff, 0xff, 0xff,
  0xff, 0xff, 0xff, 0xff, 0xff, 0xff, 0xff, 0xff, 0xff, 0xff, 0xff, 0xff,
  0xff, 0xff, 0xff, 0xff, 0xff, 0xff, 0xff, 0xff, 0xff, 0xff, 0xff, 0xff,
  0xff, 0xff, 0xff, 0xff, 0xff, 0xff, 0xff, 0xff, 0xff, 0xff, 0xff, 0xff,
  0xff, 0xff, 0xff, 0xff, 0xff, 0xff, 0xff, 0xff, 0xff, 0xff, 0xff, 0xff,
  0xff, 0xff, 0xff, 0xff, 0xff, 0xff, 0xff, 0xff, 0xff, 0xff, 0xff, 0xff,
  0xff, 0xff, 0xff, 0xff, 0xff, 0xff, 0xff, 0xff, 0xff, 0xff, 0xff, 0xff,
  0xff, 0xff, 0xff, 0xff, 0xff, 0xff, 0xff, 0xff, 0xff, 0xff, 0xff, 0xff,
  0xff, 0xff, 0xff, 0xff, 0xff, 0xff, 0xff, 0xff, 0xff, 0xff, 0xff, 0xff,
  0xff, 0xff, 0xff, 0xff, 0xff, 0xff, 0xff, 0xff, 0xff, 0xff, 0xff, 0xff,
  0xff, 0xff, 0xff, 0xff, 0xff, 0xff, 0xff, 0xff, 0xff, 0xff, 0xff, 0xff,
  0xff, 0xff, 0xff, 0xff, 0xff, 0xff, 0xff, 0xff, 0xff, 0xff, 0xff, 0xff,
  0xff, 0xff, 0xff, 0xff, 0xff, 0xff, 0xff, 0xff, 0xff, 0xff, 0xff, 0xff,
  0xff, 0xff, 0xff, 0xff, 0xff, 0xff, 0xff, 0xff, 0xff, 0xff, 0xff, 0xff,
  0xff, 0xff, 0xff, 0xff, 0xff, 0xff, 0xff, 0xff, 0xff, 0xff, 0xff, 0xff,
  0xff, 0xff, 0xff, 0xff, 0xff, 0xff, 0xff, 0xff, 0xff, 0xff, 0xff, 0xff,
  0xff, 0xff, 0xff, 0xff, 0xff, 0xff, 0xff, 0xff, 0xff, 0xff, 0xff, 0xff,
  0xff, 0xff, 0xff, 0xff, 0xff, 0xff, 0xff, 0xff, 0xff, 0xff, 0xff, 0xff,
  0xff, 0xff, 0xff, 0xff, 0xff, 0xff, 0xff, 0xff, 0xff, 0xff, 0xff, 0xff,
  0xff, 0xff, 0xff, 0xff, 0xff, 0xff, 0xff, 0xff, 0xff, 0xff, 0xff, 0xff,
  0xff, 0xff, 0xff, 0xff, 0xff, 0xff, 0xff, 0xff, 0xff, 0xff, 0xff, 0xff,
  0xff, 0xff, 0xff, 0xff, 0xff, 0xff, 0xff, 0xff, 0xff, 0xff, 0xff, 0xff,
  0xff, 0xff, 0xff, 0xff, 0xff, 0xff, 0xff, 0xff, 0xff, 0xff, 0xff, 0xff,
  0xff, 0xff, 0xff, 0xff, 0xff, 0xff, 0xff, 0xff, 0xff, 0xff, 0xff, 0xff,
  0xff, 0xff, 0xff, 0xff, 0xff, 0xff, 0xff, 0xff, 0xff, 0xff, 0xff, 0xff,
  0xff, 0xff, 0xff, 0xff, 0xff, 0xff, 0xff, 0xff, 0xff, 0xff, 0xff, 0xff,
  0xff, 0xff, 0xff, 0xff, 0xff, 0xff, 0xff, 0xff, 0xff, 0xff, 0xff, 0xff,
  0xff, 0xff, 0xff, 0xff, 0xff, 0xff, 0xff, 0xff, 0xff, 0xff, 0xff, 0xff,
  0xff, 0xff, 0xff, 0xff, 0xff, 0xff, 0xff, 0xff, 0xff, 0xff, 0xff, 0xff,
  0xff, 0xff, 0xff, 0xff, 0xff, 0xff, 0xff, 0xff, 0xff, 0xff, 0xff, 0xff,
  0xff, 0xff, 0xff, 0xff, 0xff, 0xff, 0xff, 0xff, 0xff, 0xff, 0xff, 0xff,
  0xff, 0xff, 0xff, 0xff, 0xff, 0xff, 0xff, 0xff, 0xff, 0xff, 0xff, 0xff,
  0xff, 0xff, 0xff, 0xff, 0xff, 0xff, 0xff, 0xff, 0xff, 0xff, 0xff, 0xff,
  0xff, 0xff, 0xff, 0xff, 0xff, 0xff, 0xff, 0xff, 0xff, 0xff, 0xff, 0xff,
  0xff, 0xff, 0xff, 0xff, 0xff, 0xff, 0xff, 0xff, 0xff, 0xff, 0xff, 0xff,
  0xff, 0xff, 0xff, 0xff, 0xff, 0xff, 0xff, 0xff, 0xff, 0xff, 0xff, 0xff,
  0xff, 0xff, 0xff, 0xff, 0xff, 0xff, 0xff, 0xff, 0xff, 0xff, 0xff, 0xff,
  0xff, 0xff, 0xff, 0xff, 0xff, 0xff, 0xff, 0xff, 0xff, 0xff, 0xff, 0xff,
  0xff, 0xff, 0xff, 0xff, 0xff, 0xff, 0xff, 0xff, 0xff, 0xff, 0xff, 0xff,
  0xff, 0xff, 0xff, 0xff, 0xff, 0xff, 0xff, 0xff, 0xff, 0xff, 0xff, 0xff,
  0xff, 0xff, 0xff, 0xff, 0xff, 0xff, 0xff, 0xff, 0xff, 0xff, 0xff, 0xff,
  0xff, 0xff, 0xff, 0xff, 0xff, 0xff, 0xff, 0xff, 0xff, 0xff, 0xff, 0xff,
  0xff, 0xff, 0xff, 0xff, 0xff, 0xff, 0xff, 0xff, 0xff, 0xff, 0xff, 0xff,
  0xff, 0xff, 0xff, 0xff, 0xff, 0xff, 0xff, 0xff, 0xff, 0xff, 0xff, 0xff,
  0xff, 0xff, 0xff, 0xff, 0xff, 0xff, 0xff, 0xff, 0xff, 0xff, 0xff, 0xff,
  0xff, 0xff, 0xff, 0xff, 0xff, 0xff, 0xff, 0xff, 0xff, 0xff, 0xff, 0xff,
  0xff, 0xff, 0xff, 0xff, 0xff, 0xff, 0xff, 0xff, 0xff, 0xff, 0xff, 0xff,
  0xff, 0xff, 0xff, 0xff, 0xff, 0xff, 0xff, 0xff, 0xff, 0xff, 0xff, 0xff,
  0xff, 0xff, 0xff, 0xff, 0xff, 0xff, 0xff, 0xff, 0xff, 0xff, 0xff, 0xff,
  0xff, 0xff, 0xff, 0xff, 0xff, 0xff, 0xff, 0xff, 0xff, 0xff, 0xff, 0xff,
  0xff, 0xff, 0xff, 0xff, 0xff, 0xff, 0xff, 0xff, 0xff, 0xff, 0xff, 0xff,
  0xff, 0xff, 0xff, 0xff, 0xff, 0xff, 0xff, 0xff, 0xff, 0xff, 0xff, 0xff,
  0xff, 0xff, 0xff, 0xff, 0xff, 0xff, 0xff, 0xff, 0xff, 0xff, 0xff, 0xff,
  0xff, 0xff, 0xff, 0xff, 0xff, 0xff, 0xff, 0xff, 0xff, 0xff, 0xff, 0xff,
  0xff, 0xff, 0xff, 0xff, 0xff, 0xff, 0xff, 0xff, 0xff, 0xff, 0xff, 0xff,
  0xff, 0xff, 0xff, 0xff, 0xff, 0xff, 0xff, 0xff, 0xff, 0xff, 0xff, 0xff,
  0xff, 0xff, 0xff, 0xff, 0xff, 0xff, 0xff, 0xff, 0xff, 0xff, 0xff, 0xff,
  0xff, 0xff, 0xff, 0xff, 0xff, 0xff, 0xff, 0xff, 0xff, 0xff, 0xff, 0xff,
  0xff, 0xff, 0xff, 0xff, 0xff, 0xff, 0xff, 0xff, 0xff, 0xff, 0xff, 0xff,
  0xff, 0xff, 0xff, 0xff, 0xff, 0xff, 0xff, 0xff, 0xff, 0xff, 0xff, 0xff,
  0xff, 0xff, 0xff, 0xff, 0xff, 0xff, 0xff, 0xff, 0xff, 0xff, 0xff, 0xff,
  0xff, 0xff, 0xff, 0xff, 0xff, 0xff, 0xff, 0xff, 0xff, 0xff, 0xff, 0xff,
  0xff, 0xff, 0xff, 0xff, 0xff, 0xff, 0xff, 0xff, 0xff, 0xff, 0xff, 0xff,
  0xff, 0xff, 0xff, 0xff, 0xff, 0xff, 0xff, 0xff, 0xff, 0xff, 0xff, 0xff,
  0xff, 0xff, 0xff, 0xff, 0xff, 0xff, 0xff, 0xff, 0xff, 0xff, 0xff, 0xff,
  0xff, 0xff, 0xff, 0xff, 0xff, 0xff, 0xff, 0xff, 0xff, 0xff, 0xff, 0xff,
  0xff, 0xff, 0xff, 0xff, 0xff, 0xff, 0xff, 0xff, 0xff, 0xff, 0xff, 0xff,
  0xff, 0xff, 0xff, 0xff, 0xff, 0xff, 0xff, 0xff, 0xff, 0xff, 0xff, 0xff,
  0xff, 0xff, 0xff, 0xff, 0xff, 0xff, 0xff, 0xff, 0xff, 0xff, 0xff, 0xff,
  0xff, 0xff, 0xff, 0xff, 0xff, 0xff, 0xff, 0xff, 0xff, 0xff, 0xff, 0xff,
  0xff, 0xff, 0xff, 0xff, 0xff, 0xff, 0xff, 0xff, 0xff, 0xff, 0xff, 0xff,
  0xff, 0xff, 0xff, 0xff, 0xff, 0xff, 0xff, 0xff, 0xff, 0xff, 0xff, 0xff,
  0xff, 0xff, 0xff, 0xff, 0xff, 0xff, 0xff, 0xff, 0xff, 0xff, 0xff, 0xff,
  0xff, 0xff, 0xff, 0xff, 0xff, 0xff, 0xff, 0xff, 0xff, 0xff, 0xff, 0xff,
  0xff, 0xff, 0xff, 0xff, 0xff, 0xff, 0xff, 0xff, 0xff, 0xff, 0xff, 0xff,
  0xff, 0xff, 0xff, 0xff, 0xff, 0xff, 0xff, 0xff, 0xff, 0xff, 0xff, 0xff,
  0xff, 0xff, 0xff, 0xff, 0xff, 0xff, 0xff, 0xff, 0xff, 0xff, 0xff, 0xff,
  0xff, 0xff, 0xff, 0xff, 0xff, 0xff, 0xff, 0xff, 0xff, 0xff, 0xff, 0xff,
  0xff, 0xff, 0xff, 0xff, 0xff, 0xff, 0xff, 0xff, 0xff, 0xff, 0xff, 0xff,
  0xff, 0xff, 0xff, 0xff, 0xff, 0xff, 0xff, 0xff, 0xff, 0xff, 0xff, 0xff,
  0xff, 0xff, 0xff, 0xff, 0xff, 0xff, 0xff, 0xff, 0xff, 0xff, 0xff, 0xff,
  0xff, 0xff, 0xff, 0xff, 0xff, 0xff, 0xff, 0xff, 0xff, 0xff, 0xff, 0xff,
  0xff, 0xff, 0xff, 0xff, 0xff, 0xff, 0xff, 0xff, 0xff, 0xff, 0xff, 0xff,
  0xff, 0xff, 0xff, 0xff, 0xff, 0xff, 0xff, 0xff, 0xff, 0xff, 0xff, 0xff,
  0xff, 0xff, 0xff, 0xff, 0xff, 0xff, 0xff, 0xff, 0xff, 0xff, 0xff, 0xff,
  0xff, 0xff, 0xff, 0xff, 0xff, 0xff, 0xff, 0xff, 0xff, 0xff, 0xff, 0xff,
  0xff, 0xff, 0xff, 0xff, 0xff, 0xff, 0xff, 0xff, 0xff, 0xff, 0xff, 0xff,
  0xff, 0xff, 0xff, 0xff, 0xff, 0xff, 0xff, 0xff, 0xff, 0xff, 0xff, 0xff,
  0xff, 0xff, 0xff, 0xff, 0xff, 0xff, 0xff, 0xff, 0xff, 0xff, 0xff, 0xff,
  0xff, 0xff, 0xff, 0xff, 0xff, 0xff, 0xff, 0xff, 0xff, 0xff, 0xff, 0xff,
  0xff, 0xff, 0xff, 0xff, 0xff, 0xff, 0xff, 0xff, 0xff, 0xff, 0xff, 0xff,
  0xff, 0xff, 0xff, 0xff, 0xff, 0xff, 0xff, 0xff, 0xff, 0xff, 0xff, 0xff,
  0xff, 0xff, 0xff, 0xff, 0xff, 0xff, 0xff, 0xff, 0xff, 0xff, 0xff, 0xff,
  0xff, 0xff, 0xff, 0xff, 0xff, 0xff, 0xff, 0xff, 0xff, 0xff, 0xff, 0xff,
  0xff, 0xff, 0xff, 0xff, 0xff, 0xff, 0xff, 0xff, 0xff, 0xff, 0xff, 0xff,
  0xff, 0xff, 0xff, 0xff, 0xff, 0xff, 0xff, 0xff, 0xff, 0xff, 0xff, 0xff,
  0xff, 0xff, 0xff, 0xff, 0xff, 0xff, 0xff, 0xff, 0xff, 0xff, 0xff, 0xff,
  0xff, 0xff, 0xff, 0xff, 0xff, 0xff, 0xff, 0xff, 0xff, 0xff, 0xff, 0xff,
  0xff, 0xff, 0xff, 0xff, 0xff, 0xff, 0xff, 0xff, 0xff, 0xff, 0xff, 0xff,
  0xff, 0xff, 0xff, 0xff, 0xff, 0xff, 0xff, 0xff, 0xff, 0xff, 0xff, 0xff,
  0xff, 0xff, 0xff, 0xff, 0xff, 0xff, 0xff, 0xff, 0xff, 0xff, 0xff, 0xff,
  0xff, 0xff, 0xff, 0xff, 0xff, 0xff, 0xff, 0xff, 0xff, 0xff, 0xff, 0xff,
  0xff, 0xff, 0xff, 0xff, 0xff, 0xff, 0xff, 0xff, 0xff, 0xff, 0xff, 0xff,
  0xff, 0xff, 0xff, 0xff, 0xff, 0xff, 0xff, 0xff, 0xff, 0xff, 0xff, 0xff,
  0xff, 0xff, 0xff, 0xff, 0xff, 0xff, 0xff, 0xff, 0xff, 0xff, 0xff, 0xff,
  0xff, 0xff, 0xff, 0xff, 0xff, 0xff, 0xff, 0xff, 0xff, 0xff, 0xff, 0xff,
  0xff, 0xff, 0xff, 0xff, 0xff, 0xff, 0xff, 0xff, 0xff, 0xff, 0xff, 0xff,
  0xff, 0xff, 0xff, 0xff, 0xff, 0xff, 0xff, 0xff, 0xff, 0xff, 0xff, 0xff,
  0xff, 0xff, 0xff, 0xff, 0xff, 0xff, 0xff, 0xff, 0xff, 0xff, 0xff, 0xff,
  0xff, 0xff, 0xff, 0xff, 0xff, 0xff, 0xff, 0xff, 0xff, 0xff, 0xff, 0xff,
  0xff, 0xff, 0xff, 0xff, 0xff, 0xff, 0xff, 0xff, 0xff, 0xff, 0xff, 0xff,
  0xff, 0xff, 0xff, 0xff, 0xff, 0xff, 0xff, 0xff, 0xff, 0xff, 0xff, 0xff,
  0xff, 0xff, 0xff, 0xff, 0xff, 0xff, 0xff, 0xff, 0xff, 0xff, 0xff, 0xff,
  0xff, 0xff, 0xff, 0xff, 0xff, 0xff, 0xff, 0xff, 0xff, 0xff, 0xff, 0xff,
  0xff, 0xff, 0xff, 0xff, 0xff, 0xff, 0xff, 0xff, 0xff, 0xff, 0xff, 0xff,
  0xff, 0xff, 0xff, 0xff, 0xff, 0xff, 0xff, 0xff, 0xff, 0xff, 0xff, 0xff,
  0xff, 0xff, 0xff, 0xff, 0xff, 0xff, 0xff, 0xff, 0xff, 0xff, 0xff, 0xff,
  0xff, 0xff, 0xff, 0xff, 0xff, 0xff, 0xff, 0xff, 0xff, 0xff, 0xff, 0xff,
  0xff, 0xff, 0xff, 0xff, 0xff, 0xff, 0xff, 0xff, 0xff, 0xff, 0xff, 0xff,
  0xff, 0xff, 0xff, 0xff, 0xff, 0xff, 0xff, 0xff, 0xff, 0xff, 0xff, 0xff,
  0xff, 0xff, 0xff, 0xff, 0xff, 0xff, 0xff, 0xff, 0xff, 0xff, 0xff, 0xff,
  0xff, 0xff, 0xff, 0xff, 0xff, 0xff, 0xff, 0xff, 0xff, 0xff, 0xff, 0xff,
  0xff, 0xff, 0xff, 0xff, 0xff, 0xff, 0xff, 0xff, 0xff, 0xff, 0xff, 0xff,
  0xff, 0xff, 0xff, 0xff, 0xff, 0xff, 0xff, 0xff, 0xff, 0xff, 0xff, 0xff,
  0xff, 0xff, 0xff, 0xff, 0xff, 0xff, 0xff, 0xff, 0xff, 0xff, 0xff, 0xff,
  0xff, 0xff, 0xff, 0xff, 0xff, 0xff, 0xff, 0xff, 0xff, 0xff, 0xff, 0xff,
  0xff, 0xff, 0xff, 0xff, 0xff, 0xff, 0xff, 0xff, 0xff, 0xff, 0xff, 0xff,
  0xff, 0xff, 0xff, 0xff, 0xff, 0xff, 0xff, 0xff, 0xff, 0xff, 0xff, 0xff,
  0xff, 0xff, 0xff, 0xff, 0xff, 0xff, 0xff, 0xff, 0xff, 0xff, 0xff, 0xff,
  0xff, 0xff, 0xff, 0xff, 0xff, 0xff, 0xff, 0xff, 0xff, 0xff, 0xff, 0xff,
  0xff, 0xff, 0xff, 0xff, 0xff, 0xff, 0xff, 0xff, 0xff, 0xff, 0xff, 0xff,
  0xff, 0xff, 0xff, 0xff, 0xff, 0xff, 0xff, 0xff, 0xff, 0xff, 0xff, 0xff,
  0xff, 0xff, 0xff, 0xff, 0xff, 0xff, 0xff, 0xff, 0xff, 0xff, 0xff, 0xff,
  0xff, 0xff, 0xff, 0xff, 0xff, 0xff, 0xff, 0xff, 0xff, 0xff, 0xff, 0xff,
  0xff, 0xff, 0xff, 0xff, 0xff, 0xff, 0xff, 0xff, 0xff, 0xff, 0xff, 0xff,
  0xff, 0xff, 0xff, 0xff, 0xff, 0xff, 0xff, 0xff, 0xff, 0xff, 0xff, 0xff,
  0xff, 0xff, 0xff, 0xff, 0xff, 0xff, 0xff, 0xff, 0xff, 0xff, 0xff, 0xff,
  0xff, 0xff, 0xff, 0xff, 0xff, 0xff, 0xff, 0xff, 0xff, 0xff, 0xff, 0xff,
  0xff, 0xff, 0xff, 0xff, 0xff, 0xff, 0xff, 0xff, 0xff, 0xff, 0xff, 0xff,
  0xff, 0xff, 0xff, 0xff, 0xff, 0xff, 0xff, 0xff, 0xff, 0xff, 0xff, 0xff,
  0xff, 0xff, 0xff, 0xff, 0xff, 0xff, 0xff, 0xff, 0xff, 0xff, 0xff, 0xff,
  0xff, 0xff, 0xff, 0xff, 0xff, 0xff, 0xff, 0xff, 0xff, 0xff, 0xff, 0xff,
  0xff, 0xff, 0xff, 0xff, 0xff, 0xff, 0xff, 0xff, 0xff, 0xff, 0xff, 0xff,
  0xff, 0xff, 0xff, 0xff, 0xff, 0xff, 0xff, 0xff, 0xff, 0xff, 0xff, 0xff,
  0xff, 0xff, 0xff, 0xff, 0xff, 0xff, 0xff, 0xff, 0xff, 0xff, 0xff, 0xff,
  0xff, 0xff, 0xff, 0xff, 0xff, 0xff, 0xff, 0xff, 0xff, 0xff, 0xff, 0xff,
  0xff, 0xff, 0xff, 0xff, 0xff, 0xff, 0xff, 0xff, 0xff, 0xff, 0xff, 0xff,
  0xff, 0xff, 0xff, 0xff, 0xff, 0xff, 0xff, 0xff, 0xff, 0xff, 0xff, 0xff,
  0xff, 0xff, 0xff, 0xff, 0xff, 0xff, 0xff, 0xff, 0xff, 0xff, 0xff, 0xff,
  0xff, 0xff, 0xff, 0xff, 0xff, 0xff, 0xff, 0xff, 0xff, 0xff, 0xff, 0xff,
  0xff, 0xff, 0xff, 0xff, 0xff, 0xff, 0xff, 0xff, 0xff, 0xff, 0xff, 0xff,
  0xff, 0xff, 0xff, 0xff, 0xff, 0xff, 0xff, 0xff, 0xff, 0xff, 0xff, 0xff,
  0xff, 0xff, 0xff, 0xff, 0xff, 0xff, 0xff, 0xff, 0xff, 0xff, 0xff, 0xff,
  0xff, 0xff, 0xff, 0xff, 0xff, 0xff, 0xff, 0xff, 0xff, 0xff, 0xff, 0xff,
  0xff, 0xff, 0xff, 0xff, 0xff, 0xff, 0xff, 0xff, 0xff, 0xff, 0xff, 0xff,
  0xff, 0xff, 0xff, 0xff, 0xff, 0xff, 0xff, 0xff, 0xff, 0xff, 0xff, 0xff,
  0xff, 0xff, 0xff, 0xff, 0xff, 0xff, 0xff, 0xff, 0xff, 0xff, 0xff, 0xff,
  0xff, 0xff, 0xff, 0xff, 0xff, 0xff, 0xff, 0xff, 0xff, 0xff, 0xff, 0xff,
  0xff, 0xff, 0xff, 0xff, 0xff, 0xff, 0xff, 0xff, 0xff, 0xff, 0xff, 0xff,
  0xff, 0xff, 0xff, 0xff, 0xff, 0xff, 0xff, 0xff, 0xff, 0xff, 0xff, 0xff,
  0xff, 0xff, 0xff, 0xff, 0xff, 0xff, 0xff, 0xff, 0xff, 0xff, 0xff, 0xff,
  0xff, 0xff, 0xff, 0xff, 0xff, 0xff, 0xff, 0xff, 0xff, 0xff, 0xff, 0xff,
  0xff, 0xff, 0xff, 0xff, 0xff, 0xff, 0xff, 0xff, 0xff, 0xff, 0xff, 0xff,
  0xff, 0xff, 0xff, 0xff, 0xff, 0xff, 0xff, 0xff, 0xff, 0xff, 0xff, 0xff,
  0xff, 0xff, 0xff, 0xff, 0xff, 0xff, 0xff, 0xff, 0xff, 0xff, 0xff, 0xff,
  0xff, 0xff, 0xff, 0xff, 0xff, 0xff, 0xff, 0xff, 0xff, 0xff, 0xff, 0xff,
  0xff, 0xff, 0xff, 0xff, 0xff, 0xff, 0xff, 0xff, 0xff, 0xff, 0xff, 0xff,
  0xff, 0xff, 0xff, 0xff, 0xff, 0xff, 0xff, 0xff, 0xff, 0xff, 0xff, 0xff,
  0xff, 0xff, 0xff, 0xff, 0xff, 0xff, 0xff, 0xff, 0xff, 0xff, 0xff, 0xff,
  0xff, 0xff, 0xff, 0xff, 0xff, 0xff, 0xff, 0xff, 0xff, 0xff, 0xff, 0xff,
  0xff, 0xff, 0xff, 0xff, 0xff, 0xff, 0xff, 0xff, 0xff, 0xff, 0xff, 0xff,
  0xff, 0xff, 0xff, 0xff, 0xff, 0xff, 0xff, 0xff, 0xff, 0xff, 0xff, 0xff,
  0xff, 0xff, 0xff, 0xff, 0xff, 0xff, 0xff, 0xff, 0xff, 0xff, 0xff, 0xff,
  0xff, 0xff, 0xff, 0xff, 0xff, 0xff, 0xff, 0xff, 0xff, 0xff, 0xff, 0xff,
  0xff, 0xff, 0xff, 0xff, 0xff, 0xff, 0xff, 0xff, 0xff, 0xff, 0xff, 0xff,
  0xff, 0xff, 0xff, 0xff, 0xff, 0xff, 0xff, 0xff, 0xff, 0xff, 0xff, 0xff,
  0xff, 0xff, 0xff, 0xff, 0xff, 0xff, 0xff, 0xff, 0xff, 0xff, 0xff, 0xff,
  0xff, 0xff, 0xff, 0xff, 0xff, 0xff, 0xff, 0xff, 0xff, 0xff, 0xff, 0xff,
  0xff, 0xff, 0xff, 0xff, 0xff, 0xff, 0xff, 0xff, 0xff, 0xff, 0xff, 0xff,
  0xff, 0xff, 0xff, 0xff, 0xff, 0xff, 0xff, 0xff, 0xff, 0xff, 0xff, 0xff,
  0xff, 0xff, 0xff, 0xff, 0xff, 0xff, 0xff, 0xff, 0xff, 0xff, 0xff, 0xff,
  0xff, 0xff, 0xff, 0xff, 0xff, 0xff, 0xff, 0xff, 0xff, 0xff, 0xff, 0xff,
  0xff, 0xff, 0xff, 0xff, 0xff, 0xff, 0xff, 0xff, 0xff, 0xff, 0xff, 0xff,
  0xff, 0xff, 0xff, 0xff, 0xff, 0xff, 0xff, 0xff, 0xff, 0xff, 0xff, 0xff,
  0xff, 0xff, 0xff, 0xff, 0xff, 0xff, 0xff, 0xff, 0xff, 0xff, 0xff, 0xff,
  0xff, 0xff, 0xff, 0xff, 0xff, 0xff, 0xff, 0xff, 0xff, 0xff, 0xff, 0xff,
  0xff, 0xff, 0xff, 0xff, 0xff, 0xff, 0xff, 0xff, 0xff, 0xff, 0xff, 0xff,
  0xff, 0xff, 0xff, 0xff, 0xff, 0xff, 0xff, 0xff, 0xff, 0xff, 0xff, 0xff,
  0xff, 0xff, 0xff, 0xff, 0xff, 0xff, 0xff, 0xff, 0xff, 0xff, 0xff, 0xff,
  0xff, 0xff, 0xff, 0xff, 0xff, 0xff, 0xff, 0xff, 0xff, 0xff, 0xff, 0xff,
  0xff, 0xff, 0xff, 0xff, 0xff, 0xff, 0xff, 0xff, 0xff, 0xff, 0xff, 0xff,
  0xff, 0xff, 0xff, 0xff, 0xff, 0xff, 0xff, 0xff, 0xff, 0xff, 0xff, 0xff,
  0xff, 0xff, 0xff, 0xff, 0xff, 0xff, 0xff, 0xff, 0xff, 0xff, 0xff, 0xff,
  0xff, 0xff, 0xff, 0xff, 0xff, 0xff, 0xff, 0xff, 0xff, 0xff, 0xff, 0xff,
  0xff, 0xff, 0xff, 0xff, 0xff, 0xff, 0xff, 0xff, 0xff, 0xff, 0xff, 0xff,
  0xff, 0xff, 0xff, 0xff, 0xff, 0xff, 0xff, 0xff, 0xff, 0xff, 0xff, 0xff,
  0xff, 0xff, 0xff, 0xff, 0xff, 0xff, 0xff, 0xff, 0xff, 0xff, 0xff, 0xff,
  0xff, 0xff, 0xff, 0xff, 0xff, 0xff, 0xff, 0xff, 0xff, 0xff, 0xff, 0xff,
  0xff, 0xff, 0xff, 0xff, 0xff, 0xff, 0xff, 0xff, 0xff, 0xff, 0xff, 0xff,
  0xff, 0xff, 0xff, 0xff, 0xff, 0xff, 0xff, 0xff, 0xff, 0xff, 0xff, 0xff,
  0xff, 0xff, 0xff, 0xff, 0xff, 0xff, 0xff, 0xff, 0xff, 0xff, 0xff, 0xff,
  0xff, 0xff, 0xff, 0xff, 0xff, 0xff, 0xff, 0xff, 0xff, 0xff, 0xff, 0xff,
  0xff, 0xff, 0xff, 0xff, 0xff, 0xff, 0xff, 0xff, 0xff, 0xff, 0xff, 0xff,
  0xff, 0xff, 0xff, 0xff, 0xff, 0xff, 0xff, 0xff, 0xff, 0xff, 0xff, 0xff,
  0xff, 0xff, 0xff, 0xff, 0xff, 0xff, 0xff, 0xff, 0xff, 0xff, 0xff, 0xff,
  0xff, 0xff, 0xff, 0xff, 0xff, 0xff, 0xff, 0xff, 0xff, 0xff, 0xff, 0xff,
  0xff, 0xff, 0xff, 0xff, 0xff, 0xff, 0xff, 0xff, 0xff, 0xff, 0xff, 0xff,
  0xff, 0xff, 0xff, 0xff, 0xff, 0xff, 0xff, 0xff, 0xff, 0xff, 0xff, 0xff,
  0xff, 0xff, 0xff, 0xff, 0xff, 0xff, 0xff, 0xff, 0xff, 0xff, 0xff, 0xff,
  0xff, 0xff, 0xff, 0xff, 0xff, 0xff, 0xff, 0xff, 0xff, 0xff, 0xff, 0xff,
  0xff, 0xff, 0xff, 0xff, 0xff, 0xff, 0xff, 0xff, 0xff, 0xff, 0xff, 0xff,
  0xff, 0xff, 0xff, 0xff, 0xff, 0xff, 0xff, 0xff, 0xff, 0xff, 0xff, 0xff,
  0xff, 0xff, 0xff, 0xff, 0xff, 0xff, 0xff, 0xff, 0xff, 0xff, 0xff, 0xff,
  0xff, 0xff, 0xff, 0xff, 0xff, 0xff, 0xff, 0xff, 0xff, 0xff, 0xff, 0xff,
  0xff, 0xff, 0xff, 0xff, 0xff, 0xff, 0xff, 0xff, 0xff, 0xff, 0xff, 0xff,
  0xff, 0xff, 0xff, 0xff, 0xff, 0xff, 0xff, 0xff, 0xff, 0xff, 0xff, 0xff,
  0xff, 0xff, 0xff, 0xff, 0xff, 0xff, 0xff, 0xff, 0xff, 0xff, 0xff, 0xff,
  0xff, 0xff, 0xff, 0xff, 0xff, 0xff, 0xff, 0xff, 0xff, 0xff, 0xff, 0xff,
  0xff, 0xff, 0xff, 0xff, 0xff, 0xff, 0xff, 0xff, 0xff, 0xff, 0xff, 0xff,
  0xff, 0xff, 0xff, 0xff, 0xff, 0xff, 0xff, 0xff, 0xff, 0xff, 0xff, 0xff,
  0xff, 0xff, 0xff, 0xff, 0xff, 0xff, 0xff, 0xff, 0xff, 0xff, 0xff, 0xff,
  0xff, 0xff, 0xff, 0xff, 0xff, 0xff, 0xff, 0xff, 0xff, 0xff, 0xff, 0xff,
  0xff, 0xff, 0xff, 0xff, 0xff, 0xff, 0xff, 0xff, 0xff, 0xff, 0xff, 0xff,
  0xff, 0xff, 0xff, 0xff, 0xff, 0xff, 0xff, 0xff, 0xff, 0xff, 0xff, 0xff,
  0xff, 0xff, 0xff, 0xff, 0xff, 0xff, 0xff, 0xff, 0xff, 0xff, 0xff, 0xff,
  0xff, 0xff, 0xff, 0xff, 0xff, 0xff, 0xff, 0xff, 0xff, 0xff, 0xff, 0xff,
  0xff, 0xff, 0xff, 0xff, 0xff, 0xff, 0xff, 0xff, 0xff, 0xff, 0xff, 0xff,
  0xff, 0xff, 0xff, 0xff, 0xff, 0xff, 0xff, 0xff, 0xff, 0xff, 0xff, 0xff,
  0xff, 0xff, 0xff, 0xff, 0xff, 0xff, 0xff, 0xff, 0xff, 0xff, 0xff, 0xff,
  0xff, 0xff, 0xff, 0xff, 0xff, 0xff, 0xff, 0xff, 0xff, 0xff, 0xff, 0xff,
  0xff, 0xff, 0xff, 0xff, 0xff, 0xff, 0xff, 0xff, 0xff, 0xff, 0xff, 0xff,
  0xff, 0xff, 0xff, 0xff, 0xff, 0xff, 0xff, 0xff, 0xff, 0xff, 0xff, 0xff,
  0xff, 0xff, 0xff, 0xff, 0xff, 0xff, 0xff, 0xff, 0xff, 0xff, 0xff, 0xff,
  0xff, 0xff, 0xff, 0xff, 0xff, 0xff, 0xff, 0xff, 0xff, 0xff, 0xff, 0xff,
  0xff, 0xff, 0xff, 0xff, 0xff, 0xff, 0xff, 0xff, 0xff, 0xff, 0xff, 0xff,
  0xff, 0xff, 0xff, 0xff, 0xff, 0xff, 0xff, 0xff, 0xff, 0xff, 0xff, 0xff,
  0xff, 0xff, 0xff, 0xff, 0xff, 0xff, 0xff, 0xff, 0xff, 0xff, 0xff, 0xff,
  0xff, 0xff, 0xff, 0xff, 0xff, 0xff, 0xff, 0xff, 0xff, 0xff, 0xff, 0xff,
  0xff, 0xff, 0xff, 0xff, 0xff, 0xff, 0xff, 0xff, 0xff, 0xff, 0xff, 0xff,
  0xff, 0xff, 0xff, 0xff, 0xff, 0xff, 0xff, 0xff, 0xff, 0xff, 0xff, 0xff,
  0xff, 0xff, 0xff, 0xff, 0xff, 0xff, 0xff, 0xff, 0xff, 0xff, 0xff, 0xff,
  0xff, 0xff, 0xff, 0xff, 0xff, 0xff, 0xff, 0xff, 0xff, 0xff, 0xff, 0xff,
  0xff, 0xff, 0xff, 0xff, 0xff, 0xff, 0xff, 0xff, 0xff, 0xff, 0xff, 0xff,
  0xff, 0xff, 0xff, 0xff, 0xff, 0xff, 0xff, 0xff, 0xff, 0xff, 0xff, 0xff,
  0xff, 0xff, 0xff, 0xff, 0xff, 0xff, 0xff, 0xff, 0xff, 0xff, 0xff, 0xff,
  0xff, 0xff, 0xff, 0xff, 0xff, 0xff, 0xff, 0xff, 0xff, 0xff, 0xff, 0xff,
  0xff, 0xff, 0xff, 0xff, 0xff, 0xff, 0xff, 0xff, 0xff, 0xff, 0xff, 0xff,
  0xff, 0xff, 0xff, 0xff, 0xff, 0xff, 0xff, 0xff, 0xff, 0xff, 0xff, 0xff,
  0xff, 0xff, 0xff, 0xff, 0xff, 0xff, 0xff, 0xff, 0xff, 0xff, 0xff, 0xff,
  0xff, 0xff, 0xff, 0xff, 0xff, 0xff, 0xff, 0xff, 0xff, 0xff, 0xff, 0xff,
  0xff, 0xff, 0xff, 0xff, 0xff, 0xff, 0xff, 0xff, 0xff, 0xff, 0xff, 0xff,
  0xff, 0xff, 0xff, 0xff, 0xff, 0xff, 0xff, 0xff, 0xff, 0xff, 0xff, 0xff,
  0xff, 0xff, 0xff, 0xff, 0xff, 0xff, 0xff, 0xff, 0xff, 0xff, 0xff, 0xff,
  0xff, 0xff, 0xff, 0xff, 0xff, 0xff, 0xff, 0xff, 0xff, 0xff, 0xff, 0xff,
  0xff, 0xff, 0xff, 0xff, 0xff, 0xff, 0xff, 0xff, 0xff, 0xff, 0xff, 0xff,
  0xff, 0xff, 0xff, 0xff, 0xff, 0xff, 0xff, 0xff, 0xff, 0xff, 0xff, 0xff,
  0xff, 0xff, 0xff, 0xff, 0xff, 0xff, 0xff, 0xff, 0xff, 0xff, 0xff, 0xff,
  0xff, 0xff, 0xff, 0xff, 0xff, 0xff, 0xff, 0xff, 0xff, 0xff, 0xff, 0xff,
  0xff, 0xff, 0xff, 0xff, 0xff, 0xff, 0xff, 0xff, 0xff, 0xff, 0xff, 0xff,
  0xff, 0xff, 0xff, 0xff, 0xff, 0xff, 0xff, 0xff, 0xff, 0xff, 0xff, 0xff,
  0xff, 0xff, 0xff, 0xff, 0xff, 0xff, 0xff, 0xff, 0xff, 0xff, 0xff, 0xff,
  0xff, 0xff, 0xff, 0xff, 0xff, 0xff, 0xff, 0xff, 0xff, 0xff, 0xff, 0xff,
  0xff, 0xff, 0xff, 0xff, 0xff, 0xff, 0xff, 0xff, 0xff, 0xff, 0xff, 0xff,
  0xff, 0xff, 0xff, 0xff, 0xff, 0xff, 0xff, 0xff, 0xff, 0xff, 0xff, 0xff,
  0xff, 0xff, 0xff, 0xff, 0xff, 0xff, 0xff, 0xff, 0xff, 0xff, 0xff, 0xff,
  0xff, 0xff, 0xff, 0xff, 0xff, 0xff, 0xff, 0xff, 0xff, 0xff, 0xff, 0xff,
  0xff, 0xff, 0xff, 0xff, 0xff, 0xff, 0xff, 0xff, 0xff, 0xff, 0xff, 0xff,
  0xff, 0xff, 0xff, 0xff, 0xff, 0xff, 0xff, 0xff, 0xff, 0xff, 0xff, 0xff,
  0xff, 0xff, 0xff, 0xff, 0xff, 0xff, 0xff, 0xff, 0xff, 0xff, 0xff, 0xff,
  0xff, 0xff, 0xff, 0xff, 0xff, 0xff, 0xff, 0xff, 0xff, 0xff, 0xff, 0xff,
  0xff, 0xff, 0xff, 0xff, 0xff, 0xff, 0xff, 0xff, 0xff, 0xff, 0xff, 0xff,
  0xff, 0xff, 0xff, 0xff, 0xff, 0xff, 0xff, 0xff, 0xff, 0xff, 0xff, 0xff,
  0xff, 0xff, 0xff, 0xff, 0xff, 0xff, 0xff, 0xff, 0xff, 0xff, 0xff, 0xff,
  0xff, 0xff, 0xff, 0xff, 0xff, 0xff, 0xff, 0xff, 0xff, 0xff, 0xff, 0xff,
  0xff, 0xff, 0xff, 0xff, 0xff, 0xff, 0xff, 0xff, 0xff, 0xff, 0xff, 0xff,
  0xff, 0xff, 0xff, 0xff, 0xff, 0xff, 0xff, 0xff, 0xff, 0xff, 0xff, 0xff,
  0xff, 0xff, 0xff, 0xff, 0xff, 0xff, 0xff, 0xff, 0xff, 0xff, 0xff, 0xff,
  0xff, 0xff, 0xff, 0xff, 0xff, 0xff, 0xff, 0xff, 0xff, 0xff, 0xff, 0xff,
  0xff, 0xff, 0xff, 0xff, 0xff, 0xff, 0xff, 0xff, 0xff, 0xff, 0xff, 0xff,
  0xff, 0xff, 0xff, 0xff, 0xff, 0xff, 0xff, 0xff, 0xff, 0xff, 0xff, 0xff,
  0xff, 0xff, 0xff, 0xff, 0xff, 0xff, 0xff, 0xff, 0xff, 0xff, 0xff, 0xff,
  0xff, 0xff, 0xff, 0xff, 0xff, 0xff, 0xff, 0xff, 0xff, 0xff, 0xff, 0xff,
  0xff, 0xff, 0xff, 0xff, 0xff, 0xff, 0xff, 0xff, 0xff, 0xff, 0xff, 0xff,
  0xff, 0xff, 0xff, 0xff, 0xff, 0xff, 0xff, 0xff, 0xff, 0xff, 0xff, 0xff,
  0xff, 0xff, 0xff, 0xff, 0xff, 0xff, 0xff, 0xff, 0xff, 0xff, 0xff, 0xff,
  0xff, 0xff, 0xff, 0xff, 0xff, 0xff, 0xff, 0xff, 0xff, 0xff, 0xff, 0xff,
  0xff, 0xff, 0xff, 0xff, 0xff, 0xff, 0xff, 0xff, 0xff, 0xff, 0xff, 0xff,
  0xff, 0xff, 0xff, 0xff, 0xff, 0xff, 0xff, 0xff, 0xff, 0xff, 0xff, 0xff,
  0xff, 0xff, 0xff, 0xff, 0xff, 0xff, 0xff, 0xff, 0xff, 0xff, 0xff, 0xff,
  0xff, 0xff, 0xff, 0xff, 0xff, 0xff, 0xff, 0xff, 0xff, 0xff, 0xff, 0xff,
  0xff, 0xff, 0xff, 0xff, 0xff, 0xff, 0xff, 0xff, 0xff, 0xff, 0xff, 0xff,
  0xff, 0xff, 0xff, 0xff, 0xff, 0xff, 0xff, 0xff, 0xff, 0xff, 0xff, 0xff,
  0xff, 0xff, 0xff, 0xff, 0xff, 0xff, 0xff, 0xff, 0xff, 0xff, 0xff, 0xff,
  0xff, 0xff, 0xff, 0xff, 0xff, 0xff, 0xff, 0xff, 0xff, 0xff, 0xff, 0xff,
  0xff, 0xff, 0xff, 0xff, 0xff, 0xff, 0xff, 0xff, 0xff, 0xff, 0xff, 0xff,
  0xff, 0xff, 0xff, 0xff, 0xff, 0xff, 0xff, 0xff, 0xff, 0xff, 0xff, 0xff,
  0xff, 0xff, 0xff, 0xff, 0xff, 0xff, 0xff, 0xff, 0xff, 0xff, 0xff, 0xff,
  0xff, 0xff, 0xff, 0xff, 0xff, 0xff, 0xff, 0xff, 0xff, 0xff, 0xff, 0xff,
  0xff, 0xff, 0xff, 0xff, 0xff, 0xff, 0xff, 0xff, 0xff, 0xff, 0xff, 0xff,
  0xff, 0xff, 0xff, 0xff, 0xff, 0xff, 0xff, 0xff, 0xff, 0xff, 0xff, 0xff,
  0xff, 0xff, 0xff, 0xff, 0xff, 0xff, 0xff, 0xff, 0xff, 0xff, 0xff, 0xff,
  0xff, 0xff, 0xff, 0xff, 0xff, 0xff, 0xff, 0xff, 0xff, 0xff, 0xff, 0xff,
  0xff, 0xff, 0xff, 0xff, 0xff, 0xff, 0xff, 0xff, 0xff, 0xff, 0xff, 0xff,
  0xff, 0xff, 0xff, 0xff, 0xff, 0xff, 0xff, 0xff, 0xff, 0xff, 0xff, 0xff,
  0xff, 0xff, 0xff, 0xff, 0xff, 0xff, 0xff, 0xff, 0xff, 0xff, 0xff, 0xff,
  0xff, 0xff, 0xff, 0xff, 0xff, 0xff, 0xff, 0xff, 0xff, 0xff, 0xff, 0xff,
  0xff, 0xff, 0xff, 0xff, 0xff, 0xff, 0xff, 0xff, 0xff, 0xff, 0xff, 0xff,
  0xff, 0xff, 0xff, 0xff, 0xff, 0xff, 0xff, 0xff, 0xff, 0xff, 0xff, 0xff,
  0xff, 0xff, 0xff, 0xff, 0xff, 0xff, 0xff, 0xff, 0xff, 0xff, 0xff, 0xff,
  0xff, 0xff, 0xff, 0xff, 0xff, 0xff, 0xff, 0xff, 0xff, 0xff, 0xff, 0xff,
  0xff, 0xff, 0xff, 0xff, 0xff, 0xff, 0xff, 0xff, 0xff, 0xff, 0xff, 0xff,
  0xff, 0xff, 0xff, 0xff, 0xff, 0xff, 0xff, 0xff, 0xff, 0xff, 0xff, 0xff,
  0xff, 0xff, 0xff, 0xff, 0xff, 0xff, 0xff, 0xff, 0xff, 0xff, 0xff, 0xff,
  0xff, 0xff, 0xff, 0xff, 0xff, 0xff, 0xff, 0xff, 0xff, 0xff, 0xff, 0xff,
  0xff, 0xff, 0xff, 0xff, 0xff, 0xff, 0xff, 0xff, 0xff, 0xff, 0xff, 0xff,
  0xff, 0xff, 0xff, 0xff, 0xff, 0xff, 0xff, 0xff, 0xff, 0xff, 0xff, 0xff,
  0xff, 0xff, 0xff, 0xff, 0xff, 0xff, 0xff, 0xff, 0xff, 0xff, 0xff, 0xff,
  0xff, 0xff, 0xff, 0xff, 0xff, 0xff, 0xff, 0xff, 0xff, 0xff, 0xff, 0xff,
  0xff, 0xff, 0xff, 0xff, 0xff, 0xff, 0xff, 0xff, 0xff, 0xff, 0xff, 0xff,
  0xff, 0xff, 0xff, 0xff, 0xff, 0xff, 0xff, 0xff, 0xff, 0xff, 0xff, 0xff,
  0xff, 0xff, 0xff, 0xff, 0xff, 0xff, 0xff, 0xff, 0xff, 0xff, 0xff, 0xff,
  0xff, 0xff, 0xff, 0xff, 0xff, 0xff, 0xff, 0xff, 0xff, 0xff, 0xff, 0xff,
  0xff, 0xff, 0xff, 0xff, 0xff, 0xff, 0xff, 0xff, 0xff, 0xff, 0xff, 0xff,
  0xff, 0xff, 0xff, 0xff, 0xff, 0xff, 0xff, 0xff, 0xff, 0xff, 0xff, 0xff,
  0xff, 0xff, 0xff, 0xff, 0xff, 0xff, 0xff, 0xff, 0xff, 0xff, 0xff, 0xff,
  0xff, 0xff, 0xff, 0xff, 0xff, 0xff, 0xff, 0xff, 0xff, 0xff, 0xff, 0xff,
  0xff, 0xff, 0xff, 0xff, 0xff, 0xff, 0xff, 0xff, 0xff, 0xff, 0xff, 0xff,
  0xff, 0xff, 0xff, 0xff, 0xff, 0xff, 0xff, 0xff, 0xff, 0xff, 0xff, 0xff,
  0xff, 0xff, 0xff, 0xff, 0xff, 0xff, 0xff, 0xff, 0xff, 0xff, 0xff, 0xff,
  0xff, 0xff, 0xff, 0xff, 0xff, 0xff, 0xff, 0xff, 0xff, 0xff, 0xff, 0xff,
  0xff, 0xff, 0xff, 0xff, 0xff, 0xff, 0xff, 0xff, 0xff, 0xff, 0xff, 0xff,
  0xff, 0xff, 0xff, 0xff, 0xff, 0xff, 0xff, 0xff, 0xff, 0xff, 0xff, 0xff,
  0xff, 0xff, 0xff, 0xff, 0xff, 0xff, 0xff, 0xff, 0xff, 0xff, 0xff, 0xff,
  0xff, 0xff, 0xff, 0xff, 0xff, 0xff, 0xff, 0xff, 0xff, 0xff, 0xff, 0xff,
  0xff, 0xff, 0xff, 0xff, 0xff, 0xff, 0xff, 0xff, 0xff, 0xff, 0xff, 0xff,
  0xff, 0xff, 0xff, 0xff, 0xff, 0xff, 0xff, 0xff, 0xff, 0xff, 0xff, 0xff,
  0xff, 0xff, 0xff, 0xff, 0xff, 0xff, 0xff, 0xff, 0xff, 0xff, 0xff, 0xff,
  0xff, 0xff, 0xff, 0xff, 0xff, 0xff, 0xff, 0xff, 0xff, 0xff, 0xff, 0xff,
  0xff, 0xff, 0xff, 0xff, 0xff, 0xff, 0xff, 0xff, 0xff, 0xff, 0xff, 0xff,
  0xff, 0xff, 0xff, 0xff, 0xff, 0xff, 0xff, 0xff, 0xff, 0xff, 0xff, 0xff,
  0xff, 0xff, 0xff, 0xff, 0xff, 0xff, 0xff, 0xff, 0xff, 0xff, 0xff, 0xff,
  0xff, 0xff, 0xff, 0xff, 0xff, 0xff, 0xff, 0xff, 0xff, 0xff, 0xff, 0xff,
  0xff, 0xff, 0xff, 0xff, 0xff, 0xff, 0xff, 0xff, 0xff, 0xff, 0xff, 0xff,
  0xff, 0xff, 0xff, 0xff, 0xff, 0xff, 0xff, 0xff, 0xff, 0xff, 0xff, 0xff,
  0xff, 0xff, 0xff, 0xff, 0xff, 0xff, 0xff, 0xff, 0xff, 0xff, 0xff, 0xff,
  0xff, 0xff, 0xff, 0xff, 0xff, 0xff, 0xff, 0xff, 0xff, 0xff, 0xff, 0xff,
  0xff, 0xff, 0xff, 0xff, 0xff, 0xff, 0xff, 0xff, 0xff, 0xff, 0xff, 0xff,
  0xff, 0xff, 0xff, 0xff, 0xff, 0xff, 0xff, 0xff, 0xff, 0xff, 0xff, 0xff,
  0xff, 0xff, 0xff, 0xff, 0xff, 0xff, 0xff, 0xff, 0xff, 0xff, 0xff, 0xff,
  0xff, 0xff, 0xff, 0xff, 0xff, 0xff, 0xff, 0xff, 0xff, 0xff, 0xff, 0xff,
  0xff, 0xff, 0xff, 0xff, 0xff, 0xff, 0xff, 0xff, 0xff, 0xff, 0xff, 0xff,
  0xff, 0xff, 0xff, 0xff, 0xff, 0xff, 0xff, 0xff, 0xff, 0xff, 0xff, 0xff,
  0xff, 0xff, 0xff, 0xff, 0xff, 0xff, 0xff, 0xff, 0xff, 0xff, 0xff, 0xff,
  0xff, 0xff, 0xff, 0xff, 0xff, 0xff, 0xff, 0xff, 0xff, 0xff, 0xff, 0xff,
  0xff, 0xff, 0xff, 0xff, 0xff, 0xff, 0xff, 0xff, 0xff, 0xff, 0xff, 0xff,
  0xff, 0xff, 0xff, 0xff, 0xff, 0xff, 0xff, 0xff, 0xff, 0xff, 0xff, 0xff,
  0xff, 0xff, 0xff, 0xff, 0xff, 0xff, 0xff, 0xff, 0xff, 0xff, 0xff, 0xff,
  0xff, 0xff, 0xff, 0xff, 0xff, 0xff, 0xff, 0xff, 0xff, 0xff, 0xff, 0xff,
  0xff, 0xff, 0xff, 0xff, 0xff, 0xff, 0xff, 0xff, 0xff, 0xff, 0xff, 0xff,
  0xff, 0xff, 0xff, 0xff, 0xff, 0xff, 0xff, 0xff, 0xff, 0xff, 0xff, 0xff,
  0xff, 0xff, 0xff, 0xff, 0xff, 0xff, 0xff, 0xff, 0xff, 0xff, 0xff, 0xff,
  0xff, 0xff, 0xff, 0xff, 0xff, 0xff, 0xff, 0xff, 0xff, 0xff, 0xff, 0xff,
  0xff, 0xff, 0xff, 0xff, 0xff, 0xff, 0xff, 0xff, 0xff, 0xff, 0xff, 0xff,
  0xff, 0xff, 0xff, 0xff, 0xff, 0xff, 0xff, 0xff, 0xff, 0xff, 0xff, 0xff,
  0xff, 0xff, 0xff, 0xff, 0xff, 0xff, 0xff, 0xff, 0xff, 0xff, 0xff, 0xff,
  0xff, 0xff, 0xff, 0xff, 0xff, 0xff, 0xff, 0xff, 0xff, 0xff, 0xff, 0xff,
  0xff, 0xff, 0xff, 0xff, 0xff, 0xff, 0xff, 0xff, 0xff, 0xff, 0xff, 0xff,
  0xff, 0xff, 0xff, 0xff, 0xff, 0xff, 0xff, 0xff, 0xff, 0xff, 0xff, 0xff,
  0xff, 0xff, 0xff, 0xff, 0xff, 0xff, 0xff, 0xff, 0xff, 0xff, 0xff, 0xff,
  0xff, 0xff, 0xff, 0xff, 0xff, 0xff, 0xff, 0xff, 0xff, 0xff, 0xff, 0xff,
  0xff, 0xff, 0xff, 0xff, 0xff, 0xff, 0xff, 0xff, 0xff, 0xff, 0xff, 0xff,
  0xff, 0xff, 0xff, 0xff, 0xff, 0xff, 0xff, 0xff, 0xff, 0xff, 0xff, 0xff,
  0xff, 0xff, 0xff, 0xff, 0xff, 0xff, 0xff, 0xff, 0xff, 0xff, 0xff, 0xff,
  0xff, 0xff, 0xff, 0xff, 0xff, 0xff, 0xff, 0xff, 0xff, 0xff, 0xff, 0xff,
  0xff, 0xff, 0xff, 0xff, 0xff, 0xff, 0xff, 0xff, 0xff, 0xff, 0xff, 0xff,
  0xff, 0xff, 0xff, 0xff, 0xff, 0xff, 0xff, 0xff, 0xff, 0xff, 0xff, 0xff,
  0xff, 0xff, 0xff, 0xff, 0xff, 0xff, 0xff, 0xff, 0xff, 0xff, 0xff, 0xff,
  0xff, 0xff, 0xff, 0xff, 0xff, 0xff, 0xff, 0xff, 0xff, 0xff, 0xff, 0xff,
  0xff, 0xff, 0xff, 0xff, 0xff, 0xff, 0xff, 0xff, 0xff, 0xff, 0xff, 0xff,
  0xff, 0xff, 0xff, 0xff, 0xff, 0xff, 0xff, 0xff, 0xff, 0xff, 0xff, 0xff,
  0xff, 0xff, 0xff, 0xff, 0xff, 0xff, 0xff, 0xff, 0xff, 0xff, 0xff, 0xff,
  0xff, 0xff, 0xff, 0xff, 0xff, 0xff, 0xff, 0xff, 0xff, 0xff, 0xff, 0xff,
  0xff, 0xff, 0xff, 0xff, 0xff, 0xff, 0xff, 0xff, 0xff, 0xff, 0xff, 0xff,
  0xff, 0xff, 0xff, 0xff, 0xff, 0xff, 0xff, 0xff, 0xff, 0xff, 0xff, 0xff,
  0xff, 0xff, 0xff, 0xff, 0xff, 0xff, 0xff, 0xff, 0xff, 0xff, 0xff, 0xff,
  0xff, 0xff, 0xff, 0xff, 0xff, 0xff, 0xff, 0xff, 0xff, 0xff, 0xff, 0xff,
  0xff, 0xff, 0xff, 0xff, 0xff, 0xff, 0xff, 0xff, 0xff, 0xff, 0xff, 0xff,
  0xff, 0xff, 0xff, 0xff, 0xff, 0xff, 0xff, 0xff, 0xff, 0xff, 0xff, 0xff,
  0xff, 0xff, 0xff, 0xff, 0xff, 0xff, 0xff, 0xff, 0xff, 0xff, 0xff, 0xff,
  0xff, 0xff, 0xff, 0xff, 0xff, 0xff, 0xff, 0xff, 0xff, 0xff, 0xff, 0xff,
  0xff, 0xff, 0xff, 0xff, 0xff, 0xff, 0xff, 0xff, 0xff, 0xff, 0xff, 0xff,
  0xff, 0xff, 0xff, 0xff, 0xff, 0xff, 0xff, 0xff, 0xff, 0xff, 0xff, 0xff,
  0xff, 0xff, 0xff, 0xff, 0xff, 0xff, 0xff, 0xff, 0xff, 0xff, 0xff, 0xff,
  0xff, 0xff, 0xff, 0xff, 0xff, 0xff, 0xff, 0xff, 0xff, 0xff, 0xff, 0xff,
  0xff, 0xff, 0xff, 0xff, 0xff, 0xff, 0xff, 0xff, 0xff, 0xff, 0xff, 0xff,
  0xff, 0xff, 0xff, 0xff, 0xff, 0xff, 0xff, 0xff, 0xff, 0xff, 0xff, 0xff,
  0xff, 0xff, 0xff, 0xff, 0xff, 0xff, 0xff, 0xff, 0xff, 0xff, 0xff, 0xff,
  0xff, 0xff, 0xff, 0xff, 0xff, 0xff, 0xff, 0xff, 0xff, 0xff, 0xff, 0xff,
  0xff, 0xff, 0xff, 0xff, 0xff, 0xff, 0xff, 0xff, 0xff, 0xff, 0xff, 0xff,
  0xff, 0xff, 0xff, 0xff, 0xff, 0xff, 0xff, 0xff, 0xff, 0xff, 0xff, 0xff,
  0xff, 0xff, 0xff, 0xff, 0xff, 0xff, 0xff, 0xff, 0xff, 0xff, 0xff, 0xff,
  0xff, 0xff, 0xff, 0xff, 0xff, 0xff, 0xff, 0xff, 0xff, 0xff, 0xff, 0xff,
  0xff, 0xff, 0xff, 0xff, 0xff, 0xff, 0xff, 0xff, 0xff, 0xff, 0xff, 0xff,
  0xff, 0xff, 0xff, 0xff, 0xff, 0xff, 0xff, 0xff, 0xff, 0xff, 0xff, 0xff,
  0xff, 0xff, 0xff, 0xff, 0xff, 0xff, 0xff, 0xff, 0xff, 0xff, 0xff, 0xff,
  0xff, 0xff, 0xff, 0xff, 0xff, 0xff, 0xff, 0xff, 0xff, 0xff, 0xff, 0xff,
  0xff, 0xff, 0xff, 0xff, 0xff, 0xff, 0xff, 0xff, 0xff, 0xff, 0xff, 0xff,
  0xff, 0xff, 0xff, 0xff, 0xff, 0xff, 0xff, 0xff, 0xff, 0xff, 0xff, 0xff,
  0xff, 0xff, 0xff, 0xff, 0xff, 0xff, 0xff, 0xff, 0xff, 0xff, 0xff, 0xff,
  0xff, 0xff, 0xff, 0xff, 0xff, 0xff, 0xff, 0xff, 0xff, 0xff, 0xff, 0xff,
  0xff, 0xff, 0xff, 0xff, 0xff, 0xff, 0xff, 0xff, 0xff, 0xff, 0xff, 0xff,
  0xff, 0xff, 0xff, 0xff, 0xff, 0xff, 0xff, 0xff, 0xff, 0xff, 0xff, 0xff,
  0xff, 0xff, 0xff, 0xff, 0xff, 0xff, 0xff, 0xff, 0xff, 0xff, 0xff, 0xff,
  0xff, 0xff, 0xff, 0xff, 0xff, 0xff, 0xff, 0xff, 0xff, 0xff, 0xff, 0xff,
  0xff, 0xff, 0xff, 0xff, 0xff, 0xff, 0xff, 0xff, 0xff, 0xff, 0xff, 0xff,
  0xff, 0xff, 0xff, 0xff, 0xff, 0xff, 0xff, 0xff, 0xff, 0xff, 0xff, 0xff,
  0xff, 0xff, 0xff, 0xff, 0xff, 0xff, 0xff, 0xff, 0xff, 0xff, 0xff, 0xff,
  0xff, 0xff, 0xff, 0xff, 0xff, 0xff, 0xff, 0xff, 0xff, 0xff, 0xff, 0xff,
  0xff, 0xff, 0xff, 0xff, 0xff, 0xff, 0xff, 0xff, 0xff, 0xff, 0xff, 0xff,
  0xff, 0xff, 0xff, 0xff, 0xff, 0xff, 0xff, 0xff, 0xff, 0xff, 0xff, 0xff,
  0xff, 0xff, 0xff, 0xff, 0xff, 0xff, 0xff, 0xff, 0xff, 0xff, 0xff, 0xff,
  0xff, 0xff, 0xff, 0xff, 0xff, 0xff, 0xff, 0xff, 0xff, 0xff, 0xff, 0xff,
  0xff, 0xff, 0xff, 0xff, 0xff, 0xff, 0xff, 0xff, 0xff, 0xff, 0xff, 0xff,
  0xff, 0xff, 0xff, 0xff, 0xff, 0xff, 0xff, 0xff, 0xff, 0xff, 0xff, 0xff,
  0xff, 0xff, 0xff, 0xff, 0xff, 0xff, 0xff, 0xff, 0xff, 0xff, 0xff, 0xff,
  0xff, 0xff, 0xff, 0xff, 0xff, 0xff, 0xff, 0xff, 0xff, 0xff, 0xff, 0xff,
  0xff, 0xff, 0xff, 0xff, 0xff, 0xff, 0xff, 0xff, 0xff, 0xff, 0xff, 0xff,
  0xff, 0xff, 0xff, 0xff, 0xff, 0xff, 0xff, 0xff, 0xff, 0xff, 0xff, 0xff,
  0xff, 0xff, 0xff, 0xff, 0xff, 0xff, 0xff, 0xff, 0xff, 0xff, 0xff, 0xff,
  0xff, 0xff, 0xff, 0xff, 0xff, 0xff, 0xff, 0xff, 0xff, 0xff, 0xff, 0xff,
  0xff, 0xff, 0xff, 0xff, 0xff, 0xff, 0xff, 0xff, 0xff, 0xff, 0xff, 0xff,
  0xff, 0xff, 0xff, 0xff, 0xff, 0xff, 0xff, 0xff, 0xff, 0xff, 0xff, 0xff,
  0xff, 0xff, 0xff, 0xff, 0xff, 0xff, 0xff, 0xff, 0xff, 0xff, 0xff, 0xff,
  0xff, 0xff, 0xff, 0xff, 0xff, 0xff, 0xff, 0xff, 0xff, 0xff, 0xff, 0xff,
  0xff, 0xff, 0xff, 0xff, 0xff, 0xff, 0xff, 0xff, 0xff, 0xff, 0xff, 0xff,
  0xff, 0xff, 0xff, 0xff, 0xff, 0xff, 0xff, 0xff, 0xff, 0xff, 0xff, 0xff,
  0xff, 0xff, 0xff, 0xff, 0xff, 0xff, 0xff, 0xff, 0xff, 0xff, 0xff, 0xff,
  0xff, 0xff, 0xff, 0xff, 0xff, 0xff, 0xff, 0xff, 0xff, 0xff, 0xff, 0xff,
  0xff, 0xff, 0xff, 0xff, 0xff, 0xff, 0xff, 0xff, 0xff, 0xff, 0xff, 0xff,
  0xff, 0xff, 0xff, 0xff, 0xff, 0xff, 0xff, 0xff, 0xff, 0xff, 0xff, 0xff,
  0xff, 0xff, 0xff, 0xff, 0xff, 0xff, 0xff, 0xff, 0xff, 0xff, 0xff, 0xff,
  0xff, 0xff, 0xff, 0xff, 0xff, 0xff, 0xff, 0xff, 0xff, 0xff, 0xff, 0xff,
  0xff, 0xff, 0xff, 0xff, 0xff, 0xff, 0xff, 0xff, 0xff, 0xff, 0xff, 0xff,
  0xff, 0xff, 0xff, 0xff, 0xff, 0xff, 0xff, 0xff, 0xff, 0xff, 0xff, 0xff,
  0xff, 0xff, 0xff, 0xff, 0xff, 0xff, 0xff, 0xff, 0xff, 0xff, 0xff, 0xff,
  0xff, 0xff, 0xff, 0xff, 0xff, 0xff, 0xff, 0xff, 0xff, 0xff, 0xff, 0xff,
  0xff, 0xff, 0xff, 0xff, 0xff, 0xff, 0xff, 0xff, 0xff, 0xff, 0xff, 0xff,
  0xff, 0xff, 0xff, 0xff, 0xff, 0xff, 0xff, 0xff, 0xff, 0xff, 0xff, 0xff,
  0xff, 0xff, 0xff, 0xff, 0xff, 0xff, 0xff, 0xff, 0xff, 0xff, 0xff, 0xff,
  0xff, 0xff, 0xff, 0xff, 0xff, 0xff, 0xff, 0xff, 0xff, 0xff, 0xff, 0xff,
  0xff, 0xff, 0xff, 0xff, 0xff, 0xff, 0xff, 0xff, 0xff, 0xff, 0xff, 0xff,
  0xff, 0xff, 0xff, 0xff, 0xff, 0xff, 0xff, 0xff, 0xff, 0xff, 0xff, 0xff,
  0xff, 0xff, 0xff, 0xff, 0xff, 0xff, 0xff, 0xff, 0xff, 0xff, 0xff, 0xff,
  0xff, 0xff, 0xff, 0xff, 0xff, 0xff, 0xff, 0xff, 0xff, 0xff, 0xff, 0xff,
  0xff, 0xff, 0xff, 0xff, 0xff, 0xff, 0xff, 0xff, 0xff, 0xff, 0xff, 0xff,
  0xff, 0xff, 0xff, 0xff, 0xff, 0xff, 0xff, 0xff, 0xff, 0xff, 0xff, 0xff,
  0xff, 0xff, 0xff, 0xff, 0xff, 0xff, 0xff, 0xff, 0xff, 0xff, 0xff, 0xff,
  0xff, 0xff, 0xff, 0xff, 0xff, 0xff, 0xff, 0xff, 0xff, 0xff, 0xff, 0xff,
  0xff, 0xff, 0xff, 0xff, 0xff, 0xff, 0xff, 0xff, 0xff, 0xff, 0xff, 0xff,
  0xff, 0xff, 0xff, 0xff, 0xff, 0xff, 0xff, 0xff, 0xff, 0xff, 0xff, 0xff,
  0xff, 0xff, 0xff, 0xff, 0xff, 0xff, 0xff, 0xff, 0xff, 0xff, 0xff, 0xff,
  0xff, 0xff, 0xff, 0xff, 0xff, 0xff, 0xff, 0xff, 0xff, 0xff, 0xff, 0xff,
  0xff, 0xff, 0xff, 0xff, 0xff, 0xff, 0xff, 0xff, 0xff, 0xff, 0xff, 0xff,
  0xff, 0xff, 0xff, 0xff, 0xff, 0xff, 0xff, 0xff, 0xff, 0xff, 0xff, 0xff,
  0xff, 0xff, 0xff, 0xff, 0xff, 0xff, 0xff, 0xff, 0xff, 0xff, 0xff, 0xff,
  0xff, 0xff, 0xff, 0xff, 0xff, 0xff, 0xff, 0xff, 0xff, 0xff, 0xff, 0xff,
  0xff, 0xff, 0xff, 0xff, 0xff, 0xff, 0xff, 0xff, 0xff, 0xff, 0xff, 0xff,
  0xff, 0xff, 0xff, 0xff, 0xff, 0xff, 0xff, 0xff, 0xff, 0xff, 0xff, 0xff,
  0xff, 0xff, 0xff, 0xff, 0xff, 0xff, 0xff, 0xff, 0xff, 0xff, 0xff, 0xff,
  0xff, 0xff, 0xff, 0xff, 0xff, 0xff, 0xff, 0xff, 0xff, 0xff, 0xff, 0xff,
  0xff, 0xff, 0xff, 0xff, 0xff, 0xff, 0xff, 0xff, 0xff, 0xff, 0xff, 0xff,
  0xff, 0xff, 0xff, 0xff, 0xff, 0xff, 0xff, 0xff, 0xff, 0xff, 0xff, 0xff,
  0xff, 0xff, 0xff, 0xff, 0xff, 0xff, 0xff, 0xff, 0xff, 0xff, 0xff, 0xff,
  0xff, 0xff, 0xff, 0xff, 0xff, 0xff, 0xff, 0xff, 0xff, 0xff, 0xff, 0xff,
  0xff, 0xff, 0xff, 0xff, 0xff, 0xff, 0xff, 0xff, 0xff, 0xff, 0xff, 0xff,
  0xff, 0xff, 0xff, 0xff, 0xff, 0xff, 0xff, 0xff, 0xff, 0xff, 0xff, 0xff,
  0xff, 0xff, 0xff, 0xff, 0xff, 0xff, 0xff, 0xff, 0xff, 0xff, 0xff, 0xff,
  0xff, 0xff, 0xff, 0xff, 0xff, 0xff, 0xff, 0xff, 0xff, 0xff, 0xff, 0xff,
  0xff, 0xff, 0xff, 0xff, 0xff, 0xff, 0xff, 0xff, 0xff, 0xff, 0xff, 0xff,
  0xff, 0xff, 0xff, 0xff, 0xff, 0xff, 0xff, 0xff, 0xff, 0xff, 0xff, 0xff,
  0xff, 0xff, 0xff, 0xff, 0xff, 0xff, 0xff, 0xff, 0xff, 0xff, 0xff, 0xff,
  0xff, 0xff, 0xff, 0xff, 0xff, 0xff, 0xff, 0xff, 0xff, 0xff, 0xff, 0xff,
  0xff, 0xff, 0xff, 0xff, 0xff, 0xff, 0xff, 0xff, 0xff, 0xff, 0xff, 0xff,
  0xff, 0xff, 0xff, 0xff, 0xff, 0xff, 0xff, 0xff, 0xff, 0xff, 0xff, 0xff,
  0xff, 0xff, 0xff, 0xff, 0xff, 0xff, 0xff, 0xff, 0xff, 0xff, 0xff, 0xff,
  0xff, 0xff, 0xff, 0xff, 0xff, 0xff, 0xff, 0xff, 0xff, 0xff, 0xff, 0xff,
  0xff, 0xff, 0xff, 0xff, 0xff, 0xff, 0xff, 0xff, 0xff, 0xff, 0xff, 0xff,
  0xff, 0xff, 0xff, 0xff, 0xff, 0xff, 0xff, 0xff, 0xff, 0xff, 0xff, 0xff,
  0xff, 0xff, 0xff, 0xff, 0xff, 0xff, 0xff, 0xff, 0xff, 0xff, 0xff, 0xff,
  0xff, 0xff, 0xff, 0xff, 0xff, 0xff, 0xff, 0xff, 0xff, 0xff, 0xff, 0xff,
  0xff, 0xff, 0xff, 0xff, 0xff, 0xff, 0xff, 0xff, 0xff, 0xff, 0xff, 0xff,
  0xff, 0xff, 0xff, 0xff, 0xff, 0xff, 0xff, 0xff, 0xff, 0xff, 0xff, 0xff,
  0xff, 0xff, 0xff, 0xff, 0xff, 0xff, 0xff, 0xff, 0xff, 0xff, 0xff, 0xff,
  0xff, 0xff, 0xff, 0xff, 0xff, 0xff, 0xff, 0xff, 0xff, 0xff, 0xff, 0xff,
  0xff, 0xff, 0xff, 0xff, 0xff, 0xff, 0xff, 0xff, 0xff, 0xff, 0xff, 0xff,
  0xff, 0xff, 0xff, 0xff, 0xff, 0xff, 0xff, 0xff, 0xff, 0xff, 0xff, 0xff,
  0xff, 0xff, 0xff, 0xff, 0xff, 0xff, 0xff, 0xff, 0xff, 0xff, 0xff, 0xff,
  0xff, 0xff, 0xff, 0xff, 0xff, 0xff, 0xff, 0xff, 0xff, 0xff, 0xff, 0xff,
  0xff, 0xff, 0xff, 0xff, 0xff, 0xff, 0xff, 0xff, 0xff, 0xff, 0xff, 0xff,
  0xff, 0xff, 0xff, 0xff, 0xff, 0xff, 0xff, 0xff, 0xff, 0xff, 0xff, 0xff,
  0xff, 0xff, 0xff, 0xff, 0xff, 0xff, 0xff, 0xff, 0xff, 0xff, 0xff, 0xff,
  0xff, 0xff, 0xff, 0xff, 0xff, 0xff, 0xff, 0xff, 0xff, 0xff, 0xff, 0xff,
  0xff, 0xff, 0xff, 0xff, 0xff, 0xff, 0xff, 0xff
};
unsigned int BoulderDash_rom_len = 32768;
