unsigned char cbios_msx1_rom[] = {
  0xf3, 0xc3, 0x12, 0x0d, 0xbf, 0x1b, 0x98, 0x98, 0xc3, 0xed, 0x10, 0x00,
  0xc3, 0xbf, 0x23, 0x00, 0xc3, 0xff, 0x10, 0x00, 0xc3, 0x00, 0x24, 0x00,
  0xc3, 0x1b, 0x11, 0x00, 0xc3, 0x34, 0x24, 0x00, 0xc3, 0x21, 0x11, 0x00,
  0xc3, 0x73, 0x24, 0x00, 0xc3, 0x27, 0x11, 0x21, 0x02, 0x00, 0x00, 0x00,
  0xc3, 0x39, 0x11, 0x00, 0x00, 0x00, 0x00, 0x00, 0xc3, 0xe6, 0x18, 0xc3,
  0x4e, 0x11, 0xc3, 0x58, 0x11, 0xc3, 0x16, 0x02, 0xc3, 0x22, 0x02, 0xc3,
  0x2e, 0x02, 0xc3, 0x45, 0x02, 0xc3, 0x4d, 0x02, 0xc3, 0x55, 0x02, 0xc3,
  0x60, 0x02, 0xc3, 0x6d, 0x02, 0xc3, 0x81, 0x02, 0xc3, 0x97, 0x02, 0xc3,
  0xad, 0x02, 0xc3, 0xd4, 0x02, 0x00, 0xc3, 0x5e, 0x19, 0xc3, 0x1e, 0x03,
  0xc3, 0x82, 0x03, 0xc3, 0xc2, 0x03, 0xc3, 0x05, 0x04, 0xc3, 0x43, 0x04,
  0xc3, 0x8f, 0x04, 0xc3, 0xb7, 0x04, 0xc3, 0xe6, 0x04, 0xc3, 0x19, 0x05,
  0xc3, 0x6f, 0x05, 0xc3, 0x82, 0x05, 0xc3, 0x8c, 0x05, 0xc3, 0x97, 0x05,
  0xc3, 0x3a, 0x17, 0xc3, 0x52, 0x17, 0xc3, 0x5c, 0x17, 0xc3, 0x6a, 0x11,
  0xc3, 0x7c, 0x11, 0xc3, 0x8f, 0x11, 0xc3, 0xb4, 0x11, 0xc3, 0xd9, 0x14,
  0xc3, 0x03, 0x15, 0xc3, 0x11, 0x15, 0xc3, 0x36, 0x15, 0xc3, 0x54, 0x15,
  0xc3, 0x4b, 0x15, 0xc3, 0x25, 0x16, 0xc3, 0x41, 0x16, 0xc3, 0x53, 0x16,
  0xc3, 0x56, 0x16, 0xc3, 0xb5, 0x07, 0xc3, 0x66, 0x16, 0xc3, 0x6a, 0x16,
  0xc3, 0x7b, 0x16, 0xc3, 0x8d, 0x16, 0xc3, 0x9f, 0x16, 0xc3, 0x8f, 0x17,
  0xc3, 0x02, 0x18, 0xc3, 0x47, 0x18, 0xc3, 0x59, 0x18, 0xc3, 0xb2, 0x16,
  0xc3, 0xc5, 0x16, 0xc3, 0xd7, 0x16, 0xc3, 0xe9, 0x16, 0xc3, 0xfc, 0x16,
  0xc3, 0x0f, 0x17, 0xc3, 0x21, 0x17, 0xc3, 0x6a, 0x18, 0xc3, 0x79, 0x18,
  0xc3, 0x44, 0x08, 0xc3, 0x56, 0x08, 0xc3, 0x67, 0x08, 0xc3, 0x76, 0x08,
  0xc3, 0x86, 0x08, 0xc3, 0x97, 0x08, 0xc3, 0xa9, 0x08, 0xc3, 0xb9, 0x08,
  0xc3, 0xf4, 0x08, 0xc3, 0x02, 0x09, 0xc3, 0x14, 0x09, 0xc3, 0x26, 0x09,
  0xc3, 0x37, 0x09, 0xc3, 0x47, 0x09, 0xc3, 0x59, 0x09, 0xc3, 0x6b, 0x09,
  0xc3, 0x7d, 0x09, 0xc3, 0x8e, 0x09, 0xc3, 0xa7, 0x18, 0xc3, 0x61, 0x17,
  0xc3, 0x6a, 0x17, 0xc3, 0x6d, 0x17, 0xc3, 0x70, 0x17, 0xc3, 0x73, 0x17,
  0xc3, 0x82, 0x17, 0xc3, 0x86, 0x17, 0xc3, 0x8a, 0x17, 0xc3, 0xb3, 0x18,
  0xc3, 0xc5, 0x18, 0xc3, 0xc9, 0x18, 0xc3, 0xdf, 0x18, 0xc3, 0x70, 0x1a,
  0x00, 0x00, 0x00, 0xc9, 0x00, 0x00, 0x00, 0x00, 0x00, 0x00, 0x00, 0x00,
  0x00, 0x00, 0x00, 0x00, 0x00, 0x00, 0x00, 0x00, 0x00, 0x00, 0x00, 0x00,
  0x00, 0x00, 0x00, 0x00, 0x00, 0x00, 0x00, 0x00, 0x00, 0x00, 0x00, 0x00,
  0x00, 0x00, 0x00, 0x00, 0x00, 0x00, 0x00, 0x00, 0x00, 0x00, 0x00, 0x00,
  0x00, 0x00, 0x00, 0x00, 0x00, 0x00, 0x00, 0x00, 0x00, 0x00, 0x00, 0x00,
  0x00, 0x00, 0x00, 0x00, 0x00, 0x00, 0x00, 0x00, 0x00, 0x00, 0x00, 0x00,
  0x00, 0x00, 0x00, 0x00, 0x00, 0x00, 0x00, 0x00, 0x00, 0x00, 0x00, 0x00,
  0x00, 0x00, 0x00, 0x00, 0x00, 0x00, 0x00, 0x00, 0x00, 0x00, 0x00, 0x00,
  0x00, 0x00, 0x00, 0x00, 0x00, 0x00, 0x00, 0x00, 0x00, 0x00, 0x00, 0x00,
  0x00, 0x00, 0x00, 0x00, 0x00, 0x00, 0x00, 0x00, 0x00, 0x00, 0x00, 0x00,
  0x00, 0x00, 0x00, 0x00, 0x00, 0x00, 0x00, 0x00, 0x00, 0x00, 0x00, 0x00,
  0x00, 0x00, 0x00, 0x00, 0x00, 0x00, 0x00, 0x00, 0x00, 0x00, 0x00, 0x00,
  0x00, 0x00, 0x00, 0x00, 0x00, 0x00, 0x00, 0x00, 0x00, 0x00, 0x00, 0x00,
  0x00, 0x00, 0x00, 0x00, 0x00, 0x00, 0x00, 0x00, 0x4f, 0x06, 0x00, 0x09,
  0x09, 0xc3, 0x11, 0x02, 0xbe, 0x23, 0x28, 0x05, 0x23, 0x23, 0x10, 0xf8,
  0xc9, 0x4e, 0x23, 0x66, 0x69, 0xe9, 0x3a, 0xe0, 0xf3, 0xe6, 0xbf, 0x47,
  0x0e, 0x01, 0xcd, 0x2e, 0x02, 0xc9, 0x3a, 0xe0, 0xf3, 0xf6, 0x40, 0x47,
  0x0e, 0x01, 0xcd, 0x2e, 0x02, 0xc9, 0xf3, 0xcb, 0xb9, 0x78, 0xd3, 0x99,
  0x79, 0xf6, 0x80, 0xd3, 0x99, 0xfb, 0xe5, 0x21, 0xdf, 0xf3, 0x78, 0x06,
  0x00, 0x09, 0x77, 0xe1, 0xc9, 0xcd, 0x55, 0x02, 0xf6, 0x00, 0xdb, 0x98,
  0xc9, 0xf5, 0xcd, 0x60, 0x02, 0xf1, 0xd3, 0x98, 0xc9, 0xf3, 0x7d, 0xd3,
  0x99, 0x7c, 0xe6, 0x3f, 0xd3, 0x99, 0xfb, 0xc9, 0xf3, 0x7d, 0xd3, 0x99,
  0x7c, 0xe6, 0x3f, 0xf6, 0x40, 0xd3, 0x99, 0xfb, 0xc9, 0xf5, 0xcd, 0x60,
  0x02, 0x0b, 0x0c, 0x78, 0x41, 0x4f, 0x0c, 0xf1, 0xd3, 0x98, 0x05, 0x20,
  0xfb, 0x0d, 0x20, 0xf8, 0xc9, 0xcd, 0x55, 0x02, 0xe5, 0xeb, 0x0b, 0x0c,
  0x78, 0x41, 0x3c, 0x0e, 0x98, 0xed, 0xa2, 0xc2, 0x8d, 0x02, 0x3d, 0x20,
  0xf8, 0xe1, 0xc9, 0xeb, 0xcd, 0x60, 0x02, 0xeb, 0x0b, 0x0c, 0x78, 0x41,
  0x3c, 0x0e, 0x98, 0xed, 0xa3, 0xc2, 0xa3, 0x02, 0x3d, 0x20, 0xf8, 0xeb,
  0xc9, 0xfe, 0x04, 0xd0, 0x21, 0xb6, 0x02, 0xc3, 0x00, 0x02, 0x82, 0x03,
  0xc2, 0x03, 0x05, 0x04, 0x43, 0x04, 0xf3, 0x21, 0xdf, 0xf3, 0x01, 0x99,
  0x08, 0x16, 0x80, 0xed, 0xa3, 0x78, 0xed, 0x51, 0x14, 0xb7, 0x20, 0xf7,
  0xfb, 0xc3, 0x22, 0x02, 0x3a, 0xaf, 0xfc, 0xfe, 0x08, 0x28, 0x3a, 0x3d,
  0xf5, 0x3a, 0xe9, 0xf3, 0x07, 0x07, 0x07, 0x07, 0xe6, 0xf0, 0x6f, 0x3a,
  0xeb, 0xf3, 0xb5, 0x47, 0x0e, 0x07, 0xcd, 0x2e, 0x02, 0xf1, 0xc0, 0x3a,
  0xe9, 0xf3, 0x07, 0x07, 0x07, 0x07, 0xe6, 0xf0, 0x21, 0xea, 0xf3, 0xb6,
  0x2a, 0xbf, 0xf3, 0x01, 0x20, 0x00, 0xf5, 0xcd, 0x60, 0x02, 0xf1, 0xd3,
  0x98, 0xf5, 0x0b, 0x78, 0xb1, 0x20, 0xf7, 0xf1, 0xc9, 0x3a, 0xeb, 0xf3,
  0x47, 0x0e, 0x07, 0xc3, 0x2e, 0x02, 0x3a, 0xaf, 0xfc, 0xb7, 0xc8, 0xcd,
  0x48, 0x03, 0x3a, 0xaf, 0xfc, 0xfe, 0x04, 0x38, 0x10, 0x2a, 0x28, 0xf9,
  0x25, 0x25, 0x01, 0x00, 0x02, 0x3a, 0xe9, 0xf3, 0xe6, 0x0f, 0xcd, 0x6d,
  0x02, 0x2a, 0x26, 0xf9, 0x01, 0x00, 0x08, 0xaf, 0xcd, 0x6d, 0x02, 0xc9,
  0x3a, 0xaf, 0xfc, 0xfe, 0x04, 0x38, 0x04, 0x1e, 0xd9, 0x18, 0x02, 0x1e,
  0xd1, 0x2a, 0x28, 0xf9, 0xcd, 0x60, 0x02, 0x3a, 0xe9, 0xf3, 0x57, 0x01,
  0x00, 0x20, 0xf3, 0x7b, 0xd3, 0x98, 0x3e, 0x00, 0x00, 0x00, 0xd3, 0x98,
  0x79, 0x00, 0x00, 0x00, 0xd3, 0x98, 0x0c, 0xcd, 0x8c, 0x05, 0x30, 0x03,
  0x0c, 0x0c, 0x0c, 0x7a, 0xd3, 0x98, 0x10, 0xe3, 0xfb, 0xc9, 0xcd, 0x16,
  0x02, 0x3e, 0x00, 0x32, 0xaf, 0xfc, 0x32, 0xb0, 0xfc, 0x3a, 0xae, 0xf3,
  0x32, 0xb0, 0xf3, 0x3e, 0x01, 0x32, 0xdc, 0xf3, 0x32, 0xdd, 0xf3, 0x2a,
  0xb3, 0xf3, 0x22, 0x22, 0xf9, 0x2a, 0xb7, 0xf3, 0x22, 0x24, 0xf9, 0x2a,
  0xb9, 0xf3, 0x22, 0x28, 0xf9, 0x2a, 0xbb, 0xf3, 0x22, 0x26, 0xf9, 0xcd,
  0xd4, 0x02, 0xcd, 0x8f, 0x04, 0xcd, 0xa8, 0x07, 0xcd, 0xcd, 0x07, 0xc3,
  0xbe, 0x02, 0xcd, 0x16, 0x02, 0x3e, 0x01, 0x32, 0xaf, 0xfc, 0x32, 0xb0,
  0xfc, 0x3e, 0x01, 0x32, 0xdc, 0xf3, 0x32, 0xdd, 0xf3, 0xcd, 0xd4, 0x02,
  0x2a, 0xbd, 0xf3, 0x22, 0x22, 0xf9, 0x2a, 0xc1, 0xf3, 0x22, 0x24, 0xf9,
  0x2a, 0xc5, 0xf3, 0x22, 0x26, 0xf9, 0x2a, 0xc3, 0xf3, 0x22, 0x28, 0xf9,
  0xcd, 0xa8, 0x07, 0x3a, 0xaf, 0xf3, 0x32, 0xb0, 0xf3, 0xcd, 0xb7, 0x04,
  0xcd, 0x53, 0x03, 0xcd, 0xdc, 0x07, 0xc3, 0xbe, 0x02, 0xcd, 0x16, 0x02,
  0x3e, 0x02, 0x32, 0xaf, 0xfc, 0xcd, 0xd4, 0x02, 0x2a, 0xc7, 0xf3, 0x22,
  0x22, 0xf9, 0xcd, 0x60, 0x02, 0x06, 0x03, 0xaf, 0xf3, 0xd3, 0x98, 0x3c,
  0x20, 0xfb, 0x10, 0xf9, 0xfb, 0x2a, 0xcb, 0xf3, 0x22, 0x24, 0xf9, 0x2a,
  0xcd, 0xf3, 0x22, 0x28, 0xf9, 0x2a, 0xcf, 0xf3, 0x22, 0x26, 0xf9, 0xcd,
  0xe6, 0x04, 0xcd, 0x53, 0x03, 0xcd, 0xf8, 0x07, 0xc3, 0xbe, 0x02, 0xcd,
  0x16, 0x02, 0x3e, 0x03, 0x32, 0xaf, 0xfc, 0xcd, 0xd4, 0x02, 0x2a, 0xd1,
  0xf3, 0x22, 0x22, 0xf9, 0xcd, 0x60, 0x02, 0xaf, 0x0e, 0x06, 0xf3, 0xf5,
  0x1e, 0x04, 0xf5, 0x06, 0x20, 0xd3, 0x98, 0x3c, 0x10, 0xfb, 0xf1, 0x1d,
  0x20, 0xf4, 0xf1, 0xc6, 0x20, 0x0d, 0x20, 0xeb, 0xfb, 0x2a, 0xd5, 0xf3,
  0x22, 0x24, 0xf9, 0x2a, 0xd7, 0xf3, 0x22, 0x28, 0xf9, 0x2a, 0xd9, 0xf3,
  0x22, 0x26, 0xf9, 0xcd, 0x19, 0x05, 0xcd, 0x53, 0x03, 0xcd, 0x0e, 0x08,
  0xc3, 0xbe, 0x02, 0x3a, 0xdf, 0xf3, 0xe6, 0xf1, 0x47, 0x0e, 0x00, 0xcd,
  0x2e, 0x02, 0x3a, 0xe0, 0xf3, 0xe6, 0xe7, 0xf6, 0x10, 0x47, 0x0c, 0xcd,
  0x2e, 0x02, 0x11, 0xb3, 0xf3, 0x0e, 0x02, 0xaf, 0xcd, 0x4a, 0x05, 0x13,
  0x13, 0x0c, 0xaf, 0xcd, 0x4a, 0x05, 0xc9, 0x3a, 0xdf, 0xf3, 0xe6, 0xf1,
  0x47, 0x0e, 0x00, 0xcd, 0x2e, 0x02, 0x3a, 0xe0, 0xf3, 0xe6, 0xe7, 0x47,
  0x0c, 0xcd, 0x2e, 0x02, 0x11, 0xbd, 0xf3, 0x0e, 0x02, 0xaf, 0xcd, 0x4a,
  0x05, 0xaf, 0xcd, 0x4a, 0x05, 0xaf, 0xcd, 0x4a, 0x05, 0xaf, 0xcd, 0x4a,
  0x05, 0xaf, 0xcd, 0x4a, 0x05, 0xc9, 0x3a, 0xdf, 0xf3, 0xe6, 0xf1, 0xf6,
  0x02, 0x47, 0x0e, 0x00, 0xcd, 0x2e, 0x02, 0x3a, 0xe0, 0xf3, 0xe6, 0xe7,
  0x47, 0x0c, 0xcd, 0x2e, 0x02, 0x11, 0xc7, 0xf3, 0x0e, 0x02, 0xaf, 0xcd,
  0x4a, 0x05, 0x3e, 0x7f, 0xcd, 0x4a, 0x05, 0x3e, 0x03, 0xcd, 0x4a, 0x05,
  0xaf, 0xcd, 0x4a, 0x05, 0xaf, 0xcd, 0x4a, 0x05, 0xc9, 0x3a, 0xdf, 0xf3,
  0xe6, 0xf1, 0x47, 0x0e, 0x00, 0xcd, 0x2e, 0x02, 0x3a, 0xe0, 0xf3, 0xe6,
  0xe7, 0xf6, 0x08, 0x47, 0x0c, 0xcd, 0x2e, 0x02, 0x11, 0xd1, 0xf3, 0x0e,
  0x02, 0xaf, 0xcd, 0x4a, 0x05, 0xaf, 0xcd, 0x4a, 0x05, 0xaf, 0xcd, 0x4a,
  0x05, 0xaf, 0xcd, 0x4a, 0x05, 0xaf, 0xcd, 0x4a, 0x05, 0xc9, 0xd5, 0xf5,
  0x21, 0x68, 0x05, 0x06, 0x00, 0x09, 0x46, 0xeb, 0x7e, 0x23, 0x66, 0x6f,
  0x29, 0x8f, 0x10, 0xfc, 0x47, 0xf1, 0xb0, 0x47, 0xcd, 0x2e, 0x02, 0xd1,
  0x13, 0x13, 0x0c, 0xc9, 0x00, 0x00, 0x06, 0x0a, 0x05, 0x09, 0x05, 0x26,
  0x00, 0x6f, 0x29, 0x29, 0x29, 0xcd, 0x8c, 0x05, 0x30, 0x02, 0x29, 0x29,
  0xed, 0x5b, 0x26, 0xf9, 0x19, 0xc9, 0x87, 0x87, 0x2a, 0x28, 0xf9, 0x16,
  0x00, 0x5f, 0x19, 0xc9, 0x3a, 0xe0, 0xf3, 0x0f, 0x0f, 0x3e, 0x08, 0xd0,
  0x3e, 0x20, 0xc9, 0xf5, 0xfe, 0x20, 0x38, 0x0d, 0x3a, 0xaf, 0xfc, 0xfe,
  0x02, 0x28, 0x22, 0xfe, 0x05, 0x30, 0x1c, 0xf1, 0xc9, 0xfe, 0x0d, 0x20,
  0xfa, 0xf1, 0xe5, 0xc5, 0x2a, 0xb9, 0xfc, 0x01, 0x08, 0x00, 0x09, 0x22,
  0xb9, 0xfc, 0x21, 0x00, 0x00, 0x22, 0xb7, 0xfc, 0xc1, 0xe1, 0xc9, 0xf1,
  0xc9, 0xf1, 0xe5, 0xd5, 0xc5, 0xf5, 0xcd, 0x22, 0x08, 0xed, 0x5b, 0xb9,
  0xfc, 0xed, 0x4b, 0xb7, 0xfc, 0xcd, 0xb9, 0x08, 0x3a, 0xe9, 0xf3, 0x32,
  0xf2, 0xf3, 0x2a, 0x2a, 0xf9, 0xed, 0x4b, 0xcb, 0xf3, 0x09, 0x11, 0x40,
  0xfc, 0x3a, 0xb9, 0xfc, 0xe6, 0x07, 0x06, 0x00, 0x4f, 0x09, 0xcd, 0x12,
  0x06, 0x01, 0xf0, 0x00, 0x09, 0x3a, 0xb9, 0xfc, 0x2f, 0xe6, 0x07, 0x4f,
  0xcd, 0x12, 0x06, 0x2a, 0xb7, 0xfc, 0x01, 0x08, 0x00, 0x09, 0x22, 0xb7,
  0xfc, 0xf1, 0xc1, 0xd1, 0xe1, 0xc9, 0x3a, 0xb7, 0xfc, 0xe6, 0x07, 0xf5,
  0xc5, 0xd5, 0xe5, 0xcd, 0x9b, 0x06, 0x3a, 0xb7, 0xfc, 0xe6, 0x07, 0x28,
  0x1a, 0x3a, 0x2c, 0xf9, 0x2f, 0x32, 0x2c, 0xf9, 0xe1, 0x01, 0x08, 0x00,
  0x09, 0xd1, 0xc1, 0xf1, 0xcd, 0x9b, 0x06, 0x3a, 0x2c, 0xf9, 0x2f, 0x32,
  0x2c, 0xf9, 0xc9, 0xc1, 0x01, 0x08, 0x00, 0x09, 0xc1, 0xc1, 0xf1, 0xc9,
  0xf5, 0xe5, 0xc5, 0xd5, 0x57, 0x58, 0xed, 0x4b, 0xc9, 0xf3, 0x09, 0x4f,
  0x3a, 0xf2, 0xf3, 0xe6, 0x0f, 0x47, 0xcd, 0x45, 0x02, 0xf5, 0xe6, 0x0f,
  0xb8, 0x28, 0x11, 0xf1, 0xf5, 0x0f, 0x0f, 0x0f, 0x0f, 0xe6, 0x0f, 0xb8,
  0x20, 0x0d, 0xf1, 0xd1, 0xc1, 0xe1, 0xf1, 0xc9, 0xf1, 0xd1, 0xc1, 0xe1,
  0xf1, 0x2f, 0xc9, 0x7a, 0xb3, 0xfe, 0xff, 0x28, 0x11, 0xf1, 0xcb, 0x00,
  0xcb, 0x00, 0xcb, 0x00, 0xcb, 0x00, 0xe6, 0x0f, 0xb0, 0xcd, 0x4d, 0x02,
  0x18, 0xdd, 0xf1, 0xe6, 0xf0, 0xb0, 0xcd, 0x4d, 0x02, 0x18, 0xda, 0x41,
  0x3c, 0x4f, 0x3e, 0x07, 0xa8, 0x3c, 0x47, 0xc5, 0xcd, 0x45, 0x02, 0x47,
  0x1a, 0xcd, 0x48, 0x06, 0x0d, 0x28, 0x03, 0x0f, 0x18, 0xfa, 0x4f, 0x3a,
  0x2c, 0xf9, 0xa1, 0x4f, 0x78, 0xb1, 0xcd, 0x4d, 0x02, 0x23, 0x13, 0xc1,
  0x10, 0xe1, 0xc9, 0x47, 0x52, 0x50, 0x50, 0x52, 0x54, 0x00, 0x3a, 0xaf,
  0xfc, 0xfe, 0x05, 0xc9, 0xf5, 0xcd, 0xef, 0x06, 0x0b, 0x0c, 0x78, 0x41,
  0x4f, 0x0c, 0xf1, 0xf3, 0xd3, 0x98, 0x10, 0xfc, 0x0d, 0x20, 0xf9, 0xfb,
  0xc9, 0xcd, 0xfb, 0x06, 0x7c, 0xe6, 0x3f, 0xd3, 0x99, 0xfb, 0xc9, 0xcd,
  0xfb, 0x06, 0x7c, 0xe6, 0x3f, 0xf6, 0x40, 0xd3, 0x99, 0xfb, 0xc9, 0x3a,
  0xf6, 0xfa, 0xb7, 0x28, 0x10, 0x3a, 0xaf, 0xfc, 0xfe, 0x05, 0xda, 0x60,
  0x02, 0xfe, 0x07, 0x3a, 0xf6, 0xfa, 0x38, 0x01, 0x87, 0xe5, 0xe6, 0x03,
  0x0f, 0x6f, 0xe6, 0x80, 0xac, 0x17, 0xcb, 0x15, 0x17, 0x7d, 0x17, 0xf3,
  0xd3, 0x99, 0x3e, 0x8e, 0xd3, 0x99, 0xe1, 0x7d, 0xd3, 0x99, 0xc9, 0xcd,
  0xe5, 0x06, 0xdb, 0x98, 0xc9, 0xf5, 0xcd, 0xef, 0x06, 0xf1, 0xd3, 0x98,
  0xc9, 0xf3, 0xd3, 0x99, 0x3e, 0x8f, 0xd3, 0x99, 0xdb, 0x99, 0xf5, 0xaf,
  0xd3, 0x99, 0x3e, 0x8f, 0xd3, 0x99, 0xfb, 0xf1, 0xc9, 0xdb, 0x99, 0x01,
  0x00, 0x00, 0xcd, 0x2e, 0x02, 0x01, 0x01, 0xe0, 0xcd, 0x2e, 0x02, 0x01,
  0x02, 0x00, 0xcd, 0x2e, 0x02, 0x01, 0x03, 0x80, 0xcd, 0x2e, 0x02, 0x01,
  0x04, 0x01, 0xcd, 0x2e, 0x02, 0x01, 0x08, 0x08, 0xcd, 0x2e, 0x02, 0x3e,
  0x01, 0x32, 0xdc, 0xf3, 0x32, 0xdd, 0xf3, 0xcd, 0xdc, 0x07, 0x3e, 0x00,
  0x21, 0x00, 0x08, 0x01, 0x00, 0x08, 0xcd, 0x6d, 0x02, 0x3e, 0xf5, 0x21,
  0x00, 0x20, 0x01, 0x20, 0x00, 0xcd, 0x6d, 0x02, 0x01, 0x07, 0xf5, 0xcd,
  0x2e, 0x02, 0x21, 0xbf, 0x1b, 0x11, 0x00, 0x08, 0x01, 0x00, 0x08, 0xcd,
  0x97, 0x02, 0xc9, 0xc9, 0x21, 0xbf, 0x1b, 0xed, 0x5b, 0x24, 0xf9, 0x01,
  0x00, 0x08, 0xc3, 0x97, 0x02, 0xc0, 0x3a, 0xaf, 0xfc, 0xfe, 0x04, 0xd0,
  0xe5, 0x21, 0xc5, 0x07, 0xcd, 0x00, 0x02, 0xe1, 0xc9, 0xcd, 0x07, 0xdc,
  0x07, 0xf8, 0x07, 0x0e, 0x08, 0x3a, 0xb0, 0xf3, 0xfe, 0x28, 0x01, 0xc0,
  0x03, 0x38, 0x08, 0x01, 0x80, 0x07, 0x18, 0x03, 0x01, 0x00, 0x03, 0x2a,
  0x22, 0xf9, 0x3e, 0x20, 0xcd, 0x6d, 0x02, 0x3e, 0x01, 0x21, 0xb2, 0xfb,
  0x77, 0x11, 0xb3, 0xfb, 0x01, 0x17, 0x00, 0xed, 0xb0, 0xc3, 0x45, 0x12,
  0xaf, 0x01, 0x00, 0x18, 0x2a, 0x24, 0xf9, 0x6f, 0xc5, 0xcd, 0x6d, 0x02,
  0xc1, 0x3a, 0xea, 0xf3, 0x2a, 0xc9, 0xf3, 0xc3, 0x6d, 0x02, 0x3a, 0xea,
  0xf3, 0xe6, 0x0f, 0x47, 0x07, 0x07, 0x07, 0x07, 0xb0, 0x01, 0x00, 0x08,
  0x2a, 0x24, 0xf9, 0xc3, 0x6d, 0x02, 0xed, 0x4b, 0x20, 0xf9, 0x6f, 0x26,
  0x00, 0x29, 0x29, 0x29, 0x09, 0x06, 0x08, 0x11, 0x40, 0xfc, 0xc5, 0xd5,
  0xe5, 0x3a, 0x1f, 0xf9, 0xcd, 0xbf, 0x23, 0xe1, 0xd1, 0xc1, 0x12, 0x13,
  0x23, 0x10, 0xef, 0xc9, 0xe5, 0xf5, 0x21, 0x4f, 0x08, 0xcd, 0x9f, 0x09,
  0xf1, 0xe1, 0xc9, 0x52, 0x49, 0x47, 0x48, 0x54, 0x43, 0x00, 0xe5, 0xf5,
  0x21, 0x61, 0x08, 0xcd, 0x9f, 0x09, 0xf1, 0xe1, 0xc9, 0x4c, 0x45, 0x46,
  0x54, 0x43, 0x00, 0xe5, 0xf5, 0x21, 0x72, 0x08, 0xcd, 0x9f, 0x09, 0xf1,
  0xe1, 0xc9, 0x55, 0x50, 0x43, 0x00, 0xe5, 0xf5, 0x21, 0x81, 0x08, 0xcd,
  0x9f, 0x09, 0xf1, 0xe1, 0xc9, 0x54, 0x55, 0x50, 0x43, 0x00, 0xe5, 0xf5,
  0x21, 0x91, 0x08, 0xcd, 0x9f, 0x09, 0xf1, 0xe1, 0xc9, 0x44, 0x4f, 0x57,
  0x4e, 0x43, 0x00, 0xe5, 0xf5, 0x21, 0xa2, 0x08, 0xcd, 0x9f, 0x09, 0xf1,
  0xe1, 0xc9, 0x54, 0x44, 0x4f, 0x57, 0x4e, 0x43, 0x00, 0xed, 0x4b, 0xb7,
  0xfc, 0xed, 0x5b, 0xb9, 0xfc, 0xc9, 0x53, 0x43, 0x41, 0x4c, 0x58, 0x59,
  0x00, 0xc5, 0xed, 0x43, 0xb7, 0xfc, 0xed, 0x53, 0xb9, 0xfc, 0x2a, 0xb9,
  0xfc, 0x29, 0x29, 0x29, 0x29, 0x29, 0x2e, 0x00, 0x06, 0x00, 0x3e, 0xff,
  0x32, 0x2c, 0xf9, 0x79, 0xe6, 0x07, 0x28, 0x0a, 0x47, 0x3e, 0xff, 0xa7,
  0x1f, 0x10, 0xfc, 0x32, 0x2c, 0xf9, 0x79, 0xe6, 0xf8, 0x4f, 0x06, 0x00,
  0x09, 0x22, 0x2a, 0xf9, 0xc1, 0xc9, 0x4d, 0x41, 0x50, 0x58, 0x59, 0x00,
  0x3a, 0x2c, 0xf9, 0x2a, 0x2a, 0xf9, 0xc9, 0x46, 0x45, 0x54, 0x43, 0x48,
  0x43, 0x00, 0xe5, 0xf5, 0x21, 0x0d, 0x09, 0xcd, 0x9f, 0x09, 0xf1, 0xe1,
  0xc9, 0x53, 0x54, 0x4f, 0x52, 0x45, 0x43, 0x00, 0xe5, 0xf5, 0x21, 0x1f,
  0x09, 0xcd, 0x9f, 0x09, 0xf1, 0xe1, 0xc9, 0x53, 0x45, 0x54, 0x41, 0x54,
  0x52, 0x00, 0xe5, 0xf5, 0x21, 0x31, 0x09, 0xcd, 0x9f, 0x09, 0xf1, 0xe1,
  0xc9, 0x52, 0x45, 0x41, 0x44, 0x43, 0x00, 0xe5, 0xf5, 0x21, 0x42, 0x09,
  0xcd, 0x9f, 0x09, 0xf1, 0xe1, 0xc9, 0x53, 0x45, 0x54, 0x43, 0x00, 0xe5,
  0xf5, 0x21, 0x52, 0x09, 0xcd, 0x9f, 0x09, 0xf1, 0xe1, 0xc9, 0x4e, 0x53,
  0x45, 0x54, 0x43, 0x58, 0x00, 0xe5, 0xf5, 0x21, 0x64, 0x09, 0xcd, 0x9f,
  0x09, 0xf1, 0xe1, 0xc9, 0x47, 0x54, 0x41, 0x53, 0x50, 0x43, 0x00, 0xe5,
  0xf5, 0x21, 0x76, 0x09, 0xcd, 0x9f, 0x09, 0xf1, 0xe1, 0xc9, 0x50, 0x4e,
  0x54, 0x49, 0x4e, 0x49, 0x00, 0xe5, 0xf5, 0x21, 0x88, 0x09, 0xcd, 0x9f,
  0x09, 0xf1, 0xe1, 0xc9, 0x53, 0x43, 0x41, 0x4e, 0x52, 0x00, 0xe5, 0xf5,
  0x21, 0x99, 0x09, 0xcd, 0x9f, 0x09, 0xf1, 0xe1, 0xc9, 0x53, 0x43, 0x41,
  0x4e, 0x4c, 0x00, 0x3e, 0x23, 0xd3, 0x2e, 0xcd, 0xab, 0x09, 0x3e, 0x00,
  0xd3, 0x2e, 0xc9, 0x7e, 0x23, 0xb7, 0xc8, 0xd3, 0x2f, 0x18, 0xf8, 0xe6,
  0x0f, 0xfe, 0x0a, 0x30, 0x05, 0xc6, 0x30, 0xd3, 0x2f, 0xc9, 0xc6, 0x37,
  0xd3, 0x2f, 0xc9, 0xf5, 0x0f, 0x0f, 0x0f, 0x0f, 0xcd, 0xb3, 0x09, 0xf1,
  0xcd, 0xb3, 0x09, 0xc9, 0x7c, 0xcd, 0xc3, 0x09, 0x7d, 0xcd, 0xc3, 0x09,
  0xc9, 0x00, 0x00, 0x00, 0x00, 0x00, 0x00, 0x00, 0x00, 0x00, 0x00, 0x00,
  0x00, 0x00, 0x00, 0x00, 0x00, 0x00, 0x00, 0x00, 0x00, 0x00, 0x00, 0x00,
  0x00, 0x00, 0x00, 0x00, 0x00, 0x00, 0x00, 0x00, 0x00, 0x00, 0x00, 0x00,
  0x00, 0x00, 0x00, 0x00, 0x00, 0x00, 0x00, 0x00, 0x00, 0x00, 0x00, 0x00,
  0x00, 0x00, 0x00, 0x00, 0x00, 0x00, 0x00, 0x00, 0x00, 0x00, 0x00, 0x00,
  0x00, 0x00, 0x00, 0x00, 0x00, 0x00, 0x00, 0x00, 0x00, 0x00, 0x00, 0x00,
  0x00, 0x00, 0x00, 0x00, 0x00, 0x00, 0x00, 0x00, 0x00, 0x00, 0x00, 0x00,
  0x00, 0x00, 0x00, 0x00, 0x00, 0x00, 0x00, 0x00, 0x00, 0x00, 0x00, 0x00,
  0x00, 0x00, 0x00, 0x00, 0x00, 0x00, 0x00, 0x00, 0x00, 0x00, 0x00, 0x00,
  0x00, 0x00, 0x00, 0x00, 0x00, 0x00, 0x00, 0x00, 0x00, 0x00, 0x00, 0x00,
  0x00, 0x00, 0x00, 0x00, 0x00, 0x00, 0x00, 0x00, 0x00, 0x00, 0x00, 0x00,
  0x00, 0x00, 0x00, 0x00, 0x00, 0x00, 0x00, 0x00, 0x00, 0x00, 0x00, 0x00,
  0x00, 0x00, 0x00, 0x00, 0x00, 0x00, 0x00, 0x00, 0x00, 0x00, 0x00, 0x00,
  0x00, 0x00, 0x00, 0x00, 0x00, 0x00, 0x00, 0x00, 0x00, 0x00, 0x00, 0x00,
  0x00, 0x00, 0x00, 0x00, 0x00, 0x00, 0x00, 0x00, 0x00, 0x00, 0x00, 0x00,
  0x00, 0x00, 0x00, 0x00, 0x00, 0x00, 0x00, 0x00, 0x00, 0x00, 0x00, 0x00,
  0x00, 0x00, 0x00, 0x00, 0x00, 0x00, 0x00, 0x00, 0x00, 0x00, 0x00, 0x00,
  0x00, 0x00, 0x00, 0x00, 0x00, 0x00, 0x00, 0x00, 0x00, 0x00, 0x00, 0x00,
  0x00, 0x00, 0x00, 0x00, 0x00, 0x00, 0x00, 0x00, 0x00, 0x00, 0x00, 0x00,
  0x00, 0x00, 0x00, 0x00, 0x00, 0x00, 0x00, 0x00, 0x00, 0x00, 0x00, 0x00,
  0x00, 0x00, 0x00, 0x00, 0x00, 0x00, 0x00, 0x00, 0x00, 0x00, 0x00, 0x00,
  0x00, 0x00, 0x00, 0x00, 0x00, 0x00, 0x00, 0x00, 0x00, 0x00, 0x00, 0x00,
  0x00, 0x00, 0x00, 0x00, 0x00, 0x00, 0x00, 0x00, 0x00, 0x00, 0x00, 0x00,
  0x00, 0x00, 0x00, 0x00, 0x00, 0x00, 0x00, 0x00, 0x00, 0x00, 0x00, 0x00,
  0x00, 0x00, 0x00, 0x00, 0x00, 0x00, 0x00, 0x00, 0x00, 0x00, 0x00, 0x00,
  0x00, 0x00, 0x00, 0x00, 0x00, 0x00, 0x00, 0x00, 0x00, 0x00, 0x00, 0x00,
  0x00, 0x00, 0x00, 0x00, 0x00, 0x00, 0x00, 0x00, 0x00, 0x00, 0x00, 0x00,
  0x00, 0x00, 0x00, 0x00, 0x00, 0x00, 0x00, 0x00, 0x00, 0x00, 0x00, 0x00,
  0x00, 0x00, 0x00, 0x00, 0x00, 0x00, 0x00, 0x00, 0x00, 0x00, 0x00, 0x00,
  0x00, 0x00, 0x00, 0x00, 0x00, 0x00, 0x00, 0x00, 0x00, 0x00, 0x00, 0x00,
  0x00, 0x00, 0x00, 0x00, 0x00, 0x00, 0x00, 0x00, 0x00, 0x00, 0x00, 0x00,
  0x00, 0x00, 0x00, 0x00, 0x00, 0x00, 0x00, 0x00, 0x00, 0x00, 0x00, 0x00,
  0x00, 0x00, 0x00, 0x00, 0x00, 0x00, 0x00, 0x00, 0x00, 0x00, 0x00, 0x00,
  0x00, 0x00, 0x00, 0x00, 0x00, 0x00, 0x00, 0x00, 0x00, 0x00, 0x00, 0x00,
  0x00, 0x00, 0x00, 0x00, 0x00, 0x00, 0x00, 0x00, 0x00, 0x00, 0x00, 0x00,
  0x00, 0x00, 0x00, 0x00, 0x00, 0x00, 0x00, 0x00, 0x00, 0x00, 0x00, 0x00,
  0x00, 0x00, 0x00, 0x00, 0x00, 0x00, 0x00, 0x00, 0x00, 0x00, 0x00, 0x00,
  0x00, 0x00, 0x00, 0x00, 0x00, 0x00, 0x00, 0x00, 0x00, 0x00, 0x00, 0x00,
  0x00, 0x00, 0x00, 0x00, 0x00, 0x00, 0x00, 0x00, 0x00, 0x00, 0x00, 0x00,
  0x00, 0x00, 0x00, 0x00, 0x00, 0x00, 0x00, 0x00, 0x00, 0x00, 0x00, 0x00,
  0x00, 0x00, 0x00, 0x00, 0x00, 0x00, 0x00, 0x00, 0x00, 0x00, 0x00, 0x00,
  0x00, 0x00, 0x00, 0x00, 0x00, 0x00, 0x00, 0x00, 0x00, 0x00, 0x00, 0x00,
  0x00, 0x00, 0x00, 0x00, 0x00, 0x00, 0x00, 0x00, 0x00, 0x00, 0x00, 0x00,
  0x00, 0x00, 0x00, 0x00, 0x00, 0x00, 0x00, 0x00, 0x00, 0x00, 0x00, 0x00,
  0x00, 0x00, 0x00, 0x00, 0x00, 0x00, 0x00, 0x00, 0x00, 0x00, 0x00, 0x00,
  0x00, 0x00, 0x00, 0x00, 0x00, 0x00, 0x00, 0x00, 0x00, 0x00, 0x00, 0x00,
  0x00, 0x00, 0x00, 0x00, 0x00, 0x00, 0x00, 0x00, 0x00, 0x00, 0x00, 0x00,
  0x00, 0x00, 0x00, 0x00, 0x00, 0x00, 0x00, 0x00, 0x00, 0x00, 0x00, 0x00,
  0x00, 0x00, 0x00, 0x00, 0x00, 0x00, 0x00, 0x00, 0x00, 0x00, 0x00, 0x00,
  0x00, 0x00, 0x00, 0x00, 0x00, 0x00, 0x00, 0x00, 0x00, 0x00, 0x00, 0x00,
  0x00, 0x00, 0x00, 0x00, 0x00, 0x00, 0x00, 0x00, 0x00, 0x00, 0x00, 0x00,
  0x00, 0x00, 0x00, 0x00, 0x00, 0x00, 0x00, 0x00, 0x00, 0x00, 0x00, 0x00,
  0x00, 0x00, 0x00, 0x00, 0x00, 0x00, 0x00, 0x00, 0x00, 0x00, 0x00, 0x00,
  0x00, 0x00, 0x00, 0x00, 0x00, 0x00, 0x00, 0x00, 0x00, 0x00, 0x00, 0x00,
  0x00, 0x00, 0x00, 0x00, 0x00, 0x00, 0x00, 0x00, 0x00, 0x00, 0x00, 0x00,
  0x00, 0x00, 0x00, 0x00, 0x00, 0x00, 0x00, 0x00, 0x00, 0x00, 0x00, 0x00,
  0x00, 0x00, 0x00, 0x00, 0x00, 0x00, 0x00, 0x00, 0x00, 0x00, 0x00, 0x00,
  0x00, 0x00, 0x00, 0x00, 0x00, 0x00, 0x00, 0x00, 0x00, 0x00, 0x00, 0x00,
  0x00, 0x00, 0x00, 0x00, 0x00, 0x00, 0x00, 0x00, 0x00, 0x00, 0x00, 0x00,
  0x00, 0x00, 0x00, 0x00, 0x00, 0x00, 0x00, 0x00, 0x00, 0x00, 0x00, 0x00,
  0x00, 0x00, 0x00, 0x00, 0x00, 0x00, 0x00, 0x00, 0x00, 0x00, 0x00, 0x00,
  0x00, 0x00, 0x00, 0x00, 0x00, 0x00, 0x00, 0x00, 0x00, 0x00, 0x00, 0x00,
  0x00, 0x00, 0x00, 0x00, 0x00, 0x00, 0x00, 0x00, 0x00, 0x00, 0x00, 0x00,
  0x00, 0x00, 0x00, 0x00, 0x00, 0x00, 0x00, 0x00, 0x00, 0x00, 0x00, 0x00,
  0x00, 0x00, 0x00, 0x00, 0x00, 0x00, 0x00, 0x00, 0x00, 0x00, 0x00, 0x00,
  0x00, 0x00, 0x00, 0x00, 0x00, 0x00, 0x00, 0x00, 0x00, 0x00, 0x00, 0x00,
  0x00, 0x00, 0x00, 0x00, 0x00, 0x00, 0x00, 0x00, 0x00, 0x00, 0x00, 0x00,
  0x00, 0x00, 0x00, 0x00, 0x00, 0xc9, 0xdd, 0xe1, 0xfd, 0xe1, 0xf1, 0xc1,
  0xd1, 0xe1, 0xd9, 0x08, 0xf1, 0xc1, 0xd1, 0xe1, 0xfb, 0xc9, 0x3e, 0x82,
  0xd3, 0xab, 0x3e, 0x50, 0xd3, 0xaa, 0xaf, 0xd3, 0xff, 0x3c, 0xd3, 0xfe,
  0x3c, 0xd3, 0xfd, 0x3c, 0xd3, 0xfc, 0x21, 0xff, 0xff, 0xd9, 0xdb, 0xa8,
  0xf6, 0xf0, 0x47, 0x78, 0xd3, 0xa8, 0x3a, 0xff, 0xff, 0x2f, 0xf6, 0xf0,
  0x4f, 0x79, 0x32, 0xff, 0xff, 0x21, 0x00, 0xff, 0x3e, 0x0f, 0x77, 0xbe,
  0x20, 0x08, 0x2f, 0x77, 0xbe, 0x20, 0x03, 0x25, 0x18, 0xf2, 0x24, 0x7c,
  0xb7, 0x28, 0x15, 0xd9, 0xbc, 0x38, 0x05, 0x28, 0x03, 0xd9, 0x18, 0x0c,
  0x2e, 0x00, 0x67, 0xd9, 0x78, 0xd9, 0x47, 0xd9, 0x79, 0xd9, 0x4f, 0xd9,
  0x79, 0xd6, 0x10, 0x4f, 0x30, 0xcb, 0x78, 0xd6, 0x10, 0x47, 0x30, 0xbb,
  0xd9, 0x7d, 0xb7, 0x28, 0x06, 0x11, 0xf5, 0x25, 0xc3, 0x87, 0x1a, 0x78,
  0xd3, 0xa8, 0x79, 0x32, 0xff, 0xff, 0xd9, 0x21, 0x00, 0xf3, 0xf9, 0xcd,
  0x17, 0x0f, 0xcd, 0x43, 0x10, 0xcd, 0x4d, 0x07, 0xfb, 0xcd, 0x4e, 0x11,
  0x06, 0x0f, 0x11, 0x13, 0x0e, 0x21, 0x00, 0x80, 0xc5, 0xe5, 0xd5, 0x3a,
  0xc1, 0xfc, 0xcd, 0xbf, 0x23, 0xe1, 0xd1, 0xc1, 0xbe, 0x20, 0x12, 0xeb,
  0x13, 0x23, 0x10, 0xec, 0xdd, 0x21, 0x10, 0x80, 0xfd, 0x2a, 0xc0, 0xfc,
  0xcd, 0x34, 0x24, 0x18, 0x11, 0x3e, 0x05, 0x32, 0xea, 0xf3, 0x32, 0xeb,
  0xf3, 0xcd, 0xc2, 0x03, 0x21, 0x56, 0x25, 0xcd, 0x8e, 0x10, 0xfb, 0x06,
  0x78, 0xcd, 0x8a, 0x10, 0x3e, 0x04, 0x32, 0xeb, 0xf3, 0x3e, 0x04, 0x32,
  0xea, 0xf3, 0x3e, 0x0f, 0x32, 0xe9, 0xf3, 0x3e, 0x1d, 0x32, 0xaf, 0xf3,
  0xcd, 0xc2, 0x03, 0x21, 0x56, 0x25, 0xcd, 0x8e, 0x10, 0xcd, 0x22, 0x0e,
  0xcd, 0xda, 0xfe, 0xcd, 0x01, 0x0f, 0x3e, 0x01, 0x32, 0x99, 0xfd, 0xaf,
  0x32, 0x29, 0xfb, 0xcd, 0xcb, 0xfe, 0x21, 0x2f, 0x26, 0xcd, 0x8e, 0x10,
  0xc3, 0x65, 0x1a, 0x43, 0x2d, 0x42, 0x49, 0x4f, 0x53, 0x20, 0x4c, 0x6f,
  0x67, 0x6f, 0x20, 0x52, 0x4f, 0x4d, 0x21, 0xc9, 0xfc, 0x11, 0xca, 0xfc,
  0x01, 0x3f, 0x00, 0x36, 0x00, 0xed, 0xb0, 0x21, 0xc1, 0xfc, 0xaf, 0xe5,
  0xb6, 0x21, 0x00, 0x40, 0xcd, 0x69, 0x0e, 0xcc, 0x76, 0x0e, 0x21, 0x00,
  0x80, 0xcd, 0x69, 0x0e, 0xcc, 0x76, 0x0e, 0xcb, 0x7f, 0x28, 0x06, 0xc6,
  0x04, 0xcb, 0x67, 0x28, 0xe4, 0xe1, 0x23, 0x3c, 0xe6, 0x03, 0x20, 0xdb,
  0xc9, 0x47, 0xcd, 0xbf, 0x23, 0x23, 0xf5, 0x78, 0xcd, 0xbf, 0x23, 0x23,
  0x57, 0xf1, 0x5f, 0x78, 0xc9, 0xe5, 0xcd, 0x59, 0x0e, 0x21, 0x41, 0x42,
  0xcd, 0x21, 0x11, 0x78, 0xe1, 0xc9, 0xe5, 0xf5, 0x21, 0xbd, 0x25, 0xcd,
  0x8e, 0x10, 0xf1, 0xf5, 0x47, 0xe6, 0x03, 0xc6, 0x30, 0xcd, 0xb4, 0x11,
  0x78, 0xcb, 0x78, 0x28, 0x0f, 0x3e, 0x2e, 0xcd, 0xb4, 0x11, 0x78, 0x0f,
  0x0f, 0xe6, 0x03, 0xc6, 0x30, 0xcd, 0xb4, 0x11, 0x3e, 0x0d, 0xcd, 0xb4,
  0x11, 0x3e, 0x0a, 0xcd, 0xb4, 0x11, 0xf1, 0xe1, 0x23, 0x23, 0xcd, 0xf8,
  0x0e, 0x28, 0x15, 0x4f, 0xd5, 0xdd, 0xe1, 0xf5, 0xfd, 0xe1, 0xdb, 0x99,
  0xb7, 0xfa, 0xb6, 0x0e, 0xf5, 0xe5, 0xcd, 0x34, 0x24, 0xf3, 0xe1, 0xf1,
  0x0e, 0x00, 0xcd, 0xf8, 0x0e, 0x28, 0x02, 0xcb, 0xe9, 0xcd, 0xf8, 0x0e,
  0x28, 0x02, 0xcb, 0xf1, 0xcd, 0xf8, 0x0e, 0x28, 0x02, 0xcb, 0xf9, 0x47,
  0xe6, 0x0c, 0x5f, 0x78, 0x07, 0x07, 0x07, 0x07, 0xe6, 0x30, 0xb3, 0x5f,
  0x7c, 0x07, 0x07, 0xe6, 0x03, 0xb3, 0x21, 0xc9, 0xfc, 0x16, 0x00, 0x5f,
  0x19, 0x71, 0x78, 0xc9, 0xc5, 0xcd, 0x59, 0x0e, 0x7a, 0xb3, 0x78, 0xc1,
  0xc9, 0x21, 0xc9, 0xfc, 0x06, 0x40, 0x7e, 0xcb, 0x7f, 0x28, 0x08, 0xe5,
  0x21, 0xd0, 0x25, 0xcd, 0x8e, 0x10, 0xe1, 0x23, 0x10, 0xf0, 0xc9, 0x3e,
  0x00, 0x21, 0x80, 0xf3, 0x77, 0x11, 0x81, 0xf3, 0x01, 0x7d, 0x0c, 0xed,
  0xb0, 0x3e, 0xc9, 0x21, 0x00, 0xf3, 0x77, 0x11, 0x01, 0xf3, 0x01, 0x7f,
  0x00, 0xed, 0xb0, 0x3e, 0xc9, 0x21, 0x9a, 0xfd, 0x77, 0x11, 0x9b, 0xfd,
  0x01, 0x4d, 0x02, 0xed, 0xb0, 0x3e, 0xff, 0x21, 0xda, 0xfb, 0x77, 0x11,
  0xdb, 0xfb, 0x01, 0x15, 0x00, 0xed, 0xb0, 0x3e, 0x00, 0x21, 0xf0, 0xfb,
  0x77, 0x11, 0xf1, 0xfb, 0x01, 0x27, 0x00, 0xed, 0xb0, 0x21, 0xf0, 0xfb,
  0x22, 0xf8, 0xf3, 0x22, 0xfa, 0xf3, 0xd9, 0x22, 0x48, 0xfc, 0xd9, 0x21,
  0x80, 0xf3, 0x22, 0x4a, 0xfc, 0x22, 0x74, 0xf6, 0x21, 0x3b, 0x25, 0x11,
  0x80, 0xf3, 0x01, 0x1a, 0x00, 0xed, 0xb0, 0x21, 0x00, 0x00, 0x22, 0xb3,
  0xf3, 0x21, 0x00, 0x08, 0x22, 0xb7, 0xf3, 0x21, 0x00, 0x18, 0x22, 0xbd,
  0xf3, 0x21, 0x00, 0x20, 0x22, 0xbf, 0xf3, 0x21, 0x00, 0x00, 0x22, 0xc1,
  0xf3, 0x21, 0x00, 0x1b, 0x22, 0xc3, 0xf3, 0x21, 0x00, 0x38, 0x22, 0xc5,
  0xf3, 0x21, 0x00, 0x18, 0x22, 0xc7, 0xf3, 0x21, 0x00, 0x20, 0x22, 0xc9,
  0xf3, 0x21, 0x00, 0x00, 0x22, 0xcb, 0xf3, 0x21, 0x00, 0x1b, 0x22, 0xcd,
  0xf3, 0x21, 0x00, 0x38, 0x22, 0xcf, 0xf3, 0x21, 0x00, 0x08, 0x22, 0xd1,
  0xf3, 0x21, 0x00, 0x00, 0x22, 0xd5, 0xf3, 0x21, 0x00, 0x1b, 0x22, 0xd7,
  0xf3, 0x21, 0x00, 0x38, 0x22, 0xd9, 0xf3, 0x21, 0x59, 0xf9, 0x22, 0xf3,
  0xf3, 0x21, 0x75, 0xf9, 0x22, 0x5d, 0xf9, 0x21, 0xf5, 0xf9, 0x22, 0x63,
  0xf9, 0x21, 0x75, 0xfa, 0x22, 0x69, 0xf9, 0x3e, 0x7f, 0x32, 0x5c, 0xf9,
  0x32, 0x62, 0xf9, 0x32, 0x68, 0xf9, 0x3e, 0x27, 0x32, 0xae, 0xf3, 0x3e,
  0x20, 0x32, 0xaf, 0xf3, 0x3a, 0xaf, 0xf3, 0x32, 0xb0, 0xf3, 0x3e, 0x18,
  0x32, 0xb1, 0xf3, 0x3e, 0x04, 0x32, 0xeb, 0xf3, 0x3e, 0x04, 0x32, 0xea,
  0xf3, 0x3e, 0x0f, 0x32, 0xe9, 0xf3, 0x3e, 0xa0, 0x32, 0xe0, 0xf3, 0x3a,
  0xc1, 0xfc, 0x32, 0x1f, 0xf9, 0x2a, 0x04, 0x00, 0x22, 0x20, 0xf9, 0x3e,
  0xc3, 0x21, 0xb4, 0x11, 0x22, 0xe5, 0xfe, 0x32, 0xe4, 0xfe, 0xc9, 0xf3,
  0x21, 0xc1, 0xfc, 0xdb, 0xa8, 0x57, 0xe6, 0x3f, 0x4f, 0xd3, 0xa8, 0x3a,
  0xff, 0xff, 0x2f, 0x5f, 0xe6, 0x0f, 0x32, 0xff, 0xff, 0x47, 0x3a, 0xff,
  0xff, 0x2f, 0xb8, 0x20, 0x15, 0x7b, 0xe6, 0x0f, 0xf6, 0x50, 0x32, 0xff,
  0xff, 0x47, 0x3a, 0xff, 0xff, 0x2f, 0xb8, 0x20, 0x05, 0x06, 0x80, 0x7b,
  0x18, 0x04, 0x06, 0x00, 0x7b, 0x2f, 0x32, 0xff, 0xff, 0x7a, 0xd3, 0xa8,
  0x70, 0x23, 0x79, 0xc6, 0x40, 0x4f, 0x30, 0xc5, 0xfb, 0xc9, 0x76, 0x10,
  0xfd, 0xc9, 0x3a, 0xaf, 0xfc, 0xfe, 0x05, 0x30, 0x09, 0x7e, 0xb7, 0xc8,
  0xcd, 0xb4, 0x11, 0x23, 0x18, 0xf7, 0x7e, 0xb7, 0xc8, 0xdd, 0x21, 0x89,
  0x00, 0xcd, 0x3f, 0x1a, 0x23, 0x18, 0xf3, 0x0e, 0x20, 0x3a, 0xaf, 0xfc,
  0xb7, 0xc0, 0x0e, 0x28, 0x3a, 0xb0, 0xf3, 0xfe, 0x29, 0xd8, 0x0e, 0x50,
  0xc9, 0xc5, 0xf5, 0xcd, 0xab, 0x10, 0x3a, 0xb0, 0xf3, 0xed, 0x44, 0x81,
  0x3c, 0xcb, 0x3f, 0x6f, 0x3a, 0xdd, 0xf3, 0x3d, 0x85, 0x6f, 0x26, 0x00,
  0x44, 0x3a, 0xdc, 0xf3, 0x3d, 0xcb, 0x3f, 0x30, 0x01, 0x09, 0xcb, 0x21,
  0xcb, 0x10, 0xb7, 0x20, 0xf4, 0xed, 0x4b, 0x22, 0xf9, 0x09, 0xf1, 0xc1,
  0xc9, 0xe5, 0xf5, 0x21, 0xf8, 0x10, 0xcd, 0x9f, 0x09, 0xf1, 0xe1, 0xc9,
  0x53, 0x59, 0x4e, 0x43, 0x48, 0x52, 0x00, 0xcd, 0x48, 0xff, 0x7e, 0x23,
  0xfe, 0x00, 0xc8, 0xfe, 0x3a, 0xc8, 0xfe, 0x30, 0x38, 0x03, 0xfe, 0x3a,
  0xd8, 0xfe, 0x20, 0x28, 0xed, 0xfe, 0x09, 0x28, 0xe9, 0xb7, 0xc9, 0xf5,
  0xcd, 0xe4, 0xfe, 0xf1, 0xc9, 0x7c, 0xba, 0xc0, 0x7d, 0xbb, 0xc9, 0xe5,
  0xf5, 0x21, 0x32, 0x11, 0xcd, 0x9f, 0x09, 0xf1, 0xe1, 0xc9, 0x47, 0x45,
  0x54, 0x59, 0x50, 0x52, 0x00, 0x08, 0xd9, 0xe1, 0x7e, 0x23, 0x5e, 0x23,
  0x56, 0x23, 0xd5, 0xdd, 0xe1, 0xf5, 0xfd, 0xe1, 0xe5, 0x08, 0xd9, 0xc3,
  0x34, 0x24, 0x1e, 0x8f, 0x3e, 0x0f, 0xcd, 0x52, 0x17, 0xc3, 0x3a, 0x17,
  0xe5, 0xf5, 0x21, 0x63, 0x11, 0xcd, 0x9f, 0x09, 0xf1, 0xe1, 0xc9, 0x49,
  0x4e, 0x49, 0x46, 0x4e, 0x4b, 0x00, 0xe5, 0xf5, 0x21, 0x75, 0x11, 0xcd,
  0x9f, 0x09, 0xf1, 0xe1, 0xc9, 0x53, 0x54, 0x52, 0x54, 0x4d, 0x53, 0x00,
  0xfb, 0xe5, 0xd5, 0x2a, 0xfa, 0xf3, 0xed, 0x5b, 0xf8, 0xf3, 0xe7, 0x3e,
  0xff, 0x20, 0x01, 0xaf, 0xd1, 0xe1, 0xc9, 0xcd, 0xc2, 0xfd, 0xe5, 0xd5,
  0x2a, 0xfa, 0xf3, 0xed, 0x5b, 0xf8, 0xf3, 0xe7, 0x20, 0x04, 0xfb, 0x76,
  0x18, 0xf2, 0x7e, 0xf5, 0x23, 0x7d, 0xfe, 0x18, 0x20, 0x03, 0x21, 0xf0,
  0xfb, 0x22, 0xfa, 0xf3, 0xf1, 0xd1, 0xe1, 0xc9, 0xe5, 0xd5, 0xc5, 0xf5,
  0xcd, 0xa4, 0xfd, 0x3a, 0xaf, 0xfc, 0xfe, 0x02, 0x30, 0x13, 0xf1, 0xf5,
  0xcd, 0x04, 0x14, 0xf1, 0xf5, 0xcd, 0xda, 0x11, 0xcd, 0x19, 0x14, 0x3a,
  0xdd, 0xf3, 0x32, 0x61, 0xf6, 0xf1, 0xc1, 0xd1, 0xe1, 0xc9, 0xcd, 0x11,
  0x15, 0xd0, 0x28, 0x12, 0xf5, 0x3a, 0xa7, 0xfc, 0xb7, 0xc2, 0xbd, 0x12,
  0xf1, 0xfe, 0x20, 0x38, 0x2a, 0xfe, 0x7f, 0xca, 0xf6, 0x13, 0xcd, 0xbd,
  0x10, 0xcd, 0x4d, 0x02, 0x2a, 0xdc, 0xf3, 0x3a, 0xb0, 0xf3, 0x24, 0xbc,
  0x38, 0x04, 0x22, 0xdc, 0xf3, 0xc9, 0x11, 0xb1, 0xfb, 0x26, 0x00, 0x19,
  0xaf, 0x77, 0x2a, 0xdc, 0xf3, 0xcd, 0x6c, 0x12, 0xc3, 0x2e, 0x12, 0x06,
  0x0c, 0x21, 0x88, 0x14, 0xc3, 0x08, 0x02, 0x3e, 0x20, 0xcd, 0xf2, 0x11,
  0x3a, 0xdd, 0xf3, 0xe6, 0x07, 0xfe, 0x01, 0x20, 0xf2, 0xc9, 0x2a, 0xdc,
  0xf3, 0x3a, 0xb1, 0xf3, 0x2c, 0xbd, 0x30, 0x09, 0xe5, 0xcd, 0x45, 0x12,
  0xcd, 0x90, 0x13, 0xe1, 0x2d, 0x22, 0xdc, 0xf3, 0xc9, 0x21, 0x01, 0x01,
  0x22, 0xdc, 0xf3, 0xc9, 0xcd, 0x2e, 0x13, 0x2a, 0xdc, 0xf3, 0xe5, 0xcd,
  0x6c, 0x12, 0x3a, 0xdc, 0xf3, 0x21, 0xb1, 0xf3, 0xbe, 0x30, 0x08, 0xcd,
  0x2e, 0x12, 0xcd, 0x2e, 0x13, 0x18, 0xef, 0xe1, 0x22, 0xdc, 0xf3, 0xc9,
  0x3e, 0x01, 0x32, 0xdd, 0xf3, 0xc9, 0x3e, 0xff, 0x32, 0xa7, 0xfc, 0xc9,
  0x3a, 0xdd, 0xf3, 0x21, 0xb0, 0xf3, 0xbe, 0x30, 0x03, 0x3c, 0x18, 0x1f,
  0x3a, 0xdc, 0xf3, 0x21, 0xb1, 0xf3, 0xbe, 0xd0, 0x3c, 0x32, 0xdc, 0xf3,
  0x18, 0xda, 0x3a, 0xdd, 0xf3, 0x3d, 0x20, 0x0b, 0x3a, 0xdc, 0xf3, 0x3d,
  0xc8, 0x32, 0xdc, 0xf3, 0x3a, 0xb0, 0xf3, 0x32, 0xdd, 0xf3, 0xc9, 0x3a,
  0xdc, 0xf3, 0x3d, 0xc8, 0x32, 0xdc, 0xf3, 0xc9, 0x3a, 0xdc, 0xf3, 0x21,
  0xb1, 0xf3, 0xbe, 0xd0, 0x3c, 0x32, 0xdc, 0xf3, 0xc9, 0x47, 0x3c, 0x20,
  0x0c, 0x32, 0xa7, 0xfc, 0xf1, 0x06, 0x0f, 0x21, 0xac, 0x14, 0xc3, 0x08,
  0x02, 0xf1, 0x10, 0x04, 0x0e, 0x00, 0x18, 0x04, 0x10, 0x18, 0x0e, 0x01,
  0xfe, 0x34, 0x28, 0x06, 0xfe, 0x35, 0x28, 0x08, 0x18, 0x2e, 0x79, 0x32,
  0xaa, 0xfc, 0x18, 0x28, 0x79, 0x32, 0xa9, 0xfc, 0x18, 0x22, 0x10, 0x08,
  0x06, 0x1f, 0x90, 0x32, 0xdd, 0xf3, 0x18, 0x18, 0x10, 0x16, 0x06, 0x1f,
  0x90, 0x32, 0xdc, 0xf3, 0x3e, 0x03, 0x18, 0x0d, 0x3e, 0x01, 0x18, 0x09,
  0x3e, 0x02, 0x18, 0x05, 0x3e, 0x04, 0x18, 0x01, 0xaf, 0x32, 0xa7, 0xfc,
  0xc9, 0x3a, 0xdd, 0xf3, 0x21, 0xb0, 0xf3, 0xbe, 0xd0, 0x3c, 0x32, 0xdd,
  0xf3, 0xc9, 0x3a, 0xdd, 0xf3, 0x3d, 0xc8, 0x32, 0xdd, 0xf3, 0xc9, 0xcd,
  0x6c, 0x12, 0x21, 0xb1, 0xfb, 0x3a, 0xdc, 0xf3, 0x5f, 0x16, 0x00, 0x19,
  0x77, 0x3a, 0xb0, 0xf3, 0x3c, 0x21, 0xdd, 0xf3, 0x96, 0x4f, 0x06, 0x00,
  0x3e, 0x20, 0xcd, 0xbd, 0x10, 0xc3, 0x6d, 0x02, 0xcd, 0x6c, 0x12, 0x2a,
  0xdc, 0xf3, 0xe5, 0x45, 0x3a, 0xb1, 0xf3, 0x32, 0xdc, 0xf3, 0x90, 0x47,
  0x04, 0x3a, 0xdc, 0xf3, 0x18, 0x0e, 0xcd, 0xbd, 0x10, 0xeb, 0x3d, 0x32,
  0xdc, 0xf3, 0xcd, 0xbd, 0x10, 0xcd, 0xce, 0x13, 0x10, 0xf0, 0xe1, 0x22,
  0xdc, 0xf3, 0x26, 0x00, 0x3a, 0xb1, 0xf3, 0x57, 0x1e, 0x00, 0x95, 0x3d,
  0x4f, 0x06, 0x00, 0x21, 0xb1, 0xfb, 0x19, 0xeb, 0x62, 0x6b, 0x2b, 0xed,
  0xb8, 0xc3, 0x2e, 0x13, 0xcd, 0x6c, 0x12, 0x2a, 0xdc, 0xf3, 0xe5, 0x45,
  0x3a, 0xb1, 0xf3, 0x90, 0x47, 0x04, 0x3a, 0xdc, 0xf3, 0x18, 0x0e, 0xcd,
  0xbd, 0x10, 0xeb, 0x3c, 0x32, 0xdc, 0xf3, 0xcd, 0xbd, 0x10, 0xcd, 0xce,
  0x13, 0x10, 0xf0, 0xcd, 0x2e, 0x13, 0xe1, 0x22, 0xdc, 0xf3, 0x26, 0x00,
  0x3a, 0xb1, 0xf3, 0x95, 0x3d, 0x4f, 0x06, 0x00, 0x11, 0xb1, 0xfb, 0x19,
  0x54, 0x5d, 0x23, 0xed, 0xb0, 0xc9, 0xf5, 0xc5, 0x06, 0x00, 0x3a, 0xb0,
  0xf3, 0x4f, 0xcd, 0xdc, 0x13, 0xc1, 0xf1, 0xc9, 0xe5, 0xd5, 0xc5, 0x11,
  0x18, 0xfc, 0xcd, 0x81, 0x02, 0xc1, 0xd1, 0xd5, 0xc5, 0x21, 0x18, 0xfc,
  0xcd, 0x97, 0x02, 0xc1, 0xe1, 0x09, 0xeb, 0xe1, 0x09, 0xc9, 0x3a, 0xdd,
  0xf3, 0xfe, 0x01, 0xc8, 0x3e, 0x20, 0xcd, 0xf2, 0x11, 0xc3, 0x92, 0x12,
  0x3a, 0xa9, 0xfc, 0xfe, 0x01, 0xc0, 0x3a, 0xaf, 0xfc, 0xfe, 0x02, 0xd0,
  0x3a, 0xcc, 0xfb, 0xcd, 0xbd, 0x10, 0xc3, 0x4d, 0x02, 0x3a, 0xa9, 0xfc,
  0xfe, 0x01, 0xc0, 0x3a, 0xaf, 0xfc, 0xfe, 0x02, 0xd0, 0xcd, 0xbd, 0x10,
  0xcd, 0x45, 0x02, 0x32, 0xcc, 0xfb, 0xa7, 0x16, 0x00, 0x5f, 0xcb, 0x13,
  0xcb, 0x12, 0xcb, 0x13, 0xcb, 0x12, 0xcb, 0x13, 0xcb, 0x12, 0xaf, 0x21,
  0xaf, 0xfc, 0xbe, 0x20, 0x05, 0x2a, 0xb7, 0xf3, 0x18, 0x03, 0x2a, 0xc1,
  0xf3, 0xe5, 0x19, 0x11, 0x18, 0xfc, 0x01, 0x08, 0x00, 0xcd, 0x81, 0x02,
  0x3a, 0xaa, 0xfc, 0xfe, 0x00, 0x20, 0x07, 0x21, 0x18, 0xfc, 0x06, 0x08,
  0x18, 0x05, 0x21, 0x1e, 0xfc, 0x06, 0x02, 0x7e, 0x2f, 0x77, 0x23, 0x10,
  0xfa, 0xe1, 0x11, 0xf8, 0x07, 0x19, 0xeb, 0x21, 0x18, 0xfc, 0x01, 0x08,
  0x00, 0xcd, 0x97, 0x02, 0xcd, 0xbd, 0x10, 0x3e, 0xff, 0xc3, 0x4d, 0x02,
  0x07, 0x56, 0x16, 0x08, 0x92, 0x12, 0x09, 0x1f, 0x12, 0x0a, 0x2e, 0x12,
  0x0b, 0x45, 0x12, 0x0c, 0xb6, 0x07, 0x0d, 0x6c, 0x12, 0x1b, 0x72, 0x12,
  0x1c, 0x78, 0x12, 0x1d, 0x92, 0x12, 0x1e, 0xa7, 0x12, 0x1f, 0xb0, 0x12,
  0x6a, 0xb6, 0x07, 0x45, 0xb6, 0x07, 0x4b, 0x2e, 0x13, 0x4a, 0x4c, 0x12,
  0x6c, 0x2b, 0x13, 0x4c, 0x4c, 0x13, 0x4d, 0x90, 0x13, 0x59, 0x0c, 0x13,
  0x41, 0xa7, 0x12, 0x42, 0xb0, 0x12, 0x43, 0x15, 0x13, 0x44, 0x22, 0x13,
  0x48, 0x45, 0x12, 0x78, 0x04, 0x13, 0x79, 0x08, 0x13, 0xcd, 0xb6, 0xff,
  0xf5, 0xcd, 0x25, 0x16, 0x38, 0x08, 0xcd, 0x03, 0x15, 0x28, 0xf6, 0xf1,
  0x18, 0x0c, 0x3e, 0x0d, 0xcd, 0xf6, 0x14, 0xaf, 0x32, 0x15, 0xf4, 0xf1,
  0x37, 0xc9, 0xf5, 0xd3, 0x91, 0x3e, 0x00, 0xd3, 0x90, 0x2f, 0xd3, 0x90,
  0xf1, 0xa7, 0xc9, 0xcd, 0xbb, 0xff, 0xdb, 0x90, 0x1f, 0x1f, 0x3e, 0xff,
  0x30, 0x01, 0x2f, 0xa7, 0xc9, 0xe5, 0xf5, 0x21, 0xa6, 0xfc, 0xaf, 0xbe,
  0x77, 0x20, 0x08, 0xf1, 0xfe, 0x01, 0x20, 0x13, 0x77, 0x18, 0x11, 0xf1,
  0xfe, 0x40, 0x38, 0x09, 0xfe, 0x60, 0x30, 0x05, 0xd6, 0x40, 0xbf, 0x18,
  0x02, 0xfe, 0x50, 0x37, 0xe1, 0xc9, 0xcd, 0xdb, 0xfd, 0x3a, 0xaa, 0xf6,
  0xa7, 0xca, 0x54, 0x15, 0x3e, 0x01, 0x32, 0xdd, 0xf3, 0xc3, 0x54, 0x15,
  0x3f, 0x20, 0x00, 0xcd, 0xe0, 0xfd, 0x21, 0x48, 0x15, 0xcd, 0x8e, 0x10,
  0x2a, 0xdd, 0xf3, 0x22, 0xca, 0xfb, 0x11, 0xb0, 0xfb, 0x26, 0x00, 0x7d,
  0x19, 0x77, 0xcd, 0x8f, 0x11, 0xfe, 0x7f, 0xca, 0xe4, 0x15, 0xfe, 0x20,
  0x30, 0x11, 0x06, 0x14, 0x21, 0xe5, 0x15, 0xcd, 0x00, 0x02, 0xaf, 0x32,
  0xa8, 0xfc, 0x32, 0xaa, 0xfc, 0x18, 0xe3, 0xf5, 0x3a, 0xa8, 0xfc, 0xa7,
  0xc4, 0x8b, 0x15, 0xf1, 0xdf, 0x18, 0xc9, 0xcd, 0x04, 0x14, 0x2a, 0xdc,
  0xf3, 0x22, 0xbc, 0xf6, 0x3e, 0x20, 0x32, 0xa7, 0xf6, 0xcd, 0xbd, 0x10,
  0xcd, 0x45, 0x02, 0xfe, 0x20, 0x20, 0x28, 0x2a, 0xdc, 0xf3, 0x3a, 0xb0,
  0xf3, 0xbc, 0x20, 0x1d, 0x26, 0x00, 0x11, 0xb1, 0xfb, 0x19, 0x7e, 0xb7,
  0x28, 0x13, 0x3a, 0xa7, 0xf6, 0xcd, 0xbd, 0x10, 0xcd, 0x4d, 0x02, 0x2a,
  0xbc, 0xf6, 0x22, 0xdc, 0xf3, 0xc9, 0xc3, 0x19, 0x14, 0x3e, 0x20, 0xf5,
  0x3a, 0xa7, 0xf6, 0xdf, 0xf1, 0x32, 0xa7, 0xf6, 0x18, 0xc3, 0xc9, 0x37,
  0xe1, 0xc9, 0xc9, 0xc9, 0xc9, 0xc9, 0xaf, 0xe1, 0xc9, 0xc9, 0xc9, 0xc9,
  0xc9, 0x18, 0x00, 0x18, 0x00, 0xd6, 0x15, 0xd7, 0x15, 0x18, 0x00, 0xda,
  0x15, 0xdb, 0x15, 0x18, 0x00, 0xdc, 0x15, 0x18, 0x00, 0x18, 0x00, 0x18,
  0x00, 0x18, 0x00, 0xdd, 0x15, 0xde, 0x15, 0x18, 0x00, 0x18, 0x00, 0x18,
  0x00, 0xe1, 0x15, 0x18, 0x00, 0x18, 0x00, 0xe2, 0x15, 0x18, 0x00, 0x18,
  0x00, 0x18, 0x00, 0x18, 0x00, 0x18, 0x00, 0xe3, 0x15, 0x18, 0x00, 0x18,
  0x00, 0x18, 0x00, 0x18, 0x00, 0xdb, 0xaa, 0xe6, 0xf0, 0xf6, 0x07, 0xd3,
  0xaa, 0xdb, 0xa9, 0xe6, 0x10, 0xc0, 0xdb, 0xaa, 0xe6, 0xf0, 0xf6, 0x06,
  0xd3, 0xaa, 0xdb, 0xa9, 0xe6, 0x02, 0xc0, 0x37, 0xc9, 0xe5, 0xf5, 0x21,
  0x4c, 0x16, 0xcd, 0x9f, 0x09, 0xf1, 0xe1, 0xc9, 0x49, 0x53, 0x43, 0x4e,
  0x54, 0x43, 0x00, 0xc3, 0x41, 0x16, 0xe5, 0xf5, 0x21, 0x61, 0x16, 0xcd,
  0x9f, 0x09, 0xf1, 0xe1, 0xc9, 0x42, 0x45, 0x45, 0x50, 0x00, 0x22, 0xdc,
  0xf3, 0xc9, 0xe5, 0xf5, 0x21, 0x75, 0x16, 0xcd, 0x9f, 0x09, 0xf1, 0xe1,
  0xc9, 0x46, 0x4e, 0x4b, 0x53, 0x42, 0x00, 0xe5, 0xf5, 0x21, 0x86, 0x16,
  0xcd, 0x9f, 0x09, 0xf1, 0xe1, 0xc9, 0x45, 0x52, 0x41, 0x46, 0x4e, 0x4b,
  0x00, 0xe5, 0xf5, 0x21, 0x98, 0x16, 0xcd, 0x9f, 0x09, 0xf1, 0xe1, 0xc9,
  0x44, 0x53, 0x50, 0x46, 0x4e, 0x4b, 0x00, 0x3a, 0xaf, 0xfc, 0xfe, 0x02,
  0xd8, 0x3a, 0xb0, 0xfc, 0xcd, 0xbd, 0xfd, 0xb7, 0xca, 0x82, 0x03, 0xc3,
  0xc2, 0x03, 0xe5, 0xf5, 0x21, 0xbe, 0x16, 0xcd, 0x9f, 0x09, 0xf1, 0xe1,
  0x37, 0xc9, 0x54, 0x41, 0x50, 0x49, 0x4f, 0x4e, 0x00, 0xe5, 0xf5, 0x21,
  0xd1, 0x16, 0xcd, 0x9f, 0x09, 0xf1, 0xe1, 0x37, 0xc9, 0x54, 0x41, 0x50,
  0x49, 0x4e, 0x00, 0xe5, 0xf5, 0x21, 0xe2, 0x16, 0xcd, 0x9f, 0x09, 0xf1,
  0xe1, 0xc9, 0x54, 0x41, 0x50, 0x49, 0x4f, 0x46, 0x00, 0xe5, 0xf5, 0x21,
  0xf5, 0x16, 0xcd, 0x9f, 0x09, 0xf1, 0xe1, 0x37, 0xc9, 0x54, 0x41, 0x50,
  0x4f, 0x4f, 0x4e, 0x00, 0xe5, 0xf5, 0x21, 0x08, 0x17, 0xcd, 0x9f, 0x09,
  0xf1, 0xe1, 0x37, 0xc9, 0x54, 0x41, 0x50, 0x4f, 0x55, 0x54, 0x00, 0xe5,
  0xf5, 0x21, 0x1a, 0x17, 0xcd, 0x9f, 0x09, 0xf1, 0xe1, 0xc9, 0x54, 0x41,
  0x50, 0x4f, 0x4f, 0x46, 0x00, 0xc5, 0x47, 0xdb, 0xaa, 0x04, 0x28, 0x0c,
  0xcb, 0xe7, 0x05, 0x28, 0x09, 0xcb, 0xa7, 0x05, 0x28, 0x04, 0xc1, 0xc9,
  0xee, 0x10, 0xd3, 0xaa, 0xc1, 0xc9, 0x1e, 0x00, 0x3e, 0x08, 0xcd, 0x52,
  0x17, 0x3c, 0xcd, 0x52, 0x17, 0x3c, 0xcd, 0x52, 0x17, 0x3c, 0x1e, 0xb8,
  0x3e, 0x07, 0xcd, 0x52, 0x17, 0xc9, 0xf3, 0xd3, 0xa0, 0xf5, 0x7b, 0xd3,
  0xa1, 0xfb, 0xf1, 0xc9, 0xd3, 0xa0, 0xdb, 0xa2, 0xc9, 0xb7, 0x3e, 0x0e,
  0x28, 0x01, 0x3c, 0xd3, 0xab, 0xc9, 0xdb, 0xa8, 0xc9, 0xd3, 0xa8, 0xc9,
  0xdb, 0x99, 0xc9, 0xf3, 0xc5, 0x4f, 0xdb, 0xaa, 0xe6, 0xf0, 0xb1, 0xd3,
  0xaa, 0xdb, 0xa9, 0xc1, 0xfb, 0xc9, 0xcd, 0xa7, 0xff, 0xc9, 0xcd, 0xac,
  0xff, 0xc9, 0x3a, 0x64, 0xf8, 0xa7, 0xc9, 0xc5, 0xfe, 0x00, 0x20, 0x19,
  0x3e, 0x08, 0xcd, 0x73, 0x17, 0x0f, 0x0f, 0x0f, 0x0f, 0x2f, 0xe6, 0x0f,
  0xe5, 0x21, 0xf2, 0x17, 0x16, 0x00, 0x5f, 0x19, 0x7e, 0xe1, 0xc1, 0xa7,
  0xc9, 0xe5, 0xd5, 0x1e, 0x00, 0x3d, 0x28, 0x02, 0xcb, 0xf3, 0x3e, 0x0f,
  0xf3, 0xcd, 0x5c, 0x17, 0xfb, 0xe6, 0xbf, 0xb3, 0x5f, 0x3e, 0x0f, 0xcd,
  0x52, 0x17, 0x3e, 0x0e, 0xf3, 0xcd, 0x5c, 0x17, 0xfb, 0x2f, 0xe6, 0x0f,
  0x21, 0xe2, 0x17, 0x06, 0x00, 0x4f, 0x09, 0x7e, 0xd1, 0xe1, 0xc1, 0xa7,
  0xc9, 0x3e, 0x00, 0xc1, 0xa7, 0xc9, 0x00, 0x01, 0x05, 0x00, 0x07, 0x08,
  0x06, 0x07, 0x03, 0x02, 0x04, 0x03, 0x00, 0x01, 0x05, 0x00, 0x00, 0x07,
  0x01, 0x08, 0x05, 0x06, 0x00, 0x07, 0x03, 0x00, 0x02, 0x01, 0x04, 0x05,
  0x03, 0x00, 0xfe, 0x05, 0x30, 0x03, 0xb7, 0x20, 0x09, 0x3e, 0x08, 0xcd,
  0x73, 0x17, 0xf6, 0xfe, 0x3c, 0xc9, 0xf3, 0x3d, 0xd5, 0x1e, 0x03, 0x47,
  0xe6, 0x01, 0x28, 0x02, 0x1e, 0x4c, 0x3e, 0x0f, 0xcd, 0x5c, 0x17, 0xe6,
  0xbf, 0xb3, 0x5f, 0x3e, 0x0f, 0xcd, 0x52, 0x17, 0x78, 0x06, 0x10, 0xe6,
  0x02, 0x28, 0x02, 0x06, 0x20, 0x3e, 0x0e, 0xf3, 0xcd, 0x5c, 0x17, 0xfb,
  0xd1, 0xa0, 0x28, 0x02, 0x18, 0x03, 0x3e, 0xff, 0xc9, 0xaf, 0xc9, 0xe5,
  0xf5, 0x21, 0x53, 0x18, 0xcd, 0x9f, 0x09, 0xf1, 0xe1, 0xaf, 0xc9, 0x47,
  0x54, 0x50, 0x41, 0x44, 0x00, 0xe5, 0xf5, 0x21, 0x64, 0x18, 0xcd, 0x9f,
  0x09, 0xf1, 0xe1, 0xc9, 0x47, 0x54, 0x50, 0x44, 0x4c, 0x00, 0xcd, 0x9a,
  0x18, 0x46, 0x04, 0x23, 0x7e, 0x90, 0x23, 0x23, 0xa6, 0x6f, 0x26, 0x00,
  0xc9, 0xcd, 0x9a, 0x18, 0x7e, 0x3c, 0x47, 0x23, 0x96, 0xc8, 0x78, 0x23,
  0x23, 0xe5, 0xa6, 0x2b, 0x2b, 0x2b, 0x77, 0xe1, 0x23, 0x7e, 0x23, 0x66,
  0x6f, 0x05, 0x48, 0x06, 0x00, 0x09, 0x73, 0xf6, 0x01, 0xc9, 0x2a, 0xf3,
  0xf3, 0x47, 0x07, 0x07, 0x80, 0x80, 0x4f, 0x06, 0x00, 0x09, 0xc9, 0xb7,
  0xdb, 0xaa, 0xcb, 0xb7, 0x20, 0x02, 0xcb, 0xf7, 0xd3, 0xaa, 0xc9, 0xe5,
  0xf5, 0x21, 0xbe, 0x18, 0xcd, 0x9f, 0x09, 0xf1, 0xe1, 0xc9, 0x4f, 0x55,
  0x54, 0x44, 0x4c, 0x50, 0x00, 0x2e, 0x02, 0x18, 0x03, 0x3a, 0x38, 0xfb,
  0xd5, 0x16, 0x00, 0x5d, 0x21, 0x41, 0xfb, 0x19, 0x1e, 0x25, 0xb7, 0x28,
  0x04, 0x19, 0x3d, 0x18, 0xf9, 0xd1, 0xc9, 0x2a, 0xfa, 0xf3, 0x22, 0xf8,
  0xf3, 0xc9, 0xe5, 0xd5, 0xc5, 0xf5, 0xd9, 0x08, 0xe5, 0xd5, 0xc5, 0xf5,
  0xfd, 0xe5, 0xdd, 0xe5, 0xcd, 0x9a, 0xfd, 0xdb, 0x99, 0xb7, 0x32, 0xe7,
  0xf3, 0xf2, 0x4e, 0x19, 0xcd, 0x9f, 0xfd, 0x2a, 0x9e, 0xfc, 0x23, 0x22,
  0x9e, 0xfc, 0xaf, 0x32, 0xd9, 0xfb, 0x3a, 0xf6, 0xf3, 0x3d, 0x32, 0xf6,
  0xf3, 0x20, 0x37, 0x3e, 0x03, 0x32, 0xf6, 0xf3, 0xaf, 0xcd, 0x02, 0x18,
  0x2f, 0xe6, 0x01, 0x32, 0xe8, 0xf3, 0xcd, 0x63, 0x19, 0x2a, 0xf8, 0xf3,
  0xed, 0x5b, 0xfa, 0xf3, 0xe7, 0x20, 0x1b, 0x3a, 0xf7, 0xf3, 0x3d, 0x32,
  0xf7, 0xf3, 0x20, 0x12, 0x21, 0xda, 0xfb, 0x01, 0xff, 0x0b, 0x71, 0x23,
  0x10, 0xfc, 0xcd, 0x63, 0x19, 0x3e, 0x01, 0x32, 0xf7, 0xf3, 0xdd, 0xe1,
  0xfd, 0xe1, 0xf1, 0xc1, 0xd1, 0xe1, 0xd9, 0x08, 0xf1, 0xc1, 0xd1, 0xe1,
  0xfb, 0xc9, 0xcd, 0xd6, 0xfd, 0xed, 0x45, 0xdb, 0xaa, 0xe6, 0xf0, 0x4f,
  0x06, 0x0b, 0x21, 0xe5, 0xfb, 0x79, 0xd3, 0xaa, 0xdb, 0xa9, 0x77, 0x23,
  0x0c, 0x10, 0xf6, 0xdd, 0x21, 0xda, 0xfb, 0x11, 0xe5, 0xfb, 0x3a, 0xeb,
  0xfb, 0x0f, 0x21, 0xbe, 0x26, 0x38, 0x03, 0x21, 0xee, 0x26, 0x0e, 0x0b,
  0x1a, 0xdd, 0xbe, 0x00, 0xc4, 0xb4, 0x19, 0x2f, 0xdd, 0xa6, 0x00, 0x08,
  0x1a, 0xdd, 0x77, 0x00, 0x08, 0x06, 0x08, 0x0f, 0x38, 0x1a, 0x23, 0x10,
  0xfa, 0xdd, 0x23, 0x13, 0x0d, 0xc8, 0x79, 0xfe, 0x05, 0x20, 0xdd, 0x21,
  0xde, 0x27, 0x18, 0xd8, 0xf5, 0x3e, 0x05, 0x32, 0xf7, 0xf3, 0xf1, 0xc9,
  0xf5, 0x79, 0xfe, 0x05, 0x28, 0x07, 0xfe, 0x04, 0x28, 0x1c, 0xc3, 0x13,
  0x1a, 0x78, 0xfe, 0x03, 0x20, 0x04, 0x3e, 0x00, 0x18, 0x21, 0xfe, 0x02,
  0x20, 0x04, 0x3e, 0x01, 0x18, 0x19, 0xfe, 0x01, 0x20, 0x35, 0x3e, 0x02,
  0x18, 0x11, 0x78, 0xfe, 0x08, 0x20, 0x04, 0x3e, 0x03, 0x18, 0x08, 0xfe,
  0x07, 0x20, 0x24, 0x3e, 0x04, 0x18, 0x00, 0xe5, 0xc5, 0xd5, 0x07, 0x07,
  0x07, 0x07, 0x21, 0x7f, 0xf8, 0x16, 0x00, 0x5f, 0x19, 0xeb, 0x1a, 0xa7,
  0x28, 0x08, 0xd5, 0xcd, 0x20, 0x1a, 0xd1, 0x13, 0x18, 0xf4, 0xd1, 0xc1,
  0xe1, 0x18, 0x09, 0x7e, 0xa7, 0x28, 0x05, 0xe5, 0xcd, 0x20, 0x1a, 0xe1,
  0xf1, 0xc3, 0xa2, 0x19, 0x2a, 0xf8, 0xf3, 0x77, 0x23, 0x7d, 0xfe, 0x18,
  0x20, 0x03, 0x21, 0xf0, 0xfb, 0xd5, 0xed, 0x5b, 0xfa, 0xf3, 0xe7, 0xd1,
  0xc8, 0x22, 0xf8, 0xf3, 0xc9, 0xcd, 0x3f, 0x1a, 0xdd, 0xe1, 0xc9, 0x08,
  0xd9, 0xf5, 0xc5, 0xd5, 0xe5, 0xed, 0x57, 0xf5, 0xd9, 0xfd, 0xe5, 0x3a,
  0xf8, 0xfa, 0xf5, 0xfd, 0xe1, 0x08, 0xcd, 0x34, 0x24, 0xfd, 0xe1, 0x08,
  0xd9, 0xf1, 0xe2, 0x5e, 0x1a, 0xfb, 0xe1, 0xd1, 0xc1, 0xf1, 0xd9, 0x08,
  0xc9, 0x18, 0xfe, 0xcd, 0xda, 0xfe, 0x11, 0x22, 0x26, 0xc3, 0x87, 0x1a,
  0xe5, 0xf5, 0x21, 0x80, 0x1a, 0xcd, 0x9f, 0x09, 0xf1, 0xe1, 0x11, 0x07,
  0x26, 0xc3, 0x87, 0x1a, 0x43, 0x41, 0x4c, 0x42, 0x41, 0x53, 0x00, 0xdb,
  0x99, 0x21, 0x06, 0x28, 0x06, 0x0c, 0x0e, 0x99, 0xed, 0xb3, 0x01, 0x00,
  0x08, 0xaf, 0xd3, 0x98, 0x0b, 0x78, 0xb1, 0x20, 0xf8, 0x21, 0xbf, 0x1b,
  0x01, 0x00, 0x08, 0x7e, 0xd3, 0x98, 0x23, 0x0b, 0x78, 0xb1, 0x20, 0xf7,
  0x3e, 0x00, 0xd3, 0x99, 0x3e, 0x40, 0xd3, 0x99, 0x21, 0xee, 0x25, 0x7e,
  0xd3, 0x98, 0x23, 0x7e, 0xa7, 0x20, 0xf9, 0x1a, 0xd3, 0x98, 0x13, 0x1a,
  0xa7, 0x20, 0xf9, 0xc3, 0x65, 0x1a, 0x00, 0x00, 0x00, 0x00, 0x00, 0x00,
  0x00, 0x00, 0x00, 0x00, 0x00, 0x00, 0x00, 0x00, 0x00, 0x00, 0x00, 0x00,
  0x00, 0x00, 0x00, 0x00, 0x00, 0x00, 0x00, 0x00, 0x00, 0x00, 0x00, 0x00,
  0x00, 0x00, 0x00, 0x00, 0x00, 0x00, 0x00, 0x00, 0x00, 0x00, 0x00, 0x00,
  0x00, 0x00, 0x00, 0x00, 0x00, 0x00, 0x00, 0x00, 0x00, 0x00, 0x00, 0x00,
  0x00, 0x00, 0x00, 0x00, 0x00, 0x00, 0x00, 0x00, 0x00, 0x00, 0x00, 0x00,
  0x00, 0x00, 0x00, 0x00, 0x00, 0x00, 0x00, 0x00, 0x00, 0x00, 0x00, 0x00,
  0x00, 0x00, 0x00, 0x00, 0x00, 0x00, 0x00, 0x00, 0x00, 0x00, 0x00, 0x00,
  0x00, 0x00, 0x00, 0x00, 0x00, 0x00, 0x00, 0x00, 0x00, 0x00, 0x00, 0x00,
  0x00, 0x00, 0x00, 0x00, 0x00, 0x00, 0x00, 0x00, 0x00, 0x00, 0x00, 0x00,
  0x00, 0x00, 0x00, 0x00, 0x00, 0x00, 0x00, 0x00, 0x00, 0x00, 0x00, 0x00,
  0x00, 0x00, 0x00, 0x00, 0x00, 0x00, 0x00, 0x00, 0x00, 0x00, 0x00, 0x00,
  0x00, 0x00, 0x00, 0x00, 0x00, 0x00, 0x00, 0x00, 0x00, 0x00, 0x00, 0x00,
  0x00, 0x00, 0x00, 0x00, 0x00, 0x00, 0x00, 0x00, 0x00, 0x00, 0x00, 0x00,
  0x00, 0x00, 0x00, 0x00, 0x00, 0x00, 0x00, 0x00, 0x00, 0x00, 0x00, 0x00,
  0x00, 0x00, 0x00, 0x00, 0x00, 0x00, 0x00, 0x00, 0x00, 0x00, 0x00, 0x00,
  0x00, 0x00, 0x00, 0x00, 0x00, 0x00, 0x00, 0x00, 0x00, 0x00, 0x00, 0x00,
  0x00, 0x00, 0x00, 0x00, 0x00, 0x00, 0x00, 0x00, 0x00, 0x00, 0x00, 0x00,
  0x00, 0x00, 0x00, 0x00, 0x00, 0x00, 0x00, 0x00, 0x00, 0x00, 0x00, 0x00,
  0x00, 0x00, 0x00, 0x00, 0x00, 0x00, 0x00, 0x00, 0x00, 0x00, 0x00, 0x00,
  0x00, 0x00, 0x00, 0x00, 0x00, 0x00, 0x00, 0x00, 0x00, 0x00, 0x00, 0x00,
  0x00, 0x00, 0x00, 0x00, 0x00, 0x00, 0x00, 0x3c, 0x42, 0xa5, 0xa5, 0xc3,
  0xbd, 0x42, 0x3c, 0x3c, 0x7e, 0xdb, 0xdb, 0xbd, 0xc3, 0x7e, 0x3c, 0x6c,
  0xaa, 0x92, 0x44, 0x44, 0x28, 0x10, 0x00, 0x10, 0x28, 0x44, 0x82, 0x44,
  0x28, 0x10, 0x00, 0x10, 0x38, 0x38, 0xd6, 0xfe, 0xd6, 0x38, 0x00, 0x10,
  0x38, 0x7c, 0x7c, 0xfe, 0xd6, 0x38, 0x00, 0x00, 0x00, 0x00, 0x18, 0x18,
  0x00, 0x00, 0x00, 0xff, 0xff, 0xff, 0xe7, 0xe7, 0xff, 0xff, 0xff, 0x3c,
  0x42, 0x81, 0x81, 0x81, 0x81, 0x42, 0x3c, 0xc3, 0xbd, 0x7e, 0x7e, 0x7e,
  0x7e, 0xbd, 0xc3, 0x0c, 0x04, 0x08, 0x70, 0x88, 0x88, 0x70, 0x00, 0x00,
  0x70, 0x88, 0x88, 0x70, 0x20, 0x70, 0x20, 0x20, 0x30, 0x28, 0x28, 0x20,
  0xe0, 0xc0, 0x00, 0x38, 0x3c, 0x24, 0x24, 0xe4, 0xdc, 0x18, 0x00, 0x10,
  0x44, 0x38, 0xaa, 0x38, 0x44, 0x10, 0x00, 0x10, 0x10, 0x10, 0x38, 0x10,
  0x10, 0x10, 0x10, 0x10, 0x10, 0x10, 0xef, 0x00, 0x00, 0x00, 0x00, 0x00,
  0x00, 0x00, 0xef, 0x10, 0x10, 0x10, 0x10, 0x10, 0x10, 0x10, 0xe0, 0x10,
  0x10, 0x10, 0x10, 0x10, 0x10, 0x10, 0x0f, 0x10, 0x10, 0x10, 0x10, 0x10,
  0x10, 0x10, 0xef, 0x10, 0x10, 0x10, 0x10, 0x10, 0x10, 0x10, 0x10, 0x10,
  0x10, 0x10, 0x10, 0x00, 0x00, 0x00, 0xff, 0x00, 0x00, 0x00, 0x00, 0x00,
  0x00, 0x00, 0x0f, 0x10, 0x10, 0x10, 0x10, 0x00, 0x00, 0x00, 0xe0, 0x10,
  0x10, 0x10, 0x10, 0x10, 0x10, 0x10, 0x0f, 0x00, 0x00, 0x00, 0x00, 0x10,
  0x10, 0x10, 0xe0, 0x00, 0x00, 0x00, 0x00, 0x81, 0x42, 0x24, 0x18, 0x18,
  0x24, 0x42, 0x81, 0x01, 0x02, 0x04, 0x08, 0x10, 0x20, 0x40, 0x80, 0x80,
  0x40, 0x20, 0x10, 0x08, 0x04, 0x02, 0x01, 0x00, 0x00, 0x10, 0xff, 0x10,
  0x00, 0x00, 0x00, 0x00, 0x00, 0x00, 0x00, 0x00, 0x00, 0x00, 0x00, 0x20,
  0x20, 0x20, 0x20, 0x00, 0x20, 0x00, 0x00, 0x50, 0x50, 0x00, 0x00, 0x00,
  0x00, 0x00, 0x00, 0x00, 0x50, 0xf8, 0x50, 0xf8, 0x50, 0x00, 0x00, 0x20,
  0x70, 0xa0, 0x70, 0x28, 0x70, 0x20, 0x00, 0x00, 0xc8, 0xd0, 0x20, 0x58,
  0x98, 0x00, 0x00, 0x60, 0x90, 0x60, 0xa8, 0x98, 0x60, 0x00, 0x00, 0x40,
  0x40, 0x00, 0x00, 0x00, 0x00, 0x00, 0x00, 0x20, 0x40, 0x40, 0x40, 0x40,
  0x20, 0x00, 0x00, 0x20, 0x10, 0x10, 0x10, 0x10, 0x20, 0x00, 0x00, 0x00,
  0x20, 0xa8, 0x70, 0x50, 0x88, 0x00, 0x00, 0x00, 0x20, 0x20, 0xf8, 0x20,
  0x20, 0x00, 0x00, 0x00, 0x00, 0x00, 0x00, 0x00, 0x40, 0x40, 0x00, 0x00,
  0x00, 0x00, 0xf8, 0x00, 0x00, 0x00, 0x00, 0x00, 0x00, 0x00, 0x00, 0x00,
  0x40, 0x00, 0x00, 0x00, 0x08, 0x10, 0x20, 0x40, 0x80, 0x00, 0x00, 0x70,
  0x88, 0xa8, 0xa8, 0x88, 0x70, 0x00, 0x00, 0x20, 0x60, 0x20, 0x20, 0x20,
  0x70, 0x00, 0x00, 0x70, 0x88, 0x08, 0x70, 0x80, 0xf8, 0x00, 0x00, 0xf8,
  0x08, 0x30, 0x08, 0x88, 0x70, 0x00, 0x00, 0x10, 0x30, 0x50, 0xf8, 0x10,
  0x10, 0x00, 0x00, 0xf8, 0x80, 0x70, 0x08, 0x88, 0x70, 0x00, 0x00, 0x30,
  0x40, 0x70, 0x88, 0x88, 0x70, 0x00, 0x00, 0xf8, 0x88, 0x10, 0x20, 0x20,
  0x20, 0x00, 0x00, 0x70, 0x88, 0x70, 0x88, 0x88, 0x70, 0x00, 0x00, 0x70,
  0x88, 0x88, 0x78, 0x08, 0x70, 0x00, 0x00, 0x00, 0x00, 0x40, 0x00, 0x00,
  0x40, 0x00, 0x00, 0x00, 0x00, 0x40, 0x00, 0x00, 0x40, 0x40, 0x00, 0x00,
  0x18, 0x60, 0x80, 0x60, 0x18, 0x00, 0x00, 0x00, 0x00, 0xf8, 0x00, 0xf8,
  0x00, 0x00, 0x00, 0x00, 0xc0, 0x30, 0x08, 0x30, 0xc0, 0x00, 0x00, 0x70,
  0x88, 0x30, 0x20, 0x00, 0x20, 0x00, 0x00, 0x70, 0x88, 0x98, 0xa8, 0xa8,
  0x98, 0x40, 0x00, 0x70, 0x88, 0x88, 0xf8, 0x88, 0x88, 0x00, 0x00, 0xe0,
  0x90, 0xe0, 0x90, 0x88, 0xf0, 0x00, 0x00, 0x70, 0x88, 0x80, 0x80, 0x88,
  0x70, 0x00, 0x00, 0xf0, 0x48, 0x48, 0x48, 0x48, 0xf0, 0x00, 0x00, 0xf8,
  0x80, 0xe0, 0x80, 0x80, 0xf8, 0x00, 0x00, 0xf8, 0x80, 0x80, 0xe0, 0x80,
  0x80, 0x00, 0x00, 0x70, 0x88, 0x80, 0xb8, 0x88, 0x70, 0x00, 0x00, 0x88,
  0x88, 0xf8, 0x88, 0x88, 0x88, 0x00, 0x00, 0x70, 0x20, 0x20, 0x20, 0x20,
  0x70, 0x00, 0x00, 0x38, 0x08, 0x08, 0x08, 0x88, 0x70, 0x00, 0x00, 0x88,
  0x90, 0xa0, 0xe0, 0x90, 0x88, 0x00, 0x00, 0x80, 0x80, 0x80, 0x80, 0x80,
  0xf8, 0x00, 0x00, 0xd8, 0xa8, 0xa8, 0x88, 0x88, 0x88, 0x00, 0x00, 0xc8,
  0xa8, 0xa8, 0x98, 0x98, 0x88, 0x00, 0x00, 0x70, 0x88, 0x88, 0x88, 0x88,
  0x70, 0x00, 0x00, 0xf0, 0x88, 0x88, 0xf0, 0x80, 0x80, 0x00, 0x00, 0x70,
  0x88, 0x88, 0xa8, 0x90, 0x68, 0x00, 0x00, 0xf0, 0x88, 0x88, 0xf0, 0xa0,
  0x98, 0x00, 0x00, 0x70, 0x80, 0x70, 0x08, 0x08, 0xf0, 0x00, 0x00, 0xf8,
  0x20, 0x20, 0x20, 0x20, 0x20, 0x00, 0x00, 0x88, 0x88, 0x88, 0x88, 0x88,
  0x78, 0x00, 0x00, 0x88, 0x88, 0x88, 0x50, 0x50, 0x20, 0x00, 0x00, 0x88,
  0x88, 0xa8, 0xa8, 0xa8, 0xd8, 0x00, 0x00, 0x88, 0x50, 0x20, 0x50, 0x88,
  0x88, 0x00, 0x00, 0x88, 0x88, 0x70, 0x20, 0x20, 0x20, 0x00, 0x00, 0xf8,
  0x10, 0x20, 0x40, 0x80, 0xf8, 0x00, 0x00, 0x70, 0x40, 0x40, 0x40, 0x40,
  0x70, 0x00, 0x00, 0x00, 0x80, 0x40, 0x20, 0x10, 0x08, 0x00, 0x00, 0x70,
  0x10, 0x10, 0x10, 0x10, 0x70, 0x00, 0x00, 0x40, 0xa0, 0x00, 0x00, 0x00,
  0x00, 0x00, 0x00, 0x00, 0x00, 0x00, 0x00, 0x00, 0x00, 0xf8, 0x00, 0x20,
  0x10, 0x00, 0x00, 0x00, 0x00, 0x00, 0x00, 0x00, 0x00, 0x78, 0x88, 0x98,
  0x68, 0x00, 0x00, 0x80, 0x80, 0xf0, 0x88, 0x88, 0xf0, 0x00, 0x00, 0x00,
  0x00, 0x78, 0x80, 0x80, 0x78, 0x00, 0x00, 0x08, 0x08, 0x78, 0x88, 0x88,
  0x78, 0x00, 0x00, 0x00, 0x00, 0x70, 0x98, 0xe0, 0x78, 0x00, 0x00, 0x30,
  0x48, 0x40, 0x40, 0xe0, 0x40, 0x40, 0x40, 0x00, 0x00, 0x78, 0x88, 0x88,
  0x78, 0x08, 0x70, 0x80, 0x80, 0xf0, 0x88, 0x88, 0x88, 0x00, 0x00, 0x20,
  0x00, 0x60, 0x20, 0x20, 0x70, 0x00, 0x00, 0x10, 0x00, 0x30, 0x10, 0x10,
  0x10, 0x10, 0x60, 0x80, 0x80, 0x98, 0xa0, 0xe0, 0x98, 0x00, 0x00, 0xc0,
  0x40, 0x40, 0x40, 0x40, 0x70, 0x00, 0x00, 0x00, 0x00, 0xf0, 0xa8, 0xa8,
  0xa8, 0x00, 0x00, 0x00, 0x00, 0xf0, 0x88, 0x88, 0x88, 0x00, 0x00, 0x00,
  0x00, 0x70, 0x88, 0x88, 0x70, 0x00, 0x00, 0x00, 0x00, 0xf0, 0x88, 0x88,
  0xf0, 0x80, 0x80, 0x00, 0x00, 0x78, 0x88, 0x88, 0x78, 0x08, 0x08, 0x00,
  0x00, 0xb8, 0xc0, 0x80, 0x80, 0x00, 0x00, 0x00, 0x00, 0x78, 0xf0, 0x08,
  0xf0, 0x00, 0x00, 0x40, 0x40, 0xf0, 0x40, 0x48, 0x30, 0x00, 0x00, 0x00,
  0x00, 0x88, 0x88, 0x88, 0x78, 0x00, 0x00, 0x00, 0x00, 0x88, 0x88, 0x50,
  0x20, 0x00, 0x00, 0x00, 0x00, 0x88, 0xa8, 0xa8, 0xd8, 0x00, 0x00, 0x00,
  0x00, 0xc8, 0x30, 0x60, 0x98, 0x00, 0x00, 0x00, 0x00, 0x88, 0x88, 0x88,
  0x78, 0x08, 0x70, 0x00, 0x00, 0xf8, 0x30, 0x40, 0xf8, 0x00, 0x00, 0x10,
  0x20, 0x20, 0x40, 0x20, 0x20, 0x10, 0x00, 0x20, 0x20, 0x20, 0x20, 0x20,
  0x20, 0x20, 0x00, 0x40, 0x20, 0x20, 0x10, 0x20, 0x20, 0x40, 0x00, 0x50,
  0xa0, 0x00, 0x00, 0x00, 0x00, 0x00, 0x00, 0x00, 0x20, 0x50, 0x50, 0xf8,
  0x00, 0x00, 0x00, 0x70, 0x88, 0x80, 0x80, 0x88, 0x70, 0x20, 0x40, 0x50,
  0x00, 0x88, 0x88, 0x88, 0x78, 0x00, 0x00, 0x08, 0x10, 0x70, 0x98, 0xe0,
  0x78, 0x00, 0x00, 0x20, 0x50, 0x78, 0x88, 0x98, 0x68, 0x00, 0x00, 0x50,
  0x00, 0x78, 0x88, 0x98, 0x68, 0x00, 0x00, 0x40, 0x20, 0x78, 0x88, 0x98,
  0x68, 0x00, 0x00, 0x20, 0x00, 0x78, 0x88, 0x98, 0x68, 0x00, 0x00, 0x00,
  0x00, 0x78, 0x80, 0x80, 0x78, 0x20, 0x40, 0x20, 0x50, 0x70, 0x98, 0xe0,
  0x78, 0x00, 0x00, 0x50, 0x00, 0x70, 0x98, 0xe0, 0x78, 0x00, 0x00, 0x40,
  0x20, 0x70, 0x98, 0xe0, 0x78, 0x00, 0x00, 0x50, 0x00, 0x60, 0x20, 0x20,
  0x70, 0x00, 0x00, 0x20, 0x50, 0x60, 0x20, 0x20, 0x70, 0x00, 0x00, 0x40,
  0x20, 0x60, 0x20, 0x20, 0x70, 0x00, 0x00, 0x50, 0x70, 0x88, 0x88, 0xf8,
  0x88, 0x00, 0x00, 0x20, 0x70, 0x88, 0x88, 0xf8, 0x88, 0x00, 0x00, 0x18,
  0xf8, 0x80, 0xe0, 0x80, 0xf8, 0x00, 0x00, 0x00, 0x00, 0xd0, 0x68, 0xb0,
  0xd8, 0x00, 0x00, 0x78, 0xa0, 0xb0, 0xe0, 0xa0, 0xb8, 0x00, 0x00, 0x20,
  0x50, 0x70, 0x88, 0x88, 0x70, 0x00, 0x00, 0x50, 0x00, 0x70, 0x88, 0x88,
  0x70, 0x00, 0x00, 0x40, 0x20, 0x70, 0x88, 0x88, 0x70, 0x00, 0x00, 0x20,
  0x50, 0x88, 0x88, 0x88, 0x78, 0x00, 0x00, 0x40, 0x20, 0x88, 0x88, 0x88,
  0x78, 0x00, 0x00, 0x50, 0x00, 0x88, 0x88, 0x88, 0x78, 0x08, 0x70, 0x50,
  0x70, 0x88, 0x88, 0x88, 0x70, 0x00, 0x00, 0x50, 0x88, 0x88, 0x88, 0x88,
  0x70, 0x00, 0x00, 0x20, 0x20, 0x78, 0x80, 0x80, 0x78, 0x20, 0x20, 0x20,
  0x50, 0x40, 0xe0, 0x40, 0x48, 0xb0, 0x00, 0x88, 0x88, 0x50, 0xf8, 0x20,
  0x70, 0x20, 0x00, 0x80, 0xd0, 0xb0, 0xb0, 0xb8, 0xd0, 0x88, 0x80, 0x38,
  0x40, 0xf0, 0x40, 0xf0, 0x40, 0x38, 0x00, 0x08, 0x10, 0x78, 0x88, 0x98,
  0x68, 0x00, 0x00, 0x10, 0x20, 0x60, 0x20, 0x20, 0x70, 0x00, 0x00, 0x10,
  0x20, 0x70, 0x88, 0x88, 0x70, 0x00, 0x00, 0x10, 0x20, 0x88, 0x88, 0x88,
  0x78, 0x00, 0x00, 0x28, 0x50, 0xf0, 0x88, 0x88, 0x88, 0x00, 0x00, 0x28,
  0xd0, 0xa8, 0xa8, 0x98, 0x88, 0x00, 0x00, 0x00, 0x00, 0x78, 0x88, 0x98,
  0x68, 0x00, 0x70, 0x00, 0x00, 0x70, 0x88, 0x88, 0x70, 0x00, 0x70, 0x20,
  0x00, 0x20, 0x60, 0x88, 0x70, 0x00, 0x00, 0x00, 0x00, 0x00, 0xe0, 0x80,
  0x00, 0x00, 0x00, 0x00, 0x00, 0x00, 0xe0, 0x20, 0x00, 0x00, 0x00, 0x40,
  0x48, 0x50, 0x30, 0x48, 0x90, 0x38, 0x00, 0x40, 0x48, 0x50, 0x28, 0x58,
  0xb8, 0x08, 0x00, 0x20, 0x00, 0x20, 0x20, 0x20, 0x20, 0x00, 0x00, 0x00,
  0x00, 0x00, 0x48, 0x90, 0x48, 0x00, 0x00, 0x00, 0x00, 0x00, 0x90, 0x48,
  0x90, 0x00, 0x00, 0x28, 0x50, 0x70, 0x88, 0xf8, 0x88, 0x00, 0x00, 0x28,
  0x50, 0x78, 0x88, 0x98, 0x68, 0x00, 0x00, 0x28, 0x50, 0x70, 0x20, 0x20,
  0x70, 0x00, 0x00, 0x28, 0x50, 0x60, 0x20, 0x20, 0x70, 0x00, 0x00, 0x28,
  0x70, 0x88, 0x88, 0x88, 0x70, 0x00, 0x00, 0x28, 0x50, 0x70, 0x88, 0x88,
  0x70, 0x00, 0x00, 0x28, 0x50, 0x88, 0x88, 0x88, 0x78, 0x00, 0x00, 0x28,
  0x50, 0x00, 0x88, 0x88, 0x78, 0x00, 0x00, 0xfc, 0x48, 0x48, 0x48, 0x48,
  0xe8, 0x08, 0x30, 0x48, 0x00, 0xd8, 0x48, 0x48, 0xe8, 0x08, 0x30, 0xe0,
  0x68, 0x30, 0xe8, 0x58, 0xb8, 0x08, 0x00, 0x50, 0x28, 0x00, 0x00, 0x00,
  0x00, 0x00, 0x00, 0x00, 0x20, 0x50, 0x88, 0x50, 0x20, 0x00, 0x00, 0x00,
  0x48, 0x50, 0x20, 0x68, 0xa8, 0x00, 0x00, 0x7c, 0xa8, 0xa8, 0xa8, 0x68,
  0x28, 0x28, 0x44, 0x70, 0x80, 0x70, 0x88, 0x70, 0x08, 0x88, 0x70, 0x00,
  0x00, 0x00, 0x00, 0x00, 0x00, 0xff, 0xff, 0xf0, 0xf0, 0xf0, 0xf0, 0x0f,
  0x0f, 0x0f, 0x0f, 0x00, 0x00, 0xff, 0xff, 0xff, 0xff, 0xff, 0xff, 0xff,
  0xff, 0x00, 0x00, 0x00, 0x00, 0x00, 0x00, 0x00, 0x00, 0x00, 0x3c, 0x3c,
  0x00, 0x00, 0x00, 0xff, 0xff, 0xff, 0xff, 0xff, 0xff, 0x00, 0x00, 0xc0,
  0xc0, 0xc0, 0xc0, 0xc0, 0xc0, 0xc0, 0xc0, 0x0f, 0x0f, 0x0f, 0x0f, 0xf0,
  0xf0, 0xf0, 0xf0, 0xfc, 0xfc, 0xfc, 0xfc, 0xfc, 0xfc, 0xfc, 0xfc, 0x03,
  0x03, 0x03, 0x03, 0x03, 0x03, 0x03, 0x03, 0x3f, 0x3f, 0x3f, 0x3f, 0x3f,
  0x3f, 0x3f, 0x3f, 0x11, 0x22, 0x44, 0x88, 0x11, 0x22, 0x44, 0x88, 0x88,
  0x44, 0x22, 0x11, 0x88, 0x44, 0x22, 0x11, 0xfe, 0x7c, 0x38, 0x10, 0x00,
  0x00, 0x00, 0x00, 0x00, 0x00, 0x00, 0x00, 0x10, 0x38, 0x7c, 0xfe, 0x80,
  0xc0, 0xe0, 0xf0, 0xe0, 0xc0, 0x80, 0x00, 0x01, 0x03, 0x07, 0x0f, 0x07,
  0x03, 0x01, 0x00, 0xff, 0x7e, 0x3c, 0x18, 0x18, 0x3c, 0x7e, 0xff, 0x81,
  0xc3, 0xe7, 0xff, 0xff, 0xe7, 0xc3, 0x81, 0xf0, 0xf0, 0xf0, 0xf0, 0x00,
  0x00, 0x00, 0x00, 0x00, 0x00, 0x00, 0x00, 0x0f, 0x0f, 0x0f, 0x0f, 0x0f,
  0x0f, 0x0f, 0x0f, 0x00, 0x00, 0x00, 0x00, 0x00, 0x00, 0x00, 0x00, 0xf0,
  0xf0, 0xf0, 0xf0, 0x33, 0x33, 0xcc, 0xcc, 0x33, 0x33, 0xcc, 0xcc, 0x00,
  0x10, 0x28, 0x28, 0x7c, 0x00, 0x00, 0x00, 0x10, 0x10, 0x38, 0x10, 0x38,
  0x10, 0x10, 0x00, 0x00, 0x00, 0x50, 0x88, 0xa8, 0x50, 0x00, 0x00, 0xff,
  0xff, 0xff, 0xff, 0xff, 0xff, 0xff, 0xff, 0x00, 0x00, 0x00, 0x00, 0xff,
  0xff, 0xff, 0xff, 0xf0, 0xf0, 0xf0, 0xf0, 0xf0, 0xf0, 0xf0, 0xf0, 0x0f,
  0x0f, 0x0f, 0x0f, 0x0f, 0x0f, 0x0f, 0x0f, 0xff, 0xff, 0xff, 0xff, 0x00,
  0x00, 0x00, 0x00, 0x00, 0x00, 0x68, 0x90, 0x90, 0x68, 0x00, 0x00, 0x60,
  0x90, 0xe0, 0x90, 0x90, 0xe0, 0x80, 0x00, 0xf8, 0x88, 0x80, 0x80, 0x80,
  0x80, 0x00, 0x00, 0xf8, 0x50, 0x50, 0x50, 0x50, 0x48, 0x80, 0x00, 0xf8,
  0x48, 0x20, 0x40, 0x88, 0xf8, 0x00, 0x00, 0x00, 0x00, 0x78, 0x90, 0x88,
  0x70, 0x00, 0x00, 0x00, 0x00, 0x88, 0x88, 0xc8, 0xb0, 0x80, 0x80, 0x00,
  0x00, 0x50, 0x50, 0x20, 0x50, 0x50, 0x20, 0x70, 0x20, 0x70, 0xa8, 0xa8,
  0x70, 0x20, 0x70, 0x70, 0x88, 0xf8, 0x88, 0x88, 0x70, 0x00, 0x00, 0x70,
  0x88, 0x88, 0x88, 0x50, 0xd8, 0x00, 0x00, 0x30, 0x40, 0x30, 0x48, 0x48,
  0x30, 0x00, 0x00, 0x00, 0x00, 0x50, 0xa8, 0xa8, 0x50, 0x00, 0x00, 0x00,
  0x10, 0x70, 0xa8, 0xa8, 0x70, 0x40, 0x00, 0x00, 0x70, 0x80, 0xe0, 0x80,
  0x70, 0x00, 0x00, 0x70, 0x88, 0x88, 0x88, 0x88, 0x88, 0x00, 0x00, 0x00,
  0xf8, 0x00, 0xf8, 0x00, 0xf8, 0x00, 0x00, 0x00, 0x20, 0x20, 0xf8, 0x20,
  0x20, 0xf8, 0x00, 0x00, 0xc0, 0x30, 0x08, 0x30, 0xc0, 0xf8, 0x00, 0x00,
  0x18, 0x60, 0x80, 0x60, 0x18, 0xf8, 0x00, 0x00, 0x18, 0x20, 0x20, 0x20,
  0x20, 0x20, 0x20, 0x20, 0x20, 0x20, 0x20, 0x20, 0x20, 0xc0, 0x00, 0x00,
  0x20, 0x00, 0xf8, 0x00, 0x20, 0x00, 0x00, 0x00, 0x68, 0xb0, 0x00, 0x68,
  0xb0, 0x00, 0x00, 0x00, 0x30, 0x48, 0x48, 0x30, 0x00, 0x00, 0x00, 0x00,
  0x30, 0x78, 0x78, 0x30, 0x00, 0x00, 0x00, 0x00, 0x00, 0x00, 0x00, 0x30,
  0x00, 0x00, 0x00, 0x1c, 0x10, 0x10, 0x90, 0x50, 0x30, 0x10, 0x00, 0xe0,
  0x90, 0x90, 0x00, 0x00, 0x00, 0x00, 0x00, 0x60, 0x10, 0x60, 0xf0, 0x00,
  0x00, 0x00, 0x00, 0x00, 0x70, 0x70, 0x70, 0x70, 0x70, 0x70, 0x00, 0xaa,
  0x55, 0xaa, 0x55, 0xaa, 0x55, 0xaa, 0x55, 0xc5, 0xe5, 0xf5, 0x57, 0xa7,
  0xf3, 0xfc, 0xde, 0x24, 0xf1, 0xe1, 0xe5, 0xd5, 0xe5, 0xf5, 0x7c, 0x07,
  0x07, 0xe6, 0x03, 0x6f, 0x47, 0x3e, 0xfc, 0xcd, 0xf8, 0x23, 0x5f, 0x45,
  0xf1, 0xe6, 0x03, 0xcd, 0xf8, 0x23, 0x47, 0xdb, 0xa8, 0x57, 0xa3, 0xb0,
  0xe1, 0xcd, 0x80, 0xf3, 0x7b, 0xd1, 0xf5, 0xcb, 0x7a, 0xc4, 0x1a, 0x25,
  0xf1, 0xe1, 0xc1, 0xc9, 0x04, 0x05, 0xc8, 0x07, 0x07, 0x10, 0xfc, 0xc9,
  0xe5, 0x57, 0xd5, 0xa7, 0xf3, 0xfc, 0xde, 0x24, 0xc1, 0xe1, 0xd5, 0xe5,
  0x7c, 0x07, 0x07, 0xe6, 0x03, 0x6f, 0x47, 0x3e, 0xfc, 0xcd, 0xf8, 0x23,
  0x5f, 0x45, 0x7a, 0xe6, 0x03, 0xcd, 0xf8, 0x23, 0x47, 0xdb, 0xa8, 0x57,
  0xa3, 0xb0, 0xe1, 0x59, 0xcd, 0x85, 0xf3, 0xd1, 0xe5, 0xcb, 0x7a, 0xc4,
  0x1a, 0x25, 0xe1, 0xc9, 0x08, 0xd9, 0xf3, 0xfd, 0xe5, 0xf1, 0xdd, 0xe5,
  0xe1, 0x57, 0xa7, 0xfc, 0xde, 0x24, 0xd5, 0x7a, 0xe6, 0x03, 0x47, 0x0e,
  0xfc, 0xdd, 0xe5, 0xf1, 0x07, 0x07, 0xe6, 0x03, 0x87, 0x28, 0x07, 0xcb,
  0x00, 0xcb, 0x01, 0x3d, 0x20, 0xf9, 0x21, 0x67, 0x24, 0xe5, 0xdb, 0xa8,
  0xf5, 0xa1, 0xb0, 0xd9, 0xc3, 0x8c, 0xf3, 0x08, 0xd9, 0xf3, 0xd1, 0xcb,
  0x7a, 0xc4, 0x1a, 0x25, 0x08, 0xd9, 0xc9, 0xf3, 0xe5, 0x6f, 0xe6, 0x03,
  0x47, 0x3e, 0xab, 0xc6, 0x55, 0x05, 0xf2, 0x7b, 0x24, 0x57, 0x7c, 0x07,
  0x07, 0xe6, 0x03, 0x67, 0x47, 0x3e, 0xc0, 0x07, 0x07, 0x05, 0xf2, 0x8b,
  0x24, 0x5f, 0x2f, 0x4f, 0x7a, 0xa3, 0x47, 0x7d, 0xa7, 0xf2, 0xd6, 0x24,
  0x0f, 0x0f, 0xe6, 0x03, 0xe5, 0xc5, 0x47, 0x3e, 0xab, 0xc6, 0x55, 0x05,
  0xf2, 0xa5, 0x24, 0xa3, 0x47, 0x7a, 0xe6, 0xc0, 0x67, 0xdb, 0xa8, 0x6f,
  0xe6, 0xc0, 0xb4, 0xd3, 0xa8, 0x3a, 0xff, 0xff, 0x2f, 0xa1, 0xb0, 0x4f,
  0x32, 0xff, 0xff, 0x7d, 0xd3, 0xa8, 0x21, 0xc5, 0xfc, 0x7a, 0xe6, 0x03,
  0x85, 0x6f, 0x7c, 0xce, 0x00, 0x67, 0x79, 0x77, 0xc1, 0xe1, 0xdb, 0xa8,
  0xa1, 0xb0, 0xd3, 0xa8, 0xe1, 0xc9, 0x57, 0x0f, 0x0f, 0x5f, 0xe6, 0xc0,
  0x6f, 0xdb, 0xa8, 0x4f, 0xe6, 0x3f, 0xb5, 0xd3, 0xa8, 0x7b, 0xe6, 0x03,
  0x6f, 0x7c, 0x26, 0x03, 0x18, 0x02, 0x29, 0x29, 0xd6, 0x40, 0x30, 0xfa,
  0x7c, 0x2f, 0x67, 0x3a, 0xff, 0xff, 0x2f, 0x5f, 0xa4, 0xb5, 0x32, 0xff,
  0xff, 0x6f, 0x79, 0xd3, 0xa8, 0x7a, 0xe6, 0x03, 0x4f, 0x06, 0x00, 0x7d,
  0x21, 0xc5, 0xfc, 0x09, 0x77, 0xc9, 0x7a, 0x0f, 0x0f, 0xe6, 0xc0, 0x47,
  0xdb, 0xa8, 0x4f, 0xe6, 0x3f, 0xb0, 0xd3, 0xa8, 0x7b, 0x32, 0xff, 0xff,
  0x79, 0xd3, 0xa8, 0x7a, 0xe6, 0x03, 0x4f, 0x06, 0x00, 0x21, 0xc5, 0xfc,
  0x09, 0x73, 0xc9, 0xd3, 0xa8, 0x5e, 0x18, 0x03, 0xd3, 0xa8, 0x73, 0x7a,
  0xd3, 0xa8, 0xc9, 0xd3, 0xa8, 0x08, 0xcd, 0x98, 0xf3, 0x08, 0xf1, 0xd3,
  0xa8, 0x08, 0xc9, 0xdd, 0xe9, 0x00, 0x43, 0x2d, 0x42, 0x49, 0x4f, 0x53,
  0x20, 0x30, 0x2e, 0x32, 0x39, 0x20, 0x20, 0x20, 0x20, 0x20, 0x20, 0x63,
  0x62, 0x69, 0x6f, 0x73, 0x2e, 0x73, 0x66, 0x2e, 0x6e, 0x65, 0x74, 0x0d,
  0x0a, 0x43, 0x68, 0x61, 0x72, 0x61, 0x63, 0x74, 0x65, 0x72, 0x20, 0x73,
  0x65, 0x74, 0x3a, 0x20, 0x55, 0x53, 0x0d, 0x0a, 0x49, 0x6e, 0x74, 0x65,
  0x72, 0x72, 0x75, 0x70, 0x74, 0x20, 0x66, 0x72, 0x65, 0x71, 0x75, 0x65,
  0x6e, 0x63, 0x79, 0x3a, 0x20, 0x36, 0x30, 0x48, 0x7a, 0x0d, 0x0a, 0x4b,
  0x65, 0x79, 0x62, 0x6f, 0x61, 0x72, 0x64, 0x20, 0x74, 0x79, 0x70, 0x65,
  0x3a, 0x20, 0x55, 0x53, 0x0d, 0x0a, 0x0d, 0x0a, 0x0d, 0x0a, 0x0d, 0x0a,
  0x00, 0x49, 0x6e, 0x69, 0x74, 0x20, 0x52, 0x4f, 0x4d, 0x20, 0x69, 0x6e,
  0x20, 0x73, 0x6c, 0x6f, 0x74, 0x3a, 0x20, 0x00, 0x43, 0x61, 0x6e, 0x6e,
  0x6f, 0x74, 0x20, 0x65, 0x78, 0x65, 0x63, 0x75, 0x74, 0x65, 0x20, 0x61,
  0x20, 0x42, 0x41, 0x53, 0x49, 0x43, 0x20, 0x52, 0x4f, 0x4d, 0x2e, 0x0d,
  0x0a, 0x00, 0x45, 0x52, 0x52, 0x4f, 0x52, 0x3a, 0x00, 0x4d, 0x45, 0x4d,
  0x4f, 0x52, 0x59, 0x20, 0x4e, 0x4f, 0x54, 0x20, 0x46, 0x4f, 0x55, 0x4e,
  0x44, 0x2e, 0x00, 0x43, 0x41, 0x4c, 0x4c, 0x45, 0x44, 0x20, 0x4e, 0x4f,
  0x4e, 0x20, 0x45, 0x58, 0x49, 0x53, 0x54, 0x49, 0x4e, 0x47, 0x20, 0x42,
  0x41, 0x53, 0x49, 0x43, 0x2e, 0x00, 0x53, 0x54, 0x41, 0x43, 0x4b, 0x20,
  0x45, 0x52, 0x52, 0x4f, 0x52, 0x2e, 0x00, 0x0d, 0x0a, 0x0d, 0x0a, 0x4e,
  0x6f, 0x20, 0x63, 0x61, 0x72, 0x74, 0x72, 0x69, 0x64, 0x67, 0x65, 0x20,
  0x66, 0x6f, 0x75, 0x6e, 0x64, 0x2e, 0x0d, 0x0a, 0x0d, 0x0a, 0x54, 0x68,
  0x69, 0x73, 0x20, 0x76, 0x65, 0x72, 0x73, 0x69, 0x6f, 0x6e, 0x20, 0x6f,
  0x66, 0x20, 0x43, 0x2d, 0x42, 0x49, 0x4f, 0x53, 0x20, 0x63, 0x61, 0x6e,
  0x0d, 0x0a, 0x6f, 0x6e, 0x6c, 0x79, 0x20, 0x73, 0x74, 0x61, 0x72, 0x74,
  0x20, 0x63, 0x61, 0x72, 0x74, 0x72, 0x69, 0x64, 0x67, 0x65, 0x73, 0x2e,
  0x0d, 0x0a, 0x50, 0x6c, 0x65, 0x61, 0x73, 0x65, 0x20, 0x72, 0x65, 0x73,
  0x74, 0x61, 0x72, 0x74, 0x20, 0x79, 0x6f, 0x75, 0x72, 0x20, 0x4d, 0x53,
  0x58, 0x0d, 0x0a, 0x28, 0x65, 0x6d, 0x75, 0x6c, 0x61, 0x74, 0x6f, 0x72,
  0x29, 0x20, 0x77, 0x69, 0x74, 0x68, 0x20, 0x61, 0x20, 0x63, 0x61, 0x72,
  0x74, 0x72, 0x69, 0x64, 0x67, 0x65, 0x0d, 0x0a, 0x69, 0x6e, 0x73, 0x65,
  0x72, 0x74, 0x65, 0x64, 0x2e, 0x00, 0x30, 0x31, 0x32, 0x33, 0x34, 0x35,
  0x36, 0x37, 0x38, 0x39, 0x2d, 0x3d, 0x5c, 0x5b, 0x5d, 0x3b, 0x27, 0x60,
  0x2c, 0x2e, 0x2f, 0x00, 0x61, 0x62, 0x63, 0x64, 0x65, 0x66, 0x67, 0x68,
  0x69, 0x6a, 0x6b, 0x6c, 0x6d, 0x6e, 0x6f, 0x70, 0x71, 0x72, 0x73, 0x74,
  0x75, 0x76, 0x77, 0x78, 0x79, 0x7a, 0x29, 0x21, 0x40, 0x23, 0x24, 0x25,
  0x5e, 0x26, 0x2a, 0x28, 0x5f, 0x2b, 0x7c, 0x7b, 0x7d, 0x3a, 0x22, 0x7e,
  0x3c, 0x3e, 0x3f, 0x00, 0x41, 0x42, 0x43, 0x44, 0x45, 0x46, 0x47, 0x48,
  0x49, 0x4a, 0x4b, 0x4c, 0x4d, 0x4e, 0x4f, 0x50, 0x51, 0x52, 0x53, 0x54,
  0x55, 0x56, 0x57, 0x58, 0x59, 0x5a, 0x09, 0xac, 0xab, 0xba, 0xef, 0xbd,
  0xf4, 0xfb, 0xec, 0x07, 0x17, 0xf1, 0x1e, 0x01, 0x0d, 0x06, 0x05, 0xbb,
  0xf3, 0xf2, 0x1d, 0x00, 0xc4, 0x11, 0xbc, 0xc7, 0xcd, 0x14, 0x15, 0x13,
  0xdc, 0xc6, 0xdd, 0xc8, 0x0b, 0x1b, 0xc2, 0xdb, 0xcc, 0x18, 0xd2, 0x12,
  0xc0, 0x1a, 0xcf, 0x1c, 0x19, 0x0f, 0x0a, 0x00, 0xfd, 0xfc, 0x00, 0x00,
  0xf5, 0x00, 0x00, 0x08, 0x1f, 0xf0, 0x16, 0x02, 0x0e, 0x04, 0x03, 0xf7,
  0xae, 0xaf, 0xf6, 0x00, 0xfe, 0x00, 0xfa, 0xc1, 0xce, 0xd4, 0x10, 0xd6,
  0xdf, 0xca, 0xde, 0xc9, 0x0c, 0xd3, 0xc3, 0xd7, 0xcb, 0xa9, 0xd1, 0x00,
  0xc5, 0xd5, 0xd0, 0xf9, 0xaa, 0xf8, 0xeb, 0x9f, 0xd9, 0xbf, 0x9b, 0x98,
  0xe0, 0xe1, 0xe7, 0x87, 0xee, 0xe9, 0x00, 0xed, 0xda, 0xb7, 0xb9, 0xe5,
  0x86, 0xa6, 0xa7, 0x00, 0x84, 0x97, 0x8d, 0x8b, 0x8c, 0x94, 0x81, 0xb1,
  0xa1, 0x91, 0xb3, 0xb5, 0xe6, 0xa4, 0xa2, 0xa3, 0x83, 0x93, 0x89, 0x96,
  0x82, 0x95, 0x88, 0x8a, 0xa0, 0x85, 0xd8, 0xad, 0x9e, 0xbe, 0x9c, 0x9d,
  0x00, 0x00, 0xe2, 0x80, 0x00, 0x00, 0x00, 0xe8, 0xea, 0xb6, 0xb8, 0xe4,
  0x8f, 0x00, 0xa8, 0x00, 0x8e, 0x00, 0x00, 0x00, 0x00, 0x99, 0x9a, 0xb0,
  0x00, 0x92, 0xb2, 0xb4, 0x00, 0xa5, 0x00, 0xe3, 0x00, 0x00, 0x00, 0x00,
  0x90, 0x00, 0x00, 0x00, 0x00, 0x00, 0x00, 0x00, 0x00, 0x00, 0x00, 0x00,
  0x00, 0x00, 0x00, 0x00, 0x1b, 0x09, 0x00, 0x08, 0x00, 0x0d, 0x20, 0x0c,
  0x00, 0x00, 0x1d, 0x1e, 0x1f, 0x1c, 0x2a, 0x2b, 0x2f, 0x30, 0x31, 0x32,
  0x33, 0x34, 0x35, 0x36, 0x37, 0x38, 0x39, 0x2d, 0x2c, 0x2e, 0x00, 0x80,
  0x70, 0x81, 0x00, 0x82, 0x01, 0x84, 0xf5, 0x87, 0x00, 0x40, 0x00, 0x00,
  0x00, 0x00, 0x00, 0x00, 0x00, 0x00, 0x00, 0x00, 0x00, 0x00, 0x00, 0x00,
  0x00, 0x00, 0x00, 0x00, 0x00, 0x00, 0x00, 0x00, 0x00, 0x00, 0x00, 0x00,
  0x00, 0x00, 0x00, 0x00, 0x00, 0x00, 0x00, 0x00, 0x00, 0x00, 0x00, 0x00,
  0x00, 0x00, 0x00, 0x00, 0x00, 0x00, 0x00, 0x00, 0x00, 0x00, 0x00, 0x00,
  0x00, 0x00, 0x00, 0x00, 0x00, 0x00, 0x00, 0x00, 0x00, 0x00, 0x00, 0x00,
  0x00, 0x00, 0x00, 0x00, 0x00, 0x00, 0x00, 0x00, 0x00, 0x00, 0x00, 0x00,
  0x00, 0x00, 0x00, 0x00, 0x00, 0x00, 0x00, 0x00, 0x00, 0x00, 0x00, 0x00,
  0x00, 0x00, 0x00, 0x00, 0x00, 0x00, 0x00, 0x00, 0x00, 0x00, 0x00, 0x00,
  0x00, 0x00, 0x00, 0x00, 0x00, 0x00, 0x00, 0x00, 0x00, 0x00, 0x00, 0x00,
  0x00, 0x00, 0x00, 0x00, 0x00, 0x00, 0x00, 0x00, 0x00, 0x00, 0x00, 0x00,
  0x00, 0x00, 0x00, 0x00, 0x00, 0x00, 0x00, 0x00, 0x00, 0x00, 0x00, 0x00,
  0x00, 0x00, 0x00, 0x00, 0x00, 0x00, 0x00, 0x00, 0x00, 0x00, 0x00, 0x00,
  0x00, 0x00, 0x00, 0x00, 0x00, 0x00, 0x00, 0x00, 0x00, 0x00, 0x00, 0x00,
  0x00, 0x00, 0x00, 0x00, 0x00, 0x00, 0x00, 0x00, 0x00, 0x00, 0x00, 0x00,
  0x00, 0x00, 0x00, 0x00, 0x00, 0x00, 0x00, 0x00, 0x00, 0x00, 0x00, 0x00,
  0x00, 0x00, 0x00, 0x00, 0x00, 0x00, 0x00, 0x00, 0x00, 0x00, 0x00, 0x00,
  0x00, 0x00, 0x00, 0x00, 0x00, 0x00, 0x00, 0x00, 0x00, 0x00, 0x00, 0x00,
  0x00, 0x00, 0x00, 0x00, 0x00, 0x00, 0x00, 0x00, 0x00, 0x00, 0x00, 0x00,
  0x00, 0x00, 0x00, 0x00, 0x00, 0x00, 0x00, 0x00, 0x00, 0x00, 0x00, 0x00,
  0x00, 0x00, 0x00, 0x00, 0x00, 0x00, 0x00, 0x00, 0x00, 0x00, 0x00, 0x00,
  0x00, 0x00, 0x00, 0x00, 0x00, 0x00, 0x00, 0x00, 0x00, 0x00, 0x00, 0x00,
  0x00, 0x00, 0x00, 0x00, 0x00, 0x00, 0x00, 0x00, 0x00, 0x00, 0x00, 0x00,
  0x00, 0x00, 0x00, 0x00, 0x00, 0x00, 0x00, 0x00, 0x00, 0x00, 0x00, 0x00,
  0x00, 0x00, 0x00, 0x00, 0x00, 0x00, 0x00, 0x00, 0x00, 0x00, 0x00, 0x00,
  0x00, 0x00, 0x00, 0x00, 0x00, 0x00, 0x00, 0x00, 0x00, 0x00, 0x00, 0x00,
  0x00, 0x00, 0x00, 0x00, 0x00, 0x00, 0x00, 0x00, 0x00, 0x00, 0x00, 0x00,
  0x00, 0x00, 0x00, 0x00, 0x00, 0x00, 0x00, 0x00, 0x00, 0x00, 0x00, 0x00,
  0x00, 0x00, 0x00, 0x00, 0x00, 0x00, 0x00, 0x00, 0x00, 0x00, 0x00, 0x00,
  0x00, 0x00, 0x00, 0x00, 0x00, 0x00, 0x00, 0x00, 0x00, 0x00, 0x00, 0x00,
  0x00, 0x00, 0x00, 0x00, 0x00, 0x00, 0x00, 0x00, 0x00, 0x00, 0x00, 0x00,
  0x00, 0x00, 0x00, 0x00, 0x00, 0x00, 0x00, 0x00, 0x00, 0x00, 0x00, 0x00,
  0x00, 0x00, 0x00, 0x00, 0x00, 0x00, 0x00, 0x00, 0x00, 0x00, 0x00, 0x00,
  0x00, 0x00, 0x00, 0x00, 0x00, 0x00, 0x00, 0x00, 0x00, 0x00, 0x00, 0x00,
  0x00, 0x00, 0x00, 0x00, 0x00, 0x00, 0x00, 0x00, 0x00, 0x00, 0x00, 0x00,
  0x00, 0x00, 0x00, 0x00, 0x00, 0x00, 0x00, 0x00, 0x00, 0x00, 0x00, 0x00,
  0x00, 0x00, 0x00, 0x00, 0x00, 0x00, 0x00, 0x00, 0x00, 0x00, 0x00, 0x00,
  0x00, 0x00, 0x00, 0x00, 0x00, 0x00, 0x00, 0x00, 0x00, 0x00, 0x00, 0x00,
  0x00, 0x00, 0x00, 0x00, 0x00, 0x00, 0x00, 0x00, 0x00, 0x00, 0x00, 0x00,
  0x00, 0x00, 0x00, 0x00, 0x00, 0x00, 0x00, 0x00, 0x00, 0x00, 0x00, 0x00,
  0x00, 0x00, 0x00, 0x00, 0x00, 0x00, 0x00, 0x00, 0x00, 0x00, 0x00, 0x00,
  0x00, 0x00, 0x00, 0x00, 0x00, 0x00, 0x00, 0x00, 0x00, 0x00, 0x00, 0x00,
  0x00, 0x00, 0x00, 0x00, 0x00, 0x00, 0x00, 0x00, 0x00, 0x00, 0x00, 0x00,
  0x00, 0x00, 0x00, 0x00, 0x00, 0x00, 0x00, 0x00, 0x00, 0x00, 0x00, 0x00,
  0x00, 0x00, 0x00, 0x00, 0x00, 0x00, 0x00, 0x00, 0x00, 0x00, 0x00, 0x00,
  0x00, 0x00, 0x00, 0x00, 0x00, 0x00, 0x00, 0x00, 0x00, 0x00, 0x00, 0x00,
  0x00, 0x00, 0x00, 0x00, 0x00, 0x00, 0x00, 0x00, 0x00, 0x00, 0x00, 0x00,
  0x00, 0x00, 0x00, 0x00, 0x00, 0x00, 0x00, 0x00, 0x00, 0x00, 0x00, 0x00,
  0x00, 0x00, 0x00, 0x00, 0x00, 0x00, 0x00, 0x00, 0x00, 0x00, 0x00, 0x00,
  0x00, 0x00, 0x00, 0x00, 0x00, 0x00, 0x00, 0x00, 0x00, 0x00, 0x00, 0x00,
  0x00, 0x00, 0x00, 0x00, 0x00, 0x00, 0x00, 0x00, 0x00, 0x00, 0x00, 0x00,
  0x00, 0x00, 0x00, 0x00, 0x00, 0x00, 0x00, 0x00, 0x00, 0x00, 0x00, 0x00,
  0x00, 0x00, 0x00, 0x00, 0x00, 0x00, 0x00, 0x00, 0x00, 0x00, 0x00, 0x00,
  0x00, 0x00, 0x00, 0x00, 0x00, 0x00, 0x00, 0x00, 0x00, 0x00, 0x00, 0x00,
  0x00, 0x00, 0x00, 0x00, 0x00, 0x00, 0x00, 0x00, 0x00, 0x00, 0x00, 0x00,
  0x00, 0x00, 0x00, 0x00, 0x00, 0x00, 0x00, 0x00, 0x00, 0x00, 0x00, 0x00,
  0x00, 0x00, 0x00, 0x00, 0x00, 0x00, 0x00, 0x00, 0x00, 0x00, 0x00, 0x00,
  0x00, 0x00, 0x00, 0x00, 0x00, 0x00, 0x00, 0x00, 0x00, 0x00, 0x00, 0x00,
  0x00, 0x00, 0x00, 0x00, 0x00, 0x00, 0x00, 0x00, 0x00, 0x00, 0x00, 0x00,
  0x00, 0x00, 0x00, 0x00, 0x00, 0x00, 0x00, 0x00, 0x00, 0x00, 0x00, 0x00,
  0x00, 0x00, 0x00, 0x00, 0x00, 0x00, 0x00, 0x00, 0x00, 0x00, 0x00, 0x00,
  0x00, 0x00, 0x00, 0x00, 0x00, 0x00, 0x00, 0x00, 0x00, 0x00, 0x00, 0x00,
  0x00, 0x00, 0x00, 0x00, 0x00, 0x00, 0x00, 0x00, 0x00, 0x00, 0x00, 0x00,
  0x00, 0x00, 0x00, 0x00, 0x00, 0x00, 0x00, 0x00, 0x00, 0x00, 0x00, 0x00,
  0x00, 0x00, 0x00, 0x00, 0x00, 0x00, 0x00, 0x00, 0x00, 0x00, 0x00, 0x00,
  0x00, 0x00, 0x00, 0x00, 0x00, 0x00, 0x00, 0x00, 0x00, 0x00, 0x00, 0x00,
  0x00, 0x00, 0x00, 0x00, 0x00, 0x00, 0x00, 0x00, 0x00, 0x00, 0x00, 0x00,
  0x00, 0x00, 0x00, 0x00, 0x00, 0x00, 0x00, 0x00, 0x00, 0x00, 0x00, 0x00,
  0x00, 0x00, 0x00, 0x00, 0x00, 0x00, 0x00, 0x00, 0x00, 0x00, 0x00, 0x00,
  0x00, 0x00, 0x00, 0x00, 0x00, 0x00, 0x00, 0x00, 0x00, 0x00, 0x00, 0x00,
  0x00, 0x00, 0x00, 0x00, 0x00, 0x00, 0x00, 0x00, 0x00, 0x00, 0x00, 0x00,
  0x00, 0x00, 0x00, 0x00, 0x00, 0x00, 0x00, 0x00, 0x00, 0x00, 0x00, 0x00,
  0x00, 0x00, 0x00, 0x00, 0x00, 0x00, 0x00, 0x00, 0x00, 0x00, 0x00, 0x00,
  0x00, 0x00, 0x00, 0x00, 0x00, 0x00, 0x00, 0x00, 0x00, 0x00, 0x00, 0x00,
  0x00, 0x00, 0x00, 0x00, 0x00, 0x00, 0x00, 0x00, 0x00, 0x00, 0x00, 0x00,
  0x00, 0x00, 0x00, 0x00, 0x00, 0x00, 0x00, 0x00, 0x00, 0x00, 0x00, 0x00,
  0x00, 0x00, 0x00, 0x00, 0x00, 0x00, 0x00, 0x00, 0x00, 0x00, 0x00, 0x00,
  0x00, 0x00, 0x00, 0x00, 0x00, 0x00, 0x00, 0x00, 0x00, 0x00, 0x00, 0x00,
  0x00, 0x00, 0x00, 0x00, 0x00, 0x00, 0x00, 0x00, 0x00, 0x00, 0x00, 0x00,
  0x00, 0x00, 0x00, 0x00, 0x00, 0x00, 0x00, 0x00, 0x00, 0x00, 0x00, 0x00,
  0x00, 0x00, 0x00, 0x00, 0x00, 0x00, 0x00, 0x00, 0x00, 0x00, 0x00, 0x00,
  0x00, 0x00, 0x00, 0x00, 0x00, 0x00, 0x00, 0x00, 0x00, 0x00, 0x00, 0x00,
  0x00, 0x00, 0x00, 0x00, 0x00, 0x00, 0x00, 0x00, 0x00, 0x00, 0x00, 0x00,
  0x00, 0x00, 0x00, 0x00, 0x00, 0x00, 0x00, 0x00, 0x00, 0x00, 0x00, 0x00,
  0x00, 0x00, 0x00, 0x00, 0x00, 0x00, 0x00, 0x00, 0x00, 0x00, 0x00, 0x00,
  0x00, 0x00, 0x00, 0x00, 0x00, 0x00, 0x00, 0x00, 0x00, 0x00, 0x00, 0x00,
  0x00, 0x00, 0x00, 0x00, 0x00, 0x00, 0x00, 0x00, 0x00, 0x00, 0x00, 0x00,
  0x00, 0x00, 0x00, 0x00, 0x00, 0x00, 0x00, 0x00, 0x00, 0x00, 0x00, 0x00,
  0x00, 0x00, 0x00, 0x00, 0x00, 0x00, 0x00, 0x00, 0x00, 0x00, 0x00, 0x00,
  0x00, 0x00, 0x00, 0x00, 0x00, 0x00, 0x00, 0x00, 0x00, 0x00, 0x00, 0x00,
  0x00, 0x00, 0x00, 0x00, 0x00, 0x00, 0x00, 0x00, 0x00, 0x00, 0x00, 0x00,
  0x00, 0x00, 0x00, 0x00, 0x00, 0x00, 0x00, 0x00, 0x00, 0x00, 0x00, 0x00,
  0x00, 0x00, 0x00, 0x00, 0x00, 0x00, 0x00, 0x00, 0x00, 0x00, 0x00, 0x00,
  0x00, 0x00, 0x00, 0x00, 0x00, 0x00, 0x00, 0x00, 0x00, 0x00, 0x00, 0x00,
  0x00, 0x00, 0x00, 0x00, 0x00, 0x00, 0x00, 0x00, 0x00, 0x00, 0x00, 0x00,
  0x00, 0x00, 0x00, 0x00, 0x00, 0x00, 0x00, 0x00, 0x00, 0x00, 0x00, 0x00,
  0x00, 0x00, 0x00, 0x00, 0x00, 0x00, 0x00, 0x00, 0x00, 0x00, 0x00, 0x00,
  0x00, 0x00, 0x00, 0x00, 0x00, 0x00, 0x00, 0x00, 0x00, 0x00, 0x00, 0x00,
  0x00, 0x00, 0x00, 0x00, 0x00, 0x00, 0x00, 0x00, 0x00, 0x00, 0x00, 0x00,
  0x00, 0x00, 0x00, 0x00, 0x00, 0x00, 0x00, 0x00, 0x00, 0x00, 0x00, 0x00,
  0x00, 0x00, 0x00, 0x00, 0x00, 0x00, 0x00, 0x00, 0x00, 0x00, 0x00, 0x00,
  0x00, 0x00, 0x00, 0x00, 0x00, 0x00, 0x00, 0x00, 0x00, 0x00, 0x00, 0x00,
  0x00, 0x00, 0x00, 0x00, 0x00, 0x00, 0x00, 0x00, 0x00, 0x00, 0x00, 0x00,
  0x00, 0x00, 0x00, 0x00, 0x00, 0x00, 0x00, 0x00, 0x00, 0x00, 0x00, 0x00,
  0x00, 0x00, 0x00, 0x00, 0x00, 0x00, 0x00, 0x00, 0x00, 0x00, 0x00, 0x00,
  0x00, 0x00, 0x00, 0x00, 0x00, 0x00, 0x00, 0x00, 0x00, 0x00, 0x00, 0x00,
  0x00, 0x00, 0x00, 0x00, 0x00, 0x00, 0x00, 0x00, 0x00, 0x00, 0x00, 0x00,
  0x00, 0x00, 0x00, 0x00, 0x00, 0x00, 0x00, 0x00, 0x00, 0x00, 0x00, 0x00,
  0x00, 0x00, 0x00, 0x00, 0x00, 0x00, 0x00, 0x00, 0x00, 0x00, 0x00, 0x00,
  0x00, 0x00, 0x00, 0x00, 0x00, 0x00, 0x00, 0x00, 0x00, 0x00, 0x00, 0x00,
  0x00, 0x00, 0x00, 0x00, 0x00, 0x00, 0x00, 0x00, 0x00, 0x00, 0x00, 0x00,
  0x00, 0x00, 0x00, 0x00, 0x00, 0x00, 0x00, 0x00, 0x00, 0x00, 0x00, 0x00,
  0x00, 0x00, 0x00, 0x00, 0x00, 0x00, 0x00, 0x00, 0x00, 0x00, 0x00, 0x00,
  0x00, 0x00, 0x00, 0x00, 0x00, 0x00, 0x00, 0x00, 0x00, 0x00, 0x00, 0x00,
  0x00, 0x00, 0x00, 0x00, 0x00, 0x00, 0x00, 0x00, 0x00, 0x00, 0x00, 0x00,
  0x00, 0x00, 0x00, 0x00, 0x00, 0x00, 0x00, 0x00, 0x00, 0x00, 0x00, 0x00,
  0x00, 0x00, 0x00, 0x00, 0x00, 0x00, 0x00, 0x00, 0x00, 0x00, 0x00, 0x00,
  0x00, 0x00, 0x00, 0x00, 0x00, 0x00, 0x00, 0x00, 0x00, 0x00, 0x00, 0x00,
  0x00, 0x00, 0x00, 0x00, 0x00, 0x00, 0x00, 0x00, 0x00, 0x00, 0x00, 0x00,
  0x00, 0x00, 0x00, 0x00, 0x00, 0x00, 0x00, 0x00, 0x00, 0x00, 0x00, 0x00,
  0x00, 0x00, 0x00, 0x00, 0x00, 0x00, 0x00, 0x00, 0x00, 0x00, 0x00, 0x00,
  0x00, 0x00, 0x00, 0x00, 0x00, 0x00, 0x00, 0x00, 0x00, 0x00, 0x00, 0x00,
  0x00, 0x00, 0x00, 0x00, 0x00, 0x00, 0x00, 0x00, 0x00, 0x00, 0x00, 0x00,
  0x00, 0x00, 0x00, 0x00, 0x00, 0x00, 0x00, 0x00, 0x00, 0x00, 0x00, 0x00,
  0x00, 0x00, 0x00, 0x00, 0x00, 0x00, 0x00, 0x00, 0x00, 0x00, 0x00, 0x00,
  0x00, 0x00, 0x00, 0x00, 0x00, 0x00, 0x00, 0x00, 0x00, 0x00, 0x00, 0x00,
  0x00, 0x00, 0x00, 0x00, 0x00, 0x00, 0x00, 0x00, 0x00, 0x00, 0x00, 0x00,
  0x00, 0x00, 0x00, 0x00, 0x00, 0x00, 0x00, 0x00, 0x00, 0x00, 0x00, 0x00,
  0x00, 0x00, 0x00, 0x00, 0x00, 0x00, 0x00, 0x00, 0x00, 0x00, 0x00, 0x00,
  0x00, 0x00, 0x00, 0x00, 0x00, 0x00, 0x00, 0x00, 0x00, 0x00, 0x00, 0x00,
  0x00, 0x00, 0x00, 0x00, 0x00, 0x00, 0x00, 0x00, 0x00, 0x00, 0x00, 0x00,
  0x00, 0x00, 0x00, 0x00, 0x00, 0x00, 0x00, 0x00, 0x00, 0x00, 0x00, 0x00,
  0x00, 0x00, 0x00, 0x00, 0x00, 0x00, 0x00, 0x00, 0x00, 0x00, 0x00, 0x00,
  0x00, 0x00, 0x00, 0x00, 0x00, 0x00, 0x00, 0x00, 0x00, 0x00, 0x00, 0x00,
  0x00, 0x00, 0x00, 0x00, 0x00, 0x00, 0x00, 0x00, 0x00, 0x00, 0x00, 0x00,
  0x00, 0x00, 0x00, 0x00, 0x00, 0x00, 0x00, 0x00, 0x00, 0x00, 0x00, 0x00,
  0x00, 0x00, 0x00, 0x00, 0x00, 0x00, 0x00, 0x00, 0x00, 0x00, 0x00, 0x00,
  0x00, 0x00, 0x00, 0x00, 0x00, 0x00, 0x00, 0x00, 0x00, 0x00, 0x00, 0x00,
  0x00, 0x00, 0x00, 0x00, 0x00, 0x00, 0x00, 0x00, 0x00, 0x00, 0x00, 0x00,
  0x00, 0x00, 0x00, 0x00, 0x00, 0x00, 0x00, 0x00, 0x00, 0x00, 0x00, 0x00,
  0x00, 0x00, 0x00, 0x00, 0x00, 0x00, 0x00, 0x00, 0x00, 0x00, 0x00, 0x00,
  0x00, 0x00, 0x00, 0x00, 0x00, 0x00, 0x00, 0x00, 0x00, 0x00, 0x00, 0x00,
  0x00, 0x00, 0x00, 0x00, 0x00, 0x00, 0x00, 0x00, 0x00, 0x00, 0x00, 0x00,
  0x00, 0x00, 0x00, 0x00, 0x00, 0x00, 0x00, 0x00, 0x00, 0x00, 0x00, 0x00,
  0x00, 0x00, 0x00, 0x00, 0x00, 0x00, 0x00, 0x00, 0x00, 0x00, 0x00, 0x00,
  0x00, 0x00, 0x00, 0x00, 0x00, 0x00, 0x00, 0x00, 0x00, 0x00, 0x00, 0x00,
  0x00, 0x00, 0x00, 0x00, 0x00, 0x00, 0x00, 0x00, 0x00, 0x00, 0x00, 0x00,
  0x00, 0x00, 0x00, 0x00, 0x00, 0x00, 0x00, 0x00, 0x00, 0x00, 0x00, 0x00,
  0x00, 0x00, 0x00, 0x00, 0x00, 0x00, 0x00, 0x00, 0x00, 0x00, 0x00, 0x00,
  0x00, 0x00, 0x00, 0x00, 0x00, 0x00, 0x00, 0x00, 0x00, 0x00, 0x00, 0x00,
  0x00, 0x00, 0x00, 0x00, 0x00, 0x00, 0x00, 0x00, 0x00, 0x00, 0x00, 0x00,
  0x00, 0x00, 0x00, 0x00, 0x00, 0x00, 0x00, 0x00, 0x00, 0x00, 0x00, 0x00,
  0x00, 0x00, 0x00, 0x00, 0x00, 0x00, 0x00, 0x00, 0x00, 0x00, 0x00, 0x00,
  0x00, 0x00, 0x00, 0x00, 0x00, 0x00, 0x00, 0x00, 0x00, 0x00, 0x00, 0x00,
  0x00, 0x00, 0x00, 0x00, 0x00, 0x00, 0x00, 0x00, 0x00, 0x00, 0x00, 0x00,
  0x00, 0x00, 0x00, 0x00, 0x00, 0x00, 0x00, 0x00, 0x00, 0x00, 0x00, 0x00,
  0x00, 0x00, 0x00, 0x00, 0x00, 0x00, 0x00, 0x00, 0x00, 0x00, 0x00, 0x00,
  0x00, 0x00, 0x00, 0x00, 0x00, 0x00, 0x00, 0x00, 0x00, 0x00, 0x00, 0x00,
  0x00, 0x00, 0x00, 0x00, 0x00, 0x00, 0x00, 0x00, 0x00, 0x00, 0x00, 0x00,
  0x00, 0x00, 0x00, 0x00, 0x00, 0x00, 0x00, 0x00, 0x00, 0x00, 0x00, 0x00,
  0x00, 0x00, 0x00, 0x00, 0x00, 0x00, 0x00, 0x00, 0x00, 0x00, 0x00, 0x00,
  0x00, 0x00, 0x00, 0x00, 0x00, 0x00, 0x00, 0x00, 0x00, 0x00, 0x00, 0x00,
  0x00, 0x00, 0x00, 0x00, 0x00, 0x00, 0x00, 0x00, 0x00, 0x00, 0x00, 0x00,
  0x00, 0x00, 0x00, 0x00, 0x00, 0x00, 0x00, 0x00, 0x00, 0x00, 0x00, 0x00,
  0x00, 0x00, 0x00, 0x00, 0x00, 0x00, 0x00, 0x00, 0x00, 0x00, 0x00, 0x00,
  0x00, 0x00, 0x00, 0x00, 0x00, 0x00, 0x00, 0x00, 0x00, 0x00, 0x00, 0x00,
  0x00, 0x00, 0x00, 0x00, 0x00, 0x00, 0x00, 0x00, 0x00, 0x00, 0x00, 0x00,
  0x00, 0x00, 0x00, 0x00, 0x00, 0x00, 0x00, 0x00, 0x00, 0x00, 0x00, 0x00,
  0x00, 0x00, 0x00, 0x00, 0x00, 0x00, 0x00, 0x00, 0x00, 0x00, 0x00, 0x00,
  0x00, 0x00, 0x00, 0x00, 0x00, 0x00, 0x00, 0x00, 0x00, 0x00, 0x00, 0x00,
  0x00, 0x00, 0x00, 0x00, 0x00, 0x00, 0x00, 0x00, 0x00, 0x00, 0x00, 0x00,
  0x00, 0x00, 0x00, 0x00, 0x00, 0x00, 0x00, 0x00, 0x00, 0x00, 0x00, 0x00,
  0x00, 0x00, 0x00, 0x00, 0x00, 0x00, 0x00, 0x00, 0x00, 0x00, 0x00, 0x00,
  0x00, 0x00, 0x00, 0x00, 0x00, 0x00, 0x00, 0x00, 0x00, 0x00, 0x00, 0x00,
  0x00, 0x00, 0x00, 0x00, 0x00, 0x00, 0x00, 0x00, 0x00, 0x00, 0x00, 0x00,
  0x00, 0x00, 0x00, 0x00, 0x00, 0x00, 0x00, 0x00, 0x00, 0x00, 0x00, 0x00,
  0x00, 0x00, 0x00, 0x00, 0x00, 0x00, 0x00, 0x00, 0x00, 0x00, 0x00, 0x00,
  0x00, 0x00, 0x00, 0x00, 0x00, 0x00, 0x00, 0x00, 0x00, 0x00, 0x00, 0x00,
  0x00, 0x00, 0x00, 0x00, 0x00, 0x00, 0x00, 0x00, 0x00, 0x00, 0x00, 0x00,
  0x00, 0x00, 0x00, 0x00, 0x00, 0x00, 0x00, 0x00, 0x00, 0x00, 0x00, 0x00,
  0x00, 0x00, 0x00, 0x00, 0x00, 0x00, 0x00, 0x00, 0x00, 0x00, 0x00, 0x00,
  0x00, 0x00, 0x00, 0x00, 0x00, 0x00, 0x00, 0x00, 0x00, 0x00, 0x00, 0x00,
  0x00, 0x00, 0x00, 0x00, 0x00, 0x00, 0x00, 0x00, 0x00, 0x00, 0x00, 0x00,
  0x00, 0x00, 0x00, 0x00, 0x00, 0x00, 0x00, 0x00, 0x00, 0x00, 0x00, 0x00,
  0x00, 0x00, 0x00, 0x00, 0x00, 0x00, 0x00, 0x00, 0x00, 0x00, 0x00, 0x00,
  0x00, 0x00, 0x00, 0x00, 0x00, 0x00, 0x00, 0x00, 0x00, 0x00, 0x00, 0x00,
  0x00, 0x00, 0x00, 0x00, 0x00, 0x00, 0x00, 0x00, 0x00, 0x00, 0x00, 0x00,
  0x00, 0x00, 0x00, 0x00, 0x00, 0x00, 0x00, 0x00, 0x00, 0x00, 0x00, 0x00,
  0x00, 0x00, 0x00, 0x00, 0x00, 0x00, 0x00, 0x00, 0x00, 0x00, 0x00, 0x00,
  0x00, 0x00, 0x00, 0x00, 0x00, 0x00, 0x00, 0x00, 0x00, 0x00, 0x00, 0x00,
  0x00, 0x00, 0x00, 0x00, 0x00, 0x00, 0x00, 0x00, 0x00, 0x00, 0x00, 0x00,
  0x00, 0x00, 0x00, 0x00, 0x00, 0x00, 0x00, 0x00, 0x00, 0x00, 0x00, 0x00,
  0x00, 0x00, 0x00, 0x00, 0x00, 0x00, 0x00, 0x00, 0x00, 0x00, 0x00, 0x00,
  0x00, 0x00, 0x00, 0x00, 0x00, 0x00, 0x00, 0x00, 0x00, 0x00, 0x00, 0x00,
  0x00, 0x00, 0x00, 0x00, 0x00, 0x00, 0x00, 0x00, 0x00, 0x00, 0x00, 0x00,
  0x00, 0x00, 0x00, 0x00, 0x00, 0x00, 0x00, 0x00, 0x00, 0x00, 0x00, 0x00,
  0x00, 0x00, 0x00, 0x00, 0x00, 0x00, 0x00, 0x00, 0x00, 0x00, 0x00, 0x00,
  0x00, 0x00, 0x00, 0x00, 0x00, 0x00, 0x00, 0x00, 0x00, 0x00, 0x00, 0x00,
  0x00, 0x00, 0x00, 0x00, 0x00, 0x00, 0x00, 0x00, 0x00, 0x00, 0x00, 0x00,
  0x00, 0x00, 0x00, 0x00, 0x00, 0x00, 0x00, 0x00, 0x00, 0x00, 0x00, 0x00,
  0x00, 0x00, 0x00, 0x00, 0x00, 0x00, 0x00, 0x00, 0x00, 0x00, 0x00, 0x00,
  0x00, 0x00, 0x00, 0x00, 0x00, 0x00, 0x00, 0x00, 0x00, 0x00, 0x00, 0x00,
  0x00, 0x00, 0x00, 0x00, 0x00, 0x00, 0x00, 0x00, 0x00, 0x00, 0x00, 0x00,
  0x00, 0x00, 0x00, 0x00, 0x00, 0x00, 0x00, 0xc5, 0xe5, 0xc1, 0x1b, 0x7b,
  0xb2, 0x28, 0x03, 0x09, 0x18, 0xf8, 0xc1, 0xc9, 0xe5, 0xf5, 0x21, 0xb5,
  0x31, 0xcd, 0x9f, 0x09, 0x3e, 0x20, 0xd3, 0x2e, 0x7a, 0xd3, 0x2f, 0x7b,
  0xd3, 0x2f, 0xf1, 0xe1, 0xc9, 0x52, 0x4f, 0x4d, 0x42, 0x41, 0x53, 0x00,
  0x00, 0x00, 0x00, 0x00, 0x00, 0x00, 0x00, 0x00, 0x00, 0x00, 0x00, 0x00,
  0x00, 0x00, 0x00, 0x00, 0x00, 0x00, 0x00, 0x00, 0x00, 0x00, 0x00, 0x00,
  0x00, 0x00, 0x00, 0x00, 0x00, 0x00, 0x00, 0x00, 0x00, 0x00, 0x00, 0x00,
  0x00, 0x00, 0x00, 0x00, 0x00, 0x00, 0x00, 0x00, 0x00, 0x00, 0x00, 0x00,
  0x00, 0x00, 0x00, 0x00, 0x00, 0x00, 0x00, 0x00, 0x00, 0x00, 0x00, 0x00,
  0x00, 0x00, 0x00, 0x00, 0x00, 0x00, 0x00, 0x00, 0x00, 0x00, 0x00, 0x00,
  0x00, 0x00, 0x00, 0x00, 0x00, 0x00, 0x00, 0x00, 0x00, 0x00, 0x00, 0x00,
  0x00, 0x00, 0x00, 0x00, 0x00, 0x00, 0x00, 0x00, 0x00, 0x00, 0x00, 0x00,
  0x00, 0x00, 0x00, 0x00, 0x00, 0x00, 0x00, 0x00, 0x00, 0x00, 0x00, 0x00,
  0x00, 0x00, 0x00, 0x00, 0x00, 0x00, 0x00, 0x00, 0x00, 0x00, 0x00, 0x00,
  0x00, 0x00, 0x00, 0x00, 0x00, 0x00, 0x00, 0x00, 0x00, 0x00, 0x00, 0x00,
  0x00, 0x00, 0x00, 0x00, 0x00, 0x00, 0x00, 0x00, 0x00, 0x00, 0x00, 0x00,
  0x00, 0x00, 0x00, 0x00, 0x00, 0x00, 0x00, 0x00, 0x00, 0x00, 0x00, 0x00,
  0x00, 0x00, 0x00, 0x00, 0x00, 0x00, 0x00, 0x00, 0x00, 0x00, 0x00, 0x00,
  0x00, 0x00, 0x00, 0x00, 0x00, 0x00, 0x00, 0x00, 0x00, 0x00, 0x00, 0x00,
  0x00, 0x00, 0x00, 0x00, 0x00, 0x00, 0x00, 0x00, 0x00, 0x00, 0x00, 0x00,
  0x00, 0x00, 0x00, 0x00, 0x00, 0x00, 0x00, 0x00, 0x00, 0x00, 0x00, 0x00,
  0x00, 0x00, 0x00, 0x00, 0x00, 0x00, 0x00, 0x00, 0x00, 0x00, 0x00, 0x00,
  0x00, 0x00, 0x00, 0x00, 0x00, 0x00, 0x00, 0x00, 0x00, 0x00, 0x00, 0x00,
  0x00, 0x00, 0x00, 0x00, 0x00, 0x00, 0x00, 0x00, 0x00, 0x00, 0x00, 0x00,
  0x00, 0x00, 0x00, 0x00, 0x00, 0x00, 0x00, 0x00, 0x00, 0x00, 0x00, 0x00,
  0x00, 0x00, 0x00, 0x00, 0x00, 0x00, 0x00, 0x00, 0x00, 0x00, 0x00, 0x00,
  0x00, 0x00, 0x00, 0x00, 0x00, 0x00, 0x00, 0x00, 0x00, 0x00, 0x00, 0x00,
  0x00, 0x00, 0x00, 0x00, 0x00, 0x00, 0x00, 0x00, 0x00, 0x00, 0x00, 0x00,
  0x00, 0x00, 0x00, 0x00, 0x00, 0x00, 0x00, 0x00, 0x00, 0x00, 0x00, 0x00,
  0x00, 0x00, 0x00, 0x00, 0x00, 0x00, 0x00, 0x00, 0x00, 0x00, 0x00, 0x00,
  0x00, 0x00, 0x00, 0x00, 0x00, 0x00, 0x00, 0x00, 0x00, 0x00, 0x00, 0x00,
  0x00, 0x00, 0x00, 0x00, 0x00, 0x00, 0x00, 0x00, 0x00, 0x00, 0x00, 0x00,
  0x00, 0x00, 0x00, 0x00, 0x00, 0x00, 0x00, 0x00, 0x00, 0x00, 0x00, 0x00,
  0x00, 0x00, 0x00, 0x00, 0x00, 0x00, 0x00, 0x00, 0x00, 0x00, 0x00, 0x00,
  0x00, 0x00, 0x00, 0x00, 0x00, 0x00, 0x00, 0x00, 0x00, 0x00, 0x00, 0x00,
  0x00, 0x00, 0x00, 0x00, 0x00, 0x00, 0x00, 0x00, 0x00, 0x00, 0x00, 0x00,
  0x00, 0x00, 0x00, 0x00, 0x00, 0x00, 0x00, 0x00, 0x00, 0x00, 0x00, 0x00,
  0x00, 0x00, 0x00, 0x00, 0x00, 0x00, 0x00, 0x00, 0x00, 0x00, 0x00, 0x00,
  0x00, 0x00, 0x00, 0x00, 0x00, 0x00, 0x00, 0x00, 0x00, 0x00, 0x00, 0x00,
  0x00, 0x00, 0x00, 0x00, 0x00, 0x00, 0x00, 0x00, 0x00, 0x00, 0x00, 0x00,
  0x00, 0x00, 0x00, 0x00, 0x00, 0x00, 0x00, 0x00, 0x00, 0x00, 0x00, 0x00,
  0x00, 0x00, 0x00, 0x00, 0x00, 0x00, 0x00, 0x00, 0x00, 0x00, 0x00, 0x00,
  0x00, 0x00, 0x00, 0x00, 0x00, 0x00, 0x00, 0x00, 0x00, 0x00, 0x00, 0x00,
  0x00, 0x00, 0x00, 0x00, 0x00, 0x00, 0x00, 0x00, 0x00, 0x00, 0x00, 0x00,
  0x00, 0x00, 0x00, 0x00, 0x00, 0x00, 0x00, 0x00, 0x00, 0x00, 0x00, 0x00,
  0x00, 0x00, 0x00, 0x00, 0x00, 0x00, 0x00, 0x00, 0x00, 0x00, 0x00, 0x00,
  0x00, 0x00, 0x00, 0x00, 0x00, 0x00, 0x00, 0x00, 0x00, 0x00, 0x00, 0x00,
  0x00, 0x00, 0x00, 0x00, 0x00, 0x00, 0x00, 0x00, 0x00, 0x00, 0x00, 0x00,
  0x00, 0x00, 0x00, 0x00, 0x00, 0x00, 0x00, 0x00, 0x00, 0x00, 0x00, 0x00,
  0x00, 0x00, 0x00, 0x00, 0x00, 0x00, 0x00, 0x00, 0x00, 0x00, 0x00, 0x00,
  0x00, 0x00, 0x00, 0x00, 0x00, 0x00, 0x00, 0x00, 0x00, 0x00, 0x00, 0x00,
  0x00, 0x00, 0x00, 0x00, 0x00, 0x00, 0x00, 0x00, 0x00, 0x00, 0x00, 0x00,
  0x00, 0x00, 0x00, 0x00, 0x00, 0x00, 0x00, 0x00, 0x00, 0x00, 0x00, 0x00,
  0x00, 0x00, 0x00, 0x00, 0x00, 0x00, 0x00, 0x00, 0x00, 0x00, 0x00, 0x00,
  0x00, 0x00, 0x00, 0x00, 0x00, 0x00, 0x00, 0x00, 0x00, 0x00, 0x00, 0x00,
  0x00, 0x00, 0x00, 0x00, 0x00, 0x00, 0x00, 0x00, 0x00, 0x00, 0x00, 0x00,
  0x00, 0x00, 0x00, 0x00, 0x00, 0x00, 0x00, 0x00, 0x00, 0x00, 0x00, 0x00,
  0x00, 0x00, 0x00, 0x00, 0x00, 0x00, 0x00, 0x00, 0x00, 0x00, 0x00, 0x00,
  0x00, 0x00, 0x00, 0x00, 0x00, 0x00, 0x00, 0x00, 0x00, 0x00, 0x00, 0x00,
  0x00, 0x00, 0x00, 0x00, 0x00, 0x00, 0x00, 0x00, 0x00, 0x00, 0x00, 0x00,
  0x00, 0x00, 0x00, 0x00, 0x00, 0x00, 0x00, 0x00, 0x00, 0x00, 0x00, 0x00,
  0x00, 0x00, 0x00, 0x00, 0x00, 0x00, 0x00, 0x00, 0x00, 0x00, 0x00, 0x00,
  0x00, 0x00, 0x00, 0x00, 0x00, 0x00, 0x00, 0x00, 0x00, 0x00, 0x00, 0x00,
  0x00, 0x00, 0x00, 0x00, 0x00, 0x00, 0x00, 0x00, 0x00, 0x00, 0x00, 0x00,
  0x00, 0x00, 0x00, 0x00, 0x00, 0x00, 0x00, 0x00, 0x00, 0x00, 0x00, 0x00,
  0x00, 0x00, 0x00, 0x00, 0x00, 0x00, 0x00, 0x00, 0x00, 0x00, 0x00, 0x00,
  0x00, 0x00, 0x00, 0x00, 0x00, 0x00, 0x00, 0x00, 0x00, 0x00, 0x00, 0x00,
  0x00, 0x00, 0x00, 0x00, 0x00, 0x00, 0x00, 0x00, 0x00, 0x00, 0x00, 0x00,
  0x00, 0x00, 0x00, 0x00, 0x00, 0x00, 0x00, 0x00, 0x00, 0x00, 0x00, 0x00,
  0x00, 0x00, 0x00, 0x00, 0x00, 0x00, 0x00, 0x00, 0x00, 0x00, 0x00, 0x00,
  0x00, 0x00, 0x00, 0x00, 0x00, 0x00, 0x00, 0x00, 0x00, 0x00, 0x00, 0x00,
  0x00, 0x00, 0x00, 0x00, 0x00, 0x00, 0x00, 0x00, 0x00, 0x00, 0x00, 0x00,
  0x00, 0x00, 0x00, 0x00, 0x00, 0x00, 0x00, 0x00, 0x00, 0x00, 0x00, 0x00,
  0x00, 0x00, 0x00, 0x00, 0x00, 0x00, 0x00, 0x00, 0x00, 0x00, 0x00, 0x00,
  0x00, 0x00, 0x00, 0x00, 0x00, 0x00, 0x00, 0x00, 0x00, 0x00, 0x00, 0x00,
  0x00, 0x00, 0x00, 0x00, 0x00, 0x00, 0x00, 0x00, 0x00, 0x00, 0x00, 0x00,
  0x00, 0x00, 0x00, 0x00, 0x00, 0x00, 0x00, 0x00, 0x00, 0x00, 0x00, 0x00,
  0x00, 0x00, 0x00, 0x00, 0x00, 0x00, 0x00, 0x00, 0x00, 0x00, 0x00, 0x00,
  0x00, 0x00, 0x00, 0x00, 0x00, 0x00, 0x00, 0x00, 0x00, 0x00, 0x00, 0x00,
  0x00, 0x00, 0x00, 0x00, 0x00, 0x00, 0x00, 0x00, 0x00, 0x00, 0x00, 0x00,
  0x00, 0x00, 0x00, 0x00, 0x00, 0x00, 0x00, 0x00, 0x00, 0x00, 0x00, 0x00,
  0x00, 0x00, 0x00, 0x00, 0x00, 0x00, 0x00, 0x00, 0x00, 0x00, 0x00, 0x00,
  0x00, 0x00, 0x00, 0x00, 0x00, 0x00, 0x00, 0x00, 0x00, 0x00, 0x00, 0x00,
  0x00, 0x00, 0x00, 0x00, 0x00, 0x00, 0x00, 0x00, 0x00, 0x00, 0x00, 0x00,
  0x00, 0x00, 0x00, 0x00, 0x00, 0x00, 0x00, 0x00, 0x00, 0x00, 0x00, 0x00,
  0x00, 0x00, 0x00, 0x00, 0x00, 0x00, 0x00, 0x00, 0x00, 0x00, 0x00, 0x00,
  0x00, 0x00, 0x00, 0x00, 0x00, 0x00, 0x00, 0x00, 0x00, 0x00, 0x00, 0x00,
  0x00, 0x00, 0x00, 0x00, 0x00, 0x00, 0x00, 0x00, 0x00, 0x00, 0x00, 0x00,
  0x00, 0x00, 0x00, 0x00, 0x00, 0x00, 0x00, 0x00, 0x00, 0x00, 0x00, 0x00,
  0x00, 0x00, 0x00, 0x00, 0x00, 0x00, 0x00, 0x00, 0x00, 0x00, 0x00, 0x00,
  0x00, 0x00, 0x00, 0x00, 0x00, 0x00, 0x00, 0x00, 0x00, 0x00, 0x00, 0x00,
  0x00, 0x00, 0x00, 0x00, 0x00, 0x00, 0x00, 0x00, 0x00, 0x00, 0x00, 0x00,
  0x00, 0x00, 0x00, 0x00, 0x00, 0x00, 0x00, 0x00, 0x00, 0x00, 0x00, 0x00,
  0x00, 0x00, 0x00, 0x00, 0x00, 0x00, 0x00, 0x00, 0x00, 0x00, 0x00, 0x00,
  0x00, 0x00, 0x00, 0x00, 0x00, 0x00, 0x00, 0x00, 0x00, 0x00, 0x00, 0x00,
  0x00, 0x00, 0x00, 0x00, 0x00, 0x00, 0x00, 0x00, 0x00, 0x00, 0x00, 0x00,
  0x00, 0x00, 0x00, 0x00, 0x00, 0x00, 0x00, 0x00, 0x00, 0x00, 0x00, 0x00,
  0x00, 0x00, 0x00, 0x00, 0x00, 0x00, 0x00, 0x00, 0x00, 0x00, 0x00, 0x00,
  0x00, 0x00, 0x00, 0x00, 0x00, 0x00, 0x00, 0x00, 0x00, 0x00, 0x00, 0x00,
  0x00, 0x00, 0x00, 0x00, 0x00, 0x00, 0x00, 0x00, 0x00, 0x00, 0x00, 0x00,
  0x00, 0x00, 0x00, 0x00, 0x00, 0x00, 0x00, 0x00, 0x00, 0x00, 0x00, 0x00,
  0x00, 0x00, 0x00, 0x00, 0x00, 0x00, 0x00, 0x00, 0x00, 0x00, 0x00, 0x00,
  0x00, 0x00, 0x00, 0x00, 0x00, 0x00, 0x00, 0x00, 0x00, 0x00, 0x00, 0x00,
  0x00, 0x00, 0x00, 0x00, 0x00, 0x00, 0x00, 0x00, 0x00, 0x00, 0x00, 0x00,
  0x00, 0x00, 0x00, 0x00, 0x00, 0x00, 0x00, 0x00, 0x00, 0x00, 0x00, 0x00,
  0x00, 0x00, 0x00, 0x00, 0x00, 0x00, 0x00, 0x00, 0x00, 0x00, 0x00, 0x00,
  0x00, 0x00, 0x00, 0x00, 0x00, 0x00, 0x00, 0x00, 0x00, 0x00, 0x00, 0x00,
  0x00, 0x00, 0x00, 0x00, 0x00, 0x00, 0x00, 0x00, 0x00, 0x00, 0x00, 0x00,
  0x00, 0x00, 0x00, 0x00, 0x00, 0x00, 0x00, 0x00, 0x00, 0x00, 0x00, 0x00,
  0x00, 0x00, 0x00, 0x00, 0x00, 0x00, 0x00, 0x00, 0x00, 0x00, 0x00, 0x00,
  0x00, 0x00, 0x00, 0x00, 0x00, 0x00, 0x00, 0x00, 0x00, 0x00, 0x00, 0x00,
  0x00, 0x00, 0x00, 0x00, 0x00, 0x00, 0x00, 0x00, 0x00, 0x00, 0x00, 0x00,
  0x00, 0x00, 0x00, 0x00, 0x00, 0x00, 0x00, 0x00, 0x00, 0x00, 0x00, 0x00,
  0x00, 0x00, 0x00, 0x00, 0x00, 0x00, 0x00, 0x00, 0x00, 0x00, 0x00, 0x00,
  0x00, 0x00, 0x00, 0x00, 0x00, 0x00, 0x00, 0x00, 0x00, 0x00, 0x00, 0x00,
  0x00, 0x00, 0x00, 0x00, 0x00, 0x00, 0x00, 0x00, 0x00, 0x00, 0x00, 0x00,
  0x00, 0x00, 0x00, 0x00, 0x00, 0x00, 0x00, 0x00, 0x00, 0x00, 0x00, 0x00,
  0x00, 0x00, 0x00, 0x00, 0x00, 0x00, 0x00, 0x00, 0x00, 0x00, 0x00, 0x00,
  0x00, 0x00, 0x00, 0x00, 0x00, 0x00, 0x00, 0x00, 0x00, 0x00, 0x00, 0x00,
  0x00, 0x00, 0x00, 0x00, 0x00, 0x00, 0x00, 0x00, 0x00, 0x00, 0x00, 0x00,
  0x00, 0x00, 0x00, 0x00, 0x00, 0x00, 0x00, 0x00, 0x00, 0x00, 0x00, 0x00,
  0x00, 0x00, 0x00, 0x00, 0x00, 0x00, 0x00, 0x00, 0x00, 0x00, 0x00, 0x00,
  0x00, 0x00, 0x00, 0x00, 0x00, 0x00, 0x00, 0x00, 0x00, 0x00, 0x00, 0x00,
  0x00, 0x00, 0x00, 0x00, 0x00, 0x00, 0x00, 0x00, 0x00, 0x00, 0x00, 0x00,
  0x00, 0x00, 0x00, 0x00, 0x00, 0x00, 0x00, 0x00, 0x00, 0x00, 0x00, 0x00,
  0x00, 0x00, 0x00, 0x00, 0x00, 0x00, 0x00, 0x00, 0x00, 0x00, 0x00, 0x00,
  0x00, 0x00, 0x00, 0x00, 0x00, 0x00, 0x00, 0x00, 0x00, 0x00, 0x00, 0x00,
  0x00, 0x00, 0x00, 0x00, 0x00, 0x00, 0x00, 0x00, 0x00, 0x00, 0x00, 0x00,
  0x00, 0x00, 0x00, 0x00, 0x00, 0x00, 0x00, 0x00, 0x00, 0x00, 0x00, 0x00,
  0x00, 0x00, 0x00, 0x00, 0x00, 0x00, 0x00, 0x00, 0x00, 0x00, 0x00, 0x00,
  0x00, 0x00, 0x00, 0x00, 0x00, 0x00, 0x00, 0x00, 0x00, 0x00, 0x00, 0x00,
  0x00, 0x00, 0x00, 0x00, 0x00, 0x00, 0x00, 0x00, 0x00, 0x00, 0x00, 0x00,
  0x00, 0x00, 0x00, 0x00, 0x00, 0x00, 0x00, 0x00, 0x00, 0x00, 0x00, 0x00,
  0x00, 0x00, 0x00, 0x00, 0x00, 0x00, 0x00, 0x00, 0x00, 0x00, 0x00, 0x00,
  0x00, 0x00, 0x00, 0x00, 0x00, 0x00, 0x00, 0x00, 0x00, 0x00, 0x00, 0x00,
  0x00, 0x00, 0x00, 0x00, 0x00, 0x00, 0x00, 0x00, 0x00, 0x00, 0x00, 0x00,
  0x00, 0x00, 0x00, 0x00, 0x00, 0x00, 0x00, 0x00, 0x00, 0x00, 0x00, 0x00,
  0x00, 0x00, 0x00, 0x00, 0x00, 0x00, 0x00, 0x00, 0x00, 0x00, 0x00, 0x00,
  0x00, 0x00, 0x00, 0x00, 0x00, 0x00, 0x00, 0x00, 0x00, 0x00, 0x00, 0x00,
  0x00, 0x00, 0x00, 0x00, 0x00, 0x00, 0x00, 0x00, 0x00, 0x00, 0x00, 0x00,
  0x00, 0x00, 0x00, 0x00, 0x00, 0x00, 0x00, 0x00, 0x00, 0x00, 0x00, 0x00,
  0x00, 0x00, 0x00, 0x00, 0x00, 0x00, 0x00, 0x00, 0x00, 0x00, 0x00, 0x00,
  0x00, 0x00, 0x00, 0x00, 0x00, 0x00, 0x00, 0x00, 0x00, 0x00, 0x00, 0x00,
  0x00, 0x00, 0x00, 0x00, 0x00, 0x00, 0x00, 0x00, 0x00, 0x00, 0x00, 0x00,
  0x00, 0x00, 0x00, 0x00, 0x00, 0x00, 0x00, 0x00, 0x00, 0x00, 0x00, 0x00,
  0x00, 0x00, 0x00, 0x00, 0x00, 0x00, 0x00, 0x00, 0x00, 0x00, 0x00, 0x00,
  0x00, 0x00, 0x00, 0x00, 0x00, 0x00, 0x00, 0x00, 0x00, 0x00, 0x00, 0x00,
  0x00, 0x00, 0x00, 0x00, 0x00, 0x00, 0x00, 0x00, 0x00, 0x00, 0x00, 0x00,
  0x00, 0x00, 0x00, 0x00, 0x00, 0x00, 0x00, 0x00, 0x00, 0x00, 0x00, 0x00,
  0x00, 0x00, 0x00, 0x00, 0x00, 0x00, 0x00, 0x00, 0x00, 0x00, 0x00, 0x00,
  0x00, 0x00, 0x00, 0x00, 0x00, 0x00, 0x00, 0x00, 0x00, 0x00, 0x00, 0x00,
  0x00, 0x00, 0x00, 0x00, 0x00, 0x00, 0x00, 0x00, 0x00, 0x00, 0x00, 0x00,
  0x00, 0x00, 0x00, 0x00, 0x00, 0x00, 0x00, 0x00, 0x00, 0x00, 0x00, 0x00,
  0x00, 0x00, 0x00, 0x00, 0x00, 0x00, 0x00, 0x00, 0x00, 0x00, 0x00, 0x00,
  0x00, 0x00, 0x00, 0x00, 0x00, 0x00, 0x00, 0x00, 0x00, 0x00, 0x00, 0x00,
  0x00, 0x00, 0x00, 0x00, 0x00, 0x00, 0x00, 0x00, 0x00, 0x00, 0x00, 0x00,
  0x00, 0x00, 0x00, 0x00, 0x00, 0x00, 0x00, 0x00, 0x00, 0x00, 0x00, 0x00,
  0x00, 0x00, 0x00, 0x00, 0x00, 0x00, 0x00, 0x00, 0x00, 0x00, 0x00, 0x00,
  0x00, 0x00, 0x00, 0x00, 0x00, 0x00, 0x00, 0x00, 0x00, 0x00, 0x00, 0x00,
  0x00, 0x00, 0x00, 0x00, 0x00, 0x00, 0x00, 0x00, 0x00, 0x00, 0x00, 0x00,
  0x00, 0x00, 0x00, 0x00, 0x00, 0x00, 0x00, 0x00, 0x00, 0x00, 0x00, 0x00,
  0x00, 0x00, 0x00, 0x00, 0x00, 0x00, 0x00, 0x00, 0x00, 0x00, 0x00, 0x00,
  0x00, 0x00, 0x00, 0x00, 0x00, 0x00, 0x00, 0x00, 0x00, 0x00, 0x3e, 0x3a,
  0x3e, 0x3a, 0x3e, 0x3a, 0x3e, 0x3a, 0x3e, 0x3a, 0x3e, 0x3a, 0x3e, 0x3a,
  0x3e, 0x3a, 0x3e, 0x3a, 0x3e, 0x3a, 0x3e, 0x3a, 0x3e, 0x3a, 0x3e, 0x3a,
  0x3e, 0x3a, 0x3e, 0x3a, 0x3e, 0x3a, 0x3e, 0x3a, 0x3e, 0x3a, 0x3e, 0x3a,
  0x3e, 0x3a, 0x3e, 0x3a, 0x3e, 0x3a, 0x3e, 0x3a, 0x3e, 0x3a, 0x3e, 0x3a,
  0x3e, 0x3a, 0x3e, 0x3a, 0x3e, 0x3a, 0x3e, 0x3a, 0x3e, 0x3a, 0x3e, 0x3a,
  0x3e, 0x3a, 0x3e, 0x3a, 0x3e, 0x3a, 0x3e, 0x3a, 0x3e, 0x3a, 0x3e, 0x3a,
  0x3e, 0x3a, 0x3e, 0x3a, 0x3e, 0x3a, 0x3e, 0x3a, 0x3e, 0x3a, 0x3e, 0x3a,
  0x3e, 0x3a, 0x3e, 0x3a, 0x3e, 0x3a, 0x3e, 0x3a, 0x3e, 0x3a, 0x3e, 0x3a,
  0x3e, 0x3a, 0x3e, 0x3a, 0x3e, 0x3a, 0x3e, 0x3a, 0x3e, 0x3a, 0x3e, 0x3a,
  0x3e, 0x3a, 0x3e, 0x3a, 0x3e, 0x3a, 0x3e, 0x3a, 0x3e, 0x3a, 0x3e, 0x3a,
  0x3e, 0x3a, 0x3e, 0x3a, 0x3e, 0x3a, 0x3e, 0x3a, 0x3e, 0x3a, 0x3e, 0x3a,
  0x3e, 0x3a, 0x3e, 0x3a, 0x3e, 0x3a, 0x3e, 0x3a, 0x3e, 0x3a, 0x3e, 0x3a,
  0x3e, 0x3a, 0x3e, 0x3a, 0x3e, 0x3a, 0x3e, 0x3a, 0x3e, 0x3a, 0x3e, 0x3a,
  0x3e, 0x3a, 0x3e, 0x3a, 0x3e, 0x3a, 0x3e, 0x3a, 0x3e, 0x3a, 0x3e, 0x3a,
  0x3e, 0x3a, 0x3e, 0x3a, 0x3e, 0x3a, 0x3e, 0x3a, 0x3e, 0x3a, 0x3e, 0x3a,
  0x3e, 0x3a, 0x3e, 0x3a, 0x3e, 0x3a, 0x3e, 0x3a, 0x3e, 0x3a, 0x3e, 0x3a,
  0x3e, 0x3a, 0x3e, 0x3a, 0x3e, 0x3a, 0x3e, 0x3a, 0x3e, 0x3a, 0x3e, 0x3a,
  0x3e, 0x3a, 0x3e, 0x3a, 0x3e, 0x3a, 0x3e, 0x3a, 0x3e, 0x3a, 0x3e, 0x3a,
  0x3e, 0x3a, 0x3e, 0x3a, 0x3e, 0x3a, 0x3e, 0x3a, 0x3e, 0x3a, 0x3e, 0x3a,
  0x3e, 0x3a, 0x3e, 0x3a, 0x3e, 0x3a, 0x3e, 0x3a, 0x3e, 0x3a, 0x3e, 0x3a,
  0x3e, 0x3a, 0x3e, 0x3a, 0x3e, 0x3a, 0x3e, 0x3a, 0x3e, 0x3a, 0x3e, 0x3a,
  0x3e, 0x3a, 0x3e, 0x3a, 0x3e, 0x3a, 0x3e, 0x3a, 0x3e, 0x3a, 0x3e, 0x3a,
  0x3e, 0x3a, 0x3e, 0x3a, 0x3e, 0x3a, 0xe5, 0xf5, 0x21, 0x49, 0x3a, 0xcd,
  0x9f, 0x09, 0xf1, 0xe1, 0xc9, 0x42, 0x41, 0x53, 0x49, 0x43, 0x20, 0x73,
  0x74, 0x61, 0x74, 0x65, 0x6d, 0x65, 0x6e, 0x74, 0x73, 0x20, 0x61, 0x72,
  0x65, 0x20, 0x6e, 0x6f, 0x74, 0x20, 0x69, 0x6d, 0x70, 0x6c, 0x65, 0x6d,
  0x65, 0x6e, 0x74, 0x65, 0x64, 0x20, 0x79, 0x65, 0x74, 0x00, 0x00, 0x00,
  0x00, 0x00, 0x00, 0x00, 0x00, 0x00, 0x00, 0x00, 0x00, 0x00, 0x00, 0x00,
  0x00, 0x00, 0x00, 0x00, 0x00, 0x00, 0x00, 0x00, 0x00, 0x00, 0x00, 0x00,
  0x00, 0x00, 0x00, 0x00, 0x00, 0x00, 0x00, 0x00, 0x00, 0x00, 0x00, 0x00,
  0x00, 0x00, 0x00, 0x00, 0x00, 0x00, 0x00, 0x00, 0x00, 0x00, 0x00, 0x00,
  0x00, 0x00, 0x00, 0x00, 0x00, 0x00, 0x00, 0x00, 0x00, 0x00, 0x00, 0x00,
  0x00, 0x00, 0x00, 0x00, 0x00, 0x00, 0x00, 0x00, 0x00, 0x00, 0x00, 0x00,
  0x00, 0x00, 0x00, 0x00, 0x00, 0x00, 0x00, 0x00, 0x00, 0x00, 0x00, 0x00,
  0x00, 0x00, 0x00, 0x00, 0x00, 0x00, 0x00, 0x00, 0x00, 0x00, 0x00, 0x00,
  0x00, 0x00, 0x00, 0x00, 0x00, 0x00, 0x00, 0x00, 0x00, 0x00, 0x00, 0x00,
  0x00, 0x00, 0x00, 0x00, 0x00, 0x00, 0x00, 0x00, 0x00, 0x00, 0x00, 0x00,
  0x00, 0x00, 0x00, 0x00, 0x00, 0x00, 0x00, 0x00, 0x00, 0x00, 0x00, 0x00,
  0x00, 0x00, 0x00, 0x00, 0x00, 0x00, 0x00, 0x00, 0x00, 0x00, 0x00, 0x00,
  0x00, 0x00, 0x00, 0x00, 0x00, 0x00, 0x00, 0x00, 0x00, 0x00, 0x00, 0x00,
  0x00, 0x00, 0x00, 0x00, 0x00, 0x00, 0x00, 0x00, 0x00, 0x00, 0x00, 0x00,
  0x00, 0x00, 0x00, 0x00, 0x00, 0x00, 0x00, 0x00, 0x00, 0x00, 0x00, 0x00,
  0x00, 0x00, 0x00, 0x00, 0x00, 0x00, 0x00, 0x00, 0x00, 0x00, 0x00, 0x00,
  0x00, 0x00, 0x00, 0x00, 0x00, 0x00, 0x00, 0x00, 0x00, 0x00, 0x00, 0x00,
  0x00, 0x00, 0x00, 0x00, 0x00, 0x00, 0x00, 0x00, 0x00, 0x00, 0x00, 0x00,
  0x00, 0x00, 0x00, 0x00, 0x00, 0x00, 0x00, 0x00, 0x00, 0x00, 0x00, 0x00,
  0x00, 0x00, 0x00, 0x00, 0x00, 0x00, 0x00, 0x00, 0x00, 0x00, 0x00, 0x00,
  0x00, 0x00, 0x00, 0x00, 0x00, 0x00, 0x00, 0x00, 0x00, 0x00, 0x00, 0x00,
  0x00, 0x00, 0x00, 0x00, 0x00, 0x00, 0x00, 0x00, 0x00, 0x00, 0x00, 0x00,
  0x00, 0x00, 0x00, 0x00, 0x00, 0x00, 0x00, 0x00, 0x00, 0x00, 0x00, 0x00,
  0x00, 0x00, 0x00, 0x00, 0x00, 0x00, 0x00, 0x00, 0x00, 0x00, 0x00, 0x00,
  0x00, 0x00, 0x00, 0x00, 0x00, 0x00, 0x00, 0x00, 0x00, 0x00, 0x00, 0x00,
  0x00, 0x00, 0x00, 0x00, 0x00, 0x00, 0x00, 0x00, 0x00, 0x00, 0x00, 0x00,
  0x00, 0x00, 0x00, 0x00, 0x00, 0x00, 0x00, 0x00, 0x00, 0x00, 0x00, 0x00,
  0x00, 0x00, 0x00, 0x00, 0x00, 0x00, 0x00, 0x00, 0x00, 0x00, 0x00, 0x00,
  0x00, 0x00, 0x00, 0x00, 0x00, 0x00, 0x00, 0x00, 0x00, 0x00, 0x00, 0x00,
  0x00, 0x00, 0x00, 0x00, 0x00, 0x00, 0x00, 0x00, 0x00, 0x00, 0x00, 0x00,
  0x00, 0x00, 0x00, 0x00, 0x00, 0x00, 0x00, 0x00, 0x00, 0x00, 0x00, 0x00,
  0x00, 0x00, 0x00, 0x00, 0x00, 0x00, 0x00, 0x00, 0x00, 0x00, 0x00, 0x00,
  0x00, 0x00, 0x00, 0x00, 0x00, 0x00, 0x00, 0x00, 0x00, 0x00, 0x00, 0x00,
  0x00, 0x00, 0x00, 0x00, 0x00, 0x00, 0x00, 0x00, 0x00, 0x00, 0x00, 0x00,
  0x00, 0x00, 0x00, 0x00, 0x00, 0x00, 0x00, 0x00, 0x00, 0x00, 0x00, 0x00,
  0x00, 0x00, 0x00, 0x00, 0x00, 0x00, 0x00, 0x00, 0x00, 0x00, 0x00, 0x00,
  0x00, 0x00, 0x00, 0x00, 0x00, 0x00, 0x00, 0x00, 0x00, 0x00, 0x00, 0x00,
  0x00, 0x00, 0x00, 0x00, 0x00, 0x00, 0x00, 0x00, 0x00, 0x00, 0x00, 0x00,
  0x00, 0x00, 0x00, 0x00, 0x00, 0x00, 0x00, 0x00, 0x00, 0x00, 0x00, 0x00,
  0x00, 0x00, 0x00, 0x00, 0x00, 0x00, 0x00, 0x00, 0x00, 0x00, 0x00, 0x00,
  0x00, 0x00, 0x00, 0x00, 0x00, 0x00, 0x00, 0x00, 0x00, 0x00, 0x00, 0x00,
  0x00, 0x00, 0x00, 0x00, 0x00, 0x00, 0x00, 0x00, 0x00, 0x00, 0x00, 0x00,
  0x00, 0x00, 0x00, 0x00, 0x00, 0x00, 0x00, 0x00, 0x00, 0x00, 0x00, 0x00,
  0x00, 0x00, 0x00, 0x00, 0x00, 0x00, 0x00, 0x00, 0x00, 0x00, 0x00, 0x00,
  0x00, 0x00, 0x00, 0x00, 0x00, 0x00, 0x00, 0x00, 0x00, 0x00, 0x00, 0x00,
  0x00, 0x00, 0x00, 0x00, 0x00, 0x00, 0x00, 0x00, 0x00, 0x00, 0x00, 0x00,
  0x00, 0x00, 0x00, 0x00, 0x00, 0x00, 0x00, 0x00, 0x00, 0x00, 0x00, 0x00,
  0x00, 0x00, 0x00, 0x00, 0x00, 0x00, 0x00, 0x00, 0x00, 0x00, 0x00, 0x00,
  0x00, 0x00, 0x00, 0x00, 0x00, 0x00, 0x00, 0x00, 0x00, 0x00, 0x00, 0x00,
  0x00, 0x00, 0x00, 0x00, 0x00, 0x00, 0x00, 0x00, 0x00, 0x00, 0x00, 0x00,
  0x00, 0x00, 0x00, 0x00, 0x00, 0x00, 0x00, 0x00, 0x00, 0x00, 0x00, 0x00,
  0x00, 0x00, 0x00, 0x00, 0x00, 0x00, 0x00, 0x00, 0x00, 0x00, 0x00, 0x00,
  0x00, 0x00, 0x00, 0x00, 0x00, 0x00, 0x00, 0x00, 0x00, 0x00, 0x00, 0x00,
  0x00, 0x00, 0x00, 0x00, 0x00, 0x00, 0x00, 0x00, 0x00, 0x00, 0x00, 0x00,
  0x00, 0x00, 0x00, 0x00, 0x00, 0x00, 0x00, 0x00, 0x00, 0x00, 0x00, 0x00,
  0x00, 0x00, 0x00, 0x00, 0x00, 0x00, 0x00, 0x00, 0x00, 0x00, 0x00, 0x00,
  0x00, 0x00, 0x00, 0x00, 0x00, 0x00, 0x00, 0x00, 0x00, 0x00, 0x00, 0x00,
  0x00, 0x00, 0x00, 0x00, 0x00, 0x00, 0x00, 0x00, 0x00, 0x00, 0x00, 0x00,
  0x00, 0x00, 0x00, 0x00, 0x00, 0x00, 0x00, 0x00, 0x00, 0x00, 0x00, 0x00,
  0x00, 0x00, 0x00, 0x00, 0x00, 0x00, 0x00, 0x00, 0x00, 0x00, 0x00, 0x00,
  0x00, 0x00, 0x00, 0x00, 0x00, 0x00, 0x00, 0x00, 0x00, 0x00, 0x00, 0x00,
  0x00, 0x00, 0x00, 0x00, 0x00, 0x00, 0x00, 0x00, 0x00, 0x00, 0x00, 0x00,
  0x00, 0x00, 0x00, 0x00, 0x00, 0x00, 0x00, 0x00, 0x00, 0x00, 0x00, 0x00,
  0x00, 0x00, 0x00, 0x00, 0x00, 0x00, 0x00, 0x00, 0x00, 0x00, 0x00, 0x00,
  0x00, 0x00, 0x00, 0x00, 0x00, 0x00, 0x00, 0x00, 0x00, 0x00, 0x00, 0x00,
  0x00, 0x00, 0x00, 0x00, 0x00, 0x00, 0x00, 0x00, 0x00, 0x00, 0x00, 0x00,
  0x00, 0x00, 0x00, 0x00, 0x00, 0x00, 0x00, 0x00, 0x00, 0x00, 0x00, 0x00,
  0x00, 0x00, 0x00, 0x00, 0x00, 0x00, 0x00, 0x00, 0x00, 0x00, 0x00, 0x00,
  0x00, 0x00, 0x00, 0x00, 0x00, 0x00, 0x00, 0x00, 0x00, 0x00, 0x00, 0x00,
  0x00, 0x00, 0x00, 0x00, 0x00, 0x00, 0x00, 0x00, 0x00, 0x00, 0x00, 0x00,
  0x00, 0x00, 0x00, 0x00, 0x00, 0x00, 0x00, 0x00, 0x00, 0x00, 0x00, 0x00,
  0x00, 0x00, 0x00, 0x00, 0x00, 0x00, 0x00, 0x00, 0x00, 0x00, 0x00, 0x00,
  0x00, 0x00, 0x00, 0x00, 0x00, 0x00, 0x00, 0x00, 0x00, 0x00, 0x00, 0x00,
  0x00, 0x00, 0x00, 0x00, 0x00, 0x00, 0x00, 0x00, 0x00, 0x00, 0x00, 0x00,
  0x00, 0x00, 0x00, 0x00, 0x00, 0x00, 0x00, 0x00, 0x00, 0x00, 0x00, 0x00,
  0x00, 0x00, 0x00, 0x00, 0x00, 0x00, 0x00, 0x00, 0x00, 0x00, 0x00, 0x00,
  0x00, 0x00, 0x00, 0x00, 0x00, 0x00, 0x00, 0x00, 0x00, 0x00, 0x00, 0x00,
  0x00, 0x00, 0x00, 0x00, 0x00, 0x00, 0x00, 0x00, 0x00, 0x00, 0x00, 0x00,
  0x00, 0x00, 0x00, 0x00, 0x00, 0x00, 0x00, 0x00, 0x00, 0x00, 0x00, 0x00,
  0x00, 0x00, 0x00, 0x00, 0x00, 0x00, 0x00, 0x00, 0x00, 0x00, 0x00, 0x00,
  0x00, 0x00, 0x00, 0x00, 0x00, 0x00, 0x00, 0x00, 0x00, 0x00, 0x00, 0x00,
  0x00, 0x00, 0x00, 0x00, 0x00, 0x00, 0x00, 0x00, 0x00, 0x00, 0x00, 0x00,
  0x00, 0x00, 0x00, 0x00, 0x00, 0x00, 0x00, 0x00, 0x00, 0x00, 0x00, 0x00,
  0x00, 0x00, 0x00, 0x00, 0x00, 0x00, 0x00, 0x00, 0x00, 0x00, 0x00, 0x00,
  0x00, 0x00, 0x00, 0x00, 0x00, 0x00, 0x00, 0x00, 0x00, 0x00, 0x00, 0x00,
  0x00, 0x00, 0x00, 0x00, 0x00, 0x00, 0x00, 0x00, 0x00, 0x00, 0x00, 0x00,
  0x00, 0x00, 0x00, 0x00, 0x00, 0x00, 0x00, 0x00, 0x00, 0x00, 0x00, 0x00,
  0x00, 0x00, 0x00, 0x00, 0x00, 0x00, 0x00, 0x00, 0x00, 0x00, 0x00, 0x00,
  0x00, 0x00, 0x00, 0x00, 0x00, 0x00, 0x00, 0x00, 0x00, 0x00, 0x00, 0x00,
  0x00, 0x00, 0x00, 0x00, 0x00, 0x00, 0x00, 0x00, 0x00, 0x00, 0x00, 0x00,
  0x00, 0x00, 0x00, 0x00, 0x00, 0x00, 0x00, 0x00, 0x00, 0x00, 0x00, 0x00,
  0x00, 0x00, 0x00, 0x00, 0x00, 0x00, 0x00, 0x00, 0x00, 0x00, 0x00, 0x00,
  0x00, 0x00, 0x00, 0x00, 0x00, 0x00, 0x00, 0x00, 0x00, 0x00, 0x00, 0x00,
  0x00, 0x00, 0x00, 0x00, 0x00, 0x00, 0x00, 0x00, 0x00, 0x00, 0x00, 0x00,
  0x00, 0x00, 0x00, 0x00, 0x00, 0x00, 0x00, 0x00, 0x00, 0x00, 0x00, 0x00,
  0x00, 0x00, 0x00, 0x00, 0x00, 0x00, 0x00, 0x00, 0x00, 0x00, 0x00, 0x00,
  0x00, 0x00, 0x00, 0x00, 0x00, 0x00, 0x00, 0x00, 0x00, 0x00, 0x00, 0x00,
  0x00, 0x00, 0x00, 0x00, 0x00, 0x00, 0x00, 0x00, 0x00, 0x00, 0x00, 0x00,
  0x00, 0x00, 0x00, 0x00, 0x00, 0x00, 0x00, 0x00, 0x00, 0x00, 0x00, 0x00,
  0x00, 0x00, 0x00, 0x00, 0x00, 0x00, 0x00, 0x00, 0x00, 0x00, 0x00, 0x00,
  0x00, 0x00, 0x00, 0x00, 0x00, 0x00, 0x00, 0x00, 0x00, 0x00, 0x00, 0x00,
  0x00, 0x00, 0x00, 0x00, 0x00, 0x00, 0x00, 0x00, 0x00, 0x00, 0x00, 0x00,
  0x00, 0x00, 0x00, 0x00, 0x00, 0x00, 0x00, 0x00, 0x00, 0x00, 0x00, 0x00,
  0x00, 0x00, 0x00, 0x00, 0x00, 0x00, 0x00, 0x00, 0x00, 0x00, 0x00, 0x00,
  0x00, 0x00, 0x00, 0x00, 0x00, 0x00, 0x00, 0x00, 0x00, 0x00, 0x00, 0x00,
  0x00, 0x00, 0x00, 0x00, 0x00, 0x00, 0x00, 0x00, 0x00, 0x00, 0x00, 0x00,
  0x00, 0x00, 0x00, 0x00, 0x00, 0x00, 0x00, 0x00, 0x00, 0x00, 0x00, 0x00,
  0x00, 0x00, 0x00, 0x00, 0x00, 0x00, 0x00, 0x00, 0x00, 0x00, 0x00, 0x00,
  0x00, 0x00, 0x00, 0x00, 0x00, 0x00, 0x00, 0x00, 0x00, 0x00, 0x00, 0x00,
  0x00, 0x00, 0x00, 0x00, 0x00, 0x00, 0x00, 0x00, 0x00, 0x00, 0x00, 0x00,
  0x00, 0x00, 0x00, 0x00, 0x00, 0x00, 0x00, 0x00, 0x00, 0x00, 0x00, 0x00,
  0x00, 0x00, 0x00, 0x00, 0x00, 0x00, 0x00, 0x00, 0x00, 0x00, 0x00, 0x00,
  0x00, 0x00, 0x00, 0x00, 0x00, 0x00, 0x00, 0x00, 0x00, 0x00, 0x00, 0x00,
  0x00, 0x00, 0x00, 0x00, 0x00, 0x00, 0x00, 0x00, 0x00, 0x00, 0x00, 0x00,
  0x00, 0x00, 0x00, 0x00, 0x00, 0x00, 0x00, 0x00, 0x00, 0x00, 0x00, 0x00,
  0x00, 0x00, 0x00, 0x00, 0x00, 0x00, 0x00, 0x00, 0x00, 0x00, 0x00, 0x00,
  0x00, 0x00, 0x00, 0x00, 0x00, 0x00, 0x00, 0x00, 0x00, 0x00, 0x00, 0x00,
  0x00, 0x00, 0x00, 0x00, 0x00, 0x00, 0x00, 0x00, 0x00, 0x00, 0x00, 0x00,
  0x00, 0x00, 0x00, 0x00, 0x43, 0x2d, 0x42, 0x49, 0x4f, 0x53, 0x20, 0x4c,
  0x6f, 0x67, 0x6f, 0x20, 0x52, 0x4f, 0x4d, 0xff, 0xcd, 0x6f, 0x00, 0x3e,
  0x05, 0x32, 0xea, 0xf3, 0x32, 0xeb, 0xf3, 0xcd, 0x62, 0x00, 0x2a, 0x22,
  0xf9, 0x01, 0x00, 0x03, 0x3e, 0x00, 0xcd, 0x56, 0x00, 0x01, 0x00, 0x02,
  0xcd, 0x47, 0x00, 0x01, 0x03, 0x9f, 0xcd, 0x47, 0x00, 0x01, 0x04, 0x00,
  0xcd, 0x47, 0x00, 0x3a, 0xe9, 0xf3, 0xe6, 0x0f, 0x07, 0x07, 0x07, 0x07,
  0x47, 0x3a, 0xea, 0xf3, 0xe6, 0x0f, 0xb0, 0x01, 0x00, 0x08, 0x2a, 0xc9,
  0xf3, 0xcd, 0x56, 0x00, 0x2a, 0x24, 0xf9, 0x01, 0x00, 0x04, 0x09, 0xeb,
  0x01, 0x30, 0x03, 0x21, 0xbc, 0x80, 0xcd, 0x5c, 0x00, 0x2a, 0x24, 0xf9,
  0x01, 0x00, 0x01, 0x09, 0xeb, 0x2a, 0x04, 0x00, 0x09, 0x01, 0x00, 0x03,
  0xcd, 0x5c, 0x00, 0x2a, 0xc9, 0xf3, 0x01, 0x00, 0x04, 0x09, 0xeb, 0x01,
  0x30, 0x03, 0x21, 0xec, 0x83, 0xcd, 0x5c, 0x00, 0x2a, 0xc9, 0xf3, 0x11,
  0x00, 0x01, 0x19, 0x01, 0x00, 0x03, 0x3e, 0xf1, 0xcd, 0x56, 0x00, 0x2a,
  0x22, 0xf9, 0x01, 0x84, 0x00, 0x09, 0xeb, 0x21, 0x1c, 0x87, 0x06, 0x0a,
  0xc5, 0xe5, 0xd5, 0x01, 0x18, 0x00, 0xcd, 0x5c, 0x00, 0xe1, 0x01, 0x20,
  0x00, 0x09, 0xeb, 0xe1, 0x01, 0x18, 0x00, 0x09, 0xc1, 0x10, 0xe9, 0xc9,
  0x00, 0x00, 0x00, 0x00, 0x00, 0x00, 0x00, 0x00, 0x00, 0x00, 0x00, 0x00,
  0x00, 0x00, 0xfe, 0xf8, 0x00, 0x00, 0xfe, 0xf8, 0x1f, 0x7f, 0x00, 0x00,
  0xfe, 0x3f, 0x00, 0x00, 0x00, 0x00, 0x00, 0x00, 0x00, 0x00, 0x00, 0x00,
  0x00, 0x00, 0x00, 0x00, 0x1f, 0x00, 0x00, 0x00, 0x00, 0x00, 0x00, 0x00,
  0x00, 0x00, 0x1f, 0xf8, 0xfe, 0x00, 0x00, 0x00, 0x00, 0x00, 0x00, 0x00,
  0x00, 0x7f, 0x1f, 0xf0, 0x00, 0x00, 0x00, 0x00, 0xfe, 0xfc, 0xf8, 0xf0,
  0x1f, 0x3f, 0x7f, 0x00, 0x00, 0x00, 0x00, 0x00, 0x00, 0x00, 0x00, 0x00,
  0xfe, 0xfc, 0xf8, 0xf0, 0x00, 0xf8, 0x1f, 0x7f, 0x00, 0x00, 0x00, 0x00,
  0x00, 0x00, 0x00, 0x00, 0x00, 0x00, 0x00, 0x00, 0x00, 0x1f, 0xf8, 0xfe,
  0x00, 0x00, 0x00, 0x00, 0x00, 0x00, 0x00, 0x00, 0x00, 0x7f, 0x3f, 0x1f,
  0xf8, 0xfc, 0xfe, 0x00, 0x00, 0x00, 0x00, 0x00, 0x00, 0x00, 0x00, 0x00,
  0x7f, 0x3f, 0x1f, 0xf0, 0x00, 0x00, 0x00, 0x00, 0x00, 0x00, 0xfe, 0xfe,
  0x1f, 0x3f, 0x7f, 0x7f, 0x00, 0x00, 0x00, 0x00, 0x00, 0x00, 0x00, 0x00,
  0x00, 0xfe, 0xfe, 0xfc, 0x1f, 0x3f, 0x7f, 0x00, 0x00, 0x00, 0x00, 0x00,
  0xf8, 0xf8, 0xf8, 0xf8, 0xf0, 0xf0, 0xf0, 0xf0, 0x1f, 0x1f, 0x1f, 0x1f,
  0x3f, 0x3f, 0x3f, 0x3f, 0xf8, 0xf8, 0xf8, 0xf8, 0x00, 0x00, 0x00, 0x00,
  0xf8, 0xf8, 0xf0, 0xf0, 0xf0, 0x1f, 0x1f, 0x1f, 0x00, 0x00, 0x00, 0x00,
  0x00, 0x00, 0x00, 0x00, 0xf8, 0xf8, 0xf0, 0xf0, 0xf0, 0x1f, 0x1f, 0x1f,
  0xf0, 0xf0, 0xf0, 0xf0, 0x1f, 0x1f, 0x1f, 0x1f, 0x3f, 0xc7, 0xdf, 0x00,
  0x00, 0xf8, 0xf0, 0x1f, 0x00, 0x00, 0x00, 0x00, 0x00, 0x00, 0x00, 0x00,
  0x00, 0x00, 0x00, 0x00, 0xf8, 0x00, 0x00, 0x00, 0x00, 0x1f, 0xf8, 0xfc,
  0xfe, 0x00, 0x7f, 0x3f, 0xfe, 0xfe, 0xfe, 0xfe, 0xfc, 0xfc, 0xfc, 0x7c,
  0xf0, 0xf0, 0xf0, 0xf0, 0x1f, 0x1f, 0x1f, 0x1f, 0x00, 0x00, 0xfc, 0xf8,
  0x1f, 0x3f, 0x7f, 0xfe, 0x1f, 0x00, 0x00, 0x00, 0xf0, 0x7f, 0x00, 0x00,
  0x1f, 0xfc, 0x00, 0x00, 0x00, 0x1f, 0xf0, 0xf8, 0x00, 0x00, 0x00, 0x7f,
  0x3f, 0x1f, 0x1f, 0xf0, 0xfe, 0xf8, 0xf0, 0x1f, 0x7f, 0x7c, 0xfc, 0xf8,
  0x3f, 0x3f, 0x7f, 0x7f, 0x7f, 0x7f, 0x7f, 0x7f, 0x00, 0x00, 0x00, 0x00,
  0x00, 0x00, 0x00, 0x00, 0x3f, 0x3f, 0x7f, 0x7f, 0x7f, 0x7f, 0x7f, 0x7f,
  0x1f, 0x1f, 0x1f, 0x1f, 0x3f, 0x3f, 0x3f, 0x3f, 0x3f, 0x7f, 0x7f, 0x7f,
  0x00, 0x00, 0x00, 0x00, 0x1f, 0xf0, 0xf8, 0xf8, 0xf8, 0xf8, 0xf8, 0xf8,
  0x7c, 0x3c, 0x3c, 0x3c, 0xc7, 0xc7, 0xc7, 0xc7, 0x1f, 0x1e, 0xe3, 0xe3,
  0xc7, 0xc7, 0xc7, 0xc7, 0xfc, 0xf8, 0xf0, 0xf0, 0x1f, 0x3f, 0x3f, 0x3f,
  0xfc, 0xfe, 0x00, 0x00, 0x00, 0x00, 0x00, 0x00, 0xf0, 0xf8, 0xf8, 0xf8,
  0xf8, 0xf8, 0xf8, 0xf8, 0xf8, 0xf8, 0xf8, 0xf8, 0xf8, 0xfe, 0x7f, 0x3f,
  0x00, 0x00, 0x00, 0x00, 0x00, 0x00, 0x00, 0x00, 0x00, 0x00, 0x00, 0x00,
  0x00, 0x00, 0x7f, 0x1f, 0x00, 0x00, 0x00, 0x00, 0x00, 0x00, 0x00, 0x00,
  0x3f, 0x3f, 0x3f, 0x3f, 0x7e, 0x7e, 0x7e, 0x7e, 0xf8, 0xf8, 0xf8, 0xf0,
  0x1f, 0x1f, 0x3f, 0x7e, 0xc7, 0xc7, 0xc7, 0xc7, 0xf0, 0xf0, 0xf0, 0xf0,
  0xc7, 0xc7, 0xc7, 0xc7, 0x78, 0x78, 0x78, 0x7c, 0x3f, 0x3f, 0x3f, 0x3f,
  0x3f, 0x3f, 0x1f, 0xf0, 0x00, 0x00, 0x00, 0xfe, 0xfc, 0xfc, 0xf8, 0xf0,
  0xf8, 0xf8, 0xf8, 0xf8, 0xf0, 0xf0, 0x1f, 0x1f, 0x1f, 0xf8, 0x00, 0x00,
  0x00, 0x00, 0x00, 0x00, 0x00, 0x00, 0x00, 0x00, 0x00, 0x00, 0x00, 0x00,
  0x00, 0x00, 0xfe, 0x00, 0x00, 0x00, 0x00, 0x00, 0xf0, 0xf8, 0xfc, 0x7c,
  0x7c, 0x7c, 0x7c, 0x7c, 0x00, 0x00, 0x00, 0x7f, 0x7f, 0x7f, 0x3f, 0x3f,
  0x00, 0x00, 0x00, 0x00, 0x00, 0x00, 0x00, 0x00, 0x00, 0x00, 0x00, 0x7f,
  0x7f, 0x7f, 0x3f, 0x3f, 0x7e, 0x7e, 0x7e, 0x7e, 0x00, 0x00, 0x00, 0x00,
  0x00, 0x00, 0x00, 0x00, 0x00, 0x00, 0x00, 0x00, 0x00, 0xfe, 0xfc, 0x1f,
  0x00, 0x00, 0xfe, 0xf0, 0xfe, 0xfc, 0xf8, 0xf0, 0x3c, 0x8f, 0x1f, 0x7f,
  0xf0, 0xf0, 0xf0, 0xf0, 0x9f, 0x9f, 0x9f, 0x9f, 0x7c, 0x7e, 0x7e, 0x7f,
  0xe3, 0x3e, 0x3f, 0x3f, 0xf8, 0xfc, 0xfe, 0x00, 0x7f, 0x3f, 0xf0, 0x3e,
  0x00, 0x00, 0x00, 0x3f, 0x00, 0x00, 0x00, 0x00, 0x00, 0x00, 0x00, 0xfc,
  0x00, 0x00, 0x00, 0xfe, 0x1f, 0x3f, 0x7f, 0xfe, 0xf8, 0xf1, 0x3c, 0xf0,
  0x3f, 0x7f, 0x00, 0x00, 0x7f, 0x00, 0x00, 0x00, 0x00, 0x00, 0x00, 0xfc,
  0x00, 0x00, 0x00, 0xfe, 0x7c, 0xfc, 0xf8, 0xf8, 0x1f, 0x3f, 0x7f, 0x00,
  0x3f, 0x3f, 0x1f, 0x1f, 0xf0, 0xf0, 0xf8, 0xfc, 0x3f, 0x1f, 0x1f, 0xf0,
  0xf8, 0xf8, 0xfc, 0xfe, 0xfc, 0xfe, 0x00, 0x00, 0x00, 0x00, 0x00, 0x00,
  0x00, 0x00, 0x00, 0x7f, 0x3f, 0x1f, 0xf0, 0xf8, 0xfe, 0x00, 0x00, 0x00,
  0x00, 0x00, 0x00, 0x00, 0x00, 0x00, 0x7f, 0x3f, 0x1f, 0xf8, 0xfe, 0x00,
  0x00, 0x00, 0x00, 0x00, 0x00, 0x00, 0x00, 0x3f, 0x00, 0x00, 0x00, 0x00,
  0x00, 0xfe, 0xf8, 0x3f, 0xf0, 0x1f, 0x3f, 0x7f, 0x00, 0x00, 0x00, 0x00,
  0x00, 0x00, 0x00, 0x00, 0x00, 0x00, 0xfe, 0xfc, 0xf8, 0xf0, 0x1f, 0x3f,
  0x7f, 0x00, 0x00, 0x00, 0xfc, 0xfe, 0x00, 0x00, 0x00, 0x00, 0x00, 0x00,
  0x00, 0x00, 0x7f, 0x1f, 0xf8, 0xfe, 0x00, 0x00, 0x00, 0x00, 0x00, 0x00,
  0x00, 0x00, 0x3f, 0xfe, 0x00, 0x00, 0x00, 0x00, 0x00, 0x00, 0x00, 0x1f,
  0x00, 0x00, 0x00, 0xfe, 0xf8, 0x1f, 0x00, 0x00, 0xf0, 0x1f, 0x7f, 0x00,
  0x00, 0x00, 0x00, 0x00, 0x00, 0x00, 0x00, 0x00, 0x00, 0x00, 0x00, 0x00,
  0x00, 0x7f, 0x7f, 0x7f, 0x7f, 0x7f, 0x7f, 0x7f, 0x7f, 0x7f, 0x7f, 0x7f,
  0x7f, 0x7f, 0x7f, 0x7f, 0x7f, 0x00, 0x00, 0x00, 0x00, 0x00, 0x00, 0x00,
  0x00, 0x00, 0x00, 0x00, 0x00, 0x00, 0x00, 0x00, 0x00, 0x00, 0x00, 0x00,
  0x00, 0x00, 0x09, 0x09, 0x00, 0x00, 0x09, 0x09, 0x90, 0x90, 0x09, 0x09,
  0x09, 0x90, 0x09, 0x09, 0x09, 0x09, 0x09, 0x09, 0x09, 0x09, 0x09, 0x09,
  0x09, 0x09, 0x09, 0x09, 0x09, 0x09, 0x09, 0x09, 0x09, 0x09, 0x09, 0x09,
  0x00, 0x00, 0x09, 0x90, 0x90, 0x09, 0x09, 0x09, 0x00, 0x00, 0x00, 0x00,
  0x00, 0x09, 0x09, 0x90, 0x01, 0x01, 0x01, 0x01, 0x19, 0x19, 0x19, 0x19,
  0x91, 0x91, 0x91, 0x09, 0x09, 0x09, 0x09, 0x09, 0x09, 0x09, 0x09, 0x09,
  0x91, 0x91, 0x91, 0x91, 0x09, 0x91, 0x19, 0x19, 0x01, 0x01, 0x01, 0x01,
  0x01, 0x01, 0x01, 0x01, 0x01, 0x01, 0x01, 0x01, 0x09, 0x91, 0x19, 0x19,
  0x01, 0x01, 0x01, 0x01, 0x09, 0x09, 0x09, 0x09, 0x09, 0x91, 0x91, 0x91,
  0x91, 0x91, 0x91, 0x09, 0x09, 0x09, 0x09, 0x09, 0x01, 0x01, 0x01, 0x01,
  0x19, 0x19, 0x19, 0x91, 0x00, 0x00, 0x00, 0x00, 0x00, 0x00, 0x09, 0x09,
  0x91, 0x91, 0x91, 0x91, 0x09, 0x09, 0x09, 0x09, 0x09, 0x09, 0x09, 0x09,
  0x09, 0x91, 0x91, 0x91, 0x19, 0x19, 0x19, 0x01, 0x01, 0x01, 0x01, 0x01,
  0x1f, 0x1f, 0x1f, 0x1f, 0x1f, 0x1f, 0x1f, 0x1f, 0x1f, 0x1f, 0x1f, 0x1f,
  0x1f, 0x1f, 0x1f, 0x1f, 0xf1, 0xf1, 0xf1, 0xf1, 0x01, 0x01, 0x01, 0x01,
  0x08, 0x09, 0x09, 0x09, 0x08, 0x90, 0x90, 0x90, 0x08, 0x09, 0x09, 0x09,
  0x08, 0x09, 0x09, 0x09, 0x81, 0x91, 0x91, 0x91, 0x81, 0x19, 0x19, 0x19,
  0x1f, 0x1f, 0x1f, 0x1f, 0xf1, 0xf1, 0xf1, 0xf1, 0x1f, 0xf1, 0xf1, 0x0f,
  0x0f, 0xf1, 0xf1, 0x1f, 0x0f, 0x0f, 0x0f, 0x0f, 0x01, 0x01, 0x01, 0x01,
  0x0f, 0x0f, 0x0f, 0x0f, 0x1f, 0x01, 0x01, 0x01, 0x01, 0x1f, 0xf1, 0xf1,
  0xf1, 0x0f, 0xf1, 0xf1, 0x1f, 0x1f, 0x1f, 0x1f, 0x1f, 0x1f, 0x1f, 0x1f,
  0xf1, 0xf1, 0xf1, 0xf1, 0x1f, 0x1f, 0x1f, 0x1f, 0x01, 0x01, 0x1f, 0x1f,
  0xf1, 0xf1, 0xf1, 0xf1, 0xf1, 0x0f, 0x0f, 0x0f, 0xf1, 0x1f, 0x01, 0x01,
  0x1f, 0xf1, 0x0f, 0x0f, 0x0f, 0xf1, 0x1f, 0x1f, 0x01, 0x01, 0x01, 0x1f,
  0x1f, 0x1f, 0x1f, 0xf1, 0x1f, 0x1f, 0x1f, 0xf1, 0xf1, 0xf1, 0xf1, 0xf1,
  0x80, 0x90, 0x90, 0x80, 0x90, 0x80, 0x80, 0x90, 0x08, 0x09, 0x09, 0x08,
  0x09, 0x08, 0x08, 0x09, 0x18, 0x19, 0x19, 0x18, 0x19, 0x18, 0x18, 0x19,
  0xf1, 0xf1, 0xf1, 0xf1, 0xf1, 0xf1, 0xf1, 0xf1, 0x1f, 0x1f, 0x1f, 0x1f,
  0x01, 0x01, 0x01, 0x01, 0xf1, 0x1f, 0x1f, 0x1f, 0x1f, 0x1f, 0x1f, 0x1f,
  0x1f, 0x1f, 0x1f, 0x1f, 0xf1, 0xf1, 0xf1, 0xf1, 0x1f, 0x1f, 0xf1, 0xf1,
  0xf1, 0xf1, 0xf1, 0xf1, 0xf1, 0xf1, 0xf1, 0xf1, 0x1f, 0x1f, 0x1f, 0x1f,
  0x1f, 0x1f, 0x01, 0x01, 0x01, 0x01, 0x01, 0x01, 0xf1, 0xf1, 0xf1, 0xf1,
  0xf1, 0xf1, 0xf1, 0xf1, 0xf1, 0xf1, 0xf1, 0xf1, 0xf1, 0xf1, 0xf1, 0xf1,
  0x01, 0x01, 0x01, 0x01, 0x01, 0x01, 0x0f, 0x0f, 0x01, 0x01, 0x01, 0x01,
  0x01, 0x01, 0x1f, 0x1f, 0x08, 0x08, 0x08, 0x09, 0x08, 0x08, 0x08, 0x09,
  0xf1, 0xf1, 0xe1, 0xf1, 0xf1, 0xe1, 0xe1, 0xf1, 0x1f, 0x1f, 0x1e, 0x1f,
  0xf1, 0xe1, 0xe1, 0xf1, 0xf1, 0xf1, 0xe1, 0xf1, 0x1f, 0x1e, 0x1e, 0x1f,
  0xf1, 0xf1, 0xe1, 0xf1, 0x1f, 0x1e, 0x1e, 0x1f, 0x1f, 0x1f, 0x1e, 0x1f,
  0x1f, 0x1e, 0x1e, 0xf1, 0x01, 0x01, 0x01, 0x1f, 0x1f, 0x1e, 0x1e, 0x1f,
  0xf1, 0xf1, 0xe1, 0xf1, 0xf1, 0xe1, 0x1e, 0x1f, 0xf1, 0x1f, 0x01, 0x01,
  0x01, 0x01, 0x01, 0x01, 0x0f, 0x0f, 0x01, 0x01, 0x01, 0x01, 0x01, 0x01,
  0x0f, 0x0f, 0x1e, 0x01, 0x01, 0x01, 0x01, 0x01, 0xf1, 0xf1, 0xe1, 0xf1,
  0xf1, 0xe1, 0xe1, 0xf1, 0x08, 0x08, 0x08, 0x80, 0x80, 0x80, 0x80, 0x80,
  0x08, 0x08, 0x08, 0x08, 0x08, 0x08, 0x08, 0x08, 0x01, 0x01, 0x01, 0x18,
  0x18, 0x18, 0x18, 0x18, 0xe1, 0xe1, 0xe1, 0xe1, 0x0e, 0x0e, 0x0e, 0x0e,
  0x01, 0x01, 0x01, 0x01, 0x0e, 0x0e, 0x0e, 0x0e, 0x01, 0x1e, 0x1e, 0xe1,
  0x0e, 0x0e, 0xe1, 0xe1, 0xe1, 0xe1, 0xe1, 0xe1, 0x1e, 0xe1, 0xe1, 0xe1,
  0x1e, 0x1e, 0x1e, 0x1e, 0xe1, 0xe1, 0xe1, 0xe1, 0x1e, 0x1e, 0x1e, 0x1e,
  0x1e, 0xe1, 0xe1, 0xe1, 0xe1, 0xe1, 0xe1, 0x0e, 0xe1, 0xe1, 0x1e, 0x1e,
  0x01, 0x01, 0x01, 0x1e, 0x0e, 0x0e, 0x0e, 0x0e, 0x01, 0x01, 0x01, 0x1e,
  0x0e, 0x0e, 0x0e, 0xe1, 0xe1, 0xe1, 0xe1, 0xe1, 0xe1, 0xe1, 0x1e, 0x1e,
  0x1e, 0x1e, 0x01, 0x01, 0xe1, 0x0e, 0x0e, 0x0e, 0x01, 0x01, 0x01, 0x1e,
  0x0e, 0x0e, 0x0e, 0xe1, 0xe1, 0xe1, 0xe1, 0xe1, 0x1e, 0x1e, 0x1e, 0x01,
  0x80, 0x80, 0x80, 0x80, 0x08, 0x08, 0x08, 0x08, 0x18, 0x18, 0x18, 0x81,
  0x81, 0x81, 0x81, 0x81, 0x08, 0x08, 0x00, 0x00, 0x00, 0x00, 0x00, 0x00,
  0x08, 0x08, 0x08, 0x81, 0x81, 0x81, 0x18, 0x18, 0x81, 0x08, 0x08, 0x08,
  0x08, 0x08, 0x08, 0x08, 0x01, 0x01, 0x18, 0x18, 0x18, 0x81, 0x81, 0x08,
  0x01, 0x01, 0x01, 0x01, 0x01, 0x01, 0x01, 0x18, 0x01, 0x01, 0x01, 0x01,
  0x01, 0x18, 0x18, 0x81, 0x18, 0x81, 0x81, 0x81, 0x08, 0x08, 0x08, 0x08,
  0x08, 0x08, 0x08, 0x08, 0x08, 0x08, 0x81, 0x81, 0x81, 0x81, 0x18, 0x18,
  0x18, 0x01, 0x01, 0x01, 0x08, 0x08, 0x00, 0x00, 0x00, 0x00, 0x00, 0x00,
  0x08, 0x08, 0x80, 0x80, 0x08, 0x08, 0x00, 0x00, 0x08, 0x08, 0x08, 0x08,
  0x08, 0x08, 0x80, 0x08, 0x08, 0x08, 0x08, 0x08, 0x08, 0x08, 0x08, 0x08,
  0x08, 0x08, 0x08, 0x80, 0x80, 0x08, 0x00, 0x00, 0x84, 0x08, 0x08, 0x00,
  0x00, 0x00, 0x00, 0x00, 0x04, 0x00, 0x00, 0x00, 0x00, 0x00, 0x00, 0x00,
  0x00, 0x04, 0x04, 0x04, 0x04, 0x04, 0x04, 0x04, 0x04, 0x04, 0x04, 0x04,
  0x04, 0x04, 0x04, 0x04, 0x04, 0x00, 0x00, 0x00, 0x00, 0x00, 0x00, 0x00,
  0x80, 0x80, 0x81, 0x82, 0x83, 0x84, 0x85, 0x86, 0x87, 0x80, 0x80, 0x80,
  0x80, 0x80, 0x80, 0x80, 0x80, 0x80, 0x80, 0x80, 0x80, 0x80, 0x80, 0x80,
  0x80, 0x88, 0x89, 0x8a, 0x8b, 0x8c, 0x8d, 0x8e, 0x8f, 0x90, 0x8c, 0x8c,
  0x8c, 0x8c, 0x8c, 0x8c, 0x8c, 0x8c, 0x8c, 0x8c, 0x8c, 0x8c, 0x8c, 0xe3,
  0x91, 0x92, 0x93, 0x94, 0x8c, 0x95, 0x96, 0x8c, 0x8c, 0x8c, 0x8c, 0x97,
  0x8c, 0x8c, 0x8c, 0x8c, 0x8c, 0x8c, 0x8c, 0x8c, 0x8c, 0x8c, 0x8c, 0xe4,
  0x98, 0x99, 0x9a, 0x8c, 0x8c, 0x9b, 0x9c, 0x9d, 0x9e, 0x9f, 0xa0, 0xa1,
  0xa2, 0xa3, 0x9d, 0xa4, 0xa5, 0xa6, 0x9d, 0x9d, 0x9d, 0x9d, 0x8c, 0xe4,
  0xa7, 0xa8, 0xa9, 0x8c, 0x8c, 0xaa, 0xab, 0x8c, 0x8c, 0xac, 0xad, 0xae,
  0xaf, 0x8c, 0x8c, 0xb0, 0xb1, 0xb2, 0xb3, 0xb3, 0xb3, 0xb4, 0x8c, 0xe4,
  0xb5, 0xb5, 0x8c, 0x8c, 0x8c, 0xb6, 0x8c, 0x8c, 0x8c, 0xb7, 0xb8, 0xb9,
  0xba, 0x8c, 0x8c, 0xbb, 0xbc, 0xbd, 0xbe, 0xbe, 0xbf, 0xc0, 0x8c, 0xe4,
  0xc1, 0xc2, 0xc3, 0x8c, 0x8c, 0xc4, 0xc5, 0xc5, 0xc6, 0xc7, 0xc8, 0xc9,
  0xca, 0xcb, 0xcc, 0xcd, 0xce, 0xc5, 0xc5, 0xc5, 0xcf, 0xd0, 0x8c, 0xe4,
  0xd1, 0xc2, 0xd2, 0x8c, 0x8c, 0x8c, 0x8c, 0x8c, 0x8c, 0x8c, 0x8c, 0x8c,
  0x8c, 0x8c, 0x8c, 0x8c, 0x8c, 0x8c, 0x8c, 0x8c, 0x8c, 0x8c, 0x8c, 0xe4,
  0xd3, 0xd4, 0xd5, 0xd6, 0xd7, 0xd8, 0xd9, 0xda, 0xdb, 0x8c, 0x8c, 0x8c,
  0x8c, 0x8c, 0x8c, 0x8c, 0x8c, 0x8c, 0x56, 0x30, 0x2e, 0x32, 0x39, 0xe4,
  0x80, 0xdc, 0xdd, 0xde, 0xc2, 0xdf, 0xe0, 0xe1, 0xe2, 0xe2, 0xe2, 0xe2,
  0xe2, 0xe2, 0xe2, 0xe2, 0xe2, 0xe2, 0xe2, 0xe2, 0xe2, 0xe2, 0xe2, 0xe5,
  0xff, 0xff, 0xff, 0xff, 0xff, 0xff, 0xff, 0xff, 0xff, 0xff, 0xff, 0xff,
  0xff, 0xff, 0xff, 0xff, 0xff, 0xff, 0xff, 0xff, 0xff, 0xff, 0xff, 0xff,
  0xff, 0xff, 0xff, 0xff, 0xff, 0xff, 0xff, 0xff, 0xff, 0xff, 0xff, 0xff,
  0xff, 0xff, 0xff, 0xff, 0xff, 0xff, 0xff, 0xff, 0xff, 0xff, 0xff, 0xff,
  0xff, 0xff, 0xff, 0xff, 0xff, 0xff, 0xff, 0xff, 0xff, 0xff, 0xff, 0xff,
  0xff, 0xff, 0xff, 0xff, 0xff, 0xff, 0xff, 0xff, 0xff, 0xff, 0xff, 0xff,
  0xff, 0xff, 0xff, 0xff, 0xff, 0xff, 0xff, 0xff, 0xff, 0xff, 0xff, 0xff,
  0xff, 0xff, 0xff, 0xff, 0xff, 0xff, 0xff, 0xff, 0xff, 0xff, 0xff, 0xff,
  0xff, 0xff, 0xff, 0xff, 0xff, 0xff, 0xff, 0xff, 0xff, 0xff, 0xff, 0xff,
  0xff, 0xff, 0xff, 0xff, 0xff, 0xff, 0xff, 0xff, 0xff, 0xff, 0xff, 0xff,
  0xff, 0xff, 0xff, 0xff, 0xff, 0xff, 0xff, 0xff, 0xff, 0xff, 0xff, 0xff,
  0xff, 0xff, 0xff, 0xff, 0xff, 0xff, 0xff, 0xff, 0xff, 0xff, 0xff, 0xff,
  0xff, 0xff, 0xff, 0xff, 0xff, 0xff, 0xff, 0xff, 0xff, 0xff, 0xff, 0xff,
  0xff, 0xff, 0xff, 0xff, 0xff, 0xff, 0xff, 0xff, 0xff, 0xff, 0xff, 0xff,
  0xff, 0xff, 0xff, 0xff, 0xff, 0xff, 0xff, 0xff, 0xff, 0xff, 0xff, 0xff,
  0xff, 0xff, 0xff, 0xff, 0xff, 0xff, 0xff, 0xff, 0xff, 0xff, 0xff, 0xff,
  0xff, 0xff, 0xff, 0xff, 0xff, 0xff, 0xff, 0xff, 0xff, 0xff, 0xff, 0xff,
  0xff, 0xff, 0xff, 0xff, 0xff, 0xff, 0xff, 0xff, 0xff, 0xff, 0xff, 0xff,
  0xff, 0xff, 0xff, 0xff, 0xff, 0xff, 0xff, 0xff, 0xff, 0xff, 0xff, 0xff,
  0xff, 0xff, 0xff, 0xff, 0xff, 0xff, 0xff, 0xff, 0xff, 0xff, 0xff, 0xff,
  0xff, 0xff, 0xff, 0xff, 0xff, 0xff, 0xff, 0xff, 0xff, 0xff, 0xff, 0xff,
  0xff, 0xff, 0xff, 0xff, 0xff, 0xff, 0xff, 0xff, 0xff, 0xff, 0xff, 0xff,
  0xff, 0xff, 0xff, 0xff, 0xff, 0xff, 0xff, 0xff, 0xff, 0xff, 0xff, 0xff,
  0xff, 0xff, 0xff, 0xff, 0xff, 0xff, 0xff, 0xff, 0xff, 0xff, 0xff, 0xff,
  0xff, 0xff, 0xff, 0xff, 0xff, 0xff, 0xff, 0xff, 0xff, 0xff, 0xff, 0xff,
  0xff, 0xff, 0xff, 0xff, 0xff, 0xff, 0xff, 0xff, 0xff, 0xff, 0xff, 0xff,
  0xff, 0xff, 0xff, 0xff, 0xff, 0xff, 0xff, 0xff, 0xff, 0xff, 0xff, 0xff,
  0xff, 0xff, 0xff, 0xff, 0xff, 0xff, 0xff, 0xff, 0xff, 0xff, 0xff, 0xff,
  0xff, 0xff, 0xff, 0xff, 0xff, 0xff, 0xff, 0xff, 0xff, 0xff, 0xff, 0xff,
  0xff, 0xff, 0xff, 0xff, 0xff, 0xff, 0xff, 0xff, 0xff, 0xff, 0xff, 0xff,
  0xff, 0xff, 0xff, 0xff, 0xff, 0xff, 0xff, 0xff, 0xff, 0xff, 0xff, 0xff,
  0xff, 0xff, 0xff, 0xff, 0xff, 0xff, 0xff, 0xff, 0xff, 0xff, 0xff, 0xff,
  0xff, 0xff, 0xff, 0xff, 0xff, 0xff, 0xff, 0xff, 0xff, 0xff, 0xff, 0xff,
  0xff, 0xff, 0xff, 0xff, 0xff, 0xff, 0xff, 0xff, 0xff, 0xff, 0xff, 0xff,
  0xff, 0xff, 0xff, 0xff, 0xff, 0xff, 0xff, 0xff, 0xff, 0xff, 0xff, 0xff,
  0xff, 0xff, 0xff, 0xff, 0xff, 0xff, 0xff, 0xff, 0xff, 0xff, 0xff, 0xff,
  0xff, 0xff, 0xff, 0xff, 0xff, 0xff, 0xff, 0xff, 0xff, 0xff, 0xff, 0xff,
  0xff, 0xff, 0xff, 0xff, 0xff, 0xff, 0xff, 0xff, 0xff, 0xff, 0xff, 0xff,
  0xff, 0xff, 0xff, 0xff, 0xff, 0xff, 0xff, 0xff, 0xff, 0xff, 0xff, 0xff,
  0xff, 0xff, 0xff, 0xff, 0xff, 0xff, 0xff, 0xff, 0xff, 0xff, 0xff, 0xff,
  0xff, 0xff, 0xff, 0xff, 0xff, 0xff, 0xff, 0xff, 0xff, 0xff, 0xff, 0xff,
  0xff, 0xff, 0xff, 0xff, 0xff, 0xff, 0xff, 0xff, 0xff, 0xff, 0xff, 0xff,
  0xff, 0xff, 0xff, 0xff, 0xff, 0xff, 0xff, 0xff, 0xff, 0xff, 0xff, 0xff,
  0xff, 0xff, 0xff, 0xff, 0xff, 0xff, 0xff, 0xff, 0xff, 0xff, 0xff, 0xff,
  0xff, 0xff, 0xff, 0xff, 0xff, 0xff, 0xff, 0xff, 0xff, 0xff, 0xff, 0xff,
  0xff, 0xff, 0xff, 0xff, 0xff, 0xff, 0xff, 0xff, 0xff, 0xff, 0xff, 0xff,
  0xff, 0xff, 0xff, 0xff, 0xff, 0xff, 0xff, 0xff, 0xff, 0xff, 0xff, 0xff,
  0xff, 0xff, 0xff, 0xff, 0xff, 0xff, 0xff, 0xff, 0xff, 0xff, 0xff, 0xff,
  0xff, 0xff, 0xff, 0xff, 0xff, 0xff, 0xff, 0xff, 0xff, 0xff, 0xff, 0xff,
  0xff, 0xff, 0xff, 0xff, 0xff, 0xff, 0xff, 0xff, 0xff, 0xff, 0xff, 0xff,
  0xff, 0xff, 0xff, 0xff, 0xff, 0xff, 0xff, 0xff, 0xff, 0xff, 0xff, 0xff,
  0xff, 0xff, 0xff, 0xff, 0xff, 0xff, 0xff, 0xff, 0xff, 0xff, 0xff, 0xff,
  0xff, 0xff, 0xff, 0xff, 0xff, 0xff, 0xff, 0xff, 0xff, 0xff, 0xff, 0xff,
  0xff, 0xff, 0xff, 0xff, 0xff, 0xff, 0xff, 0xff, 0xff, 0xff, 0xff, 0xff,
  0xff, 0xff, 0xff, 0xff, 0xff, 0xff, 0xff, 0xff, 0xff, 0xff, 0xff, 0xff,
  0xff, 0xff, 0xff, 0xff, 0xff, 0xff, 0xff, 0xff, 0xff, 0xff, 0xff, 0xff,
  0xff, 0xff, 0xff, 0xff, 0xff, 0xff, 0xff, 0xff, 0xff, 0xff, 0xff, 0xff,
  0xff, 0xff, 0xff, 0xff, 0xff, 0xff, 0xff, 0xff, 0xff, 0xff, 0xff, 0xff,
  0xff, 0xff, 0xff, 0xff, 0xff, 0xff, 0xff, 0xff, 0xff, 0xff, 0xff, 0xff,
  0xff, 0xff, 0xff, 0xff, 0xff, 0xff, 0xff, 0xff, 0xff, 0xff, 0xff, 0xff,
  0xff, 0xff, 0xff, 0xff, 0xff, 0xff, 0xff, 0xff, 0xff, 0xff, 0xff, 0xff,
  0xff, 0xff, 0xff, 0xff, 0xff, 0xff, 0xff, 0xff, 0xff, 0xff, 0xff, 0xff,
  0xff, 0xff, 0xff, 0xff, 0xff, 0xff, 0xff, 0xff, 0xff, 0xff, 0xff, 0xff,
  0xff, 0xff, 0xff, 0xff, 0xff, 0xff, 0xff, 0xff, 0xff, 0xff, 0xff, 0xff,
  0xff, 0xff, 0xff, 0xff, 0xff, 0xff, 0xff, 0xff, 0xff, 0xff, 0xff, 0xff,
  0xff, 0xff, 0xff, 0xff, 0xff, 0xff, 0xff, 0xff, 0xff, 0xff, 0xff, 0xff,
  0xff, 0xff, 0xff, 0xff, 0xff, 0xff, 0xff, 0xff, 0xff, 0xff, 0xff, 0xff,
  0xff, 0xff, 0xff, 0xff, 0xff, 0xff, 0xff, 0xff, 0xff, 0xff, 0xff, 0xff,
  0xff, 0xff, 0xff, 0xff, 0xff, 0xff, 0xff, 0xff, 0xff, 0xff, 0xff, 0xff,
  0xff, 0xff, 0xff, 0xff, 0xff, 0xff, 0xff, 0xff, 0xff, 0xff, 0xff, 0xff,
  0xff, 0xff, 0xff, 0xff, 0xff, 0xff, 0xff, 0xff, 0xff, 0xff, 0xff, 0xff,
  0xff, 0xff, 0xff, 0xff, 0xff, 0xff, 0xff, 0xff, 0xff, 0xff, 0xff, 0xff,
  0xff, 0xff, 0xff, 0xff, 0xff, 0xff, 0xff, 0xff, 0xff, 0xff, 0xff, 0xff,
  0xff, 0xff, 0xff, 0xff, 0xff, 0xff, 0xff, 0xff, 0xff, 0xff, 0xff, 0xff,
  0xff, 0xff, 0xff, 0xff, 0xff, 0xff, 0xff, 0xff, 0xff, 0xff, 0xff, 0xff,
  0xff, 0xff, 0xff, 0xff, 0xff, 0xff, 0xff, 0xff, 0xff, 0xff, 0xff, 0xff,
  0xff, 0xff, 0xff, 0xff, 0xff, 0xff, 0xff, 0xff, 0xff, 0xff, 0xff, 0xff,
  0xff, 0xff, 0xff, 0xff, 0xff, 0xff, 0xff, 0xff, 0xff, 0xff, 0xff, 0xff,
  0xff, 0xff, 0xff, 0xff, 0xff, 0xff, 0xff, 0xff, 0xff, 0xff, 0xff, 0xff,
  0xff, 0xff, 0xff, 0xff, 0xff, 0xff, 0xff, 0xff, 0xff, 0xff, 0xff, 0xff,
  0xff, 0xff, 0xff, 0xff, 0xff, 0xff, 0xff, 0xff, 0xff, 0xff, 0xff, 0xff,
  0xff, 0xff, 0xff, 0xff, 0xff, 0xff, 0xff, 0xff, 0xff, 0xff, 0xff, 0xff,
  0xff, 0xff, 0xff, 0xff, 0xff, 0xff, 0xff, 0xff, 0xff, 0xff, 0xff, 0xff,
  0xff, 0xff, 0xff, 0xff, 0xff, 0xff, 0xff, 0xff, 0xff, 0xff, 0xff, 0xff,
  0xff, 0xff, 0xff, 0xff, 0xff, 0xff, 0xff, 0xff, 0xff, 0xff, 0xff, 0xff,
  0xff, 0xff, 0xff, 0xff, 0xff, 0xff, 0xff, 0xff, 0xff, 0xff, 0xff, 0xff,
  0xff, 0xff, 0xff, 0xff, 0xff, 0xff, 0xff, 0xff, 0xff, 0xff, 0xff, 0xff,
  0xff, 0xff, 0xff, 0xff, 0xff, 0xff, 0xff, 0xff, 0xff, 0xff, 0xff, 0xff,
  0xff, 0xff, 0xff, 0xff, 0xff, 0xff, 0xff, 0xff, 0xff, 0xff, 0xff, 0xff,
  0xff, 0xff, 0xff, 0xff, 0xff, 0xff, 0xff, 0xff, 0xff, 0xff, 0xff, 0xff,
  0xff, 0xff, 0xff, 0xff, 0xff, 0xff, 0xff, 0xff, 0xff, 0xff, 0xff, 0xff,
  0xff, 0xff, 0xff, 0xff, 0xff, 0xff, 0xff, 0xff, 0xff, 0xff, 0xff, 0xff,
  0xff, 0xff, 0xff, 0xff, 0xff, 0xff, 0xff, 0xff, 0xff, 0xff, 0xff, 0xff,
  0xff, 0xff, 0xff, 0xff, 0xff, 0xff, 0xff, 0xff, 0xff, 0xff, 0xff, 0xff,
  0xff, 0xff, 0xff, 0xff, 0xff, 0xff, 0xff, 0xff, 0xff, 0xff, 0xff, 0xff,
  0xff, 0xff, 0xff, 0xff, 0xff, 0xff, 0xff, 0xff, 0xff, 0xff, 0xff, 0xff,
  0xff, 0xff, 0xff, 0xff, 0xff, 0xff, 0xff, 0xff, 0xff, 0xff, 0xff, 0xff,
  0xff, 0xff, 0xff, 0xff, 0xff, 0xff, 0xff, 0xff, 0xff, 0xff, 0xff, 0xff,
  0xff, 0xff, 0xff, 0xff, 0xff, 0xff, 0xff, 0xff, 0xff, 0xff, 0xff, 0xff,
  0xff, 0xff, 0xff, 0xff, 0xff, 0xff, 0xff, 0xff, 0xff, 0xff, 0xff, 0xff,
  0xff, 0xff, 0xff, 0xff, 0xff, 0xff, 0xff, 0xff, 0xff, 0xff, 0xff, 0xff,
  0xff, 0xff, 0xff, 0xff, 0xff, 0xff, 0xff, 0xff, 0xff, 0xff, 0xff, 0xff,
  0xff, 0xff, 0xff, 0xff, 0xff, 0xff, 0xff, 0xff, 0xff, 0xff, 0xff, 0xff,
  0xff, 0xff, 0xff, 0xff, 0xff, 0xff, 0xff, 0xff, 0xff, 0xff, 0xff, 0xff,
  0xff, 0xff, 0xff, 0xff, 0xff, 0xff, 0xff, 0xff, 0xff, 0xff, 0xff, 0xff,
  0xff, 0xff, 0xff, 0xff, 0xff, 0xff, 0xff, 0xff, 0xff, 0xff, 0xff, 0xff,
  0xff, 0xff, 0xff, 0xff, 0xff, 0xff, 0xff, 0xff, 0xff, 0xff, 0xff, 0xff,
  0xff, 0xff, 0xff, 0xff, 0xff, 0xff, 0xff, 0xff, 0xff, 0xff, 0xff, 0xff,
  0xff, 0xff, 0xff, 0xff, 0xff, 0xff, 0xff, 0xff, 0xff, 0xff, 0xff, 0xff,
  0xff, 0xff, 0xff, 0xff, 0xff, 0xff, 0xff, 0xff, 0xff, 0xff, 0xff, 0xff,
  0xff, 0xff, 0xff, 0xff, 0xff, 0xff, 0xff, 0xff, 0xff, 0xff, 0xff, 0xff,
  0xff, 0xff, 0xff, 0xff, 0xff, 0xff, 0xff, 0xff, 0xff, 0xff, 0xff, 0xff,
  0xff, 0xff, 0xff, 0xff, 0xff, 0xff, 0xff, 0xff, 0xff, 0xff, 0xff, 0xff,
  0xff, 0xff, 0xff, 0xff, 0xff, 0xff, 0xff, 0xff, 0xff, 0xff, 0xff, 0xff,
  0xff, 0xff, 0xff, 0xff, 0xff, 0xff, 0xff, 0xff, 0xff, 0xff, 0xff, 0xff,
  0xff, 0xff, 0xff, 0xff, 0xff, 0xff, 0xff, 0xff, 0xff, 0xff, 0xff, 0xff,
  0xff, 0xff, 0xff, 0xff, 0xff, 0xff, 0xff, 0xff, 0xff, 0xff, 0xff, 0xff,
  0xff, 0xff, 0xff, 0xff, 0xff, 0xff, 0xff, 0xff, 0xff, 0xff, 0xff, 0xff,
  0xff, 0xff, 0xff, 0xff, 0xff, 0xff, 0xff, 0xff, 0xff, 0xff, 0xff, 0xff,
  0xff, 0xff, 0xff, 0xff, 0xff, 0xff, 0xff, 0xff, 0xff, 0xff, 0xff, 0xff,
  0xff, 0xff, 0xff, 0xff, 0xff, 0xff, 0xff, 0xff, 0xff, 0xff, 0xff, 0xff,
  0xff, 0xff, 0xff, 0xff, 0xff, 0xff, 0xff, 0xff, 0xff, 0xff, 0xff, 0xff,
  0xff, 0xff, 0xff, 0xff, 0xff, 0xff, 0xff, 0xff, 0xff, 0xff, 0xff, 0xff,
  0xff, 0xff, 0xff, 0xff, 0xff, 0xff, 0xff, 0xff, 0xff, 0xff, 0xff, 0xff,
  0xff, 0xff, 0xff, 0xff, 0xff, 0xff, 0xff, 0xff, 0xff, 0xff, 0xff, 0xff,
  0xff, 0xff, 0xff, 0xff, 0xff, 0xff, 0xff, 0xff, 0xff, 0xff, 0xff, 0xff,
  0xff, 0xff, 0xff, 0xff, 0xff, 0xff, 0xff, 0xff, 0xff, 0xff, 0xff, 0xff,
  0xff, 0xff, 0xff, 0xff, 0xff, 0xff, 0xff, 0xff, 0xff, 0xff, 0xff, 0xff,
  0xff, 0xff, 0xff, 0xff, 0xff, 0xff, 0xff, 0xff, 0xff, 0xff, 0xff, 0xff,
  0xff, 0xff, 0xff, 0xff, 0xff, 0xff, 0xff, 0xff, 0xff, 0xff, 0xff, 0xff,
  0xff, 0xff, 0xff, 0xff, 0xff, 0xff, 0xff, 0xff, 0xff, 0xff, 0xff, 0xff,
  0xff, 0xff, 0xff, 0xff, 0xff, 0xff, 0xff, 0xff, 0xff, 0xff, 0xff, 0xff,
  0xff, 0xff, 0xff, 0xff, 0xff, 0xff, 0xff, 0xff, 0xff, 0xff, 0xff, 0xff,
  0xff, 0xff, 0xff, 0xff, 0xff, 0xff, 0xff, 0xff, 0xff, 0xff, 0xff, 0xff,
  0xff, 0xff, 0xff, 0xff, 0xff, 0xff, 0xff, 0xff, 0xff, 0xff, 0xff, 0xff,
  0xff, 0xff, 0xff, 0xff, 0xff, 0xff, 0xff, 0xff, 0xff, 0xff, 0xff, 0xff,
  0xff, 0xff, 0xff, 0xff, 0xff, 0xff, 0xff, 0xff, 0xff, 0xff, 0xff, 0xff,
  0xff, 0xff, 0xff, 0xff, 0xff, 0xff, 0xff, 0xff, 0xff, 0xff, 0xff, 0xff,
  0xff, 0xff, 0xff, 0xff, 0xff, 0xff, 0xff, 0xff, 0xff, 0xff, 0xff, 0xff,
  0xff, 0xff, 0xff, 0xff, 0xff, 0xff, 0xff, 0xff, 0xff, 0xff, 0xff, 0xff,
  0xff, 0xff, 0xff, 0xff, 0xff, 0xff, 0xff, 0xff, 0xff, 0xff, 0xff, 0xff,
  0xff, 0xff, 0xff, 0xff, 0xff, 0xff, 0xff, 0xff, 0xff, 0xff, 0xff, 0xff,
  0xff, 0xff, 0xff, 0xff, 0xff, 0xff, 0xff, 0xff, 0xff, 0xff, 0xff, 0xff,
  0xff, 0xff, 0xff, 0xff, 0xff, 0xff, 0xff, 0xff, 0xff, 0xff, 0xff, 0xff,
  0xff, 0xff, 0xff, 0xff, 0xff, 0xff, 0xff, 0xff, 0xff, 0xff, 0xff, 0xff,
  0xff, 0xff, 0xff, 0xff, 0xff, 0xff, 0xff, 0xff, 0xff, 0xff, 0xff, 0xff,
  0xff, 0xff, 0xff, 0xff, 0xff, 0xff, 0xff, 0xff, 0xff, 0xff, 0xff, 0xff,
  0xff, 0xff, 0xff, 0xff, 0xff, 0xff, 0xff, 0xff, 0xff, 0xff, 0xff, 0xff,
  0xff, 0xff, 0xff, 0xff, 0xff, 0xff, 0xff, 0xff, 0xff, 0xff, 0xff, 0xff,
  0xff, 0xff, 0xff, 0xff, 0xff, 0xff, 0xff, 0xff, 0xff, 0xff, 0xff, 0xff,
  0xff, 0xff, 0xff, 0xff, 0xff, 0xff, 0xff, 0xff, 0xff, 0xff, 0xff, 0xff,
  0xff, 0xff, 0xff, 0xff, 0xff, 0xff, 0xff, 0xff, 0xff, 0xff, 0xff, 0xff,
  0xff, 0xff, 0xff, 0xff, 0xff, 0xff, 0xff, 0xff, 0xff, 0xff, 0xff, 0xff,
  0xff, 0xff, 0xff, 0xff, 0xff, 0xff, 0xff, 0xff, 0xff, 0xff, 0xff, 0xff,
  0xff, 0xff, 0xff, 0xff, 0xff, 0xff, 0xff, 0xff, 0xff, 0xff, 0xff, 0xff,
  0xff, 0xff, 0xff, 0xff, 0xff, 0xff, 0xff, 0xff, 0xff, 0xff, 0xff, 0xff,
  0xff, 0xff, 0xff, 0xff, 0xff, 0xff, 0xff, 0xff, 0xff, 0xff, 0xff, 0xff,
  0xff, 0xff, 0xff, 0xff, 0xff, 0xff, 0xff, 0xff, 0xff, 0xff, 0xff, 0xff,
  0xff, 0xff, 0xff, 0xff, 0xff, 0xff, 0xff, 0xff, 0xff, 0xff, 0xff, 0xff,
  0xff, 0xff, 0xff, 0xff, 0xff, 0xff, 0xff, 0xff, 0xff, 0xff, 0xff, 0xff,
  0xff, 0xff, 0xff, 0xff, 0xff, 0xff, 0xff, 0xff, 0xff, 0xff, 0xff, 0xff,
  0xff, 0xff, 0xff, 0xff, 0xff, 0xff, 0xff, 0xff, 0xff, 0xff, 0xff, 0xff,
  0xff, 0xff, 0xff, 0xff, 0xff, 0xff, 0xff, 0xff, 0xff, 0xff, 0xff, 0xff,
  0xff, 0xff, 0xff, 0xff, 0xff, 0xff, 0xff, 0xff, 0xff, 0xff, 0xff, 0xff,
  0xff, 0xff, 0xff, 0xff, 0xff, 0xff, 0xff, 0xff, 0xff, 0xff, 0xff, 0xff,
  0xff, 0xff, 0xff, 0xff, 0xff, 0xff, 0xff, 0xff, 0xff, 0xff, 0xff, 0xff,
  0xff, 0xff, 0xff, 0xff, 0xff, 0xff, 0xff, 0xff, 0xff, 0xff, 0xff, 0xff,
  0xff, 0xff, 0xff, 0xff, 0xff, 0xff, 0xff, 0xff, 0xff, 0xff, 0xff, 0xff,
  0xff, 0xff, 0xff, 0xff, 0xff, 0xff, 0xff, 0xff, 0xff, 0xff, 0xff, 0xff,
  0xff, 0xff, 0xff, 0xff, 0xff, 0xff, 0xff, 0xff, 0xff, 0xff, 0xff, 0xff,
  0xff, 0xff, 0xff, 0xff, 0xff, 0xff, 0xff, 0xff, 0xff, 0xff, 0xff, 0xff,
  0xff, 0xff, 0xff, 0xff, 0xff, 0xff, 0xff, 0xff, 0xff, 0xff, 0xff, 0xff,
  0xff, 0xff, 0xff, 0xff, 0xff, 0xff, 0xff, 0xff, 0xff, 0xff, 0xff, 0xff,
  0xff, 0xff, 0xff, 0xff, 0xff, 0xff, 0xff, 0xff, 0xff, 0xff, 0xff, 0xff,
  0xff, 0xff, 0xff, 0xff, 0xff, 0xff, 0xff, 0xff, 0xff, 0xff, 0xff, 0xff,
  0xff, 0xff, 0xff, 0xff, 0xff, 0xff, 0xff, 0xff, 0xff, 0xff, 0xff, 0xff,
  0xff, 0xff, 0xff, 0xff, 0xff, 0xff, 0xff, 0xff, 0xff, 0xff, 0xff, 0xff,
  0xff, 0xff, 0xff, 0xff, 0xff, 0xff, 0xff, 0xff, 0xff, 0xff, 0xff, 0xff,
  0xff, 0xff, 0xff, 0xff, 0xff, 0xff, 0xff, 0xff, 0xff, 0xff, 0xff, 0xff,
  0xff, 0xff, 0xff, 0xff, 0xff, 0xff, 0xff, 0xff, 0xff, 0xff, 0xff, 0xff,
  0xff, 0xff, 0xff, 0xff, 0xff, 0xff, 0xff, 0xff, 0xff, 0xff, 0xff, 0xff,
  0xff, 0xff, 0xff, 0xff, 0xff, 0xff, 0xff, 0xff, 0xff, 0xff, 0xff, 0xff,
  0xff, 0xff, 0xff, 0xff, 0xff, 0xff, 0xff, 0xff, 0xff, 0xff, 0xff, 0xff,
  0xff, 0xff, 0xff, 0xff, 0xff, 0xff, 0xff, 0xff, 0xff, 0xff, 0xff, 0xff,
  0xff, 0xff, 0xff, 0xff, 0xff, 0xff, 0xff, 0xff, 0xff, 0xff, 0xff, 0xff,
  0xff, 0xff, 0xff, 0xff, 0xff, 0xff, 0xff, 0xff, 0xff, 0xff, 0xff, 0xff,
  0xff, 0xff, 0xff, 0xff, 0xff, 0xff, 0xff, 0xff, 0xff, 0xff, 0xff, 0xff,
  0xff, 0xff, 0xff, 0xff, 0xff, 0xff, 0xff, 0xff, 0xff, 0xff, 0xff, 0xff,
  0xff, 0xff, 0xff, 0xff, 0xff, 0xff, 0xff, 0xff, 0xff, 0xff, 0xff, 0xff,
  0xff, 0xff, 0xff, 0xff, 0xff, 0xff, 0xff, 0xff, 0xff, 0xff, 0xff, 0xff,
  0xff, 0xff, 0xff, 0xff, 0xff, 0xff, 0xff, 0xff, 0xff, 0xff, 0xff, 0xff,
  0xff, 0xff, 0xff, 0xff, 0xff, 0xff, 0xff, 0xff, 0xff, 0xff, 0xff, 0xff,
  0xff, 0xff, 0xff, 0xff, 0xff, 0xff, 0xff, 0xff, 0xff, 0xff, 0xff, 0xff,
  0xff, 0xff, 0xff, 0xff, 0xff, 0xff, 0xff, 0xff, 0xff, 0xff, 0xff, 0xff,
  0xff, 0xff, 0xff, 0xff, 0xff, 0xff, 0xff, 0xff, 0xff, 0xff, 0xff, 0xff,
  0xff, 0xff, 0xff, 0xff, 0xff, 0xff, 0xff, 0xff, 0xff, 0xff, 0xff, 0xff,
  0xff, 0xff, 0xff, 0xff, 0xff, 0xff, 0xff, 0xff, 0xff, 0xff, 0xff, 0xff,
  0xff, 0xff, 0xff, 0xff, 0xff, 0xff, 0xff, 0xff, 0xff, 0xff, 0xff, 0xff,
  0xff, 0xff, 0xff, 0xff, 0xff, 0xff, 0xff, 0xff, 0xff, 0xff, 0xff, 0xff,
  0xff, 0xff, 0xff, 0xff, 0xff, 0xff, 0xff, 0xff, 0xff, 0xff, 0xff, 0xff,
  0xff, 0xff, 0xff, 0xff, 0xff, 0xff, 0xff, 0xff, 0xff, 0xff, 0xff, 0xff,
  0xff, 0xff, 0xff, 0xff, 0xff, 0xff, 0xff, 0xff, 0xff, 0xff, 0xff, 0xff,
  0xff, 0xff, 0xff, 0xff, 0xff, 0xff, 0xff, 0xff, 0xff, 0xff, 0xff, 0xff,
  0xff, 0xff, 0xff, 0xff, 0xff, 0xff, 0xff, 0xff, 0xff, 0xff, 0xff, 0xff,
  0xff, 0xff, 0xff, 0xff, 0xff, 0xff, 0xff, 0xff, 0xff, 0xff, 0xff, 0xff,
  0xff, 0xff, 0xff, 0xff, 0xff, 0xff, 0xff, 0xff, 0xff, 0xff, 0xff, 0xff,
  0xff, 0xff, 0xff, 0xff, 0xff, 0xff, 0xff, 0xff, 0xff, 0xff, 0xff, 0xff,
  0xff, 0xff, 0xff, 0xff, 0xff, 0xff, 0xff, 0xff, 0xff, 0xff, 0xff, 0xff,
  0xff, 0xff, 0xff, 0xff, 0xff, 0xff, 0xff, 0xff, 0xff, 0xff, 0xff, 0xff,
  0xff, 0xff, 0xff, 0xff, 0xff, 0xff, 0xff, 0xff, 0xff, 0xff, 0xff, 0xff,
  0xff, 0xff, 0xff, 0xff, 0xff, 0xff, 0xff, 0xff, 0xff, 0xff, 0xff, 0xff,
  0xff, 0xff, 0xff, 0xff, 0xff, 0xff, 0xff, 0xff, 0xff, 0xff, 0xff, 0xff,
  0xff, 0xff, 0xff, 0xff, 0xff, 0xff, 0xff, 0xff, 0xff, 0xff, 0xff, 0xff,
  0xff, 0xff, 0xff, 0xff, 0xff, 0xff, 0xff, 0xff, 0xff, 0xff, 0xff, 0xff,
  0xff, 0xff, 0xff, 0xff, 0xff, 0xff, 0xff, 0xff, 0xff, 0xff, 0xff, 0xff,
  0xff, 0xff, 0xff, 0xff, 0xff, 0xff, 0xff, 0xff, 0xff, 0xff, 0xff, 0xff,
  0xff, 0xff, 0xff, 0xff, 0xff, 0xff, 0xff, 0xff, 0xff, 0xff, 0xff, 0xff,
  0xff, 0xff, 0xff, 0xff, 0xff, 0xff, 0xff, 0xff, 0xff, 0xff, 0xff, 0xff,
  0xff, 0xff, 0xff, 0xff, 0xff, 0xff, 0xff, 0xff, 0xff, 0xff, 0xff, 0xff,
  0xff, 0xff, 0xff, 0xff, 0xff, 0xff, 0xff, 0xff, 0xff, 0xff, 0xff, 0xff,
  0xff, 0xff, 0xff, 0xff, 0xff, 0xff, 0xff, 0xff, 0xff, 0xff, 0xff, 0xff,
  0xff, 0xff, 0xff, 0xff, 0xff, 0xff, 0xff, 0xff, 0xff, 0xff, 0xff, 0xff,
  0xff, 0xff, 0xff, 0xff, 0xff, 0xff, 0xff, 0xff, 0xff, 0xff, 0xff, 0xff,
  0xff, 0xff, 0xff, 0xff, 0xff, 0xff, 0xff, 0xff, 0xff, 0xff, 0xff, 0xff,
  0xff, 0xff, 0xff, 0xff, 0xff, 0xff, 0xff, 0xff, 0xff, 0xff, 0xff, 0xff,
  0xff, 0xff, 0xff, 0xff, 0xff, 0xff, 0xff, 0xff, 0xff, 0xff, 0xff, 0xff,
  0xff, 0xff, 0xff, 0xff, 0xff, 0xff, 0xff, 0xff, 0xff, 0xff, 0xff, 0xff,
  0xff, 0xff, 0xff, 0xff, 0xff, 0xff, 0xff, 0xff, 0xff, 0xff, 0xff, 0xff,
  0xff, 0xff, 0xff, 0xff, 0xff, 0xff, 0xff, 0xff, 0xff, 0xff, 0xff, 0xff,
  0xff, 0xff, 0xff, 0xff, 0xff, 0xff, 0xff, 0xff, 0xff, 0xff, 0xff, 0xff,
  0xff, 0xff, 0xff, 0xff, 0xff, 0xff, 0xff, 0xff, 0xff, 0xff, 0xff, 0xff,
  0xff, 0xff, 0xff, 0xff, 0xff, 0xff, 0xff, 0xff, 0xff, 0xff, 0xff, 0xff,
  0xff, 0xff, 0xff, 0xff, 0xff, 0xff, 0xff, 0xff, 0xff, 0xff, 0xff, 0xff,
  0xff, 0xff, 0xff, 0xff, 0xff, 0xff, 0xff, 0xff, 0xff, 0xff, 0xff, 0xff,
  0xff, 0xff, 0xff, 0xff, 0xff, 0xff, 0xff, 0xff, 0xff, 0xff, 0xff, 0xff,
  0xff, 0xff, 0xff, 0xff, 0xff, 0xff, 0xff, 0xff, 0xff, 0xff, 0xff, 0xff,
  0xff, 0xff, 0xff, 0xff, 0xff, 0xff, 0xff, 0xff, 0xff, 0xff, 0xff, 0xff,
  0xff, 0xff, 0xff, 0xff, 0xff, 0xff, 0xff, 0xff, 0xff, 0xff, 0xff, 0xff,
  0xff, 0xff, 0xff, 0xff, 0xff, 0xff, 0xff, 0xff, 0xff, 0xff, 0xff, 0xff,
  0xff, 0xff, 0xff, 0xff, 0xff, 0xff, 0xff, 0xff, 0xff, 0xff, 0xff, 0xff,
  0xff, 0xff, 0xff, 0xff, 0xff, 0xff, 0xff, 0xff, 0xff, 0xff, 0xff, 0xff,
  0xff, 0xff, 0xff, 0xff, 0xff, 0xff, 0xff, 0xff, 0xff, 0xff, 0xff, 0xff,
  0xff, 0xff, 0xff, 0xff, 0xff, 0xff, 0xff, 0xff, 0xff, 0xff, 0xff, 0xff,
  0xff, 0xff, 0xff, 0xff, 0xff, 0xff, 0xff, 0xff, 0xff, 0xff, 0xff, 0xff,
  0xff, 0xff, 0xff, 0xff, 0xff, 0xff, 0xff, 0xff, 0xff, 0xff, 0xff, 0xff,
  0xff, 0xff, 0xff, 0xff, 0xff, 0xff, 0xff, 0xff, 0xff, 0xff, 0xff, 0xff,
  0xff, 0xff, 0xff, 0xff, 0xff, 0xff, 0xff, 0xff, 0xff, 0xff, 0xff, 0xff,
  0xff, 0xff, 0xff, 0xff, 0xff, 0xff, 0xff, 0xff, 0xff, 0xff, 0xff, 0xff,
  0xff, 0xff, 0xff, 0xff, 0xff, 0xff, 0xff, 0xff, 0xff, 0xff, 0xff, 0xff,
  0xff, 0xff, 0xff, 0xff, 0xff, 0xff, 0xff, 0xff, 0xff, 0xff, 0xff, 0xff,
  0xff, 0xff, 0xff, 0xff, 0xff, 0xff, 0xff, 0xff, 0xff, 0xff, 0xff, 0xff,
  0xff, 0xff, 0xff, 0xff, 0xff, 0xff, 0xff, 0xff, 0xff, 0xff, 0xff, 0xff,
  0xff, 0xff, 0xff, 0xff, 0xff, 0xff, 0xff, 0xff, 0xff, 0xff, 0xff, 0xff,
  0xff, 0xff, 0xff, 0xff, 0xff, 0xff, 0xff, 0xff, 0xff, 0xff, 0xff, 0xff,
  0xff, 0xff, 0xff, 0xff, 0xff, 0xff, 0xff, 0xff, 0xff, 0xff, 0xff, 0xff,
  0xff, 0xff, 0xff, 0xff, 0xff, 0xff, 0xff, 0xff, 0xff, 0xff, 0xff, 0xff,
  0xff, 0xff, 0xff, 0xff, 0xff, 0xff, 0xff, 0xff, 0xff, 0xff, 0xff, 0xff,
  0xff, 0xff, 0xff, 0xff, 0xff, 0xff, 0xff, 0xff, 0xff, 0xff, 0xff, 0xff,
  0xff, 0xff, 0xff, 0xff, 0xff, 0xff, 0xff, 0xff, 0xff, 0xff, 0xff, 0xff,
  0xff, 0xff, 0xff, 0xff, 0xff, 0xff, 0xff, 0xff, 0xff, 0xff, 0xff, 0xff,
  0xff, 0xff, 0xff, 0xff, 0xff, 0xff, 0xff, 0xff, 0xff, 0xff, 0xff, 0xff,
  0xff, 0xff, 0xff, 0xff, 0xff, 0xff, 0xff, 0xff, 0xff, 0xff, 0xff, 0xff,
  0xff, 0xff, 0xff, 0xff, 0xff, 0xff, 0xff, 0xff, 0xff, 0xff, 0xff, 0xff,
  0xff, 0xff, 0xff, 0xff, 0xff, 0xff, 0xff, 0xff, 0xff, 0xff, 0xff, 0xff,
  0xff, 0xff, 0xff, 0xff, 0xff, 0xff, 0xff, 0xff, 0xff, 0xff, 0xff, 0xff,
  0xff, 0xff, 0xff, 0xff, 0xff, 0xff, 0xff, 0xff, 0xff, 0xff, 0xff, 0xff,
  0xff, 0xff, 0xff, 0xff, 0xff, 0xff, 0xff, 0xff, 0xff, 0xff, 0xff, 0xff,
  0xff, 0xff, 0xff, 0xff, 0xff, 0xff, 0xff, 0xff, 0xff, 0xff, 0xff, 0xff,
  0xff, 0xff, 0xff, 0xff, 0xff, 0xff, 0xff, 0xff, 0xff, 0xff, 0xff, 0xff,
  0xff, 0xff, 0xff, 0xff, 0xff, 0xff, 0xff, 0xff, 0xff, 0xff, 0xff, 0xff,
  0xff, 0xff, 0xff, 0xff, 0xff, 0xff, 0xff, 0xff, 0xff, 0xff, 0xff, 0xff,
  0xff, 0xff, 0xff, 0xff, 0xff, 0xff, 0xff, 0xff, 0xff, 0xff, 0xff, 0xff,
  0xff, 0xff, 0xff, 0xff, 0xff, 0xff, 0xff, 0xff, 0xff, 0xff, 0xff, 0xff,
  0xff, 0xff, 0xff, 0xff, 0xff, 0xff, 0xff, 0xff, 0xff, 0xff, 0xff, 0xff,
  0xff, 0xff, 0xff, 0xff, 0xff, 0xff, 0xff, 0xff, 0xff, 0xff, 0xff, 0xff,
  0xff, 0xff, 0xff, 0xff, 0xff, 0xff, 0xff, 0xff, 0xff, 0xff, 0xff, 0xff,
  0xff, 0xff, 0xff, 0xff, 0xff, 0xff, 0xff, 0xff, 0xff, 0xff, 0xff, 0xff,
  0xff, 0xff, 0xff, 0xff, 0xff, 0xff, 0xff, 0xff, 0xff, 0xff, 0xff, 0xff,
  0xff, 0xff, 0xff, 0xff, 0xff, 0xff, 0xff, 0xff, 0xff, 0xff, 0xff, 0xff,
  0xff, 0xff, 0xff, 0xff, 0xff, 0xff, 0xff, 0xff, 0xff, 0xff, 0xff, 0xff,
  0xff, 0xff, 0xff, 0xff, 0xff, 0xff, 0xff, 0xff, 0xff, 0xff, 0xff, 0xff,
  0xff, 0xff, 0xff, 0xff, 0xff, 0xff, 0xff, 0xff, 0xff, 0xff, 0xff, 0xff,
  0xff, 0xff, 0xff, 0xff, 0xff, 0xff, 0xff, 0xff, 0xff, 0xff, 0xff, 0xff,
  0xff, 0xff, 0xff, 0xff, 0xff, 0xff, 0xff, 0xff, 0xff, 0xff, 0xff, 0xff,
  0xff, 0xff, 0xff, 0xff, 0xff, 0xff, 0xff, 0xff, 0xff, 0xff, 0xff, 0xff,
  0xff, 0xff, 0xff, 0xff, 0xff, 0xff, 0xff, 0xff, 0xff, 0xff, 0xff, 0xff,
  0xff, 0xff, 0xff, 0xff, 0xff, 0xff, 0xff, 0xff, 0xff, 0xff, 0xff, 0xff,
  0xff, 0xff, 0xff, 0xff, 0xff, 0xff, 0xff, 0xff, 0xff, 0xff, 0xff, 0xff,
  0xff, 0xff, 0xff, 0xff, 0xff, 0xff, 0xff, 0xff, 0xff, 0xff, 0xff, 0xff,
  0xff, 0xff, 0xff, 0xff, 0xff, 0xff, 0xff, 0xff, 0xff, 0xff, 0xff, 0xff,
  0xff, 0xff, 0xff, 0xff, 0xff, 0xff, 0xff, 0xff, 0xff, 0xff, 0xff, 0xff,
  0xff, 0xff, 0xff, 0xff, 0xff, 0xff, 0xff, 0xff, 0xff, 0xff, 0xff, 0xff,
  0xff, 0xff, 0xff, 0xff, 0xff, 0xff, 0xff, 0xff, 0xff, 0xff, 0xff, 0xff,
  0xff, 0xff, 0xff, 0xff, 0xff, 0xff, 0xff, 0xff, 0xff, 0xff, 0xff, 0xff,
  0xff, 0xff, 0xff, 0xff, 0xff, 0xff, 0xff, 0xff, 0xff, 0xff, 0xff, 0xff,
  0xff, 0xff, 0xff, 0xff, 0xff, 0xff, 0xff, 0xff, 0xff, 0xff, 0xff, 0xff,
  0xff, 0xff, 0xff, 0xff, 0xff, 0xff, 0xff, 0xff, 0xff, 0xff, 0xff, 0xff,
  0xff, 0xff, 0xff, 0xff, 0xff, 0xff, 0xff, 0xff, 0xff, 0xff, 0xff, 0xff,
  0xff, 0xff, 0xff, 0xff, 0xff, 0xff, 0xff, 0xff, 0xff, 0xff, 0xff, 0xff,
  0xff, 0xff, 0xff, 0xff, 0xff, 0xff, 0xff, 0xff, 0xff, 0xff, 0xff, 0xff,
  0xff, 0xff, 0xff, 0xff, 0xff, 0xff, 0xff, 0xff, 0xff, 0xff, 0xff, 0xff,
  0xff, 0xff, 0xff, 0xff, 0xff, 0xff, 0xff, 0xff, 0xff, 0xff, 0xff, 0xff,
  0xff, 0xff, 0xff, 0xff, 0xff, 0xff, 0xff, 0xff, 0xff, 0xff, 0xff, 0xff,
  0xff, 0xff, 0xff, 0xff, 0xff, 0xff, 0xff, 0xff, 0xff, 0xff, 0xff, 0xff,
  0xff, 0xff, 0xff, 0xff, 0xff, 0xff, 0xff, 0xff, 0xff, 0xff, 0xff, 0xff,
  0xff, 0xff, 0xff, 0xff, 0xff, 0xff, 0xff, 0xff, 0xff, 0xff, 0xff, 0xff,
  0xff, 0xff, 0xff, 0xff, 0xff, 0xff, 0xff, 0xff, 0xff, 0xff, 0xff, 0xff,
  0xff, 0xff, 0xff, 0xff, 0xff, 0xff, 0xff, 0xff, 0xff, 0xff, 0xff, 0xff,
  0xff, 0xff, 0xff, 0xff, 0xff, 0xff, 0xff, 0xff, 0xff, 0xff, 0xff, 0xff,
  0xff, 0xff, 0xff, 0xff, 0xff, 0xff, 0xff, 0xff, 0xff, 0xff, 0xff, 0xff,
  0xff, 0xff, 0xff, 0xff, 0xff, 0xff, 0xff, 0xff, 0xff, 0xff, 0xff, 0xff,
  0xff, 0xff, 0xff, 0xff, 0xff, 0xff, 0xff, 0xff, 0xff, 0xff, 0xff, 0xff,
  0xff, 0xff, 0xff, 0xff, 0xff, 0xff, 0xff, 0xff, 0xff, 0xff, 0xff, 0xff,
  0xff, 0xff, 0xff, 0xff, 0xff, 0xff, 0xff, 0xff, 0xff, 0xff, 0xff, 0xff,
  0xff, 0xff, 0xff, 0xff, 0xff, 0xff, 0xff, 0xff, 0xff, 0xff, 0xff, 0xff,
  0xff, 0xff, 0xff, 0xff, 0xff, 0xff, 0xff, 0xff, 0xff, 0xff, 0xff, 0xff,
  0xff, 0xff, 0xff, 0xff, 0xff, 0xff, 0xff, 0xff, 0xff, 0xff, 0xff, 0xff,
  0xff, 0xff, 0xff, 0xff, 0xff, 0xff, 0xff, 0xff, 0xff, 0xff, 0xff, 0xff,
  0xff, 0xff, 0xff, 0xff, 0xff, 0xff, 0xff, 0xff, 0xff, 0xff, 0xff, 0xff,
  0xff, 0xff, 0xff, 0xff, 0xff, 0xff, 0xff, 0xff, 0xff, 0xff, 0xff, 0xff,
  0xff, 0xff, 0xff, 0xff, 0xff, 0xff, 0xff, 0xff, 0xff, 0xff, 0xff, 0xff,
  0xff, 0xff, 0xff, 0xff, 0xff, 0xff, 0xff, 0xff, 0xff, 0xff, 0xff, 0xff,
  0xff, 0xff, 0xff, 0xff, 0xff, 0xff, 0xff, 0xff, 0xff, 0xff, 0xff, 0xff,
  0xff, 0xff, 0xff, 0xff, 0xff, 0xff, 0xff, 0xff, 0xff, 0xff, 0xff, 0xff,
  0xff, 0xff, 0xff, 0xff, 0xff, 0xff, 0xff, 0xff, 0xff, 0xff, 0xff, 0xff,
  0xff, 0xff, 0xff, 0xff, 0xff, 0xff, 0xff, 0xff, 0xff, 0xff, 0xff, 0xff,
  0xff, 0xff, 0xff, 0xff, 0xff, 0xff, 0xff, 0xff, 0xff, 0xff, 0xff, 0xff,
  0xff, 0xff, 0xff, 0xff, 0xff, 0xff, 0xff, 0xff, 0xff, 0xff, 0xff, 0xff,
  0xff, 0xff, 0xff, 0xff, 0xff, 0xff, 0xff, 0xff, 0xff, 0xff, 0xff, 0xff,
  0xff, 0xff, 0xff, 0xff, 0xff, 0xff, 0xff, 0xff, 0xff, 0xff, 0xff, 0xff,
  0xff, 0xff, 0xff, 0xff, 0xff, 0xff, 0xff, 0xff, 0xff, 0xff, 0xff, 0xff,
  0xff, 0xff, 0xff, 0xff, 0xff, 0xff, 0xff, 0xff, 0xff, 0xff, 0xff, 0xff,
  0xff, 0xff, 0xff, 0xff, 0xff, 0xff, 0xff, 0xff, 0xff, 0xff, 0xff, 0xff,
  0xff, 0xff, 0xff, 0xff, 0xff, 0xff, 0xff, 0xff, 0xff, 0xff, 0xff, 0xff,
  0xff, 0xff, 0xff, 0xff, 0xff, 0xff, 0xff, 0xff, 0xff, 0xff, 0xff, 0xff,
  0xff, 0xff, 0xff, 0xff, 0xff, 0xff, 0xff, 0xff, 0xff, 0xff, 0xff, 0xff,
  0xff, 0xff, 0xff, 0xff, 0xff, 0xff, 0xff, 0xff, 0xff, 0xff, 0xff, 0xff,
  0xff, 0xff, 0xff, 0xff, 0xff, 0xff, 0xff, 0xff, 0xff, 0xff, 0xff, 0xff,
  0xff, 0xff, 0xff, 0xff, 0xff, 0xff, 0xff, 0xff, 0xff, 0xff, 0xff, 0xff,
  0xff, 0xff, 0xff, 0xff, 0xff, 0xff, 0xff, 0xff, 0xff, 0xff, 0xff, 0xff,
  0xff, 0xff, 0xff, 0xff, 0xff, 0xff, 0xff, 0xff, 0xff, 0xff, 0xff, 0xff,
  0xff, 0xff, 0xff, 0xff, 0xff, 0xff, 0xff, 0xff, 0xff, 0xff, 0xff, 0xff,
  0xff, 0xff, 0xff, 0xff, 0xff, 0xff, 0xff, 0xff, 0xff, 0xff, 0xff, 0xff,
  0xff, 0xff, 0xff, 0xff, 0xff, 0xff, 0xff, 0xff, 0xff, 0xff, 0xff, 0xff,
  0xff, 0xff, 0xff, 0xff, 0xff, 0xff, 0xff, 0xff, 0xff, 0xff, 0xff, 0xff,
  0xff, 0xff, 0xff, 0xff, 0xff, 0xff, 0xff, 0xff, 0xff, 0xff, 0xff, 0xff,
  0xff, 0xff, 0xff, 0xff, 0xff, 0xff, 0xff, 0xff, 0xff, 0xff, 0xff, 0xff,
  0xff, 0xff, 0xff, 0xff, 0xff, 0xff, 0xff, 0xff, 0xff, 0xff, 0xff, 0xff,
  0xff, 0xff, 0xff, 0xff, 0xff, 0xff, 0xff, 0xff, 0xff, 0xff, 0xff, 0xff,
  0xff, 0xff, 0xff, 0xff, 0xff, 0xff, 0xff, 0xff, 0xff, 0xff, 0xff, 0xff,
  0xff, 0xff, 0xff, 0xff, 0xff, 0xff, 0xff, 0xff, 0xff, 0xff, 0xff, 0xff,
  0xff, 0xff, 0xff, 0xff, 0xff, 0xff, 0xff, 0xff, 0xff, 0xff, 0xff, 0xff,
  0xff, 0xff, 0xff, 0xff, 0xff, 0xff, 0xff, 0xff, 0xff, 0xff, 0xff, 0xff,
  0xff, 0xff, 0xff, 0xff, 0xff, 0xff, 0xff, 0xff, 0xff, 0xff, 0xff, 0xff,
  0xff, 0xff, 0xff, 0xff, 0xff, 0xff, 0xff, 0xff, 0xff, 0xff, 0xff, 0xff,
  0xff, 0xff, 0xff, 0xff, 0xff, 0xff, 0xff, 0xff, 0xff, 0xff, 0xff, 0xff,
  0xff, 0xff, 0xff, 0xff, 0xff, 0xff, 0xff, 0xff, 0xff, 0xff, 0xff, 0xff,
  0xff, 0xff, 0xff, 0xff, 0xff, 0xff, 0xff, 0xff, 0xff, 0xff, 0xff, 0xff,
  0xff, 0xff, 0xff, 0xff, 0xff, 0xff, 0xff, 0xff, 0xff, 0xff, 0xff, 0xff,
  0xff, 0xff, 0xff, 0xff, 0xff, 0xff, 0xff, 0xff, 0xff, 0xff, 0xff, 0xff,
  0xff, 0xff, 0xff, 0xff, 0xff, 0xff, 0xff, 0xff, 0xff, 0xff, 0xff, 0xff,
  0xff, 0xff, 0xff, 0xff, 0xff, 0xff, 0xff, 0xff, 0xff, 0xff, 0xff, 0xff,
  0xff, 0xff, 0xff, 0xff, 0xff, 0xff, 0xff, 0xff, 0xff, 0xff, 0xff, 0xff,
  0xff, 0xff, 0xff, 0xff, 0xff, 0xff, 0xff, 0xff, 0xff, 0xff, 0xff, 0xff,
  0xff, 0xff, 0xff, 0xff, 0xff, 0xff, 0xff, 0xff, 0xff, 0xff, 0xff, 0xff,
  0xff, 0xff, 0xff, 0xff, 0xff, 0xff, 0xff, 0xff, 0xff, 0xff, 0xff, 0xff,
  0xff, 0xff, 0xff, 0xff, 0xff, 0xff, 0xff, 0xff, 0xff, 0xff, 0xff, 0xff,
  0xff, 0xff, 0xff, 0xff, 0xff, 0xff, 0xff, 0xff, 0xff, 0xff, 0xff, 0xff,
  0xff, 0xff, 0xff, 0xff, 0xff, 0xff, 0xff, 0xff, 0xff, 0xff, 0xff, 0xff,
  0xff, 0xff, 0xff, 0xff, 0xff, 0xff, 0xff, 0xff, 0xff, 0xff, 0xff, 0xff,
  0xff, 0xff, 0xff, 0xff, 0xff, 0xff, 0xff, 0xff, 0xff, 0xff, 0xff, 0xff,
  0xff, 0xff, 0xff, 0xff, 0xff, 0xff, 0xff, 0xff, 0xff, 0xff, 0xff, 0xff,
  0xff, 0xff, 0xff, 0xff, 0xff, 0xff, 0xff, 0xff, 0xff, 0xff, 0xff, 0xff,
  0xff, 0xff, 0xff, 0xff, 0xff, 0xff, 0xff, 0xff, 0xff, 0xff, 0xff, 0xff,
  0xff, 0xff, 0xff, 0xff, 0xff, 0xff, 0xff, 0xff, 0xff, 0xff, 0xff, 0xff,
  0xff, 0xff, 0xff, 0xff, 0xff, 0xff, 0xff, 0xff, 0xff, 0xff, 0xff, 0xff,
  0xff, 0xff, 0xff, 0xff, 0xff, 0xff, 0xff, 0xff, 0xff, 0xff, 0xff, 0xff,
  0xff, 0xff, 0xff, 0xff, 0xff, 0xff, 0xff, 0xff, 0xff, 0xff, 0xff, 0xff,
  0xff, 0xff, 0xff, 0xff, 0xff, 0xff, 0xff, 0xff, 0xff, 0xff, 0xff, 0xff,
  0xff, 0xff, 0xff, 0xff, 0xff, 0xff, 0xff, 0xff, 0xff, 0xff, 0xff, 0xff,
  0xff, 0xff, 0xff, 0xff, 0xff, 0xff, 0xff, 0xff, 0xff, 0xff, 0xff, 0xff,
  0xff, 0xff, 0xff, 0xff, 0xff, 0xff, 0xff, 0xff, 0xff, 0xff, 0xff, 0xff,
  0xff, 0xff, 0xff, 0xff, 0xff, 0xff, 0xff, 0xff, 0xff, 0xff, 0xff, 0xff,
  0xff, 0xff, 0xff, 0xff, 0xff, 0xff, 0xff, 0xff, 0xff, 0xff, 0xff, 0xff,
  0xff, 0xff, 0xff, 0xff, 0xff, 0xff, 0xff, 0xff, 0xff, 0xff, 0xff, 0xff,
  0xff, 0xff, 0xff, 0xff, 0xff, 0xff, 0xff, 0xff, 0xff, 0xff, 0xff, 0xff,
  0xff, 0xff, 0xff, 0xff, 0xff, 0xff, 0xff, 0xff, 0xff, 0xff, 0xff, 0xff,
  0xff, 0xff, 0xff, 0xff, 0xff, 0xff, 0xff, 0xff, 0xff, 0xff, 0xff, 0xff,
  0xff, 0xff, 0xff, 0xff, 0xff, 0xff, 0xff, 0xff, 0xff, 0xff, 0xff, 0xff,
  0xff, 0xff, 0xff, 0xff, 0xff, 0xff, 0xff, 0xff, 0xff, 0xff, 0xff, 0xff,
  0xff, 0xff, 0xff, 0xff, 0xff, 0xff, 0xff, 0xff, 0xff, 0xff, 0xff, 0xff,
  0xff, 0xff, 0xff, 0xff, 0xff, 0xff, 0xff, 0xff, 0xff, 0xff, 0xff, 0xff,
  0xff, 0xff, 0xff, 0xff, 0xff, 0xff, 0xff, 0xff, 0xff, 0xff, 0xff, 0xff,
  0xff, 0xff, 0xff, 0xff, 0xff, 0xff, 0xff, 0xff, 0xff, 0xff, 0xff, 0xff,
  0xff, 0xff, 0xff, 0xff, 0xff, 0xff, 0xff, 0xff, 0xff, 0xff, 0xff, 0xff,
  0xff, 0xff, 0xff, 0xff, 0xff, 0xff, 0xff, 0xff, 0xff, 0xff, 0xff, 0xff,
  0xff, 0xff, 0xff, 0xff, 0xff, 0xff, 0xff, 0xff, 0xff, 0xff, 0xff, 0xff,
  0xff, 0xff, 0xff, 0xff, 0xff, 0xff, 0xff, 0xff, 0xff, 0xff, 0xff, 0xff,
  0xff, 0xff, 0xff, 0xff, 0xff, 0xff, 0xff, 0xff, 0xff, 0xff, 0xff, 0xff,
  0xff, 0xff, 0xff, 0xff, 0xff, 0xff, 0xff, 0xff, 0xff, 0xff, 0xff, 0xff,
  0xff, 0xff, 0xff, 0xff, 0xff, 0xff, 0xff, 0xff, 0xff, 0xff, 0xff, 0xff,
  0xff, 0xff, 0xff, 0xff, 0xff, 0xff, 0xff, 0xff, 0xff, 0xff, 0xff, 0xff,
  0xff, 0xff, 0xff, 0xff, 0xff, 0xff, 0xff, 0xff, 0xff, 0xff, 0xff, 0xff,
  0xff, 0xff, 0xff, 0xff, 0xff, 0xff, 0xff, 0xff, 0xff, 0xff, 0xff, 0xff,
  0xff, 0xff, 0xff, 0xff, 0xff, 0xff, 0xff, 0xff, 0xff, 0xff, 0xff, 0xff,
  0xff, 0xff, 0xff, 0xff, 0xff, 0xff, 0xff, 0xff, 0xff, 0xff, 0xff, 0xff,
  0xff, 0xff, 0xff, 0xff, 0xff, 0xff, 0xff, 0xff, 0xff, 0xff, 0xff, 0xff,
  0xff, 0xff, 0xff, 0xff, 0xff, 0xff, 0xff, 0xff, 0xff, 0xff, 0xff, 0xff,
  0xff, 0xff, 0xff, 0xff, 0xff, 0xff, 0xff, 0xff, 0xff, 0xff, 0xff, 0xff,
  0xff, 0xff, 0xff, 0xff, 0xff, 0xff, 0xff, 0xff, 0xff, 0xff, 0xff, 0xff,
  0xff, 0xff, 0xff, 0xff, 0xff, 0xff, 0xff, 0xff, 0xff, 0xff, 0xff, 0xff,
  0xff, 0xff, 0xff, 0xff, 0xff, 0xff, 0xff, 0xff, 0xff, 0xff, 0xff, 0xff,
  0xff, 0xff, 0xff, 0xff, 0xff, 0xff, 0xff, 0xff, 0xff, 0xff, 0xff, 0xff,
  0xff, 0xff, 0xff, 0xff, 0xff, 0xff, 0xff, 0xff, 0xff, 0xff, 0xff, 0xff,
  0xff, 0xff, 0xff, 0xff, 0xff, 0xff, 0xff, 0xff, 0xff, 0xff, 0xff, 0xff,
  0xff, 0xff, 0xff, 0xff, 0xff, 0xff, 0xff, 0xff, 0xff, 0xff, 0xff, 0xff,
  0xff, 0xff, 0xff, 0xff, 0xff, 0xff, 0xff, 0xff, 0xff, 0xff, 0xff, 0xff,
  0xff, 0xff, 0xff, 0xff, 0xff, 0xff, 0xff, 0xff, 0xff, 0xff, 0xff, 0xff,
  0xff, 0xff, 0xff, 0xff, 0xff, 0xff, 0xff, 0xff, 0xff, 0xff, 0xff, 0xff,
  0xff, 0xff, 0xff, 0xff, 0xff, 0xff, 0xff, 0xff, 0xff, 0xff, 0xff, 0xff,
  0xff, 0xff, 0xff, 0xff, 0xff, 0xff, 0xff, 0xff, 0xff, 0xff, 0xff, 0xff,
  0xff, 0xff, 0xff, 0xff, 0xff, 0xff, 0xff, 0xff, 0xff, 0xff, 0xff, 0xff,
  0xff, 0xff, 0xff, 0xff, 0xff, 0xff, 0xff, 0xff, 0xff, 0xff, 0xff, 0xff,
  0xff, 0xff, 0xff, 0xff, 0xff, 0xff, 0xff, 0xff, 0xff, 0xff, 0xff, 0xff,
  0xff, 0xff, 0xff, 0xff, 0xff, 0xff, 0xff, 0xff, 0xff, 0xff, 0xff, 0xff,
  0xff, 0xff, 0xff, 0xff, 0xff, 0xff, 0xff, 0xff, 0xff, 0xff, 0xff, 0xff,
  0xff, 0xff, 0xff, 0xff, 0xff, 0xff, 0xff, 0xff, 0xff, 0xff, 0xff, 0xff,
  0xff, 0xff, 0xff, 0xff, 0xff, 0xff, 0xff, 0xff, 0xff, 0xff, 0xff, 0xff,
  0xff, 0xff, 0xff, 0xff, 0xff, 0xff, 0xff, 0xff, 0xff, 0xff, 0xff, 0xff,
  0xff, 0xff, 0xff, 0xff, 0xff, 0xff, 0xff, 0xff, 0xff, 0xff, 0xff, 0xff,
  0xff, 0xff, 0xff, 0xff, 0xff, 0xff, 0xff, 0xff, 0xff, 0xff, 0xff, 0xff,
  0xff, 0xff, 0xff, 0xff, 0xff, 0xff, 0xff, 0xff, 0xff, 0xff, 0xff, 0xff,
  0xff, 0xff, 0xff, 0xff, 0xff, 0xff, 0xff, 0xff, 0xff, 0xff, 0xff, 0xff,
  0xff, 0xff, 0xff, 0xff, 0xff, 0xff, 0xff, 0xff, 0xff, 0xff, 0xff, 0xff,
  0xff, 0xff, 0xff, 0xff, 0xff, 0xff, 0xff, 0xff, 0xff, 0xff, 0xff, 0xff,
  0xff, 0xff, 0xff, 0xff, 0xff, 0xff, 0xff, 0xff, 0xff, 0xff, 0xff, 0xff,
  0xff, 0xff, 0xff, 0xff, 0xff, 0xff, 0xff, 0xff, 0xff, 0xff, 0xff, 0xff,
  0xff, 0xff, 0xff, 0xff, 0xff, 0xff, 0xff, 0xff, 0xff, 0xff, 0xff, 0xff,
  0xff, 0xff, 0xff, 0xff, 0xff, 0xff, 0xff, 0xff, 0xff, 0xff, 0xff, 0xff,
  0xff, 0xff, 0xff, 0xff, 0xff, 0xff, 0xff, 0xff, 0xff, 0xff, 0xff, 0xff,
  0xff, 0xff, 0xff, 0xff, 0xff, 0xff, 0xff, 0xff, 0xff, 0xff, 0xff, 0xff,
  0xff, 0xff, 0xff, 0xff, 0xff, 0xff, 0xff, 0xff, 0xff, 0xff, 0xff, 0xff,
  0xff, 0xff, 0xff, 0xff, 0xff, 0xff, 0xff, 0xff, 0xff, 0xff, 0xff, 0xff,
  0xff, 0xff, 0xff, 0xff, 0xff, 0xff, 0xff, 0xff, 0xff, 0xff, 0xff, 0xff,
  0xff, 0xff, 0xff, 0xff, 0xff, 0xff, 0xff, 0xff, 0xff, 0xff, 0xff, 0xff,
  0xff, 0xff, 0xff, 0xff, 0xff, 0xff, 0xff, 0xff, 0xff, 0xff, 0xff, 0xff,
  0xff, 0xff, 0xff, 0xff, 0xff, 0xff, 0xff, 0xff, 0xff, 0xff, 0xff, 0xff,
  0xff, 0xff, 0xff, 0xff, 0xff, 0xff, 0xff, 0xff, 0xff, 0xff, 0xff, 0xff,
  0xff, 0xff, 0xff, 0xff, 0xff, 0xff, 0xff, 0xff, 0xff, 0xff, 0xff, 0xff,
  0xff, 0xff, 0xff, 0xff, 0xff, 0xff, 0xff, 0xff, 0xff, 0xff, 0xff, 0xff,
  0xff, 0xff, 0xff, 0xff, 0xff, 0xff, 0xff, 0xff, 0xff, 0xff, 0xff, 0xff,
  0xff, 0xff, 0xff, 0xff, 0xff, 0xff, 0xff, 0xff, 0xff, 0xff, 0xff, 0xff,
  0xff, 0xff, 0xff, 0xff, 0xff, 0xff, 0xff, 0xff, 0xff, 0xff, 0xff, 0xff,
  0xff, 0xff, 0xff, 0xff, 0xff, 0xff, 0xff, 0xff, 0xff, 0xff, 0xff, 0xff,
  0xff, 0xff, 0xff, 0xff, 0xff, 0xff, 0xff, 0xff, 0xff, 0xff, 0xff, 0xff,
  0xff, 0xff, 0xff, 0xff, 0xff, 0xff, 0xff, 0xff, 0xff, 0xff, 0xff, 0xff,
  0xff, 0xff, 0xff, 0xff, 0xff, 0xff, 0xff, 0xff, 0xff, 0xff, 0xff, 0xff,
  0xff, 0xff, 0xff, 0xff, 0xff, 0xff, 0xff, 0xff, 0xff, 0xff, 0xff, 0xff,
  0xff, 0xff, 0xff, 0xff, 0xff, 0xff, 0xff, 0xff, 0xff, 0xff, 0xff, 0xff,
  0xff, 0xff, 0xff, 0xff, 0xff, 0xff, 0xff, 0xff, 0xff, 0xff, 0xff, 0xff,
  0xff, 0xff, 0xff, 0xff, 0xff, 0xff, 0xff, 0xff, 0xff, 0xff, 0xff, 0xff,
  0xff, 0xff, 0xff, 0xff, 0xff, 0xff, 0xff, 0xff, 0xff, 0xff, 0xff, 0xff,
  0xff, 0xff, 0xff, 0xff, 0xff, 0xff, 0xff, 0xff, 0xff, 0xff, 0xff, 0xff,
  0xff, 0xff, 0xff, 0xff, 0xff, 0xff, 0xff, 0xff, 0xff, 0xff, 0xff, 0xff,
  0xff, 0xff, 0xff, 0xff, 0xff, 0xff, 0xff, 0xff, 0xff, 0xff, 0xff, 0xff,
  0xff, 0xff, 0xff, 0xff, 0xff, 0xff, 0xff, 0xff, 0xff, 0xff, 0xff, 0xff,
  0xff, 0xff, 0xff, 0xff, 0xff, 0xff, 0xff, 0xff, 0xff, 0xff, 0xff, 0xff,
  0xff, 0xff, 0xff, 0xff, 0xff, 0xff, 0xff, 0xff, 0xff, 0xff, 0xff, 0xff,
  0xff, 0xff, 0xff, 0xff, 0xff, 0xff, 0xff, 0xff, 0xff, 0xff, 0xff, 0xff,
  0xff, 0xff, 0xff, 0xff, 0xff, 0xff, 0xff, 0xff, 0xff, 0xff, 0xff, 0xff,
  0xff, 0xff, 0xff, 0xff, 0xff, 0xff, 0xff, 0xff, 0xff, 0xff, 0xff, 0xff,
  0xff, 0xff, 0xff, 0xff, 0xff, 0xff, 0xff, 0xff, 0xff, 0xff, 0xff, 0xff,
  0xff, 0xff, 0xff, 0xff, 0xff, 0xff, 0xff, 0xff, 0xff, 0xff, 0xff, 0xff,
  0xff, 0xff, 0xff, 0xff, 0xff, 0xff, 0xff, 0xff, 0xff, 0xff, 0xff, 0xff,
  0xff, 0xff, 0xff, 0xff, 0xff, 0xff, 0xff, 0xff, 0xff, 0xff, 0xff, 0xff,
  0xff, 0xff, 0xff, 0xff, 0xff, 0xff, 0xff, 0xff, 0xff, 0xff, 0xff, 0xff,
  0xff, 0xff, 0xff, 0xff, 0xff, 0xff, 0xff, 0xff, 0xff, 0xff, 0xff, 0xff,
  0xff, 0xff, 0xff, 0xff, 0xff, 0xff, 0xff, 0xff, 0xff, 0xff, 0xff, 0xff,
  0xff, 0xff, 0xff, 0xff, 0xff, 0xff, 0xff, 0xff, 0xff, 0xff, 0xff, 0xff,
  0xff, 0xff, 0xff, 0xff, 0xff, 0xff, 0xff, 0xff, 0xff, 0xff, 0xff, 0xff,
  0xff, 0xff, 0xff, 0xff, 0xff, 0xff, 0xff, 0xff, 0xff, 0xff, 0xff, 0xff,
  0xff, 0xff, 0xff, 0xff, 0xff, 0xff, 0xff, 0xff, 0xff, 0xff, 0xff, 0xff,
  0xff, 0xff, 0xff, 0xff, 0xff, 0xff, 0xff, 0xff, 0xff, 0xff, 0xff, 0xff,
  0xff, 0xff, 0xff, 0xff, 0xff, 0xff, 0xff, 0xff, 0xff, 0xff, 0xff, 0xff,
  0xff, 0xff, 0xff, 0xff, 0xff, 0xff, 0xff, 0xff, 0xff, 0xff, 0xff, 0xff,
  0xff, 0xff, 0xff, 0xff, 0xff, 0xff, 0xff, 0xff, 0xff, 0xff, 0xff, 0xff,
  0xff, 0xff, 0xff, 0xff, 0xff, 0xff, 0xff, 0xff, 0xff, 0xff, 0xff, 0xff,
  0xff, 0xff, 0xff, 0xff, 0xff, 0xff, 0xff, 0xff, 0xff, 0xff, 0xff, 0xff,
  0xff, 0xff, 0xff, 0xff, 0xff, 0xff, 0xff, 0xff, 0xff, 0xff, 0xff, 0xff,
  0xff, 0xff, 0xff, 0xff, 0xff, 0xff, 0xff, 0xff, 0xff, 0xff, 0xff, 0xff,
  0xff, 0xff, 0xff, 0xff, 0xff, 0xff, 0xff, 0xff, 0xff, 0xff, 0xff, 0xff,
  0xff, 0xff, 0xff, 0xff, 0xff, 0xff, 0xff, 0xff, 0xff, 0xff, 0xff, 0xff,
  0xff, 0xff, 0xff, 0xff, 0xff, 0xff, 0xff, 0xff, 0xff, 0xff, 0xff, 0xff,
  0xff, 0xff, 0xff, 0xff, 0xff, 0xff, 0xff, 0xff, 0xff, 0xff, 0xff, 0xff,
  0xff, 0xff, 0xff, 0xff, 0xff, 0xff, 0xff, 0xff, 0xff, 0xff, 0xff, 0xff,
  0xff, 0xff, 0xff, 0xff, 0xff, 0xff, 0xff, 0xff, 0xff, 0xff, 0xff, 0xff,
  0xff, 0xff, 0xff, 0xff, 0xff, 0xff, 0xff, 0xff, 0xff, 0xff, 0xff, 0xff,
  0xff, 0xff, 0xff, 0xff, 0xff, 0xff, 0xff, 0xff, 0xff, 0xff, 0xff, 0xff,
  0xff, 0xff, 0xff, 0xff, 0xff, 0xff, 0xff, 0xff, 0xff, 0xff, 0xff, 0xff,
  0xff, 0xff, 0xff, 0xff, 0xff, 0xff, 0xff, 0xff, 0xff, 0xff, 0xff, 0xff,
  0xff, 0xff, 0xff, 0xff, 0xff, 0xff, 0xff, 0xff, 0xff, 0xff, 0xff, 0xff,
  0xff, 0xff, 0xff, 0xff, 0xff, 0xff, 0xff, 0xff, 0xff, 0xff, 0xff, 0xff,
  0xff, 0xff, 0xff, 0xff, 0xff, 0xff, 0xff, 0xff, 0xff, 0xff, 0xff, 0xff,
  0xff, 0xff, 0xff, 0xff, 0xff, 0xff, 0xff, 0xff, 0xff, 0xff, 0xff, 0xff,
  0xff, 0xff, 0xff, 0xff, 0xff, 0xff, 0xff, 0xff, 0xff, 0xff, 0xff, 0xff,
  0xff, 0xff, 0xff, 0xff, 0xff, 0xff, 0xff, 0xff, 0xff, 0xff, 0xff, 0xff,
  0xff, 0xff, 0xff, 0xff, 0xff, 0xff, 0xff, 0xff, 0xff, 0xff, 0xff, 0xff,
  0xff, 0xff, 0xff, 0xff, 0xff, 0xff, 0xff, 0xff, 0xff, 0xff, 0xff, 0xff,
  0xff, 0xff, 0xff, 0xff, 0xff, 0xff, 0xff, 0xff, 0xff, 0xff, 0xff, 0xff,
  0xff, 0xff, 0xff, 0xff, 0xff, 0xff, 0xff, 0xff, 0xff, 0xff, 0xff, 0xff,
  0xff, 0xff, 0xff, 0xff, 0xff, 0xff, 0xff, 0xff, 0xff, 0xff, 0xff, 0xff,
  0xff, 0xff, 0xff, 0xff, 0xff, 0xff, 0xff, 0xff, 0xff, 0xff, 0xff, 0xff,
  0xff, 0xff, 0xff, 0xff, 0xff, 0xff, 0xff, 0xff, 0xff, 0xff, 0xff, 0xff,
  0xff, 0xff, 0xff, 0xff, 0xff, 0xff, 0xff, 0xff, 0xff, 0xff, 0xff, 0xff,
  0xff, 0xff, 0xff, 0xff, 0xff, 0xff, 0xff, 0xff, 0xff, 0xff, 0xff, 0xff,
  0xff, 0xff, 0xff, 0xff, 0xff, 0xff, 0xff, 0xff, 0xff, 0xff, 0xff, 0xff,
  0xff, 0xff, 0xff, 0xff, 0xff, 0xff, 0xff, 0xff, 0xff, 0xff, 0xff, 0xff,
  0xff, 0xff, 0xff, 0xff, 0xff, 0xff, 0xff, 0xff, 0xff, 0xff, 0xff, 0xff,
  0xff, 0xff, 0xff, 0xff, 0xff, 0xff, 0xff, 0xff, 0xff, 0xff, 0xff, 0xff,
  0xff, 0xff, 0xff, 0xff, 0xff, 0xff, 0xff, 0xff, 0xff, 0xff, 0xff, 0xff,
  0xff, 0xff, 0xff, 0xff, 0xff, 0xff, 0xff, 0xff, 0xff, 0xff, 0xff, 0xff,
  0xff, 0xff, 0xff, 0xff, 0xff, 0xff, 0xff, 0xff, 0xff, 0xff, 0xff, 0xff,
  0xff, 0xff, 0xff, 0xff, 0xff, 0xff, 0xff, 0xff, 0xff, 0xff, 0xff, 0xff,
  0xff, 0xff, 0xff, 0xff, 0xff, 0xff, 0xff, 0xff, 0xff, 0xff, 0xff, 0xff,
  0xff, 0xff, 0xff, 0xff, 0xff, 0xff, 0xff, 0xff, 0xff, 0xff, 0xff, 0xff,
  0xff, 0xff, 0xff, 0xff, 0xff, 0xff, 0xff, 0xff, 0xff, 0xff, 0xff, 0xff,
  0xff, 0xff, 0xff, 0xff, 0xff, 0xff, 0xff, 0xff, 0xff, 0xff, 0xff, 0xff,
  0xff, 0xff, 0xff, 0xff, 0xff, 0xff, 0xff, 0xff, 0xff, 0xff, 0xff, 0xff,
  0xff, 0xff, 0xff, 0xff, 0xff, 0xff, 0xff, 0xff, 0xff, 0xff, 0xff, 0xff,
  0xff, 0xff, 0xff, 0xff, 0xff, 0xff, 0xff, 0xff, 0xff, 0xff, 0xff, 0xff,
  0xff, 0xff, 0xff, 0xff, 0xff, 0xff, 0xff, 0xff, 0xff, 0xff, 0xff, 0xff,
  0xff, 0xff, 0xff, 0xff, 0xff, 0xff, 0xff, 0xff, 0xff, 0xff, 0xff, 0xff,
  0xff, 0xff, 0xff, 0xff, 0xff, 0xff, 0xff, 0xff, 0xff, 0xff, 0xff, 0xff,
  0xff, 0xff, 0xff, 0xff, 0xff, 0xff, 0xff, 0xff, 0xff, 0xff, 0xff, 0xff,
  0xff, 0xff, 0xff, 0xff, 0xff, 0xff, 0xff, 0xff, 0xff, 0xff, 0xff, 0xff,
  0xff, 0xff, 0xff, 0xff, 0xff, 0xff, 0xff, 0xff, 0xff, 0xff, 0xff, 0xff,
  0xff, 0xff, 0xff, 0xff, 0xff, 0xff, 0xff, 0xff, 0xff, 0xff, 0xff, 0xff,
  0xff, 0xff, 0xff, 0xff, 0xff, 0xff, 0xff, 0xff, 0xff, 0xff, 0xff, 0xff,
  0xff, 0xff, 0xff, 0xff, 0xff, 0xff, 0xff, 0xff, 0xff, 0xff, 0xff, 0xff,
  0xff, 0xff, 0xff, 0xff, 0xff, 0xff, 0xff, 0xff, 0xff, 0xff, 0xff, 0xff,
  0xff, 0xff, 0xff, 0xff, 0xff, 0xff, 0xff, 0xff, 0xff, 0xff, 0xff, 0xff,
  0xff, 0xff, 0xff, 0xff, 0xff, 0xff, 0xff, 0xff, 0xff, 0xff, 0xff, 0xff,
  0xff, 0xff, 0xff, 0xff, 0xff, 0xff, 0xff, 0xff, 0xff, 0xff, 0xff, 0xff,
  0xff, 0xff, 0xff, 0xff, 0xff, 0xff, 0xff, 0xff, 0xff, 0xff, 0xff, 0xff,
  0xff, 0xff, 0xff, 0xff, 0xff, 0xff, 0xff, 0xff, 0xff, 0xff, 0xff, 0xff,
  0xff, 0xff, 0xff, 0xff, 0xff, 0xff, 0xff, 0xff, 0xff, 0xff, 0xff, 0xff,
  0xff, 0xff, 0xff, 0xff, 0xff, 0xff, 0xff, 0xff, 0xff, 0xff, 0xff, 0xff,
  0xff, 0xff, 0xff, 0xff, 0xff, 0xff, 0xff, 0xff, 0xff, 0xff, 0xff, 0xff,
  0xff, 0xff, 0xff, 0xff, 0xff, 0xff, 0xff, 0xff, 0xff, 0xff, 0xff, 0xff,
  0xff, 0xff, 0xff, 0xff, 0xff, 0xff, 0xff, 0xff, 0xff, 0xff, 0xff, 0xff,
  0xff, 0xff, 0xff, 0xff, 0xff, 0xff, 0xff, 0xff, 0xff, 0xff, 0xff, 0xff,
  0xff, 0xff, 0xff, 0xff, 0xff, 0xff, 0xff, 0xff, 0xff, 0xff, 0xff, 0xff,
  0xff, 0xff, 0xff, 0xff, 0xff, 0xff, 0xff, 0xff, 0xff, 0xff, 0xff, 0xff,
  0xff, 0xff, 0xff, 0xff, 0xff, 0xff, 0xff, 0xff, 0xff, 0xff, 0xff, 0xff,
  0xff, 0xff, 0xff, 0xff, 0xff, 0xff, 0xff, 0xff, 0xff, 0xff, 0xff, 0xff,
  0xff, 0xff, 0xff, 0xff, 0xff, 0xff, 0xff, 0xff, 0xff, 0xff, 0xff, 0xff,
  0xff, 0xff, 0xff, 0xff, 0xff, 0xff, 0xff, 0xff, 0xff, 0xff, 0xff, 0xff,
  0xff, 0xff, 0xff, 0xff, 0xff, 0xff, 0xff, 0xff, 0xff, 0xff, 0xff, 0xff,
  0xff, 0xff, 0xff, 0xff, 0xff, 0xff, 0xff, 0xff, 0xff, 0xff, 0xff, 0xff,
  0xff, 0xff, 0xff, 0xff, 0xff, 0xff, 0xff, 0xff, 0xff, 0xff, 0xff, 0xff,
  0xff, 0xff, 0xff, 0xff, 0xff, 0xff, 0xff, 0xff, 0xff, 0xff, 0xff, 0xff,
  0xff, 0xff, 0xff, 0xff, 0xff, 0xff, 0xff, 0xff, 0xff, 0xff, 0xff, 0xff,
  0xff, 0xff, 0xff, 0xff, 0xff, 0xff, 0xff, 0xff, 0xff, 0xff, 0xff, 0xff,
  0xff, 0xff, 0xff, 0xff, 0xff, 0xff, 0xff, 0xff, 0xff, 0xff, 0xff, 0xff,
  0xff, 0xff, 0xff, 0xff, 0xff, 0xff, 0xff, 0xff, 0xff, 0xff, 0xff, 0xff,
  0xff, 0xff, 0xff, 0xff, 0xff, 0xff, 0xff, 0xff, 0xff, 0xff, 0xff, 0xff,
  0xff, 0xff, 0xff, 0xff, 0xff, 0xff, 0xff, 0xff, 0xff, 0xff, 0xff, 0xff,
  0xff, 0xff, 0xff, 0xff, 0xff, 0xff, 0xff, 0xff, 0xff, 0xff, 0xff, 0xff,
  0xff, 0xff, 0xff, 0xff, 0xff, 0xff, 0xff, 0xff, 0xff, 0xff, 0xff, 0xff,
  0xff, 0xff, 0xff, 0xff, 0xff, 0xff, 0xff, 0xff, 0xff, 0xff, 0xff, 0xff,
  0xff, 0xff, 0xff, 0xff, 0xff, 0xff, 0xff, 0xff, 0xff, 0xff, 0xff, 0xff,
  0xff, 0xff, 0xff, 0xff, 0xff, 0xff, 0xff, 0xff, 0xff, 0xff, 0xff, 0xff,
  0xff, 0xff, 0xff, 0xff, 0xff, 0xff, 0xff, 0xff, 0xff, 0xff, 0xff, 0xff,
  0xff, 0xff, 0xff, 0xff, 0xff, 0xff, 0xff, 0xff, 0xff, 0xff, 0xff, 0xff,
  0xff, 0xff, 0xff, 0xff, 0xff, 0xff, 0xff, 0xff, 0xff, 0xff, 0xff, 0xff,
  0xff, 0xff, 0xff, 0xff, 0xff, 0xff, 0xff, 0xff, 0xff, 0xff, 0xff, 0xff,
  0xff, 0xff, 0xff, 0xff, 0xff, 0xff, 0xff, 0xff, 0xff, 0xff, 0xff, 0xff,
  0xff, 0xff, 0xff, 0xff, 0xff, 0xff, 0xff, 0xff, 0xff, 0xff, 0xff, 0xff,
  0xff, 0xff, 0xff, 0xff, 0xff, 0xff, 0xff, 0xff, 0xff, 0xff, 0xff, 0xff,
  0xff, 0xff, 0xff, 0xff, 0xff, 0xff, 0xff, 0xff, 0xff, 0xff, 0xff, 0xff,
  0xff, 0xff, 0xff, 0xff, 0xff, 0xff, 0xff, 0xff, 0xff, 0xff, 0xff, 0xff,
  0xff, 0xff, 0xff, 0xff, 0xff, 0xff, 0xff, 0xff, 0xff, 0xff, 0xff, 0xff,
  0xff, 0xff, 0xff, 0xff, 0xff, 0xff, 0xff, 0xff, 0xff, 0xff, 0xff, 0xff,
  0xff, 0xff, 0xff, 0xff, 0xff, 0xff, 0xff, 0xff, 0xff, 0xff, 0xff, 0xff,
  0xff, 0xff, 0xff, 0xff, 0xff, 0xff, 0xff, 0xff, 0xff, 0xff, 0xff, 0xff,
  0xff, 0xff, 0xff, 0xff, 0xff, 0xff, 0xff, 0xff, 0xff, 0xff, 0xff, 0xff,
  0xff, 0xff, 0xff, 0xff, 0xff, 0xff, 0xff, 0xff, 0xff, 0xff, 0xff, 0xff,
  0xff, 0xff, 0xff, 0xff, 0xff, 0xff, 0xff, 0xff, 0xff, 0xff, 0xff, 0xff,
  0xff, 0xff, 0xff, 0xff, 0xff, 0xff, 0xff, 0xff, 0xff, 0xff, 0xff, 0xff,
  0xff, 0xff, 0xff, 0xff, 0xff, 0xff, 0xff, 0xff, 0xff, 0xff, 0xff, 0xff,
  0xff, 0xff, 0xff, 0xff, 0xff, 0xff, 0xff, 0xff, 0xff, 0xff, 0xff, 0xff,
  0xff, 0xff, 0xff, 0xff, 0xff, 0xff, 0xff, 0xff, 0xff, 0xff, 0xff, 0xff,
  0xff, 0xff, 0xff, 0xff, 0xff, 0xff, 0xff, 0xff, 0xff, 0xff, 0xff, 0xff,
  0xff, 0xff, 0xff, 0xff, 0xff, 0xff, 0xff, 0xff, 0xff, 0xff, 0xff, 0xff,
  0xff, 0xff, 0xff, 0xff, 0xff, 0xff, 0xff, 0xff, 0xff, 0xff, 0xff, 0xff,
  0xff, 0xff, 0xff, 0xff, 0xff, 0xff, 0xff, 0xff, 0xff, 0xff, 0xff, 0xff,
  0xff, 0xff, 0xff, 0xff, 0xff, 0xff, 0xff, 0xff, 0xff, 0xff, 0xff, 0xff,
  0xff, 0xff, 0xff, 0xff, 0xff, 0xff, 0xff, 0xff, 0xff, 0xff, 0xff, 0xff,
  0xff, 0xff, 0xff, 0xff, 0xff, 0xff, 0xff, 0xff, 0xff, 0xff, 0xff, 0xff,
  0xff, 0xff, 0xff, 0xff, 0xff, 0xff, 0xff, 0xff, 0xff, 0xff, 0xff, 0xff,
  0xff, 0xff, 0xff, 0xff, 0xff, 0xff, 0xff, 0xff, 0xff, 0xff, 0xff, 0xff,
  0xff, 0xff, 0xff, 0xff, 0xff, 0xff, 0xff, 0xff, 0xff, 0xff, 0xff, 0xff,
  0xff, 0xff, 0xff, 0xff, 0xff, 0xff, 0xff, 0xff, 0xff, 0xff, 0xff, 0xff,
  0xff, 0xff, 0xff, 0xff, 0xff, 0xff, 0xff, 0xff, 0xff, 0xff, 0xff, 0xff,
  0xff, 0xff, 0xff, 0xff, 0xff, 0xff, 0xff, 0xff, 0xff, 0xff, 0xff, 0xff,
  0xff, 0xff, 0xff, 0xff, 0xff, 0xff, 0xff, 0xff, 0xff, 0xff, 0xff, 0xff,
  0xff, 0xff, 0xff, 0xff, 0xff, 0xff, 0xff, 0xff, 0xff, 0xff, 0xff, 0xff,
  0xff, 0xff, 0xff, 0xff, 0xff, 0xff, 0xff, 0xff, 0xff, 0xff, 0xff, 0xff,
  0xff, 0xff, 0xff, 0xff, 0xff, 0xff, 0xff, 0xff, 0xff, 0xff, 0xff, 0xff,
  0xff, 0xff, 0xff, 0xff, 0xff, 0xff, 0xff, 0xff, 0xff, 0xff, 0xff, 0xff,
  0xff, 0xff, 0xff, 0xff, 0xff, 0xff, 0xff, 0xff, 0xff, 0xff, 0xff, 0xff,
  0xff, 0xff, 0xff, 0xff, 0xff, 0xff, 0xff, 0xff, 0xff, 0xff, 0xff, 0xff,
  0xff, 0xff, 0xff, 0xff, 0xff, 0xff, 0xff, 0xff, 0xff, 0xff, 0xff, 0xff,
  0xff, 0xff, 0xff, 0xff, 0xff, 0xff, 0xff, 0xff, 0xff, 0xff, 0xff, 0xff,
  0xff, 0xff, 0xff, 0xff, 0xff, 0xff, 0xff, 0xff, 0xff, 0xff, 0xff, 0xff,
  0xff, 0xff, 0xff, 0xff, 0xff, 0xff, 0xff, 0xff, 0xff, 0xff, 0xff, 0xff,
  0xff, 0xff, 0xff, 0xff, 0xff, 0xff, 0xff, 0xff, 0xff, 0xff, 0xff, 0xff,
  0xff, 0xff, 0xff, 0xff, 0xff, 0xff, 0xff, 0xff, 0xff, 0xff, 0xff, 0xff,
  0xff, 0xff, 0xff, 0xff, 0xff, 0xff, 0xff, 0xff, 0xff, 0xff, 0xff, 0xff,
  0xff, 0xff, 0xff, 0xff, 0xff, 0xff, 0xff, 0xff, 0xff, 0xff, 0xff, 0xff,
  0xff, 0xff, 0xff, 0xff, 0xff, 0xff, 0xff, 0xff, 0xff, 0xff, 0xff, 0xff,
  0xff, 0xff, 0xff, 0xff, 0xff, 0xff, 0xff, 0xff, 0xff, 0xff, 0xff, 0xff,
  0xff, 0xff, 0xff, 0xff, 0xff, 0xff, 0xff, 0xff, 0xff, 0xff, 0xff, 0xff,
  0xff, 0xff, 0xff, 0xff, 0xff, 0xff, 0xff, 0xff, 0xff, 0xff, 0xff, 0xff,
  0xff, 0xff, 0xff, 0xff, 0xff, 0xff, 0xff, 0xff, 0xff, 0xff, 0xff, 0xff,
  0xff, 0xff, 0xff, 0xff, 0xff, 0xff, 0xff, 0xff, 0xff, 0xff, 0xff, 0xff,
  0xff, 0xff, 0xff, 0xff, 0xff, 0xff, 0xff, 0xff, 0xff, 0xff, 0xff, 0xff,
  0xff, 0xff, 0xff, 0xff, 0xff, 0xff, 0xff, 0xff, 0xff, 0xff, 0xff, 0xff,
  0xff, 0xff, 0xff, 0xff, 0xff, 0xff, 0xff, 0xff, 0xff, 0xff, 0xff, 0xff,
  0xff, 0xff, 0xff, 0xff, 0xff, 0xff, 0xff, 0xff, 0xff, 0xff, 0xff, 0xff,
  0xff, 0xff, 0xff, 0xff, 0xff, 0xff, 0xff, 0xff, 0xff, 0xff, 0xff, 0xff,
  0xff, 0xff, 0xff, 0xff, 0xff, 0xff, 0xff, 0xff, 0xff, 0xff, 0xff, 0xff,
  0xff, 0xff, 0xff, 0xff, 0xff, 0xff, 0xff, 0xff, 0xff, 0xff, 0xff, 0xff,
  0xff, 0xff, 0xff, 0xff, 0xff, 0xff, 0xff, 0xff, 0xff, 0xff, 0xff, 0xff,
  0xff, 0xff, 0xff, 0xff, 0xff, 0xff, 0xff, 0xff, 0xff, 0xff, 0xff, 0xff,
  0xff, 0xff, 0xff, 0xff, 0xff, 0xff, 0xff, 0xff, 0xff, 0xff, 0xff, 0xff,
  0xff, 0xff, 0xff, 0xff, 0xff, 0xff, 0xff, 0xff, 0xff, 0xff, 0xff, 0xff,
  0xff, 0xff, 0xff, 0xff, 0xff, 0xff, 0xff, 0xff, 0xff, 0xff, 0xff, 0xff,
  0xff, 0xff, 0xff, 0xff, 0xff, 0xff, 0xff, 0xff, 0xff, 0xff, 0xff, 0xff,
  0xff, 0xff, 0xff, 0xff, 0xff, 0xff, 0xff, 0xff, 0xff, 0xff, 0xff, 0xff,
  0xff, 0xff, 0xff, 0xff, 0xff, 0xff, 0xff, 0xff, 0xff, 0xff, 0xff, 0xff,
  0xff, 0xff, 0xff, 0xff, 0xff, 0xff, 0xff, 0xff, 0xff, 0xff, 0xff, 0xff,
  0xff, 0xff, 0xff, 0xff, 0xff, 0xff, 0xff, 0xff, 0xff, 0xff, 0xff, 0xff,
  0xff, 0xff, 0xff, 0xff, 0xff, 0xff, 0xff, 0xff, 0xff, 0xff, 0xff, 0xff,
  0xff, 0xff, 0xff, 0xff, 0xff, 0xff, 0xff, 0xff, 0xff, 0xff, 0xff, 0xff,
  0xff, 0xff, 0xff, 0xff, 0xff, 0xff, 0xff, 0xff, 0xff, 0xff, 0xff, 0xff,
  0xff, 0xff, 0xff, 0xff, 0xff, 0xff, 0xff, 0xff, 0xff, 0xff, 0xff, 0xff,
  0xff, 0xff, 0xff, 0xff, 0xff, 0xff, 0xff, 0xff, 0xff, 0xff, 0xff, 0xff,
  0xff, 0xff, 0xff, 0xff, 0xff, 0xff, 0xff, 0xff, 0xff, 0xff, 0xff, 0xff,
  0xff, 0xff, 0xff, 0xff, 0xff, 0xff, 0xff, 0xff, 0xff, 0xff, 0xff, 0xff,
  0xff, 0xff, 0xff, 0xff, 0xff, 0xff, 0xff, 0xff, 0xff, 0xff, 0xff, 0xff,
  0xff, 0xff, 0xff, 0xff, 0xff, 0xff, 0xff, 0xff, 0xff, 0xff, 0xff, 0xff,
  0xff, 0xff, 0xff, 0xff, 0xff, 0xff, 0xff, 0xff, 0xff, 0xff, 0xff, 0xff,
  0xff, 0xff, 0xff, 0xff, 0xff, 0xff, 0xff, 0xff, 0xff, 0xff, 0xff, 0xff,
  0xff, 0xff, 0xff, 0xff, 0xff, 0xff, 0xff, 0xff, 0xff, 0xff, 0xff, 0xff,
  0xff, 0xff, 0xff, 0xff, 0xff, 0xff, 0xff, 0xff, 0xff, 0xff, 0xff, 0xff,
  0xff, 0xff, 0xff, 0xff, 0xff, 0xff, 0xff, 0xff, 0xff, 0xff, 0xff, 0xff,
  0xff, 0xff, 0xff, 0xff, 0xff, 0xff, 0xff, 0xff, 0xff, 0xff, 0xff, 0xff,
  0xff, 0xff, 0xff, 0xff, 0xff, 0xff, 0xff, 0xff, 0xff, 0xff, 0xff, 0xff,
  0xff, 0xff, 0xff, 0xff, 0xff, 0xff, 0xff, 0xff, 0xff, 0xff, 0xff, 0xff,
  0xff, 0xff, 0xff, 0xff, 0xff, 0xff, 0xff, 0xff, 0xff, 0xff, 0xff, 0xff,
  0xff, 0xff, 0xff, 0xff, 0xff, 0xff, 0xff, 0xff, 0xff, 0xff, 0xff, 0xff,
  0xff, 0xff, 0xff, 0xff, 0xff, 0xff, 0xff, 0xff, 0xff, 0xff, 0xff, 0xff,
  0xff, 0xff, 0xff, 0xff, 0xff, 0xff, 0xff, 0xff, 0xff, 0xff, 0xff, 0xff,
  0xff, 0xff, 0xff, 0xff, 0xff, 0xff, 0xff, 0xff, 0xff, 0xff, 0xff, 0xff,
  0xff, 0xff, 0xff, 0xff, 0xff, 0xff, 0xff, 0xff, 0xff, 0xff, 0xff, 0xff,
  0xff, 0xff, 0xff, 0xff, 0xff, 0xff, 0xff, 0xff, 0xff, 0xff, 0xff, 0xff,
  0xff, 0xff, 0xff, 0xff, 0xff, 0xff, 0xff, 0xff, 0xff, 0xff, 0xff, 0xff,
  0xff, 0xff, 0xff, 0xff, 0xff, 0xff, 0xff, 0xff, 0xff, 0xff, 0xff, 0xff,
  0xff, 0xff, 0xff, 0xff, 0xff, 0xff, 0xff, 0xff, 0xff, 0xff, 0xff, 0xff,
  0xff, 0xff, 0xff, 0xff, 0xff, 0xff, 0xff, 0xff, 0xff, 0xff, 0xff, 0xff,
  0xff, 0xff, 0xff, 0xff, 0xff, 0xff, 0xff, 0xff, 0xff, 0xff, 0xff, 0xff,
  0xff, 0xff, 0xff, 0xff, 0xff, 0xff, 0xff, 0xff, 0xff, 0xff, 0xff, 0xff,
  0xff, 0xff, 0xff, 0xff, 0xff, 0xff, 0xff, 0xff, 0xff, 0xff, 0xff, 0xff,
  0xff, 0xff, 0xff, 0xff, 0xff, 0xff, 0xff, 0xff, 0xff, 0xff, 0xff, 0xff,
  0xff, 0xff, 0xff, 0xff, 0xff, 0xff, 0xff, 0xff, 0xff, 0xff, 0xff, 0xff,
  0xff, 0xff, 0xff, 0xff, 0xff, 0xff, 0xff, 0xff, 0xff, 0xff, 0xff, 0xff,
  0xff, 0xff, 0xff, 0xff, 0xff, 0xff, 0xff, 0xff, 0xff, 0xff, 0xff, 0xff,
  0xff, 0xff, 0xff, 0xff, 0xff, 0xff, 0xff, 0xff, 0xff, 0xff, 0xff, 0xff,
  0xff, 0xff, 0xff, 0xff, 0xff, 0xff, 0xff, 0xff, 0xff, 0xff, 0xff, 0xff,
  0xff, 0xff, 0xff, 0xff, 0xff, 0xff, 0xff, 0xff, 0xff, 0xff, 0xff, 0xff,
  0xff, 0xff, 0xff, 0xff, 0xff, 0xff, 0xff, 0xff, 0xff, 0xff, 0xff, 0xff,
  0xff, 0xff, 0xff, 0xff, 0xff, 0xff, 0xff, 0xff, 0xff, 0xff, 0xff, 0xff,
  0xff, 0xff, 0xff, 0xff, 0xff, 0xff, 0xff, 0xff, 0xff, 0xff, 0xff, 0xff,
  0xff, 0xff, 0xff, 0xff, 0xff, 0xff, 0xff, 0xff, 0xff, 0xff, 0xff, 0xff,
  0xff, 0xff, 0xff, 0xff, 0xff, 0xff, 0xff, 0xff, 0xff, 0xff, 0xff, 0xff,
  0xff, 0xff, 0xff, 0xff, 0xff, 0xff, 0xff, 0xff, 0xff, 0xff, 0xff, 0xff,
  0xff, 0xff, 0xff, 0xff, 0xff, 0xff, 0xff, 0xff, 0xff, 0xff, 0xff, 0xff,
  0xff, 0xff, 0xff, 0xff, 0xff, 0xff, 0xff, 0xff, 0xff, 0xff, 0xff, 0xff,
  0xff, 0xff, 0xff, 0xff, 0xff, 0xff, 0xff, 0xff, 0xff, 0xff, 0xff, 0xff,
  0xff, 0xff, 0xff, 0xff, 0xff, 0xff, 0xff, 0xff, 0xff, 0xff, 0xff, 0xff,
  0xff, 0xff, 0xff, 0xff, 0xff, 0xff, 0xff, 0xff, 0xff, 0xff, 0xff, 0xff,
  0xff, 0xff, 0xff, 0xff, 0xff, 0xff, 0xff, 0xff, 0xff, 0xff, 0xff, 0xff,
  0xff, 0xff, 0xff, 0xff, 0xff, 0xff, 0xff, 0xff, 0xff, 0xff, 0xff, 0xff,
  0xff, 0xff, 0xff, 0xff, 0xff, 0xff, 0xff, 0xff, 0xff, 0xff, 0xff, 0xff,
  0xff, 0xff, 0xff, 0xff, 0xff, 0xff, 0xff, 0xff, 0xff, 0xff, 0xff, 0xff,
  0xff, 0xff, 0xff, 0xff, 0xff, 0xff, 0xff, 0xff, 0xff, 0xff, 0xff, 0xff,
  0xff, 0xff, 0xff, 0xff, 0xff, 0xff, 0xff, 0xff, 0xff, 0xff, 0xff, 0xff,
  0xff, 0xff, 0xff, 0xff, 0xff, 0xff, 0xff, 0xff, 0xff, 0xff, 0xff, 0xff,
  0xff, 0xff, 0xff, 0xff, 0xff, 0xff, 0xff, 0xff, 0xff, 0xff, 0xff, 0xff,
  0xff, 0xff, 0xff, 0xff, 0xff, 0xff, 0xff, 0xff, 0xff, 0xff, 0xff, 0xff,
  0xff, 0xff, 0xff, 0xff, 0xff, 0xff, 0xff, 0xff, 0xff, 0xff, 0xff, 0xff,
  0xff, 0xff, 0xff, 0xff, 0xff, 0xff, 0xff, 0xff, 0xff, 0xff, 0xff, 0xff,
  0xff, 0xff, 0xff, 0xff, 0xff, 0xff, 0xff, 0xff, 0xff, 0xff, 0xff, 0xff,
  0xff, 0xff, 0xff, 0xff, 0xff, 0xff, 0xff, 0xff, 0xff, 0xff, 0xff, 0xff,
  0xff, 0xff, 0xff, 0xff, 0xff, 0xff, 0xff, 0xff, 0xff, 0xff, 0xff, 0xff,
  0xff, 0xff, 0xff, 0xff, 0xff, 0xff, 0xff, 0xff, 0xff, 0xff, 0xff, 0xff,
  0xff, 0xff, 0xff, 0xff, 0xff, 0xff, 0xff, 0xff, 0xff, 0xff, 0xff, 0xff,
  0xff, 0xff, 0xff, 0xff, 0xff, 0xff, 0xff, 0xff, 0xff, 0xff, 0xff, 0xff,
  0xff, 0xff, 0xff, 0xff, 0xff, 0xff, 0xff, 0xff, 0xff, 0xff, 0xff, 0xff,
  0xff, 0xff, 0xff, 0xff, 0xff, 0xff, 0xff, 0xff, 0xff, 0xff, 0xff, 0xff,
  0xff, 0xff, 0xff, 0xff, 0xff, 0xff, 0xff, 0xff, 0xff, 0xff, 0xff, 0xff,
  0xff, 0xff, 0xff, 0xff, 0xff, 0xff, 0xff, 0xff, 0xff, 0xff, 0xff, 0xff,
  0xff, 0xff, 0xff, 0xff, 0xff, 0xff, 0xff, 0xff, 0xff, 0xff, 0xff, 0xff,
  0xff, 0xff, 0xff, 0xff, 0xff, 0xff, 0xff, 0xff, 0xff, 0xff, 0xff, 0xff,
  0xff, 0xff, 0xff, 0xff, 0xff, 0xff, 0xff, 0xff, 0xff, 0xff, 0xff, 0xff,
  0xff, 0xff, 0xff, 0xff, 0xff, 0xff, 0xff, 0xff, 0xff, 0xff, 0xff, 0xff,
  0xff, 0xff, 0xff, 0xff, 0xff, 0xff, 0xff, 0xff, 0xff, 0xff, 0xff, 0xff,
  0xff, 0xff, 0xff, 0xff, 0xff, 0xff, 0xff, 0xff, 0xff, 0xff, 0xff, 0xff,
  0xff, 0xff, 0xff, 0xff, 0xff, 0xff, 0xff, 0xff, 0xff, 0xff, 0xff, 0xff,
  0xff, 0xff, 0xff, 0xff, 0xff, 0xff, 0xff, 0xff, 0xff, 0xff, 0xff, 0xff,
  0xff, 0xff, 0xff, 0xff, 0xff, 0xff, 0xff, 0xff, 0xff, 0xff, 0xff, 0xff,
  0xff, 0xff, 0xff, 0xff, 0xff, 0xff, 0xff, 0xff, 0xff, 0xff, 0xff, 0xff,
  0xff, 0xff, 0xff, 0xff, 0xff, 0xff, 0xff, 0xff, 0xff, 0xff, 0xff, 0xff,
  0xff, 0xff, 0xff, 0xff, 0xff, 0xff, 0xff, 0xff, 0xff, 0xff, 0xff, 0xff,
  0xff, 0xff, 0xff, 0xff, 0xff, 0xff, 0xff, 0xff, 0xff, 0xff, 0xff, 0xff,
  0xff, 0xff, 0xff, 0xff, 0xff, 0xff, 0xff, 0xff, 0xff, 0xff, 0xff, 0xff,
  0xff, 0xff, 0xff, 0xff, 0xff, 0xff, 0xff, 0xff, 0xff, 0xff, 0xff, 0xff,
  0xff, 0xff, 0xff, 0xff, 0xff, 0xff, 0xff, 0xff, 0xff, 0xff, 0xff, 0xff,
  0xff, 0xff, 0xff, 0xff, 0xff, 0xff, 0xff, 0xff, 0xff, 0xff, 0xff, 0xff,
  0xff, 0xff, 0xff, 0xff, 0xff, 0xff, 0xff, 0xff, 0xff, 0xff, 0xff, 0xff,
  0xff, 0xff, 0xff, 0xff, 0xff, 0xff, 0xff, 0xff, 0xff, 0xff, 0xff, 0xff,
  0xff, 0xff, 0xff, 0xff, 0xff, 0xff, 0xff, 0xff, 0xff, 0xff, 0xff, 0xff,
  0xff, 0xff, 0xff, 0xff, 0xff, 0xff, 0xff, 0xff, 0xff, 0xff, 0xff, 0xff,
  0xff, 0xff, 0xff, 0xff, 0xff, 0xff, 0xff, 0xff, 0xff, 0xff, 0xff, 0xff,
  0xff, 0xff, 0xff, 0xff, 0xff, 0xff, 0xff, 0xff, 0xff, 0xff, 0xff, 0xff,
  0xff, 0xff, 0xff, 0xff, 0xff, 0xff, 0xff, 0xff, 0xff, 0xff, 0xff, 0xff,
  0xff, 0xff, 0xff, 0xff, 0xff, 0xff, 0xff, 0xff, 0xff, 0xff, 0xff, 0xff,
  0xff, 0xff, 0xff, 0xff, 0xff, 0xff, 0xff, 0xff, 0xff, 0xff, 0xff, 0xff,
  0xff, 0xff, 0xff, 0xff, 0xff, 0xff, 0xff, 0xff, 0xff, 0xff, 0xff, 0xff,
  0xff, 0xff, 0xff, 0xff, 0xff, 0xff, 0xff, 0xff, 0xff, 0xff, 0xff, 0xff,
  0xff, 0xff, 0xff, 0xff, 0xff, 0xff, 0xff, 0xff, 0xff, 0xff, 0xff, 0xff,
  0xff, 0xff, 0xff, 0xff, 0xff, 0xff, 0xff, 0xff, 0xff, 0xff, 0xff, 0xff,
  0xff, 0xff, 0xff, 0xff, 0xff, 0xff, 0xff, 0xff, 0xff, 0xff, 0xff, 0xff,
  0xff, 0xff, 0xff, 0xff, 0xff, 0xff, 0xff, 0xff, 0xff, 0xff, 0xff, 0xff,
  0xff, 0xff, 0xff, 0xff, 0xff, 0xff, 0xff, 0xff, 0xff, 0xff, 0xff, 0xff,
  0xff, 0xff, 0xff, 0xff, 0xff, 0xff, 0xff, 0xff, 0xff, 0xff, 0xff, 0xff,
  0xff, 0xff, 0xff, 0xff, 0xff, 0xff, 0xff, 0xff, 0xff, 0xff, 0xff, 0xff,
  0xff, 0xff, 0xff, 0xff, 0xff, 0xff, 0xff, 0xff, 0xff, 0xff, 0xff, 0xff,
  0xff, 0xff, 0xff, 0xff, 0xff, 0xff, 0xff, 0xff, 0xff, 0xff, 0xff, 0xff,
  0xff, 0xff, 0xff, 0xff, 0xff, 0xff, 0xff, 0xff, 0xff, 0xff, 0xff, 0xff,
  0xff, 0xff, 0xff, 0xff, 0xff, 0xff, 0xff, 0xff, 0xff, 0xff, 0xff, 0xff,
  0xff, 0xff, 0xff, 0xff, 0xff, 0xff, 0xff, 0xff, 0xff, 0xff, 0xff, 0xff,
  0xff, 0xff, 0xff, 0xff, 0xff, 0xff, 0xff, 0xff, 0xff, 0xff, 0xff, 0xff,
  0xff, 0xff, 0xff, 0xff, 0xff, 0xff, 0xff, 0xff, 0xff, 0xff, 0xff, 0xff,
  0xff, 0xff, 0xff, 0xff, 0xff, 0xff, 0xff, 0xff, 0xff, 0xff, 0xff, 0xff,
  0xff, 0xff, 0xff, 0xff, 0xff, 0xff, 0xff, 0xff, 0xff, 0xff, 0xff, 0xff,
  0xff, 0xff, 0xff, 0xff, 0xff, 0xff, 0xff, 0xff, 0xff, 0xff, 0xff, 0xff,
  0xff, 0xff, 0xff, 0xff, 0xff, 0xff, 0xff, 0xff, 0xff, 0xff, 0xff, 0xff,
  0xff, 0xff, 0xff, 0xff, 0xff, 0xff, 0xff, 0xff, 0xff, 0xff, 0xff, 0xff,
  0xff, 0xff, 0xff, 0xff, 0xff, 0xff, 0xff, 0xff, 0xff, 0xff, 0xff, 0xff,
  0xff, 0xff, 0xff, 0xff, 0xff, 0xff, 0xff, 0xff, 0xff, 0xff, 0xff, 0xff,
  0xff, 0xff, 0xff, 0xff, 0xff, 0xff, 0xff, 0xff, 0xff, 0xff, 0xff, 0xff,
  0xff, 0xff, 0xff, 0xff, 0xff, 0xff, 0xff, 0xff, 0xff, 0xff, 0xff, 0xff,
  0xff, 0xff, 0xff, 0xff, 0xff, 0xff, 0xff, 0xff, 0xff, 0xff, 0xff, 0xff,
  0xff, 0xff, 0xff, 0xff, 0xff, 0xff, 0xff, 0xff, 0xff, 0xff, 0xff, 0xff,
  0xff, 0xff, 0xff, 0xff, 0xff, 0xff, 0xff, 0xff, 0xff, 0xff, 0xff, 0xff,
  0xff, 0xff, 0xff, 0xff, 0xff, 0xff, 0xff, 0xff, 0xff, 0xff, 0xff, 0xff,
  0xff, 0xff, 0xff, 0xff, 0xff, 0xff, 0xff, 0xff, 0xff, 0xff, 0xff, 0xff,
  0xff, 0xff, 0xff, 0xff, 0xff, 0xff, 0xff, 0xff, 0xff, 0xff, 0xff, 0xff,
  0xff, 0xff, 0xff, 0xff, 0xff, 0xff, 0xff, 0xff, 0xff, 0xff, 0xff, 0xff,
  0xff, 0xff, 0xff, 0xff, 0xff, 0xff, 0xff, 0xff, 0xff, 0xff, 0xff, 0xff,
  0xff, 0xff, 0xff, 0xff, 0xff, 0xff, 0xff, 0xff, 0xff, 0xff, 0xff, 0xff,
  0xff, 0xff, 0xff, 0xff, 0xff, 0xff, 0xff, 0xff, 0xff, 0xff, 0xff, 0xff,
  0xff, 0xff, 0xff, 0xff, 0xff, 0xff, 0xff, 0xff, 0xff, 0xff, 0xff, 0xff,
  0xff, 0xff, 0xff, 0xff, 0xff, 0xff, 0xff, 0xff, 0xff, 0xff, 0xff, 0xff,
  0xff, 0xff, 0xff, 0xff, 0xff, 0xff, 0xff, 0xff, 0xff, 0xff, 0xff, 0xff,
  0xff, 0xff, 0xff, 0xff, 0xff, 0xff, 0xff, 0xff, 0xff, 0xff, 0xff, 0xff,
  0xff, 0xff, 0xff, 0xff, 0xff, 0xff, 0xff, 0xff, 0xff, 0xff, 0xff, 0xff,
  0xff, 0xff, 0xff, 0xff, 0xff, 0xff, 0xff, 0xff, 0xff, 0xff, 0xff, 0xff,
  0xff, 0xff, 0xff, 0xff, 0xff, 0xff, 0xff, 0xff, 0xff, 0xff, 0xff, 0xff,
  0xff, 0xff, 0xff, 0xff, 0xff, 0xff, 0xff, 0xff, 0xff, 0xff, 0xff, 0xff,
  0xff, 0xff, 0xff, 0xff, 0xff, 0xff, 0xff, 0xff, 0xff, 0xff, 0xff, 0xff,
  0xff, 0xff, 0xff, 0xff, 0xff, 0xff, 0xff, 0xff, 0xff, 0xff, 0xff, 0xff,
  0xff, 0xff, 0xff, 0xff, 0xff, 0xff, 0xff, 0xff, 0xff, 0xff, 0xff, 0xff,
  0xff, 0xff, 0xff, 0xff, 0xff, 0xff, 0xff, 0xff, 0xff, 0xff, 0xff, 0xff,
  0xff, 0xff, 0xff, 0xff, 0xff, 0xff, 0xff, 0xff, 0xff, 0xff, 0xff, 0xff,
  0xff, 0xff, 0xff, 0xff, 0xff, 0xff, 0xff, 0xff, 0xff, 0xff, 0xff, 0xff,
  0xff, 0xff, 0xff, 0xff, 0xff, 0xff, 0xff, 0xff, 0xff, 0xff, 0xff, 0xff,
  0xff, 0xff, 0xff, 0xff, 0xff, 0xff, 0xff, 0xff, 0xff, 0xff, 0xff, 0xff,
  0xff, 0xff, 0xff, 0xff, 0xff, 0xff, 0xff, 0xff, 0xff, 0xff, 0xff, 0xff,
  0xff, 0xff, 0xff, 0xff, 0xff, 0xff, 0xff, 0xff, 0xff, 0xff, 0xff, 0xff,
  0xff, 0xff, 0xff, 0xff, 0xff, 0xff, 0xff, 0xff, 0xff, 0xff, 0xff, 0xff,
  0xff, 0xff, 0xff, 0xff, 0xff, 0xff, 0xff, 0xff, 0xff, 0xff, 0xff, 0xff,
  0xff, 0xff, 0xff, 0xff, 0xff, 0xff, 0xff, 0xff, 0xff, 0xff, 0xff, 0xff,
  0xff, 0xff, 0xff, 0xff, 0xff, 0xff, 0xff, 0xff, 0xff, 0xff, 0xff, 0xff,
  0xff, 0xff, 0xff, 0xff, 0xff, 0xff, 0xff, 0xff, 0xff, 0xff, 0xff, 0xff,
  0xff, 0xff, 0xff, 0xff, 0xff, 0xff, 0xff, 0xff, 0xff, 0xff, 0xff, 0xff,
  0xff, 0xff, 0xff, 0xff, 0xff, 0xff, 0xff, 0xff, 0xff, 0xff, 0xff, 0xff,
  0xff, 0xff, 0xff, 0xff, 0xff, 0xff, 0xff, 0xff, 0xff, 0xff, 0xff, 0xff,
  0xff, 0xff, 0xff, 0xff, 0xff, 0xff, 0xff, 0xff, 0xff, 0xff, 0xff, 0xff,
  0xff, 0xff, 0xff, 0xff, 0xff, 0xff, 0xff, 0xff, 0xff, 0xff, 0xff, 0xff,
  0xff, 0xff, 0xff, 0xff, 0xff, 0xff, 0xff, 0xff, 0xff, 0xff, 0xff, 0xff,
  0xff, 0xff, 0xff, 0xff, 0xff, 0xff, 0xff, 0xff, 0xff, 0xff, 0xff, 0xff,
  0xff, 0xff, 0xff, 0xff, 0xff, 0xff, 0xff, 0xff, 0xff, 0xff, 0xff, 0xff,
  0xff, 0xff, 0xff, 0xff, 0xff, 0xff, 0xff, 0xff, 0xff, 0xff, 0xff, 0xff,
  0xff, 0xff, 0xff, 0xff, 0xff, 0xff, 0xff, 0xff, 0xff, 0xff, 0xff, 0xff,
  0xff, 0xff, 0xff, 0xff, 0xff, 0xff, 0xff, 0xff, 0xff, 0xff, 0xff, 0xff,
  0xff, 0xff, 0xff, 0xff, 0xff, 0xff, 0xff, 0xff, 0xff, 0xff, 0xff, 0xff,
  0xff, 0xff, 0xff, 0xff, 0xff, 0xff, 0xff, 0xff, 0xff, 0xff, 0xff, 0xff,
  0xff, 0xff, 0xff, 0xff, 0xff, 0xff, 0xff, 0xff, 0xff, 0xff, 0xff, 0xff,
  0xff, 0xff, 0xff, 0xff, 0xff, 0xff, 0xff, 0xff, 0xff, 0xff, 0xff, 0xff,
  0xff, 0xff, 0xff, 0xff, 0xff, 0xff, 0xff, 0xff, 0xff, 0xff, 0xff, 0xff,
  0xff, 0xff, 0xff, 0xff, 0xff, 0xff, 0xff, 0xff, 0xff, 0xff, 0xff, 0xff,
  0xff, 0xff, 0xff, 0xff, 0xff, 0xff, 0xff, 0xff, 0xff, 0xff, 0xff, 0xff,
  0xff, 0xff, 0xff, 0xff, 0xff, 0xff, 0xff, 0xff, 0xff, 0xff, 0xff, 0xff,
  0xff, 0xff, 0xff, 0xff, 0xff, 0xff, 0xff, 0xff, 0xff, 0xff, 0xff, 0xff,
  0xff, 0xff, 0xff, 0xff, 0xff, 0xff, 0xff, 0xff, 0xff, 0xff, 0xff, 0xff,
  0xff, 0xff, 0xff, 0xff, 0xff, 0xff, 0xff, 0xff, 0xff, 0xff, 0xff, 0xff,
  0xff, 0xff, 0xff, 0xff, 0xff, 0xff, 0xff, 0xff, 0xff, 0xff, 0xff, 0xff,
  0xff, 0xff, 0xff, 0xff, 0xff, 0xff, 0xff, 0xff, 0xff, 0xff, 0xff, 0xff,
  0xff, 0xff, 0xff, 0xff, 0xff, 0xff, 0xff, 0xff, 0xff, 0xff, 0xff, 0xff,
  0xff, 0xff, 0xff, 0xff, 0xff, 0xff, 0xff, 0xff, 0xff, 0xff, 0xff, 0xff,
  0xff, 0xff, 0xff, 0xff, 0xff, 0xff, 0xff, 0xff, 0xff, 0xff, 0xff, 0xff,
  0xff, 0xff, 0xff, 0xff, 0xff, 0xff, 0xff, 0xff, 0xff, 0xff, 0xff, 0xff,
  0xff, 0xff, 0xff, 0xff, 0xff, 0xff, 0xff, 0xff, 0xff, 0xff, 0xff, 0xff,
  0xff, 0xff, 0xff, 0xff, 0xff, 0xff, 0xff, 0xff, 0xff, 0xff, 0xff, 0xff,
  0xff, 0xff, 0xff, 0xff, 0xff, 0xff, 0xff, 0xff, 0xff, 0xff, 0xff, 0xff,
  0xff, 0xff, 0xff, 0xff, 0xff, 0xff, 0xff, 0xff, 0xff, 0xff, 0xff, 0xff,
  0xff, 0xff, 0xff, 0xff, 0xff, 0xff, 0xff, 0xff, 0xff, 0xff, 0xff, 0xff,
  0xff, 0xff, 0xff, 0xff, 0xff, 0xff, 0xff, 0xff, 0xff, 0xff, 0xff, 0xff,
  0xff, 0xff, 0xff, 0xff, 0xff, 0xff, 0xff, 0xff, 0xff, 0xff, 0xff, 0xff,
  0xff, 0xff, 0xff, 0xff, 0xff, 0xff, 0xff, 0xff, 0xff, 0xff, 0xff, 0xff,
  0xff, 0xff, 0xff, 0xff, 0xff, 0xff, 0xff, 0xff, 0xff, 0xff, 0xff, 0xff,
  0xff, 0xff, 0xff, 0xff, 0xff, 0xff, 0xff, 0xff, 0xff, 0xff, 0xff, 0xff,
  0xff, 0xff, 0xff, 0xff, 0xff, 0xff, 0xff, 0xff, 0xff, 0xff, 0xff, 0xff,
  0xff, 0xff, 0xff, 0xff, 0xff, 0xff, 0xff, 0xff, 0xff, 0xff, 0xff, 0xff,
  0xff, 0xff, 0xff, 0xff, 0xff, 0xff, 0xff, 0xff, 0xff, 0xff, 0xff, 0xff,
  0xff, 0xff, 0xff, 0xff, 0xff, 0xff, 0xff, 0xff, 0xff, 0xff, 0xff, 0xff,
  0xff, 0xff, 0xff, 0xff, 0xff, 0xff, 0xff, 0xff, 0xff, 0xff, 0xff, 0xff,
  0xff, 0xff, 0xff, 0xff, 0xff, 0xff, 0xff, 0xff, 0xff, 0xff, 0xff, 0xff,
  0xff, 0xff, 0xff, 0xff, 0xff, 0xff, 0xff, 0xff, 0xff, 0xff, 0xff, 0xff,
  0xff, 0xff, 0xff, 0xff, 0xff, 0xff, 0xff, 0xff, 0xff, 0xff, 0xff, 0xff,
  0xff, 0xff, 0xff, 0xff, 0xff, 0xff, 0xff, 0xff, 0xff, 0xff, 0xff, 0xff,
  0xff, 0xff, 0xff, 0xff, 0xff, 0xff, 0xff, 0xff, 0xff, 0xff, 0xff, 0xff,
  0xff, 0xff, 0xff, 0xff, 0xff, 0xff, 0xff, 0xff, 0xff, 0xff, 0xff, 0xff,
  0xff, 0xff, 0xff, 0xff, 0xff, 0xff, 0xff, 0xff, 0xff, 0xff, 0xff, 0xff,
  0xff, 0xff, 0xff, 0xff, 0xff, 0xff, 0xff, 0xff, 0xff, 0xff, 0xff, 0xff,
  0xff, 0xff, 0xff, 0xff, 0xff, 0xff, 0xff, 0xff, 0xff, 0xff, 0xff, 0xff,
  0xff, 0xff, 0xff, 0xff, 0xff, 0xff, 0xff, 0xff, 0xff, 0xff, 0xff, 0xff,
  0xff, 0xff, 0xff, 0xff, 0xff, 0xff, 0xff, 0xff, 0xff, 0xff, 0xff, 0xff,
  0xff, 0xff, 0xff, 0xff, 0xff, 0xff, 0xff, 0xff, 0xff, 0xff, 0xff, 0xff,
  0xff, 0xff, 0xff, 0xff, 0xff, 0xff, 0xff, 0xff, 0xff, 0xff, 0xff, 0xff,
  0xff, 0xff, 0xff, 0xff, 0xff, 0xff, 0xff, 0xff, 0xff, 0xff, 0xff, 0xff,
  0xff, 0xff, 0xff, 0xff, 0xff, 0xff, 0xff, 0xff, 0xff, 0xff, 0xff, 0xff,
  0xff, 0xff, 0xff, 0xff, 0xff, 0xff, 0xff, 0xff, 0xff, 0xff, 0xff, 0xff,
  0xff, 0xff, 0xff, 0xff, 0xff, 0xff, 0xff, 0xff, 0xff, 0xff, 0xff, 0xff,
  0xff, 0xff, 0xff, 0xff, 0xff, 0xff, 0xff, 0xff, 0xff, 0xff, 0xff, 0xff,
  0xff, 0xff, 0xff, 0xff, 0xff, 0xff, 0xff, 0xff, 0xff, 0xff, 0xff, 0xff,
  0xff, 0xff, 0xff, 0xff, 0xff, 0xff, 0xff, 0xff, 0xff, 0xff, 0xff, 0xff,
  0xff, 0xff, 0xff, 0xff, 0xff, 0xff, 0xff, 0xff, 0xff, 0xff, 0xff, 0xff,
  0xff, 0xff, 0xff, 0xff, 0xff, 0xff, 0xff, 0xff, 0xff, 0xff, 0xff, 0xff,
  0xff, 0xff, 0xff, 0xff, 0xff, 0xff, 0xff, 0xff, 0xff, 0xff, 0xff, 0xff,
  0xff, 0xff, 0xff, 0xff, 0xff, 0xff, 0xff, 0xff, 0xff, 0xff, 0xff, 0xff,
  0xff, 0xff, 0xff, 0xff, 0xff, 0xff, 0xff, 0xff, 0xff, 0xff, 0xff, 0xff,
  0xff, 0xff, 0xff, 0xff, 0xff, 0xff, 0xff, 0xff, 0xff, 0xff, 0xff, 0xff,
  0xff, 0xff, 0xff, 0xff, 0xff, 0xff, 0xff, 0xff, 0xff, 0xff, 0xff, 0xff,
  0xff, 0xff, 0xff, 0xff, 0xff, 0xff, 0xff, 0xff, 0xff, 0xff, 0xff, 0xff,
  0xff, 0xff, 0xff, 0xff, 0xff, 0xff, 0xff, 0xff, 0xff, 0xff, 0xff, 0xff,
  0xff, 0xff, 0xff, 0xff, 0xff, 0xff, 0xff, 0xff, 0xff, 0xff, 0xff, 0xff,
  0xff, 0xff, 0xff, 0xff, 0xff, 0xff, 0xff, 0xff, 0xff, 0xff, 0xff, 0xff,
  0xff, 0xff, 0xff, 0xff, 0xff, 0xff, 0xff, 0xff, 0xff, 0xff, 0xff, 0xff,
  0xff, 0xff, 0xff, 0xff, 0xff, 0xff, 0xff, 0xff, 0xff, 0xff, 0xff, 0xff,
  0xff, 0xff, 0xff, 0xff, 0xff, 0xff, 0xff, 0xff, 0xff, 0xff, 0xff, 0xff,
  0xff, 0xff, 0xff, 0xff, 0xff, 0xff, 0xff, 0xff, 0xff, 0xff, 0xff, 0xff,
  0xff, 0xff, 0xff, 0xff, 0xff, 0xff, 0xff, 0xff, 0xff, 0xff, 0xff, 0xff,
  0xff, 0xff, 0xff, 0xff, 0xff, 0xff, 0xff, 0xff, 0xff, 0xff, 0xff, 0xff,
  0xff, 0xff, 0xff, 0xff, 0xff, 0xff, 0xff, 0xff, 0xff, 0xff, 0xff, 0xff,
  0xff, 0xff, 0xff, 0xff, 0xff, 0xff, 0xff, 0xff, 0xff, 0xff, 0xff, 0xff,
  0xff, 0xff, 0xff, 0xff, 0xff, 0xff, 0xff, 0xff, 0xff, 0xff, 0xff, 0xff,
  0xff, 0xff, 0xff, 0xff, 0xff, 0xff, 0xff, 0xff, 0xff, 0xff, 0xff, 0xff,
  0xff, 0xff, 0xff, 0xff, 0xff, 0xff, 0xff, 0xff, 0xff, 0xff, 0xff, 0xff,
  0xff, 0xff, 0xff, 0xff, 0xff, 0xff, 0xff, 0xff, 0xff, 0xff, 0xff, 0xff,
  0xff, 0xff, 0xff, 0xff, 0xff, 0xff, 0xff, 0xff, 0xff, 0xff, 0xff, 0xff,
  0xff, 0xff, 0xff, 0xff, 0xff, 0xff, 0xff, 0xff, 0xff, 0xff, 0xff, 0xff,
  0xff, 0xff, 0xff, 0xff, 0xff, 0xff, 0xff, 0xff, 0xff, 0xff, 0xff, 0xff,
  0xff, 0xff, 0xff, 0xff, 0xff, 0xff, 0xff, 0xff, 0xff, 0xff, 0xff, 0xff,
  0xff, 0xff, 0xff, 0xff, 0xff, 0xff, 0xff, 0xff, 0xff, 0xff, 0xff, 0xff,
  0xff, 0xff, 0xff, 0xff, 0xff, 0xff, 0xff, 0xff, 0xff, 0xff, 0xff, 0xff,
  0xff, 0xff, 0xff, 0xff, 0xff, 0xff, 0xff, 0xff, 0xff, 0xff, 0xff, 0xff,
  0xff, 0xff, 0xff, 0xff, 0xff, 0xff, 0xff, 0xff, 0xff, 0xff, 0xff, 0xff,
  0xff, 0xff, 0xff, 0xff, 0xff, 0xff, 0xff, 0xff, 0xff, 0xff, 0xff, 0xff,
  0xff, 0xff, 0xff, 0xff, 0xff, 0xff, 0xff, 0xff, 0xff, 0xff, 0xff, 0xff,
  0xff, 0xff, 0xff, 0xff, 0xff, 0xff, 0xff, 0xff, 0xff, 0xff, 0xff, 0xff,
  0xff, 0xff, 0xff, 0xff, 0xff, 0xff, 0xff, 0xff, 0xff, 0xff, 0xff, 0xff,
  0xff, 0xff, 0xff, 0xff, 0xff, 0xff, 0xff, 0xff, 0xff, 0xff, 0xff, 0xff,
  0xff, 0xff, 0xff, 0xff, 0xff, 0xff, 0xff, 0xff, 0xff, 0xff, 0xff, 0xff,
  0xff, 0xff, 0xff, 0xff, 0xff, 0xff, 0xff, 0xff, 0xff, 0xff, 0xff, 0xff,
  0xff, 0xff, 0xff, 0xff, 0xff, 0xff, 0xff, 0xff, 0xff, 0xff, 0xff, 0xff,
  0xff, 0xff, 0xff, 0xff, 0xff, 0xff, 0xff, 0xff, 0xff, 0xff, 0xff, 0xff,
  0xff, 0xff, 0xff, 0xff, 0xff, 0xff, 0xff, 0xff, 0xff, 0xff, 0xff, 0xff,
  0xff, 0xff, 0xff, 0xff, 0xff, 0xff, 0xff, 0xff, 0xff, 0xff, 0xff, 0xff,
  0xff, 0xff, 0xff, 0xff, 0xff, 0xff, 0xff, 0xff, 0xff, 0xff, 0xff, 0xff,
  0xff, 0xff, 0xff, 0xff, 0xff, 0xff, 0xff, 0xff, 0xff, 0xff, 0xff, 0xff,
  0xff, 0xff, 0xff, 0xff, 0xff, 0xff, 0xff, 0xff, 0xff, 0xff, 0xff, 0xff,
  0xff, 0xff, 0xff, 0xff, 0xff, 0xff, 0xff, 0xff, 0xff, 0xff, 0xff, 0xff,
  0xff, 0xff, 0xff, 0xff, 0xff, 0xff, 0xff, 0xff, 0xff, 0xff, 0xff, 0xff,
  0xff, 0xff, 0xff, 0xff, 0xff, 0xff, 0xff, 0xff, 0xff, 0xff, 0xff, 0xff,
  0xff, 0xff, 0xff, 0xff, 0xff, 0xff, 0xff, 0xff, 0xff, 0xff, 0xff, 0xff,
  0xff, 0xff, 0xff, 0xff, 0xff, 0xff, 0xff, 0xff, 0xff, 0xff, 0xff, 0xff,
  0xff, 0xff, 0xff, 0xff, 0xff, 0xff, 0xff, 0xff, 0xff, 0xff, 0xff, 0xff,
  0xff, 0xff, 0xff, 0xff, 0xff, 0xff, 0xff, 0xff, 0xff, 0xff, 0xff, 0xff,
  0xff, 0xff, 0xff, 0xff, 0xff, 0xff, 0xff, 0xff, 0xff, 0xff, 0xff, 0xff,
  0xff, 0xff, 0xff, 0xff, 0xff, 0xff, 0xff, 0xff, 0xff, 0xff, 0xff, 0xff,
  0xff, 0xff, 0xff, 0xff, 0xff, 0xff, 0xff, 0xff, 0xff, 0xff, 0xff, 0xff,
  0xff, 0xff, 0xff, 0xff, 0xff, 0xff, 0xff, 0xff, 0xff, 0xff, 0xff, 0xff,
  0xff, 0xff, 0xff, 0xff, 0xff, 0xff, 0xff, 0xff, 0xff, 0xff, 0xff, 0xff,
  0xff, 0xff, 0xff, 0xff, 0xff, 0xff, 0xff, 0xff, 0xff, 0xff, 0xff, 0xff,
  0xff, 0xff, 0xff, 0xff, 0xff, 0xff, 0xff, 0xff, 0xff, 0xff, 0xff, 0xff,
  0xff, 0xff, 0xff, 0xff, 0xff, 0xff, 0xff, 0xff, 0xff, 0xff, 0xff, 0xff,
  0xff, 0xff, 0xff, 0xff, 0xff, 0xff, 0xff, 0xff, 0xff, 0xff, 0xff, 0xff,
  0xff, 0xff, 0xff, 0xff, 0xff, 0xff, 0xff, 0xff, 0xff, 0xff, 0xff, 0xff,
  0xff, 0xff, 0xff, 0xff, 0xff, 0xff, 0xff, 0xff, 0xff, 0xff, 0xff, 0xff,
  0xff, 0xff, 0xff, 0xff, 0xff, 0xff, 0xff, 0xff, 0xff, 0xff, 0xff, 0xff,
  0xff, 0xff, 0xff, 0xff, 0xff, 0xff, 0xff, 0xff, 0xff, 0xff, 0xff, 0xff,
  0xff, 0xff, 0xff, 0xff, 0xff, 0xff, 0xff, 0xff, 0xff, 0xff, 0xff, 0xff,
  0xff, 0xff, 0xff, 0xff, 0xff, 0xff, 0xff, 0xff, 0xff, 0xff, 0xff, 0xff,
  0xff, 0xff, 0xff, 0xff, 0xff, 0xff, 0xff, 0xff, 0xff, 0xff, 0xff, 0xff,
  0xff, 0xff, 0xff, 0xff, 0xff, 0xff, 0xff, 0xff, 0xff, 0xff, 0xff, 0xff,
  0xff, 0xff, 0xff, 0xff, 0xff, 0xff, 0xff, 0xff, 0xff, 0xff, 0xff, 0xff,
  0xff, 0xff, 0xff, 0xff, 0xff, 0xff, 0xff, 0xff, 0xff, 0xff, 0xff, 0xff,
  0xff, 0xff, 0xff, 0xff, 0xff, 0xff, 0xff, 0xff, 0xff, 0xff, 0xff, 0xff,
  0xff, 0xff, 0xff, 0xff, 0xff, 0xff, 0xff, 0xff, 0xff, 0xff, 0xff, 0xff,
  0xff, 0xff, 0xff, 0xff, 0xff, 0xff, 0xff, 0xff, 0xff, 0xff, 0xff, 0xff,
  0xff, 0xff, 0xff, 0xff, 0xff, 0xff, 0xff, 0xff, 0xff, 0xff, 0xff, 0xff,
  0xff, 0xff, 0xff, 0xff, 0xff, 0xff, 0xff, 0xff, 0xff, 0xff, 0xff, 0xff,
  0xff, 0xff, 0xff, 0xff, 0xff, 0xff, 0xff, 0xff, 0xff, 0xff, 0xff, 0xff,
  0xff, 0xff, 0xff, 0xff, 0xff, 0xff, 0xff, 0xff, 0xff, 0xff, 0xff, 0xff,
  0xff, 0xff, 0xff, 0xff, 0xff, 0xff, 0xff, 0xff, 0xff, 0xff, 0xff, 0xff,
  0xff, 0xff, 0xff, 0xff, 0xff, 0xff, 0xff, 0xff, 0xff, 0xff, 0xff, 0xff,
  0xff, 0xff, 0xff, 0xff, 0xff, 0xff, 0xff, 0xff, 0xff, 0xff, 0xff, 0xff,
  0xff, 0xff, 0xff, 0xff, 0xff, 0xff, 0xff, 0xff, 0xff, 0xff, 0xff, 0xff,
  0xff, 0xff, 0xff, 0xff, 0xff, 0xff, 0xff, 0xff, 0xff, 0xff, 0xff, 0xff,
  0xff, 0xff, 0xff, 0xff, 0xff, 0xff, 0xff, 0xff, 0xff, 0xff, 0xff, 0xff,
  0xff, 0xff, 0xff, 0xff, 0xff, 0xff, 0xff, 0xff, 0xff, 0xff, 0xff, 0xff,
  0xff, 0xff, 0xff, 0xff, 0xff, 0xff, 0xff, 0xff, 0xff, 0xff, 0xff, 0xff,
  0xff, 0xff, 0xff, 0xff, 0xff, 0xff, 0xff, 0xff, 0xff, 0xff, 0xff, 0xff,
  0xff, 0xff, 0xff, 0xff, 0xff, 0xff, 0xff, 0xff, 0xff, 0xff, 0xff, 0xff,
  0xff, 0xff, 0xff, 0xff, 0xff, 0xff, 0xff, 0xff, 0xff, 0xff, 0xff, 0xff,
  0xff, 0xff, 0xff, 0xff, 0xff, 0xff, 0xff, 0xff, 0xff, 0xff, 0xff, 0xff,
  0xff, 0xff, 0xff, 0xff, 0xff, 0xff, 0xff, 0xff, 0xff, 0xff, 0xff, 0xff,
  0xff, 0xff, 0xff, 0xff, 0xff, 0xff, 0xff, 0xff, 0xff, 0xff, 0xff, 0xff,
  0xff, 0xff, 0xff, 0xff, 0xff, 0xff, 0xff, 0xff, 0xff, 0xff, 0xff, 0xff,
  0xff, 0xff, 0xff, 0xff, 0xff, 0xff, 0xff, 0xff, 0xff, 0xff, 0xff, 0xff,
  0xff, 0xff, 0xff, 0xff, 0xff, 0xff, 0xff, 0xff, 0xff, 0xff, 0xff, 0xff,
  0xff, 0xff, 0xff, 0xff, 0xff, 0xff, 0xff, 0xff, 0xff, 0xff, 0xff, 0xff,
  0xff, 0xff, 0xff, 0xff, 0xff, 0xff, 0xff, 0xff, 0xff, 0xff, 0xff, 0xff,
  0xff, 0xff, 0xff, 0xff, 0xff, 0xff, 0xff, 0xff, 0xff, 0xff, 0xff, 0xff,
  0xff, 0xff, 0xff, 0xff, 0xff, 0xff, 0xff, 0xff, 0xff, 0xff, 0xff, 0xff,
  0xff, 0xff, 0xff, 0xff, 0xff, 0xff, 0xff, 0xff, 0xff, 0xff, 0xff, 0xff,
  0xff, 0xff, 0xff, 0xff, 0xff, 0xff, 0xff, 0xff, 0xff, 0xff, 0xff, 0xff,
  0xff, 0xff, 0xff, 0xff, 0xff, 0xff, 0xff, 0xff, 0xff, 0xff, 0xff, 0xff,
  0xff, 0xff, 0xff, 0xff, 0xff, 0xff, 0xff, 0xff, 0xff, 0xff, 0xff, 0xff,
  0xff, 0xff, 0xff, 0xff, 0xff, 0xff, 0xff, 0xff, 0xff, 0xff, 0xff, 0xff,
  0xff, 0xff, 0xff, 0xff, 0xff, 0xff, 0xff, 0xff, 0xff, 0xff, 0xff, 0xff,
  0xff, 0xff, 0xff, 0xff, 0xff, 0xff, 0xff, 0xff, 0xff, 0xff, 0xff, 0xff,
  0xff, 0xff, 0xff, 0xff, 0xff, 0xff, 0xff, 0xff, 0xff, 0xff, 0xff, 0xff,
  0xff, 0xff, 0xff, 0xff, 0xff, 0xff, 0xff, 0xff, 0xff, 0xff, 0xff, 0xff,
  0xff, 0xff, 0xff, 0xff, 0xff, 0xff, 0xff, 0xff, 0xff, 0xff, 0xff, 0xff,
  0xff, 0xff, 0xff, 0xff, 0xff, 0xff, 0xff, 0xff, 0xff, 0xff, 0xff, 0xff,
  0xff, 0xff, 0xff, 0xff, 0xff, 0xff, 0xff, 0xff, 0xff, 0xff, 0xff, 0xff,
  0xff, 0xff, 0xff, 0xff, 0xff, 0xff, 0xff, 0xff, 0xff, 0xff, 0xff, 0xff,
  0xff, 0xff, 0xff, 0xff, 0xff, 0xff, 0xff, 0xff, 0xff, 0xff, 0xff, 0xff,
  0xff, 0xff, 0xff, 0xff, 0xff, 0xff, 0xff, 0xff, 0xff, 0xff, 0xff, 0xff,
  0xff, 0xff, 0xff, 0xff, 0xff, 0xff, 0xff, 0xff, 0xff, 0xff, 0xff, 0xff,
  0xff, 0xff, 0xff, 0xff, 0xff, 0xff, 0xff, 0xff, 0xff, 0xff, 0xff, 0xff,
  0xff, 0xff, 0xff, 0xff, 0xff, 0xff, 0xff, 0xff, 0xff, 0xff, 0xff, 0xff,
  0xff, 0xff, 0xff, 0xff, 0xff, 0xff, 0xff, 0xff, 0xff, 0xff, 0xff, 0xff,
  0xff, 0xff, 0xff, 0xff, 0xff, 0xff, 0xff, 0xff, 0xff, 0xff, 0xff, 0xff,
  0xff, 0xff, 0xff, 0xff, 0xff, 0xff, 0xff, 0xff, 0xff, 0xff, 0xff, 0xff,
  0xff, 0xff, 0xff, 0xff, 0xff, 0xff, 0xff, 0xff, 0xff, 0xff, 0xff, 0xff,
  0xff, 0xff, 0xff, 0xff, 0xff, 0xff, 0xff, 0xff, 0xff, 0xff, 0xff, 0xff,
  0xff, 0xff, 0xff, 0xff, 0xff, 0xff, 0xff, 0xff, 0xff, 0xff, 0xff, 0xff,
  0xff, 0xff, 0xff, 0xff, 0xff, 0xff, 0xff, 0xff, 0xff, 0xff, 0xff, 0xff,
  0xff, 0xff, 0xff, 0xff, 0xff, 0xff, 0xff, 0xff, 0xff, 0xff, 0xff, 0xff,
  0xff, 0xff, 0xff, 0xff, 0xff, 0xff, 0xff, 0xff, 0xff, 0xff, 0xff, 0xff,
  0xff, 0xff, 0xff, 0xff, 0xff, 0xff, 0xff, 0xff, 0xff, 0xff, 0xff, 0xff,
  0xff, 0xff, 0xff, 0xff, 0xff, 0xff, 0xff, 0xff, 0xff, 0xff, 0xff, 0xff,
  0xff, 0xff, 0xff, 0xff, 0xff, 0xff, 0xff, 0xff, 0xff, 0xff, 0xff, 0xff,
  0xff, 0xff, 0xff, 0xff, 0xff, 0xff, 0xff, 0xff, 0xff, 0xff, 0xff, 0xff,
  0xff, 0xff, 0xff, 0xff, 0xff, 0xff, 0xff, 0xff, 0xff, 0xff, 0xff, 0xff,
  0xff, 0xff, 0xff, 0xff, 0xff, 0xff, 0xff, 0xff, 0xff, 0xff, 0xff, 0xff,
  0xff, 0xff, 0xff, 0xff, 0xff, 0xff, 0xff, 0xff, 0xff, 0xff, 0xff, 0xff,
  0xff, 0xff, 0xff, 0xff, 0xff, 0xff, 0xff, 0xff, 0xff, 0xff, 0xff, 0xff,
  0xff, 0xff, 0xff, 0xff, 0xff, 0xff, 0xff, 0xff, 0xff, 0xff, 0xff, 0xff,
  0xff, 0xff, 0xff, 0xff, 0xff, 0xff, 0xff, 0xff, 0xff, 0xff, 0xff, 0xff,
  0xff, 0xff, 0xff, 0xff, 0xff, 0xff, 0xff, 0xff, 0xff, 0xff, 0xff, 0xff,
  0xff, 0xff, 0xff, 0xff, 0xff, 0xff, 0xff, 0xff, 0xff, 0xff, 0xff, 0xff,
  0xff, 0xff, 0xff, 0xff, 0xff, 0xff, 0xff, 0xff, 0xff, 0xff, 0xff, 0xff,
  0xff, 0xff, 0xff, 0xff, 0xff, 0xff, 0xff, 0xff, 0xff, 0xff, 0xff, 0xff,
  0xff, 0xff, 0xff, 0xff, 0xff, 0xff, 0xff, 0xff, 0xff, 0xff, 0xff, 0xff,
  0xff, 0xff, 0xff, 0xff, 0xff, 0xff, 0xff, 0xff, 0xff, 0xff, 0xff, 0xff,
  0xff, 0xff, 0xff, 0xff, 0xff, 0xff, 0xff, 0xff, 0xff, 0xff, 0xff, 0xff,
  0xff, 0xff, 0xff, 0xff, 0xff, 0xff, 0xff, 0xff, 0xff, 0xff, 0xff, 0xff,
  0xff, 0xff, 0xff, 0xff, 0xff, 0xff, 0xff, 0xff, 0xff, 0xff, 0xff, 0xff,
  0xff, 0xff, 0xff, 0xff, 0xff, 0xff, 0xff, 0xff, 0xff, 0xff, 0xff, 0xff,
  0xff, 0xff, 0xff, 0xff, 0xff, 0xff, 0xff, 0xff, 0xff, 0xff, 0xff, 0xff,
  0xff, 0xff, 0xff, 0xff, 0xff, 0xff, 0xff, 0xff, 0xff, 0xff, 0xff, 0xff,
  0xff, 0xff, 0xff, 0xff, 0xff, 0xff, 0xff, 0xff, 0xff, 0xff, 0xff, 0xff,
  0xff, 0xff, 0xff, 0xff, 0xff, 0xff, 0xff, 0xff, 0xff, 0xff, 0xff, 0xff,
  0xff, 0xff, 0xff, 0xff, 0xff, 0xff, 0xff, 0xff, 0xff, 0xff, 0xff, 0xff,
  0xff, 0xff, 0xff, 0xff, 0xff, 0xff, 0xff, 0xff, 0xff, 0xff, 0xff, 0xff,
  0xff, 0xff, 0xff, 0xff, 0xff, 0xff, 0xff, 0xff, 0xff, 0xff, 0xff, 0xff,
  0xff, 0xff, 0xff, 0xff, 0xff, 0xff, 0xff, 0xff, 0xff, 0xff, 0xff, 0xff,
  0xff, 0xff, 0xff, 0xff, 0xff, 0xff, 0xff, 0xff, 0xff, 0xff, 0xff, 0xff,
  0xff, 0xff, 0xff, 0xff, 0xff, 0xff, 0xff, 0xff, 0xff, 0xff, 0xff, 0xff,
  0xff, 0xff, 0xff, 0xff, 0xff, 0xff, 0xff, 0xff, 0xff, 0xff, 0xff, 0xff,
  0xff, 0xff, 0xff, 0xff, 0xff, 0xff, 0xff, 0xff, 0xff, 0xff, 0xff, 0xff,
  0xff, 0xff, 0xff, 0xff, 0xff, 0xff, 0xff, 0xff, 0xff, 0xff, 0xff, 0xff,
  0xff, 0xff, 0xff, 0xff, 0xff, 0xff, 0xff, 0xff, 0xff, 0xff, 0xff, 0xff,
  0xff, 0xff, 0xff, 0xff, 0xff, 0xff, 0xff, 0xff, 0xff, 0xff, 0xff, 0xff,
  0xff, 0xff, 0xff, 0xff, 0xff, 0xff, 0xff, 0xff, 0xff, 0xff, 0xff, 0xff,
  0xff, 0xff, 0xff, 0xff, 0xff, 0xff, 0xff, 0xff, 0xff, 0xff, 0xff, 0xff,
  0xff, 0xff, 0xff, 0xff, 0xff, 0xff, 0xff, 0xff, 0xff, 0xff, 0xff, 0xff,
  0xff, 0xff, 0xff, 0xff, 0xff, 0xff, 0xff, 0xff, 0xff, 0xff, 0xff, 0xff,
  0xff, 0xff, 0xff, 0xff, 0xff, 0xff, 0xff, 0xff, 0xff, 0xff, 0xff, 0xff,
  0xff, 0xff, 0xff, 0xff, 0xff, 0xff, 0xff, 0xff, 0xff, 0xff, 0xff, 0xff,
  0xff, 0xff, 0xff, 0xff, 0xff, 0xff, 0xff, 0xff, 0xff, 0xff, 0xff, 0xff,
  0xff, 0xff, 0xff, 0xff, 0xff, 0xff, 0xff, 0xff, 0xff, 0xff, 0xff, 0xff,
  0xff, 0xff, 0xff, 0xff, 0xff, 0xff, 0xff, 0xff, 0xff, 0xff, 0xff, 0xff,
  0xff, 0xff, 0xff, 0xff, 0xff, 0xff, 0xff, 0xff, 0xff, 0xff, 0xff, 0xff,
  0xff, 0xff, 0xff, 0xff, 0xff, 0xff, 0xff, 0xff, 0xff, 0xff, 0xff, 0xff,
  0xff, 0xff, 0xff, 0xff, 0xff, 0xff, 0xff, 0xff, 0xff, 0xff, 0xff, 0xff,
  0xff, 0xff, 0xff, 0xff, 0xff, 0xff, 0xff, 0xff, 0xff, 0xff, 0xff, 0xff,
  0xff, 0xff, 0xff, 0xff, 0xff, 0xff, 0xff, 0xff, 0xff, 0xff, 0xff, 0xff,
  0xff, 0xff, 0xff, 0xff, 0xff, 0xff, 0xff, 0xff, 0xff, 0xff, 0xff, 0xff,
  0xff, 0xff, 0xff, 0xff, 0xff, 0xff, 0xff, 0xff, 0xff, 0xff, 0xff, 0xff,
  0xff, 0xff, 0xff, 0xff, 0xff, 0xff, 0xff, 0xff, 0xff, 0xff, 0xff, 0xff,
  0xff, 0xff, 0xff, 0xff, 0xff, 0xff, 0xff, 0xff, 0xff, 0xff, 0xff, 0xff,
  0xff, 0xff, 0xff, 0xff, 0xff, 0xff, 0xff, 0xff, 0xff, 0xff, 0xff, 0xff,
  0xff, 0xff, 0xff, 0xff, 0xff, 0xff, 0xff, 0xff, 0xff, 0xff, 0xff, 0xff,
  0xff, 0xff, 0xff, 0xff, 0xff, 0xff, 0xff, 0xff, 0xff, 0xff, 0xff, 0xff,
  0xff, 0xff, 0xff, 0xff, 0xff, 0xff, 0xff, 0xff, 0xff, 0xff, 0xff, 0xff,
  0xff, 0xff, 0xff, 0xff, 0xff, 0xff, 0xff, 0xff, 0xff, 0xff, 0xff, 0xff,
  0xff, 0xff, 0xff, 0xff, 0xff, 0xff, 0xff, 0xff, 0xff, 0xff, 0xff, 0xff,
  0xff, 0xff, 0xff, 0xff, 0xff, 0xff, 0xff, 0xff, 0xff, 0xff, 0xff, 0xff,
  0xff, 0xff, 0xff, 0xff, 0xff, 0xff, 0xff, 0xff, 0xff, 0xff, 0xff, 0xff,
  0xff, 0xff, 0xff, 0xff, 0xff, 0xff, 0xff, 0xff, 0xff, 0xff, 0xff, 0xff,
  0xff, 0xff, 0xff, 0xff, 0xff, 0xff, 0xff, 0xff, 0xff, 0xff, 0xff, 0xff,
  0xff, 0xff, 0xff, 0xff, 0xff, 0xff, 0xff, 0xff, 0xff, 0xff, 0xff, 0xff,
  0xff, 0xff, 0xff, 0xff, 0xff, 0xff, 0xff, 0xff, 0xff, 0xff, 0xff, 0xff,
  0xff, 0xff, 0xff, 0xff, 0xff, 0xff, 0xff, 0xff, 0xff, 0xff, 0xff, 0xff,
  0xff, 0xff, 0xff, 0xff, 0xff, 0xff, 0xff, 0xff, 0xff, 0xff, 0xff, 0xff,
  0xff, 0xff, 0xff, 0xff, 0xff, 0xff, 0xff, 0xff, 0xff, 0xff, 0xff, 0xff,
  0xff, 0xff, 0xff, 0xff, 0xff, 0xff, 0xff, 0xff, 0xff, 0xff, 0xff, 0xff,
  0xff, 0xff, 0xff, 0xff, 0xff, 0xff, 0xff, 0xff, 0xff, 0xff, 0xff, 0xff,
  0xff, 0xff, 0xff, 0xff, 0xff, 0xff, 0xff, 0xff, 0xff, 0xff, 0xff, 0xff,
  0xff, 0xff, 0xff, 0xff, 0xff, 0xff, 0xff, 0xff, 0xff, 0xff, 0xff, 0xff,
  0xff, 0xff, 0xff, 0xff, 0xff, 0xff, 0xff, 0xff, 0xff, 0xff, 0xff, 0xff,
  0xff, 0xff, 0xff, 0xff, 0xff, 0xff, 0xff, 0xff, 0xff, 0xff, 0xff, 0xff,
  0xff, 0xff, 0xff, 0xff, 0xff, 0xff, 0xff, 0xff, 0xff, 0xff, 0xff, 0xff,
  0xff, 0xff, 0xff, 0xff, 0xff, 0xff, 0xff, 0xff, 0xff, 0xff, 0xff, 0xff,
  0xff, 0xff, 0xff, 0xff, 0xff, 0xff, 0xff, 0xff, 0xff, 0xff, 0xff, 0xff,
  0xff, 0xff, 0xff, 0xff, 0xff, 0xff, 0xff, 0xff, 0xff, 0xff, 0xff, 0xff,
  0xff, 0xff, 0xff, 0xff, 0xff, 0xff, 0xff, 0xff, 0xff, 0xff, 0xff, 0xff,
  0xff, 0xff, 0xff, 0xff, 0xff, 0xff, 0xff, 0xff, 0xff, 0xff, 0xff, 0xff,
  0xff, 0xff, 0xff, 0xff, 0xff, 0xff, 0xff, 0xff, 0xff, 0xff, 0xff, 0xff,
  0xff, 0xff, 0xff, 0xff, 0xff, 0xff, 0xff, 0xff, 0xff, 0xff, 0xff, 0xff,
  0xff, 0xff, 0xff, 0xff, 0xff, 0xff, 0xff, 0xff, 0xff, 0xff, 0xff, 0xff,
  0xff, 0xff, 0xff, 0xff, 0xff, 0xff, 0xff, 0xff, 0xff, 0xff, 0xff, 0xff,
  0xff, 0xff, 0xff, 0xff, 0xff, 0xff, 0xff, 0xff, 0xff, 0xff, 0xff, 0xff,
  0xff, 0xff, 0xff, 0xff, 0xff, 0xff, 0xff, 0xff, 0xff, 0xff, 0xff, 0xff,
  0xff, 0xff, 0xff, 0xff, 0xff, 0xff, 0xff, 0xff, 0xff, 0xff, 0xff, 0xff,
  0xff, 0xff, 0xff, 0xff, 0xff, 0xff, 0xff, 0xff, 0xff, 0xff, 0xff, 0xff,
  0xff, 0xff, 0xff, 0xff, 0xff, 0xff, 0xff, 0xff, 0xff, 0xff, 0xff, 0xff,
  0xff, 0xff, 0xff, 0xff, 0xff, 0xff, 0xff, 0xff, 0xff, 0xff, 0xff, 0xff,
  0xff, 0xff, 0xff, 0xff, 0xff, 0xff, 0xff, 0xff, 0xff, 0xff, 0xff, 0xff,
  0xff, 0xff, 0xff, 0xff, 0xff, 0xff, 0xff, 0xff, 0xff, 0xff, 0xff, 0xff,
  0xff, 0xff, 0xff, 0xff, 0xff, 0xff, 0xff, 0xff, 0xff, 0xff, 0xff, 0xff,
  0xff, 0xff, 0xff, 0xff, 0xff, 0xff, 0xff, 0xff, 0xff, 0xff, 0xff, 0xff,
  0xff, 0xff, 0xff, 0xff, 0xff, 0xff, 0xff, 0xff, 0xff, 0xff, 0xff, 0xff,
  0xff, 0xff, 0xff, 0xff, 0xff, 0xff, 0xff, 0xff, 0xff, 0xff, 0xff, 0xff,
  0xff, 0xff, 0xff, 0xff, 0xff, 0xff, 0xff, 0xff, 0xff, 0xff, 0xff, 0xff,
  0xff, 0xff, 0xff, 0xff, 0xff, 0xff, 0xff, 0xff, 0xff, 0xff, 0xff, 0xff,
  0xff, 0xff, 0xff, 0xff, 0xff, 0xff, 0xff, 0xff, 0xff, 0xff, 0xff, 0xff,
  0xff, 0xff, 0xff, 0xff, 0xff, 0xff, 0xff, 0xff, 0xff, 0xff, 0xff, 0xff,
  0xff, 0xff, 0xff, 0xff, 0xff, 0xff, 0xff, 0xff, 0xff, 0xff, 0xff, 0xff,
  0xff, 0xff, 0xff, 0xff, 0xff, 0xff, 0xff, 0xff, 0xff, 0xff, 0xff, 0xff,
  0xff, 0xff, 0xff, 0xff, 0xff, 0xff, 0xff, 0xff, 0xff, 0xff, 0xff, 0xff,
  0xff, 0xff, 0xff, 0xff, 0xff, 0xff, 0xff, 0xff, 0xff, 0xff, 0xff, 0xff,
  0xff, 0xff, 0xff, 0xff, 0xff, 0xff, 0xff, 0xff, 0xff, 0xff, 0xff, 0xff,
  0xff, 0xff, 0xff, 0xff, 0xff, 0xff, 0xff, 0xff, 0xff, 0xff, 0xff, 0xff,
  0xff, 0xff, 0xff, 0xff, 0xff, 0xff, 0xff, 0xff, 0xff, 0xff, 0xff, 0xff,
  0xff, 0xff, 0xff, 0xff, 0xff, 0xff, 0xff, 0xff, 0xff, 0xff, 0xff, 0xff,
  0xff, 0xff, 0xff, 0xff, 0xff, 0xff, 0xff, 0xff, 0xff, 0xff, 0xff, 0xff,
  0xff, 0xff, 0xff, 0xff, 0xff, 0xff, 0xff, 0xff, 0xff, 0xff, 0xff, 0xff,
  0xff, 0xff, 0xff, 0xff, 0xff, 0xff, 0xff, 0xff, 0xff, 0xff, 0xff, 0xff,
  0xff, 0xff, 0xff, 0xff, 0xff, 0xff, 0xff, 0xff, 0xff, 0xff, 0xff, 0xff,
  0xff, 0xff, 0xff, 0xff, 0xff, 0xff, 0xff, 0xff, 0xff, 0xff, 0xff, 0xff,
  0xff, 0xff, 0xff, 0xff, 0xff, 0xff, 0xff, 0xff, 0xff, 0xff, 0xff, 0xff,
  0xff, 0xff, 0xff, 0xff, 0xff, 0xff, 0xff, 0xff, 0xff, 0xff, 0xff, 0xff,
  0xff, 0xff, 0xff, 0xff, 0xff, 0xff, 0xff, 0xff, 0xff, 0xff, 0xff, 0xff,
  0xff, 0xff, 0xff, 0xff, 0xff, 0xff, 0xff, 0xff, 0xff, 0xff, 0xff, 0xff,
  0xff, 0xff, 0xff, 0xff, 0xff, 0xff, 0xff, 0xff, 0xff, 0xff, 0xff, 0xff,
  0xff, 0xff, 0xff, 0xff, 0xff, 0xff, 0xff, 0xff, 0xff, 0xff, 0xff, 0xff,
  0xff, 0xff, 0xff, 0xff, 0xff, 0xff, 0xff, 0xff, 0xff, 0xff, 0xff, 0xff,
  0xff, 0xff, 0xff, 0xff, 0xff, 0xff, 0xff, 0xff, 0xff, 0xff, 0xff, 0xff,
  0xff, 0xff, 0xff, 0xff, 0xff, 0xff, 0xff, 0xff, 0xff, 0xff, 0xff, 0xff,
  0xff, 0xff, 0xff, 0xff, 0xff, 0xff, 0xff, 0xff, 0xff, 0xff, 0xff, 0xff,
  0xff, 0xff, 0xff, 0xff, 0xff, 0xff, 0xff, 0xff, 0xff, 0xff, 0xff, 0xff,
  0xff, 0xff, 0xff, 0xff, 0xff, 0xff, 0xff, 0xff, 0xff, 0xff, 0xff, 0xff,
  0xff, 0xff, 0xff, 0xff, 0xff, 0xff, 0xff, 0xff, 0xff, 0xff, 0xff, 0xff,
  0xff, 0xff, 0xff, 0xff, 0xff, 0xff, 0xff, 0xff, 0xff, 0xff, 0xff, 0xff,
  0xff, 0xff, 0xff, 0xff, 0xff, 0xff, 0xff, 0xff, 0xff, 0xff, 0xff, 0xff,
  0xff, 0xff, 0xff, 0xff, 0xff, 0xff, 0xff, 0xff, 0xff, 0xff, 0xff, 0xff,
  0xff, 0xff, 0xff, 0xff, 0xff, 0xff, 0xff, 0xff, 0xff, 0xff, 0xff, 0xff,
  0xff, 0xff, 0xff, 0xff, 0xff, 0xff, 0xff, 0xff, 0xff, 0xff, 0xff, 0xff,
  0xff, 0xff, 0xff, 0xff, 0xff, 0xff, 0xff, 0xff, 0xff, 0xff, 0xff, 0xff,
  0xff, 0xff, 0xff, 0xff, 0xff, 0xff, 0xff, 0xff, 0xff, 0xff, 0xff, 0xff,
  0xff, 0xff, 0xff, 0xff, 0xff, 0xff, 0xff, 0xff, 0xff, 0xff, 0xff, 0xff,
  0xff, 0xff, 0xff, 0xff, 0xff, 0xff, 0xff, 0xff, 0xff, 0xff, 0xff, 0xff,
  0xff, 0xff, 0xff, 0xff, 0xff, 0xff, 0xff, 0xff, 0xff, 0xff, 0xff, 0xff,
  0xff, 0xff, 0xff, 0xff, 0xff, 0xff, 0xff, 0xff, 0xff, 0xff, 0xff, 0xff,
  0xff, 0xff, 0xff, 0xff, 0xff, 0xff, 0xff, 0xff, 0xff, 0xff, 0xff, 0xff,
  0xff, 0xff, 0xff, 0xff, 0xff, 0xff, 0xff, 0xff, 0xff, 0xff, 0xff, 0xff,
  0xff, 0xff, 0xff, 0xff, 0xff, 0xff, 0xff, 0xff, 0xff, 0xff, 0xff, 0xff,
  0xff, 0xff, 0xff, 0xff, 0xff, 0xff, 0xff, 0xff, 0xff, 0xff, 0xff, 0xff,
  0xff, 0xff, 0xff, 0xff, 0xff, 0xff, 0xff, 0xff, 0xff, 0xff, 0xff, 0xff,
  0xff, 0xff, 0xff, 0xff, 0xff, 0xff, 0xff, 0xff, 0xff, 0xff, 0xff, 0xff,
  0xff, 0xff, 0xff, 0xff, 0xff, 0xff, 0xff, 0xff, 0xff, 0xff, 0xff, 0xff,
  0xff, 0xff, 0xff, 0xff, 0xff, 0xff, 0xff, 0xff, 0xff, 0xff, 0xff, 0xff,
  0xff, 0xff, 0xff, 0xff, 0xff, 0xff, 0xff, 0xff, 0xff, 0xff, 0xff, 0xff,
  0xff, 0xff, 0xff, 0xff, 0xff, 0xff, 0xff, 0xff, 0xff, 0xff, 0xff, 0xff,
  0xff, 0xff, 0xff, 0xff, 0xff, 0xff, 0xff, 0xff, 0xff, 0xff, 0xff, 0xff,
  0xff, 0xff, 0xff, 0xff, 0xff, 0xff, 0xff, 0xff, 0xff, 0xff, 0xff, 0xff,
  0xff, 0xff, 0xff, 0xff, 0xff, 0xff, 0xff, 0xff, 0xff, 0xff, 0xff, 0xff,
  0xff, 0xff, 0xff, 0xff, 0xff, 0xff, 0xff, 0xff, 0xff, 0xff, 0xff, 0xff,
  0xff, 0xff, 0xff, 0xff, 0xff, 0xff, 0xff, 0xff, 0xff, 0xff, 0xff, 0xff,
  0xff, 0xff, 0xff, 0xff, 0xff, 0xff, 0xff, 0xff, 0xff, 0xff, 0xff, 0xff,
  0xff, 0xff, 0xff, 0xff, 0xff, 0xff, 0xff, 0xff, 0xff, 0xff, 0xff, 0xff,
  0xff, 0xff, 0xff, 0xff, 0xff, 0xff, 0xff, 0xff, 0xff, 0xff, 0xff, 0xff,
  0xff, 0xff, 0xff, 0xff, 0xff, 0xff, 0xff, 0xff, 0xff, 0xff, 0xff, 0xff,
  0xff, 0xff, 0xff, 0xff, 0xff, 0xff, 0xff, 0xff, 0xff, 0xff, 0xff, 0xff,
  0xff, 0xff, 0xff, 0xff, 0xff, 0xff, 0xff, 0xff, 0xff, 0xff, 0xff, 0xff,
  0xff, 0xff, 0xff, 0xff, 0xff, 0xff, 0xff, 0xff, 0xff, 0xff, 0xff, 0xff,
  0xff, 0xff, 0xff, 0xff, 0xff, 0xff, 0xff, 0xff, 0xff, 0xff, 0xff, 0xff,
  0xff, 0xff, 0xff, 0xff, 0xff, 0xff, 0xff, 0xff, 0xff, 0xff, 0xff, 0xff,
  0xff, 0xff, 0xff, 0xff, 0xff, 0xff, 0xff, 0xff, 0xff, 0xff, 0xff, 0xff,
  0xff, 0xff, 0xff, 0xff, 0xff, 0xff, 0xff, 0xff, 0xff, 0xff, 0xff, 0xff,
  0xff, 0xff, 0xff, 0xff, 0xff, 0xff, 0xff, 0xff, 0xff, 0xff, 0xff, 0xff,
  0xff, 0xff, 0xff, 0xff, 0xff, 0xff, 0xff, 0xff, 0xff, 0xff, 0xff, 0xff,
  0xff, 0xff, 0xff, 0xff, 0xff, 0xff, 0xff, 0xff, 0xff, 0xff, 0xff, 0xff,
  0xff, 0xff, 0xff, 0xff, 0xff, 0xff, 0xff, 0xff, 0xff, 0xff, 0xff, 0xff,
  0xff, 0xff, 0xff, 0xff, 0xff, 0xff, 0xff, 0xff, 0xff, 0xff, 0xff, 0xff,
  0xff, 0xff, 0xff, 0xff, 0xff, 0xff, 0xff, 0xff, 0xff, 0xff, 0xff, 0xff,
  0xff, 0xff, 0xff, 0xff, 0xff, 0xff, 0xff, 0xff, 0xff, 0xff, 0xff, 0xff,
  0xff, 0xff, 0xff, 0xff, 0xff, 0xff, 0xff, 0xff, 0xff, 0xff, 0xff, 0xff,
  0xff, 0xff, 0xff, 0xff, 0xff, 0xff, 0xff, 0xff, 0xff, 0xff, 0xff, 0xff,
  0xff, 0xff, 0xff, 0xff, 0xff, 0xff, 0xff, 0xff, 0xff, 0xff, 0xff, 0xff,
  0xff, 0xff, 0xff, 0xff, 0xff, 0xff, 0xff, 0xff, 0xff, 0xff, 0xff, 0xff,
  0xff, 0xff, 0xff, 0xff, 0xff, 0xff, 0xff, 0xff, 0xff, 0xff, 0xff, 0xff,
  0xff, 0xff, 0xff, 0xff, 0xff, 0xff, 0xff, 0xff, 0xff, 0xff, 0xff, 0xff,
  0xff, 0xff, 0xff, 0xff, 0xff, 0xff, 0xff, 0xff, 0xff, 0xff, 0xff, 0xff,
  0xff, 0xff, 0xff, 0xff, 0xff, 0xff, 0xff, 0xff, 0xff, 0xff, 0xff, 0xff,
  0xff, 0xff, 0xff, 0xff, 0xff, 0xff, 0xff, 0xff, 0xff, 0xff, 0xff, 0xff,
  0xff, 0xff, 0xff, 0xff, 0xff, 0xff, 0xff, 0xff, 0xff, 0xff, 0xff, 0xff,
  0xff, 0xff, 0xff, 0xff, 0xff, 0xff, 0xff, 0xff, 0xff, 0xff, 0xff, 0xff,
  0xff, 0xff, 0xff, 0xff, 0xff, 0xff, 0xff, 0xff, 0xff, 0xff, 0xff, 0xff,
  0xff, 0xff, 0xff, 0xff, 0xff, 0xff, 0xff, 0xff, 0xff, 0xff, 0xff, 0xff,
  0xff, 0xff, 0xff, 0xff, 0xff, 0xff, 0xff, 0xff, 0xff, 0xff, 0xff, 0xff,
  0xff, 0xff, 0xff, 0xff, 0xff, 0xff, 0xff, 0xff, 0xff, 0xff, 0xff, 0xff,
  0xff, 0xff, 0xff, 0xff, 0xff, 0xff, 0xff, 0xff, 0xff, 0xff, 0xff, 0xff,
  0xff, 0xff, 0xff, 0xff, 0xff, 0xff, 0xff, 0xff, 0xff, 0xff, 0xff, 0xff,
  0xff, 0xff, 0xff, 0xff, 0xff, 0xff, 0xff, 0xff, 0xff, 0xff, 0xff, 0xff,
  0xff, 0xff, 0xff, 0xff, 0xff, 0xff, 0xff, 0xff, 0xff, 0xff, 0xff, 0xff,
  0xff, 0xff, 0xff, 0xff, 0xff, 0xff, 0xff, 0xff, 0xff, 0xff, 0xff, 0xff,
  0xff, 0xff, 0xff, 0xff, 0xff, 0xff, 0xff, 0xff, 0xff, 0xff, 0xff, 0xff,
  0xff, 0xff, 0xff, 0xff, 0xff, 0xff, 0xff, 0xff, 0xff, 0xff, 0xff, 0xff,
  0xff, 0xff, 0xff, 0xff, 0xff, 0xff, 0xff, 0xff, 0xff, 0xff, 0xff, 0xff,
  0xff, 0xff, 0xff, 0xff, 0xff, 0xff, 0xff, 0xff, 0xff, 0xff, 0xff, 0xff,
  0xff, 0xff, 0xff, 0xff, 0xff, 0xff, 0xff, 0xff, 0xff, 0xff, 0xff, 0xff,
  0xff, 0xff, 0xff, 0xff, 0xff, 0xff, 0xff, 0xff, 0xff, 0xff, 0xff, 0xff,
  0xff, 0xff, 0xff, 0xff, 0xff, 0xff, 0xff, 0xff, 0xff, 0xff, 0xff, 0xff,
  0xff, 0xff, 0xff, 0xff, 0xff, 0xff, 0xff, 0xff, 0xff, 0xff, 0xff, 0xff,
  0xff, 0xff, 0xff, 0xff, 0xff, 0xff, 0xff, 0xff, 0xff, 0xff, 0xff, 0xff,
  0xff, 0xff, 0xff, 0xff, 0xff, 0xff, 0xff, 0xff, 0xff, 0xff, 0xff, 0xff,
  0xff, 0xff, 0xff, 0xff, 0xff, 0xff, 0xff, 0xff, 0xff, 0xff, 0xff, 0xff,
  0xff, 0xff, 0xff, 0xff, 0xff, 0xff, 0xff, 0xff, 0xff, 0xff, 0xff, 0xff,
  0xff, 0xff, 0xff, 0xff, 0xff, 0xff, 0xff, 0xff, 0xff, 0xff, 0xff, 0xff,
  0xff, 0xff, 0xff, 0xff, 0xff, 0xff, 0xff, 0xff, 0xff, 0xff, 0xff, 0xff,
  0xff, 0xff, 0xff, 0xff, 0xff, 0xff, 0xff, 0xff, 0xff, 0xff, 0xff, 0xff,
  0xff, 0xff, 0xff, 0xff, 0xff, 0xff, 0xff, 0xff, 0xff, 0xff, 0xff, 0xff,
  0xff, 0xff, 0xff, 0xff, 0xff, 0xff, 0xff, 0xff, 0xff, 0xff, 0xff, 0xff,
  0xff, 0xff, 0xff, 0xff, 0xff, 0xff, 0xff, 0xff
};
unsigned int cbios_msx1_rom_len = 32768;
