unsigned char Flappy_rom[] = {
  0x41, 0x42, 0x10, 0x40, 0x00, 0x00, 0x00, 0x00, 0x00, 0x00, 0x00, 0x00,
  0x00, 0x00, 0x00, 0x00, 0x31, 0xff, 0xef, 0xed, 0x56, 0xcd, 0x90, 0x00,
  0x21, 0x2f, 0x40, 0xcd, 0x53, 0x00, 0x16, 0x00, 0x4a, 0x3e, 0x08, 0xb9,
  0xca, 0x4f, 0x47, 0x46, 0xcd, 0x47, 0x00, 0x23, 0x14, 0x18, 0xf1, 0x00,
  0x82, 0x01, 0x1e, 0x01, 0x0e, 0x02, 0x01, 0x8e, 0xb7, 0xfe, 0x04, 0x38,
  0x06, 0xfe, 0x14, 0xd8, 0xfe, 0x18, 0xd0, 0xe6, 0x03, 0x28, 0x10, 0xfe,
  0x01, 0x20, 0x03, 0x2d, 0x18, 0x09, 0xfe, 0x02, 0x20, 0x03, 0x25, 0x18,
  0x02, 0x25, 0x2d, 0x22, 0x63, 0xe4, 0xc9, 0xb7, 0x20, 0x0d, 0x25, 0xcd,
  0xf0, 0x40, 0x3a, 0x65, 0xe4, 0x08, 0x3a, 0x67, 0xe4, 0x18, 0x2d, 0xfe,
  0x01, 0x20, 0x0d, 0x2d, 0xcd, 0xf0, 0x40, 0x3a, 0x65, 0xe4, 0x08, 0x3a,
  0x66, 0xe4, 0x18, 0x1c, 0xfe, 0x02, 0x20, 0x0d, 0x24, 0xcd, 0xf0, 0x40,
  0x3a, 0x66, 0xe4, 0x08, 0x3a, 0x68, 0xe4, 0x18, 0x0b, 0x2c, 0xcd, 0xf0,
  0x40, 0x3a, 0x67, 0xe4, 0x08, 0x3a, 0x68, 0xe4, 0xfe, 0x20, 0x28, 0x03,
  0xfe, 0x19, 0xc0, 0x08, 0xfe, 0x20, 0xc8, 0xfe, 0x19, 0xc9, 0xfd, 0x21,
  0x3c, 0xe3, 0x06, 0x0b, 0xfd, 0x7e, 0x00, 0xb7, 0x28, 0x08, 0xbd, 0x20,
  0x05, 0xfd, 0x7e, 0x01, 0xbc, 0xc8, 0x11, 0x08, 0x00, 0xfd, 0x19, 0x10,
  0xeb, 0xc9, 0xdd, 0xe1, 0xdd, 0x36, 0x03, 0x04, 0xc9, 0xf1, 0xe1, 0xc9,
  0x02, 0x00, 0x00, 0x02, 0x02, 0x00, 0x00, 0xfe, 0xfe, 0x00, 0xff, 0x02,
  0xfe, 0xff, 0xff, 0xfe, 0x00, 0x00, 0x00, 0xff, 0xff, 0x00, 0xff, 0xff,
  0x5c, 0x26, 0x00, 0x29, 0x29, 0x29, 0x29, 0x29, 0x16, 0x18, 0x19, 0xc9,
  0xcd, 0xe4, 0x40, 0xcd, 0x4a, 0x00, 0x32, 0x65, 0xe4, 0x23, 0xcd, 0x4a,
  0x00, 0x32, 0x66, 0xe4, 0x11, 0x1f, 0x00, 0x19, 0xcd, 0x4a, 0x00, 0x32,
  0x67, 0xe4, 0x23, 0xcd, 0x4a, 0x00, 0x32, 0x68, 0xe4, 0xc9, 0x3a, 0x74,
  0xe4, 0xb7, 0xc2, 0x59, 0x44, 0x3a, 0x56, 0xe4, 0xb7, 0xc2, 0x16, 0x42,
  0x3a, 0x71, 0xe4, 0xb7, 0xc2, 0x99, 0x42, 0xcd, 0x31, 0x5e, 0x32, 0x69,
  0xe4, 0x2a, 0x54, 0xe4, 0xfe, 0x07, 0x28, 0x0f, 0xfe, 0x03, 0x28, 0x32,
  0xfe, 0x01, 0x28, 0x53, 0xfe, 0x05, 0x28, 0x74, 0xc3, 0x78, 0x42, 0xaf,
  0x32, 0x2b, 0xe3, 0x25, 0xca, 0x50, 0x44, 0x22, 0x6d, 0xe4, 0x2c, 0x22,
  0x6f, 0xe4, 0x2d, 0x22, 0x61, 0xe4, 0x25, 0xe5, 0xcd, 0xf0, 0x40, 0x3a,
  0x66, 0xe4, 0x32, 0x6b, 0xe4, 0x08, 0x3a, 0x68, 0xe4, 0x32, 0x6c, 0xe4,
  0x18, 0x6d, 0x3e, 0x02, 0x32, 0x2b, 0xe3, 0x24, 0x22, 0x61, 0xe4, 0x24,
  0x22, 0x6d, 0xe4, 0x2c, 0x22, 0x6f, 0xe4, 0x2d, 0xe5, 0xcd, 0xf0, 0x40,
  0x3a, 0x65, 0xe4, 0x32, 0x6b, 0xe4, 0x08, 0x3a, 0x67, 0xe4, 0x32, 0x6c,
  0xe4, 0x18, 0x48, 0x3e, 0x01, 0x32, 0x2b, 0xe3, 0x2d, 0x22, 0x6d, 0xe4,
  0x24, 0x22, 0x6f, 0xe4, 0x25, 0x22, 0x61, 0xe4, 0x2d, 0xe5, 0xcd, 0xf0,
  0x40, 0x3a, 0x67, 0xe4, 0x32, 0x6b, 0xe4, 0x08, 0x3a, 0x68, 0xe4, 0x32,
  0x6c, 0xe4, 0x18, 0x23, 0x3e, 0x03, 0x32, 0x2b, 0xe3, 0x2c, 0x22, 0x61,
  0xe4, 0x2c, 0x22, 0x6d, 0xe4, 0x24, 0x22, 0x6f, 0xe4, 0x25, 0xe5, 0xcd,
  0xf0, 0x40, 0x3a, 0x65, 0xe4, 0x32, 0x6b, 0xe4, 0x08, 0x3a, 0x66, 0xe4,
  0x32, 0x6c, 0xe4, 0xe1, 0xfe, 0x20, 0x28, 0x05, 0xfe, 0x19, 0xc2, 0x5d,
  0x43, 0x08, 0xfe, 0x20, 0x28, 0x05, 0xfe, 0x19, 0xc2, 0x40, 0x44, 0x3a,
  0x2c, 0xe3, 0x2f, 0xe6, 0x01, 0x32, 0x2c, 0xe3, 0x47, 0x11, 0x95, 0x48,
  0x2a, 0x2b, 0xe3, 0x26, 0x00, 0x19, 0x7e, 0xb0, 0x32, 0x2a, 0xe3, 0x2a,
  0x61, 0xe4, 0x22, 0x54, 0xe4, 0xcd, 0x09, 0x5d, 0xcd, 0x50, 0x42, 0xd0,
  0x3e, 0x0c, 0x32, 0x74, 0xe4, 0xc9, 0x3d, 0x32, 0x56, 0xe4, 0xca, 0x29,
  0x42, 0xfe, 0x04, 0xc0, 0x3e, 0x09, 0x32, 0x2a, 0xe3, 0xcd, 0x09, 0x5d,
  0xc9, 0x01, 0x40, 0x9c, 0xcd, 0x8f, 0x48, 0x3a, 0x75, 0xe4, 0xb7, 0x20,
  0x18, 0x3a, 0x0d, 0xe3, 0xfe, 0x65, 0x28, 0x0d, 0x3a, 0x1b, 0xe3, 0x3d,
  0x32, 0x1b, 0xe3, 0x20, 0x04, 0xe1, 0xc3, 0x61, 0x47, 0xe1, 0xc3, 0x92,
  0x47, 0xc3, 0x4f, 0x47, 0x06, 0x0e, 0x21, 0xe4, 0xe3, 0xed, 0x5b, 0x54,
  0xe4, 0x7e, 0xb7, 0x28, 0x14, 0x93, 0x30, 0x02, 0xed, 0x44, 0xfe, 0x02,
  0x30, 0x0b, 0x23, 0x7e, 0x2b, 0x92, 0x30, 0x02, 0xed, 0x44, 0xfe, 0x02,
  0xd8, 0x11, 0x08, 0x00, 0x19, 0x10, 0xde, 0xc9, 0xcd, 0x3c, 0x5e, 0xb7,
  0xca, 0x01, 0x43, 0x3e, 0x01, 0x32, 0x71, 0xe4, 0x47, 0x2a, 0x2b, 0xe3,
  0x26, 0x00, 0x11, 0x0d, 0x43, 0x19, 0x7e, 0xb0, 0x32, 0x2a, 0xe3, 0xcd,
  0x09, 0x5d, 0xc3, 0x0c, 0x42, 0xaf, 0x32, 0x71, 0xe4, 0xcd, 0x84, 0x42,
  0x3a, 0x24, 0xe3, 0xb7, 0xc8, 0x2a, 0x54, 0xe4, 0x3a, 0x2b, 0xe3, 0xb7,
  0x20, 0x05, 0x0e, 0x04, 0x25, 0x18, 0x15, 0xfe, 0x01, 0x20, 0x05, 0x4f,
  0x2d, 0x24, 0x18, 0x0c, 0xfe, 0x02, 0x20, 0x05, 0x4f, 0x24, 0x24, 0x18,
  0x03, 0x4f, 0x2c, 0x2c, 0xe5, 0xc5, 0xcd, 0xe4, 0x40, 0xcd, 0x4a, 0x00,
  0xc1, 0xe1, 0xfe, 0x20, 0x28, 0x07, 0xfe, 0x19, 0x28, 0x03, 0xfe, 0x20,
  0xd8, 0x06, 0x0a, 0xdd, 0x21, 0x94, 0xe3, 0xdd, 0x7e, 0x00, 0xb7, 0x28,
  0x08, 0x11, 0x08, 0x00, 0xdd, 0x19, 0x10, 0xf3, 0xc9, 0xdd, 0x75, 0x00,
  0xdd, 0x74, 0x01, 0xdd, 0x71, 0x02, 0xdd, 0x36, 0x03, 0x00, 0xc3, 0x25,
  0x58, 0x2a, 0x54, 0xe4, 0x22, 0x61, 0xe4, 0x3a, 0x2c, 0xe3, 0xc3, 0xf4,
  0x41, 0x0a, 0x10, 0x0c, 0x0e, 0xcd, 0x98, 0x4d, 0x3e, 0x04, 0xf5, 0x3a,
  0x54, 0xe4, 0x87, 0x87, 0x87, 0x32, 0x7d, 0xe4, 0x3e, 0x08, 0xf5, 0x3d,
  0xe6, 0x04, 0xf5, 0x3e, 0x04, 0x28, 0x02, 0xf6, 0x01, 0x32, 0x2a, 0xe3,
  0xf1, 0x3e, 0x01, 0x28, 0x02, 0xed, 0x44, 0x47, 0x3a, 0x7d, 0xe4, 0x80,
  0x32, 0x7d, 0xe4, 0xcd, 0x0f, 0x5d, 0x01, 0xa0, 0x0f, 0xcd, 0x8f, 0x48,
  0xf1, 0x3d, 0x20, 0xd6, 0xf1, 0x3d, 0x20, 0xc6, 0x01, 0x00, 0x00, 0xcd,
  0x8f, 0x48, 0xcd, 0x8f, 0x48, 0xcd, 0x8f, 0x48, 0xc9, 0xfe, 0x28, 0xd2,
  0xeb, 0x41, 0xfe, 0x18, 0xca, 0x50, 0x44, 0xfe, 0x1a, 0xca, 0x50, 0x44,
  0x4f, 0x3a, 0x2b, 0xe3, 0xe6, 0x01, 0x20, 0x78, 0x11, 0xd3, 0x43, 0x06,
  0x04, 0x1a, 0xb9, 0x28, 0x05, 0x13, 0x10, 0xf9, 0x18, 0x6a, 0x3a, 0x2b,
  0xe3, 0xe5, 0xc5, 0xcd, 0x5b, 0x40, 0xc1, 0xe1, 0x20, 0x49, 0xcd, 0xa6,
  0x40, 0xfd, 0x7e, 0x01, 0x32, 0x25, 0xe3, 0xfd, 0x7e, 0x00, 0x32, 0x27,
  0xe3, 0xc5, 0xcd, 0x91, 0x5c, 0xfd, 0x66, 0x01, 0x3a, 0x2b, 0xe3, 0xb7,
  0x20, 0x03, 0x25, 0x18, 0x01, 0x24, 0x7c, 0x32, 0x25, 0xe3, 0xfd, 0x77,
  0x01, 0xf1, 0xfe, 0x01, 0x28, 0x09, 0xaf, 0x32, 0x31, 0xe3, 0xcd, 0x6c,
  0x5c, 0x18, 0x03, 0xcd, 0x25, 0x5c, 0x2a, 0x54, 0xe4, 0x3a, 0x2b, 0xe3,
  0xb7, 0xca, 0x43, 0x41, 0xc3, 0x6a, 0x41, 0x01, 0x03, 0x15, 0x17, 0x79,
  0xfe, 0x15, 0xca, 0x50, 0x44, 0xfe, 0x17, 0xca, 0x50, 0x44, 0xcd, 0xa6,
  0x40, 0xfd, 0x36, 0x02, 0x05, 0xc3, 0x50, 0x44, 0x3a, 0x6b, 0xe4, 0xfe,
  0x20, 0x28, 0x10, 0xfe, 0x19, 0x28, 0x0c, 0xfe, 0x04, 0x38, 0x08, 0xfe,
  0x14, 0x38, 0x51, 0xfe, 0x18, 0x30, 0x4d, 0x3a, 0x6c, 0xe4, 0xfe, 0x04,
  0x30, 0x17, 0x2a, 0x6f, 0xe4, 0xcd, 0x39, 0x40, 0x3a, 0x2b, 0xe3, 0xe5,
  0xcd, 0x5b, 0x40, 0xe1, 0x28, 0x07, 0xcd, 0xa6, 0x40, 0xfd, 0x36, 0x02,
  0x05, 0x3a, 0x6b, 0xe4, 0xfe, 0x04, 0x30, 0x28, 0x2a, 0x6d, 0xe4, 0xcd,
  0x39, 0x40, 0x3a, 0x2b, 0xe3, 0xe5, 0xcd, 0x5b, 0x40, 0xe1, 0xc8, 0xcd,
  0xa6, 0x40, 0xfd, 0x36, 0x02, 0x05, 0x18, 0x10, 0xfe, 0x28, 0xd2, 0xeb,
  0x41, 0xfe, 0x18, 0x28, 0x07, 0xfe, 0x1a, 0x28, 0x03, 0xc3, 0x21, 0x44,
  0x2a, 0x54, 0xe4, 0x22, 0x61, 0xe4, 0xc3, 0xeb, 0x41, 0x3d, 0x32, 0x74,
  0xe4, 0xca, 0x29, 0x42, 0xe6, 0x01, 0x06, 0x12, 0x80, 0x32, 0x2a, 0xe3,
  0xc3, 0x09, 0x5d, 0xdd, 0x21, 0x3c, 0xe3, 0x3e, 0x0b, 0xf5, 0x32, 0x72,
  0xe4, 0xdd, 0x7e, 0x00, 0xb7, 0xca, 0xa6, 0x44, 0x6f, 0xdd, 0x66, 0x01,
  0xdd, 0x7e, 0x02, 0xb7, 0xca, 0xb0, 0x44, 0xdd, 0x35, 0x02, 0x20, 0x08,
  0xdd, 0x36, 0x00, 0x00, 0xdd, 0x36, 0x01, 0x00, 0x47, 0x3e, 0x06, 0x90,
  0x32, 0x31, 0xe3, 0x7c, 0x32, 0x25, 0xe3, 0x7d, 0x32, 0x27, 0xe3, 0xcd,
  0x6c, 0x5c, 0x01, 0x08, 0x00, 0xdd, 0x09, 0xf1, 0x3d, 0x20, 0xc2, 0xc9,
  0xdd, 0x6e, 0x00, 0xdd, 0x66, 0x01, 0x2c, 0xe5, 0xcd, 0xf0, 0x40, 0x3a,
  0x67, 0xe4, 0x08, 0x3a, 0x68, 0xe4, 0xe1, 0xfe, 0x20, 0x28, 0x04, 0xfe,
  0x19, 0x20, 0x67, 0x08, 0xfe, 0x20, 0x28, 0x05, 0xfe, 0x19, 0xc2, 0x84,
  0x45, 0x2c, 0x3a, 0x54, 0xe4, 0xbd, 0x20, 0x1f, 0x3a, 0x55, 0xe4, 0x94,
  0x30, 0x02, 0xed, 0x44, 0xfe, 0x02, 0x30, 0x13, 0x3a, 0x56, 0xe4, 0xb7,
  0x20, 0x0d, 0x3e, 0x02, 0x32, 0x92, 0xe4, 0x3e, 0x05, 0x32, 0x56, 0xe4,
  0xc3, 0xa6, 0x44, 0x2d, 0xdd, 0x7e, 0x01, 0x32, 0x25, 0xe3, 0xdd, 0x7e,
  0x00, 0x32, 0x27, 0xe3, 0xe5, 0xcd, 0x91, 0x5c, 0xe1, 0xdd, 0x75, 0x00,
  0xdd, 0x74, 0x01, 0x7d, 0x32, 0x27, 0xe3, 0x7c, 0x32, 0x25, 0xe3, 0x3a,
  0x72, 0xe4, 0xfe, 0x01, 0x28, 0x0a, 0xaf, 0x32, 0x31, 0xe3, 0xcd, 0x6c,
  0x5c, 0xc3, 0xa6, 0x44, 0xcd, 0x25, 0x5c, 0xc3, 0xa6, 0x44, 0xfe, 0x28,
  0xda, 0xa6, 0x44, 0x08, 0xfe, 0x19, 0x28, 0x09, 0xfe, 0x20, 0x28, 0x05,
  0xfe, 0x28, 0xda, 0xa6, 0x44, 0x2c, 0xfd, 0x21, 0xe4, 0xe3, 0x06, 0x0e,
  0xfd, 0x7e, 0x00, 0xbd, 0x20, 0x14, 0xfd, 0x7e, 0x01, 0x94, 0xdc, 0x38,
  0x4a, 0xfe, 0x02, 0x30, 0x09, 0xfd, 0x36, 0x05, 0x05, 0x3e, 0x02, 0x32,
  0x92, 0xe4, 0x11, 0x08, 0x00, 0xfd, 0x19, 0x10, 0xdf, 0x3a, 0x54, 0xe4,
  0xbd, 0xc2, 0xa6, 0x44, 0x3a, 0x55, 0xe4, 0x94, 0x30, 0x02, 0xed, 0x44,
  0xfe, 0x02, 0xd2, 0xa6, 0x44, 0xc3, 0xee, 0x44, 0xfe, 0x28, 0xda, 0xa6,
  0x44, 0x18, 0xba, 0x26, 0x00, 0x44, 0x4d, 0x29, 0x29, 0x09, 0x01, 0xc1,
  0x6b, 0x09, 0xeb, 0x21, 0x92, 0x19, 0x06, 0x05, 0x1a, 0xc6, 0x60, 0x13,
  0xcd, 0x4d, 0x00, 0x23, 0x10, 0xf6, 0x21, 0x97, 0x19, 0x3e, 0xbd, 0xcd,
  0x4d, 0x00, 0x21, 0x88, 0x19, 0x11, 0x1e, 0x47, 0xcd, 0xce, 0x58, 0x21,
  0xc5, 0x19, 0x11, 0x07, 0x47, 0xcd, 0xce, 0x58, 0xcd, 0x3c, 0x5e, 0xfe,
  0xff, 0x20, 0xf9, 0x3a, 0x0d, 0xe3, 0xfe, 0x65, 0xc2, 0x8e, 0x47, 0xcd,
  0xcc, 0x5d, 0xcd, 0xe1, 0x58, 0x21, 0xc6, 0x18, 0x11, 0x64, 0x46, 0xcd,
  0xc4, 0x58, 0x21, 0xe6, 0x18, 0x11, 0x7a, 0x46, 0xcd, 0xc4, 0x58, 0x21,
  0x06, 0x19, 0x11, 0x90, 0x46, 0xcd, 0xc4, 0x58, 0x21, 0x26, 0x19, 0x11,
  0xa6, 0x46, 0xcd, 0xc4, 0x58, 0x21, 0x46, 0x19, 0x11, 0x7a, 0x46, 0xcd,
  0xc4, 0x58, 0x21, 0x66, 0x19, 0x11, 0x64, 0x46, 0xcd, 0xc4, 0x58, 0x21,
  0xc6, 0x19, 0x11, 0xbc, 0x46, 0xcd, 0xc4, 0x58, 0x21, 0xe6, 0x19, 0x11,
  0xd1, 0x46, 0xcd, 0xc4, 0x58, 0x21, 0x06, 0x1a, 0x11, 0xe6, 0x46, 0xcd,
  0xc4, 0x58, 0x21, 0x26, 0x1a, 0x11, 0xfb, 0x46, 0xcd, 0xc4, 0x58, 0x01,
  0x00, 0x00, 0xcd, 0x8f, 0x48, 0xcd, 0x8f, 0x48, 0xcd, 0x8f, 0x48, 0xcd,
  0x8f, 0x48, 0xcd, 0x8f, 0x48, 0x3e, 0x01, 0x32, 0xe4, 0xe3, 0xcd, 0xe7,
  0x4b, 0xcd, 0x7b, 0x53, 0x01, 0x88, 0x13, 0xcd, 0x8f, 0x48, 0xcd, 0x3c,
  0x5e, 0xfe, 0xff, 0x20, 0xed, 0xcd, 0xb1, 0x53, 0x3e, 0x05, 0x32, 0x1b,
  0xe3, 0xc3, 0x8e, 0x47, 0x2a, 0x2a, 0x2a, 0x2a, 0x2a, 0x2a, 0x2a, 0x2a,
  0x2a, 0x2a, 0x2a, 0x2a, 0x2a, 0x2a, 0x2a, 0x2a, 0x2a, 0x2a, 0x2a, 0x2a,
  0x2a, 0x00, 0x2a, 0x20, 0x20, 0x20, 0x20, 0x20, 0x20, 0x20, 0x20, 0x20,
  0x20, 0x20, 0x20, 0x20, 0x20, 0x20, 0x20, 0x20, 0x20, 0x20, 0x2a, 0x00,
  0x2a, 0x20, 0xb1, 0xc5, 0xc0, 0xca, 0x20, 0xbd, 0xcd, 0xde, 0xc3, 0xc9,
  0x20, 0xd2, 0xdd, 0xa6, 0xb8, 0xd8, 0xb1, 0x20, 0x2a, 0x00, 0x2a, 0x20,
  0xbc, 0xb5, 0xdc, 0xd8, 0xcf, 0xbc, 0xc0, 0xa1, 0xb5, 0xd2, 0xc3, 0xde,
  0xc4, 0xb3, 0xa5, 0xa5, 0xa5, 0x20, 0x2a, 0x00, 0xc4, 0xa4, 0xb2, 0xb2,
  0xc0, 0xb2, 0xc4, 0xba, 0xdb, 0xc3, 0xde, 0xbd, 0xb6, 0xde, 0xa4, 0xbc,
  0xde, 0xc2, 0xca, 0xa4, 0x00, 0xbc, 0xde, 0xad, 0xb3, 0xc0, 0xde, 0xb2,
  0xc5, 0x20, 0xcb, 0xd0, 0xc2, 0xb6, 0xde, 0x20, 0xb6, 0xb8, 0xbb, 0xda,
  0xc3, 0x00, 0xb2, 0xc0, 0xc9, 0xc3, 0xde, 0xbd, 0xa1, 0xbd, 0xcd, 0xdf,
  0xb0, 0xbd, 0xb7, 0xb0, 0xa6, 0x20, 0xb5, 0xbd, 0xd5, 0xb3, 0x00, 0xb7,
  0xb6, 0xde, 0x20, 0xb1, 0xd8, 0xcf, 0xbd, 0xb6, 0x21, 0x3f, 0x00, 0x50,
  0x75, 0x73, 0x68, 0x20, 0x20, 0x53, 0x70, 0x61, 0x63, 0x65, 0x20, 0x6f,
  0x72, 0x20, 0x54, 0x72, 0x69, 0x67, 0x67, 0x65, 0x72, 0x00, 0x4b, 0x65,
  0x79, 0x20, 0x57, 0x6f, 0x72, 0x64, 0x20, 0x5b, 0x00, 0x01, 0x00, 0x02,
  0xcd, 0x47, 0x00, 0x01, 0x01, 0xe2, 0xcd, 0x47, 0x00, 0x3e, 0x0f, 0x32,
  0xe9, 0xf3, 0xaf, 0x32, 0xea, 0xf3, 0x32, 0xeb, 0xf3, 0x3e, 0x02, 0x32,
  0xaf, 0xfc, 0xcd, 0x5f, 0x00, 0x01, 0x01, 0x00, 0xc3, 0xb1, 0x53, 0xcd,
  0x29, 0x47, 0x3e, 0x04, 0x32, 0x02, 0xe3, 0x21, 0x03, 0xe3, 0x06, 0x05,
  0x3e, 0x20, 0xcd, 0x6a, 0x59, 0xcd, 0x90, 0x4d, 0xcd, 0x26, 0x4b, 0xcd,
  0x8c, 0x59, 0x21, 0x00, 0x00, 0x22, 0x1c, 0xe3, 0x3e, 0x05, 0x32, 0x1b,
  0xe3, 0x3a, 0x0d, 0xe3, 0x3c, 0xfe, 0x66, 0x20, 0x02, 0x3e, 0x01, 0x32,
  0x0d, 0xe3, 0x2e, 0xff, 0x2c, 0xd6, 0x05, 0xfe, 0x01, 0xca, 0x8b, 0x45,
  0x30, 0xf6, 0xaf, 0x32, 0x75, 0xe4, 0xcd, 0x98, 0x4d, 0xcd, 0x99, 0x5a,
  0xcd, 0x90, 0x4d, 0x21, 0x04, 0x01, 0x22, 0x54, 0xe4, 0x3e, 0x03, 0x32,
  0x2b, 0xe3, 0xaf, 0x32, 0x73, 0xe4, 0x32, 0x71, 0xe4, 0x32, 0x74, 0xe4,
  0xcd, 0xcc, 0x55, 0x3a, 0x75, 0xe4, 0xb7, 0xc4, 0x98, 0x4d, 0xcd, 0x12,
  0x41, 0xcd, 0x6b, 0x44, 0xcd, 0x99, 0x48, 0xcd, 0x1f, 0x57, 0xcd, 0x98,
  0x5e, 0xdc, 0x10, 0x42, 0xed, 0x4b, 0x09, 0xe3, 0xcd, 0x8f, 0x48, 0xcd,
  0x6b, 0x44, 0xcd, 0x9a, 0x55, 0xed, 0x4b, 0x0b, 0xe3, 0xcd, 0x8f, 0x48,
  0xcd, 0x57, 0x55, 0xcd, 0x43, 0x55, 0xca, 0x0a, 0x48, 0x3e, 0x03, 0xcd,
  0x41, 0x01, 0xfe, 0xef, 0xc2, 0xb0, 0x47, 0x3a, 0x74, 0xe4, 0xb7, 0xc2,
  0xb0, 0x47, 0xcd, 0x10, 0x42, 0xc3, 0xb0, 0x47, 0xcd, 0x45, 0x42, 0x23,
  0x7e, 0xfe, 0x20, 0x28, 0xfa, 0xc9, 0xcd, 0x11, 0x43, 0x3a, 0x75, 0xe4,
  0xb7, 0xc2, 0x6a, 0x47, 0x01, 0x00, 0x00, 0xcd, 0x8f, 0x48, 0x3a, 0x24,
  0xe3, 0xb7, 0x28, 0x24, 0xcd, 0x25, 0x58, 0x06, 0x05, 0x2a, 0x1c, 0xe3,
  0x23, 0x22, 0x1c, 0xe3, 0xc5, 0xcd, 0x8c, 0x5e, 0xcd, 0x8b, 0x48, 0x01,
  0x00, 0x0e, 0xcd, 0x8f, 0x48, 0xc1, 0x10, 0xe9, 0x01, 0x00, 0xa0, 0xcd,
  0x8f, 0x48, 0x18, 0xd6, 0xed, 0x4b, 0x22, 0xe3, 0x11, 0x0a, 0x00, 0xcd,
  0x0d, 0x4b, 0x79, 0xb7, 0x28, 0x30, 0x60, 0x69, 0x29, 0x29, 0x09, 0x29,
  0x22, 0x22, 0xe3, 0x2a, 0x1c, 0xe3, 0x23, 0x22, 0x1c, 0xe3, 0xf5, 0x2a,
  0x22, 0xe3, 0x01, 0x09, 0x00, 0xb7, 0xed, 0x42, 0x22, 0x22, 0xe3, 0xcd,
  0x98, 0x5e, 0xcd, 0x8c, 0x5e, 0xcd, 0x8b, 0x48, 0x01, 0x00, 0x0e, 0xcd,
  0x8f, 0x48, 0xf1, 0x3d, 0x20, 0xd9, 0x01, 0x00, 0x00, 0xcd, 0x8f, 0x48,
  0xc3, 0x75, 0x47, 0x21, 0x0e, 0xe3, 0xc9, 0x0b, 0x78, 0xb1, 0x20, 0xfb,
  0xc9, 0x00, 0x06, 0x02, 0x04, 0xdd, 0x21, 0xe4, 0xe3, 0x3e, 0x07, 0xf5,
  0x47, 0x3e, 0x07, 0x90, 0x32, 0x30, 0xe3, 0xcd, 0xb4, 0x48, 0x01, 0x08,
  0x00, 0xdd, 0x09, 0xf1, 0x3d, 0x20, 0xec, 0xc9, 0xdd, 0x7e, 0x00, 0xb7,
  0xca, 0xcc, 0x4a, 0xdd, 0x7e, 0x05, 0xb7, 0xc2, 0x3b, 0x4a, 0xdd, 0x7e,
  0x03, 0xb7, 0xc2, 0x74, 0x4a, 0x3a, 0x55, 0xe4, 0xdd, 0x46, 0x01, 0x90,
  0xdc, 0x38, 0x4a, 0x11, 0xf8, 0xff, 0x0e, 0x0f, 0x21, 0x18, 0x00, 0x06,
  0x03, 0xbd, 0x30, 0x05, 0x19, 0xcb, 0x39, 0x10, 0xf8, 0x3a, 0x54, 0xe4,
  0xdd, 0x46, 0x00, 0x90, 0xdc, 0x38, 0x4a, 0x11, 0xfc, 0xff, 0xc5, 0x0e,
  0x0f, 0x21, 0x0c, 0x00, 0x06, 0x03, 0xbd, 0x30, 0x05, 0x19, 0xcb, 0x39,
  0x10, 0xf8, 0xd1, 0x7b, 0xb9, 0x30, 0x01, 0x79, 0x4f, 0x32, 0x76, 0xe4,
  0xdd, 0xcb, 0x04, 0x46, 0x20, 0x29, 0x3a, 0x54, 0xe4, 0xdd, 0x46, 0x00,
  0xb8, 0x20, 0x16, 0xc5, 0xcd, 0xa6, 0x58, 0xc1, 0xb9, 0x38, 0x05, 0xdd,
  0x7e, 0x04, 0x18, 0x34, 0xcd, 0xa6, 0x58, 0xe6, 0x03, 0xf6, 0x01, 0x18,
  0x2b, 0x38, 0x04, 0x3e, 0x03, 0x18, 0x25, 0x3e, 0x01, 0x18, 0x21, 0x3a,
  0x55, 0xe4, 0xdd, 0x46, 0x01, 0xb8, 0x20, 0x11, 0xc5, 0xcd, 0xa6, 0x58,
  0xc1, 0xb9, 0x30, 0xd7, 0xcd, 0xa6, 0x58, 0xe6, 0x01, 0xcb, 0x27, 0x18,
  0x07, 0x38, 0x04, 0x3e, 0x02, 0x18, 0x01, 0xaf, 0xcd, 0xd4, 0x49, 0xc2,
  0xa7, 0x49, 0xdd, 0x7e, 0x00, 0x32, 0x27, 0xe3, 0xdd, 0x7e, 0x01, 0x32,
  0x25, 0xe3, 0x3e, 0x10, 0x32, 0x2f, 0xe3, 0xcd, 0x72, 0x58, 0x3a, 0x6a,
  0xe4, 0x16, 0x00, 0x5f, 0xdd, 0x77, 0x04, 0x21, 0x34, 0x4a, 0x19, 0x46,
  0xdd, 0x7e, 0x02, 0x2f, 0xe6, 0x01, 0xdd, 0x77, 0x02, 0xb0, 0x32, 0x2f,
  0xe3, 0x3a, 0x61, 0xe4, 0x32, 0x27, 0xe3, 0xdd, 0x77, 0x00, 0x3a, 0x62,
  0xe4, 0x32, 0x25, 0xe3, 0xdd, 0x77, 0x01, 0xcd, 0x72, 0x58, 0xc9, 0xdd,
  0x7e, 0x04, 0xcd, 0xd4, 0x49, 0xc2, 0xb2, 0x49, 0x18, 0xb0, 0xcd, 0xa6,
  0x58, 0xe6, 0x03, 0xdd, 0xcb, 0x04, 0x46, 0x28, 0x04, 0xe6, 0xfe, 0x18,
  0x02, 0xf6, 0x01, 0xdd, 0x77, 0x04, 0x32, 0x6a, 0xe4, 0xdd, 0x6e, 0x00,
  0xdd, 0x66, 0x01, 0x22, 0x61, 0xe4, 0x18, 0xa2, 0x32, 0x6a, 0xe4, 0xdd,
  0x6e, 0x00, 0xdd, 0x66, 0x01, 0xb7, 0x20, 0x10, 0x25, 0x22, 0x61, 0xe4,
  0xcd, 0xf0, 0x40, 0x3a, 0x65, 0xe4, 0x08, 0x3a, 0x67, 0xe4, 0x18, 0x36,
  0xfe, 0x01, 0x20, 0x10, 0x2d, 0x22, 0x61, 0xe4, 0xcd, 0xf0, 0x40, 0x3a,
  0x65, 0xe4, 0x08, 0x3a, 0x66, 0xe4, 0x18, 0x22, 0xfe, 0x02, 0x20, 0x10,
  0x24, 0x22, 0x61, 0xe4, 0xcd, 0xf0, 0x40, 0x3a, 0x66, 0xe4, 0x08, 0x3a,
  0x68, 0xe4, 0x18, 0x0e, 0x2c, 0x22, 0x61, 0xe4, 0xcd, 0xf0, 0x40, 0x3a,
  0x67, 0xe4, 0x08, 0x3a, 0x68, 0xe4, 0xfe, 0x20, 0x28, 0x03, 0xfe, 0x19,
  0xc0, 0x08, 0xfe, 0x20, 0xc8, 0xfe, 0x19, 0xc9, 0x00, 0x06, 0x02, 0x04,
  0xed, 0x44, 0xc9, 0xdd, 0x35, 0x05, 0x28, 0x14, 0x3e, 0x04, 0xdd, 0xbe,
  0x05, 0xc0, 0x3e, 0x08, 0xdd, 0x66, 0x01, 0xdd, 0x6e, 0x00, 0x22, 0x61,
  0xe4, 0xc3, 0x8e, 0x49, 0xdd, 0x7e, 0x00, 0x32, 0x27, 0xe3, 0xdd, 0x36,
  0x00, 0x00, 0xdd, 0x7e, 0x01, 0x32, 0x25, 0xe3, 0xcd, 0x8a, 0x55, 0x2a,
  0x1c, 0xe3, 0x11, 0x05, 0x00, 0x19, 0x22, 0x1c, 0xe3, 0xc3, 0x8c, 0x5e,
  0x3d, 0xdd, 0x77, 0x03, 0xfe, 0x61, 0x38, 0x08, 0xe6, 0x07, 0x47, 0x3e,
  0x0f, 0x90, 0x18, 0x14, 0xfe, 0x56, 0x38, 0x04, 0x3e, 0x0f, 0x18, 0x0c,
  0xfe, 0x0a, 0x38, 0xf8, 0xe6, 0x08, 0x1f, 0x1f, 0x1f, 0x06, 0x09, 0x80,
  0xf5, 0xdd, 0x7e, 0x06, 0xb7, 0x20, 0x04, 0xf1, 0xc3, 0x48, 0x4a, 0x3d,
  0xcd, 0xd4, 0x49, 0xc1, 0xdd, 0x36, 0x06, 0x00, 0x28, 0x04, 0x78, 0xc3,
  0x48, 0x4a, 0xc5, 0xdd, 0x7e, 0x00, 0x32, 0x27, 0xe3, 0xdd, 0x7e, 0x01,
  0x32, 0x25, 0xe3, 0x3e, 0x10, 0x32, 0x2f, 0xe3, 0xcd, 0x72, 0x58, 0xc1,
  0x78, 0xc3, 0x8e, 0x49, 0xc9, 0x21, 0x28, 0x1b, 0x11, 0x7e, 0xe4, 0x06,
  0x04, 0xcd, 0x4a, 0x00, 0x12, 0x23, 0x13, 0x10, 0xf8, 0x54, 0x5d, 0x01,
  0xfc, 0xff, 0x09, 0x06, 0x24, 0xcd, 0x4a, 0x00, 0xeb, 0xcd, 0x4d, 0x00,
  0xeb, 0x2b, 0x1b, 0x10, 0xf4, 0x21, 0x04, 0x1b, 0x11, 0x7e, 0xe4, 0x06,
  0x04, 0x1a, 0xcd, 0x4d, 0x00, 0x23, 0x13, 0x10, 0xf8, 0xc9, 0x3a, 0x82,
  0xe4, 0xb7, 0x20, 0xfa, 0x79, 0x32, 0x82, 0xe4, 0xc9, 0x3e, 0x10, 0x21,
  0x00, 0x00, 0xcb, 0x21, 0xcb, 0x10, 0xed, 0x6a, 0xed, 0x52, 0x30, 0x05,
  0x19, 0x3d, 0x20, 0xf2, 0xc9, 0x0c, 0x3d, 0x20, 0xed, 0xc9, 0xcd, 0xc4,
  0x5a, 0xcd, 0x18, 0x5e, 0xcd, 0xb1, 0x4b, 0x21, 0x80, 0x18, 0x11, 0xdc,
  0xe4, 0x3e, 0x08, 0xf5, 0xe5, 0xd5, 0xcd, 0xc4, 0x58, 0xd1, 0xe1, 0xeb,
  0x01, 0x21, 0x00, 0x09, 0xeb, 0x0e, 0x20, 0x09, 0xf1, 0x3d, 0x20, 0xeb,
  0x21, 0x49, 0x1a, 0x11, 0x90, 0x7f, 0xcd, 0xce, 0x58, 0x21, 0x85, 0x1a,
  0x11, 0x07, 0x47, 0xcd, 0xce, 0x58, 0x3e, 0x01, 0x32, 0x2f, 0xe3, 0x3e,
  0x0f, 0x32, 0x25, 0xe3, 0x3e, 0x0e, 0x32, 0x27, 0xe3, 0xcd, 0x72, 0x58,
  0x3e, 0x00, 0x32, 0x2d, 0xe3, 0x3e, 0x14, 0x32, 0x25, 0xe3, 0xcd, 0x46,
  0x58, 0x21, 0xca, 0x19, 0xcd, 0xf8, 0x5a, 0x21, 0xc9, 0x1a, 0x11, 0xd8,
  0x4b, 0xcd, 0xc4, 0x58, 0xaf, 0xcd, 0xd8, 0x00, 0xfe, 0xff, 0x28, 0x0b,
  0x3e, 0x01, 0xcd, 0xd8, 0x00, 0xfe, 0xff, 0x28, 0x02, 0x18, 0xed, 0xaf,
  0xcd, 0xd8, 0x00, 0xfe, 0xff, 0x28, 0xf8, 0x3e, 0x01, 0xcd, 0xd8, 0x00,
  0xfe, 0xff, 0x28, 0xef, 0xc9, 0x21, 0x70, 0x7f, 0x11, 0xdc, 0xe4, 0x3e,
  0x08, 0xf5, 0x3e, 0x04, 0xf5, 0x06, 0x08, 0x4e, 0xcb, 0x01, 0x3e, 0x20,
  0x30, 0x02, 0x3e, 0x18, 0x12, 0x13, 0x10, 0xf4, 0x23, 0xf1, 0x3d, 0x20,
  0xeb, 0x12, 0x13, 0xf1, 0x3d, 0x20, 0xe2, 0xc9, 0x1b, 0x20, 0x31, 0x39,
  0x38, 0x35, 0x20, 0x1c, 0x1d, 0x1e, 0x1f, 0x23, 0x21, 0x22, 0x00, 0x3a,
  0xe4, 0xe3, 0xb7, 0xc2, 0xe2, 0x4c, 0x3a, 0xe7, 0xe3, 0x3c, 0x32, 0xe7,
  0xe3, 0xe6, 0x01, 0x47, 0x3a, 0xe8, 0xe3, 0xfe, 0x01, 0x28, 0x58, 0xfe,
  0x02, 0x28, 0x5e, 0x2a, 0x34, 0xe3, 0xcd, 0x94, 0x5c, 0x2a, 0x34, 0xe3,
  0xed, 0x5b, 0x54, 0xe4, 0x3a, 0xe6, 0xe3, 0xb7, 0x28, 0x04, 0x23, 0x14,
  0x18, 0x02, 0x2b, 0x15, 0xed, 0x53, 0x54, 0xe4, 0x22, 0x34, 0xe3, 0x3a,
  0x31, 0xe3, 0xb7, 0x28, 0x05, 0xcd, 0x5c, 0x5e, 0x18, 0x03, 0xcd, 0x57,
  0x5e, 0x3a, 0xe7, 0xe3, 0xe6, 0x01, 0x47, 0x3a, 0xe6, 0xe3, 0xb7, 0x28,
  0x02, 0x3e, 0x02, 0xb0, 0x32, 0x2a, 0xe3, 0xcd, 0x09, 0x5d, 0x3a, 0xe9,
  0xe3, 0x3d, 0x32, 0xe9, 0xe3, 0xc0, 0x3e, 0x01, 0x32, 0xe8, 0xe3, 0xcd,
  0x46, 0x53, 0xc9, 0x3e, 0x04, 0xb0, 0x32, 0x2a, 0xe3, 0xcd, 0x09, 0x5d,
  0xc9, 0x3a, 0x1b, 0xe3, 0xfe, 0x86, 0xca, 0x57, 0x4c, 0x2a, 0x54, 0xe4,
  0x3a, 0xe6, 0xe3, 0xb7, 0x28, 0x0a, 0x24, 0x7c, 0xfe, 0x1e, 0x30, 0x12,
  0x3e, 0x02, 0x18, 0x03, 0x25, 0x28, 0x0b, 0xb0, 0x32, 0x2a, 0xe3, 0x22,
  0x54, 0xe4, 0xcd, 0x09, 0x5d, 0xc9, 0xaf, 0x32, 0xe8, 0xe3, 0x3e, 0x01,
  0x32, 0x54, 0xe4, 0x3a, 0x1b, 0xe3, 0x3c, 0x32, 0x1b, 0xe3, 0x2a, 0xea,
  0xe3, 0x7e, 0x23, 0x22, 0xea, 0xe3, 0xfe, 0xff, 0xca, 0x06, 0x4d, 0xcb,
  0x7f, 0x47, 0x28, 0x04, 0x3e, 0x01, 0x18, 0x01, 0xaf, 0x32, 0x31, 0xe3,
  0x78, 0xe6, 0x3f, 0x32, 0xe9, 0xe3, 0xcb, 0x70, 0xca, 0xc9, 0x4c, 0x21,
  0x23, 0x18, 0x3e, 0x01, 0x32, 0x55, 0xe4, 0x18, 0x09, 0x21, 0x3b, 0x18,
  0x3e, 0x1d, 0x32, 0x55, 0xe4, 0xaf, 0x22, 0x34, 0xe3, 0x32, 0xe6, 0xe3,
  0x3a, 0x31, 0xe3, 0xb7, 0xca, 0x57, 0x5e, 0xc3, 0x5c, 0x5e, 0xaf, 0x32,
  0xe8, 0xe3, 0x32, 0xe4, 0xe3, 0x3e, 0xff, 0x32, 0x1b, 0xe3, 0x21, 0x08,
  0x4d, 0x22, 0xea, 0xe3, 0xcd, 0x8a, 0x4c, 0x3a, 0xe6, 0xe3, 0xb7, 0x28,
  0x02, 0x3e, 0x02, 0x32, 0x2a, 0xe3, 0xcd, 0x09, 0x5d, 0xc9, 0x18, 0xfe,
  0x9a, 0xda, 0x98, 0xd8, 0x96, 0xd6, 0x94, 0xd4, 0x92, 0xd2, 0x90, 0xd0,
  0x8e, 0xce, 0x8c, 0x9a, 0xda, 0x98, 0xd8, 0x96, 0xd6, 0x94, 0x54, 0x92,
  0x52, 0x10, 0xd0, 0x8e, 0xce, 0x0c, 0x9a, 0xda, 0x98, 0xd8, 0x96, 0x56,
  0x14, 0xd4, 0x92, 0x52, 0x10, 0xd0, 0x8e, 0x4e, 0x8c, 0x9a, 0xda, 0x98,
  0xd8, 0x96, 0xd6, 0x94, 0xd4, 0x12, 0x52, 0x10, 0x50, 0x0e, 0xce, 0x8c,
  0x9a, 0xda, 0x98, 0xd8, 0x96, 0xd6, 0x94, 0x54, 0x92, 0x52, 0x10, 0x50,
  0x8e, 0x4e, 0x8c, 0x9a, 0xda, 0x98, 0xd8, 0x96, 0xd6, 0x94, 0x54, 0x92,
  0xd2, 0x90, 0xd0, 0x0e, 0x4e, 0x8c, 0x9a, 0xda, 0x98, 0xd8, 0x96, 0xd6,
  0x94, 0x54, 0x12, 0xd2, 0x10, 0xd0, 0x0e, 0x4e, 0x8c, 0x9a, 0xda, 0x98,
  0xd8, 0x96, 0xd6, 0x94, 0x54, 0x92, 0x52, 0x10, 0x50, 0x8e, 0x4e, 0x8c,
  0x9a, 0xda, 0x98, 0xd8, 0x96, 0xd6, 0x94, 0xd4, 0x92, 0xd2, 0x90, 0xd0,
  0x8e, 0xce, 0x8c, 0xff, 0x21, 0x2e, 0x52, 0x11, 0xc0, 0x52, 0x18, 0x06,
  0x21, 0x2a, 0x52, 0x11, 0x2a, 0x52, 0xf3, 0x22, 0x85, 0xe4, 0xed, 0x53,
  0x87, 0xe4, 0x3e, 0xc3, 0x32, 0x9f, 0xfd, 0x21, 0xd9, 0x4d, 0x22, 0xa0,
  0xfd, 0xaf, 0x32, 0x8f, 0xe4, 0x32, 0x8a, 0xe4, 0x32, 0x91, 0xe4, 0x32,
  0x8c, 0xe4, 0x32, 0x8f, 0xe4, 0x32, 0x92, 0xe4, 0x3c, 0x32, 0x89, 0xe4,
  0x3e, 0x01, 0x32, 0x83, 0xe4, 0x3e, 0xfc, 0x32, 0x8e, 0xe4, 0x3e, 0x01,
  0x32, 0x93, 0xe4, 0xfb, 0xc9, 0xf3, 0xdd, 0xe5, 0xe5, 0xd5, 0xd9, 0xe5,
  0xd5, 0xc5, 0xf5, 0x08, 0xf5, 0x3a, 0x82, 0xe4, 0xb7, 0x28, 0x04, 0x3d,
  0x32, 0x82, 0xe4, 0x3a, 0x83, 0xe4, 0x3d, 0x32, 0x83, 0xe4, 0x20, 0x21,
  0x3a, 0x84, 0xe4, 0x32, 0x83, 0xe4, 0x3a, 0x8a, 0xe4, 0xb7, 0x20, 0x12,
  0x3a, 0x91, 0xe4, 0xb7, 0x20, 0x0f, 0x2a, 0x85, 0xe4, 0xed, 0x5b, 0x87,
  0xe4, 0xcd, 0xa2, 0x4e, 0x18, 0x03, 0xcd, 0xf8, 0x4e, 0x3a, 0x92, 0xe4,
  0xb7, 0x28, 0x72, 0x3d, 0x28, 0x43, 0x32, 0x92, 0xe4, 0xfe, 0x01, 0x20,
  0x0f, 0x3e, 0xf8, 0x32, 0x8e, 0xe4, 0xcd, 0x7d, 0x51, 0x3e, 0x05, 0x32,
  0x92, 0xe4, 0x18, 0x59, 0xfe, 0x02, 0x28, 0x20, 0xc6, 0xfd, 0x87, 0x87,
  0x87, 0x87, 0x87, 0xed, 0x44, 0xc6, 0x78, 0x5f, 0x3e, 0x04, 0xcd, 0xfc,
  0x51, 0x3c, 0x1e, 0x00, 0xcd, 0xfc, 0x51, 0x3e, 0x0a, 0x1e, 0x0f, 0xcd,
  0xfc, 0x51, 0x18, 0x35, 0x3e, 0x0a, 0x1e, 0x00, 0xcd, 0xfc, 0x51, 0x18,
  0x28, 0x3e, 0xdc, 0x32, 0x8e, 0xe4, 0xcd, 0x7d, 0x51, 0x3e, 0x06, 0x1e,
  0x0a, 0xcd, 0xfc, 0x51, 0x3e, 0x0a, 0x1e, 0x10, 0xcd, 0xfc, 0x51, 0x3c,
  0x1e, 0x00, 0xcd, 0xfc, 0x51, 0x3c, 0x1e, 0x05, 0xcd, 0xfc, 0x51, 0x3c,
  0x1e, 0x04, 0xcd, 0xfc, 0x51, 0xaf, 0x32, 0x92, 0xe4, 0xf1, 0x08, 0xf1,
  0xc1, 0xd1, 0xe1, 0xd9, 0xd1, 0xe1, 0xdd, 0xe1, 0xfb, 0xc9, 0xaf, 0x32,
  0x89, 0xe4, 0x22, 0x94, 0xe4, 0xed, 0x53, 0xac, 0xe4, 0x3e, 0x02, 0x32,
  0x8a, 0xe4, 0xaf, 0x32, 0x90, 0xe4, 0xdd, 0x21, 0x94, 0xe4, 0x06, 0x02,
  0xaf, 0xdd, 0x77, 0x04, 0xdd, 0x77, 0x05, 0xdd, 0x36, 0x06, 0x01, 0xdd,
  0x36, 0x07, 0x01, 0xdd, 0x36, 0x08, 0x01, 0xdd, 0x77, 0x0c, 0xdd, 0x77,
  0x0d, 0xdd, 0x77, 0x0f, 0xdd, 0x36, 0x11, 0x1e, 0xdd, 0x77, 0x15, 0xdd,
  0x77, 0x16, 0xdd, 0x77, 0x17, 0x11, 0x18, 0x00, 0xdd, 0x19, 0x10, 0xd1,
  0xcd, 0x7d, 0x51, 0x1e, 0x00, 0xcd, 0x99, 0x51, 0x3e, 0x01, 0x32, 0x90,
  0xe4, 0xcd, 0x99, 0x51, 0xdd, 0x21, 0x94, 0xe4, 0xaf, 0xf5, 0x32, 0x90,
  0xe4, 0xdd, 0x7e, 0x06, 0xb7, 0x28, 0x22, 0xdd, 0x35, 0x07, 0x20, 0x1a,
  0x3a, 0x93, 0xe4, 0xdd, 0x77, 0x07, 0xdd, 0x35, 0x08, 0x20, 0x0f, 0xcd,
  0x44, 0x4f, 0x3a, 0x93, 0xe4, 0xdd, 0x77, 0x07, 0x3a, 0x84, 0xe4, 0x32,
  0x83, 0xe4, 0xcd, 0xa6, 0x50, 0xf1, 0x11, 0x18, 0x00, 0xdd, 0x19, 0x3c,
  0xfe, 0x02, 0x20, 0xc9, 0x3a, 0x89, 0xe4, 0xb7, 0x20, 0x09, 0xcd, 0x6d,
  0x51, 0x3a, 0x8a, 0xe4, 0xb7, 0x20, 0xb5, 0xc9, 0xaf, 0x32, 0x62, 0x50,
  0xdd, 0x6e, 0x00, 0xdd, 0x66, 0x01, 0x7e, 0x23, 0xf5, 0xb6, 0xc1, 0xca,
  0x96, 0x50, 0x78, 0x5e, 0x23, 0xdd, 0x75, 0x00, 0xdd, 0x74, 0x01, 0xb7,
  0xf2, 0x5d, 0x50, 0xd9, 0xc6, 0x80, 0x87, 0x5f, 0x16, 0x00, 0x21, 0x74,
  0x4f, 0x19, 0x5e, 0x23, 0x56, 0xd5, 0xd9, 0xc9, 0x50, 0x50, 0x9b, 0x4f,
  0xa0, 0x4f, 0xfb, 0x4f, 0x04, 0x50, 0x25, 0x50, 0x2c, 0x50, 0x33, 0x50,
  0x39, 0x50, 0xe3, 0x4f, 0xe9, 0x4f, 0xef, 0x4f, 0xf5, 0x4f, 0x40, 0x50,
  0x49, 0x50, 0x96, 0x4f, 0x48, 0x4f, 0xdd, 0x73, 0x16, 0x18, 0xad, 0xdd,
  0x73, 0x09, 0x18, 0xa8, 0x7b, 0xb7, 0x20, 0x1b, 0x3a, 0x90, 0xe4, 0x4f,
  0x06, 0x00, 0x21, 0x0c, 0x52, 0x09, 0x7e, 0x2f, 0x5f, 0x3a, 0x8e, 0xe4,
  0xa3, 0x01, 0x03, 0x00, 0x09, 0xb6, 0x32, 0x8e, 0xe4, 0x18, 0x1e, 0x3e,
  0x06, 0xcd, 0xfc, 0x51, 0x21, 0x0f, 0x52, 0x3a, 0x90, 0xe4, 0x4f, 0x06,
  0x00, 0x09, 0x7e, 0x2f, 0x5f, 0x3a, 0x8e, 0xe4, 0xa3, 0x01, 0xfd, 0xff,
  0x09, 0xb6, 0x32, 0x8e, 0xe4, 0xcd, 0x7d, 0x51, 0xc3, 0x48, 0x4f, 0xdd,
  0x73, 0x0c, 0xc3, 0x48, 0x4f, 0xdd, 0x73, 0x0d, 0xc3, 0x48, 0x4f, 0xdd,
  0x73, 0x0f, 0xc3, 0x48, 0x4f, 0xdd, 0x73, 0x11, 0xc3, 0x48, 0x4f, 0xdd,
  0x75, 0x02, 0xdd, 0x74, 0x03, 0xc3, 0x48, 0x4f, 0xdd, 0x7e, 0x04, 0xb7,
  0x20, 0x12, 0xdd, 0x73, 0x04, 0xdd, 0x6e, 0x02, 0xdd, 0x66, 0x03, 0xdd,
  0x75, 0x00, 0xdd, 0x74, 0x01, 0xc3, 0x48, 0x4f, 0x3d, 0xdd, 0x77, 0x04,
  0x20, 0xeb, 0xc3, 0x48, 0x4f, 0x7b, 0x32, 0x93, 0xe4, 0xc3, 0x48, 0x4f,
  0x7b, 0x32, 0x91, 0xe4, 0xc3, 0x48, 0x4f, 0xdd, 0x73, 0x05, 0xc3, 0x48,
  0x4f, 0x7b, 0x32, 0x8b, 0xe4, 0xc3, 0x48, 0x4f, 0x16, 0x00, 0xeb, 0xcd,
  0x60, 0x51, 0xc3, 0x48, 0x4f, 0x7b, 0x32, 0x84, 0xe4, 0xc3, 0x48, 0x4f,
  0xdd, 0x7e, 0x17, 0x32, 0x62, 0x50, 0xdd, 0x36, 0x17, 0x02, 0xc3, 0x48,
  0x4f, 0xdd, 0x73, 0x08, 0xf5, 0x3e, 0x00, 0xb7, 0x20, 0x22, 0xdd, 0x7e,
  0x17, 0x3d, 0x28, 0x1c, 0xcd, 0x49, 0x51, 0xdd, 0x36, 0x13, 0x00, 0xf1,
  0xfe, 0x7f, 0x20, 0x04, 0xdd, 0x77, 0x15, 0xc9, 0x47, 0x3a, 0x8b, 0xe4,
  0x80, 0xdd, 0x86, 0x05, 0xf5, 0xcd, 0xa2, 0x51, 0xf1, 0xdd, 0x36, 0x15,
  0x00, 0xdd, 0x7e, 0x17, 0xb7, 0xc8, 0xdd, 0x35, 0x17, 0xc9, 0x3a, 0x8a,
  0xe4, 0x3d, 0x32, 0x8a, 0xe4, 0x1e, 0x00, 0xdd, 0x73, 0x06, 0xcd, 0x99,
  0x51, 0xc9, 0x3a, 0x8c, 0xe4, 0xdd, 0xb6, 0x15, 0x28, 0x05, 0x1e, 0x00,
  0xc3, 0x99, 0x51, 0xdd, 0x7e, 0x17, 0xb7, 0x20, 0x08, 0xdd, 0x7e, 0x16,
  0xdd, 0xbe, 0x08, 0x30, 0xed, 0xdd, 0x7e, 0x0c, 0x3c, 0x20, 0x06, 0xdd,
  0x5e, 0x09, 0xc3, 0x87, 0x51, 0xdd, 0x7e, 0x13, 0x3d, 0x28, 0x31, 0x3d,
  0x28, 0x3d, 0x3d, 0xc8, 0xdd, 0x7e, 0x0d, 0xb7, 0x20, 0x0e, 0xdd, 0x36,
  0x13, 0x01, 0xdd, 0x5e, 0x09, 0xdd, 0x73, 0x14, 0xcd, 0x87, 0x51, 0xc9,
  0xdd, 0x35, 0x0e, 0x20, 0x12, 0xdd, 0x7e, 0x0d, 0xdd, 0x77, 0x0e, 0xdd,
  0x7e, 0x14, 0xdd, 0xbe, 0x09, 0x28, 0xdf, 0x3c, 0x5f, 0x18, 0xe2, 0xc9,
  0xdd, 0x7e, 0x0f, 0xb7, 0x28, 0x04, 0xdd, 0x35, 0x0f, 0xc9, 0xdd, 0x36,
  0x13, 0x02, 0xc9, 0xdd, 0x7e, 0x11, 0xb7, 0x20, 0x19, 0x1e, 0x03, 0xdd,
  0x7e, 0x0c, 0xb7, 0x28, 0x05, 0xcd, 0x49, 0x51, 0x1e, 0x00, 0xdd, 0x73,
  0x13, 0x1e, 0x00, 0xdd, 0x73, 0x14, 0xcd, 0x87, 0x51, 0xc9, 0xdd, 0x35,
  0x12, 0x20, 0xcc, 0xdd, 0x7e, 0x11, 0xdd, 0x77, 0x12, 0xdd, 0x35, 0x14,
  0x28, 0xd7, 0xdd, 0x5e, 0x14, 0xcd, 0x87, 0x51, 0xc9, 0xdd, 0x7e, 0x0d,
  0xdd, 0x77, 0x0e, 0xdd, 0x7e, 0x0f, 0xdd, 0x77, 0x10, 0xdd, 0x7e, 0x11,
  0xdd, 0x77, 0x12, 0xdd, 0x36, 0x14, 0x00, 0xc9, 0x54, 0x5d, 0x01, 0xb8,
  0x0b, 0xcd, 0xe3, 0x51, 0x79, 0x32, 0x8d, 0xe4, 0xc9, 0x3a, 0x8d, 0xe4,
  0x47, 0x3e, 0x05, 0x3d, 0x20, 0xfd, 0x10, 0xf9, 0x06, 0x0a, 0x10, 0xfe,
  0xc9, 0x3a, 0x8e, 0xe4, 0x5f, 0x3e, 0x07, 0xcd, 0xfc, 0x51, 0xc9, 0x3a,
  0x8f, 0xe4, 0x83, 0xb7, 0xf2, 0x92, 0x51, 0xaf, 0x18, 0x06, 0xfe, 0x0f,
  0x38, 0x02, 0x3e, 0x0f, 0x5f, 0x3a, 0x90, 0xe4, 0xc6, 0x08, 0xcd, 0xfc,
  0x51, 0xc9, 0xcd, 0xb3, 0x51, 0x3a, 0x90, 0xe4, 0xcb, 0x27, 0xcd, 0xfc,
  0x51, 0x3c, 0x5a, 0xcd, 0xfc, 0x51, 0xc9, 0xf5, 0x6f, 0x16, 0x0c, 0xcd,
  0xd3, 0x51, 0x45, 0x7c, 0x87, 0x5f, 0x16, 0x00, 0x21, 0x12, 0x52, 0x19,
  0x5e, 0x23, 0x56, 0x78, 0xb7, 0x28, 0x06, 0xcb, 0x3a, 0xcb, 0x1b, 0x10,
  0xfa, 0xf1, 0xc9, 0x06, 0x08, 0x26, 0x00, 0x29, 0x7c, 0xba, 0xfa, 0xe0,
  0x51, 0x92, 0x67, 0x2c, 0x10, 0xf5, 0xc9, 0x3e, 0x10, 0x21, 0x00, 0x00,
  0xcb, 0x21, 0xcb, 0x10, 0xed, 0x6a, 0xed, 0x52, 0x30, 0x05, 0x19, 0x3d,
  0x20, 0xf2, 0xc9, 0x0c, 0x3d, 0x20, 0xed, 0xc9, 0x0e, 0xa0, 0xed, 0x79,
  0x0c, 0xed, 0x59, 0xc9, 0x0e, 0xa0, 0xed, 0x79, 0x0c, 0xed, 0x58, 0xc9,
  0x01, 0x02, 0x04, 0x08, 0x10, 0x20, 0xdc, 0x1d, 0x2f, 0x1c, 0x9a, 0x1a,
  0x1c, 0x19, 0xb3, 0x17, 0x5e, 0x16, 0x1d, 0x15, 0xee, 0x13, 0xcf, 0x12,
  0xc1, 0x11, 0xc2, 0x10, 0xd1, 0x0f, 0x7f, 0x40, 0x00, 0x00, 0x85, 0x01,
  0x8e, 0x01, 0x8d, 0x64, 0x88, 0x00, 0x89, 0x00, 0x8c, 0x02, 0x81, 0x0d,
  0x8f, 0x01, 0x37, 0x0c, 0x39, 0x0c, 0x3b, 0x0c, 0x40, 0x0c, 0x40, 0x0c,
  0x41, 0x0c, 0x43, 0x0c, 0x7f, 0x0c, 0x43, 0x0c, 0x41, 0x0c, 0x40, 0x0c,
  0x3e, 0x0c, 0x3e, 0x0c, 0x40, 0x0c, 0x41, 0x0c, 0x7f, 0x0c, 0x41, 0x0c,
  0x40, 0x0c, 0x3e, 0x0c, 0x3c, 0x0c, 0x3c, 0x0c, 0x3e, 0x0c, 0x40, 0x0c,
  0x7f, 0x0c, 0x40, 0x0c, 0x3e, 0x0c, 0x3c, 0x0c, 0x3b, 0x0c, 0x3b, 0x0c,
  0x3c, 0x0c, 0x3b, 0x0c, 0x7f, 0x0c, 0x3e, 0x0c, 0x3c, 0x0c, 0x3b, 0x0c,
  0x39, 0x0c, 0x39, 0x0c, 0x3b, 0x0c, 0x3c, 0x0c, 0x7f, 0x0c, 0x3c, 0x0c,
  0x3b, 0x0c, 0x39, 0x0c, 0x37, 0x0c, 0x3c, 0x0c, 0x40, 0x0c, 0x43, 0x0c,
  0x7f, 0x0c, 0x43, 0x0c, 0x41, 0x0c, 0x40, 0x0c, 0x41, 0x0c, 0x40, 0x0c,
  0x3e, 0x0c, 0x3c, 0x0c, 0x3c, 0x0c, 0x3b, 0x0c, 0x39, 0x0c, 0x3b, 0x0c,
  0x3e, 0x0c, 0x7f, 0x0c, 0x3c, 0x0c, 0x3c, 0x0c, 0x7f, 0x18, 0x00, 0x00,
  0x89, 0x00, 0x8c, 0x02, 0x81, 0x0d, 0x8f, 0x01, 0x7f, 0x24, 0x24, 0x0c,
  0x2b, 0x0c, 0x28, 0x0c, 0x2b, 0x0c, 0x24, 0x0c, 0x2b, 0x0c, 0x28, 0x0c,
  0x2b, 0x0c, 0x23, 0x0c, 0x2b, 0x0c, 0x26, 0x0c, 0x2b, 0x0c, 0x23, 0x0c,
  0x2b, 0x0c, 0x26, 0x0c, 0x2b, 0x0c, 0x21, 0x0c, 0x28, 0x0c, 0x24, 0x0c,
  0x28, 0x0c, 0x21, 0x0c, 0x28, 0x0c, 0x24, 0x0c, 0x28, 0x0c, 0x1c, 0x0c,
  0x23, 0x0c, 0x1f, 0x0c, 0x23, 0x0c, 0x1c, 0x0c, 0x23, 0x0c, 0x1f, 0x0c,
  0x23, 0x0c, 0x1d, 0x0c, 0x24, 0x0c, 0x21, 0x0c, 0x24, 0x0c, 0x1d, 0x0c,
  0x24, 0x0c, 0x21, 0x0c, 0x24, 0x0c, 0x24, 0x0c, 0x2b, 0x0c, 0x28, 0x0c,
  0x2b, 0x0c, 0x2d, 0x0c, 0x34, 0x0c, 0x31, 0x0c, 0x34, 0x0c, 0x26, 0x0c,
  0x2d, 0x0c, 0x29, 0x0c, 0x2d, 0x0c, 0x2b, 0x0c, 0x32, 0x0c, 0x3b, 0x0c,
  0x32, 0x0c, 0x24, 0x0c, 0x2b, 0x0c, 0x28, 0x0c, 0x2b, 0x0c, 0x00, 0x00,
  0x00, 0x00, 0x2a, 0x34, 0xe3, 0xcd, 0x94, 0x5c, 0x3a, 0x1b, 0xe3, 0x06,
  0xff, 0x04, 0xd6, 0x0f, 0x30, 0xfb, 0xc6, 0x0f, 0xf5, 0xcb, 0x20, 0x3e,
  0x10, 0x90, 0x32, 0x33, 0xe3, 0xf1, 0xcb, 0x47, 0x20, 0x03, 0x3c, 0x18,
  0x04, 0x47, 0x3e, 0x1e, 0x90, 0x5f, 0x16, 0x00, 0x21, 0x80, 0x18, 0x19,
  0x22, 0x34, 0xe3, 0xcd, 0xa4, 0x53, 0xc9, 0x3a, 0xe8, 0xe3, 0x3d, 0xc0,
  0x3a, 0x33, 0xe3, 0xb7, 0x28, 0x18, 0x2a, 0x34, 0xe3, 0xcd, 0x94, 0x5c,
  0x01, 0x20, 0x00, 0x09, 0x22, 0x34, 0xe3, 0xcd, 0xa4, 0x53, 0x3a, 0x33,
  0xe3, 0x3d, 0x32, 0x33, 0xe3, 0xc9, 0x3e, 0x02, 0x32, 0xe8, 0xe3, 0xc9,
  0x2a, 0x34, 0xe3, 0x3a, 0x31, 0xe3, 0xb7, 0xc2, 0x5c, 0x5e, 0xc3, 0x57,
  0x5e, 0xcd, 0x18, 0x5e, 0x21, 0x36, 0x60, 0xcd, 0x64, 0x5d, 0x21, 0xd8,
  0x64, 0xcd, 0x91, 0x5d, 0x21, 0xbf, 0x65, 0xcd, 0x4b, 0x5d, 0xcd, 0xbb,
  0x5d, 0xc9, 0x3a, 0x0d, 0xe3, 0x32, 0x55, 0xe4, 0x21, 0x45, 0x19, 0x06,
  0x00, 0xe5, 0xc5, 0xcd, 0x1c, 0x54, 0xc1, 0xe1, 0x3a, 0x0d, 0xe3, 0xcd,
  0x3c, 0x54, 0xc5, 0xe5, 0xcd, 0x9f, 0x00, 0xe1, 0xc1, 0xfe, 0x0d, 0xc8,
  0xfe, 0x20, 0xc8, 0xfe, 0x1c, 0x28, 0x16, 0xfe, 0x1d, 0x20, 0xeb, 0x05,
  0x04, 0x28, 0xe7, 0x05, 0x11, 0xfb, 0xff, 0x19, 0x3a, 0x0d, 0xe3, 0x3d,
  0x32, 0x0d, 0xe3, 0x18, 0xcc, 0x78, 0xfe, 0x04, 0x28, 0xd4, 0x04, 0x11,
  0x05, 0x00, 0x19, 0x3a, 0x0d, 0xe3, 0x3c, 0x32, 0x0d, 0xe3, 0x18, 0xb9,
  0x3a, 0x55, 0xe4, 0x06, 0x05, 0x21, 0x45, 0x19, 0xf5, 0xc5, 0xe5, 0x6f,
  0x26, 0x00, 0xcd, 0xba, 0x5e, 0x11, 0x79, 0xe4, 0xe1, 0xcd, 0xc4, 0x58,
  0x23, 0x23, 0xc1, 0xf1, 0x3c, 0x10, 0xe9, 0xc9, 0xc5, 0xd5, 0xe5, 0xe5,
  0x6f, 0x26, 0x00, 0xcd, 0xba, 0x5e, 0x01, 0x79, 0xe4, 0x11, 0xe8, 0x07,
  0xcd, 0x65, 0x54, 0xe1, 0x3e, 0xfd, 0xcd, 0x4d, 0x00, 0x23, 0x3e, 0xfe,
  0xcd, 0x4d, 0x00, 0x23, 0x3e, 0xff, 0xcd, 0x4d, 0x00, 0xe1, 0xd1, 0xc1,
  0xc9, 0x3e, 0x03, 0x08, 0x0a, 0xc5, 0xd5, 0xcd, 0xf3, 0x54, 0xcd, 0x02,
  0x55, 0xe1, 0x11, 0x08, 0x00, 0x19, 0xeb, 0xc1, 0x03, 0x23, 0x08, 0x3d,
  0x20, 0xe9, 0xc9, 0x21, 0x18, 0x19, 0xaf, 0x32, 0x08, 0xe3, 0x11, 0x03,
  0xe3, 0xcd, 0xce, 0x58, 0xc9, 0xcd, 0x7f, 0x54, 0x21, 0x18, 0x19, 0x11,
  0x03, 0xe3, 0x06, 0x00, 0x1a, 0xc5, 0xd5, 0xe5, 0xcd, 0xf3, 0x54, 0xcd,
  0xff, 0x54, 0xe1, 0xd1, 0x3e, 0xff, 0xcd, 0x4d, 0x00, 0xcd, 0x9f, 0x00,
  0xfe, 0x1c, 0x28, 0x10, 0xfe, 0x1d, 0x28, 0x0c, 0xfe, 0x0d, 0x28, 0x08,
  0xd6, 0x40, 0xfe, 0x40, 0x30, 0xeb, 0xc6, 0x40, 0xc1, 0xfe, 0x0d, 0xc8,
  0xfe, 0x1d, 0x20, 0x0c, 0x05, 0x04, 0x28, 0xcc, 0xcd, 0xe6, 0x54, 0x1b,
  0x2b, 0x05, 0x18, 0xc4, 0xfe, 0x1c, 0x28, 0x01, 0x12, 0xcd, 0xe6, 0x54,
  0x78, 0xfe, 0x04, 0x28, 0xb7, 0x13, 0x23, 0x04, 0x18, 0xb2, 0x1a, 0xd6,
  0x40, 0xfe, 0x40, 0x1a, 0x30, 0x02, 0xc6, 0x60, 0xc3, 0x4d, 0x00, 0x6f,
  0x26, 0x00, 0x29, 0x29, 0x29, 0xed, 0x4b, 0x04, 0x00, 0x09, 0xc9, 0x11,
  0xf8, 0x07, 0xeb, 0xcd, 0x09, 0x55, 0xcd, 0x09, 0x55, 0xd5, 0xe5, 0x06,
  0x08, 0x1a, 0x2f, 0xcd, 0x4d, 0x00, 0x13, 0x23, 0x10, 0xf7, 0xe1, 0xd1,
  0x01, 0x00, 0x08, 0x09, 0xc9, 0x0e, 0x01, 0x21, 0xc1, 0x6b, 0x11, 0x03,
  0xe3, 0x7e, 0xb7, 0x20, 0x03, 0x0e, 0x00, 0xc9, 0x06, 0x05, 0xe5, 0x1a,
  0xbe, 0x23, 0x13, 0x20, 0x04, 0x10, 0xf8, 0xe1, 0xc9, 0xe1, 0x11, 0x05,
  0x00, 0x19, 0x79, 0x83, 0x4f, 0x18, 0xdf, 0x2a, 0x8c, 0xe3, 0x2c, 0x2c,
  0xe5, 0xcd, 0x2b, 0x5e, 0xe1, 0xfe, 0x1a, 0xc0, 0x24, 0xcd, 0x2b, 0x5e,
  0xfe, 0x1a, 0xc9, 0x11, 0x3c, 0xe3, 0x21, 0x44, 0xe3, 0x06, 0x09, 0xe5,
  0xc5, 0xd5, 0x1a, 0xbe, 0xdc, 0x78, 0x55, 0x78, 0x01, 0x08, 0x00, 0x09,
  0xeb, 0x09, 0xeb, 0x47, 0x10, 0xf0, 0xd1, 0xc1, 0xe1, 0x10, 0xe8, 0xc9,
  0x0e, 0x04, 0xe5, 0xd5, 0x7e, 0x08, 0x1a, 0x77, 0x08, 0x12, 0x13, 0x23,
  0x0d, 0x20, 0xf5, 0xd1, 0xe1, 0xc9, 0xcd, 0xb4, 0x55, 0x3e, 0x10, 0x32,
  0x2f, 0xe3, 0xcd, 0x72, 0x58, 0xaf, 0x32, 0x60, 0xe4, 0xc9, 0x06, 0x07,
  0xaf, 0xdd, 0x21, 0x1c, 0xe4, 0x32, 0x2e, 0xe3, 0xf5, 0xc5, 0xcd, 0xbb,
  0x56, 0xc1, 0xf1, 0x3c, 0x11, 0x08, 0x00, 0xdd, 0x19, 0x10, 0xee, 0xc9,
  0xcd, 0xf7, 0x5c, 0x01, 0x20, 0x00, 0x09, 0x3e, 0x20, 0xcd, 0x4d, 0x00,
  0x23, 0x3e, 0x20, 0xcd, 0x4d, 0x00, 0x3e, 0x01, 0x32, 0x60, 0xe4, 0xc9,
  0x06, 0x07, 0xaf, 0xdd, 0x21, 0x1c, 0xe4, 0x32, 0x2e, 0xe3, 0xf5, 0xc5,
  0xcd, 0xe6, 0x55, 0xc1, 0xf1, 0x3c, 0x11, 0x08, 0x00, 0xdd, 0x19, 0x10,
  0xee, 0xc9, 0xdd, 0x7e, 0x00, 0xb7, 0xc8, 0x6f, 0x32, 0x27, 0xe3, 0xdd,
  0x7e, 0x01, 0x67, 0x32, 0x25, 0xe3, 0xdd, 0x7e, 0x05, 0xb7, 0xf5, 0xe5,
  0x3e, 0x0b, 0xcc, 0xb5, 0x56, 0xe1, 0xf1, 0x28, 0x29, 0x3d, 0xdd, 0x77,
  0x05, 0x20, 0x1b, 0xdd, 0x77, 0x00, 0xcd, 0xb4, 0x55, 0x3e, 0x0b, 0xcd,
  0xb5, 0x56, 0xaf, 0x32, 0x60, 0xe4, 0x2a, 0x1c, 0xe3, 0x23, 0x23, 0x23,
  0x22, 0x1c, 0xe3, 0xc3, 0x8c, 0x5e, 0xfe, 0x04, 0xc0, 0x3e, 0x06, 0xc3,
  0xb5, 0x56, 0xdd, 0x7e, 0x03, 0xb7, 0xc2, 0x89, 0x56, 0xdd, 0x7e, 0x04,
  0xb7, 0xe5, 0x28, 0x10, 0x24, 0xe5, 0x24, 0xe5, 0xcd, 0x2b, 0x5e, 0xe1,
  0x2c, 0xf5, 0xcd, 0x2b, 0x5e, 0xc1, 0x18, 0x0d, 0x25, 0xe5, 0xe5, 0xcd,
  0x2b, 0x5e, 0xe1, 0x2c, 0xf5, 0xcd, 0x2b, 0x5e, 0xc1, 0xe1, 0xd1, 0xfe,
  0x19, 0x28, 0x08, 0xfe, 0x20, 0xdd, 0x7e, 0x02, 0xc2, 0xdf, 0x56, 0x78,
  0xfe, 0x19, 0x28, 0x02, 0xfe, 0x20, 0xdd, 0x7e, 0x02, 0x20, 0x6c, 0x08,
  0xdd, 0x75, 0x00, 0xdd, 0x74, 0x01, 0x7c, 0x32, 0x25, 0xe3, 0x7d, 0x32,
  0x27, 0xe3, 0x08, 0x3c, 0xdd, 0x77, 0x02, 0x18, 0x2c, 0x3d, 0xdd, 0x77,
  0x03, 0xfe, 0x60, 0x38, 0x06, 0x47, 0x3e, 0x6a, 0x90, 0x18, 0x1e, 0xfe,
  0x56, 0x38, 0x03, 0xaf, 0x18, 0x17, 0xfe, 0x0a, 0x30, 0x0c, 0xb7, 0x20,
  0x06, 0xdd, 0x77, 0x04, 0xdd, 0x77, 0x02, 0xaf, 0x18, 0x07, 0xe6, 0x08,
  0x1f, 0x1f, 0x1f, 0xc6, 0x04, 0x32, 0x2d, 0xe3, 0xc3, 0x46, 0x58, 0xdd,
  0x7e, 0x03, 0xb7, 0xc0, 0xdd, 0x7e, 0x05, 0xb7, 0xc0, 0xdd, 0x7e, 0x00,
  0xb7, 0xc8, 0x6f, 0x32, 0x27, 0xe3, 0xdd, 0x7e, 0x01, 0x67, 0x32, 0x25,
  0xe3, 0xdd, 0x7e, 0x02, 0xcb, 0x47, 0xc8, 0x3d, 0xdd, 0x77, 0x02, 0xe5,
  0xcd, 0xb5, 0x56, 0xe1, 0x3a, 0x54, 0xe4, 0xbd, 0x28, 0x13, 0xcd, 0xa6,
  0x58, 0xe6, 0x0c, 0xc0, 0xcd, 0xa6, 0x58, 0xe6, 0x01, 0xdd, 0x77, 0x04,
  0x87, 0xdd, 0x77, 0x02, 0xc9, 0x3a, 0x55, 0xe4, 0x94, 0x0e, 0x01, 0x30,
  0x03, 0x0d, 0xed, 0x44, 0x87, 0x47, 0xc5, 0xcd, 0xa6, 0x58, 0xc1, 0xc6,
  0x02, 0xe6, 0x0f, 0xb8, 0x38, 0xd4, 0x79, 0xdd, 0x71, 0x04, 0x87, 0xdd,
  0x77, 0x02, 0xc9, 0x06, 0x0a, 0xdd, 0x21, 0x94, 0xe3, 0xc5, 0xcd, 0x32,
  0x57, 0xc1, 0x11, 0x08, 0x00, 0xdd, 0x19, 0x10, 0xf4, 0xc9, 0xdd, 0x7e,
  0x00, 0xb7, 0xc8, 0x6f, 0xdd, 0x66, 0x01, 0xdd, 0x7e, 0x02, 0xb7, 0x20,
  0x2b, 0xe5, 0x2c, 0xcd, 0x2b, 0x5e, 0xe1, 0xfe, 0x1b, 0x38, 0x05, 0xdd,
  0x36, 0x02, 0x03, 0xc9, 0xe5, 0xcd, 0x2b, 0x5e, 0xe1, 0xfe, 0x18, 0x30,
  0x05, 0xaf, 0xdd, 0x77, 0x00, 0xc9, 0xfe, 0x28, 0xd0, 0xcd, 0x38, 0x58,
  0xda, 0x0b, 0x58, 0x3e, 0x19, 0xc3, 0x23, 0x5e, 0xf5, 0xe5, 0x3e, 0x20,
  0xcd, 0x23, 0x5e, 0xe1, 0xf1, 0xdd, 0x46, 0x03, 0x04, 0xdd, 0x70, 0x03,
  0xe5, 0x3d, 0x20, 0x09, 0x78, 0x2d, 0xfe, 0x08, 0x38, 0x1f, 0x2c, 0x18,
  0x18, 0x3d, 0x20, 0x09, 0x78, 0x24, 0xfe, 0x0f, 0x38, 0x13, 0x25, 0x18,
  0x0c, 0x2c, 0x3d, 0x28, 0x0c, 0x2d, 0x25, 0x78, 0xfe, 0x0f, 0x38, 0x05,
  0x24, 0xdd, 0x36, 0x02, 0x03, 0xe5, 0xcd, 0x2b, 0x5e, 0xe1, 0xd1, 0xfe,
  0x20, 0x30, 0x17, 0xfe, 0x19, 0x28, 0x15, 0xeb, 0xdd, 0x7e, 0x02, 0xd6,
  0x03, 0x20, 0x05, 0xdd, 0x77, 0x02, 0x18, 0xa1, 0xdd, 0x36, 0x02, 0x03,
  0x18, 0x9b, 0x20, 0x08, 0xdd, 0x75, 0x00, 0xdd, 0x74, 0x01, 0x18, 0x91,
  0xdd, 0x36, 0x00, 0x00, 0xfe, 0x52, 0xfd, 0x21, 0xe4, 0xe3, 0x30, 0x04,
  0xfd, 0x21, 0x1c, 0xe4, 0x11, 0x08, 0x00, 0x06, 0x07, 0xfd, 0x7e, 0x00,
  0xb7, 0x28, 0x11, 0x95, 0xed, 0x44, 0xfe, 0x02, 0x30, 0x0a, 0xfd, 0x7e,
  0x01, 0x94, 0xed, 0x44, 0xfe, 0x02, 0x38, 0x05, 0xfd, 0x19, 0x10, 0xe5,
  0xc9, 0x3e, 0x01, 0x32, 0x92, 0xe4, 0xfd, 0x36, 0x03, 0x64, 0xc9, 0xdd,
  0x36, 0x00, 0x00, 0x3e, 0x20, 0xcd, 0x23, 0x5e, 0x3a, 0x24, 0xe3, 0x3c,
  0x32, 0x24, 0xe3, 0x21, 0x4c, 0x18, 0x5f, 0x16, 0x00, 0x19, 0xc3, 0x52,
  0x5e, 0x3a, 0x24, 0xe3, 0x21, 0x4c, 0x18, 0x5f, 0x3d, 0x32, 0x24, 0xe3,
  0x16, 0x00, 0x19, 0x3e, 0x20, 0xc3, 0x4d, 0x00, 0xed, 0x5b, 0x54, 0xe4,
  0x7c, 0x92, 0xfe, 0x02, 0xd0, 0x7d, 0x93, 0xfe, 0x02, 0xc9, 0x3a, 0x2e,
  0xe3, 0xc6, 0x08, 0x32, 0x29, 0xe3, 0x3a, 0x2d, 0xe3, 0xfe, 0x0b, 0xca,
  0x9d, 0x58, 0x6f, 0xfe, 0x07, 0x38, 0x02, 0x2e, 0x07, 0x26, 0x00, 0x29,
  0x29, 0x11, 0xd6, 0x5f, 0x19, 0xc6, 0x14, 0xfe, 0x1b, 0x06, 0x0f, 0x30,
  0x02, 0x06, 0x0c, 0xc3, 0x9a, 0x5c, 0x3a, 0x30, 0xe3, 0x3c, 0x32, 0x29,
  0xe3, 0x3a, 0x2f, 0xe3, 0xfe, 0x10, 0xca, 0x9d, 0x58, 0x6f, 0x26, 0x00,
  0x29, 0x29, 0x11, 0xf6, 0x5f, 0x19, 0xc6, 0x1f, 0xfe, 0x2a, 0x06, 0x06,
  0x38, 0x08, 0x06, 0x0f, 0xfe, 0x2d, 0x38, 0x02, 0x06, 0x06, 0xc3, 0x9a,
  0x5c, 0x21, 0xce, 0x5f, 0x3e, 0x2f, 0x06, 0x00, 0x18, 0xf4, 0x2a, 0x1e,
  0xe3, 0x46, 0x23, 0x7e, 0x23, 0xa8, 0x47, 0xed, 0x5f, 0xa8, 0x01, 0x00,
  0x40, 0xe5, 0xed, 0x42, 0xe1, 0x38, 0x05, 0x6f, 0xe6, 0x07, 0x67, 0x7d,
  0x22, 0x1e, 0xe3, 0xc9, 0x1a, 0xb7, 0xc8, 0xcd, 0x4d, 0x00, 0x23, 0x13,
  0x18, 0xf6, 0x1a, 0xb7, 0xc8, 0xd6, 0x40, 0xfe, 0x40, 0x1a, 0x30, 0x02,
  0xc6, 0x60, 0xcd, 0x4d, 0x00, 0x23, 0x13, 0x18, 0xed, 0x21, 0x00, 0x18,
  0x06, 0x1f, 0xcd, 0x04, 0x59, 0x06, 0x17, 0xcd, 0x0d, 0x59, 0x21, 0x00,
  0x18, 0x06, 0x16, 0xcd, 0x0d, 0x59, 0x06, 0x20, 0xcd, 0x04, 0x59, 0x21,
  0x60, 0x18, 0x06, 0x20, 0xcd, 0x04, 0x59, 0xc9, 0x3e, 0x18, 0xcd, 0x4d,
  0x00, 0x23, 0x10, 0xf8, 0xc9, 0x3e, 0x18, 0xcd, 0x4d, 0x00, 0x11, 0x20,
  0x00, 0x19, 0x10, 0xf5, 0xc9, 0xe5, 0x3e, 0x18, 0xcd, 0x4d, 0x00, 0x23,
  0x3e, 0x18, 0xcd, 0x4d, 0x00, 0x11, 0x1f, 0x00, 0x19, 0x3e, 0x18, 0xcd,
  0x4d, 0x00, 0x23, 0x3e, 0x18, 0xcd, 0x4d, 0x00, 0xe1, 0xc9, 0xe5, 0x3e,
  0x20, 0xcd, 0x4d, 0x00, 0x23, 0x3e, 0x20, 0xcd, 0x4d, 0x00, 0x11, 0x1f,
  0x00, 0x19, 0x3e, 0x20, 0xcd, 0x4d, 0x00, 0x23, 0x3e, 0x20, 0xcd, 0x4d,
  0x00, 0xe1, 0xc9, 0x06, 0x08, 0xcd, 0x5a, 0x59, 0x06, 0x07, 0x1a, 0x13,
  0x17, 0xf5, 0xd5, 0xdc, 0x19, 0x59, 0xd1, 0xf1, 0x23, 0x23, 0x10, 0xf4,
  0xc9, 0xaf, 0x77, 0x23, 0x10, 0xfc, 0xc9, 0x3a, 0x0d, 0xe3, 0x21, 0x26,
  0x6c, 0x22, 0x20, 0xe3, 0xb7, 0xc8, 0x3d, 0xc8, 0x47, 0x11, 0x12, 0x00,
  0x19, 0x7e, 0x23, 0xb7, 0x20, 0xfb, 0x10, 0xf8, 0x22, 0x20, 0xe3, 0xc9,
  0xcd, 0x18, 0x5e, 0xcd, 0x7d, 0x5a, 0xcd, 0x9c, 0x00, 0x28, 0x05, 0xcd,
  0x9f, 0x00, 0x18, 0xf6, 0xaf, 0x32, 0x0d, 0xe3, 0xcd, 0xc4, 0x5a, 0xcd,
  0x64, 0x5a, 0x11, 0x58, 0x5f, 0x21, 0x03, 0x19, 0xcd, 0xce, 0x58, 0x11,
  0x6d, 0x5f, 0x21, 0x43, 0x19, 0xcd, 0xce, 0x58, 0x11, 0x41, 0x5f, 0x21,
  0x05, 0x1a, 0xcd, 0xce, 0x58, 0xcd, 0x3c, 0x5e, 0xfe, 0xff, 0xc8, 0xcd,
  0x9f, 0x00, 0xfe, 0x0d, 0xc8, 0xfe, 0x20, 0xc8, 0xfe, 0x31, 0x28, 0x3a,
  0xfe, 0x32, 0x20, 0xe9, 0xcd, 0xf3, 0x54, 0x11, 0xf0, 0x07, 0xcd, 0x02,
  0x55, 0x3a, 0x02, 0xe3, 0xcd, 0x54, 0x5a, 0xcd, 0x4d, 0x00, 0x21, 0x44,
  0x19, 0x3e, 0xfe, 0xcd, 0x4d, 0x00, 0xcd, 0x9f, 0x00, 0xfe, 0x0d, 0x28,
  0xaa, 0xfe, 0x20, 0x28, 0xa6, 0xd6, 0x30, 0xfe, 0x0a, 0x30, 0xef, 0x32,
  0x02, 0xe3, 0xcd, 0x54, 0x5a, 0xcd, 0x7d, 0x5a, 0x18, 0xe4, 0xcd, 0xf3,
  0x54, 0x11, 0xf0, 0x07, 0xcd, 0x02, 0x55, 0x21, 0x04, 0x19, 0x3e, 0xfe,
  0xcd, 0x4d, 0x00, 0xcd, 0x8d, 0x54, 0xcd, 0x1d, 0x55, 0x79, 0x32, 0x0d,
  0xe3, 0xb7, 0xca, 0xa3, 0x59, 0xcd, 0x64, 0x5a, 0x11, 0x0f, 0x5f, 0x21,
  0xc4, 0x19, 0xcd, 0xce, 0x58, 0x11, 0x29, 0x5f, 0x21, 0x07, 0x1a, 0xcd,
  0xce, 0x58, 0xcd, 0xca, 0x53, 0xf5, 0x3a, 0x0d, 0xe3, 0x3d, 0x32, 0x0d,
  0xe3, 0xf1, 0xfe, 0x20, 0xc8, 0xc3, 0xa3, 0x59, 0xc6, 0x30, 0xcd, 0xf3,
  0x54, 0xcd, 0xff, 0x54, 0x21, 0x58, 0x19, 0x3e, 0xff, 0xc3, 0x4d, 0x00,
  0xcd, 0x18, 0x5e, 0xcd, 0xe1, 0x58, 0x11, 0x3a, 0x5f, 0x21, 0x6d, 0x18,
  0xcd, 0xce, 0x58, 0x11, 0xd8, 0x4b, 0x21, 0x88, 0x1a, 0xcd, 0xce, 0x58,
  0xc9, 0x3a, 0x02, 0xe3, 0x87, 0x87, 0x6f, 0x26, 0x00, 0x11, 0xeb, 0x5e,
  0x19, 0x5e, 0x23, 0x56, 0xed, 0x53, 0x09, 0xe3, 0x23, 0x5e, 0x23, 0x56,
  0xed, 0x53, 0x0b, 0xe3, 0xc9, 0xcd, 0x6f, 0x59, 0xcd, 0xc4, 0x5a, 0xcd,
  0x67, 0x5b, 0x3a, 0x75, 0xe4, 0xb7, 0xcc, 0x7b, 0x5e, 0xcd, 0xcf, 0x5a,
  0xcd, 0x8c, 0x5e, 0xcd, 0xb6, 0x5a, 0xcd, 0x01, 0x5b, 0xc9, 0x3a, 0x75,
  0xe4, 0xb7, 0xc8, 0x21, 0x8b, 0x1a, 0x11, 0x82, 0x5f, 0xc3, 0xc4, 0x58,
  0x21, 0x00, 0x1b, 0x01, 0x80, 0x00, 0x3e, 0xd1, 0xc3, 0x56, 0x00, 0xcd,
  0xe8, 0x5a, 0xc5, 0xcd, 0xf8, 0x5a, 0xc1, 0x23, 0x23, 0x10, 0xf7, 0xc9,
  0xcd, 0xe8, 0x5a, 0x11, 0xce, 0x5f, 0xf5, 0xcd, 0x5f, 0x5e, 0xf1, 0xc9,
  0x3a, 0x1b, 0xe3, 0x47, 0x3e, 0x05, 0x90, 0x87, 0x5f, 0x16, 0x00, 0x21,
  0x21, 0x18, 0x19, 0xc9, 0xe5, 0x11, 0xb6, 0x5f, 0xcd, 0x5f, 0x5e, 0xe1,
  0xc9, 0x3e, 0x20, 0x32, 0x77, 0xe4, 0x01, 0x00, 0x00, 0xcd, 0x12, 0x5e,
  0xcd, 0xdc, 0x5a, 0x3c, 0x67, 0x2e, 0x01, 0x22, 0x54, 0xe4, 0x3a, 0x55,
  0xe4, 0x3d, 0x28, 0x10, 0x32, 0x55, 0xe4, 0xe6, 0x01, 0x32, 0x2a, 0xe3,
  0xcd, 0x09, 0x5d, 0xcd, 0x4d, 0x5b, 0x18, 0xea, 0x3e, 0x08, 0x32, 0x2a,
  0xe3, 0xcd, 0x09, 0x5d, 0xcd, 0x4d, 0x5b, 0x3a, 0x54, 0xe4, 0x3c, 0xfe,
  0x05, 0x28, 0x05, 0x32, 0x54, 0xe4, 0x18, 0xe8, 0x3e, 0x04, 0x32, 0x2a,
  0xe3, 0xcd, 0x09, 0x5d, 0xc9, 0x3a, 0x77, 0xe4, 0x3d, 0x32, 0x77, 0xe4,
  0xc8, 0xe5, 0x2a, 0x09, 0xe3, 0x44, 0x4d, 0xcb, 0x38, 0x29, 0x09, 0x44,
  0x4d, 0xe1, 0xcd, 0x12, 0x5e, 0x3c, 0xc9, 0x21, 0x22, 0xe3, 0x11, 0x23,
  0xe3, 0xaf, 0x77, 0x01, 0x55, 0x01, 0xed, 0xb0, 0x21, 0xd0, 0x07, 0x22,
  0x22, 0xe3, 0x3e, 0x04, 0x32, 0x2f, 0xe3, 0x21, 0x3c, 0xe3, 0x22, 0x34,
  0xe3, 0x21, 0x94, 0xe3, 0x22, 0x36, 0xe3, 0x21, 0xe4, 0xe3, 0x22, 0x38,
  0xe3, 0x21, 0x1c, 0xe4, 0x22, 0x3a, 0xe3, 0xcd, 0x18, 0x5e, 0xcd, 0xe1,
  0x58, 0x21, 0x2b, 0x18, 0x11, 0x8c, 0x5f, 0xcd, 0xc4, 0x58, 0x21, 0x4b,
  0x18, 0x11, 0xa1, 0x5f, 0xcd, 0xc4, 0x58, 0xed, 0x5b, 0x20, 0xe3, 0x21,
  0x81, 0x18, 0x06, 0x09, 0xc5, 0xcd, 0x53, 0x59, 0x01, 0x22, 0x00, 0x09,
  0xc1, 0x10, 0xf5, 0x1a, 0x47, 0xe6, 0x1f, 0xc8, 0x32, 0x25, 0xe3, 0x67,
  0x13, 0x1a, 0x13, 0x32, 0x27, 0xe3, 0x6f, 0x78, 0xe6, 0xe0, 0xd5, 0xcd,
  0xdd, 0x5b, 0xd1, 0x18, 0xe6, 0xb7, 0xca, 0xf8, 0x5b, 0xfe, 0x20, 0xca,
  0x0d, 0x5c, 0xfe, 0x40, 0xca, 0x22, 0x5c, 0xfe, 0x60, 0xca, 0x34, 0x5c,
  0xfe, 0x80, 0xca, 0x50, 0x5c, 0xc3, 0x2b, 0x5c, 0xed, 0x5b, 0x36, 0xe3,
  0xeb, 0x73, 0x23, 0x72, 0x01, 0x07, 0x00, 0x09, 0x22, 0x36, 0xe3, 0xcd,
  0xf7, 0x5c, 0xc3, 0x52, 0x5e, 0xed, 0x5b, 0x34, 0xe3, 0xeb, 0x73, 0x23,
  0x72, 0x01, 0x07, 0x00, 0x09, 0x22, 0x34, 0xe3, 0xcd, 0xf7, 0x5c, 0xc3,
  0x57, 0x5e, 0x22, 0x8c, 0xe3, 0xcd, 0xf7, 0x5c, 0xc3, 0x5c, 0x5e, 0x22,
  0x5c, 0xe4, 0xcd, 0xf7, 0x5c, 0xc3, 0x47, 0x5e, 0x3a, 0x32, 0xe3, 0x32,
  0x30, 0xe3, 0x3c, 0x32, 0x32, 0xe3, 0xed, 0x5b, 0x38, 0xe3, 0xeb, 0x73,
  0x23, 0x72, 0x01, 0x07, 0x00, 0x09, 0x22, 0x38, 0xe3, 0xc3, 0x72, 0x58,
  0x3a, 0x33, 0xe3, 0x32, 0x2e, 0xe3, 0x3c, 0x32, 0x33, 0xe3, 0xed, 0x5b,
  0x3a, 0xe3, 0xeb, 0x73, 0x23, 0x72, 0x01, 0x07, 0x00, 0x09, 0x22, 0x3a,
  0xe3, 0xc3, 0x46, 0x58, 0x3a, 0x31, 0xe3, 0xf5, 0x87, 0x87, 0x6f, 0x26,
  0x00, 0x11, 0xba, 0x5f, 0x19, 0xeb, 0xcd, 0xf7, 0x5c, 0xf1, 0xfe, 0x04,
  0xda, 0x5f, 0x5e, 0x01, 0x20, 0x00, 0x09, 0x1a, 0xcd, 0x4d, 0x00, 0x13,
  0x23, 0x1a, 0xc3, 0x4d, 0x00, 0xcd, 0xf7, 0x5c, 0x11, 0xce, 0x5f, 0xc3,
  0x5f, 0x5e, 0xc5, 0xf5, 0x3a, 0x60, 0xe4, 0xb7, 0x20, 0x1e, 0xe5, 0xcd,
  0xf7, 0x5c, 0xc1, 0x0a, 0xcd, 0x4d, 0x00, 0x03, 0x23, 0x0a, 0xcd, 0x4d,
  0x00, 0x03, 0x11, 0x1f, 0x00, 0x19, 0x0a, 0xcd, 0x4d, 0x00, 0x03, 0x23,
  0x0a, 0xcd, 0x4d, 0x00, 0x3a, 0x29, 0xe3, 0x87, 0x87, 0x6f, 0x26, 0x00,
  0x11, 0x00, 0x1b, 0x19, 0xf1, 0xf5, 0xfe, 0x2f, 0x20, 0x04, 0x3e, 0x01,
  0x18, 0x03, 0x3a, 0x27, 0xe3, 0x87, 0x87, 0x87, 0x3d, 0xcd, 0x4d, 0x00,
  0x23, 0x3a, 0x25, 0xe3, 0x87, 0x87, 0x87, 0xcd, 0x4d, 0x00, 0x23, 0xf1,
  0x87, 0x87, 0xcd, 0x4d, 0x00, 0xf1, 0x23, 0xcd, 0x4d, 0x00, 0xc9, 0x2a,
  0x27, 0xe3, 0x29, 0x29, 0x29, 0x29, 0x29, 0xed, 0x4b, 0x25, 0xe3, 0x09,
  0x01, 0x00, 0x18, 0x09, 0xc9, 0x3a, 0x54, 0xe4, 0x87, 0x87, 0x87, 0x3d,
  0x21, 0x00, 0x1b, 0xcd, 0x4d, 0x00, 0x23, 0x3a, 0x55, 0xe4, 0x87, 0x87,
  0x87, 0xcd, 0x4d, 0x00, 0x23, 0x3a, 0x2a, 0xe3, 0x87, 0x87, 0xcd, 0x4d,
  0x00, 0x3e, 0x0a, 0x23, 0xcd, 0x4d, 0x00, 0xf3, 0x3a, 0x2a, 0xe3, 0xfe,
  0x09, 0xc0, 0x2a, 0x54, 0xe4, 0xcd, 0xe4, 0x40, 0x11, 0x20, 0x00, 0x19,
  0x3e, 0x10, 0xcd, 0x4d, 0x00, 0x23, 0x3e, 0x10, 0xc3, 0x4d, 0x00, 0x7e,
  0x23, 0xe5, 0xcd, 0x8a, 0x5d, 0x44, 0x4d, 0xe1, 0x7e, 0x23, 0xe5, 0xcd,
  0x8a, 0x5d, 0x11, 0x00, 0x38, 0x19, 0xeb, 0xe1, 0xcd, 0x5c, 0x00, 0xc9,
  0x7e, 0x23, 0xe5, 0xcd, 0x8a, 0x5d, 0x44, 0x4d, 0xe1, 0x7e, 0x23, 0xe5,
  0xcd, 0x8a, 0x5d, 0xeb, 0xe1, 0xcd, 0x7b, 0x5d, 0xcd, 0x7b, 0x5d, 0xe5,
  0xc5, 0xd5, 0xcd, 0x5c, 0x00, 0xe1, 0x01, 0x00, 0x08, 0x09, 0xeb, 0xc1,
  0xe1, 0xc9, 0x6f, 0x26, 0x00, 0x29, 0x29, 0x29, 0xc9, 0x11, 0x00, 0x20,
  0x7e, 0xb7, 0xc8, 0x4f, 0x06, 0x00, 0x23, 0x7e, 0x23, 0xeb, 0xe5, 0xcd,
  0xad, 0x5d, 0xcd, 0xad, 0x5d, 0xcd, 0xad, 0x5d, 0xe1, 0x09, 0xeb, 0x18,
  0xe7, 0xf5, 0xc5, 0xe5, 0xcd, 0x56, 0x00, 0xe1, 0x01, 0x00, 0x08, 0x09,
  0xc1, 0xf1, 0xc9, 0x2a, 0x04, 0x00, 0x11, 0x00, 0x02, 0x19, 0x11, 0x00,
  0x05, 0xcd, 0xdf, 0x5d, 0xcd, 0xf7, 0x5d, 0xc9, 0xcd, 0x18, 0x5e, 0xcd,
  0xc4, 0x5a, 0x2a, 0x04, 0x00, 0x11, 0x00, 0x01, 0x19, 0x01, 0x00, 0x07,
  0xc3, 0xe2, 0x5d, 0x01, 0x00, 0x02, 0xcd, 0xe8, 0x5d, 0xcd, 0xe8, 0x5d,
  0xc5, 0xe5, 0xd5, 0xcd, 0x5c, 0x00, 0xe1, 0x01, 0x00, 0x08, 0x09, 0xeb,
  0xe1, 0xc1, 0xc9, 0x3e, 0xf1, 0x21, 0x00, 0x25, 0xcd, 0x02, 0x5e, 0xcd,
  0x02, 0x5e, 0x01, 0x00, 0x03, 0xe5, 0xcd, 0x56, 0x00, 0xe1, 0x01, 0x00,
  0x08, 0x09, 0xc9, 0x01, 0x40, 0x1f, 0x0b, 0x78, 0xb1, 0x20, 0xfb, 0xc9,
  0x3e, 0x20, 0x21, 0x00, 0x18, 0x01, 0x00, 0x03, 0xc3, 0x56, 0x00, 0xf5,
  0xcd, 0xe4, 0x40, 0xf1, 0xc3, 0x4d, 0x00, 0xcd, 0xe4, 0x40, 0xc3, 0x4a,
  0x00, 0xaf, 0xcd, 0xd5, 0x00, 0xb7, 0xc0, 0x3e, 0x01, 0xc3, 0xd5, 0x00,
  0xaf, 0xcd, 0xd8, 0x00, 0xb7, 0xc0, 0x3e, 0x01, 0xc3, 0xd8, 0x00, 0x3e,
  0x1a, 0xcd, 0x4d, 0x00, 0x23, 0x3e, 0x1a, 0xc3, 0x4d, 0x00, 0x3e, 0x19,
  0xc3, 0x4d, 0x00, 0x11, 0xba, 0x5f, 0x18, 0x03, 0x11, 0xd2, 0x5f, 0xe5,
  0x1a, 0xcd, 0x4d, 0x00, 0x23, 0x13, 0x1a, 0xcd, 0x4d, 0x00, 0x01, 0x1f,
  0x00, 0x09, 0x13, 0x1a, 0xcd, 0x4d, 0x00, 0x13, 0x23, 0x1a, 0xcd, 0x4d,
  0x00, 0xe1, 0xc9, 0x2a, 0x0d, 0xe3, 0x26, 0x00, 0xcd, 0xba, 0x5e, 0x21,
  0x56, 0x18, 0x11, 0x79, 0xe4, 0xc3, 0xc4, 0x58, 0x2a, 0x1c, 0xe3, 0xcd,
  0xba, 0x5e, 0x21, 0x33, 0x18, 0xc3, 0xc4, 0x58, 0x3a, 0x75, 0xe4, 0xb7,
  0xc0, 0x2a, 0x22, 0xe3, 0x2b, 0x22, 0x22, 0xe3, 0xcb, 0x7c, 0xc0, 0xe5,
  0xcd, 0xba, 0x5e, 0x11, 0x78, 0xe4, 0x21, 0x5b, 0x18, 0xcd, 0xc4, 0x58,
  0xe1, 0x7c, 0xb5, 0xc0, 0x37, 0xc9, 0x11, 0x77, 0xe4, 0xd5, 0x01, 0x10,
  0x27, 0xcd, 0xdf, 0x5e, 0x01, 0xe8, 0x03, 0xcd, 0xdf, 0x5e, 0x01, 0x64,
  0x00, 0xcd, 0xdf, 0x5e, 0x01, 0x0a, 0x00, 0xcd, 0xdf, 0x5e, 0x7d, 0xf6,
  0x30, 0x12, 0x13, 0xaf, 0x12, 0xd1, 0xc9, 0x3e, 0x2f, 0xb7, 0x3c, 0xed,
  0x42, 0x30, 0xfb, 0x09, 0x12, 0x13, 0xc9, 0x00, 0x03, 0x00, 0x05, 0x00,
  0x06, 0x00, 0x0a, 0x00, 0x0a, 0x00, 0x14, 0x00, 0x12, 0x00, 0x1f, 0x00,
  0x18, 0x00, 0x28, 0x00, 0x1d, 0x00, 0x2f, 0x00, 0x25, 0x00, 0x38, 0x00,
  0x2c, 0x00, 0x3f, 0x00, 0x38, 0x00, 0x50, 0x4d, 0x6f, 0x76, 0x65, 0x20,
  0x43, 0x75, 0x72, 0x73, 0x6f, 0x72, 0x20, 0x61, 0x6e, 0x64, 0x20, 0x53,
  0x65, 0x74, 0x20, 0x53, 0x63, 0x65, 0x6e, 0x65, 0x00, 0x50, 0x75, 0x73,
  0x68, 0x20, 0x53, 0x70, 0x61, 0x63, 0x65, 0x20, 0x6f, 0x72, 0x20, 0x43,
  0x52, 0x00, 0x20, 0x4d, 0x45, 0x4e, 0x55, 0x20, 0x00, 0x47, 0x61, 0x6d,
  0x65, 0x20, 0x53, 0x74, 0x61, 0x72, 0x74, 0x20, 0x53, 0x70, 0x61, 0x63,
  0x65, 0x20, 0x6f, 0x72, 0x20, 0x43, 0x52, 0x00, 0x5b, 0x31, 0x5d, 0x20,
  0x49, 0x6e, 0x70, 0x75, 0x74, 0x20, 0x20, 0x4b, 0x65, 0x79, 0x20, 0x20,
  0x57, 0x6f, 0x72, 0x64, 0x00, 0x5b, 0x32, 0x5d, 0x20, 0x49, 0x6e, 0x70,
  0x75, 0x74, 0x20, 0x53, 0x70, 0x65, 0x65, 0x64, 0x5b, 0x30, 0x5f, 0x39,
  0x5d, 0x00, 0x1b, 0x20, 0x1c, 0x1d, 0x1e, 0x1f, 0x23, 0x21, 0x22, 0x00,
  0x18, 0x20, 0x1f, 0x24, 0x23, 0x25, 0x26, 0x27, 0x20, 0x20, 0x20, 0x20,
  0x20, 0x30, 0x20, 0x18, 0x22, 0x92, 0x93, 0x26, 0x00, 0x18, 0x20, 0x20,
  0x20, 0x20, 0x20, 0x20, 0x20, 0x20, 0x20, 0x20, 0x20, 0x20, 0x20, 0x20,
  0x18, 0x32, 0x30, 0x30, 0x30, 0x00, 0x8e, 0x90, 0x8f, 0x91, 0x00, 0x02,
  0x01, 0x03, 0x04, 0x06, 0x05, 0x07, 0x08, 0x0a, 0x09, 0x0b, 0x20, 0x20,
  0x0d, 0x0f, 0x11, 0x13, 0x11, 0x13, 0x20, 0x20, 0x20, 0x20, 0x14, 0x16,
  0x15, 0x17, 0x28, 0x2a, 0x29, 0x2b, 0x2c, 0x2e, 0x2d, 0x2f, 0x3a, 0x3c,
  0x3b, 0x3d, 0x3e, 0x40, 0x3f, 0x41, 0x42, 0x44, 0x43, 0x45, 0x46, 0x48,
  0x47, 0x49, 0x20, 0x20, 0x4b, 0x4d, 0x4e, 0x50, 0x4f, 0x51, 0x52, 0x54,
  0x53, 0x55, 0x56, 0x58, 0x57, 0x59, 0x5a, 0x5c, 0x5b, 0x5d, 0x5e, 0x60,
  0x5f, 0x61, 0x62, 0x64, 0x63, 0x65, 0x66, 0x68, 0x67, 0x69, 0x6a, 0x6c,
  0x6b, 0x6d, 0x6a, 0x6c, 0x6b, 0x6d, 0x20, 0x20, 0x6f, 0x71, 0x72, 0x74,
  0x73, 0x75, 0x76, 0x78, 0x77, 0x79, 0x7a, 0x7c, 0x7b, 0x7d, 0x7e, 0x80,
  0x7f, 0x81, 0x82, 0x84, 0x83, 0x85, 0x86, 0x88, 0x87, 0x89, 0x8a, 0x8c,
  0x8b, 0x8d, 0x94, 0x00, 0x0a, 0x15, 0x2b, 0x45, 0x8a, 0x55, 0xaa, 0x55,
  0xaa, 0x11, 0x88, 0x14, 0x8a, 0x41, 0x20, 0x15, 0xa8, 0xd4, 0xfa, 0x5d,
  0xbe, 0x55, 0xae, 0x57, 0xae, 0x57, 0xaa, 0x15, 0x2a, 0x54, 0xa8, 0x50,
  0x08, 0x14, 0x2a, 0x04, 0x8a, 0x44, 0xa0, 0x51, 0xa2, 0x01, 0x08, 0x14,
  0x8a, 0x40, 0x20, 0x15, 0xa8, 0x74, 0xf8, 0x55, 0x2e, 0x07, 0x8e, 0x47,
  0xa0, 0x44, 0x0e, 0x05, 0x22, 0x44, 0x00, 0x10, 0x00, 0x00, 0x00, 0x00,
  0x08, 0x14, 0x2a, 0x04, 0x8a, 0x44, 0xa0, 0x51, 0xa2, 0x01, 0xaa, 0x55,
  0x00, 0x00, 0x00, 0x00, 0xa8, 0x74, 0xf8, 0x51, 0x2e, 0x07, 0x8a, 0x47,
  0xa2, 0x40, 0x2a, 0x55, 0x00, 0x00, 0x00, 0x00, 0x00, 0x00, 0x00, 0x00,
  0x08, 0x14, 0x2a, 0x04, 0x8a, 0x45, 0xaa, 0x55, 0x00, 0x00, 0x00, 0x00,
  0x00, 0x00, 0x00, 0x00, 0xa8, 0x74, 0xf8, 0x55, 0x2e, 0x47, 0xae, 0x55,
  0x00, 0x00, 0x00, 0x00, 0x00, 0x00, 0x00, 0x00, 0x00, 0x00, 0x00, 0x00,
  0x08, 0x54, 0xaa, 0x55, 0x00, 0x00, 0x00, 0x00, 0x00, 0x00, 0x00, 0x00,
  0x00, 0x00, 0x00, 0x00, 0x00, 0x50, 0xfa, 0x5f, 0x0a, 0x15, 0x2b, 0x45,
  0x8a, 0x55, 0xaa, 0x55, 0xaa, 0x11, 0x88, 0x14, 0x8a, 0x41, 0x20, 0x15,
  0xa8, 0xd4, 0xfa, 0x5d, 0xbe, 0x55, 0xae, 0x57, 0xae, 0x57, 0xaa, 0x15,
  0x2a, 0x54, 0xa8, 0x50, 0x00, 0x7e, 0x7e, 0x7e, 0x00, 0xe7, 0xe7, 0xe7,
  0x00, 0x00, 0x00, 0x18, 0x3c, 0x7e, 0x18, 0x30, 0x00, 0x7e, 0x7e, 0x7e,
  0x00, 0xe7, 0xe7, 0xe7, 0x1c, 0x22, 0x4d, 0x51, 0x51, 0x4d, 0x22, 0x1c,
  0x06, 0x06, 0x06, 0x3e, 0x66, 0x66, 0x3e, 0x00, 0x7e, 0x63, 0x63, 0x7e,
  0x63, 0x63, 0x7e, 0x00, 0x00, 0x00, 0x00, 0x7e, 0x00, 0x00, 0x00, 0x00,
  0x3e, 0x63, 0x60, 0x3e, 0x03, 0x63, 0x3e, 0x00, 0x00, 0x00, 0x00, 0x00,
  0x00, 0x00, 0x00, 0x00, 0x7f, 0x60, 0x60, 0x7e, 0x60, 0x60, 0x60, 0x00,
  0x7e, 0x18, 0x18, 0x18, 0x18, 0x18, 0x18, 0x00, 0x1c, 0x36, 0x63, 0x63,
  0x63, 0x36, 0x1c, 0x00, 0x1e, 0x33, 0x60, 0x60, 0x60, 0x33, 0x1e, 0x00,
  0x7e, 0x63, 0x63, 0x7e, 0x63, 0x63, 0x63, 0x00, 0x7f, 0x60, 0x60, 0x7c,
  0x60, 0x60, 0x7f, 0x00, 0x00, 0x18, 0x18, 0x00, 0x18, 0x18, 0x00, 0x00,
  0x00, 0x00, 0x00, 0x02, 0x03, 0x00, 0x03, 0x04, 0x04, 0x03, 0x00, 0x00,
  0x00, 0x00, 0x00, 0x00, 0x00, 0x00, 0x00, 0x00, 0x00, 0x00, 0x00, 0x80,
  0x80, 0x00, 0x00, 0x00, 0x00, 0x00, 0x00, 0x00, 0x00, 0x00, 0x00, 0x00,
  0x01, 0x01, 0x00, 0x00, 0x00, 0x00, 0x00, 0x00, 0x00, 0x00, 0x00, 0x00,
  0x80, 0xc0, 0x00, 0xc0, 0x20, 0x20, 0xc0, 0x00, 0x00, 0x00, 0x00, 0x00,
  0x00, 0x00, 0x00, 0x00, 0x3c, 0x66, 0x66, 0x66, 0x66, 0x66, 0x3c, 0x00,
  0x08, 0x18, 0x38, 0x18, 0x18, 0x18, 0x3c, 0x00, 0x3c, 0x66, 0x42, 0x06,
  0x1c, 0x30, 0x7e, 0x00, 0x3c, 0x66, 0x06, 0x1c, 0x06, 0x66, 0x3c, 0x00,
  0x0c, 0x1c, 0x2c, 0x6c, 0x7e, 0x0c, 0x1e, 0x00, 0x7e, 0x60, 0x7c, 0x06,
  0x06, 0x66, 0x3c, 0x00, 0x3c, 0x66, 0x60, 0x7c, 0x66, 0x66, 0x3c, 0x00,
  0x7e, 0x66, 0x66, 0x0c, 0x18, 0x18, 0x18, 0x00, 0x3c, 0x66, 0x66, 0x3c,
  0x66, 0x66, 0x3c, 0x00, 0x3c, 0x66, 0x66, 0x3e, 0x06, 0x66, 0x3c, 0x00,
  0x00, 0x00, 0x00, 0x00, 0x00, 0x00, 0x00, 0x01, 0x01, 0x00, 0x00, 0x00,
  0x00, 0x00, 0x00, 0x00, 0x00, 0x00, 0x00, 0x40, 0xc0, 0x00, 0xc0, 0x20,
  0x20, 0xc0, 0x00, 0x00, 0x00, 0x00, 0x00, 0x00, 0x01, 0x03, 0x00, 0x03,
  0x04, 0x04, 0x03, 0x00, 0x00, 0x00, 0x00, 0x00, 0x00, 0x00, 0x00, 0x00,
  0x00, 0x00, 0x00, 0x00, 0x80, 0x80, 0x00, 0x00, 0x00, 0x00, 0x00, 0x00,
  0x00, 0x00, 0x00, 0x00, 0x00, 0x00, 0x00, 0x00, 0x02, 0x00, 0x00, 0x00,
  0x00, 0x00, 0x00, 0x00, 0x00, 0x00, 0x00, 0x00, 0x00, 0x00, 0x00, 0x00,
  0x04, 0x0c, 0x00, 0x60, 0x70, 0xb0, 0x40, 0x00, 0x00, 0x00, 0x00, 0x00,
  0x00, 0x00, 0x00, 0x02, 0x03, 0x60, 0xf3, 0xf7, 0x60, 0x03, 0x00, 0x00,
  0x00, 0x00, 0x00, 0x00, 0x00, 0x00, 0x00, 0x00, 0x00, 0x00, 0x00, 0x80,
  0x00, 0x00, 0x00, 0x00, 0x00, 0x00, 0x00, 0x00, 0x00, 0x00, 0x00, 0x00,
  0x00, 0x00, 0x00, 0x00, 0x31, 0x48, 0xc8, 0xf0, 0xc0, 0x00, 0x00, 0x00,
  0x00, 0x00, 0x00, 0x00, 0x00, 0x00, 0x00, 0x00, 0x8c, 0x12, 0x13, 0x0f,
  0x03, 0x00, 0x00, 0x00, 0x00, 0x00, 0x00, 0x02, 0x03, 0x07, 0x0c, 0x18,
  0x18, 0x1c, 0x0f, 0x07, 0x07, 0x07, 0x07, 0x07, 0x00, 0x00, 0x00, 0x00,
  0x00, 0xe0, 0xf0, 0x78, 0x78, 0xf8, 0xf8, 0xf8, 0xf8, 0xf8, 0xf8, 0xf8,
  0x00, 0x00, 0x30, 0x49, 0x48, 0x30, 0x00, 0xc0, 0x3e, 0x3f, 0xff, 0x3f,
  0x0e, 0x00, 0x00, 0x00, 0x00, 0x00, 0x00, 0x00, 0xc0, 0x20, 0x00, 0x00,
  0x00, 0xc0, 0xc0, 0x80, 0x00, 0x00, 0x00, 0x00, 0x00, 0x00, 0x30, 0x49,
  0x48, 0x30, 0x00, 0x00, 0xfe, 0x3f, 0xff, 0x3f, 0x0e, 0x00, 0x00, 0x00,
  0x00, 0x00, 0x00, 0x00, 0xc0, 0x20, 0x00, 0x00, 0x00, 0xc0, 0xc0, 0x80,
  0x00, 0x00, 0x00, 0x00, 0x00, 0x00, 0x00, 0x00, 0x03, 0x04, 0x00, 0x00,
  0x00, 0x03, 0x03, 0x01, 0x00, 0x00, 0x00, 0x00, 0x00, 0x00, 0x0c, 0x92,
  0x12, 0x0c, 0x00, 0x03, 0x7c, 0xfc, 0xff, 0xfc, 0x70, 0x00, 0x00, 0x00,
  0x00, 0x00, 0x00, 0x00, 0x03, 0x04, 0x00, 0x00, 0x00, 0x03, 0x03, 0x01,
  0x00, 0x00, 0x00, 0x00, 0x00, 0x00, 0x0c, 0x92, 0x12, 0x0c, 0x00, 0x00,
  0x7f, 0xfc, 0xff, 0xfc, 0x70, 0x00, 0x00, 0x00, 0x00, 0x00, 0x30, 0x48,
  0x48, 0x30, 0x00, 0x78, 0xe0, 0xf8, 0x60, 0x00, 0x00, 0x00, 0x00, 0x00,
  0x00, 0x00, 0x0c, 0x12, 0x12, 0x0c, 0x00, 0x00, 0x1e, 0x07, 0x1f, 0x06,
  0x00, 0x00, 0x00, 0x00, 0x00, 0x00, 0x30, 0x48, 0x48, 0x30, 0x00, 0x00,
  0x78, 0xe0, 0xf8, 0x60, 0x00, 0x00, 0x00, 0x00, 0x00, 0x00, 0x0c, 0x12,
  0x12, 0x0c, 0x00, 0x1e, 0x07, 0x1f, 0x06, 0x00, 0x00, 0x00, 0x00, 0x00,
  0x00, 0x00, 0x30, 0x60, 0x40, 0x00, 0x00, 0x00, 0x80, 0x80, 0x80, 0x40,
  0x00, 0x00, 0x00, 0x00, 0x00, 0x00, 0x0c, 0x26, 0x12, 0x00, 0x00, 0x00,
  0x01, 0x01, 0x01, 0x02, 0x00, 0x00, 0x00, 0x00, 0x00, 0x00, 0x00, 0x00,
  0x00, 0x00, 0x00, 0x00, 0x30, 0x48, 0xc8, 0xf0, 0xc0, 0xf0, 0xe0, 0x78,
  0x00, 0x00, 0x00, 0x00, 0x00, 0x00, 0x00, 0x00, 0x0c, 0x12, 0x13, 0x0f,
  0x03, 0x1f, 0x07, 0x1e, 0x00, 0x00, 0x00, 0x00, 0x00, 0x01, 0x06, 0x30,
  0x78, 0x00, 0x30, 0x60, 0xf8, 0xf4, 0x70, 0x18, 0x00, 0x00, 0x00, 0x00,
  0x00, 0x00, 0x60, 0x0c, 0x1e, 0x00, 0x0c, 0x06, 0x1f, 0x2f, 0x0e, 0x18,
  0x00, 0x00, 0x00, 0x00, 0x00, 0x00, 0x00, 0x02, 0x0c, 0x20, 0x70, 0x00,
  0x70, 0xfc, 0xf0, 0x7c, 0x00, 0x00, 0x00, 0x00, 0x00, 0x00, 0x00, 0x00,
  0xc0, 0x04, 0x0e, 0x00, 0x0e, 0x3f, 0x0f, 0x3e, 0x00, 0x00, 0x00, 0x00,
  0x00, 0x00, 0x00, 0x00, 0x00, 0x00, 0x00, 0x00, 0x00, 0x40, 0x60, 0x38,
  0x00, 0x00, 0x00, 0x00, 0x00, 0x00, 0x00, 0x00, 0x00, 0x00, 0x00, 0x00,
  0x00, 0x02, 0x06, 0x1c, 0x00, 0x06, 0x00, 0x01, 0x03, 0x0a, 0x1c, 0x18,
  0x13, 0x11, 0xc8, 0x60, 0x00, 0x18, 0x4c, 0x20, 0x00, 0x20, 0xc0, 0x00,
  0x80, 0x40, 0x30, 0x18, 0xe8, 0x80, 0x06, 0x04, 0x30, 0x18, 0x22, 0x04,
  0x00, 0x04, 0x03, 0x07, 0x06, 0x0a, 0x1c, 0x63, 0x1b, 0x0f, 0x00, 0x40,
  0x08, 0x3c, 0x5a, 0x24, 0x00, 0x60, 0xc0, 0xa0, 0x40, 0x60, 0x74, 0xa2,
  0xf8, 0xc8, 0x00, 0x04, 0x30, 0x72, 0x66, 0x0c, 0x20, 0x40, 0x30, 0x48,
  0x48, 0x34, 0x08, 0x98, 0x60, 0xe0, 0xf8, 0x60, 0x80, 0x04, 0x20, 0x00,
  0x10, 0x82, 0x0c, 0x93, 0x52, 0x0c, 0x00, 0x98, 0x06, 0x17, 0x1f, 0x46,
  0x00, 0x04, 0x00, 0x20, 0x00, 0x00, 0x30, 0x48, 0x48, 0x30, 0x00, 0x18,
  0x60, 0xe0, 0xf8, 0x60, 0x00, 0x00, 0x00, 0x00, 0x00, 0x00, 0x0c, 0x12,
  0x12, 0x0c, 0x00, 0x18, 0x06, 0x07, 0x1f, 0x06, 0x00, 0x00, 0x00, 0x00,
  0x00, 0x00, 0x00, 0x00, 0x03, 0x0f, 0x1f, 0x17, 0x17, 0x36, 0x3f, 0x3f,
  0x1f, 0x1f, 0x1f, 0x1e, 0x00, 0x00, 0x00, 0x00, 0xc0, 0xf0, 0xf8, 0xe8,
  0xe8, 0x6c, 0xfc, 0xfc, 0xf8, 0xf8, 0xf8, 0xf8, 0x3c, 0x18, 0x18, 0x18,
  0x18, 0x18, 0x3c, 0x00, 0x41, 0x63, 0x77, 0x7f, 0x6b, 0x63, 0x63, 0x00,
  0xa0, 0x80, 0x20, 0x40, 0x08, 0x70, 0x06, 0x60, 0x02, 0xa0, 0x08, 0x40,
  0x28, 0x90, 0x08, 0x01, 0x38, 0x90, 0x05, 0xa0, 0x1b, 0xf0, 0x10, 0xf0,
  0x02, 0xa0, 0x0e, 0xf0, 0x50, 0xf0, 0x10, 0xf0, 0x05, 0xa0, 0x0b, 0xf0,
  0x02, 0xa0, 0x1e, 0xf0, 0x14, 0xf0, 0x02, 0xa0, 0x0a, 0xf0, 0x05, 0xa0,
  0x1b, 0xf0, 0x20, 0xf0, 0x05, 0xa0, 0x1b, 0x20, 0x09, 0xf0, 0x07, 0x70,
  0x07, 0xf0, 0x05, 0x70, 0x04, 0xc0, 0x09, 0xf0, 0x07, 0x70, 0x08, 0xf0,
  0x04, 0x70, 0x04, 0xc0, 0x07, 0xf0, 0x05, 0x70, 0x04, 0xc0, 0x09, 0xf0,
  0x07, 0x70, 0x08, 0xf0, 0x04, 0x70, 0x04, 0xc0, 0x09, 0xf0, 0x07, 0x70,
  0x07, 0xf0, 0x03, 0x70, 0x06, 0xc0, 0x08, 0xf0, 0x03, 0x70, 0x05, 0xc0,
  0x08, 0xf0, 0x03, 0x70, 0x05, 0xc0, 0x07, 0xf0, 0x03, 0x70, 0x06, 0xc0,
  0x08, 0xf0, 0x03, 0x70, 0x05, 0xc0, 0x08, 0xf0, 0x03, 0x70, 0x05, 0xc0,
  0x0d, 0xf0, 0x03, 0x70, 0x0d, 0xf0, 0x03, 0x70, 0x07, 0x40, 0x04, 0xf0,
  0x05, 0x70, 0x07, 0x40, 0x04, 0xf0, 0x05, 0x70, 0x09, 0x40, 0x02, 0xf0,
  0x05, 0x70, 0x09, 0x40, 0x02, 0xf0, 0x05, 0x70, 0x20, 0x60, 0x07, 0x60,
  0x01, 0x70, 0x02, 0x60, 0x01, 0x70, 0x01, 0xc0, 0x04, 0x60, 0x07, 0x60,
  0x01, 0x70, 0x02, 0x60, 0x01, 0x70, 0x01, 0xc0, 0x04, 0x60, 0x0b, 0x60,
  0x01, 0xc0, 0x04, 0x60, 0x0b, 0x60, 0x01, 0xc0, 0x04, 0x60, 0x08, 0xf0,
  0x03, 0x70, 0x05, 0xf0, 0x08, 0xf0, 0x03, 0x70, 0x05, 0xf0, 0x07, 0xf0,
  0x04, 0x70, 0x05, 0xc0, 0x07, 0xf0, 0x04, 0x70, 0x05, 0xc0, 0x20, 0xa0,
  0x10, 0x90, 0x00, 0xc0, 0x00, 0x00, 0x00, 0x00, 0x07, 0x1f, 0x17, 0x37,
  0x37, 0x1f, 0x1f, 0x1f, 0x1f, 0x1f, 0x3f, 0x3f, 0x1c, 0x00, 0x00, 0x00,
  0xc0, 0xf0, 0xf8, 0xf8, 0x98, 0xe8, 0xe8, 0x98, 0xf8, 0xf8, 0xfc, 0xfc,
  0x38, 0x00, 0x00, 0x00, 0x00, 0x07, 0x1f, 0x17, 0x37, 0x37, 0x1f, 0x1f,
  0x1f, 0x1f, 0x1f, 0x1f, 0x1e, 0x00, 0x00, 0x00, 0x00, 0xc0, 0xf0, 0xf8,
  0xf8, 0xc8, 0xe8, 0x98, 0xf8, 0xf8, 0xf8, 0xf8, 0x78, 0x00, 0x00, 0x00,
  0x03, 0x0f, 0x1f, 0x1f, 0x19, 0x17, 0x17, 0x19, 0x1f, 0x1f, 0x3f, 0x3f,
  0x1c, 0x00, 0x00, 0x00, 0xe0, 0xf8, 0xe8, 0xec, 0xec, 0xf8, 0xf8, 0xf8,
  0xf8, 0xf8, 0xfc, 0xfc, 0x38, 0x00, 0x00, 0x00, 0x00, 0x03, 0x0f, 0x1f,
  0x1f, 0x13, 0x17, 0x17, 0x19, 0x1f, 0x1f, 0x1f, 0x1e, 0x00, 0x00, 0x00,
  0x00, 0xe0, 0xf8, 0xe8, 0xec, 0xec, 0xf8, 0xf8, 0xf8, 0xf8, 0xf8, 0xf8,
  0x78, 0x00, 0x00, 0x00, 0x00, 0x03, 0x0f, 0x1f, 0x17, 0x17, 0x36, 0x3f,
  0x3f, 0x1f, 0x1f, 0x0f, 0x00, 0x00, 0x00, 0x00, 0x00, 0xc0, 0xf0, 0xf8,
  0xe8, 0xec, 0x6c, 0xfc, 0xf8, 0xf8, 0xf8, 0xf8, 0xf0, 0x00, 0x00, 0x00,
  0x00, 0x03, 0x0f, 0x1f, 0x17, 0x37, 0x36, 0x3f, 0x1f, 0x1f, 0x1f, 0x1f,
  0x0f, 0x00, 0x00, 0x00, 0x00, 0xc0, 0xf0, 0xf8, 0xe8, 0xe8, 0x6c, 0xfc,
  0xfc, 0xf8, 0xf8, 0xf0, 0x00, 0x00, 0x00, 0x00, 0x00, 0x03, 0x0f, 0x1f,
  0x1f, 0x1f, 0x3f, 0x3f, 0x3f, 0x1f, 0x1f, 0x0f, 0x00, 0x00, 0x00, 0x00,
  0x00, 0xc0, 0xf0, 0xf8, 0xf8, 0xfc, 0xfc, 0xfc, 0xf8, 0xf8, 0xf8, 0xf8,
  0xf0, 0x00, 0x00, 0x00, 0x00, 0x03, 0x0f, 0x1f, 0x1f, 0x3f, 0x3f, 0x3f,
  0x1f, 0x1f, 0x1f, 0x1f, 0x0f, 0x00, 0x00, 0x00, 0x00, 0xc0, 0xf0, 0xf8,
  0xf8, 0xf8, 0xfc, 0xfc, 0xfc, 0xf8, 0xf8, 0xf0, 0x00, 0x03, 0x0f, 0x1f,
  0x17, 0x37, 0x36, 0x3f, 0x1f, 0x3f, 0x3f, 0x3f, 0x00, 0x00, 0x00, 0x00,
  0x00, 0xc0, 0xf0, 0xf8, 0xe8, 0xec, 0x6c, 0xfc, 0xf8, 0xfc, 0xfc, 0xfc,
  0x00, 0x00, 0x00, 0x00, 0x00, 0x00, 0x00, 0x00, 0x00, 0x00, 0x00, 0x00,
  0x00, 0x07, 0x1f, 0x17, 0x37, 0x36, 0x3f, 0x1f, 0x1e, 0x00, 0x00, 0x00,
  0x00, 0x00, 0x00, 0x00, 0x00, 0xe0, 0xf8, 0xe8, 0xec, 0x6c, 0xfc, 0xf8,
  0x78, 0x00, 0x00, 0x00, 0x01, 0x07, 0x05, 0x0d, 0x0d, 0x0f, 0x0f, 0x0f,
  0x07, 0x0f, 0x0f, 0x07, 0x00, 0x00, 0x00, 0x00, 0xf0, 0xfc, 0xfe, 0xfe,
  0xfe, 0xfe, 0xff, 0xff, 0xff, 0xfe, 0xfc, 0x3c, 0x38, 0x00, 0x00, 0x00,
  0x00, 0x1f, 0x7f, 0x5f, 0xdf, 0xde, 0x7f, 0xff, 0xff, 0xff, 0x3f, 0x3f,
  0x1c, 0x00, 0x00, 0x00, 0x00, 0x00, 0xc0, 0xe0, 0xe0, 0x60, 0xa0, 0xa0,
  0x60, 0xe0, 0xe0, 0xc0, 0x00, 0x00, 0x00, 0x00, 0x0f, 0x3f, 0x7f, 0x7f,
  0x7f, 0x7f, 0xff, 0xff, 0xff, 0x7f, 0x3f, 0x3c, 0x1c, 0x00, 0x00, 0x00,
  0x80, 0xe0, 0xa0, 0xb0, 0xb0, 0xf0, 0xf0, 0xf0, 0xe0, 0xf0, 0xf0, 0xe0,
  0x00, 0x00, 0x00, 0x00, 0x00, 0x00, 0x03, 0x07, 0x07, 0x06, 0x05, 0x05,
  0x06, 0x07, 0x07, 0x03, 0x00, 0x00, 0x00, 0x00, 0x00, 0xf8, 0xfe, 0xfa,
  0xfb, 0x7b, 0xfe, 0xff, 0xff, 0xff, 0xfc, 0xfc, 0x38, 0x00, 0x00, 0x00,
  0x00, 0x07, 0x1f, 0x3f, 0x2f, 0x6f, 0x6c, 0x7f, 0x3f, 0x3e, 0x3d, 0x1d,
  0x1e, 0x00, 0x00, 0x00, 0x00, 0x80, 0xe0, 0xf0, 0xd0, 0xd0, 0xd0, 0xf8,
  0xf8, 0xf8, 0xf0, 0xe0, 0x00, 0x00, 0x00, 0x00, 0x00, 0x00, 0x00, 0x01,
  0x07, 0x0f, 0x0b, 0x0b, 0x1b, 0x1f, 0x1f, 0x0e, 0x00, 0x00, 0x00, 0x00,
  0x00, 0x00, 0x00, 0xe0, 0xf8, 0xfc, 0xf6, 0xf6, 0x36, 0xfc, 0xfc, 0xfc,
  0x78, 0x00, 0x00, 0x00, 0x00, 0x01, 0x07, 0x0f, 0x1f, 0x1f, 0x1f, 0x0f,
  0x0f, 0x0f, 0x0f, 0x07, 0x00, 0x00, 0x00, 0x00, 0x00, 0xe0, 0xf8, 0xfc,
  0xfc, 0xfc, 0xfc, 0xfe, 0xfe, 0xfe, 0xfc, 0x7c, 0x78, 0x00, 0x00, 0x00,
  0x00, 0x07, 0x1f, 0x3f, 0x3f, 0x3f, 0x7f, 0x7f, 0x7f, 0x3f, 0x3f, 0x3f,
  0x1e, 0x00, 0x00, 0x00, 0x00, 0xb0, 0xf8, 0xf8, 0xf8, 0xf8, 0xf0, 0xf0,
  0xf0, 0xf0, 0xf0, 0xe0, 0x00, 0x00, 0x00, 0x00, 0x00, 0x00, 0x00, 0x00,
  0x00, 0x00, 0x0e, 0x1f, 0x1f, 0x3f, 0x3f, 0x3f, 0x1f, 0x00, 0x00, 0x00,
  0x00, 0x00, 0x00, 0x00, 0x00, 0x00, 0x00, 0x00, 0xf0, 0xfc, 0xfc, 0xf8,
  0xf8, 0x00, 0x00, 0x00, 0x00, 0x00, 0x00, 0x00, 0x00, 0x00, 0x00, 0x0f,
  0x3f, 0x3f, 0x3f, 0x1f, 0x1f, 0x00, 0x00, 0x00, 0x00, 0x00, 0x00, 0x00,
  0x00, 0x00, 0x70, 0xf8, 0xf8, 0xfc, 0xfc, 0xfc, 0xf8, 0x00, 0x00, 0x00,
  0x00, 0x00, 0x07, 0x0c, 0x18, 0x18, 0x1c, 0x0f, 0x07, 0x07, 0x07, 0x07,
  0x07, 0x00, 0x00, 0x00, 0x00, 0x00, 0xe0, 0xf0, 0x78, 0x78, 0xf8, 0xf8,
  0xf8, 0xf8, 0xf8, 0xf8, 0xf8, 0x00, 0x00, 0x01, 0x03, 0x06, 0x06, 0x07,
  0x03, 0x01, 0x01, 0x00, 0x00, 0x00, 0x00, 0x00, 0x00, 0x00, 0x00, 0xf8,
  0x3c, 0x1e, 0x1e, 0x3e, 0xfe, 0xff, 0xff, 0xfe, 0xf8, 0x60, 0x00, 0x00,
  0x00, 0x00, 0x00, 0x00, 0x00, 0x00, 0x07, 0x0f, 0x1e, 0x1e, 0x1f, 0x1f,
  0x1f, 0x1f, 0x1f, 0x1f, 0x1f, 0x00, 0x00, 0x00, 0x00, 0x00, 0xe0, 0x30,
  0x18, 0x18, 0x38, 0xf0, 0xe0, 0xe0, 0xe0, 0xe0, 0xe0, 0x00, 0x00, 0x1f,
  0x3c, 0x78, 0x78, 0x7c, 0x7f, 0xff, 0xff, 0x7f, 0x1f, 0x06, 0x00, 0x00,
  0x00, 0x00, 0x00, 0x80, 0xc0, 0x60, 0x60, 0xe0, 0xc0, 0x80, 0x80, 0x00,
  0x00, 0x00, 0x00, 0x00, 0x00, 0x00, 0x00, 0x00, 0x00, 0x00, 0x01, 0x03,
  0x03, 0x03, 0x03, 0x01, 0x01, 0x03, 0x03, 0x07, 0x07, 0x00, 0x00, 0x00,
  0x00, 0x00, 0xe0, 0xf8, 0x9c, 0x0c, 0x0e, 0x9e, 0xfc, 0xfc, 0xf8, 0xf8,
  0xf8, 0x00, 0x00, 0x00, 0x00, 0x00, 0x07, 0x0c, 0x08, 0x18, 0x1c, 0x0f,
  0x07, 0x07, 0x07, 0x07, 0x07, 0x00, 0x00, 0x00, 0x00, 0x00, 0xe0, 0xf0,
  0x78, 0x78, 0xf8, 0xf8, 0xf8, 0xf8, 0xf8, 0xf8, 0xf8, 0x00, 0x00, 0x00,
  0x00, 0x00, 0x00, 0x00, 0x00, 0x00, 0x07, 0x07, 0x0e, 0x3f, 0x3f, 0x3f,
  0x1f, 0x00, 0x00, 0x00, 0x00, 0x00, 0x00, 0x00, 0x00, 0x00, 0xe0, 0xe0,
  0x70, 0xfc, 0xfc, 0xfc, 0xf8, 0x07, 0x1f, 0x3f, 0x7f, 0x7f, 0xff, 0xff,
  0xff, 0xff, 0xff, 0xff, 0x7f, 0x7f, 0x3f, 0x1f, 0x07, 0xe0, 0xf8, 0xfc,
  0xfe, 0xfe, 0xff, 0xff, 0xff, 0xff, 0xff, 0xff, 0xfe, 0xfe, 0xfc, 0xf8,
  0xe0, 0x03, 0x0f, 0x1f, 0x3e, 0x11, 0x63, 0x77, 0xbf, 0xc5, 0xf3, 0x7f,
  0x7b, 0x38, 0x17, 0x17, 0x0f, 0x80, 0x68, 0x7c, 0x5e, 0x8e, 0x73, 0x38,
  0xe5, 0xb6, 0x63, 0xb3, 0x1f, 0xce, 0xee, 0xdc, 0xb8, 0x03, 0x04, 0x16,
  0x31, 0x66, 0x8c, 0x63, 0xad, 0x96, 0x63, 0x2e, 0xd5, 0x70, 0x4a, 0x16,
  0x03, 0x60, 0x10, 0x18, 0x44, 0x30, 0x1b, 0x4e, 0xa8, 0x8d, 0x44, 0x21,
  0xb2, 0x46, 0xcc, 0x5c, 0x30, 0x02, 0x10, 0x00, 0x40, 0x08, 0x80, 0x03,
  0x04, 0x24, 0x03, 0x80, 0x01, 0x08, 0x40, 0x00, 0x08, 0x20, 0x02, 0x80,
  0x00, 0x11, 0x40, 0x00, 0x84, 0x90, 0x01, 0x00, 0x10, 0x02, 0x00, 0x84,
  0x20, 0x00, 0xc0, 0x4e, 0x86, 0x07, 0xcf, 0x7f, 0x3f, 0x01, 0x00, 0x00,
  0x00, 0x40, 0xf8, 0xfc, 0x78, 0x00, 0x00, 0x00, 0xc0, 0x30, 0xd8, 0xfc,
  0xfc, 0xfe, 0x3e, 0x3f, 0x1e, 0x00, 0x1f, 0x3f, 0x1e, 0x00, 0xc0, 0x4e,
  0x86, 0x07, 0xcf, 0x7f, 0x3f, 0x01, 0x00, 0x00, 0x00, 0x00, 0x70, 0x7e,
  0x3c, 0x00, 0x00, 0x00, 0xc0, 0x30, 0xd8, 0xfc, 0xfc, 0xfe, 0x3e, 0x3f,
  0x1e, 0x00, 0x3e, 0x7e, 0x3c, 0x00, 0x00, 0x00, 0x03, 0x0c, 0x1b, 0x3f,
  0x3f, 0x7f, 0x7c, 0xfc, 0x78, 0x00, 0xf8, 0xfc, 0x78, 0x00, 0x03, 0x72,
  0x61, 0xe0, 0xf3, 0xfe, 0xfc, 0x80, 0x00, 0x00, 0x00, 0x02, 0x1f, 0x3f,
  0x1e, 0x00, 0x00, 0x00, 0x03, 0x0c, 0x1b, 0x3f, 0x3f, 0x7f, 0x7c, 0xfc,
  0x78, 0x00, 0x7c, 0x7e, 0x3c, 0x00, 0x03, 0x72, 0x61, 0xe0, 0xf3, 0xfe,
  0xfc, 0x80, 0x00, 0x00, 0x00, 0x00, 0x0e, 0x7e, 0x3c, 0x00, 0x06, 0x03,
  0x07, 0x07, 0x0e, 0x3f, 0x07, 0x1f, 0x07, 0x1c, 0x00, 0x0e, 0x3f, 0x3f,
  0x1e, 0x00, 0x60, 0xc0, 0xe0, 0xe0, 0x70, 0xfc, 0xfe, 0xe0, 0xf8, 0x20,
  0x00, 0x70, 0x3c, 0x00, 0x00, 0x00, 0x06, 0x03, 0x07, 0x07, 0x0e, 0x3f,
  0x7f, 0x07, 0x1f, 0x04, 0x00, 0x0e, 0x3c, 0x00, 0x00, 0x00, 0x60, 0xc0,
  0xe0, 0xe0, 0x70, 0xfc, 0xe0, 0xf8, 0xe0, 0x38, 0x00, 0x70, 0xfc, 0xfc,
  0x78, 0x00, 0x06, 0x03, 0x1f, 0x3f, 0x3f, 0x3f, 0x7f, 0x7f, 0x7f, 0x7f,
  0x3f, 0x03, 0x38, 0x00, 0x00, 0x00, 0x60, 0xc0, 0xd8, 0xec, 0xfc, 0xfc,
  0xfe, 0xfe, 0xfe, 0xfe, 0xfc, 0xc0, 0x1c, 0xfc, 0x78, 0x00, 0x06, 0x03,
  0x1f, 0x3f, 0x3f, 0x3f, 0x7f, 0x7f, 0x7f, 0x7f, 0x3f, 0x03, 0x38, 0x3f,
  0x1e, 0x00, 0x60, 0xc0, 0xd8, 0xec, 0xfc, 0xfc, 0xfe, 0xfe, 0xfe, 0xfe,
  0xfc, 0xc0, 0x1c, 0x00, 0x00, 0x00, 0x00, 0x00, 0x00, 0x00, 0x00, 0x00,
  0x00, 0x06, 0x03, 0x07, 0x0e, 0x3f, 0x07, 0x1f, 0x04, 0x00, 0x00, 0x00,
  0x00, 0x00, 0x00, 0x00, 0x00, 0x60, 0xc0, 0xe0, 0x70, 0xfc, 0xe0, 0xf8,
  0x20, 0x00, 0x00, 0x00, 0x00, 0x00, 0x06, 0x19, 0x0f, 0x07, 0x07, 0x4f,
  0x1e, 0x06, 0x0b, 0x0c, 0x20, 0x00, 0x00, 0x00, 0x00, 0x00, 0xe0, 0x98,
  0xf0, 0xe0, 0xe0, 0xf2, 0x78, 0x60, 0xd0, 0x30, 0x04, 0x00, 0x00, 0x00,
  0x00, 0x00, 0x00, 0x07, 0x1e, 0x39, 0x4f, 0x07, 0x07, 0x0f, 0x02, 0x0f,
  0x00, 0x00, 0x00, 0x00, 0x00, 0x00, 0x00, 0xe0, 0xf8, 0x9c, 0xf2, 0xe0,
  0xe0, 0xf0, 0x40, 0xf0, 0x00, 0x07, 0x1f, 0x3f, 0x7f, 0x7f, 0xff, 0xff,
  0xff, 0xff, 0xff, 0xff, 0x7f, 0x7f, 0x3f, 0x1f, 0x07, 0xe0, 0xf8, 0xfc,
  0xfe, 0xfe, 0xff, 0xff, 0xff, 0xff, 0xff, 0xff, 0xfe, 0xfe, 0xfc, 0xf8,
  0xe0, 0x18, 0x20, 0x37, 0x7e, 0x6c, 0x35, 0x63, 0xe7, 0xec, 0xee, 0x37,
  0x9a, 0x7f, 0x73, 0x39, 0x1e, 0x70, 0xdc, 0x0e, 0xf6, 0x7b, 0xbd, 0xce,
  0xe6, 0x16, 0x7f, 0xf9, 0xe7, 0x06, 0xe6, 0xdc, 0x38, 0x28, 0x42, 0x3c,
  0xf8, 0x91, 0x74, 0x23, 0x1c, 0xe4, 0xf0, 0xfc, 0x28, 0xc4, 0x43, 0x24,
  0x18, 0x58, 0x86, 0x0d, 0x5f, 0xb2, 0x1d, 0x88, 0x5c, 0x06, 0x37, 0x7f,
  0xc3, 0x02, 0x8c, 0x18, 0xb0, 0x00, 0x06, 0x03, 0x07, 0x07, 0x0a, 0x37,
  0x67, 0x1f, 0x1f, 0x04, 0x00, 0x0c, 0x7a, 0x5e, 0x3c, 0x00, 0x60, 0xc0,
  0x60, 0xa0, 0x70, 0xfc, 0x66, 0xf8, 0xe8, 0x20, 0x00, 0x30, 0x7a, 0x7e,
  0x1c, 0x00, 0x06, 0x03, 0x07, 0x07, 0x0e, 0x3f, 0x67, 0x1f, 0x1f, 0x04,
  0x00, 0x0c, 0x7e, 0x7e, 0x3c, 0x00, 0x60, 0xc0, 0xe0, 0xe0, 0x70, 0xfc,
  0xe6, 0xf8, 0xf8, 0x20, 0x00, 0x30, 0x7e, 0x7e, 0x3c, 0x00, 0x00, 0x00,
  0x00, 0x00, 0x00, 0x00, 0x00, 0x00, 0x00, 0x00, 0x00, 0x00, 0x00, 0x00,
  0x00, 0x00, 0x00, 0x00, 0x00, 0x00, 0x00, 0x00, 0x00, 0x00, 0x00, 0x00,
  0x00, 0x00, 0x00, 0x00, 0x00, 0x73, 0x54, 0x61, 0x52, 0x54, 0x59, 0x6f,
  0x53, 0x49, 0x64, 0x40, 0x41, 0x4c, 0x4b, 0x54, 0x73, 0x69, 0x4e, 0x61,
  0x64, 0x53, 0x49, 0x62, 0x61, 0x54, 0x41, 0x6b, 0x41, 0x6e, 0x4b, 0x4b,
  0x6f, 0x54, 0x6f, 0x6e, 0x4d, 0x61, 0x74, 0x55, 0x49, 0x52, 0x75, 0x6d,
  0x4f, 0x69, 0x59, 0x61, 0x4d, 0x61, 0x47, 0x61, 0x54, 0x41, 0x73, 0x69,
  0x4f, 0x6d, 0x6f, 0x52, 0x49, 0x4e, 0x69, 0x53, 0x48, 0x49, 0x44, 0x62,
  0x73, 0x6f, 0x66, 0x53, 0x79, 0x6e, 0x4a, 0x6f, 0x49, 0x53, 0x49, 0x44,
  0x61, 0x78, 0x46, 0x45, 0x52, 0x6d, 0x46, 0x6c, 0x41, 0x50, 0x79, 0x5a,
  0x65, 0x78, 0x41, 0x73, 0x64, 0x6f, 0x65, 0x4e, 0x64, 0x00, 0x00, 0x00,
  0x1f, 0x70, 0x10, 0x10, 0x10, 0x10, 0x10, 0x10, 0x10, 0x10, 0x10, 0x10,
  0x1d, 0xf0, 0x00, 0x00, 0x75, 0x10, 0x73, 0x10, 0x75, 0x0e, 0x75, 0x0c,
  0x73, 0x0e, 0x89, 0x08, 0x89, 0x0a, 0x89, 0x10, 0x89, 0x0e, 0x89, 0x0c,
  0x32, 0x08, 0x31, 0x0a, 0x30, 0x0c, 0x2f, 0x0e, 0x2e, 0x10, 0x57, 0x04,
  0xa1, 0x16, 0x02, 0x15, 0x04, 0x15, 0x06, 0x15, 0x08, 0x15, 0x0a, 0x15,
  0x0c, 0x15, 0x0e, 0x15, 0x10, 0x15, 0x00, 0x00, 0x00, 0x07, 0xc0, 0x1c,
  0x70, 0x70, 0x1c, 0x41, 0x04, 0x00, 0x00, 0x00, 0x00, 0x00, 0x00, 0x55,
  0x54, 0x7d, 0x14, 0x79, 0x14, 0x2f, 0x12, 0x2f, 0x10, 0x2f, 0x0e, 0x2f,
  0x0a, 0x4f, 0x08, 0xa3, 0x14, 0x16, 0x07, 0x18, 0x07, 0x07, 0x07, 0x09,
  0x07, 0x00, 0x00, 0x02, 0x01, 0xa8, 0x64, 0x00, 0x4f, 0x6a, 0x26, 0x02,
  0xa2, 0x60, 0xb0, 0x38, 0x07, 0x00, 0x57, 0x52, 0x63, 0x0e, 0x69, 0x0e,
  0x8b, 0x0e, 0x89, 0x0c, 0x89, 0x08, 0x85, 0x0a, 0x87, 0x12, 0x23, 0x06,
  0x2b, 0x10, 0x35, 0x0c, 0x39, 0x08, 0x59, 0x04, 0xb5, 0x16, 0x03, 0x05,
  0x00, 0x00, 0x00, 0x00, 0x00, 0x00, 0x00, 0x00, 0x00, 0x00, 0x00, 0x00,
  0x00, 0x00, 0x00, 0x00, 0x00, 0x00, 0x00, 0x7d, 0x14, 0x26, 0x14, 0x28,
  0x14, 0x2a, 0x14, 0x2d, 0x14, 0x2f, 0x14, 0x31, 0x14, 0x34, 0x14, 0x36,
  0x14, 0x38, 0x14, 0x43, 0x14, 0xbd, 0x16, 0x00, 0x00, 0x00, 0x00, 0x00,
  0x00, 0x00, 0x00, 0x00, 0x00, 0x00, 0x00, 0x00, 0x00, 0x00, 0x00, 0x00,
  0x00, 0x00, 0x7d, 0x14, 0x7b, 0x14, 0x79, 0x14, 0x2f, 0x0a, 0x2f, 0x0c,
  0x4f, 0x08, 0xaf, 0x0e, 0x02, 0x15, 0x04, 0x15, 0x06, 0x15, 0x08, 0x15,
  0x00, 0x00, 0x00, 0x5e, 0xf4, 0x00, 0x00, 0xda, 0xb6, 0x00, 0x00, 0x5b,
  0xb4, 0x5b, 0xb4, 0x00, 0x00, 0xde, 0xf6, 0x7d, 0x04, 0x7d, 0x12, 0x8f,
  0x12, 0x85, 0x0c, 0x23, 0x08, 0x33, 0x04, 0x35, 0x08, 0x37, 0x0c, 0x31,
  0x0c, 0x4b, 0x04, 0xb7, 0x0a, 0x07, 0x09, 0x00, 0x00, 0x00, 0x52, 0x54,
  0x00, 0x00, 0x50, 0x1a, 0x2d, 0x00, 0x04, 0x02, 0x87, 0x10, 0x10, 0xa4,
  0x00, 0x00, 0x7d, 0x14, 0x79, 0x14, 0x39, 0x08, 0x33, 0x04, 0x2f, 0x0a,
  0x2f, 0x0e, 0x23, 0x08, 0x23, 0x04, 0x37, 0x0e, 0x47, 0x04, 0xa1, 0x16,
  0x07, 0x09, 0x08, 0x09, 0x0d, 0x05, 0x0e, 0x05, 0x00, 0x00, 0x00, 0xbb,
  0xba, 0x00, 0x00, 0xdd, 0x76, 0x00, 0x00, 0x77, 0xdc, 0x00, 0x00, 0xde,
  0xf4, 0x00, 0x00, 0x8f, 0x10, 0x8f, 0x0c, 0x8f, 0x08, 0x8f, 0x04, 0x2f,
  0x14, 0x35, 0x04, 0x4f, 0x12, 0xaf, 0x16, 0x01, 0x05, 0x02, 0x05, 0x05,
  0x05, 0x06, 0x05, 0x00, 0x00, 0x00, 0x55, 0x54, 0x00, 0x00, 0x2a, 0xaa,
  0x00, 0x00, 0x55, 0x54, 0x00, 0x00, 0x22, 0xa8, 0x2a, 0xa8, 0x7d, 0x14,
  0x7b, 0x14, 0x29, 0x12, 0x27, 0x04, 0x2b, 0x04, 0x43, 0x04, 0xb3, 0x16,
  0x04, 0x0d, 0x03, 0x0d, 0x00, 0x00, 0x00, 0x18, 0x00, 0x1b, 0xf0, 0x1b,
  0x30, 0x1b, 0x30, 0x1b, 0x30, 0x01, 0xf0, 0x19, 0xe0, 0x00, 0x00, 0x6d,
  0x10, 0x71, 0x0e, 0x73, 0x0e, 0x35, 0x06, 0x33, 0x06, 0x31, 0x06, 0x27,
  0x10, 0x29, 0x10, 0x4f, 0x06, 0xa9, 0x12, 0x0d, 0x07, 0x0e, 0x07, 0x07,
  0x05, 0x08, 0x05, 0x09, 0x05, 0x0a, 0x05, 0x00, 0x00, 0x00, 0x7e, 0xfc,
  0x02, 0x80, 0x7a, 0xbc, 0x0a, 0xa0, 0x6a, 0xac, 0x2a, 0xa8, 0x00, 0x00,
  0x00, 0x00, 0x7d, 0x14, 0x6f, 0x14, 0x77, 0x04, 0x37, 0x08, 0x39, 0x0c,
  0x45, 0x04, 0xbd, 0x16, 0x03, 0x05, 0x04, 0x05, 0x00, 0x00, 0x00, 0x00,
  0x00, 0x00, 0x00, 0x00, 0x00, 0x00, 0x00, 0x00, 0x00, 0x00, 0x00, 0x00,
  0x00, 0x00, 0x00, 0x61, 0x14, 0x7d, 0x14, 0x7d, 0x04, 0x5b, 0x14, 0xbd,
  0x16, 0x00, 0x00, 0x00, 0xac, 0x6a, 0x88, 0x22, 0x20, 0x08, 0x71, 0x1c,
  0x23, 0x88, 0x01, 0x00, 0x04, 0x40, 0x0d, 0x60, 0x61, 0x14, 0x7d, 0x14,
  0x7d, 0x04, 0x85, 0x10, 0x99, 0x10, 0x2f, 0x0a, 0x29, 0x04, 0x25, 0x08,
  0x2f, 0x12, 0x39, 0x08, 0x55, 0x04, 0xa9, 0x14, 0x06, 0x05, 0x05, 0x05,
  0x19, 0x05, 0x1a, 0x05, 0x00, 0x00, 0x00, 0x7b, 0xea, 0x00, 0x00, 0x02,
  0xa0, 0x00, 0x00, 0x02, 0xa0, 0x00, 0x00, 0x00, 0x10, 0x00, 0xb0, 0x6e,
  0x0c, 0x70, 0x0c, 0x72, 0x0c, 0x74, 0x0c, 0x2c, 0x0c, 0x2d, 0x04, 0x39,
  0x04, 0x23, 0x04, 0x56, 0x0c, 0xa1, 0x16, 0x05, 0x05, 0x06, 0x05, 0x00,
  0x00, 0x00, 0xe4, 0x10, 0x00, 0x1e, 0x00, 0x80, 0x4c, 0x82, 0x00, 0x02,
  0x24, 0x00, 0x66, 0x00, 0x00, 0xd4, 0x7d, 0x14, 0x75, 0x14, 0x87, 0x08,
  0x31, 0x08, 0x31, 0x04, 0x2b, 0x0a, 0x23, 0x0a, 0x25, 0x04, 0x51, 0x06,
  0xbb, 0x14, 0x1d, 0x0b, 0x0b, 0x05, 0x06, 0x0f, 0x00, 0x00, 0x00, 0x2c,
  0x08, 0x20, 0x20, 0xf4, 0xf4, 0x00, 0x2e, 0x7c, 0x24, 0xa4, 0x72, 0xa5,
  0x28, 0xe8, 0x66, 0x71, 0x10, 0x94, 0x04, 0x2e, 0x10, 0x2e, 0x0e, 0x2e,
  0x0c, 0x2e, 0x0a, 0x2e, 0x08, 0x2b, 0x08, 0x25, 0x0c, 0x32, 0x12, 0x3a,
  0x10, 0x38, 0x14, 0x54, 0x06, 0xa1, 0x10, 0x00, 0x00, 0x00, 0x77, 0x74,
  0x00, 0x00, 0x7f, 0xfc, 0x00, 0x00, 0x00, 0x00, 0x00, 0x00, 0x00, 0x00,
  0x00, 0x00, 0x7d, 0x14, 0x87, 0x08, 0x8f, 0x08, 0x97, 0x08, 0x9b, 0x08,
  0x3b, 0x04, 0x33, 0x04, 0x2b, 0x04, 0x27, 0x04, 0x43, 0x08, 0xb9, 0x0a,
  0x06, 0x05, 0x05, 0x05, 0x04, 0x05, 0x03, 0x05, 0x00, 0x00, 0x00, 0x6b,
  0xb8, 0x00, 0x00, 0x00, 0xe4, 0x76, 0x00, 0x08, 0x02, 0x03, 0xc8, 0x40,
  0x14, 0x41, 0x00, 0x65, 0x14, 0x7d, 0x14, 0x8b, 0x12, 0x23, 0x0a, 0x2f,
  0x0e, 0x2f, 0x0c, 0x2f, 0x12, 0x2d, 0x04, 0x2b, 0x14, 0x23, 0x10, 0x57,
  0x04, 0xbd, 0x16, 0x03, 0x05, 0x05, 0x05, 0x09, 0x05, 0x0a, 0x05, 0x00,
  0x00, 0x00, 0x7e, 0xfc, 0x00, 0x00, 0x7e, 0xfc, 0x00, 0x00, 0x7e, 0xfc,
  0x00, 0x00, 0x7f, 0xfc, 0x00, 0x00, 0x65, 0x14, 0x67, 0x14, 0x69, 0x14,
  0x43, 0x14, 0xa1, 0x16, 0x03, 0x05, 0x04, 0x05, 0x05, 0x05, 0x06, 0x05,
  0x07, 0x05, 0x08, 0x05, 0x09, 0x05, 0x0a, 0x05, 0x00, 0x10, 0x5e, 0x28,
  0x10, 0x20, 0x50, 0x28, 0x40, 0x28, 0x50, 0x28, 0x50, 0x00, 0x00, 0xfe,
  0x3c, 0x00, 0x00, 0x75, 0x0c, 0x67, 0x0c, 0x95, 0x04, 0x97, 0x05, 0x34,
  0x0a, 0x26, 0x08, 0x27, 0x10, 0x29, 0x10, 0x35, 0x10, 0x37, 0x10, 0x37,
  0x14, 0x39, 0x14, 0x3b, 0x14, 0x55, 0x14, 0xa1, 0x16, 0x07, 0x0f, 0x01,
  0x11, 0x00, 0x03, 0x6c, 0x5b, 0x6c, 0x50, 0x00, 0x01, 0xb6, 0x0d, 0xb6,
  0x6c, 0x00, 0x00, 0xda, 0x36, 0x00, 0x02, 0xec, 0x6b, 0x14, 0x7d, 0x04,
  0x91, 0x08, 0x23, 0x04, 0x23, 0x0c, 0x2b, 0x10, 0x33, 0x0e, 0x37, 0x08,
  0x47, 0x04, 0xbd, 0x16, 0x06, 0x11, 0x07, 0x11, 0x15, 0x13, 0x1a, 0x0f,
  0x0c, 0x0b, 0x00, 0x45, 0x64, 0x0c, 0x20, 0x41, 0x8c, 0x0e, 0xf4, 0x40,
  0x04, 0x0c, 0xe0, 0x47, 0x24, 0x08, 0x40, 0x43, 0x44, 0x65, 0x14, 0x7d,
  0x14, 0x9b, 0x12, 0x3b, 0x0e, 0x30, 0x0c, 0x23, 0x06, 0x23, 0x0e, 0x4f,
  0x0a, 0xaf, 0x10, 0x03, 0x13, 0x03, 0x0b, 0x04, 0x0b, 0x00, 0x70, 0x02,
  0x06, 0xd8, 0x62, 0x0c, 0x33, 0x80, 0x00, 0x1c, 0x6d, 0xc0, 0x01, 0x1c,
  0x35, 0x48, 0x00, 0x60, 0x7d, 0x14, 0x89, 0x0c, 0x87, 0x10, 0x31, 0x04,
  0x39, 0x0a, 0x25, 0x06, 0x2b, 0x10, 0x59, 0x04, 0xb3, 0x0e, 0x03, 0x07,
  0x04, 0x07, 0x0f, 0x09, 0x11, 0x09, 0x00, 0x00, 0x00, 0x15, 0x20, 0x65,
  0x00, 0x15, 0x60, 0x00, 0x00, 0x1c, 0x60, 0x10, 0x06, 0x12, 0xf4, 0x1c,
  0x94, 0x69, 0x10, 0x79, 0x14, 0x33, 0x08, 0x37, 0x10, 0x3b, 0x0e, 0x31,
  0x10, 0x2d, 0x10, 0x55, 0x04, 0xab, 0x14, 0x00, 0x40, 0x00, 0x10, 0x04,
  0x32, 0x00, 0x00, 0x88, 0x40, 0xe0, 0x58, 0x0c, 0x00, 0x00, 0x00, 0x0c,
  0x02, 0x20, 0x7d, 0x14, 0x7d, 0x04, 0x9d, 0x0c, 0x9b, 0x04, 0x31, 0x08,
  0x2d, 0x06, 0x27, 0x04, 0x27, 0x0c, 0x23, 0x0a, 0x3b, 0x11, 0x59, 0x08,
  0xa1, 0x16, 0x07, 0x15, 0x06, 0x07, 0x14, 0x0b, 0x0a, 0x0d, 0x00, 0x00,
  0x00, 0x30, 0xc0, 0x19, 0x84, 0x4d, 0x30, 0x60, 0x18, 0x39, 0x8c, 0x00,
  0xc4, 0x44, 0x64, 0x1c, 0x0c, 0x7d, 0x04, 0x77, 0x0e, 0x95, 0x0c, 0x29,
  0x0c, 0x35, 0x10, 0x35, 0x0e, 0x2e, 0x06, 0x2d, 0x04, 0x57, 0x08, 0xb1,
  0x16, 0x0c, 0x11, 0x14, 0x0f, 0x14, 0x05, 0x1e, 0x15, 0x00, 0x00, 0x00,
  0x36, 0xd8, 0x0c, 0x34, 0x41, 0x04, 0x1b, 0x6c, 0x70, 0x40, 0x46, 0xd8,
  0x1c, 0x90, 0x00, 0x00, 0x61, 0x14, 0x7d, 0x14, 0x7d, 0x04, 0x23, 0x08,
  0x2f, 0x08, 0x35, 0x0a, 0x37, 0x0e, 0x35, 0x14, 0x2d, 0x0e, 0x4b, 0x04,
  0xa1, 0x16, 0x04, 0x07, 0x03, 0x07, 0x12, 0x0f, 0x15, 0x07, 0x0c, 0x0f,
  0x00, 0x21, 0x40, 0xad, 0x0c, 0x00, 0x24, 0xdb, 0xb0, 0x8c, 0x10, 0x89,
  0xda, 0xe3, 0x00, 0x0c, 0x76, 0xd8, 0x00, 0x7d, 0x14, 0x7b, 0x04, 0x91,
  0x14, 0x91, 0x08, 0x39, 0x04, 0x33, 0x0c, 0x4b, 0x04, 0xab, 0x16, 0x02,
  0x09, 0x05, 0x15, 0x03, 0x09, 0x00, 0x00, 0x00, 0x71, 0x1c, 0x41, 0x04,
  0x07, 0xc0, 0x00, 0x00, 0x00, 0x00, 0x47, 0xc4, 0x41, 0x04, 0x50, 0x14,
  0x79, 0x14, 0x7d, 0x14, 0x8f, 0x14, 0x8f, 0x0c, 0x33, 0x08, 0x2b, 0x08,
  0x23, 0x04, 0x27, 0x12, 0x2f, 0x0e, 0x5b, 0x04, 0xa3, 0x10, 0x02, 0x15,
  0x01, 0x15, 0x0f, 0x05, 0x10, 0x05, 0x00, 0x00, 0x00, 0x07, 0xc0, 0x00,
  0x00, 0x00, 0x00, 0x00, 0x00, 0x00, 0x00, 0x00, 0x00, 0x00, 0x00, 0x00,
  0x00, 0x6c, 0x04, 0x6e, 0x04, 0x70, 0x04, 0x72, 0x04, 0x2a, 0x04, 0x54,
  0x04, 0xaf, 0x16, 0x0c, 0x05, 0x0d, 0x05, 0x0e, 0x05, 0x0f, 0x05, 0x10,
  0x05, 0x11, 0x05, 0x12, 0x05, 0x13, 0x05, 0x00, 0x02, 0x00, 0x02, 0x04,
  0x00, 0x04, 0x00, 0x04, 0x80, 0x0c, 0x80, 0x0c, 0xc0, 0x1c, 0xe0, 0x3c,
  0xf0, 0x7c, 0x71, 0x14, 0x5b, 0x04, 0xbd, 0x16, 0x0a, 0x15, 0x00, 0x0c,
  0x02, 0xe9, 0xb6, 0x0c, 0x02, 0x61, 0x6a, 0x6c, 0x08, 0xc5, 0xdc, 0x10,
  0x10, 0x7d, 0xb4, 0x20, 0x00, 0x63, 0x14, 0x7d, 0x14, 0x93, 0x14, 0x91,
  0x0c, 0x91, 0x04, 0x31, 0x10, 0x2f, 0x08, 0x39, 0x08, 0x55, 0x08, 0xa7,
  0x16, 0x05, 0x09, 0x06, 0x09, 0x08, 0x0f, 0x07, 0x0f, 0x00, 0x00, 0x00,
  0xbb, 0xbc, 0x9f, 0x1c, 0x1a, 0x1c, 0x42, 0x3c, 0x62, 0x18, 0xf6, 0x3a,
  0x00, 0x00, 0xfe, 0xfe, 0x7b, 0x0e, 0x81, 0x12, 0x31, 0x04, 0x35, 0x04,
  0x49, 0x04, 0xa9, 0x14, 0x01, 0x0f, 0x02, 0x0f, 0x0b, 0x0f, 0x00, 0x08,
  0x88, 0xc8, 0x88, 0x00, 0xb0, 0x38, 0x80, 0x0f, 0x8a, 0x00, 0x00, 0x2c,
  0x1c, 0x92, 0x00, 0x00, 0xda, 0x7d, 0x04, 0x63, 0x14, 0x8f, 0x14, 0x2d,
  0x0a, 0x2d, 0x08, 0x2d, 0x04, 0x23, 0x04, 0x22, 0x10, 0x35, 0x06, 0x38,
  0x0a, 0x3c, 0x0a, 0x25, 0x0e, 0x3b, 0x0e, 0x4d, 0x06, 0xbb, 0x16, 0x0a,
  0x09, 0x09, 0x09, 0x05, 0x15, 0x08, 0x15, 0x17, 0x0f, 0x18, 0x0f, 0x00,
  0x00, 0x00, 0x55, 0x54, 0x00, 0x00, 0x7d, 0xfc, 0x00, 0x00, 0x6d, 0xb6,
  0x00, 0x00, 0xdb, 0x6c, 0x00, 0x00, 0x7d, 0x14, 0x61, 0x14, 0x8d, 0x10,
  0x23, 0x04, 0x27, 0x04, 0x2b, 0x04, 0x2f, 0x04, 0x33, 0x04, 0x37, 0x04,
  0x37, 0x08, 0x29, 0x08, 0x29, 0x0c, 0x23, 0x0c, 0x5b, 0x04, 0xa3, 0x06,
  0x03, 0x09, 0x04, 0x09, 0x05, 0x09, 0x06, 0x09, 0x00, 0x00, 0x00, 0x00,
  0x30, 0x60, 0x00, 0x20, 0x2c, 0x26, 0x88, 0x00, 0x08, 0x00, 0x00, 0x2e,
  0x00, 0x00, 0x00, 0x71, 0x14, 0x85, 0x06, 0x99, 0x12, 0x25, 0x10, 0x2d,
  0x08, 0x2b, 0x08, 0x2c, 0x06, 0x2a, 0x06, 0x2e, 0x06, 0x35, 0x04, 0x3b,
  0x08, 0x4c, 0x0a, 0xb1, 0x0c, 0x09, 0x11, 0x0a, 0x11, 0x16, 0x09, 0x15,
  0x09, 0x00, 0x40, 0x00, 0x48, 0x2c, 0x18, 0x00, 0xb0, 0x18, 0x01, 0x00,
  0x80, 0x08, 0xa8, 0x14, 0x2d, 0x40, 0x60, 0x00, 0x79, 0x10, 0x61, 0x14,
  0x8f, 0x14, 0x39, 0x08, 0x30, 0x0a, 0x31, 0x08, 0x32, 0x06, 0x33, 0x04,
  0x25, 0x0e, 0x51, 0x04, 0xa9, 0x10, 0x05, 0x09, 0x06, 0x09, 0x16, 0x05,
  0x15, 0x05, 0x00, 0x00, 0x00, 0x55, 0x56, 0x55, 0x40, 0x7f, 0xf4, 0x00,
  0x00, 0x00, 0x00, 0x00, 0x00, 0x00, 0x00, 0x00, 0x00, 0x7d, 0x14, 0x7b,
  0x14, 0x79, 0x14, 0x3a, 0x08, 0x38, 0x08, 0x35, 0x14, 0x35, 0x12, 0x55,
  0x10, 0xbd, 0x12, 0x04, 0x05, 0x08, 0x05, 0x0c, 0x05, 0x12, 0x09, 0x03,
  0x05, 0x04, 0x05, 0x09, 0x09, 0x0a, 0x09, 0x00, 0x41, 0x00, 0x00, 0x14,
  0x06, 0xd4, 0x22, 0x00, 0x3b, 0x14, 0x00, 0x48, 0x48, 0x00, 0x00, 0x34,
  0x87, 0x14, 0x79, 0x14, 0x7d, 0x14, 0x85, 0x14, 0x97, 0x10, 0x25, 0x08,
  0x29, 0x0e, 0x33, 0x0c, 0x37, 0x04, 0x3b, 0x0a, 0x4d, 0x06, 0xa1, 0x14,
  0x0b, 0x07, 0x09, 0x15, 0x14, 0x07, 0x04, 0x0f, 0x08, 0x0b, 0x09, 0x0b,
  0x00, 0x01, 0x00, 0x61, 0x88, 0x01, 0xa8, 0x21, 0x02, 0x50, 0x14, 0x43,
  0xc0, 0x37, 0xc8, 0x07, 0xc0, 0x07, 0xd4, 0x65, 0x0e, 0x65, 0x0c, 0x9b,
  0x06, 0x2d, 0x0c, 0x2b, 0x0e, 0x59, 0x04, 0xb5, 0x16, 0x05, 0x09, 0x06,
  0x09, 0x03, 0x05, 0x04, 0x05, 0x05, 0x05, 0x00, 0x00, 0x00, 0x00, 0x00,
  0x00, 0x00, 0x00, 0x00, 0x00, 0x00, 0x00, 0x00, 0x00, 0x00, 0x00, 0x00,
  0x00, 0x00, 0x61, 0x14, 0x63, 0x14, 0x65, 0x14, 0x67, 0x14, 0x69, 0x14,
  0x34, 0x14, 0x33, 0x12, 0x32, 0x10, 0x31, 0x0e, 0x30, 0x0c, 0x2f, 0x0a,
  0x2e, 0x08, 0x4d, 0x06, 0xb7, 0x16, 0x00, 0x00, 0x8a, 0x22, 0x00, 0x10,
  0x14, 0x00, 0x1e, 0x04, 0x40, 0x88, 0xc0, 0x00, 0x80, 0x22, 0x88, 0x00,
  0x00, 0x7d, 0x14, 0x7d, 0x08, 0x7b, 0x14, 0x89, 0x0c, 0x8f, 0x06, 0x3b,
  0x06, 0x33, 0x0a, 0x46, 0x04, 0xbd, 0x16, 0x05, 0x05, 0x0b, 0x0b, 0x01,
  0x0d, 0x0c, 0x0b, 0x00, 0x48, 0x40, 0x02, 0x4e, 0x7e, 0x40, 0x48, 0x4e,
  0x02, 0x40, 0x7e, 0x4e, 0x00, 0xc0, 0x7e, 0xee, 0x00, 0x00, 0x7d, 0x10,
  0x7d, 0x0c, 0x7d, 0x08, 0x9d, 0x14, 0x23, 0x06, 0x23, 0x0c, 0x23, 0x10,
  0x59, 0x04, 0xbd, 0x06, 0x03, 0x15, 0x04, 0x15, 0x05, 0x15, 0x06, 0x15,
  0x00, 0x00, 0x00, 0x00, 0x00, 0x60, 0x00, 0x0c, 0x00, 0x01, 0x80, 0x00,
  0x20, 0x00, 0x08, 0x00, 0x00, 0xff, 0xf8, 0x79, 0x13, 0x9c, 0x0b, 0x9c,
  0x09, 0x25, 0x06, 0x29, 0x08, 0x2b, 0x08, 0x2f, 0x0a, 0x31, 0x0a, 0x35,
  0x0c, 0x39, 0x0e, 0x39, 0x0c, 0x43, 0x06, 0xbb, 0x16, 0x03, 0x05, 0x04,
  0x05, 0x00, 0x00, 0x00, 0x00, 0x00, 0xfe, 0x00, 0xff, 0x00, 0xff, 0x80,
  0xff, 0xc0, 0xff, 0xe0, 0xff, 0xf0, 0xff, 0xf8, 0x9b, 0x13, 0x9b, 0x11,
  0x9b, 0x0f, 0x9b, 0x0d, 0x9b, 0x0b, 0x9b, 0x09, 0x2f, 0x08, 0x31, 0x0a,
  0x33, 0x0c, 0x35, 0x0e, 0x37, 0x10, 0x39, 0x12, 0x2d, 0x06, 0x46, 0x06,
  0xbd, 0x16, 0x00, 0x00, 0x00, 0x07, 0x00, 0x00, 0x00, 0xf0, 0x00, 0x00,
  0x00, 0x00, 0x00, 0x00, 0x3e, 0x00, 0x00, 0x00, 0x00, 0x88, 0x0a, 0x8a,
  0x0b, 0x8c, 0x0c, 0x8e, 0x0d, 0x90, 0x0e, 0x92, 0x0f, 0x94, 0x10, 0x4e,
  0x04, 0xac, 0x16, 0x1e, 0x0f, 0x01, 0x09, 0x00, 0x24, 0x20, 0x20, 0x08,
  0x6f, 0x80, 0x00, 0x00, 0x4e, 0x1a, 0x27, 0x52, 0xb3, 0x48, 0x99, 0x70,
  0xc1, 0x00, 0x7d, 0x14, 0x7d, 0x12, 0x7b, 0x14, 0x30, 0x10, 0x2b, 0x07,
  0x2f, 0x06, 0x3a, 0x0a, 0x59, 0x04, 0xaf, 0x0e, 0x04, 0x07, 0x03, 0x07,
  0x0e, 0x15, 0x0d, 0x15, 0x00, 0x00, 0x00, 0xdb, 0x6c, 0x00, 0x00, 0xee,
  0xec, 0x00, 0x00, 0x6d, 0xb6, 0x00, 0x00, 0xdb, 0x5c, 0x00, 0x00, 0x7d,
  0x14, 0x8f, 0x0c, 0x8f, 0x10, 0x33, 0x04, 0x31, 0x08, 0x27, 0x04, 0x25,
  0x0c, 0x37, 0x10, 0x5b, 0x04, 0xa1, 0x12, 0x10, 0x11, 0x10, 0x0d, 0x0a,
  0x0d, 0x0a, 0x09, 0x00, 0x00, 0x00, 0x10, 0x00, 0x42, 0x48, 0x00, 0x00,
  0x02, 0x00, 0x10, 0x00, 0x04, 0x00, 0x00, 0x22, 0x00, 0xa2, 0x7d, 0x04,
  0x92, 0x14, 0x95, 0x10, 0x39, 0x06, 0x2d, 0x04, 0x2d, 0x06, 0x2d, 0x0a,
  0x27, 0x0c, 0x2b, 0x0e, 0x33, 0x06, 0x33, 0x04, 0x47, 0x04, 0xbd, 0x11,
  0x04, 0x05, 0x03, 0x05, 0x07, 0x0b, 0x08, 0x0b, 0x0b, 0x0d, 0x0c, 0x0d,
  0x00, 0x00, 0x00, 0x13, 0x38, 0x60, 0x00, 0x00, 0x00, 0x67, 0x38, 0x01,
  0x20, 0x01, 0x00, 0x00, 0x38, 0x87, 0x00, 0x7b, 0x04, 0x8f, 0x12, 0x39,
  0x10, 0x39, 0x04, 0x34, 0x0a, 0x24, 0x0a, 0x2d, 0x04, 0x23, 0x06, 0x59,
  0x0a, 0xa1, 0x14, 0x06, 0x07, 0x05, 0x07, 0x17, 0x11, 0x00, 0x00, 0x00,
  0x67, 0x00, 0x07, 0x0c, 0x67, 0x6c, 0x00, 0x60, 0x00, 0x00, 0x74, 0x6c,
  0x77, 0x6c, 0x70, 0x0c, 0x7d, 0x04, 0x7d, 0x14, 0x3b, 0x0e, 0x35, 0x08,
  0x2b, 0x0e, 0x2b, 0x04, 0x25, 0x08, 0x27, 0x0e, 0x5b, 0x06, 0xa3, 0x10,
  0x04, 0x09, 0x06, 0x0f, 0x13, 0x09, 0x04, 0x0f, 0x00, 0x20, 0x20, 0x00,
  0x00, 0x77, 0x8e, 0x00, 0x00, 0x6f, 0x44, 0x00, 0x64, 0x00, 0x00, 0xed,
  0xe8, 0x00, 0x08, 0x61, 0x14, 0x98, 0x10, 0x98, 0x0a, 0x3b, 0x06, 0x31,
  0x06, 0x2b, 0x06, 0x25, 0x0a, 0x30, 0x10, 0x2d, 0x0a, 0x4c, 0x10, 0xbd,
  0x16, 0x03, 0x07, 0x04, 0x07, 0x04, 0x0b, 0x15, 0x0d, 0x00, 0x00, 0x00,
  0x00, 0x00, 0x3e, 0xf8, 0x00, 0x00, 0x00, 0x00, 0x22, 0x88, 0x36, 0xd8,
  0x08, 0x20, 0x01, 0x00, 0x6f, 0x12, 0x7d, 0x14, 0x8f, 0x0a, 0x25, 0x06,
  0x2d, 0x06, 0x31, 0x06, 0x39, 0x06, 0x31, 0x0c, 0x2d, 0x0c, 0x39, 0x0c,
  0x45, 0x0c, 0xb9, 0x0e, 0x08, 0x07, 0x09, 0x07, 0x0a, 0x07, 0x14, 0x07,
  0x15, 0x07, 0x16, 0x07, 0x00, 0x00, 0x00, 0x00, 0x00, 0x1d, 0xde, 0x80,
  0x90, 0x3e, 0xd0, 0x08, 0x00, 0x88, 0x0a, 0x00, 0x00, 0x04, 0x90, 0x73,
  0x14, 0x8f, 0x0e, 0x93, 0x07, 0x8f, 0x07, 0x3c, 0x0e, 0x3b, 0x0c, 0x3a,
  0x0a, 0x37, 0x12, 0x29, 0x06, 0x29, 0x0a, 0x31, 0x06, 0x5b, 0x06, 0xa1,
  0x16, 0x05, 0x0b, 0x06, 0x0b, 0x07, 0x07, 0x0c, 0x07, 0x0d, 0x0b, 0x0e,
  0x0b, 0x00, 0x00, 0x00, 0x00, 0x00, 0x00, 0x00, 0x00, 0x00, 0x00, 0x00,
  0x00, 0x00, 0x00, 0x00, 0x00, 0x00, 0x00, 0x00, 0x7d, 0x14, 0x7d, 0x04,
  0x7d, 0x0c, 0x2e, 0x14, 0x2e, 0x12, 0x2e, 0x10, 0x2e, 0x0e, 0x2e, 0x0c,
  0x2e, 0x0a, 0x2e, 0x08, 0x2e, 0x06, 0x2e, 0x04, 0x5b, 0x14, 0xa1, 0x16,
  0x00, 0x00, 0x00, 0x00, 0x00, 0x40, 0x0c, 0x49, 0x6c, 0x5d, 0x0c, 0x48,
  0x6c, 0x01, 0x0c, 0x00, 0x60, 0x90, 0x60, 0x7d, 0x04, 0x8a, 0x14, 0x33,
  0x0c, 0x33, 0x08, 0x2f, 0x06, 0x2f, 0x08, 0x24, 0x06, 0x2f, 0x0e, 0x5b,
  0x06, 0xa1, 0x14, 0x0b, 0x0b, 0x0c, 0x0b, 0x03, 0x07, 0x16, 0x11, 0x00,
  0x04, 0x00, 0x06, 0x00, 0x02, 0x38, 0x30, 0x28, 0x80, 0x00, 0xc2, 0x10,
  0x00, 0x00, 0x00, 0x28, 0x32, 0x28, 0x7d, 0x14, 0x91, 0x12, 0x95, 0x0d,
  0x37, 0x0a, 0x25, 0x12, 0x25, 0x08, 0x2d, 0x0c, 0x35, 0x10, 0x2d, 0x0a,
  0x37, 0x0c, 0x57, 0x06, 0xa1, 0x16, 0x07, 0x09, 0x08, 0x09, 0x03, 0x0d,
  0x04, 0x0d, 0x19, 0x07, 0x17, 0x15, 0x00, 0x00, 0x00, 0x00, 0x14, 0x2f,
  0xc0, 0x00, 0x04, 0x37, 0xd0, 0x08, 0x44, 0x00, 0x40, 0x00, 0x18, 0x2a,
  0x9a, 0x7b, 0x14, 0x90, 0x10, 0x2f, 0x06, 0x29, 0x06, 0x2c, 0x0a, 0x25,
  0x06, 0x3b, 0x08, 0x3b, 0x04, 0x37, 0x04, 0x3b, 0x0c, 0x37, 0x0a, 0x49,
  0x12, 0xb1, 0x14, 0x19, 0x11, 0x08, 0x15, 0x06, 0x05, 0x08, 0x0b, 0x14,
  0x07, 0x00, 0x00, 0x00, 0x00, 0x00, 0x08, 0x00, 0x1d, 0x4e, 0x08, 0x00,
  0x18, 0x8a, 0x2d, 0x24, 0x09, 0xe8, 0x00, 0x00, 0x7d, 0x10, 0x8c, 0x14,
  0x98, 0x0c, 0x2f, 0x08, 0x34, 0x08, 0x3b, 0x08, 0x33, 0x06, 0x29, 0x04,
  0x49, 0x06, 0xbd, 0x0e, 0x05, 0x0f, 0x08, 0x09, 0x07, 0x09, 0x11, 0x0d,
  0x19, 0x09, 0x00, 0x00, 0x00, 0x00, 0x00, 0x00, 0x00, 0x01, 0x00, 0x00,
  0x00, 0x00, 0x00, 0x00, 0x00, 0x00, 0x00, 0x00, 0x00, 0x7d, 0x14, 0x7d,
  0x04, 0x71, 0x04, 0x71, 0x14, 0x2f, 0x06, 0x2f, 0x04, 0x2f, 0x0c, 0x2f,
  0x0e, 0x2f, 0x10, 0x2f, 0x12, 0x2f, 0x14, 0x50, 0x08, 0xaf, 0x0a, 0x00,
  0x00, 0x06, 0x13, 0x00, 0x30, 0x32, 0x60, 0x00, 0x47, 0xba, 0x60, 0x00,
  0x05, 0xfa, 0x60, 0x10, 0x46, 0x86, 0x6e, 0x04, 0x6f, 0x14, 0x65, 0x14,
  0x97, 0x14, 0x97, 0x0e, 0x9d, 0x06, 0x37, 0x06, 0x37, 0x0a, 0x30, 0x04,
  0x2c, 0x04, 0x27, 0x04, 0x23, 0x10, 0x57, 0x04, 0xb4, 0x16, 0x12, 0x0c,
  0x06, 0x05, 0x04, 0x06, 0x02, 0x07, 0x00, 0x00, 0x00, 0xbb, 0xba, 0xbb,
  0xba, 0x00, 0x00, 0xee, 0xee, 0xee, 0xee, 0x00, 0x00, 0xbb, 0xba, 0xbb,
  0xba, 0x6b, 0x14, 0x73, 0x14, 0x81, 0x10, 0x2f, 0x04, 0x27, 0x04, 0x23,
  0x0a, 0x2b, 0x0a, 0x33, 0x0a, 0x3b, 0x0a, 0x37, 0x10, 0x2f, 0x10, 0x27,
  0x10, 0x57, 0x04, 0xa3, 0x16, 0x05, 0x0b, 0x06, 0x0b, 0x02, 0x0b, 0x01,
  0x0b, 0x00, 0x00, 0x00, 0x7b, 0x80, 0x00, 0x40, 0x00, 0x88, 0x44, 0x88,
  0xa8, 0x30, 0x30, 0x90, 0x54, 0x90, 0x88, 0x60, 0x7d, 0x14, 0x7d, 0x04,
  0x97, 0x10, 0x94, 0x0e, 0x29, 0x0c, 0x27, 0x04, 0x2f, 0x04, 0x31, 0x0a,
  0x35, 0x0c, 0x31, 0x10, 0x33, 0x14, 0x35, 0x14, 0x3a, 0x08, 0x43, 0x0a,
  0xb7, 0x12, 0x15, 0x13, 0x16, 0x13, 0x0b, 0x11, 0x0c, 0x11, 0x04, 0x05,
  0x03, 0x05, 0x00, 0x00, 0x00, 0x02, 0x00, 0x00, 0x00, 0x00, 0x00, 0xf0,
  0x3e, 0x40, 0x00, 0x10, 0x00, 0x70, 0x00, 0x10, 0x00, 0x61, 0x0e, 0x7d,
  0x0e, 0x95, 0x0a, 0x88, 0x0c, 0x81, 0x0a, 0x35, 0x0e, 0x35, 0x10, 0x35,
  0x12, 0x35, 0x14, 0x27, 0x0a, 0x27, 0x08, 0x27, 0x06, 0x27, 0x04, 0x4d,
  0x04, 0xbd, 0x0c, 0x0b, 0x15, 0x0d, 0x15, 0x0f, 0x15, 0x11, 0x15, 0x00,
  0x60, 0xc0, 0x00, 0xc0, 0x6e, 0xdc, 0x00, 0x00, 0x7f, 0x76, 0x02, 0x02,
  0x01, 0x60, 0x02, 0x5e, 0x01, 0x00, 0x7d, 0x14, 0x7b, 0x14, 0x9d, 0x10,
  0x3b, 0x10, 0x35, 0x0e, 0x27, 0x0b, 0x39, 0x06, 0x4b, 0x06, 0xbd, 0x12,
  0x03, 0x07, 0x04, 0x07, 0x04, 0x0b, 0x03, 0x0b, 0x00, 0x00, 0x00, 0x77,
  0xdc, 0x00, 0x00, 0x77, 0x9c, 0x00, 0x20, 0x67, 0x8c, 0x20, 0x18, 0x87,
  0xc2, 0x27, 0xc8, 0x75, 0x14, 0x74, 0x12, 0x6a, 0x12, 0x69, 0x14, 0x8f,
  0x08, 0x8f, 0x0c, 0x27, 0x14, 0x28, 0x12, 0x29, 0x10, 0x35, 0x10, 0x36,
  0x12, 0x37, 0x14, 0x2f, 0x10, 0x4f, 0x04, 0xb5, 0x16, 0x1e, 0x15, 0x1c,
  0x15, 0x03, 0x15, 0x01, 0x15, 0x00, 0x00, 0x00, 0x0a, 0xa8, 0x00, 0x00,
  0xef, 0xf8, 0x44, 0x40, 0x44, 0x00, 0x47, 0xc0, 0x6c, 0x80, 0x01, 0x00,
  0x71, 0x14, 0x61, 0x13, 0x93, 0x13, 0x95, 0x12, 0x97, 0x11, 0x99, 0x10,
  0x9b, 0x0f, 0x9d, 0x0e, 0x39, 0x04, 0x35, 0x04, 0x31, 0x04, 0x2d, 0x04,
  0x29, 0x04, 0x4f, 0x0e, 0xbd, 0x16, 0x02, 0x11, 0x04, 0x15, 0x06, 0x15,
  0x08, 0x15, 0x0a, 0x15, 0x00, 0x00, 0x00, 0x00, 0x00, 0x5d, 0xd4, 0x55,
  0x44, 0x5d, 0xdc, 0x45, 0x44, 0x5d, 0xe4, 0x00, 0x00, 0x60, 0x80, 0x73,
  0x14, 0x64, 0x13, 0x9b, 0x0a, 0x95, 0x0f, 0x26, 0x14, 0x23, 0x06, 0x29,
  0x06, 0x31, 0x06, 0x3b, 0x06, 0x36, 0x0a, 0x5b, 0x04, 0xb6, 0x15, 0x03,
  0x14, 0x07, 0x0f, 0x08, 0x0f, 0x04, 0x05, 0x00, 0x00, 0x00, 0x18, 0x0c,
  0x14, 0x1c, 0x12, 0xd8, 0x1a, 0x12, 0x3a, 0xd2, 0x34, 0x14, 0x00, 0x08,
  0x00, 0x40, 0x79, 0x10, 0x6d, 0x0a, 0x92, 0x08, 0x92, 0x06, 0x9d, 0x14,
  0x2d, 0x0c, 0x27, 0x0a, 0x37, 0x0c, 0x49, 0x04, 0xbd, 0x16, 0x07, 0x05,
  0x05, 0x0d, 0x17, 0x07, 0x19, 0x05, 0x00, 0x00, 0x00, 0x00, 0x00, 0xf5,
  0x1a, 0x03, 0xd0, 0x00, 0x80, 0xb0, 0x0a, 0x26, 0xa8, 0x00, 0x00, 0xd1,
  0x24, 0x7d, 0x14, 0x9d, 0x0f, 0x8d, 0x12, 0x25, 0x06, 0x25, 0x0c, 0x2e,
  0x06, 0x2d, 0x04, 0x33, 0x08, 0x3d, 0x0c, 0x39, 0x0c, 0x59, 0x06, 0xaf,
  0x14, 0x14, 0x07, 0x08, 0x07, 0x16, 0x0f, 0x00, 0x00, 0x00, 0x44, 0x40,
  0x44, 0x0c, 0x44, 0x00, 0x40, 0xe0, 0x40, 0x08, 0x0e, 0x08, 0x00, 0x88,
  0xe0, 0x88, 0x7b, 0x14, 0x7d, 0x14, 0x7d, 0x12, 0x83, 0x12, 0x8b, 0x0e,
  0x93, 0x0a, 0x39, 0x06, 0x33, 0x04, 0x2b, 0x04, 0x23, 0x04, 0x59, 0x04,
  0xa9, 0x15, 0x06, 0x13, 0x05, 0x13, 0x02, 0x13, 0x01, 0x13, 0x00, 0x00,
  0x3c, 0x00, 0x00, 0x1f, 0xe0, 0x81, 0xc2, 0xc3, 0x86, 0xc6, 0x0e, 0x0c,
  0xe0, 0x00, 0x38, 0xe1, 0x00, 0x7d, 0x04, 0x88, 0x14, 0x88, 0x12, 0x8f,
  0x04, 0x36, 0x0a, 0x35, 0x0c, 0x34, 0x0e, 0x2f, 0x06, 0x49, 0x06, 0xa8,
  0x16, 0x09, 0x0f, 0x0a, 0x0f, 0x0b, 0x0d, 0x0c, 0x0d, 0x0d, 0x0b, 0x0e,
  0x0b, 0x00, 0x00, 0x00, 0x74, 0x5c, 0x02, 0x80, 0x51, 0x14, 0x57, 0xd4,
  0x51, 0x14, 0x07, 0xc0, 0x71, 0x1c, 0x00, 0x00, 0x61, 0x14, 0x7d, 0x14,
  0x7d, 0x04, 0x2f, 0x0e, 0x27, 0x08, 0x23, 0x08, 0x37, 0x08, 0x3b, 0x08,
  0x4f, 0x0c, 0xaf, 0x16, 0x04, 0x05, 0x06, 0x05, 0x08, 0x05, 0x18, 0x11,
  0x1a, 0x11, 0x1c, 0x11, 0x00, 0x18, 0x1e, 0x11, 0xc0, 0x03, 0xe2, 0x07,
  0xf0, 0xcf, 0xf8, 0xcf, 0xf8, 0x80, 0x00, 0x83, 0xc8, 0x87, 0x9c, 0x7d,
  0x14, 0x8f, 0x10, 0x91, 0x10, 0x93, 0x10, 0x8b, 0x12, 0x89, 0x14, 0x23,
  0x0a, 0x29, 0x0c, 0x2b, 0x0a, 0x2d, 0x08, 0x2f, 0x08, 0x31, 0x06, 0x34,
  0x04, 0x4f, 0x06, 0xad, 0x12, 0x09, 0x0b, 0x0a, 0x0b, 0x0f, 0x05, 0x0d,
  0x07, 0x0b, 0x09, 0x09, 0x0b, 0x01, 0x0b, 0x02, 0x0b, 0x00, 0x00, 0x00,
  0x00, 0x80, 0xe0, 0x9c, 0x01, 0xc0, 0xec, 0x80, 0x21, 0x02, 0x22, 0x1c,
  0x40, 0x00, 0x00, 0x00, 0x63, 0x10, 0x7d, 0x10, 0x88, 0x08, 0x8f, 0x14,
  0x37, 0x0e, 0x2b, 0x0a, 0x2b, 0x08, 0x37, 0x06, 0x3b, 0x06, 0x31, 0x06,
  0x45, 0x06, 0xb7, 0x10, 0x09, 0x0b, 0x0b, 0x07, 0x0c, 0x07, 0x14, 0x09,
  0x03, 0x07, 0x04, 0x07, 0x00, 0x00, 0x00, 0x00, 0x08, 0x10, 0x00, 0x00,
  0x00, 0x08, 0x10, 0x02, 0x00, 0x12, 0x00, 0x02, 0x40, 0x02, 0x40, 0x79,
  0x14, 0x83, 0x12, 0x27, 0x06, 0x39, 0x04, 0x37, 0x0a, 0x2d, 0x0c, 0x2d,
  0x0a, 0x29, 0x0a, 0x27, 0x0e, 0x47, 0x04, 0xb3, 0x12, 0x02, 0x15, 0x04,
  0x15, 0x00, 0x00, 0x00, 0x00, 0x40, 0x00, 0xc0, 0x1e, 0x00, 0x00, 0x40,
  0x02, 0x70, 0x1e, 0x00, 0x00, 0x00, 0x00, 0x00, 0x79, 0x0a, 0x79, 0x10,
  0x89, 0x12, 0x83, 0x14, 0x27, 0x0e, 0x33, 0x0a, 0x33, 0x04, 0x4d, 0x08,
  0xb1, 0x15, 0x07, 0x09, 0x09, 0x09, 0x0b, 0x09, 0x00, 0x00, 0x00, 0x00,
  0x00, 0x08, 0x00, 0x20, 0x00, 0x23, 0xa0, 0x18, 0x20, 0x00, 0x20, 0x03,
  0x80, 0x00, 0x10, 0x77, 0x12, 0x8d, 0x0a, 0x35, 0x0a, 0x35, 0x08, 0x29,
  0x0c, 0x2d, 0x10, 0x49, 0x06, 0xb7, 0x14, 0x05, 0x09, 0x0a, 0x0b, 0x00,
  0x00, 0x00, 0x02, 0x00, 0x00, 0x00, 0x04, 0x30, 0x00, 0x00, 0x02, 0x00,
  0x30, 0x00, 0x02, 0x00, 0x01, 0x00, 0x7b, 0x14, 0x79, 0x14, 0x93, 0x10,
  0x2d, 0x0c, 0x2b, 0x08, 0x2d, 0x04, 0x57, 0x08, 0xb1, 0x15, 0x06, 0x0f,
  0x08, 0x0f, 0x00, 0x00, 0x00, 0x01, 0x00, 0x08, 0x20, 0x01, 0x00, 0x00,
  0x00, 0x00, 0x00, 0x08, 0x20, 0xa0, 0x0a, 0xa4, 0x4a, 0x7d, 0x04, 0x8f,
  0x10, 0x29, 0x0e, 0x29, 0x06, 0x2f, 0x08, 0x35, 0x06, 0x35, 0x04, 0x35,
  0x0e, 0x33, 0x12, 0x2b, 0x12, 0x4f, 0x04, 0xbd, 0x12, 0x09, 0x05, 0x0a,
  0x05, 0x01, 0x11, 0x02, 0x11, 0x05, 0x11, 0x06, 0x11, 0x00, 0x00, 0x00,
  0x2f, 0x24, 0x00, 0x00, 0x00, 0x0c, 0x64, 0x44, 0x48, 0x14, 0x04, 0x90,
  0x30, 0x02, 0x01, 0x5a, 0x7d, 0x04, 0x95, 0x08, 0x95, 0x12, 0x2c, 0x0e,
  0x2b, 0x0a, 0x31, 0x0e, 0x3b, 0x08, 0x2f, 0x04, 0x35, 0x04, 0x37, 0x0c,
  0x5b, 0x04, 0xa1, 0x14, 0x05, 0x05, 0x06, 0x05, 0x19, 0x09, 0x00, 0x08,
  0x20, 0x08, 0x20, 0x00, 0x00, 0x08, 0x20, 0xde, 0xf6, 0x08, 0x20, 0x00,
  0x00, 0x08, 0x20, 0x00, 0x20, 0x7d, 0x14, 0x7d, 0x04, 0x61, 0x14, 0x8f,
  0x10, 0x8f, 0x08, 0x26, 0x0a, 0x29, 0x10, 0x29, 0x08, 0x30, 0x0a, 0x35,
  0x08, 0x3a, 0x0a, 0x35, 0x10, 0x45, 0x08, 0xb9, 0x15, 0x08, 0x0b, 0x13,
  0x0b, 0x14, 0x0b, 0x1e, 0x0b, 0x00, 0x00, 0x00, 0x6e, 0xe4, 0x00, 0x60,
  0x40, 0x00, 0x00, 0x0c, 0x40, 0xe8, 0x4e, 0xa8, 0x6a, 0xa8, 0x00, 0x00,
  0x73, 0x10, 0x7b, 0x0e, 0x6b, 0x12, 0x96, 0x08, 0x92, 0x08, 0x23, 0x08,
  0x2b, 0x04, 0x29, 0x0f, 0x33, 0x04, 0x3b, 0x04, 0x5b, 0x0a, 0xa7, 0x15,
  0x04, 0x0d, 0x06, 0x05, 0x04, 0x05, 0x0a, 0x05, 0x00, 0x00, 0x00, 0x00,
  0x00, 0x00, 0x00, 0xf2, 0x40, 0x12, 0x40, 0x00, 0x18, 0x0c, 0x00, 0x00,
  0x40, 0x00, 0x00, 0x6d, 0x14, 0x69, 0x14, 0x9b, 0x08, 0x2b, 0x0e, 0x2d,
  0x08, 0x33, 0x08, 0x39, 0x0a, 0x39, 0x0c, 0x37, 0x0c, 0x47, 0x08, 0xb3,
  0x12, 0x08, 0x07, 0x0e, 0x07, 0x14, 0x07, 0x1a, 0x09, 0x00, 0x01, 0x00,
  0x02, 0x80, 0x00, 0x00, 0x08, 0x20, 0x10, 0x10, 0x28, 0x28, 0x00, 0x00,
  0x00, 0x20, 0x09, 0x20, 0x6d, 0x0e, 0x71, 0x0e, 0x8d, 0x12, 0x29, 0x12,
  0x29, 0x10, 0x2a, 0x08, 0x34, 0x08, 0x35, 0x10, 0x55, 0x06, 0xaf, 0x14,
  0x0b, 0x07, 0x0d, 0x05, 0x07, 0x0b, 0x00, 0x00, 0x00, 0x00, 0x00, 0x11,
  0xf0, 0x00, 0x00, 0x00, 0x00, 0x00, 0xf0, 0x00, 0x80, 0x09, 0x00, 0x09,
  0x04, 0x75, 0x14, 0x83, 0x0a, 0x93, 0x0c, 0x2c, 0x14, 0x2a, 0x10, 0x2b,
  0x0e, 0x2c, 0x0c, 0x37, 0x06, 0x37, 0x04, 0x38, 0x0c, 0x47, 0x06, 0xbb,
  0x14, 0x10, 0x07, 0x12, 0x07, 0x14, 0x07, 0x00, 0x00, 0x00, 0x00, 0x00,
  0x00, 0x00, 0x08, 0x20, 0x00, 0x00, 0x06, 0xc0, 0x04, 0x40, 0x04, 0x40,
  0x04, 0xc0, 0x6f, 0x12, 0x82, 0x08, 0x84, 0x08, 0x8c, 0x0a, 0x91, 0x0a,
  0x98, 0x0b, 0x9b, 0x0c, 0x35, 0x08, 0x29, 0x08, 0x55, 0x06, 0xb1, 0x14,
  0x16, 0x05, 0x09, 0x07, 0x0a, 0x07, 0x00, 0x00, 0x00, 0x00, 0x00, 0x1f,
  0x00, 0x01, 0x00, 0x10, 0x00, 0x10, 0x3c, 0x1e, 0x24, 0x00, 0x04, 0x00,
  0x04, 0x7d, 0x14, 0x99, 0x0c, 0x95, 0x14, 0x27, 0x0a, 0x2b, 0x0e, 0x2b,
  0x0c, 0x2f, 0x06, 0x2f, 0x04, 0x47, 0x06, 0xbd, 0x16, 0x0b, 0x07, 0x15,
  0x0d, 0x03, 0x15, 0x0e, 0x0f, 0x00, 0x00, 0x00, 0x00, 0x40, 0x00, 0x40,
  0x00, 0xc0, 0x40, 0x02, 0x27, 0x62, 0x10, 0x42, 0x08, 0x40, 0x07, 0xfa,
  0x7b, 0x14, 0x85, 0x08, 0x8c, 0x10, 0x2b, 0x0c, 0x2f, 0x0c, 0x35, 0x0c,
  0x35, 0x0a, 0x35, 0x08, 0x53, 0x04, 0xbd, 0x14, 0x0a, 0x11, 0x08, 0x0f,
  0x06, 0x0d, 0x04, 0x0b, 0x00, 0x00, 0x00, 0x00, 0x00, 0x0f, 0xe0, 0x60,
  0x0c, 0x00, 0x40, 0x22, 0x00, 0x00, 0x80, 0x00, 0x80, 0x10, 0x90, 0x7d,
  0x14, 0x92, 0x0c, 0x27, 0x12, 0x25, 0x0c, 0x23, 0x08, 0x29, 0x06, 0x35,
  0x06, 0x3b, 0x08, 0x33, 0x0a, 0x37, 0x12, 0x4f, 0x06, 0xb0, 0x10, 0x05,
  0x09, 0x06, 0x09, 0x13, 0x07, 0x14, 0x07, 0x12, 0x10, 0x00, 0x7b, 0xdc,
  0x7b, 0xdc, 0x7b, 0xdc, 0x00, 0x00, 0x7b, 0xdc, 0x7b, 0xdc, 0x7b, 0xdc,
  0x00, 0x00, 0x7b, 0xdc, 0x98, 0x12, 0x9a, 0x0a, 0x2a, 0x0a, 0x2b, 0x08,
  0x34, 0x12, 0x35, 0x10, 0x3c, 0x12, 0x2a, 0x12, 0x37, 0x0a, 0x4b, 0x06,
  0xbd, 0x16, 0x01, 0x15, 0x02, 0x15, 0x09, 0x0b, 0x08, 0x0b, 0x00, 0x00,
  0x00, 0x09, 0x0c, 0x38, 0x40, 0x18, 0xc4, 0x00, 0x00, 0x6c, 0x08, 0x00,
  0x00, 0x6c, 0xca, 0x3f, 0xca, 0x7b, 0x14, 0x88, 0x0e, 0x88, 0x12, 0x91,
  0x10, 0x2f, 0x04, 0x25, 0x06, 0x24, 0x0c, 0x2b, 0x0c, 0x2b, 0x0a, 0x2c,
  0x08, 0x39, 0x04, 0x39, 0x0c, 0x59, 0x10, 0xbd, 0x12, 0x07, 0x07, 0x08,
  0x07, 0x11, 0x09, 0x11, 0x09, 0x12, 0x09, 0x01, 0x15, 0x02, 0x15, 0x00,
  0x00, 0x00, 0x00, 0x04, 0x2c, 0xd0, 0x0c, 0xc0, 0x00, 0x00, 0x0c, 0xc0,
  0x0c, 0x00, 0x00, 0x10, 0x20, 0x10, 0x7d, 0x14, 0x94, 0x14, 0x31, 0x0c,
  0x37, 0x06, 0x31, 0x06, 0x29, 0x0c, 0x25, 0x06, 0x25, 0x04, 0x29, 0x04,
  0x49, 0x06, 0xbd, 0x16, 0x06, 0x13, 0x05, 0x13, 0x0b, 0x0d, 0x14, 0x07,
  0x00, 0x00, 0x10, 0x0e, 0x00, 0x20, 0x8c, 0x0f, 0x00, 0x80, 0x06, 0x86,
  0x00, 0x00, 0x80, 0x40, 0x12, 0x68, 0x02, 0x7d, 0x04, 0x88, 0x0e, 0x88,
  0x0c, 0x25, 0x06, 0x29, 0x04, 0x31, 0x04, 0x31, 0x06, 0x3b, 0x06, 0x51,
  0x0e, 0xbc, 0x12, 0x0d, 0x0d, 0x01, 0x0b, 0x02, 0x0b, 0x0e, 0x05, 0x0a,
  0x09, 0x0b, 0x09, 0x00, 0x20, 0x00, 0x4f, 0xfc, 0x40, 0x14, 0x55, 0x44,
  0x55, 0xd4, 0x40, 0x04, 0x41, 0x34, 0x7f, 0xc4, 0x00, 0x00, 0x78, 0x14,
  0x67, 0x06, 0x87, 0x10, 0x2b, 0x08, 0x33, 0x08, 0x37, 0x0a, 0x36, 0x14,
  0x48, 0x04, 0xb9, 0x11, 0x03, 0x05, 0x04, 0x05, 0x1b, 0x05, 0x1c, 0x05,
  0x00, 0x20, 0x84, 0x09, 0x20, 0x44, 0x10, 0x21, 0x04, 0x08, 0x82, 0x90,
  0x10, 0x04, 0x20, 0x49, 0x08, 0x20, 0x84, 0x7d, 0x14, 0x7d, 0x12, 0x8f,
  0x0e, 0x23, 0x06, 0x2f, 0x08, 0x2f, 0x10, 0x37, 0x0c, 0x35, 0x04, 0x49,
  0x0a, 0xb9, 0x16, 0x1c, 0x09, 0x01, 0x0d, 0x0c, 0x0f, 0x02, 0x0d, 0x00,
  0x00, 0x00, 0x02, 0x80, 0x00, 0x00, 0x02, 0x80, 0x00, 0x00, 0x02, 0x80,
  0x00, 0x00, 0x02, 0x80, 0x00, 0x00, 0x8f, 0x07, 0x8f, 0x09, 0x8f, 0x0b,
  0x8f, 0x0d, 0x8f, 0x0f, 0x8f, 0x11, 0x2d, 0x08, 0x2d, 0x0c, 0x2d, 0x10,
  0x31, 0x10, 0x31, 0x0c, 0x31, 0x08, 0x4d, 0x04, 0xb1, 0x12, 0x00, 0x00,
  0x00, 0x00, 0x00, 0x80, 0x26, 0x00, 0x08, 0x00, 0x08, 0x00, 0x80, 0x00,
  0x18, 0x00, 0x00, 0x00, 0x00, 0x92, 0x14, 0x83, 0x12, 0x98, 0x0e, 0x25,
  0x08, 0x24, 0x06, 0x26, 0x0a, 0x27, 0x0c, 0x28, 0x0e, 0x29, 0x10, 0x2a,
  0x12, 0x2b, 0x14, 0x37, 0x04, 0x23, 0x04, 0x56, 0x06, 0xa1, 0x08, 0x01,
  0x07, 0x02, 0x07, 0x1e, 0x15, 0x1d, 0x15, 0x01, 0x15, 0x02, 0x15, 0x12,
  0x0d, 0x19, 0x09, 0x00, 0x00, 0x00, 0x00, 0x14, 0xff, 0x00, 0x00, 0x3c,
  0xdf, 0x00, 0x00, 0x48, 0xfd, 0x5c, 0x00, 0x40, 0xe0, 0x40, 0x66, 0x0c,
  0x90, 0x08, 0x27, 0x06, 0x2b, 0x06, 0x2f, 0x06, 0x37, 0x04, 0x3b, 0x04,
  0x3b, 0x08, 0x29, 0x14, 0x43, 0x06, 0xa1, 0x14, 0x01, 0x07, 0x02, 0x07,
  0x05, 0x07, 0x06, 0x07, 0x0d, 0x07, 0x0e, 0x07, 0x09, 0x07, 0x0a, 0x07,
  0x00, 0x00, 0x00, 0x7c, 0x04, 0x20, 0x04, 0x20, 0x04, 0x38, 0xf4, 0x22,
  0x84, 0x22, 0x80, 0x70, 0x14, 0x00, 0x80, 0x7b, 0x0e, 0x93, 0x0d, 0x95,
  0x0d, 0x98, 0x12, 0x25, 0x08, 0x25, 0x0a, 0x2d, 0x0b, 0x38, 0x0e, 0x37,
  0x10, 0x45, 0x06, 0xbd, 0x11, 0x0c, 0x05, 0x0b, 0x05, 0x0a, 0x05, 0x09,
  0x05, 0x08, 0x05, 0x00, 0x01, 0x90, 0x20, 0xd0, 0x20, 0x1a, 0x2c, 0xc0,
  0x00, 0x00, 0x4e, 0xf6, 0xe8, 0x00, 0x13, 0xf6, 0x00, 0x02, 0x63, 0x14,
  0x71, 0x14, 0x79, 0x06, 0x87, 0x07, 0x87, 0x0d, 0x87, 0x0b, 0x8e, 0x0e,
  0x3c, 0x06, 0x3b, 0x04, 0x25, 0x04, 0x29, 0x06, 0x39, 0x14, 0x2a, 0x14,
  0x37, 0x0d, 0x4a, 0x08, 0xbd, 0x12, 0x01, 0x0f, 0x03, 0x0d, 0x07, 0x12,
  0x08, 0x12, 0x00, 0x00, 0x7b, 0x0c, 0xe7, 0x34, 0x7b, 0x1e, 0xf7, 0xb4,
  0x63, 0x1a, 0xd6, 0xb4, 0x7b, 0x1a, 0xd6, 0xb4, 0x7b, 0x1e, 0xf7, 0xbc,
  0x63, 0x1a, 0xc6, 0x18, 0x63, 0xda, 0xc6, 0x18, 0x63, 0xda, 0xc6, 0x18,
  0x19, 0x20, 0x4c, 0x69, 0x6d, 0x69, 0x74, 0x65, 0x64, 0x20, 0x38, 0x35,
  0x20, 0x19, 0x00, 0xff, 0xff, 0xff, 0xff, 0xff, 0xff, 0xff, 0xff, 0xff,
  0xff, 0xff, 0xff, 0xff, 0xff, 0xff, 0xff, 0xff, 0xff, 0xff, 0xff, 0xff,
  0xff, 0xff, 0xff, 0xff, 0xff, 0xff, 0xff, 0xff, 0xff, 0xff, 0xff, 0xff,
  0xff, 0xff, 0xff, 0xff, 0xff, 0xff, 0xff, 0xff, 0xff, 0xff, 0xff, 0xff,
  0xff, 0xff, 0xff, 0xff, 0xff, 0xff, 0xff, 0xff, 0xff, 0xff, 0xff, 0xff,
  0xff, 0xff, 0xff, 0xff, 0xff, 0xff, 0xff, 0xff, 0xff, 0xff, 0xff, 0xff,
  0xff, 0xff, 0xff, 0xff, 0xff, 0xff, 0xff, 0xff, 0xff, 0xff, 0xff, 0xff,
  0xff, 0xff, 0xff, 0xff, 0xff, 0xff, 0xff, 0xff, 0xff, 0xff, 0xff, 0xff,
  0xff, 0xff, 0xff, 0xff
};
unsigned int Flappy_rom_len = 16384;
