unsigned char GrandPrixRider_rom[] = {
  0x41, 0x42, 0x10, 0x40, 0x00, 0x00, 0x00, 0x00, 0x00, 0x00, 0x00, 0x00,
  0x00, 0x00, 0x00, 0x00, 0xed, 0x73, 0x00, 0xf3, 0x31, 0x00, 0xf3, 0xcd,
  0x22, 0x40, 0x26, 0x80, 0xcd, 0x24, 0x00, 0xc3, 0x95, 0x40, 0xcd, 0x38,
  0x01, 0x0f, 0x0f, 0xe6, 0x03, 0x4f, 0x06, 0x00, 0x21, 0xc1, 0xfc, 0x09,
  0xb6, 0xf0, 0x4f, 0x23, 0x23, 0x23, 0x23, 0x7e, 0xe6, 0x0c, 0xb1, 0xc9,
  0xf3, 0x21, 0x9f, 0xfd, 0x11, 0xd4, 0xc0, 0x01, 0x05, 0x00, 0xed, 0xb0,
  0x3e, 0xc3, 0x32, 0x9f, 0xfd, 0x21, 0xe7, 0x5e, 0x22, 0xa0, 0xfd, 0xfb,
  0xc9, 0xf3, 0x21, 0x9f, 0xfd, 0x11, 0xd4, 0xc0, 0x01, 0x05, 0x00, 0xed,
  0xb0, 0x3e, 0xc3, 0x32, 0x9f, 0xfd, 0x21, 0x0d, 0x55, 0x22, 0xa0, 0xfd,
  0xfb, 0xc9, 0xf3, 0x21, 0x9f, 0xfd, 0x11, 0xd4, 0xc0, 0x01, 0x05, 0x00,
  0xed, 0xb0, 0x3e, 0xc3, 0x32, 0x9f, 0xfd, 0x21, 0x9a, 0x55, 0x22, 0xa0,
  0xfd, 0xfb, 0xc9, 0xf3, 0x21, 0xd4, 0xc0, 0x11, 0x9f, 0xfd, 0x01, 0x05,
  0x00, 0xed, 0xb0, 0xfb, 0xc9, 0x21, 0x9a, 0xfd, 0x36, 0xc9, 0x21, 0xd6,
  0xfd, 0x36, 0xc9, 0x21, 0xf6, 0x92, 0x11, 0x50, 0xc1, 0x01, 0x64, 0x00,
  0xed, 0xb0, 0x21, 0x5a, 0x93, 0x11, 0xc0, 0xc0, 0x01, 0x14, 0x00, 0xed,
  0xb0, 0x21, 0x00, 0x00, 0x22, 0x3c, 0xc1, 0xaf, 0x32, 0xdb, 0xf3, 0xcd,
  0xd6, 0x56, 0x3e, 0xff, 0x32, 0xe9, 0xc0, 0xcd, 0x9b, 0x4c, 0xcd, 0xe8,
  0x4e, 0xcd, 0x87, 0x40, 0xcd, 0x90, 0x00, 0xaf, 0x32, 0xe9, 0xc0, 0x21,
  0x00, 0x00, 0x22, 0x3c, 0xc1, 0xaf, 0x32, 0x3e, 0xc1, 0x32, 0x3f, 0xc1,
  0xcd, 0xce, 0x4f, 0x21, 0x85, 0x91, 0x3a, 0x3f, 0xc1, 0x87, 0x4f, 0x06,
  0x00, 0x09, 0x5e, 0x23, 0x56, 0xeb, 0x23, 0x23, 0x23, 0x7e, 0x23, 0x32,
  0x2d, 0xc1, 0x7e, 0x23, 0x32, 0x2e, 0xc1, 0x7e, 0x23, 0x32, 0x2f, 0xc1,
  0x7e, 0x23, 0x32, 0xf2, 0xc0, 0x7e, 0x23, 0x32, 0xf3, 0xc0, 0x7e, 0x23,
  0x32, 0x19, 0xc1, 0x01, 0x06, 0x00, 0x11, 0xe1, 0xc0, 0xed, 0xb0, 0x11,
  0x00, 0xe8, 0xcd, 0xb0, 0x5f, 0xeb, 0x22, 0xe7, 0xc0, 0x06, 0x08, 0x36,
  0x00, 0x23, 0x10, 0xfb, 0x21, 0x00, 0x00, 0x22, 0xea, 0xf3, 0xcd, 0x62,
  0x00, 0xcd, 0x72, 0x00, 0x0e, 0x60, 0xcd, 0xf5, 0x6b, 0x01, 0x40, 0x00,
  0x11, 0x40, 0xc0, 0x21, 0x00, 0xc0, 0xed, 0xb0, 0xcd, 0x55, 0x89, 0xcd,
  0x21, 0x78, 0x01, 0x01, 0xe3, 0xcd, 0x47, 0x00, 0xcd, 0x69, 0x00, 0x21,
  0x53, 0x1b, 0x3e, 0x03, 0xcd, 0x4d, 0x00, 0x2d, 0x3e, 0x08, 0xcd, 0x4d,
  0x00, 0x2e, 0x57, 0x3e, 0x83, 0xcd, 0x4d, 0x00, 0x2d, 0x3e, 0x04, 0xcd,
  0x4d, 0x00, 0x2e, 0x73, 0x3e, 0x0c, 0xcd, 0x4d, 0x00, 0x2d, 0x3e, 0x0c,
  0xcd, 0x4d, 0x00, 0x2e, 0x42, 0x3e, 0x18, 0xcd, 0x4d, 0x00, 0x2e, 0x46,
  0x3e, 0x1c, 0xcd, 0x4d, 0x00, 0x2e, 0x4a, 0x3e, 0x10, 0xcd, 0x4d, 0x00,
  0x2e, 0x4e, 0x3e, 0x14, 0xcd, 0x4d, 0x00, 0x2e, 0x12, 0x3e, 0x2c, 0xcd,
  0x4d, 0x00, 0x2c, 0x3e, 0x0f, 0xcd, 0x4d, 0x00, 0x06, 0x04, 0x2e, 0x20,
  0x3e, 0x7f, 0xcd, 0x4d, 0x00, 0x2c, 0x2c, 0x3e, 0x0c, 0xcd, 0x4d, 0x00,
  0x2c, 0x3e, 0x00, 0xcd, 0x4d, 0x00, 0x2c, 0x10, 0xeb, 0x3e, 0x30, 0x32,
  0xeb, 0xc0, 0x3e, 0x00, 0x32, 0xec, 0xc0, 0x3e, 0x80, 0x32, 0xed, 0xc0,
  0xaf, 0x32, 0xf6, 0xc0, 0x32, 0xf7, 0xc0, 0x32, 0xf8, 0xc0, 0x32, 0xf9,
  0xc0, 0x32, 0x06, 0xc1, 0x32, 0x08, 0xc1, 0x32, 0x0a, 0xc1, 0x32, 0xf4,
  0xc0, 0x32, 0xf5, 0xc0, 0x32, 0x23, 0xc1, 0x32, 0x24, 0xc1, 0x32, 0x04,
  0xc1, 0x32, 0x25, 0xc1, 0x32, 0x28, 0xc1, 0x32, 0x18, 0xc1, 0x32, 0x21,
  0xc1, 0x32, 0x22, 0xc1, 0x32, 0x26, 0xc1, 0x32, 0x27, 0xc1, 0x32, 0x0f,
  0xc1, 0x32, 0x0d, 0xc1, 0x32, 0x0e, 0xc1, 0x32, 0xef, 0xc0, 0x32, 0xf0,
  0xc0, 0x32, 0x1f, 0xc1, 0x32, 0x02, 0xc1, 0x3e, 0xff, 0x32, 0x20, 0xc1,
  0x3e, 0x01, 0x32, 0x01, 0xc1, 0x3a, 0xea, 0xc0, 0x32, 0x05, 0xc1, 0x21,
  0x50, 0x00, 0x22, 0x14, 0xc1, 0xcd, 0x6a, 0x66, 0x3a, 0x1d, 0xc1, 0xe6,
  0xfe, 0x32, 0x1d, 0xc1, 0xaf, 0x32, 0x1c, 0xc1, 0x3e, 0x0a, 0x32, 0x1a,
  0xc1, 0x21, 0x00, 0xe8, 0x22, 0x29, 0xc1, 0xcd, 0xc1, 0x51, 0x3a, 0x26,
  0xc1, 0xa7, 0xc2, 0x70, 0x48, 0xcd, 0x74, 0x5c, 0xa7, 0xfa, 0xae, 0x42,
  0xc2, 0x95, 0x45, 0x32, 0x12, 0xc1, 0xaf, 0x32, 0x11, 0xc1, 0xaf, 0x32,
  0x10, 0xc1, 0xcd, 0x74, 0x6c, 0xcd, 0xf8, 0x6c, 0xcd, 0x1a, 0x57, 0xda,
  0x75, 0x4b, 0x21, 0x00, 0xd8, 0x11, 0x00, 0x08, 0x01, 0x00, 0x08, 0xcd,
  0x5c, 0x00, 0x21, 0xcc, 0x60, 0xcd, 0x5a, 0x64, 0x21, 0x8b, 0x61, 0xcd,
  0x67, 0x65, 0xcd, 0x1a, 0x57, 0xda, 0x75, 0x4b, 0x11, 0xd9, 0x61, 0x21,
  0x44, 0x62, 0xcd, 0x94, 0x65, 0x3a, 0x12, 0xc1, 0xcd, 0x4d, 0x5d, 0xc3,
  0x56, 0x42, 0x3e, 0xf8, 0x32, 0x12, 0xc1, 0x3a, 0x81, 0xc2, 0x3d, 0xf2,
  0x6a, 0x42, 0x3a, 0x11, 0xc1, 0xa7, 0xf2, 0xc2, 0x42, 0xaf, 0x3c, 0x32,
  0x11, 0xc1, 0xfe, 0x03, 0xda, 0x6e, 0x42, 0xaf, 0x32, 0x11, 0xc1, 0x3d,
  0x32, 0x13, 0xc1, 0xcd, 0x74, 0x5c, 0xa7, 0xfa, 0x09, 0x43, 0xca, 0xdf,
  0x42, 0x3e, 0x08, 0x32, 0x12, 0xc1, 0x3a, 0x11, 0xc1, 0xa7, 0xfa, 0xea,
  0x42, 0xaf, 0x3d, 0x32, 0x11, 0xc1, 0xfe, 0xfe, 0xd2, 0x30, 0x43, 0xaf,
  0x32, 0x11, 0xc1, 0xcd, 0x0f, 0x7e, 0x21, 0xcc, 0x60, 0xcd, 0x5a, 0x64,
  0x21, 0x8b, 0x61, 0xcd, 0x67, 0x65, 0xc3, 0x6e, 0x42, 0x3e, 0xf8, 0x32,
  0x12, 0xc1, 0x3a, 0x81, 0xc2, 0xa7, 0xfa, 0x1f, 0x43, 0xc2, 0xf3, 0x42,
  0x3a, 0x80, 0xc2, 0xa7, 0xc2, 0xf3, 0x42, 0x3a, 0x11, 0xc1, 0xa7, 0xf2,
  0x27, 0x43, 0xaf, 0x3c, 0x32, 0x11, 0xc1, 0xfe, 0x03, 0xd2, 0xb5, 0x43,
  0x3e, 0x01, 0x32, 0x10, 0xc1, 0xcd, 0x74, 0x6c, 0x01, 0x00, 0x00, 0x21,
  0x00, 0xc4, 0x71, 0x2c, 0x23, 0x10, 0xfb, 0xcd, 0x4d, 0x7c, 0xcd, 0xb5,
  0x6d, 0xcd, 0x1a, 0x57, 0xda, 0x75, 0x4b, 0x21, 0x51, 0x7e, 0x3a, 0x13,
  0xc1, 0xa7, 0xcc, 0x5a, 0x64, 0xda, 0xf3, 0x42, 0x11, 0x8e, 0x7f, 0x21,
  0xe5, 0x7f, 0x3a, 0x13, 0xc1, 0xa7, 0xcc, 0x94, 0x65, 0xda, 0xf3, 0x42,
  0xcd, 0xac, 0x7c, 0xcd, 0x99, 0x7d, 0x3a, 0x13, 0xc1, 0xa7, 0xc4, 0xc9,
  0x7d, 0xaf, 0x32, 0x13, 0xc1, 0x21, 0x51, 0x7e, 0xcd, 0x5a, 0x64, 0xda,
  0xf3, 0x42, 0x21, 0x3b, 0x7f, 0xcd, 0x67, 0x65, 0xcd, 0x1a, 0x57, 0xda,
  0x75, 0x4b, 0x11, 0x8e, 0x7f, 0x21, 0xe5, 0x7f, 0xcd, 0x94, 0x65, 0xda,
  0xf3, 0x42, 0x3a, 0x12, 0xc1, 0xcd, 0x4d, 0x5d, 0xd2, 0xd3, 0x42, 0x3a,
  0x11, 0xc1, 0xa7, 0xfa, 0xd3, 0x42, 0xaf, 0x32, 0x11, 0xc1, 0xc3, 0xd3,
  0x42, 0xaf, 0x32, 0x11, 0xc1, 0x3d, 0x32, 0x13, 0xc1, 0xcd, 0x74, 0x5c,
  0xa7, 0xfa, 0xf3, 0x43, 0xca, 0xc9, 0x43, 0x3e, 0x08, 0x32, 0x12, 0xc1,
  0x3a, 0x11, 0xc1, 0xa7, 0xfa, 0xd4, 0x43, 0xaf, 0x3d, 0x32, 0x11, 0xc1,
  0xfe, 0xfe, 0xd2, 0x15, 0x44, 0xaf, 0x32, 0x11, 0xc1, 0xcd, 0x9b, 0x79,
  0x21, 0x51, 0x7e, 0xcd, 0x5a, 0x64, 0x21, 0x3b, 0x7f, 0xcd, 0x67, 0x65,
  0xc3, 0x30, 0x43, 0x3e, 0xf8, 0x32, 0x12, 0xc1, 0x2a, 0x29, 0xc1, 0x01,
  0x07, 0x00, 0x09, 0x7e, 0xa7, 0xf2, 0xdd, 0x43, 0x3a, 0x11, 0xc1, 0xa7,
  0xf2, 0x0c, 0x44, 0xaf, 0x3c, 0x32, 0x11, 0xc1, 0xfe, 0x03, 0xd2, 0x9a,
  0x44, 0x3e, 0x02, 0x32, 0x10, 0xc1, 0xcd, 0x74, 0x6c, 0x01, 0x00, 0x00,
  0x21, 0x00, 0xc4, 0x71, 0x2c, 0x23, 0x10, 0xfb, 0xcd, 0xe5, 0x76, 0xcd,
  0xb5, 0x6d, 0xcd, 0x1a, 0x57, 0xda, 0x75, 0x4b, 0x21, 0x7a, 0x7a, 0x3a,
  0x13, 0xc1, 0xa7, 0xcc, 0x5a, 0x64, 0xda, 0x7c, 0x45, 0x11, 0xa9, 0x7b,
  0x21, 0xfa, 0x7b, 0x3a, 0x13, 0xc1, 0xa7, 0xcc, 0x94, 0x65, 0xda, 0x7c,
  0x45, 0xcd, 0x3e, 0x77, 0xcd, 0x58, 0x78, 0x3a, 0x13, 0xc1, 0xa7, 0xc4,
  0x7c, 0x78, 0xaf, 0x32, 0x13, 0xc1, 0x21, 0x7a, 0x7a, 0xcd, 0x5a, 0x64,
  0xda, 0x7c, 0x45, 0x21, 0x58, 0x7b, 0xcd, 0x67, 0x65, 0xcd, 0x1a, 0x57,
  0xda, 0x75, 0x4b, 0x11, 0xa9, 0x7b, 0x21, 0xfa, 0x7b, 0xcd, 0x94, 0x65,
  0xda, 0x7c, 0x45, 0x3a, 0x12, 0xc1, 0xcd, 0x4d, 0x5d, 0xd2, 0xbd, 0x43,
  0x3a, 0x11, 0xc1, 0xa7, 0xfa, 0xbd, 0x43, 0xaf, 0x32, 0x11, 0xc1, 0xc3,
  0xbd, 0x43, 0xaf, 0x32, 0x11, 0xc1, 0x3d, 0x32, 0x13, 0xc1, 0xcd, 0x74,
  0x5c, 0xa7, 0xfa, 0xd8, 0x44, 0xca, 0xae, 0x44, 0x3e, 0x08, 0x32, 0x12,
  0xc1, 0x3a, 0x11, 0xc1, 0xa7, 0xfa, 0xb9, 0x44, 0xaf, 0x3d, 0x32, 0x11,
  0xc1, 0xfe, 0xfe, 0xd2, 0xf4, 0x44, 0xaf, 0x32, 0x11, 0xc1, 0xcd, 0x01,
  0x73, 0x21, 0x7a, 0x7a, 0xcd, 0x5a, 0x64, 0x21, 0x58, 0x7b, 0xcd, 0x67,
  0x65, 0xc3, 0x15, 0x44, 0x3e, 0xf8, 0x32, 0x12, 0xc1, 0x2a, 0x29, 0xc1,
  0x01, 0x07, 0x00, 0x09, 0x7e, 0xa7, 0xf2, 0xc2, 0x44, 0x3a, 0x11, 0xc1,
  0xa7, 0xf2, 0xf1, 0x44, 0xaf, 0x32, 0x11, 0xc1, 0x3e, 0x03, 0x32, 0x10,
  0xc1, 0xcd, 0x74, 0x6c, 0x01, 0x00, 0x00, 0x21, 0x00, 0xc4, 0x71, 0x2c,
  0x23, 0x10, 0xfb, 0xcd, 0x43, 0x6e, 0xcd, 0xb5, 0x6d, 0xcd, 0x1a, 0x57,
  0xda, 0x75, 0x4b, 0x21, 0x2b, 0x75, 0x3a, 0x13, 0xc1, 0xa7, 0xcc, 0x5a,
  0x64, 0xda, 0x79, 0x45, 0x11, 0x4d, 0x76, 0x21, 0x98, 0x76, 0x3a, 0x13,
  0xc1, 0xa7, 0xcc, 0x94, 0x65, 0xda, 0x79, 0x45, 0xcd, 0x96, 0x6e, 0xcd,
  0x8e, 0x6f, 0x3a, 0x13, 0xc1, 0xa7, 0xc4, 0xc2, 0x6f, 0xaf, 0x32, 0x13,
  0xc1, 0x21, 0x2b, 0x75, 0xcd, 0x5a, 0x64, 0xda, 0x79, 0x45, 0x21, 0xfd,
  0x75, 0xcd, 0x67, 0x65, 0xcd, 0x1a, 0x57, 0xda, 0x75, 0x4b, 0x11, 0x4d,
  0x76, 0x21, 0x98, 0x76, 0xcd, 0x94, 0x65, 0xda, 0x79, 0x45, 0x3a, 0x12,
  0xc1, 0xcd, 0x4d, 0x5d, 0xd2, 0xa2, 0x44, 0x3a, 0x11, 0xc1, 0xa7, 0xfa,
  0xa2, 0x44, 0xaf, 0x32, 0x11, 0xc1, 0xc3, 0xa2, 0x44, 0xcd, 0x01, 0x73,
  0xcd, 0x9b, 0x79, 0xcd, 0x0f, 0x7e, 0x21, 0xcc, 0x60, 0xcd, 0x5a, 0x64,
  0x21, 0x8b, 0x61, 0xcd, 0x67, 0x65, 0xaf, 0x32, 0x11, 0xc1, 0xc3, 0x56,
  0x42, 0x3e, 0x08, 0x32, 0x12, 0xc1, 0x3a, 0x81, 0xc2, 0x3c, 0xfa, 0x6a,
  0x42, 0x3a, 0x11, 0xc1, 0xa7, 0xfa, 0xa9, 0x45, 0xaf, 0x3d, 0x32, 0x11,
  0xc1, 0xfe, 0xfe, 0xd2, 0x6e, 0x42, 0xaf, 0x32, 0x11, 0xc1, 0x3d, 0x32,
  0x13, 0xc1, 0xcd, 0x74, 0x5c, 0xa7, 0xca, 0xc6, 0x45, 0xf2, 0xf0, 0x45,
  0x3e, 0xf8, 0x32, 0x12, 0xc1, 0x3a, 0x11, 0xc1, 0xa7, 0xf2, 0xd1, 0x45,
  0xaf, 0x3c, 0x32, 0x11, 0xc1, 0xfe, 0x03, 0xda, 0x0d, 0x46, 0xaf, 0x32,
  0x11, 0xc1, 0xcd, 0x4f, 0x8f, 0x21, 0xcc, 0x60, 0xcd, 0x5a, 0x64, 0x21,
  0x8b, 0x61, 0xcd, 0x67, 0x65, 0xc3, 0x6e, 0x42, 0x3e, 0x08, 0x32, 0x12,
  0xc1, 0x3a, 0x81, 0xc2, 0xa7, 0xfa, 0xda, 0x45, 0x3a, 0x11, 0xc1, 0xa7,
  0xfa, 0x04, 0x46, 0xaf, 0x3d, 0x32, 0x11, 0xc1, 0xfe, 0xfe, 0xda, 0x92,
  0x46, 0x3e, 0xff, 0x32, 0x10, 0xc1, 0xcd, 0x74, 0x6c, 0x01, 0x00, 0x00,
  0x21, 0x00, 0xc4, 0x71, 0x2c, 0x23, 0x10, 0xfb, 0xcd, 0x9e, 0x8d, 0xcd,
  0xb5, 0x6d, 0xcd, 0x1a, 0x57, 0xda, 0x75, 0x4b, 0x21, 0x92, 0x8f, 0x3a,
  0x13, 0xc1, 0xa7, 0xcc, 0x5a, 0x64, 0xda, 0xda, 0x45, 0x11, 0xc2, 0x90,
  0x21, 0x11, 0x91, 0x3a, 0x13, 0xc1, 0xa7, 0xcc, 0x94, 0x65, 0xda, 0xda,
  0x45, 0xcd, 0xfb, 0x8d, 0xcd, 0xe3, 0x8e, 0x3a, 0x13, 0xc1, 0xa7, 0xc4,
  0x07, 0x8f, 0xaf, 0x32, 0x13, 0xc1, 0x21, 0x92, 0x8f, 0xcd, 0x5a, 0x64,
  0xda, 0xda, 0x45, 0x21, 0x6e, 0x90, 0xcd, 0x67, 0x65, 0xcd, 0x1a, 0x57,
  0xda, 0x75, 0x4b, 0x11, 0xc2, 0x90, 0x21, 0x11, 0x91, 0xcd, 0x94, 0x65,
  0xda, 0xda, 0x45, 0x3a, 0x12, 0xc1, 0xcd, 0x4d, 0x5d, 0xd2, 0xba, 0x45,
  0x3a, 0x11, 0xc1, 0xa7, 0xf2, 0xba, 0x45, 0xaf, 0x32, 0x11, 0xc1, 0xc3,
  0xba, 0x45, 0xaf, 0x32, 0x11, 0xc1, 0x3d, 0x32, 0x13, 0xc1, 0xcd, 0x74,
  0x5c, 0xa7, 0xca, 0xa6, 0x46, 0xf2, 0xd0, 0x46, 0x3e, 0xf8, 0x32, 0x12,
  0xc1, 0x3a, 0x11, 0xc1, 0xa7, 0xf2, 0xb1, 0x46, 0xaf, 0x3c, 0x32, 0x11,
  0xc1, 0xfe, 0x03, 0xda, 0xf2, 0x46, 0xaf, 0x32, 0x11, 0xc1, 0xcd, 0x05,
  0x8b, 0x21, 0x92, 0x8f, 0xcd, 0x5a, 0x64, 0x21, 0x6e, 0x90, 0xcd, 0x67,
  0x65, 0xc3, 0x0d, 0x46, 0x3e, 0x08, 0x32, 0x12, 0xc1, 0x2a, 0x29, 0xc1,
  0x01, 0x05, 0x00, 0x09, 0x7e, 0x3d, 0xfa, 0xba, 0x46, 0x3a, 0x11, 0xc1,
  0xa7, 0xfa, 0xe9, 0x46, 0xaf, 0x3d, 0x32, 0x11, 0xc1, 0xfe, 0xfe, 0xda,
  0x77, 0x47, 0x3e, 0xfe, 0x32, 0x10, 0xc1, 0xcd, 0x74, 0x6c, 0x01, 0x00,
  0x00, 0x21, 0x00, 0xc4, 0x71, 0x2c, 0x23, 0x10, 0xfb, 0xcd, 0x19, 0x88,
  0xcd, 0xb5, 0x6d, 0xcd, 0x1a, 0x57, 0xda, 0x75, 0x4b, 0x21, 0xe4, 0x8b,
  0x3a, 0x13, 0xc1, 0xa7, 0xcc, 0x5a, 0x64, 0xda, 0x57, 0x48, 0x11, 0x08,
  0x8d, 0x21, 0x52, 0x8d, 0x3a, 0x13, 0xc1, 0xa7, 0xcc, 0x94, 0x65, 0xda,
  0x57, 0x48, 0xcd, 0x71, 0x88, 0xcd, 0xbb, 0x89, 0x3a, 0x13, 0xc1, 0xa7,
  0xc4, 0xe3, 0x89, 0xaf, 0x32, 0x13, 0xc1, 0x21, 0xe4, 0x8b, 0xcd, 0x5a,
  0x64, 0xda, 0x57, 0x48, 0x21, 0xb6, 0x8c, 0xcd, 0x67, 0x65, 0xcd, 0x1a,
  0x57, 0xda, 0x75, 0x4b, 0x11, 0x08, 0x8d, 0x21, 0x52, 0x8d, 0xcd, 0x94,
  0x65, 0xda, 0x57, 0x48, 0x3a, 0x12, 0xc1, 0xcd, 0x4d, 0x5d, 0xd2, 0x9a,
  0x46, 0x3a, 0x11, 0xc1, 0xa7, 0xf2, 0x9a, 0x46, 0xaf, 0x32, 0x11, 0xc1,
  0xc3, 0x9a, 0x46, 0xaf, 0x32, 0x11, 0xc1, 0x3d, 0x32, 0x13, 0xc1, 0xcd,
  0x74, 0x5c, 0xa7, 0xca, 0x8b, 0x47, 0xf2, 0xb5, 0x47, 0x3e, 0xf8, 0x32,
  0x12, 0xc1, 0x3a, 0x11, 0xc1, 0xa7, 0xf2, 0x96, 0x47, 0xaf, 0x3c, 0x32,
  0x11, 0xc1, 0xfe, 0x03, 0xda, 0xcf, 0x47, 0xaf, 0x32, 0x11, 0xc1, 0xcd,
  0x91, 0x84, 0x21, 0xe4, 0x8b, 0xcd, 0x5a, 0x64, 0x21, 0xb6, 0x8c, 0xcd,
  0x67, 0x65, 0xc3, 0xf2, 0x46, 0x3e, 0x08, 0x32, 0x12, 0xc1, 0x2a, 0x29,
  0xc1, 0x01, 0x07, 0x00, 0x09, 0x7e, 0x3d, 0xfa, 0x9f, 0x47, 0x3a, 0x11,
  0xc1, 0xa7, 0xfa, 0xce, 0x47, 0xaf, 0x3d, 0x3e, 0xfd, 0x32, 0x10, 0xc1,
  0xcd, 0x74, 0x6c, 0x01, 0x00, 0x00, 0x21, 0x00, 0xc4, 0x71, 0x2c, 0x23,
  0x10, 0xfb, 0xcd, 0x3e, 0x80, 0xcd, 0xb5, 0x6d, 0xcd, 0x1a, 0x57, 0xda,
  0x75, 0x4b, 0x21, 0x75, 0x86, 0x3a, 0x13, 0xc1, 0xa7, 0xcc, 0x5a, 0x64,
  0xda, 0x54, 0x48, 0x11, 0x8d, 0x87, 0x21, 0xd2, 0x87, 0x3a, 0x13, 0xc1,
  0xa7, 0xcc, 0x94, 0x65, 0xda, 0x54, 0x48, 0xcd, 0x91, 0x80, 0xcd, 0x9c,
  0x81, 0x3a, 0x13, 0xc1, 0xa7, 0xc4, 0xc4, 0x81, 0xaf, 0x32, 0x13, 0xc1,
  0x21, 0x75, 0x86, 0xcd, 0x5a, 0x64, 0xda, 0x54, 0x48, 0x21, 0x3d, 0x87,
  0xcd, 0x67, 0x65, 0xcd, 0x1a, 0x57, 0xda, 0x75, 0x4b, 0x11, 0x8d, 0x87,
  0x21, 0xd2, 0x87, 0xcd, 0x94, 0x65, 0xda, 0x54, 0x48, 0x3a, 0x12, 0xc1,
  0xcd, 0x4d, 0x5d, 0xd2, 0x7f, 0x47, 0x3a, 0x11, 0xc1, 0xa7, 0xf2, 0x7f,
  0x47, 0xaf, 0x32, 0x11, 0xc1, 0xc3, 0x7f, 0x47, 0xcd, 0x91, 0x84, 0xcd,
  0x05, 0x8b, 0xcd, 0x4f, 0x8f, 0x21, 0xcc, 0x60, 0xcd, 0x5a, 0x64, 0x21,
  0x8b, 0x61, 0xcd, 0x67, 0x65, 0xaf, 0x32, 0x11, 0xc1, 0xc3, 0x56, 0x42,
  0xaf, 0x32, 0x30, 0xc1, 0x32, 0x33, 0xc1, 0xcd, 0x74, 0x5c, 0x87, 0x87,
  0x87, 0x32, 0x12, 0xc1, 0x21, 0x00, 0xe8, 0x22, 0x29, 0xc1, 0xcd, 0x74,
  0x6c, 0xcd, 0xf8, 0x6c, 0xcd, 0x1a, 0x57, 0xda, 0x75, 0x4b, 0x21, 0x00,
  0xd8, 0x11, 0x00, 0x08, 0x01, 0x00, 0x08, 0xcd, 0x5c, 0x00, 0x21, 0xcc,
  0x60, 0xcd, 0x5a, 0x64, 0x21, 0x8b, 0x61, 0xcd, 0x67, 0x65, 0xcd, 0x1a,
  0x57, 0xda, 0x75, 0x4b, 0x11, 0xd9, 0x61, 0x21, 0x44, 0x62, 0xcd, 0x94,
  0x65, 0xcd, 0x52, 0x6a, 0xda, 0xc8, 0x48, 0x3a, 0x12, 0xc1, 0xcd, 0x4d,
  0x5d, 0xc3, 0x77, 0x48, 0x3e, 0xff, 0x32, 0x28, 0xc1, 0x32, 0x27, 0xc1,
  0x3a, 0xf6, 0xc0, 0xa7, 0xc2, 0xbf, 0x48, 0xcd, 0x87, 0x40, 0xcd, 0x6b,
  0x5c, 0x3e, 0xbf, 0x32, 0x2b, 0xc1, 0xcd, 0x90, 0x00, 0x21, 0xfd, 0x91,
  0x11, 0x00, 0x39, 0xcd, 0xf1, 0x5f, 0x21, 0x00, 0x1b, 0x3e, 0x0f, 0xcd,
  0x4d, 0x00, 0x2c, 0x3e, 0x60, 0xcd, 0x4d, 0x00, 0x2c, 0x3e, 0x20, 0xcd,
  0x4d, 0x00, 0x2c, 0x3a, 0x62, 0x91, 0xcd, 0x4d, 0x00, 0x2c, 0x3e, 0x0f,
  0xcd, 0x4d, 0x00, 0x2c, 0x3e, 0x80, 0xcd, 0x4d, 0x00, 0x2c, 0x3e, 0x24,
  0xcd, 0x4d, 0x00, 0x2c, 0x3a, 0x62, 0x91, 0xcd, 0x4d, 0x00, 0x21, 0xef,
  0x93, 0x22, 0x47, 0xc1, 0x21, 0x26, 0x94, 0x22, 0x49, 0xc1, 0x21, 0x3a,
  0x94, 0x22, 0x4b, 0xc1, 0x3e, 0x01, 0x32, 0x42, 0xc1, 0x32, 0x41, 0xc1,
  0x32, 0x45, 0xc1, 0x3e, 0x08, 0x1e, 0x10, 0xcd, 0x93, 0x00, 0x3c, 0xcd,
  0x93, 0x00, 0x3c, 0xcd, 0x93, 0x00, 0x3c, 0x1e, 0x00, 0xcd, 0x93, 0x00,
  0x3c, 0x1e, 0x7d, 0xcd, 0x93, 0x00, 0x3c, 0x1e, 0x00, 0xcd, 0x93, 0x00,
  0xcd, 0x55, 0x40, 0x21, 0x00, 0x14, 0xd9, 0x3e, 0x80, 0x21, 0x10, 0x32,
  0x01, 0x28, 0x00, 0xcd, 0x56, 0x00, 0xd9, 0x2c, 0xd9, 0x20, 0xf0, 0x3e,
  0xf0, 0x21, 0x10, 0x32, 0x01, 0x28, 0x00, 0xcd, 0x56, 0x00, 0xd9, 0x2c,
  0xd9, 0x20, 0xf0, 0x21, 0x00, 0x1b, 0xcd, 0x4a, 0x00, 0xee, 0xde, 0xcd,
  0x4d, 0x00, 0x2e, 0x04, 0xcd, 0x4a, 0x00, 0xee, 0xde, 0xcd, 0x4d, 0x00,
  0xd9, 0x25, 0xd9, 0xc2, 0x67, 0x49, 0xcd, 0x87, 0x40, 0xcd, 0x90, 0x00,
  0xcd, 0x72, 0x00, 0xcd, 0xc3, 0x00, 0xcd, 0x69, 0x00, 0x3e, 0xbf, 0x32,
  0x2b, 0xc1, 0xcd, 0x90, 0x00, 0x3e, 0x80, 0x21, 0x00, 0x24, 0x01, 0x00,
  0x03, 0xcd, 0x56, 0x00, 0x3e, 0xf0, 0x21, 0x00, 0x29, 0x01, 0x00, 0x05,
  0xcd, 0x56, 0x00, 0x3e, 0xb0, 0x21, 0x00, 0x30, 0x01, 0x00, 0x05, 0xcd,
  0x56, 0x00, 0x21, 0x59, 0x92, 0x11, 0x50, 0x04, 0xcd, 0xf1, 0x5f, 0x2a,
  0x0b, 0xc1, 0x11, 0x90, 0x04, 0xcd, 0x9a, 0x60, 0x21, 0x62, 0x92, 0x11,
  0x48, 0x06, 0xcd, 0xf1, 0x5f, 0x2a, 0x0d, 0xc1, 0x11, 0x98, 0x06, 0xcd,
  0x9a, 0x60, 0x21, 0x71, 0x92, 0x11, 0x50, 0x09, 0xcd, 0xf1, 0x5f, 0x21,
  0x00, 0x00, 0x11, 0x88, 0x09, 0xcd, 0x48, 0x60, 0xcd, 0x14, 0x60, 0x3e,
  0x07, 0xcd, 0xf3, 0x54, 0x3a, 0x3f, 0xc1, 0xe6, 0x0c, 0x0f, 0x0f, 0x47,
  0x3a, 0x3e, 0xc1, 0x87, 0x80, 0xc6, 0x02, 0x32, 0x36, 0xc1, 0x2a, 0x0d,
  0xc1, 0xed, 0x5b, 0x0b, 0xc1, 0x01, 0x00, 0x00, 0xe7, 0xca, 0x73, 0x4a,
  0x7d, 0xc6, 0x01, 0x27, 0x6f, 0xfe, 0x60, 0xc2, 0x49, 0x4a, 0x2e, 0x00,
  0x7c, 0xc6, 0x01, 0x27, 0x67, 0xe5, 0xd5, 0xc5, 0xe1, 0x3a, 0x36, 0xc1,
  0x85, 0x27, 0x6f, 0xd2, 0x5b, 0x4a, 0x7c, 0xc6, 0x01, 0x27, 0x67, 0xe5,
  0x11, 0x88, 0x09, 0xcd, 0x48, 0x60, 0xcd, 0x14, 0x60, 0x01, 0x28, 0x00,
  0x10, 0xfe, 0x0d, 0x20, 0xfb, 0xc1, 0xd1, 0xe1, 0xc3, 0x34, 0x4a, 0xed,
  0x43, 0x3a, 0xc1, 0x3e, 0x07, 0xcd, 0xf3, 0x54, 0x21, 0x77, 0x92, 0x11,
  0x50, 0x0b, 0xcd, 0xf1, 0x5f, 0x21, 0x70, 0x00, 0x3a, 0xff, 0xc0, 0xa7,
  0x28, 0x02, 0x2e, 0x60, 0x3a, 0x06, 0xc1, 0x47, 0x3a, 0x08, 0xc1, 0x57,
  0x3a, 0x0a, 0xc1, 0x5f, 0x7d, 0x90, 0x38, 0x0c, 0x27, 0x92, 0x38, 0x08,
  0x27, 0x93, 0x38, 0x04, 0x27, 0x6f, 0x18, 0x02, 0x2e, 0x00, 0x22, 0x38,
  0xc1, 0x11, 0x88, 0x0b, 0xcd, 0x48, 0x60, 0xcd, 0x14, 0x60, 0x3e, 0x07,
  0xcd, 0xf3, 0x54, 0x21, 0x7d, 0x92, 0x11, 0x50, 0x0d, 0xcd, 0xf1, 0x5f,
  0x2a, 0x3c, 0xc1, 0x11, 0x88, 0x0d, 0xcd, 0x48, 0x60, 0xcd, 0x14, 0x60,
  0x3e, 0x07, 0xcd, 0xf3, 0x54, 0xed, 0x4b, 0x3a, 0xc1, 0xed, 0x5b, 0x38,
  0xc1, 0x2a, 0x3c, 0xc1, 0x79, 0x85, 0x27, 0x6f, 0x78, 0x8c, 0x27, 0x67,
  0x7b, 0x85, 0x27, 0x6f, 0x7a, 0x8c, 0x27, 0x67, 0x22, 0x3c, 0xc1, 0x11,
  0x88, 0x0d, 0xcd, 0x48, 0x60, 0xcd, 0x14, 0x60, 0x21, 0x83, 0x92, 0x11,
  0x48, 0x10, 0xcd, 0xf1, 0x5f, 0x21, 0x94, 0x92, 0x11, 0x50, 0x12, 0xcd,
  0xf1, 0x5f, 0x3a, 0x3f, 0xc1, 0x87, 0x87, 0x21, 0x97, 0x91, 0x85, 0x6f,
  0x7c, 0xce, 0x00, 0x67, 0x06, 0x04, 0x11, 0x98, 0x12, 0x7e, 0xc5, 0xd5,
  0xe5, 0xcd, 0x04, 0x60, 0xe1, 0xd1, 0xc1, 0x7b, 0xc6, 0x08, 0x5f, 0x23,
  0x10, 0xef, 0x21, 0xaf, 0x92, 0x11, 0x30, 0x14, 0xcd, 0xf1, 0x5f, 0xaf,
  0x32, 0x03, 0xc1, 0xcd, 0x32, 0x5d, 0xa7, 0xc2, 0x51, 0x4b, 0x3d, 0x32,
  0x03, 0xc1, 0xc3, 0x43, 0x4b, 0x3a, 0x03, 0xc1, 0xa7, 0xca, 0x43, 0x4b,
  0x3a, 0x3f, 0xc1, 0xfe, 0x08, 0x28, 0x13, 0x3c, 0xe6, 0x07, 0x32, 0x3f,
  0xc1, 0xc2, 0xe4, 0x40, 0x3a, 0x3e, 0xc1, 0x3c, 0x32, 0x3e, 0xc1, 0xc3,
  0xe4, 0x40, 0xaf, 0x18, 0xed, 0xcd, 0x87, 0x40, 0xcd, 0x90, 0x00, 0x2a,
  0x0b, 0xc1, 0x22, 0x0d, 0xc1, 0xcd, 0x7c, 0x5f, 0x3a, 0x2b, 0xc1, 0xf6,
  0x3f, 0x5f, 0x3e, 0x07, 0xcd, 0x93, 0x00, 0x21, 0xc5, 0x92, 0x11, 0x00,
  0x3a, 0xcd, 0xf1, 0x5f, 0x06, 0x00, 0x21, 0x00, 0x1b, 0x3e, 0x0f, 0xcd,
  0x4d, 0x00, 0x2c, 0x48, 0xcb, 0x39, 0x78, 0x87, 0x81, 0x87, 0x87, 0x87,
  0x87, 0xc6, 0x38, 0xcd, 0x4d, 0x00, 0x2c, 0x78, 0x87, 0x87, 0xc6, 0x40,
  0xcd, 0x4d, 0x00, 0x2c, 0x3a, 0x62, 0x91, 0xcd, 0x4d, 0x00, 0x2c, 0x04,
  0xcb, 0x50, 0x28, 0xd5, 0x21, 0x00, 0x00, 0xd9, 0x3e, 0x80, 0x21, 0x10,
  0x32, 0x01, 0x28, 0x00, 0xcd, 0x56, 0x00, 0xd9, 0x2c, 0xd9, 0x20, 0xf0,
  0x3e, 0xf0, 0x21, 0x10, 0x32, 0x01, 0x28, 0x00, 0xcd, 0x56, 0x00, 0xd9,
  0x2c, 0xd9, 0x20, 0xf0, 0x21, 0x00, 0x1b, 0xcd, 0x4a, 0x00, 0xee, 0xde,
  0x4f, 0x06, 0x04, 0x79, 0xcd, 0x4d, 0x00, 0x2c, 0x2c, 0x2c, 0x2c, 0x10,
  0xf6, 0xd9, 0x24, 0xcb, 0x5c, 0xd9, 0x28, 0xc4, 0x06, 0x0a, 0x2a, 0x3c,
  0xc1, 0xe5, 0x21, 0xc0, 0xc0, 0x5e, 0x23, 0x56, 0x23, 0xe3, 0xeb, 0xe7,
  0xeb, 0xda, 0x27, 0x4c, 0xe3, 0x10, 0xf2, 0xe1, 0xaf, 0x32, 0x40, 0xc1,
  0xc3, 0x70, 0x4c, 0x3e, 0x0b, 0x90, 0x32, 0x40, 0xc1, 0x05, 0x28, 0x20,
  0xc5, 0x21, 0xd1, 0xc0, 0x11, 0xd3, 0xc0, 0x78, 0x87, 0x4f, 0x06, 0x00,
  0xed, 0xb8, 0xc1, 0x21, 0xa9, 0xc1, 0x11, 0xb3, 0xc1, 0x78, 0x87, 0x4f,
  0x87, 0x87, 0x81, 0x4f, 0x06, 0x00, 0xed, 0xb8, 0xed, 0x5b, 0x3c, 0xc1,
  0xe1, 0x2d, 0x72, 0x2d, 0x73, 0x3a, 0x40, 0xc1, 0x3d, 0x87, 0x47, 0x87,
  0x87, 0x80, 0x4f, 0x06, 0x00, 0x21, 0x50, 0xc1, 0x09, 0x06, 0x0a, 0x36,
  0x25, 0x23, 0x10, 0xfb, 0xcd, 0x9e, 0x4d, 0xaf, 0x32, 0x40, 0xc1, 0x32,
  0x03, 0xc1, 0x01, 0x10, 0x00, 0xc5, 0xcd, 0x32, 0x5d, 0xa7, 0x20, 0x0d,
  0x3d, 0x32, 0x03, 0xc1, 0xc1, 0x10, 0xf2, 0x0d, 0x20, 0xef, 0xc3, 0xbb,
  0x40, 0x3a, 0x03, 0xc1, 0xa7, 0x28, 0xf1, 0xc1, 0xc3, 0xbb, 0x40, 0x21,
  0x00, 0x00, 0x22, 0xea, 0xf3, 0xcd, 0x62, 0x00, 0xcd, 0x72, 0x00, 0xcd,
  0xc3, 0x00, 0xcd, 0x69, 0x00, 0xcd, 0x41, 0x00, 0x21, 0x72, 0xb6, 0x11,
  0x00, 0xd8, 0xcd, 0xb0, 0x5f, 0x21, 0x00, 0xd8, 0x11, 0x00, 0x08, 0xcd,
  0xcc, 0x5f, 0x21, 0xa8, 0xb9, 0x11, 0x00, 0xd8, 0xcd, 0xb0, 0x5f, 0x21,
  0x00, 0xd8, 0x11, 0x00, 0x28, 0xcd, 0xcc, 0x5f, 0x3e, 0x90, 0x21, 0x00,
  0x22, 0x01, 0x00, 0x01, 0xcd, 0x56, 0x00, 0x21, 0xbb, 0x91, 0x11, 0x40,
  0x02, 0xcd, 0xf1, 0x5f, 0x3e, 0xb0, 0x21, 0x00, 0x24, 0x01, 0x00, 0x01,
  0xcd, 0x56, 0x00, 0x21, 0xcc, 0x91, 0x11, 0x60, 0x04, 0xcd, 0xf1, 0x5f,
  0x3e, 0x20, 0x21, 0x00, 0x32, 0x01, 0x00, 0x03, 0xcd, 0x56, 0x00, 0x21,
  0xd5, 0x92, 0x11, 0x40, 0x12, 0xcd, 0xf1, 0x5f, 0x21, 0xe7, 0x92, 0x11,
  0x48, 0x13, 0xcd, 0xf1, 0x5f, 0x21, 0xd5, 0x91, 0x11, 0x38, 0x14, 0xcd,
  0xf1, 0x5f, 0x3e, 0xf0, 0x21, 0x00, 0x36, 0x01, 0x00, 0x01, 0xcd, 0x56,
  0x00, 0x21, 0xe9, 0x91, 0x11, 0x38, 0x16, 0xcd, 0xf1, 0x5f, 0xcd, 0x44,
  0x00, 0xaf, 0x32, 0x40, 0xc1, 0x32, 0x03, 0xc1, 0x01, 0x28, 0x00, 0xc5,
  0xcd, 0x32, 0x5d, 0xa7, 0x20, 0x44, 0x3d, 0x32, 0x03, 0xc1, 0xcd, 0x34,
  0x67, 0xc1, 0x10, 0xef, 0x0d, 0x20, 0xec, 0xcd, 0x9e, 0x4d, 0x01, 0x28,
  0x00, 0xc5, 0xcd, 0x32, 0x5d, 0xa7, 0x20, 0x32, 0x3d, 0x32, 0x03, 0xc1,
  0xcd, 0x34, 0x67, 0xc1, 0x10, 0xef, 0x0d, 0x20, 0xec, 0x21, 0xbe, 0x97,
  0x7e, 0x32, 0x0c, 0xc1, 0x23, 0x7e, 0x32, 0x0b, 0xc1, 0x23, 0x7e, 0x32,
  0xea, 0xc0, 0xaf, 0x32, 0x3f, 0xc1, 0x3d, 0x32, 0xff, 0xc0, 0xe1, 0xc3,
  0xe7, 0x40, 0x3a, 0x03, 0xc1, 0xa7, 0x28, 0xba, 0xc1, 0xc9, 0x3a, 0x03,
  0xc1, 0xa7, 0x28, 0xcc, 0xc1, 0xc9, 0xcd, 0x72, 0x00, 0xcd, 0xc3, 0x00,
  0xcd, 0x69, 0x00, 0xcd, 0x56, 0x01, 0xcd, 0x41, 0x00, 0x3e, 0x80, 0x21,
  0x00, 0x23, 0x01, 0x00, 0x01, 0xcd, 0x56, 0x00, 0x3e, 0x20, 0x21, 0x00,
  0x25, 0x01, 0x00, 0x01, 0xcd, 0x56, 0x00, 0x3e, 0xb0, 0x21, 0x00, 0x28,
  0x01, 0x00, 0x01, 0xcd, 0x56, 0x00, 0x3e, 0xf0, 0x21, 0x00, 0x2a, 0x01,
  0x00, 0x0a, 0xcd, 0x56, 0x00, 0x21, 0x9d, 0x92, 0x11, 0x60, 0x03, 0xcd,
  0xf1, 0x5f, 0x21, 0x6c, 0x92, 0x11, 0x40, 0x05, 0xcd, 0xf1, 0x5f, 0x2a,
  0x3c, 0xc1, 0x11, 0x98, 0x05, 0xcd, 0x48, 0x60, 0x21, 0xa7, 0x92, 0x11,
  0x68, 0x08, 0xcd, 0xf1, 0x5f, 0x11, 0x50, 0xc1, 0x21, 0xc0, 0xc0, 0x06,
  0x01, 0x3e, 0x09, 0x80, 0xc5, 0xe5, 0xd5, 0xfe, 0x13, 0xca, 0xd2, 0x4e,
  0x57, 0x1e, 0x30, 0xd5, 0xc6, 0x1d, 0xcd, 0x04, 0x60, 0xd1, 0x1e, 0x40,
  0x06, 0x0a, 0xe1, 0x7e, 0x23, 0xc5, 0xe5, 0xd5, 0xcd, 0x04, 0x60, 0xd1,
  0x7b, 0xc6, 0x08, 0x5f, 0xe1, 0xc1, 0x10, 0xef, 0xe3, 0x4e, 0x23, 0x46,
  0x23, 0xe5, 0x60, 0x69, 0x1e, 0xa0, 0xcd, 0x48, 0x60, 0xe1, 0xd1, 0xc1,
  0x04, 0x78, 0xfe, 0x0b, 0xda, 0x05, 0x4e, 0xcd, 0x44, 0x00, 0x3a, 0x40,
  0xc1, 0xa7, 0xc8, 0x3d, 0x47, 0x87, 0x4f, 0x87, 0x87, 0x81, 0x5f, 0x16,
  0x00, 0x21, 0x50, 0xc1, 0x19, 0x78, 0xc6, 0x0a, 0x57, 0x1e, 0x40, 0xe5,
  0xd5, 0xaf, 0xcd, 0x04, 0x60, 0xd1, 0xe1, 0xcd, 0x9f, 0x00, 0xfe, 0x0d,
  0xca, 0xcd, 0x4e, 0xfe, 0x08, 0xca, 0xb4, 0x4e, 0xfe, 0x20, 0xca, 0xac,
  0x4e, 0xfe, 0x2e, 0xca, 0xb0, 0x4e, 0xfe, 0x41, 0x38, 0xe5, 0xfe, 0x7b,
  0x30, 0xe1, 0xe6, 0x1f, 0x28, 0xdd, 0xfe, 0x1b, 0x30, 0xd9, 0x47, 0x7b,
  0xfe, 0x90, 0x28, 0xd3, 0x70, 0x23, 0xe5, 0xd5, 0x78, 0xcd, 0x04, 0x60,
  0xcd, 0x14, 0x60, 0xd1, 0x7b, 0xc6, 0x08, 0x5f, 0xe1, 0xc3, 0x63, 0x4e,
  0x3e, 0x25, 0x18, 0xe2, 0x3e, 0x1d, 0x18, 0xde, 0x7b, 0xfe, 0x40, 0xca,
  0x6b, 0x4e, 0xe5, 0xd5, 0x3e, 0x25, 0xcd, 0x04, 0x60, 0xd1, 0xe1, 0x2b,
  0x36, 0x25, 0x7b, 0xd6, 0x08, 0x5f, 0xc3, 0x63, 0x4e, 0x3e, 0x25, 0xc3,
  0x04, 0x60, 0x11, 0x28, 0x13, 0x3e, 0x27, 0xcd, 0x04, 0x60, 0x11, 0x30,
  0x13, 0x3e, 0x26, 0xcd, 0x04, 0x60, 0x11, 0x40, 0x13, 0xc3, 0x1c, 0x4e,
  0xcd, 0x41, 0x00, 0xcd, 0x72, 0x00, 0xcd, 0xc3, 0x00, 0x3e, 0x20, 0x21,
  0x00, 0x28, 0x01, 0x00, 0x01, 0xcd, 0x56, 0x00, 0x21, 0x13, 0x92, 0x11,
  0x30, 0x08, 0xcd, 0xf1, 0x5f, 0x3e, 0xf0, 0x21, 0x00, 0x2a, 0x01, 0x00,
  0x01, 0xcd, 0x56, 0x00, 0x21, 0x27, 0x92, 0x11, 0x38, 0x0a, 0xcd, 0xf1,
  0x5f, 0x3e, 0x01, 0x11, 0xb0, 0x0a, 0xcd, 0x04, 0x60, 0x3e, 0x80, 0x21,
  0x00, 0x2c, 0x01, 0x00, 0x03, 0xcd, 0x56, 0x00, 0x21, 0x27, 0x92, 0x11,
  0x38, 0x0c, 0xcd, 0xf1, 0x5f, 0x3e, 0x02, 0x11, 0xb0, 0x0c, 0xcd, 0x04,
  0x60, 0x21, 0x36, 0x92, 0x11, 0x38, 0x0e, 0xcd, 0xf1, 0x5f, 0xaf, 0x32,
  0x03, 0xc1, 0x32, 0x02, 0xc1, 0x08, 0xcd, 0x44, 0x00, 0xcd, 0x32, 0x5d,
  0xa7, 0xc2, 0xaa, 0x4f, 0x3d, 0x32, 0x03, 0xc1, 0xcd, 0x3a, 0x5d, 0xfe,
  0x01, 0x28, 0x2d, 0xfe, 0x05, 0x28, 0x07, 0x3e, 0xff, 0x32, 0x02, 0xc1,
  0x18, 0xe3, 0x3a, 0x02, 0xc1, 0xa7, 0x28, 0xdd, 0xaf, 0x32, 0x02, 0xc1,
  0x08, 0xf5, 0x06, 0x80, 0xcd, 0xbf, 0x4f, 0xf1, 0x3c, 0xfe, 0x03, 0x20,
  0x01, 0xaf, 0xf5, 0x06, 0xf0, 0xcd, 0xbf, 0x4f, 0xf1, 0x08, 0x18, 0xc1,
  0x3a, 0x02, 0xc1, 0xa7, 0x28, 0xbb, 0xaf, 0x32, 0x02, 0xc1, 0x08, 0xf5,
  0x06, 0x80, 0xcd, 0xbf, 0x4f, 0xf1, 0x3d, 0xf2, 0x86, 0x4f, 0x3e, 0x02,
  0x18, 0xdc, 0x3a, 0x03, 0xc1, 0xa7, 0xca, 0x5c, 0x4f, 0x08, 0x0f, 0x47,
  0x9f, 0x32, 0x00, 0xc1, 0xcb, 0x08, 0x9f, 0x32, 0xff, 0xc0, 0xc9, 0x87,
  0x67, 0x2e, 0x00, 0x11, 0x00, 0x2a, 0x19, 0x78, 0x01, 0x00, 0x01, 0xc3,
  0x56, 0x00, 0xcd, 0x72, 0x00, 0xcd, 0xc3, 0x00, 0xcd, 0x69, 0x00, 0xcd,
  0x56, 0x01, 0xcd, 0x41, 0x00, 0x21, 0xbf, 0xbc, 0x11, 0x00, 0xd8, 0xcd,
  0xb0, 0x5f, 0x21, 0x00, 0xd8, 0x11, 0x00, 0x08, 0xcd, 0xcc, 0x5f, 0x11,
  0x28, 0x00, 0xd5, 0x7a, 0xc6, 0x27, 0x16, 0x07, 0xcd, 0x04, 0x60, 0xd1,
  0x7b, 0xc6, 0x38, 0x5f, 0x14, 0xcb, 0x52, 0x28, 0xed, 0x11, 0x28, 0x00,
  0xd5, 0x7a, 0xc6, 0x2b, 0x16, 0x10, 0xcd, 0x04, 0x60, 0xd1, 0x7b, 0xc6,
  0x38, 0x5f, 0x14, 0xcb, 0x52, 0x28, 0xed, 0x3e, 0x20, 0x21, 0x00, 0x24,
  0x01, 0x00, 0x01, 0xcd, 0x56, 0x00, 0x3e, 0xb0, 0x21, 0x00, 0x27, 0x01,
  0x00, 0x0a, 0xcd, 0x56, 0x00, 0x3e, 0xf0, 0x21, 0x00, 0x28, 0x01, 0x00,
  0x08, 0xcd, 0x56, 0x00, 0x3e, 0x20, 0x21, 0x00, 0x33, 0x01, 0x00, 0x01,
  0xcd, 0x56, 0x00, 0x3e, 0xb0, 0x21, 0x00, 0x35, 0x01, 0x00, 0x01, 0xcd,
  0x56, 0x00, 0x21, 0x48, 0x92, 0x11, 0x38, 0x04, 0xcd, 0xf1, 0x5f, 0x21,
  0xaf, 0x92, 0x11, 0x30, 0x15, 0xcd, 0xf1, 0x5f, 0xcd, 0x44, 0x00, 0x3a,
  0x3f, 0xc1, 0xc6, 0x27, 0x11, 0x88, 0x04, 0xcd, 0x04, 0x60, 0x21, 0x85,
  0x91, 0x3a, 0x3f, 0xc1, 0x87, 0x4f, 0x06, 0x00, 0x09, 0x5e, 0x23, 0x56,
  0xeb, 0x5e, 0x23, 0x56, 0x23, 0xeb, 0x3a, 0x3e, 0xc1, 0xa7, 0x28, 0x16,
  0x47, 0x7d, 0xd6, 0x05, 0x27, 0x30, 0x0c, 0x25, 0x20, 0x05, 0x21, 0x00,
  0x01, 0x18, 0x07, 0x7d, 0xc6, 0x55, 0x27, 0x6f, 0x10, 0xeb, 0x22, 0x0b,
  0xc1, 0x1a, 0x32, 0xea, 0xc0, 0xc6, 0x26, 0x11, 0xc0, 0x04, 0xcd, 0x04,
  0x60, 0x21, 0x59, 0x92, 0x11, 0x50, 0x13, 0xcd, 0xf1, 0x5f, 0x2a, 0x0b,
  0xc1, 0x11, 0x90, 0x13, 0xcd, 0x9a, 0x60, 0x3a, 0x3f, 0xc1, 0xfe, 0x08,
  0x28, 0x1e, 0xe6, 0x03, 0x47, 0x87, 0x87, 0x87, 0x90, 0x87, 0x87, 0x87,
  0xc6, 0x10, 0x6f, 0x3a, 0x3f, 0xc1, 0xe6, 0x04, 0xc6, 0x28, 0x67, 0x22,
  0x36, 0xc1, 0x21, 0xd0, 0x90, 0x22, 0x34, 0xc1, 0xaf, 0x32, 0x03, 0xc1,
  0xcd, 0x9b, 0x51, 0xcd, 0x32, 0x5d, 0xa7, 0xc2, 0x8c, 0x51, 0x3d, 0x32,
  0x03, 0xc1, 0xcd, 0x34, 0x67, 0x3e, 0x07, 0xcd, 0x41, 0x01, 0xcb, 0x57,
  0x20, 0xe6, 0x3e, 0xf0, 0x21, 0x00, 0x28, 0x01, 0x00, 0x08, 0xcd, 0x56,
  0x00, 0xaf, 0x21, 0x00, 0x13, 0x01, 0x00, 0x01, 0xcd, 0x56, 0x00, 0x21,
  0x94, 0x92, 0x11, 0x60, 0x13, 0xcd, 0xf1, 0x5f, 0x3e, 0x21, 0x11, 0xa0,
  0x13, 0xcd, 0x04, 0x60, 0x06, 0x04, 0x21, 0x00, 0xc0, 0xcd, 0x9f, 0x00,
  0xfe, 0x41, 0xda, 0xb1, 0x50, 0xfe, 0x7b, 0xd2, 0xb1, 0x50, 0xe6, 0x1f,
  0xca, 0xb1, 0x50, 0xfe, 0x1b, 0xd2, 0xb1, 0x50, 0x77, 0x2c, 0xcd, 0x14,
  0x60, 0x10, 0xe2, 0x21, 0x97, 0x91, 0x3e, 0x09, 0x08, 0x01, 0x00, 0x04,
  0x11, 0x00, 0xc0, 0x1a, 0xbe, 0x28, 0x02, 0x0e, 0xff, 0x23, 0x13, 0x10,
  0xf6, 0x79, 0xa7, 0x28, 0x07, 0x08, 0x3d, 0x20, 0xe7, 0xc3, 0xb1, 0x50,
  0x08, 0x47, 0x3e, 0x0a, 0x90, 0x32, 0x3f, 0xc1, 0xfe, 0x09, 0x28, 0x18,
  0xfe, 0x08, 0xc2, 0x67, 0x50, 0xaf, 0x32, 0x3f, 0xc1, 0x21, 0x3e, 0xc1,
  0x34, 0xc3, 0x67, 0x50, 0x3a, 0x03, 0xc1, 0xa7, 0xca, 0xfd, 0x50, 0xc9,
  0x3d, 0x32, 0x3f, 0xc1, 0xc3, 0x67, 0x50, 0x3a, 0x3f, 0xc1, 0xfe, 0x08,
  0xc8, 0x06, 0x04, 0x2a, 0x36, 0xc1, 0xc5, 0x3a, 0x35, 0xc1, 0x01, 0x38,
  0x00, 0xcd, 0x56, 0x00, 0xc1, 0x24, 0x10, 0xf2, 0x21, 0x34, 0xc1, 0x34,
  0xc0, 0x36, 0xd0, 0x23, 0x7e, 0xee, 0x60, 0x77, 0xc9, 0x21, 0x00, 0x00,
  0x22, 0xea, 0xf3, 0xcd, 0x62, 0x00, 0xcd, 0xc3, 0x00, 0xcd, 0x41, 0x00,
  0x3a, 0x2f, 0xc1, 0x21, 0x00, 0x20, 0x01, 0x00, 0x08, 0xcd, 0x56, 0x00,
  0x3a, 0x2e, 0xc1, 0x21, 0x00, 0x28, 0x01, 0x00, 0x08, 0xcd, 0x56, 0x00,
  0x21, 0x6f, 0xaf, 0x11, 0x00, 0xd8, 0xcd, 0xb0, 0x5f, 0x21, 0x00, 0xd8,
  0x11, 0x00, 0x10, 0xcd, 0xcc, 0x5f, 0x21, 0x2a, 0xb5, 0x11, 0x00, 0xd8,
  0xcd, 0xb0, 0x5f, 0x21, 0x00, 0xd8, 0x11, 0x00, 0x30, 0xcd, 0xcc, 0x5f,
  0x21, 0x00, 0xe8, 0xcd, 0x25, 0x6c, 0x3a, 0xeb, 0xc0, 0x4f, 0xcd, 0xf5,
  0x6b, 0xcd, 0xc3, 0x6c, 0xcd, 0xf8, 0x6c, 0x21, 0x00, 0xd8, 0x11, 0x00,
  0x08, 0x01, 0x00, 0x08, 0xcd, 0x5c, 0x00, 0x21, 0xcc, 0x60, 0xcd, 0x5a,
  0x64, 0x21, 0x8b, 0x61, 0xcd, 0x67, 0x65, 0x3a, 0xea, 0xc0, 0x11, 0x10,
  0x16, 0xcd, 0x5b, 0x5c, 0xcd, 0x1b, 0x5c, 0xcd, 0x7c, 0x5f, 0x3a, 0xff,
  0xc0, 0xa7, 0xca, 0x55, 0x52, 0x3e, 0x01, 0x11, 0xe8, 0x16, 0xcd, 0x04,
  0x60, 0xcd, 0x6e, 0x5a, 0x3e, 0x20, 0x11, 0x20, 0x12, 0xcd, 0x04, 0x60,
  0x3e, 0x80, 0x21, 0x10, 0x32, 0x01, 0x28, 0x00, 0xcd, 0x56, 0x00, 0x3e,
  0x80, 0x21, 0xc8, 0x32, 0x01, 0x18, 0x00, 0xcd, 0x56, 0x00, 0x3e, 0x80,
  0x21, 0x08, 0x36, 0x01, 0x10, 0x00, 0xcd, 0x56, 0x00, 0x3e, 0x80, 0x21,
  0xe8, 0x36, 0x01, 0x08, 0x00, 0xcd, 0x56, 0x00, 0x21, 0xcf, 0xa2, 0x11,
  0x80, 0x39, 0x01, 0x20, 0x00, 0xcd, 0x5c, 0x00, 0x21, 0x30, 0x1b, 0x3e,
  0x5d, 0xcd, 0x4d, 0x00, 0x2c, 0x3e, 0x0e, 0xcd, 0x4d, 0x00, 0x2c, 0x3e,
  0x30, 0xcd, 0x4d, 0x00, 0x2c, 0x3a, 0x64, 0x91, 0xcd, 0x4d, 0x00, 0x2c,
  0x3e, 0x5d, 0xcd, 0x4d, 0x00, 0x2c, 0x3e, 0xd4, 0xcd, 0x4d, 0x00, 0x2c,
  0x3e, 0x30, 0xcd, 0x4d, 0x00, 0x2c, 0x3a, 0x64, 0x91, 0xcd, 0x4d, 0x00,
  0x21, 0x18, 0x2c, 0x3e, 0x66, 0x01, 0x08, 0x00, 0xcd, 0x56, 0x00, 0x24,
  0x3e, 0x11, 0x01, 0x08, 0x00, 0xcd, 0x56, 0x00, 0x24, 0x3e, 0x11, 0x01,
  0x08, 0x00, 0xcd, 0x56, 0x00, 0x21, 0xe0, 0x2c, 0x3e, 0x66, 0x01, 0x08,
  0x00, 0xcd, 0x56, 0x00, 0x24, 0x3e, 0x11, 0x01, 0x08, 0x00, 0xcd, 0x56,
  0x00, 0x24, 0x3e, 0x11, 0x01, 0x08, 0x00, 0xcd, 0x56, 0x00, 0x21, 0x06,
  0x92, 0x11, 0x00, 0x39, 0xcd, 0xf1, 0x5f, 0x21, 0x00, 0x1b, 0x3e, 0x0f,
  0xcd, 0x4d, 0x00, 0x2c, 0x3e, 0x58, 0xcd, 0x4d, 0x00, 0x2c, 0x3e, 0x20,
  0xcd, 0x4d, 0x00, 0x2c, 0x3a, 0x62, 0x91, 0xcd, 0x4d, 0x00, 0x2c, 0x3e,
  0x0f, 0xcd, 0x4d, 0x00, 0x2c, 0x3e, 0x78, 0xcd, 0x4d, 0x00, 0x2c, 0x3e,
  0x24, 0xcd, 0x4d, 0x00, 0x2c, 0x3a, 0x62, 0x91, 0xcd, 0x4d, 0x00, 0x2c,
  0x3e, 0x0f, 0xcd, 0x4d, 0x00, 0x2c, 0x3e, 0x98, 0xcd, 0x4d, 0x00, 0x2c,
  0x3e, 0x28, 0xcd, 0x4d, 0x00, 0x2c, 0x3a, 0x62, 0x91, 0xcd, 0x4d, 0x00,
  0xcd, 0xd2, 0x5a, 0xcd, 0x44, 0x00, 0x21, 0x00, 0x00, 0x2b, 0x7c, 0xb5,
  0x20, 0xfb, 0xcd, 0x00, 0x55, 0x3a, 0xe9, 0xc0, 0xa7, 0xc2, 0xa9, 0x53,
  0x3e, 0x02, 0x1e, 0xfe, 0xcd, 0x93, 0x00, 0x3c, 0x1e, 0x00, 0xcd, 0x93,
  0x00, 0x3e, 0x09, 0x1e, 0x10, 0xcd, 0x93, 0x00, 0x3e, 0x0b, 0x1e, 0x00,
  0xcd, 0x93, 0x00, 0x3c, 0x1e, 0x1e, 0xcd, 0x93, 0x00, 0x3c, 0x1e, 0x08,
  0xcd, 0x93, 0x00, 0x3a, 0x2b, 0xc1, 0xe6, 0xfd, 0x32, 0x2b, 0xc1, 0x5f,
  0x3e, 0x07, 0xcd, 0x93, 0x00, 0xcd, 0xf1, 0x54, 0xcd, 0x00, 0x55, 0x21,
  0x18, 0x2c, 0x3e, 0x11, 0x01, 0x08, 0x00, 0xcd, 0x56, 0x00, 0x24, 0x3e,
  0x66, 0x01, 0x08, 0x00, 0xcd, 0x56, 0x00, 0x21, 0xe0, 0x2c, 0x3e, 0x11,
  0x01, 0x08, 0x00, 0xcd, 0x56, 0x00, 0x24, 0x3e, 0x66, 0x01, 0x08, 0x00,
  0xcd, 0x56, 0x00, 0xcd, 0xf1, 0x54, 0xcd, 0x00, 0x55, 0x21, 0x18, 0x2d,
  0x3e, 0x11, 0x01, 0x08, 0x00, 0xcd, 0x56, 0x00, 0x24, 0x3e, 0x33, 0x01,
  0x08, 0x00, 0xcd, 0x56, 0x00, 0x21, 0xe0, 0x2d, 0x3e, 0x11, 0x01, 0x08,
  0x00, 0xcd, 0x56, 0x00, 0x24, 0x3e, 0x33, 0x01, 0x08, 0x00, 0xcd, 0x56,
  0x00, 0x3a, 0xe9, 0xc0, 0xa7, 0xc2, 0x3c, 0x54, 0x3e, 0x02, 0x1e, 0x7f,
  0xcd, 0x93, 0x00, 0x3c, 0x1e, 0x00, 0xcd, 0x93, 0x00, 0x3e, 0x09, 0x1e,
  0x10, 0xcd, 0x93, 0x00, 0x3e, 0x0b, 0x1e, 0x00, 0xcd, 0x93, 0x00, 0x3c,
  0x1e, 0x32, 0xcd, 0x93, 0x00, 0x3c, 0x1e, 0x00, 0xcd, 0x93, 0x00, 0x3a,
  0x2b, 0xc1, 0x5f, 0x3e, 0x07, 0xcd, 0x93, 0x00, 0x21, 0x00, 0x1b, 0x3e,
  0xd1, 0xcd, 0x4d, 0x00, 0x2e, 0x04, 0x3e, 0xd1, 0xcd, 0x4d, 0x00, 0x2e,
  0x08, 0x3e, 0xd1, 0xcd, 0x4d, 0x00, 0x3a, 0xe9, 0xc0, 0xa7, 0xc2, 0xd4,
  0x54, 0x3e, 0x03, 0x32, 0x41, 0xc1, 0x3e, 0x50, 0x32, 0x42, 0xc1, 0x21,
  0x6e, 0x93, 0x22, 0x43, 0xc1, 0x3e, 0x01, 0x32, 0x45, 0xc1, 0xcd, 0x3c,
  0x40, 0xcd, 0x1a, 0x57, 0xda, 0x75, 0x4b, 0xcd, 0x06, 0x5d, 0xa7, 0xc2,
  0x85, 0x54, 0xcd, 0x74, 0x5c, 0xa7, 0xca, 0x71, 0x54, 0x21, 0x18, 0x2c,
  0x3a, 0x2e, 0xc1, 0x01, 0x08, 0x00, 0xcd, 0x56, 0x00, 0x24, 0x3a, 0x2e,
  0xc1, 0x01, 0x08, 0x00, 0xcd, 0x56, 0x00, 0x24, 0x3a, 0x2e, 0xc1, 0x01,
  0x08, 0x00, 0xcd, 0x56, 0x00, 0x21, 0xe0, 0x2c, 0x3a, 0x2e, 0xc1, 0x01,
  0x08, 0x00, 0xcd, 0x56, 0x00, 0x24, 0x3a, 0x2e, 0xc1, 0x01, 0x08, 0x00,
  0xcd, 0x56, 0x00, 0x24, 0x3a, 0x2e, 0xc1, 0x01, 0x08, 0x00, 0xcd, 0x56,
  0x00, 0x21, 0x30, 0x1b, 0x3e, 0xd1, 0xcd, 0x4d, 0x00, 0x2e, 0x34, 0x3e,
  0xd1, 0xc3, 0x4d, 0x00, 0x21, 0x00, 0x00, 0x22, 0x0d, 0xc1, 0x01, 0x00,
  0x00, 0xc5, 0xcd, 0x7c, 0x5f, 0xcd, 0x32, 0x5d, 0xa7, 0xc2, 0xff, 0x5c,
  0xc1, 0x10, 0xfe, 0x0d, 0x20, 0xef, 0xc3, 0x85, 0x54, 0x3e, 0x04, 0x0e,
  0x00, 0x06, 0x00, 0x10, 0xfe, 0x0d, 0x20, 0xf9, 0x3d, 0x20, 0xf4, 0xc9,
  0xcd, 0x32, 0x5d, 0xa7, 0xc8, 0x3a, 0xe9, 0xc0, 0xa7, 0xc8, 0xc3, 0xff,
  0x5c, 0xf5, 0xd5, 0xe5, 0x3a, 0x42, 0xc1, 0x3d, 0x32, 0x42, 0xc1, 0xc2,
  0x8e, 0x55, 0x3a, 0x41, 0xc1, 0x32, 0x42, 0xc1, 0x21, 0x45, 0xc1, 0x35,
  0xc2, 0x8e, 0x55, 0xed, 0x5b, 0x47, 0xc1, 0x1a, 0x13, 0xa7, 0xca, 0x8e,
  0x55, 0x77, 0x1a, 0x13, 0xed, 0x53, 0x47, 0xc1, 0xa7, 0xca, 0x95, 0x55,
  0x6f, 0x26, 0x00, 0x29, 0x29, 0x3e, 0x00, 0x5d, 0xcd, 0x93, 0x00, 0x3c,
  0x5c, 0xcd, 0x93, 0x00, 0xed, 0x5b, 0x49, 0xc1, 0x1a, 0x13, 0xed, 0x53,
  0x49, 0xc1, 0x6f, 0x26, 0x00, 0x29, 0x29, 0x3e, 0x02, 0x5d, 0xcd, 0x93,
  0x00, 0x3c, 0x5c, 0xcd, 0x93, 0x00, 0xed, 0x5b, 0x4b, 0xc1, 0x1a, 0x13,
  0xed, 0x53, 0x4b, 0xc1, 0x6f, 0x26, 0x00, 0x29, 0x29, 0x3e, 0x04, 0x5d,
  0xcd, 0x93, 0x00, 0x3c, 0x5c, 0xcd, 0x93, 0x00, 0x3e, 0x0d, 0x1e, 0x00,
  0xcd, 0x93, 0x00, 0x1e, 0xb8, 0x3e, 0x07, 0xcd, 0x93, 0x00, 0xe1, 0xd1,
  0xf1, 0xcd, 0xd4, 0xc0, 0xc9, 0x1e, 0xbf, 0xc3, 0x89, 0x55, 0xf5, 0x3a,
  0x0f, 0xc1, 0x3c, 0x32, 0x0f, 0xc1, 0xd6, 0x3c, 0xc2, 0xc4, 0x55, 0x32,
  0x0f, 0xc1, 0x3a, 0x0d, 0xc1, 0xc6, 0x01, 0x27, 0x32, 0x0d, 0xc1, 0xd6,
  0x60, 0xc2, 0xc4, 0x55, 0x32, 0x0d, 0xc1, 0x3a, 0x0e, 0xc1, 0xc6, 0x01,
  0x27, 0x32, 0x0e, 0xc1, 0xd5, 0xe5, 0x3a, 0x42, 0xc1, 0x3d, 0x32, 0x42,
  0xc1, 0xc2, 0x9f, 0x56, 0x3a, 0x41, 0xc1, 0x32, 0x42, 0xc1, 0x21, 0x4d,
  0xc1, 0x35, 0xc2, 0x28, 0x56, 0xed, 0x5b, 0x47, 0xc1, 0x1a, 0x13, 0xa7,
  0xc2, 0xff, 0x55, 0xeb, 0x5f, 0x7e, 0xa7, 0xca, 0xbe, 0x56, 0x3e, 0x0b,
  0xcd, 0x93, 0x00, 0x3c, 0x5e, 0xcd, 0x93, 0x00, 0x23, 0xeb, 0x21, 0x4d,
  0xc1, 0x18, 0xe2, 0x77, 0x1a, 0x13, 0xed, 0x53, 0x47, 0xc1, 0xa7, 0xca,
  0xa6, 0x56, 0x6f, 0x26, 0x00, 0x29, 0x29, 0xaf, 0x5d, 0xcd, 0x93, 0x00,
  0x3c, 0x5c, 0xcd, 0x93, 0x00, 0x3a, 0x2b, 0xc1, 0xe6, 0xfe, 0x32, 0x2b,
  0xc1, 0x3e, 0x0d, 0x1e, 0x00, 0xcd, 0x93, 0x00, 0x21, 0x4e, 0xc1, 0x35,
  0xc2, 0x5f, 0x56, 0xed, 0x5b, 0x49, 0xc1, 0x1a, 0x13, 0x77, 0x1a, 0x13,
  0xed, 0x53, 0x49, 0xc1, 0xa7, 0xca, 0xae, 0x56, 0x6f, 0x26, 0x00, 0x29,
  0x29, 0x3e, 0x02, 0x5d, 0xcd, 0x93, 0x00, 0x3c, 0x5c, 0xcd, 0x93, 0x00,
  0x3a, 0x2b, 0xc1, 0xe6, 0xfd, 0x32, 0x2b, 0xc1, 0x3e, 0x0d, 0x1e, 0x00,
  0xcd, 0x93, 0x00, 0x21, 0x4f, 0xc1, 0x35, 0xc2, 0x96, 0x56, 0xed, 0x5b,
  0x4b, 0xc1, 0x1a, 0x13, 0x77, 0x1a, 0x13, 0xed, 0x53, 0x4b, 0xc1, 0xa7,
  0xca, 0xb6, 0x56, 0x6f, 0x26, 0x00, 0x29, 0x29, 0x3e, 0x04, 0x5d, 0xcd,
  0x93, 0x00, 0x3c, 0x5c, 0xcd, 0x93, 0x00, 0x3a, 0x2b, 0xc1, 0xe6, 0xfb,
  0x32, 0x2b, 0xc1, 0x3e, 0x0d, 0x1e, 0x00, 0xcd, 0x93, 0x00, 0x3a, 0x2b,
  0xc1, 0x5f, 0x3e, 0x07, 0xcd, 0x93, 0x00, 0xe1, 0xd1, 0xf1, 0xcd, 0xd4,
  0xc0, 0xc9, 0x3a, 0x2b, 0xc1, 0xf6, 0x01, 0xc3, 0x1e, 0x56, 0x3a, 0x2b,
  0xc1, 0xf6, 0x02, 0xc3, 0x55, 0x56, 0x3a, 0x2b, 0xc1, 0xf6, 0x04, 0xc3,
  0x8c, 0x56, 0x21, 0x76, 0x94, 0x22, 0x47, 0xc1, 0x21, 0x26, 0x95, 0x22,
  0x49, 0xc1, 0x21, 0xc4, 0x96, 0x22, 0x4b, 0xc1, 0x21, 0x4d, 0xc1, 0xc3,
  0xdd, 0x55, 0xcd, 0x90, 0x00, 0x3e, 0x03, 0x32, 0x41, 0xc1, 0x32, 0x42,
  0xc1, 0x21, 0x4e, 0x94, 0x22, 0x47, 0xc1, 0x21, 0x02, 0x95, 0x22, 0x49,
  0xc1, 0x21, 0xa0, 0x96, 0x22, 0x4b, 0xc1, 0x3e, 0x01, 0x32, 0x4d, 0xc1,
  0x32, 0x4e, 0xc1, 0x32, 0x4f, 0xc1, 0x3e, 0xbf, 0x32, 0x2b, 0xc1, 0x5f,
  0x3e, 0x07, 0xcd, 0x93, 0x00, 0x3c, 0x1e, 0x10, 0xcd, 0x93, 0x00, 0x3c,
  0xcd, 0x93, 0x00, 0x3c, 0xcd, 0x93, 0x00, 0xc3, 0x6e, 0x40, 0x3a, 0x28,
  0xc1, 0xa7, 0xca, 0x34, 0x57, 0x3a, 0x27, 0xc1, 0xa7, 0xc2, 0x2e, 0x57,
  0x3a, 0xf6, 0xc0, 0xa7, 0x37, 0xc8, 0xcd, 0xe6, 0x57, 0xc3, 0x47, 0x57,
  0x3a, 0x25, 0xc1, 0xa7, 0xca, 0x41, 0x57, 0x3d, 0x32, 0x25, 0xc1, 0x18,
  0x03, 0xcd, 0x8c, 0x57, 0xcd, 0x17, 0x59, 0xcd, 0x7c, 0x5f, 0xcd, 0x1b,
  0x5c, 0xcd, 0xd2, 0x5a, 0x3a, 0xf8, 0xc0, 0xfe, 0x82, 0xda, 0x85, 0x57,
  0x3a, 0x07, 0xc1, 0xa7, 0xc2, 0x6e, 0x57, 0x3d, 0x32, 0x07, 0xc1, 0x3a,
  0x08, 0xc1, 0xc6, 0x01, 0x27, 0x38, 0x03, 0x32, 0x08, 0xc1, 0xed, 0x5b,
  0x0d, 0xc1, 0x2a, 0x0b, 0xc1, 0xaf, 0xed, 0x52, 0xd0, 0x2a, 0x0b, 0xc1,
  0x22, 0x0d, 0xc1, 0xc6, 0xff, 0x32, 0x28, 0xc1, 0xc9, 0xaf, 0x32, 0x07,
  0xc1, 0xc3, 0x6e, 0x57, 0x3a, 0x04, 0xc1, 0xa7, 0xc0, 0x3a, 0xe9, 0xc0,
  0xa7, 0xc2, 0x12, 0x58, 0xcd, 0x19, 0x5d, 0xa7, 0xc2, 0xe6, 0x57, 0xcd,
  0x06, 0x5d, 0xa7, 0xc2, 0x12, 0x58, 0xcd, 0x39, 0x58, 0x2e, 0x00, 0x67,
  0xcb, 0x3c, 0xcb, 0x1d, 0xcb, 0x3c, 0xcb, 0x1d, 0xcb, 0x3c, 0xcb, 0x1d,
  0xcb, 0x3c, 0xcb, 0x1d, 0xcd, 0x9c, 0x58, 0x3a, 0xf8, 0xc0, 0x26, 0x00,
  0x6f, 0x29, 0x29, 0x29, 0x29, 0x85, 0x6f, 0x7c, 0xce, 0x00, 0x67, 0xcd,
  0x39, 0x58, 0xbc, 0xca, 0xe0, 0x57, 0xda, 0xe0, 0x57, 0xcd, 0x01, 0x59,
  0x32, 0xf6, 0xc0, 0xc9, 0x3e, 0xff, 0x32, 0xf6, 0xc0, 0xc9, 0x3a, 0xf6,
  0xc0, 0xd6, 0x05, 0xd2, 0xef, 0x57, 0xaf, 0x32, 0xf6, 0xc0, 0x3a, 0xf6,
  0xc0, 0x67, 0xcd, 0x39, 0x58, 0xcd, 0xf4, 0x58, 0x3e, 0x11, 0xbc, 0xca,
  0x0c, 0x58, 0xda, 0x0c, 0x58, 0xcd, 0x01, 0x59, 0x32, 0xf8, 0xc0, 0xc9,
  0x3e, 0xff, 0x32, 0xf8, 0xc0, 0xc9, 0xcd, 0x68, 0x58, 0x67, 0xcd, 0x39,
  0x58, 0xcd, 0xf4, 0x58, 0xcb, 0x25, 0xcb, 0x14, 0xda, 0x31, 0x58, 0x3a,
  0xf9, 0xc0, 0x85, 0x32, 0xf9, 0xc0, 0x3a, 0xf8, 0xc0, 0x8c, 0xd2, 0x33,
  0x58, 0x3e, 0xff, 0x32, 0xf8, 0xc0, 0xc3, 0xbf, 0x57, 0x3a, 0xff, 0xc0,
  0xa7, 0x3a, 0x01, 0xc1, 0x20, 0x1b, 0xfe, 0x04, 0xd2, 0x52, 0x58, 0xfe,
  0x02, 0x3e, 0x1a, 0xc8, 0x3e, 0x12, 0xd0, 0x3e, 0x28, 0xc9, 0xfe, 0x05,
  0x3e, 0x0a, 0xc8, 0x3e, 0x08, 0xd0, 0x3e, 0x0d, 0xc9, 0xfe, 0x02, 0x3e,
  0x0f, 0xc8, 0x3e, 0x09, 0xd0, 0x3e, 0x1a, 0xc9, 0x3a, 0x01, 0xc1, 0x3d,
  0x3a, 0xf8, 0xc0, 0xca, 0xdd, 0x58, 0xfe, 0x29, 0xda, 0xb2, 0x58, 0xfe,
  0x49, 0xda, 0xbb, 0x58, 0xfe, 0x61, 0xda, 0xc5, 0x58, 0xfe, 0x69, 0xda,
  0xc8, 0x58, 0xfe, 0x79, 0xda, 0xd0, 0x58, 0xfe, 0x89, 0xd2, 0xd5, 0x58,
  0x26, 0x07, 0xcd, 0x39, 0x58, 0xcd, 0xf4, 0x58, 0xcb, 0x25, 0xcb, 0x14,
  0x3a, 0xf9, 0xc0, 0x95, 0x32, 0xf9, 0xc0, 0x3a, 0xf8, 0xc0, 0x9c, 0xd2,
  0xab, 0x58, 0xaf, 0x32, 0xf8, 0xc0, 0xe1, 0xc3, 0xbf, 0x57, 0xe6, 0xf0,
  0x0f, 0x0f, 0x0f, 0x0f, 0xc6, 0x03, 0xc9, 0xd6, 0x28, 0xe6, 0xf8, 0x0f,
  0x0f, 0x0f, 0xc6, 0x05, 0xc9, 0xd6, 0x41, 0xc9, 0xd6, 0x61, 0x87, 0x47,
  0x3e, 0x1e, 0x90, 0xc9, 0x47, 0x3e, 0x78, 0x90, 0xc9, 0xe6, 0xfc, 0x0f,
  0x0f, 0x67, 0xc3, 0xa3, 0x58, 0xfe, 0x41, 0xda, 0xec, 0x58, 0xfe, 0x61,
  0xd2, 0x81, 0x58, 0xcb, 0x3f, 0xd6, 0x10, 0xc9, 0xe6, 0xf8, 0x0f, 0x0f,
  0x0f, 0xc6, 0x08, 0xc9, 0x16, 0x00, 0x5f, 0x6a, 0x06, 0x08, 0x29, 0x30,
  0x01, 0x19, 0x10, 0xfa, 0xc9, 0x4f, 0x06, 0x08, 0xa7, 0xed, 0x6a, 0x7c,
  0x38, 0x03, 0xb9, 0x38, 0x03, 0x91, 0x67, 0xa7, 0x3f, 0x10, 0xf2, 0xcb,
  0x15, 0x7d, 0xc9, 0x3a, 0x04, 0xc1, 0xa7, 0xc2, 0x93, 0x59, 0x3a, 0xff,
  0xc0, 0xa7, 0xc2, 0x96, 0x5a, 0x3a, 0x00, 0xc1, 0xa7, 0xc2, 0x7c, 0x5a,
  0xcd, 0x3a, 0x5d, 0xa7, 0xca, 0xfc, 0x59, 0xfe, 0x03, 0xda, 0x26, 0x5a,
  0xca, 0xfc, 0x59, 0xfe, 0x07, 0xca, 0xfc, 0x59, 0xd2, 0x26, 0x5a, 0x3a,
  0x02, 0xc1, 0xa7, 0xc8, 0xaf, 0x32, 0x02, 0xc1, 0x3a, 0x01, 0xc1, 0x3c,
  0xfe, 0x07, 0xc8, 0x32, 0x01, 0xc1, 0xcd, 0x6e, 0x5a, 0xcd, 0x06, 0x5d,
  0xa7, 0xca, 0x02, 0x5a, 0x3a, 0xf8, 0xc0, 0x32, 0xfc, 0xc0, 0xc6, 0x18,
  0xd2, 0x6d, 0x59, 0x3e, 0xff, 0x32, 0xfd, 0xc0, 0x3a, 0xf6, 0xc0, 0x32,
  0xfa, 0xc0, 0xcd, 0xf2, 0x57, 0x3a, 0xf8, 0xc0, 0xc6, 0x04, 0x30, 0x02,
  0x3e, 0xff, 0x32, 0xfe, 0xc0, 0x32, 0xf8, 0xc0, 0xcd, 0xbf, 0x57, 0x3a,
  0xf6, 0xc0, 0x32, 0xfb, 0xc0, 0x3e, 0x04, 0x3d, 0x32, 0x04, 0xc1, 0xca,
  0xef, 0x59, 0xfe, 0x02, 0xca, 0xbf, 0x59, 0xda, 0xd2, 0x59, 0x3a, 0xfc,
  0xc0, 0x47, 0x3a, 0xfd, 0xc0, 0x80, 0x1f, 0x32, 0xf8, 0xc0, 0x3a, 0xfa,
  0xc0, 0x47, 0x3a, 0xfb, 0xc0, 0x90, 0xcb, 0x2f, 0xcb, 0x2f, 0x80, 0x32,
  0xf6, 0xc0, 0xc9, 0x3a, 0xfd, 0xc0, 0x32, 0xf8, 0xc0, 0x3a, 0xfa, 0xc0,
  0x47, 0x3a, 0xfb, 0xc0, 0x80, 0x1f, 0x32, 0xf6, 0xc0, 0xc9, 0x3a, 0xfd,
  0xc0, 0x47, 0x3a, 0xfe, 0xc0, 0x80, 0x1f, 0x32, 0xf8, 0xc0, 0x3a, 0xfb,
  0xc0, 0x47, 0x3a, 0xfa, 0xc0, 0x90, 0xcb, 0x2f, 0xcb, 0x2f, 0x80, 0x32,
  0xf6, 0xc0, 0xc9, 0x3a, 0xfe, 0xc0, 0x32, 0xf8, 0xc0, 0x3a, 0xfb, 0xc0,
  0x32, 0xf6, 0xc0, 0xc9, 0x3e, 0xff, 0x32, 0x02, 0xc1, 0xc9, 0x3a, 0xf6,
  0xc0, 0x32, 0xfa, 0xc0, 0x32, 0xfb, 0xc0, 0x3a, 0xf8, 0xc0, 0x32, 0xfc,
  0xc0, 0xcd, 0xf2, 0x57, 0x3a, 0xf8, 0xc0, 0x32, 0xfe, 0xc0, 0x47, 0x3a,
  0xfc, 0xc0, 0x80, 0x1f, 0x32, 0xfd, 0xc0, 0xc3, 0x91, 0x59, 0x3a, 0x02,
  0xc1, 0xa7, 0xc8, 0xaf, 0x32, 0x02, 0xc1, 0x3a, 0x01, 0xc1, 0x3d, 0xc8,
  0x32, 0x01, 0xc1, 0xcd, 0x6e, 0x5a, 0xcd, 0x06, 0x5d, 0xa7, 0xc2, 0x02,
  0x5a, 0x3a, 0xf6, 0xc0, 0x32, 0xfa, 0xc0, 0x3a, 0xf8, 0xc0, 0x32, 0xfc,
  0xc0, 0xcd, 0xf2, 0x57, 0x3a, 0xf8, 0xc0, 0x47, 0x3a, 0xfc, 0xc0, 0x80,
  0x1f, 0x32, 0xfe, 0xc0, 0x32, 0xf8, 0xc0, 0xcd, 0xbf, 0x57, 0x3a, 0xf6,
  0xc0, 0x32, 0xfb, 0xc0, 0x3a, 0xfe, 0xc0, 0xc3, 0x1a, 0x5a, 0x3a, 0xff,
  0xc0, 0xa7, 0xc0, 0x3a, 0x01, 0xc1, 0x11, 0xe8, 0x16, 0xc3, 0x5b, 0x5c,
  0xcd, 0x3a, 0x5d, 0xa7, 0xca, 0xfc, 0x59, 0xfe, 0x03, 0xda, 0x43, 0x59,
  0xca, 0xfc, 0x59, 0xfe, 0x07, 0xca, 0xfc, 0x59, 0xd2, 0x43, 0x59, 0xc3,
  0x26, 0x5a, 0x3a, 0x01, 0xc1, 0xfe, 0x02, 0xda, 0xaf, 0x5a, 0xca, 0xb8,
  0x5a, 0x3a, 0xf6, 0xc0, 0xfe, 0x74, 0xd0, 0x3e, 0x02, 0x32, 0x01, 0xc1,
  0xc3, 0x02, 0x5a, 0x3a, 0xf6, 0xc0, 0xfe, 0x48, 0xd8, 0xc3, 0xa7, 0x5a,
  0x3a, 0xf6, 0xc0, 0xfe, 0x40, 0x38, 0x0b, 0xfe, 0x7c, 0xd8, 0x3e, 0x03,
  0x32, 0x01, 0xc1, 0xc3, 0x02, 0x5a, 0x3e, 0x01, 0x32, 0x01, 0xc1, 0xc3,
  0x02, 0x5a, 0x3a, 0xf8, 0xc0, 0xfe, 0x18, 0xd2, 0xdc, 0x5a, 0x3e, 0x18,
  0xfe, 0x88, 0xda, 0xe3, 0x5a, 0x3e, 0x88, 0xd6, 0x18, 0xcb, 0x3f, 0xcb,
  0x3f, 0xfe, 0x18, 0xcc, 0x11, 0x5c, 0x47, 0x87, 0x87, 0x87, 0x6f, 0x26,
  0x00, 0x29, 0x29, 0x11, 0x1d, 0x9a, 0x19, 0xc5, 0x11, 0x60, 0x39, 0x01,
  0x20, 0x00, 0xcd, 0x5c, 0x00, 0x21, 0x10, 0x1b, 0xc1, 0x78, 0xfe, 0x09,
  0xda, 0x2f, 0x5b, 0xfe, 0x11, 0xda, 0x34, 0x5b, 0xfe, 0x19, 0xda, 0x24,
  0x5b, 0x3e, 0x9f, 0xcd, 0x4d, 0x00, 0x2c, 0x3e, 0x7f, 0xc3, 0x3c, 0x5b,
  0x3e, 0x80, 0xcd, 0x4d, 0x00, 0x2c, 0x3e, 0x7f, 0xc3, 0x3c, 0x5b, 0x3e,
  0x9f, 0xc3, 0x36, 0x5b, 0x3e, 0x80, 0xcd, 0x4d, 0x00, 0x2c, 0x3e, 0x60,
  0xcd, 0x4d, 0x00, 0x3a, 0x25, 0xc1, 0xa7, 0xc0, 0x3a, 0xe9, 0xc0, 0xa7,
  0xc0, 0x3a, 0xf8, 0xc0, 0x67, 0x5f, 0x3a, 0xf9, 0xc0, 0x6f, 0x16, 0x00,
  0xcb, 0x3c, 0xcb, 0x1d, 0xcb, 0x3c, 0xcb, 0x1d, 0xcb, 0x3c, 0xcb, 0x1d,
  0xcb, 0x3c, 0xcb, 0x1d, 0xed, 0x52, 0xeb, 0x21, 0x80, 0x07, 0xed, 0x52,
  0xf2, 0x72, 0x5b, 0x21, 0x00, 0x00, 0x11, 0x7f, 0x01, 0x19, 0xaf, 0x5d,
  0xcd, 0x93, 0x00, 0x3c, 0x5c, 0xcd, 0x93, 0x00, 0x3e, 0x08, 0x1e, 0x0e,
  0xcd, 0x93, 0x00, 0x3a, 0x2b, 0xc1, 0xe6, 0xfe, 0x32, 0x2b, 0xc1, 0x5f,
  0x3e, 0x07, 0xcd, 0x93, 0x00, 0x3a, 0x22, 0xc1, 0x3d, 0xfa, 0xcb, 0x5b,
  0x32, 0x22, 0xc1, 0x0f, 0x30, 0x22, 0x3e, 0x02, 0x1e, 0x4b, 0xcd, 0x93,
  0x00, 0x3c, 0x1e, 0x00, 0xcd, 0x93, 0x00, 0x3e, 0x09, 0x1e, 0x0f, 0xcd,
  0x93, 0x00, 0x3a, 0x2b, 0xc1, 0xe6, 0xfd, 0x32, 0x2b, 0xc1, 0x5f, 0x3e,
  0x07, 0xc3, 0x93, 0x00, 0x3a, 0x2b, 0xc1, 0xf6, 0x02, 0x18, 0xf0, 0x3a,
  0x23, 0xc1, 0xa7, 0xc8, 0x3a, 0xf6, 0xc0, 0xa7, 0xca, 0x44, 0x5b, 0x3a,
  0xe9, 0xc0, 0xa7, 0xc0, 0x3e, 0x02, 0x1e, 0x5f, 0xcd, 0x93, 0x00, 0x3c,
  0x1e, 0x00, 0xcd, 0x93, 0x00, 0x3a, 0x2b, 0xc1, 0xe6, 0xfd, 0x32, 0x2b,
  0xc1, 0x5f, 0x3e, 0x07, 0xcd, 0x93, 0x00, 0x3e, 0x09, 0x1e, 0x10, 0xcd,
  0x93, 0x00, 0x3e, 0x0b, 0x1e, 0xbe, 0xcd, 0x93, 0x00, 0x3c, 0x1e, 0x00,
  0xcd, 0x93, 0x00, 0x3c, 0x1e, 0x0e, 0xc3, 0x93, 0x00, 0x4f, 0xcd, 0x34,
  0x67, 0xc6, 0x64, 0x79, 0xce, 0x00, 0xc9, 0x3a, 0xf6, 0xc0, 0x5f, 0xe6,
  0xf8, 0x0f, 0x0f, 0x0f, 0x4f, 0xcb, 0x39, 0x81, 0x83, 0x06, 0x00, 0xd2,
  0x32, 0x5c, 0x04, 0x04, 0xc6, 0x38, 0xd6, 0x64, 0x04, 0xd2, 0x32, 0x5c,
  0xc6, 0x64, 0x08, 0x05, 0x78, 0x11, 0xc8, 0x12, 0xcd, 0x5b, 0x5c, 0x06,
  0x00, 0x08, 0xd6, 0x0a, 0x04, 0xd2, 0x46, 0x5c, 0xc6, 0x0a, 0x08, 0x05,
  0x78, 0x11, 0xd0, 0x12, 0xcd, 0x5b, 0x5c, 0x08, 0x11, 0xd8, 0x12, 0x87,
  0x87, 0x87, 0x4f, 0x06, 0x00, 0x21, 0x7f, 0xa2, 0x09, 0x01, 0x08, 0x00,
  0xc3, 0x5c, 0x00, 0x11, 0x10, 0x16, 0x3a, 0x05, 0xc1, 0xc3, 0x5b, 0x5c,
  0x3a, 0xe9, 0xc0, 0xa7, 0xc2, 0xe8, 0x5c, 0xcd, 0xb7, 0x00, 0x38, 0x29,
  0x3e, 0x07, 0xcd, 0x41, 0x01, 0xcb, 0x57, 0x28, 0x32, 0x3a, 0x25, 0xc1,
  0xa7, 0xca, 0x92, 0x5c, 0xaf, 0xc9, 0xcd, 0x3a, 0x5d, 0xd6, 0x06, 0xd2,
  0xa3, 0x5c, 0x3c, 0xc8, 0xc6, 0x03, 0xda, 0xa6, 0x5c, 0xaf, 0xc9, 0x3e,
  0xff, 0xc9, 0x3e, 0x01, 0xc9, 0xcd, 0x87, 0x40, 0x3e, 0xbf, 0x32, 0x2b,
  0xc1, 0xcd, 0x90, 0x00, 0xed, 0x7b, 0x00, 0xf3, 0xc3, 0xbb, 0x40, 0xcd,
  0x87, 0x40, 0x3e, 0x07, 0x1e, 0xbf, 0xcd, 0x93, 0x00, 0xcd, 0x90, 0x00,
  0x3e, 0x07, 0xcd, 0x41, 0x01, 0xcb, 0x57, 0x28, 0xf7, 0xcd, 0xb7, 0x00,
  0x38, 0xd3, 0x3e, 0x07, 0xcd, 0x41, 0x01, 0xcb, 0x57, 0x20, 0xf2, 0x3a,
  0x2b, 0xc1, 0xcd, 0x3c, 0x40, 0xc3, 0x89, 0x5c, 0xcd, 0x32, 0x5d, 0xa7,
  0xc2, 0xff, 0x5c, 0xe5, 0x2a, 0x29, 0xc1, 0x23, 0x23, 0x23, 0x23, 0x7e,
  0xe1, 0x87, 0xc8, 0x9f, 0x87, 0x3c, 0xc9, 0xed, 0x7b, 0x00, 0xf3, 0xc3,
  0xca, 0x40, 0x3e, 0x00, 0xcd, 0xd8, 0x00, 0xa7, 0xc0, 0x3e, 0x01, 0xcd,
  0xd8, 0x00, 0xa7, 0xc0, 0x3e, 0x02, 0xc3, 0xd8, 0x00, 0x3e, 0x06, 0xcd,
  0x41, 0x01, 0xcb, 0x57, 0xca, 0x2f, 0x5d, 0x3e, 0x03, 0xcd, 0xd8, 0x00,
  0xa7, 0xc0, 0x3e, 0x04, 0xc3, 0xd8, 0x00, 0x3e, 0xff, 0xc9, 0xcd, 0x06,
  0x5d, 0xa7, 0xc0, 0xc3, 0x19, 0x5d, 0x3e, 0x00, 0xcd, 0xd5, 0x00, 0xa7,
  0xc0, 0x3e, 0x01, 0xcd, 0xd5, 0x00, 0xa7, 0xc0, 0x3e, 0x02, 0xc3, 0xd5,
  0x00, 0x4f, 0x3a, 0x24, 0xc1, 0x3d, 0xfa, 0x58, 0x5d, 0x32, 0x24, 0xc1,
  0x3a, 0xf6, 0xc0, 0x47, 0x3a, 0xf7, 0xc0, 0x90, 0x32, 0xf7, 0xc0, 0xda,
  0xfd, 0x5d, 0xaf, 0x32, 0x23, 0xc1, 0x3a, 0xeb, 0xc0, 0x81, 0x32, 0xeb,
  0xc0, 0xea, 0xa1, 0x5d, 0xfe, 0xf8, 0xfa, 0x99, 0x5d, 0xfe, 0x68, 0xf2,
  0xa1, 0x5d, 0xfe, 0x01, 0xfa, 0xa9, 0x5d, 0xfe, 0x60, 0xf2, 0xa9, 0x5d,
  0xaf, 0x32, 0x09, 0xc1, 0x3a, 0xe9, 0xc0, 0xa7, 0xc0, 0x3a, 0x2b, 0xc1,
  0xf6, 0x10, 0xc3, 0xec, 0x5d, 0x3e, 0xf8, 0x32, 0xeb, 0xc0, 0xc3, 0x7e,
  0x5d, 0x3e, 0x68, 0x32, 0xeb, 0xc0, 0xc3, 0x7e, 0x5d, 0x3a, 0xf6, 0xc0,
  0xd6, 0x07, 0xd2, 0xb2, 0x5d, 0xaf, 0x32, 0xf6, 0xc0, 0xcd, 0xf2, 0x57,
  0x3a, 0x09, 0xc1, 0xa7, 0x20, 0x0f, 0x3d, 0x32, 0x09, 0xc1, 0x3a, 0x0a,
  0xc1, 0xc6, 0x01, 0x27, 0x38, 0x03, 0x32, 0x0a, 0xc1, 0x3a, 0xf6, 0xc0,
  0xa7, 0x28, 0x22, 0x3a, 0xe9, 0xc0, 0x87, 0xd8, 0x3e, 0x06, 0x1e, 0x1f,
  0xcd, 0x93, 0x00, 0x3e, 0x09, 0x1e, 0x0f, 0xcd, 0x93, 0x00, 0x3a, 0x2b,
  0xc1, 0xe6, 0xef, 0x37, 0x32, 0x2b, 0xc1, 0x5f, 0x3e, 0x07, 0xc3, 0x93,
  0x00, 0x3a, 0x2b, 0xc1, 0xf6, 0x10, 0xc3, 0xeb, 0x5d, 0x2a, 0x29, 0xc1,
  0x46, 0x23, 0x3a, 0xe7, 0xc0, 0xbd, 0xc2, 0x32, 0x5e, 0x3a, 0xe8, 0xc0,
  0xbc, 0xc2, 0x32, 0x5e, 0x3a, 0x05, 0xc1, 0x3d, 0x32, 0x05, 0xc1, 0xc2,
  0x22, 0x5e, 0x3e, 0xff, 0x32, 0x26, 0xc1, 0xc3, 0x2f, 0x5e, 0xc5, 0x11,
  0x10, 0x16, 0xcd, 0x5b, 0x5c, 0xc1, 0x3e, 0x04, 0x32, 0x22, 0xc1, 0x21,
  0x00, 0xe8, 0x22, 0x29, 0xc1, 0x2a, 0x14, 0xc1, 0x78, 0x87, 0x87, 0x87,
  0x5f, 0x17, 0x9f, 0x57, 0xaf, 0xed, 0x52, 0x22, 0x14, 0xc1, 0x3a, 0xf6,
  0xc0, 0x57, 0x3a, 0x24, 0xc1, 0x5f, 0x78, 0xa7, 0xfa, 0x63, 0x5e, 0xc2,
  0xb0, 0x5e, 0xaf, 0x32, 0x23, 0xc1, 0x79, 0x90, 0x90, 0x90, 0x90, 0x4f,
  0xc3, 0x6a, 0x5d, 0xfe, 0xfe, 0xca, 0x94, 0x5e, 0xfa, 0xa2, 0x5e, 0x7b,
  0xa7, 0xc2, 0x76, 0x5e, 0x7a, 0xfe, 0xd4, 0xda, 0x56, 0x5e, 0x79, 0xa7,
  0xf2, 0x56, 0x5e, 0x3e, 0xff, 0x32, 0x23, 0xc1, 0x7a, 0xd6, 0x03, 0xd2,
  0x87, 0x5e, 0xaf, 0x32, 0xf6, 0xc0, 0xc5, 0xcd, 0xf2, 0x57, 0xc1, 0x0e,
  0x00, 0xc3, 0x5a, 0x5e, 0x7b, 0xa7, 0xc2, 0x76, 0x5e, 0x7a, 0xfe, 0xaa,
  0xda, 0x56, 0x5e, 0xc3, 0x76, 0x5e, 0x7b, 0xa7, 0xc2, 0x76, 0x5e, 0x7a,
  0xfe, 0x7f, 0xda, 0x56, 0x5e, 0xc3, 0x76, 0x5e, 0xfe, 0x02, 0xca, 0xcb,
  0x5e, 0xf2, 0xd9, 0x5e, 0x7b, 0xa7, 0xc2, 0xc3, 0x5e, 0x7a, 0xfe, 0xd4,
  0xda, 0x56, 0x5e, 0x79, 0x3d, 0xfa, 0x56, 0x5e, 0xc3, 0x7b, 0x5e, 0x7b,
  0xa7, 0xc2, 0xc3, 0x5e, 0x7a, 0xfe, 0xaa, 0xda, 0x56, 0x5e, 0xc3, 0xc3,
  0x5e, 0x7b, 0xa7, 0xc2, 0xc3, 0x5e, 0x7a, 0xfe, 0x7f, 0xda, 0x56, 0x5e,
  0xc3, 0xc3, 0x5e, 0xf5, 0x3a, 0x28, 0xc1, 0xa7, 0xc2, 0x18, 0x5f, 0x3a,
  0x0f, 0xc1, 0x3c, 0x32, 0x0f, 0xc1, 0xd6, 0x3c, 0xc2, 0x18, 0x5f, 0x32,
  0x0f, 0xc1, 0x3a, 0x0d, 0xc1, 0xc6, 0x01, 0x27, 0x32, 0x0d, 0xc1, 0xd6,
  0x60, 0xc2, 0x18, 0x5f, 0x32, 0x0d, 0xc1, 0x3a, 0x0e, 0xc1, 0xc6, 0x01,
  0x27, 0x32, 0x0e, 0xc1, 0x3a, 0x42, 0xc1, 0x3d, 0x32, 0x42, 0xc1, 0xc2,
  0x6d, 0x5f, 0x3a, 0x41, 0xc1, 0x32, 0x42, 0xc1, 0xe5, 0xd5, 0x21, 0x45,
  0xc1, 0x35, 0x20, 0x13, 0xed, 0x5b, 0x43, 0xc1, 0x1a, 0xa7, 0xca, 0x72,
  0x5f, 0x36, 0x02, 0x13, 0x32, 0x46, 0xc1, 0xed, 0x53, 0x43, 0xc1, 0x3a,
  0x46, 0xc1, 0x6f, 0x26, 0x00, 0x29, 0x29, 0x3e, 0x04, 0x5d, 0xcd, 0x93,
  0x00, 0x3c, 0x5c, 0xcd, 0x93, 0x00, 0x3e, 0x0a, 0x1e, 0x0b, 0xcd, 0x93,
  0x00, 0x3a, 0x2b, 0xc1, 0xe6, 0xfb, 0x32, 0x2b, 0xc1, 0x5f, 0x3e, 0x07,
  0xcd, 0x93, 0x00, 0xd1, 0xe1, 0xf1, 0xcd, 0xd4, 0xc0, 0xc9, 0x11, 0x6e,
  0x93, 0xed, 0x53, 0x43, 0xc1, 0xc3, 0x34, 0x5f, 0x3a, 0x0d, 0xc1, 0xe6,
  0xf0, 0x0f, 0x0f, 0x0f, 0x0f, 0x11, 0x28, 0x12, 0xcd, 0x5b, 0x5c, 0x3a,
  0x0d, 0xc1, 0xe6, 0x0f, 0x11, 0x30, 0x12, 0xcd, 0x5b, 0x5c, 0x3a, 0x0e,
  0xc1, 0xe6, 0xf0, 0x0f, 0x0f, 0x0f, 0x0f, 0x11, 0x10, 0x12, 0xcd, 0x5b,
  0x5c, 0x3a, 0x0e, 0xc1, 0xe6, 0x0f, 0x11, 0x18, 0x12, 0xc3, 0x5b, 0x5c,
  0x46, 0x23, 0xcb, 0x00, 0xc8, 0x38, 0x0b, 0xcb, 0x38, 0x7e, 0x23, 0x12,
  0x13, 0x10, 0xfc, 0xc3, 0xb0, 0x5f, 0xcb, 0x38, 0x48, 0x06, 0x00, 0xed,
  0xb0, 0xc3, 0xb0, 0x5f, 0x7e, 0x23, 0xeb, 0xcd, 0x4d, 0x00, 0xeb, 0x1c,
  0x7b, 0xe6, 0x07, 0xc2, 0xcc, 0x5f, 0x7b, 0xd6, 0x08, 0x5f, 0x14, 0x7a,
  0xe6, 0x07, 0xc2, 0xcc, 0x5f, 0x7a, 0xd6, 0x08, 0x57, 0x7b, 0xc6, 0x08,
  0x5f, 0xd2, 0xcc, 0x5f, 0xc9, 0x7e, 0x23, 0xa7, 0xc8, 0xe5, 0xd5, 0xcd,
  0x04, 0x60, 0xd1, 0x21, 0x08, 0x00, 0x19, 0xeb, 0xe1, 0xc3, 0xf1, 0x5f,
  0x6f, 0x26, 0x00, 0x29, 0x29, 0x29, 0x01, 0xff, 0xa0, 0x09, 0x01, 0x08,
  0x00, 0xc3, 0x5c, 0x00, 0xaf, 0x1e, 0x4b, 0xcd, 0x93, 0x00, 0x3c, 0x1e,
  0x00, 0xcd, 0x93, 0x00, 0x3e, 0x08, 0x1e, 0x10, 0xcd, 0x93, 0x00, 0x3e,
  0x0b, 0x1e, 0x64, 0xcd, 0x93, 0x00, 0x3c, 0x1e, 0x01, 0xcd, 0x93, 0x00,
  0x3c, 0x1e, 0x00, 0xcd, 0x93, 0x00, 0x3a, 0x2b, 0xc1, 0xe6, 0xfe, 0x32,
  0x2b, 0xc1, 0x5f, 0x3e, 0x07, 0xc3, 0x93, 0x00, 0xaf, 0x32, 0x34, 0xc1,
  0x7c, 0xe6, 0xf0, 0x0f, 0x0f, 0x0f, 0x0f, 0xcd, 0x75, 0x60, 0x7c, 0xe6,
  0x0f, 0xcd, 0x75, 0x60, 0x7d, 0xe6, 0xf0, 0x0f, 0x0f, 0x0f, 0x0f, 0xcd,
  0x75, 0x60, 0x7d, 0xe6, 0x0f, 0xcd, 0x75, 0x60, 0xaf, 0xcd, 0x75, 0x60,
  0x3e, 0x26, 0xc3, 0x04, 0x60, 0xa7, 0xca, 0x8e, 0x60, 0x08, 0x3e, 0xff,
  0x32, 0x34, 0xc1, 0x08, 0xd5, 0xe5, 0xc6, 0x26, 0xcd, 0x04, 0x60, 0xe1,
  0xd1, 0x7b, 0xc6, 0x08, 0x5f, 0xc9, 0x47, 0x3a, 0x34, 0xc1, 0xa7, 0x78,
  0xc2, 0x80, 0x60, 0xc3, 0x89, 0x60, 0x3e, 0xff, 0x32, 0x34, 0xc1, 0x7c,
  0xe6, 0xf0, 0x0f, 0x0f, 0x0f, 0x0f, 0xcd, 0x75, 0x60, 0x7c, 0xe6, 0x0f,
  0xcd, 0x75, 0x60, 0x3e, 0x20, 0xd5, 0xe5, 0xcd, 0x04, 0x60, 0xe1, 0xd1,
  0x7b, 0xc6, 0x08, 0x5f, 0x7d, 0xe6, 0xf0, 0x0f, 0x0f, 0x0f, 0x0f, 0xcd,
  0x75, 0x60, 0x7d, 0xe6, 0x0f, 0xc3, 0x75, 0x60, 0xcd, 0x2e, 0x65, 0x78,
  0xa7, 0xfa, 0x82, 0x61, 0xfe, 0x04, 0xd2, 0xda, 0x60, 0x3c, 0xe6, 0xfe,
  0x57, 0x1e, 0x04, 0x28, 0x07, 0xcb, 0x23, 0xd6, 0x02, 0xc2, 0xe1, 0x60,
  0x08, 0xda, 0x4e, 0x61, 0x08, 0x79, 0x87, 0xc6, 0x00, 0x6f, 0x26, 0xc3,
  0x3e, 0x80, 0x90, 0x86, 0x47, 0x2c, 0x7e, 0xce, 0x00, 0xc2, 0x82, 0x61,
  0x21, 0x20, 0x38, 0xe5, 0x21, 0x6f, 0xa3, 0x3a, 0xf2, 0xc0, 0x32, 0xf1,
  0xc0, 0x3a, 0xf0, 0xc0, 0xa7, 0xca, 0x1d, 0x61, 0x21, 0x6f, 0xa4, 0x3a,
  0xf3, 0xc0, 0x32, 0xf1, 0xc0, 0xe5, 0x08, 0x6f, 0x26, 0x1b, 0x79, 0xc6,
  0x3f, 0x93, 0xcd, 0x4d, 0x00, 0x2c, 0x78, 0xcd, 0x4d, 0x00, 0x2c, 0x2c,
  0xcd, 0x4a, 0x00, 0xe6, 0x80, 0x47, 0x3a, 0xf1, 0xc0, 0xb0, 0xcd, 0x4d,
  0x00, 0x7a, 0x87, 0x87, 0x87, 0x87, 0x4f, 0x06, 0x00, 0xe1, 0x09, 0xd1,
  0x01, 0x20, 0x00, 0xc3, 0x5c, 0x00, 0x08, 0x79, 0x87, 0xc6, 0x80, 0x6f,
  0x26, 0xc3, 0x3e, 0x80, 0x80, 0x86, 0x47, 0x2c, 0x7e, 0xce, 0x00, 0xc2,
  0x82, 0x61, 0x21, 0x40, 0x38, 0xe5, 0x21, 0xef, 0xa2, 0x3a, 0xf2, 0xc0,
  0x32, 0xf1, 0xc0, 0x3a, 0xef, 0xc0, 0xa7, 0xca, 0x1d, 0x61, 0x21, 0xef,
  0xa3, 0x3a, 0xf3, 0xc0, 0x32, 0xf1, 0xc0, 0xc3, 0x1d, 0x61, 0x08, 0x6f,
  0x26, 0x1b, 0x3e, 0xd1, 0xc3, 0x4d, 0x00, 0x08, 0x6f, 0x26, 0x1b, 0x3a,
  0x17, 0xc1, 0x3d, 0xfa, 0x98, 0x61, 0x3e, 0x1f, 0xcd, 0x4d, 0x00, 0x2c,
  0x08, 0xd6, 0x10, 0x57, 0x1f, 0xe6, 0x80, 0x5f, 0x7a, 0xca, 0xaa, 0x61,
  0xc6, 0x20, 0xcd, 0x4d, 0x00, 0x2c, 0x2c, 0x3a, 0x16, 0xc1, 0xb3, 0xcd,
  0x4d, 0x00, 0x11, 0x60, 0x38, 0x01, 0x20, 0x00, 0x3a, 0x17, 0xc1, 0xfe,
  0x01, 0xca, 0xcd, 0x61, 0xda, 0xd3, 0x61, 0x21, 0xaf, 0xa6, 0xc3, 0x5c,
  0x00, 0x21, 0xcf, 0xa5, 0xc3, 0x5c, 0x00, 0x21, 0x2f, 0xa7, 0xc3, 0x5c,
  0x00, 0xcd, 0x2e, 0x65, 0x78, 0xa7, 0xfa, 0x82, 0x61, 0x79, 0x87, 0xc6,
  0x00, 0x6f, 0x26, 0xc3, 0x79, 0xc6, 0x80, 0x5f, 0x16, 0xc0, 0x1a, 0x86,
  0x57, 0x2c, 0x7e, 0xce, 0x00, 0x5f, 0x7a, 0xc6, 0x80, 0x57, 0x7b, 0xce,
  0x00, 0xc2, 0x82, 0x61, 0x78, 0xfe, 0x04, 0xd2, 0x07, 0x62, 0x3c, 0xe6,
  0xfe, 0x5f, 0x08, 0x6f, 0x26, 0x1b, 0x79, 0xc6, 0x1f, 0xcd, 0x4d, 0x00,
  0x2c, 0x7a, 0xd6, 0x10, 0xd2, 0x1d, 0x62, 0xc6, 0x20, 0xcd, 0x4d, 0x00,
  0x2c, 0x2c, 0x7a, 0xd6, 0x10, 0x1f, 0xe6, 0x80, 0x47, 0x3a, 0x19, 0xc1,
  0xb0, 0xcd, 0x4d, 0x00, 0x6b, 0x26, 0x00, 0x29, 0x29, 0x29, 0x29, 0x11,
  0xef, 0xa4, 0x19, 0x11, 0x80, 0x38, 0x01, 0x20, 0x00, 0xc3, 0x5c, 0x00,
  0xcd, 0x2e, 0x65, 0x78, 0xa7, 0xfa, 0x02, 0x64, 0x79, 0x87, 0xc6, 0x00,
  0x6f, 0x26, 0xc3, 0x79, 0xc6, 0x80, 0x5f, 0x16, 0xc0, 0x1a, 0x86, 0x57,
  0x2c, 0x7e, 0xce, 0x00, 0x5f, 0x7a, 0xc6, 0x80, 0x57, 0x7b, 0xce, 0x00,
  0xc2, 0x02, 0x64, 0x1e, 0x00, 0x3e, 0x07, 0x90, 0xd9, 0x2a, 0x29, 0xc1,
  0x16, 0x00, 0x5f, 0x19, 0x7e, 0xa7, 0xfa, 0x7e, 0x62, 0x3c, 0xcb, 0x3f,
  0xd9, 0x83, 0xfe, 0xfe, 0xf2, 0x89, 0x62, 0x3e, 0xfe, 0xfe, 0x03, 0xfa,
  0x90, 0x62, 0x3e, 0x02, 0xc6, 0x02, 0xd9, 0x5f, 0xd9, 0x7a, 0xd6, 0x10,
  0x1f, 0xe6, 0x80, 0x5f, 0x08, 0x6f, 0x26, 0x1b, 0x78, 0xd9, 0x57, 0xd9,
  0xa7, 0xca, 0x14, 0x64, 0xfe, 0x02, 0xda, 0x48, 0x63, 0xc6, 0x02, 0x1f,
  0xfe, 0x03, 0xda, 0x48, 0x63, 0xc2, 0x79, 0x63, 0xd9, 0x21, 0x6f, 0xaa,
  0x01, 0x80, 0x00, 0x7b, 0xa7, 0xca, 0xc9, 0x62, 0x09, 0x3d, 0xc2, 0xc4,
  0x62, 0xd9, 0x79, 0x3d, 0xd9, 0x82, 0xd9, 0xcd, 0x4d, 0x00, 0x2c, 0x7a,
  0xd6, 0x10, 0xd2, 0xdb, 0x62, 0xc6, 0x20, 0xcd, 0x4d, 0x00, 0x2c, 0x2c,
  0x3e, 0x01, 0xb3, 0xcd, 0x4d, 0x00, 0x2c, 0x79, 0x3d, 0xd9, 0x82, 0xd9,
  0xcd, 0x4d, 0x00, 0x2c, 0x7a, 0xd6, 0x10, 0xd2, 0xf8, 0x62, 0xc6, 0x20,
  0xcd, 0x4d, 0x00, 0x2c, 0x2c, 0x3a, 0x1e, 0xc1, 0xb3, 0xcd, 0x4d, 0x00,
  0x2c, 0x79, 0xc6, 0x1f, 0xd9, 0x82, 0xd9, 0xcd, 0x4d, 0x00, 0x2c, 0x7a,
  0xd6, 0x10, 0xd2, 0x17, 0x63, 0xc6, 0x20, 0xcd, 0x4d, 0x00, 0x2c, 0x2c,
  0x3e, 0x01, 0xb3, 0xcd, 0x4d, 0x00, 0x2c, 0x79, 0xc6, 0x1f, 0xd9, 0x82,
  0xd9, 0xcd, 0x4d, 0x00, 0x2c, 0x7a, 0xd6, 0x10, 0xd2, 0x35, 0x63, 0xc6,
  0x20, 0xcd, 0x4d, 0x00, 0x2c, 0x2c, 0x3a, 0x1e, 0xc1, 0xb3, 0xcd, 0x4d,
  0x00, 0xd9, 0x11, 0x80, 0x38, 0xc3, 0x5c, 0x00, 0xd9, 0x21, 0xef, 0xa7,
  0x01, 0x40, 0x01, 0x3d, 0xca, 0x58, 0x63, 0x09, 0x3d, 0xc2, 0x53, 0x63,
  0x01, 0x40, 0x00, 0x83, 0xca, 0x64, 0x63, 0x09, 0x3d, 0xc2, 0x5f, 0x63,
  0xd9, 0x3e, 0xd1, 0xcd, 0x4d, 0x00, 0x2c, 0x2c, 0x2c, 0x2c, 0x3e, 0xd1,
  0xcd, 0x4d, 0x00, 0x2c, 0x2c, 0x2c, 0xc3, 0x04, 0x63, 0xd9, 0x21, 0xef,
  0xac, 0x01, 0x80, 0x00, 0x7b, 0xa7, 0xca, 0x8a, 0x63, 0x09, 0x3d, 0xc2,
  0x85, 0x63, 0x7b, 0xd9, 0xa7, 0xca, 0xba, 0x63, 0xfe, 0x04, 0xc2, 0xca,
  0x62, 0x79, 0xc6, 0x0f, 0xd9, 0x82, 0xd9, 0xcd, 0x4d, 0x00, 0x2c, 0x7a,
  0xcd, 0x4d, 0x00, 0x2c, 0x2c, 0x3e, 0x01, 0xb3, 0xcd, 0x4d, 0x00, 0x2c,
  0x79, 0xc6, 0x0f, 0xd9, 0x82, 0xd9, 0xcd, 0x4d, 0x00, 0x2c, 0x7a, 0xc3,
  0xf8, 0x62, 0x79, 0xc6, 0x0f, 0xd9, 0x82, 0xd9, 0xcd, 0x4d, 0x00, 0xd5,
  0x7a, 0xd6, 0x20, 0x1f, 0xe6, 0x80, 0x5f, 0x2c, 0x7a, 0xd6, 0x20, 0xd2,
  0xd4, 0x63, 0xc6, 0x20, 0xcd, 0x4d, 0x00, 0x2c, 0x2c, 0x3e, 0x01, 0xb3,
  0xcd, 0x4d, 0x00, 0x2c, 0x79, 0xc6, 0x0f, 0xd9, 0x82, 0xd9, 0xcd, 0x4d,
  0x00, 0x2c, 0x7a, 0xd6, 0x20, 0xd2, 0xf2, 0x63, 0xc6, 0x20, 0xcd, 0x4d,
  0x00, 0x2c, 0x2c, 0x3a, 0x1e, 0xc1, 0xb3, 0xd1, 0xcd, 0x4d, 0x00, 0xc3,
  0x04, 0x63, 0x08, 0x6f, 0x26, 0x1b, 0x01, 0xd1, 0x04, 0x11, 0x04, 0x00,
  0x79, 0xcd, 0x4d, 0x00, 0x19, 0x10, 0xf9, 0xc9, 0xd9, 0x21, 0x4f, 0xa7,
  0x01, 0x20, 0x00, 0x7b, 0xa7, 0x28, 0x05, 0x09, 0x3d, 0xc2, 0x1f, 0x64,
  0xd9, 0x06, 0x04, 0x3e, 0xd1, 0xcd, 0x4d, 0x00, 0x2c, 0x2c, 0x2c, 0x2c,
  0x10, 0xf5, 0x7d, 0xd6, 0x08, 0x6f, 0x79, 0xc6, 0x1f, 0xd9, 0x82, 0xd9,
  0xcd, 0x4d, 0x00, 0x2c, 0x7a, 0xd6, 0x10, 0xd2, 0x48, 0x64, 0xc6, 0x20,
  0xcd, 0x4d, 0x00, 0x2c, 0x2c, 0x3e, 0x01, 0xb3, 0xcd, 0x4d, 0x00, 0xd9,
  0x11, 0x80, 0x38, 0xc3, 0x5c, 0x00, 0xe5, 0x3a, 0xf4, 0xc0, 0xa7, 0xc2,
  0x10, 0x65, 0x3a, 0xf5, 0xc0, 0xa7, 0xc2, 0x1f, 0x65, 0x3a, 0xf6, 0xc0,
  0xa7, 0x28, 0x05, 0xe6, 0xf8, 0x0f, 0x0f, 0x3c, 0x47, 0xc5, 0x11, 0x00,
  0x00, 0xed, 0x53, 0xf4, 0xc0, 0x3e, 0x50, 0x37, 0x08, 0x3a, 0xec, 0xc0,
  0x80, 0x32, 0xec, 0xc0, 0xd2, 0xe9, 0x64, 0x3a, 0xeb, 0xc0, 0xfe, 0x68,
  0x3e, 0xff, 0xc2, 0x98, 0x64, 0x32, 0xf4, 0xc0, 0x11, 0x9d, 0x64, 0xd5,
  0xe9, 0xcd, 0xf4, 0x64, 0x32, 0xee, 0xc0, 0xfe, 0xf9, 0x3e, 0x00, 0xf2,
  0xac, 0x64, 0x3e, 0xff, 0x32, 0xef, 0xc0, 0x3e, 0x54, 0xa7, 0x08, 0xc1,
  0x3a, 0xed, 0xc0, 0x80, 0x32, 0xed, 0xc0, 0xd2, 0xee, 0x64, 0x3a, 0xeb,
  0xc0, 0xfe, 0xf8, 0x3e, 0xff, 0xc2, 0xcb, 0x64, 0x32, 0xf5, 0xc0, 0xe1,
  0x11, 0xd1, 0x64, 0xd5, 0xe9, 0x3a, 0xee, 0xc0, 0xfe, 0x08, 0x3e, 0x00,
  0xfa, 0xdd, 0x64, 0x3e, 0xff, 0x32, 0xf0, 0xc0, 0x2a, 0xf4, 0xc0, 0x7c,
  0xb5, 0xc8, 0xc3, 0xca, 0x66, 0x11, 0xaf, 0x64, 0xd5, 0xe9, 0xe1, 0x11,
  0xe0, 0x64, 0xd5, 0xe9, 0x2a, 0x29, 0xc1, 0x11, 0x10, 0x00, 0x19, 0xed,
  0x5b, 0xe7, 0xc0, 0xed, 0x52, 0xda, 0x07, 0x65, 0x11, 0x00, 0xe8, 0x19,
  0xaf, 0x06, 0x08, 0x86, 0x23, 0x10, 0xfc, 0xc9, 0x3e, 0xff, 0x32, 0xec,
  0xc0, 0x3e, 0x7f, 0x32, 0xed, 0xc0, 0x06, 0x00, 0xc3, 0x75, 0x64, 0x3e,
  0x7f, 0x32, 0xec, 0xc0, 0x3e, 0xff, 0x32, 0xed, 0xc0, 0x06, 0x00, 0xc3,
  0x75, 0x64, 0x06, 0xfe, 0x21, 0x6c, 0x91, 0x96, 0x2c, 0x04, 0xd2, 0x33,
  0x65, 0xf8, 0xca, 0x5e, 0x65, 0x2d, 0x86, 0x57, 0x78, 0x87, 0x87, 0x87,
  0x3d, 0x4f, 0x7e, 0xfe, 0x30, 0x38, 0x0b, 0x0f, 0x0f, 0x0f, 0x5f, 0x7a,
  0x93, 0x0c, 0xd2, 0x50, 0x65, 0xc9, 0x0f, 0x5f, 0x7a, 0x87, 0x87, 0xc3,
  0x50, 0x65, 0x2d, 0x86, 0x57, 0x0e, 0x03, 0x7e, 0xc3, 0x4c, 0x65, 0x3e,
  0x70, 0x08, 0x3a, 0x15, 0xc1, 0xfe, 0x03, 0xfa, 0x76, 0x65, 0xd6, 0x03,
  0x18, 0xf7, 0xa7, 0xf2, 0x7e, 0x65, 0xc6, 0x03, 0x18, 0xf8, 0x32, 0x15,
  0xc1, 0x87, 0x11, 0xe1, 0xc0, 0x83, 0x5f, 0x1a, 0x32, 0x16, 0xc1, 0x13,
  0x1a, 0x32, 0x17, 0xc1, 0x3a, 0x14, 0xc1, 0xe9, 0x3a, 0x18, 0xc1, 0xa7,
  0xca, 0x09, 0x66, 0xd5, 0xfa, 0xaa, 0x65, 0x3e, 0x40, 0x08, 0xcd, 0x02,
  0x64, 0x3e, 0xff, 0x32, 0x18, 0xc1, 0xe1, 0x3a, 0xf6, 0xc0, 0xa7, 0x28,
  0x06, 0xe6, 0xf8, 0x0f, 0x0f, 0x0f, 0x3c, 0x47, 0x3e, 0x48, 0x08, 0x3a,
  0x1c, 0xc1, 0x80, 0x32, 0x1c, 0xc1, 0xda, 0xe4, 0x65, 0x11, 0xca, 0x65,
  0xd5, 0xe9, 0x3a, 0x1c, 0xc1, 0xcd, 0x2e, 0x65, 0x78, 0xa7, 0xf8, 0x3a,
  0xe9, 0xc0, 0xa7, 0xc0, 0x3e, 0x09, 0x1e, 0x00, 0xcd, 0x93, 0x00, 0xaf,
  0x32, 0x20, 0xc1, 0xc9, 0x3e, 0xff, 0x11, 0xeb, 0x65, 0xd5, 0xe9, 0xaf,
  0x32, 0x18, 0xc1, 0x3a, 0x1b, 0xc1, 0x47, 0x3a, 0xeb, 0xc0, 0x90, 0xf2,
  0xfc, 0x65, 0xed, 0x44, 0xfe, 0x10, 0xd2, 0x6a, 0x66, 0x3e, 0x19, 0x32,
  0x24, 0xc1, 0xc3, 0x6a, 0x66, 0x3e, 0x40, 0x08, 0x3a, 0x1a, 0xc1, 0xa7,
  0xca, 0x1b, 0x66, 0x3d, 0x32, 0x1a, 0xc1, 0xaf, 0xc3, 0x38, 0x66, 0x3a,
  0x1d, 0xc1, 0x47, 0x3a, 0xf6, 0xc0, 0xb8, 0xda, 0x14, 0x67, 0x90, 0xe6,
  0xf8, 0x0f, 0x0f, 0x0f, 0x3c, 0x4f, 0x3a, 0x1c, 0xc1, 0x81, 0x32, 0x1c,
  0xc1, 0xda, 0x42, 0x66, 0xcd, 0x5f, 0x67, 0x11, 0x40, 0x66, 0xd5, 0xe9,
  0xa7, 0xc9, 0x91, 0x32, 0x1c, 0xc1, 0xcb, 0x40, 0x20, 0x1b, 0x3e, 0xff,
  0x11, 0x51, 0x66, 0xd5, 0xe9, 0x3a, 0x1b, 0xc1, 0x47, 0x3a, 0xeb, 0xc0,
  0x90, 0xf2, 0x5e, 0x66, 0xed, 0x44, 0xfe, 0x08, 0x38, 0x68, 0xcd, 0xaa,
  0x67, 0x3e, 0xff, 0x32, 0x1f, 0xc1, 0xcd, 0x34, 0x67, 0xe6, 0x60, 0x28,
  0xf9, 0xf6, 0x8f, 0x2f, 0x32, 0x1b, 0xc1, 0x4f, 0xcd, 0xf5, 0x6b, 0x01,
  0x40, 0x00, 0x11, 0x80, 0xc0, 0x21, 0x00, 0xc0, 0xed, 0xb0, 0xcd, 0x34,
  0x67, 0xe6, 0x0f, 0xca, 0x46, 0x67, 0x3e, 0x05, 0x32, 0x1a, 0xc1, 0x3a,
  0xf6, 0xc0, 0x4f, 0xcd, 0x34, 0x67, 0xe6, 0x3e, 0xf6, 0x80, 0xb9, 0x38,
  0x1f, 0xf6, 0x01, 0x32, 0x1d, 0xc1, 0x3e, 0xff, 0x32, 0x1c, 0xc1, 0x3a,
  0x1f, 0xc1, 0xa7, 0xc0, 0xcd, 0x34, 0x67, 0xe6, 0x03, 0x21, 0x68, 0x91,
  0x85, 0x6f, 0x7e, 0x32, 0x1e, 0xc1, 0xa7, 0xc9, 0x32, 0x1d, 0xc1, 0xaf,
  0x32, 0x1c, 0xc1, 0xc3, 0xb0, 0x66, 0x3a, 0x06, 0xc1, 0xc6, 0x01, 0x27,
  0x38, 0x03, 0x32, 0x06, 0xc1, 0xaf, 0x32, 0xf6, 0xc0, 0x32, 0xf8, 0xc0,
  0x32, 0xf9, 0xc0, 0x32, 0x04, 0xc1, 0x32, 0x11, 0xc1, 0x3e, 0x01, 0x32,
  0x01, 0xc1, 0x3e, 0x18, 0x32, 0x25, 0xc1, 0x3a, 0xeb, 0xc0, 0xfe, 0x01,
  0xfa, 0x04, 0x67, 0xfe, 0x60, 0xf2, 0x0c, 0x67, 0xcd, 0xda, 0x67, 0xcd,
  0x6e, 0x5a, 0x37, 0xc9, 0x3e, 0x01, 0x32, 0xeb, 0xc0, 0xc3, 0xfc, 0x66,
  0x3e, 0x5f, 0x32, 0xeb, 0xc0, 0xc3, 0xfc, 0x66, 0xcb, 0x40, 0xc2, 0x53,
  0x67, 0x4f, 0x78, 0x91, 0xe6, 0xf8, 0x0f, 0x0f, 0x0f, 0x3c, 0x47, 0x3a,
  0x1c, 0xc1, 0x90, 0x32, 0x1c, 0xc1, 0xd2, 0x38, 0x66, 0xaf, 0x32, 0x1f,
  0xc1, 0xc3, 0x6a, 0x66, 0x3a, 0x2c, 0xc1, 0x47, 0x87, 0x87, 0x87, 0x80,
  0xc6, 0xab, 0x47, 0xed, 0x5f, 0x80, 0x32, 0x2c, 0xc1, 0xc9, 0xaf, 0x32,
  0x1c, 0xc1, 0x32, 0x1f, 0xc1, 0x3e, 0x01, 0x32, 0x18, 0xc1, 0xc9, 0x78,
  0xe6, 0xfe, 0x32, 0x1d, 0xc1, 0x3a, 0x1c, 0xc1, 0xc3, 0x38, 0x66, 0xf5,
  0x3a, 0xe9, 0xc0, 0xa7, 0xc2, 0xa0, 0x67, 0xf1, 0xf5, 0xe5, 0xcd, 0x2e,
  0x65, 0xe1, 0x78, 0xa7, 0xfa, 0xa0, 0x67, 0xfe, 0x03, 0xfa, 0xa2, 0x67,
  0x3e, 0x02, 0x1e, 0xcd, 0xcd, 0x93, 0x00, 0x3c, 0x1e, 0x03, 0xcd, 0x93,
  0x00, 0x78, 0xc6, 0x08, 0x5f, 0x3e, 0x09, 0xcd, 0x93, 0x00, 0x3a, 0x2b,
  0xc1, 0xe6, 0xfd, 0x32, 0x2b, 0xc1, 0x5f, 0x3e, 0x07, 0xcd, 0x93, 0x00,
  0xaf, 0x32, 0x20, 0xc1, 0xf1, 0xc9, 0x3a, 0x2b, 0xc1, 0xf6, 0x02, 0xc3,
  0x93, 0x67, 0x3a, 0xe9, 0xc0, 0xa7, 0xc0, 0x3e, 0x02, 0x1e, 0xfa, 0xcd,
  0x93, 0x00, 0x3c, 0x1e, 0x03, 0xcd, 0x93, 0x00, 0x3e, 0x0b, 0x1e, 0x00,
  0xcd, 0x93, 0x00, 0x3c, 0x1e, 0x1e, 0xcd, 0x93, 0x00, 0x3c, 0x1e, 0x00,
  0xcd, 0x93, 0x00, 0x3e, 0x09, 0x1e, 0x10, 0xcd, 0x93, 0x00, 0xf5, 0xc3,
  0x8e, 0x67, 0x3a, 0x10, 0xc1, 0xfe, 0xfd, 0xca, 0x5d, 0x68, 0xfe, 0x03,
  0x28, 0x10, 0xfe, 0xfe, 0xca, 0xb3, 0x68, 0xfe, 0x02, 0xca, 0x8a, 0x68,
  0xcd, 0xdc, 0x68, 0xc3, 0x4c, 0x69, 0xcd, 0xdc, 0x68, 0xcd, 0x1f, 0x69,
  0xcd, 0xd4, 0x6a, 0xcd, 0x81, 0x68, 0xcd, 0x7f, 0x6b, 0xcd, 0x81, 0x68,
  0xcd, 0xdc, 0x68, 0xcd, 0xc7, 0x6b, 0xcd, 0xf1, 0x54, 0xcd, 0xd4, 0x6a,
  0xcd, 0x81, 0x68, 0x3a, 0xe9, 0xc0, 0xa7, 0xc2, 0x56, 0x68, 0xe1, 0xe1,
  0x3e, 0x00, 0x21, 0x00, 0x00, 0x01, 0x00, 0x10, 0xcd, 0x56, 0x00, 0x3a,
  0x2f, 0xc1, 0x21, 0x00, 0x20, 0x01, 0x00, 0x08, 0xcd, 0x56, 0x00, 0x3a,
  0x2e, 0xc1, 0x21, 0x00, 0x28, 0x01, 0x00, 0x08, 0xcd, 0x56, 0x00, 0xcd,
  0x6a, 0x66, 0x3e, 0x1e, 0x32, 0x1a, 0xc1, 0x3e, 0x30, 0x32, 0xeb, 0xc0,
  0xcd, 0x6e, 0x5a, 0xc3, 0x56, 0x42, 0xed, 0x7b, 0x00, 0xf3, 0xc3, 0xc2,
  0x40, 0xcd, 0xdc, 0x68, 0xcd, 0x1f, 0x69, 0xcd, 0x28, 0x6b, 0xcd, 0x81,
  0x68, 0xcd, 0xb0, 0x6b, 0xcd, 0x81, 0x68, 0xcd, 0xdc, 0x68, 0xcd, 0xde,
  0x6b, 0xcd, 0xf1, 0x54, 0xcd, 0x28, 0x6b, 0xcd, 0x81, 0x68, 0xc3, 0x17,
  0x68, 0x01, 0x40, 0x00, 0x10, 0xfe, 0x0d, 0x20, 0xfb, 0xc9, 0xcd, 0xdc,
  0x68, 0xcd, 0x1f, 0x69, 0xcd, 0x74, 0x6c, 0x01, 0x00, 0x00, 0x21, 0x00,
  0xc4, 0x71, 0x2c, 0x23, 0x10, 0xfb, 0xcd, 0x43, 0x6e, 0xcd, 0xb5, 0x6d,
  0xcd, 0x96, 0x6e, 0xcd, 0x8e, 0x6f, 0xcd, 0xc2, 0x6f, 0xcd, 0x81, 0x68,
  0xc3, 0xfc, 0x67, 0xcd, 0xdc, 0x68, 0xcd, 0x1f, 0x69, 0xcd, 0x74, 0x6c,
  0x01, 0x00, 0x00, 0x21, 0x00, 0xc4, 0x71, 0x2c, 0x23, 0x10, 0xfb, 0xcd,
  0x3e, 0x80, 0xcd, 0xb5, 0x6d, 0xcd, 0x91, 0x80, 0xcd, 0x9c, 0x81, 0xcd,
  0xc4, 0x81, 0xcd, 0x81, 0x68, 0xc3, 0x63, 0x68, 0x3a, 0xe9, 0xc0, 0xa7,
  0xc0, 0x3e, 0x02, 0x1e, 0x00, 0xcd, 0x93, 0x00, 0x3c, 0x1e, 0x08, 0xcd,
  0x93, 0x00, 0x3e, 0x06, 0x1e, 0x1f, 0xcd, 0x93, 0x00, 0x3e, 0x0b, 0x1e,
  0x00, 0xcd, 0x93, 0x00, 0x3c, 0x1e, 0x23, 0xcd, 0x93, 0x00, 0x3c, 0x1e,
  0x00, 0xcd, 0x93, 0x00, 0x3e, 0x09, 0x1e, 0x10, 0xcd, 0x93, 0x00, 0x3a,
  0x2b, 0xc1, 0xe6, 0xed, 0xf6, 0x09, 0x32, 0x2b, 0xc1, 0x5f, 0x3e, 0x07,
  0xc3, 0x93, 0x00, 0x21, 0x40, 0x1b, 0x06, 0xd1, 0x78, 0xcd, 0x4d, 0x00,
  0x2e, 0x44, 0x78, 0xcd, 0x4d, 0x00, 0x2e, 0x48, 0x78, 0xcd, 0x4d, 0x00,
  0x2e, 0x4c, 0x78, 0xcd, 0x4d, 0x00, 0x2e, 0x50, 0x78, 0xcd, 0x4d, 0x00,
  0x2e, 0x54, 0x78, 0xcd, 0x4d, 0x00, 0x2e, 0x70, 0x78, 0xc3, 0x4d, 0x00,
  0x21, 0x00, 0x20, 0x11, 0x00, 0xd8, 0x01, 0x00, 0x10, 0xcd, 0x59, 0x00,
  0x21, 0x00, 0xc6, 0x3a, 0x66, 0x91, 0x47, 0x3a, 0x67, 0x91, 0x4f, 0x3a,
  0x65, 0x91, 0x57, 0xd9, 0x11, 0x00, 0xd8, 0x3a, 0x2f, 0xc1, 0x47, 0x3a,
  0x2e, 0xc1, 0x4f, 0x1a, 0xb9, 0xca, 0x86, 0x69, 0xb8, 0xca, 0x81, 0x69,
  0xd9, 0x70, 0xc3, 0x88, 0x69, 0xd9, 0x72, 0xc3, 0x88, 0x69, 0xd9, 0x71,
  0x23, 0xd9, 0x13, 0x7a, 0xfe, 0xe8, 0xda, 0x73, 0x69, 0x21, 0x00, 0xc6,
  0x11, 0x00, 0x20, 0x01, 0x00, 0x10, 0xcd, 0x5c, 0x00, 0x11, 0x00, 0xc0,
  0x21, 0x47, 0x1b, 0xcd, 0x1a, 0x6a, 0x1c, 0x2e, 0x4b, 0xcd, 0x1a, 0x6a,
  0x1c, 0x2e, 0x4f, 0xcd, 0x1a, 0x6a, 0x1c, 0x2e, 0x53, 0xcd, 0x1a, 0x6a,
  0x1c, 0x2e, 0x57, 0xcd, 0x1a, 0x6a, 0x1c, 0x2e, 0x73, 0xcd, 0x1a, 0x6a,
  0xcd, 0xdc, 0x68, 0x06, 0x02, 0x21, 0x00, 0x00, 0x2b, 0x7c, 0xb5, 0x20,
  0xfb, 0x10, 0xf9, 0x21, 0x00, 0xd8, 0x11, 0x00, 0x20, 0x01, 0x00, 0x10,
  0xcd, 0x5c, 0x00, 0x11, 0x00, 0xc0, 0x21, 0x47, 0x1b, 0x1a, 0xcd, 0x4d,
  0x00, 0x1c, 0x2e, 0x4b, 0x1a, 0xcd, 0x4d, 0x00, 0x1c, 0x2e, 0x4f, 0x1a,
  0xcd, 0x4d, 0x00, 0x1c, 0x2e, 0x53, 0x1a, 0xcd, 0x4d, 0x00, 0x1c, 0x2e,
  0x57, 0x1a, 0xcd, 0x4d, 0x00, 0x1c, 0x2e, 0x73, 0x1a, 0xcd, 0x4d, 0x00,
  0xcd, 0x55, 0x89, 0xcd, 0x21, 0x78, 0x3a, 0xe9, 0xc0, 0xa7, 0xc8, 0xc3,
  0x56, 0x68, 0xcd, 0x4a, 0x00, 0x12, 0xe6, 0x80, 0x47, 0x1a, 0xe6, 0x0f,
  0xcd, 0x2b, 0x6a, 0xb0, 0xc3, 0x4d, 0x00, 0xfe, 0x02, 0xd8, 0xca, 0x47,
  0x6a, 0xfe, 0x07, 0xda, 0x4a, 0x6a, 0xfe, 0x09, 0xda, 0x47, 0x6a, 0xc8,
  0xfe, 0x0d, 0xda, 0x4a, 0x6a, 0xca, 0x47, 0x6a, 0x3e, 0x09, 0xc9, 0x3e,
  0x08, 0xc9, 0x0f, 0x17, 0x17, 0xe6, 0x03, 0xc6, 0x06, 0xc9, 0x3a, 0x27,
  0xc1, 0x1f, 0xd8, 0x3a, 0xf6, 0xc0, 0xa7, 0xc8, 0x3a, 0x2e, 0xc1, 0xcd,
  0xb0, 0x6a, 0x3a, 0xf6, 0xc0, 0xe6, 0xf8, 0x0f, 0x0f, 0x0f, 0x47, 0x3a,
  0x30, 0xc1, 0x80, 0xd8, 0x32, 0x30, 0xc1, 0xcd, 0x2e, 0x65, 0x78, 0xa7,
  0xf8, 0xfe, 0x04, 0xd2, 0x7f, 0x6a, 0x3c, 0xe6, 0xfe, 0x0f, 0x47, 0x3e,
  0x01, 0x28, 0x03, 0x07, 0x10, 0xfd, 0x32, 0x33, 0xc1, 0x79, 0xe6, 0xf8,
  0x0f, 0x0f, 0x0f, 0xc6, 0x28, 0x67, 0x79, 0xe6, 0x07, 0x6f, 0x22, 0x31,
  0xc1, 0x3a, 0x63, 0x91, 0x87, 0x87, 0x87, 0x87, 0x47, 0x3a, 0x2e, 0xc1,
  0xe6, 0x0f, 0xb0, 0xcd, 0xb0, 0x6a, 0xa7, 0xc9, 0x4f, 0x3a, 0x33, 0xc1,
  0xa7, 0xc8, 0x47, 0x2a, 0x31, 0xc1, 0x79, 0xcd, 0x4d, 0x00, 0x7d, 0xc6,
  0x08, 0x6f, 0xd2, 0xba, 0x6a, 0x2c, 0xcb, 0x5d, 0xca, 0xd1, 0x6a, 0x2e,
  0x00, 0x24, 0xcb, 0x64, 0xc0, 0x10, 0xe7, 0xc9, 0x21, 0x00, 0xd8, 0x3a,
  0x2e, 0xc1, 0xe6, 0x0f, 0x47, 0x3a, 0x2d, 0xc1, 0xe6, 0xf0, 0xb0, 0x57,
  0x0e, 0x58, 0x41, 0x72, 0x2c, 0x10, 0xfc, 0x3a, 0x2d, 0xc1, 0x06, 0x08,
  0x77, 0x2c, 0x10, 0xfc, 0x3a, 0x2f, 0xc1, 0x77, 0x2c, 0x20, 0xfc, 0x24,
  0x79, 0xc6, 0x08, 0x4f, 0xfe, 0xd8, 0xda, 0xe6, 0x6a, 0x21, 0x00, 0xd8,
  0x11, 0x00, 0x20, 0x01, 0x00, 0x10, 0xcd, 0x5c, 0x00, 0x21, 0x58, 0x00,
  0x06, 0x00, 0x78, 0xcd, 0x4d, 0x00, 0x2c, 0x37, 0xcb, 0x18, 0xcb, 0x40,
  0x28, 0xf4, 0x24, 0xcb, 0x64, 0x28, 0xed, 0xc9, 0x21, 0x00, 0xd8, 0x3a,
  0x2e, 0xc1, 0xe6, 0x0f, 0x47, 0x3a, 0x2d, 0xc1, 0xe6, 0xf0, 0xb0, 0x57,
  0x0e, 0xa0, 0x41, 0x3a, 0x2f, 0xc1, 0x77, 0x2c, 0x10, 0xfc, 0x3a, 0x2d,
  0xc1, 0x06, 0x08, 0x77, 0x2c, 0x10, 0xfc, 0x72, 0x2c, 0x20, 0xfc, 0x24,
  0x79, 0xd6, 0x08, 0x4f, 0xfe, 0x28, 0xd2, 0x3a, 0x6b, 0x21, 0x00, 0xd8,
  0x11, 0x00, 0x20, 0x01, 0x00, 0x10, 0xcd, 0x5c, 0x00, 0x21, 0xa0, 0x00,
  0x06, 0x00, 0x78, 0xcd, 0x4d, 0x00, 0x2c, 0x37, 0xcb, 0x10, 0xf2, 0x6a,
  0x6b, 0x7d, 0xd6, 0x10, 0x6f, 0x24, 0xfe, 0x28, 0x30, 0xea, 0xc9, 0x21,
  0x00, 0xd8, 0x3a, 0x2e, 0xc1, 0xe6, 0x0f, 0x47, 0x3a, 0x2d, 0xc1, 0xe6,
  0xf0, 0xb0, 0x57, 0x3a, 0x2f, 0xc1, 0x5f, 0x06, 0x80, 0x72, 0x2c, 0x10,
  0xfc, 0x73, 0x2c, 0x20, 0xfc, 0x24, 0x7c, 0xfe, 0xe8, 0xda, 0x93, 0x6b,
  0x21, 0x00, 0xd8, 0x11, 0x00, 0x20, 0x01, 0x00, 0x10, 0xc3, 0x5c, 0x00,
  0x21, 0x00, 0xd8, 0x3a, 0x2e, 0xc1, 0xe6, 0x0f, 0x47, 0x3a, 0x2d, 0xc1,
  0xe6, 0xf0, 0xb0, 0x5f, 0x3a, 0x2f, 0xc1, 0x57, 0xc3, 0x93, 0x6b, 0x21,
  0x00, 0xd8, 0x3a, 0x67, 0x91, 0xe6, 0x0f, 0x47, 0x3a, 0x66, 0x91, 0xe6,
  0xf0, 0xb0, 0x57, 0x3a, 0x65, 0x91, 0x5f, 0xc3, 0x93, 0x6b, 0x21, 0x00,
  0xd8, 0x3a, 0x67, 0x91, 0xe6, 0x0f, 0x47, 0x3a, 0x66, 0x91, 0xe6, 0xf0,
  0xb0, 0x5f, 0x3a, 0x65, 0x91, 0x57, 0xc3, 0x93, 0x6b, 0x21, 0x00, 0xc0,
  0x36, 0x01, 0x06, 0x1f, 0x3e, 0x20, 0x91, 0x28, 0x08, 0x30, 0x0c, 0x34,
  0xc6, 0x20, 0x81, 0x18, 0xf5, 0x56, 0x14, 0x3e, 0x20, 0x18, 0x01, 0x56,
  0x2c, 0x72, 0x10, 0xea, 0x71, 0x06, 0x20, 0x11, 0x00, 0xc0, 0x21, 0x20,
  0xc0, 0x1a, 0x81, 0x77, 0x1c, 0x2c, 0x10, 0xf9, 0xc9, 0x06, 0x08, 0x11,
  0xd9, 0xc0, 0xaf, 0x86, 0x23, 0x12, 0x13, 0x10, 0xfa, 0x50, 0x58, 0xd9,
  0x06, 0x08, 0x11, 0xd9, 0xc0, 0x21, 0xff, 0xc2, 0x1a, 0x13, 0xd9, 0x06,
  0x08, 0x4f, 0x21, 0x00, 0x00, 0xe5, 0xcb, 0x2c, 0xcb, 0x1d, 0xcb, 0x2c,
  0xcb, 0x1d, 0x19, 0x7c, 0xd9, 0x77, 0x2d, 0xd9, 0x7d, 0xd9, 0x77, 0x2d,
  0xd9, 0x22, 0x34, 0xc1, 0xe1, 0x7d, 0x81, 0x6f, 0x7c, 0xce, 0x00, 0xcb,
  0x01, 0xcb, 0x09, 0xde, 0x00, 0x67, 0x10, 0xd9, 0xed, 0x5b, 0x34, 0xc1,
  0xd9, 0x10, 0xc9, 0xc9, 0x2a, 0x29, 0xc1, 0xcd, 0x25, 0x6c, 0x3a, 0xeb,
  0xc0, 0xa7, 0xfa, 0x88, 0x6c, 0x4f, 0xcd, 0xf5, 0x6b, 0xc3, 0xc3, 0x6c,
  0xed, 0x44, 0x4f, 0xcd, 0xf5, 0x6b, 0x01, 0x80, 0xc2, 0x21, 0x00, 0xc0,
  0x11, 0x40, 0xc0, 0xd9, 0x06, 0x40, 0x21, 0x00, 0xc3, 0x11, 0x80, 0xc3,
  0xd9, 0x0a, 0x0c, 0x86, 0x2c, 0xd9, 0x77, 0x2c, 0xd9, 0x0a, 0x0c, 0xce,
  0x00, 0xd9, 0x77, 0x2d, 0x7e, 0x2c, 0xd9, 0xeb, 0x86, 0x2c, 0xeb, 0xd9,
  0x12, 0x1c, 0x7e, 0x2c, 0xce, 0x00, 0x12, 0x1c, 0x10, 0xde, 0xc9, 0x01,
  0x80, 0xc2, 0x21, 0x00, 0xc0, 0x11, 0x40, 0xc0, 0xd9, 0x06, 0x40, 0x21,
  0x00, 0xc3, 0x11, 0x80, 0xc3, 0xd9, 0x0a, 0x0c, 0x96, 0x2c, 0xd9, 0x77,
  0x2c, 0xd9, 0x0a, 0x0c, 0xde, 0x00, 0xd9, 0x77, 0x2d, 0x7e, 0x2c, 0xd9,
  0xeb, 0x86, 0x2c, 0xeb, 0xd9, 0x12, 0x1c, 0x7e, 0x2c, 0xce, 0x00, 0x12,
  0x1c, 0x10, 0xde, 0xc9, 0x01, 0xff, 0x07, 0x11, 0x01, 0xd8, 0x21, 0x00,
  0xd8, 0x71, 0xed, 0xb0, 0x11, 0x00, 0xc3, 0x06, 0x08, 0xd9, 0x11, 0x00,
  0xd8, 0x06, 0x08, 0xd9, 0x1a, 0x13, 0xc6, 0x80, 0x4f, 0x1a, 0x13, 0xce,
  0x00, 0x79, 0xd9, 0xfa, 0x47, 0x6d, 0xc2, 0xa7, 0x6d, 0x4f, 0xe6, 0x07,
  0xc6, 0x75, 0x6f, 0x26, 0x91, 0x7e, 0x08, 0x79, 0xe6, 0xf8, 0x6f, 0x26,
  0x00, 0x19, 0x08, 0x77, 0x08, 0x0f, 0x0f, 0x0f, 0x4f, 0xa7, 0xca, 0x47,
  0x6d, 0x7d, 0xd6, 0x08, 0x6f, 0x36, 0x00, 0x0d, 0xc2, 0x3d, 0x6d, 0x1c,
  0xd9, 0x10, 0xc5, 0x06, 0x08, 0xd9, 0x1e, 0x00, 0x14, 0x10, 0xbc, 0x11,
  0x80, 0xc3, 0x06, 0x08, 0xd9, 0x11, 0x00, 0xd8, 0x06, 0x08, 0xd9, 0x1a,
  0x13, 0xc6, 0x80, 0x4f, 0x1a, 0x13, 0xce, 0x00, 0x79, 0xd9, 0xfa, 0xae,
  0x6d, 0xc2, 0x9a, 0x6d, 0x4f, 0xe6, 0x07, 0xc6, 0x7d, 0x6f, 0x26, 0x91,
  0x7e, 0x08, 0x79, 0xe6, 0xf8, 0x6f, 0x26, 0x00, 0x19, 0x08, 0xa6, 0x77,
  0x79, 0xf6, 0x07, 0x0f, 0x0f, 0x0f, 0x2f, 0xa7, 0xca, 0x9a, 0x6d, 0x4f,
  0x7d, 0xc6, 0x08, 0x6f, 0x36, 0x00, 0x0d, 0xc2, 0x90, 0x6d, 0x1c, 0xd9,
  0x10, 0xc1, 0x06, 0x08, 0xd9, 0x1e, 0x00, 0x14, 0x10, 0xb8, 0xc9, 0x62,
  0x6b, 0x0e, 0x20, 0xc3, 0x3d, 0x6d, 0x62, 0x6b, 0x0e, 0x20, 0xc3, 0x90,
  0x6d, 0x21, 0x00, 0xc4, 0xcd, 0xbe, 0x6d, 0x21, 0x00, 0xc5, 0xe5, 0xe5,
  0x7e, 0x2c, 0x2c, 0xa7, 0x28, 0xfa, 0xeb, 0xe1, 0xd5, 0x01, 0xfd, 0x00,
  0x09, 0x04, 0x2d, 0x7e, 0x2d, 0xa7, 0x28, 0xf9, 0xe5, 0x05, 0x28, 0x0b,
  0x2c, 0x5e, 0x2c, 0x56, 0x2c, 0x73, 0x2c, 0x72, 0x2c, 0x10, 0xfa, 0xe1,
  0x2d, 0x7e, 0x2d, 0xa7, 0x20, 0x1a, 0x2d, 0xb6, 0x28, 0x4c, 0x4e, 0x2c,
  0x46, 0x2c, 0x2c, 0x2c, 0x5e, 0x2c, 0x56, 0xeb, 0x09, 0xcb, 0x2c, 0xcb,
  0x1d, 0xeb, 0x2d, 0x2d, 0x72, 0x2d, 0x73, 0x2d, 0xd1, 0xd5, 0xe5, 0xa7,
  0xed, 0x52, 0xe1, 0x30, 0xd7, 0xd1, 0x2d, 0x2d, 0xd1, 0xe5, 0xd9, 0xdd,
  0xe1, 0xdd, 0x6e, 0x07, 0xdd, 0x66, 0x08, 0xdd, 0x5e, 0x0f, 0xdd, 0x56,
  0x10, 0x29, 0xa7, 0xed, 0x52, 0xdd, 0x75, 0xff, 0xdd, 0x74, 0x00, 0xdd,
  0x2b, 0xdd, 0x2b, 0xdd, 0xe5, 0xd9, 0xe1, 0xa7, 0xed, 0x52, 0xd9, 0x30,
  0xdc, 0xc9, 0x3e, 0x04, 0x85, 0x6f, 0x5e, 0x23, 0x56, 0x18, 0xbb, 0x1e,
  0x00, 0x26, 0xc4, 0xd9, 0x01, 0x00, 0x00, 0x21, 0x7f, 0xc3, 0xcd, 0x5c,
  0x6e, 0x1e, 0x00, 0x26, 0xc5, 0xd9, 0x01, 0x00, 0x00, 0x21, 0xff, 0xc3,
  0x56, 0x2d, 0x5e, 0x2d, 0xeb, 0xe5, 0xcb, 0x2c, 0x28, 0x03, 0xf2, 0x8d,
  0x6e, 0xcb, 0x1d, 0x78, 0x95, 0xfa, 0x8d, 0x6e, 0x28, 0x1b, 0x87, 0xd9,
  0x83, 0x6f, 0xd9, 0x78, 0xcb, 0x3f, 0xe1, 0x85, 0xd9, 0x77, 0x2c, 0xd9,
  0x7c, 0x89, 0xd9, 0x77, 0xd9, 0xeb, 0x04, 0xcb, 0x70, 0xca, 0x5c, 0x6e,
  0xc9, 0xe1, 0xeb, 0x04, 0xcb, 0x70, 0xca, 0x5c, 0x6e, 0xc9, 0x21, 0x00,
  0xd8, 0x75, 0x2e, 0x08, 0x36, 0x00, 0x3e, 0x17, 0x01, 0xff, 0x10, 0x6f,
  0x71, 0x2d, 0xc2, 0xa4, 0x6e, 0x71, 0x24, 0x80, 0xd2, 0xa3, 0x6e, 0x71,
  0x2c, 0xc2, 0xaf, 0x6e, 0x11, 0x01, 0xd8, 0xd9, 0x21, 0xfd, 0xc4, 0x01,
  0x01, 0x0f, 0x11, 0x1e, 0x6f, 0xd5, 0x5e, 0x2d, 0x7e, 0x2d, 0xc6, 0x80,
  0x57, 0x7b, 0xce, 0x00, 0xfa, 0xf6, 0x6e, 0xc2, 0x17, 0x6f, 0x7a, 0xb8,
  0xd2, 0x17, 0x6f, 0xd9, 0x4f, 0xe6, 0x07, 0xc6, 0x75, 0x6f, 0x26, 0x91,
  0x46, 0x79, 0xe6, 0xf8, 0x83, 0x6f, 0x62, 0x70, 0x01, 0x08, 0x00, 0x91,
  0x38, 0x07, 0x6f, 0x70, 0x7d, 0x91, 0xd2, 0xee, 0x6e, 0xd9, 0x0c, 0xf8,
  0x79, 0xe6, 0x03, 0xca, 0x04, 0x6f, 0xd9, 0x1c, 0xd9, 0xc3, 0xc2, 0x6e,
  0x78, 0xc6, 0x08, 0xda, 0x0b, 0x6f, 0x47, 0x79, 0xe6, 0x07, 0x20, 0xee,
  0xd9, 0x5f, 0x14, 0xd9, 0xc3, 0xc2, 0x6e, 0x78, 0xd9, 0x06, 0x00, 0xc3,
  0xe2, 0x6e, 0x11, 0x01, 0xd8, 0xd9, 0x21, 0xfd, 0xc5, 0x01, 0x01, 0x0f,
  0x5e, 0x2d, 0x7e, 0x2d, 0xc6, 0x80, 0x57, 0x7b, 0xce, 0x00, 0xfa, 0x87,
  0x6f, 0xc2, 0x66, 0x6f, 0x7a, 0xb8, 0xd2, 0x66, 0x6f, 0xd9, 0x4f, 0xe6,
  0x07, 0xc6, 0x7d, 0x6f, 0x26, 0x91, 0x46, 0x79, 0xe6, 0xf8, 0x83, 0x6f,
  0x62, 0x7e, 0xa0, 0x77, 0xd9, 0x78, 0xd9, 0x91, 0xe6, 0xf8, 0x28, 0x0d,
  0x0f, 0x0f, 0x0f, 0x47, 0x0e, 0x08, 0x7d, 0x81, 0x6f, 0x36, 0x00, 0x10,
  0xf9, 0xd9, 0x0c, 0xf8, 0x79, 0xe6, 0x03, 0xca, 0x74, 0x6f, 0xd9, 0x1c,
  0xd9, 0xc3, 0x28, 0x6f, 0x78, 0xc6, 0x08, 0xda, 0x7b, 0x6f, 0x47, 0x79,
  0xe6, 0x07, 0x20, 0xee, 0xd9, 0x5f, 0x14, 0xd9, 0xc3, 0x28, 0x6f, 0xd9,
  0x01, 0x00, 0x00, 0xc3, 0x47, 0x6f, 0x21, 0x00, 0xd8, 0x01, 0x10, 0x00,
  0x7c, 0xd6, 0xd8, 0x57, 0x58, 0xc5, 0xd5, 0xe5, 0xcd, 0x5c, 0x00, 0xe1,
  0xd1, 0xc1, 0x7d, 0xe5, 0x81, 0xc5, 0x0e, 0x04, 0x81, 0x6f, 0x5f, 0xcd,
  0x5c, 0x00, 0xc1, 0xe1, 0x24, 0x68, 0x3e, 0x10, 0x81, 0x4f, 0xd2, 0x94,
  0x6f, 0x01, 0x00, 0x01, 0x11, 0x00, 0x0f, 0xc3, 0x5c, 0x00, 0x3a, 0x2d,
  0xc1, 0x57, 0x3a, 0x2e, 0xc1, 0x5f, 0x21, 0x00, 0x20, 0x01, 0x10, 0x00,
  0x7b, 0xcd, 0x56, 0x00, 0x2e, 0x11, 0x01, 0x03, 0x00, 0x7a, 0xcd, 0x56,
  0x00, 0x2e, 0x14, 0x01, 0x04, 0x00, 0x7b, 0xcd, 0x56, 0x00, 0x2e, 0x1d,
  0x01, 0x03, 0x00, 0x7a, 0xcd, 0x56, 0x00, 0xd9, 0x01, 0xf0, 0xc0, 0x16,
  0xfc, 0x21, 0x11, 0x00, 0xcd, 0xdf, 0x72, 0x21, 0x00, 0x21, 0x01, 0x20,
  0x00, 0x7b, 0xcd, 0x56, 0x00, 0x2e, 0x21, 0x01, 0x03, 0x00, 0x7a, 0xcd,
  0x56, 0x00, 0x2e, 0x24, 0x01, 0x04, 0x00, 0x7b, 0xcd, 0x56, 0x00, 0x2e,
  0x2d, 0x01, 0x03, 0x00, 0x7a, 0xcd, 0x56, 0x00, 0xd9, 0x21, 0x21, 0x01,
  0xcd, 0xdf, 0x72, 0x21, 0x00, 0x22, 0x01, 0x30, 0x00, 0x7b, 0xcd, 0x56,
  0x00, 0x2e, 0x31, 0x01, 0x03, 0x00, 0x7a, 0xcd, 0x56, 0x00, 0x2e, 0x34,
  0x01, 0x04, 0x00, 0x7b, 0xcd, 0x56, 0x00, 0x2e, 0x3d, 0x01, 0x03, 0x00,
  0x7a, 0xcd, 0x56, 0x00, 0xd9, 0x21, 0x31, 0x02, 0xcd, 0xdf, 0x72, 0x21,
  0x00, 0x23, 0x01, 0x40, 0x00, 0x7b, 0xcd, 0x56, 0x00, 0x2e, 0x41, 0x01,
  0x03, 0x00, 0x7a, 0xcd, 0x56, 0x00, 0x2e, 0x44, 0x01, 0x04, 0x00, 0x7b,
  0xcd, 0x56, 0x00, 0x2e, 0x4d, 0x01, 0x03, 0x00, 0x7a, 0xcd, 0x56, 0x00,
  0xd9, 0x21, 0x41, 0x03, 0xcd, 0xdf, 0x72, 0x21, 0x10, 0x24, 0x01, 0x02,
  0x00, 0x7b, 0xcd, 0x56, 0x00, 0x2e, 0x18, 0x01, 0x04, 0x00, 0x7b, 0xcd,
  0x56, 0x00, 0x2e, 0x20, 0x01, 0x30, 0x00, 0x7b, 0xcd, 0x56, 0x00, 0x2e,
  0x51, 0x01, 0x03, 0x00, 0x7a, 0xcd, 0x56, 0x00, 0x2e, 0x54, 0x01, 0x04,
  0x00, 0x7b, 0xcd, 0x56, 0x00, 0x2e, 0x5d, 0x01, 0x03, 0x00, 0x7a, 0xcd,
  0x56, 0x00, 0xd9, 0x21, 0x51, 0x04, 0xcd, 0xdf, 0x72, 0x21, 0x30, 0x25,
  0x01, 0x02, 0x00, 0x7b, 0xcd, 0x56, 0x00, 0x2e, 0x38, 0x01, 0x04, 0x00,
  0x7b, 0xcd, 0x56, 0x00, 0x2e, 0x40, 0x01, 0x20, 0x00, 0x7b, 0xcd, 0x56,
  0x00, 0x2e, 0x61, 0x01, 0x03, 0x00, 0x7a, 0xcd, 0x56, 0x00, 0x2e, 0x64,
  0x01, 0x04, 0x00, 0x7b, 0xcd, 0x56, 0x00, 0x2e, 0x6d, 0x01, 0x03, 0x00,
  0x7a, 0xcd, 0x56, 0x00, 0xd9, 0x21, 0x61, 0x05, 0xcd, 0xdf, 0x72, 0x21,
  0x50, 0x26, 0x01, 0x02, 0x00, 0x7b, 0xcd, 0x56, 0x00, 0x2e, 0x58, 0x01,
  0x04, 0x00, 0x7b, 0xcd, 0x56, 0x00, 0x2e, 0x60, 0x01, 0x10, 0x00, 0x7b,
  0xcd, 0x56, 0x00, 0x2e, 0x71, 0x01, 0x03, 0x00, 0x7a, 0xcd, 0x56, 0x00,
  0x2e, 0x74, 0x01, 0x04, 0x00, 0x7b, 0xcd, 0x56, 0x00, 0x2e, 0x7d, 0x01,
  0x03, 0x00, 0x7a, 0xcd, 0x56, 0x00, 0xd9, 0x21, 0x71, 0x06, 0xcd, 0xdf,
  0x72, 0x21, 0x70, 0x27, 0x01, 0x02, 0x00, 0x7b, 0xcd, 0x56, 0x00, 0x2e,
  0x78, 0x01, 0x04, 0x00, 0x7b, 0xcd, 0x56, 0x00, 0x2e, 0x81, 0x01, 0x03,
  0x00, 0x7a, 0xcd, 0x56, 0x00, 0x2e, 0x84, 0x01, 0x02, 0x00, 0x7b, 0xcd,
  0x56, 0x00, 0x2e, 0x8d, 0x01, 0x02, 0x00, 0x7a, 0xcd, 0x56, 0x00, 0xd9,
  0x21, 0x81, 0x07, 0xcd, 0xdf, 0x72, 0x3a, 0x2f, 0xc1, 0x5f, 0xd9, 0x21,
  0x91, 0x08, 0xcd, 0xdf, 0x72, 0x21, 0x92, 0x28, 0x01, 0x02, 0x00, 0x7a,
  0xcd, 0x56, 0x00, 0x2e, 0x9b, 0x01, 0x02, 0x00, 0x7b, 0xcd, 0x56, 0x00,
  0x2e, 0x9d, 0x01, 0x03, 0x00, 0x7a, 0xcd, 0x56, 0x00, 0x2e, 0xa5, 0x01,
  0x03, 0x00, 0x7b, 0xcd, 0x56, 0x00, 0x2e, 0xaf, 0x7b, 0xcd, 0x4d, 0x00,
  0xd9, 0x21, 0xa1, 0x09, 0xcd, 0xdf, 0x72, 0x21, 0xa0, 0x29, 0x7b, 0xcd,
  0x4d, 0x00, 0x2c, 0x01, 0x03, 0x00, 0x7a, 0xcd, 0x56, 0x00, 0x2e, 0xa8,
  0x01, 0x05, 0x00, 0x7b, 0xcd, 0x56, 0x00, 0x2e, 0xad, 0x01, 0x03, 0x00,
  0x7a, 0xcd, 0x56, 0x00, 0x2e, 0xb1, 0x01, 0x0f, 0x00, 0x7b, 0xcd, 0x56,
  0x00, 0x2e, 0xc5, 0x01, 0x03, 0x00, 0x7b, 0xcd, 0x56, 0x00, 0x2e, 0xcf,
  0x7b, 0xcd, 0x4d, 0x00, 0xd9, 0x21, 0xb1, 0x0a, 0xcd, 0xdf, 0x72, 0x21,
  0xb0, 0x2a, 0x7b, 0xcd, 0x4d, 0x00, 0x2c, 0x01, 0x03, 0x00, 0x7a, 0xcd,
  0x56, 0x00, 0x2e, 0xb8, 0x01, 0x05, 0x00, 0x7b, 0xcd, 0x56, 0x00, 0x2e,
  0xbd, 0x01, 0x03, 0x00, 0x7a, 0xcd, 0x56, 0x00, 0x2e, 0xc0, 0x01, 0x20,
  0x00, 0x7b, 0xcd, 0x56, 0x00, 0x2e, 0xe5, 0x01, 0x03, 0x00, 0x7b, 0xcd,
  0x56, 0x00, 0x2e, 0xef, 0x7b, 0xcd, 0x4d, 0x00, 0xd9, 0x21, 0xc1, 0x0b,
  0xcd, 0xdf, 0x72, 0x21, 0xc0, 0x2b, 0x7b, 0xcd, 0x4d, 0x00, 0x2c, 0x01,
  0x03, 0x00, 0x7a, 0xcd, 0x56, 0x00, 0x2e, 0xc8, 0x01, 0x05, 0x00, 0x7b,
  0xcd, 0x56, 0x00, 0x2e, 0xcd, 0x01, 0x03, 0x00, 0x7a, 0xcd, 0x56, 0x00,
  0x2e, 0xd0, 0x01, 0x30, 0x00, 0x7b, 0xcd, 0x56, 0x00, 0xd9, 0x21, 0xd1,
  0x0c, 0xcd, 0xdf, 0x72, 0x21, 0xd0, 0x2c, 0x7b, 0xcd, 0x4d, 0x00, 0x2c,
  0x01, 0x03, 0x00, 0x7a, 0xcd, 0x56, 0x00, 0x2e, 0xd8, 0x01, 0x05, 0x00,
  0x7b, 0xcd, 0x56, 0x00, 0x2e, 0xdd, 0x01, 0x03, 0x00, 0x7a, 0xcd, 0x56,
  0x00, 0x2e, 0xe0, 0x01, 0x20, 0x00, 0x7b, 0xcd, 0x56, 0x00, 0xd9, 0x21,
  0xe1, 0x0d, 0xcd, 0xdf, 0x72, 0x21, 0xe0, 0x2d, 0x7b, 0xcd, 0x4d, 0x00,
  0x2c, 0x01, 0x03, 0x00, 0x7a, 0xcd, 0x56, 0x00, 0x2e, 0xe8, 0x01, 0x05,
  0x00, 0x7b, 0xcd, 0x56, 0x00, 0x2e, 0xed, 0x01, 0x03, 0x00, 0x7a, 0xcd,
  0x56, 0x00, 0x2e, 0xf0, 0x01, 0x10, 0x00, 0x7b, 0xcd, 0x56, 0x00, 0xd9,
  0x21, 0xf1, 0x0e, 0xcd, 0xdf, 0x72, 0x21, 0xf0, 0x2e, 0x7b, 0xcd, 0x4d,
  0x00, 0x2c, 0x01, 0x03, 0x00, 0x7a, 0xcd, 0x56, 0x00, 0x2e, 0xf8, 0x01,
  0x05, 0x00, 0x7b, 0xcd, 0x56, 0x00, 0x2e, 0xfd, 0x01, 0x03, 0x00, 0x7a,
  0xc3, 0x56, 0x00, 0x78, 0xcd, 0x4d, 0x00, 0x2c, 0x79, 0xcd, 0x4d, 0x00,
  0x2c, 0x7a, 0xcd, 0x4d, 0x00, 0x7d, 0xc6, 0x0a, 0x6f, 0x78, 0xcd, 0x4d,
  0x00, 0x2c, 0x79, 0xcd, 0x4d, 0x00, 0x2c, 0x7a, 0xcd, 0x4d, 0x00, 0xd9,
  0xc9, 0x3a, 0x2d, 0xc1, 0x57, 0x3a, 0x2f, 0xc1, 0x5f, 0x21, 0x00, 0x20,
  0x01, 0x20, 0x00, 0x7b, 0xcd, 0x56, 0x00, 0x24, 0x01, 0x30, 0x00, 0x7b,
  0xcd, 0x56, 0x00, 0x24, 0x01, 0x40, 0x00, 0x7b, 0xcd, 0x56, 0x00, 0x24,
  0x01, 0x05, 0x00, 0x7b, 0xcd, 0x56, 0x00, 0x2e, 0x05, 0x7a, 0xcd, 0x4d,
  0x00, 0x2e, 0x08, 0x01, 0x48, 0x00, 0x7b, 0xcd, 0x56, 0x00, 0x2e, 0x0f,
  0x7a, 0xcd, 0x4d, 0x00, 0x21, 0x10, 0x24, 0x7b, 0xcd, 0x4d, 0x00, 0x2c,
  0x7a, 0xcd, 0x4d, 0x00, 0x2e, 0x18, 0x01, 0x03, 0x00, 0x7b, 0xcd, 0x56,
  0x00, 0x2e, 0x1b, 0x7a, 0xcd, 0x4d, 0x00, 0x2e, 0x20, 0x01, 0x05, 0x00,
  0x7b, 0xcd, 0x56, 0x00, 0x2e, 0x25, 0x7a, 0xcd, 0x4d, 0x00, 0x2e, 0x28,
  0x01, 0x38, 0x00, 0x7b, 0xcd, 0x56, 0x00, 0x2e, 0x2f, 0x7a, 0xcd, 0x4d,
  0x00, 0x21, 0x30, 0x25, 0x7b, 0xcd, 0x4d, 0x00, 0x2c, 0x7a, 0xcd, 0x4d,
  0x00, 0x2e, 0x38, 0x01, 0x03, 0x00, 0x7b, 0xcd, 0x56, 0x00, 0x2e, 0x3b,
  0x7a, 0xcd, 0x4d, 0x00, 0x2e, 0x40, 0x01, 0x05, 0x00, 0x7b, 0xcd, 0x56,
  0x00, 0x2e, 0x45, 0x7a, 0xcd, 0x4d, 0x00, 0x2e, 0x48, 0x01, 0x28, 0x00,
  0x7b, 0xcd, 0x56, 0x00, 0x2e, 0x4f, 0x7a, 0xcd, 0x4d, 0x00, 0x21, 0x50,
  0x26, 0x7b, 0xcd, 0x4d, 0x00, 0x2c, 0x7a, 0xcd, 0x4d, 0x00, 0x2e, 0x58,
  0x01, 0x03, 0x00, 0x7b, 0xcd, 0x56, 0x00, 0x2e, 0x5b, 0x7a, 0xcd, 0x4d,
  0x00, 0x2e, 0x60, 0x01, 0x05, 0x00, 0x7b, 0xcd, 0x56, 0x00, 0x2e, 0x65,
  0x7a, 0xcd, 0x4d, 0x00, 0x2e, 0x68, 0x01, 0x18, 0x00, 0x7b, 0xcd, 0x56,
  0x00, 0x2e, 0x6f, 0x7a, 0xcd, 0x4d, 0x00, 0x21, 0x70, 0x27, 0x7b, 0xcd,
  0x4d, 0x00, 0x2c, 0x7a, 0xcd, 0x4d, 0x00, 0x2e, 0x78, 0x01, 0x03, 0x00,
  0x7b, 0xcd, 0x56, 0x00, 0x2e, 0x7b, 0x7a, 0xcd, 0x4d, 0x00, 0x2e, 0x81,
  0x01, 0x04, 0x00, 0x7b, 0xcd, 0x56, 0x00, 0x2e, 0x85, 0x7a, 0xcd, 0x4d,
  0x00, 0x2e, 0x8d, 0x01, 0x02, 0x00, 0x7b, 0xcd, 0x56, 0x00, 0x2e, 0x8f,
  0x7a, 0xcd, 0x4d, 0x00, 0x21, 0x91, 0x08, 0xaf, 0x01, 0x03, 0x00, 0xcd,
  0x56, 0x00, 0x7d, 0xc6, 0x0c, 0x6f, 0xaf, 0x01, 0x03, 0x00, 0xcd, 0x56,
  0x00, 0x7d, 0xc6, 0x04, 0x38, 0x05, 0x6f, 0x24, 0xc3, 0x27, 0x74, 0x3a,
  0x2e, 0xc1, 0x5f, 0x21, 0x92, 0x28, 0x01, 0x02, 0x00, 0x7b, 0xcd, 0x56,
  0x00, 0x2e, 0x9b, 0x7a, 0xcd, 0x4d, 0x00, 0x2c, 0x01, 0x04, 0x00, 0x7b,
  0xcd, 0x56, 0x00, 0x2e, 0xa5, 0x7a, 0xcd, 0x4d, 0x00, 0x2c, 0x01, 0x02,
  0x00, 0x7b, 0xcd, 0x56, 0x00, 0x2e, 0xaf, 0x7a, 0xcd, 0x4d, 0x00, 0x21,
  0xa0, 0x29, 0x01, 0x10, 0x00, 0x7b, 0xcd, 0x56, 0x00, 0x2e, 0xb1, 0x7a,
  0xcd, 0x4d, 0x00, 0x2c, 0x01, 0x06, 0x00, 0x7b, 0xcd, 0x56, 0x00, 0x2e,
  0xbb, 0x7a, 0xcd, 0x4d, 0x00, 0x2c, 0x01, 0x04, 0x00, 0x7b, 0xcd, 0x56,
  0x00, 0x2e, 0xc5, 0x7a, 0xcd, 0x4d, 0x00, 0x2c, 0x01, 0x02, 0x00, 0x7b,
  0xcd, 0x56, 0x00, 0x2e, 0xcf, 0x7a, 0xcd, 0x4d, 0x00, 0x21, 0xb0, 0x2a,
  0x01, 0x20, 0x00, 0x7b, 0xcd, 0x56, 0x00, 0x2e, 0xd1, 0x7a, 0xcd, 0x4d,
  0x00, 0x2c, 0x01, 0x06, 0x00, 0x7b, 0xcd, 0x56, 0x00, 0x2e, 0xdb, 0x7a,
  0xcd, 0x4d, 0x00, 0x2c, 0x01, 0x04, 0x00, 0x7b, 0xcd, 0x56, 0x00, 0x2e,
  0xe5, 0x7a, 0xcd, 0x4d, 0x00, 0x2c, 0x01, 0x02, 0x00, 0x7b, 0xcd, 0x56,
  0x00, 0x2e, 0xef, 0x7a, 0xcd, 0x4d, 0x00, 0x21, 0xc0, 0x2b, 0x01, 0x30,
  0x00, 0x7b, 0xcd, 0x56, 0x00, 0x2e, 0xf1, 0x7a, 0xcd, 0x4d, 0x00, 0x2c,
  0x01, 0x06, 0x00, 0x7b, 0xcd, 0x56, 0x00, 0x2e, 0xfb, 0x7a, 0xcd, 0x4d,
  0x00, 0x2c, 0x01, 0x04, 0x00, 0x7b, 0xcd, 0x56, 0x00, 0x21, 0xd0, 0x2c,
  0x01, 0x30, 0x00, 0x7b, 0xcd, 0x56, 0x00, 0x21, 0xe0, 0x2d, 0x01, 0x20,
  0x00, 0x7b, 0xcd, 0x56, 0x00, 0x21, 0xf0, 0x2e, 0x01, 0x10, 0x00, 0x7b,
  0xc3, 0x56, 0x00, 0xcd, 0x2e, 0x65, 0x78, 0xa7, 0xfa, 0x82, 0x61, 0x08,
  0xda, 0xa8, 0x75, 0x08, 0x79, 0x87, 0xc6, 0x00, 0x6f, 0x26, 0xc3, 0x7e,
  0x90, 0x5f, 0x2c, 0x7e, 0xde, 0x00, 0x57, 0x67, 0x6b, 0xcb, 0x2a, 0x28,
  0x03, 0xf2, 0x82, 0x61, 0xcb, 0x1b, 0x3e, 0x40, 0x91, 0x93, 0xfa, 0x82,
  0x61, 0xca, 0x82, 0x61, 0x57, 0x3e, 0x40, 0x91, 0xcb, 0x3f, 0xc6, 0x80,
  0x85, 0x5f, 0x7c, 0xce, 0x00, 0xc2, 0x82, 0x61, 0x21, 0x20, 0x38, 0xe5,
  0x21, 0x6f, 0xa3, 0x3a, 0xf2, 0xc0, 0x32, 0xf1, 0xc0, 0x3a, 0xf0, 0xc0,
  0xa7, 0xca, 0x89, 0x75, 0x21, 0x6f, 0xa4, 0x3a, 0xf3, 0xc0, 0x32, 0xf1,
  0xc0, 0xe5, 0x3e, 0x40, 0x92, 0x4f, 0x78, 0x43, 0xfe, 0x04, 0xd2, 0x96,
  0x75, 0x3c, 0xe6, 0xfe, 0x57, 0x1e, 0x04, 0xca, 0x1e, 0x61, 0xcb, 0x23,
  0xd6, 0x02, 0xc2, 0x9e, 0x75, 0xc3, 0x1e, 0x61, 0x08, 0x79, 0x87, 0xc6,
  0x80, 0x6f, 0x26, 0xc3, 0x7e, 0x80, 0x5f, 0x2c, 0x7e, 0xce, 0x00, 0x57,
  0x67, 0x6b, 0xcb, 0x2a, 0x28, 0x03, 0xf2, 0x82, 0x61, 0xcb, 0x1b, 0x3e,
  0x40, 0x91, 0x93, 0xfa, 0x82, 0x61, 0xca, 0x82, 0x61, 0x57, 0x3e, 0x40,
  0x91, 0xcb, 0x3f, 0xc6, 0x80, 0x85, 0x5f, 0x7c, 0xce, 0x00, 0xc2, 0x82,
  0x61, 0x21, 0x40, 0x38, 0xe5, 0x21, 0xef, 0xa2, 0x3a, 0xf2, 0xc0, 0x32,
  0xf1, 0xc0, 0x3a, 0xef, 0xc0, 0xa7, 0xca, 0x89, 0x75, 0x21, 0xef, 0xa3,
  0x3a, 0xf3, 0xc0, 0x32, 0xf1, 0xc0, 0xc3, 0x89, 0x75, 0x47, 0x08, 0x6f,
  0x26, 0x1b, 0x78, 0xcb, 0x3f, 0xd6, 0x21, 0x4f, 0x3a, 0x17, 0xc1, 0xa7,
  0x79, 0xc2, 0x12, 0x76, 0xd6, 0x20, 0xcd, 0x4d, 0x00, 0x2c, 0x08, 0xd6,
  0x10, 0x57, 0x1f, 0xe6, 0x80, 0x5f, 0x7a, 0xca, 0x24, 0x76, 0xc6, 0x20,
  0xcd, 0x4d, 0x00, 0x2c, 0x2c, 0x3a, 0x16, 0xc1, 0xb3, 0xcd, 0x4d, 0x00,
  0x11, 0x60, 0x38, 0x01, 0x20, 0x00, 0x3a, 0x17, 0xc1, 0xfe, 0x01, 0xca,
  0x47, 0x76, 0xda, 0xd3, 0x61, 0x21, 0x4f, 0xa6, 0xc3, 0x5c, 0x00, 0x21,
  0x6f, 0xa5, 0xc3, 0x5c, 0x00, 0xcd, 0x2e, 0x65, 0x78, 0xa7, 0xfa, 0x82,
  0x61, 0x79, 0x87, 0xc6, 0x00, 0x6f, 0x26, 0xc3, 0x79, 0xc6, 0x80, 0x5f,
  0x16, 0xc0, 0x1a, 0x86, 0x5f, 0x2c, 0x7e, 0xce, 0x00, 0x57, 0x62, 0x6b,
  0xcb, 0x2a, 0x28, 0x03, 0xf2, 0x82, 0x61, 0xcb, 0x1b, 0x3e, 0x40, 0x91,
  0x93, 0xfa, 0x82, 0x61, 0xca, 0x82, 0x61, 0xeb, 0x6f, 0x3e, 0x40, 0x91,
  0xcb, 0x3f, 0xc6, 0x80, 0x83, 0x5f, 0x7a, 0xce, 0x00, 0xc2, 0x82, 0x61,
  0x53, 0x3e, 0x40, 0x95, 0x4f, 0xc3, 0x00, 0x62, 0xcd, 0x2e, 0x65, 0x78,
  0xa7, 0xfa, 0x02, 0x64, 0x79, 0x87, 0xc6, 0x00, 0x6f, 0x26, 0xc3, 0x79,
  0xc6, 0x80, 0x5f, 0x16, 0xc0, 0x1a, 0x86, 0x5f, 0x2c, 0x7e, 0xce, 0x00,
  0x57, 0x62, 0x6b, 0xcb, 0x2a, 0x28, 0x03, 0xf2, 0x02, 0x64, 0xcb, 0x1b,
  0x3e, 0x40, 0x91, 0x93, 0xfa, 0x02, 0x64, 0xca, 0x02, 0x64, 0xeb, 0x6f,
  0x3e, 0x40, 0x91, 0xcb, 0x3f, 0xc6, 0x80, 0x83, 0x5f, 0x7a, 0xce, 0x00,
  0xc2, 0x02, 0x64, 0x53, 0x3e, 0x40, 0x95, 0x4f, 0x1e, 0x02, 0xc3, 0x6d,
  0x62, 0x1e, 0x00, 0x26, 0xc4, 0xd9, 0x01, 0x00, 0x00, 0x21, 0x7f, 0xc3,
  0xcd, 0xfe, 0x76, 0x1e, 0x00, 0x26, 0xc5, 0xd9, 0x01, 0x00, 0x00, 0x21,
  0xff, 0xc3, 0x56, 0x2d, 0x5e, 0x2d, 0xeb, 0xe5, 0xcb, 0x2c, 0xcb, 0x1d,
  0xcb, 0x2c, 0x28, 0x03, 0xf2, 0x35, 0x77, 0xcb, 0x1d, 0x78, 0x95, 0xfa,
  0x35, 0x77, 0x28, 0x1d, 0x87, 0xd9, 0x83, 0x6f, 0xd9, 0x78, 0xcb, 0x3f,
  0xcb, 0x3f, 0xe1, 0x85, 0xd9, 0x77, 0x2c, 0xd9, 0x7c, 0x89, 0xd9, 0x77,
  0xd9, 0xeb, 0x04, 0xcb, 0x70, 0xca, 0xfe, 0x76, 0xc9, 0xe1, 0xeb, 0x04,
  0xcb, 0x70, 0xca, 0xfe, 0x76, 0xc9, 0x01, 0x00, 0x09, 0x11, 0x00, 0xd8,
  0x21, 0x00, 0xcf, 0xed, 0xb0, 0x21, 0xff, 0xe0, 0x01, 0x00, 0x04, 0xed,
  0xb0, 0x21, 0xb6, 0x77, 0xe5, 0x11, 0x06, 0xd8, 0xd9, 0x21, 0xc3, 0xc4,
  0x01, 0x1e, 0x07, 0x5e, 0x2d, 0x7e, 0x2d, 0xc6, 0x80, 0x57, 0x7b, 0xce,
  0x00, 0xfa, 0x93, 0x77, 0xc2, 0xaf, 0x77, 0x7a, 0xb8, 0xd2, 0xaf, 0x77,
  0xd9, 0x4f, 0xe6, 0x07, 0xc6, 0x75, 0x6f, 0x26, 0x91, 0x46, 0x79, 0xe6,
  0xf8, 0x83, 0x6f, 0x62, 0x70, 0x01, 0x08, 0x00, 0x91, 0x38, 0x07, 0x6f,
  0x70, 0x7d, 0x91, 0xd2, 0x8b, 0x77, 0xd9, 0x0c, 0xf8, 0x79, 0x0f, 0x38,
  0x06, 0x78, 0xc6, 0x08, 0x38, 0x01, 0x47, 0xd9, 0x1c, 0xcb, 0x5b, 0xd9,
  0xca, 0x5f, 0x77, 0xd9, 0x1e, 0x00, 0x14, 0xd9, 0xc3, 0x5f, 0x77, 0x78,
  0xd9, 0x06, 0x00, 0xc3, 0x7f, 0x77, 0x11, 0x06, 0xd8, 0xd9, 0x21, 0xc3,
  0xc5, 0x01, 0x1e, 0x07, 0x5e, 0x2d, 0x7e, 0x2d, 0xc6, 0x80, 0x57, 0x7b,
  0xce, 0x00, 0xfa, 0x1a, 0x78, 0xc2, 0xfe, 0x77, 0x7a, 0xb8, 0xd2, 0xfe,
  0x77, 0xd9, 0x4f, 0xe6, 0x07, 0xc6, 0x7d, 0x6f, 0x26, 0x91, 0x46, 0x79,
  0xe6, 0xf8, 0x83, 0x6f, 0x62, 0x7e, 0xa0, 0x77, 0xd9, 0x78, 0xd9, 0x91,
  0xe6, 0xf8, 0x28, 0x0d, 0x0f, 0x0f, 0x0f, 0x47, 0x0e, 0x08, 0x7d, 0x81,
  0x6f, 0x36, 0x00, 0x10, 0xf9, 0xd9, 0x0c, 0xf8, 0x79, 0x0f, 0x38, 0x06,
  0x78, 0xc6, 0x08, 0x38, 0x01, 0x47, 0xd9, 0x1c, 0xcb, 0x5b, 0xd9, 0xca,
  0xc0, 0x77, 0xd9, 0x1e, 0x00, 0x14, 0xd9, 0xc3, 0xc0, 0x77, 0xd9, 0x01,
  0x00, 0x00, 0xc3, 0xdf, 0x77, 0x01, 0xff, 0x08, 0x21, 0x00, 0xcf, 0x11,
  0x01, 0xcf, 0x36, 0x00, 0xed, 0xb0, 0x01, 0x01, 0x01, 0x21, 0x05, 0xcf,
  0x36, 0xf0, 0x05, 0x28, 0x08, 0x36, 0xff, 0x7d, 0xc6, 0x08, 0x6f, 0x10,
  0xf3, 0x7d, 0x3c, 0xe6, 0x07, 0x6f, 0x20, 0x05, 0x24, 0x7c, 0xfe, 0xd8,
  0xc8, 0x0c, 0x41, 0xcb, 0x71, 0x28, 0xe1, 0x01, 0x40, 0x40, 0x18, 0xdc,
  0x21, 0x00, 0xd8, 0x01, 0x10, 0x00, 0x3e, 0x2b, 0x84, 0x57, 0x1e, 0x00,
  0xe5, 0xc5, 0xcd, 0x5c, 0x00, 0xc1, 0xe1, 0x24, 0x3e, 0x20, 0x81, 0x4f,
  0x30, 0xec, 0x01, 0x00, 0x05, 0x11, 0x00, 0x0b, 0xcd, 0x5c, 0x00, 0xc9,
  0x21, 0x05, 0x23, 0x3a, 0x2d, 0xc1, 0x57, 0x3a, 0x2e, 0xc1, 0x5f, 0x7a,
  0xcd, 0x4d, 0x00, 0x2c, 0x7b, 0x01, 0x02, 0x00, 0xcd, 0x56, 0x00, 0x2e,
  0x0f, 0x7a, 0xcd, 0x4d, 0x00, 0x21, 0x00, 0x24, 0x01, 0x10, 0x00, 0x7b,
  0xcd, 0x56, 0x00, 0x2e, 0x11, 0xcd, 0x27, 0x79, 0x21, 0x00, 0x25, 0x01,
  0x30, 0x00, 0x7b, 0xcd, 0x56, 0x00, 0x2e, 0x31, 0xcd, 0x27, 0x79, 0x21,
  0x08, 0x26, 0x01, 0x48, 0x00, 0x7b, 0xcd, 0x56, 0x00, 0x2e, 0x51, 0xcd,
  0x27, 0x79, 0x21, 0x48, 0x27, 0x01, 0x25, 0x00, 0x7b, 0xcd, 0x56, 0x00,
  0x2e, 0x71, 0xcd, 0x27, 0x79, 0x21, 0x88, 0x28, 0x7b, 0xcd, 0x4d, 0x00,
  0x3a, 0x2f, 0xc1, 0x5f, 0x2e, 0x90, 0xcd, 0x5b, 0x79, 0x2e, 0xb6, 0x01,
  0x0a, 0x00, 0x7b, 0xcd, 0x56, 0x00, 0x21, 0xb0, 0x29, 0xcd, 0x5b, 0x79,
  0x2e, 0xd2, 0x01, 0x2e, 0x00, 0x7b, 0xcd, 0x56, 0x00, 0x21, 0xd0, 0x2a,
  0xcd, 0x5b, 0x79, 0x2e, 0xf0, 0x01, 0x10, 0x00, 0x7b, 0xcd, 0x56, 0x00,
  0x21, 0xf0, 0x2b, 0x7b, 0xcd, 0x4d, 0x00, 0x2c, 0x7a, 0xcd, 0x4d, 0x00,
  0x2e, 0xf8, 0x01, 0x03, 0x00, 0x7b, 0xcd, 0x4d, 0x00, 0x2e, 0xfb, 0x7a,
  0xc3, 0x4d, 0x00, 0x7a, 0xcd, 0x4d, 0x00, 0x2c, 0x01, 0x06, 0x00, 0x7b,
  0xcd, 0x56, 0x00, 0x7d, 0xc6, 0x09, 0x6f, 0x7a, 0xcd, 0x4d, 0x00, 0x2c,
  0x01, 0x04, 0x00, 0x7b, 0xcd, 0x56, 0x00, 0x7d, 0xc6, 0x09, 0x6f, 0x7a,
  0xcd, 0x4d, 0x00, 0x2c, 0x01, 0x02, 0x00, 0x7b, 0xcd, 0x56, 0x00, 0x7d,
  0xc6, 0x09, 0x6f, 0x7a, 0xc3, 0x4d, 0x00, 0x7b, 0xcd, 0x4d, 0x00, 0x2c,
  0x7a, 0xcd, 0x4d, 0x00, 0x7d, 0xc6, 0x07, 0x6f, 0x01, 0x03, 0x00, 0x7b,
  0xcd, 0x56, 0x00, 0x2c, 0x2c, 0x2c, 0x7a, 0xcd, 0x4d, 0x00, 0x7d, 0xc6,
  0x05, 0x6f, 0x01, 0x05, 0x00, 0x7b, 0xcd, 0x56, 0x00, 0x7d, 0xc6, 0x05,
  0x6f, 0x7a, 0xcd, 0x4d, 0x00, 0x2c, 0x2c, 0x2c, 0x01, 0x07, 0x00, 0x7b,
  0xcd, 0x56, 0x00, 0x7d, 0xc6, 0x07, 0x6f, 0x7a, 0xc3, 0x4d, 0x00, 0x21,
  0x05, 0x23, 0x3a, 0x2f, 0xc1, 0x5f, 0x01, 0x0b, 0x00, 0x7b, 0xcd, 0x56,
  0x00, 0x21, 0x00, 0x24, 0x01, 0x30, 0x00, 0x7b, 0xcd, 0x56, 0x00, 0x24,
  0x01, 0x50, 0x00, 0x7b, 0xcd, 0x56, 0x00, 0x21, 0x08, 0x26, 0x16, 0x01,
  0x4a, 0x06, 0x00, 0x7b, 0xcd, 0x56, 0x00, 0x7d, 0xc6, 0x08, 0x6f, 0x14,
  0xcb, 0x5a, 0xca, 0xc0, 0x79, 0x01, 0x30, 0x00, 0x7b, 0xcd, 0x56, 0x00,
  0x21, 0x48, 0x27, 0x16, 0x01, 0x4a, 0x06, 0x00, 0x7b, 0xcd, 0x56, 0x00,
  0x7d, 0xc6, 0x08, 0x6f, 0x14, 0xcb, 0x5a, 0xca, 0xdd, 0x79, 0x01, 0x10,
  0x00, 0x7b, 0xcd, 0x56, 0x00, 0x21, 0x9b, 0x08, 0xaf, 0xcd, 0x4d, 0x00,
  0x7d, 0xc6, 0x0a, 0x38, 0x10, 0x6f, 0xe6, 0x0f, 0xfe, 0x09, 0xc2, 0xf8,
  0x79, 0x7d, 0xd6, 0x08, 0x6f, 0x24, 0xc3, 0xf8, 0x79, 0x21, 0x88, 0x28,
  0x7b, 0xcd, 0x4d, 0x00, 0x2e, 0x91, 0x7b, 0xcd, 0x4d, 0x00, 0x3a, 0x2e,
  0xc1, 0x5f, 0x2e, 0x9b, 0x7b, 0xcd, 0x4d, 0x00, 0x2e, 0xa4, 0x01, 0x02,
  0x00, 0x7b, 0xcd, 0x56, 0x00, 0x2e, 0xad, 0x01, 0x03, 0x00, 0x7b, 0xcd,
  0x56, 0x00, 0x2e, 0xb6, 0x01, 0x02, 0x00, 0x7b, 0xcd, 0x56, 0x00, 0x2e,
  0xbf, 0x7b, 0xcd, 0x4d, 0x00, 0x21, 0xb0, 0x29, 0x01, 0x18, 0x00, 0x7b,
  0xcd, 0x56, 0x00, 0x2e, 0xc9, 0x16, 0x07, 0x4a, 0x06, 0x00, 0x7b, 0xcd,
  0x56, 0x00, 0x7d, 0xc6, 0x09, 0x6f, 0x15, 0xc2, 0x57, 0x7a, 0x21, 0xd0,
  0x2a, 0x01, 0x30, 0x00, 0x7b, 0xcd, 0x56, 0x00, 0x21, 0xf0, 0x2b, 0x01,
  0x0c, 0x00, 0x7b, 0xc3, 0x56, 0x00, 0xcd, 0x2e, 0x65, 0x78, 0xa7, 0xfa,
  0x82, 0x61, 0x08, 0xda, 0xfd, 0x7a, 0x08, 0x79, 0x87, 0xc6, 0x00, 0x6f,
  0x26, 0xc3, 0x7e, 0x90, 0x5f, 0x2c, 0x7e, 0xde, 0x00, 0x57, 0x67, 0x6b,
  0xcb, 0x2a, 0xcb, 0x1b, 0xcb, 0x2a, 0x28, 0x03, 0xf2, 0x82, 0x61, 0xcb,
  0x1b, 0x3e, 0x40, 0x91, 0x93, 0xfa, 0x82, 0x61, 0xca, 0x82, 0x61, 0x57,
  0x3e, 0x40, 0x91, 0xcb, 0x3f, 0xcb, 0x3f, 0xc6, 0x80, 0x85, 0x5f, 0x7c,
  0xce, 0x00, 0xc2, 0x82, 0x61, 0x21, 0x20, 0x38, 0xe5, 0x21, 0x6f, 0xa3,
  0x3a, 0xf2, 0xc0, 0x32, 0xf1, 0xc0, 0x3a, 0xf0, 0xc0, 0xa7, 0xca, 0xde,
  0x7a, 0x21, 0x6f, 0xa4, 0x3a, 0xf3, 0xc0, 0x32, 0xf1, 0xc0, 0xe5, 0x3e,
  0x40, 0x92, 0x4f, 0x78, 0x43, 0xfe, 0x04, 0xd2, 0xeb, 0x7a, 0x3c, 0xe6,
  0xfe, 0x57, 0x1e, 0x04, 0xca, 0x1e, 0x61, 0xcb, 0x23, 0xd6, 0x02, 0xc2,
  0xf3, 0x7a, 0xc3, 0x1e, 0x61, 0x08, 0x79, 0x87, 0xc6, 0x80, 0x6f, 0x26,
  0xc3, 0x7e, 0x80, 0x5f, 0x2c, 0x7e, 0xce, 0x00, 0x57, 0x67, 0x6b, 0xcb,
  0x2a, 0xcb, 0x1b, 0xcb, 0x2a, 0x28, 0x03, 0xf2, 0x82, 0x61, 0xcb, 0x1b,
  0x3e, 0x40, 0x91, 0x93, 0xfa, 0x82, 0x61, 0xca, 0x82, 0x61, 0x57, 0x3e,
  0x40, 0x91, 0xcb, 0x3f, 0xcb, 0x3f, 0xc6, 0x80, 0x85, 0x5f, 0x7c, 0xce,
  0x00, 0xc2, 0x82, 0x61, 0x21, 0x40, 0x38, 0xe5, 0x21, 0xef, 0xa2, 0x3a,
  0xf2, 0xc0, 0x32, 0xf1, 0xc0, 0x3a, 0xef, 0xc0, 0xa7, 0xca, 0xde, 0x7a,
  0x21, 0xef, 0xa3, 0x3a, 0xf3, 0xc0, 0x32, 0xf1, 0xc0, 0xc3, 0xde, 0x7a,
  0x47, 0x08, 0x6f, 0x26, 0x1b, 0x78, 0xe6, 0xfc, 0x0f, 0x0f, 0x3d, 0x4f,
  0x3a, 0x17, 0xc1, 0xa7, 0x79, 0xc2, 0x6e, 0x7b, 0xd6, 0x20, 0xcd, 0x4d,
  0x00, 0x2c, 0x08, 0xd6, 0x10, 0x57, 0x1f, 0xe6, 0x80, 0x5f, 0x7a, 0xca,
  0x80, 0x7b, 0xc6, 0x20, 0xcd, 0x4d, 0x00, 0x2c, 0x2c, 0x3a, 0x16, 0xc1,
  0xb3, 0xcd, 0x4d, 0x00, 0x11, 0x60, 0x38, 0x01, 0x20, 0x00, 0x3a, 0x17,
  0xc1, 0xfe, 0x01, 0xca, 0xa3, 0x7b, 0xda, 0xd3, 0x61, 0x21, 0x6f, 0xa6,
  0xc3, 0x5c, 0x00, 0x21, 0x8f, 0xa5, 0xc3, 0x5c, 0x00, 0xcd, 0x2e, 0x65,
  0x78, 0xa7, 0xfa, 0x82, 0x61, 0x79, 0x87, 0xc6, 0x00, 0x6f, 0x26, 0xc3,
  0x79, 0xc6, 0x80, 0x5f, 0x16, 0xc0, 0x1a, 0x86, 0x5f, 0x2c, 0x7e, 0xce,
  0x00, 0x57, 0x62, 0x6b, 0xcb, 0x2a, 0xcb, 0x1b, 0xcb, 0x2a, 0x28, 0x03,
  0xf2, 0x82, 0x61, 0xcb, 0x1b, 0x3e, 0x40, 0x91, 0x93, 0xfa, 0x82, 0x61,
  0xca, 0x82, 0x61, 0xeb, 0x6f, 0x3e, 0x40, 0x91, 0xcb, 0x3f, 0xcb, 0x3f,
  0xc6, 0x80, 0x83, 0x5f, 0x7a, 0xce, 0x00, 0xc2, 0x82, 0x61, 0x53, 0x3e,
  0x40, 0x95, 0x4f, 0xc3, 0x00, 0x62, 0xcd, 0x2e, 0x65, 0x78, 0xa7, 0xfa,
  0x02, 0x64, 0x79, 0x87, 0xc6, 0x00, 0x6f, 0x26, 0xc3, 0x79, 0xc6, 0x80,
  0x5f, 0x16, 0xc0, 0x1a, 0x86, 0x5f, 0x2c, 0x7e, 0xce, 0x00, 0x57, 0x62,
  0x6b, 0xcb, 0x2a, 0xcb, 0x1b, 0xcb, 0x2a, 0x28, 0x03, 0xf2, 0x02, 0x64,
  0xcb, 0x1b, 0x3e, 0x40, 0x91, 0x93, 0xfa, 0x02, 0x64, 0xca, 0x02, 0x64,
  0xeb, 0x6f, 0x3e, 0x40, 0x91, 0xcb, 0x3f, 0xcb, 0x3f, 0xc6, 0x80, 0x83,
  0x5f, 0x7a, 0xce, 0x00, 0xc2, 0x02, 0x64, 0x53, 0x3e, 0x40, 0x95, 0x4f,
  0x1e, 0x01, 0xc3, 0x6d, 0x62, 0x1e, 0x00, 0x26, 0xc4, 0xd9, 0x01, 0x00,
  0x00, 0x21, 0x7f, 0xc3, 0xcd, 0x66, 0x7c, 0x1e, 0x00, 0x26, 0xc5, 0xd9,
  0x01, 0x00, 0x00, 0x21, 0xff, 0xc3, 0x56, 0x2d, 0x5e, 0x2d, 0xeb, 0xe5,
  0xcb, 0x2c, 0xcb, 0x1d, 0xcb, 0x2c, 0xcb, 0x1d, 0xcb, 0x2c, 0x28, 0x03,
  0xf2, 0xa3, 0x7c, 0xcb, 0x1d, 0x78, 0x95, 0xfa, 0xa3, 0x7c, 0x28, 0x1f,
  0x87, 0xd9, 0x83, 0x6f, 0xd9, 0x78, 0xcb, 0x3f, 0xcb, 0x3f, 0xcb, 0x3f,
  0xe1, 0x85, 0xd9, 0x77, 0x2c, 0xd9, 0x7c, 0x89, 0xd9, 0x77, 0xd9, 0xeb,
  0x04, 0xcb, 0x70, 0xca, 0x66, 0x7c, 0xc9, 0xe1, 0xeb, 0x04, 0xcb, 0x70,
  0xca, 0x66, 0x7c, 0xc9, 0x21, 0x3f, 0xd8, 0x16, 0xff, 0x72, 0x2d, 0xf2,
  0xb1, 0x7c, 0x21, 0x7f, 0xd9, 0x72, 0x2d, 0xf2, 0xb9, 0x7c, 0x21, 0xbf,
  0xda, 0x72, 0x2d, 0xc2, 0xc1, 0x7c, 0x72, 0x24, 0x72, 0x11, 0x01, 0xdb,
  0x01, 0xff, 0x06, 0xed, 0xb0, 0x21, 0x32, 0x7d, 0xe5, 0x11, 0x00, 0xd8,
  0xd9, 0x21, 0x9f, 0xc4, 0x01, 0x30, 0x07, 0x5e, 0x2d, 0x7e, 0x2d, 0xc6,
  0x80, 0x57, 0x7b, 0xce, 0x00, 0xfa, 0x13, 0x7d, 0xc2, 0x2b, 0x7d, 0x7a,
  0xb8, 0xd2, 0x2b, 0x7d, 0xd9, 0x4f, 0xe6, 0x07, 0xc6, 0x75, 0x6f, 0x26,
  0x91, 0x46, 0x79, 0xe6, 0xf8, 0x83, 0x6f, 0x62, 0x70, 0x01, 0x08, 0x00,
  0x91, 0x38, 0x07, 0x6f, 0x70, 0x7d, 0x91, 0xd2, 0x0b, 0x7d, 0xd9, 0x0c,
  0xf8, 0x78, 0xc6, 0x08, 0x38, 0x01, 0x47, 0xd9, 0x1c, 0xcb, 0x5b, 0xd9,
  0xca, 0xdf, 0x7c, 0xd9, 0x1e, 0x00, 0x14, 0xd9, 0xc3, 0xdf, 0x7c, 0x78,
  0xd9, 0x06, 0x00, 0xc3, 0xff, 0x7c, 0x11, 0x00, 0xd8, 0xd9, 0x21, 0x9f,
  0xc5, 0x01, 0x30, 0x07, 0x5e, 0x2d, 0x7e, 0x2d, 0xc6, 0x80, 0x57, 0x7b,
  0xce, 0x00, 0xfa, 0x92, 0x7d, 0xc2, 0x7a, 0x7d, 0x7a, 0xb8, 0xd2, 0x7a,
  0x7d, 0xd9, 0x4f, 0xe6, 0x07, 0xc6, 0x7d, 0x6f, 0x26, 0x91, 0x46, 0x79,
  0xe6, 0xf8, 0x83, 0x6f, 0x62, 0x7e, 0xa0, 0x77, 0xd9, 0x78, 0xd9, 0x91,
  0xe6, 0xf8, 0x28, 0x0d, 0x0f, 0x0f, 0x0f, 0x47, 0x0e, 0x08, 0x7d, 0x81,
  0x6f, 0x36, 0x00, 0x10, 0xf9, 0xd9, 0x0c, 0xf8, 0x78, 0xc6, 0x08, 0x38,
  0x01, 0x47, 0xd9, 0x1c, 0xcb, 0x5b, 0xd9, 0xca, 0x3c, 0x7d, 0xd9, 0x1e,
  0x00, 0x14, 0xd9, 0xc3, 0x3c, 0x7d, 0xd9, 0x01, 0x00, 0x00, 0xc3, 0x5b,
  0x7d, 0x21, 0x00, 0xd8, 0x11, 0x00, 0x06, 0x01, 0x40, 0x00, 0xcd, 0x5c,
  0x00, 0x21, 0x00, 0xd9, 0x11, 0x00, 0x07, 0x01, 0x80, 0x00, 0xcd, 0x5c,
  0x00, 0x21, 0x00, 0xda, 0x11, 0x00, 0x08, 0x01, 0xc0, 0x00, 0xcd, 0x5c,
  0x00, 0x21, 0x00, 0xdb, 0x11, 0x00, 0x09, 0x01, 0x00, 0x07, 0xc3, 0x5c,
  0x00, 0x01, 0x01, 0x01, 0x16, 0x08, 0x3a, 0x2e, 0xc1, 0x5f, 0x21, 0x00,
  0x26, 0x7b, 0xcd, 0x4d, 0x00, 0x7d, 0x82, 0x6f, 0x10, 0xf7, 0x0c, 0x41,
  0x7d, 0x3c, 0xe6, 0x07, 0x6f, 0xc2, 0xd5, 0x7d, 0x24, 0xcb, 0x5c, 0xca,
  0xd5, 0x7d, 0x0e, 0x88, 0x3a, 0x2f, 0xc1, 0x5f, 0x69, 0x7b, 0xcd, 0x4d,
  0x00, 0x7d, 0x82, 0x6f, 0xd2, 0xf5, 0x7d, 0x79, 0xc6, 0x09, 0xd8, 0x4f,
  0xe6, 0x07, 0xc2, 0xf4, 0x7d, 0x0e, 0xc8, 0x24, 0xc3, 0xf4, 0x7d, 0x3a,
  0x2f, 0xc1, 0x5f, 0x01, 0x40, 0x00, 0x21, 0x00, 0x26, 0xcd, 0x56, 0x00,
  0x7b, 0x01, 0x80, 0x00, 0x24, 0xcd, 0x56, 0x00, 0x0e, 0x88, 0x3a, 0x2e,
  0xc1, 0x5f, 0x16, 0x08, 0x26, 0x08, 0x69, 0xaf, 0xcd, 0x4d, 0x00, 0xcb,
  0xec, 0x7b, 0xcd, 0x4d, 0x00, 0xcb, 0xac, 0x7d, 0x82, 0x6f, 0xd2, 0x2f,
  0x7e, 0x79, 0xc6, 0x09, 0xd8, 0x4f, 0xe6, 0x07, 0xc2, 0x2e, 0x7e, 0x0e,
  0xc8, 0x24, 0xc3, 0x2e, 0x7e, 0xcd, 0x2e, 0x65, 0x78, 0xa7, 0xfa, 0x82,
  0x61, 0x08, 0xda, 0xda, 0x7e, 0x08, 0x79, 0x87, 0xc6, 0x00, 0x6f, 0x26,
  0xc3, 0x7e, 0x90, 0x5f, 0x2c, 0x7e, 0xde, 0x00, 0x57, 0x67, 0x6b, 0xcb,
  0x2a, 0xcb, 0x1b, 0xcb, 0x2a, 0xcb, 0x1b, 0xcb, 0x2a, 0x28, 0x03, 0xf2,
  0x82, 0x61, 0xcb, 0x1b, 0x3e, 0x40, 0x91, 0x93, 0xfa, 0x82, 0x61, 0xca,
  0x82, 0x61, 0x57, 0x3e, 0x40, 0x91, 0xcb, 0x3f, 0xcb, 0x3f, 0xcb, 0x3f,
  0xc6, 0x80, 0x85, 0x5f, 0x7c, 0xce, 0x00, 0xc2, 0x82, 0x61, 0x21, 0x20,
  0x38, 0xe5, 0x21, 0x6f, 0xa3, 0x3a, 0xf2, 0xc0, 0x32, 0xf1, 0xc0, 0x3a,
  0xf0, 0xc0, 0xa7, 0xca, 0xbb, 0x7e, 0x21, 0x6f, 0xa4, 0x3a, 0xf3, 0xc0,
  0x32, 0xf1, 0xc0, 0xe5, 0x3e, 0x40, 0x92, 0x4f, 0x78, 0x43, 0xfe, 0x04,
  0xd2, 0xc8, 0x7e, 0x3c, 0xe6, 0xfe, 0x57, 0x1e, 0x04, 0xca, 0x1e, 0x61,
  0xcb, 0x23, 0xd6, 0x02, 0xc2, 0xd0, 0x7e, 0xc3, 0x1e, 0x61, 0x08, 0x79,
  0x87, 0xc6, 0x80, 0x6f, 0x26, 0xc3, 0x7e, 0x80, 0x5f, 0x2c, 0x7e, 0xce,
  0x00, 0x57, 0x67, 0x6b, 0xcb, 0x2a, 0xcb, 0x1b, 0xcb, 0x2a, 0xcb, 0x1b,
  0xcb, 0x2a, 0x28, 0x03, 0xf2, 0x82, 0x61, 0xcb, 0x1b, 0x3e, 0x40, 0x91,
  0x93, 0xfa, 0x82, 0x61, 0xca, 0x82, 0x61, 0x57, 0x3e, 0x40, 0x91, 0xcb,
  0x3f, 0xcb, 0x3f, 0xcb, 0x3f, 0xc6, 0x80, 0x85, 0x5f, 0x7c, 0xce, 0x00,
  0xc2, 0x82, 0x61, 0x21, 0x40, 0x38, 0xe5, 0x21, 0xef, 0xa2, 0x3a, 0xf2,
  0xc0, 0x32, 0xf1, 0xc0, 0x3a, 0xef, 0xc0, 0xa7, 0xca, 0xbb, 0x7e, 0x21,
  0xef, 0xa3, 0x3a, 0xf3, 0xc0, 0x32, 0xf1, 0xc0, 0xc3, 0xbb, 0x7e, 0x47,
  0x08, 0x6f, 0x26, 0x1b, 0x78, 0xe6, 0xf8, 0x0f, 0x0f, 0x0f, 0xc6, 0x10,
  0x4f, 0x3a, 0x17, 0xc1, 0xa7, 0x79, 0xc2, 0x53, 0x7f, 0xd6, 0x20, 0xcd,
  0x4d, 0x00, 0x2c, 0x08, 0xd6, 0x10, 0x57, 0x1f, 0xe6, 0x80, 0x5f, 0x7a,
  0xca, 0x65, 0x7f, 0xc6, 0x20, 0xcd, 0x4d, 0x00, 0x2c, 0x2c, 0x3a, 0x16,
  0xc1, 0xb3, 0xcd, 0x4d, 0x00, 0x11, 0x60, 0x38, 0x01, 0x20, 0x00, 0x3a,
  0x17, 0xc1, 0xfe, 0x01, 0xca, 0x88, 0x7f, 0xda, 0xd3, 0x61, 0x21, 0x8f,
  0xa6, 0xc3, 0x5c, 0x00, 0x21, 0xaf, 0xa5, 0xc3, 0x5c, 0x00, 0xcd, 0x2e,
  0x65, 0x78, 0xa7, 0xfa, 0x82, 0x61, 0x79, 0x87, 0xc6, 0x00, 0x6f, 0x26,
  0xc3, 0x79, 0xc6, 0x80, 0x5f, 0x16, 0xc0, 0x1a, 0x86, 0x5f, 0x2c, 0x7e,
  0xce, 0x00, 0x57, 0x62, 0x6b, 0xcb, 0x2a, 0xcb, 0x1b, 0xcb, 0x2a, 0xcb,
  0x1b, 0xcb, 0x2a, 0x28, 0x03, 0xf2, 0x82, 0x61, 0xcb, 0x1b, 0x3e, 0x40,
  0x91, 0x93, 0xfa, 0x82, 0x61, 0xca, 0x82, 0x61, 0xeb, 0x6f, 0x3e, 0x40,
  0x91, 0xcb, 0x3f, 0xcb, 0x3f, 0xcb, 0x3f, 0xc6, 0x80, 0x83, 0x5f, 0x7a,
  0xce, 0x00, 0xc2, 0x82, 0x61, 0x53, 0x3e, 0x40, 0x95, 0x4f, 0xc3, 0x00,
  0x62, 0xcd, 0x2e, 0x65, 0x78, 0xa7, 0xfa, 0x02, 0x64, 0x79, 0x87, 0xc6,
  0x00, 0x6f, 0x26, 0xc3, 0x79, 0xc6, 0x80, 0x5f, 0x16, 0xc0, 0x1a, 0x86,
  0x5f, 0x2c, 0x7e, 0xce, 0x00, 0x57, 0x62, 0x6b, 0xcb, 0x2a, 0xcb, 0x1b,
  0xcb, 0x2a, 0xcb, 0x1b, 0xcb, 0x2a, 0x28, 0x03, 0xf2, 0x02, 0x64, 0xcb,
  0x1b, 0x3e, 0x40, 0x91, 0x93, 0xfa, 0x02, 0x64, 0xca, 0x02, 0x64, 0xeb,
  0x6f, 0x3e, 0x40, 0x91, 0xcb, 0x3f, 0xcb, 0x3f, 0xcb, 0x3f, 0xc6, 0x80,
  0x83, 0x5f, 0x7a, 0xce, 0x00, 0xc2, 0x02, 0x64, 0x53, 0x3e, 0x40, 0x95,
  0x4f, 0x1e, 0x00, 0xc3, 0x6d, 0x62, 0x1e, 0x00, 0x26, 0xc4, 0xd9, 0x01,
  0x00, 0x00, 0x21, 0x7f, 0xc3, 0xcd, 0x57, 0x80, 0x1e, 0x00, 0x26, 0xc5,
  0xd9, 0x01, 0x00, 0x00, 0x21, 0xff, 0xc3, 0x56, 0x2d, 0x5e, 0x2d, 0xeb,
  0xe5, 0x7d, 0xcb, 0x2c, 0x1f, 0x80, 0x28, 0x24, 0x6f, 0x7c, 0x89, 0x20,
  0x1f, 0x7d, 0x87, 0x38, 0x1b, 0xd9, 0x83, 0x6f, 0xd9, 0xe1, 0x7d, 0x68,
  0xcb, 0x3d, 0x95, 0xd9, 0x77, 0x2c, 0xd9, 0x7c, 0x99, 0xd9, 0x77, 0xd9,
  0xeb, 0x04, 0xcb, 0x70, 0xca, 0x57, 0x80, 0xc9, 0xe1, 0xeb, 0x04, 0xcb,
  0x70, 0xca, 0x57, 0x80, 0xc9, 0x26, 0xd8, 0x3e, 0xec, 0x01, 0xff, 0x10,
  0x6f, 0x71, 0x2c, 0xc2, 0x99, 0x80, 0x24, 0x90, 0xd2, 0x98, 0x80, 0x71,
  0x2c, 0xc2, 0xa3, 0x80, 0x21, 0xf0, 0xd8, 0x36, 0x00, 0x2e, 0xf8, 0x36,
  0x00, 0xeb, 0x1c, 0xd9, 0x21, 0xfd, 0xc4, 0x01, 0x01, 0xf1, 0x5e, 0x2d,
  0x7e, 0x2d, 0xc6, 0x80, 0x57, 0x7b, 0xce, 0x00, 0xfa, 0xf8, 0x80, 0xc2,
  0x1b, 0x81, 0x7a, 0xb8, 0x38, 0x2a, 0xd9, 0x4f, 0xe6, 0x07, 0xc6, 0x75,
  0x6f, 0x26, 0x91, 0x46, 0x79, 0xe6, 0xf8, 0x83, 0xc6, 0x08, 0x6f, 0x62,
  0x70, 0x79, 0xd9, 0x90, 0xd9, 0x3c, 0x0f, 0x0f, 0x0f, 0xe6, 0x1f, 0x28,
  0x0a, 0x47, 0x0e, 0x00, 0x7d, 0xd6, 0x08, 0x6f, 0x71, 0x10, 0xf9, 0xd9,
  0x0c, 0x79, 0xe6, 0x03, 0x28, 0x06, 0xd9, 0x1c, 0xd9, 0xc3, 0xba, 0x80,
  0x78, 0xd6, 0x08, 0x38, 0x01, 0x47, 0xd9, 0x1c, 0xd9, 0x20, 0xab, 0xd9,
  0x1e, 0xf8, 0x14, 0xd9, 0xa1, 0xf2, 0xba, 0x80, 0xc3, 0x2f, 0x81, 0x78,
  0xc6, 0x07, 0xd9, 0x83, 0x6f, 0x62, 0x0e, 0x00, 0x71, 0x7d, 0xc6, 0x08,
  0x6f, 0xd2, 0x24, 0x81, 0xc3, 0xf7, 0x80, 0x11, 0xf9, 0xd8, 0xd9, 0x21,
  0xfd, 0xc5, 0x01, 0x01, 0xf1, 0x5e, 0x2d, 0x7e, 0x2d, 0xc6, 0x80, 0x57,
  0x7b, 0xce, 0x00, 0xfa, 0x93, 0x81, 0xc2, 0x72, 0x81, 0x7a, 0xb8, 0x38,
  0x46, 0xd9, 0x4f, 0xe6, 0x07, 0xc6, 0x7d, 0x6f, 0x26, 0x91, 0x46, 0x79,
  0xe6, 0xf8, 0x83, 0xc6, 0x08, 0x6f, 0x62, 0x78, 0xa6, 0x77, 0x7d, 0xc6,
  0x08, 0x38, 0x0a, 0x0e, 0x00, 0x6f, 0x71, 0x7d, 0xc6, 0x08, 0xd2, 0x69,
  0x81, 0xd9, 0x0c, 0x79, 0xe6, 0x03, 0x28, 0x06, 0xd9, 0x1c, 0xd9, 0xc3,
  0x39, 0x81, 0x78, 0xd6, 0x08, 0x38, 0x01, 0x47, 0xd9, 0x1c, 0xd9, 0x20,
  0xb0, 0xd9, 0x1e, 0xf8, 0x14, 0xd9, 0xa1, 0xf2, 0x39, 0x81, 0xc9, 0x78,
  0xc6, 0x07, 0xd9, 0x83, 0x62, 0xc3, 0x67, 0x81, 0x21, 0xec, 0xd8, 0x01,
  0x14, 0x00, 0x7c, 0xd6, 0xd8, 0x57, 0x5d, 0xc5, 0xe5, 0xcd, 0x5c, 0x00,
  0xe1, 0xc1, 0x24, 0x7d, 0xd6, 0x10, 0x6f, 0x79, 0xc6, 0x10, 0x4f, 0xd2,
  0xa2, 0x81, 0x68, 0x01, 0x00, 0x01, 0x11, 0x00, 0x0f, 0xc3, 0x5c, 0x00,
  0x01, 0x0f, 0x03, 0x16, 0x3f, 0x21, 0xe5, 0x00, 0xcd, 0x71, 0x84, 0x3a,
  0x2d, 0xc1, 0x57, 0x3a, 0x2e, 0xc1, 0x5f, 0x21, 0xe5, 0x20, 0x01, 0x03,
  0x00, 0x7a, 0xcd, 0x56, 0x00, 0x2e, 0xe9, 0x01, 0x03, 0x00, 0x7a, 0xcd,
  0x56, 0x00, 0x2e, 0xec, 0x01, 0x14, 0x00, 0x7b, 0xcd, 0x56, 0x00, 0xd9,
  0x21, 0xd5, 0x01, 0xcd, 0x71, 0x84, 0x21, 0xd5, 0x21, 0x01, 0x03, 0x00,
  0x7a, 0xcd, 0x56, 0x00, 0x2e, 0xd9, 0x01, 0x03, 0x00, 0x7a, 0xcd, 0x56,
  0x00, 0x2e, 0xdc, 0x01, 0x24, 0x00, 0x7b, 0xcd, 0x56, 0x00, 0xd9, 0x21,
  0xc5, 0x02, 0xcd, 0x71, 0x84, 0x21, 0xc5, 0x22, 0x01, 0x03, 0x00, 0x7a,
  0xcd, 0x56, 0x00, 0x2e, 0xc9, 0x01, 0x03, 0x00, 0x7a, 0xcd, 0x56, 0x00,
  0x2e, 0xcc, 0x01, 0x34, 0x00, 0x7b, 0xcd, 0x56, 0x00, 0xd9, 0x21, 0xb5,
  0x03, 0xcd, 0x71, 0x84, 0x21, 0xb5, 0x23, 0x01, 0x03, 0x00, 0x7a, 0xcd,
  0x56, 0x00, 0x2e, 0xb9, 0x01, 0x03, 0x00, 0x7a, 0xcd, 0x56, 0x00, 0x2e,
  0xbc, 0x01, 0x42, 0x00, 0x7b, 0xcd, 0x56, 0x00, 0xd9, 0x21, 0xa5, 0x04,
  0xcd, 0x71, 0x84, 0x21, 0xa5, 0x24, 0x01, 0x03, 0x00, 0x7a, 0xcd, 0x56,
  0x00, 0x2e, 0xa9, 0x01, 0x03, 0x00, 0x7a, 0xcd, 0x56, 0x00, 0x2e, 0xac,
  0x01, 0x32, 0x00, 0x7b, 0xcd, 0x56, 0x00, 0x2e, 0xe0, 0x01, 0x04, 0x00,
  0x7b, 0xcd, 0x56, 0x00, 0x2e, 0xe8, 0x01, 0x02, 0x00, 0x7b, 0xcd, 0x56,
  0x00, 0xd9, 0x21, 0x95, 0x05, 0xcd, 0x71, 0x84, 0x21, 0x95, 0x25, 0x01,
  0x03, 0x00, 0x7a, 0xcd, 0x56, 0x00, 0x2e, 0x99, 0x01, 0x03, 0x00, 0x7a,
  0xcd, 0x56, 0x00, 0x2e, 0x9c, 0x01, 0x22, 0x00, 0x7b, 0xcd, 0x56, 0x00,
  0x2e, 0xc0, 0x01, 0x04, 0x00, 0x7b, 0xcd, 0x56, 0x00, 0x2e, 0xc8, 0x01,
  0x02, 0x00, 0x7b, 0xcd, 0x56, 0x00, 0xd9, 0x21, 0x85, 0x06, 0xcd, 0x71,
  0x84, 0x21, 0x85, 0x26, 0x01, 0x03, 0x00, 0x7a, 0xcd, 0x56, 0x00, 0x2e,
  0x89, 0x01, 0x03, 0x00, 0x7a, 0xcd, 0x56, 0x00, 0x2e, 0x8c, 0x01, 0x12,
  0x00, 0x7b, 0xcd, 0x56, 0x00, 0x2e, 0xa0, 0x01, 0x04, 0x00, 0x7b, 0xcd,
  0x56, 0x00, 0x2e, 0xa8, 0x01, 0x02, 0x00, 0x7b, 0xcd, 0x56, 0x00, 0xd9,
  0x21, 0x75, 0x07, 0xcd, 0x71, 0x84, 0x21, 0x75, 0x27, 0x01, 0x02, 0x00,
  0x7a, 0xcd, 0x56, 0x00, 0x2e, 0x79, 0x01, 0x03, 0x00, 0x7a, 0xcd, 0x56,
  0x00, 0x2e, 0x7c, 0x01, 0x02, 0x00, 0x7b, 0xcd, 0x56, 0x00, 0x2e, 0x80,
  0x01, 0x04, 0x00, 0x7b, 0xcd, 0x56, 0x00, 0x2e, 0x88, 0x01, 0x02, 0x00,
  0x7b, 0xcd, 0x56, 0x00, 0x3a, 0x2f, 0xc1, 0x5f, 0x21, 0x57, 0x28, 0x7b,
  0xcd, 0x4d, 0x00, 0x2e, 0x5d, 0x01, 0x03, 0x00, 0x7b, 0xcd, 0x56, 0x00,
  0x2e, 0x63, 0x01, 0x02, 0x00, 0x7b, 0xcd, 0x56, 0x00, 0x2e, 0x65, 0x01,
  0x03, 0x00, 0x7a, 0xcd, 0x56, 0x00, 0x2e, 0x6a, 0x01, 0x02, 0x00, 0x7a,
  0xcd, 0x56, 0x00, 0xd9, 0x21, 0x65, 0x08, 0xcd, 0x71, 0x84, 0x21, 0x37,
  0x29, 0x7b, 0xcd, 0x4d, 0x00, 0x2e, 0x3d, 0x01, 0x03, 0x00, 0x7b, 0xcd,
  0x56, 0x00, 0x2e, 0x43, 0x01, 0x12, 0x00, 0x7b, 0xcd, 0x56, 0x00, 0x2e,
  0x55, 0x01, 0x03, 0x00, 0x7a, 0xcd, 0x56, 0x00, 0x2e, 0x58, 0x7b, 0xcd,
  0x4d, 0x00, 0x2c, 0x01, 0x03, 0x00, 0x7a, 0xcd, 0x56, 0x00, 0xd9, 0x21,
  0x55, 0x09, 0xcd, 0x71, 0x84, 0x21, 0x17, 0x2a, 0x7b, 0xcd, 0x4d, 0x00,
  0x2e, 0x1d, 0x01, 0x03, 0x00, 0x7b, 0xcd, 0x56, 0x00, 0x2e, 0x23, 0x01,
  0x22, 0x00, 0x7b, 0xcd, 0x56, 0x00, 0x2e, 0x45, 0x01, 0x03, 0x00, 0x7a,
  0xcd, 0x56, 0x00, 0x2e, 0x48, 0x7b, 0xcd, 0x4d, 0x00, 0x2c, 0x01, 0x03,
  0x00, 0x7a, 0xcd, 0x56, 0x00, 0xd9, 0x21, 0x45, 0x0a, 0xcd, 0x71, 0x84,
  0x21, 0x03, 0x2b, 0x01, 0x32, 0x00, 0x7b, 0xcd, 0x56, 0x00, 0x2e, 0x35,
  0x01, 0x03, 0x00, 0x7a, 0xcd, 0x56, 0x00, 0x2e, 0x38, 0x7b, 0xcd, 0x4d,
  0x00, 0x2c, 0x01, 0x03, 0x00, 0x7a, 0xcd, 0x56, 0x00, 0xd9, 0x21, 0x35,
  0x0b, 0xcd, 0x71, 0x84, 0x21, 0x00, 0x2c, 0x01, 0x25, 0x00, 0x7b, 0xcd,
  0x56, 0x00, 0x2e, 0x25, 0x01, 0x03, 0x00, 0x7a, 0xcd, 0x56, 0x00, 0x2e,
  0x28, 0x7b, 0xcd, 0x4d, 0x00, 0x2c, 0x01, 0x03, 0x00, 0x7a, 0xcd, 0x56,
  0x00, 0xd9, 0x21, 0x25, 0x0c, 0xcd, 0x71, 0x84, 0x21, 0x00, 0x2d, 0x01,
  0x15, 0x00, 0x7b, 0xcd, 0x56, 0x00, 0x2e, 0x15, 0x01, 0x03, 0x00, 0x7a,
  0xcd, 0x56, 0x00, 0x2e, 0x18, 0x7b, 0xcd, 0x4d, 0x00, 0x2c, 0x01, 0x03,
  0x00, 0x7a, 0xcd, 0x56, 0x00, 0xd9, 0x21, 0x15, 0x0d, 0xcd, 0x71, 0x84,
  0x21, 0x00, 0x2e, 0x01, 0x05, 0x00, 0x7b, 0xcd, 0x56, 0x00, 0x2e, 0x05,
  0x01, 0x03, 0x00, 0x7a, 0xcd, 0x56, 0x00, 0x2e, 0x08, 0x7b, 0xcd, 0x4d,
  0x00, 0x2c, 0x01, 0x03, 0x00, 0x7a, 0xcd, 0x56, 0x00, 0xd9, 0x21, 0x05,
  0x0e, 0x78, 0xcd, 0x4d, 0x00, 0x2c, 0x79, 0xcd, 0x4d, 0x00, 0x2c, 0x7a,
  0xcd, 0x4d, 0x00, 0x2c, 0x2c, 0x78, 0xcd, 0x4d, 0x00, 0x2c, 0x79, 0xcd,
  0x4d, 0x00, 0x2c, 0x7a, 0xcd, 0x4d, 0x00, 0xd9, 0xc9, 0x3a, 0x2d, 0xc1,
  0x57, 0x3a, 0x2f, 0xc1, 0x5f, 0x21, 0xe5, 0x20, 0x01, 0x1b, 0x00, 0x7b,
  0xcd, 0x56, 0x00, 0x21, 0xd5, 0x21, 0x01, 0x2b, 0x00, 0x7b, 0xcd, 0x56,
  0x00, 0x21, 0xc5, 0x22, 0x01, 0x3b, 0x00, 0x7b, 0xcd, 0x56, 0x00, 0x21,
  0xb5, 0x23, 0x01, 0x48, 0x00, 0x7b, 0xcd, 0x56, 0x00, 0x2e, 0xf7, 0x7a,
  0xcd, 0x4d, 0x00, 0x2e, 0xfd, 0x7a, 0xcd, 0x4d, 0x00, 0x21, 0xa5, 0x24,
  0x01, 0x38, 0x00, 0x7b, 0xcd, 0x56, 0x00, 0x2e, 0xd7, 0x7a, 0xcd, 0x4d,
  0x00, 0x2e, 0xdd, 0x7a, 0xcd, 0x4d, 0x00, 0x2e, 0xe0, 0x01, 0x03, 0x00,
  0x7b, 0xcd, 0x56, 0x00, 0x2e, 0xe3, 0x7a, 0xcd, 0x4d, 0x00, 0x2e, 0xe8,
  0x7b, 0xcd, 0x4d, 0x00, 0x2c, 0x7a, 0xcd, 0x4d, 0x00, 0x21, 0x95, 0x25,
  0x01, 0x28, 0x00, 0x7b, 0xcd, 0x56, 0x00, 0x2e, 0xb7, 0x7a, 0xcd, 0x4d,
  0x00, 0x2e, 0xbd, 0x7a, 0xcd, 0x4d, 0x00, 0x2e, 0xc0, 0x01, 0x03, 0x00,
  0x7b, 0xcd, 0x56, 0x00, 0x2e, 0xc3, 0x7a, 0xcd, 0x4d, 0x00, 0x2e, 0xc8,
  0x7b, 0xcd, 0x4d, 0x00, 0x2c, 0x7a, 0xcd, 0x4d, 0x00, 0x21, 0x85, 0x26,
  0x01, 0x18, 0x00, 0x7b, 0xcd, 0x56, 0x00, 0x2e, 0x97, 0x7a, 0xcd, 0x4d,
  0x00, 0x2e, 0x9d, 0x7a, 0xcd, 0x4d, 0x00, 0x2e, 0xa0, 0x01, 0x03, 0x00,
  0x7b, 0xcd, 0x56, 0x00, 0x2e, 0xa3, 0x7a, 0xcd, 0x4d, 0x00, 0x2e, 0xa8,
  0x7b, 0xcd, 0x4d, 0x00, 0x2c, 0x7a, 0xcd, 0x4d, 0x00, 0x21, 0x75, 0x27,
  0x01, 0x08, 0x00, 0x7b, 0xcd, 0x56, 0x00, 0x2e, 0x77, 0x7a, 0xcd, 0x4d,
  0x00, 0x2e, 0x7d, 0x7a, 0xcd, 0x4d, 0x00, 0x2e, 0x80, 0x01, 0x03, 0x00,
  0x7b, 0xcd, 0x56, 0x00, 0x2e, 0x83, 0x7a, 0xcd, 0x4d, 0x00, 0x2e, 0x88,
  0x7b, 0xcd, 0x4d, 0x00, 0x2c, 0x7a, 0xcd, 0x4d, 0x00, 0x21, 0x69, 0x08,
  0xaf, 0x01, 0x03, 0x00, 0xcd, 0x56, 0x00, 0x7d, 0xd6, 0x04, 0x6f, 0xaf,
  0x01, 0x03, 0x00, 0xcd, 0x56, 0x00, 0x7d, 0xd6, 0x0c, 0x38, 0x05, 0x6f,
  0x24, 0xc3, 0x90, 0x85, 0x3a, 0x2e, 0xc1, 0x5f, 0x21, 0x57, 0x28, 0x7a,
  0xcd, 0x4d, 0x00, 0x2e, 0x5d, 0x7a, 0xcd, 0x4d, 0x00, 0x2c, 0x01, 0x02,
  0x00, 0x7b, 0xcd, 0x56, 0x00, 0x2e, 0x63, 0x7a, 0xcd, 0x4d, 0x00, 0x2c,
  0x01, 0x04, 0x00, 0x7b, 0xcd, 0x56, 0x00, 0x2e, 0x6a, 0x01, 0x02, 0x00,
  0x7b, 0xcd, 0x56, 0x00, 0x21, 0x37, 0x29, 0x7a, 0xcd, 0x4d, 0x00, 0x2e,
  0x3d, 0x7a, 0xcd, 0x4d, 0x00, 0x2c, 0x01, 0x02, 0x00, 0x7b, 0xcd, 0x56,
  0x00, 0x2e, 0x43, 0x7a, 0xcd, 0x4d, 0x00, 0x2c, 0x01, 0x04, 0x00, 0x7b,
  0xcd, 0x56, 0x00, 0x2e, 0x49, 0x7a, 0xcd, 0x4d, 0x00, 0x2c, 0x01, 0x12,
  0x00, 0x7b, 0xcd, 0x56, 0x00, 0x21, 0x17, 0x2a, 0x7a, 0xcd, 0x4d, 0x00,
  0x2e, 0x1d, 0x7a, 0xcd, 0x4d, 0x00, 0x2c, 0x01, 0x02, 0x00, 0x7b, 0xcd,
  0x56, 0x00, 0x2e, 0x23, 0x7a, 0xcd, 0x4d, 0x00, 0x2c, 0x01, 0x04, 0x00,
  0x7b, 0xcd, 0x56, 0x00, 0x2e, 0x29, 0x7a, 0xcd, 0x4d, 0x00, 0x2c, 0x01,
  0x22, 0x00, 0x7b, 0xcd, 0x56, 0x00, 0x21, 0x03, 0x2b, 0x7a, 0xcd, 0x4d,
  0x00, 0x2c, 0x01, 0x04, 0x00, 0x7b, 0xcd, 0x56, 0x00, 0x2e, 0x09, 0x7a,
  0xcd, 0x4d, 0x00, 0x2c, 0x01, 0x32, 0x00, 0x7b, 0xcd, 0x56, 0x00, 0x21,
  0x00, 0x2c, 0x01, 0x2c, 0x00, 0x7b, 0xcd, 0x56, 0x00, 0x24, 0x01, 0x1c,
  0x00, 0x7b, 0xcd, 0x56, 0x00, 0x24, 0x01, 0x0c, 0x00, 0x7b, 0xc3, 0x56,
  0x00, 0xcd, 0x2e, 0x65, 0x78, 0xa7, 0xfa, 0x82, 0x61, 0x79, 0x87, 0x08,
  0xda, 0xee, 0x86, 0x08, 0xc6, 0x00, 0x6f, 0x26, 0xc3, 0x7e, 0x90, 0x5f,
  0x2c, 0x7e, 0xce, 0x00, 0x57, 0x67, 0x6b, 0x7b, 0xcb, 0x2a, 0x1f, 0xc6,
  0x40, 0x91, 0xfa, 0x82, 0x61, 0xca, 0x82, 0x61, 0x57, 0x3e, 0x40, 0x91,
  0xcb, 0x3f, 0x5f, 0x3e, 0x80, 0x93, 0x85, 0x5f, 0x7c, 0xce, 0x00, 0xc2,
  0x82, 0x61, 0x21, 0x20, 0x38, 0xe5, 0x21, 0x6f, 0xa3, 0x3a, 0xf2, 0xc0,
  0x32, 0xf1, 0xc0, 0x3a, 0xf0, 0xc0, 0xa7, 0xca, 0xcf, 0x86, 0x21, 0x6f,
  0xa4, 0x3a, 0xf3, 0xc0, 0x32, 0xf1, 0xc0, 0xe5, 0x3e, 0x40, 0x92, 0x4f,
  0x78, 0x43, 0xfe, 0x04, 0xd2, 0xdc, 0x86, 0x3c, 0xe6, 0xfe, 0x57, 0x1e,
  0x04, 0xca, 0x1e, 0x61, 0xcb, 0x23, 0xd6, 0x02, 0xc2, 0xe4, 0x86, 0xc3,
  0x1e, 0x61, 0x08, 0xc6, 0x80, 0x6f, 0x26, 0xc3, 0x7e, 0x80, 0x5f, 0x2c,
  0x7e, 0xce, 0x00, 0x57, 0x67, 0x6b, 0x7b, 0xcb, 0x2a, 0x1f, 0xc6, 0x40,
  0x91, 0xfa, 0x82, 0x61, 0xca, 0x82, 0x61, 0x57, 0x3e, 0x40, 0x91, 0xcb,
  0x3f, 0x5f, 0x3e, 0x80, 0x93, 0x85, 0x5f, 0x7c, 0xce, 0x00, 0xc2, 0x82,
  0x61, 0x21, 0x40, 0x38, 0xe5, 0x21, 0xef, 0xa2, 0x3a, 0xf2, 0xc0, 0x32,
  0xf1, 0xc0, 0x3a, 0xef, 0xc0, 0xa7, 0xca, 0xcf, 0x86, 0x21, 0xef, 0xa3,
  0x3a, 0xf3, 0xc0, 0x32, 0xf1, 0xc0, 0xc3, 0xcf, 0x86, 0x47, 0x08, 0x6f,
  0x26, 0x1b, 0xcb, 0x38, 0x3e, 0x5f, 0x90, 0x4f, 0x3a, 0x17, 0xc1, 0xa7,
  0x79, 0xc2, 0x52, 0x87, 0xd6, 0x20, 0xcd, 0x4d, 0x00, 0x2c, 0x08, 0xd6,
  0x10, 0x57, 0x1f, 0xe6, 0x80, 0x5f, 0x7a, 0xca, 0x64, 0x87, 0xc6, 0x20,
  0xcd, 0x4d, 0x00, 0x2c, 0x2c, 0x3a, 0x16, 0xc1, 0xb3, 0xcd, 0x4d, 0x00,
  0x11, 0x60, 0x38, 0x01, 0x20, 0x00, 0x3a, 0x17, 0xc1, 0xfe, 0x01, 0xca,
  0x87, 0x87, 0xda, 0xd3, 0x61, 0x21, 0x0f, 0xa7, 0xc3, 0x5c, 0x00, 0x21,
  0x2f, 0xa6, 0xc3, 0x5c, 0x00, 0xcd, 0x2e, 0x65, 0x78, 0xa7, 0xfa, 0x82,
  0x61, 0x79, 0x87, 0xc6, 0x00, 0x6f, 0x26, 0xc3, 0x79, 0xc6, 0x80, 0x5f,
  0x16, 0xc0, 0x1a, 0x86, 0x5f, 0x2c, 0x7e, 0xce, 0x00, 0x57, 0x62, 0x6b,
  0x7b, 0xcb, 0x2a, 0x1f, 0xc6, 0x40, 0x91, 0xfa, 0x82, 0x61, 0xca, 0x82,
  0x61, 0x5f, 0x3e, 0x40, 0x91, 0xcb, 0x3f, 0x57, 0x3e, 0x80, 0x92, 0x85,
  0x57, 0x7c, 0xce, 0x00, 0xc2, 0x82, 0x61, 0x3e, 0x40, 0x93, 0x4f, 0xc3,
  0x00, 0x62, 0xcd, 0x2e, 0x65, 0x78, 0xa7, 0xfa, 0x02, 0x64, 0x79, 0x87,
  0xc6, 0x00, 0x6f, 0x26, 0xc3, 0x79, 0xc6, 0x80, 0x5f, 0x16, 0xc0, 0x1a,
  0x86, 0x5f, 0x2c, 0x7e, 0xce, 0x00, 0x57, 0x62, 0x6b, 0x7b, 0xcb, 0x2a,
  0x1f, 0xc6, 0x40, 0x91, 0xfa, 0x02, 0x64, 0xca, 0x02, 0x64, 0x5f, 0x3e,
  0x40, 0x91, 0xcb, 0x3f, 0x57, 0x3e, 0x80, 0x92, 0x85, 0x57, 0x7c, 0xce,
  0x00, 0xc2, 0x02, 0x64, 0x3e, 0x40, 0x93, 0x4f, 0x1e, 0xfe, 0xc3, 0x6d,
  0x62, 0x1e, 0x00, 0x26, 0xc4, 0xd9, 0x01, 0x00, 0x00, 0x21, 0x7f, 0xc3,
  0xcd, 0x32, 0x88, 0x1e, 0x00, 0x26, 0xc5, 0xd9, 0x01, 0x00, 0x00, 0x21,
  0xff, 0xc3, 0x56, 0x2d, 0x5e, 0x2d, 0xeb, 0xe5, 0x7d, 0xcb, 0x2c, 0x1f,
  0xcb, 0x2c, 0x1f, 0x80, 0x28, 0x26, 0x6f, 0x7c, 0x89, 0x20, 0x21, 0x7d,
  0x87, 0x38, 0x1d, 0xd9, 0x83, 0x6f, 0xd9, 0xe1, 0x7d, 0x68, 0xcb, 0x3d,
  0xcb, 0x3d, 0x95, 0xd9, 0x77, 0x2c, 0xd9, 0x7c, 0x99, 0xd9, 0x77, 0xd9,
  0xeb, 0x04, 0xcb, 0x70, 0xca, 0x32, 0x88, 0xc9, 0xe1, 0xeb, 0x04, 0xcb,
  0x70, 0xca, 0x32, 0x88, 0xc9, 0x01, 0x00, 0x09, 0x11, 0x00, 0xd8, 0x21,
  0x00, 0xc6, 0xed, 0xb0, 0x21, 0xff, 0xe0, 0x01, 0x00, 0x04, 0xed, 0xb0,
  0x21, 0xf0, 0x88, 0xe5, 0x11, 0x06, 0xd8, 0xd9, 0x21, 0xc3, 0xc4, 0x01,
  0x1e, 0xf8, 0x5e, 0x2d, 0x7e, 0x2d, 0xc6, 0x80, 0x57, 0x7b, 0xce, 0x00,
  0xfa, 0xcc, 0x88, 0xc2, 0xe9, 0x88, 0x7a, 0xb8, 0x38, 0x26, 0xd9, 0x4f,
  0xe6, 0x07, 0xc6, 0x75, 0x6f, 0x26, 0x91, 0x46, 0x79, 0xe6, 0xf8, 0x4f,
  0x83, 0x6f, 0x62, 0x70, 0x79, 0xd9, 0x90, 0x28, 0x0f, 0xd9, 0x0f, 0x0f,
  0x0f, 0x47, 0x0e, 0x08, 0x7d, 0x91, 0x6f, 0x36, 0x00, 0x10, 0xf9, 0xd9,
  0x0c, 0xf8, 0x79, 0x0f, 0x38, 0x07, 0x78, 0xd6, 0x08, 0xda, 0xd9, 0x88,
  0x47, 0xd9, 0x1c, 0xcb, 0x5b, 0xd9, 0xca, 0x92, 0x88, 0xd9, 0x1e, 0x00,
  0x14, 0xd9, 0xc3, 0x92, 0x88, 0xd9, 0x01, 0xf8, 0x00, 0xc3, 0xb0, 0x88,
  0x11, 0x06, 0xd8, 0xd9, 0x21, 0xc3, 0xc5, 0x01, 0x1e, 0xf8, 0x5e, 0x2d,
  0x7e, 0x2d, 0xc6, 0x80, 0x57, 0x7b, 0xce, 0x00, 0xfa, 0x4e, 0x89, 0xc2,
  0x31, 0x89, 0x7a, 0xb8, 0xda, 0x4e, 0x89, 0xd9, 0x4f, 0xe6, 0x07, 0xc6,
  0x7d, 0x6f, 0x26, 0x91, 0x46, 0x79, 0xe6, 0xf8, 0x83, 0x6f, 0x62, 0x7e,
  0xa0, 0x77, 0x01, 0x08, 0x00, 0x7d, 0x81, 0x38, 0x07, 0x6f, 0x70, 0x7d,
  0x81, 0xd2, 0x29, 0x89, 0xd9, 0x0c, 0xf8, 0x79, 0x0f, 0x38, 0x07, 0x78,
  0xd6, 0x08, 0xda, 0x3e, 0x89, 0x47, 0xd9, 0x1c, 0xcb, 0x5b, 0xd9, 0xca,
  0xfa, 0x88, 0xd9, 0x1e, 0x00, 0x14, 0xd9, 0xc3, 0xfa, 0x88, 0x78, 0xd9,
  0x06, 0x00, 0xc3, 0x1c, 0x89, 0x0e, 0x00, 0x21, 0xfc, 0xc6, 0x71, 0x2d,
  0xc2, 0x5a, 0x89, 0x71, 0x2d, 0x0d, 0x71, 0x2d, 0x71, 0x2d, 0x3e, 0x0f,
  0x77, 0x32, 0xf7, 0xc6, 0x0e, 0x1e, 0x21, 0x00, 0xc7, 0x11, 0x08, 0x00,
  0x41, 0x72, 0x7d, 0x83, 0x6f, 0x10, 0xfa, 0x15, 0x72, 0x7d, 0x83, 0x6f,
  0xd2, 0x7c, 0x89, 0x14, 0x2c, 0x0d, 0x28, 0x1f, 0x41, 0x72, 0x7d, 0x83,
  0x6f, 0x10, 0xfa, 0x36, 0x0f, 0x83, 0x6f, 0x15, 0x72, 0x7d, 0x83, 0x6f,
  0xd2, 0x94, 0x89, 0x14, 0x2c, 0xcb, 0x5d, 0xca, 0x74, 0x89, 0x6a, 0x24,
  0xc3, 0x74, 0x89, 0x36, 0x0f, 0x2c, 0x15, 0x72, 0x2c, 0x72, 0x2c, 0x72,
  0x2c, 0x72, 0x2c, 0x2c, 0x2c, 0x72, 0x2c, 0xc2, 0xb5, 0x89, 0xc9, 0x21,
  0xf0, 0xd8, 0x01, 0x10, 0x00, 0x3e, 0x2b, 0x84, 0x57, 0x5d, 0xe5, 0xc5,
  0xcd, 0x5c, 0x00, 0xc1, 0xe1, 0x79, 0xc6, 0x20, 0x4f, 0x7d, 0xd6, 0x20,
  0x6f, 0x24, 0xd2, 0xc1, 0x89, 0x01, 0x00, 0x05, 0x11, 0x00, 0x0b, 0x69,
  0xc3, 0x5c, 0x00, 0x21, 0xf7, 0x23, 0x3a, 0x2d, 0xc1, 0x57, 0x3a, 0x2e,
  0xc1, 0x5f, 0x7a, 0xcd, 0x4d, 0x00, 0x2e, 0xfd, 0x7a, 0xcd, 0x4d, 0x00,
  0x2c, 0x01, 0x02, 0x00, 0x7b, 0xcd, 0x56, 0x00, 0x21, 0xd7, 0x24, 0xcd,
  0x94, 0x8a, 0x2e, 0xf0, 0x01, 0x10, 0x00, 0x7b, 0xcd, 0x56, 0x00, 0x21,
  0xb7, 0x25, 0xcd, 0x94, 0x8a, 0x2e, 0xd0, 0x01, 0x30, 0x00, 0x7b, 0xcd,
  0x56, 0x00, 0x21, 0x97, 0x26, 0xcd, 0x94, 0x8a, 0x2e, 0xb0, 0x01, 0x41,
  0x00, 0x7b, 0xcd, 0x56, 0x00, 0x21, 0x77, 0x27, 0xcd, 0x94, 0x8a, 0x2e,
  0x90, 0x01, 0x21, 0x00, 0x7b, 0xcd, 0x56, 0x00, 0x21, 0x70, 0x28, 0x7b,
  0xcd, 0x4d, 0x00, 0x3a, 0x2f, 0xc1, 0x5f, 0x2e, 0x47, 0x7b, 0xcd, 0x4d,
  0x00, 0x2e, 0x4e, 0x01, 0x02, 0x00, 0x7b, 0xcd, 0x56, 0x00, 0x2e, 0x50,
  0xcd, 0xc8, 0x8a, 0x21, 0x07, 0x29, 0x01, 0x29, 0x00, 0x7b, 0xcd, 0x56,
  0x00, 0x2e, 0x30, 0xcd, 0xc8, 0x8a, 0x21, 0x00, 0x2a, 0x01, 0x10, 0x00,
  0x7b, 0xcd, 0x56, 0x00, 0x2e, 0x10, 0xcd, 0xc8, 0x8a, 0x21, 0x00, 0x2b,
  0x01, 0x03, 0x00, 0x7b, 0xcd, 0x56, 0x00, 0x2e, 0x03, 0x7a, 0xcd, 0x4d,
  0x00, 0x2e, 0x08, 0x7b, 0xcd, 0x4d, 0x00, 0x2c, 0x7a, 0xc3, 0x4d, 0x00,
  0x7a, 0xcd, 0x4d, 0x00, 0x7d, 0xc6, 0x06, 0x6f, 0x7a, 0xcd, 0x4d, 0x00,
  0x2c, 0x01, 0x02, 0x00, 0x7b, 0xcd, 0x56, 0x00, 0x7d, 0xc6, 0x05, 0x6f,
  0x7a, 0xcd, 0x4d, 0x00, 0x2c, 0x01, 0x04, 0x00, 0x7b, 0xcd, 0x56, 0x00,
  0x7d, 0xc6, 0x05, 0x6f, 0x7a, 0xcd, 0x4d, 0x00, 0x2c, 0x01, 0x06, 0x00,
  0x7b, 0xc3, 0x56, 0x00, 0x01, 0x07, 0x00, 0x7b, 0xcd, 0x56, 0x00, 0x7d,
  0xc6, 0x07, 0x6f, 0x7a, 0xcd, 0x4d, 0x00, 0x2c, 0x01, 0x05, 0x00, 0x7b,
  0xcd, 0x56, 0x00, 0x7d, 0xc6, 0x05, 0x6f, 0x7a, 0xcd, 0x4d, 0x00, 0x2c,
  0x2c, 0x2c, 0x01, 0x03, 0x00, 0x7b, 0xcd, 0x56, 0x00, 0x2c, 0x2c, 0x2c,
  0x7a, 0xcd, 0x4d, 0x00, 0x7d, 0xc6, 0x05, 0x6f, 0x7b, 0xcd, 0x4d, 0x00,
  0x2c, 0x7a, 0xc3, 0x4d, 0x00, 0x21, 0xf7, 0x23, 0x3a, 0x2f, 0xc1, 0x5f,
  0x01, 0x09, 0x00, 0x7b, 0xcd, 0x56, 0x00, 0x21, 0xd7, 0x24, 0x01, 0x29,
  0x00, 0x7b, 0xcd, 0x56, 0x00, 0x21, 0xb7, 0x25, 0x01, 0x49, 0x00, 0x7b,
  0xcd, 0x56, 0x00, 0x21, 0x97, 0x26, 0x01, 0x30, 0x00, 0x7b, 0xcd, 0x56,
  0x00, 0x2e, 0xc8, 0x16, 0x06, 0x4a, 0x06, 0x00, 0x7b, 0xcd, 0x56, 0x00,
  0x7d, 0xc6, 0x08, 0x6f, 0x15, 0xc2, 0x35, 0x8b, 0x21, 0x77, 0x27, 0x01,
  0x10, 0x00, 0x7b, 0xcd, 0x56, 0x00, 0x2e, 0x88, 0x16, 0x06, 0x4a, 0x06,
  0x00, 0x7b, 0xcd, 0x56, 0x00, 0x7d, 0xc6, 0x08, 0x6f, 0x15, 0xc2, 0x52,
  0x8b, 0x21, 0x63, 0x08, 0xaf, 0xcd, 0x4d, 0x00, 0x7d, 0xd6, 0x06, 0x38,
  0x10, 0x6f, 0xe6, 0x0f, 0xfe, 0x01, 0xc2, 0x64, 0x8b, 0x7d, 0xd6, 0x08,
  0x6f, 0x24, 0xc3, 0x64, 0x8b, 0x21, 0x69, 0x28, 0x7b, 0xcd, 0x4d, 0x00,
  0x2e, 0x70, 0x7b, 0xcd, 0x4d, 0x00, 0x3a, 0x2e, 0xc1, 0x5f, 0x2e, 0x47,
  0x7b, 0xcd, 0x4d, 0x00, 0x2e, 0x4e, 0x01, 0x02, 0x00, 0x7b, 0xcd, 0x56,
  0x00, 0x2e, 0x55, 0x01, 0x03, 0x00, 0x7b, 0xcd, 0x56, 0x00, 0x2e, 0x5c,
  0x01, 0x02, 0x00, 0x7b, 0xcd, 0x56, 0x00, 0x2e, 0x63, 0x7b, 0xcd, 0x4d,
  0x00, 0x21, 0x07, 0x29, 0x16, 0x01, 0x4a, 0x06, 0x00, 0x7b, 0xcd, 0x56,
  0x00, 0x7d, 0xc6, 0x07, 0x6f, 0x14, 0xcb, 0x5a, 0xca, 0xba, 0x8b, 0x01,
  0x12, 0x00, 0x7b, 0xcd, 0x56, 0x00, 0x21, 0x00, 0x2a, 0x01, 0x2a, 0x00,
  0x7b, 0xcd, 0x56, 0x00, 0x24, 0x01, 0x0a, 0x00, 0x7b, 0xc3, 0x56, 0x00,
  0xcd, 0x2e, 0x65, 0x78, 0xa7, 0xfa, 0x82, 0x61, 0x79, 0x87, 0x08, 0xda,
  0x62, 0x8c, 0x08, 0xc6, 0x00, 0x6f, 0x26, 0xc3, 0x7e, 0x90, 0x5f, 0x2c,
  0x7e, 0xce, 0x00, 0x57, 0x67, 0x6b, 0x7b, 0xcb, 0x2a, 0x1f, 0xcb, 0x2a,
  0x1f, 0xc6, 0x40, 0x91, 0xfa, 0x82, 0x61, 0xca, 0x82, 0x61, 0x57, 0x3e,
  0x40, 0x91, 0xcb, 0x3f, 0xcb, 0x3f, 0x5f, 0x3e, 0x80, 0x93, 0x85, 0x5f,
  0x7c, 0xce, 0x00, 0xc2, 0x82, 0x61, 0x21, 0x20, 0x38, 0xe5, 0x21, 0x6f,
  0xa3, 0x3a, 0xf2, 0xc0, 0x32, 0xf1, 0xc0, 0x3a, 0xf0, 0xc0, 0xa7, 0xca,
  0x43, 0x8c, 0x21, 0x6f, 0xa4, 0x3a, 0xf3, 0xc0, 0x32, 0xf1, 0xc0, 0xe5,
  0x3e, 0x40, 0x92, 0x4f, 0x78, 0x43, 0xfe, 0x04, 0xd2, 0x50, 0x8c, 0x3c,
  0xe6, 0xfe, 0x57, 0x1e, 0x04, 0xca, 0x1e, 0x61, 0xcb, 0x23, 0xd6, 0x02,
  0xc2, 0x58, 0x8c, 0xc3, 0x1e, 0x61, 0x08, 0xc6, 0x80, 0x6f, 0x26, 0xc3,
  0x7e, 0x80, 0x5f, 0x2c, 0x7e, 0xce, 0x00, 0x57, 0x67, 0x6b, 0x7b, 0xcb,
  0x2a, 0x1f, 0xcb, 0x2a, 0x1f, 0xc6, 0x40, 0x91, 0xfa, 0x82, 0x61, 0xca,
  0x82, 0x61, 0x57, 0x3e, 0x40, 0x91, 0xcb, 0x3f, 0xcb, 0x3f, 0x5f, 0x3e,
  0x80, 0x93, 0x85, 0x5f, 0x7c, 0xce, 0x00, 0xc2, 0x82, 0x61, 0x21, 0x40,
  0x38, 0xe5, 0x21, 0xef, 0xa2, 0x3a, 0xf2, 0xc0, 0x32, 0xf1, 0xc0, 0x3a,
  0xef, 0xc0, 0xa7, 0xca, 0x43, 0x8c, 0x21, 0xef, 0xa3, 0x3a, 0xf3, 0xc0,
  0x32, 0xf1, 0xc0, 0xc3, 0x43, 0x8c, 0x47, 0x08, 0x6f, 0x26, 0x1b, 0xcb,
  0x38, 0xcb, 0x38, 0x3e, 0x3f, 0x90, 0x4f, 0x3a, 0x17, 0xc1, 0xa7, 0x79,
  0xc2, 0xcd, 0x8c, 0xd6, 0x20, 0xcd, 0x4d, 0x00, 0x2c, 0x08, 0xd6, 0x10,
  0x57, 0x1f, 0xe6, 0x80, 0x5f, 0x7a, 0xca, 0xdf, 0x8c, 0xc6, 0x20, 0xcd,
  0x4d, 0x00, 0x2c, 0x2c, 0x3a, 0x16, 0xc1, 0xb3, 0xcd, 0x4d, 0x00, 0x11,
  0x60, 0x38, 0x01, 0x20, 0x00, 0x3a, 0x17, 0xc1, 0xfe, 0x01, 0xca, 0x02,
  0x8d, 0xda, 0xd3, 0x61, 0x21, 0xef, 0xa6, 0xc3, 0x5c, 0x00, 0x21, 0x0f,
  0xa6, 0xc3, 0x5c, 0x00, 0xcd, 0x2e, 0x65, 0x78, 0xa7, 0xfa, 0x82, 0x61,
  0x79, 0x87, 0xc6, 0x00, 0x6f, 0x26, 0xc3, 0x79, 0xc6, 0x80, 0x5f, 0x16,
  0xc0, 0x1a, 0x86, 0x5f, 0x2c, 0x7e, 0xce, 0x00, 0x57, 0x62, 0x6b, 0x7b,
  0xcb, 0x2a, 0x1f, 0xcb, 0x2a, 0x1f, 0xc6, 0x40, 0x91, 0xfa, 0x82, 0x61,
  0xca, 0x82, 0x61, 0x5f, 0x3e, 0x40, 0x91, 0xcb, 0x3f, 0xcb, 0x3f, 0x57,
  0x3e, 0x80, 0x92, 0x85, 0x57, 0x7c, 0xce, 0x00, 0xc2, 0x82, 0x61, 0x3e,
  0x40, 0x93, 0x4f, 0xc3, 0x00, 0x62, 0xcd, 0x2e, 0x65, 0x78, 0xa7, 0xfa,
  0x02, 0x64, 0x79, 0x87, 0xc6, 0x00, 0x6f, 0x26, 0xc3, 0x79, 0xc6, 0x80,
  0x5f, 0x16, 0xc0, 0x1a, 0x86, 0x5f, 0x2c, 0x7e, 0xce, 0x00, 0x57, 0x62,
  0x6b, 0x7b, 0xcb, 0x2a, 0x1f, 0xcb, 0x2a, 0x1f, 0xc6, 0x40, 0x91, 0xfa,
  0x02, 0x64, 0xca, 0x02, 0x64, 0x5f, 0x3e, 0x40, 0x91, 0xcb, 0x3f, 0xcb,
  0x3f, 0x57, 0x3e, 0x80, 0x92, 0x85, 0x57, 0x7c, 0xce, 0x00, 0xc2, 0x02,
  0x64, 0x3e, 0x40, 0x93, 0x4f, 0x1e, 0xff, 0xc3, 0x6d, 0x62, 0x1e, 0x00,
  0x26, 0xc4, 0xd9, 0x01, 0x00, 0x00, 0x21, 0x7f, 0xc3, 0xcd, 0xb7, 0x8d,
  0x1e, 0x00, 0x26, 0xc5, 0xd9, 0x01, 0x00, 0x00, 0x21, 0xff, 0xc3, 0x56,
  0x2d, 0x5e, 0x2d, 0xeb, 0xe5, 0x7d, 0xcb, 0x2c, 0x1f, 0xcb, 0x2c, 0x1f,
  0xcb, 0x2c, 0x1f, 0x80, 0x28, 0x28, 0x6f, 0x7c, 0x89, 0x20, 0x23, 0x7d,
  0x87, 0x38, 0x1f, 0xd9, 0x83, 0x6f, 0xd9, 0xe1, 0x7d, 0x68, 0xcb, 0x3d,
  0xcb, 0x3d, 0xcb, 0x3d, 0x95, 0xd9, 0x77, 0x2c, 0xd9, 0x7c, 0x99, 0xd9,
  0x77, 0xd9, 0xeb, 0x04, 0xcb, 0x70, 0xca, 0xb7, 0x8d, 0xc9, 0xe1, 0xeb,
  0x04, 0xcb, 0x70, 0xca, 0xb7, 0x8d, 0xc9, 0x21, 0xc7, 0xd8, 0x16, 0xff,
  0x72, 0x2c, 0xc2, 0x00, 0x8e, 0x21, 0x87, 0xd9, 0x72, 0x2c, 0xc2, 0x08,
  0x8e, 0x21, 0x47, 0xda, 0x72, 0x11, 0x48, 0xda, 0x01, 0xd8, 0x07, 0xed,
  0xb0, 0x21, 0x82, 0x8e, 0xe5, 0x11, 0x00, 0xd8, 0xd9, 0x21, 0x9f, 0xc4,
  0x01, 0x30, 0xf8, 0x5e, 0x2d, 0x7e, 0x2d, 0xc6, 0x80, 0x57, 0x7b, 0xce,
  0x00, 0xfa, 0x62, 0x8e, 0xc2, 0x7b, 0x8e, 0x7a, 0xb8, 0xda, 0x62, 0x8e,
  0xd9, 0x4f, 0xe6, 0x07, 0xc6, 0x75, 0x6f, 0x26, 0x91, 0x46, 0x79, 0xe6,
  0xf8, 0x4f, 0x83, 0x6f, 0x62, 0x70, 0x79, 0xd9, 0x90, 0x28, 0x0f, 0xd9,
  0x0f, 0x0f, 0x0f, 0x47, 0x0e, 0x08, 0x7d, 0x91, 0x6f, 0x36, 0x00, 0x10,
  0xf9, 0xd9, 0x0c, 0xf8, 0x78, 0xd6, 0x08, 0xda, 0x6b, 0x8e, 0x47, 0xd9,
  0x1c, 0xcb, 0x5b, 0xd9, 0xca, 0x27, 0x8e, 0xd9, 0x1e, 0x00, 0x14, 0xd9,
  0xc3, 0x27, 0x8e, 0xd9, 0x01, 0xf8, 0x00, 0xc3, 0x46, 0x8e, 0x11, 0x00,
  0xd8, 0xd9, 0x21, 0x9f, 0xc5, 0x01, 0x30, 0xf8, 0x5e, 0x2d, 0x7e, 0x2d,
  0xc6, 0x80, 0x57, 0x7b, 0xce, 0x00, 0xfa, 0xdc, 0x8e, 0xc2, 0xc3, 0x8e,
  0x7a, 0xb8, 0xda, 0xdc, 0x8e, 0xd9, 0x4f, 0xe6, 0x07, 0xc6, 0x7d, 0x6f,
  0x26, 0x91, 0x46, 0x79, 0xe6, 0xf8, 0x83, 0x6f, 0x62, 0x7e, 0xa0, 0x77,
  0x01, 0x08, 0x00, 0x7d, 0x81, 0x38, 0x07, 0x6f, 0x70, 0x7d, 0x81, 0xd2,
  0xbb, 0x8e, 0xd9, 0x0c, 0xf8, 0x78, 0xd6, 0x08, 0xda, 0xcc, 0x8e, 0x47,
  0xd9, 0x1c, 0xcb, 0x5b, 0xd9, 0xca, 0x8c, 0x8e, 0xd9, 0x1e, 0x00, 0x14,
  0xd9, 0xc3, 0x8c, 0x8e, 0x78, 0xd9, 0x06, 0x00, 0xc3, 0xae, 0x8e, 0x21,
  0xc0, 0xd8, 0x11, 0xc0, 0x06, 0x01, 0x40, 0x00, 0xcd, 0x5c, 0x00, 0x21,
  0x80, 0xd9, 0x11, 0x80, 0x07, 0x01, 0x80, 0x00, 0xcd, 0x5c, 0x00, 0x21,
  0x40, 0xda, 0x11, 0x40, 0x08, 0x01, 0xc0, 0x07, 0xc3, 0x5c, 0x00, 0x01,
  0xf8, 0x07, 0x16, 0x08, 0x3a, 0x2e, 0xc1, 0x5f, 0x21, 0xf8, 0x26, 0x7b,
  0xcd, 0x4d, 0x00, 0x7d, 0x82, 0x6f, 0xd2, 0x13, 0x8f, 0x79, 0x90, 0x4f,
  0x6f, 0xa0, 0xc2, 0x13, 0x8f, 0x0e, 0xb8, 0x69, 0x24, 0xcb, 0x5c, 0xca,
  0x13, 0x8f, 0x01, 0x0f, 0x0f, 0x3a, 0x2f, 0xc1, 0x5f, 0x2e, 0x00, 0x7b,
  0xcd, 0x4d, 0x00, 0x7d, 0x82, 0x6f, 0x10, 0xf7, 0x0d, 0xc8, 0x41, 0x7d,
  0x3c, 0xe6, 0x07, 0x6f, 0xc2, 0x37, 0x8f, 0x24, 0xc3, 0x37, 0x8f, 0x3a,
  0x2f, 0xc1, 0x5f, 0x01, 0x39, 0x00, 0x21, 0xc7, 0x26, 0xcd, 0x56, 0x00,
  0x7b, 0x01, 0x79, 0x00, 0x21, 0x87, 0x27, 0xcd, 0x56, 0x00, 0x01, 0x0f,
  0x0f, 0x3a, 0x2e, 0xc1, 0x5f, 0x16, 0x08, 0x21, 0x00, 0x08, 0xaf, 0xcd,
  0x4d, 0x00, 0xcb, 0xec, 0x7b, 0xcd, 0x4d, 0x00, 0xcb, 0xac, 0x7d, 0x82,
  0x6f, 0x10, 0xef, 0x0d, 0xc8, 0x41, 0x7d, 0x3c, 0xe6, 0x07, 0x6f, 0xc2,
  0x72, 0x8f, 0x24, 0xc3, 0x72, 0x8f, 0xcd, 0x2e, 0x65, 0x78, 0xa7, 0xfa,
  0x82, 0x61, 0x79, 0x87, 0x08, 0xda, 0x15, 0x90, 0x08, 0xc6, 0x00, 0x6f,
  0x26, 0xc3, 0x7e, 0x90, 0x5f, 0x2c, 0x7e, 0xce, 0x00, 0x57, 0x67, 0x6b,
  0x7b, 0xcb, 0x2a, 0x1f, 0xcb, 0x2a, 0x1f, 0xcb, 0x2a, 0x1f, 0xc6, 0x40,
  0x91, 0xfa, 0x82, 0x61, 0xca, 0x82, 0x61, 0x57, 0x3e, 0x40, 0x91, 0xcb,
  0x3f, 0xcb, 0x3f, 0xcb, 0x3f, 0x5f, 0x3e, 0x80, 0x93, 0x85, 0x5f, 0x7c,
  0xce, 0x00, 0xc2, 0x82, 0x61, 0x21, 0x20, 0x38, 0xe5, 0x21, 0x6f, 0xa3,
  0x3a, 0xf2, 0xc0, 0x32, 0xf1, 0xc0, 0x3a, 0xf0, 0xc0, 0xa7, 0xca, 0xf6,
  0x8f, 0x21, 0x6f, 0xa4, 0x3a, 0xf3, 0xc0, 0x32, 0xf1, 0xc0, 0xe5, 0x3e,
  0x40, 0x92, 0x4f, 0x78, 0x43, 0xfe, 0x04, 0xd2, 0x03, 0x90, 0x3c, 0xe6,
  0xfe, 0x57, 0x1e, 0x04, 0xca, 0x1e, 0x61, 0xcb, 0x23, 0xd6, 0x02, 0xc2,
  0x0b, 0x90, 0xc3, 0x1e, 0x61, 0x08, 0xc6, 0x80, 0x6f, 0x26, 0xc3, 0x7e,
  0x80, 0x5f, 0x2c, 0x7e, 0xce, 0x00, 0x57, 0x67, 0x6b, 0x7b, 0xcb, 0x2a,
  0x1f, 0xcb, 0x2a, 0x1f, 0xcb, 0x2a, 0x1f, 0xc6, 0x40, 0x91, 0xfa, 0x82,
  0x61, 0xca, 0x82, 0x61, 0x57, 0x3e, 0x40, 0x91, 0xcb, 0x3f, 0xcb, 0x3f,
  0xcb, 0x3f, 0x5f, 0x3e, 0x80, 0x93, 0x85, 0x5f, 0x7c, 0xce, 0x00, 0xc2,
  0x82, 0x61, 0x21, 0x40, 0x38, 0xe5, 0x21, 0xef, 0xa2, 0x3a, 0xf2, 0xc0,
  0x32, 0xf1, 0xc0, 0x3a, 0xef, 0xc0, 0xa7, 0xca, 0xf6, 0x8f, 0x21, 0xef,
  0xa3, 0x3a, 0xf3, 0xc0, 0x32, 0xf1, 0xc0, 0xc3, 0xf6, 0x8f, 0x47, 0x08,
  0x6f, 0x26, 0x1b, 0xcb, 0x38, 0xcb, 0x38, 0xcb, 0x38, 0x3e, 0x30, 0x90,
  0x4f, 0x3a, 0x17, 0xc1, 0xa7, 0x79, 0xc2, 0x87, 0x90, 0xd6, 0x20, 0xcd,
  0x4d, 0x00, 0x2c, 0x08, 0xd6, 0x10, 0x57, 0x1f, 0xe6, 0x80, 0x5f, 0x7a,
  0xca, 0x99, 0x90, 0xc6, 0x20, 0xcd, 0x4d, 0x00, 0x2c, 0x2c, 0x3a, 0x16,
  0xc1, 0xb3, 0xcd, 0x4d, 0x00, 0x11, 0x60, 0x38, 0x01, 0x20, 0x00, 0x3a,
  0x17, 0xc1, 0xfe, 0x01, 0xca, 0xbc, 0x90, 0xda, 0xd3, 0x61, 0x21, 0xcf,
  0xa6, 0xc3, 0x5c, 0x00, 0x21, 0xef, 0xa5, 0xc3, 0x5c, 0x00, 0xcd, 0x2e,
  0x65, 0x78, 0xa7, 0xfa, 0x82, 0x61, 0x79, 0x87, 0xc6, 0x00, 0x6f, 0x26,
  0xc3, 0x79, 0xc6, 0x80, 0x5f, 0x16, 0xc0, 0x1a, 0x86, 0x5f, 0x2c, 0x7e,
  0xce, 0x00, 0x57, 0x62, 0x6b, 0x7b, 0xcb, 0x2a, 0x1f, 0xcb, 0x2a, 0x1f,
  0xcb, 0x2a, 0x1f, 0xc6, 0x40, 0x91, 0xfa, 0x82, 0x61, 0xca, 0x82, 0x61,
  0x5f, 0x3e, 0x40, 0x91, 0xcb, 0x3f, 0xcb, 0x3f, 0xcb, 0x3f, 0x57, 0x3e,
  0x80, 0x92, 0x85, 0x57, 0x7c, 0xce, 0x00, 0xc2, 0x82, 0x61, 0x3e, 0x40,
  0x93, 0x4f, 0xc3, 0x00, 0x62, 0xcd, 0x2e, 0x65, 0x78, 0xa7, 0xfa, 0x02,
  0x64, 0x79, 0x87, 0xc6, 0x00, 0x6f, 0x26, 0xc3, 0x79, 0xc6, 0x80, 0x5f,
  0x16, 0xc0, 0x1a, 0x86, 0x5f, 0x2c, 0x7e, 0xce, 0x00, 0x57, 0x62, 0x6b,
  0x7b, 0xcb, 0x2a, 0x1f, 0xcb, 0x2a, 0x1f, 0xcb, 0x2a, 0x1f, 0xc6, 0x40,
  0x91, 0xfa, 0x02, 0x64, 0xca, 0x02, 0x64, 0x5f, 0x3e, 0x40, 0x91, 0xcb,
  0x3f, 0xcb, 0x3f, 0xcb, 0x3f, 0x57, 0x3e, 0x80, 0x92, 0x85, 0x57, 0x7c,
  0xce, 0x00, 0xc2, 0x02, 0x64, 0x3e, 0x40, 0x93, 0x4f, 0x1e, 0x00, 0xc3,
  0x6d, 0x62, 0x0f, 0x0f, 0x0e, 0x66, 0x86, 0x98, 0x03, 0x08, 0x0a, 0x0f,
  0x10, 0x48, 0x38, 0x2a, 0x1e, 0x14, 0x0c, 0x06, 0x02, 0xff, 0x7f, 0x3f,
  0x1f, 0x0f, 0x07, 0x03, 0x01, 0x80, 0xc0, 0xe0, 0xf0, 0xf8, 0xfc, 0xfe,
  0xff, 0xbe, 0x97, 0xf0, 0x97, 0x38, 0x98, 0x76, 0x98, 0xc0, 0x98, 0x04,
  0x99, 0x3c, 0x99, 0xc6, 0x99, 0x06, 0x9e, 0x12, 0x01, 0x09, 0x0e, 0x04,
  0x15, 0x0e, 0x05, 0x03, 0x0f, 0x0c, 0x04, 0x04, 0x15, 0x13, 0x0b, 0x04,
  0x01, 0x12, 0x0b, 0x02, 0x0c, 0x09, 0x0e, 0x04, 0x01, 0x17, 0x0e, 0x0e,
  0x0f, 0x0f, 0x0e, 0x08, 0x0e, 0x0b, 0x19, 0x01, 0x25, 0x13, 0x25, 0x03,
  0x25, 0x09, 0x25, 0x09, 0x25, 0x25, 0x08, 0x25, 0x13, 0x25, 0x10, 0x00,
  0x10, 0x12, 0x05, 0x13, 0x05, 0x0e, 0x14, 0x13, 0x00, 0x10, 0x12, 0x0f,
  0x07, 0x12, 0x01, 0x0d, 0x25, 0x08, 0x1d, 0x0e, 0x09, 0x13, 0x08, 0x09,
  0x0b, 0x01, 0x17, 0x01, 0x00, 0x1b, 0x03, 0x1c, 0x27, 0x2f, 0x2e, 0x2c,
  0x25, 0x01, 0x13, 0x03, 0x09, 0x09, 0x25, 0x03, 0x0f, 0x12, 0x10, 0x1d,
  0x00, 0x25, 0x07, 0x25, 0x0f, 0x25, 0x01, 0x25, 0x0c, 0x00, 0x25, 0x13,
  0x25, 0x14, 0x25, 0x01, 0x25, 0x12, 0x25, 0x14, 0x25, 0x25, 0x00, 0x13,
  0x05, 0x0c, 0x05, 0x03, 0x14, 0x25, 0x14, 0x12, 0x01, 0x0e, 0x13, 0x0d,
  0x09, 0x13, 0x13, 0x09, 0x0f, 0x0e, 0x00, 0x2c, 0x25, 0x13, 0x10, 0x05,
  0x05, 0x04, 0x25, 0x0d, 0x01, 0x0e, 0x15, 0x01, 0x0c, 0x00, 0x29, 0x25,
  0x13, 0x10, 0x05, 0x05, 0x04, 0x25, 0x01, 0x15, 0x14, 0x0f, 0x0d, 0x01,
  0x14, 0x09, 0x03, 0x00, 0x03, 0x0f, 0x15, 0x12, 0x13, 0x05, 0x25, 0x0e,
  0x0f, 0x1d, 0x25, 0x25, 0x25, 0x0c, 0x01, 0x10, 0x00, 0x11, 0x15, 0x01,
  0x0c, 0x09, 0x06, 0x19, 0x25, 0x00, 0x19, 0x0f, 0x15, 0x12, 0x25, 0x14,
  0x09, 0x0d, 0x05, 0x00, 0x19, 0x0f, 0x15, 0x12, 0x25, 0x13, 0x03, 0x0f,
  0x12, 0x05, 0x00, 0x02, 0x0f, 0x0e, 0x15, 0x13, 0x00, 0x14, 0x0f, 0x14,
  0x01, 0x0c, 0x00, 0x03, 0x0f, 0x0e, 0x07, 0x12, 0x01, 0x14, 0x15, 0x0c,
  0x01, 0x14, 0x09, 0x0f, 0x0e, 0x13, 0x22, 0x00, 0x10, 0x01, 0x13, 0x13,
  0x17, 0x0f, 0x12, 0x04, 0x00, 0x07, 0x01, 0x0d, 0x05, 0x25, 0x0f, 0x16,
  0x05, 0x12, 0x00, 0x12, 0x01, 0x0e, 0x0b, 0x09, 0x0e, 0x07, 0x00, 0x10,
  0x15, 0x13, 0x08, 0x25, 0x13, 0x10, 0x01, 0x03, 0x05, 0x25, 0x0f, 0x12,
  0x25, 0x14, 0x12, 0x09, 0x07, 0x07, 0x05, 0x12, 0x00, 0x25, 0x14, 0x25,
  0x09, 0x25, 0x0d, 0x25, 0x05, 0x25, 0x0f, 0x25, 0x16, 0x25, 0x05, 0x25,
  0x12, 0x04, 0x05, 0x13, 0x09, 0x07, 0x0e, 0x25, 0x0b, 0x1d, 0x19, 0x15,
  0x0b, 0x09, 0x0e, 0x01, 0x07, 0x01, 0x00, 0x0d, 0x15, 0x13, 0x09, 0x03,
  0x25, 0x14, 0x1d, 0x13, 0x05, 0x0b, 0x09, 0x0e, 0x0f, 0x00, 0x0b, 0x05,
  0x0e, 0x0e, 0x19, 0x25, 0x12, 0x1d, 0x25, 0x25, 0x05, 0x04, 0x04, 0x19,
  0x25, 0x0c, 0x1d, 0x25, 0x25, 0x25, 0x0d, 0x09, 0x0b, 0x05, 0x25, 0x02,
  0x1d, 0x25, 0x25, 0x25, 0x12, 0x1d, 0x0d, 0x01, 0x0d, 0x0f, 0x12, 0x01,
  0x25, 0x25, 0x03, 0x1d, 0x13, 0x01, 0x0c, 0x0f, 0x0e, 0x25, 0x25, 0x25,
  0x14, 0x1d, 0x14, 0x01, 0x09, 0x12, 0x01, 0x25, 0x25, 0x25, 0x19, 0x13,
  0x12, 0x25, 0x12, 0x09, 0x04, 0x05, 0x12, 0x25, 0x08, 0x09, 0x04, 0x05,
  0x0f, 0x25, 0x0b, 0x1d, 0x25, 0x25, 0x08, 0x09, 0x12, 0x0f, 0x13, 0x08,
  0x09, 0x25, 0x0e, 0x1d, 0x0b, 0x15, 0x0e, 0x09, 0x0f, 0x25, 0x19, 0x1d,
  0x25, 0x25, 0x00, 0x10, 0x00, 0x09, 0x00, 0x08, 0x00, 0x07, 0x00, 0x06,
  0x00, 0x05, 0x00, 0x04, 0x00, 0x03, 0x00, 0x02, 0x00, 0x01, 0x3f, 0xaa,
  0x7f, 0x71, 0x6b, 0x71, 0x55, 0x71, 0x6b, 0x71, 0x8f, 0x71, 0x3f, 0x6b,
  0x71, 0x7f, 0x3f, 0xaa, 0x7f, 0x71, 0x6b, 0x71, 0x55, 0x71, 0x6b, 0x71,
  0x8f, 0x71, 0x3f, 0x6b, 0x71, 0x7f, 0x3f, 0xaa, 0x7f, 0x71, 0x6b, 0x71,
  0x5a, 0x71, 0x6b, 0x71, 0x7f, 0x71, 0x3f, 0x6b, 0x71, 0x7f, 0x3f, 0xb4,
  0x97, 0x71, 0x5a, 0x71, 0x5a, 0x71, 0x5a, 0x71, 0x97, 0x71, 0x3f, 0x5a,
  0x71, 0x97, 0x8f, 0x47, 0x6b, 0x5f, 0x8f, 0x47, 0x6b, 0x5f, 0x8f, 0x47,
  0x6b, 0x5f, 0x8f, 0x47, 0x6b, 0x55, 0xa0, 0x50, 0x3c, 0x5f, 0xf0, 0x50,
  0x3c, 0x5f, 0xa0, 0x50, 0x3c, 0x5f, 0xf0, 0x50, 0x3c, 0x5f, 0x8f, 0x47,
  0x6b, 0x5f, 0x8f, 0x47, 0x6b, 0x5f, 0x8f, 0x47, 0x6b, 0x5f, 0x8f, 0x47,
  0x6b, 0x55, 0xa0, 0x50, 0x3c, 0x5f, 0xf0, 0x50, 0x3c, 0x5f, 0xa0, 0x50,
  0x3c, 0x5f, 0xf0, 0x50, 0x3c, 0x5f, 0x00, 0x18, 0x00, 0x06, 0x6b, 0x18,
  0x00, 0x05, 0x35, 0x01, 0x00, 0x05, 0x35, 0x01, 0x00, 0x18, 0x35, 0x08,
  0x35, 0x08, 0x3c, 0x08, 0x35, 0x08, 0x2d, 0x08, 0x2f, 0x08, 0x3c, 0x08,
  0x35, 0x08, 0x3c, 0x08, 0x35, 0x08, 0x2d, 0x08, 0x2f, 0x08, 0x3c, 0x06,
  0x35, 0x18, 0x00, 0x05, 0x2a, 0x01, 0x00, 0x05, 0x2a, 0x01, 0x00, 0x60,
  0x2a, 0x00, 0xd6, 0x6b, 0x6b, 0x6b, 0x6b, 0x78, 0x6b, 0x5a, 0x5f, 0x78,
  0x6b, 0x78, 0x6b, 0x5a, 0x5f, 0x78, 0x6b, 0x47, 0x47, 0x47, 0x6b, 0x35,
  0x35, 0x35, 0x35, 0x3c, 0x35, 0x2d, 0x2f, 0x3c, 0x35, 0x3c, 0x35, 0x2d,
  0x2f, 0x3c, 0xd6, 0xd6, 0xd6, 0xd6, 0x00, 0x8d, 0x08, 0x80, 0x04, 0x00,
  0x04, 0x90, 0x08, 0x90, 0x10, 0xa1, 0x08, 0x00, 0x04, 0xa1, 0x04, 0x90,
  0x08, 0x90, 0x08, 0x80, 0x04, 0x00, 0x04, 0x90, 0x08, 0x90, 0x10, 0xa1,
  0x08, 0x00, 0x04, 0xa1, 0x04, 0x90, 0x08, 0x90, 0x00, 0x17, 0x04, 0x40,
  0x02, 0x40, 0x02, 0x00, 0x04, 0x40, 0x04, 0x2b, 0x10, 0x2b, 0x04, 0x00,
  0x04, 0x40, 0x04, 0x36, 0x04, 0x2b, 0x04, 0x24, 0x04, 0x26, 0x04, 0x30,
  0x04, 0x2b, 0x08, 0x24, 0x04, 0x20, 0x08, 0x24, 0x04, 0x26, 0x08, 0x2b,
  0x20, 0x2b, 0x04, 0x40, 0x02, 0x40, 0x02, 0x00, 0x04, 0x40, 0x04, 0x2b,
  0x10, 0x2b, 0x08, 0x00, 0x04, 0x1c, 0x04, 0x20, 0x04, 0x24, 0x04, 0x24,
  0x04, 0x20, 0x04, 0x1c, 0x04, 0x20, 0x08, 0x24, 0x08, 0x26, 0x04, 0x2b,
  0x08, 0x26, 0x10, 0x26, 0x04, 0x26, 0x08, 0x26, 0x04, 0x00, 0x00, 0x8d,
  0x10, 0x22, 0x08, 0x22, 0x08, 0x2b, 0x08, 0x39, 0x08, 0x2b, 0x04, 0x20,
  0x04, 0x22, 0x08, 0x22, 0x10, 0x20, 0x08, 0x20, 0x08, 0x26, 0x08, 0x33,
  0x08, 0x26, 0x04, 0x20, 0x04, 0x22, 0x08, 0x22, 0x10, 0x20, 0x08, 0x20,
  0x08, 0x26, 0x08, 0x1c, 0x08, 0x20, 0x08, 0x22, 0x08, 0x26, 0x00, 0x4e,
  0x20, 0x28, 0x20, 0x2b, 0x00, 0x00, 0x08, 0xab, 0x04, 0x00, 0x04, 0xc0,
  0x08, 0xc0, 0x10, 0xd7, 0x08, 0x00, 0x04, 0xd7, 0x04, 0xc0, 0x08, 0xc0,
  0x08, 0xab, 0x04, 0x00, 0x04, 0xc0, 0x08, 0xc0, 0x10, 0xd7, 0x08, 0x00,
  0x04, 0xd7, 0x04, 0xc0, 0x08, 0xc0, 0x02, 0x40, 0x02, 0xab, 0x02, 0x80,
  0x02, 0x72, 0x02, 0x6c, 0x02, 0x72, 0x02, 0x55, 0x02, 0x72, 0x02, 0x6c,
  0x02, 0x72, 0x02, 0x80, 0x02, 0x72, 0x02, 0x40, 0x02, 0x6c, 0x02, 0x72,
  0x02, 0x80, 0x02, 0x40, 0x02, 0xab, 0x02, 0x80, 0x02, 0x72, 0x02, 0x6c,
  0x02, 0x72, 0x02, 0x55, 0x02, 0x72, 0x02, 0x6c, 0x02, 0x72, 0x02, 0x90,
  0x02, 0x72, 0x02, 0x40, 0x02, 0x6c, 0x02, 0x72, 0x02, 0x80, 0x02, 0x40,
  0x02, 0xab, 0x02, 0x80, 0x02, 0x72, 0x02, 0x6c, 0x02, 0x72, 0x02, 0x55,
  0x02, 0x72, 0x02, 0x6c, 0x02, 0x72, 0x02, 0x80, 0x02, 0x72, 0x02, 0x40,
  0x02, 0x6c, 0x02, 0x72, 0x02, 0x80, 0x02, 0x40, 0x02, 0xab, 0x02, 0x80,
  0x02, 0x72, 0x02, 0x6c, 0x02, 0x72, 0x02, 0x55, 0x02, 0x72, 0x02, 0x6c,
  0x02, 0x72, 0x02, 0x80, 0x02, 0x72, 0x02, 0x40, 0x02, 0x6c, 0x02, 0x72,
  0x02, 0x80, 0x02, 0x40, 0x02, 0xab, 0x02, 0x80, 0x02, 0x72, 0x02, 0x6c,
  0x02, 0x72, 0x02, 0x55, 0x02, 0x72, 0x02, 0x6c, 0x02, 0x72, 0x02, 0x80,
  0x02, 0x72, 0x02, 0x40, 0x02, 0x6c, 0x02, 0x72, 0x02, 0x80, 0x02, 0x40,
  0x02, 0xab, 0x02, 0x80, 0x02, 0x72, 0x02, 0x6c, 0x02, 0x72, 0x02, 0x55,
  0x02, 0x72, 0x02, 0x6c, 0x02, 0x72, 0x02, 0x90, 0x02, 0x72, 0x02, 0x40,
  0x02, 0x6c, 0x02, 0x72, 0x02, 0x80, 0x02, 0x40, 0x02, 0xab, 0x02, 0x80,
  0x02, 0x72, 0x02, 0x6c, 0x02, 0x72, 0x02, 0x55, 0x02, 0x72, 0x02, 0x6c,
  0x02, 0x72, 0x02, 0x80, 0x02, 0x72, 0x02, 0x40, 0x02, 0x6c, 0x02, 0x72,
  0x02, 0x80, 0x02, 0x40, 0x02, 0xb5, 0x02, 0x98, 0x02, 0x72, 0x02, 0x5b,
  0x02, 0x72, 0x02, 0x5b, 0x02, 0x72, 0x02, 0x5b, 0x02, 0x72, 0x02, 0x98,
  0x02, 0x72, 0x02, 0x40, 0x02, 0x5b, 0x02, 0x72, 0x02, 0x98, 0x04, 0x72,
  0x04, 0xab, 0x04, 0x72, 0x04, 0xab, 0x04, 0x72, 0x04, 0xab, 0x04, 0x72,
  0x04, 0xab, 0x04, 0x72, 0x04, 0xab, 0x04, 0x72, 0x04, 0xab, 0x04, 0x72,
  0x04, 0xab, 0x04, 0x72, 0x04, 0xab, 0x04, 0x66, 0x04, 0x98, 0x04, 0x66,
  0x04, 0x98, 0x04, 0x66, 0x04, 0x98, 0x04, 0x66, 0x04, 0x98, 0x04, 0x66,
  0x04, 0x98, 0x04, 0x66, 0x04, 0x98, 0x04, 0x66, 0x04, 0x98, 0x04, 0x66,
  0x04, 0x98, 0x04, 0x98, 0x04, 0xc0, 0x04, 0x98, 0x04, 0xc0, 0x04, 0x98,
  0x04, 0xc0, 0x04, 0x80, 0x04, 0xc0, 0x04, 0x98, 0x04, 0xc0, 0x04, 0x98,
  0x04, 0xc0, 0x04, 0x98, 0x04, 0xc0, 0x04, 0x80, 0x04, 0xc0, 0x08, 0x00,
  0x04, 0x6c, 0x08, 0x6c, 0x04, 0x6c, 0x08, 0x6c, 0x04, 0x39, 0x04, 0x39,
  0x04, 0x39, 0x04, 0x39, 0x04, 0x39, 0x04, 0x39, 0x04, 0x39, 0x04, 0x39,
  0x08, 0x40, 0x04, 0x00, 0x04, 0x48, 0x08, 0x48, 0x10, 0x51, 0x08, 0x00,
  0x04, 0x51, 0x04, 0x48, 0x08, 0x48, 0x08, 0x40, 0x04, 0x00, 0x04, 0x48,
  0x08, 0x48, 0x10, 0x51, 0x08, 0x00, 0x04, 0x51, 0x04, 0x48, 0x08, 0x48,
  0x04, 0x80, 0x04, 0x80, 0x04, 0x80, 0x04, 0x80, 0x04, 0x80, 0x04, 0x80,
  0x04, 0x80, 0x04, 0x80, 0x04, 0x90, 0x04, 0x90, 0x04, 0x90, 0x04, 0x90,
  0x04, 0x90, 0x04, 0x90, 0x04, 0x90, 0x04, 0x90, 0x04, 0xa1, 0x04, 0xa1,
  0x04, 0xa1, 0x04, 0xa1, 0x04, 0xa1, 0x04, 0xa1, 0x04, 0xa1, 0x04, 0xa1,
  0x04, 0xab, 0x04, 0xab, 0x04, 0xab, 0x04, 0xab, 0x04, 0xab, 0x04, 0xab,
  0x04, 0xab, 0x04, 0xab, 0x04, 0x80, 0x04, 0x80, 0x04, 0x80, 0x04, 0x80,
  0x04, 0x80, 0x04, 0x80, 0x04, 0x80, 0x04, 0x80, 0x04, 0x90, 0x04, 0x90,
  0x04, 0x90, 0x04, 0x90, 0x04, 0x90, 0x04, 0x90, 0x04, 0x90, 0x04, 0x90,
  0x04, 0xa1, 0x04, 0xa1, 0x04, 0xa1, 0x04, 0xa1, 0x04, 0xa1, 0x04, 0xa1,
  0x04, 0xa1, 0x04, 0xa1, 0x04, 0x72, 0x04, 0x72, 0x04, 0x72, 0x04, 0x72,
  0x04, 0x72, 0x04, 0x72, 0x04, 0x72, 0x04, 0x72, 0x04, 0xab, 0x04, 0xab,
  0x04, 0xab, 0x04, 0xab, 0x04, 0xab, 0x04, 0xab, 0x04, 0xab, 0x04, 0xab,
  0x04, 0xab, 0x04, 0xab, 0x04, 0xab, 0x04, 0xab, 0x04, 0xab, 0x04, 0xab,
  0x04, 0xab, 0x04, 0xab, 0x04, 0x98, 0x04, 0x98, 0x04, 0x98, 0x04, 0x98,
  0x04, 0x98, 0x04, 0x98, 0x04, 0x98, 0x04, 0x98, 0x04, 0x98, 0x04, 0x98,
  0x04, 0x98, 0x04, 0x98, 0x04, 0x98, 0x04, 0x98, 0x04, 0x98, 0x04, 0x98,
  0x04, 0xc0, 0x04, 0xc0, 0x04, 0xc0, 0x04, 0xc0, 0x04, 0xc0, 0x04, 0xc0,
  0x04, 0xc0, 0x04, 0xc0, 0x04, 0xc0, 0x04, 0xc0, 0x04, 0xc0, 0x04, 0xc0,
  0x04, 0xc0, 0x04, 0xc0, 0x04, 0xc0, 0x04, 0xc0, 0x08, 0x00, 0x04, 0xa1,
  0x08, 0xa1, 0x04, 0xa1, 0x08, 0xa1, 0x04, 0xab, 0x04, 0xab, 0x04, 0xc0,
  0x04, 0xc0, 0x04, 0xd7, 0x04, 0xd7, 0x04, 0xe4, 0x04, 0xe4, 0x03, 0x03,
  0x04, 0x35, 0xe3, 0x55, 0x0c, 0x09, 0x01, 0x0c, 0x01, 0x0e, 0x02, 0x0e,
  0x00, 0x40, 0x00, 0x18, 0x01, 0x08, 0x00, 0x18, 0x01, 0x20, 0x00, 0x81,
  0x01, 0x11, 0x02, 0x83, 0x01, 0x00, 0xff, 0x11, 0xfe, 0x81, 0xff, 0x20,
  0x00, 0x82, 0x01, 0x02, 0x0e, 0x03, 0x82, 0x02, 0x01, 0x10, 0x00, 0x00,
  0x31, 0x03, 0x04, 0xce, 0xec, 0xee, 0x03, 0x0a, 0x05, 0x0f, 0x00, 0x01,
  0x02, 0x0c, 0x01, 0x40, 0x00, 0x82, 0x01, 0x02, 0x0e, 0x03, 0x82, 0x02,
  0x01, 0x08, 0x00, 0x81, 0xff, 0x0b, 0xfe, 0x83, 0xff, 0x00, 0x01, 0x0b,
  0x02, 0x81, 0x01, 0x18, 0x00, 0x81, 0x01, 0x0b, 0x02, 0x81, 0x01, 0x10,
  0x00, 0x82, 0xff, 0xfe, 0x0e, 0xfd, 0x82, 0xfe, 0xff, 0x10, 0x00, 0x81,
  0x01, 0x17, 0x02, 0x81, 0x01, 0x08, 0x00, 0x18, 0x01, 0x10, 0x00, 0x00,
  0x25, 0x03, 0x04, 0xb5, 0xeb, 0x55, 0x0c, 0x06, 0x0a, 0x0b, 0x01, 0x0e,
  0x00, 0x06, 0x01, 0x40, 0x00, 0x18, 0x01, 0x04, 0x00, 0x81, 0x01, 0x1d,
  0x02, 0x84, 0x01, 0x00, 0xff, 0xfe, 0x0e, 0xfd, 0x82, 0xfe, 0xff, 0x20,
  0x00, 0x81, 0x01, 0x17, 0x02, 0x83, 0x01, 0x00, 0xff, 0x11, 0xfe, 0x81,
  0xff, 0x10, 0x00, 0x82, 0x01, 0x02, 0x0e, 0x03, 0x82, 0x02, 0x01, 0x10,
  0x00, 0x00, 0x57, 0x02, 0x03, 0xfe, 0xef, 0xee, 0x0c, 0x0b, 0x0f, 0x0f,
  0x01, 0x0f, 0x02, 0x0f, 0x00, 0x20, 0x00, 0x18, 0x01, 0x10, 0x00, 0x82,
  0x01, 0x02, 0x0e, 0x03, 0x82, 0x02, 0x01, 0x10, 0x00, 0x81, 0xff, 0x17,
  0xfe, 0x81, 0xff, 0x08, 0x00, 0x18, 0x01, 0x20, 0x00, 0x18, 0x01, 0x10,
  0x00, 0x81, 0x01, 0x17, 0x02, 0x81, 0x01, 0x08, 0x00, 0x82, 0xff, 0xfe,
  0x0e, 0xfd, 0x82, 0xfe, 0xff, 0x08, 0x00, 0x81, 0x01, 0x0b, 0x02, 0x81,
  0x01, 0x08, 0x00, 0x00, 0x18, 0x03, 0x03, 0x69, 0xe6, 0x99, 0x03, 0x0b,
  0x01, 0x06, 0x01, 0x06, 0x02, 0x0e, 0x00, 0x40, 0x00, 0x3c, 0x01, 0x20,
  0x00, 0x82, 0xff, 0xfe, 0x0e, 0xfd, 0x82, 0xfe, 0xff, 0x10, 0x00, 0x81,
  0x01, 0x11, 0x02, 0x81, 0x01, 0x18, 0x00, 0x81, 0x01, 0x11, 0x02, 0x83,
  0x01, 0x00, 0xff, 0x1d, 0xfe, 0x81, 0xff, 0x10, 0x00, 0x82, 0x01, 0x02,
  0x0e, 0x03, 0x82, 0x02, 0x01, 0x10, 0x00, 0x18, 0x01, 0x10, 0x00, 0x00,
  0x52, 0x02, 0x03, 0x04, 0xe0, 0x44, 0x0c, 0x0b, 0x01, 0x01, 0x02, 0x01,
  0x01, 0x0e, 0x00, 0x38, 0x00, 0x81, 0x01, 0x17, 0x02, 0x83, 0x01, 0x00,
  0xff, 0x17, 0xfe, 0x83, 0xff, 0x00, 0x01, 0x17, 0x02, 0x81, 0x01, 0x40,
  0x00, 0x24, 0x01, 0x81, 0x00, 0x24, 0xff, 0x28, 0x00, 0x82, 0x01, 0x02,
  0x0e, 0x03, 0x82, 0x02, 0x01, 0x10, 0x00, 0x00, 0x15, 0x03, 0x03, 0x00,
  0xe0, 0x00, 0x0c, 0x0b, 0x01, 0x04, 0x02, 0x04, 0x01, 0x04, 0x02, 0x28,
  0x00, 0x82, 0x01, 0x02, 0x06, 0x03, 0x82, 0x02, 0x01, 0x18, 0x00, 0x82,
  0x01, 0x02, 0x06, 0x03, 0x82, 0x02, 0x01, 0x10, 0x00, 0x82, 0x01, 0x02,
  0x06, 0x03, 0x82, 0x02, 0x01, 0x08, 0x00, 0x82, 0x01, 0x02, 0x06, 0x03,
  0x82, 0x02, 0x01, 0x08, 0x00, 0x82, 0xff, 0xfe, 0x06, 0xfd, 0x82, 0xfe,
  0xff, 0x08, 0x00, 0x82, 0xff, 0xfe, 0x06, 0xfd, 0x82, 0xfe, 0xff, 0x10,
  0x00, 0x82, 0xff, 0xfe, 0x06, 0xfd, 0x82, 0xfe, 0xff, 0x10, 0x00, 0x82,
  0x01, 0x02, 0x06, 0x03, 0x82, 0x02, 0x01, 0x20, 0x00, 0x82, 0x01, 0x02,
  0x06, 0x03, 0x82, 0x02, 0x01, 0x10, 0x00, 0x82, 0x01, 0x02, 0x06, 0x03,
  0x82, 0x02, 0x01, 0x18, 0x00, 0x82, 0xff, 0xfe, 0x0e, 0xfd, 0x82, 0xfe,
  0xff, 0x18, 0x00, 0x82, 0x01, 0x02, 0x0e, 0x03, 0x82, 0x02, 0x01, 0x10,
  0x00, 0x00, 0x36, 0x03, 0x03, 0xc4, 0xec, 0x44, 0x03, 0x0b, 0x01, 0x0c,
  0x01, 0x0e, 0x02, 0x0e, 0x00, 0x20, 0x00, 0x18, 0x01, 0x08, 0x00, 0x81,
  0x01, 0x23, 0x02, 0x84, 0x01, 0x00, 0xff, 0xfe, 0x0e, 0xfd, 0x81, 0xfe,
  0x18, 0xff, 0x81, 0x00, 0x18, 0x01, 0x20, 0x00, 0x18, 0x01, 0x10, 0x00,
  0x82, 0x01, 0x02, 0x0e, 0x03, 0x82, 0x02, 0x01, 0x08, 0x00, 0x81, 0xff,
  0x0b, 0xfe, 0x81, 0xff, 0x18, 0x00, 0x81, 0xff, 0x0b, 0xfe, 0x81, 0xff,
  0x04, 0x00, 0x81, 0xff, 0x17, 0xfe, 0x83, 0xff, 0x00, 0x01, 0x17, 0x02,
  0x19, 0x01, 0x10, 0x00, 0x00, 0x00, 0x00, 0x00, 0x00, 0x00, 0x00, 0x00,
  0x00, 0x00, 0x00, 0x00, 0x00, 0x00, 0x00, 0x00, 0x00, 0x01, 0x01, 0x01,
  0x01, 0x01, 0x01, 0x01, 0x01, 0x01, 0x01, 0x01, 0x01, 0x01, 0x01, 0x00,
  0x00, 0x00, 0x00, 0x00, 0x00, 0x00, 0x00, 0x00, 0x00, 0x00, 0x00, 0x00,
  0x00, 0x00, 0x00, 0x00, 0x00, 0x01, 0x02, 0x02, 0x02, 0x02, 0x04, 0x04,
  0x04, 0x04, 0x08, 0x08, 0x08, 0x08, 0x00, 0x00, 0x00, 0x00, 0x00, 0x00,
  0x00, 0x00, 0x00, 0x00, 0x00, 0x00, 0x00, 0x00, 0x00, 0x00, 0x00, 0x00,
  0x00, 0x01, 0x01, 0x02, 0x02, 0x04, 0x04, 0x08, 0x08, 0x08, 0x10, 0x10,
  0x20, 0x20, 0x00, 0x00, 0x00, 0x00, 0x00, 0x00, 0x00, 0x00, 0x00, 0x00,
  0x00, 0x00, 0x00, 0x00, 0x00, 0x00, 0x00, 0x00, 0x00, 0x01, 0x01, 0x02,
  0x04, 0x04, 0x08, 0x10, 0x10, 0x20, 0x40, 0x40, 0x80, 0x00, 0x00, 0x00,
  0x00, 0x00, 0x00, 0x00, 0x00, 0x00, 0x00, 0x00, 0x00, 0x01, 0x02, 0x00,
  0x00, 0x00, 0x00, 0x00, 0x00, 0x01, 0x02, 0x04, 0x08, 0x10, 0x20, 0x40,
  0x80, 0x00, 0x00, 0x00, 0x00, 0x00, 0x00, 0x00, 0x00, 0x00, 0x00, 0x00,
  0x00, 0x00, 0x01, 0x06, 0x08, 0x00, 0x00, 0x00, 0x00, 0x00, 0x00, 0x00,
  0x00, 0x03, 0x04, 0x18, 0x20, 0xc0, 0x00, 0x00, 0x00, 0x00, 0x00, 0x00,
  0x00, 0x00, 0x00, 0x00, 0x00, 0x00, 0x00, 0x00, 0x01, 0x06, 0x18, 0x00,
  0x00, 0x00, 0x00, 0x00, 0x00, 0x00, 0x00, 0x00, 0x00, 0x03, 0x0c, 0x30,
  0xc0, 0x00, 0x00, 0x00, 0x00, 0x00, 0x00, 0x00, 0x00, 0x00, 0x00, 0x00,
  0x00, 0x00, 0x00, 0x01, 0x1e, 0x00, 0x00, 0x00, 0x00, 0x00, 0x00, 0x00,
  0x00, 0x00, 0x00, 0x00, 0x00, 0x01, 0x1e, 0xe0, 0x00, 0x00, 0x00, 0x00,
  0x00, 0x00, 0x00, 0x00, 0x00, 0x00, 0x00, 0x00, 0x00, 0x3f, 0x00, 0x00,
  0x00, 0x00, 0x00, 0x00, 0x00, 0x00, 0x00, 0x00, 0x00, 0x00, 0x00, 0x00,
  0x00, 0xff, 0x00, 0x00, 0x00, 0x00, 0x00, 0x00, 0x00, 0x00, 0x00, 0x00,
  0x00, 0x00, 0x00, 0x00, 0x00, 0x00, 0x00, 0x00, 0x00, 0x00, 0x00, 0x00,
  0x00, 0x00, 0x00, 0x00, 0x00, 0x1e, 0x01, 0x00, 0x00, 0x00, 0x00, 0x00,
  0x00, 0x00, 0x00, 0x00, 0x00, 0x00, 0x00, 0x00, 0x00, 0x00, 0xe0, 0x1e,
  0x01, 0x00, 0x00, 0x00, 0x00, 0x00, 0x00, 0x00, 0x00, 0x00, 0x00, 0x18,
  0x06, 0x01, 0x00, 0x00, 0x00, 0x00, 0x00, 0x00, 0x00, 0x00, 0x00, 0x00,
  0x00, 0x00, 0x00, 0x00, 0x00, 0xc0, 0x30, 0x0c, 0x03, 0x00, 0x00, 0x00,
  0x00, 0x00, 0x00, 0x00, 0x00, 0x08, 0x06, 0x01, 0x00, 0x00, 0x00, 0x00,
  0x00, 0x00, 0x00, 0x00, 0x00, 0x00, 0x00, 0x00, 0x00, 0x00, 0x00, 0x00,
  0xc0, 0x20, 0x18, 0x04, 0x03, 0x00, 0x00, 0x00, 0x00, 0x00, 0x00, 0x02,
  0x01, 0x00, 0x00, 0x00, 0x00, 0x00, 0x00, 0x00, 0x00, 0x00, 0x00, 0x00,
  0x00, 0x00, 0x00, 0x00, 0x00, 0x80, 0x40, 0x20, 0x10, 0x08, 0x04, 0x02,
  0x01, 0x00, 0x00, 0x00, 0x00, 0x00, 0x00, 0x00, 0x00, 0x00, 0x00, 0x00,
  0x00, 0x00, 0x00, 0x00, 0x00, 0x00, 0x00, 0x00, 0x00, 0x80, 0x40, 0x40,
  0x20, 0x10, 0x10, 0x08, 0x04, 0x04, 0x02, 0x01, 0x01, 0x00, 0x00, 0x00,
  0x00, 0x00, 0x00, 0x00, 0x00, 0x00, 0x00, 0x00, 0x00, 0x00, 0x00, 0x00,
  0x00, 0x00, 0x00, 0x00, 0x20, 0x20, 0x10, 0x10, 0x08, 0x08, 0x08, 0x04,
  0x04, 0x02, 0x02, 0x01, 0x01, 0x00, 0x00, 0x00, 0x00, 0x00, 0x00, 0x00,
  0x00, 0x00, 0x00, 0x00, 0x00, 0x00, 0x00, 0x00, 0x00, 0x00, 0x00, 0x00,
  0x08, 0x08, 0x08, 0x08, 0x04, 0x04, 0x04, 0x04, 0x02, 0x02, 0x02, 0x02,
  0x01, 0x00, 0x00, 0x00, 0x00, 0x00, 0x00, 0x00, 0x00, 0x00, 0x00, 0x00,
  0x00, 0x00, 0x00, 0x00, 0x00, 0x00, 0x00, 0x01, 0x01, 0x01, 0x01, 0x01,
  0x01, 0x01, 0x01, 0x01, 0x01, 0x01, 0x01, 0x01, 0x01, 0x00, 0x00, 0x00,
  0x10, 0x10, 0x10, 0x10, 0x20, 0x20, 0x20, 0x20, 0x40, 0x40, 0x40, 0x40,
  0x80, 0x00, 0x00, 0x00, 0x00, 0x00, 0x00, 0x00, 0x00, 0x00, 0x00, 0x00,
  0x00, 0x00, 0x00, 0x00, 0x00, 0x00, 0x00, 0x00, 0x04, 0x04, 0x08, 0x08,
  0x10, 0x10, 0x10, 0x20, 0x20, 0x40, 0x40, 0x80, 0x80, 0x00, 0x00, 0x00,
  0x00, 0x00, 0x00, 0x00, 0x00, 0x00, 0x00, 0x00, 0x00, 0x00, 0x00, 0x00,
  0x00, 0x00, 0x00, 0x00, 0x00, 0x01, 0x02, 0x02, 0x04, 0x08, 0x08, 0x10,
  0x20, 0x20, 0x40, 0x80, 0x80, 0x00, 0x00, 0x00, 0x00, 0x00, 0x00, 0x00,
  0x00, 0x00, 0x00, 0x00, 0x00, 0x00, 0x00, 0x00, 0x00, 0x00, 0x00, 0x00,
  0x00, 0x00, 0x00, 0x00, 0x00, 0x01, 0x02, 0x04, 0x08, 0x10, 0x20, 0x40,
  0x80, 0x00, 0x00, 0x00, 0x00, 0x00, 0x00, 0x40, 0x80, 0x00, 0x00, 0x00,
  0x00, 0x00, 0x00, 0x00, 0x00, 0x00, 0x00, 0x00, 0x00, 0x00, 0x00, 0x00,
  0x00, 0x00, 0x00, 0x00, 0x03, 0x04, 0x18, 0x20, 0xc0, 0x00, 0x00, 0x00,
  0x00, 0x00, 0x00, 0x00, 0x00, 0x10, 0x60, 0x80, 0x00, 0x00, 0x00, 0x00,
  0x00, 0x00, 0x00, 0x00, 0x00, 0x00, 0x00, 0x00, 0x00, 0x00, 0x00, 0x00,
  0x00, 0x03, 0x0c, 0x30, 0xc0, 0x00, 0x00, 0x00, 0x00, 0x00, 0x00, 0x00,
  0x00, 0x00, 0x00, 0x18, 0x60, 0x80, 0x00, 0x00, 0x00, 0x00, 0x00, 0x00,
  0x00, 0x00, 0x00, 0x00, 0x00, 0x00, 0x00, 0x00, 0x00, 0x00, 0x07, 0x78,
  0x80, 0x00, 0x00, 0x00, 0x00, 0x00, 0x00, 0x00, 0x00, 0x00, 0x00, 0x00,
  0x00, 0x78, 0x80, 0x00, 0x00, 0x00, 0x00, 0x00, 0x00, 0x00, 0x00, 0x00,
  0x00, 0x00, 0x00, 0x00, 0x00, 0x00, 0x00, 0x00, 0xff, 0x00, 0x00, 0x00,
  0x00, 0x00, 0x00, 0x00, 0x00, 0x00, 0x00, 0x00, 0x00, 0x00, 0x00, 0x00,
  0xfc, 0x80, 0x78, 0x07, 0x00, 0x00, 0x00, 0x00, 0x00, 0x00, 0x00, 0x00,
  0x00, 0x00, 0x00, 0x00, 0x00, 0x00, 0x00, 0x80, 0x78, 0x00, 0x00, 0x00,
  0x00, 0x00, 0x00, 0x00, 0x00, 0x00, 0x00, 0x00, 0x00, 0xc0, 0x30, 0x0c,
  0x03, 0x00, 0x00, 0x00, 0x00, 0x00, 0x00, 0x00, 0x00, 0x00, 0x00, 0x00,
  0x00, 0x00, 0x00, 0x00, 0x80, 0x60, 0x18, 0x00, 0x00, 0x00, 0x00, 0x00,
  0x00, 0x00, 0x00, 0x00, 0x00, 0xc0, 0x20, 0x18, 0x04, 0x03, 0x00, 0x00,
  0x00, 0x00, 0x00, 0x00, 0x00, 0x00, 0x00, 0x00, 0x00, 0x00, 0x00, 0x00,
  0x00, 0x00, 0x80, 0x60, 0x10, 0x00, 0x00, 0x00, 0x00, 0x00, 0x00, 0x00,
  0x00, 0x80, 0x40, 0x20, 0x10, 0x08, 0x04, 0x02, 0x01, 0x00, 0x00, 0x00,
  0x00, 0x00, 0x00, 0x00, 0x00, 0x00, 0x00, 0x00, 0x00, 0x00, 0x00, 0x00,
  0x00, 0x80, 0x40, 0x00, 0x00, 0x00, 0x00, 0x00, 0x00, 0x54, 0x5a, 0x52,
  0x20, 0x67, 0x72, 0x61, 0x6e, 0x64, 0x70, 0x72, 0x69, 0x78, 0x20, 0x72,
  0x69, 0x64, 0x65, 0x72, 0x50, 0x52, 0x4f, 0x47, 0x52, 0x41, 0x4d, 0x4d,
  0x45, 0x44, 0x20, 0x42, 0x59, 0x20, 0x48, 0x2e, 0x4e, 0x49, 0x53, 0x48,
  0x49, 0x4b, 0x41, 0x57, 0x41, 0x28, 0x43, 0x29, 0x20, 0x31, 0x39, 0x38,
  0x36, 0x20, 0x62, 0x79, 0x20, 0x41, 0x53, 0x43, 0x49, 0x49, 0x20, 0x43,
  0x4f, 0x52, 0x50, 0x4f, 0x52, 0x41, 0x54, 0x49, 0x4f, 0x4e, 0x30, 0x01,
  0x01, 0x0d, 0xe0, 0xdd, 0x0c, 0x0a, 0x08, 0x01, 0x01, 0x01, 0x00, 0x01,
  0x02, 0x10, 0x00, 0x18, 0xff, 0x83, 0x00, 0x01, 0x02, 0x06, 0x03, 0x82,
  0x02, 0x01, 0x20, 0x00, 0x18, 0x01, 0x0c, 0x02, 0x0f, 0x03, 0x85, 0x02,
  0x01, 0x00, 0xff, 0xfe, 0x0f, 0xfd, 0x0b, 0xfe, 0x02, 0xff, 0x28, 0x00,
  0x82, 0xff, 0xfe, 0x0e, 0xfd, 0x82, 0xfe, 0xff, 0x08, 0x00, 0x82, 0x01,
  0x02, 0x02, 0x03, 0x85, 0x02, 0x01, 0x00, 0xff, 0xfe, 0x06, 0xfd, 0x85,
  0xfe, 0xff, 0x00, 0x01, 0x02, 0x03, 0x03, 0x17, 0x02, 0x02, 0x01, 0x08,
  0x00, 0x82, 0x01, 0x02, 0x02, 0x03, 0x85, 0x02, 0x01, 0x00, 0xff, 0xfe,
  0x06, 0xfd, 0x85, 0xfe, 0xff, 0x00, 0x01, 0x02, 0x02, 0x03, 0x82, 0x02,
  0x01, 0x18, 0x01, 0x20, 0x00, 0x82, 0x01, 0x02, 0x0e, 0x03, 0x83, 0x02,
  0x01, 0x00, 0x18, 0xff, 0x10, 0x00, 0x00, 0xff, 0x02, 0xff, 0x40, 0xff,
  0x00, 0xff, 0x00, 0xff, 0xff, 0x00, 0xff, 0x00, 0xff, 0x00, 0xff, 0x00,
  0xff, 0x00, 0xff, 0x00, 0xff, 0x00, 0xff, 0x00, 0x00, 0xff, 0x00, 0xff,
  0x00, 0xff, 0x00, 0xff, 0x00, 0xff, 0x00, 0xff, 0x00, 0xff, 0x00, 0xff,
  0xff, 0x00, 0xff, 0x00, 0xff, 0x00, 0xff, 0x00, 0xff, 0x00, 0xff, 0x00,
  0xff, 0x00, 0xff, 0x00, 0x00, 0xff, 0x10, 0xff, 0x00, 0xff, 0x00, 0xff,
  0x00, 0xff, 0x00, 0xff, 0x00, 0xff, 0x00, 0xff, 0xff, 0x00, 0xff, 0x00,
  0xff, 0x00, 0xff, 0x00, 0xff, 0x00, 0xff, 0x00, 0xff, 0x00, 0xff, 0x00,
  0x00, 0xff, 0x00, 0xff, 0x00, 0xff, 0x00, 0xff, 0x00, 0xff, 0x10, 0xff,
  0x00, 0xff, 0x00, 0xff, 0xff, 0x00, 0xff, 0x00, 0xff, 0x00, 0xff, 0x00,
  0xff, 0x00, 0xff, 0x00, 0xff, 0x00, 0xff, 0x00, 0x00, 0xff, 0x00, 0xff,
  0x00, 0xff, 0x00, 0xff, 0x00, 0xff, 0x00, 0xff, 0x00, 0xff, 0x00, 0xff,
  0xff, 0x00, 0xff, 0x00, 0xff, 0x00, 0xff, 0x00, 0xff, 0x00, 0xff, 0x00,
  0xff, 0x00, 0xff, 0x00, 0x00, 0xff, 0x00, 0xff, 0x00, 0xff, 0x00, 0xff,
  0x00, 0xff, 0x00, 0xff, 0x00, 0xff, 0x00, 0xff, 0xff, 0x00, 0xff, 0x00,
  0xff, 0x00, 0xff, 0x00, 0xff, 0x00, 0xff, 0x00, 0xff, 0x00, 0xff, 0x00,
  0x00, 0xff, 0x00, 0xff, 0x00, 0xff, 0x00, 0xff, 0x00, 0xff, 0x00, 0xff,
  0x00, 0xff, 0x00, 0xff, 0xff, 0x00, 0xff, 0x00, 0xff, 0x00, 0xff, 0x00,
  0xff, 0x00, 0xff, 0x00, 0xff, 0x00, 0xff, 0x00, 0x00, 0xff, 0x00, 0xff,
  0x00, 0xff, 0x00, 0xff, 0x00, 0xff, 0x00, 0xff, 0x00, 0xff, 0x00, 0xff,
  0xff, 0x00, 0xff, 0x00, 0xff, 0x00, 0xff, 0x00, 0xff, 0x00, 0xff, 0x00,
  0xff, 0x00, 0xff, 0x00, 0x00, 0xff, 0x00, 0xff, 0x00, 0xff, 0x00, 0xff,
  0x00, 0xff, 0x00, 0xff, 0x00, 0xff, 0x00, 0xff, 0xff, 0x00, 0xff, 0x00,
  0xff, 0x00, 0xff, 0x00, 0xff, 0x00, 0xff, 0x00, 0xff, 0x00, 0xff, 0x00,
  0x00, 0xff, 0x00, 0xff, 0x00, 0xff, 0x00, 0xff, 0x00, 0xff, 0x00, 0xff,
  0x00, 0xff, 0x00, 0xff, 0xff, 0x00, 0xff, 0x00, 0xff, 0x00, 0xff, 0x00,
  0xff, 0x00, 0xff, 0x00, 0xff, 0x00, 0xff, 0x00, 0x00, 0xff, 0x00, 0xff,
  0x00, 0xff, 0x00, 0xff, 0x00, 0xff, 0x00, 0xff, 0x00, 0xff, 0x00, 0xff,
  0xff, 0x00, 0xff, 0x00, 0xff, 0x00, 0xff, 0x00, 0xff, 0x00, 0xff, 0x00,
  0xff, 0x00, 0xff, 0x00, 0x00, 0xff, 0x00, 0xff, 0x00, 0xff, 0x10, 0xff,
  0x00, 0xff, 0x00, 0xff, 0x00, 0xff, 0x00, 0xff, 0xff, 0x00, 0xff, 0x00,
  0xff, 0x00, 0xff, 0x00, 0xff, 0x00, 0xff, 0x00, 0xff, 0x00, 0xff, 0x00,
  0x87, 0x80, 0x00, 0xff, 0x00, 0xff, 0x00, 0xff, 0x00, 0xff, 0x00, 0xff,
  0x00, 0xff, 0x00, 0xff, 0xff, 0x00, 0xff, 0x00, 0xff, 0x00, 0xff, 0x00,
  0xff, 0x00, 0xff, 0x00, 0xff, 0x00, 0xff, 0x00, 0x00, 0xff, 0x00, 0xff,
  0x00, 0xff, 0x00, 0xff, 0x00, 0xff, 0x00, 0xff, 0x00, 0xff, 0x00, 0xff,
  0xff, 0x00, 0xff, 0x00, 0xff, 0x00, 0xff, 0x00, 0xff, 0x00, 0xff, 0x00,
  0xff, 0x00, 0xff, 0x00, 0x00, 0xff, 0x00, 0xff, 0x00, 0xfb, 0x00, 0xff,
  0x00, 0xff, 0x00, 0xff, 0x00, 0xff, 0x00, 0xff, 0xff, 0x00, 0xff, 0x00,
  0xff, 0x00, 0xff, 0x00, 0xff, 0x00, 0xff, 0x00, 0xff, 0x00, 0xff, 0x00,
  0x00, 0xff, 0x00, 0xff, 0x00, 0xff, 0x00, 0xff, 0x00, 0xff, 0x00, 0xff,
  0x00, 0xff, 0x00, 0xff, 0xff, 0x00, 0xff, 0x00, 0xff, 0x00, 0xff, 0x00,
  0xff, 0x00, 0xff, 0x00, 0xff, 0x00, 0xff, 0x00, 0x00, 0xff, 0x00, 0xff,
  0x00, 0xff, 0x00, 0xff, 0x00, 0xff, 0x00, 0xff, 0x00, 0xff, 0x00, 0xff,
  0xff, 0x00, 0xff, 0x00, 0xff, 0x00, 0xff, 0x00, 0xff, 0x00, 0xff, 0x00,
  0xff, 0x00, 0xff, 0x00, 0x00, 0xff, 0x00, 0xff, 0x00, 0xff, 0x00, 0xff,
  0x00, 0xff, 0x00, 0xff, 0x00, 0xff, 0x00, 0xff, 0xff, 0x00, 0xff, 0x00,
  0xff, 0x00, 0xff, 0x00, 0xff, 0x00, 0xff, 0x00, 0xff, 0x00, 0xff, 0x00,
  0x00, 0xff, 0x00, 0xff, 0x00, 0xff, 0x00, 0xff, 0x00, 0xff, 0x00, 0xff,
  0x00, 0xff, 0x00, 0xff, 0xff, 0x00, 0xff, 0x00, 0xff, 0x02, 0xff, 0x00,
  0xff, 0x00, 0xff, 0x00, 0xff, 0x00, 0xff, 0x00, 0x00, 0xff, 0x00, 0xff,
  0x00, 0xff, 0x00, 0xff, 0x00, 0xff, 0x00, 0xff, 0x00, 0xff, 0x00, 0xff,
  0xff, 0x00, 0xff, 0x00, 0xff, 0x00, 0xff, 0x00, 0xff, 0x00, 0xff, 0x00,
  0xff, 0x00, 0xff, 0xff, 0xff, 0xff, 0xff, 0xff, 0xff, 0xff, 0xff, 0x30,
  0x30, 0x58, 0x58, 0xfc, 0x8c, 0x8c, 0x00, 0xf8, 0xcc, 0xcc, 0xf8, 0xcc,
  0xcc, 0xf8, 0x00, 0x78, 0xcc, 0xcc, 0xc0, 0xcc, 0xcc, 0x78, 0x00, 0xf8,
  0xcc, 0xcc, 0xcc, 0xcc, 0xcc, 0xf8, 0x00, 0xfc, 0xc0, 0xc0, 0xf8, 0xc0,
  0xc0, 0xfc, 0x00, 0xfc, 0xc0, 0xc0, 0xf8, 0xc0, 0xc0, 0xc0, 0x00, 0x78,
  0xcc, 0xc0, 0xfc, 0xcc, 0xcc, 0x78, 0x00, 0xcc, 0xcc, 0xcc, 0xfc, 0xcc,
  0xcc, 0xcc, 0x00, 0x30, 0x30, 0x30, 0x30, 0x30, 0x30, 0x30, 0x00, 0x0c,
  0x0c, 0x0c, 0x0c, 0xcc, 0xcc, 0x78, 0x00, 0xc4, 0xc8, 0xd0, 0xf0, 0xf8,
  0xdc, 0xcc, 0x00, 0xc0, 0xc0, 0xc0, 0xc0, 0xc0, 0xc0, 0xfc, 0x00, 0xcc,
  0xcc, 0xec, 0xec, 0xb4, 0xb4, 0xb4, 0x00, 0xc4, 0xe4, 0xf4, 0xbc, 0x9c,
  0x8c, 0x84, 0x00, 0x78, 0xcc, 0xcc, 0xcc, 0xcc, 0xcc, 0x78, 0x00, 0xf8,
  0xcc, 0xcc, 0xf8, 0xc0, 0xc0, 0xc0, 0x00, 0x78, 0xcc, 0xcc, 0xcc, 0xfc,
  0xcc, 0x7a, 0x00, 0xf8, 0xcc, 0xcc, 0xf8, 0xcc, 0xcc, 0xcc, 0x00, 0x78,
  0xc4, 0xe0, 0x78, 0x1c, 0x8c, 0x78, 0x00, 0xfc, 0x30, 0x30, 0x30, 0x30,
  0x30, 0x30, 0x00, 0xcc, 0xcc, 0xcc, 0xcc, 0xcc, 0xcc, 0x78, 0x00, 0x8c,
  0x8c, 0xdc, 0x58, 0x78, 0x30, 0x30, 0x00, 0xac, 0xac, 0xac, 0xac, 0xfc,
  0x58, 0x58, 0x00, 0xc4, 0xe8, 0x70, 0x30, 0x38, 0x5c, 0x8c, 0x00, 0xc4,
  0xc4, 0x68, 0x78, 0x30, 0x30, 0x30, 0x00, 0xfc, 0x1c, 0x38, 0x70, 0xe0,
  0xc0, 0xfc, 0x00, 0x0c, 0x18, 0x30, 0x30, 0x30, 0x18, 0x0c, 0x00, 0xc0,
  0x60, 0x30, 0x30, 0x30, 0x60, 0xc0, 0x00, 0x00, 0x00, 0x00, 0x00, 0x00,
  0x60, 0x60, 0x00, 0x00, 0x00, 0x00, 0x00, 0x00, 0x60, 0x20, 0x40, 0x00,
  0x30, 0x30, 0x00, 0x30, 0x10, 0x20, 0x00, 0x00, 0x30, 0x30, 0x00, 0x30,
  0x30, 0x00, 0x00, 0x78, 0xcc, 0x18, 0x30, 0x00, 0x30, 0x30, 0x00, 0x30,
  0x30, 0x30, 0x30, 0x00, 0x30, 0x30, 0x00, 0x00, 0x00, 0x00, 0x78, 0x00,
  0x00, 0x00, 0x00, 0x70, 0xd8, 0x50, 0x2c, 0xd8, 0xd8, 0x6c, 0x00, 0x00,
  0x00, 0x00, 0x00, 0x00, 0x00, 0x00, 0x00, 0x78, 0xcc, 0xcc, 0xcc, 0xcc,
  0xcc, 0x78, 0x00, 0x30, 0x30, 0x30, 0x30, 0x30, 0x30, 0x30, 0x00, 0x78,
  0xcc, 0xcc, 0x18, 0x60, 0xc0, 0xfc, 0x00, 0x78, 0xcc, 0x0c, 0x38, 0x0c,
  0xcc, 0x78, 0x00, 0x18, 0x38, 0x58, 0xd8, 0xfc, 0x18, 0x18, 0x00, 0xfc,
  0xc0, 0xc0, 0xf8, 0x0c, 0x8c, 0x78, 0x00, 0x78, 0xcc, 0xc0, 0xf8, 0xcc,
  0xcc, 0x78, 0x00, 0xfc, 0xcc, 0x0c, 0x18, 0x18, 0x30, 0x30, 0x00, 0x78,
  0xcc, 0xcc, 0x78, 0xcc, 0xcc, 0x78, 0x00, 0x78, 0xcc, 0xcc, 0x7c, 0x0c,
  0xcc, 0x78, 0x00, 0x7c, 0xba, 0xc6, 0x42, 0x84, 0xc6, 0xba, 0x7c, 0x02,
  0x06, 0x06, 0x02, 0x04, 0x06, 0x06, 0x02, 0xfc, 0x7a, 0x06, 0x7a, 0xbc,
  0xc0, 0xbc, 0x7e, 0xfc, 0x7a, 0x06, 0xfa, 0x7c, 0x06, 0x7a, 0xfc, 0x82,
  0xc6, 0xc6, 0xba, 0x7c, 0x06, 0x06, 0x02, 0x7e, 0xbc, 0xc0, 0xbc, 0x7a,
  0x06, 0x7a, 0xfc, 0x7e, 0xbc, 0xc0, 0x7c, 0xba, 0xc6, 0xba, 0x7c, 0xfc,
  0x7a, 0x06, 0x02, 0x04, 0x06, 0x06, 0x02, 0x7c, 0xba, 0xc6, 0x7a, 0xbc,
  0xc6, 0xba, 0x7c, 0x7c, 0xba, 0xc6, 0xba, 0x7c, 0x06, 0x7a, 0xfc, 0x0f,
  0x0c, 0x0c, 0x0c, 0x0f, 0x0c, 0x0c, 0x0c, 0x0f, 0x0c, 0x0c, 0x0c, 0x0f,
  0x03, 0x03, 0x03, 0xe0, 0x60, 0x60, 0x60, 0xe0, 0x60, 0x60, 0x60, 0xe0,
  0x60, 0x60, 0x60, 0xe0, 0x80, 0x80, 0x80, 0xc0, 0xc0, 0x00, 0x00, 0x00,
  0x00, 0x00, 0x00, 0x00, 0x00, 0x00, 0x00, 0x00, 0x00, 0x00, 0x00, 0x00,
  0x00, 0x00, 0x00, 0x00, 0x00, 0x00, 0x00, 0x00, 0x00, 0x00, 0x00, 0x00,
  0x00, 0x00, 0x00, 0x60, 0xf0, 0xd0, 0x60, 0x00, 0x00, 0x00, 0x00, 0x00,
  0x00, 0x00, 0x00, 0x00, 0x00, 0x00, 0x00, 0x00, 0x00, 0x00, 0x00, 0x00,
  0x00, 0x00, 0x00, 0x00, 0x00, 0x00, 0x00, 0x00, 0x00, 0x00, 0x00, 0x3c,
  0x6a, 0x5e, 0xf5, 0xed, 0xb9, 0xd3, 0x7e, 0x00, 0x00, 0x00, 0x00, 0x00,
  0x00, 0x00, 0x00, 0x00, 0x00, 0x00, 0x00, 0x00, 0x00, 0x00, 0x00, 0x00,
  0x00, 0x00, 0x00, 0x00, 0x00, 0x00, 0x00, 0x07, 0x0f, 0x1d, 0x37, 0x3f,
  0x6b, 0x7e, 0x5f, 0xfb, 0xef, 0xb7, 0xfd, 0x57, 0x67, 0x38, 0x0f, 0xc0,
  0x70, 0xf8, 0xbc, 0xf4, 0xfe, 0xea, 0xfe, 0xd5, 0x75, 0xed, 0xd1, 0x2a,
  0xe2, 0x0c, 0xf0, 0x00, 0x00, 0x00, 0x00, 0x00, 0x00, 0x00, 0x00, 0x00,
  0x00, 0x00, 0x00, 0x00, 0x00, 0x00, 0x00, 0x03, 0x03, 0x00, 0x00, 0x00,
  0x00, 0x00, 0x00, 0x00, 0x00, 0x00, 0x00, 0x00, 0x00, 0x00, 0x00, 0x00,
  0x00, 0x00, 0x00, 0x00, 0x00, 0x00, 0x00, 0x00, 0x00, 0x00, 0x00, 0x00,
  0x00, 0x00, 0x00, 0x06, 0x0f, 0x0d, 0x06, 0x00, 0x00, 0x00, 0x00, 0x00,
  0x00, 0x00, 0x00, 0x00, 0x00, 0x00, 0x00, 0x00, 0x00, 0x00, 0x00, 0x00,
  0x00, 0x00, 0x00, 0x00, 0x00, 0x00, 0x00, 0x00, 0x00, 0x00, 0x00, 0x3c,
  0x6a, 0x5e, 0xf5, 0xed, 0xb9, 0xd3, 0x7e, 0x00, 0x00, 0x00, 0x00, 0x00,
  0x00, 0x00, 0x00, 0x07, 0x0f, 0x1d, 0x37, 0x3f, 0x6b, 0x7e, 0x5f, 0xfb,
  0xef, 0xb7, 0xfd, 0x57, 0x67, 0x38, 0x0f, 0xc0, 0x70, 0xf8, 0xbc, 0xf4,
  0xfe, 0xea, 0xfe, 0xd5, 0x75, 0xed, 0xd1, 0x2a, 0xe2, 0x0c, 0xf0, 0xc0,
  0xc0, 0x00, 0x00, 0x00, 0x00, 0x00, 0x00, 0x00, 0x00, 0x00, 0x00, 0x00,
  0x00, 0x00, 0x00, 0x00, 0x00, 0x00, 0x00, 0x00, 0x00, 0x00, 0x00, 0x00,
  0x00, 0x00, 0x00, 0x00, 0x00, 0x00, 0x00, 0xf0, 0x90, 0xd0, 0xf0, 0x00,
  0x00, 0x00, 0x00, 0x00, 0x00, 0x00, 0x00, 0x00, 0x00, 0x00, 0x00, 0x00,
  0x00, 0x00, 0x00, 0x00, 0x00, 0x00, 0x00, 0x00, 0x00, 0x00, 0x00, 0x00,
  0x00, 0x00, 0x00, 0xff, 0xef, 0xcf, 0x83, 0xc9, 0xe9, 0xf9, 0xff, 0x00,
  0x00, 0x00, 0x00, 0x00, 0x00, 0x00, 0x00, 0x00, 0x00, 0x00, 0x00, 0x00,
  0x00, 0x00, 0x00, 0x00, 0x00, 0x00, 0x00, 0x00, 0x00, 0x00, 0x00, 0xff,
  0xff, 0xfd, 0xf9, 0xf1, 0xe0, 0xc0, 0xe0, 0xf1, 0xf9, 0xfd, 0xff, 0xff,
  0xff, 0xff, 0xff, 0xff, 0xff, 0xff, 0xff, 0xff, 0x1f, 0x0f, 0x07, 0x87,
  0x87, 0x87, 0x87, 0x87, 0xff, 0xff, 0xff, 0x00, 0x00, 0x00, 0x00, 0x00,
  0x00, 0x00, 0x00, 0x00, 0x00, 0x00, 0x00, 0x00, 0x00, 0x00, 0x00, 0x03,
  0x03, 0x00, 0x00, 0x00, 0x00, 0x00, 0x00, 0x00, 0x00, 0x00, 0x00, 0x00,
  0x00, 0x00, 0x00, 0x00, 0x00, 0x00, 0x00, 0x00, 0x00, 0x00, 0x00, 0x00,
  0x00, 0x00, 0x00, 0x00, 0x00, 0x00, 0x00, 0x0f, 0x09, 0x0b, 0x0f, 0x00,
  0x00, 0x00, 0x00, 0x00, 0x00, 0x00, 0x00, 0x00, 0x00, 0x00, 0x00, 0x00,
  0x00, 0x00, 0x00, 0x00, 0x00, 0x00, 0x00, 0x00, 0x00, 0x00, 0x00, 0x00,
  0x00, 0x00, 0x00, 0xff, 0xf7, 0xf3, 0xc1, 0x93, 0x97, 0x9f, 0xff, 0x00,
  0x00, 0x00, 0x00, 0x00, 0x00, 0x00, 0x00, 0xff, 0xff, 0xff, 0xff, 0xff,
  0xf8, 0xf0, 0xe0, 0xe1, 0xe1, 0xe1, 0xe1, 0xe1, 0xff, 0xff, 0xff, 0xff,
  0xff, 0xbf, 0x9f, 0x8f, 0x07, 0x03, 0x07, 0x8f, 0x9f, 0xbf, 0xff, 0xff,
  0xff, 0xff, 0xff, 0x00, 0x00, 0x00, 0x00, 0x00, 0x00, 0x00, 0x00, 0x00,
  0x00, 0x00, 0x00, 0x00, 0x00, 0x00, 0x01, 0x00, 0x00, 0x00, 0x00, 0x00,
  0x00, 0x00, 0x00, 0x00, 0x00, 0x00, 0x00, 0x00, 0x00, 0x00, 0x80, 0x00,
  0x00, 0x00, 0x00, 0x00, 0x00, 0x00, 0x00, 0x00, 0x00, 0x00, 0x00, 0x00,
  0x00, 0x03, 0x00, 0x00, 0x00, 0x00, 0x00, 0x00, 0x00, 0x00, 0x00, 0x00,
  0x00, 0x00, 0x00, 0x00, 0x00, 0x80, 0xe0, 0x00, 0x00, 0x00, 0x00, 0x00,
  0x00, 0x00, 0x00, 0x00, 0x00, 0x00, 0x00, 0x07, 0x0f, 0x07, 0x00, 0x00,
  0x00, 0x00, 0x00, 0x00, 0x00, 0x00, 0x00, 0x00, 0x00, 0x00, 0x00, 0x00,
  0xe0, 0xf0, 0xe0, 0x00, 0x00, 0x00, 0x00, 0x00, 0x00, 0x00, 0x00, 0x1c,
  0x7f, 0xff, 0xff, 0x7f, 0x1f, 0x00, 0x00, 0x00, 0x00, 0x00, 0x00, 0x00,
  0x00, 0x00, 0x00, 0x00, 0x00, 0xf8, 0xfe, 0xff, 0xff, 0xfe, 0x38, 0x00,
  0x00, 0x00, 0x00, 0x00, 0x00, 0x00, 0x00, 0x03, 0x3f, 0x0f, 0x03, 0x00,
  0x00, 0x00, 0x00, 0x00, 0x00, 0x00, 0x00, 0x00, 0x00, 0x00, 0x38, 0xe8,
  0xc4, 0x94, 0x54, 0x4a, 0x1a, 0x0a, 0x01, 0x00, 0x00, 0x00, 0x00, 0x00,
  0x00, 0x00, 0x00, 0x00, 0x01, 0x07, 0x1f, 0x7f, 0x0f, 0x00, 0x00, 0x00,
  0x00, 0x00, 0x00, 0x00, 0x00, 0x00, 0x00, 0x60, 0xd0, 0xd0, 0xa8, 0x54,
  0x54, 0x5a, 0x05, 0x00, 0x00, 0x00, 0x00, 0x00, 0x00, 0x00, 0x00, 0x00,
  0x01, 0x03, 0x07, 0x0f, 0x1f, 0x7f, 0x00, 0x00, 0x00, 0x00, 0x00, 0x00,
  0x00, 0x00, 0x00, 0xc0, 0xa0, 0x90, 0xa8, 0x54, 0x4a, 0x55, 0x17, 0x00,
  0x00, 0x00, 0x00, 0x00, 0x00, 0x00, 0x00, 0x00, 0x01, 0x03, 0x07, 0x0e,
  0x1e, 0x3d, 0xfd, 0x00, 0x00, 0x00, 0x00, 0x00, 0x00, 0x00, 0x00, 0x00,
  0x80, 0x40, 0x20, 0x90, 0xa8, 0x54, 0x5b, 0x00, 0x00, 0x00, 0x00, 0x00,
  0x00, 0x00, 0x00, 0x03, 0x06, 0x0e, 0x1d, 0x3d, 0x7c, 0xfa, 0xfa, 0x00,
  0x00, 0x00, 0x00, 0x00, 0x00, 0x00, 0x00, 0x00, 0x80, 0x40, 0x20, 0x50,
  0xa8, 0xb6, 0x00, 0x00, 0x00, 0x00, 0x00, 0x00, 0x00, 0x00, 0x00, 0x06,
  0x0d, 0x0c, 0x1e, 0x3d, 0x3a, 0x7a, 0xe0, 0x00, 0x00, 0x00, 0x00, 0x00,
  0x00, 0x00, 0x00, 0x00, 0x80, 0x60, 0x98, 0x66, 0xb0, 0x00, 0x00, 0x00,
  0x00, 0x00, 0x00, 0x00, 0x00, 0x00, 0x1c, 0x13, 0x35, 0x3a, 0x3a, 0x75,
  0x74, 0x70, 0xc0, 0x00, 0x00, 0x00, 0x00, 0x00, 0x00, 0x00, 0x00, 0xc0,
  0x3c, 0xe0, 0x40, 0x00, 0x00, 0x00, 0x00, 0x00, 0x00, 0x00, 0x20, 0x38,
  0x7e, 0x7f, 0xff, 0xff, 0xfe, 0x3e, 0x0d, 0x03, 0x00, 0x00, 0x00, 0x00,
  0x08, 0x0e, 0x1e, 0x1c, 0x3c, 0xb8, 0x78, 0x76, 0xf7, 0xef, 0xef, 0xde,
  0xde, 0x3c, 0x0c, 0x00, 0x00, 0x00, 0x00, 0x00, 0x00, 0x00, 0x70, 0x7e,
  0xfe, 0xfe, 0xfd, 0xfd, 0x1f, 0x01, 0x00, 0x00, 0x00, 0x00, 0x70, 0x70,
  0x70, 0x70, 0xe0, 0xef, 0xef, 0xef, 0xcf, 0xde, 0xde, 0xfe, 0x1e, 0x00,
  0x00, 0x00, 0x00, 0x00, 0x00, 0x00, 0x00, 0x00, 0xfe, 0xfe, 0xfe, 0xfe,
  0xfe, 0xff, 0x00, 0x00, 0x00, 0x00, 0xe0, 0xe0, 0xe0, 0xe0, 0xef, 0xef,
  0xef, 0xef, 0xef, 0xef, 0xef, 0xef, 0xff, 0x00, 0x00, 0x00, 0x00, 0x00,
  0x00, 0x00, 0x00, 0x00, 0x00, 0xfe, 0xfe, 0xfe, 0xfe, 0xfe, 0xff, 0x00,
  0x00, 0x00, 0xe0, 0xe0, 0xe0, 0xe0, 0xef, 0xef, 0xef, 0xef, 0xef, 0xef,
  0xef, 0xef, 0xff, 0x00, 0x00, 0x00, 0x00, 0x00, 0x00, 0x00, 0x00, 0x00,
  0x00, 0xfe, 0xfe, 0xfe, 0xfe, 0xfe, 0xff, 0x00, 0x00, 0xe0, 0xe0, 0xe0,
  0xe0, 0xef, 0xef, 0xef, 0xef, 0xef, 0xef, 0xef, 0xef, 0xff, 0x00, 0x00,
  0x00, 0x03, 0x03, 0x03, 0x03, 0x01, 0x01, 0x01, 0x1d, 0xfc, 0xfe, 0xfe,
  0xfe, 0x7f, 0x70, 0x00, 0x00, 0x80, 0x80, 0x80, 0x9e, 0xde, 0xde, 0xde,
  0xcf, 0xef, 0xef, 0xef, 0xf0, 0x00, 0x00, 0x06, 0x0e, 0x07, 0x07, 0x03,
  0x03, 0x01, 0x05, 0x1e, 0x7e, 0xff, 0xff, 0x7f, 0x7f, 0x3c, 0x30, 0x00,
  0x00, 0x18, 0x78, 0xbc, 0xbc, 0xde, 0xde, 0xef, 0xef, 0x7c, 0x70, 0xc0,
  0x00, 0x00, 0x00, 0x00, 0x00, 0x00, 0x00, 0x01, 0x03, 0x2c, 0x77, 0xde,
  0xeb, 0xbe, 0x5a, 0x4c, 0x31, 0x0e, 0x00, 0x00, 0x00, 0x00, 0x70, 0xf8,
  0x68, 0xb4, 0xec, 0xf6, 0xbd, 0xed, 0x7d, 0x11, 0xc6, 0x38, 0x00, 0x00,
  0x00, 0x00, 0x00, 0x00, 0x00, 0x00, 0x00, 0x00, 0x00, 0x00, 0x00, 0x00,
  0x03, 0x03, 0x01, 0x00, 0x00, 0x00, 0x00, 0x00, 0x00, 0x00, 0x00, 0x00,
  0x00, 0x00, 0x00, 0x00, 0x00, 0x80, 0x80, 0x00, 0x00, 0x00, 0x00, 0x00,
  0x00, 0x00, 0x00, 0x00, 0x00, 0x00, 0x00, 0x03, 0x03, 0x01, 0x01, 0x00,
  0x00, 0x00, 0x00, 0x00, 0x00, 0x00, 0x00, 0x00, 0x00, 0x00, 0x00, 0x00,
  0x00, 0x80, 0x80, 0x00, 0x00, 0x00, 0x00, 0x00, 0x00, 0x00, 0x00, 0x00,
  0x00, 0x00, 0x01, 0x03, 0x03, 0x03, 0x01, 0x00, 0x00, 0x00, 0x00, 0x00,
  0x00, 0x00, 0x00, 0x00, 0x00, 0x00, 0x00, 0x80, 0x80, 0x80, 0x00, 0x00,
  0x00, 0x00, 0x00, 0x00, 0x00, 0x00, 0x00, 0x00, 0x00, 0x00, 0x00, 0x00,
  0x00, 0x01, 0x01, 0x00, 0x00, 0x00, 0x00, 0x00, 0x00, 0x00, 0x00, 0x00,
  0x00, 0x00, 0x00, 0xc0, 0xc0, 0x80, 0x80, 0x00, 0x00, 0x00, 0x00, 0x00,
  0x00, 0x00, 0x00, 0x00, 0x00, 0x00, 0x00, 0x00, 0x00, 0x01, 0x01, 0x00,
  0x00, 0x00, 0x00, 0x00, 0x00, 0x00, 0x00, 0x00, 0x00, 0x00, 0x00, 0x00,
  0xc0, 0xc0, 0x80, 0x00, 0x00, 0x00, 0x00, 0x00, 0x00, 0x00, 0x00, 0x00,
  0x0c, 0x0f, 0x0d, 0x0b, 0x0f, 0x03, 0x03, 0x00, 0x00, 0x00, 0x00, 0x00,
  0x00, 0x00, 0x00, 0x00, 0x00, 0x00, 0x00, 0x80, 0xc0, 0x80, 0xc0, 0x00,
  0x00, 0x00, 0x00, 0x00, 0x00, 0x00, 0x00, 0x00, 0x0c, 0x0f, 0x0f, 0x0f,
  0x0f, 0x03, 0x03, 0x00, 0x00, 0x00, 0x00, 0x00, 0x00, 0x00, 0x00, 0x00,
  0x00, 0x00, 0x00, 0x80, 0xc0, 0x80, 0xc0, 0x00, 0x00, 0x00, 0x00, 0x00,
  0x00, 0x00, 0x00, 0x06, 0x07, 0x04, 0x05, 0x07, 0x02, 0x03, 0x00, 0x00,
  0x00, 0x00, 0x00, 0x00, 0x00, 0x00, 0x00, 0x00, 0x80, 0x80, 0x80, 0xc0,
  0x80, 0xc0, 0xc0, 0x00, 0x00, 0x00, 0x00, 0x00, 0x00, 0x00, 0x00, 0x06,
  0x07, 0x07, 0x07, 0x07, 0x03, 0x03, 0x00, 0x00, 0x00, 0x00, 0x00, 0x00,
  0x00, 0x00, 0x00, 0x00, 0x80, 0x80, 0x80, 0xc0, 0x80, 0xc0, 0xc0, 0x00,
  0x00, 0x00, 0x00, 0x00, 0x00, 0x00, 0x01, 0x03, 0x04, 0x06, 0x03, 0x05,
  0x07, 0x03, 0x01, 0x00, 0x00, 0x00, 0x00, 0x00, 0x00, 0x00, 0x00, 0x80,
  0x40, 0xc0, 0x80, 0x40, 0xc0, 0x80, 0x00, 0x00, 0x00, 0x00, 0x00, 0x00,
  0x00, 0x00, 0x01, 0x03, 0x07, 0x07, 0x03, 0x07, 0x07, 0x03, 0x01, 0x00,
  0x00, 0x00, 0x00, 0x00, 0x00, 0x00, 0x00, 0x80, 0xc0, 0xc0, 0x80, 0xc0,
  0xc0, 0x80, 0x00, 0x00, 0x00, 0x00, 0x00, 0x00, 0x00, 0x00, 0x00, 0x00,
  0x01, 0x01, 0x01, 0x03, 0x01, 0x03, 0x03, 0x00, 0x00, 0x00, 0x00, 0x00,
  0x00, 0x00, 0x00, 0x60, 0xe0, 0x20, 0xa0, 0xe0, 0x40, 0xc0, 0x00, 0x00,
  0x00, 0x00, 0x00, 0x00, 0x00, 0x00, 0x00, 0x00, 0x01, 0x01, 0x01, 0x03,
  0x01, 0x03, 0x03, 0x00, 0x00, 0x00, 0x00, 0x00, 0x00, 0x00, 0x00, 0x60,
  0xe0, 0xe0, 0xe0, 0xe0, 0xc0, 0xc0, 0x00, 0x00, 0x00, 0x00, 0x00, 0x00,
  0x00, 0x00, 0x00, 0x00, 0x00, 0x00, 0x00, 0x01, 0x03, 0x01, 0x03, 0x00,
  0x00, 0x00, 0x00, 0x00, 0x00, 0x00, 0x00, 0x00, 0x30, 0xf0, 0xb0, 0xd0,
  0xf0, 0xc0, 0xc0, 0x00, 0x00, 0x00, 0x00, 0x00, 0x00, 0x00, 0x00, 0x00,
  0x00, 0x00, 0x00, 0x01, 0x03, 0x01, 0x03, 0x00, 0x00, 0x00, 0x00, 0x00,
  0x00, 0x00, 0x00, 0x00, 0x30, 0xf0, 0xf0, 0xf0, 0xf0, 0xc0, 0xc0, 0x00,
  0x00, 0x00, 0x00, 0x00, 0x00, 0x18, 0x1f, 0x19, 0x12, 0x15, 0x13, 0x0d,
  0x02, 0x03, 0x03, 0x00, 0x00, 0x00, 0x00, 0x00, 0x00, 0x00, 0x00, 0x80,
  0x80, 0xc0, 0xc0, 0xf0, 0xe0, 0xf0, 0x60, 0x00, 0x00, 0x00, 0x00, 0x00,
  0x00, 0x18, 0x1f, 0x1f, 0x1f, 0x1f, 0x1f, 0x0f, 0x03, 0x03, 0x03, 0x00,
  0x00, 0x00, 0x00, 0x00, 0x00, 0x00, 0x00, 0x80, 0x80, 0xc0, 0xc0, 0xf0,
  0xe0, 0xf0, 0x60, 0x00, 0x00, 0x00, 0x00, 0x06, 0x0f, 0x04, 0x0a, 0x09,
  0x07, 0x05, 0x05, 0x04, 0x03, 0x00, 0x00, 0x00, 0x00, 0x00, 0x00, 0x00,
  0x80, 0x40, 0xc0, 0x40, 0xe0, 0xa0, 0xe0, 0xc0, 0xe0, 0x60, 0x60, 0x00,
  0x00, 0x00, 0x00, 0x06, 0x0f, 0x07, 0x0f, 0x0f, 0x07, 0x07, 0x07, 0x07,
  0x03, 0x00, 0x00, 0x00, 0x00, 0x00, 0x00, 0x00, 0x80, 0xc0, 0xc0, 0xc0,
  0xe0, 0xe0, 0xe0, 0xc0, 0xe0, 0x60, 0x60, 0x00, 0x00, 0x01, 0x03, 0x04,
  0x06, 0x05, 0x06, 0x09, 0x0b, 0x05, 0x07, 0x03, 0x01, 0x01, 0x01, 0x00,
  0x00, 0x80, 0xc0, 0x20, 0x60, 0xa0, 0x60, 0x90, 0xd0, 0xa0, 0xe0, 0xc0,
  0x80, 0x80, 0x80, 0x00, 0x00, 0x01, 0x03, 0x07, 0x07, 0x07, 0x07, 0x0f,
  0x0f, 0x07, 0x07, 0x03, 0x01, 0x01, 0x01, 0x00, 0x00, 0x80, 0xc0, 0xe0,
  0xe0, 0xe0, 0xe0, 0xf0, 0xf0, 0xe0, 0xe0, 0xc0, 0x80, 0x80, 0x80, 0x00,
  0x00, 0x00, 0x00, 0x00, 0x01, 0x02, 0x03, 0x02, 0x07, 0x05, 0x07, 0x03,
  0x07, 0x06, 0x06, 0x00, 0x00, 0x00, 0x00, 0x60, 0xf0, 0x20, 0x50, 0x90,
  0xe0, 0xa0, 0xa0, 0x20, 0xc0, 0x00, 0x00, 0x00, 0x00, 0x00, 0x00, 0x00,
  0x01, 0x03, 0x03, 0x03, 0x07, 0x07, 0x07, 0x03, 0x07, 0x06, 0x06, 0x00,
  0x00, 0x00, 0x00, 0x60, 0xf0, 0xe0, 0xf0, 0xf0, 0xe0, 0xe0, 0xe0, 0xe0,
  0xc0, 0x00, 0x00, 0x00, 0x00, 0x00, 0x00, 0x00, 0x00, 0x00, 0x00, 0x01,
  0x01, 0x03, 0x03, 0x0f, 0x07, 0x0f, 0x05, 0x00, 0x00, 0x00, 0x00, 0x00,
  0x00, 0x18, 0xf8, 0x98, 0x48, 0xa8, 0xc8, 0xb0, 0x60, 0xa0, 0x60, 0x00,
  0x00, 0x00, 0x00, 0x00, 0x00, 0x00, 0x00, 0x01, 0x01, 0x03, 0x03, 0x0f,
  0x07, 0x0f, 0x05, 0x00, 0x00, 0x00, 0x00, 0x00, 0x00, 0x18, 0xf8, 0xf8,
  0xf8, 0xf8, 0xf8, 0xf0, 0xe0, 0xe0, 0x60, 0x00, 0x18, 0x2f, 0x38, 0x22,
  0x40, 0x51, 0x52, 0x2a, 0x1f, 0x06, 0x07, 0x05, 0x05, 0x04, 0x03, 0x00,
  0x00, 0x00, 0x80, 0x80, 0x40, 0xe0, 0x50, 0x98, 0x68, 0xfe, 0x7c, 0xbc,
  0x7e, 0xef, 0x26, 0x00, 0x18, 0x3f, 0x3f, 0x3f, 0x7f, 0x7f, 0x7f, 0x3f,
  0x1f, 0x07, 0x07, 0x07, 0x07, 0x07, 0x03, 0x00, 0x00, 0x00, 0x80, 0x80,
  0xc0, 0xe0, 0xf0, 0xf8, 0xf8, 0xfe, 0xfc, 0xfc, 0xfe, 0xef, 0x26, 0x00,
  0x00, 0x00, 0x00, 0x00, 0x00, 0x00, 0x00, 0x00, 0x00, 0x00, 0x00, 0x00,
  0x00, 0x00, 0x00, 0x00, 0x00, 0x00, 0x00, 0x00, 0x00, 0x00, 0x00, 0x00,
  0x00, 0x00, 0x00, 0x00, 0x00, 0x00, 0x00, 0x00, 0x00, 0x00, 0x00, 0x00,
  0x00, 0x00, 0x00, 0x00, 0x00, 0x00, 0x00, 0x00, 0x00, 0x00, 0x00, 0x00,
  0x00, 0x00, 0x00, 0x00, 0x00, 0x00, 0x00, 0x00, 0x00, 0x00, 0x00, 0x00,
  0x00, 0x00, 0x00, 0x1d, 0x20, 0x21, 0x29, 0x16, 0x09, 0x16, 0x11, 0x15,
  0x13, 0x0a, 0x07, 0x02, 0x00, 0x00, 0x00, 0x80, 0x40, 0x40, 0xc0, 0x40,
  0xa0, 0x20, 0xd0, 0xd0, 0xe0, 0xf0, 0xe0, 0xe0, 0xf0, 0x70, 0x60, 0x1f,
  0x3f, 0x3f, 0x3f, 0x1f, 0x0f, 0x1f, 0x1f, 0x1f, 0x1f, 0x0f, 0x07, 0x02,
  0x00, 0x00, 0x00, 0x80, 0xc0, 0xc0, 0xc0, 0xc0, 0xe0, 0xe0, 0xf0, 0xf0,
  0xe0, 0xf0, 0xe0, 0xe0, 0xf0, 0x70, 0x60, 0x00, 0x00, 0x00, 0x00, 0x00,
  0x00, 0x00, 0x00, 0x00, 0x00, 0x00, 0x00, 0x00, 0x00, 0x0c, 0x12, 0x00,
  0x00, 0x00, 0x00, 0x00, 0x00, 0x00, 0x00, 0x00, 0x00, 0x00, 0x00, 0x00,
  0x00, 0x00, 0x00, 0x00, 0x00, 0x00, 0x00, 0x00, 0x00, 0x00, 0x00, 0x00,
  0x00, 0x00, 0x00, 0x00, 0x00, 0x0c, 0x1e, 0x00, 0x00, 0x00, 0x00, 0x00,
  0x00, 0x00, 0x00, 0x00, 0x00, 0x00, 0x00, 0x00, 0x00, 0x00, 0x00, 0x11,
  0x15, 0x0b, 0x0c, 0x0a, 0x15, 0x13, 0x2b, 0x3b, 0x1b, 0x0f, 0x0f, 0x03,
  0x03, 0x03, 0x01, 0x10, 0x50, 0xa0, 0x60, 0xa0, 0x50, 0x90, 0xa8, 0xb8,
  0xb0, 0xe0, 0xe0, 0x80, 0x80, 0x80, 0x00, 0x1f, 0x1f, 0x0f, 0x0f, 0x0f,
  0x1f, 0x1f, 0x3f, 0x3f, 0x1f, 0x0f, 0x0f, 0x03, 0x03, 0x03, 0x01, 0xf0,
  0xf0, 0xe0, 0xe0, 0xe0, 0xf0, 0xf0, 0xf8, 0xf8, 0xf0, 0xe0, 0xe0, 0x80,
  0x80, 0x80, 0x00, 0x00, 0x00, 0x00, 0x00, 0x00, 0x00, 0x00, 0x00, 0x00,
  0x00, 0x00, 0x00, 0x03, 0x02, 0x07, 0x0a, 0x00, 0x00, 0x00, 0x00, 0x00,
  0x00, 0x00, 0x00, 0x00, 0x00, 0x00, 0x00, 0x80, 0x80, 0xc0, 0xa0, 0x00,
  0x00, 0x00, 0x00, 0x00, 0x00, 0x00, 0x00, 0x00, 0x00, 0x00, 0x00, 0x03,
  0x03, 0x07, 0x0f, 0x00, 0x00, 0x00, 0x00, 0x00, 0x00, 0x00, 0x00, 0x00,
  0x00, 0x00, 0x00, 0x80, 0x80, 0xc0, 0xe0, 0x01, 0x02, 0x02, 0x03, 0x02,
  0x05, 0x04, 0x0b, 0x0b, 0x07, 0x0f, 0x07, 0x07, 0x0f, 0x0e, 0x06, 0xb8,
  0x04, 0x84, 0x94, 0x68, 0x90, 0x68, 0x88, 0xa8, 0xc8, 0x50, 0xe0, 0x40,
  0x00, 0x00, 0x00, 0x01, 0x03, 0x03, 0x03, 0x03, 0x07, 0x07, 0x0f, 0x0f,
  0x07, 0x0f, 0x07, 0x07, 0x0f, 0x0e, 0x06, 0xf8, 0xfc, 0xfc, 0xfc, 0xf8,
  0xf0, 0xf8, 0xf8, 0xf8, 0xf8, 0xf0, 0xe0, 0x40, 0x00, 0x00, 0x00, 0x00,
  0x00, 0x00, 0x00, 0x00, 0x00, 0x00, 0x00, 0x00, 0x00, 0x00, 0x00, 0x00,
  0x00, 0x00, 0x00, 0x00, 0x00, 0x00, 0x00, 0x00, 0x00, 0x00, 0x00, 0x00,
  0x00, 0x00, 0x00, 0x00, 0x00, 0x30, 0x48, 0x00, 0x00, 0x00, 0x00, 0x00,
  0x00, 0x00, 0x00, 0x00, 0x00, 0x00, 0x00, 0x00, 0x00, 0x00, 0x00, 0x00,
  0x00, 0x00, 0x00, 0x00, 0x00, 0x00, 0x00, 0x00, 0x00, 0x00, 0x00, 0x00,
  0x00, 0x30, 0x78, 0x00, 0x00, 0x00, 0x01, 0x01, 0x02, 0x07, 0x0a, 0x19,
  0x16, 0x7f, 0x3e, 0x3d, 0x7e, 0xf7, 0x64, 0x00, 0x18, 0xf4, 0x1c, 0x44,
  0x02, 0x8a, 0x4a, 0x34, 0xf8, 0x60, 0xe0, 0xa0, 0xa0, 0x20, 0xc0, 0x00,
  0x00, 0x00, 0x01, 0x01, 0x03, 0x07, 0x0f, 0x1f, 0x1f, 0x7f, 0x3f, 0x3f,
  0x7f, 0xf7, 0x64, 0x00, 0x18, 0xfc, 0xfc, 0xfc, 0xfe, 0xfe, 0xfe, 0xfc,
  0xf8, 0xe0, 0xe0, 0xe0, 0xe0, 0xe0, 0xc0, 0x00, 0x00, 0x00, 0x00, 0x00,
  0x00, 0x00, 0x00, 0x00, 0x00, 0x00, 0x00, 0x00, 0x00, 0x00, 0x00, 0x00,
  0x00, 0x00, 0x00, 0x00, 0x00, 0x00, 0x00, 0x00, 0x00, 0x00, 0x00, 0x00,
  0x00, 0x00, 0x00, 0x00, 0x00, 0x00, 0x00, 0x00, 0x00, 0x00, 0x00, 0x00,
  0x00, 0x00, 0x00, 0x00, 0x00, 0x00, 0x00, 0x00, 0x00, 0x00, 0x00, 0x00,
  0x00, 0x00, 0x00, 0x00, 0x00, 0x00, 0x00, 0x00, 0x00, 0x00, 0x00, 0x3f,
  0x22, 0x59, 0xa4, 0xab, 0x97, 0x4f, 0x2f, 0x97, 0x9b, 0x95, 0x9f, 0xbf,
  0xfd, 0x70, 0x00, 0x00, 0xc0, 0x20, 0xa0, 0x50, 0xb8, 0xd0, 0xf8, 0xf0,
  0xf8, 0xfc, 0xfe, 0x7f, 0xbf, 0x9f, 0x0e, 0xff, 0xff, 0xff, 0xff, 0xff,
  0xff, 0xff, 0xff, 0xff, 0xff, 0xff, 0xff, 0xff, 0xfc, 0x70, 0x00, 0x00,
  0xc0, 0xe0, 0xe0, 0xf0, 0xf8, 0xf0, 0xf8, 0xf0, 0xf8, 0xfc, 0xfe, 0x7f,
  0xbf, 0x1f, 0x0e, 0x00, 0x00, 0x00, 0x07, 0x08, 0x08, 0x0b, 0x0e, 0x0c,
  0x1f, 0x10, 0x18, 0x1c, 0x0e, 0x06, 0x03, 0x00, 0x00, 0x00, 0x00, 0x80,
  0xf0, 0x9c, 0xac, 0xbf, 0xa2, 0x59, 0xa4, 0xab, 0x97, 0x4f, 0x2f, 0x00,
  0x00, 0x00, 0x07, 0x0f, 0x0f, 0x0f, 0x0f, 0x0f, 0x1f, 0x1f, 0x1f, 0x1f,
  0x0f, 0x07, 0x03, 0x00, 0x00, 0x00, 0x00, 0x80, 0xf0, 0xfc, 0xfc, 0xff,
  0xff, 0xff, 0xff, 0xff, 0xff, 0xff, 0xff, 0x6a, 0x29, 0x28, 0x4d, 0x4d,
  0x4d, 0x4e, 0x3e, 0x1f, 0x07, 0x01, 0x01, 0x00, 0x00, 0x00, 0x00, 0x6a,
  0x8a, 0x76, 0xf6, 0xfa, 0xfa, 0xfb, 0xff, 0xfc, 0xfc, 0xfe, 0xbe, 0x3e,
  0x3f, 0x1f, 0x1e, 0x7f, 0x3f, 0x3f, 0x7f, 0x7f, 0x7f, 0x7f, 0x3f, 0x1f,
  0x07, 0x01, 0x01, 0x00, 0x00, 0x00, 0x00, 0xfe, 0xfe, 0xfe, 0xfe, 0xfe,
  0xfe, 0xff, 0xff, 0xfc, 0xfc, 0xfe, 0x3e, 0x3e, 0x3f, 0x1f, 0x1e, 0x00,
  0x00, 0x00, 0x00, 0x00, 0x00, 0x0e, 0x11, 0x11, 0x3f, 0x51, 0xca, 0xc6,
  0xc3, 0xec, 0x6a, 0x00, 0x00, 0x00, 0x00, 0x00, 0x00, 0x00, 0x00, 0x00,
  0xc0, 0x60, 0x30, 0xf0, 0x30, 0xdc, 0x16, 0x00, 0x00, 0x00, 0x00, 0x00,
  0x00, 0x0e, 0x1f, 0x1f, 0x3f, 0x7f, 0xff, 0xff, 0xff, 0xff, 0x7f, 0x00,
  0x00, 0x00, 0x00, 0x00, 0x00, 0x00, 0x00, 0x00, 0xc0, 0xe0, 0xf0, 0xf0,
  0xf0, 0xfc, 0xfe, 0xa8, 0xa3, 0xa7, 0xe7, 0x77, 0x77, 0x37, 0x37, 0x1f,
  0x1f, 0x37, 0x07, 0x07, 0x07, 0x07, 0x03, 0x2a, 0x8a, 0xca, 0xce, 0xdc,
  0xdc, 0xd8, 0xd8, 0xf0, 0xf0, 0xd8, 0xc0, 0xc0, 0xc0, 0xc0, 0x80, 0xff,
  0xff, 0xff, 0xff, 0x7f, 0x7f, 0x3f, 0x3f, 0x1f, 0x1f, 0x37, 0x07, 0x07,
  0x07, 0x07, 0x03, 0xfe, 0xfe, 0xfe, 0xfe, 0xfc, 0xfc, 0xf8, 0xf8, 0xf0,
  0xf0, 0xd8, 0xc0, 0xc0, 0xc0, 0xc0, 0x80, 0x00, 0x00, 0x00, 0x00, 0x03,
  0x04, 0x04, 0x0f, 0x14, 0x32, 0x31, 0x67, 0x68, 0x2a, 0x50, 0x57, 0x00,
  0x00, 0x00, 0x00, 0x80, 0x40, 0x40, 0xe0, 0x50, 0x98, 0x18, 0xcc, 0x2c,
  0xa8, 0x14, 0xd4, 0x00, 0x00, 0x00, 0x00, 0x03, 0x07, 0x07, 0x0f, 0x1f,
  0x3f, 0x3f, 0x7f, 0x7f, 0x3f, 0x7f, 0x7f, 0x00, 0x00, 0x00, 0x00, 0x80,
  0xc0, 0xc0, 0xe0, 0xf0, 0xf8, 0xf8, 0xfc, 0xfc, 0xf8, 0xfc, 0xfc, 0x56,
  0x51, 0x6e, 0x6f, 0x5f, 0x5f, 0xdf, 0xff, 0x3f, 0x3f, 0x7f, 0x7d, 0x7c,
  0xfc, 0xf8, 0x78, 0x56, 0x94, 0x14, 0xb2, 0xb2, 0xb2, 0x72, 0x7c, 0xf8,
  0xe0, 0x80, 0x80, 0x00, 0x00, 0x00, 0x00, 0x7f, 0x7f, 0x7f, 0x7f, 0x7f,
  0x7f, 0xff, 0xff, 0x3f, 0x3f, 0x7f, 0x7c, 0x7c, 0xfc, 0xf8, 0x78, 0xfe,
  0xfc, 0xfc, 0xfe, 0xfe, 0xfe, 0xfe, 0xfc, 0xf8, 0xe0, 0x80, 0x80, 0x00,
  0x00, 0x00, 0x00, 0x00, 0x00, 0x00, 0x00, 0x00, 0x00, 0x00, 0x00, 0x00,
  0x03, 0x06, 0x0c, 0x0f, 0x0c, 0x3b, 0x68, 0x00, 0x00, 0x00, 0x00, 0x00,
  0x00, 0x70, 0x88, 0x88, 0xfc, 0x8a, 0x53, 0x63, 0xc3, 0x37, 0x56, 0x00,
  0x00, 0x00, 0x00, 0x00, 0x00, 0x00, 0x00, 0x00, 0x03, 0x07, 0x0f, 0x0f,
  0x0f, 0x3f, 0x7f, 0x00, 0x00, 0x00, 0x00, 0x00, 0x00, 0x70, 0xf8, 0xf8,
  0xfc, 0xfe, 0xff, 0xff, 0xff, 0xff, 0xfe, 0x00, 0x03, 0x04, 0x05, 0x0a,
  0x1d, 0x0b, 0x1f, 0x0f, 0x1f, 0x3f, 0x7f, 0xfe, 0xfd, 0xf9, 0x70, 0xfc,
  0x44, 0x9a, 0x25, 0xd5, 0xe9, 0xf2, 0xf4, 0xe9, 0xd9, 0xa9, 0xf9, 0xfd,
  0xbf, 0x0e, 0x00, 0x00, 0x03, 0x07, 0x07, 0x0f, 0x1f, 0x0f, 0x1f, 0x0f,
  0x1f, 0x3f, 0x7f, 0xfe, 0xfd, 0xf8, 0x70, 0xff, 0xff, 0xff, 0xff, 0xff,
  0xff, 0xff, 0xff, 0xff, 0xff, 0xff, 0xff, 0xff, 0x3f, 0x0e, 0x00, 0x00,
  0x00, 0x00, 0x00, 0x01, 0x0f, 0x39, 0x35, 0xfd, 0x45, 0x9a, 0x25, 0xd5,
  0xe9, 0xf2, 0xf4, 0x00, 0x00, 0x00, 0xe0, 0x10, 0x10, 0xd0, 0x70, 0x30,
  0xf8, 0x08, 0x18, 0x38, 0x70, 0x60, 0xc0, 0x00, 0x00, 0x00, 0x00, 0x01,
  0x0f, 0x3f, 0x3f, 0xff, 0xff, 0xff, 0xff, 0xff, 0xff, 0xff, 0xff, 0x00,
  0x00, 0x00, 0xe0, 0xf0, 0xf0, 0xf0, 0xf0, 0xf0, 0xf8, 0xf8, 0xf8, 0xf8,
  0xf0, 0xe0, 0xc0, 0x82, 0x00, 0xff, 0x1a, 0xf0, 0x82, 0xff, 0x00, 0x02,
  0xff, 0x02, 0x80, 0x02, 0x7f, 0x16, 0x80, 0x03, 0x7f, 0x81, 0x80, 0x02,
  0xff, 0x82, 0x00, 0xff, 0x1a, 0xf0, 0x82, 0xff, 0x00, 0x06, 0xff, 0x02,
  0x00, 0x06, 0x30, 0x81, 0x3e, 0x0d, 0x00, 0x06, 0xff, 0x82, 0x00, 0xff,
  0x04, 0x00, 0x81, 0x07, 0x06, 0x01, 0x0f, 0x00, 0x82, 0xff, 0x00, 0x06,
  0xff, 0x02, 0x00, 0x02, 0x18, 0x02, 0x2c, 0x81, 0x7e, 0x02, 0x46, 0x0d,
  0x00, 0x02, 0xff, 0x81, 0xfc, 0x02, 0xf3, 0x83, 0xcc, 0x00, 0xff, 0x04,
  0x00, 0x81, 0xe3, 0x06, 0x83, 0x0f, 0x00, 0x82, 0xff, 0x00, 0x06, 0xff,
  0x02, 0x00, 0x81, 0x3c, 0x02, 0x36, 0x81, 0x3c, 0x03, 0x30, 0x0b, 0x00,
  0x8a, 0x03, 0x0c, 0x33, 0xcc, 0x30, 0xc3, 0x0c, 0x10, 0x00, 0xff, 0x04,
  0x00, 0x85, 0x18, 0x1c, 0x1e, 0x17, 0x12, 0x02, 0x10, 0x0f, 0x00, 0x82,
  0xff, 0x00, 0x06, 0xff, 0x10, 0x00, 0x8e, 0x03, 0x0c, 0x33, 0xcc, 0x30,
  0xc3, 0x0c, 0x30, 0xc0, 0x00, 0x03, 0x0c, 0x00, 0xff, 0x04, 0x00, 0x83,
  0x23, 0x63, 0xe3, 0x04, 0x63, 0x0f, 0x00, 0x88, 0xff, 0x00, 0xfc, 0xf8,
  0xf0, 0xe0, 0xc0, 0x80, 0x07, 0x00, 0x97, 0x01, 0x07, 0x1f, 0x23, 0x21,
  0x20, 0x2c, 0x32, 0xcf, 0x31, 0xc3, 0x0c, 0x30, 0xc0, 0x00, 0x03, 0x0c,
  0x30, 0xc0, 0x00, 0x03, 0x00, 0xff, 0x04, 0x00, 0x81, 0xe0, 0x02, 0x00,
  0x81, 0xc0, 0x02, 0x00, 0x81, 0xe0, 0x12, 0x00, 0x08, 0x01, 0x84, 0x00,
  0x04, 0x1c, 0x78, 0x03, 0xf8, 0x02, 0xfc, 0x87, 0xfa, 0x7a, 0x79, 0x39,
  0x1c, 0x9c, 0x8e, 0x02, 0x4f, 0x81, 0xe7, 0x02, 0x27, 0x86, 0x13, 0x33,
  0xd3, 0x13, 0x00, 0xff, 0x0c, 0x0f, 0x82, 0x0c, 0x08, 0x04, 0x00, 0x8e,
  0x01, 0x02, 0x04, 0x08, 0x12, 0x21, 0x42, 0x4e, 0x9c, 0xbc, 0xb8, 0x78,
  0x70, 0xf0, 0x02, 0xf8, 0x02, 0xf4, 0x02, 0xfa, 0x86, 0xfd, 0xbd, 0x9f,
  0x8f, 0x97, 0x9b, 0x02, 0x98, 0x02, 0x58, 0x90, 0x28, 0x10, 0x88, 0x46,
  0x21, 0x10, 0x88, 0xc4, 0xe2, 0xf1, 0xf8, 0xfc, 0xfe, 0xff, 0x00, 0xff,
  0x07, 0x0f, 0x84, 0xfe, 0xf8, 0xe0, 0x80, 0x04, 0x00, 0x83, 0x07, 0x38,
  0xc0, 0x05, 0x00, 0x81, 0xff, 0x04, 0x00, 0x87, 0x20, 0x40, 0xc0, 0x80,
  0xc0, 0x40, 0x20, 0x03, 0x00, 0x81, 0xff, 0x03, 0x00, 0x84, 0x3f, 0x0f,
  0xfc, 0x3e, 0x06, 0x00, 0x82, 0x81, 0x7e, 0x04, 0x00, 0x84, 0x80, 0x40,
  0x20, 0x10, 0x06, 0x7f, 0x82, 0x7c, 0x60, 0x07, 0x00, 0x85, 0x7f, 0x07,
  0xf8, 0x07, 0x00, 0x03, 0x30, 0x02, 0x00, 0x89, 0x80, 0x40, 0x60, 0x30,
  0x38, 0x1c, 0x1e, 0x0e, 0x0f, 0x02, 0x1f, 0x02, 0x2f, 0x02, 0x5f, 0x02,
  0xbf, 0x86, 0xfd, 0xf9, 0xf1, 0xe9, 0x99, 0x19, 0x02, 0x1a, 0x85, 0x14,
  0x08, 0x10, 0x60, 0x80, 0x04, 0x00, 0x83, 0x03, 0x02, 0x03, 0x02, 0x02,
  0x04, 0xff, 0x82, 0xf0, 0x80, 0x09, 0x00, 0x81, 0x81, 0x02, 0xff, 0x88,
  0x3f, 0xcf, 0x27, 0x13, 0x09, 0x14, 0x02, 0x61, 0x02, 0x60, 0x05, 0x00,
  0x03, 0x5b, 0x04, 0x80, 0x03, 0x00, 0x86, 0x80, 0x40, 0x20, 0x18, 0x04,
  0x03, 0x0a, 0x00, 0x85, 0xde, 0x50, 0xde, 0x42, 0x5e, 0x02, 0xff, 0x81,
  0xf8, 0x08, 0x00, 0x8d, 0x01, 0x07, 0x1f, 0x3f, 0xff, 0xe3, 0xdd, 0xb6,
  0xa2, 0xb6, 0xdd, 0xe3, 0xff, 0x02, 0x7f, 0x02, 0xbf, 0x03, 0x5f, 0x03,
  0x2f, 0x81, 0x6f, 0x05, 0x2f, 0x03, 0x5f, 0x02, 0xaf, 0x03, 0x4f, 0x86,
  0x1f, 0x9f, 0x7f, 0x1f, 0x0f, 0x03, 0x05, 0x00, 0x81, 0xf5, 0x03, 0x85,
  0x83, 0xf5, 0xff, 0xe0, 0x04, 0x00, 0x88, 0x01, 0x07, 0x0f, 0x3f, 0x7f,
  0xff, 0xfe, 0xfd, 0x02, 0xfa, 0x02, 0xf4, 0x02, 0xe8, 0x83, 0xd0, 0xd6,
  0xd1, 0x04, 0xa0, 0x05, 0x40, 0x81, 0x5e, 0x04, 0x40, 0x04, 0x20, 0x83,
  0x10, 0x11, 0x96, 0x02, 0x88, 0x82, 0x84, 0xc4, 0x02, 0xc2, 0x82, 0xe1,
  0xe0, 0x02, 0xf0, 0x84, 0xf8, 0x3c, 0x0e, 0x03, 0x06, 0x00, 0x81, 0xf0,
  0x02, 0x00, 0x8c, 0x07, 0x1f, 0x7e, 0xf9, 0xf6, 0xe8, 0xd0, 0xa0, 0x40,
  0x88, 0x04, 0x02, 0x03, 0x01, 0x82, 0x00, 0x01, 0x02, 0x00, 0x85, 0xb8,
  0x28, 0x38, 0x28, 0x38, 0x03, 0x00, 0x83, 0xe0, 0xa0, 0x21, 0x02, 0x20,
  0x03, 0x00, 0x85, 0x38, 0x20, 0x38, 0x28, 0xb8, 0x02, 0x00, 0x03, 0x01,
  0x8e, 0x00, 0x01, 0x04, 0x88, 0x50, 0x20, 0x10, 0x08, 0x06, 0x01, 0xc0,
  0x30, 0x0e, 0x01, 0x03, 0x00, 0x87, 0x07, 0xfc, 0xe3, 0x9c, 0x60, 0x88,
  0x08, 0x02, 0x04, 0x81, 0x00, 0x04, 0x05, 0x8f, 0xc5, 0x40, 0xc0, 0x40,
  0xc0, 0x00, 0x08, 0x04, 0x02, 0x01, 0x00, 0xc0, 0x30, 0x0c, 0x03, 0x02,
  0x00, 0x81, 0xfe, 0x02, 0x00, 0x8f, 0x03, 0x0c, 0x30, 0xc0, 0x01, 0x02,
  0x04, 0x08, 0x10, 0x00, 0xc0, 0x00, 0xc0, 0x40, 0xc0, 0x02, 0x02, 0x81,
  0x03, 0x02, 0x00, 0x02, 0x04, 0x86, 0x88, 0x68, 0x1c, 0x03, 0xe0, 0x1f,
  0x02, 0x00, 0x83, 0xff, 0x3f, 0xc0, 0x04, 0x01, 0x81, 0x00, 0x02, 0x02,
  0x81, 0xc2, 0x02, 0x42, 0x83, 0x40, 0xc0, 0x01, 0x02, 0x41, 0x02, 0x21,
  0x02, 0x11, 0x84, 0x09, 0x08, 0x80, 0x40, 0x0b, 0x00, 0x84, 0x80, 0x00,
  0x10, 0x11, 0x02, 0x21, 0x02, 0x41, 0x02, 0x81, 0x89, 0x01, 0x00, 0x80,
  0x83, 0x80, 0x83, 0x80, 0x03, 0x00, 0x03, 0x01, 0x88, 0xc1, 0x3f, 0x00,
  0xff, 0x00, 0xff, 0xfc, 0x03, 0x05, 0x00, 0x02, 0x80, 0x83, 0x85, 0x84,
  0x85, 0x02, 0x05, 0x81, 0x00, 0x02, 0x04, 0x02, 0x08, 0x02, 0x10, 0x84,
  0x20, 0x21, 0x02, 0x04, 0x14, 0x00, 0x84, 0x05, 0x02, 0x05, 0x00, 0x05,
  0x80, 0x04, 0x00, 0x8c, 0x03, 0xfc, 0x00, 0xff, 0x00, 0xe0, 0x3f, 0xc7,
  0x39, 0x06, 0x21, 0x20, 0x02, 0x40, 0x8e, 0x00, 0xc0, 0x40, 0xc0, 0x00,
  0xcb, 0x08, 0x0b, 0x08, 0x0b, 0x00, 0x20, 0x40, 0x80, 0x02, 0x00, 0x84,
  0x03, 0x0e, 0x3e, 0xff, 0x02, 0x7f, 0x81, 0x00, 0x02, 0x7f, 0x84, 0xff,
  0x3e, 0x0e, 0x03, 0x08, 0x00, 0x03, 0x5b, 0x84, 0x00, 0xda, 0x9b, 0x93,
  0x03, 0x00, 0x88, 0x01, 0x06, 0x38, 0xc0, 0x07, 0xf8, 0x00, 0x0f, 0x02,
  0x00, 0x8c, 0xe0, 0xf8, 0x7e, 0x9f, 0x6f, 0x17, 0x0b, 0x05, 0x02, 0x11,
  0x20, 0x40, 0x05, 0x80, 0x02, 0x00, 0x83, 0x55, 0x54, 0x5c, 0x02, 0x44,
  0x03, 0x00, 0x85, 0x17, 0x14, 0x97, 0x11, 0x17, 0x03, 0x00, 0x85, 0x5c,
  0x50, 0x5c, 0x54, 0x5d, 0x04, 0x00, 0x03, 0x60, 0x8c, 0x00, 0x81, 0x82,
  0x84, 0x08, 0x10, 0x60, 0x80, 0x03, 0x0c, 0x70, 0x80, 0x02, 0x00, 0x82,
  0xff, 0x07, 0x04, 0x00, 0x88, 0x80, 0xe0, 0xf0, 0xfc, 0xfe, 0xff, 0x7f,
  0xbf, 0x02, 0x5f, 0x02, 0x2f, 0x85, 0x17, 0x16, 0x0a, 0x6a, 0x8b, 0x04,
  0x05, 0x05, 0x02, 0x81, 0x7a, 0x04, 0x02, 0x04, 0x04, 0x83, 0x08, 0x88,
  0x69, 0x02, 0x11, 0x82, 0x21, 0x23, 0x02, 0x43, 0x82, 0x87, 0x07, 0x02,
  0x0f, 0x84, 0x1f, 0x3c, 0x70, 0xc0, 0x06, 0x00, 0x02, 0xff, 0x81, 0x1f,
  0x09, 0x00, 0x8c, 0x80, 0xc0, 0xe0, 0xf0, 0xf8, 0x8c, 0x76, 0xdb, 0x8b,
  0xdb, 0x77, 0x8f, 0x11, 0xff, 0x87, 0xf1, 0xee, 0xdb, 0xd1, 0xdb, 0xee,
  0xf1, 0x02, 0xff, 0x84, 0xfe, 0xf8, 0xf0, 0xc0, 0x05, 0x00, 0x02, 0x85,
  0x83, 0xfd, 0x84, 0x85, 0x04, 0xff, 0x82, 0x0f, 0x01, 0x0f, 0x00, 0x81,
  0x80, 0x02, 0xc0, 0x02, 0xe0, 0x03, 0xf0, 0x03, 0xf8, 0x04, 0xfc, 0x07,
  0xfe, 0x86, 0x7f, 0x7e, 0x7c, 0xf8, 0xe0, 0xc0, 0x0a, 0x00, 0x85, 0xf7,
  0x04, 0xf7, 0x14, 0xf4, 0x06, 0xfe, 0x82, 0x3e, 0x06, 0x11, 0x00, 0x89,
  0x01, 0x02, 0x0e, 0x1c, 0x3c, 0x38, 0x78, 0x70, 0xf0, 0x02, 0xf8, 0x02,
  0xf4, 0x02, 0xfa, 0x86, 0xfd, 0xbd, 0x9f, 0x8f, 0x97, 0x9b, 0x02, 0x98,
  0x02, 0x58, 0x85, 0x28, 0x10, 0x08, 0x06, 0x01, 0x04, 0x00, 0x83, 0xc0,
  0x40, 0xc0, 0x03, 0x00, 0x81, 0xff, 0x07, 0xf0, 0x84, 0x7f, 0x1f, 0x07,
  0x01, 0x0c, 0x00, 0x81, 0xff, 0x04, 0x00, 0x87, 0x04, 0x02, 0xc0, 0x80,
  0xc0, 0x40, 0x20, 0x03, 0x00, 0x81, 0xff, 0x03, 0x00, 0x84, 0x3f, 0x0f,
  0xfc, 0x3e, 0x06, 0x00, 0x82, 0x81, 0x7e, 0x04, 0x00, 0x86, 0x01, 0x02,
  0x04, 0x08, 0x00, 0xff, 0x0c, 0xf0, 0x82, 0x30, 0x10, 0x09, 0x00, 0x87,
  0x80, 0x40, 0x70, 0x38, 0x3c, 0x1c, 0x1e, 0x02, 0x0f, 0x02, 0x1f, 0x02,
  0x2f, 0x02, 0x5f, 0x88, 0xbf, 0xbd, 0xfd, 0xf9, 0xf1, 0xe9, 0x99, 0x19,
  0x02, 0x1a, 0x90, 0x14, 0x08, 0x11, 0x62, 0x84, 0x08, 0x11, 0x23, 0x47,
  0x8f, 0x1f, 0x3f, 0x7f, 0xff, 0x00, 0xff, 0x04, 0x00, 0x87, 0x38, 0x64,
  0x70, 0x38, 0x1c, 0x4c, 0x38, 0x1b, 0x00, 0x83, 0x20, 0x38, 0x1e, 0x03,
  0x1f, 0x02, 0x3f, 0x87, 0x5f, 0x5e, 0x9e, 0x9c, 0x38, 0x39, 0x71, 0x02,
  0xf2, 0x81, 0xe7, 0x02, 0xe4, 0x86, 0xc8, 0xcc, 0xcb, 0xc8, 0x00, 0xff,
  0x04, 0x00, 0x81, 0x78, 0x02, 0x6c, 0x81, 0x78, 0x03, 0x60, 0x0f, 0x00,
  0x88, 0xff, 0x00, 0x3f, 0x1f, 0x0f, 0x07, 0x03, 0x01, 0x07, 0x00, 0x97,
  0x80, 0xe0, 0xf8, 0xc4, 0x84, 0x04, 0x34, 0x4c, 0xf3, 0x8c, 0xc3, 0x30,
  0x0c, 0x03, 0x00, 0xc0, 0x30, 0x0c, 0x03, 0x00, 0xc0, 0x00, 0xff, 0x04,
  0x00, 0x81, 0x7c, 0x02, 0x60, 0x81, 0x78, 0x02, 0x60, 0x81, 0x7c, 0x0f,
  0x00, 0x82, 0xff, 0x00, 0x06, 0xff, 0x10, 0x00, 0x8e, 0xc0, 0x30, 0xcc,
  0x33, 0x0c, 0xc3, 0x30, 0x0c, 0x03, 0x00, 0xc0, 0x30, 0x00, 0xff, 0x04,
  0x00, 0x81, 0x7c, 0x02, 0x60, 0x81, 0x78, 0x02, 0x60, 0x81, 0x7c, 0x04,
  0x00, 0x84, 0x40, 0x57, 0x65, 0x55, 0x07, 0x00, 0x82, 0xff, 0x00, 0x06,
  0xff, 0x02, 0x00, 0x84, 0x73, 0xdb, 0xc3, 0xfb, 0x02, 0xdb, 0x81, 0x73,
  0x0b, 0x00, 0x8a, 0xc0, 0x30, 0xcc, 0x33, 0x0c, 0xc3, 0x30, 0x08, 0x00,
  0xff, 0x04, 0x00, 0x81, 0x78, 0x05, 0x6c, 0x81, 0x78, 0x04, 0x00, 0x84,
  0x08, 0xc8, 0x54, 0x57, 0x02, 0x25, 0x05, 0x00, 0x82, 0xff, 0x00, 0x06,
  0xff, 0x02, 0x00, 0x87, 0xe3, 0x03, 0x05, 0xc5, 0x0f, 0x08, 0xe8, 0x0d,
  0x00, 0x02, 0xff, 0x81, 0x3f, 0x02, 0xcf, 0x83, 0x33, 0x00, 0xff, 0x1a,
  0x0f, 0x82, 0xff, 0x00, 0x06, 0xff, 0x02, 0x00, 0x84, 0x1e, 0x1b, 0x9b,
  0x9e, 0x03, 0xdb, 0x0d, 0x00, 0x06, 0xff, 0x82, 0x00, 0xff, 0x1a, 0x0f,
  0x82, 0xff, 0x00, 0x02, 0xff, 0x02, 0x01, 0x02, 0xfe, 0x16, 0x01, 0x03,
  0xfe, 0x81, 0x01, 0x02, 0xff, 0x00, 0x82, 0xf0, 0x70, 0x1a, 0x75, 0x04,
  0x70, 0x02, 0x75, 0x02, 0x47, 0x16, 0x70, 0x02, 0x47, 0x82, 0x57, 0x75,
  0x04, 0x70, 0x1a, 0x40, 0x04, 0x70, 0x02, 0x50, 0x04, 0x40, 0x14, 0x20,
  0x02, 0x40, 0x02, 0x50, 0x08, 0x70, 0x16, 0x20, 0x04, 0x70, 0x02, 0x50,
  0x04, 0x40, 0x14, 0x20, 0x02, 0x40, 0x02, 0x5e, 0x03, 0xe0, 0x05, 0x70,
  0x16, 0x20, 0x04, 0x70, 0x02, 0x50, 0x04, 0x40, 0x12, 0x20, 0x09, 0xe0,
  0x05, 0x70, 0x16, 0x20, 0x04, 0x70, 0x02, 0x50, 0x12, 0x40, 0x0d, 0xe0,
  0x05, 0x70, 0x16, 0x20, 0x04, 0x70, 0x02, 0x50, 0x09, 0x40, 0x03, 0xf0,
  0x13, 0xe0, 0x05, 0x70, 0x19, 0x20, 0x0a, 0xe0, 0x05, 0xf0, 0x13, 0xe0,
  0x81, 0x70, 0x12, 0x40, 0x0b, 0xe0, 0x14, 0xf0, 0x0e, 0xe0, 0x81, 0x70,
  0x07, 0x75, 0x08, 0x50, 0x08, 0xe0, 0x13, 0xf0, 0x02, 0xef, 0x81, 0xfe,
  0x07, 0xf0, 0x23, 0xe0, 0x04, 0xf0, 0x1e, 0xe0, 0x05, 0xf0, 0x24, 0xe0,
  0x07, 0x10, 0x10, 0xe0, 0x05, 0xf0, 0x3b, 0xe0, 0x05, 0xf0, 0x4f, 0xe0,
  0x23, 0x80, 0x19, 0xe0, 0x2c, 0x80, 0x12, 0xe0, 0x30, 0x80, 0x10, 0xe0,
  0x26, 0x80, 0x04, 0xf0, 0x09, 0x80, 0x0f, 0xe0, 0x0f, 0x80, 0x07, 0xa0,
  0x0e, 0x80, 0x0a, 0xf0, 0x16, 0xe0, 0x20, 0x80, 0x07, 0xf0, 0x7f, 0xe0,
  0x06, 0xe0, 0x05, 0xf0, 0x3b, 0xe0, 0x05, 0xf0, 0x1a, 0xe0, 0x27, 0xf0,
  0x81, 0x70, 0x07, 0x75, 0x10, 0x50, 0x13, 0xf0, 0x02, 0xef, 0x81, 0xfe,
  0x07, 0xf0, 0x0b, 0xe0, 0x81, 0x70, 0x17, 0x40, 0x28, 0xe0, 0x05, 0x70,
  0x22, 0x20, 0x81, 0xe0, 0x05, 0xf0, 0x13, 0xe0, 0x05, 0x70, 0x16, 0x20,
  0x04, 0x70, 0x02, 0x50, 0x09, 0x40, 0x03, 0xf0, 0x13, 0xe0, 0x05, 0x70,
  0x16, 0x20, 0x04, 0x70, 0x02, 0x50, 0x12, 0x40, 0x0d, 0xe0, 0x05, 0x70,
  0x0b, 0x20, 0x0b, 0x80, 0x04, 0x70, 0x02, 0x50, 0x04, 0x40, 0x12, 0x20,
  0x09, 0xe0, 0x05, 0x70, 0x0b, 0x20, 0x0b, 0x80, 0x04, 0x70, 0x02, 0x50,
  0x04, 0x40, 0x14, 0x20, 0x02, 0x40, 0x02, 0x5e, 0x03, 0xe0, 0x81, 0x70,
  0x1a, 0x40, 0x04, 0x70, 0x02, 0x50, 0x04, 0x40, 0x14, 0x20, 0x02, 0x40,
  0x02, 0x50, 0x04, 0x70, 0x1a, 0x75, 0x04, 0x70, 0x02, 0x75, 0x02, 0x47,
  0x16, 0x70, 0x02, 0x47, 0x82, 0x57, 0x75, 0x02, 0x70, 0x00, 0x7f, 0x00,
  0x59, 0x00, 0x83, 0x3f, 0x40, 0x87, 0x04, 0x84, 0x03, 0x85, 0x03, 0x84,
  0x83, 0x87, 0x40, 0x3f, 0x30, 0x00, 0x83, 0xf8, 0x04, 0xc2, 0x02, 0x42,
  0x85, 0x7e, 0x00, 0xfe, 0x02, 0xc2, 0x03, 0x42, 0x83, 0xc2, 0x04, 0xf8,
  0x30, 0x00, 0x83, 0xff, 0x80, 0x87, 0x03, 0x84, 0x83, 0x87, 0x80, 0x87,
  0x06, 0x84, 0x81, 0xfc, 0x18, 0x00, 0x84, 0xff, 0x80, 0xbf, 0x80, 0x06,
  0xbf, 0x82, 0x80, 0xff, 0x0c, 0x00, 0x83, 0xf8, 0x04, 0xc2, 0x03, 0x42,
  0x83, 0xc4, 0x08, 0xc4, 0x06, 0x42, 0x81, 0x7e, 0x18, 0x00, 0x84, 0xff,
  0x00, 0xff, 0x00, 0x06, 0xff, 0x82, 0x00, 0xff, 0x0c, 0x00, 0x83, 0x07,
  0x04, 0x08, 0x02, 0x0a, 0x03, 0x15, 0x02, 0x28, 0x86, 0x2f, 0x40, 0x5f,
  0x50, 0xa0, 0xe0, 0x18, 0x00, 0x84, 0xff, 0x00, 0xff, 0x00, 0x06, 0xff,
  0x81, 0x3f, 0x0c, 0xbf, 0x83, 0x00, 0xe0, 0x20, 0x03, 0x10, 0x03, 0x08,
  0x03, 0x84, 0x86, 0x02, 0xc2, 0x42, 0x21, 0x3f, 0xbf, 0x02, 0x80, 0x02,
  0xbf, 0x81, 0x80, 0x10, 0xbf, 0x81, 0x80, 0x02, 0xff, 0x83, 0x00, 0xff,
  0x00, 0x06, 0xff, 0x81, 0xfc, 0x0c, 0xfd, 0x8c, 0x00, 0x70, 0x48, 0x44,
  0x42, 0x41, 0x40, 0x50, 0x58, 0x54, 0x52, 0x51, 0x04, 0x50, 0x82, 0x70,
  0xfd, 0x02, 0x01, 0x02, 0xfd, 0x81, 0x01, 0x10, 0xfd, 0x81, 0x01, 0x02,
  0xff, 0x83, 0x00, 0xff, 0x00, 0x06, 0xff, 0x82, 0x00, 0xff, 0x0c, 0x00,
  0x81, 0x0e, 0x04, 0x0a, 0x8b, 0x8a, 0x4a, 0x2a, 0x1a, 0x0a, 0x02, 0x82,
  0x42, 0x22, 0x12, 0x0e, 0x18, 0x00, 0x84, 0xff, 0x01, 0xfd, 0x01, 0x06,
  0xfd, 0x82, 0x01, 0xff, 0x0c, 0x00, 0x83, 0xff, 0x80, 0x87, 0x0a, 0x84,
  0x83, 0x87, 0x80, 0xff, 0x18, 0x00, 0x84, 0x0f, 0x08, 0x0b, 0x08, 0x06,
  0x0b, 0x82, 0x08, 0x0f, 0x0c, 0x00, 0x83, 0xf8, 0x04, 0xc2, 0x0a, 0x42,
  0x89, 0xc2, 0x04, 0xf8, 0x00, 0x01, 0x02, 0x05, 0x0b, 0x08, 0x10, 0x0b,
  0x86, 0x08, 0x0f, 0xff, 0x00, 0xff, 0x00, 0x06, 0xff, 0x82, 0x00, 0xff,
  0x0c, 0x00, 0x83, 0xff, 0x80, 0x87, 0x03, 0x84, 0x83, 0x87, 0x80, 0x87,
  0x06, 0x84, 0x82, 0xfc, 0xbf, 0x02, 0x00, 0x02, 0xff, 0x81, 0x00, 0x10,
  0xff, 0x81, 0x00, 0x02, 0xff, 0x83, 0x00, 0xff, 0x00, 0x06, 0xff, 0x82,
  0x00, 0xff, 0x0c, 0x00, 0x83, 0xf8, 0x04, 0xc2, 0x03, 0x42, 0x83, 0xc2,
  0x04, 0xf8, 0x07, 0x00, 0x81, 0xff, 0x02, 0x00, 0x02, 0xff, 0x89, 0x00,
  0xfe, 0xfd, 0xfa, 0xf4, 0xe8, 0xd0, 0xbf, 0x00, 0x08, 0xff, 0x81, 0x00,
  0x02, 0xff, 0x83, 0x00, 0xff, 0x00, 0x06, 0xff, 0x82, 0x00, 0xff, 0x05,
  0x00, 0x8a, 0x01, 0x02, 0x05, 0x0b, 0x17, 0x2f, 0x00, 0xff, 0x80, 0x87,
  0x03, 0x84, 0x83, 0x87, 0x80, 0x87, 0x06, 0x84, 0x88, 0xfc, 0xfa, 0x04,
  0x08, 0xd0, 0xa0, 0x40, 0x80, 0x05, 0x00, 0x82, 0xff, 0x00, 0x08, 0xff,
  0x81, 0x00, 0x02, 0xff, 0x83, 0x00, 0xff, 0x00, 0x06, 0xff, 0x88, 0x00,
  0xfd, 0x0b, 0x17, 0x2f, 0x5f, 0xbf, 0x7f, 0x05, 0xff, 0x84, 0x00, 0xf8,
  0x04, 0xc2, 0x03, 0x42, 0x83, 0xc4, 0x08, 0xc4, 0x06, 0x42, 0x81, 0x7e,
  0x0c, 0x00, 0x82, 0xff, 0x00, 0x08, 0xff, 0x81, 0x00, 0x02, 0xff, 0x83,
  0x00, 0xff, 0x00, 0x12, 0xff, 0x83, 0xfe, 0x00, 0xfd, 0x0d, 0x84, 0x82,
  0x85, 0xfd, 0x0c, 0x00, 0x82, 0xff, 0x00, 0x08, 0xff, 0x86, 0x00, 0xff,
  0xf0, 0x10, 0xd0, 0x10, 0x10, 0xd0, 0x89, 0xa0, 0x40, 0x80, 0x00, 0xfc,
  0x84, 0x82, 0x42, 0x41, 0x02, 0x20, 0x02, 0x10, 0x87, 0x08, 0x10, 0x24,
  0x4a, 0x92, 0x21, 0xc1, 0x0c, 0x00, 0x82, 0xf0, 0x10, 0x08, 0xd0, 0x86,
  0x10, 0xf0, 0xff, 0x80, 0xbf, 0x80, 0x13, 0xbf, 0x88, 0x00, 0x1c, 0x24,
  0x48, 0x90, 0x20, 0x40, 0x80, 0x02, 0x40, 0x02, 0x20, 0x02, 0x10, 0x02,
  0x08, 0x82, 0xfc, 0xbf, 0x02, 0x80, 0x02, 0xbf, 0x81, 0x80, 0x10, 0xbf,
  0x81, 0x80, 0x02, 0xff, 0x83, 0x00, 0xff, 0x00, 0x06, 0xff, 0x81, 0xfc,
  0x0c, 0xfd, 0x83, 0x00, 0x3f, 0x20, 0x05, 0x21, 0x81, 0x20, 0x07, 0x21,
  0x82, 0x3f, 0xfd, 0x02, 0x01, 0x02, 0xfd, 0x81, 0x01, 0x10, 0xfd, 0x81,
  0x01, 0x02, 0xff, 0x83, 0x00, 0xff, 0x00, 0x06, 0xff, 0x82, 0x00, 0xff,
  0x0c, 0x00, 0x83, 0xfe, 0x01, 0xf0, 0x03, 0x10, 0x83, 0xf1, 0x02, 0xf1,
  0x06, 0x10, 0x82, 0x1f, 0x0b, 0x02, 0x08, 0x02, 0x0b, 0x81, 0x08, 0x06,
  0x0b, 0x83, 0x05, 0x02, 0x01, 0x09, 0x00, 0x84, 0xff, 0x00, 0xff, 0x00,
  0x06, 0xff, 0x82, 0x00, 0xff, 0x0c, 0x00, 0x82, 0x3f, 0x21, 0x04, 0xa1,
  0x03, 0x21, 0x06, 0xa1, 0x82, 0xbf, 0xff, 0x02, 0x00, 0x02, 0xff, 0x81,
  0x00, 0x08, 0xff, 0x90, 0x7f, 0xbf, 0x5f, 0x2f, 0x17, 0x0b, 0x05, 0x02,
  0x01, 0x00, 0xf0, 0x08, 0xe4, 0x02, 0xfd, 0xfe, 0x04, 0xff, 0x81, 0x3f,
  0x0c, 0xbf, 0x84, 0x00, 0x7f, 0x40, 0x43, 0x0a, 0x42, 0x84, 0x43, 0x40,
  0x7f, 0xd0, 0x02, 0x10, 0x02, 0xd0, 0x81, 0x10, 0x06, 0xd0, 0x82, 0xdf,
  0xc0, 0x08, 0xff, 0x82, 0x00, 0xff, 0x05, 0x00, 0x87, 0x80, 0x40, 0xa0,
  0xd0, 0xe8, 0xf4, 0xfa, 0x0b, 0xfd, 0x84, 0x00, 0xfc, 0x02, 0xe1, 0x0a,
  0x21, 0x83, 0xe1, 0x02, 0xfc, 0x0c, 0x00, 0x82, 0xff, 0x01, 0x08, 0xfd,
  0x82, 0x01, 0xff, 0x18, 0x00, 0x83, 0x7f, 0x40, 0x43, 0x03, 0x42, 0x83,
  0x43, 0x40, 0x43, 0x04, 0x42, 0x83, 0x43, 0x40, 0x7f, 0x30, 0x00, 0x83,
  0xff, 0x01, 0xff, 0x03, 0x00, 0x83, 0xfc, 0x04, 0xfc, 0x04, 0x00, 0x83,
  0xff, 0x01, 0xff, 0x30, 0x00, 0x83, 0x7f, 0x40, 0x43, 0x03, 0x42, 0x83,
  0x43, 0x40, 0x43, 0x06, 0x42, 0x81, 0x7e, 0x30, 0x00, 0x83, 0xfc, 0x02,
  0xe1, 0x03, 0x21, 0x83, 0xe2, 0x04, 0xe2, 0x06, 0x21, 0x81, 0x3f, 0x7f,
  0x00, 0x59, 0x00, 0x00, 0x7f, 0x00, 0x59, 0x00, 0x04, 0x60, 0x82, 0x80,
  0x60, 0x04, 0x80, 0x82, 0x90, 0x80, 0x34, 0x90, 0x04, 0x60, 0x81, 0x80,
  0x02, 0x60, 0x03, 0x80, 0x82, 0x90, 0x80, 0x34, 0x90, 0x04, 0x60, 0x82,
  0x80, 0x60, 0x04, 0x80, 0x82, 0x90, 0x80, 0x1c, 0x90, 0x08, 0x40, 0x81,
  0x50, 0x02, 0x40, 0x0d, 0x50, 0x04, 0x60, 0x82, 0x80, 0x60, 0x04, 0x80,
  0x82, 0x90, 0x80, 0x1c, 0x90, 0x08, 0x40, 0x81, 0x50, 0x02, 0x40, 0x0d,
  0x50, 0x04, 0x60, 0x82, 0x80, 0x60, 0x04, 0x80, 0x82, 0x90, 0x80, 0x1c,
  0x90, 0x08, 0x40, 0x81, 0x50, 0x02, 0x40, 0x02, 0x50, 0x81, 0x40, 0x04,
  0x50, 0x81, 0x70, 0x02, 0x50, 0x03, 0x70, 0x04, 0x60, 0x82, 0x80, 0x60,
  0x04, 0x80, 0x82, 0x90, 0x80, 0x04, 0x90, 0x0a, 0x40, 0x81, 0x50, 0x02,
  0x40, 0x02, 0x50, 0x81, 0x40, 0x02, 0x50, 0x81, 0x70, 0x02, 0x50, 0x03,
  0x70, 0x08, 0x40, 0x81, 0x50, 0x02, 0x40, 0x02, 0x50, 0x81, 0x40, 0x04,
  0x50, 0x81, 0x70, 0x02, 0x50, 0x03, 0x70, 0x04, 0x60, 0x82, 0x80, 0x60,
  0x04, 0x80, 0x82, 0x90, 0x80, 0x04, 0x90, 0x0a, 0x40, 0x81, 0x50, 0x02,
  0x40, 0x02, 0x50, 0x81, 0x40, 0x02, 0x50, 0x81, 0x70, 0x02, 0x50, 0x03,
  0x70, 0x08, 0x40, 0x81, 0x50, 0x02, 0x40, 0x0d, 0x50, 0x04, 0x60, 0x82,
  0x80, 0x60, 0x04, 0x80, 0x82, 0x90, 0x80, 0x1c, 0x90, 0x08, 0x40, 0x81,
  0x50, 0x02, 0x40, 0x0d, 0x50, 0x04, 0x60, 0x82, 0x80, 0x60, 0x04, 0x80,
  0x82, 0x90, 0x80, 0x1c, 0x90, 0x08, 0x40, 0x81, 0x50, 0x02, 0x40, 0x0d,
  0x50, 0x04, 0x60, 0x82, 0x80, 0x60, 0x04, 0x80, 0x82, 0x90, 0x80, 0x05,
  0x90, 0x09, 0x40, 0x81, 0x50, 0x02, 0x40, 0x02, 0x50, 0x81, 0x40, 0x02,
  0x50, 0x81, 0x70, 0x02, 0x50, 0x03, 0x70, 0x08, 0x40, 0x81, 0x50, 0x02,
  0x40, 0x0d, 0x50, 0x04, 0x60, 0x82, 0x80, 0x60, 0x04, 0x80, 0x82, 0x90,
  0x80, 0x04, 0x90, 0x0a, 0x40, 0x81, 0x50, 0x02, 0x40, 0x02, 0x50, 0x81,
  0x40, 0x02, 0x50, 0x81, 0x70, 0x02, 0x50, 0x03, 0x70, 0x08, 0x40, 0x81,
  0x50, 0x02, 0x40, 0x0d, 0x50, 0x04, 0x60, 0x82, 0x80, 0x60, 0x0a, 0x80,
  0x0a, 0x40, 0x81, 0x50, 0x03, 0x40, 0x82, 0x50, 0x40, 0x02, 0x50, 0x81,
  0x70, 0x02, 0x50, 0x03, 0x70, 0x08, 0x40, 0x81, 0x50, 0x02, 0x40, 0x07,
  0x50, 0x81, 0x70, 0x02, 0x50, 0x03, 0x70, 0x04, 0x60, 0x82, 0x80, 0x60,
  0x04, 0x80, 0x82, 0x90, 0x80, 0x04, 0x90, 0x0e, 0x40, 0x82, 0x50, 0x40,
  0x02, 0x50, 0x81, 0x70, 0x02, 0x50, 0x03, 0x70, 0x08, 0x40, 0x81, 0x50,
  0x02, 0x40, 0x02, 0x50, 0x81, 0x40, 0x04, 0x50, 0x81, 0x70, 0x02, 0x50,
  0x03, 0x70, 0x04, 0x60, 0x82, 0x80, 0x60, 0x04, 0x80, 0x82, 0x90, 0x80,
  0x10, 0x90, 0x02, 0x40, 0x82, 0x50, 0x40, 0x02, 0x50, 0x81, 0x70, 0x02,
  0x50, 0x03, 0x70, 0x08, 0x40, 0x81, 0x50, 0x02, 0x40, 0x02, 0x50, 0x81,
  0x40, 0x04, 0x50, 0x81, 0x70, 0x02, 0x50, 0x03, 0x70, 0x04, 0x60, 0x82,
  0x80, 0x60, 0x04, 0x80, 0x82, 0x90, 0x80, 0x10, 0x90, 0x02, 0x40, 0x82,
  0x50, 0x40, 0x02, 0x50, 0x81, 0x70, 0x02, 0x50, 0x03, 0x70, 0x08, 0x40,
  0x81, 0x50, 0x02, 0x40, 0x02, 0x50, 0x81, 0x40, 0x04, 0x50, 0x81, 0x70,
  0x02, 0x50, 0x03, 0x70, 0x04, 0x60, 0x82, 0x80, 0x60, 0x04, 0x80, 0x82,
  0x90, 0x80, 0x10, 0x90, 0x02, 0x40, 0x82, 0x50, 0x40, 0x02, 0x50, 0x81,
  0x70, 0x02, 0x50, 0x03, 0x70, 0x08, 0x40, 0x81, 0x50, 0x02, 0x40, 0x02,
  0x50, 0x81, 0x40, 0x04, 0x50, 0x81, 0x70, 0x02, 0x50, 0x03, 0x70, 0x04,
  0x60, 0x82, 0x80, 0x60, 0x04, 0x80, 0x82, 0x90, 0x80, 0x04, 0x90, 0x0a,
  0x40, 0x81, 0x50, 0x02, 0x40, 0x02, 0x50, 0x81, 0x40, 0x02, 0x50, 0x81,
  0x70, 0x02, 0x50, 0x03, 0x70, 0x08, 0x40, 0x81, 0x50, 0x02, 0x40, 0x02,
  0x50, 0x81, 0x40, 0x04, 0x50, 0x81, 0x70, 0x02, 0x50, 0x03, 0x70, 0x04,
  0x60, 0x82, 0x80, 0x60, 0x04, 0x80, 0x82, 0x90, 0x80, 0x04, 0x90, 0x0a,
  0x40, 0x81, 0x50, 0x02, 0x40, 0x02, 0x50, 0x81, 0x40, 0x02, 0x50, 0x81,
  0x70, 0x02, 0x50, 0x03, 0x70, 0x08, 0x40, 0x81, 0x50, 0x02, 0x40, 0x0d,
  0x50, 0x04, 0x60, 0x82, 0x80, 0x60, 0x04, 0x80, 0x82, 0x90, 0x80, 0x04,
  0x90, 0x0a, 0x40, 0x81, 0x50, 0x02, 0x40, 0x0b, 0x50, 0x08, 0x40, 0x81,
  0x50, 0x02, 0x40, 0x0d, 0x50, 0x04, 0x60, 0x82, 0x80, 0x60, 0x04, 0x80,
  0x82, 0x90, 0x80, 0x04, 0x90, 0x0a, 0x40, 0x81, 0x50, 0x02, 0x40, 0x02,
  0x50, 0x81, 0x40, 0x02, 0x50, 0x81, 0x70, 0x02, 0x50, 0x03, 0x70, 0x08,
  0x40, 0x81, 0x50, 0x02, 0x40, 0x02, 0x50, 0x81, 0x40, 0x04, 0x50, 0x81,
  0x70, 0x02, 0x50, 0x03, 0x70, 0x04, 0x60, 0x82, 0x80, 0x60, 0x04, 0x80,
  0x82, 0x90, 0x80, 0x04, 0x90, 0x0a, 0x40, 0x81, 0x50, 0x02, 0x40, 0x02,
  0x50, 0x81, 0x40, 0x02, 0x50, 0x81, 0x70, 0x02, 0x50, 0x08, 0x70, 0x03,
  0x40, 0x81, 0x50, 0x02, 0x40, 0x02, 0x50, 0x81, 0x40, 0x04, 0x50, 0x81,
  0x70, 0x02, 0x50, 0x03, 0x70, 0x04, 0x60, 0x82, 0x80, 0x60, 0x04, 0x80,
  0x82, 0x90, 0x80, 0x10, 0x90, 0x02, 0x40, 0x82, 0x50, 0x40, 0x02, 0x50,
  0x81, 0x70, 0x02, 0x50, 0x1b, 0x70, 0x04, 0x60, 0x82, 0x80, 0x60, 0x04,
  0x80, 0x82, 0x90, 0x80, 0x34, 0x90, 0x06, 0x60, 0x07, 0x80, 0x33, 0x90,
  0x04, 0x60, 0x82, 0x80, 0x60, 0x04, 0x80, 0x82, 0x90, 0x80, 0x34, 0x90,
  0x04, 0x60, 0x82, 0x80, 0x60, 0x04, 0x80, 0x82, 0x90, 0x80, 0x7f, 0x90,
  0x5d, 0x00, 0x00, 0x7f, 0x00, 0x08, 0x00, 0x82, 0x03, 0x04, 0x02, 0x08,
  0x08, 0x10, 0x02, 0x08, 0x83, 0x04, 0x02, 0x01, 0x0f, 0x00, 0x83, 0x01,
  0x02, 0x04, 0x02, 0x08, 0x07, 0x10, 0x02, 0x08, 0x83, 0x04, 0x02, 0x01,
  0x0e, 0x00, 0x81, 0xff, 0x10, 0x00, 0x82, 0x80, 0x7f, 0x0d, 0x00, 0x83,
  0x78, 0x86, 0x01, 0x0e, 0x00, 0x82, 0x80, 0x7f, 0x0d, 0x00, 0x81, 0xff,
  0x11, 0x00, 0x81, 0xff, 0x10, 0x00, 0x88, 0x81, 0x41, 0x21, 0x10, 0x08,
  0x04, 0x02, 0x01, 0x07, 0x00, 0x81, 0xff, 0x0d, 0x00, 0x83, 0x80, 0x60,
  0x10, 0x02, 0x08, 0x02, 0x04, 0x02, 0x08, 0x02, 0x10, 0x02, 0x08, 0x82,
  0x04, 0x03, 0x03, 0x00, 0x81, 0xff, 0x0c, 0x00, 0x82, 0x1f, 0x60, 0x02,
  0x80, 0x03, 0x00, 0x02, 0x80, 0x88, 0x40, 0x20, 0x10, 0x88, 0x44, 0x22,
  0x12, 0x0c, 0x02, 0x00, 0x81, 0xff, 0x1c, 0x00, 0x81, 0xff, 0x02, 0x00,
  0x81, 0xff, 0x0c, 0x00, 0x81, 0xff, 0x0a, 0x00, 0x02, 0x01, 0x06, 0x00,
  0x81, 0xff, 0x1c, 0x00, 0x85, 0xff, 0x00, 0x80, 0xff, 0x80, 0x0c, 0x00,
  0x81, 0xc0, 0x02, 0x20, 0x02, 0x10, 0x02, 0x20, 0x81, 0x40, 0x02, 0x80,
  0x02, 0x00, 0x02, 0x81, 0x86, 0x66, 0x18, 0x00, 0x81, 0xfe, 0x80, 0x1b,
  0x00, 0x81, 0xf0, 0x02, 0x08, 0x81, 0xf0, 0x0c, 0x00, 0x81, 0x60, 0x0c,
  0x90, 0x02, 0x10, 0x02, 0x20, 0x82, 0x40, 0x80, 0x1d, 0x00, 0x81, 0x0f,
  0x02, 0x10, 0x81, 0x0f, 0x0e, 0x00, 0x03, 0x01, 0x0b, 0x00, 0x03, 0x01,
  0x19, 0x00, 0x02, 0x01, 0x83, 0x02, 0x0c, 0xf0, 0x02, 0x00, 0x81, 0xff,
  0x0b, 0x00, 0x83, 0x1f, 0x60, 0x80, 0x03, 0x00, 0x84, 0x80, 0x60, 0x18,
  0x04, 0x03, 0x02, 0x84, 0x04, 0x18, 0x60, 0x80, 0x03, 0x00, 0x83, 0x80,
  0x60, 0x1f, 0x0b, 0x00, 0x83, 0x07, 0x18, 0x20, 0x02, 0x40, 0x06, 0x80,
  0x07, 0x00, 0x81, 0xff, 0x0b, 0x00, 0x81, 0xff, 0x05, 0x00, 0x82, 0x01,
  0x02, 0x02, 0x04, 0x05, 0x08, 0x02, 0x04, 0x82, 0x02, 0x01, 0x03, 0x00,
  0x81, 0xff, 0x0b, 0x00, 0x81, 0xff, 0x11, 0x00, 0x81, 0xff, 0x0b, 0x00,
  0x81, 0xff, 0x04, 0x00, 0x82, 0x7c, 0x83, 0x0b, 0x00, 0x82, 0x80, 0x7f,
  0x02, 0x00, 0x81, 0xff, 0x0c, 0x00, 0x82, 0xc0, 0x20, 0x02, 0x10, 0x0a,
  0x09, 0x81, 0x06, 0x02, 0x00, 0x81, 0xff, 0x0b, 0x00, 0x81, 0xff, 0x06,
  0x00, 0x81, 0x80, 0x02, 0x40, 0x02, 0x20, 0x83, 0x10, 0x0c, 0x03, 0x04,
  0x00, 0x81, 0xff, 0x02, 0x00, 0x81, 0xff, 0x0b, 0x00, 0x83, 0x0f, 0x30,
  0x40, 0x02, 0x80, 0x0c, 0x00, 0x83, 0x81, 0xfe, 0x80, 0x0a, 0x00, 0x83,
  0xe0, 0x18, 0x04, 0x02, 0x02, 0x05, 0x01, 0x02, 0x02, 0x83, 0x04, 0x18,
  0xe0, 0x04, 0x00, 0x85, 0xfe, 0x01, 0x81, 0xfe, 0x80, 0x0b, 0x00, 0x82,
  0xc0, 0x20, 0x02, 0x10, 0x08, 0x08, 0x02, 0x10, 0x83, 0x20, 0x40, 0x80,
  0x32, 0x00, 0x82, 0x03, 0x04, 0x02, 0x08, 0x06, 0x10, 0x02, 0x08, 0x83,
  0x04, 0x02, 0x01, 0x0c, 0x00, 0x81, 0x01, 0x13, 0x02, 0x81, 0x01, 0x0f,
  0x00, 0x83, 0xf0, 0x0c, 0x02, 0x02, 0x01, 0x04, 0x00, 0x02, 0x01, 0x02,
  0x02, 0x84, 0x01, 0x00, 0x80, 0x7f, 0x0b, 0x00, 0x81, 0xff, 0x06, 0x00,
  0x81, 0x1f, 0x06, 0x20, 0x81, 0x1f, 0x05, 0x00, 0x81, 0xff, 0x14, 0x00,
  0x89, 0x80, 0x81, 0x82, 0x84, 0x08, 0x10, 0x20, 0x40, 0x80, 0x02, 0x00,
  0x81, 0xff, 0x0b, 0x00, 0x81, 0xc1, 0x06, 0x22, 0x81, 0xc2, 0x06, 0x02,
  0x81, 0xfc, 0x05, 0x00, 0x81, 0xff, 0x0d, 0x00, 0x88, 0x01, 0x02, 0x04,
  0x08, 0x10, 0x20, 0x40, 0x80, 0x0a, 0x00, 0x81, 0xff, 0x0b, 0x00, 0x81,
  0xff, 0x0d, 0x00, 0x81, 0x03, 0x02, 0x04, 0x81, 0x03, 0x02, 0x00, 0x81,
  0xff, 0x0a, 0x00, 0x83, 0x1e, 0x61, 0x80, 0x07, 0x00, 0x02, 0x01, 0x03,
  0x02, 0x02, 0x01, 0x04, 0x00, 0x81, 0xff, 0x0b, 0x00, 0x81, 0xff, 0x0d,
  0x00, 0x81, 0xff, 0x02, 0x00, 0x81, 0xff, 0x02, 0x00, 0x81, 0xff, 0x0b,
  0x00, 0x81, 0x80, 0x02, 0x40, 0x03, 0x20, 0x02, 0x40, 0x81, 0x80, 0x07,
  0x00, 0x86, 0xc0, 0x3f, 0x00, 0x80, 0xff, 0x80, 0x0a, 0x00, 0x81, 0xff,
  0x0d, 0x00, 0x81, 0xff, 0x02, 0x00, 0x85, 0xff, 0x00, 0x80, 0xff, 0x80,
  0x1b, 0x00, 0x81, 0xf0, 0x02, 0x08, 0x81, 0xf0, 0x0c, 0x00, 0x0d, 0x80,
  0x04, 0x00, 0x02, 0x80, 0x0c, 0x00, 0x81, 0x03, 0x0e, 0x04, 0x02, 0x02,
  0x81, 0x01, 0x10, 0x00, 0x81, 0x01, 0x02, 0x02, 0x0a, 0x04, 0x02, 0x02,
  0x81, 0x01, 0x0f, 0x00, 0x0c, 0x80, 0x02, 0x40, 0x86, 0x20, 0x18, 0x07,
  0x80, 0x60, 0x1f, 0x0b, 0x00, 0x82, 0x3c, 0xc3, 0x0c, 0x00, 0x81, 0x0f,
  0x02, 0x10, 0x84, 0x0f, 0x80, 0x60, 0x1f, 0x0d, 0x00, 0x81, 0x01, 0x02,
  0x02, 0x08, 0x04, 0x02, 0x08, 0x83, 0x10, 0x60, 0x80, 0x02, 0x00, 0x81,
  0xff, 0x0d, 0x00, 0x84, 0x80, 0x41, 0x42, 0x22, 0x06, 0x24, 0x86, 0x44,
  0x88, 0x08, 0x10, 0x60, 0x80, 0x02, 0x00, 0x81, 0xff, 0x0b, 0x00, 0x82,
  0x3f, 0xc0, 0x11, 0x00, 0x83, 0x83, 0xfc, 0x80, 0x0a, 0x00, 0x85, 0x1f,
  0x60, 0x80, 0x07, 0x18, 0x02, 0x20, 0x07, 0x40, 0x02, 0x20, 0x82, 0x19,
  0x06, 0x02, 0x00, 0x81, 0xff, 0x0b, 0x00, 0x81, 0xff, 0x04, 0x00, 0x81,
  0x18, 0x0a, 0x24, 0x02, 0x42, 0x81, 0x81, 0x0d, 0x00, 0x81, 0xff, 0x02,
  0x00, 0x81, 0xff, 0x02, 0x00, 0x82, 0x03, 0x0c, 0x02, 0x10, 0x04, 0x20,
  0x02, 0x40, 0x81, 0x80, 0x02, 0x00, 0x83, 0x81, 0xfe, 0x80, 0x0a, 0x00,
  0x83, 0xf8, 0x06, 0x01, 0x10, 0x00, 0x82, 0xc3, 0x3c, 0x0b, 0x00, 0x88,
  0xf8, 0x06, 0x01, 0xe0, 0x18, 0x04, 0x02, 0xc2, 0x02, 0x21, 0x06, 0x11,
  0x02, 0x21, 0x82, 0x41, 0x80, 0x0f, 0x00, 0x81, 0x80, 0x02, 0x40, 0x0a,
  0x20, 0x02, 0x40, 0x81, 0x80, 0x10, 0x00, 0x81, 0x80, 0x02, 0x40, 0x0d,
  0x20, 0x81, 0xc0, 0x7f, 0x00, 0x08, 0x00, 0x00
};
unsigned int GrandPrixRider_rom_len = 32768;
