#include <string.h>

unsigned char MSXBASIC_ROM[] = {
  0xe5, 0xcd, 0x39, 0x54, 0x44, 0x4d, 0xed, 0x78, 0xc3, 0xcf, 0x4f, 0xcd,
  0x2f, 0x54, 0xd5, 0xcf, 0x2c, 0xcd, 0x1c, 0x52, 0xc1, 0xc9, 0xcd, 0x0b,
  0x40, 0xed, 0x79, 0xc9, 0xcd, 0x0b, 0x40, 0xc5, 0xf5, 0x1e, 0x00, 0x2b,
  0xd7, 0x28, 0x05, 0xcf, 0x2c, 0xcd, 0x1c, 0x52, 0xf1, 0x57, 0xc1, 0xcd,
  0xbd, 0x00, 0xed, 0x78, 0xab, 0xa2, 0x28, 0xf7, 0xc9, 0xcd, 0xf8, 0xfe,
  0x2a, 0x1c, 0xf4, 0x7c, 0xa5, 0x3c, 0x28, 0x08, 0x3a, 0xbb, 0xf6, 0xb7,
  0x1e, 0x15, 0x20, 0x23, 0xc3, 0x01, 0x64, 0x2a, 0xa3, 0xf6, 0x22, 0x1c,
  0xf4, 0x1e, 0x02, 0x01, 0x1e, 0x0b, 0x01, 0x1e, 0x01, 0x01, 0x1e, 0x0a,
  0x01, 0x1e, 0x12, 0x01, 0x1e, 0x16, 0x01, 0x1e, 0x06, 0x01, 0x1e, 0x18,
  0x01, 0x1e, 0x0d, 0xcd, 0xb1, 0xff, 0xaf, 0xcd, 0x87, 0x79, 0x2a, 0x19,
  0xf4, 0x7c, 0xb5, 0x28, 0x0a, 0x3a, 0x1b, 0xf4, 0x77, 0x21, 0x00, 0x00,
  0x22, 0x19, 0xf4, 0xfb, 0x2a, 0x1c, 0xf4, 0x22, 0xb3, 0xf6, 0x7c, 0xa5,
  0x3c, 0x28, 0x03, 0x22, 0xb5, 0xf6, 0x01, 0xa4, 0x40, 0x18, 0x03, 0x01,
  0x1e, 0x41, 0x2a, 0xb1, 0xf6, 0xc3, 0xf0, 0x62, 0xc1, 0x7b, 0x4b, 0x32,
  0x14, 0xf4, 0x2a, 0xaf, 0xf6, 0x22, 0xb7, 0xf6, 0xeb, 0x2a, 0xb3, 0xf6,
  0x7c, 0xa5, 0x3c, 0x28, 0x07, 0x22, 0xbe, 0xf6, 0xeb, 0x22, 0xc0, 0xf6,
  0x2a, 0xb9, 0xf6, 0x7c, 0xb5, 0xeb, 0x21, 0xbb, 0xf6, 0x28, 0x08, 0xa6,
  0x20, 0x05, 0x35, 0xeb, 0xc3, 0x20, 0x46, 0xaf, 0x77, 0x59, 0xcd, 0x23,
  0x73, 0x21, 0x75, 0x3d, 0xcd, 0xfd, 0xfe, 0x7b, 0xfe, 0x3c, 0x30, 0x08,
  0xfe, 0x32, 0x30, 0x06, 0xfe, 0x1a, 0x38, 0x05, 0x3e, 0x2f, 0xd6, 0x18,
  0x5f, 0xcd, 0x5d, 0x48, 0x23, 0x1d, 0x20, 0xf9, 0xe5, 0x2a, 0xb3, 0xf6,
  0xe3, 0xcd, 0x02, 0xff, 0xe5, 0xcd, 0xd2, 0x00, 0xe1, 0x7e, 0xfe, 0x3f,
  0x20, 0x06, 0xe1, 0x21, 0x75, 0x3d, 0x18, 0xdc, 0xcd, 0x78, 0x66, 0x3e,
  0x07, 0xdf, 0xe1, 0x7c, 0xa5, 0x3c, 0xc4, 0x0a, 0x34, 0x3e, 0xc1, 0xcd,
  0xd2, 0x00, 0xcd, 0x04, 0x73, 0xcd, 0x7b, 0x6d, 0xcd, 0x07, 0xff, 0xcd,
  0xe8, 0x7b, 0x00, 0x00, 0x00, 0x00, 0x00, 0x00, 0xcd, 0x0c, 0xff, 0x21,
  0xff, 0xff, 0x22, 0x1c, 0xf4, 0x21, 0x0f, 0xf4, 0x22, 0xaf, 0xf6, 0x3a,
  0xaa, 0xf6, 0xb7, 0x28, 0x16, 0x2a, 0xab, 0xf6, 0xe5, 0xcd, 0x12, 0x34,
  0xd1, 0xd5, 0xcd, 0x95, 0x42, 0x3e, 0x2a, 0x38, 0x02, 0x3e, 0x20, 0xdf,
  0x32, 0xaa, 0xf6, 0xcd, 0x4a, 0x01, 0x20, 0x0c, 0xcd, 0xae, 0x00, 0x30,
  0x0a, 0xaf, 0x32, 0xaa, 0xf6, 0xc3, 0x34, 0x41, 0xcd, 0x74, 0x73, 0xd7,
  0x3c, 0x3d, 0x28, 0xbc, 0xf5, 0xcd, 0x69, 0x47, 0x30, 0x06, 0xcd, 0x4a,
  0x01, 0xca, 0x55, 0x40, 0xcd, 0x14, 0x45, 0x3a, 0xaa, 0xf6, 0xb7, 0x28,
  0x08, 0xfe, 0x2a, 0x20, 0x04, 0xbe, 0x20, 0x01, 0x23, 0x7a, 0xb3, 0x28,
  0x06, 0x7e, 0xfe, 0x20, 0x20, 0x01, 0x23, 0xd5, 0xcd, 0xb2, 0x42, 0xd1,
  0xf1, 0x22, 0xaf, 0xf6, 0xcd, 0x11, 0xff, 0x38, 0x07, 0xaf, 0x32, 0xaa,
  0xf6, 0xc3, 0x48, 0x6d, 0xd5, 0xc5, 0xd7, 0xb7, 0xf5, 0x3a, 0xaa, 0xf6,
  0xa7, 0x28, 0x03, 0xf1, 0x37, 0xf5, 0xed, 0x53, 0xb5, 0xf6, 0x2a, 0xad,
  0xf6, 0x19, 0x38, 0x0b, 0xd5, 0x11, 0xfa, 0xff, 0xe7, 0xd1, 0x22, 0xab,
  0xf6, 0x38, 0x04, 0xaf, 0x32, 0xaa, 0xf6, 0xcd, 0x95, 0x42, 0x38, 0x0d,
  0xf1, 0xf5, 0x20, 0x06, 0xd2, 0x1c, 0x48, 0xc5, 0x18, 0x4d, 0xb7, 0x18,
  0x07, 0xf1, 0xf5, 0x20, 0x02, 0x38, 0xf4, 0x37, 0xc5, 0xf5, 0xe5, 0xcd,
  0xea, 0x54, 0xe1, 0xf1, 0xc1, 0xc5, 0xdc, 0x05, 0x54, 0xd1, 0xf1, 0xd5,
  0x28, 0x31, 0xd1, 0x21, 0x00, 0x00, 0x22, 0xb9, 0xf6, 0x2a, 0xc2, 0xf6,
  0xe3, 0xc1, 0xe5, 0x09, 0xe5, 0xcd, 0x50, 0x62, 0xe1, 0x22, 0xc2, 0xf6,
  0xeb, 0x74, 0xc1, 0xd1, 0xe5, 0x23, 0x23, 0x73, 0x23, 0x72, 0x23, 0x11,
  0x1f, 0xf4, 0x0b, 0x0b, 0x0b, 0x0b, 0x1a, 0x77, 0x23, 0x13, 0x0b, 0x79,
  0xb0, 0x20, 0xf7, 0xcd, 0x16, 0xff, 0xd1, 0xcd, 0xa1, 0x79, 0x2a, 0x64,
  0xf8, 0x22, 0xbc, 0xf6, 0xcd, 0x9a, 0x62, 0xcd, 0x1b, 0xff, 0x2a, 0xbc,
  0xf6, 0x22, 0x64, 0xf8, 0xc3, 0x34, 0x41, 0x2a, 0x76, 0xf6, 0xeb, 0x62,
  0x6b, 0x7e, 0x23, 0xb6, 0xc8, 0x23, 0x23, 0x23, 0x7e, 0xb7, 0x28, 0x0e,
  0xfe, 0x20, 0x30, 0xf7, 0xfe, 0x0b, 0x38, 0xf3, 0xcd, 0x6a, 0x46, 0xd7,
  0x18, 0xef, 0x23, 0xeb, 0x73, 0x23, 0x72, 0x18, 0xde, 0x11, 0x00, 0x00,
  0xd5, 0x28, 0x09, 0xd1, 0xcd, 0x5f, 0x47, 0xd5, 0x28, 0x0b, 0xcf, 0xf2,
  0x11, 0xfa, 0xff, 0xc4, 0x5f, 0x47, 0xc2, 0x55, 0x40, 0xeb, 0xd1, 0xe3,
  0xe5, 0x2a, 0x76, 0xf6, 0x44, 0x4d, 0x7e, 0x23, 0xb6, 0x2b, 0xc8, 0x23,
  0x23, 0x7e, 0x23, 0x66, 0x6f, 0xe7, 0x60, 0x69, 0x7e, 0x23, 0x66, 0x6f,
  0x3f, 0xc8, 0x3f, 0xd0, 0x18, 0xe6, 0xaf, 0x32, 0x65, 0xf6, 0x32, 0x64,
  0xf6, 0xcd, 0x20, 0xff, 0x01, 0x3b, 0x01, 0x11, 0x1f, 0xf4, 0x7e, 0xb7,
  0x20, 0x13, 0x21, 0x40, 0x01, 0x7d, 0x91, 0x4f, 0x7c, 0x98, 0x47, 0x21,
  0x1e, 0xf4, 0xaf, 0x12, 0x13, 0x12, 0x13, 0x12, 0xc9, 0xfe, 0x22, 0xca,
  0x16, 0x43, 0xfe, 0x20, 0x28, 0x07, 0x3a, 0x64, 0xf6, 0xb7, 0x7e, 0x28,
  0x3d, 0x23, 0xf5, 0xfe, 0x01, 0x20, 0x04, 0x7e, 0xa7, 0x3e, 0x01, 0xc4,
  0xe0, 0x44, 0xf1, 0xd6, 0x3a, 0x28, 0x06, 0xfe, 0x4a, 0x20, 0x08, 0x3e,
  0x01, 0x32, 0x64, 0xf6, 0x32, 0x65, 0xf6, 0xd6, 0x55, 0x20, 0xb7, 0xf5,
  0x7e, 0xb7, 0xe3, 0x7c, 0xe1, 0x28, 0xb3, 0xbe, 0x28, 0xd3, 0xf5, 0x7e,
  0x23, 0xfe, 0x01, 0x20, 0x04, 0x7e, 0xa7, 0x3e, 0x01, 0xc4, 0xe0, 0x44,
  0x18, 0xe6, 0x23, 0xb7, 0xfa, 0xc2, 0x42, 0xfe, 0x01, 0x20, 0x07, 0x7e,
  0xa7, 0x28, 0x93, 0x23, 0x18, 0x8c, 0x2b, 0xfe, 0x3f, 0x3e, 0x91, 0xd5,
  0xc5, 0xca, 0xa3, 0x43, 0x7e, 0xfe, 0x5f, 0xca, 0xa3, 0x43, 0x11, 0x26,
  0x3d, 0xcd, 0xa9, 0x4e, 0xcd, 0xa8, 0x64, 0xda, 0x1d, 0x44, 0xe5, 0xcd,
  0x25, 0xff, 0x21, 0x3e, 0x3a, 0xd6, 0x41, 0x87, 0x4f, 0x06, 0x00, 0x09,
  0x5e, 0x23, 0x56, 0xe1, 0x23, 0xe5, 0xcd, 0xa9, 0x4e, 0x4f, 0x1a, 0xe6,
  0x7f, 0xca, 0xeb, 0x44, 0x23, 0xb9, 0x20, 0x24, 0x1a, 0x13, 0xb7, 0xf2,
  0x66, 0x43, 0xf1, 0x1a, 0xcd, 0x2a, 0xff, 0xb7, 0xfa, 0xa2, 0x43, 0xc1,
  0xd1, 0xf6, 0x80, 0xf5, 0x3e, 0xff, 0xcd, 0xe0, 0x44, 0xaf, 0x32, 0x65,
  0xf6, 0xf1, 0xcd, 0xe0, 0x44, 0xc3, 0xc2, 0x42, 0xe1, 0x1a, 0x13, 0xb7,
  0xf2, 0x99, 0x43, 0x13, 0x18, 0xc3, 0x2b, 0xf5, 0xcd, 0x2f, 0xff, 0x11,
  0xb5, 0x43, 0x4f, 0x1a, 0xb7, 0x28, 0x15, 0x13, 0xb9, 0x20, 0xf8, 0x18,
  0x11, 0x8c, 0xa9, 0xaa, 0xa8, 0xa7, 0xe1, 0xa1, 0x8a, 0x93, 0x9e, 0x89,
  0x8e, 0xda, 0x8d, 0x00, 0xaf, 0xc2, 0x3e, 0x01, 0x32, 0x65, 0xf6, 0xf1,
  0xc1, 0xd1, 0xfe, 0xa1, 0xf5, 0xcc, 0xde, 0x44, 0xf1, 0xfe, 0xca, 0x28,
  0x04, 0xfe, 0x5f, 0x20, 0x29, 0xd4, 0xe0, 0x44, 0x23, 0xcd, 0xa9, 0x4e,
  0xa7, 0xca, 0xc6, 0x42, 0xfa, 0xe0, 0x43, 0xfe, 0x01, 0x20, 0x07, 0x23,
  0x7e, 0xa7, 0x28, 0xf1, 0x18, 0xea, 0xfe, 0x20, 0x28, 0xe3, 0xfe, 0x3a,
  0x28, 0x3c, 0xfe, 0x28, 0x28, 0x38, 0xfe, 0x30, 0x18, 0xd7, 0xfe, 0xe6,
  0xc2, 0xb4, 0x44, 0xf5, 0xcd, 0xde, 0x44, 0x3e, 0x8f, 0xcd, 0xe0, 0x44,
  0xf1, 0xe5, 0x21, 0x00, 0x00, 0xe3, 0xc3, 0x18, 0x43, 0x7e, 0xfe, 0x2e,
  0x28, 0x0a, 0xfe, 0x3a, 0xd2, 0xa2, 0x44, 0xfe, 0x30, 0xda, 0xa2, 0x44,
  0x3a, 0x65, 0xf6, 0xb7, 0x7e, 0xc1, 0xd1, 0xfa, 0xe9, 0x42, 0x28, 0x1f,
  0xfe, 0x2e, 0xca, 0xe9, 0x42, 0x3e, 0x0e, 0xcd, 0xe0, 0x44, 0xd5, 0xcd,
  0x69, 0x47, 0xcd, 0x14, 0x45, 0xe3, 0xeb, 0x7d, 0xcd, 0xe0, 0x44, 0x7c,
  0xe1, 0xcd, 0xe0, 0x44, 0xc3, 0xc2, 0x42, 0xd5, 0xc5, 0x7e, 0xcd, 0x99,
  0x32, 0xcd, 0x14, 0x45, 0xc1, 0xd1, 0xe5, 0x3a, 0x63, 0xf6, 0xfe, 0x02,
  0x20, 0x15, 0x2a, 0xf8, 0xf7, 0x7c, 0xb7, 0x3e, 0x02, 0x20, 0x0c, 0x7d,
  0x65, 0x2e, 0x0f, 0xfe, 0x0a, 0x30, 0xd0, 0xc6, 0x11, 0x18, 0xd1, 0xf5,
  0x0f, 0xc6, 0x1b, 0xcd, 0xe0, 0x44, 0x21, 0xf6, 0xf7, 0x3a, 0x63, 0xf6,
  0xfe, 0x02, 0x20, 0x03, 0x21, 0xf8, 0xf7, 0xf1, 0xf5, 0x7e, 0xcd, 0xe0,
  0x44, 0xf1, 0x23, 0x3d, 0x20, 0xf6, 0xe1, 0xc3, 0xc2, 0x42, 0x11, 0x25,
  0x3d, 0x13, 0x1a, 0xe6, 0x7f, 0xca, 0xfa, 0x44, 0x13, 0xbe, 0x1a, 0x20,
  0xf4, 0xc3, 0x09, 0x45, 0xfe, 0x26, 0xc2, 0xe9, 0x42, 0xe5, 0xd7, 0xe1,
  0xcd, 0xaa, 0x4e, 0xfe, 0x48, 0x28, 0x0d, 0xfe, 0x4f, 0x28, 0x05, 0x3e,
  0x26, 0xc3, 0xe9, 0x42, 0x3e, 0x0b, 0x18, 0x02, 0x3e, 0x0c, 0xcd, 0xe0,
  0x44, 0xd5, 0xc5, 0xcd, 0xb8, 0x4e, 0xc1, 0xc3, 0x49, 0x44, 0x3e, 0x3a,
  0x12, 0x13, 0x0b, 0x79, 0xb0, 0xc0, 0x1e, 0x19, 0xc3, 0x6f, 0x40, 0xcd,
  0x34, 0xff, 0xe1, 0x2b, 0x3d, 0x32, 0x65, 0xf6, 0xcd, 0xa9, 0x4e, 0xc3,
  0xcc, 0x43, 0x7e, 0xfe, 0x20, 0x30, 0x0a, 0xfe, 0x09, 0x28, 0x06, 0xfe,
  0x0a, 0x28, 0x02, 0x3e, 0x20, 0xf5, 0x3a, 0x65, 0xf6, 0x3c, 0x28, 0x01,
  0x3d, 0xc3, 0xc8, 0x43, 0x2b, 0x7e, 0xfe, 0x20, 0x28, 0xfa, 0xfe, 0x09,
  0x28, 0xf6, 0xfe, 0x0a, 0x28, 0xf2, 0x23, 0xc9, 0x3e, 0x64, 0x32, 0xa5,
  0xf6, 0xcd, 0x80, 0x48, 0xc1, 0xe5, 0xcd, 0x5b, 0x48, 0x22, 0xa1, 0xf6,
  0x21, 0x02, 0x00, 0x39, 0xcd, 0xe6, 0x3f, 0x20, 0x17, 0x09, 0xd5, 0x2b,
  0x56, 0x2b, 0x5e, 0x23, 0x23, 0xe5, 0x2a, 0xa1, 0xf6, 0xe7, 0xe1, 0xd1,
  0x20, 0xea, 0xd1, 0xf9, 0x22, 0xb1, 0xf6, 0x0e, 0xd1, 0xeb, 0x0e, 0x0c,
  0xcd, 0x5e, 0x62, 0xe5, 0x2a, 0xa1, 0xf6, 0xe3, 0xe5, 0x2a, 0x1c, 0xf4,
  0xe3, 0xcf, 0xd9, 0xef, 0xca, 0x6d, 0x40, 0xf5, 0xcd, 0x64, 0x4c, 0xf1,
  0xe5, 0x30, 0x18, 0xf2, 0xc2, 0x45, 0xcd, 0x8a, 0x2f, 0xe3, 0x11, 0x01,
  0x00, 0x7e, 0xfe, 0xdc, 0xcc, 0x0e, 0x52, 0xd5, 0xe5, 0xeb, 0xcd, 0xab,
  0x2e, 0x18, 0x5d, 0xcd, 0x3a, 0x30, 0xd1, 0x21, 0xf8, 0xff, 0x39, 0xf9,
  0xd5, 0xcd, 0x10, 0x2f, 0xe1, 0x7e, 0xfe, 0xdc, 0x11, 0x1b, 0x2d, 0x3e,
  0x01, 0x20, 0x0f, 0xd7, 0xcd, 0x64, 0x4c, 0xe5, 0xcd, 0x3a, 0x30, 0xcd,
  0x71, 0x2e, 0x11, 0xf6, 0xf7, 0xe1, 0x44, 0x4d, 0x21, 0xf8, 0xff, 0x39,
  0xf9, 0xf5, 0xc5, 0xcd, 0xf3, 0x2e, 0xe1, 0xf1, 0x18, 0x2d, 0xcd, 0xb2,
  0x2f, 0xcd, 0xcc, 0x2e, 0xe1, 0xc5, 0xd5, 0x01, 0x41, 0x10, 0x11, 0x00,
  0x00, 0xcd, 0x39, 0xff, 0x7e, 0xfe, 0xdc, 0x3e, 0x01, 0x20, 0x0e, 0xcd,
  0x65, 0x4c, 0xe5, 0xcd, 0xb2, 0x2f, 0xcd, 0xcc, 0x2e, 0xcd, 0x71, 0x2e,
  0xe1, 0xd5, 0xc5, 0xc5, 0xc5, 0xc5, 0xc5, 0xb7, 0x20, 0x02, 0x3e, 0x02,
  0x4f, 0xef, 0x47, 0xc5, 0xe5, 0x2a, 0xa7, 0xf6, 0xe3, 0x06, 0x82, 0xc5,
  0x33, 0xcd, 0x3e, 0xff, 0xed, 0x73, 0xb1, 0xf6, 0xcd, 0xba, 0x00, 0x3a,
  0xd8, 0xfb, 0xb7, 0xc4, 0x89, 0x63, 0xfb, 0x22, 0xaf, 0xf6, 0x7e, 0xfe,
  0x3a, 0x28, 0x25, 0xb7, 0xc2, 0x55, 0x40, 0x23, 0x7e, 0x23, 0xb6, 0xca,
  0x39, 0x40, 0x23, 0x5e, 0x23, 0x56, 0xeb, 0x22, 0x1c, 0xf4, 0x3a, 0xc4,
  0xf7, 0xb7, 0x28, 0x0b, 0xd5, 0x3e, 0x5b, 0xdf, 0xcd, 0x12, 0x34, 0x3e,
  0x5d, 0xdf, 0xd1, 0xeb, 0xd7, 0x11, 0x01, 0x46, 0xd5, 0xc8, 0xcd, 0x43,
  0xff, 0xfe, 0x5f, 0xca, 0xa7, 0x55, 0xd6, 0x81, 0xda, 0x80, 0x48, 0xfe,
  0x58, 0xd2, 0xad, 0x51, 0x07, 0x4f, 0x06, 0x00, 0xeb, 0x21, 0x2e, 0x39,
  0x09, 0x4e, 0x23, 0x46, 0xc5, 0xeb, 0xcd, 0x48, 0xff, 0x23, 0x7e, 0xfe,
  0x3a, 0xd0, 0xfe, 0x20, 0x28, 0xf4, 0x30, 0x6c, 0xb7, 0xc8, 0xfe, 0x0b,
  0x38, 0x61, 0xfe, 0x1e, 0x20, 0x05, 0x3a, 0x68, 0xf6, 0xb7, 0xc9, 0xfe,
  0x10, 0x28, 0x34, 0xf5, 0x23, 0x32, 0x68, 0xf6, 0xd6, 0x1c, 0x30, 0x30,
  0xd6, 0xf5, 0x30, 0x06, 0xfe, 0xfe, 0x20, 0x16, 0x7e, 0x23, 0x22, 0x66,
  0xf6, 0x26, 0x00, 0x6f, 0x22, 0x6a, 0xf6, 0x3e, 0x02, 0x32, 0x69, 0xf6,
  0x21, 0xe6, 0x46, 0xf1, 0xb7, 0xc9, 0x7e, 0x23, 0x23, 0x22, 0x66, 0xf6,
  0x2b, 0x66, 0x18, 0xe7, 0xcd, 0xe8, 0x46, 0x2a, 0x66, 0xf6, 0x18, 0xaa,
  0x3c, 0x07, 0x32, 0x69, 0xf6, 0xd5, 0xc5, 0x11, 0x6a, 0xf6, 0xeb, 0x47,
  0xcd, 0xf7, 0x2e, 0xeb, 0xc1, 0xd1, 0x22, 0x66, 0xf6, 0xf1, 0x21, 0xe6,
  0x46, 0xb7, 0xc9, 0xfe, 0x09, 0xd2, 0x66, 0x46, 0xfe, 0x30, 0x3f, 0x3c,
  0x3d, 0xc9, 0x1e, 0x10, 0x3a, 0x68, 0xf6, 0xfe, 0x0f, 0x30, 0x13, 0xfe,
  0x0d, 0x38, 0x0f, 0x2a, 0x6a, 0xf6, 0x20, 0x07, 0x23, 0x23, 0x23, 0x5e,
  0x23, 0x56, 0xeb, 0xc3, 0x36, 0x32, 0x3a, 0x69, 0xf6, 0x32, 0x63, 0xf6,
  0xfe, 0x02, 0x20, 0x06, 0x2a, 0x6a, 0xf6, 0x22, 0xf8, 0xf7, 0x21, 0x6a,
  0xf6, 0xc3, 0x08, 0x2f, 0x1e, 0x03, 0x01, 0x1e, 0x02, 0x01, 0x1e, 0x04,
  0x01, 0x1e, 0x08, 0xcd, 0xa7, 0x64, 0x01, 0x55, 0x40, 0xc5, 0xd8, 0xd6,
  0x41, 0x4f, 0x47, 0xd7, 0xfe, 0xf2, 0x20, 0x09, 0xd7, 0xcd, 0xa7, 0x64,
  0xd8, 0xd6, 0x41, 0x47, 0xd7, 0x78, 0x91, 0xd8, 0x3c, 0xe3, 0x21, 0xca,
  0xf6, 0x06, 0x00, 0x09, 0x73, 0x23, 0x3d, 0x20, 0xfb, 0xe1, 0x7e, 0xfe,
  0x2c, 0xc0, 0xd7, 0x18, 0xce, 0xd7, 0xcd, 0x0f, 0x52, 0xf0, 0x1e, 0x05,
  0xc3, 0x6f, 0x40, 0x7e, 0xfe, 0x2e, 0xed, 0x5b, 0xb5, 0xf6, 0xca, 0x66,
  0x46, 0x2b, 0xd7, 0xfe, 0x0e, 0x28, 0x02, 0xfe, 0x0d, 0xed, 0x5b, 0x6a,
  0xf6, 0xca, 0x66, 0x46, 0xaf, 0x32, 0x68, 0xf6, 0x11, 0x00, 0x00, 0x2b,
  0xd7, 0xd0, 0xe5, 0xf5, 0x21, 0x98, 0x19, 0xe7, 0x38, 0x11, 0x62, 0x6b,
  0x19, 0x29, 0x19, 0x29, 0xf1, 0xd6, 0x30, 0x5f, 0x16, 0x00, 0x19, 0xeb,
  0xe1, 0x18, 0xe5, 0xf1, 0xe1, 0xc9, 0xca, 0x9a, 0x62, 0xfe, 0x0e, 0x28,
  0x05, 0xfe, 0x0d, 0xc2, 0x5b, 0x6b, 0xcd, 0xa1, 0x62, 0x01, 0x01, 0x46,
  0x18, 0x35, 0x0e, 0x03, 0xcd, 0x5e, 0x62, 0xcd, 0x69, 0x47, 0xc1, 0xe5,
  0xe5, 0x2a, 0x1c, 0xf4, 0xe3, 0x01, 0x00, 0x00, 0xc5, 0x01, 0x01, 0x46,
  0x3e, 0x8d, 0xf5, 0x33, 0xc5, 0x18, 0x1c, 0xe5, 0xe5, 0x2a, 0x1c, 0xf4,
  0xe3, 0xc5, 0x3e, 0x8d, 0xf5, 0x33, 0xeb, 0x2b, 0x22, 0xaf, 0xf6, 0x23,
  0xed, 0x73, 0xb1, 0xf6, 0xc3, 0x20, 0x46, 0xc5, 0xcd, 0x69, 0x47, 0x3a,
  0x68, 0xf6, 0xfe, 0x0d, 0xeb, 0xc8, 0xfe, 0x0e, 0xc2, 0x55, 0x40, 0xeb,
  0xe5, 0x2a, 0x66, 0xf6, 0xe3, 0xcd, 0x5d, 0x48, 0x23, 0xe5, 0x2a, 0x1c,
  0xf4, 0xe7, 0xe1, 0xdc, 0x98, 0x42, 0xd4, 0x95, 0x42, 0x30, 0x0d, 0x0b,
  0x3e, 0x0d, 0x32, 0xa9, 0xf6, 0xe1, 0xcd, 0x83, 0x55, 0x60, 0x69, 0xc9,
  0x1e, 0x08, 0xc3, 0x6f, 0x40, 0xcd, 0x4d, 0xff, 0x22, 0xa7, 0xf6, 0x16,
  0xff, 0xcd, 0xe2, 0x3f, 0xfe, 0x8d, 0x28, 0x01, 0x2b, 0xf9, 0x22, 0xb1,
  0xf6, 0x1e, 0x03, 0xc2, 0x6f, 0x40, 0xe1, 0x7c, 0xb5, 0x28, 0x06, 0x7e,
  0xe6, 0x01, 0xc4, 0x3e, 0x63, 0xc1, 0x21, 0x01, 0x46, 0xe3, 0xeb, 0x2a,
  0xa7, 0xf6, 0x2b, 0xd7, 0xc2, 0xe8, 0x47, 0x60, 0x69, 0x22, 0x1c, 0xf4,
  0xeb, 0x3e, 0xe1, 0x01, 0x3a, 0x0e, 0x00, 0x06, 0x00, 0x79, 0x48, 0x47,
  0x2b, 0xd7, 0xb7, 0xc8, 0xb8, 0xc8, 0x23, 0xfe, 0x22, 0x28, 0xf2, 0x3c,
  0x28, 0xf3, 0xd6, 0x8c, 0x20, 0xee, 0xb8, 0x8a, 0x57, 0x18, 0xe9, 0xf1,
  0xc6, 0x03, 0x18, 0x12, 0xcd, 0xa4, 0x5e, 0xcf, 0xef, 0xed, 0x53, 0xa7,
  0xf6, 0xd5, 0x3a, 0x63, 0xf6, 0xf5, 0xcd, 0x64, 0x4c, 0xf1, 0xe3, 0x47,
  0x3a, 0x63, 0xf6, 0xb8, 0x78, 0x28, 0x06, 0xcd, 0x7a, 0x51, 0x3a, 0x63,
  0xf6, 0x11, 0xf6, 0xf7, 0xfe, 0x02, 0x20, 0x03, 0x11, 0xf8, 0xf7, 0xe5,
  0xfe, 0x03, 0x20, 0x2e, 0x2a, 0xf8, 0xf7, 0xe5, 0x23, 0x5e, 0x23, 0x56,
  0x21, 0x1e, 0xf4, 0xe7, 0x38, 0x14, 0x2a, 0xc6, 0xf6, 0xe7, 0xd1, 0x30,
  0x15, 0x21, 0x97, 0xf6, 0xe7, 0x38, 0x06, 0x21, 0x79, 0xf6, 0xe7, 0x38,
  0x09, 0x3e, 0xd1, 0xcd, 0xee, 0x67, 0xeb, 0xcd, 0x11, 0x66, 0xcd, 0xee,
  0x67, 0xe3, 0xcd, 0xf3, 0x2e, 0xd1, 0xe1, 0xc9, 0xfe, 0xa6, 0x20, 0x25,
  0xd7, 0xcf, 0x89, 0xcd, 0x69, 0x47, 0x7a, 0xb3, 0x28, 0x09, 0xcd, 0x93,
  0x42, 0x50, 0x59, 0xe1, 0xd2, 0x1c, 0x48, 0xed, 0x53, 0xb9, 0xf6, 0xd8,
  0x3a, 0xbb, 0xf6, 0xb7, 0x7b, 0xc8, 0x3a, 0x14, 0xf4, 0x5f, 0xc3, 0x96,
  0x40, 0xcd, 0x10, 0x78, 0x38, 0x31, 0xc5, 0xd7, 0xcf, 0x8d, 0xaf, 0xc1,
  0xc5, 0xb9, 0xd2, 0x55, 0x40, 0xf5, 0xcd, 0x69, 0x47, 0x7a, 0xb3, 0x28,
  0x09, 0xcd, 0x93, 0x42, 0x50, 0x59, 0xe1, 0xd2, 0x1c, 0x48, 0xf1, 0xc1,
  0xf5, 0x80, 0xc5, 0xcd, 0x5c, 0x78, 0x2b, 0xd7, 0xc1, 0xd1, 0xc8, 0xc5,
  0xd5, 0xcf, 0x2c, 0xf1, 0x3c, 0x18, 0xd4, 0xcd, 0x1c, 0x52, 0x7e, 0x47,
  0xfe, 0x8d, 0x28, 0x03, 0xcf, 0x89, 0x2b, 0x4b, 0x0d, 0x78, 0xca, 0x46,
  0x46, 0xcd, 0x6a, 0x47, 0xfe, 0x2c, 0xc0, 0x18, 0xf3, 0x3a, 0xbb, 0xf6,
  0xb7, 0x20, 0x09, 0x32, 0xb9, 0xf6, 0x32, 0xba, 0xf6, 0xc3, 0x64, 0x40,
  0x3c, 0x32, 0x14, 0xf4, 0x7e, 0xfe, 0x83, 0x28, 0x10, 0xcd, 0x69, 0x47,
  0xc0, 0x7a, 0xb3, 0x28, 0x0c, 0xcd, 0xeb, 0x47, 0xaf, 0x32, 0xbb, 0xf6,
  0xc9, 0xd7, 0xc0, 0x18, 0x05, 0xaf, 0x32, 0xbb, 0xf6, 0x3c, 0x2a, 0xb7,
  0xf6, 0xeb, 0x2a, 0xb3, 0xf6, 0x22, 0x1c, 0xf4, 0xeb, 0xc0, 0x7e, 0xb7,
  0x20, 0x04, 0x23, 0x23, 0x23, 0x23, 0x23, 0xaf, 0x32, 0xbb, 0xf6, 0xc3,
  0x5b, 0x48, 0xcd, 0x1c, 0x52, 0xc0, 0xb7, 0xca, 0x5a, 0x47, 0xc3, 0x6f,
  0x40, 0x11, 0x0a, 0x00, 0xd5, 0x28, 0x16, 0xcd, 0x5f, 0x47, 0xeb, 0xe3,
  0x28, 0x10, 0xeb, 0xcf, 0x2c, 0xed, 0x5b, 0xad, 0xf6, 0x28, 0x06, 0xcd,
  0x69, 0x47, 0xc2, 0x55, 0x40, 0xeb, 0x7c, 0xb5, 0xca, 0x5a, 0x47, 0x22,
  0xad, 0xf6, 0x32, 0xaa, 0xf6, 0xe1, 0x22, 0xab, 0xf6, 0xc1, 0xc3, 0x34,
  0x41, 0xcd, 0x64, 0x4c, 0x7e, 0xfe, 0x2c, 0xcc, 0x66, 0x46, 0xfe, 0x89,
  0x28, 0x03, 0xcf, 0xda, 0x2b, 0xe5, 0xcd, 0xa1, 0x2e, 0xe1, 0x28, 0x10,
  0xd7, 0xc8, 0xfe, 0x0e, 0xca, 0xe8, 0x47, 0xfe, 0x0d, 0xc2, 0x46, 0x46,
  0x2a, 0x6a, 0xf6, 0xc9, 0x16, 0x01, 0xcd, 0x5b, 0x48, 0xb7, 0xc8, 0xd7,
  0xfe, 0xa1, 0x20, 0xf6, 0x15, 0x20, 0xf3, 0x18, 0xdf, 0x3e, 0x01, 0x32,
  0x16, 0xf4, 0x18, 0x05, 0x0e, 0x02, 0xcd, 0x57, 0x6d, 0x2b, 0xd7, 0xcc,
  0x28, 0x73, 0xca, 0xff, 0x4a, 0xfe, 0xe4, 0xca, 0xb1, 0x60, 0xfe, 0xdb,
  0xca, 0xc6, 0x4a, 0xfe, 0xdf, 0xca, 0xc6, 0x4a, 0xe5, 0xfe, 0x2c, 0x28,
  0x4f, 0xfe, 0x3b, 0xca, 0xfa, 0x4a, 0xc1, 0xcd, 0x64, 0x4c, 0xe5, 0xef,
  0x28, 0x3b, 0xcd, 0x25, 0x34, 0xcd, 0x35, 0x66, 0x36, 0x20, 0x2a, 0xf8,
  0xf7, 0x34, 0xcd, 0x52, 0xff, 0xcd, 0x4a, 0x01, 0x20, 0x23, 0x2a, 0xf8,
  0xf7, 0x3a, 0x16, 0xf4, 0xb7, 0x28, 0x08, 0x3a, 0x15, 0xf4, 0x86, 0xfe,
  0xff, 0x18, 0x0a, 0x3a, 0xb0, 0xf3, 0x47, 0x3a, 0x61, 0xf6, 0x86, 0x3d,
  0xb8, 0x38, 0x06, 0xcc, 0x31, 0x73, 0xc4, 0x28, 0x73, 0xcd, 0x7b, 0x66,
  0xb7, 0xcc, 0x7b, 0x66, 0xe1, 0xc3, 0x29, 0x4a, 0xcd, 0x57, 0xff, 0x01,
  0x08, 0x00, 0x2a, 0x64, 0xf8, 0x09, 0xcd, 0x4a, 0x01, 0x7e, 0x20, 0x1b,
  0x3a, 0x16, 0xf4, 0xb7, 0x28, 0x07, 0x3a, 0x15, 0xf4, 0xfe, 0xee, 0x18,
  0x08, 0x3a, 0xb2, 0xf3, 0x47, 0x3a, 0x61, 0xf6, 0xb8, 0xd4, 0x28, 0x73,
  0xd2, 0xfa, 0x4a, 0xd6, 0x0e, 0x30, 0xfc, 0x2f, 0x18, 0x2d, 0xf5, 0xcd,
  0x1b, 0x52, 0xcf, 0x29, 0x2b, 0xf1, 0xd6, 0xdf, 0xe5, 0x28, 0x1c, 0x01,
  0x08, 0x00, 0x2a, 0x64, 0xf8, 0x09, 0xcd, 0x4a, 0x01, 0x7e, 0x20, 0x0f,
  0x3a, 0x16, 0xf4, 0xb7, 0xca, 0xec, 0x4a, 0x3a, 0x15, 0xf4, 0x18, 0x03,
  0x3a, 0x61, 0xf6, 0x2f, 0x83, 0x30, 0x07, 0x3c, 0x47, 0x3e, 0x20, 0xdf,
  0x10, 0xfd, 0xe1, 0xd7, 0xc3, 0x2e, 0x4a, 0xcd, 0x5c, 0xff, 0xaf, 0x32,
  0x16, 0xf4, 0xe5, 0x67, 0x6f, 0x22, 0x64, 0xf8, 0xe1, 0xc9, 0xfe, 0x85,
  0xc2, 0xa7, 0x58, 0xcf, 0x85, 0xfe, 0x23, 0xca, 0x8f, 0x6d, 0xcd, 0x7b,
  0x4b, 0xcd, 0xa4, 0x5e, 0xcd, 0x58, 0x30, 0xd5, 0xe5, 0xcd, 0xb1, 0x00,
  0xd1, 0xc1, 0xda, 0xfe, 0x63, 0xc5, 0xd5, 0x06, 0x00, 0xcd, 0x38, 0x66,
  0xe1, 0x3e, 0x03, 0xc3, 0x92, 0x48, 0x3f, 0x52, 0x65, 0x64, 0x6f, 0x20,
  0x66, 0x72, 0x6f, 0x6d, 0x20, 0x73, 0x74, 0x61, 0x72, 0x74, 0x0d, 0x0a,
  0x00, 0xcd, 0x61, 0xff, 0x3a, 0xa6, 0xf6, 0xb7, 0xc2, 0x4f, 0x40, 0xc1,
  0x21, 0x3a, 0x4b, 0xcd, 0x78, 0x66, 0x2a, 0xaf, 0xf6, 0xc9, 0xcd, 0x55,
  0x6d, 0xe5, 0x21, 0x5d, 0xf5, 0xc3, 0x9b, 0x4b, 0xfe, 0x23, 0x28, 0xf2,
  0xe5, 0xf5, 0xcd, 0xd2, 0x00, 0xf1, 0xe1, 0x01, 0x8b, 0x4b, 0xc5, 0xfe,
  0x22, 0x3e, 0x00, 0xc0, 0xcd, 0x36, 0x66, 0xcf, 0x3b, 0xe5, 0xcd, 0x7b,
  0x66, 0xe1, 0xc9, 0xe5, 0xcd, 0xb4, 0x00, 0xc1, 0xda, 0xfe, 0x63, 0x23,
  0x7e, 0xb7, 0x2b, 0xc5, 0xca, 0x5a, 0x48, 0x36, 0x2c, 0x18, 0x05, 0xe5,
  0x2a, 0xc8, 0xf6, 0xf6, 0xaf, 0x32, 0xa6, 0xf6, 0xe3, 0x01, 0xcf, 0x2c,
  0xcd, 0xa4, 0x5e, 0xe3, 0xd5, 0x7e, 0xfe, 0x2c, 0x28, 0x1b, 0x3a, 0xa6,
  0xf6, 0xb7, 0xc2, 0x40, 0x4c, 0x3e, 0x3f, 0xdf, 0xcd, 0xb4, 0x00, 0xd1,
  0xc1, 0xda, 0xfe, 0x63, 0x23, 0x7e, 0x2b, 0xb7, 0xc5, 0xca, 0x5a, 0x48,
  0xd5, 0xcd, 0x4a, 0x01, 0xc2, 0x83, 0x6d, 0xef, 0xf5, 0x20, 0x22, 0xd7,
  0x57, 0x47, 0xfe, 0x22, 0x28, 0x0c, 0x3a, 0xa6, 0xf6, 0xb7, 0x57, 0x28,
  0x02, 0x16, 0x3a, 0x06, 0x2c, 0x2b, 0xcd, 0x39, 0x66, 0xf1, 0xc6, 0x03,
  0xeb, 0x21, 0x05, 0x4c, 0xe3, 0xd5, 0xc3, 0x93, 0x48, 0xd7, 0x01, 0xf1,
  0x4b, 0xc5, 0xc3, 0x99, 0x32, 0x2b, 0xd7, 0x28, 0x05, 0xfe, 0x2c, 0xc2,
  0x4d, 0x4b, 0xe3, 0x2b, 0xd7, 0xc2, 0xaa, 0x4b, 0xd1, 0x3a, 0xa6, 0xf6,
  0xb7, 0xeb, 0xc2, 0xde, 0x63, 0xd5, 0xcd, 0x4a, 0x01, 0x20, 0x08, 0x7e,
  0xb7, 0x21, 0x2f, 0x4c, 0xc4, 0x78, 0x66, 0xe1, 0xc3, 0xff, 0x4a, 0x3f,
  0x45, 0x78, 0x74, 0x72, 0x61, 0x20, 0x69, 0x67, 0x6e, 0x6f, 0x72, 0x65,
  0x64, 0x0d, 0x0a, 0x00, 0xcd, 0x5b, 0x48, 0xb7, 0x20, 0x11, 0x23, 0x7e,
  0x23, 0xb6, 0x1e, 0x04, 0xca, 0x6f, 0x40, 0x23, 0x5e, 0x23, 0x56, 0xed,
  0x53, 0xa3, 0xf6, 0xd7, 0xfe, 0x84, 0x20, 0xe4, 0xc3, 0xd1, 0x4b, 0xcf,
  0xef, 0x01, 0xcf, 0x28, 0x2b, 0x16, 0x00, 0xd5, 0x0e, 0x01, 0xcd, 0x5e,
  0x62, 0xcd, 0x66, 0xff, 0xcd, 0xc7, 0x4d, 0x22, 0xbc, 0xf6, 0x2a, 0xbc,
  0xf6, 0xc1, 0x7e, 0x22, 0x9d, 0xf6, 0xfe, 0xee, 0xd8, 0xfe, 0xf1, 0x38,
  0x5f, 0xd6, 0xf1, 0x5f, 0x20, 0x09, 0x3a, 0x63, 0xf6, 0xfe, 0x03, 0x7b,
  0xca, 0x87, 0x67, 0xfe, 0x0c, 0xd0, 0x21, 0x3b, 0x3d, 0x16, 0x00, 0x19,
  0x78, 0x56, 0xba, 0xd0, 0xc5, 0x01, 0x76, 0x4c, 0xc5, 0x7a, 0xcd, 0x6b,
  0xff, 0xfe, 0x51, 0x38, 0x50, 0xe6, 0xfe, 0xfe, 0x7a, 0x28, 0x4a, 0x21,
  0xf8, 0xf7, 0x3a, 0x63, 0xf6, 0xd6, 0x03, 0xca, 0x6d, 0x40, 0xb7, 0x2a,
  0xf8, 0xf7, 0xe5, 0xfa, 0xd5, 0x4c, 0x2a, 0xf6, 0xf7, 0xe5, 0xe2, 0xd5,
  0x4c, 0x2a, 0xfc, 0xf7, 0xe5, 0x2a, 0xfa, 0xf7, 0xe5, 0xc6, 0x03, 0x4b,
  0x47, 0xc5, 0x01, 0x22, 0x4d, 0xc5, 0x2a, 0x9d, 0xf6, 0xc3, 0x67, 0x4c,
  0x16, 0x00, 0xd6, 0xee, 0x38, 0x1e, 0xfe, 0x03, 0x30, 0x1a, 0xfe, 0x01,
  0x17, 0xaa, 0xba, 0x57, 0xda, 0x55, 0x40, 0x22, 0x9d, 0xf6, 0xd7, 0x18,
  0xe9, 0xd5, 0xcd, 0x8a, 0x2f, 0xd1, 0xe5, 0x01, 0x78, 0x4f, 0x18, 0xd5,
  0x78, 0xfe, 0x64, 0xd0, 0xc5, 0xd5, 0x11, 0x05, 0x64, 0x21, 0x57, 0x4f,
  0xe5, 0xef, 0xc2, 0xb3, 0x4c, 0x2a, 0xf8, 0xf7, 0xe5, 0x01, 0xc8, 0x65,
  0x18, 0xbb, 0xc1, 0x79, 0x32, 0x64, 0xf6, 0x3a, 0x63, 0xf6, 0xb8, 0x20,
  0x0b, 0xfe, 0x02, 0x28, 0x1f, 0xfe, 0x04, 0xca, 0x9d, 0x4d, 0x30, 0x2b,
  0x57, 0x78, 0xfe, 0x08, 0x28, 0x22, 0x7a, 0xfe, 0x08, 0x28, 0x44, 0x78,
  0xfe, 0x04, 0x28, 0x52, 0x7a, 0xfe, 0x03, 0xca, 0x6d, 0x40, 0x30, 0x54,
  0x21, 0x69, 0x3d, 0x06, 0x00, 0x09, 0x09, 0x4e, 0x23, 0x46, 0xd1, 0x2a,
  0xf8, 0xf7, 0xc5, 0xc9, 0xcd, 0x3a, 0x30, 0xcd, 0x0d, 0x2f, 0xe1, 0x22,
  0xfa, 0xf7, 0xe1, 0x22, 0xfc, 0xf7, 0xc1, 0xd1, 0xcd, 0xc1, 0x2e, 0xcd,
  0x3a, 0x30, 0x21, 0x51, 0x3d, 0x3a, 0x64, 0xf6, 0x07, 0x85, 0x6f, 0x8c,
  0x95, 0x67, 0x7e, 0x23, 0x66, 0x6f, 0xe9, 0x78, 0xf5, 0xcd, 0x0d, 0x2f,
  0xf1, 0x32, 0x63, 0xf6, 0xfe, 0x04, 0x28, 0xda, 0xe1, 0x22, 0xf8, 0xf7,
  0x18, 0xd9, 0xcd, 0xb2, 0x2f, 0xc1, 0xd1, 0x21, 0x5d, 0x3d, 0x18, 0xd5,
  0xe1, 0xcd, 0xb1, 0x2e, 0xcd, 0xcb, 0x2f, 0xcd, 0xcc, 0x2e, 0xe1, 0x22,
  0xf6, 0xf7, 0xe1, 0x22, 0xf8, 0xf7, 0x18, 0xe7, 0xe5, 0xeb, 0xcd, 0xcb,
  0x2f, 0xe1, 0xcd, 0xb1, 0x2e, 0xcd, 0xcb, 0x2f, 0xc3, 0x65, 0x32, 0xd7,
  0xca, 0x6a, 0x40, 0xda, 0x99, 0x32, 0xcd, 0xa8, 0x64, 0xd2, 0x9b, 0x4e,
  0xfe, 0x20, 0xda, 0xb8, 0x46, 0xcd, 0x70, 0xff, 0x3c, 0xca, 0xfc, 0x4e,
  0x3d, 0xfe, 0xf1, 0x28, 0xe2, 0xfe, 0xf2, 0xca, 0x8d, 0x4e, 0xfe, 0x22,
  0xca, 0x36, 0x66, 0xfe, 0xe0, 0xca, 0x63, 0x4f, 0xfe, 0x26, 0xca, 0xb8,
  0x4e, 0xfe, 0xe2, 0x20, 0x0a, 0xd7, 0x3a, 0x14, 0xf4, 0xe5, 0xcd, 0xcf,
  0x4f, 0xe1, 0xc9, 0xfe, 0xe1, 0x20, 0x0a, 0xd7, 0xe5, 0x2a, 0xb3, 0xf6,
  0xcd, 0x36, 0x32, 0xe1, 0xc9, 0xfe, 0xed, 0xca, 0x03, 0x58, 0xfe, 0xcb,
  0xca, 0x00, 0x79, 0xfe, 0xc7, 0xca, 0x84, 0x7a, 0xfe, 0xc8, 0xca, 0x47,
  0x7b, 0xfe, 0xc9, 0xca, 0xcb, 0x7b, 0xfe, 0xc1, 0xca, 0x1b, 0x79, 0xfe,
  0xea, 0xca, 0x3e, 0x7c, 0xfe, 0xe9, 0xca, 0x43, 0x7c, 0xfe, 0xe7, 0x20,
  0x23, 0xd7, 0xcf, 0x28, 0xfe, 0x23, 0x20, 0x0b, 0xcd, 0x1b, 0x52, 0xe5,
  0xcd, 0x6d, 0x6a, 0xeb, 0xe1, 0x18, 0x03, 0xcd, 0x5d, 0x5f, 0xcf, 0x29,
  0xe5, 0xeb, 0x7c, 0xb5, 0xca, 0x5a, 0x47, 0xcd, 0x99, 0x2f, 0xe1, 0xc9,
  0xfe, 0xdd, 0xca, 0xd5, 0x4f, 0xfe, 0xe5, 0xca, 0xeb, 0x68, 0xfe, 0xec,
  0xca, 0x47, 0x73, 0xfe, 0xe3, 0xca, 0x29, 0x68, 0xfe, 0x85, 0xca, 0x87,
  0x6c, 0xfe, 0xe8, 0xca, 0x0a, 0x79, 0xfe, 0xde, 0xca, 0x40, 0x50, 0xcd,
  0x62, 0x4c, 0xcf, 0x29, 0xc9, 0x16, 0x7d, 0xcd, 0x67, 0x4c, 0x2a, 0xbc,
  0xf6, 0xe5, 0xcd, 0x86, 0x2e, 0xe1, 0xc9, 0xcd, 0xa4, 0x5e, 0xe5, 0xeb,
  0x22, 0xf8, 0xf7, 0xef, 0xc4, 0x08, 0x2f, 0xe1, 0xc9, 0x7e, 0xfe, 0x61,
  0xd8, 0xfe, 0x7b, 0xd0, 0xe6, 0x5f, 0xc9, 0xfe, 0x26, 0xc2, 0x69, 0x47,
  0x11, 0x00, 0x00, 0xd7, 0xcd, 0xaa, 0x4e, 0x01, 0x02, 0x01, 0xfe, 0x42,
  0x28, 0x0f, 0x01, 0x08, 0x03, 0xfe, 0x4f, 0x28, 0x08, 0x01, 0x10, 0x04,
  0xfe, 0x48, 0xc2, 0x55, 0x40, 0x23, 0x7e, 0xeb, 0xcd, 0xaa, 0x4e, 0xfe,
  0x3a, 0x38, 0x06, 0xfe, 0x41, 0x38, 0x14, 0xd6, 0x07, 0xd6, 0x30, 0xb9,
  0x30, 0x0d, 0xc5, 0x29, 0xda, 0x67, 0x40, 0x10, 0xfa, 0xc1, 0xb5, 0x6f,
  0xeb, 0x18, 0xde, 0xcd, 0x99, 0x2f, 0xeb, 0xc9, 0x23, 0x7e, 0xd6, 0x81,
  0x06, 0x00, 0x07, 0x4f, 0xc5, 0xd7, 0x79, 0xfe, 0x05, 0x30, 0x16, 0xcd,
  0x62, 0x4c, 0xcf, 0x2c, 0xcd, 0x58, 0x30, 0xeb, 0x2a, 0xf8, 0xf7, 0xe3,
  0xe5, 0xeb, 0xcd, 0x1c, 0x52, 0xeb, 0xe3, 0x18, 0x1a, 0xcd, 0x87, 0x4e,
  0xe3, 0x7d, 0xfe, 0x0c, 0x38, 0x0d, 0xfe, 0x1b, 0xcd, 0x75, 0xff, 0x30,
  0x06, 0xef, 0xe5, 0xdc, 0x3a, 0x30, 0xe1, 0x11, 0x99, 0x4e, 0xd5, 0x01,
  0xde, 0x39, 0xcd, 0x7a, 0xff, 0x09, 0x4e, 0x23, 0x66, 0x69, 0xe9, 0x15,
  0xfe, 0xf2, 0xc8, 0xfe, 0x2d, 0xc8, 0x14, 0xfe, 0x2b, 0xc8, 0xfe, 0xf1,
  0xc8, 0x2b, 0xc9, 0x3c, 0x8f, 0xc1, 0xa0, 0xc6, 0xff, 0x9f, 0xcd, 0x9a,
  0x2e, 0x18, 0x12, 0x16, 0x5a, 0xcd, 0x67, 0x4c, 0xcd, 0x8a, 0x2f, 0x7d,
  0x2f, 0x6f, 0x7c, 0x2f, 0x67, 0x22, 0xf8, 0xf7, 0xc1, 0xc3, 0x76, 0x4c,
  0x78, 0xf5, 0xcd, 0x8a, 0x2f, 0xf1, 0xd1, 0xfe, 0x7a, 0xca, 0x3a, 0x32,
  0xfe, 0x7b, 0xca, 0xe6, 0x31, 0x01, 0xd1, 0x4f, 0xc5, 0xfe, 0x46, 0x20,
  0x06, 0x7b, 0xb5, 0x6f, 0x7c, 0xb2, 0xc9, 0xfe, 0x50, 0x20, 0x06, 0x7b,
  0xa5, 0x6f, 0x7c, 0xa2, 0xc9, 0xfe, 0x3c, 0x20, 0x06, 0x7b, 0xad, 0x6f,
  0x7c, 0xaa, 0xc9, 0xfe, 0x32, 0x20, 0x08, 0x7b, 0xad, 0x2f, 0x6f, 0x7c,
  0xaa, 0x2f, 0xc9, 0x7d, 0x2f, 0xa3, 0x2f, 0x6f, 0x7c, 0x2f, 0xa2, 0x2f,
  0xc9, 0xb7, 0xed, 0x52, 0xc3, 0x36, 0x32, 0x3a, 0x15, 0xf4, 0x18, 0x03,
  0x3a, 0x61, 0xf6, 0x6f, 0xaf, 0x67, 0xc3, 0x99, 0x2f, 0xcd, 0xf4, 0x4f,
  0xd5, 0xcd, 0x87, 0x4e, 0xe3, 0x5e, 0x23, 0x56, 0x21, 0x97, 0x32, 0xe5,
  0xd5, 0x3a, 0x63, 0xf6, 0xf5, 0xfe, 0x03, 0xcc, 0xd3, 0x67, 0xf1, 0xeb,
  0x21, 0xf6, 0xf7, 0xc9, 0xd7, 0x01, 0x00, 0x00, 0xfe, 0x1b, 0x30, 0x0b,
  0xfe, 0x11, 0x38, 0x07, 0xd7, 0x3a, 0x6a, 0xf6, 0xb7, 0x17, 0x4f, 0xeb,
  0x21, 0x9a, 0xf3, 0x09, 0xeb, 0xc9, 0xcd, 0xf4, 0x4f, 0xd5, 0xcf, 0xef,
  0xcd, 0x2f, 0x54, 0xe3, 0x73, 0x23, 0x72, 0xe1, 0xc9, 0xfe, 0xdd, 0x28,
  0xed, 0xcd, 0xa1, 0x51, 0xcd, 0x93, 0x51, 0xeb, 0x73, 0x23, 0x72, 0xeb,
  0x7e, 0xfe, 0x28, 0xc2, 0x5b, 0x48, 0xd7, 0xcd, 0xa4, 0x5e, 0x7e, 0xfe,
  0x29, 0xca, 0x5b, 0x48, 0xcf, 0x2c, 0x18, 0xf3, 0xcd, 0xa1, 0x51, 0x3a,
  0x63, 0xf6, 0xb7, 0xf5, 0x22, 0xbc, 0xf6, 0xeb, 0x7e, 0x23, 0x66, 0x6f,
  0x7c, 0xb5, 0xca, 0x61, 0x40, 0x7e, 0xfe, 0x28, 0xc2, 0xf4, 0x50, 0xd7,
  0x22, 0x9d, 0xf6, 0xeb, 0x2a, 0xbc, 0xf6, 0xcf, 0x28, 0xaf, 0xf5, 0xe5,
  0xeb, 0x3e, 0x80, 0x32, 0xa5, 0xf6, 0xcd, 0xa4, 0x5e, 0xeb, 0xe3, 0x3a,
  0x63, 0xf6, 0xf5, 0xd5, 0xcd, 0x64, 0x4c, 0x22, 0xbc, 0xf6, 0xe1, 0x22,
  0x9d, 0xf6, 0xf1, 0xcd, 0x7a, 0x51, 0x0e, 0x04, 0xcd, 0x5e, 0x62, 0x21,
  0xf8, 0xff, 0x39, 0xf9, 0xcd, 0x10, 0x2f, 0x3a, 0x63, 0xf6, 0xf5, 0x2a,
  0xbc, 0xf6, 0x7e, 0xfe, 0x29, 0x28, 0x0e, 0xcf, 0x2c, 0xe5, 0x2a, 0x9d,
  0xf6, 0xcf, 0x2c, 0x18, 0xc0, 0xf1, 0x32, 0x4e, 0xf7, 0xf1, 0xb7, 0x28,
  0x38, 0x32, 0x63, 0xf6, 0x21, 0x00, 0x00, 0x39, 0xcd, 0x08, 0x2f, 0x21,
  0x08, 0x00, 0x39, 0xf9, 0xd1, 0x2e, 0x03, 0x1b, 0x1b, 0x1b, 0x3a, 0x63,
  0xf6, 0x85, 0x47, 0x3a, 0x4e, 0xf7, 0x4f, 0x80, 0xfe, 0x64, 0xd2, 0x5a,
  0x47, 0xf5, 0x7d, 0x06, 0x00, 0x21, 0x50, 0xf7, 0x09, 0x4f, 0xcd, 0x8e,
  0x51, 0x01, 0xa9, 0x50, 0xc5, 0xc5, 0xc3, 0x9e, 0x48, 0x2a, 0xbc, 0xf6,
  0xd7, 0xe5, 0x2a, 0x9d, 0xf6, 0xcf, 0x29, 0x3e, 0xd5, 0x22, 0x9d, 0xf6,
  0x3a, 0xe6, 0xf6, 0xc6, 0x04, 0xf5, 0x0f, 0x4f, 0xcd, 0x5e, 0x62, 0xf1,
  0x4f, 0x2f, 0x3c, 0x6f, 0x26, 0xff, 0x39, 0xf9, 0xe5, 0x11, 0xe4, 0xf6,
  0xcd, 0x8e, 0x51, 0xe1, 0x22, 0xe4, 0xf6, 0x2a, 0x4e, 0xf7, 0x22, 0xe6,
  0xf6, 0x44, 0x4d, 0x21, 0xe8, 0xf6, 0x11, 0x50, 0xf7, 0xcd, 0x8e, 0x51,
  0x67, 0x6f, 0x22, 0x4e, 0xf7, 0x2a, 0xba, 0xf7, 0x23, 0x22, 0xba, 0xf7,
  0x7c, 0xb5, 0x32, 0xb7, 0xf7, 0x2a, 0x9d, 0xf6, 0xcd, 0x5f, 0x4c, 0x2b,
  0xd7, 0xc2, 0x55, 0x40, 0xef, 0x20, 0x0f, 0x11, 0x98, 0xf6, 0x2a, 0xf8,
  0xf7, 0xe7, 0x38, 0x06, 0xcd, 0x11, 0x66, 0xcd, 0x58, 0x66, 0x2a, 0xe4,
  0xf6, 0x54, 0x5d, 0x23, 0x23, 0x4e, 0x23, 0x46, 0x03, 0x03, 0x03, 0x03,
  0x21, 0xe4, 0xf6, 0xcd, 0x8e, 0x51, 0xeb, 0xf9, 0x2a, 0xba, 0xf7, 0x2b,
  0x22, 0xba, 0xf7, 0x7c, 0xb5, 0x32, 0xb7, 0xf7, 0xe1, 0xf1, 0xe5, 0xe6,
  0x07, 0x21, 0x47, 0x3d, 0x4f, 0x06, 0x00, 0x09, 0xcd, 0x41, 0x4f, 0xe1,
  0xc9, 0x1a, 0x77, 0x23, 0x13, 0x0b, 0x78, 0xb1, 0x20, 0xf7, 0xc9, 0xe5,
  0x2a, 0x1c, 0xf4, 0x23, 0x7c, 0xb5, 0xe1, 0xc0, 0x1e, 0x0c, 0xc3, 0x6f,
  0x40, 0xcf, 0xde, 0x3e, 0x80, 0x32, 0xa5, 0xf6, 0xb6, 0x4f, 0xc3, 0xa9,
  0x5e, 0xfe, 0x7e, 0x20, 0x15, 0x23, 0x7e, 0x23, 0xfe, 0x83, 0xca, 0x6e,
  0x69, 0xfe, 0xa3, 0xca, 0xbf, 0x77, 0xfe, 0x85, 0xca, 0xb1, 0x77, 0xcd,
  0x7f, 0xff, 0xc3, 0x55, 0x40, 0xcd, 0x1c, 0x52, 0xcd, 0x84, 0xff, 0xa7,
  0xdd, 0x21, 0x5d, 0x01, 0xc3, 0x5f, 0x01, 0xd3, 0xa8, 0x7e, 0x2f, 0x4f,
  0xe6, 0xfc, 0xb2, 0x77, 0x7b, 0xe6, 0x3f, 0x57, 0x78, 0xe6, 0xc0, 0xb2,
  0xd3, 0xa8, 0xd9, 0xed, 0xb0, 0xd9, 0x7b, 0xd3, 0xa8, 0x79, 0x77, 0x78,
  0xd3, 0xa8, 0xc9, 0xf3, 0x18, 0x03, 0x32, 0xae, 0xf3, 0x3e, 0x0c, 0xdf,
  0x7b, 0xd6, 0x0e, 0x30, 0xfc, 0xc6, 0x1c, 0x2f, 0x3c, 0x83, 0x32, 0xb2,
  0xf3, 0xc9, 0xd7, 0xcd, 0x64, 0x4c, 0xe5, 0xcd, 0x8a, 0x2f, 0xeb, 0xe1,
  0x7a, 0xb7, 0xc9, 0xd7, 0xcd, 0x64, 0x4c, 0xcd, 0x12, 0x52, 0xc2, 0x5a,
  0x47, 0x2b, 0xd7, 0x7b, 0xc9, 0x3e, 0x01, 0x32, 0x16, 0xf4, 0xcd, 0x89,
  0xff, 0xc1, 0xcd, 0x79, 0x42, 0xc5, 0x21, 0xff, 0xff, 0x22, 0x1c, 0xf4,
  0xe1, 0xd1, 0x4e, 0x23, 0x46, 0x23, 0x78, 0xb1, 0xca, 0x1f, 0x41, 0xcd,
  0x4a, 0x01, 0xcc, 0xba, 0x00, 0xc5, 0x4e, 0x23, 0x46, 0x23, 0xc5, 0xe3,
  0xeb, 0xe7, 0xc1, 0xda, 0x1e, 0x41, 0xe3, 0xe5, 0xc5, 0xeb, 0x22, 0xb5,
  0xf6, 0xcd, 0x12, 0x34, 0xe1, 0x7e, 0xfe, 0x09, 0x28, 0x03, 0x3e, 0x20,
  0xdf, 0xcd, 0x84, 0x52, 0x21, 0x5e, 0xf5, 0xcd, 0x7b, 0x52, 0xcd, 0x28,
  0x73, 0x18, 0xbb, 0x7e, 0xb7, 0xc8, 0xcd, 0x67, 0x73, 0x23, 0x18, 0xf7,
  0x01, 0x5e, 0xf5, 0x16, 0xff, 0xaf, 0x32, 0x64, 0xf6, 0x18, 0x04, 0x03,
  0x23, 0x15, 0xc8, 0x7e, 0xb7, 0x02, 0xc8, 0xfe, 0x0b, 0x38, 0x25, 0xfe,
  0x20, 0xda, 0x61, 0x53, 0xfe, 0x22, 0x20, 0x0a, 0x3a, 0x64, 0xf6, 0xee,
  0x01, 0x32, 0x64, 0xf6, 0x3e, 0x22, 0xfe, 0x3a, 0x20, 0x0e, 0x3a, 0x64,
  0xf6, 0x1f, 0x38, 0x06, 0x17, 0xe6, 0xfd, 0x32, 0x64, 0xf6, 0x3e, 0x3a,
  0xb7, 0xf2, 0x8f, 0x52, 0x3a, 0x64, 0xf6, 0x1f, 0x38, 0x2e, 0x1f, 0x1f,
  0x30, 0x3e, 0x7e, 0xfe, 0xe6, 0xe5, 0xc5, 0x21, 0xf5, 0x52, 0xe5, 0xc0,
  0x0b, 0x0a, 0xfe, 0x4d, 0xc0, 0x0b, 0x0a, 0xfe, 0x45, 0xc0, 0x0b, 0x0a,
  0xfe, 0x52, 0xc0, 0x0b, 0x0a, 0xfe, 0x3a, 0xc0, 0xf1, 0xf1, 0xe1, 0x14,
  0x14, 0x14, 0x14, 0x18, 0x25, 0xc1, 0xe1, 0x7e, 0xc3, 0x8f, 0x52, 0x3a,
  0x64, 0xf6, 0xf6, 0x02, 0x32, 0x64, 0xf6, 0xaf, 0xc9, 0x3a, 0x64, 0xf6,
  0xf6, 0x04, 0x18, 0xf4, 0x17, 0x38, 0xe9, 0x7e, 0xfe, 0x84, 0xcc, 0xfb,
  0x52, 0xfe, 0x8f, 0xcc, 0x05, 0x53, 0x7e, 0x3c, 0x7e, 0x20, 0x04, 0x23,
  0x7e, 0xe6, 0x7f, 0x23, 0xfe, 0xa1, 0x20, 0x02, 0x0b, 0x14, 0xe5, 0xc5,
  0xd5, 0xcd, 0x8e, 0xff, 0x21, 0x71, 0x3a, 0x47, 0x0e, 0x40, 0x0c, 0x23,
  0x54, 0x5d, 0x7e, 0xb7, 0x28, 0xf8, 0x23, 0xf2, 0x3a, 0x53, 0x7e, 0xb8,
  0x20, 0xf1, 0xeb, 0x79, 0xd1, 0xc1, 0xfe, 0x5b, 0x20, 0x02, 0x7e, 0x23,
  0x5f, 0xe6, 0x7f, 0x02, 0x03, 0x15, 0xca, 0xa7, 0x66, 0xb3, 0xf2, 0x4e,
  0x53, 0xe1, 0xc3, 0x93, 0x52, 0x2b, 0xd7, 0xd5, 0xc5, 0xf5, 0xcd, 0xe8,
  0x46, 0xf1, 0x01, 0x7e, 0x53, 0xc5, 0xfe, 0x0b, 0xca, 0x1e, 0x37, 0xfe,
  0x0c, 0xca, 0x22, 0x37, 0x2a, 0x6a, 0xf6, 0xc3, 0x25, 0x34, 0xc1, 0xd1,
  0x3a, 0x68, 0xf6, 0x1e, 0x4f, 0xfe, 0x0b, 0x28, 0x06, 0xfe, 0x0c, 0x1e,
  0x48, 0x20, 0x0b, 0x3e, 0x26, 0x02, 0x03, 0x15, 0xc8, 0x7b, 0x02, 0x03,
  0x15, 0xc8, 0x3a, 0x69, 0xf6, 0xfe, 0x04, 0x1e, 0x00, 0x38, 0x06, 0x1e,
  0x21, 0x28, 0x02, 0x1e, 0x23, 0x7e, 0xfe, 0x20, 0x20, 0x01, 0x23, 0x7e,
  0x23, 0xb7, 0x28, 0x20, 0x02, 0x03, 0x15, 0xc8, 0x3a, 0x69, 0xf6, 0xfe,
  0x04, 0x38, 0xf0, 0x0b, 0x0a, 0x03, 0x20, 0x04, 0xfe, 0x2e, 0x28, 0x08,
  0xfe, 0x44, 0x28, 0x04, 0xfe, 0x45, 0x20, 0xdf, 0x1e, 0x00, 0x18, 0xdb,
  0x7b, 0xb7, 0x28, 0x04, 0x02, 0x03, 0x15, 0xc8, 0x2a, 0x66, 0xf6, 0xc3,
  0x93, 0x52, 0xcd, 0x79, 0x42, 0xc5, 0xcd, 0xea, 0x54, 0xc1, 0xd1, 0xc5,
  0xc5, 0xcd, 0x95, 0x42, 0x30, 0x05, 0x54, 0x5d, 0xe3, 0xe5, 0xe7, 0xd2,
  0x5a, 0x47, 0x21, 0xd7, 0x3f, 0xcd, 0xe8, 0x7b, 0xc1, 0x21, 0x37, 0x42,
  0xe3, 0xeb, 0x2a, 0xc2, 0xf6, 0x1a, 0x02, 0x03, 0x13, 0xe7, 0x20, 0xf9,
  0x60, 0x69, 0x22, 0xc2, 0xf6, 0x22, 0xc4, 0xf6, 0x22, 0xc6, 0xf6, 0xc9,
  0xcd, 0x39, 0x54, 0x7e, 0xc3, 0xcf, 0x4f, 0xcd, 0x2f, 0x54, 0xd5, 0xcf,
  0x2c, 0xcd, 0x1c, 0x52, 0xd1, 0x12, 0xc9, 0xcd, 0x64, 0x4c, 0xe5, 0xcd,
  0x39, 0x54, 0xeb, 0xe1, 0xc9, 0x01, 0x8a, 0x2f, 0xc5, 0xef, 0xf8, 0xcd,
  0x93, 0xff, 0xcd, 0x71, 0x2e, 0xf8, 0xcd, 0xb2, 0x2f, 0x01, 0x45, 0x32,
  0x11, 0x76, 0x80, 0xcd, 0x21, 0x2f, 0xd8, 0x01, 0x45, 0x65, 0x11, 0x53,
  0x60, 0xcd, 0x21, 0x2f, 0xd2, 0x67, 0x40, 0x01, 0xc5, 0x65, 0x11, 0x53,
  0x60, 0xc3, 0x4e, 0x32, 0x01, 0x0a, 0x00, 0xc5, 0x50, 0x58, 0x28, 0x26,
  0xfe, 0x2c, 0x28, 0x09, 0xd5, 0xcd, 0x5f, 0x47, 0x42, 0x4b, 0xd1, 0x28,
  0x19, 0xcf, 0x2c, 0xcd, 0x5f, 0x47, 0x28, 0x12, 0xf1, 0xcf, 0x2c, 0xd5,
  0xcd, 0x69, 0x47, 0xc2, 0x55, 0x40, 0x7a, 0xb3, 0xca, 0x5a, 0x47, 0xeb,
  0xe3, 0xeb, 0xc5, 0xcd, 0x95, 0x42, 0xd1, 0xd5, 0xc5, 0xcd, 0x95, 0x42,
  0x60, 0x69, 0xd1, 0xe7, 0xeb, 0xda, 0x5a, 0x47, 0xd1, 0xc1, 0xf1, 0xe5,
  0xd5, 0x18, 0x0e, 0x09, 0xda, 0x5a, 0x47, 0xeb, 0xe5, 0x21, 0xf9, 0xff,
  0xe7, 0xe1, 0xda, 0x5a, 0x47, 0xd5, 0x5e, 0x23, 0x56, 0x7a, 0xb3, 0xeb,
  0xd1, 0x28, 0x07, 0x7e, 0x23, 0xb6, 0x2b, 0xeb, 0x20, 0xe1, 0xc5, 0xcd,
  0xf6, 0x54, 0xc1, 0xd1, 0xe1, 0xd5, 0x5e, 0x23, 0x56, 0x7a, 0xb3, 0x28,
  0x14, 0xeb, 0xe3, 0xeb, 0x23, 0x73, 0x23, 0x72, 0xeb, 0x09, 0xeb, 0xe1,
  0x18, 0xeb, 0x3a, 0xa9, 0xf6, 0xb7, 0xc8, 0x18, 0x06, 0x01, 0x1e, 0x41,
  0xc5, 0xfe, 0xf6, 0xaf, 0x32, 0xa9, 0xf6, 0x2a, 0x76, 0xf6, 0x2b, 0x23,
  0x7e, 0x23, 0xb6, 0xc8, 0x23, 0x5e, 0x23, 0x56, 0xd7, 0xb7, 0x28, 0xf3,
  0x4f, 0x3a, 0xa9, 0xf6, 0xb7, 0x79, 0x28, 0x56, 0xcd, 0x98, 0xff, 0xfe,
  0xa6, 0x20, 0x14, 0xd7, 0xfe, 0x89, 0x20, 0xe9, 0xd7, 0xfe, 0x0e, 0x20,
  0xe4, 0xd5, 0xcd, 0x71, 0x47, 0x7a, 0xb3, 0x20, 0x0a, 0x18, 0x27, 0xfe,
  0x0e, 0x20, 0xd5, 0xd5, 0xcd, 0x71, 0x47, 0xe5, 0xcd, 0x95, 0x42, 0x0b,
  0x3e, 0x0d, 0x38, 0x3c, 0xcd, 0x23, 0x73, 0x21, 0x5a, 0x55, 0xd5, 0xcd,
  0x78, 0x66, 0xe1, 0xcd, 0x12, 0x34, 0xc1, 0xe1, 0xe5, 0xc5, 0xcd, 0x0a,
  0x34, 0xe1, 0xd1, 0x2b, 0x18, 0xae, 0x55, 0x6e, 0x64, 0x65, 0x66, 0x69,
  0x6e, 0x65, 0x64, 0x20, 0x6c, 0x69, 0x6e, 0x65, 0x20, 0x00, 0xfe, 0x0d,
  0x20, 0xea, 0xd5, 0xcd, 0x71, 0x47, 0xe5, 0xeb, 0x23, 0x23, 0x23, 0x4e,
  0x23, 0x46, 0x3e, 0x0e, 0x21, 0x55, 0x55, 0xe5, 0x2a, 0x66, 0xf6, 0xe5,
  0x2b, 0x70, 0x2b, 0x71, 0x2b, 0x77, 0xe1, 0xc9, 0x7e, 0xe3, 0xbe, 0x23,
  0xe3, 0xc2, 0x55, 0x40, 0xc3, 0x66, 0x46, 0x3a, 0x63, 0xf6, 0xfe, 0x08,
  0x30, 0x05, 0xd6, 0x03, 0xb7, 0x37, 0xc9, 0xd6, 0x03, 0xb7, 0xc9, 0xd7,
  0x11, 0x89, 0xfd, 0x06, 0x0f, 0x7e, 0xa7, 0x28, 0x0d, 0xfe, 0x3a, 0x28,
  0x09, 0xfe, 0x28, 0x28, 0x05, 0x12, 0x13, 0x23, 0x10, 0xef, 0x78, 0xfe,
  0x0f, 0x28, 0x15, 0xaf, 0x12, 0x1b, 0x1a, 0xfe, 0x20, 0x28, 0xf8, 0x06,
  0x40, 0x11, 0xc9, 0xfc, 0x1a, 0xe6, 0x20, 0x20, 0x06, 0x13, 0x10, 0xf8,
  0xc3, 0x55, 0x40, 0xc5, 0xd5, 0xe5, 0xcd, 0x2a, 0x7e, 0xf5, 0x4f, 0x2e,
  0x04, 0xcd, 0x1a, 0x7e, 0xd5, 0xdd, 0xe1, 0xfd, 0xe1, 0xe1, 0x2b, 0xd7,
  0xcd, 0x1c, 0x00, 0xd1, 0xc1, 0x38, 0xde, 0xc9, 0xe1, 0x78, 0xfe, 0x10,
  0x38, 0x02, 0x06, 0x0f, 0xcd, 0xb7, 0x7f, 0xcd, 0xa9, 0x4e, 0x12, 0x23,
  0x13, 0x10, 0xf8, 0xaf, 0x12, 0x06, 0x40, 0x11, 0xc9, 0xfc, 0x1a, 0xe6,
  0x40, 0x20, 0x06, 0x13, 0x10, 0xf8, 0xc3, 0x6b, 0x6e, 0xc5, 0xd5, 0xcd,
  0x2a, 0x7e, 0xf5, 0x4f, 0x2e, 0x06, 0xcd, 0x1a, 0x7e, 0xd5, 0xdd, 0xe1,
  0xfd, 0xe1, 0x3e, 0xff, 0xcd, 0x1c, 0x00, 0xd1, 0xc1, 0x38, 0xe0, 0x4f,
  0x3e, 0x40, 0x90, 0x87, 0x87, 0xb1, 0xfe, 0x09, 0x38, 0xd8, 0xfe, 0xfc,
  0x30, 0xd4, 0xe1, 0xd1, 0xa7, 0xc9, 0xc5, 0xf5, 0x1f, 0x1f, 0xe6, 0x3f,
  0xcd, 0x2d, 0x7e, 0xf5, 0x4f, 0x2e, 0x06, 0xcd, 0x1a, 0x7e, 0xd5, 0xdd,
  0xe1, 0xfd, 0xe1, 0xf1, 0xe6, 0x03, 0x32, 0x99, 0xfd, 0xc1, 0xf1, 0xd1,
  0xe1, 0xc3, 0x1c, 0x00, 0xed, 0x53, 0x56, 0xf9, 0xcd, 0x64, 0x4c, 0xe5,
  0x11, 0x00, 0x00, 0xd5, 0xf5, 0xcd, 0xd0, 0x67, 0xcd, 0xdf, 0x2e, 0x41,
  0x4a, 0x53, 0x78, 0xb1, 0x28, 0x06, 0x7a, 0xb7, 0x28, 0x02, 0xc5, 0xd5,
  0xf1, 0x32, 0x3b, 0xfb, 0xe1, 0x7c, 0xb5, 0x20, 0x0a, 0x3a, 0x58, 0xf9,
  0xb7, 0xca, 0x09, 0x57, 0xc3, 0x94, 0x74, 0x22, 0x3c, 0xfb, 0xcd, 0xee,
  0x56, 0x28, 0xe5, 0x87, 0x4f, 0x2a, 0x56, 0xf9, 0x7e, 0x87, 0xcc, 0x5a,
  0x47, 0xb9, 0x28, 0x05, 0x23, 0x23, 0x23, 0x18, 0xf3, 0x01, 0xa2, 0x56,
  0xc5, 0x7e, 0x4f, 0x87, 0x30, 0x20, 0xb7, 0x1f, 0x4f, 0xc5, 0xe5, 0xcd,
  0xee, 0x56, 0x11, 0x01, 0x00, 0xca, 0xdf, 0x56, 0xcd, 0xa8, 0x64, 0xd2,
  0xdc, 0x56, 0xcd, 0x1c, 0x57, 0x37, 0x18, 0x04, 0xcd, 0x0b, 0x57, 0xb7,
  0xe1, 0xc1, 0x23, 0x7e, 0x23, 0x66, 0x6f, 0xe9, 0xcd, 0xee, 0x56, 0x28,
  0xc1, 0xc9, 0xe5, 0x21, 0x3b, 0xfb, 0x7e, 0xb7, 0x28, 0x13, 0x35, 0x2a,
  0x3c, 0xfb, 0x7e, 0x23, 0x22, 0x3c, 0xfb, 0xfe, 0x20, 0x28, 0xec, 0xfe,
  0x60, 0x38, 0x02, 0xd6, 0x20, 0xe1, 0xc9, 0xe5, 0x21, 0x3b, 0xfb, 0x34,
  0x2a, 0x3c, 0xfb, 0x2b, 0x22, 0x3c, 0xfb, 0xe1, 0xc9, 0xcd, 0xe8, 0x56,
  0xfe, 0x3d, 0xca, 0x7a, 0x57, 0xfe, 0x2b, 0x28, 0xf4, 0xfe, 0x2d, 0x20,
  0x06, 0x11, 0x95, 0x57, 0xd5, 0x18, 0xea, 0x11, 0x00, 0x00, 0xfe, 0x2c,
  0x28, 0xd5, 0xfe, 0x3b, 0xc8, 0xfe, 0x3a, 0x30, 0xce, 0xfe, 0x30, 0x38,
  0xca, 0x21, 0x00, 0x00, 0x06, 0x0a, 0x19, 0x38, 0x2a, 0x10, 0xfb, 0xd6,
  0x30, 0x5f, 0x16, 0x00, 0x19, 0x38, 0x20, 0xeb, 0xcd, 0xee, 0x56, 0x20,
  0xd9, 0xc9, 0xcd, 0xe8, 0x56, 0x11, 0x5e, 0xf5, 0xd5, 0x06, 0x28, 0xcd,
  0xa8, 0x64, 0x38, 0x0b, 0x12, 0x13, 0xfe, 0x3b, 0x28, 0x08, 0xcd, 0xe8,
  0x56, 0x10, 0xf5, 0xcd, 0x5a, 0x47, 0xe1, 0xc3, 0x9b, 0x4e, 0xcd, 0x5a,
  0x57, 0xcd, 0x8a, 0x2f, 0xeb, 0xc9, 0xcd, 0x5a, 0x57, 0x3a, 0x3b, 0xfb,
  0x2a, 0x3c, 0xfb, 0xe3, 0xf5, 0x0e, 0x02, 0xcd, 0x5e, 0x62, 0xc3, 0x79,
  0x56, 0xaf, 0x93, 0x5f, 0x9a, 0x93, 0x57, 0xc9, 0x7e, 0xfe, 0x40, 0xcc,
  0x66, 0x46, 0x01, 0x00, 0x00, 0x50, 0x59, 0xfe, 0xf2, 0x28, 0x16, 0x7e,
  0xfe, 0xdc, 0xf5, 0xcc, 0x66, 0x46, 0xcf, 0x28, 0xcd, 0x0f, 0x52, 0xd5,
  0xcf, 0x2c, 0xcd, 0x0f, 0x52, 0xcf, 0x29, 0xc1, 0xf1, 0xe5, 0x2a, 0xb7,
  0xfc, 0x28, 0x03, 0x21, 0x00, 0x00, 0x09, 0x22, 0xb7, 0xfc, 0x22, 0xb3,
  0xfc, 0x44, 0x4d, 0x2a, 0xb9, 0xfc, 0x28, 0x03, 0x21, 0x00, 0x00, 0x19,
  0x22, 0xb9, 0xfc, 0x22, 0xb5, 0xfc, 0xeb, 0xe1, 0xc9, 0x3a, 0xea, 0xf3,
  0x18, 0x03, 0x3a, 0xe9, 0xf3, 0xc3, 0xd6, 0x79, 0x57, 0xf1, 0xcd, 0x50,
  0x58, 0xe5, 0xcd, 0x0e, 0x01, 0x30, 0x06, 0xcd, 0x11, 0x01, 0xcd, 0x20,
  0x01, 0xe1, 0xc9, 0xd7, 0xe5, 0xcd, 0x14, 0x01, 0xd1, 0xe5, 0xf5, 0x2a,
  0xb5, 0xfc, 0xe5, 0x2a, 0xb3, 0xfc, 0xe5, 0x2a, 0xb9, 0xfc, 0xe5, 0x2a,
  0xb7, 0xfc, 0xe5, 0xeb, 0xcd, 0xab, 0x57, 0xe5, 0xcd, 0x0e, 0x01, 0x21,
  0xff, 0xff, 0x30, 0x09, 0xcd, 0x11, 0x01, 0xcd, 0x1d, 0x01, 0x6f, 0x26,
  0x00, 0xcd, 0x99, 0x2f, 0xd1, 0xe1, 0x22, 0xb7, 0xfc, 0xe1, 0x22, 0xb9,
  0xfc, 0xe1, 0x22, 0xb3, 0xfc, 0xe1, 0x22, 0xb5, 0xfc, 0xf1, 0xe1, 0xd5,
  0xcd, 0x17, 0x01, 0xe1, 0xc9, 0x3a, 0xe9, 0xf3, 0xc5, 0xd5, 0x5f, 0xcd,
  0xbc, 0x59, 0x2b, 0xd7, 0x28, 0x09, 0xcf, 0x2c, 0xfe, 0x2c, 0x28, 0x03,
  0xcd, 0x1c, 0x52, 0x7b, 0xe5, 0xcd, 0x1a, 0x01, 0xda, 0x5a, 0x47, 0xe1,
  0xd1, 0xc1, 0xc3, 0x6a, 0x46, 0x2a, 0xb3, 0xfc, 0x7d, 0x91, 0x6f, 0x7c,
  0x98, 0x67, 0xd0, 0xaf, 0x95, 0x6f, 0x9c, 0x95, 0x67, 0x37, 0xc9, 0x2a,
  0xb5, 0xfc, 0x7d, 0x93, 0x6f, 0x7c, 0x9a, 0x67, 0x18, 0xec, 0xe5, 0x2a,
  0xb5, 0xfc, 0xeb, 0x22, 0xb5, 0xfc, 0xe1, 0xc9, 0xcd, 0x8e, 0x58, 0xe5,
  0xc5, 0x2a, 0xb3, 0xfc, 0xe3, 0x22, 0xb3, 0xfc, 0xc1, 0xe1, 0xc9, 0xc3,
  0xe9, 0x79, 0xc5, 0xd5, 0xcf, 0xf2, 0xcd, 0xab, 0x57, 0xcd, 0x4d, 0x58,
  0xd1, 0xc1, 0x28, 0x44, 0xcf, 0x2c, 0xcf, 0x42, 0xca, 0x12, 0x59, 0xcf,
  0x46, 0xe5, 0xcd, 0x0e, 0x01, 0xcd, 0x98, 0x58, 0xcd, 0x0e, 0x01, 0xcd,
  0x83, 0x58, 0xdc, 0x8e, 0x58, 0x23, 0xe5, 0xcd, 0x71, 0x58, 0xdc, 0x9b,
  0x58, 0x23, 0xe5, 0xcd, 0x11, 0x01, 0xd1, 0xc1, 0xd5, 0xc5, 0xcd, 0x14,
  0x01, 0xf5, 0xe5, 0xeb, 0xcd, 0x23, 0x01, 0xe1, 0xf1, 0xcd, 0x17, 0x01,
  0xcd, 0x08, 0x01, 0xc1, 0xd1, 0x0b, 0x78, 0xb1, 0x20, 0xe6, 0xe1, 0xc9,
  0xc5, 0xd5, 0xe5, 0xcd, 0x3c, 0x59, 0x2a, 0xb7, 0xfc, 0x22, 0xb3, 0xfc,
  0x2a, 0xb9, 0xfc, 0x22, 0xb5, 0xfc, 0xe1, 0xd1, 0xc1, 0xc9, 0xe5, 0x2a,
  0xb5, 0xfc, 0xe5, 0xd5, 0xeb, 0xcd, 0xfc, 0x58, 0xe1, 0x22, 0xb5, 0xfc,
  0xeb, 0xcd, 0xfc, 0x58, 0xe1, 0x22, 0xb5, 0xfc, 0x2a, 0xb3, 0xfc, 0xc5,
  0x44, 0x4d, 0xcd, 0xfc, 0x58, 0xe1, 0x22, 0xb3, 0xfc, 0x44, 0x4d, 0xcd,
  0xfc, 0x58, 0xe1, 0xc9, 0xcd, 0xf3, 0xfe, 0xc3, 0x0d, 0x7a, 0xcd, 0x98,
  0x58, 0xcd, 0x0e, 0x01, 0xcd, 0x83, 0x58, 0xdc, 0x98, 0x58, 0xd5, 0xe5,
  0xcd, 0x71, 0x58, 0xeb, 0x21, 0xfc, 0x00, 0x30, 0x03, 0x21, 0xff, 0x00,
  0xe3, 0xe7, 0x30, 0x10, 0x22, 0x2d, 0xf9, 0xe1, 0x22, 0xed, 0xf3, 0x21,
  0x08, 0x01, 0x22, 0xf0, 0xf3, 0xeb, 0x18, 0x0f, 0xe3, 0x22, 0xf0, 0xf3,
  0x21, 0x08, 0x01, 0x22, 0xed, 0xf3, 0xeb, 0x22, 0x2d, 0xf9, 0xe1, 0xd1,
  0xe5, 0xcd, 0x7b, 0x58, 0x22, 0x2f, 0xf9, 0xcd, 0x11, 0x01, 0xd1, 0xd5,
  0xcd, 0xb4, 0x59, 0xc1, 0x03, 0x18, 0x07, 0xe1, 0x78, 0xb1, 0xc8, 0xcd,
  0xec, 0xf3, 0xcd, 0x20, 0x01, 0x0b, 0xe5, 0x2a, 0x2d, 0xf9, 0x19, 0xeb,
  0x2a, 0x2f, 0xf9, 0x19, 0x30, 0xe9, 0xeb, 0xe1, 0x78, 0xb1, 0xc8, 0xcd,
  0xef, 0xf3, 0x18, 0xe3, 0x7a, 0xb7, 0x1f, 0x57, 0x7b, 0x1f, 0x5f, 0xc9,
  0x3a, 0xaf, 0xfc, 0xfe, 0x02, 0xf0, 0xc3, 0x5a, 0x47, 0xc3, 0xfb, 0x79,
  0xc5, 0xd5, 0xcd, 0x4d, 0x58, 0x3a, 0xf2, 0xf3, 0x5f, 0x2b, 0xd7, 0x28,
  0x05, 0xcf, 0x2c, 0xcd, 0x1c, 0x52, 0x7b, 0xcd, 0x29, 0x01, 0xda, 0x5a,
  0x47, 0xd1, 0xc1, 0xe5, 0xcd, 0x91, 0x5e, 0xcd, 0x11, 0x01, 0x11, 0x01,
  0x00, 0x06, 0x00, 0xcd, 0xdc, 0x5a, 0x28, 0x14, 0xe5, 0xcd, 0xed, 0x5a,
  0xd1, 0x19, 0xeb, 0xaf, 0xcd, 0xce, 0x5a, 0x3e, 0x40, 0xcd, 0xce, 0x5a,
  0x06, 0xc0, 0x18, 0x1e, 0xe1, 0xc9, 0xcd, 0xbd, 0x00, 0x3a, 0x4a, 0xf9,
  0xb7, 0x28, 0x0c, 0x2a, 0x4b, 0xf9, 0xe5, 0x2a, 0x49, 0xf9, 0xe5, 0x2a,
  0x4d, 0xf9, 0xe5, 0xd1, 0xc1, 0xe1, 0x79, 0xcd, 0x17, 0x01, 0x78, 0x32,
  0x53, 0xf9, 0x87, 0x28, 0xdb, 0xd5, 0x30, 0x05, 0xcd, 0x05, 0x01, 0x18,
  0x03, 0xcd, 0x0b, 0x01, 0xd1, 0x38, 0xe4, 0x06, 0x00, 0xcd, 0xdc, 0x5a,
  0xca, 0x1f, 0x5a, 0xaf, 0x32, 0x4a, 0xf9, 0xcd, 0xed, 0x5a, 0x5d, 0x54,
  0xb7, 0x28, 0x1a, 0x2b, 0x2b, 0x7c, 0x87, 0x38, 0x14, 0xed, 0x53, 0x4d,
  0xf9, 0xcd, 0x14, 0x01, 0x22, 0x4b, 0xf9, 0x32, 0x49, 0xf9, 0x3a, 0x53,
  0xf9, 0x2f, 0x32, 0x4a, 0xf9, 0x2a, 0x51, 0xf9, 0x19, 0xeb, 0xcd, 0xc2,
  0x5a, 0x2a, 0x42, 0xf9, 0x3a, 0x44, 0xf9, 0xcd, 0x17, 0x01, 0x2a, 0x4f,
  0xf9, 0xed, 0x5b, 0x51, 0xf9, 0xb7, 0xed, 0x52, 0x28, 0x39, 0x38, 0x1c,
  0xeb, 0x06, 0x01, 0xcd, 0xdc, 0x5a, 0x28, 0x2f, 0xb7, 0x28, 0xe7, 0xeb,
  0x2a, 0x42, 0xf9, 0x3a, 0x44, 0xf9, 0x4f, 0x3a, 0x53, 0xf9, 0x47, 0xcd,
  0xd3, 0x5a, 0x18, 0xd6, 0xcd, 0x7b, 0x58, 0x2b, 0x2b, 0x7c, 0x87, 0x38,
  0x12, 0x23, 0xe5, 0xcd, 0xff, 0x00, 0x2b, 0x7c, 0xb5, 0x20, 0xf8, 0xd1,
  0x3a, 0x53, 0xf9, 0x2f, 0xcd, 0xce, 0x5a, 0xc3, 0x0a, 0x5a, 0x3a, 0x54,
  0xf9, 0x4f, 0x3a, 0x55, 0xf9, 0xb1, 0xc8, 0x3a, 0x53, 0xf9, 0x47, 0xcd,
  0x14, 0x01, 0x4f, 0xe3, 0xc5, 0xd5, 0xe5, 0x0e, 0x02, 0xc3, 0x5e, 0x62,
  0xcd, 0x2c, 0x01, 0xed, 0x53, 0x4f, 0xf9, 0x22, 0x51, 0xf9, 0x7c, 0xb5,
  0x79, 0x32, 0x55, 0xf9, 0xc9, 0xcd, 0x14, 0x01, 0xe5, 0xf5, 0x2a, 0x42,
  0xf9, 0x3a, 0x44, 0xf9, 0xcd, 0x17, 0x01, 0xf1, 0xe1, 0x22, 0x42, 0xf9,
  0x32, 0x44, 0xf9, 0xcd, 0x2f, 0x01, 0x79, 0x32, 0x54, 0xf9, 0xc9, 0xeb,
  0xcd, 0x7b, 0x58, 0xeb, 0xc9, 0xcd, 0x9c, 0x57, 0xcf, 0x2c, 0xcd, 0x0f,
  0x52, 0xe5, 0xeb, 0x22, 0xb3, 0xfc, 0xcd, 0x99, 0x2f, 0xcd, 0xb2, 0x2f,
  0x01, 0x40, 0x70, 0x11, 0x71, 0x07, 0xcd, 0x5c, 0x32, 0xcd, 0x8a, 0x2f,
  0x22, 0x36, 0xf9, 0xaf, 0x32, 0x35, 0xf9, 0x32, 0x41, 0xf9, 0xe1, 0xcd,
  0x4d, 0x58, 0x0e, 0x01, 0x11, 0x00, 0x00, 0xcd, 0x17, 0x5d, 0xd5, 0x0e,
  0x80, 0x11, 0xff, 0xff, 0xcd, 0x17, 0x5d, 0xe3, 0xaf, 0xeb, 0xe7, 0x3e,
  0x00, 0x30, 0x0f, 0x3d, 0xeb, 0xf5, 0x3a, 0x35, 0xf9, 0x4f, 0x07, 0x07,
  0xb1, 0x0f, 0x32, 0x35, 0xf9, 0xf1, 0x32, 0x38, 0xf9, 0xed, 0x53, 0x3f,
  0xf9, 0x22, 0x33, 0xf9, 0xe1, 0x2b, 0xd7, 0x20, 0x10, 0xe5, 0xcd, 0x26,
  0x01, 0x7c, 0xb7, 0x28, 0x32, 0x3e, 0x01, 0x32, 0x41, 0xf9, 0xeb, 0x18,
  0x2a, 0xcf, 0x2c, 0xcd, 0x64, 0x4c, 0xe5, 0xcd, 0xb2, 0x2f, 0xcd, 0x71,
  0x2e, 0xca, 0x5a, 0x47, 0xfa, 0x5a, 0x47, 0xcd, 0x63, 0x5d, 0x20, 0x07,
  0x3c, 0x32, 0x41, 0xf9, 0xcd, 0x67, 0x32, 0x01, 0x43, 0x25, 0x11, 0x60,
  0x00, 0xcd, 0x5c, 0x32, 0xcd, 0x8a, 0x2f, 0x22, 0x31, 0xf9, 0x11, 0x00,
  0x00, 0xed, 0x53, 0x3d, 0xf9, 0x2a, 0xb3, 0xfc, 0x29, 0xcd, 0xbd, 0x00,
  0x7b, 0x1f, 0x38, 0x16, 0xd5, 0xe5, 0x23, 0xeb, 0xcd, 0xb4, 0x59, 0xeb,
  0x13, 0xcd, 0xb4, 0x59, 0xcd, 0x06, 0x5c, 0xd1, 0xe1, 0xe7, 0xd2, 0x08,
  0x5a, 0xeb, 0x44, 0x4d, 0x2a, 0x3d, 0xf9, 0x23, 0x19, 0x19, 0x7c, 0x87,
  0x38, 0x0c, 0xd5, 0xeb, 0x60, 0x69, 0x29, 0x2b, 0xeb, 0xb7, 0xed, 0x52,
  0x0b, 0xd1, 0x22, 0x3d, 0xf9, 0x60, 0x69, 0x13, 0x18, 0xc3, 0xd5, 0xcd,
  0xeb, 0x5c, 0xe1, 0x3a, 0x41, 0xf9, 0xb7, 0xc8, 0xeb, 0xc9, 0xed, 0x53,
  0x39, 0xf9, 0xe5, 0x21, 0x00, 0x00, 0x22, 0x3b, 0xf9, 0xcd, 0xfa, 0x5b,
  0x22, 0x45, 0xf9, 0xe1, 0xeb, 0xe5, 0xcd, 0xfa, 0x5b, 0xed, 0x53, 0x47,
  0xf9, 0xd1, 0xcd, 0x0b, 0x5b, 0xcd, 0x48, 0x5c, 0xe5, 0xd5, 0x2a, 0x36,
  0xf9, 0x22, 0x3b, 0xf9, 0xed, 0x5b, 0x39, 0xf9, 0xb7, 0xed, 0x52, 0x22,
  0x39, 0xf9, 0x2a, 0x45, 0xf9, 0xcd, 0x7b, 0x58, 0x22, 0x45, 0xf9, 0xd1,
  0xe1, 0xcd, 0x0b, 0x5b, 0x3e, 0x04, 0xf5, 0xe5, 0xd5, 0xe5, 0xd5, 0xed,
  0x5b, 0x3b, 0xf9, 0x2a, 0x36, 0xf9, 0x29, 0x19, 0x22, 0x3b, 0xf9, 0x2a,
  0x39, 0xf9, 0x19, 0xeb, 0x2a, 0x3f, 0xf9, 0xe7, 0x28, 0x1a, 0x30, 0x08,
  0x2a, 0x33, 0xf9, 0xe7, 0x28, 0x0a, 0x30, 0x20, 0x3a, 0x38, 0xf9, 0xb7,
  0x20, 0x24, 0x18, 0x1e, 0x3a, 0x35, 0xf9, 0x87, 0x30, 0x1c, 0x18, 0x06,
  0x3a, 0x35, 0xf9, 0x1f, 0x30, 0x14, 0xd1, 0xe1, 0xcd, 0xdc, 0x5c, 0xcd,
  0xcd, 0x5c, 0x18, 0x1a, 0x3a, 0x38, 0xf9, 0xb7, 0x28, 0x04, 0xd1, 0xe1,
  0x18, 0x10, 0xd1, 0xe1, 0xcd, 0xdc, 0x5c, 0xcd, 0x0e, 0x01, 0x30, 0x06,
  0xcd, 0x11, 0x01, 0xcd, 0x20, 0x01, 0xd1, 0xe1, 0xf1, 0x3d, 0xc8, 0xf5,
  0xd5, 0xed, 0x5b, 0x45, 0xf9, 0xcd, 0x0b, 0x5b, 0x22, 0x45, 0xf9, 0xeb,
  0xd1, 0xe5, 0x2a, 0x47, 0xf9, 0xeb, 0x22, 0x47, 0xf9, 0xcd, 0x0b, 0x5b,
  0xe1, 0xf1, 0xc3, 0x4a, 0x5c, 0x2a, 0xb7, 0xfc, 0x22, 0xb3, 0xfc, 0x2a,
  0xb9, 0xfc, 0x22, 0xb5, 0xfc, 0xc3, 0x3c, 0x59, 0xd5, 0xed, 0x5b, 0xb7,
  0xfc, 0x19, 0x44, 0x4d, 0xd1, 0x2a, 0xb9, 0xfc, 0x19, 0xeb, 0xc9, 0x2a,
  0x31, 0xf9, 0x7d, 0xb7, 0x20, 0x04, 0xb4, 0xc0, 0xeb, 0xc9, 0x4a, 0x16,
  0x00, 0xf5, 0xcd, 0x0a, 0x5d, 0x1e, 0x80, 0x19, 0x59, 0x4c, 0xf1, 0xcd,
  0x0a, 0x5d, 0x59, 0x19, 0xeb, 0xc9, 0x06, 0x08, 0x21, 0x00, 0x00, 0x29,
  0x87, 0x30, 0x01, 0x19, 0x10, 0xf9, 0xc9, 0x2b, 0xd7, 0xc8, 0xcf, 0x2c,
  0xfe, 0x2c, 0xc8, 0xc5, 0xcd, 0x64, 0x4c, 0xe3, 0xe5, 0xcd, 0xb2, 0x2f,
  0xc1, 0x21, 0xf6, 0xf7, 0x7e, 0xb7, 0xf2, 0x3a, 0x5d, 0xe6, 0x7f, 0x77,
  0x21, 0x35, 0xf9, 0x7e, 0xb1, 0x77, 0x01, 0x40, 0x15, 0x11, 0x91, 0x55,
  0xcd, 0x5c, 0x32, 0xcd, 0x63, 0x5d, 0xca, 0x5a, 0x47, 0xcd, 0xb1, 0x2e,
  0x2a, 0x36, 0xf9, 0x29, 0x29, 0x29, 0xcd, 0x99, 0x2f, 0xcd, 0xb2, 0x2f,
  0xc1, 0xd1, 0xcd, 0x5c, 0x32, 0xcd, 0x8a, 0x2f, 0xd1, 0xeb, 0xc9, 0x01,
  0x41, 0x10, 0x11, 0x00, 0x00, 0xcd, 0x21, 0x2f, 0x3d, 0xc9, 0x3a, 0xaf,
  0xfc, 0xfe, 0x02, 0xda, 0x5a, 0x47, 0x11, 0x83, 0x5d, 0xaf, 0x32, 0xbb,
  0xfc, 0x32, 0x58, 0xf9, 0xc3, 0x6c, 0x56, 0xd5, 0xb1, 0x5d, 0xc4, 0xb4,
  0x5d, 0xcc, 0xb9, 0x5d, 0xd2, 0xbc, 0x5d, 0x4d, 0xd8, 0x5d, 0xc5, 0xca,
  0x5d, 0xc6, 0xc6, 0x5d, 0xc7, 0xd1, 0x5d, 0xc8, 0xc3, 0x5d, 0xc1, 0x4e,
  0x5e, 0x42, 0x46, 0x5e, 0x4e, 0x42, 0x5e, 0x58, 0x82, 0x57, 0xc3, 0x87,
  0x5e, 0xd3, 0x59, 0x5e, 0x00, 0xcd, 0x0b, 0x5b, 0x01, 0x00, 0x00, 0x18,
  0x46, 0xcd, 0x0b, 0x5b, 0x42, 0x4b, 0x11, 0x00, 0x00, 0x18, 0x3c, 0xcd,
  0x0b, 0x5b, 0x42, 0x4b, 0x18, 0x35, 0x42, 0x4b, 0xcd, 0x0b, 0x5b, 0x18,
  0x2e, 0xcd, 0x0b, 0x5b, 0x42, 0x4b, 0x18, 0xf4, 0xcd, 0xe8, 0x56, 0x06,
  0x00, 0xfe, 0x2b, 0x28, 0x05, 0xfe, 0x2d, 0x28, 0x01, 0x04, 0x78, 0xf5,
  0xcd, 0x0b, 0x57, 0xcd, 0x19, 0x57, 0xd5, 0xcd, 0xe8, 0x56, 0xfe, 0x2c,
  0xc2, 0x5a, 0x47, 0xcd, 0x19, 0x57, 0xc1, 0xf1, 0xb7, 0x20, 0x23, 0xcd,
  0x66, 0x5e, 0xd5, 0x50, 0x59, 0xcd, 0x66, 0x5e, 0xeb, 0xd1, 0x3a, 0xbd,
  0xfc, 0x1f, 0x30, 0x06, 0xf5, 0xcd, 0x7b, 0x58, 0xeb, 0xf1, 0x1f, 0x30,
  0x06, 0xcd, 0x7b, 0x58, 0xcd, 0x0b, 0x5b, 0xcd, 0xdc, 0x5c, 0x3a, 0xbb,
  0xfc, 0x87, 0x38, 0x09, 0xf5, 0xc5, 0xd5, 0xcd, 0xcd, 0x5c, 0xd1, 0xc1,
  0xf1, 0x87, 0x38, 0x09, 0xed, 0x53, 0xb9, 0xfc, 0x60, 0x69, 0x22, 0xb7,
  0xfc, 0xaf, 0x32, 0xbb, 0xfc, 0xc9, 0x3e, 0x40, 0x18, 0x02, 0x3e, 0x80,
  0x21, 0xbb, 0xfc, 0xb6, 0x77, 0xc9, 0x30, 0x09, 0x7b, 0xfe, 0x04, 0x30,
  0x04, 0x32, 0xbd, 0xfc, 0xc9, 0xd2, 0x5a, 0x47, 0x7a, 0xb7, 0xc2, 0x5a,
  0x47, 0x7b, 0x32, 0xbc, 0xfc, 0xc9, 0x3a, 0xbc, 0xfc, 0xb7, 0xc8, 0x21,
  0x00, 0x00, 0x19, 0x3d, 0x20, 0xfc, 0xeb, 0x7a, 0x87, 0xf5, 0x30, 0x01,
  0x1b, 0xcd, 0xb4, 0x59, 0xcd, 0xb4, 0x59, 0xf1, 0xd0, 0x7a, 0xf6, 0xc0,
  0x57, 0x13, 0xc9, 0x30, 0xd0, 0x7b, 0xcd, 0x1a, 0x01, 0xda, 0x5a, 0x47,
  0xc9, 0xe5, 0xcd, 0x0e, 0x01, 0xd2, 0x5a, 0x47, 0xe1, 0xc9, 0x2b, 0xd7,
  0xc8, 0xcf, 0x2c, 0x01, 0x9a, 0x5e, 0xc5, 0xf6, 0xaf, 0x32, 0x62, 0xf6,
  0x4e, 0xcd, 0xa2, 0xff, 0xcd, 0xa7, 0x64, 0xda, 0x55, 0x40, 0xaf, 0x47,
  0xd7, 0x38, 0x05, 0xcd, 0xa8, 0x64, 0x38, 0x09, 0x47, 0xd7, 0x38, 0xfd,
  0xcd, 0xa8, 0x64, 0x30, 0xf8, 0xfe, 0x26, 0x30, 0x17, 0x11, 0xee, 0x5e,
  0xd5, 0x16, 0x02, 0xfe, 0x25, 0xc8, 0x14, 0xfe, 0x24, 0xc8, 0x14, 0xfe,
  0x21, 0xc8, 0x16, 0x08, 0xfe, 0x23, 0xc8, 0xf1, 0x79, 0xe6, 0x7f, 0x5f,
  0x16, 0x00, 0xe5, 0x21, 0x89, 0xf6, 0x19, 0x56, 0xe1, 0x2b, 0x7a, 0x32,
  0x63, 0xf6, 0xd7, 0x3a, 0xa5, 0xf6, 0x3d, 0xca, 0xe8, 0x5f, 0xf2, 0x08,
  0x5f, 0x7e, 0xd6, 0x28, 0xca, 0xba, 0x5f, 0xd6, 0x33, 0xca, 0xba, 0x5f,
  0xaf, 0x32, 0xa5, 0xf6, 0xe5, 0x3a, 0xb7, 0xf7, 0xb7, 0x32, 0xb4, 0xf7,
  0x28, 0x3c, 0x2a, 0xe6, 0xf6, 0x11, 0xe8, 0xf6, 0x19, 0x22, 0xb5, 0xf7,
  0xeb, 0x18, 0x17, 0x1a, 0x6f, 0x13, 0x1a, 0x13, 0xb9, 0x20, 0x0b, 0x3a,
  0x63, 0xf6, 0xbd, 0x20, 0x05, 0x1a, 0xb8, 0xca, 0xa4, 0x5f, 0x13, 0x26,
  0x00, 0x19, 0xeb, 0x3a, 0xb5, 0xf7, 0xbb, 0xc2, 0x23, 0x5f, 0x3a, 0xb6,
  0xf7, 0xba, 0x20, 0xdb, 0x3a, 0xb4, 0xf7, 0xb7, 0x28, 0x18, 0xaf, 0x32,
  0xb4, 0xf7, 0x2a, 0xc4, 0xf6, 0x22, 0xb5, 0xf7, 0x2a, 0xc2, 0xf6, 0x18,
  0xdd, 0xcd, 0xa4, 0x5e, 0xc9, 0x57, 0x5f, 0xc1, 0xe3, 0xc9, 0xe1, 0xe3,
  0xd5, 0x11, 0x60, 0x5f, 0xe7, 0x28, 0xf2, 0x11, 0x9e, 0x4e, 0xe7, 0xd1,
  0x28, 0x31, 0xe3, 0xe5, 0xc5, 0x3a, 0x63, 0xf6, 0x4f, 0xc5, 0x06, 0x00,
  0x03, 0x03, 0x03, 0x2a, 0xc6, 0xf6, 0xe5, 0x09, 0xc1, 0xe5, 0xcd, 0x50,
  0x62, 0xe1, 0x22, 0xc6, 0xf6, 0x60, 0x69, 0x22, 0xc4, 0xf6, 0x2b, 0x36,
  0x00, 0xe7, 0x20, 0xfa, 0xd1, 0x73, 0x23, 0xd1, 0x73, 0x23, 0x72, 0xeb,
  0x13, 0xe1, 0xc9, 0x32, 0xf6, 0xf7, 0x67, 0x6f, 0x22, 0xf8, 0xf7, 0xef,
  0x20, 0x06, 0x21, 0xd6, 0x3f, 0x22, 0xf8, 0xf7, 0xe1, 0xc9, 0xe5, 0x2a,
  0x62, 0xf6, 0xe3, 0x57, 0xd5, 0xc5, 0xcd, 0x55, 0x47, 0xc1, 0xf1, 0xeb,
  0xe3, 0xe5, 0xeb, 0x3c, 0x57, 0x7e, 0xfe, 0x2c, 0xca, 0xc0, 0x5f, 0xfe,
  0x29, 0x28, 0x05, 0xfe, 0x5d, 0xc2, 0x55, 0x40, 0xd7, 0x22, 0xbc, 0xf6,
  0xe1, 0x22, 0x62, 0xf6, 0x1e, 0x00, 0xd5, 0x11, 0xe5, 0xf5, 0x2a, 0xc4,
  0xf6, 0x3e, 0x19, 0xed, 0x5b, 0xc6, 0xf6, 0xe7, 0x28, 0x2d, 0x5e, 0x23,
  0x7e, 0x23, 0xb9, 0x20, 0x08, 0x3a, 0x63, 0xf6, 0xbb, 0x20, 0x02, 0x7e,
  0xb8, 0x23, 0x5e, 0x23, 0x56, 0x23, 0x20, 0xe2, 0x3a, 0x62, 0xf6, 0xb7,
  0xc2, 0x5e, 0x40, 0xf1, 0x44, 0x4d, 0xca, 0x97, 0x32, 0x96, 0xca, 0x7d,
  0x60, 0x11, 0x09, 0x00, 0xc3, 0x6f, 0x40, 0x3a, 0x63, 0xf6, 0x77, 0x23,
  0x5f, 0x16, 0x00, 0xf1, 0xca, 0x5a, 0x47, 0x71, 0x23, 0x70, 0x23, 0x4f,
  0xcd, 0x5e, 0x62, 0x23, 0x23, 0x22, 0x9d, 0xf6, 0x71, 0x23, 0x3a, 0x62,
  0xf6, 0x17, 0x79, 0x01, 0x0b, 0x00, 0x30, 0x02, 0xc1, 0x03, 0x71, 0xf5,
  0x23, 0x70, 0x23, 0xcd, 0x4a, 0x31, 0xf1, 0x3d, 0x20, 0xed, 0xf5, 0x42,
  0x4b, 0xeb, 0x19, 0xda, 0x75, 0x62, 0xcd, 0x67, 0x62, 0x22, 0xc6, 0xf6,
  0x2b, 0x36, 0x00, 0xe7, 0x20, 0xfa, 0x03, 0x57, 0x2a, 0x9d, 0xf6, 0x5e,
  0xeb, 0x29, 0x09, 0xeb, 0x2b, 0x2b, 0x73, 0x23, 0x72, 0x23, 0xf1, 0x38,
  0x30, 0x47, 0x4f, 0x7e, 0x23, 0x16, 0xe1, 0x5e, 0x23, 0x56, 0x23, 0xe3,
  0xf5, 0xe7, 0xd2, 0x1d, 0x60, 0xcd, 0x4a, 0x31, 0x19, 0xf1, 0x3d, 0x44,
  0x4d, 0x20, 0xeb, 0x3a, 0x63, 0xf6, 0x44, 0x4d, 0x29, 0xd6, 0x04, 0x38,
  0x04, 0x29, 0x28, 0x06, 0x29, 0xb7, 0xe2, 0xaa, 0x60, 0x09, 0xc1, 0x09,
  0xeb, 0x2a, 0xbc, 0xf6, 0xc9, 0xcd, 0x65, 0x4c, 0xcd, 0x58, 0x30, 0xcf,
  0x3b, 0xeb, 0x2a, 0xf8, 0xf7, 0x18, 0x08, 0x3a, 0xa6, 0xf6, 0xb7, 0x28,
  0x0d, 0xd1, 0xeb, 0xe5, 0xaf, 0x32, 0xa6, 0xf6, 0x3c, 0xf5, 0xd5, 0x46,
  0x04, 0x05, 0xca, 0x5a, 0x47, 0x23, 0x7e, 0x23, 0x66, 0x6f, 0x18, 0x1a,
  0x58, 0xe5, 0x0e, 0x02, 0x7e, 0x23, 0xfe, 0x5c, 0xca, 0x10, 0x62, 0xfe,
  0x20, 0x20, 0x03, 0x0c, 0x10, 0xf2, 0xe1, 0x43, 0x3e, 0x5c, 0xcd, 0x46,
  0x62, 0xdf, 0xaf, 0x5f, 0x57, 0xcd, 0x46, 0x62, 0x57, 0x7e, 0x23, 0xfe,
  0x21, 0xca, 0x0d, 0x62, 0xfe, 0x23, 0x28, 0x3c, 0xfe, 0x26, 0xca, 0x09,
  0x62, 0x05, 0xca, 0xf5, 0x61, 0xfe, 0x2b, 0x3e, 0x08, 0x28, 0xe2, 0x2b,
  0x7e, 0x23, 0xfe, 0x2e, 0x28, 0x40, 0xfe, 0x5c, 0x28, 0xba, 0xbe, 0x20,
  0xcd, 0xfe, 0x24, 0x28, 0x14, 0xfe, 0x2a, 0x20, 0xc5, 0x23, 0x78, 0xfe,
  0x02, 0x38, 0x03, 0x7e, 0xfe, 0x24, 0x3e, 0x20, 0x20, 0x07, 0x05, 0x1c,
  0xfe, 0xaf, 0xc6, 0x10, 0x23, 0x1c, 0x82, 0x57, 0x1c, 0x0e, 0x00, 0x05,
  0x28, 0x48, 0x7e, 0x23, 0xfe, 0x2e, 0x28, 0x19, 0xfe, 0x23, 0x28, 0xf0,
  0xfe, 0x2c, 0x20, 0x1b, 0x7a, 0xf6, 0x40, 0x57, 0x18, 0xe6, 0x7e, 0xfe,
  0x23, 0x3e, 0x2e, 0xc2, 0xf2, 0x60, 0x0e, 0x01, 0x23, 0x0c, 0x05, 0x28,
  0x25, 0x7e, 0x23, 0xfe, 0x23, 0x28, 0xf6, 0xd5, 0x11, 0x90, 0x61, 0xd5,
  0x54, 0x5d, 0xfe, 0x5e, 0xc0, 0xbe, 0xc0, 0x23, 0xbe, 0xc0, 0x23, 0xbe,
  0xc0, 0x23, 0x78, 0xd6, 0x04, 0xd8, 0xd1, 0xd1, 0x47, 0x14, 0x23, 0xca,
  0xeb, 0xd1, 0x7a, 0x2b, 0x1c, 0xe6, 0x08, 0x20, 0x15, 0x1d, 0x78, 0xb7,
  0x28, 0x10, 0x7e, 0xd6, 0x2d, 0x28, 0x06, 0xfe, 0xfe, 0x20, 0x07, 0x3e,
  0x08, 0xc6, 0x04, 0x82, 0x57, 0x05, 0xe1, 0xf1, 0x28, 0x4c, 0xc5, 0xd5,
  0xcd, 0x64, 0x4c, 0xd1, 0xc1, 0xc5, 0xe5, 0x43, 0x78, 0x81, 0xfe, 0x19,
  0xd2, 0x5a, 0x47, 0x7a, 0xf6, 0x80, 0xcd, 0x26, 0x34, 0xcd, 0x78, 0x66,
  0xe1, 0x2b, 0xd7, 0x37, 0x28, 0x0b, 0x32, 0xa6, 0xf6, 0xfe, 0x3b, 0x28,
  0x03, 0xcf, 0x2c, 0x06, 0xd7, 0xc1, 0xeb, 0xe1, 0xe5, 0xf5, 0xd5, 0x7e,
  0x90, 0x23, 0x16, 0x00, 0x5f, 0x7e, 0x23, 0x66, 0x6f, 0x19, 0x78, 0xb7,
  0xc2, 0xf6, 0x60, 0x18, 0x04, 0xcd, 0x46, 0x62, 0xdf, 0xe1, 0xf1, 0xc2,
  0xbf, 0x60, 0xdc, 0x28, 0x73, 0xe3, 0xcd, 0xd6, 0x67, 0xe1, 0xc3, 0xff,
  0x4a, 0x0e, 0x00, 0x18, 0x04, 0x0e, 0x01, 0x3e, 0xf1, 0x05, 0xcd, 0x46,
  0x62, 0xe1, 0xf1, 0x28, 0xe5, 0xc5, 0xcd, 0x64, 0x4c, 0xcd, 0x58, 0x30,
  0xc1, 0xc5, 0xe5, 0x2a, 0xf8, 0xf7, 0x41, 0x0e, 0x00, 0x78, 0xf5, 0xb7,
  0xc4, 0x68, 0x68, 0xcd, 0x7b, 0x66, 0x2a, 0xf8, 0xf7, 0xf1, 0xb7, 0xca,
  0xcc, 0x61, 0x96, 0x47, 0x3e, 0x20, 0x04, 0x05, 0xca, 0xcc, 0x61, 0xdf,
  0x18, 0xf9, 0xf5, 0x7a, 0xb7, 0x3e, 0x2b, 0xc4, 0x18, 0x00, 0xf1, 0xc9,
  0xcd, 0x67, 0x62, 0xc5, 0xe3, 0xc1, 0xe7, 0x7e, 0x02, 0xc8, 0x0b, 0x2b,
  0x18, 0xf8, 0xe5, 0x2a, 0xc6, 0xf6, 0x06, 0x00, 0x09, 0x09, 0x3e, 0xe5,
  0x3e, 0x60, 0x95, 0x6f, 0x3e, 0xff, 0x9c, 0x67, 0x38, 0x03, 0x39, 0xe1,
  0xd8, 0xcd, 0x53, 0x42, 0x2a, 0x74, 0xf6, 0x2b, 0x2b, 0x22, 0xb1, 0xf6,
  0x11, 0x07, 0x00, 0xc3, 0x6f, 0x40, 0xc0, 0x2a, 0x76, 0xf6, 0xcd, 0x39,
  0x64, 0x32, 0xaa, 0xf6, 0x32, 0xa9, 0xf6, 0x77, 0x23, 0x77, 0x23, 0x22,
  0xc2, 0xf6, 0xcd, 0xcb, 0xfe, 0x2a, 0x76, 0xf6, 0x2b, 0xcd, 0xd0, 0xfe,
  0x22, 0xa7, 0xf6, 0xcd, 0x6e, 0x63, 0x06, 0x1a, 0x21, 0xca, 0xf6, 0xcd,
  0xd5, 0xfe, 0x36, 0x08, 0x23, 0x10, 0xfb, 0xcd, 0x24, 0x2c, 0xaf, 0x32,
  0xbb, 0xf6, 0x6f, 0x67, 0x22, 0xb9, 0xf6, 0x22, 0xc0, 0xf6, 0x2a, 0x72,
  0xf6, 0x22, 0x9b, 0xf6, 0xcd, 0xc9, 0x63, 0x2a, 0xc2, 0xf6, 0x22, 0xc4,
  0xf6, 0x22, 0xc6, 0xf6, 0xcd, 0x1c, 0x6c, 0x3a, 0x7c, 0xf8, 0xe6, 0x01,
  0x20, 0x03, 0x32, 0x7c, 0xf8, 0xc1, 0x2a, 0x74, 0xf6, 0x2b, 0x2b, 0x22,
  0xb1, 0xf6, 0x23, 0x23, 0xcd, 0xda, 0xfe, 0xf9, 0x21, 0x7a, 0xf6, 0x22,
  0x78, 0xf6, 0xcd, 0x04, 0x73, 0xcd, 0xff, 0x4a, 0xaf, 0x67, 0x6f, 0x22,
  0xe6, 0xf6, 0x32, 0xb7, 0xf7, 0x22, 0x4e, 0xf7, 0x22, 0xba, 0xf7, 0x22,
  0xe4, 0xf6, 0x32, 0xa5, 0xf6, 0xe5, 0xc5, 0x2a, 0xa7, 0xf6, 0xc9, 0xf3,
  0x7e, 0xe6, 0x04, 0xf6, 0x01, 0xbe, 0x77, 0x28, 0x04, 0xe6, 0x04, 0x20,
  0x26, 0xfb, 0xc9, 0xf3, 0x7e, 0x36, 0x00, 0x18, 0x07, 0xf3, 0x7e, 0xf5,
  0xf6, 0x02, 0x77, 0xf1, 0xee, 0x05, 0x28, 0x26, 0xfb, 0xc9, 0xf3, 0x7e,
  0xe6, 0x05, 0xbe, 0x77, 0x20, 0x02, 0xfb, 0xc9, 0xee, 0x05, 0x28, 0x03,
  0xfb, 0xc9, 0xf3, 0x3a, 0xd8, 0xfb, 0x3c, 0x32, 0xd8, 0xfb, 0xfb, 0xc9,
  0xf3, 0x7e, 0xe6, 0x03, 0xbe, 0x77, 0x20, 0x02, 0xfb, 0xc9, 0x3a, 0xd8,
  0xfb, 0xd6, 0x01, 0x38, 0xf7, 0x32, 0xd8, 0xfb, 0xfb, 0xc9, 0x21, 0x4c,
  0xfc, 0x06, 0x1a, 0xaf, 0x77, 0x23, 0x77, 0x23, 0x77, 0x23, 0x10, 0xf8,
  0x21, 0xce, 0xfb, 0x06, 0x0a, 0x77, 0x23, 0x10, 0xfc, 0x32, 0xd8, 0xfb,
  0xc9, 0x3a, 0xbb, 0xf6, 0xb7, 0xc0, 0xe5, 0x2a, 0x1c, 0xf4, 0x7c, 0xa5,
  0x3c, 0x28, 0x0f, 0x21, 0x4c, 0xfc, 0x06, 0x1a, 0x7e, 0xfe, 0x05, 0x28,
  0x07, 0x23, 0x23, 0x23, 0x10, 0xf6, 0xe1, 0xc9, 0xc5, 0x23, 0x5e, 0x23,
  0x56, 0x2b, 0x2b, 0x7a, 0xb3, 0xc1, 0x28, 0xed, 0xd5, 0xe5, 0xcd, 0x58,
  0x63, 0xcd, 0x31, 0x63, 0x0e, 0x03, 0xcd, 0x5e, 0x62, 0xc1, 0xd1, 0xe1,
  0xe3, 0xe1, 0xc3, 0xcf, 0x47, 0xeb, 0x2a, 0x76, 0xf6, 0x28, 0x0e, 0xeb,
  0xcd, 0x69, 0x47, 0xe5, 0xcd, 0x95, 0x42, 0x60, 0x69, 0xd1, 0xd2, 0x1c,
  0x48, 0x2b, 0x22, 0xc8, 0xf6, 0xeb, 0xc9, 0xc2, 0xa5, 0x77, 0xc0, 0x3c,
  0x18, 0x0a, 0xc0, 0xaf, 0x32, 0xbb, 0xf6, 0xf5, 0xcc, 0x1c, 0x6c, 0xf1,
  0x22, 0xaf, 0xf6, 0x21, 0x7a, 0xf6, 0x22, 0x78, 0xf6, 0x21, 0xf6, 0xff,
  0xc1, 0x2a, 0x1c, 0xf4, 0xe5, 0xf5, 0x7d, 0xa4, 0x3c, 0x28, 0x09, 0x22,
  0xbe, 0xf6, 0x2a, 0xaf, 0xf6, 0x22, 0xc0, 0xf6, 0xcd, 0x04, 0x73, 0xcd,
  0x23, 0x73, 0xf1, 0x21, 0xdc, 0x3f, 0xc2, 0xfd, 0x40, 0xc3, 0x1e, 0x41,
  0x2a, 0xc0, 0xf6, 0x7c, 0xb5, 0x11, 0x11, 0x00, 0xca, 0x6f, 0x40, 0xed,
  0x5b, 0xbe, 0xf6, 0xed, 0x53, 0x1c, 0xf4, 0xc9, 0x3e, 0xaf, 0x32, 0xc4,
  0xf7, 0xc9, 0xcd, 0xa4, 0x5e, 0xd5, 0xe5, 0x21, 0xbc, 0xf7, 0xcd, 0xf3,
  0x2e, 0x2a, 0xc4, 0xf6, 0xe3, 0xef, 0xf5, 0xcf, 0x2c, 0xcd, 0xa4, 0x5e,
  0xf1, 0x47, 0xef, 0xb8, 0xc2, 0x6d, 0x40, 0xe3, 0xeb, 0xe5, 0x2a, 0xc4,
  0xf6, 0xe7, 0x20, 0x10, 0xd1, 0xe1, 0xe3, 0xd5, 0xcd, 0xf3, 0x2e, 0xe1,
  0x11, 0xbc, 0xf7, 0xcd, 0xf3, 0x2e, 0xe1, 0xc9, 0xc3, 0x5a, 0x47, 0x3e,
  0x01, 0x32, 0xa5, 0xf6, 0xcd, 0xa4, 0x5e, 0xe5, 0x32, 0xa5, 0xf6, 0x60,
  0x69, 0x0b, 0x0b, 0x0b, 0x0b, 0x0b, 0x19, 0xeb, 0x2a, 0xc6, 0xf6, 0xe7,
  0x1a, 0x02, 0x13, 0x03, 0x20, 0xf9, 0x0b, 0x60, 0x69, 0x22, 0xc6, 0xf6,
  0xe1, 0x7e, 0xfe, 0x2c, 0xc0, 0xd7, 0x18, 0xd3, 0xf1, 0xe1, 0xc9, 0x7e,
  0xfe, 0x41, 0xd8, 0xfe, 0x5b, 0x3f, 0xc9, 0xca, 0xa1, 0x62, 0xcd, 0x56,
  0x47, 0x2b, 0xd7, 0xe5, 0x2a, 0x4a, 0xfc, 0x44, 0x4d, 0x2a, 0x72, 0xf6,
  0x28, 0x2a, 0xe1, 0xcf, 0x2c, 0xd5, 0xcd, 0x2f, 0x54, 0x2b, 0xd7, 0xc2,
  0x55, 0x40, 0xe3, 0xeb, 0x7c, 0xa7, 0xf2, 0x5a, 0x47, 0xd5, 0x11, 0x81,
  0xf3, 0xe7, 0xd2, 0x5a, 0x47, 0xd1, 0xe5, 0x01, 0xf5, 0xfe, 0x3a, 0x5f,
  0xf8, 0x09, 0x3d, 0xc3, 0x1f, 0x7a, 0xc1, 0x2b, 0x7d, 0x93, 0x5f, 0x7c,
  0x9a, 0x57, 0xda, 0x75, 0x62, 0xe5, 0x2a, 0xc2, 0xf6, 0xc5, 0x01, 0xa0,
  0x00, 0x09, 0xc1, 0xe7, 0xd2, 0x75, 0x62, 0xeb, 0x22, 0x74, 0xf6, 0x60,
  0x69, 0x22, 0x4a, 0xfc, 0xe1, 0x22, 0x72, 0xf6, 0xe1, 0xcd, 0xa1, 0x62,
  0x3a, 0x5f, 0xf8, 0xcd, 0x6b, 0x7e, 0x2a, 0xa7, 0xf6, 0xc3, 0x01, 0x46,
  0x7d, 0x93, 0x5f, 0x7c, 0x9a, 0x57, 0xc9, 0x11, 0x00, 0x00, 0xc4, 0xa4,
  0x5e, 0x22, 0xa7, 0xf6, 0xcd, 0xe2, 0x3f, 0xc2, 0x5b, 0x40, 0xf9, 0xd5,
  0x7e, 0xf5, 0x23, 0xd5, 0x7e, 0x23, 0xb7, 0xfa, 0x6b, 0x65, 0x3d, 0x20,
  0x04, 0x01, 0x08, 0x00, 0x09, 0xc6, 0x04, 0x32, 0x63, 0xf6, 0xcd, 0x08,
  0x2f, 0xeb, 0xe3, 0xe5, 0xef, 0x30, 0x4e, 0xcd, 0xd6, 0x2e, 0xcd, 0x4e,
  0x32, 0xe1, 0xcd, 0xe8, 0x2e, 0xe1, 0xcd, 0xdf, 0x2e, 0xe5, 0xcd, 0x21,
  0x2f, 0x18, 0x29, 0x01, 0x0c, 0x00, 0x09, 0x4e, 0x23, 0x46, 0x23, 0xe3,
  0x5e, 0x23, 0x56, 0xe5, 0x69, 0x60, 0xcd, 0x72, 0x31, 0x3a, 0x63, 0xf6,
  0xfe, 0x02, 0xc2, 0x67, 0x40, 0xeb, 0xe1, 0x72, 0x2b, 0x73, 0xe1, 0xd5,
  0x5e, 0x23, 0x56, 0x23, 0xe3, 0xcd, 0x4d, 0x2f, 0xe1, 0xc1, 0x90, 0xcd,
  0xdf, 0x2e, 0x28, 0x1a, 0xeb, 0x22, 0x1c, 0xf4, 0x69, 0x60, 0xc3, 0xfd,
  0x45, 0xcd, 0x97, 0x26, 0xe1, 0xcd, 0x10, 0x2f, 0xe1, 0xcd, 0xef, 0x2e,
  0xd5, 0xcd, 0x5c, 0x2f, 0x18, 0xde, 0xf9, 0x22, 0xb1, 0xf6, 0xeb, 0x2a,
  0xa7, 0xf6, 0x7e, 0xfe, 0x2c, 0xc2, 0x01, 0x46, 0xd7, 0xcd, 0x2a, 0x65,
  0xcd, 0xd0, 0x67, 0x7e, 0x23, 0x4e, 0x23, 0x46, 0xd1, 0xc5, 0xf5, 0xcd,
  0xd7, 0x67, 0xf1, 0x57, 0x5e, 0x23, 0x4e, 0x23, 0x46, 0xe1, 0x7b, 0xb2,
  0xc8, 0x7a, 0xd6, 0x01, 0xd8, 0xaf, 0xbb, 0x3c, 0xd0, 0x15, 0x1d, 0x0a,
  0x03, 0xbe, 0x23, 0x28, 0xed, 0x3f, 0xc3, 0x79, 0x2e, 0xcd, 0x1e, 0x37,
  0x18, 0x0d, 0xcd, 0x22, 0x37, 0x18, 0x08, 0xcd, 0x1a, 0x37, 0x18, 0x03,
  0xcd, 0x25, 0x34, 0xcd, 0x35, 0x66, 0xcd, 0xd3, 0x67, 0x01, 0x25, 0x68,
  0xc5, 0x7e, 0x23, 0xe5, 0xcd, 0x8e, 0x66, 0xe1, 0x4e, 0x23, 0x46, 0xcd,
  0x2a, 0x66, 0xe5, 0x6f, 0xcd, 0xc7, 0x67, 0xd1, 0xc9, 0x3e, 0x01, 0xcd,
  0x8e, 0x66, 0x21, 0x98, 0xf6, 0xe5, 0x77, 0x23, 0x73, 0x23, 0x72, 0xe1,
  0xc9, 0x2b, 0x06, 0x22, 0x50, 0xe5, 0x0e, 0xff, 0x23, 0x7e, 0x0c, 0xb7,
  0x28, 0x06, 0xba, 0x28, 0x03, 0xb8, 0x20, 0xf4, 0xfe, 0x22, 0xcc, 0x66,
  0x46, 0xe3, 0x23, 0xeb, 0x79, 0xcd, 0x2a, 0x66, 0x11, 0x98, 0xf6, 0x3e,
  0xd5, 0x2a, 0x78, 0xf6, 0x22, 0xf8, 0xf7, 0x3e, 0x03, 0x32, 0x63, 0xf6,
  0xcd, 0xf3, 0x2e, 0x11, 0x9b, 0xf6, 0xe7, 0x22, 0x78, 0xf6, 0xe1, 0x7e,
  0xc0, 0x11, 0x10, 0x00, 0xc3, 0x6f, 0x40, 0x23, 0xcd, 0x35, 0x66, 0xcd,
  0xd3, 0x67, 0xcd, 0xe1, 0x2e, 0x14, 0x15, 0xc8, 0x0a, 0xdf, 0xfe, 0x0d,
  0xcc, 0x31, 0x73, 0x03, 0x18, 0xf4, 0xb7, 0x0e, 0xf1, 0xf5, 0x2a, 0x74,
  0xf6, 0xeb, 0x2a, 0x9b, 0xf6, 0x2f, 0x4f, 0x06, 0xff, 0x09, 0x23, 0xe7,
  0x38, 0x07, 0x22, 0x9b, 0xf6, 0x23, 0xeb, 0xf1, 0xc9, 0xf1, 0x11, 0x0e,
  0x00, 0xca, 0x6f, 0x40, 0xbf, 0xf5, 0x01, 0x90, 0x66, 0xc5, 0x2a, 0x72,
  0xf6, 0x22, 0x9b, 0xf6, 0x21, 0x00, 0x00, 0xe5, 0x2a, 0xc6, 0xf6, 0xe5,
  0x21, 0x7a, 0xf6, 0xed, 0x5b, 0x78, 0xf6, 0xe7, 0x01, 0xc7, 0x66, 0xc2,
  0x42, 0x67, 0x21, 0x4c, 0xf7, 0x22, 0xb8, 0xf7, 0x2a, 0xc4, 0xf6, 0x22,
  0xb5, 0xf7, 0x2a, 0xc2, 0xf6, 0xed, 0x5b, 0xb5, 0xf7, 0xe7, 0x28, 0x12,
  0x7e, 0x23, 0x23, 0x23, 0xfe, 0x03, 0x20, 0x04, 0xcd, 0x43, 0x67, 0xaf,
  0x5f, 0x16, 0x00, 0x19, 0x18, 0xe7, 0x2a, 0xb8, 0xf7, 0x5e, 0x23, 0x56,
  0x7a, 0xb3, 0x2a, 0xc4, 0xf6, 0x28, 0x13, 0xeb, 0x22, 0xb8, 0xf7, 0x23,
  0x23, 0x5e, 0x23, 0x56, 0x23, 0xeb, 0x19, 0x22, 0xb5, 0xf7, 0xeb, 0x18,
  0xc8, 0xc1, 0xed, 0x5b, 0xc6, 0xf6, 0xe7, 0xca, 0x63, 0x67, 0x7e, 0x23,
  0xcd, 0xdf, 0x2e, 0xe5, 0x09, 0xfe, 0x03, 0x20, 0xec, 0x22, 0x9f, 0xf6,
  0xe1, 0x4e, 0x06, 0x00, 0x09, 0x09, 0x23, 0xeb, 0x2a, 0x9f, 0xf6, 0xeb,
  0xe7, 0x28, 0xdb, 0x01, 0x37, 0x67, 0xc5, 0xaf, 0xb6, 0x23, 0x5e, 0x23,
  0x56, 0x23, 0xc8, 0x44, 0x4d, 0x2a, 0x9b, 0xf6, 0xe7, 0x60, 0x69, 0xd8,
  0xe1, 0xe3, 0xe7, 0xe3, 0xe5, 0x60, 0x69, 0xd0, 0xc1, 0xf1, 0xf1, 0xe5,
  0xd5, 0xc5, 0xc9, 0xd1, 0xe1, 0x7c, 0xb5, 0xc8, 0x2b, 0x46, 0x2b, 0x4e,
  0xe5, 0x2b, 0x6e, 0x26, 0x00, 0x09, 0x50, 0x59, 0x2b, 0x44, 0x4d, 0x2a,
  0x9b, 0xf6, 0xcd, 0x53, 0x62, 0xe1, 0x71, 0x23, 0x70, 0x60, 0x69, 0x2b,
  0xc3, 0xb9, 0x66, 0xc5, 0xe5, 0x2a, 0xf8, 0xf7, 0xe3, 0xcd, 0xc7, 0x4d,
  0xe3, 0xcd, 0x58, 0x30, 0x7e, 0xe5, 0x2a, 0xf8, 0xf7, 0xe5, 0x86, 0x11,
  0x0f, 0x00, 0xda, 0x6f, 0x40, 0xcd, 0x27, 0x66, 0xd1, 0xcd, 0xd7, 0x67,
  0xe3, 0xcd, 0xd6, 0x67, 0xe5, 0x2a, 0x99, 0xf6, 0xeb, 0xcd, 0xbf, 0x67,
  0xcd, 0xbf, 0x67, 0x21, 0x73, 0x4c, 0xe3, 0xe5, 0xc3, 0x54, 0x66, 0xe1,
  0xe3, 0x7e, 0x23, 0x4e, 0x23, 0x46, 0x6f, 0x2c, 0x2d, 0xc8, 0x0a, 0x12,
  0x03, 0x13, 0x18, 0xf8, 0xcd, 0x58, 0x30, 0x2a, 0xf8, 0xf7, 0xeb, 0xcd,
  0xee, 0x67, 0xeb, 0xc0, 0xd5, 0x50, 0x59, 0x1b, 0x4e, 0x2a, 0x9b, 0xf6,
  0xe7, 0x20, 0x05, 0x47, 0x09, 0x22, 0x9b, 0xf6, 0xe1, 0xc9, 0xcd, 0x9d,
  0xff, 0x2a, 0x78, 0xf6, 0x2b, 0x46, 0x2b, 0x4e, 0x2b, 0xe7, 0xc0, 0x22,
  0x78, 0xf6, 0xc9, 0x01, 0xcf, 0x4f, 0xc5, 0xcd, 0xd0, 0x67, 0xaf, 0x57,
  0x7e, 0xb7, 0xc9, 0x01, 0xcf, 0x4f, 0xc5, 0xcd, 0x03, 0x68, 0xca, 0x5a,
  0x47, 0x23, 0x5e, 0x23, 0x56, 0x1a, 0xc9, 0xcd, 0x25, 0x66, 0xcd, 0x1f,
  0x52, 0x2a, 0x99, 0xf6, 0x73, 0xc1, 0xc3, 0x54, 0x66, 0xd7, 0xcf, 0x28,
  0xcd, 0x1c, 0x52, 0xd5, 0xcf, 0x2c, 0xcd, 0x64, 0x4c, 0xcf, 0x29, 0xe3,
  0xe5, 0xef, 0x28, 0x05, 0xcd, 0x1f, 0x52, 0x18, 0x03, 0xcd, 0x0f, 0x68,
  0xd1, 0xcd, 0x4d, 0x68, 0xcd, 0x1f, 0x52, 0x3e, 0x20, 0xf5, 0x7b, 0xcd,
  0x27, 0x66, 0x47, 0xf1, 0x04, 0x05, 0x28, 0xcd, 0x2a, 0x99, 0xf6, 0x77,
  0x23, 0x10, 0xfc, 0x18, 0xc4, 0xcd, 0xe3, 0x68, 0xaf, 0xe3, 0x4f, 0x3e,
  0xe5, 0xe5, 0x7e, 0xb8, 0x38, 0x02, 0x78, 0x11, 0x0e, 0x00, 0xc5, 0xcd,
  0x8e, 0x66, 0xc1, 0xe1, 0xe5, 0x23, 0x46, 0x23, 0x66, 0x68, 0x06, 0x00,
  0x09, 0x44, 0x4d, 0xcd, 0x2a, 0x66, 0x6f, 0xcd, 0xc7, 0x67, 0xd1, 0xcd,
  0xd7, 0x67, 0xc3, 0x54, 0x66, 0xcd, 0xe3, 0x68, 0xd1, 0xd5, 0x1a, 0x90,
  0x18, 0xcb, 0xeb, 0x7e, 0xcd, 0xe6, 0x68, 0x04, 0x05, 0xca, 0x5a, 0x47,
  0xc5, 0xcd, 0xe4, 0x69, 0xf1, 0xe3, 0x01, 0x69, 0x68, 0xc5, 0x3d, 0xbe,
  0x06, 0x00, 0xd0, 0x4f, 0x7e, 0x91, 0xbb, 0x47, 0xd8, 0x43, 0xc9, 0xcd,
  0x03, 0x68, 0xca, 0xcf, 0x4f, 0x5f, 0x23, 0x7e, 0x23, 0x66, 0x6f, 0xe5,
  0x19, 0x46, 0x22, 0x19, 0xf4, 0x78, 0x32, 0x1b, 0xf4, 0x72, 0xe3, 0xc5,
  0x2b, 0xd7, 0xcd, 0x99, 0x32, 0x21, 0x00, 0x00, 0x22, 0x19, 0xf4, 0xc1,
  0xe1, 0x70, 0xc9, 0xeb, 0xcf, 0x29, 0xc1, 0xd1, 0xc5, 0x43, 0xc9, 0xd7,
  0xcd, 0x62, 0x4c, 0xef, 0x3e, 0x01, 0xf5, 0x28, 0x11, 0xf1, 0xcd, 0x1f,
  0x52, 0xb7, 0xca, 0x5a, 0x47, 0xf5, 0xcf, 0x2c, 0xcd, 0x64, 0x4c, 0xcd,
  0x58, 0x30, 0xcf, 0x2c, 0xe5, 0x2a, 0xf8, 0xf7, 0xe3, 0xcd, 0x64, 0x4c,
  0xcf, 0x29, 0xe5, 0xcd, 0xd0, 0x67, 0xeb, 0xc1, 0xe1, 0xf1, 0xc5, 0x01,
  0x97, 0x32, 0xc5, 0x01, 0xcf, 0x4f, 0xc5, 0xf5, 0xd5, 0xcd, 0xd6, 0x67,
  0xd1, 0xf1, 0x47, 0x3d, 0x4f, 0xbe, 0x3e, 0x00, 0xd0, 0x1a, 0xb7, 0x78,
  0xc8, 0x7e, 0x23, 0x46, 0x23, 0x66, 0x68, 0x06, 0x00, 0x09, 0x91, 0x47,
  0xc5, 0xd5, 0xe3, 0x4e, 0x23, 0x5e, 0x23, 0x56, 0xe1, 0xe5, 0xd5, 0xc5,
  0x1a, 0xbe, 0x20, 0x16, 0x13, 0x0d, 0x28, 0x09, 0x23, 0x10, 0xf5, 0xd1,
  0xd1, 0xc1, 0xd1, 0xaf, 0xc9, 0xe1, 0xd1, 0xd1, 0xc1, 0x78, 0x94, 0x81,
  0x3c, 0xc9, 0xc1, 0xd1, 0xe1, 0x23, 0x10, 0xdd, 0x18, 0xec, 0xcf, 0x28,
  0xcd, 0xa4, 0x5e, 0xcd, 0x58, 0x30, 0xe5, 0xd5, 0xeb, 0x23, 0x5e, 0x23,
  0x56, 0x2a, 0xc6, 0xf6, 0xe7, 0x38, 0x10, 0x2a, 0x76, 0xf6, 0xe7, 0x30,
  0x0a, 0xe1, 0xe5, 0xcd, 0x11, 0x66, 0xe1, 0xe5, 0xcd, 0xf3, 0x2e, 0xe1,
  0xe3, 0xcf, 0x2c, 0xcd, 0x1c, 0x52, 0xb7, 0xca, 0x5a, 0x47, 0xf5, 0x7e,
  0xcd, 0xe4, 0x69, 0xd5, 0xcd, 0x5f, 0x4c, 0xe5, 0xcd, 0xd0, 0x67, 0xeb,
  0xe1, 0xc1, 0xf1, 0x47, 0xe3, 0xe5, 0x21, 0x97, 0x32, 0xe3, 0x79, 0xb7,
  0xc8, 0x7e, 0x90, 0xda, 0x5a, 0x47, 0x3c, 0xb9, 0x38, 0x01, 0x79, 0x48,
  0x0d, 0x06, 0x00, 0xd5, 0x23, 0x5e, 0x23, 0x66, 0x6b, 0x09, 0x47, 0xd1,
  0xeb, 0x4e, 0x23, 0x7e, 0x23, 0x66, 0x6f, 0xeb, 0x79, 0xb7, 0xc8, 0x1a,
  0x77, 0x13, 0x23, 0x0d, 0xc8, 0x10, 0xf8, 0xc9, 0x1e, 0xff, 0xfe, 0x29,
  0x28, 0x05, 0xcf, 0x2c, 0xcd, 0x1c, 0x52, 0xcf, 0x29, 0xc9, 0x2a, 0xc6,
  0xf6, 0xeb, 0x21, 0x00, 0x00, 0x39, 0xef, 0xc2, 0xc1, 0x4f, 0xcd, 0xd3,
  0x67, 0xcd, 0xb6, 0x66, 0xed, 0x5b, 0x74, 0xf6, 0x2a, 0x9b, 0xf6, 0xc3,
  0xc1, 0x4f, 0xcd, 0x64, 0x4c, 0xe5, 0xcd, 0xd0, 0x67, 0x7e, 0xb7, 0x28,
  0x2e, 0x23, 0x5e, 0x23, 0x66, 0x6b, 0x5f, 0xcd, 0x15, 0x6f, 0xf5, 0x01,
  0x66, 0xf8, 0x16, 0x0b, 0x1c, 0x1d, 0x28, 0x35, 0x7e, 0xfe, 0x20, 0x38,
  0x16, 0xfe, 0x2e, 0x28, 0x18, 0x02, 0x03, 0x23, 0x15, 0x20, 0xee, 0xf1,
  0xf5, 0x57, 0x3a, 0x66, 0xf8, 0x3c, 0x28, 0x03, 0xf1, 0xe1, 0xc9, 0xc3,
  0x6b, 0x6e, 0x23, 0x18, 0xdc, 0x7a, 0xfe, 0x0b, 0xca, 0x47, 0x6a, 0xfe,
  0x03, 0xda, 0x47, 0x6a, 0x28, 0xf0, 0x3e, 0x20, 0x02, 0x03, 0x15, 0x18,
  0xec, 0x3e, 0x20, 0x02, 0x03, 0x15, 0x20, 0xf9, 0x18, 0xd1, 0xcd, 0x1f,
  0x52, 0x6f, 0x3a, 0x5f, 0xf8, 0xbd, 0xda, 0x7d, 0x6e, 0x26, 0x00, 0x29,
  0xeb, 0x2a, 0x60, 0xf8, 0x19, 0x7e, 0x23, 0x66, 0x6f, 0x3a, 0x7c, 0xf8,
  0x3c, 0xc8, 0x7e, 0xb7, 0xc8, 0xe5, 0x11, 0x04, 0x00, 0x19, 0x7e, 0xfe,
  0x09, 0x30, 0x06, 0xcd, 0x4e, 0xfe, 0xc3, 0x80, 0x6e, 0xe1, 0x7e, 0xb7,
  0x37, 0xc9, 0x2b, 0xd7, 0xfe, 0x23, 0xcc, 0x66, 0x46, 0xcd, 0x1c, 0x52,
  0xe3, 0xe5, 0xcd, 0x6d, 0x6a, 0xca, 0x77, 0x6e, 0x22, 0x64, 0xf8, 0xcd,
  0x53, 0xfe, 0xc9, 0x01, 0xff, 0x4a, 0xc5, 0xcd, 0x0e, 0x6a, 0x7e, 0xfe,
  0x82, 0x1e, 0x04, 0x20, 0x1f, 0xd7, 0xfe, 0x85, 0x1e, 0x01, 0x28, 0x17,
  0xfe, 0x9c, 0x28, 0x0c, 0xcf, 0x41, 0xcf, 0x50, 0xcf, 0x50, 0xcf, 0x81,
  0x1e, 0x08, 0x18, 0x08, 0xd7, 0xcf, 0xb3, 0x1e, 0x02, 0x18, 0x01, 0xd7,
  0xcf, 0x41, 0xcf, 0x53, 0xd5, 0x7e, 0xfe, 0x23, 0xcc, 0x66, 0x46, 0xcd,
  0x1c, 0x52, 0xb7, 0xca, 0x7d, 0x6e, 0xcd, 0x58, 0xfe, 0x1e, 0xd5, 0x2b,
  0x5f, 0xd7, 0xc2, 0x55, 0x40, 0xe3, 0x7b, 0xf5, 0xe5, 0xcd, 0x6d, 0x6a,
  0xc2, 0x6e, 0x6e, 0xd1, 0x7a, 0xfe, 0x09, 0xcd, 0x5d, 0xfe, 0xda, 0x80,
  0x6e, 0xe5, 0x01, 0x04, 0x00, 0x09, 0x72, 0x3e, 0x00, 0xe1, 0xcd, 0x8f,
  0x6f, 0xf1, 0xe1, 0xc9, 0xe5, 0xb7, 0x20, 0x08, 0x3a, 0x7c, 0xf8, 0xe6,
  0x01, 0xc2, 0xf3, 0x6c, 0xcd, 0x6d, 0x6a, 0x28, 0x15, 0x22, 0x64, 0xf8,
  0xe5, 0x38, 0x06, 0xcd, 0x62, 0xfe, 0xc3, 0x80, 0x6e, 0x3e, 0x02, 0xcd,
  0x8f, 0x6f, 0xcd, 0xea, 0x6c, 0xe1, 0xe5, 0x11, 0x07, 0x00, 0x19, 0x77,
  0x67, 0x6f, 0x22, 0x64, 0xf8, 0xe1, 0x86, 0x36, 0x00, 0xe1, 0xc9, 0x37,
  0x11, 0xf6, 0xaf, 0xf5, 0xcd, 0x0e, 0x6a, 0xcd, 0x67, 0xfe, 0xf1, 0xf5,
  0x28, 0x0c, 0x7e, 0xd6, 0x2c, 0xb7, 0x20, 0x06, 0xd7, 0xcf, 0x52, 0xf1,
  0x37, 0xf5, 0xf5, 0xaf, 0x1e, 0x01, 0xcd, 0xfa, 0x6a, 0x2a, 0x64, 0xf8,
  0x01, 0x07, 0x00, 0x09, 0xf1, 0x9f, 0xe6, 0x80, 0xf6, 0x01, 0x32, 0x7c,
  0xf8, 0xf1, 0xf5, 0x9f, 0x32, 0x66, 0xf8, 0x7e, 0xb7, 0xfa, 0xd4, 0x6b,
  0xf1, 0xc4, 0x87, 0x62, 0xaf, 0xcd, 0xaa, 0x6a, 0xc3, 0x34, 0x41, 0xcd,
  0x0e, 0x6a, 0xcd, 0x6c, 0xfe, 0x2b, 0xd7, 0x1e, 0x80, 0x37, 0x28, 0x07,
  0xcf, 0x2c, 0xcf, 0x41, 0xb7, 0x1e, 0x02, 0xf5, 0x7a, 0xfe, 0x09, 0x38,
  0x05, 0x1e, 0x02, 0xf1, 0xaf, 0xf5, 0xaf, 0xcd, 0xfa, 0x6a, 0xf1, 0x38,
  0x05, 0x2b, 0xd7, 0xc3, 0x2e, 0x52, 0xcd, 0x71, 0xfe, 0xc3, 0x6b, 0x6e,
  0xcd, 0x76, 0xfe, 0xc3, 0x6b, 0x6e, 0xe5, 0xd5, 0x2a, 0x64, 0xf8, 0x11,
  0x04, 0x00, 0x19, 0x7e, 0xd1, 0xe1, 0xc9, 0x20, 0x19, 0xe5, 0xc5, 0xf5,
  0x11, 0xf3, 0x6b, 0xd5, 0xc5, 0xb7, 0xc9, 0xf1, 0xc1, 0x3d, 0xf2, 0xea,
  0x6b, 0xe1, 0xc9, 0xc1, 0xe1, 0x7e, 0xfe, 0x2c, 0xc0, 0xd7, 0xc5, 0x7e,
  0xfe, 0x23, 0xcc, 0x66, 0x46, 0xcd, 0x1c, 0x52, 0xe3, 0xe5, 0x11, 0xfb,
  0x6b, 0xd5, 0x37, 0xe9, 0x01, 0x24, 0x6b, 0x3a, 0x5f, 0xf8, 0x18, 0xcb,
  0x3a, 0x7c, 0xf8, 0xb7, 0xf8, 0x01, 0x24, 0x6b, 0xaf, 0x3a, 0x5f, 0xf8,
  0x18, 0xbd, 0x3e, 0x01, 0x32, 0x16, 0xf4, 0xcd, 0x7b, 0xfe, 0xc3, 0x5a,
  0x47, 0xf5, 0xcd, 0x9e, 0x6a, 0x38, 0x06, 0xcd, 0x80, 0xfe, 0xc3, 0x6b,
  0x6e, 0xd1, 0xc1, 0x3e, 0x04, 0xc3, 0x8f, 0x6f, 0xe5, 0xd5, 0xc5, 0xf5,
  0xcd, 0x62, 0x6c, 0x30, 0x06, 0xcd, 0x85, 0xfe, 0xc3, 0x6b, 0x6e, 0xf1,
  0xf5, 0x4f, 0x3e, 0x06, 0xcd, 0x8f, 0x6f, 0xc3, 0xff, 0x72, 0xd5, 0x2a,
  0x64, 0xf8, 0xeb, 0x21, 0x04, 0x00, 0x19, 0x7e, 0xeb, 0xd1, 0xfe, 0x09,
  0xc9, 0xe5, 0xd5, 0xc5, 0xcd, 0x62, 0x6c, 0x30, 0x06, 0xcd, 0x8a, 0xfe,
  0xc3, 0x80, 0x6e, 0x3e, 0x08, 0xcd, 0x8f, 0x6f, 0xc3, 0x00, 0x73, 0xd7,
  0xcf, 0x24, 0xcf, 0x28, 0xe5, 0x2a, 0x64, 0xf8, 0xe5, 0x21, 0x00, 0x00,
  0x22, 0x64, 0xf8, 0xe1, 0xe3, 0xcd, 0x1c, 0x52, 0xd5, 0x7e, 0xfe, 0x2c,
  0x20, 0x11, 0xd7, 0xcd, 0x9e, 0x6a, 0xfe, 0x01, 0xca, 0xb0, 0x6c, 0xfe,
  0x04, 0xc2, 0x83, 0x6e, 0xe1, 0xaf, 0x7e, 0xf5, 0xcf, 0x29, 0xf1, 0xe3,
  0xf5, 0x7d, 0xb7, 0xca, 0x5a, 0x47, 0xe5, 0xcd, 0x27, 0x66, 0xeb, 0xc1,
  0xf1, 0xf5, 0x28, 0x1a, 0xcd, 0x9f, 0x00, 0xf5, 0xcd, 0xbd, 0x00, 0xf1,
  0x77, 0x23, 0x0d, 0x20, 0xef, 0xf1, 0xc1, 0xe1, 0xcd, 0x8f, 0xfe, 0x22,
  0x64, 0xf8, 0xc5, 0xc3, 0x54, 0x66, 0xcd, 0x71, 0x6c, 0xda, 0x83, 0x6e,
  0x18, 0xe6, 0xcd, 0xfb, 0x6c, 0xe5, 0x06, 0x00, 0xcd, 0xf5, 0x6c, 0xe1,
  0xc9, 0xaf, 0x77, 0x23, 0x10, 0xfc, 0xc9, 0x2a, 0x64, 0xf8, 0x11, 0x09,
  0x00, 0x19, 0xc9, 0xcd, 0x94, 0xfe, 0xcd, 0x6a, 0x6a, 0x28, 0x20, 0x3e,
  0x0a, 0x38, 0x21, 0xcd, 0x99, 0xfe, 0x18, 0x22, 0xcd, 0x94, 0xfe, 0xcd,
  0x6a, 0x6a, 0x28, 0x0f, 0x3e, 0x0c, 0x38, 0x10, 0xcd, 0x9e, 0xfe, 0x18,
  0x11, 0xcd, 0x94, 0xfe, 0xcd, 0x6a, 0x6a, 0xca, 0x77, 0x6e, 0x3e, 0x0e,
  0xda, 0x8f, 0x6f, 0xcd, 0xa3, 0xfe, 0xc3, 0x80, 0x6e, 0xcd, 0x94, 0xfe,
  0xcd, 0x6a, 0x6a, 0x3e, 0x10, 0x38, 0xed, 0xcd, 0xa8, 0xfe, 0x18, 0xee,
  0xcd, 0x4a, 0x01, 0xca, 0x40, 0x46, 0xaf, 0xcd, 0x24, 0x6b, 0xc3, 0x71,
  0x6e, 0x0e, 0x01, 0xfe, 0x23, 0xc0, 0xc5, 0xcd, 0x1b, 0x52, 0xcf, 0x2c,
  0x7b, 0xe5, 0xcd, 0xaa, 0x6a, 0x7e, 0xe1, 0xc1, 0xb9, 0x28, 0x0e, 0xfe,
  0x04, 0x28, 0x0a, 0xfe, 0x08, 0x20, 0x03, 0x79, 0xfe, 0x02, 0xc2, 0x7d,
  0x6e, 0x7e, 0xc9, 0x01, 0x17, 0x63, 0xc5, 0xaf, 0xc3, 0x24, 0x6b, 0xef,
  0x01, 0xf1, 0x4b, 0x11, 0x20, 0x2c, 0x20, 0x17, 0x5a, 0x18, 0x14, 0x01,
  0xff, 0x4a, 0xc5, 0xcd, 0x55, 0x6d, 0xcd, 0xa4, 0x5e, 0xcd, 0x58, 0x30,
  0xd5, 0x01, 0x7b, 0x48, 0xaf, 0x57, 0x5f, 0xf5, 0xc5, 0xe5, 0xcd, 0x71,
  0x6c, 0xda, 0x83, 0x6e, 0xfe, 0x20, 0x20, 0x04, 0x14, 0x15, 0x20, 0xf2,
  0xfe, 0x22, 0x20, 0x0e, 0x7b, 0xfe, 0x2c, 0x3e, 0x22, 0x20, 0x07, 0x57,
  0x5f, 0xcd, 0x71, 0x6c, 0x38, 0x47, 0x21, 0x5e, 0xf5, 0x06, 0xff, 0x4f,
  0x7a, 0xfe, 0x22, 0x79, 0x28, 0x2a, 0xfe, 0x0d, 0xe5, 0x28, 0x50, 0xe1,
  0xfe, 0x0a, 0x20, 0x20, 0x4f, 0x7b, 0xfe, 0x2c, 0x79, 0xc4, 0x61, 0x6e,
  0xcd, 0x71, 0x6c, 0x38, 0x24, 0xfe, 0x0a, 0x28, 0xef, 0xfe, 0x0d, 0x20,
  0x0b, 0x7b, 0xfe, 0x20, 0x28, 0x12, 0xfe, 0x2c, 0x3e, 0x0d, 0x28, 0x0c,
  0xb7, 0x28, 0x09, 0xba, 0x28, 0x0b, 0xbb, 0x28, 0x08, 0xcd, 0x61, 0x6e,
  0xcd, 0x71, 0x6c, 0x30, 0xbe, 0xe5, 0xfe, 0x22, 0x28, 0x04, 0xfe, 0x20,
  0x20, 0x2b, 0xcd, 0x71, 0x6c, 0x38, 0x26, 0xfe, 0x20, 0x28, 0xf7, 0xfe,
  0x2c, 0x28, 0x1e, 0xfe, 0x0d, 0x20, 0x09, 0xcd, 0x71, 0x6c, 0x38, 0x15,
  0xfe, 0x0a, 0x28, 0x11, 0x4f, 0xcd, 0x62, 0x6c, 0x30, 0x06, 0xcd, 0xad,
  0xfe, 0xc3, 0x80, 0x6e, 0x3e, 0x12, 0xcd, 0x8f, 0x6f, 0xe1, 0x36, 0x00,
  0x21, 0x5d, 0xf5, 0x7b, 0xd6, 0x20, 0x28, 0x07, 0x06, 0x00, 0xcd, 0x38,
  0x66, 0xe1, 0xc9, 0xef, 0xf5, 0xd7, 0xf1, 0xf5, 0xdc, 0x99, 0x32, 0xf1,
  0xd4, 0x99, 0x32, 0xe1, 0xc9, 0xb7, 0xc8, 0x77, 0x23, 0x05, 0xc0, 0xf1,
  0xc3, 0x42, 0x6e, 0x1e, 0x38, 0x01, 0x1e, 0x36, 0x01, 0x1e, 0x39, 0x01,
  0x1e, 0x35, 0x01, 0x1e, 0x3b, 0x01, 0x1e, 0x32, 0x01, 0x1e, 0x34, 0x01,
  0x1e, 0x33, 0x01, 0x1e, 0x37, 0x01, 0x1e, 0x3a, 0xaf, 0x32, 0x7c, 0xf8,
  0x32, 0xae, 0xfc, 0xc3, 0x6f, 0x40, 0xcd, 0x0e, 0x6a, 0xd5, 0xcf, 0x2c,
  0xcd, 0x0b, 0x6f, 0xeb, 0x22, 0xbf, 0xfc, 0xeb, 0xd5, 0xcf, 0x2c, 0xcd,
  0x0b, 0x6f, 0xeb, 0x22, 0x7d, 0xf8, 0xeb, 0x2b, 0xd7, 0x28, 0x0a, 0xcf,
  0x2c, 0xcd, 0x0b, 0x6f, 0xeb, 0x22, 0xbf, 0xfc, 0xeb, 0xc1, 0xd1, 0xe5,
  0xc5, 0x7a, 0xfe, 0xff, 0xca, 0xd7, 0x6f, 0xc3, 0x6b, 0x6e, 0xcd, 0x0e,
  0x6a, 0xd5, 0xaf, 0x32, 0xbe, 0xfc, 0x2b, 0xd7, 0x01, 0x00, 0x00, 0x28,
  0x13, 0xcf, 0x2c, 0xfe, 0x52, 0x20, 0x08, 0x32, 0xbe, 0xfc, 0xd7, 0x28,
  0x07, 0xcf, 0x2c, 0xcd, 0x0b, 0x6f, 0x42, 0x4b, 0xd1, 0xe5, 0xc5, 0x7a,
  0xfe, 0xff, 0xca, 0x14, 0x70, 0xc3, 0x6b, 0x6e, 0x3a, 0xbe, 0xfc, 0xb7,
  0x28, 0x0c, 0xaf, 0xcd, 0x24, 0x6b, 0x21, 0xf3, 0x6c, 0xe5, 0x2a, 0xbf,
  0xfc, 0xe9, 0xe1, 0xaf, 0xc3, 0x24, 0x6b, 0xcd, 0x64, 0x4c, 0xe5, 0xcd,
  0x39, 0x54, 0xd1, 0xeb, 0xc9, 0xcd, 0xb2, 0xfe, 0x7e, 0xfe, 0x3a, 0x38,
  0x1a, 0xe5, 0x53, 0x7e, 0x23, 0x1d, 0x28, 0x0a, 0xfe, 0x3a, 0x28, 0x15,
  0x7e, 0x23, 0x1d, 0xf2, 0x24, 0x6f, 0x5a, 0xe1, 0xaf, 0x3e, 0xff, 0xcd,
  0xb7, 0xfe, 0xc9, 0xcd, 0xbc, 0xfe, 0xc3, 0x6b, 0x6e, 0x7a, 0x93, 0x3d,
  0xc1, 0xd5, 0xc5, 0x4f, 0x47, 0x11, 0x76, 0x6f, 0xe3, 0xe5, 0xcd, 0xa9,
  0x4e, 0xc5, 0x47, 0x1a, 0x23, 0x13, 0xb8, 0xc1, 0x20, 0x0d, 0x0d, 0x20,
  0xf1, 0x1a, 0xb7, 0xf2, 0x63, 0x6f, 0xe1, 0xe1, 0xd1, 0xb7, 0xc9, 0xb7,
  0xfa, 0x59, 0x6f, 0x1a, 0x87, 0x13, 0x30, 0xfb, 0x48, 0xe1, 0xe5, 0x1a,
  0xb7, 0x20, 0xd7, 0xc3, 0xf8, 0x55, 0x43, 0x41, 0x53, 0xff, 0x4c, 0x50,
  0x54, 0xfe, 0x43, 0x52, 0x54, 0xfd, 0x47, 0x52, 0x50, 0xfc, 0x00, 0xc7,
  0x71, 0xa6, 0x72, 0xa2, 0x71, 0x82, 0x71, 0xcd, 0xc6, 0xfe, 0xe5, 0xd5,
  0xf5, 0x11, 0x04, 0x00, 0x19, 0x7e, 0xfe, 0xfc, 0xda, 0x4a, 0x56, 0x3e,
  0xff, 0x96, 0x87, 0x5f, 0x21, 0x87, 0x6f, 0x19, 0x5e, 0x23, 0x56, 0xf1,
  0x6f, 0x26, 0x00, 0x19, 0x5e, 0x23, 0x56, 0xeb, 0xd1, 0xe3, 0xc9, 0xcd,
  0x98, 0x70, 0x2b, 0xd7, 0x28, 0x05, 0xcf, 0x2c, 0xcd, 0x2d, 0x7a, 0xe5,
  0x3e, 0xd3, 0xcd, 0x25, 0x71, 0x2a, 0xc2, 0xf6, 0x22, 0x7d, 0xf8, 0x2a,
  0x76, 0xf6, 0xcd, 0x3e, 0x71, 0xe1, 0xc9, 0x3e, 0xd0, 0xcd, 0x25, 0x71,
  0xaf, 0xcd, 0xf8, 0x72, 0xe1, 0xe5, 0xcd, 0x03, 0x70, 0x2a, 0x7d, 0xf8,
  0xe5, 0xcd, 0x03, 0x70, 0x2a, 0xbf, 0xfc, 0xcd, 0x03, 0x70, 0xd1, 0xe1,
  0x7e, 0xcd, 0xde, 0x72, 0xe7, 0x30, 0x03, 0x23, 0x18, 0xf6, 0xcd, 0xf0,
  0x00, 0xe1, 0xc9, 0x7d, 0xcd, 0xde, 0x72, 0x7c, 0xc3, 0xde, 0x72, 0xcd,
  0xd4, 0x72, 0x6f, 0xcd, 0xd4, 0x72, 0x67, 0xc9, 0x0e, 0xd0, 0xcd, 0xb8,
  0x70, 0xcd, 0xe9, 0x72, 0xc1, 0xcd, 0x0b, 0x70, 0x09, 0xeb, 0xcd, 0x0b,
  0x70, 0x09, 0xe5, 0xcd, 0x0b, 0x70, 0x22, 0xbf, 0xfc, 0xeb, 0xd1, 0xcd,
  0xd4, 0x72, 0x77, 0xe7, 0x28, 0x03, 0x23, 0x18, 0xf6, 0xcd, 0xe7, 0x00,
  0xc3, 0xf4, 0x6e, 0xd6, 0x91, 0x28, 0x02, 0xaf, 0x01, 0x2f, 0x23, 0xfe,
  0x01, 0xf5, 0xcd, 0x8c, 0x70, 0x0e, 0xd3, 0xcd, 0xb8, 0x70, 0xf1, 0x32,
  0xf8, 0xf7, 0xdc, 0x87, 0x62, 0x3a, 0xf8, 0xf7, 0xfe, 0x01, 0x32, 0xf5,
  0xf3, 0xf5, 0xcd, 0xea, 0x54, 0xf1, 0x2a, 0x76, 0xf6, 0xcd, 0x5d, 0x71,
  0x20, 0x10, 0x22, 0xc2, 0xf6, 0x21, 0xd7, 0x3f, 0xcd, 0xe8, 0x7b, 0x2a,
  0x76, 0xf6, 0xe5, 0xc3, 0x37, 0x42, 0x23, 0xeb, 0x2a, 0xc2, 0xf6, 0xe7,
  0xda, 0x71, 0x70, 0x1e, 0x14, 0xc3, 0x6f, 0x40, 0x2b, 0xd7, 0x20, 0x08,
  0xe5, 0x21, 0x66, 0xf8, 0x06, 0x06, 0x18, 0x19, 0xcd, 0x64, 0x4c, 0xe5,
  0xcd, 0x0f, 0x68, 0x2b, 0x2b, 0x46, 0x0e, 0x06, 0x21, 0x66, 0xf8, 0x1a,
  0x77, 0x23, 0x13, 0x0d, 0x28, 0x08, 0x10, 0xf7, 0x41, 0x36, 0x20, 0x23,
  0x10, 0xfb, 0xe1, 0xc9, 0xcd, 0xe9, 0x72, 0x06, 0x0a, 0xcd, 0xd4, 0x72,
  0xb9, 0x20, 0xf5, 0x10, 0xf8, 0x21, 0x71, 0xf8, 0xe5, 0x06, 0x06, 0xcd,
  0xd4, 0x72, 0x77, 0x23, 0x10, 0xf9, 0xe1, 0x11, 0x66, 0xf8, 0x06, 0x06,
  0x1a, 0x13, 0xfe, 0x20, 0x20, 0x04, 0x10, 0xf8, 0x18, 0x0d, 0x11, 0x66,
  0xf8, 0x06, 0x06, 0x1a, 0xbe, 0x20, 0x0a, 0x23, 0x13, 0x10, 0xf8, 0x21,
  0xff, 0x70, 0xc3, 0x0d, 0x71, 0xc5, 0x21, 0x06, 0x71, 0xcd, 0x0d, 0x71,
  0xc1, 0x18, 0xb9, 0x46, 0x6f, 0x75, 0x6e, 0x64, 0x3a, 0x00, 0x53, 0x6b,
  0x69, 0x70, 0x20, 0x3a, 0x00, 0xed, 0x5b, 0x1c, 0xf4, 0x13, 0x7a, 0xb3,
  0xc0, 0xcd, 0x78, 0x66, 0x21, 0x71, 0xf8, 0x06, 0x06, 0x7e, 0x23, 0xdf,
  0x10, 0xfb, 0xc3, 0x28, 0x73, 0xcd, 0xf8, 0x72, 0x06, 0x0a, 0xcd, 0xde,
  0x72, 0x10, 0xfb, 0x06, 0x06, 0x21, 0x66, 0xf8, 0x7e, 0x23, 0xcd, 0xde,
  0x72, 0x10, 0xf9, 0xc3, 0xf0, 0x00, 0xe5, 0xcd, 0xea, 0x54, 0xaf, 0xcd,
  0xf8, 0x72, 0xd1, 0x2a, 0x7d, 0xf8, 0x1a, 0x13, 0xcd, 0xde, 0x72, 0xe7,
  0x20, 0xf8, 0x2e, 0x07, 0xcd, 0xde, 0x72, 0x2d, 0x20, 0xfa, 0xc3, 0xf0,
  0x00, 0xcd, 0xe9, 0x72, 0x9f, 0x2f, 0x57, 0x06, 0x0a, 0xcd, 0xd4, 0x72,
  0x5f, 0xcd, 0x67, 0x62, 0x7b, 0x96, 0xa2, 0xc2, 0xe7, 0x00, 0x73, 0x7e,
  0xb7, 0x23, 0x20, 0xeb, 0x10, 0xeb, 0x01, 0xfa, 0xff, 0x09, 0xaf, 0xc3,
  0xe7, 0x00, 0xb6, 0x71, 0xc2, 0x71, 0x86, 0x6e, 0x96, 0x71, 0x5a, 0x47,
  0x5a, 0x47, 0x5a, 0x47, 0x5a, 0x47, 0x5a, 0x47, 0x5a, 0x47, 0x3a, 0xaf,
  0xfc, 0xfe, 0x02, 0xda, 0x5a, 0x47, 0x79, 0xc3, 0x8d, 0x00, 0xb6, 0x71,
  0xc2, 0x71, 0x86, 0x6e, 0xc3, 0x71, 0x5a, 0x47, 0x5a, 0x47, 0x5a, 0x47,
  0x5a, 0x47, 0x5a, 0x47, 0x5a, 0x47, 0xcd, 0xcd, 0x72, 0xfe, 0x01, 0xca,
  0x6b, 0x6e, 0x22, 0x64, 0xf8, 0x73, 0xc9, 0x79, 0xc3, 0xa2, 0x00, 0xdb,
  0x71, 0x05, 0x72, 0x86, 0x6e, 0x2a, 0x72, 0x3f, 0x72, 0x5a, 0x47, 0x5a,
  0x47, 0x6d, 0x72, 0x5a, 0x47, 0x7c, 0x72, 0xe5, 0xd5, 0x01, 0x06, 0x00,
  0x09, 0xaf, 0x77, 0x32, 0xb1, 0xfc, 0xcd, 0xcd, 0x72, 0xfe, 0x04, 0xca,
  0x6b, 0x6e, 0xfe, 0x01, 0x28, 0x09, 0x3e, 0xea, 0xcd, 0x25, 0x71, 0xd1,
  0xe1, 0x18, 0xc3, 0x0e, 0xea, 0xcd, 0xb8, 0x70, 0xcd, 0xe7, 0x00, 0x18,
  0xf2, 0x7e, 0xfe, 0x01, 0x28, 0x1b, 0x3e, 0x1a, 0xe5, 0xcd, 0x8b, 0x72,
  0xcc, 0x2f, 0x72, 0xe1, 0xcd, 0x81, 0x72, 0x28, 0x0c, 0xe5, 0x09, 0x36,
  0x1a, 0x23, 0x0c, 0x20, 0xfa, 0xe1, 0xcd, 0x2f, 0x72, 0xaf, 0x32, 0xb1,
  0xfc, 0xc9, 0x79, 0xcd, 0x8b, 0x72, 0xc0, 0xaf, 0xcd, 0xf8, 0x72, 0x06,
  0x00, 0x7e, 0xcd, 0xde, 0x72, 0x23, 0x10, 0xf9, 0xc3, 0xf0, 0x00, 0xeb,
  0x21, 0xb1, 0xfc, 0xcd, 0xbe, 0x72, 0xeb, 0xcd, 0x9b, 0x72, 0x20, 0x14,
  0xe5, 0xcd, 0xe9, 0x72, 0xe1, 0x06, 0x00, 0xcd, 0xd4, 0x72, 0x77, 0x23,
  0x10, 0xf9, 0xcd, 0xe7, 0x00, 0x25, 0xaf, 0x47, 0x4f, 0x09, 0x7e, 0xfe,
  0x1a, 0x37, 0x3f, 0xc0, 0x32, 0xb1, 0xfc, 0x37, 0xc9, 0xcd, 0x3f, 0x72,
  0x21, 0xb1, 0xfc, 0x77, 0xd6, 0x1a, 0xd6, 0x01, 0x9f, 0xc3, 0x9a, 0x2e,
  0x21, 0xb1, 0xfc, 0x71, 0xc9, 0x01, 0x06, 0x00, 0x09, 0x7e, 0x4f, 0x36,
  0x00, 0x18, 0x16, 0x5f, 0x01, 0x06, 0x00, 0x09, 0x7e, 0x34, 0x23, 0x23,
  0x23, 0xe5, 0x4f, 0x09, 0x73, 0xe1, 0xc9, 0x01, 0x06, 0x00, 0x09, 0x7e,
  0x34, 0x23, 0x23, 0x23, 0xa7, 0xc9, 0xb6, 0x71, 0xc2, 0x71, 0x86, 0x6e,
  0xba, 0x72, 0x5a, 0x47, 0x5a, 0x47, 0x5a, 0x47, 0x5a, 0x47, 0x5a, 0x47,
  0x5a, 0x47, 0x79, 0xc3, 0x4d, 0x01, 0x7e, 0x36, 0x00, 0xa7, 0xc8, 0x33,
  0x33, 0xfe, 0x1a, 0x37, 0x3f, 0xc0, 0x77, 0x37, 0xc9, 0x7b, 0xfe, 0x08,
  0xca, 0x6b, 0x6e, 0xc9, 0xe5, 0xd5, 0xc5, 0xcd, 0xe4, 0x00, 0x30, 0x24,
  0x18, 0x14, 0xe5, 0xd5, 0xc5, 0xf5, 0xcd, 0xed, 0x00, 0x30, 0x18, 0x18,
  0x09, 0xe5, 0xd5, 0xc5, 0xf5, 0xcd, 0xe1, 0x00, 0x30, 0x0d, 0xcd, 0xe7,
  0x00, 0xc3, 0xb2, 0x73, 0xe5, 0xd5, 0xc5, 0xf5, 0xcd, 0xea, 0x00, 0xf1,
  0xc1, 0xd1, 0xe1, 0xc9, 0xaf, 0x32, 0x16, 0xf4, 0x3a, 0x15, 0xf4, 0xb7,
  0xc8, 0x3e, 0x0d, 0xcd, 0x1c, 0x73, 0x3e, 0x0a, 0xcd, 0x1c, 0x73, 0xaf,
  0x32, 0x15, 0xf4, 0xc9, 0xcd, 0xa5, 0x00, 0xd0, 0xc3, 0xb2, 0x73, 0x3a,
  0x61, 0xf6, 0xb7, 0xc8, 0xcd, 0xe9, 0xfe, 0x3e, 0x0d, 0xdf, 0x3e, 0x0a,
  0xdf, 0xcd, 0x4a, 0x01, 0x28, 0x02, 0xaf, 0xc9, 0x3a, 0x16, 0xf4, 0xb7,
  0x28, 0x05, 0xaf, 0x32, 0x15, 0xf4, 0xc9, 0x32, 0x61, 0xf6, 0xc9, 0xd7,
  0xe5, 0xcd, 0x9c, 0x00, 0x28, 0x0c, 0xcd, 0x9f, 0x00, 0xf5, 0xcd, 0x25,
  0x66, 0xf1, 0x5f, 0xcd, 0x21, 0x68, 0x21, 0xd6, 0x3f, 0x22, 0xf8, 0xf7,
  0x3e, 0x03, 0x32, 0x63, 0xf6, 0xe1, 0xc9, 0xdf, 0xfe, 0x0a, 0xc0, 0x3e,
  0x0d, 0xdf, 0xcd, 0x31, 0x73, 0x3e, 0x0a, 0xc9, 0xcd, 0xee, 0xfe, 0x06,
  0xff, 0x21, 0x5e, 0xf5, 0xcd, 0x71, 0x6c, 0x38, 0x16, 0x77, 0xfe, 0x0d,
  0x28, 0x0b, 0xfe, 0x09, 0x28, 0x04, 0xfe, 0x0a, 0x28, 0xee, 0x23, 0x10,
  0xeb, 0xaf, 0x77, 0x21, 0x5d, 0xf5, 0xc9, 0x04, 0x20, 0xf7, 0x3a, 0x7c,
  0xf8, 0xe6, 0x80, 0x32, 0x7c, 0xf8, 0xcd, 0x7b, 0x6d, 0x3a, 0x66, 0xf8,
  0xa7, 0xca, 0x1e, 0x41, 0xcd, 0x9a, 0x62, 0xc3, 0x01, 0x46, 0x1e, 0x13,
  0xc3, 0x6f, 0x40, 0x1e, 0xff, 0x28, 0x0b, 0xd6, 0xeb, 0x5f, 0x28, 0x05,
  0xcf, 0x95, 0x1e, 0x01, 0x3e, 0xd7, 0x7b, 0xc3, 0xf3, 0x00, 0xcd, 0x1c,
  0x52, 0xfe, 0x0e, 0xd2, 0x5a, 0x47, 0xf5, 0xcf, 0x2c, 0xcd, 0x1c, 0x52,
  0xf1, 0xfe, 0x07, 0x20, 0x04, 0xcb, 0xb3, 0xcb, 0xfb, 0xc3, 0x93, 0x00,
  0x20, 0xcd, 0xc5, 0xff, 0xe5, 0x21, 0x2e, 0x75, 0x22, 0x56, 0xf9, 0x3e,
  0x00, 0x32, 0x35, 0xfb, 0x21, 0xf6, 0xff, 0x39, 0x22, 0x36, 0xfb, 0xe1,
  0xf5, 0xcd, 0x64, 0x4c, 0xe3, 0xe5, 0xcd, 0xd0, 0x67, 0xcd, 0xdf, 0x2e,
  0x7b, 0xb7, 0x20, 0x07, 0x1e, 0x01, 0x01, 0xe4, 0x73, 0x51, 0x48, 0xf1,
  0xf5, 0xcd, 0x50, 0x01, 0x73, 0x23, 0x72, 0x23, 0x71, 0x23, 0x54, 0x5d,
  0x01, 0x1c, 0x00, 0x09, 0xeb, 0x73, 0x23, 0x72, 0xc1, 0xe1, 0x04, 0x78,
  0xfe, 0x03, 0x30, 0x16, 0x2b, 0xd7, 0x28, 0x05, 0xc5, 0xcf, 0x2c, 0x18,
  0xc4, 0x78, 0x32, 0x38, 0xfb, 0xcd, 0x07, 0x75, 0x04, 0x78, 0xfe, 0x03,
  0x38, 0xf3, 0x2b, 0xd7, 0xc2, 0x55, 0x40, 0xe5, 0xaf, 0xf5, 0x32, 0x38,
  0xfb, 0x47, 0xcd, 0x21, 0x75, 0xda, 0xd6, 0x74, 0x78, 0xcd, 0x50, 0x01,
  0x7e, 0xb7, 0xca, 0xd6, 0x74, 0x32, 0x3b, 0xfb, 0x23, 0x5e, 0x23, 0x56,
  0x23, 0xed, 0x53, 0x3c, 0xfb, 0x5e, 0x23, 0x56, 0x23, 0xe5, 0x2e, 0x24,
  0xcd, 0x53, 0x01, 0xe5, 0x2a, 0x36, 0xfb, 0x2b, 0xc1, 0xf3, 0xcd, 0x53,
  0x62, 0xd1, 0x60, 0x69, 0xf9, 0xfb, 0x3e, 0xff, 0x32, 0x58, 0xf9, 0xc3,
  0xa2, 0x56, 0x3a, 0x3b, 0xfb, 0xb7, 0x20, 0x03, 0xcd, 0x07, 0x75, 0x3a,
  0x38, 0xfb, 0xcd, 0x50, 0x01, 0x3a, 0x3b, 0xfb, 0x77, 0x23, 0xed, 0x5b,
  0x3c, 0xfb, 0x73, 0x23, 0x72, 0x21, 0x00, 0x00, 0x39, 0xeb, 0x2a, 0x36,
  0xfb, 0xf3, 0xf9, 0xc1, 0xc1, 0xc1, 0xe5, 0xb7, 0xed, 0x52, 0x28, 0x18,
  0x3e, 0xf0, 0xa5, 0xb4, 0xc2, 0x5a, 0x47, 0x2e, 0x24, 0xcd, 0x53, 0x01,
  0xc1, 0x0b, 0xcd, 0x53, 0x62, 0xe1, 0x2b, 0x70, 0x2b, 0x71, 0x18, 0x02,
  0xc1, 0xc1, 0xfb, 0xf1, 0x3c, 0xfe, 0x03, 0xda, 0x4d, 0x74, 0xf3, 0x3a,
  0x9b, 0xfc, 0xfe, 0x03, 0x28, 0x1c, 0x3a, 0x35, 0xfb, 0x07, 0x38, 0x07,
  0x21, 0x40, 0xfb, 0x34, 0xcd, 0x99, 0x00, 0xfb, 0x21, 0x35, 0xfb, 0x7e,
  0xf6, 0x80, 0x77, 0xfe, 0x83, 0xc2, 0x4c, 0x74, 0xe1, 0xc9, 0xcd, 0x90,
  0x00, 0x18, 0xf9, 0x3a, 0x35, 0xfb, 0x3c, 0x32, 0x35, 0xfb, 0x1e, 0xff,
  0xe5, 0xc5, 0xd5, 0x3a, 0x38, 0xfb, 0xf3, 0xcd, 0xf9, 0x00, 0xfb, 0xd1,
  0x28, 0xf4, 0xc1, 0xe1, 0xc9, 0x3a, 0x38, 0xfb, 0xc5, 0xf3, 0xcd, 0xf6,
  0x00, 0xfb, 0xc1, 0xfe, 0x08, 0xc9, 0x41, 0x3e, 0x76, 0x42, 0x3e, 0x76,
  0x43, 0x3e, 0x76, 0x44, 0x3e, 0x76, 0x45, 0x3e, 0x76, 0x46, 0x3e, 0x76,
  0x47, 0x3e, 0x76, 0xcd, 0x9e, 0x75, 0xd6, 0x86, 0x75, 0xd3, 0xbe, 0x75,
  0xce, 0x21, 0x76, 0xcf, 0xef, 0x75, 0xd2, 0xfc, 0x75, 0xd4, 0xe2, 0x75,
  0xcc, 0xc8, 0x75, 0x58, 0x82, 0x57, 0x00, 0x10, 0x12, 0x14, 0x16, 0x00,
  0x00, 0x02, 0x04, 0x06, 0x08, 0x0a, 0x0a, 0x0c, 0x0e, 0x10, 0x5d, 0x0d,
  0x9c, 0x0c, 0xe7, 0x0b, 0x3c, 0x0b, 0x9b, 0x0a, 0x02, 0x0a, 0x73, 0x09,
  0xeb, 0x08, 0x6b, 0x08, 0xf2, 0x07, 0x80, 0x07, 0x14, 0x07, 0x38, 0x02,
  0x1e, 0x08, 0x3e, 0x0f, 0xbb, 0x38, 0x50, 0xaf, 0xb2, 0x20, 0x4c, 0x2e,
  0x12, 0xcd, 0x53, 0x01, 0x3e, 0x40, 0xa6, 0xb3, 0x77, 0xc9, 0x7b, 0x38,
  0x03, 0x2f, 0x3c, 0x5f, 0xb2, 0x28, 0x38, 0x2e, 0x13, 0xcd, 0x53, 0x01,
  0xe5, 0x7e, 0x23, 0x66, 0x6f, 0xe7, 0xe1, 0xc8, 0x73, 0x23, 0x72, 0x2b,
  0x2b, 0x3e, 0x40, 0xb6, 0x77, 0xc9, 0x7b, 0xfe, 0x10, 0x30, 0x1c, 0xf6,
  0x10, 0x5f, 0x18, 0xc7, 0x38, 0x02, 0x1e, 0x04, 0x7b, 0xfe, 0x41, 0x30,
  0x0e, 0x2e, 0x10, 0xcd, 0x53, 0x01, 0xaf, 0xb2, 0x20, 0x05, 0xb3, 0x28,
  0x02, 0x77, 0xc9, 0xcd, 0x5a, 0x47, 0x38, 0x02, 0x1e, 0x78, 0x7b, 0xfe,
  0x20, 0x38, 0xf4, 0x2e, 0x11, 0x18, 0xe4, 0x38, 0x02, 0x1e, 0x04, 0x7b,
  0xfe, 0x09, 0x30, 0xe7, 0x2e, 0x0f, 0x18, 0xd7, 0x38, 0x02, 0x1e, 0x04,
  0xaf, 0xb2, 0x20, 0xdb, 0xb3, 0x28, 0xd8, 0xfe, 0x41, 0x30, 0xd4, 0x21,
  0x00, 0x00, 0xe5, 0x2e, 0x10, 0xcd, 0x53, 0x01, 0xe5, 0x23, 0x23, 0x7e,
  0x32, 0x39, 0xfb, 0x36, 0x80, 0x2b, 0x2b, 0x18, 0x7b, 0x30, 0xbc, 0xaf,
  0xb2, 0x20, 0xb8, 0xb3, 0x28, 0xe1, 0xfe, 0x61, 0x30, 0xb1, 0x7b, 0x06,
  0x00, 0x58, 0xd6, 0x0c, 0x1c, 0x30, 0xfb, 0xc6, 0x0c, 0x87, 0x4f, 0xc3,
  0x73, 0x76, 0x41, 0x79, 0xd6, 0x40, 0x87, 0x4f, 0xcd, 0xee, 0x56, 0x28,
  0x1c, 0xfe, 0x23, 0x28, 0x19, 0xfe, 0x2b, 0x28, 0x15, 0xfe, 0x2d, 0x28,
  0x05, 0xcd, 0x0b, 0x57, 0x18, 0x0b, 0x0d, 0x78, 0xfe, 0x43, 0x28, 0x04,
  0xfe, 0x46, 0x20, 0x01, 0x0d, 0x0d, 0x2e, 0x0f, 0xcd, 0x53, 0x01, 0x5e,
  0x06, 0x00, 0x21, 0x5f, 0x75, 0x09, 0x4e, 0x21, 0x6e, 0x75, 0x09, 0x7b,
  0x5e, 0x23, 0x56, 0x3d, 0x28, 0x09, 0xcb, 0x3a, 0xcb, 0x1b, 0x18, 0xf7,
  0xcd, 0x5a, 0x47, 0x8b, 0x5f, 0x8a, 0x93, 0x57, 0xd5, 0x2e, 0x10, 0xcd,
  0x53, 0x01, 0x4e, 0xe5, 0xcd, 0xee, 0x56, 0x28, 0x10, 0xcd, 0x2f, 0x57,
  0x3e, 0x40, 0xbb, 0x38, 0xe3, 0xaf, 0xb2, 0x20, 0xdf, 0xb3, 0x28, 0x01,
  0x4b, 0xe1, 0x16, 0x00, 0x42, 0x23, 0x5e, 0xe5, 0xcd, 0x4a, 0x31, 0xeb,
  0xcd, 0xcb, 0x2f, 0xcd, 0x0d, 0x2f, 0x21, 0x54, 0x77, 0xcd, 0xbe, 0x2e,
  0xcd, 0x9f, 0x28, 0xcd, 0x8a, 0x2f, 0x54, 0x5d, 0xcd, 0xee, 0x56, 0x28,
  0x16, 0xfe, 0x2e, 0x20, 0x0f, 0xcb, 0x3a, 0xcb, 0x1b, 0xed, 0x5a, 0x3e,
  0xe0, 0xa4, 0x28, 0xec, 0xac, 0x67, 0x18, 0x03, 0xcd, 0x0b, 0x57, 0x11,
  0x05, 0x00, 0xe7, 0x38, 0x01, 0xeb, 0x01, 0xf7, 0xff, 0xe1, 0xe5, 0x09,
  0x72, 0x23, 0x73, 0x23, 0x0e, 0x02, 0xe3, 0x23, 0x5e, 0x7b, 0xe6, 0xbf,
  0x77, 0xe3, 0x3e, 0x80, 0xb3, 0x77, 0x23, 0x0c, 0xe3, 0x7b, 0xe6, 0x40,
  0x28, 0x0c, 0x23, 0x5e, 0x23, 0x56, 0xe1, 0x72, 0x23, 0x73, 0x23, 0x0c,
  0x0c, 0xfe, 0xe1, 0xd1, 0x7a, 0xb3, 0x28, 0x05, 0x72, 0x23, 0x73, 0x0c,
  0x0c, 0x2e, 0x07, 0xcd, 0x53, 0x01, 0x71, 0x79, 0xd6, 0x02, 0x0f, 0x0f,
  0x0f, 0x23, 0xb6, 0x77, 0x2b, 0x7a, 0xb3, 0x20, 0x0c, 0xe5, 0x3a, 0x39,
  0xfb, 0xf6, 0x80, 0x01, 0x0b, 0x00, 0x09, 0x77, 0xe1, 0xd1, 0x46, 0x23,
  0x5e, 0x23, 0xcd, 0x10, 0x75, 0x10, 0xf9, 0xcd, 0x21, 0x75, 0xda, 0x8e,
  0x74, 0xc3, 0xa2, 0x56, 0x40, 0x00, 0x45, 0x14, 0x06, 0x80, 0x11, 0x06,
  0x00, 0xfe, 0xc7, 0xc3, 0x93, 0x79, 0x78, 0xc3, 0x35, 0x6c, 0xed, 0x5b,
  0xdc, 0xf3, 0xd5, 0xfe, 0x2c, 0x28, 0x0b, 0xcd, 0x1c, 0x52, 0x3c, 0xd1,
  0x57, 0xd5, 0x2b, 0xd7, 0x28, 0x25, 0xcf, 0x2c, 0xfe, 0x2c, 0x28, 0x0b,
  0xcd, 0x1c, 0x52, 0x3c, 0xd1, 0x5f, 0xd5, 0x2b, 0xd7, 0x28, 0x14, 0xcf,
  0x2c, 0xcd, 0x1c, 0x52, 0xa7, 0x3e, 0x79, 0x20, 0x01, 0x3d, 0xf5, 0x3e,
  0x1b, 0xdf, 0xf1, 0xdf, 0x3e, 0x35, 0xdf, 0xe3, 0xcd, 0xc6, 0x00, 0xe1,
  0xc9, 0xe5, 0x21, 0x6a, 0xfc, 0x18, 0x24, 0xe5, 0x21, 0x6d, 0xfc, 0x18,
  0x1e, 0xcf, 0x45, 0xcf, 0x52, 0xcf, 0xff, 0xcf, 0x94, 0xe5, 0x21, 0x7f,
  0xfc, 0x18, 0x10, 0x3e, 0x04, 0xcd, 0x08, 0x7c, 0x2b, 0xd7, 0xe5, 0x16,
  0x00, 0x21, 0x70, 0xfc, 0x19, 0x19, 0x19, 0xcd, 0xfe, 0x77, 0x18, 0x0e,
  0xcd, 0x1c, 0x52, 0x3d, 0xfe, 0x0a, 0xd2, 0x5a, 0x47, 0x7e, 0xe5, 0xcd,
  0xe8, 0x77, 0xe1, 0xf1, 0xd7, 0xc3, 0x12, 0x46, 0x16, 0x00, 0x21, 0xcd,
  0xfb, 0x19, 0xe5, 0x21, 0x49, 0xfc, 0x19, 0x19, 0x19, 0xcd, 0xfe, 0x77,
  0x7e, 0xe6, 0x01, 0xe1, 0x77, 0xc9, 0xfe, 0x95, 0xca, 0x1b, 0x63, 0xfe,
  0xeb, 0xca, 0x2b, 0x63, 0xfe, 0x90, 0xca, 0x31, 0x63, 0xc3, 0x55, 0x40,
  0xcd, 0xea, 0xfd, 0x01, 0x0a, 0x00, 0xfe, 0xcc, 0xc8, 0x01, 0x01, 0x0a,
  0xfe, 0x90, 0xc8, 0x04, 0xfe, 0xc7, 0xc8, 0xfe, 0xff, 0xd8, 0xe5, 0xd7,
  0xfe, 0xa3, 0x28, 0x07, 0xfe, 0x85, 0x28, 0x08, 0xe1, 0x37, 0xc9, 0xc1,
  0x01, 0x05, 0x0c, 0xc9, 0xd7, 0xfe, 0x45, 0x20, 0xf3, 0xc1, 0xd7, 0xcf,
  0x52, 0xcf, 0xff, 0xcf, 0x94, 0xcf, 0xef, 0xcd, 0x2f, 0x54, 0x7a, 0xb3,
  0xca, 0x5a, 0x47, 0xeb, 0x22, 0xa0, 0xfc, 0x22, 0xa2, 0xfc, 0xeb, 0x01,
  0x01, 0x11, 0x2b, 0xc9, 0xe5, 0x47, 0x87, 0x80, 0x6f, 0x26, 0x00, 0x01,
  0x4d, 0xfc, 0x09, 0x73, 0x23, 0x72, 0xe1, 0xc9, 0xfe, 0x93, 0x20, 0x3e,
  0xd7, 0xe5, 0x21, 0x7f, 0xf8, 0x0e, 0x0a, 0x06, 0x10, 0x7e, 0x23, 0xcd,
  0xab, 0x00, 0x38, 0x11, 0x05, 0x28, 0x1b, 0x7e, 0x23, 0x5f, 0xcd, 0xab,
  0x00, 0x28, 0x06, 0x3e, 0x01, 0xdf, 0x7b, 0x18, 0x0a, 0xfe, 0x7f, 0x28,
  0x04, 0xfe, 0x20, 0x30, 0x02, 0x3e, 0x20, 0xdf, 0x10, 0xdb, 0xcd, 0x28,
  0x73, 0x0d, 0x20, 0xd3, 0xe1, 0xc9, 0xd7, 0xc3, 0xcf, 0x00, 0xd7, 0xc3,
  0xcc, 0x00, 0xfe, 0x28, 0xca, 0xd4, 0x77, 0xfe, 0x95, 0x28, 0xef, 0xfe,
  0xeb, 0x28, 0xef, 0xcd, 0x1c, 0x52, 0x3d, 0xfe, 0x0a, 0xd2, 0x5a, 0x47,
  0xeb, 0x6f, 0x26, 0x00, 0x29, 0x29, 0x29, 0x29, 0x01, 0x7f, 0xf8, 0x09,
  0xe5, 0xeb, 0xcf, 0x2c, 0xcd, 0x64, 0x4c, 0xe5, 0xcd, 0xd0, 0x67, 0x46,
  0x23, 0x5e, 0x23, 0x56, 0xe1, 0xe3, 0x0e, 0x0f, 0x78, 0xa7, 0x28, 0x0d,
  0x1a, 0xa7, 0xca, 0x5a, 0x47, 0x77, 0x13, 0x23, 0x0d, 0x28, 0x07, 0x10,
  0xf3, 0x70, 0x23, 0x0d, 0x20, 0xfb, 0x71, 0xcd, 0xc9, 0x00, 0xe1, 0xc9,
  0xd7, 0xe5, 0x2a, 0x9e, 0xfc, 0xcd, 0x36, 0x32, 0xe1, 0xc9, 0xd7, 0xe5,
  0x3a, 0xdc, 0xf3, 0x18, 0x21, 0xcf, 0xef, 0xcd, 0x2f, 0x54, 0xed, 0x53,
  0x9e, 0xfc, 0xc9, 0xd7, 0x3e, 0x03, 0xcd, 0x08, 0x7c, 0xe5, 0x3a, 0x3f,
  0xfb, 0x1d, 0xfa, 0x38, 0x79, 0x0f, 0x1d, 0xf2, 0x29, 0x79, 0x3e, 0x00,
  0x30, 0x01, 0x3d, 0xcd, 0x9a, 0x2e, 0xe1, 0xc9, 0xe6, 0x07, 0x28, 0xf7,
  0x3e, 0xff, 0x18, 0xf3, 0xcd, 0x1f, 0x52, 0xfe, 0x03, 0x30, 0x0a, 0xcd,
  0xd5, 0x00, 0x18, 0x1a, 0xcd, 0x1f, 0x52, 0xfe, 0x05, 0xd2, 0x5a, 0x47,
  0xcd, 0xd8, 0x00, 0xc3, 0x9a, 0x2e, 0xcd, 0x1f, 0x52, 0x3d, 0xfe, 0x0c,
  0x30, 0xef, 0x3c, 0xcd, 0xde, 0x00, 0xc3, 0xcf, 0x4f, 0xcd, 0x1f, 0x52,
  0xfe, 0x14, 0x30, 0xe1, 0xf5, 0xcd, 0xdb, 0x00, 0x47, 0xf1, 0xcd, 0x3e,
  0x7b, 0xfe, 0x02, 0x78, 0x38, 0xe8, 0x18, 0xd7, 0xdd, 0x21, 0x55, 0x01,
  0xc3, 0x5f, 0x01, 0x32, 0x7c, 0xf8, 0xf3, 0xd3, 0x99, 0x3e, 0xae, 0xd3,
  0x99, 0xfb, 0xc9, 0xca, 0xaf, 0x7a, 0xdd, 0x21, 0xb1, 0x01, 0xcd, 0x5f,
  0x01, 0xd0, 0xc3, 0x62, 0x77, 0xcd, 0x57, 0x42, 0x23, 0x22, 0xc2, 0xf6,
  0xc9, 0x57, 0xd5, 0x2b, 0xd7, 0x28, 0x0d, 0xcf, 0x2c, 0xcd, 0x1c, 0x52,
  0xd1, 0xfe, 0x10, 0xd0, 0x32, 0xeb, 0xf3, 0xd5, 0xd1, 0xf1, 0xe5, 0xeb,
  0x22, 0xe9, 0xf3, 0x7d, 0x32, 0xf2, 0xf3, 0xcd, 0x62, 0x00, 0xe1, 0xc9,
  0xcd, 0xc0, 0xff, 0xdd, 0x21, 0x59, 0x01, 0xc3, 0x5f, 0x01, 0xcd, 0x65,
  0x01, 0x38, 0x07, 0xdd, 0x21, 0x6d, 0x00, 0xc3, 0x5f, 0x01, 0xf5, 0xcd,
  0xab, 0x57, 0xc3, 0xf1, 0x57, 0xcd, 0x65, 0x01, 0x38, 0x07, 0xdd, 0x21,
  0x75, 0x00, 0xc3, 0x5f, 0x01, 0xcd, 0x9c, 0x57, 0xc3, 0xaa, 0x58, 0xcd,
  0x65, 0x01, 0x38, 0x07, 0xdd, 0x21, 0x69, 0x00, 0xc3, 0x5f, 0x01, 0xcd,
  0x9c, 0x57, 0xc3, 0xc8, 0x59, 0xcd, 0x65, 0x01, 0x38, 0x07, 0xdd, 0x21,
  0x85, 0x00, 0xc3, 0x5f, 0x01, 0xcd, 0x0e, 0x01, 0xc3, 0x42, 0x59, 0xf2,
  0xe5, 0x64, 0x2b, 0xc3, 0xea, 0x64, 0xcd, 0x1c, 0x52, 0x32, 0x17, 0xf4,
  0xc9, 0xcd, 0x1c, 0x52, 0x3d, 0xfe, 0x02, 0xd2, 0x5a, 0x47, 0xe5, 0x01,
  0x05, 0x00, 0xa7, 0x21, 0xfc, 0xf3, 0x28, 0x01, 0x09, 0x11, 0x06, 0xf4,
  0xed, 0xb0, 0xe1, 0xc9, 0xfe, 0x24, 0xc2, 0xab, 0x77, 0x3a, 0xaf, 0xfc,
  0xa7, 0xca, 0x5a, 0x47, 0xcd, 0xa0, 0x7a, 0xd5, 0xcd, 0x5f, 0x4c, 0xe3,
  0xe5, 0xcd, 0xd0, 0x67, 0x23, 0x5e, 0x23, 0x56, 0xcd, 0x8a, 0x00, 0x4f,
  0x06, 0x00, 0x2b, 0x2b, 0x3d, 0xbe, 0x7e, 0x38, 0x0c, 0xe1, 0xe5, 0xf5,
  0xaf, 0xcd, 0x6b, 0x01, 0xf1, 0xa7, 0x4f, 0x06, 0x00, 0xeb, 0xd1, 0xc4,
  0x5c, 0x00, 0xe1, 0xc9, 0xcd, 0x9f, 0x7a, 0xe5, 0xd5, 0xcd, 0x8a, 0x00,
  0x4f, 0x06, 0x00, 0xc5, 0xcd, 0x27, 0x66, 0x2a, 0x99, 0xf6, 0xeb, 0xc1,
  0xe1, 0xcd, 0x59, 0x00, 0xc3, 0x54, 0x66, 0xd7, 0xcf, 0x24, 0x3e, 0xff,
  0xcd, 0x08, 0x7c, 0xe5, 0x7b, 0xcd, 0x84, 0x00, 0xeb, 0xe1, 0xc9, 0x05,
  0xfa, 0x5a, 0x47, 0xc3, 0xf4, 0x7c, 0xa7, 0xca, 0x5a, 0x47, 0xd7, 0xcd,
  0x1c, 0x52, 0xfe, 0x20, 0xd2, 0x5a, 0x47, 0xe5, 0xcd, 0x87, 0x00, 0xe3,
  0xcf, 0x2c, 0xfe, 0x2c, 0x28, 0x2b, 0xcd, 0x9c, 0x57, 0xe3, 0x7b, 0xcd,
  0x4d, 0x00, 0x78, 0x87, 0x79, 0x06, 0x00, 0x30, 0x04, 0xc6, 0x20, 0x06,
  0x80, 0x23, 0xcd, 0x4d, 0x00, 0x23, 0x23, 0xcd, 0x4a, 0x00, 0xe6, 0x0f,
  0xb0, 0xcd, 0x4d, 0x00, 0x2b, 0x2b, 0x2b, 0xe3, 0x2b, 0xd7, 0xc1, 0xc8,
  0xc5, 0xcf, 0x2c, 0xfe, 0x2c, 0x28, 0x1e, 0xcd, 0x1c, 0x52, 0xfe, 0x10,
  0xd2, 0x5a, 0x47, 0xe3, 0x23, 0x23, 0x23, 0xcd, 0x4a, 0x00, 0xe6, 0x80,
  0xb3, 0xcd, 0x4d, 0x00, 0x2b, 0x2b, 0x2b, 0xe3, 0x2b, 0xd7, 0xc1, 0xc8,
  0xc5, 0xcf, 0x2c, 0xcd, 0x1c, 0x52, 0xcd, 0x8a, 0x00, 0x7b, 0x30, 0x07,
  0xfe, 0x40, 0xd2, 0x5a, 0x47, 0x87, 0x87, 0xe3, 0x23, 0x23, 0xcd, 0x4d,
  0x00, 0xe1, 0xc9, 0xdd, 0x21, 0x61, 0x01, 0xc3, 0x5f, 0x01, 0xc6, 0x04,
  0xe6, 0xf3, 0x3d, 0xc9, 0xc3, 0x47, 0x00, 0xdd, 0x21, 0x65, 0x01, 0xc3,
  0x5f, 0x01, 0x16, 0x00, 0x21, 0xdf, 0xf3, 0x19, 0x7e, 0xcd, 0xcf, 0x4f,
  0xe1, 0xc9, 0xdd, 0x21, 0x69, 0x01, 0xc3, 0x5f, 0x01, 0x21, 0x00, 0x00,
  0x39, 0x7c, 0xd3, 0xa8, 0x7d, 0x32, 0xff, 0xff, 0x79, 0x01, 0x77, 0x0c,
  0x11, 0x81, 0xf3, 0x21, 0x80, 0xf3, 0x36, 0x00, 0xed, 0xb0, 0x4f, 0x06,
  0x04, 0x21, 0xc4, 0xfc, 0xcb, 0x19, 0x9f, 0xe6, 0x80, 0x77, 0x2b, 0x10,
  0xf7, 0xdb, 0xa8, 0x4f, 0xaf, 0xd3, 0xa8, 0x3a, 0xff, 0xff, 0x2f, 0x6f,
  0x3e, 0x40, 0xd3, 0xa8, 0x3a, 0xff, 0xff, 0x2f, 0x67, 0x3e, 0x80, 0xd3,
  0xa8, 0x3a, 0xff, 0xff, 0x2f, 0x5f, 0x3e, 0xc0, 0xd3, 0xa8, 0x3a, 0xff,
  0xff, 0x2f, 0x57, 0x79, 0xd3, 0xa8, 0x22, 0xc5, 0xfc, 0xeb, 0x22, 0xc7,
  0xfc, 0xed, 0x56, 0xc3, 0x76, 0x7c, 0x00, 0xff, 0x07, 0xff, 0x03, 0x3f,
  0x00, 0xff, 0x07, 0x7f, 0x00, 0xff, 0x07, 0xdd, 0x21, 0x6d, 0x01, 0xc3,
  0x5f, 0x01, 0x16, 0x00, 0x21, 0xb3, 0xf3, 0x19, 0x19, 0x7e, 0x23, 0x66,
  0x6f, 0xcd, 0x36, 0x32, 0xe1, 0xc9, 0xdd, 0x21, 0x71, 0x01, 0x18, 0x0a,
  0xdd, 0x21, 0x81, 0x01, 0x18, 0x04, 0xdd, 0x21, 0x89, 0x01, 0xc3, 0x5f,
  0x01, 0xdd, 0x21, 0x75, 0x01, 0xc3, 0x5f, 0x01, 0xcf, 0x4f, 0xcd, 0x8a,
  0x2f, 0x11, 0x00, 0x40, 0xe7, 0xd8, 0x18, 0x6b, 0xf5, 0xcf, 0x28, 0xcd,
  0x1c, 0x52, 0xf1, 0xbb, 0x38, 0x61, 0xcf, 0x29, 0x7b, 0xc9, 0xcd, 0xef,
  0xfd, 0x18, 0x58, 0xc3, 0xe3, 0x7c, 0x18, 0x53, 0xcd, 0xf9, 0xfd, 0x18,
  0x4e, 0xcd, 0xfe, 0xfd, 0x18, 0x49, 0xcd, 0x03, 0xfe, 0x18, 0x44, 0xc3,
  0x03, 0x7d, 0x18, 0x3f, 0xcd, 0x0d, 0xfe, 0x18, 0x3a, 0xcd, 0x12, 0xfe,
  0x18, 0x35, 0xcd, 0x17, 0xfe, 0x18, 0x30, 0xcd, 0x1c, 0xfe, 0x18, 0x2b,
  0xcd, 0x21, 0xfe, 0x18, 0x26, 0xcd, 0x26, 0xfe, 0x18, 0x21, 0xcd, 0x2b,
  0xfe, 0x18, 0x1c, 0xcd, 0x30, 0xfe, 0x18, 0x17, 0xcd, 0x35, 0xfe, 0x18,
  0x12, 0xcd, 0x3a, 0xfe, 0x18, 0x0d, 0xcd, 0x3f, 0xfe, 0x18, 0x08, 0xcd,
  0x44, 0xfe, 0x18, 0x03, 0xcd, 0x49, 0xfe, 0xc3, 0x5a, 0x47, 0x31, 0x76,
  0xf3, 0x01, 0x2f, 0x02, 0x11, 0x9b, 0xfd, 0x21, 0x9a, 0xfd, 0x36, 0xc9,
  0xed, 0xb0, 0x21, 0x80, 0xf3, 0x22, 0x4a, 0xfc, 0xcd, 0x5d, 0x7d, 0x22,
  0x48, 0xfc, 0x01, 0x90, 0x00, 0x11, 0x80, 0xf3, 0x21, 0x27, 0x7f, 0xed,
  0xb0, 0xcd, 0x3e, 0x00, 0xaf, 0x32, 0x60, 0xf6, 0x32, 0x7c, 0xf8, 0x3e,
  0x2c, 0x32, 0x5d, 0xf5, 0x3e, 0x3a, 0x32, 0x1e, 0xf4, 0x2a, 0x04, 0x00,
  0x22, 0x20, 0xf9, 0x21, 0xe4, 0xf6, 0x22, 0x4c, 0xf7, 0x22, 0x74, 0xf6,
  0x01, 0xc8, 0x00, 0x09, 0x22, 0x72, 0xf6, 0x3e, 0x01, 0x32, 0xc3, 0xf6,
  0xcd, 0x6b, 0x7e, 0xcd, 0xe5, 0x62, 0x2a, 0x48, 0xfc, 0xaf, 0x77, 0x23,
  0x22, 0x76, 0xf6, 0xcd, 0x87, 0x62, 0xcd, 0x3b, 0x00, 0x18, 0x31, 0xcd,
  0xf4, 0xfd, 0xdd, 0x21, 0x79, 0x01, 0xc3, 0x5f, 0x01, 0xdd, 0x21, 0x85,
  0x01, 0xc3, 0x5f, 0x01, 0x3a, 0xaf, 0xfc, 0xfe, 0x04, 0xda, 0xb6, 0x7a,
  0xdd, 0x21, 0x51, 0x01, 0xc3, 0x5f, 0x01, 0xdd, 0x21, 0x8d, 0x01, 0xcd,
  0x5f, 0x01, 0xd0, 0xcd, 0x08, 0xfe, 0xc3, 0x5a, 0x47, 0x00, 0x00, 0x00,
  0xcd, 0x62, 0x01, 0x2a, 0x48, 0xfc, 0xaf, 0x77, 0x23, 0x22, 0x76, 0xf6,
  0xcd, 0x87, 0x62, 0xcd, 0x29, 0x7d, 0xc3, 0x1f, 0x41, 0x18, 0x06, 0x00,
  0x00, 0x00, 0x00, 0xed, 0x7c, 0xcd, 0xee, 0x7b, 0x21, 0x09, 0xfd, 0x7e,
  0xe6, 0x20, 0x77, 0x00, 0x00, 0x21, 0xfd, 0x7e, 0xcd, 0x78, 0x66, 0xc9,
  0x00, 0x00, 0x00, 0x00, 0x00, 0x00, 0x00, 0x00, 0x00, 0x00, 0x00, 0x00,
  0x00, 0x00, 0x00, 0x00, 0x00, 0x00, 0x00, 0x00, 0x00, 0x00, 0x00, 0x00,
  0x00, 0x21, 0x00, 0xef, 0x7e, 0x2f, 0x77, 0xbe, 0x2f, 0x77, 0x20, 0x09,
  0x2c, 0x20, 0xf5, 0x7c, 0x3d, 0xf0, 0x67, 0x18, 0xef, 0x2e, 0x00, 0x24,
  0xc9, 0xf3, 0x0e, 0x00, 0x11, 0xc1, 0xfc, 0x21, 0xc9, 0xfc, 0x1a, 0xb1,
  0x4f, 0xd5, 0x23, 0xe5, 0x21, 0x00, 0x40, 0xcd, 0x1a, 0x7e, 0xe5, 0x21,
  0x41, 0x42, 0xe7, 0xe1, 0x06, 0x00, 0x20, 0x2a, 0xcd, 0x1a, 0x7e, 0xe5,
  0xc5, 0xd5, 0xdd, 0xe1, 0x79, 0xf5, 0xfd, 0xe1, 0xc4, 0xf5, 0x7f, 0xc1,
  0xe1, 0xcd, 0x1a, 0x7e, 0xc6, 0xff, 0xcb, 0x18, 0xcd, 0x1a, 0x7e, 0xc6,
  0xff, 0xcb, 0x18, 0xcd, 0x1a, 0x7e, 0xc6, 0xff, 0xcb, 0x18, 0x11, 0xf8,
  0xff, 0x19, 0xe3, 0x70, 0x23, 0xe3, 0x11, 0xfe, 0x3f, 0x19, 0x7c, 0xfe,
  0xc0, 0x38, 0xbc, 0xe1, 0x23, 0x79, 0xa7, 0x11, 0x0c, 0x00, 0xf2, 0xe0,
  0x7d, 0xc6, 0x04, 0x4f, 0xfe, 0x90, 0x38, 0xa6, 0xe6, 0x03, 0x4f, 0x3e,
  0x19, 0xd1, 0x13, 0x0c, 0x79, 0xfe, 0x04, 0x38, 0x95, 0x21, 0xc9, 0xfc,
  0x06, 0x40, 0x7e, 0x87, 0x38, 0x04, 0x23, 0x10, 0xf9, 0xc9, 0xcd, 0x2a,
  0x7e, 0xcd, 0x24, 0x00, 0x2a, 0xc2, 0xf6, 0x11, 0x00, 0xc0, 0xe7, 0x30,
  0x04, 0xeb, 0x22, 0xc2, 0xf6, 0x2a, 0x08, 0x80, 0x23, 0x22, 0x76, 0xf6,
  0x7c, 0x32, 0xb1, 0xfb, 0xcd, 0x9a, 0x62, 0xc3, 0x01, 0x46, 0xcd, 0x1e,
  0x7e, 0x5a, 0x79, 0xc5, 0xd5, 0xcd, 0x0c, 0x00, 0xd1, 0xc1, 0x57, 0xb3,
  0x23, 0xc9, 0x3e, 0x40, 0x90, 0x47, 0x26, 0x00, 0x1f, 0xcb, 0x1c, 0x1f,
  0xcb, 0x1c, 0x1f, 0x1f, 0xe6, 0x03, 0x4f, 0x78, 0x06, 0x00, 0xe5, 0x21,
  0xc1, 0xfc, 0x09, 0xe6, 0x0c, 0xb1, 0x4f, 0x7e, 0xe1, 0xb1, 0xc9, 0xcf,
  0xb7, 0xcf, 0xef, 0xcd, 0x1c, 0x52, 0xc2, 0x55, 0x40, 0xfe, 0x10, 0xd2,
  0x5a, 0x47, 0x22, 0xa7, 0xf6, 0xf5, 0xcd, 0x1c, 0x6c, 0xf1, 0xcd, 0x6b,
  0x7e, 0xcd, 0xa7, 0x62, 0xc3, 0x01, 0x46, 0xf5, 0x2a, 0x4a, 0xfc, 0x11,
  0xf5, 0xfe, 0x19, 0x3d, 0xf2, 0x72, 0x7e, 0xeb, 0x2a, 0x74, 0xf6, 0x44,
  0x4d, 0x2a, 0x72, 0xf6, 0x7d, 0x91, 0x6f, 0x7c, 0x98, 0x67, 0xf1, 0xe5,
  0xf5, 0x01, 0x8c, 0x00, 0x09, 0x44, 0x4d, 0x2a, 0xc2, 0xf6, 0x09, 0xe7,
  0xd2, 0x75, 0x62, 0xf1, 0x32, 0x5f, 0xf8, 0x6b, 0x62, 0x22, 0x60, 0xf8,
  0x2b, 0x2b, 0x22, 0x72, 0xf6, 0xc1, 0x7d, 0x91, 0x6f, 0x7c, 0x98, 0x67,
  0x22, 0x74, 0xf6, 0x2b, 0x2b, 0xc1, 0xf9, 0xc5, 0x3a, 0x5f, 0xf8, 0x6f,
  0x2c, 0x26, 0x00, 0x29, 0x19, 0xeb, 0xd5, 0x01, 0x09, 0x01, 0x73, 0x23,
  0x72, 0x23, 0xeb, 0x36, 0x00, 0x09, 0xeb, 0x3d, 0xf2, 0xc2, 0x7e, 0xe1,
  0x01, 0x09, 0x00, 0x09, 0x22, 0x62, 0xf8, 0xc9, 0x4d, 0x53, 0x58, 0x20,
  0x20, 0x73, 0x79, 0x73, 0x74, 0x65, 0x6d, 0x00, 0x76, 0x65, 0x72, 0x73,
  0x69, 0x6f, 0x6e, 0x20, 0x32, 0x2e, 0x31, 0x0d, 0x0a, 0x00, 0x4d, 0x53,
  0x58, 0x20, 0x42, 0x41, 0x53, 0x49, 0x43, 0x20, 0x00, 0x43, 0x6f, 0x70,
  0x79, 0x72, 0x69, 0x67, 0x68, 0x74, 0x20, 0x31, 0x39, 0x38, 0x36, 0x20,
  0x62, 0x79, 0x20, 0x4d, 0x69, 0x63, 0x72, 0x6f, 0x73, 0x6f, 0x66, 0x74,
  0x0d, 0x0a, 0x00, 0x20, 0x42, 0x79, 0x74, 0x65, 0x73, 0x20, 0x66, 0x72,
  0x65, 0x65, 0x00, 0xd3, 0xa8, 0x5e, 0x18, 0x03, 0xd3, 0xa8, 0x73, 0x7a,
  0xd3, 0xa8, 0xc9, 0xd3, 0xa8, 0x08, 0xcd, 0x98, 0xf3, 0x08, 0xf1, 0xd3,
  0xa8, 0x08, 0xc9, 0xdd, 0xe9, 0x5a, 0x47, 0x5a, 0x47, 0x5a, 0x47, 0x5a,
  0x47, 0x5a, 0x47, 0x5a, 0x47, 0x5a, 0x47, 0x5a, 0x47, 0x5a, 0x47, 0x5a,
  0x47, 0x27, 0x1d, 0x1d, 0x18, 0x0e, 0x00, 0x00, 0x00, 0x00, 0x00, 0x08,
  0x00, 0x00, 0x00, 0x00, 0x00, 0x18, 0x00, 0x20, 0x00, 0x00, 0x00, 0x1b,
  0x00, 0x38, 0x00, 0x18, 0x00, 0x20, 0x00, 0x00, 0x00, 0x1b, 0x00, 0x38,
  0x00, 0x08, 0x00, 0x00, 0x00, 0x00, 0x00, 0x1b, 0x00, 0x38, 0x01, 0x01,
  0x01, 0x00, 0x00, 0xe0, 0x00, 0x00, 0x00, 0x00, 0x00, 0x00, 0x00, 0xff,
  0x0f, 0x04, 0x04, 0xc3, 0x00, 0x00, 0xc3, 0x00, 0x00, 0x0f, 0x59, 0xf9,
  0xff, 0x01, 0x32, 0xf0, 0xfb, 0xf0, 0xfb, 0x53, 0x5c, 0x26, 0x2d, 0x0f,
  0x25, 0x2d, 0x0e, 0x16, 0x1f, 0x53, 0x5c, 0x26, 0x2d, 0x0f, 0x00, 0x01,
  0x00, 0x01, 0x3a, 0x11, 0x89, 0xfd, 0xa7, 0xc0, 0x04, 0xc9, 0xcd, 0xd1,
  0x7f, 0x5e, 0x18, 0x04, 0xcd, 0xd1, 0x7f, 0x73, 0xdb, 0xa8, 0xe6, 0x3f,
  0xd3, 0xa8, 0x79, 0x18, 0x15, 0x0f, 0x0f, 0xe6, 0x03, 0x57, 0xdb, 0xa8,
  0x47, 0xe6, 0x3f, 0xd3, 0xa8, 0x3a, 0xff, 0xff, 0x2f, 0x4f, 0xe6, 0xfc,
  0xb2, 0x57, 0x32, 0xff, 0xff, 0x78, 0xd3, 0xa8, 0x7b, 0xc9, 0x00, 0x00,
  0x00, 0x00, 0x00, 0x00, 0x00, 0xdb, 0x99, 0x07, 0x30, 0xfb, 0xc3, 0x1c,
  0x00, 0xc3, 0x7d, 0xf3
};
unsigned int MSXBASIC_ROM_len = 16384;
