unsigned char MSXDiag_rom[] = {
  0x41, 0x42, 0x1c, 0x40, 0x00, 0x00, 0x00, 0x00, 0x00, 0x00, 0x00, 0x00,
  0x00, 0x00, 0x00, 0x00, 0x4d, 0x53, 0x58, 0x5f, 0x44, 0x49, 0x41, 0x47,
  0x00, 0x00, 0x00, 0x00, 0xcd, 0x38, 0x01, 0x0f, 0x0f, 0xe6, 0x03, 0x4f,
  0x21, 0xc1, 0xfc, 0x85, 0x6f, 0x7e, 0xe6, 0x80, 0xb1, 0x4f, 0x2c, 0x2c,
  0x2c, 0x2c, 0x7e, 0xe6, 0x0c, 0xb1, 0x26, 0x80, 0xcd, 0x24, 0x00, 0xc3,
  0x3f, 0x40, 0xc9, 0xcd, 0x3d, 0x62, 0xcd, 0x63, 0x40, 0xcd, 0x68, 0x45,
  0xcd, 0x94, 0x45, 0xcd, 0x41, 0x00, 0xcd, 0x2c, 0x62, 0x21, 0x0b, 0x0f,
  0xcd, 0x29, 0x62, 0x21, 0xbb, 0x7e, 0xcd, 0xf3, 0x60, 0xcd, 0x44, 0x00,
  0xcd, 0x00, 0x00, 0xcd, 0x80, 0x40, 0xcd, 0x38, 0x41, 0xcd, 0xc1, 0x44,
  0xcd, 0xa3, 0x40, 0xcd, 0xae, 0x40, 0xcd, 0x28, 0x5e, 0x3e, 0x01, 0x32,
  0x74, 0xec, 0x3e, 0x01, 0x32, 0x1c, 0xed, 0xc9, 0x06, 0x03, 0x16, 0x0c,
  0xc5, 0xd5, 0xaf, 0xcd, 0x32, 0x01, 0xcd, 0xc0, 0x00, 0xd1, 0x42, 0x76,
  0x10, 0xfd, 0x3e, 0xff, 0xd5, 0xcd, 0x32, 0x01, 0xd1, 0x42, 0x76, 0x10,
  0xfd, 0xcb, 0x3a, 0xc1, 0x10, 0xe2, 0xc9, 0x21, 0x14, 0xed, 0x06, 0x06,
  0xaf, 0x77, 0x23, 0x10, 0xfb, 0xc9, 0x21, 0xb6, 0x8d, 0x22, 0x1e, 0xed,
  0x3a, 0x2c, 0x00, 0xe6, 0x0f, 0x32, 0x1d, 0xed, 0xfe, 0x02, 0x20, 0x07,
  0x21, 0xde, 0x8d, 0x22, 0x1e, 0xed, 0xc9, 0xc9, 0xcd, 0x33, 0x5f, 0xcd,
  0x97, 0x5e, 0xcd, 0xd7, 0x5e, 0x3a, 0xc5, 0xe3, 0xe6, 0x07, 0x47, 0x3a,
  0xd9, 0xe3, 0xe6, 0x07, 0xb0, 0x32, 0x14, 0xed, 0x3a, 0xc6, 0xe3, 0xe6,
  0x07, 0x47, 0x3a, 0xda, 0xe3, 0xe6, 0x07, 0xb0, 0x32, 0x15, 0xed, 0x3a,
  0xc4, 0xe3, 0xe6, 0x07, 0x47, 0x3a, 0xdb, 0xe3, 0xe6, 0x07, 0xb0, 0x32,
  0x16, 0xed, 0x3a, 0xc7, 0xe3, 0xe6, 0x07, 0x47, 0x3a, 0xdc, 0xe3, 0xe6,
  0x07, 0xb0, 0x32, 0x17, 0xed, 0x3a, 0xc0, 0xe3, 0xe6, 0x07, 0x47, 0x3a,
  0xdd, 0xe3, 0xe6, 0x07, 0xb0, 0x32, 0x18, 0xed, 0x3a, 0xba, 0xe3, 0xe6,
  0x07, 0x47, 0x3a, 0xde, 0xe3, 0xe6, 0x07, 0xb0, 0x32, 0x19, 0xed, 0xc9,
  0x11, 0x00, 0x0e, 0x21, 0x2e, 0x8d, 0x01, 0x80, 0x00, 0xc3, 0x5c, 0x00,
  0xcd, 0x3f, 0x41, 0xcd, 0x5c, 0x41, 0xc9, 0x01, 0x00, 0x04, 0x16, 0x00,
  0x59, 0x21, 0xc1, 0xfc, 0x19, 0x7e, 0x21, 0x7a, 0xec, 0x19, 0xcb, 0x7f,
  0x28, 0x04, 0x36, 0x0b, 0x18, 0x02, 0x36, 0x00, 0x0c, 0x10, 0xe7, 0xc9,
  0x21, 0x77, 0xec, 0x06, 0x03, 0x36, 0x00, 0x23, 0x10, 0xfb, 0x21, 0x7e,
  0xec, 0x06, 0x10, 0x36, 0x00, 0x23, 0x10, 0xfb, 0x21, 0x8e, 0xec, 0x06,
  0x40, 0x36, 0x00, 0x23, 0x36, 0x00, 0x23, 0x10, 0xf8, 0x01, 0x00, 0x04,
  0xc5, 0x79, 0xe6, 0x03, 0x32, 0x13, 0xed, 0x21, 0x7a, 0xec, 0x16, 0x00,
  0x59, 0x19, 0x7e, 0xb7, 0xca, 0xb5, 0x41, 0x3a, 0x13, 0xed, 0xcb, 0xff,
  0x32, 0x13, 0xed, 0x01, 0x00, 0x04, 0xc5, 0x3a, 0x13, 0xed, 0xe6, 0x83,
  0xcb, 0x21, 0xcb, 0x21, 0xb1, 0x32, 0x13, 0xed, 0xcd, 0xbd, 0x41, 0xc1,
  0x0c, 0x10, 0xeb, 0x18, 0x03, 0xcd, 0xbd, 0x41, 0xc1, 0x0c, 0x10, 0xc4,
  0xc9, 0x21, 0x75, 0xe5, 0x06, 0x03, 0xaf, 0x77, 0x23, 0x10, 0xfc, 0xcd,
  0xd7, 0x41, 0xcd, 0x21, 0x42, 0x3a, 0x75, 0xe5, 0xd6, 0x40, 0xd8, 0xcd,
  0x55, 0x43, 0xc9, 0x21, 0x00, 0x00, 0x22, 0x11, 0xed, 0x06, 0x0c, 0xc5,
  0xf3, 0x3a, 0x13, 0xed, 0x2a, 0x11, 0xed, 0xcd, 0x0c, 0x00, 0x47, 0x2f,
  0x5f, 0x4f, 0x3a, 0x13, 0xed, 0x2a, 0x11, 0xed, 0xc5, 0xcd, 0x14, 0x00,
  0x3a, 0x13, 0xed, 0x2a, 0x11, 0xed, 0xcd, 0x0c, 0x00, 0xc1, 0xb9, 0x20,
  0x0d, 0x58, 0x3a, 0x13, 0xed, 0x2a, 0x11, 0xed, 0xcd, 0x14, 0x00, 0xcd,
  0xf0, 0x42, 0xfb, 0xc1, 0x2a, 0x11, 0xed, 0x11, 0x00, 0x10, 0x19, 0x22,
  0x11, 0xed, 0x10, 0xbf, 0xc9, 0x21, 0x00, 0xc0, 0x22, 0x11, 0xed, 0x06,
  0x04, 0xc5, 0xf3, 0xdb, 0xa8, 0x47, 0x3a, 0xff, 0xff, 0x2f, 0x4f, 0xd9,
  0x0e, 0x03, 0x3a, 0x13, 0xed, 0xa1, 0x5f, 0x3a, 0x13, 0xed, 0xcb, 0x3f,
  0xcb, 0x3f, 0xa1, 0x57, 0x2a, 0x11, 0xed, 0xcd, 0xb6, 0x44, 0x47, 0xb7,
  0x28, 0x0e, 0xcb, 0x21, 0xcb, 0x21, 0xcb, 0x22, 0xcb, 0x22, 0xcb, 0x23,
  0xcb, 0x23, 0x10, 0xf2, 0x79, 0x2f, 0x4f, 0x3a, 0x13, 0xed, 0xcb, 0x7f,
  0x28, 0x1a, 0xcb, 0x0f, 0xcb, 0x0f, 0xe6, 0xc0, 0x47, 0xdb, 0xa8, 0xe6,
  0x3f, 0xb0, 0x32, 0x74, 0xe5, 0xdb, 0xa8, 0x47, 0x3a, 0x74, 0xe5, 0xcd,
  0xbc, 0x42, 0x18, 0x07, 0xdb, 0xa8, 0xa1, 0xb3, 0xcd, 0xa0, 0x42, 0xfb,
  0x3e, 0xff, 0xbb, 0x20, 0x03, 0xcd, 0xf0, 0x42, 0xc1, 0x2a, 0x11, 0xed,
  0x11, 0x00, 0x10, 0x19, 0x22, 0x11, 0xed, 0x05, 0xc2, 0x29, 0x42, 0xc9,
  0xd3, 0xa8, 0x7e, 0x47, 0x2f, 0x4f, 0x77, 0x7e, 0xb9, 0x20, 0x07, 0x78,
  0x77, 0x3e, 0xff, 0x08, 0x18, 0x03, 0x3e, 0x00, 0x08, 0xd9, 0x08, 0x5f,
  0x78, 0xd3, 0xa8, 0xc9, 0xd3, 0xa8, 0x3a, 0xff, 0xff, 0x2f, 0xa1, 0xb2,
  0x32, 0xff, 0xff, 0xdb, 0xa8, 0x57, 0x78, 0xa1, 0xb3, 0xd3, 0xa8, 0x7e,
  0x47, 0x2f, 0x4f, 0x77, 0x7e, 0xb9, 0x20, 0x07, 0x78, 0x77, 0x3e, 0xff,
  0x08, 0x18, 0x03, 0x3e, 0x00, 0x08, 0x7a, 0xd3, 0xa0, 0xd9, 0x08, 0x5f,
  0x79, 0x32, 0xff, 0xff, 0x78, 0xd3, 0xa8, 0xc9, 0x21, 0x74, 0xe4, 0x36,
  0x04, 0x23, 0x36, 0x00, 0x23, 0x36, 0x00, 0x11, 0x77, 0xec, 0x21, 0x74,
  0xe4, 0xcd, 0x9f, 0x5d, 0x11, 0x75, 0xe5, 0x21, 0x74, 0xe4, 0xcd, 0x9f,
  0x5d, 0x11, 0x04, 0x00, 0xcd, 0x3a, 0x43, 0xcd, 0x17, 0x43, 0xc9, 0x2a,
  0x11, 0xed, 0xcd, 0xb6, 0x44, 0x47, 0x0e, 0x01, 0xb7, 0x28, 0x04, 0xcb,
  0x21, 0x10, 0xfc, 0xc5, 0xcd, 0x57, 0x44, 0xc1, 0x7e, 0xb1, 0xe6, 0x0f,
  0x77, 0x3a, 0x75, 0xe5, 0xd6, 0x40, 0xd8, 0xcb, 0xf6, 0xc9, 0xd5, 0x2a,
  0x11, 0xed, 0xcd, 0xb6, 0x44, 0xcd, 0x7a, 0x44, 0xd1, 0xe5, 0x44, 0x4d,
  0x0a, 0x67, 0x03, 0x0a, 0x6f, 0x19, 0x44, 0x4d, 0xe1, 0x70, 0x23, 0x71,
  0xc9, 0x21, 0x00, 0x00, 0x22, 0x78, 0xe5, 0xf3, 0x11, 0x74, 0xe6, 0x06,
  0xff, 0xc5, 0xd5, 0x78, 0xd3, 0xfc, 0x3a, 0x13, 0xed, 0x21, 0xff, 0x0f,
  0xcd, 0x0c, 0x00, 0xd1, 0xc1, 0x12, 0x78, 0xb7, 0x28, 0x04, 0x13, 0x05,
  0x18, 0xe7, 0x01, 0x00, 0xff, 0xc5, 0x79, 0xd3, 0xfc, 0x1e, 0xff, 0x3a,
  0x13, 0xed, 0x21, 0xff, 0x0f, 0xcd, 0x14, 0x00, 0xc1, 0x78, 0xb7, 0x28,
  0x04, 0x0c, 0x05, 0x18, 0xe8, 0x01, 0x00, 0xff, 0xc5, 0x79, 0xd3, 0xfc,
  0x3a, 0x13, 0xed, 0x21, 0xff, 0x0f, 0xcd, 0x0c, 0x00, 0xc1, 0x91, 0x38,
  0x1b, 0x2a, 0x78, 0xe5, 0x23, 0x22, 0x78, 0xe5, 0xc5, 0x59, 0x3a, 0x13,
  0xed, 0x21, 0xff, 0x0f, 0xcd, 0x14, 0x00, 0xc1, 0x78, 0xb7, 0x28, 0x04,
  0x0c, 0x05, 0x18, 0xd4, 0x11, 0x74, 0xe6, 0x06, 0xff, 0xc5, 0xd5, 0x78,
  0xd3, 0xfc, 0x1a, 0x5f, 0x3a, 0x13, 0xed, 0x21, 0xff, 0x0f, 0xcd, 0x14,
  0x00, 0xd1, 0xc1, 0x78, 0xb7, 0x28, 0x04, 0x13, 0x05, 0x18, 0xe6, 0xfb,
  0x2a, 0x78, 0xe5, 0x11, 0x04, 0x00, 0xed, 0x52, 0xd8, 0xcd, 0x57, 0x44,
  0xcb, 0xfe, 0xaf, 0x32, 0x10, 0xed, 0xcd, 0x7a, 0x44, 0x06, 0x08, 0x36,
  0x00, 0x23, 0x10, 0xfb, 0x21, 0x74, 0xe4, 0x36, 0x64, 0x23, 0x36, 0x00,
  0x23, 0x36, 0x00, 0x11, 0x77, 0xec, 0x21, 0x74, 0xe4, 0xcd, 0xab, 0x5d,
  0x3e, 0x01, 0x32, 0x10, 0xed, 0xcd, 0x7a, 0x44, 0xed, 0x5b, 0x78, 0xe5,
  0x72, 0x23, 0x73, 0xaf, 0x32, 0x10, 0xed, 0xcd, 0x7a, 0x44, 0x44, 0x4d,
  0x2a, 0x78, 0xe5, 0xe5, 0xc5, 0x21, 0x74, 0xe4, 0x36, 0x16, 0x23, 0x36,
  0x00, 0x23, 0x36, 0x00, 0x11, 0x77, 0xec, 0x21, 0x74, 0xe4, 0xcd, 0x9f,
  0x5d, 0xc1, 0x60, 0x69, 0xc5, 0x11, 0x10, 0x00, 0xcd, 0x3a, 0x43, 0xc1,
  0xe1, 0x2b, 0x7c, 0xb5, 0x20, 0xd9, 0xc9, 0x21, 0x7e, 0xec, 0x3a, 0x13,
  0xed, 0xe6, 0x03, 0x47, 0xb7, 0x28, 0x06, 0x11, 0x04, 0x00, 0x19, 0x10,
  0xfd, 0x3a, 0x13, 0xed, 0xcb, 0x3f, 0xcb, 0x3f, 0xe6, 0x03, 0x47, 0xb7,
  0x28, 0x03, 0x23, 0x10, 0xfd, 0xc9, 0x3a, 0x13, 0xed, 0xe6, 0x03, 0x57,
  0x3a, 0x13, 0xed, 0xcb, 0x3f, 0xcb, 0x3f, 0xe6, 0x03, 0x4f, 0x1e, 0x00,
  0xaf, 0xb2, 0x28, 0x07, 0x42, 0x7b, 0xc6, 0x20, 0x10, 0xfc, 0x5f, 0xaf,
  0xb1, 0x28, 0x07, 0x41, 0x7b, 0xc6, 0x08, 0x10, 0xfc, 0x5f, 0x3a, 0x10,
  0xed, 0xb7, 0x28, 0x07, 0x47, 0x7b, 0xc6, 0x02, 0x10, 0xfc, 0x5f, 0x16,
  0x00, 0x21, 0x8e, 0xec, 0x19, 0xc9, 0x7c, 0x06, 0x06, 0xcb, 0x3f, 0x10,
  0xfc, 0x32, 0x10, 0xed, 0xc9, 0xaf, 0x32, 0xf6, 0xf3, 0x32, 0xa2, 0xfc,
  0x3a, 0x06, 0x00, 0x3c, 0x4f, 0xed, 0x78, 0xf3, 0xed, 0x78, 0xa7, 0xf2,
  0xd0, 0x44, 0x3a, 0x07, 0x00, 0x3c, 0x4f, 0x3e, 0x02, 0xed, 0x79, 0x3e,
  0x8f, 0xed, 0x79, 0x3a, 0x06, 0x00, 0x3c, 0x4f, 0xed, 0x78, 0xfb, 0xe6,
  0x40, 0x20, 0x07, 0xaf, 0x32, 0x75, 0xec, 0xc3, 0x2a, 0x45, 0x3a, 0x07,
  0x00, 0x3c, 0x4f, 0x3e, 0x01, 0xf3, 0xed, 0x79, 0x3e, 0x8f, 0xed, 0x79,
  0x3a, 0x06, 0x00, 0x3c, 0x4f, 0xed, 0x78, 0xfb, 0xe6, 0x3e, 0xb7, 0x20,
  0x08, 0x3e, 0x01, 0x32, 0x75, 0xec, 0xc3, 0x2a, 0x45, 0xfe, 0x04, 0x20,
  0x08, 0x3e, 0x02, 0x32, 0x75, 0xec, 0xc3, 0x2a, 0x45, 0x3e, 0xff, 0x32,
  0x75, 0xec, 0x3a, 0x07, 0x00, 0x3c, 0x4f, 0xaf, 0xf3, 0xed, 0x79, 0x3e,
  0x8f, 0xed, 0x79, 0xfb, 0x76, 0x21, 0x00, 0x00, 0xaf, 0x32, 0xf6, 0xf3,
  0x32, 0xa2, 0xfc, 0x3a, 0x06, 0x00, 0x3c, 0x4f, 0xed, 0x78, 0xf3, 0x23,
  0xed, 0x78, 0xa7, 0xf2, 0x4b, 0x45, 0xfb, 0x54, 0x5d, 0x21, 0xee, 0x06,
  0xed, 0x52, 0x38, 0x06, 0xaf, 0x32, 0x76, 0xec, 0x18, 0x05, 0x3e, 0x01,
  0x32, 0x76, 0xec, 0xc9, 0x3e, 0x01, 0x32, 0x74, 0xec, 0x01, 0x01, 0x0f,
  0x11, 0x00, 0x05, 0xcd, 0xf3, 0x5d, 0x21, 0x77, 0x62, 0xcd, 0xef, 0x5f,
  0x06, 0xff, 0xc5, 0xcd, 0x33, 0x5f, 0xc1, 0x3a, 0xd8, 0xe3, 0xe6, 0x02,
  0x20, 0x06, 0x05, 0x28, 0x03, 0x76, 0x18, 0xee, 0xcd, 0x41, 0x00, 0xc9,
  0x3a, 0x1c, 0xed, 0x32, 0x1a, 0xed, 0x32, 0x1b, 0xed, 0x3a, 0x74, 0xec,
  0xb7, 0x28, 0x12, 0x01, 0x04, 0x0f, 0x11, 0x28, 0x01, 0xcd, 0xb7, 0x5d,
  0xcd, 0x2c, 0x41, 0xaf, 0x32, 0x74, 0xec, 0x18, 0x09, 0xcd, 0x2c, 0x62,
  0x01, 0x04, 0x0f, 0xcd, 0x30, 0x62, 0xcd, 0x41, 0x00, 0xcd, 0x48, 0x48,
  0x21, 0x04, 0x01, 0xcd, 0x29, 0x62, 0x21, 0x67, 0x7f, 0xcd, 0xf3, 0x60,
  0x21, 0xc8, 0x7e, 0xcd, 0xf3, 0x60, 0x21, 0x78, 0x7f, 0xcd, 0xf3, 0x60,
  0xcd, 0x5b, 0x48, 0xcd, 0x7a, 0x48, 0xcd, 0x44, 0x00, 0xcd, 0xc8, 0x40,
  0x3a, 0x81, 0xe3, 0xe6, 0x02, 0xc2, 0x8f, 0x46, 0x3a, 0x82, 0xe3, 0xe6,
  0x02, 0xc2, 0x9d, 0x46, 0x3a, 0x83, 0xe3, 0xe6, 0x02, 0xc2, 0xab, 0x46,
  0x3a, 0x84, 0xe3, 0xe6, 0x02, 0xc2, 0xb9, 0x46, 0x3a, 0x85, 0xe3, 0xe6,
  0x02, 0xc2, 0xc7, 0x46, 0x3a, 0x86, 0xe3, 0xe6, 0x02, 0xc2, 0xd5, 0x46,
  0x3a, 0x89, 0xe3, 0xe6, 0x02, 0xc0, 0x3a, 0x80, 0xe3, 0xe6, 0x02, 0xc2,
  0xe3, 0x46, 0x3a, 0x17, 0xed, 0xe6, 0x02, 0xc2, 0xe3, 0x46, 0x3a, 0x14,
  0xed, 0xe6, 0x02, 0x28, 0x0c, 0x3a, 0x1a, 0xed, 0x3d, 0xfe, 0x00, 0x20,
  0x16, 0x3e, 0x01, 0x18, 0x12, 0x3a, 0x15, 0xed, 0xe6, 0x02, 0x28, 0x11,
  0x3a, 0x1a, 0xed, 0x3c, 0xfe, 0x09, 0xc2, 0x53, 0x46, 0x3e, 0x08, 0x32,
  0x1a, 0xed, 0xcd, 0x7a, 0x48, 0x3a, 0x18, 0xed, 0xe6, 0x02, 0xca, 0x8b,
  0x46, 0x3a, 0x1a, 0xed, 0xfe, 0x01, 0xca, 0x8f, 0x46, 0xfe, 0x02, 0xca,
  0x9d, 0x46, 0xfe, 0x03, 0xca, 0xab, 0x46, 0xfe, 0x04, 0xca, 0xb9, 0x46,
  0xfe, 0x05, 0xca, 0xc7, 0x46, 0xfe, 0x06, 0xca, 0xd5, 0x46, 0xfe, 0x07,
  0xc8, 0xfe, 0x08, 0xca, 0xe3, 0x46, 0xc9, 0x76, 0xc3, 0xe5, 0x45, 0xcd,
  0xa3, 0x48, 0xcd, 0x41, 0x00, 0x3e, 0x01, 0x32, 0x1c, 0xed, 0xc3, 0x94,
  0x45, 0xcd, 0xaa, 0x49, 0xcd, 0x41, 0x00, 0x3e, 0x02, 0x32, 0x1c, 0xed,
  0xc3, 0x94, 0x45, 0xcd, 0xcb, 0x4a, 0xcd, 0x41, 0x00, 0x3e, 0x03, 0x32,
  0x1c, 0xed, 0xc3, 0x94, 0x45, 0xcd, 0xc1, 0x4b, 0xcd, 0x41, 0x00, 0x3e,
  0x04, 0x32, 0x1c, 0xed, 0xc3, 0x94, 0x45, 0xcd, 0xb0, 0x4c, 0xcd, 0x41,
  0x00, 0x3e, 0x05, 0x32, 0x1c, 0xed, 0xc3, 0x94, 0x45, 0xcd, 0x42, 0x5a,
  0xcd, 0x41, 0x00, 0x3e, 0x06, 0x32, 0x1c, 0xed, 0xc3, 0x94, 0x45, 0xcd,
  0x41, 0x00, 0x3e, 0x01, 0x32, 0x1c, 0xed, 0xc3, 0xee, 0x46, 0x3a, 0x1c,
  0xed, 0x32, 0x1a, 0xed, 0x32, 0x1b, 0xed, 0x3a, 0x74, 0xec, 0xb7, 0x28,
  0x12, 0x01, 0x04, 0x0f, 0x11, 0x28, 0x01, 0xcd, 0xb7, 0x5d, 0xcd, 0x2c,
  0x41, 0xaf, 0x32, 0x74, 0xec, 0x18, 0x09, 0xcd, 0x2c, 0x62, 0x01, 0x04,
  0x0f, 0xcd, 0x30, 0x62, 0xcd, 0x41, 0x00, 0xcd, 0x48, 0x48, 0x21, 0x04,
  0x01, 0xcd, 0x29, 0x62, 0x21, 0xfc, 0x7f, 0xcd, 0xf3, 0x60, 0x21, 0xc8,
  0x7e, 0xcd, 0xf3, 0x60, 0x21, 0x0d, 0x80, 0xcd, 0xf3, 0x60, 0xcd, 0x5b,
  0x48, 0xcd, 0x7a, 0x48, 0xcd, 0x44, 0x00, 0xcd, 0xc8, 0x40, 0x3a, 0x81,
  0xe3, 0xe6, 0x02, 0xc2, 0xe9, 0x47, 0x3a, 0x82, 0xe3, 0xe6, 0x02, 0xc2,
  0xf7, 0x47, 0x3a, 0x83, 0xe3, 0xe6, 0x02, 0xc2, 0x05, 0x48, 0x3a, 0x84,
  0xe3, 0xe6, 0x02, 0xc2, 0x13, 0x48, 0x3a, 0x85, 0xe3, 0xe6, 0x02, 0xc2,
  0x21, 0x48, 0x3a, 0x86, 0xe3, 0xe6, 0x02, 0xc2, 0x2f, 0x48, 0x3a, 0x89,
  0xe3, 0xe6, 0x02, 0xc0, 0x3a, 0x80, 0xe3, 0xe6, 0x02, 0xc2, 0x3d, 0x48,
  0x3a, 0x16, 0xed, 0xe6, 0x02, 0xc2, 0x3d, 0x48, 0x3a, 0x14, 0xed, 0xe6,
  0x02, 0x28, 0x0c, 0x3a, 0x1a, 0xed, 0x3d, 0xfe, 0x00, 0x20, 0x16, 0x3e,
  0x01, 0x18, 0x12, 0x3a, 0x15, 0xed, 0xe6, 0x02, 0x28, 0x11, 0x3a, 0x1a,
  0xed, 0x3c, 0xfe, 0x09, 0xc2, 0xad, 0x47, 0x3e, 0x08, 0x32, 0x1a, 0xed,
  0xcd, 0x7a, 0x48, 0x3a, 0x18, 0xed, 0xe6, 0x02, 0xca, 0xe5, 0x47, 0x3a,
  0x1a, 0xed, 0xfe, 0x01, 0xca, 0xe9, 0x47, 0xfe, 0x02, 0xca, 0xf7, 0x47,
  0xfe, 0x03, 0xca, 0x05, 0x48, 0xfe, 0x04, 0xca, 0x13, 0x48, 0xfe, 0x05,
  0xca, 0x21, 0x48, 0xfe, 0x06, 0xca, 0x2f, 0x48, 0xfe, 0x07, 0xc8, 0xfe,
  0x08, 0xca, 0x3d, 0x48, 0xc9, 0x76, 0xc3, 0x3f, 0x47, 0xcd, 0xe9, 0x4d,
  0xcd, 0x41, 0x00, 0x3e, 0x01, 0x32, 0x1c, 0xed, 0xc3, 0xee, 0x46, 0xcd,
  0x01, 0x4f, 0xcd, 0x41, 0x00, 0x3e, 0x02, 0x32, 0x1c, 0xed, 0xc3, 0xee,
  0x46, 0xcd, 0xe2, 0x50, 0xcd, 0x41, 0x00, 0x3e, 0x03, 0x32, 0x1c, 0xed,
  0xc3, 0xee, 0x46, 0xcd, 0xfd, 0x5b, 0xcd, 0x41, 0x00, 0x3e, 0x04, 0x32,
  0x1c, 0xed, 0xc3, 0xee, 0x46, 0xcd, 0xe6, 0x54, 0xcd, 0x41, 0x00, 0x3e,
  0x05, 0x32, 0x1c, 0xed, 0xc3, 0xee, 0x46, 0xcd, 0x97, 0x58, 0xcd, 0x41,
  0x00, 0x3e, 0x06, 0x32, 0x1c, 0xed, 0xc3, 0xee, 0x46, 0xcd, 0x41, 0x00,
  0x3e, 0x01, 0x32, 0x1c, 0xed, 0xc3, 0x94, 0x45, 0x21, 0xc8, 0x7e, 0xcd,
  0xf3, 0x60, 0x21, 0xf2, 0x7e, 0xcd, 0xf3, 0x60, 0x21, 0xc8, 0x7e, 0xcd,
  0xf3, 0x60, 0xc9, 0x21, 0x90, 0x80, 0xcd, 0xf3, 0x60, 0x21, 0x14, 0x01,
  0xcd, 0x29, 0x62, 0x21, 0xc8, 0x7e, 0xcd, 0xf3, 0x60, 0x21, 0xc7, 0x80,
  0xcd, 0xf3, 0x60, 0x21, 0xc8, 0x7e, 0xcd, 0xf3, 0x60, 0xc9, 0x26, 0x02,
  0x3a, 0x1b, 0xed, 0xc6, 0x07, 0x6f, 0xcd, 0x29, 0x62, 0x21, 0x08, 0x81,
  0xcd, 0xf3, 0x60, 0x26, 0x02, 0x3a, 0x1a, 0xed, 0xc6, 0x07, 0x6f, 0xcd,
  0x29, 0x62, 0x21, 0x06, 0x81, 0xcd, 0xf3, 0x60, 0x3a, 0x1a, 0xed, 0x32,
  0x1b, 0xed, 0xc9, 0xcd, 0x2c, 0x62, 0xcd, 0x41, 0x00, 0xcd, 0x48, 0x48,
  0x21, 0x04, 0x01, 0xcd, 0x29, 0x62, 0x21, 0x0a, 0x81, 0xcd, 0xf3, 0x60,
  0x21, 0xc8, 0x7e, 0xcd, 0xf3, 0x60, 0x21, 0x1d, 0x81, 0xcd, 0xf3, 0x60,
  0x21, 0x0c, 0x7f, 0xcd, 0xf3, 0x60, 0x21, 0x3e, 0x7f, 0xcd, 0xf3, 0x60,
  0xcd, 0x44, 0x00, 0xcd, 0xc8, 0x40, 0x3a, 0x18, 0xed, 0xe6, 0x02, 0xc2,
  0xe7, 0x48, 0x3a, 0x19, 0xed, 0xe6, 0x02, 0xc0, 0x76, 0x18, 0xec, 0x3e,
  0x01, 0x32, 0x74, 0xec, 0x01, 0x04, 0x0f, 0x11, 0x28, 0x01, 0xcd, 0xb7,
  0x5d, 0xcd, 0x41, 0x00, 0x3e, 0x20, 0x01, 0x00, 0x00, 0xcd, 0xa2, 0x00,
  0x3c, 0xfe, 0x7f, 0x20, 0x01, 0x3c, 0xfe, 0xff, 0x20, 0x02, 0x3e, 0x20,
  0x57, 0x0c, 0x79, 0xfe, 0x28, 0x20, 0x08, 0x0e, 0x00, 0x04, 0x78, 0xfe,
  0x17, 0x28, 0x03, 0x7a, 0x18, 0xdf, 0xcd, 0x44, 0x00, 0x01, 0x04, 0x0f,
  0xc5, 0xcd, 0xc8, 0x40, 0xc1, 0x3a, 0x14, 0xed, 0xe6, 0x02, 0xc2, 0x5b,
  0x49, 0x3a, 0x15, 0xed, 0xe6, 0x02, 0xc2, 0x6c, 0x49, 0x3a, 0x17, 0xed,
  0xe6, 0x02, 0xc2, 0x7d, 0x49, 0x3a, 0x16, 0xed, 0xe6, 0x02, 0xc2, 0x8e,
  0x49, 0x3a, 0x18, 0xed, 0xe6, 0x02, 0xc2, 0x9f, 0x49, 0x3a, 0x19, 0xed,
  0xe6, 0x02, 0xc0, 0x76, 0xc3, 0x24, 0x49, 0x79, 0x3c, 0xfe, 0x10, 0x20,
  0x02, 0x3e, 0x01, 0x4f, 0xc5, 0xcd, 0x30, 0x62, 0xc1, 0xc3, 0x51, 0x49,
  0x79, 0x3d, 0xfe, 0x00, 0x20, 0x02, 0x3e, 0x0f, 0x4f, 0xc5, 0xcd, 0x30,
  0x62, 0xc1, 0xc3, 0x51, 0x49, 0x78, 0x3c, 0xfe, 0x10, 0x20, 0x02, 0x3e,
  0x01, 0x47, 0xc5, 0xcd, 0x30, 0x62, 0xc1, 0xc3, 0x51, 0x49, 0x78, 0x3d,
  0xfe, 0x00, 0x20, 0x02, 0x3e, 0x0f, 0x47, 0xc5, 0xcd, 0x30, 0x62, 0xc1,
  0xc3, 0x51, 0x49, 0x01, 0x04, 0x0f, 0xc5, 0xcd, 0x30, 0x62, 0xc1, 0xc3,
  0x51, 0x49, 0xcd, 0x2c, 0x62, 0xcd, 0x41, 0x00, 0xcd, 0x48, 0x48, 0x21,
  0x04, 0x01, 0xcd, 0x29, 0x62, 0x21, 0xb3, 0x81, 0xcd, 0xf3, 0x60, 0x21,
  0xc8, 0x7e, 0xcd, 0xf3, 0x60, 0x21, 0xc6, 0x81, 0xcd, 0xf3, 0x60, 0x21,
  0x0c, 0x7f, 0xcd, 0xf3, 0x60, 0x21, 0x3e, 0x7f, 0xcd, 0xf3, 0x60, 0xcd,
  0x44, 0x00, 0xcd, 0xc8, 0x40, 0x3a, 0x18, 0xed, 0xe6, 0x02, 0xc2, 0xee,
  0x49, 0x3a, 0x19, 0xed, 0xe6, 0x02, 0xc0, 0x76, 0x18, 0xec, 0x3e, 0x01,
  0x32, 0x74, 0xec, 0x01, 0x04, 0x0f, 0x11, 0x20, 0x01, 0xcd, 0xd5, 0x5d,
  0xcd, 0x41, 0x00, 0x3e, 0x20, 0x01, 0x00, 0x00, 0xcd, 0xa2, 0x00, 0x3c,
  0xfe, 0x7f, 0x20, 0x01, 0x3c, 0xfe, 0xff, 0x20, 0x02, 0x3e, 0x20, 0x57,
  0x0c, 0x79, 0xfe, 0x20, 0x20, 0x08, 0x0e, 0x00, 0x04, 0x78, 0xfe, 0x17,
  0x28, 0x03, 0x7a, 0x18, 0xdf, 0xcd, 0x44, 0x00, 0x01, 0x04, 0x0f, 0x11,
  0x00, 0x01, 0xc5, 0xd5, 0xcd, 0xc8, 0x40, 0xd1, 0xc1, 0x3a, 0x14, 0xed,
  0xe6, 0x02, 0xc2, 0x67, 0x4a, 0x3a, 0x15, 0xed, 0xe6, 0x02, 0xc2, 0x7a,
  0x4a, 0x3a, 0x17, 0xed, 0xe6, 0x02, 0xc2, 0x8d, 0x4a, 0x3a, 0x16, 0xed,
  0xe6, 0x02, 0xc2, 0xa0, 0x4a, 0x3a, 0x18, 0xed, 0xe6, 0x02, 0xc2, 0xb3,
  0x4a, 0x3a, 0x19, 0xed, 0xe6, 0x02, 0xc0, 0x76, 0xc3, 0x2e, 0x4a, 0x79,
  0x3c, 0xfe, 0x10, 0x20, 0x02, 0x3e, 0x01, 0x4f, 0xc5, 0xd5, 0xcd, 0x30,
  0x62, 0xd1, 0xc1, 0xc3, 0x5d, 0x4a, 0x79, 0x3d, 0xfe, 0x00, 0x20, 0x02,
  0x3e, 0x0f, 0x4f, 0xc5, 0xd5, 0xcd, 0x30, 0x62, 0xd1, 0xc1, 0xc3, 0x5d,
  0x4a, 0x78, 0x3c, 0xfe, 0x10, 0x20, 0x02, 0x3e, 0x01, 0x47, 0xc5, 0xd5,
  0xcd, 0x30, 0x62, 0xd1, 0xc1, 0xc3, 0x5d, 0x4a, 0x78, 0x3d, 0xfe, 0x00,
  0x20, 0x02, 0x3e, 0x0f, 0x47, 0xc5, 0xd5, 0xcd, 0x30, 0x62, 0xd1, 0xc1,
  0xc3, 0x5d, 0x4a, 0x14, 0x7a, 0xfe, 0x10, 0x20, 0x02, 0x16, 0x01, 0x21,
  0xe9, 0xf3, 0x2c, 0x2c, 0x72, 0xc5, 0xd5, 0xcd, 0x62, 0x00, 0xd1, 0xc1,
  0xc3, 0x5d, 0x4a, 0xcd, 0x2c, 0x62, 0xcd, 0x41, 0x00, 0xcd, 0x48, 0x48,
  0x21, 0x04, 0x01, 0xcd, 0x29, 0x62, 0x21, 0x67, 0x82, 0xcd, 0xf3, 0x60,
  0x21, 0xc8, 0x7e, 0xcd, 0xf3, 0x60, 0x21, 0x7a, 0x82, 0xcd, 0xf3, 0x60,
  0x21, 0x0c, 0x7f, 0xcd, 0xf3, 0x60, 0x21, 0x3e, 0x7f, 0xcd, 0xf3, 0x60,
  0xcd, 0x44, 0x00, 0xcd, 0xc8, 0x40, 0x3a, 0x18, 0xed, 0xe6, 0x02, 0xc2,
  0x0f, 0x4b, 0x3a, 0x19, 0xed, 0xe6, 0x02, 0xc0, 0x76, 0x18, 0xec, 0x3e,
  0x01, 0x32, 0x74, 0xec, 0x01, 0x01, 0x0f, 0x11, 0x00, 0x01, 0xcd, 0xf3,
  0x5d, 0x01, 0x01, 0x01, 0xc5, 0xcd, 0x99, 0x4b, 0xc1, 0xc5, 0xcd, 0xc8,
  0x40, 0xc1, 0x3a, 0x17, 0xed, 0xe6, 0x02, 0x28, 0x10, 0x04, 0x78, 0xfe,
  0x05, 0x20, 0x02, 0x06, 0x01, 0xc5, 0xcd, 0x99, 0x4b, 0xc1, 0xc3, 0x8f,
  0x4b, 0x3a, 0x16, 0xed, 0xe6, 0x02, 0x28, 0x10, 0x05, 0x78, 0xfe, 0x00,
  0x20, 0x02, 0x06, 0x04, 0xc5, 0xcd, 0x99, 0x4b, 0xc1, 0xc3, 0x8f, 0x4b,
  0x3a, 0x14, 0xed, 0xe6, 0x02, 0x28, 0x16, 0x0c, 0x79, 0xfe, 0x10, 0x20,
  0x02, 0x0e, 0x01, 0xc5, 0x21, 0xe9, 0xf3, 0x2c, 0x2c, 0x71, 0xcd, 0x62,
  0x00, 0xc1, 0xc3, 0x8f, 0x4b, 0x3a, 0x15, 0xed, 0xe6, 0x02, 0x28, 0x13,
  0x0d, 0x79, 0xfe, 0x00, 0x20, 0x02, 0x0e, 0x0f, 0xc5, 0x21, 0xe9, 0xf3,
  0x2c, 0x2c, 0x71, 0xcd, 0x62, 0x00, 0xc1, 0x3a, 0x19, 0xed, 0xe6, 0x02,
  0xc0, 0x76, 0xc3, 0x25, 0x4b, 0xc5, 0x78, 0xfe, 0x01, 0x20, 0x06, 0x21,
  0x5c, 0x6b, 0xc3, 0xbc, 0x4b, 0xfe, 0x02, 0x20, 0x06, 0x21, 0x16, 0x6f,
  0xc3, 0xbc, 0x4b, 0xfe, 0x03, 0x20, 0x06, 0x21, 0xbe, 0x72, 0xc3, 0xbc,
  0x4b, 0x21, 0x64, 0x77, 0xcd, 0xef, 0x5f, 0xc1, 0xc9, 0xcd, 0x2c, 0x62,
  0xcd, 0x41, 0x00, 0xcd, 0x48, 0x48, 0x21, 0x04, 0x01, 0xcd, 0x29, 0x62,
  0x21, 0xdf, 0x82, 0xcd, 0xf3, 0x60, 0x21, 0xc8, 0x7e, 0xcd, 0xf3, 0x60,
  0x21, 0xf2, 0x82, 0xcd, 0xf3, 0x60, 0x21, 0x0c, 0x7f, 0xcd, 0xf3, 0x60,
  0x21, 0x3e, 0x7f, 0xcd, 0xf3, 0x60, 0xcd, 0x44, 0x00, 0xcd, 0xc8, 0x40,
  0x3a, 0x18, 0xed, 0xe6, 0x02, 0xc2, 0x05, 0x4c, 0x3a, 0x19, 0xed, 0xe6,
  0x02, 0xc0, 0x76, 0x18, 0xec, 0x3e, 0x01, 0x32, 0x74, 0xec, 0x01, 0x01,
  0x0f, 0x11, 0x00, 0x01, 0xcd, 0x0c, 0x5e, 0x21, 0x00, 0x08, 0x01, 0x00,
  0x03, 0xaf, 0xcd, 0x56, 0x00, 0x01, 0x01, 0x01, 0xc5, 0xcd, 0x98, 0x4c,
  0xc1, 0xc5, 0xcd, 0xc8, 0x40, 0xc1, 0x3a, 0x17, 0xed, 0xe6, 0x02, 0xca,
  0x42, 0x4c, 0x04, 0x78, 0xfe, 0x08, 0xc2, 0x3b, 0x4c, 0x06, 0x01, 0xc5,
  0xcd, 0x98, 0x4c, 0xc1, 0x18, 0x16, 0x3a, 0x16, 0xed, 0xe6, 0x02, 0xca,
  0x58, 0x4c, 0x05, 0x78, 0xfe, 0x00, 0xc2, 0x53, 0x4c, 0x06, 0x07, 0xc5,
  0xcd, 0x98, 0x4c, 0xc1, 0x3a, 0x14, 0xed, 0xe6, 0x02, 0x28, 0x15, 0x0c,
  0x79, 0xfe, 0x10, 0x20, 0x02, 0x0e, 0x01, 0xc5, 0x21, 0xe9, 0xf3, 0x2c,
  0x2c, 0x71, 0xcd, 0x62, 0x00, 0xc1, 0x18, 0x1a, 0x3a, 0x15, 0xed, 0xe6,
  0x02, 0x28, 0x13, 0x0d, 0x79, 0xfe, 0x00, 0x20, 0x02, 0x0e, 0x0f, 0xc5,
  0x21, 0xe9, 0xf3, 0x2c, 0x2c, 0x71, 0xcd, 0x62, 0x00, 0xc1, 0x3a, 0x19,
  0xed, 0xe6, 0x02, 0xc0, 0x76, 0xc3, 0x25, 0x4c, 0x11, 0x08, 0x00, 0xaf,
  0x21, 0x83, 0x7e, 0x3c, 0xb8, 0x28, 0x03, 0x19, 0x18, 0xf9, 0x11, 0x00,
  0x00, 0x01, 0x08, 0x00, 0xcd, 0x5c, 0x00, 0xc9, 0xcd, 0x2c, 0x62, 0xcd,
  0x41, 0x00, 0xcd, 0x48, 0x48, 0x21, 0x04, 0x01, 0xcd, 0x29, 0x62, 0x21,
  0x59, 0x83, 0xcd, 0xf3, 0x60, 0x21, 0xc8, 0x7e, 0xcd, 0xf3, 0x60, 0x21,
  0x78, 0x83, 0xcd, 0xf3, 0x60, 0x21, 0x0c, 0x7f, 0xcd, 0xf3, 0x60, 0x21,
  0x3e, 0x7f, 0xcd, 0xf3, 0x60, 0xcd, 0x44, 0x00, 0xcd, 0xc8, 0x40, 0x3a,
  0x18, 0xed, 0xe6, 0x02, 0xc2, 0xf4, 0x4c, 0x3a, 0x19, 0xed, 0xe6, 0x02,
  0xc0, 0x76, 0x18, 0xec, 0x3e, 0x01, 0x32, 0x74, 0xec, 0x01, 0x01, 0x0f,
  0x11, 0x00, 0x01, 0xcd, 0xf3, 0x5d, 0xcd, 0x85, 0x60, 0xcd, 0x6d, 0x60,
  0x06, 0x00, 0x21, 0xbf, 0x7d, 0xcd, 0xa0, 0x60, 0xcd, 0x57, 0x4d, 0xcd,
  0x85, 0x4d, 0x06, 0x00, 0xc5, 0xcd, 0xc8, 0x40, 0x3a, 0x14, 0xed, 0xe6,
  0x02, 0x28, 0x06, 0xcd, 0x57, 0x4d, 0xcd, 0x85, 0x4d, 0xc1, 0x78, 0xfe,
  0x00, 0x20, 0x0b, 0x3a, 0x18, 0xed, 0xe6, 0x02, 0x28, 0x17, 0x06, 0x01,
  0x18, 0x13, 0xc5, 0xcd, 0xa3, 0x4d, 0xcd, 0x94, 0x60, 0xc1, 0x3a, 0x18,
  0xed, 0xe6, 0x02, 0x28, 0x04, 0x06, 0x00, 0x18, 0x00, 0x3a, 0x19, 0xed,
  0xe6, 0x02, 0xc0, 0x76, 0xc3, 0x18, 0x4d, 0xaf, 0x11, 0x03, 0x18, 0x01,
  0x02, 0x00, 0xf5, 0xc5, 0xd5, 0xcd, 0xc5, 0x60, 0xd1, 0xc1, 0x7a, 0xc6,
  0x40, 0x57, 0x30, 0x06, 0x16, 0x18, 0x7b, 0xc6, 0x18, 0x5f, 0x0c, 0x79,
  0xfe, 0x10, 0x20, 0x02, 0x0e, 0x02, 0xf1, 0x3c, 0xfe, 0x20, 0xc2, 0x5e,
  0x4d, 0xcd, 0x94, 0x60, 0xc9, 0x21, 0x74, 0xe4, 0x06, 0x00, 0xc5, 0xe5,
  0xcd, 0x86, 0x5d, 0xe1, 0xc1, 0xc6, 0x80, 0x30, 0x04, 0x36, 0x01, 0x18,
  0x02, 0x36, 0x00, 0x23, 0x04, 0x78, 0xfe, 0x40, 0x20, 0xe8, 0xc9, 0xaf,
  0x01, 0x74, 0xe4, 0x11, 0xe5, 0xe3, 0xf5, 0x0a, 0xb7, 0x28, 0x0a, 0x1a,
  0x3d, 0x12, 0xb7, 0x20, 0x0e, 0xaf, 0x02, 0x18, 0x0a, 0x1a, 0x3c, 0x12,
  0xfe, 0xaf, 0x20, 0x03, 0x3e, 0x01, 0x02, 0x03, 0x13, 0x0a, 0xb7, 0x28,
  0x0a, 0x1a, 0x3d, 0x12, 0xb7, 0x20, 0x0e, 0xaf, 0x02, 0x18, 0x0a, 0x1a,
  0x3c, 0x12, 0xfe, 0xef, 0x20, 0x03, 0x3e, 0x01, 0x02, 0x03, 0x13, 0x13,
  0x13, 0xf1, 0x3c, 0xfe, 0x20, 0xc2, 0xaa, 0x4d, 0xc9, 0xcd, 0x2c, 0x62,
  0xcd, 0x41, 0x00, 0xcd, 0x48, 0x48, 0x21, 0x04, 0x01, 0xcd, 0x29, 0x62,
  0x21, 0xdb, 0x83, 0xcd, 0xf3, 0x60, 0x21, 0xc8, 0x7e, 0xcd, 0xf3, 0x60,
  0x21, 0xee, 0x83, 0xcd, 0xf3, 0x60, 0x21, 0x3e, 0x7f, 0xcd, 0xf3, 0x60,
  0xcd, 0x44, 0x00, 0xcd, 0xc8, 0x40, 0x3a, 0x18, 0xed, 0xe6, 0x02, 0xc2,
  0x27, 0x4e, 0x3a, 0x19, 0xed, 0xe6, 0x02, 0xc0, 0x76, 0x18, 0xec, 0xcd,
  0x41, 0x00, 0xcd, 0x2c, 0x62, 0x21, 0x0b, 0x06, 0xcd, 0x29, 0x62, 0x21,
  0xc9, 0x84, 0xcd, 0xf3, 0x60, 0xcd, 0x44, 0x00, 0xcd, 0xc8, 0x40, 0x3a,
  0xd8, 0xe3, 0xe6, 0xff, 0xca, 0x50, 0x4e, 0x3a, 0x19, 0xed, 0xe6, 0x02,
  0xc0, 0x76, 0x18, 0xec, 0xcd, 0x41, 0x00, 0xcd, 0x2c, 0x62, 0x21, 0xe9,
  0x84, 0xcd, 0xf3, 0x60, 0xcd, 0x44, 0x00, 0xcd, 0xc8, 0x40, 0xcd, 0x87,
  0x4e, 0xcd, 0x9c, 0x4e, 0x3a, 0xde, 0xe3, 0xe6, 0x02, 0x20, 0x14, 0x3a,
  0xb0, 0xe3, 0xe6, 0x01, 0x28, 0x07, 0x3a, 0xba, 0xe3, 0xe6, 0x02, 0x20,
  0x06, 0xcd, 0xe7, 0x5c, 0x76, 0x18, 0xdc, 0xcd, 0xfa, 0x5c, 0xc9, 0x3a,
  0xd8, 0xe3, 0xe6, 0x01, 0x20, 0x07, 0x01, 0x04, 0x0f, 0xcd, 0x30, 0x62,
  0xc9, 0x01, 0x0e, 0x04, 0xcd, 0x30, 0x62, 0xc9, 0x21, 0x80, 0xe3, 0x11,
  0x00, 0x00, 0x4e, 0x79, 0xe6, 0x02, 0xc4, 0xb7, 0x4e, 0x79, 0xe6, 0x04,
  0xc4, 0xca, 0x4e, 0x23, 0x1c, 0x7b, 0xfe, 0x58, 0x20, 0xec, 0xc9, 0xe5,
  0xd5, 0xc5, 0xcd, 0xdd, 0x4e, 0x21, 0x04, 0x85, 0xcd, 0xf3, 0x60, 0xcd,
  0xb4, 0x5c, 0xc1, 0xd1, 0xe1, 0xc9, 0xe5, 0xd5, 0xc5, 0xcd, 0xdd, 0x4e,
  0x21, 0x10, 0x85, 0xcd, 0xf3, 0x60, 0xcd, 0xcd, 0x5c, 0xc1, 0xd1, 0xe1,
  0xc9, 0x3e, 0x07, 0x93, 0x38, 0x05, 0x21, 0xae, 0x8d, 0x18, 0x15, 0x3e,
  0x2f, 0x93, 0x30, 0x09, 0x7b, 0xd6, 0x30, 0x5f, 0x21, 0x06, 0x8e, 0x18,
  0x07, 0x7b, 0xd6, 0x08, 0x5f, 0x2a, 0x1e, 0xed, 0x19, 0x7e, 0xc3, 0xa2,
  0x00, 0xcd, 0x2c, 0x62, 0xcd, 0x41, 0x00, 0xcd, 0x48, 0x48, 0x21, 0x04,
  0x01, 0xcd, 0x29, 0x62, 0x21, 0x1a, 0x85, 0xcd, 0xf3, 0x60, 0x21, 0xc8,
  0x7e, 0xcd, 0xf3, 0x60, 0x21, 0x2e, 0x85, 0xcd, 0xf3, 0x60, 0x21, 0x3e,
  0x7f, 0xcd, 0xf3, 0x60, 0xcd, 0x44, 0x00, 0xcd, 0xc8, 0x40, 0x3a, 0x18,
  0xed, 0xe6, 0x02, 0xc2, 0x3f, 0x4f, 0x3a, 0x19, 0xed, 0xe6, 0x02, 0xc0,
  0x76, 0x18, 0xec, 0x3e, 0x01, 0x32, 0x74, 0xec, 0x01, 0x01, 0x0f, 0x11,
  0x00, 0x01, 0xcd, 0xf3, 0x5d, 0x21, 0x6f, 0x7b, 0xcd, 0xef, 0x5f, 0xcd,
  0x41, 0x00, 0xcd, 0x85, 0x60, 0xcd, 0x6d, 0x60, 0x06, 0x00, 0x21, 0xe1,
  0x7d, 0xcd, 0xa0, 0x60, 0xaf, 0x11, 0x3f, 0x40, 0x01, 0x01, 0x00, 0xcd,
  0xc5, 0x60, 0x3e, 0x01, 0x11, 0x57, 0x58, 0x01, 0x01, 0x01, 0xcd, 0xc5,
  0x60, 0x3e, 0x02, 0x11, 0x6f, 0x40, 0x01, 0x01, 0x02, 0xcd, 0xc5, 0x60,
  0x3e, 0x03, 0x11, 0x57, 0x28, 0x01, 0x01, 0x03, 0xcd, 0xc5, 0x60, 0x3e,
  0x04, 0x11, 0x8f, 0x30, 0x01, 0x01, 0x04, 0xcd, 0xc5, 0x60, 0x3e, 0x05,
  0x11, 0x8f, 0x50, 0x01, 0x01, 0x04, 0xcd, 0xc5, 0x60, 0x3e, 0x06, 0x11,
  0x3f, 0xb0, 0x01, 0x01, 0x00, 0xcd, 0xc5, 0x60, 0x3e, 0x07, 0x11, 0x57,
  0xc8, 0x01, 0x01, 0x01, 0xcd, 0xc5, 0x60, 0x3e, 0x08, 0x11, 0x6f, 0xb0,
  0x01, 0x01, 0x02, 0xcd, 0xc5, 0x60, 0x3e, 0x09, 0x11, 0x57, 0x98, 0x01,
  0x01, 0x03, 0xcd, 0xc5, 0x60, 0x3e, 0x0a, 0x11, 0x8f, 0xa0, 0x01, 0x01,
  0x04, 0xcd, 0xc5, 0x60, 0x3e, 0x0b, 0x11, 0x8f, 0xc0, 0x01, 0x01, 0x04,
  0xcd, 0xc5, 0x60, 0xcd, 0x94, 0x60, 0xcd, 0x44, 0x00, 0xcd, 0xc8, 0x40,
  0x3a, 0xba, 0xe3, 0xe6, 0x02, 0xc0, 0x3a, 0xd9, 0xe3, 0xe6, 0x01, 0x28,
  0x06, 0x3a, 0xdd, 0xe3, 0xe6, 0x02, 0xc0, 0x21, 0xe5, 0xe3, 0x06, 0x04,
  0x3a, 0xd9, 0xe3, 0xe6, 0x01, 0xca, 0x12, 0x50, 0x06, 0x0a, 0xcd, 0xed,
  0x60, 0x21, 0xe9, 0xe3, 0x06, 0x04, 0x3a, 0xdc, 0xe3, 0xe6, 0x01, 0xca,
  0x24, 0x50, 0x06, 0x0a, 0xcd, 0xed, 0x60, 0x21, 0xed, 0xe3, 0x06, 0x04,
  0x3a, 0xda, 0xe3, 0xe6, 0x01, 0xca, 0x36, 0x50, 0x06, 0x0a, 0xcd, 0xed,
  0x60, 0x21, 0xf1, 0xe3, 0x06, 0x04, 0x3a, 0xdb, 0xe3, 0xe6, 0x01, 0xca,
  0x48, 0x50, 0x06, 0x0a, 0xcd, 0xed, 0x60, 0x21, 0xf5, 0xe3, 0x06, 0x04,
  0x3a, 0xdd, 0xe3, 0xe6, 0x01, 0xca, 0x5a, 0x50, 0x06, 0x0a, 0xcd, 0xed,
  0x60, 0x21, 0xf9, 0xe3, 0x06, 0x04, 0x3a, 0xde, 0xe3, 0xe6, 0x01, 0xca,
  0x6c, 0x50, 0x06, 0x0a, 0xcd, 0xed, 0x60, 0x21, 0xfd, 0xe3, 0x06, 0x06,
  0x3a, 0xdf, 0xe3, 0xe6, 0x01, 0xca, 0x7e, 0x50, 0x06, 0x0c, 0xcd, 0xed,
  0x60, 0x21, 0x01, 0xe4, 0x06, 0x06, 0x3a, 0xe2, 0xe3, 0xe6, 0x01, 0xca,
  0x90, 0x50, 0x06, 0x0c, 0xcd, 0xed, 0x60, 0x21, 0x05, 0xe4, 0x06, 0x06,
  0x3a, 0xe0, 0xe3, 0xe6, 0x01, 0xca, 0xa2, 0x50, 0x06, 0x0c, 0xcd, 0xed,
  0x60, 0x21, 0x09, 0xe4, 0x06, 0x06, 0x3a, 0xe1, 0xe3, 0xe6, 0x01, 0xca,
  0xb4, 0x50, 0x06, 0x0c, 0xcd, 0xed, 0x60, 0x21, 0x0d, 0xe4, 0x06, 0x06,
  0x3a, 0xe3, 0xe3, 0xe6, 0x01, 0xca, 0xc6, 0x50, 0x06, 0x0c, 0xcd, 0xed,
  0x60, 0x21, 0x11, 0xe4, 0x06, 0x06, 0x3a, 0xe4, 0xe3, 0xe6, 0x01, 0xca,
  0xd8, 0x50, 0x06, 0x0c, 0xcd, 0xed, 0x60, 0xcd, 0x94, 0x60, 0x76, 0xc3,
  0xed, 0x4f, 0xcd, 0x2c, 0x62, 0xcd, 0x41, 0x00, 0xcd, 0x48, 0x48, 0x21,
  0x04, 0x01, 0xcd, 0x29, 0x62, 0x21, 0xf9, 0x85, 0xcd, 0xf3, 0x60, 0x21,
  0xc8, 0x7e, 0xcd, 0xf3, 0x60, 0x21, 0x07, 0x86, 0xcd, 0xf3, 0x60, 0x21,
  0x0c, 0x7f, 0xcd, 0xf3, 0x60, 0x21, 0x3e, 0x7f, 0xcd, 0xf3, 0x60, 0xcd,
  0x44, 0x00, 0xcd, 0xc8, 0x40, 0x3a, 0x18, 0xed, 0xe6, 0x02, 0xc2, 0x26,
  0x51, 0x3a, 0x19, 0xed, 0xe6, 0x02, 0xc0, 0x76, 0x18, 0xec, 0xcd, 0x43,
  0x5e, 0xf3, 0x3e, 0x08, 0xd3, 0xa0, 0x3e, 0x0f, 0xd3, 0xa1, 0x3e, 0x09,
  0xd3, 0xa0, 0x3e, 0x0f, 0xd3, 0xa1, 0x3e, 0x0a, 0xd3, 0xa0, 0x3e, 0x0f,
  0xd3, 0xa1, 0xfb, 0xaf, 0x32, 0x75, 0xe4, 0x32, 0x76, 0xe4, 0x32, 0x77,
  0xe4, 0x3e, 0x0f, 0x32, 0x78, 0xe4, 0x32, 0x79, 0xe4, 0x32, 0x7a, 0xe4,
  0xaf, 0x32, 0x7b, 0xe4, 0x3e, 0x08, 0x32, 0x7c, 0xe4, 0xf3, 0x3e, 0x06,
  0xd3, 0xa0, 0x3a, 0x7c, 0xe4, 0xcb, 0x27, 0x47, 0x3e, 0x1f, 0x90, 0xd3,
  0xa1, 0xfb, 0x3e, 0x01, 0x32, 0x74, 0xe4, 0x3e, 0x03, 0x32, 0x7d, 0xe4,
  0x32, 0x7f, 0xe4, 0x3a, 0x74, 0xe4, 0xcb, 0x27, 0xc6, 0x04, 0x32, 0x7e,
  0xe4, 0x32, 0x80, 0xe4, 0xcd, 0x2c, 0x62, 0xcd, 0x41, 0x00, 0x21, 0x66,
  0x86, 0xcd, 0xf3, 0x60, 0xcd, 0x1f, 0x52, 0xcd, 0x44, 0x00, 0xcd, 0xc8,
  0x40, 0x3a, 0x19, 0xed, 0xe6, 0x02, 0xc2, 0x1b, 0x52, 0x3a, 0x14, 0xed,
  0xe6, 0x02, 0x28, 0x0c, 0x3a, 0x74, 0xe4, 0x3d, 0xfe, 0x00, 0x20, 0x16,
  0x3e, 0x01, 0x18, 0x12, 0x3a, 0x15, 0xed, 0xe6, 0x02, 0x28, 0x11, 0x3a,
  0x74, 0xe4, 0x3c, 0xfe, 0x09, 0xc2, 0xce, 0x51, 0x3e, 0x08, 0x32, 0x74,
  0xe4, 0xcd, 0x1f, 0x52, 0xaf, 0x47, 0x3a, 0x17, 0xed, 0xe6, 0x02, 0x28,
  0x05, 0x3e, 0x01, 0x47, 0x18, 0x0a, 0x3a, 0x16, 0xed, 0xe6, 0x02, 0x28,
  0x2e, 0x3e, 0x02, 0x47, 0x3a, 0x74, 0xe4, 0xfe, 0x01, 0xca, 0x62, 0x52,
  0xfe, 0x02, 0xca, 0x7f, 0x52, 0xfe, 0x03, 0xca, 0x9c, 0x52, 0xfe, 0x04,
  0xca, 0xb9, 0x52, 0xfe, 0x05, 0xca, 0xd0, 0x52, 0xfe, 0x06, 0xca, 0xe7,
  0x52, 0xfe, 0x07, 0xca, 0xfe, 0x52, 0xfe, 0x08, 0xca, 0x04, 0x53, 0x76,
  0xc3, 0x9e, 0x51, 0xcd, 0x43, 0x5e, 0xc9, 0x3a, 0x7f, 0xe4, 0x67, 0x3a,
  0x80, 0xe4, 0x6f, 0xcd, 0x29, 0x62, 0x21, 0x08, 0x81, 0xcd, 0xf3, 0x60,
  0x3a, 0x7d, 0xe4, 0x67, 0x3a, 0x74, 0xe4, 0x47, 0xcb, 0x27, 0xc6, 0x04,
  0x4f, 0x78, 0xd6, 0x07, 0xda, 0x47, 0x52, 0x79, 0xc6, 0x02, 0x4f, 0x79,
  0x6f, 0x32, 0x7e, 0xe4, 0xcd, 0x29, 0x62, 0x21, 0x06, 0x81, 0xcd, 0xf3,
  0x60, 0x3a, 0x7d, 0xe4, 0x32, 0x7f, 0xe4, 0x3a, 0x7e, 0xe4, 0x32, 0x80,
  0xe4, 0xc9, 0x3e, 0x01, 0x32, 0x81, 0xe4, 0x3a, 0x75, 0xe4, 0x32, 0x83,
  0xe4, 0x3a, 0x78, 0xe4, 0x32, 0x82, 0xe4, 0xcd, 0x0a, 0x53, 0x3a, 0x83,
  0xe4, 0x32, 0x75, 0xe4, 0xc3, 0x17, 0x52, 0x3e, 0x02, 0x32, 0x81, 0xe4,
  0x3a, 0x76, 0xe4, 0x32, 0x83, 0xe4, 0x3a, 0x79, 0xe4, 0x32, 0x82, 0xe4,
  0xcd, 0x0a, 0x53, 0x3a, 0x83, 0xe4, 0x32, 0x76, 0xe4, 0xc3, 0x17, 0x52,
  0x3e, 0x03, 0x32, 0x81, 0xe4, 0x3a, 0x77, 0xe4, 0x32, 0x83, 0xe4, 0x3a,
  0x7a, 0xe4, 0x32, 0x82, 0xe4, 0xcd, 0x0a, 0x53, 0x3a, 0x83, 0xe4, 0x32,
  0x77, 0xe4, 0xc3, 0x17, 0x52, 0x3e, 0x01, 0x32, 0x81, 0xe4, 0x3a, 0x78,
  0xe4, 0x32, 0x82, 0xe4, 0xcd, 0xab, 0x53, 0x3a, 0x82, 0xe4, 0x32, 0x78,
  0xe4, 0xc3, 0x17, 0x52, 0x3e, 0x02, 0x32, 0x81, 0xe4, 0x3a, 0x79, 0xe4,
  0x32, 0x82, 0xe4, 0xcd, 0xab, 0x53, 0x3a, 0x82, 0xe4, 0x32, 0x79, 0xe4,
  0xc3, 0x17, 0x52, 0x3e, 0x03, 0x32, 0x81, 0xe4, 0x3a, 0x7a, 0xe4, 0x32,
  0x82, 0xe4, 0xcd, 0xab, 0x53, 0x3a, 0x82, 0xe4, 0x32, 0x7a, 0xe4, 0xc3,
  0x17, 0x52, 0xcd, 0x17, 0x54, 0xc3, 0x17, 0x52, 0xcd, 0x8f, 0x54, 0xc3,
  0x17, 0x52, 0x78, 0xfe, 0x01, 0xc2, 0x1c, 0x53, 0x3a, 0x83, 0xe4, 0xfe,
  0x03, 0xc8, 0x3c, 0x32, 0x83, 0xe4, 0x18, 0x0a, 0x3a, 0x83, 0xe4, 0xfe,
  0x00, 0xc8, 0x3d, 0x32, 0x83, 0xe4, 0xfe, 0x00, 0x20, 0x05, 0x01, 0x00,
  0x00, 0x18, 0x15, 0xfe, 0x01, 0x20, 0x05, 0x01, 0x74, 0x01, 0x18, 0x0c,
  0xfe, 0x02, 0x20, 0x05, 0x01, 0xdf, 0x00, 0x18, 0x03, 0x01, 0x6f, 0x00,
  0x3a, 0x81, 0xe4, 0xfe, 0x01, 0x20, 0x08, 0x11, 0x00, 0x01, 0x21, 0x08,
  0x00, 0x18, 0x17, 0xfe, 0x02, 0x20, 0x08, 0x11, 0x02, 0x03, 0x21, 0x09,
  0x00, 0x18, 0x0b, 0xfe, 0x03, 0xc0, 0x11, 0x04, 0x05, 0x21, 0x0a, 0x00,
  0x18, 0x00, 0xf3, 0x7b, 0xd3, 0xa0, 0x79, 0xd3, 0xa1, 0x7a, 0xd3, 0xa0,
  0x78, 0xd3, 0xa1, 0x7d, 0xd3, 0xa0, 0x3a, 0x82, 0xe4, 0xd3, 0xa1, 0xfb,
  0x3a, 0x7e, 0xe4, 0x6f, 0x26, 0x0b, 0xaf, 0x47, 0x3a, 0x83, 0xe4, 0x4f,
  0xe5, 0xc5, 0xcd, 0xc6, 0x00, 0xc1, 0xe1, 0x7c, 0xc6, 0x08, 0x67, 0x78,
  0xb9, 0x28, 0x04, 0x3e, 0xc2, 0x18, 0x02, 0x3e, 0xc1, 0xcd, 0xa2, 0x00,
  0x04, 0x3e, 0x04, 0xb8, 0x20, 0xe2, 0xc9, 0x78, 0xfe, 0x01, 0xc2, 0xbd,
  0x53, 0x3a, 0x82, 0xe4, 0xfe, 0x0f, 0xc8, 0x3c, 0x32, 0x82, 0xe4, 0x18,
  0x0a, 0x3a, 0x82, 0xe4, 0xfe, 0x00, 0xc8, 0x3d, 0x32, 0x82, 0xe4, 0x3a,
  0x81, 0xe4, 0xfe, 0x01, 0x20, 0x05, 0x11, 0x08, 0x00, 0x18, 0x0f, 0xfe,
  0x02, 0x20, 0x05, 0x11, 0x09, 0x00, 0x18, 0x06, 0xfe, 0x03, 0xc0, 0x11,
  0x0a, 0x00, 0xf3, 0x7b, 0xd3, 0xa0, 0x3a, 0x82, 0xe4, 0xd3, 0xa1, 0xfb,
  0x3a, 0x7e, 0xe4, 0x6f, 0x26, 0x11, 0x3e, 0x01, 0x47, 0x3a, 0x82, 0xe4,
  0x4f, 0xe5, 0xc5, 0xcd, 0xc6, 0x00, 0xc1, 0xe1, 0x7c, 0x3c, 0x67, 0x79,
  0x90, 0x30, 0x04, 0x3e, 0xc2, 0x18, 0x02, 0x3e, 0xc1, 0xcd, 0xa2, 0x00,
  0x04, 0x3e, 0x10, 0xb8, 0x20, 0xe3, 0xc9, 0x78, 0xfe, 0x01, 0xc2, 0x29,
  0x54, 0x3a, 0x7b, 0xe4, 0xfe, 0x03, 0xc8, 0x3c, 0x32, 0x7b, 0xe4, 0x18,
  0x0a, 0x3a, 0x7b, 0xe4, 0xfe, 0x00, 0xc8, 0x3d, 0x32, 0x7b, 0xe4, 0x3a,
  0x7b, 0xe4, 0xfe, 0x00, 0x20, 0x05, 0x11, 0x38, 0x00, 0x18, 0x18, 0xfe,
  0x01, 0x20, 0x05, 0x11, 0x31, 0x00, 0x18, 0x0f, 0xfe, 0x02, 0x20, 0x05,
  0x11, 0x2a, 0x00, 0x18, 0x06, 0xfe, 0x03, 0xc0, 0x11, 0x1c, 0x00, 0xf3,
  0x3e, 0x07, 0xd3, 0xa0, 0x7b, 0xe6, 0x3f, 0xf6, 0x80, 0xd3, 0xa1, 0xfb,
  0x3a, 0x7e, 0xe4, 0x6f, 0x26, 0x12, 0xaf, 0x47, 0x3a, 0x7b, 0xe4, 0x4f,
  0xe5, 0xc5, 0xcd, 0xc6, 0x00, 0xc1, 0xe1, 0x7c, 0xc6, 0x06, 0x67, 0x78,
  0xb9, 0x28, 0x04, 0x3e, 0xc2, 0x18, 0x02, 0x3e, 0xc1, 0xcd, 0xa2, 0x00,
  0x04, 0x3e, 0x04, 0xb8, 0x20, 0xe2, 0xc9, 0x78, 0xfe, 0x01, 0xc2, 0xa1,
  0x54, 0x3a, 0x7c, 0xe4, 0xfe, 0x0f, 0xc8, 0x3c, 0x32, 0x7c, 0xe4, 0x18,
  0x0a, 0x3a, 0x7c, 0xe4, 0xfe, 0x00, 0xc8, 0x3d, 0x32, 0x7c, 0xe4, 0xcb,
  0x27, 0x47, 0x3e, 0x1f, 0x90, 0x4f, 0xf3, 0x3e, 0x06, 0xd3, 0xa0, 0x79,
  0xd3, 0xa1, 0xfb, 0x3a, 0x7e, 0xe4, 0x6f, 0x26, 0x11, 0x3e, 0x01, 0x47,
  0x3a, 0x7c, 0xe4, 0x4f, 0xe5, 0xc5, 0xcd, 0xc6, 0x00, 0xc1, 0xe1, 0x7c,
  0x3c, 0x67, 0x79, 0x90, 0x30, 0x04, 0x3e, 0xc2, 0x18, 0x02, 0x3e, 0xc1,
  0xcd, 0xa2, 0x00, 0x04, 0x3e, 0x10, 0xb8, 0x20, 0xe3, 0xc9, 0xcd, 0x2c,
  0x62, 0xcd, 0x41, 0x00, 0x3a, 0x2d, 0x00, 0xb7, 0x20, 0x05, 0x21, 0x34,
  0x8a, 0x18, 0x1e, 0xfe, 0x01, 0x20, 0x05, 0x21, 0x38, 0x8a, 0x18, 0x15,
  0xfe, 0x02, 0x20, 0x05, 0x21, 0x3d, 0x8a, 0x18, 0x0c, 0xfe, 0x03, 0x20,
  0x05, 0x21, 0x43, 0x8a, 0x18, 0x03, 0x21, 0x4b, 0x8a, 0x22, 0xf4, 0xe4,
  0x3a, 0xfc, 0xfa, 0xe6, 0x06, 0x20, 0x05, 0x21, 0x16, 0x00, 0x18, 0x1e,
  0xfe, 0x02, 0x20, 0x05, 0x21, 0x64, 0x00, 0x18, 0x15, 0xfe, 0x04, 0x20,
  0x05, 0x21, 0x28, 0x01, 0x18, 0x0c, 0xfe, 0x06, 0x20, 0x05, 0x21, 0x92,
  0x01, 0x18, 0x03, 0x21, 0xff, 0xff, 0x22, 0xf8, 0xe4, 0x3a, 0x75, 0xec,
  0xb7, 0x20, 0x10, 0x3a, 0x76, 0xec, 0xb7, 0x28, 0x05, 0x21, 0x72, 0x8a,
  0x18, 0x1a, 0x21, 0x65, 0x8a, 0x18, 0x15, 0xfe, 0x01, 0x20, 0x05, 0x21,
  0x7b, 0x8a, 0x18, 0x0c, 0xfe, 0x02, 0x20, 0x05, 0x21, 0x81, 0x8a, 0x18,
  0x03, 0x21, 0x4b, 0x8a, 0x22, 0xfa, 0xe4, 0x3a, 0x76, 0xec, 0xb7, 0x28,
  0x05, 0x21, 0x50, 0x00, 0x18, 0x03, 0x21, 0x60, 0x00, 0x22, 0xfc, 0xe4,
  0x3a, 0x1d, 0xed, 0xb7, 0x20, 0x05, 0x21, 0x9c, 0x8a, 0x18, 0x30, 0xfe,
  0x01, 0x20, 0x05, 0x21, 0x9f, 0x8a, 0x18, 0x27, 0xfe, 0x02, 0x20, 0x05,
  0x21, 0xa3, 0x8a, 0x18, 0x1e, 0xfe, 0x03, 0x20, 0x05, 0x21, 0xa6, 0x8a,
  0x18, 0x15, 0xfe, 0x04, 0x20, 0x05, 0x21, 0xa9, 0x8a, 0x18, 0x0c, 0xfe,
  0x05, 0x20, 0x05, 0x21, 0xac, 0x8a, 0x18, 0x03, 0x21, 0xb1, 0x8a, 0x22,
  0xf6, 0xe4, 0x21, 0x16, 0x8a, 0xcd, 0xf3, 0x60, 0x21, 0xc8, 0x7e, 0xcd,
  0xf3, 0x60, 0x21, 0x05, 0x02, 0xcd, 0x29, 0x62, 0x21, 0x2c, 0x8a, 0xcd,
  0xf3, 0x60, 0x2a, 0xf4, 0xe4, 0xcd, 0xf3, 0x60, 0x21, 0x05, 0x16, 0xcd,
  0x29, 0x62, 0x21, 0x91, 0x8a, 0xcd, 0xf3, 0x60, 0x2a, 0xf6, 0xe4, 0xcd,
  0xf3, 0x60, 0x21, 0x07, 0x02, 0xcd, 0x29, 0x62, 0x21, 0x52, 0x8a, 0xcd,
  0xf3, 0x60, 0x2a, 0x77, 0xec, 0x4c, 0x55, 0x3a, 0x79, 0xec, 0xe6, 0x0f,
  0x47, 0xcd, 0xfd, 0x60, 0x21, 0x4f, 0x8a, 0xcd, 0xf3, 0x60, 0x21, 0x09,
  0x02, 0xcd, 0x29, 0x62, 0x21, 0x58, 0x8a, 0xcd, 0xf3, 0x60, 0x06, 0x00,
  0x2a, 0xf8, 0xe4, 0x4c, 0x55, 0xcd, 0xfd, 0x60, 0x21, 0x4f, 0x8a, 0xcd,
  0xf3, 0x60, 0x21, 0x07, 0x16, 0xcd, 0x29, 0x62, 0x21, 0x5f, 0x8a, 0xcd,
  0xf3, 0x60, 0x2a, 0xfa, 0xe4, 0xcd, 0xf3, 0x60, 0x21, 0x09, 0x16, 0xcd,
  0x29, 0x62, 0x21, 0x87, 0x8a, 0xcd, 0xf3, 0x60, 0x06, 0x00, 0x2a, 0xfc,
  0xe4, 0x4c, 0x55, 0xcd, 0xfd, 0x60, 0x21, 0x8e, 0x8a, 0xcd, 0xf3, 0x60,
  0x3a, 0x2b, 0x00, 0xe6, 0x80, 0xcb, 0x07, 0x47, 0x3a, 0x76, 0xec, 0xa8,
  0x28, 0x05, 0x3e, 0xcf, 0xcd, 0xa2, 0x00, 0x21, 0x0b, 0x02, 0xcd, 0x29,
  0x62, 0x21, 0xc2, 0x8a, 0xcd, 0xf3, 0x60, 0x21, 0x0c, 0x02, 0x06, 0x05,
  0xe5, 0xc5, 0xcd, 0x29, 0x62, 0x21, 0xdc, 0x8a, 0xcd, 0xf3, 0x60, 0xc1,
  0xe1, 0x23, 0x23, 0x10, 0xef, 0x21, 0x0d, 0x02, 0x06, 0x04, 0xe5, 0xc5,
  0xcd, 0x29, 0x62, 0x21, 0xf6, 0x8a, 0xcd, 0xf3, 0x60, 0xc1, 0xe1, 0x23,
  0x23, 0x10, 0xef, 0x21, 0x15, 0x02, 0xcd, 0x29, 0x62, 0x21, 0x10, 0x8b,
  0xcd, 0xf3, 0x60, 0x21, 0x0c, 0x03, 0xe5, 0xcd, 0x29, 0x62, 0x3e, 0x53,
  0xcd, 0xa2, 0x00, 0xe1, 0x23, 0x23, 0x01, 0x00, 0x04, 0xe5, 0xc5, 0xcd,
  0x29, 0x62, 0xc1, 0xc5, 0x51, 0x01, 0x00, 0x00, 0xcd, 0xfd, 0x60, 0xc1,
  0xe1, 0x0c, 0x23, 0x23, 0x10, 0xeb, 0x21, 0x74, 0xe4, 0x36, 0x53, 0x23,
  0x36, 0x55, 0x23, 0x36, 0x42, 0x23, 0x23, 0x36, 0x00, 0x21, 0x0c, 0x05,
  0x01, 0x00, 0x04, 0xe5, 0xc5, 0xcd, 0x29, 0x62, 0xc1, 0x3e, 0x30, 0x81,
  0x32, 0x77, 0xe4, 0x21, 0x74, 0xe4, 0xc5, 0xcd, 0xf3, 0x60, 0xc1, 0xe1,
  0x0c, 0x11, 0x00, 0x05, 0x19, 0x10, 0xe4, 0x21, 0x0c, 0x19, 0xcd, 0x29,
  0x62, 0x3e, 0x45, 0xcd, 0xa2, 0x00, 0x21, 0x0e, 0x19, 0x01, 0x00, 0x04,
  0xe5, 0xc5, 0xcd, 0x29, 0x62, 0xc1, 0xc5, 0x21, 0x7a, 0xec, 0x06, 0x00,
  0x09, 0x06, 0x4e, 0x7e, 0x80, 0xcd, 0xa2, 0x00, 0xc1, 0xe1, 0x0c, 0x23,
  0x23, 0x10, 0xe5, 0x21, 0x0e, 0x05, 0x22, 0x74, 0xe5, 0xcd, 0x29, 0x62,
  0x21, 0x7e, 0xec, 0x06, 0x04, 0xc5, 0x06, 0x04, 0xc5, 0xe5, 0xcd, 0x76,
  0x57, 0x2a, 0x74, 0xe5, 0x11, 0x00, 0x05, 0x19, 0x22, 0x74, 0xe5, 0xcd,
  0x29, 0x62, 0xe1, 0xc1, 0x23, 0x10, 0xe9, 0xe5, 0x2a, 0x74, 0xe5, 0x26,
  0x05, 0x11, 0x02, 0x00, 0x19, 0x22, 0x74, 0xe5, 0xcd, 0x29, 0x62, 0xe1,
  0xc1, 0x10, 0xd2, 0xc3, 0x9c, 0x57, 0x7e, 0x57, 0x06, 0x04, 0x0e, 0x01,
  0x1e, 0x30, 0x7a, 0xa1, 0x28, 0x0b, 0xcb, 0x7e, 0x20, 0x03, 0x7b, 0x18,
  0x06, 0x3e, 0xc2, 0x18, 0x02, 0x3e, 0x20, 0xc5, 0xd5, 0xcd, 0xa2, 0x00,
  0xd1, 0xc1, 0xcb, 0x21, 0x1c, 0x10, 0xe3, 0xc9, 0x21, 0x0c, 0x1d, 0xcd,
  0x29, 0x62, 0x21, 0xb8, 0x8a, 0xcd, 0xf3, 0x60, 0x21, 0x12, 0x1d, 0xcd,
  0x29, 0x62, 0x21, 0xbd, 0x8a, 0xcd, 0xf3, 0x60, 0x21, 0x17, 0x01, 0xcd,
  0x29, 0x62, 0x21, 0xc8, 0x7e, 0xcd, 0xf3, 0x60, 0x21, 0x2a, 0x8b, 0xcd,
  0xf3, 0x60, 0xcd, 0x44, 0x00, 0xcd, 0xc8, 0x40, 0x3a, 0x18, 0xed, 0xe6,
  0x02, 0xc0, 0x3a, 0x19, 0xed, 0xe6, 0x02, 0xc0, 0xcd, 0xde, 0x57, 0x76,
  0x18, 0xeb, 0x21, 0x0e, 0x1d, 0xcd, 0x29, 0x62, 0x21, 0x0a, 0x09, 0xcd,
  0x23, 0x58, 0x3e, 0x2f, 0xcd, 0xa2, 0x00, 0x21, 0x08, 0x07, 0xcd, 0x23,
  0x58, 0x3e, 0x2f, 0xcd, 0xa2, 0x00, 0x21, 0x0c, 0x0b, 0xcd, 0x23, 0x58,
  0x21, 0x14, 0x1d, 0xcd, 0x29, 0x62, 0x21, 0x05, 0x04, 0xcd, 0x23, 0x58,
  0x3e, 0x3a, 0xcd, 0xa2, 0x00, 0x21, 0x03, 0x02, 0xcd, 0x23, 0x58, 0x3e,
  0x3a, 0xcd, 0xa2, 0x00, 0x21, 0x01, 0x00, 0xcd, 0x23, 0x58, 0xc9, 0x3a,
  0x2d, 0x00, 0xb7, 0xc2, 0x33, 0x58, 0x01, 0x00, 0x00, 0x16, 0xff, 0xcd,
  0xfd, 0x60, 0xc9, 0x4c, 0xcd, 0x62, 0x58, 0xe6, 0x0f, 0x57, 0x4d, 0xcd,
  0x62, 0x58, 0xe6, 0x0f, 0x5f, 0xcd, 0x51, 0x58, 0x7a, 0xb3, 0x57, 0x7c,
  0xfe, 0x0b, 0xcc, 0x70, 0x58, 0xcd, 0xfd, 0x60, 0xc9, 0x01, 0x00, 0x00,
  0xcb, 0x23, 0xcb, 0x23, 0xcb, 0x23, 0xcb, 0x23, 0xaf, 0xb3, 0xc0, 0x06,
  0x10, 0xc9, 0xc5, 0xd5, 0xe5, 0xdd, 0x21, 0xf5, 0x01, 0xcd, 0x5f, 0x01,
  0xe1, 0xd1, 0xc1, 0xc9, 0x21, 0x74, 0xe4, 0x36, 0x80, 0x23, 0x36, 0x19,
  0x23, 0x36, 0x00, 0x21, 0x77, 0xe4, 0x72, 0x23, 0x36, 0x00, 0x23, 0x36,
  0x00, 0x11, 0x74, 0xe4, 0x21, 0x77, 0xe4, 0xcd, 0x9f, 0x5d, 0x21, 0x74,
  0xe4, 0x56, 0x23, 0x4e, 0x23, 0x46, 0xc9, 0xcd, 0x2c, 0x62, 0xcd, 0x41,
  0x00, 0x21, 0x76, 0x8c, 0xcd, 0xf3, 0x60, 0x21, 0xc8, 0x7e, 0xcd, 0xf3,
  0x60, 0x21, 0x04, 0x01, 0xcd, 0x29, 0x62, 0x21, 0x84, 0x8c, 0xcd, 0xf3,
  0x60, 0x21, 0xc8, 0x7e, 0xcd, 0xf3, 0x60, 0x3e, 0xff, 0x32, 0x78, 0xe6,
  0x21, 0x06, 0x09, 0xcd, 0xed, 0x58, 0x21, 0xc8, 0x7e, 0xcd, 0xf3, 0x60,
  0x21, 0x18, 0x01, 0xcd, 0x29, 0x62, 0x21, 0x2a, 0x8b, 0xcd, 0xf3, 0x60,
  0xcd, 0x44, 0x00, 0xcd, 0xc8, 0x40, 0x3a, 0x18, 0xed, 0xe6, 0x02, 0xc0,
  0x3a, 0x19, 0xed, 0xe6, 0x02, 0xc0, 0x76, 0x18, 0xee, 0x22, 0x74, 0xe6,
  0x21, 0xad, 0x8c, 0x11, 0x8b, 0xe6, 0x01, 0x07, 0x00, 0xed, 0xb0, 0xaf,
  0x32, 0x76, 0xe6, 0x32, 0x79, 0xe6, 0x01, 0x00, 0x04, 0xc5, 0x79, 0x32,
  0x0e, 0xed, 0x21, 0x8d, 0xe6, 0x79, 0xc6, 0x30, 0x77, 0x01, 0x00, 0x04,
  0xc5, 0x3a, 0x0e, 0xed, 0x5f, 0x79, 0x32, 0x0f, 0xed, 0xcb, 0x27, 0xcb,
  0x27, 0xb3, 0x32, 0x13, 0xed, 0x21, 0x7a, 0xec, 0x16, 0x00, 0x3a, 0x0e,
  0xed, 0x5f, 0x19, 0x7e, 0xb7, 0x28, 0x08, 0x3a, 0x13, 0xed, 0xcb, 0xff,
  0x32, 0x13, 0xed, 0xaf, 0x32, 0x8a, 0xe6, 0xd9, 0x3a, 0x76, 0xe6, 0x5f,
  0x16, 0x00, 0x21, 0x7e, 0xec, 0x19, 0x7e, 0x32, 0x77, 0xe6, 0xd9, 0x3a,
  0x78, 0xe6, 0x5f, 0x3a, 0x77, 0xe6, 0xb7, 0xb3, 0xca, 0x13, 0x5a, 0x3e,
  0xff, 0x32, 0x8a, 0xe6, 0x21, 0x8f, 0xe6, 0x79, 0xc6, 0x30, 0x77, 0x21,
  0x8b, 0xe6, 0xcd, 0xf3, 0x60, 0x01, 0x00, 0x04, 0xc5, 0x79, 0x32, 0x10,
  0xed, 0x2a, 0x74, 0xe6, 0xcd, 0x29, 0x62, 0xcd, 0x7a, 0x44, 0x46, 0x23,
  0x4e, 0x78, 0xb1, 0x28, 0x0f, 0xcd, 0x67, 0x61, 0x3e, 0x4b, 0xcd, 0xa2,
  0x00, 0x3e, 0x42, 0xcd, 0xa2, 0x00, 0x18, 0x0b, 0xc5, 0x06, 0x06, 0x3e,
  0xc3, 0xcd, 0xa2, 0x00, 0x10, 0xf9, 0xc1, 0xc1, 0x0c, 0x2a, 0x74, 0xe6,
  0x11, 0x00, 0x08, 0x19, 0x22, 0x74, 0xe6, 0x3a, 0x77, 0xe6, 0xcb, 0x7f,
  0x20, 0x06, 0x05, 0xc2, 0x70, 0x59, 0x18, 0x48, 0xd9, 0x2a, 0x74, 0xe6,
  0xcd, 0x29, 0x62, 0x21, 0xb4, 0x8c, 0xcd, 0xf3, 0x60, 0x2a, 0x74, 0xe6,
  0x11, 0x00, 0x08, 0x19, 0x22, 0x74, 0xe6, 0xcd, 0x29, 0x62, 0x3e, 0x49,
  0xcd, 0xa2, 0x00, 0x3e, 0x4e, 0xcd, 0xa2, 0x00, 0x3e, 0x20, 0xcd, 0xa2,
  0x00, 0xcd, 0x7a, 0x44, 0x23, 0x23, 0x46, 0x23, 0x4e, 0xcd, 0x67, 0x61,
  0x2a, 0x74, 0xe6, 0x11, 0x00, 0x08, 0x19, 0x22, 0x74, 0xe6, 0xcd, 0x29,
  0x62, 0x21, 0xbb, 0x8c, 0xcd, 0xf3, 0x60, 0xd9, 0x3e, 0x0d, 0xcd, 0xa2,
  0x00, 0x3e, 0x0a, 0xcd, 0xa2, 0x00, 0x2a, 0x74, 0xe6, 0x26, 0x09, 0x2c,
  0x22, 0x74, 0xe6, 0x3a, 0x76, 0xe6, 0x3c, 0x32, 0x76, 0xe6, 0xc1, 0x3a,
  0x8a, 0xe6, 0xb7, 0x28, 0x15, 0x3a, 0x79, 0xe6, 0x16, 0x00, 0x5f, 0x21,
  0x7a, 0xe6, 0x19, 0x3a, 0x13, 0xed, 0x77, 0x3a, 0x79, 0xe6, 0x3c, 0x32,
  0x79, 0xe6, 0x0c, 0x05, 0xc2, 0x14, 0x59, 0xc1, 0x0c, 0x05, 0xc2, 0x05,
  0x59, 0xc9, 0xcd, 0x2c, 0x62, 0xcd, 0x41, 0x00, 0xcd, 0x48, 0x48, 0x21,
  0x04, 0x01, 0xcd, 0x29, 0x62, 0x21, 0x4b, 0x8b, 0xcd, 0xf3, 0x60, 0x21,
  0xc8, 0x7e, 0xcd, 0xf3, 0x60, 0x21, 0x63, 0x8b, 0xcd, 0xf3, 0x60, 0x21,
  0x0c, 0x7f, 0xcd, 0xf3, 0x60, 0x21, 0x3e, 0x7f, 0xcd, 0xf3, 0x60, 0xcd,
  0x44, 0x00, 0xcd, 0xc8, 0x40, 0x3a, 0x18, 0xed, 0xe6, 0x02, 0xc2, 0x86,
  0x5a, 0x3a, 0x19, 0xed, 0xe6, 0x02, 0xc0, 0x76, 0x18, 0xec, 0xcd, 0x2c,
  0x62, 0xaf, 0x32, 0x77, 0xe4, 0x01, 0x0f, 0x01, 0xcd, 0x30, 0x62, 0x21,
  0x0b, 0x0f, 0xcd, 0x29, 0x62, 0x21, 0xd6, 0x8b, 0xcd, 0xf3, 0x60, 0x21,
  0xd0, 0x8b, 0xcd, 0xf3, 0x60, 0x3e, 0x01, 0x32, 0x74, 0xe4, 0xcd, 0xc8,
  0x40, 0x3a, 0x17, 0xed, 0xe6, 0x02, 0xc2, 0xe8, 0x5a, 0x3a, 0x16, 0xed,
  0xe6, 0x02, 0xc2, 0xf4, 0x5a, 0x3a, 0x74, 0xe4, 0xfe, 0x06, 0xca, 0xa7,
  0x5b, 0x3a, 0x77, 0xe4, 0xfe, 0x78, 0x28, 0x0b, 0x3c, 0x32, 0x77, 0xe4,
  0xfe, 0x78, 0x20, 0x03, 0xcd, 0x2c, 0x62, 0xcd, 0xe7, 0x5c, 0x3a, 0x19,
  0xed, 0xe6, 0x02, 0x20, 0x03, 0x76, 0x18, 0xc6, 0xcd, 0xfa, 0x5c, 0xc9,
  0x3a, 0x74, 0xe4, 0x3c, 0xfe, 0x07, 0x20, 0x10, 0x3e, 0x01, 0x18, 0x0c,
  0x3a, 0x74, 0xe4, 0x3d, 0xfe, 0x00, 0x20, 0x04, 0x3e, 0x06, 0x18, 0x00,
  0x32, 0x74, 0xe4, 0xf5, 0xcd, 0x2c, 0x62, 0xaf, 0x32, 0x77, 0xe4, 0xf1,
  0xfe, 0x01, 0x20, 0x11, 0x21, 0x0b, 0x0f, 0xcd, 0x29, 0x62, 0x21, 0xd6,
  0x8b, 0xcd, 0xf3, 0x60, 0x01, 0x0f, 0x01, 0x18, 0x7a, 0xfe, 0x02, 0x20,
  0x11, 0x21, 0x0b, 0x0f, 0xcd, 0x29, 0x62, 0x21, 0xdc, 0x8b, 0xcd, 0xf3,
  0x60, 0x01, 0x01, 0x0f, 0x18, 0x65, 0xfe, 0x03, 0x20, 0x11, 0x21, 0x0b,
  0x10, 0xcd, 0x29, 0x62, 0x21, 0xe2, 0x8b, 0xcd, 0xf3, 0x60, 0x01, 0x09,
  0x01, 0x18, 0x50, 0xfe, 0x04, 0x20, 0x11, 0x21, 0x0b, 0x0f, 0xcd, 0x29,
  0x62, 0x21, 0xe6, 0x8b, 0xcd, 0xf3, 0x60, 0x01, 0x03, 0x01, 0x18, 0x3b,
  0xfe, 0x05, 0x20, 0x11, 0x21, 0x0b, 0x0f, 0xcd, 0x29, 0x62, 0x21, 0xec,
  0x8b, 0xcd, 0xf3, 0x60, 0x01, 0x05, 0x01, 0x18, 0x26, 0x21, 0x0b, 0x0e,
  0xcd, 0x29, 0x62, 0x21, 0xf2, 0x8b, 0xcd, 0xf3, 0x60, 0x21, 0xd0, 0x8b,
  0xcd, 0xf3, 0x60, 0x01, 0x02, 0x01, 0x3e, 0x02, 0x32, 0x75, 0xe4, 0x3e,
  0x08, 0x32, 0x76, 0xe4, 0xaf, 0x32, 0x77, 0xe4, 0xc3, 0xd7, 0x5a, 0xcd,
  0x30, 0x62, 0x21, 0xd0, 0x8b, 0xcd, 0xf3, 0x60, 0xc3, 0xd7, 0x5a, 0x3a,
  0x14, 0xed, 0xe6, 0x02, 0xc4, 0xe1, 0x5b, 0x3a, 0x15, 0xed, 0xe6, 0x02,
  0xc4, 0xef, 0x5b, 0x3a, 0x76, 0xe4, 0x47, 0x3a, 0x77, 0xe4, 0x3c, 0x32,
  0x77, 0xe4, 0x90, 0xda, 0xd7, 0x5a, 0xaf, 0x32, 0x77, 0xe4, 0x3a, 0x75,
  0xe4, 0x06, 0x01, 0x4f, 0x3c, 0xfe, 0x10, 0xc2, 0xd8, 0x5b, 0x3e, 0x02,
  0x32, 0x75, 0xe4, 0xcd, 0x30, 0x62, 0xc3, 0xd7, 0x5a, 0x3a, 0x76, 0xe4,
  0xfe, 0x01, 0xc8, 0xcb, 0x3f, 0x32, 0x76, 0xe4, 0xc3, 0xb4, 0x5c, 0x3a,
  0x76, 0xe4, 0xfe, 0x40, 0xc8, 0xcb, 0x27, 0x32, 0x76, 0xe4, 0xc3, 0xcd,
  0x5c, 0xcd, 0x2c, 0x62, 0xcd, 0x41, 0x00, 0xcd, 0x48, 0x48, 0x21, 0x04,
  0x01, 0xcd, 0x29, 0x62, 0x21, 0xfa, 0x8b, 0xcd, 0xf3, 0x60, 0x21, 0xc8,
  0x7e, 0xcd, 0xf3, 0x60, 0x21, 0x0f, 0x8c, 0xcd, 0xf3, 0x60, 0x21, 0x0c,
  0x7f, 0xcd, 0xf3, 0x60, 0x21, 0x3e, 0x7f, 0xcd, 0xf3, 0x60, 0xcd, 0x44,
  0x00, 0xcd, 0xc8, 0x40, 0x3a, 0x18, 0xed, 0xe6, 0x02, 0xc2, 0x41, 0x5c,
  0x3a, 0x19, 0xed, 0xe6, 0x02, 0xc0, 0x76, 0x18, 0xec, 0x3e, 0x01, 0x32,
  0x74, 0xec, 0x01, 0x04, 0x0f, 0x11, 0x00, 0x04, 0xcd, 0xf3, 0x5d, 0x01,
  0x03, 0x9f, 0xcd, 0x47, 0x00, 0x01, 0x04, 0x00, 0xcd, 0x47, 0x00, 0xcd,
  0x41, 0x00, 0x3e, 0xf4, 0x01, 0x00, 0x18, 0x21, 0x00, 0x20, 0xcd, 0x56,
  0x00, 0x01, 0x31, 0x03, 0x21, 0x00, 0x18, 0xc5, 0xe5, 0x79, 0x01, 0x00,
  0x01, 0xcd, 0x56, 0x00, 0xe1, 0xc1, 0x0c, 0x11, 0x00, 0x01, 0x19, 0x10,
  0xee, 0x01, 0x00, 0x08, 0x11, 0x00, 0x00, 0x2a, 0x04, 0x00, 0xcd, 0x5c,
  0x00, 0x06, 0x03, 0x11, 0x00, 0x18, 0x21, 0x56, 0x8c, 0xc5, 0xd5, 0xe5,
  0x01, 0x20, 0x00, 0xcd, 0x5c, 0x00, 0xe1, 0xd1, 0xc1, 0x14, 0x10, 0xf1,
  0xcd, 0x44, 0x00, 0xcd, 0xc8, 0x40, 0x3a, 0x19, 0xed, 0xe6, 0x02, 0xc0,
  0x76, 0xc3, 0xa7, 0x5c, 0xf3, 0xaf, 0xd3, 0xa0, 0x3e, 0xba, 0xd3, 0xa1,
  0x3e, 0x01, 0xd3, 0xa0, 0xaf, 0xd3, 0xa1, 0x3e, 0x08, 0xd3, 0xa0, 0x3e,
  0x0f, 0xd3, 0xa1, 0xfb, 0xc9, 0xf3, 0xaf, 0xd3, 0xa0, 0x3e, 0x18, 0xd3,
  0xa1, 0x3e, 0x01, 0xd3, 0xa0, 0x3e, 0x01, 0xd3, 0xa1, 0x3e, 0x08, 0xd3,
  0xa0, 0x3e, 0x0f, 0xd3, 0xa1, 0xfb, 0xc9, 0xf3, 0x3e, 0x08, 0xd3, 0xa0,
  0xdb, 0xa2, 0xfb, 0xb7, 0xc8, 0xf3, 0x3d, 0xd3, 0xa1, 0xfb, 0xb7, 0xc0,
  0x18, 0x00, 0xf3, 0xaf, 0xd3, 0xa0, 0xaf, 0xd3, 0xa1, 0x3e, 0x01, 0xd3,
  0xa0, 0xaf, 0xd3, 0xa1, 0x3e, 0x08, 0xd3, 0xa0, 0xaf, 0xd3, 0xa1, 0xfb,
  0xc9, 0x46, 0x23, 0x4e, 0x23, 0xe5, 0x21, 0x6e, 0xe4, 0x70, 0x23, 0x71,
  0xe1, 0x46, 0x23, 0x4e, 0x23, 0xe5, 0x21, 0x70, 0xe4, 0x70, 0x23, 0x71,
  0xe1, 0xe5, 0xd5, 0x54, 0x5d, 0x21, 0x72, 0xe4, 0x72, 0x23, 0x73, 0xd1,
  0xe1, 0x7e, 0xe6, 0xc0, 0xfe, 0xc0, 0x28, 0x0c, 0x7e, 0x12, 0x23, 0x13,
  0x0b, 0x78, 0xb1, 0x20, 0xf0, 0xc3, 0x5f, 0x5d, 0xc5, 0x7e, 0xe6, 0x3f,
  0x47, 0x23, 0x7e, 0x4f, 0x23, 0x79, 0x12, 0x13, 0x05, 0x20, 0xfa, 0xc1,
  0x0b, 0x0b, 0x78, 0xb1, 0xc2, 0x35, 0x5d, 0xc9, 0x06, 0x78, 0xfb, 0x00,
  0x00, 0x76, 0x00, 0x00, 0x10, 0xf8, 0xc9, 0x21, 0x7d, 0x5d, 0x22, 0x9b,
  0xfd, 0x3e, 0xc3, 0x32, 0x9a, 0xfd, 0xc9, 0x3e, 0xc9, 0x32, 0x9a, 0xfd,
  0xc9, 0xcd, 0x3e, 0x01, 0xcb, 0x7f, 0xc0, 0xfb, 0x76, 0xc9, 0x3a, 0x65,
  0xe4, 0x47, 0xc6, 0x01, 0x07, 0xc6, 0x0b, 0x07, 0xc6, 0x1f, 0x07, 0xc6,
  0x29, 0xb8, 0x20, 0x03, 0x3c, 0x18, 0xef, 0x32, 0x65, 0xe4, 0xc9, 0x06,
  0x03, 0xb7, 0x1a, 0x8e, 0x27, 0x12, 0x13, 0x23, 0x10, 0xf8, 0xc9, 0x06,
  0x03, 0xb7, 0x1a, 0x9e, 0x27, 0x12, 0x13, 0x23, 0x10, 0xf8, 0xc9, 0xc5,
  0xd5, 0xaf, 0xcd, 0xc3, 0x00, 0xd1, 0xc1, 0x7b, 0x32, 0xae, 0xf3, 0x21,
  0xe9, 0xf3, 0x70, 0x2c, 0x71, 0x2c, 0x36, 0x01, 0xcd, 0x62, 0x00, 0xcd,
  0x2b, 0x5e, 0xc3, 0x6c, 0x00, 0xc5, 0xd5, 0xaf, 0xcd, 0xc3, 0x00, 0xd1,
  0xc1, 0x7b, 0x32, 0xaf, 0xf3, 0x21, 0xe9, 0xf3, 0x70, 0x2c, 0x71, 0x2c,
  0x36, 0x01, 0xcd, 0x62, 0x00, 0xcd, 0x2b, 0x5e, 0xc3, 0x6f, 0x00, 0xc5,
  0xd5, 0xaf, 0xcd, 0xc3, 0x00, 0xd1, 0xc1, 0x21, 0xe9, 0xf3, 0x70, 0x2c,
  0x71, 0x2c, 0x72, 0xcd, 0x62, 0x00, 0xcd, 0x2b, 0x5e, 0xc3, 0x72, 0x00,
  0xc5, 0xd5, 0xaf, 0xcd, 0xc3, 0x00, 0xd1, 0xc1, 0x21, 0xe9, 0xf3, 0x70,
  0x2c, 0x71, 0x2c, 0x72, 0xcd, 0x62, 0x00, 0xcd, 0x2b, 0x5e, 0xc3, 0x75,
  0x00, 0xc3, 0xcf, 0x00, 0xc3, 0xcc, 0x00, 0xf3, 0x01, 0x00, 0x02, 0xcd,
  0x47, 0x00, 0x01, 0x01, 0xe0, 0xcd, 0x47, 0x00, 0xfb, 0xc9, 0xf3, 0x78,
  0xd3, 0xa0, 0x79, 0xd3, 0xa1, 0xfb, 0xc9, 0xf3, 0x3e, 0x07, 0xd3, 0xa0,
  0x3e, 0x38, 0xe6, 0x3f, 0xf6, 0x80, 0xd3, 0xa1, 0xaf, 0xd3, 0xa0, 0xaf,
  0xd3, 0xa1, 0x3e, 0x01, 0xd3, 0xa0, 0xaf, 0xd3, 0xa1, 0x3e, 0x08, 0xd3,
  0xa0, 0xaf, 0xd3, 0xa1, 0x3e, 0x02, 0xd3, 0xa0, 0xaf, 0xd3, 0xa1, 0x3e,
  0x03, 0xd3, 0xa0, 0xaf, 0xd3, 0xa1, 0x3e, 0x09, 0xd3, 0xa0, 0xaf, 0xd3,
  0xa1, 0x3e, 0x04, 0xd3, 0xa0, 0xaf, 0xd3, 0xa1, 0x3e, 0x05, 0xd3, 0xa0,
  0xaf, 0xd3, 0xa1, 0x3e, 0x0a, 0xd3, 0xa0, 0xaf, 0xd3, 0xa1, 0x3e, 0x06,
  0xd3, 0xa0, 0xaf, 0xd3, 0xa1, 0xfb, 0xc9, 0xf3, 0x3e, 0x0f, 0xd3, 0xa0,
  0xd3, 0xa1, 0x3e, 0x0e, 0xd3, 0xa0, 0xfb, 0xdb, 0xa2, 0x4f, 0x21, 0xd9,
  0xe3, 0x06, 0x01, 0xcd, 0x19, 0x5f, 0x21, 0xda, 0xe3, 0x06, 0x02, 0xcd,
  0x19, 0x5f, 0x21, 0xdb, 0xe3, 0x06, 0x04, 0xcd, 0x19, 0x5f, 0x21, 0xdc,
  0xe3, 0x06, 0x08, 0xcd, 0x19, 0x5f, 0x21, 0xdd, 0xe3, 0x06, 0x10, 0xcd,
  0x19, 0x5f, 0x21, 0xde, 0xe3, 0x06, 0x20, 0xcd, 0x19, 0x5f, 0xc9, 0xf3,
  0x3e, 0x0f, 0xd3, 0xa0, 0x3e, 0x4f, 0xd3, 0xa1, 0x3e, 0x0e, 0xd3, 0xa0,
  0xfb, 0xdb, 0xa2, 0x4f, 0x21, 0xdf, 0xe3, 0x06, 0x01, 0xcd, 0x19, 0x5f,
  0x21, 0xe0, 0xe3, 0x06, 0x02, 0xcd, 0x19, 0x5f, 0x21, 0xe1, 0xe3, 0x06,
  0x04, 0xcd, 0x19, 0x5f, 0x21, 0xe2, 0xe3, 0x06, 0x08, 0xcd, 0x19, 0x5f,
  0x21, 0xe3, 0xe3, 0x06, 0x10, 0xcd, 0x19, 0x5f, 0x21, 0xe4, 0xe3, 0x06,
  0x20, 0xcd, 0x19, 0x5f, 0xc9, 0x79, 0xa0, 0x28, 0x0b, 0x7e, 0xe6, 0x08,
  0x28, 0x03, 0x36, 0x04, 0xc9, 0x36, 0x00, 0xc9, 0x7e, 0xe6, 0x08, 0x28,
  0x03, 0x36, 0x09, 0xc9, 0x36, 0x0b, 0xc9, 0xf3, 0x16, 0x00, 0x21, 0x80,
  0xe3, 0x01, 0x00, 0x00, 0x0e, 0x01, 0xcd, 0x58, 0x5f, 0x23, 0x79, 0xfe,
  0x80, 0x28, 0x04, 0xcb, 0x21, 0x18, 0xf3, 0x04, 0x78, 0xfe, 0x0b, 0x20,
  0xeb, 0xfb, 0xcd, 0x7c, 0x5f, 0xc3, 0x56, 0x01, 0xdb, 0xaa, 0xe6, 0xf0,
  0xb0, 0xd3, 0xaa, 0xdb, 0xa9, 0xa1, 0x28, 0x0b, 0x7e, 0xe6, 0x08, 0x28,
  0x03, 0x36, 0x04, 0xc9, 0x36, 0x00, 0xc9, 0x16, 0xff, 0x7e, 0xe6, 0x08,
  0x28, 0x03, 0x36, 0x09, 0xc9, 0x36, 0x0b, 0xc9, 0x21, 0xd8, 0xe3, 0x7a,
  0xfe, 0xff, 0x28, 0x0b, 0x7e, 0xe6, 0x08, 0x28, 0x03, 0x36, 0x04, 0xc9,
  0x36, 0x00, 0xc9, 0x7e, 0xe6, 0x08, 0x28, 0x03, 0x36, 0x09, 0xc9, 0x36,
  0x0b, 0xc9, 0xe5, 0xcd, 0x41, 0x00, 0x21, 0x00, 0x18, 0x01, 0x00, 0x03,
  0xaf, 0xcd, 0x56, 0x00, 0xe1, 0x11, 0x00, 0x00, 0xcd, 0xe2, 0x5f, 0x11,
  0x00, 0x08, 0xcd, 0xe2, 0x5f, 0x11, 0x00, 0x10, 0xcd, 0xe2, 0x5f, 0x11,
  0x00, 0x20, 0xcd, 0xe2, 0x5f, 0x11, 0x00, 0x28, 0xcd, 0xe2, 0x5f, 0x11,
  0x00, 0x30, 0xcd, 0xe2, 0x5f, 0x11, 0x00, 0x18, 0xcd, 0xe2, 0x5f, 0x11,
  0x00, 0x19, 0xcd, 0xe2, 0x5f, 0x11, 0x00, 0x1a, 0xcd, 0xe2, 0x5f, 0xc3,
  0x44, 0x00, 0x46, 0x23, 0x4e, 0x23, 0xe5, 0xc5, 0xcd, 0x5c, 0x00, 0xc1,
  0xe1, 0x09, 0xc9, 0xe5, 0xcd, 0x41, 0x00, 0x21, 0x00, 0x18, 0x01, 0x00,
  0x03, 0xaf, 0xcd, 0x56, 0x00, 0xe1, 0x11, 0x00, 0x00, 0xcd, 0x37, 0x60,
  0x11, 0x00, 0x08, 0xcd, 0x37, 0x60, 0x11, 0x00, 0x10, 0xcd, 0x37, 0x60,
  0x11, 0x00, 0x20, 0xcd, 0x37, 0x60, 0x11, 0x00, 0x28, 0xcd, 0x37, 0x60,
  0x11, 0x00, 0x30, 0xcd, 0x37, 0x60, 0x11, 0x00, 0x18, 0xcd, 0x37, 0x60,
  0x11, 0x00, 0x19, 0xcd, 0x37, 0x60, 0x11, 0x00, 0x1a, 0xcd, 0x37, 0x60,
  0xc3, 0x44, 0x00, 0xd5, 0x11, 0x74, 0xe4, 0xcd, 0x11, 0x5d, 0x21, 0x6e,
  0xe4, 0x46, 0x23, 0x4e, 0x21, 0x74, 0xe4, 0xd1, 0xcd, 0x5c, 0x00, 0x21,
  0x70, 0xe4, 0x46, 0x23, 0x4e, 0x21, 0x72, 0xe4, 0x56, 0x23, 0x5e, 0x62,
  0x6b, 0x09, 0xc9, 0x3a, 0xe0, 0xf3, 0xe6, 0xfc, 0xc3, 0x7c, 0x60, 0x3a,
  0xe0, 0xf3, 0xe6, 0xfc, 0xf6, 0x01, 0xc3, 0x7c, 0x60, 0x3a, 0xe0, 0xf3,
  0xe6, 0xfc, 0xf6, 0x02, 0xc3, 0x7c, 0x60, 0x3a, 0xe0, 0xf3, 0xf6, 0x03,
  0xf3, 0x47, 0x0e, 0x01, 0xcd, 0x47, 0x00, 0xfb, 0xc9, 0xcd, 0x69, 0x00,
  0x21, 0x00, 0x1b, 0x11, 0xe5, 0xe3, 0x01, 0x80, 0x00, 0xc3, 0x59, 0x00,
  0x21, 0xe5, 0xe3, 0x01, 0x80, 0x00, 0x11, 0x00, 0x1b, 0xc3, 0x5c, 0x00,
  0xe5, 0x21, 0x00, 0x38, 0x0e, 0x00, 0x3a, 0xe0, 0xf3, 0xe6, 0x02, 0x20,
  0x03, 0x11, 0x08, 0x00, 0x11, 0x20, 0x00, 0x79, 0xb8, 0x28, 0x04, 0x19,
  0x0c, 0x18, 0xf8, 0x54, 0x5d, 0xe1, 0x46, 0x23, 0x4e, 0x23, 0xc3, 0x5c,
  0x00, 0xf5, 0x3a, 0xe0, 0xf3, 0xe6, 0x02, 0x28, 0x06, 0x78, 0xcb, 0x27,
  0xcb, 0x27, 0x47, 0xf1, 0xc5, 0xcb, 0x27, 0xcb, 0x27, 0x06, 0x00, 0x4f,
  0x21, 0xe5, 0xe3, 0x09, 0xc1, 0x73, 0x23, 0x72, 0x23, 0x70, 0x23, 0x71,
  0xc9, 0x71, 0x23, 0x70, 0xc9, 0x11, 0x03, 0x00, 0x19, 0x70, 0xc9, 0x7e,
  0xfe, 0x00, 0xc8, 0xcd, 0xa2, 0x00, 0x23, 0x18, 0xf6, 0xcb, 0x78, 0x28,
  0x05, 0x3e, 0x2d, 0xcd, 0x5f, 0x61, 0x78, 0xcb, 0x3f, 0xcb, 0x3f, 0xcb,
  0x3f, 0xcb, 0x3f, 0xe6, 0x07, 0x32, 0x74, 0xe4, 0x58, 0xcd, 0x3b, 0x61,
  0x59, 0xcd, 0x33, 0x61, 0x59, 0xcd, 0x3b, 0x61, 0x5a, 0xcd, 0x33, 0x61,
  0x7a, 0xe6, 0x0f, 0x20, 0x05, 0x3e, 0x01, 0x32, 0x74, 0xe4, 0x5a, 0xcd,
  0x3b, 0x61, 0xc9, 0xcb, 0x3b, 0xcb, 0x3b, 0xcb, 0x3b, 0xcb, 0x3b, 0x3a,
  0x74, 0xe4, 0xb3, 0xe6, 0x0f, 0x20, 0x01, 0xc9, 0x7b, 0xe6, 0x0f, 0x5f,
  0xc6, 0x30, 0xcd, 0x5f, 0x61, 0x7b, 0xb7, 0x28, 0x06, 0x3e, 0x07, 0x32,
  0x74, 0xe4, 0xc9, 0x3a, 0x74, 0xe4, 0x3d, 0x32, 0x74, 0xe4, 0xc9, 0xc5,
  0xd5, 0xcd, 0xa2, 0x00, 0xd1, 0xc1, 0xc9, 0x78, 0x32, 0x6c, 0xe4, 0x79,
  0x32, 0x6d, 0xe4, 0x21, 0x66, 0xe4, 0x06, 0x06, 0x36, 0x00, 0x23, 0x10,
  0xfb, 0x3a, 0x6c, 0xe4, 0x47, 0x3a, 0x6d, 0xe4, 0x4f, 0x78, 0xb1, 0xca,
  0x17, 0x62, 0x11, 0x66, 0xe4, 0x21, 0x69, 0xe4, 0x78, 0xe6, 0xf0, 0x28,
  0x1e, 0x36, 0x96, 0x23, 0x36, 0x40, 0x23, 0x36, 0x00, 0x78, 0xcb, 0x3f,
  0xcb, 0x3f, 0xcb, 0x3f, 0xcb, 0x3f, 0xe6, 0x0f, 0xf5, 0x78, 0xe6, 0x0f,
  0x32, 0x6c, 0xe4, 0xf1, 0x47, 0x18, 0x57, 0x78, 0xe6, 0x0f, 0x28, 0x16,
  0x36, 0x56, 0x23, 0x36, 0x02, 0x23, 0x36, 0x00, 0x78, 0xe6, 0x0f, 0xf5,
  0x78, 0xe6, 0xf0, 0x32, 0x6c, 0xe4, 0xf1, 0x47, 0x18, 0x3c, 0x79, 0xe6,
  0xf0, 0x28, 0x1e, 0x36, 0x16, 0x23, 0x36, 0x00, 0x23, 0x36, 0x00, 0x79,
  0xcb, 0x3f, 0xcb, 0x3f, 0xcb, 0x3f, 0xcb, 0x3f, 0xe6, 0x0f, 0xf5, 0x79,
  0xe6, 0x0f, 0x32, 0x6d, 0xe4, 0xf1, 0x47, 0x18, 0x19, 0x79, 0xe6, 0x0f,
  0x28, 0x14, 0x36, 0x01, 0x23, 0x36, 0x00, 0x23, 0x36, 0x00, 0x79, 0xe6,
  0x0f, 0xf5, 0x79, 0xe6, 0xf0, 0x32, 0x6d, 0xe4, 0xf1, 0x47, 0x21, 0x69,
  0xe4, 0xe5, 0xd5, 0xc5, 0xcd, 0x9f, 0x5d, 0xc1, 0xd1, 0xe1, 0x10, 0xf5,
  0xc3, 0x79, 0x61, 0x3a, 0x66, 0xe4, 0x57, 0x3a, 0x67, 0xe4, 0x4f, 0x3a,
  0x68, 0xe4, 0xe6, 0x0f, 0x47, 0xcd, 0xfd, 0x60, 0xc9, 0xc3, 0xc6, 0x00,
  0xaf, 0xc3, 0xc3, 0x00, 0x21, 0xe9, 0xf3, 0x70, 0x2c, 0x71, 0xc3, 0x62,
  0x00, 0x32, 0xae, 0xf3, 0xc9, 0xcd, 0x60, 0x5d, 0xcd, 0x6b, 0x5d, 0xcd,
  0x4e, 0x62, 0xcd, 0x43, 0x5e, 0xaf, 0x32, 0xdb, 0xf3, 0xc9, 0x21, 0x80,
  0xe3, 0x06, 0x59, 0xaf, 0x77, 0x23, 0x10, 0xfb, 0x21, 0xd9, 0xe3, 0x06,
  0x0c, 0xaf, 0x77, 0x23, 0x10, 0xfb, 0xcd, 0x69, 0x00, 0x21, 0x00, 0x1b,
  0x11, 0xe5, 0xe3, 0x01, 0x80, 0x00, 0xcd, 0x59, 0x00, 0x3e, 0x0d, 0x32,
  0x65, 0xe4, 0xc9, 0x02, 0xe0, 0x01, 0x63, 0xc8, 0x00, 0x3f, 0x7f, 0xc8,
  0x00, 0x3f, 0xc7, 0x00, 0x03, 0xc5, 0x00, 0x03, 0x01, 0xc6, 0x00, 0xc2,
  0x3f, 0xc4, 0x7f, 0xc2, 0x00, 0x1f, 0xc4, 0x0f, 0xc3, 0x07, 0xc4, 0x0f,
  0xc4, 0x1f, 0xc3, 0x03, 0xc4, 0x01, 0xc4, 0x00, 0xc2, 0x01, 0x03, 0xc3,
  0x07, 0x3f, 0x7f, 0xcd, 0x00, 0x01, 0xca, 0x00, 0xc2, 0x7f, 0x3f, 0x1f,
  0x0e, 0x0f, 0xc2, 0x1f, 0xc2, 0x3f, 0x7f, 0xc5, 0x00, 0xc2, 0x01, 0x03,
  0xc2, 0x07, 0xc2, 0x7f, 0xc6, 0x00, 0x3f, 0x7f, 0xc8, 0x00, 0x3f, 0xcf,
  0x00, 0x03, 0xc5, 0x00, 0x03, 0x01, 0xd0, 0x00, 0xc4, 0x01, 0xc6, 0x03,
  0xc4, 0x01, 0xc4, 0x3f, 0xc4, 0x7f, 0xc3, 0x0f, 0xc4, 0x70, 0x30, 0xc3,
  0x00, 0x01, 0xc2, 0x03, 0xd1, 0x00, 0x0f, 0xcb, 0x00, 0x7f, 0xc2, 0x3f,
  0x1f, 0x0f, 0xc2, 0x04, 0xcc, 0x00, 0x01, 0x03, 0x0f, 0x1f, 0xc2, 0x3f,
  0x7f, 0xc3, 0x00, 0x3f, 0x7f, 0xc8, 0x00, 0x1f, 0x3f, 0xce, 0x00, 0x07,
  0x03, 0xc4, 0x00, 0x03, 0x01, 0xce, 0x00, 0x03, 0xc6, 0x07, 0x0f, 0xc7,
  0x00, 0x01, 0xc7, 0x00, 0x40, 0x30, 0xc2, 0x38, 0xc2, 0x1c, 0x1e, 0x1f,
  0x0f, 0xc7, 0x00, 0x3f, 0x07, 0x01, 0xc9, 0x00, 0x7f, 0x3f, 0xc2, 0x1f,
  0x0f, 0x07, 0xc4, 0x03, 0x07, 0x0f, 0x1f, 0x03, 0x07, 0xc3, 0x0f, 0x07,
  0x03, 0x01, 0x3f, 0x7f, 0xc8, 0x00, 0x0f, 0x3f, 0xce, 0x00, 0x0f, 0x03,
  0xc4, 0x00, 0x03, 0x01, 0xd4, 0x00, 0x01, 0x03, 0xc2, 0x0f, 0xc4, 0x1f,
  0xc2, 0x3f, 0xc4, 0x03, 0xc4, 0x07, 0xc4, 0x00, 0xc4, 0x7f, 0xc4, 0x00,
  0xc4, 0x01, 0xc2, 0x3f, 0xc4, 0x1f, 0xc4, 0x0f, 0xc4, 0x07, 0xc2, 0x00,
  0x1f, 0xc8, 0x00, 0x01, 0xc3, 0x00, 0x01, 0xc4, 0x00, 0x7f, 0x3f, 0x7f,
  0xc3, 0x00, 0xc4, 0x0f, 0xc2, 0x0e, 0xc2, 0x0c, 0x1f, 0x3f, 0x7f, 0xc9,
  0x00, 0xc2, 0x04, 0x0e, 0x1f, 0xc2, 0x00, 0x7f, 0x3f, 0xc2, 0x1f, 0x0f,
  0x07, 0xca, 0x00, 0x33, 0xc2, 0x00, 0x33, 0xcc, 0x00, 0x03, 0xcd, 0x00,
  0xc3, 0x0f, 0xc4, 0x1f, 0xc4, 0x3f, 0xc4, 0x1f, 0x0f, 0xc3, 0x03, 0xc4,
  0x07, 0xc3, 0x0f, 0xc5, 0x07, 0x03, 0xc5, 0x00, 0x03, 0x07, 0x1f, 0x18,
  0x10, 0x30, 0x60, 0x3f, 0xc2, 0x7f, 0xc5, 0x00, 0x01, 0xc2, 0x03, 0x07,
  0xc2, 0x3f, 0x7f, 0xc5, 0x00, 0xc2, 0x7f, 0x3f, 0x1f, 0x0f, 0xc2, 0x07,
  0xc3, 0x03, 0x01, 0xc9, 0x00, 0x7f, 0xc2, 0x3f, 0x1f, 0x33, 0xc2, 0x00,
  0x33, 0xc2, 0x00, 0x33, 0xc9, 0x00, 0x03, 0xd2, 0x00, 0x0f, 0xca, 0x00,
  0x01, 0x03, 0x01, 0xb8, 0x00, 0xe6, 0xd1, 0x00, 0x33, 0xc2, 0x00, 0x33,
  0xc2, 0x00, 0x33, 0xc9, 0x00, 0x03, 0xcd, 0x00, 0x0f, 0xc4, 0x00, 0x1f,
  0xce, 0x00, 0xc6, 0x07, 0xc2, 0x01, 0x1f, 0xc4, 0x0f, 0x00, 0xc3, 0x3c,
  0x00, 0xc3, 0x3c, 0xc5, 0x00, 0xc3, 0x7f, 0xc5, 0x00, 0x7f, 0x1e, 0x1c,
  0xcd, 0x00, 0xc3, 0x38, 0xc5, 0x00, 0x03, 0x78, 0x30, 0xc5, 0x00, 0x03,
  0x01, 0xc6, 0x00, 0x1f, 0xc2, 0x3f, 0xc2, 0x00, 0xc3, 0x01, 0xc3, 0x0c,
  0xc2, 0x00, 0xc3, 0x1f, 0xc3, 0x03, 0x00, 0xc3, 0x0f, 0x00, 0x0f, 0x0e,
  0x0c, 0xc5, 0x00, 0xc3, 0x0f, 0xc2, 0x00, 0x33, 0xc2, 0x00, 0x33, 0xcc,
  0x00, 0x03, 0xca, 0x00, 0x7f, 0xc8, 0x00, 0x01, 0x03, 0xc4, 0x07, 0xc4,
  0x00, 0xc3, 0x0f, 0x1f, 0xc2, 0x01, 0x07, 0x00, 0xc7, 0x3c, 0xc2, 0x00,
  0x7f, 0x00, 0x1f, 0xc2, 0x00, 0x7f, 0x00, 0xc5, 0x1c, 0x1e, 0x1f, 0x00,
  0x3e, 0xc2, 0x7e, 0x3e, 0xc3, 0x00, 0x01, 0xc7, 0x38, 0x3f, 0xc7, 0x7c,
  0x00, 0x30, 0xc2, 0x31, 0xc2, 0x30, 0x38, 0x3c, 0x00, 0x0f, 0xc2, 0x07,
  0x0f, 0x00, 0x01, 0x03, 0x00, 0x38, 0x3f, 0x1f, 0x00, 0xc3, 0x3f, 0x00,
  0x01, 0x1e, 0x0e, 0x79, 0x06, 0xc2, 0x0f, 0x00, 0xc4, 0x1f, 0xc2, 0x03,
  0x7c, 0x00, 0xc5, 0x0c, 0x0e, 0x0f, 0x00, 0x3f, 0xc2, 0x7f, 0x3f, 0xc5,
  0x00, 0x1f, 0x0f, 0x78, 0x07, 0xc2, 0x0f, 0x00, 0x33, 0xc2, 0x00, 0x33,
  0xc2, 0x00, 0x33, 0xcc, 0x00, 0x03, 0xc4, 0x00, 0x07, 0xcd, 0x00, 0x3f,
  0x00, 0xc3, 0x7f, 0xc5, 0x00, 0xc2, 0x3f, 0xcc, 0x00, 0x7f, 0x3f, 0x00,
  0x33, 0xcf, 0x00, 0x01, 0xcc, 0x00, 0x01, 0x03, 0x01, 0xe0, 0x01, 0x84,
  0xc9, 0x00, 0x20, 0x40, 0x78, 0xc3, 0x77, 0x78, 0x00, 0x02, 0x01, 0x38,
  0xc3, 0x40, 0x38, 0x00, 0x0c, 0x12, 0x7d, 0x7b, 0x77, 0x6f, 0x61, 0x00,
  0x63, 0x6e, 0x4e, 0xc2, 0x2e, 0x6e, 0x61, 0x00, 0x18, 0xc2, 0x24, 0x19,
  0xc2, 0x24, 0x18, 0x00, 0x06, 0x09, 0x01, 0x1d, 0x04, 0x08, 0x0f, 0x00,
  0x31, 0x4a, 0x58, 0x68, 0x69, 0x4a, 0x33, 0x00, 0x73, 0x52, 0x56, 0x65,
  0x1a, 0x12, 0x33, 0x00, 0x03, 0xc5, 0x04, 0x03, 0x00, 0x7f, 0x00, 0x18,
  0x24, 0x3c, 0x20, 0x63, 0xc3, 0x00, 0x6e, 0x7e, 0x47, 0x29, 0x38, 0xc3,
  0x00, 0x38, 0xc4, 0x20, 0x00, 0x1c, 0xc2, 0x12, 0x1c, 0xc2, 0x14, 0x12,
  0x00, 0x20, 0x00, 0x67, 0xc3, 0x24, 0x74, 0xc3, 0x00, 0x1c, 0xc3, 0x5e,
  0x63, 0xc3, 0x00, 0x31, 0xc3, 0x29, 0x36, 0x40, 0x20, 0xc5, 0x00, 0xc2,
  0x01, 0x02, 0xc5, 0x00, 0x01, 0xc7, 0x00, 0x18, 0xc7, 0x00, 0x04, 0x00,
  0x1c, 0xc3, 0x6e, 0x6c, 0xc2, 0x00, 0x01, 0x1d, 0x29, 0x31, 0x21, 0x46,
  0x24, 0x18, 0x04, 0x30, 0xc3, 0x24, 0x27, 0xc2, 0x00, 0x20, 0x21, 0x72,
  0xc2, 0x22, 0x21, 0xc3, 0x00, 0x6d, 0x4c, 0x48, 0x4c, 0x6d, 0xc3, 0x00,
  0x18, 0x14, 0x74, 0x6b, 0x74, 0xc2, 0x00, 0x04, 0x1c, 0xc3, 0x5a, 0x63,
  0xc3, 0x00, 0x19, 0xc3, 0x09, 0x19, 0xc3, 0x00, 0x01, 0xc3, 0x02, 0x11,
  0xc3, 0x00, 0x33, 0xc3, 0x12, 0x33, 0xc3, 0x00, 0x2f, 0xc4, 0x57, 0xc4,
  0x00, 0x03, 0xc4, 0x07, 0x0f, 0xc2, 0x00, 0x63, 0xc2, 0x61, 0x21, 0x01,
  0xc3, 0x00, 0x3f, 0x7f, 0x00, 0x1f, 0x01, 0xc3, 0x00, 0xc2, 0x03, 0x01,
  0xc2, 0x0f, 0x78, 0xc2, 0x00, 0x78, 0xc2, 0x0f, 0x1f, 0xc2, 0x3f, 0xc5,
  0x00, 0x3e, 0x7f, 0x77, 0xc6, 0x00, 0xc2, 0x06, 0xc2, 0x00, 0xc4, 0x03,
  0x07, 0x06, 0xc2, 0x00, 0x27, 0x77, 0x0b, 0x08, 0x27, 0x20, 0xc2, 0x00,
  0x0c, 0x04, 0x1e, 0x33, 0x31, 0x24, 0x00, 0xc7, 0x07, 0xc2, 0x00, 0x7e,
  0xc2, 0x7f, 0xc2, 0x63, 0x7f, 0x00, 0xc3, 0x07, 0xc3, 0x78, 0x07, 0x0f,
  0xc2, 0x0e, 0x1e, 0xc2, 0x1c, 0xc4, 0x00, 0x08, 0xc2, 0x0c, 0x73, 0xc2,
  0x00, 0x7f, 0x1f, 0x01, 0xc5, 0x00, 0x38, 0x30, 0x20, 0x21, 0x43, 0x78,
  0xc2, 0x00, 0x3f, 0xc2, 0x1f, 0x0f, 0x78, 0x3c, 0xc2, 0x00, 0x67, 0x0f,
  0x1e, 0x3c, 0x78, 0xc3, 0x7f, 0x77, 0x07, 0x1e, 0x3c, 0x38, 0xc3, 0x7f,
  0xc2, 0x06, 0xc2, 0x7f, 0xc4, 0x06, 0xc2, 0x00, 0xc2, 0x1f, 0xc4, 0x00,
  0x06, 0x00, 0x06, 0x0f, 0x06, 0x07, 0xc2, 0x00, 0x20, 0xc2, 0x00, 0x53,
  0x56, 0x72, 0xc2, 0x00, 0x0c, 0x00, 0x40, 0x73, 0x5e, 0x77, 0xc2, 0x00,
  0xc3, 0x07, 0xc3, 0x78, 0x07, 0x00, 0x7f, 0xc5, 0x61, 0xc2, 0x00, 0x78,
  0xc5, 0x38, 0x07, 0x00, 0x02, 0xe0, 0x01, 0x53, 0xc8, 0x55, 0xc2, 0x15,
  0xc8, 0x11, 0xc1, 0xe1, 0xc7, 0x11, 0x1e, 0xc5, 0x11, 0xc2, 0x51, 0xc6,
  0x11, 0xc6, 0xf5, 0xc2, 0xff, 0xc8, 0x5f, 0xc8, 0xf5, 0xc7, 0x5f, 0xc1,
  0xff, 0xc3, 0x55, 0xc8, 0xf5, 0xcd, 0xff, 0x5f, 0xc7, 0xff, 0xc3, 0x55,
  0xc5, 0x5f, 0xc6, 0xf5, 0xc5, 0xff, 0xc7, 0x5f, 0xc6, 0x55, 0xc2, 0x65,
  0xc8, 0x66, 0x96, 0xc7, 0x66, 0x99, 0xc7, 0x66, 0x69, 0xc5, 0x66, 0xc2,
  0x16, 0xc6, 0x66, 0xc8, 0x11, 0xc2, 0x55, 0xc6, 0xf5, 0xc8, 0x5f, 0xcb,
  0xf5, 0xc5, 0x5f, 0xc3, 0xff, 0xc3, 0x5f, 0xc4, 0xff, 0xc5, 0x55, 0xc3,
  0xff, 0xc5, 0x55, 0x5f, 0xc2, 0xff, 0xc6, 0x55, 0xc3, 0xff, 0xc5, 0xf5,
  0xc2, 0x5f, 0xcc, 0xff, 0xc7, 0x5f, 0xc3, 0x55, 0xc2, 0xc5, 0xc8, 0xcc,
  0xc2, 0x3c, 0xc6, 0xcc, 0xc2, 0x33, 0xc6, 0xcc, 0xc2, 0xc3, 0xc4, 0xcc,
  0xc2, 0x6c, 0xc6, 0xcc, 0xc8, 0x66, 0xc8, 0xf5, 0xc7, 0xff, 0x5f, 0xc7,
  0xff, 0xc9, 0x5f, 0xc7, 0xff, 0xc1, 0xf5, 0xc2, 0x5f, 0xc6, 0xff, 0xc3,
  0x55, 0xc5, 0x5f, 0xc8, 0xf5, 0xc8, 0x5f, 0xc2, 0x45, 0xc8, 0x44, 0xc2,
  0x74, 0xc6, 0x44, 0xc2, 0x77, 0xc6, 0x44, 0xc2, 0x47, 0xc4, 0x44, 0xc2,
  0xc4, 0xc6, 0x44, 0xc8, 0xcc, 0xc6, 0x11, 0xc2, 0x51, 0xc8, 0xf5, 0xc8,
  0x5f, 0xc4, 0xff, 0xc4, 0xf5, 0xc4, 0xff, 0xc4, 0x5f, 0xc8, 0xf5, 0xc6,
  0x5f, 0xc2, 0xff, 0xc1, 0xf5, 0xc5, 0x55, 0xc3, 0xff, 0xc1, 0xf5, 0xc3,
  0x55, 0xc1, 0xf5, 0xc4, 0xff, 0xc3, 0xf5, 0xc3, 0xff, 0xc8, 0x5f, 0xc3,
  0xf5, 0xc9, 0xff, 0xc4, 0x5f, 0xc2, 0x55, 0xc6, 0x5f, 0xca, 0x44, 0xc1,
  0xf4, 0xc2, 0x44, 0xc1, 0xf4, 0xc4, 0x44, 0xc1, 0xff, 0xc2, 0x44, 0xc1,
  0xff, 0xc4, 0x44, 0x4f, 0xc2, 0x44, 0xc1, 0xff, 0xc7, 0x44, 0xc1, 0xff,
  0xc2, 0x44, 0xc8, 0x5f, 0xc8, 0xf5, 0xc8, 0x5f, 0xc8, 0xf5, 0xc5, 0xff,
  0xc7, 0x5f, 0xc3, 0xf5, 0xc5, 0xff, 0xc7, 0x5f, 0xc5, 0x55, 0xc8, 0xf5,
  0xc3, 0x5f, 0xc5, 0xff, 0xc4, 0x55, 0xc4, 0x5f, 0xc1, 0xf4, 0xc2, 0x44,
  0xc1, 0xf4, 0xc2, 0x44, 0xc1, 0xf4, 0x44, 0xc1, 0xff, 0xc2, 0x44, 0xc1,
  0xff, 0xc2, 0x44, 0xc1, 0xff, 0x44, 0x4f, 0xc2, 0x44, 0xc1, 0xff, 0xc2,
  0x44, 0xc1, 0xff, 0xc4, 0x44, 0xc1, 0xff, 0xc2, 0x44, 0xc1, 0xff, 0xc4,
  0x44, 0x4f, 0xc2, 0x44, 0xc1, 0xff, 0x44, 0xc6, 0x66, 0xc2, 0x56, 0x01,
  0xb8, 0x01, 0x26, 0xc8, 0x55, 0xc9, 0x44, 0xc1, 0xf4, 0xc2, 0x44, 0xc1,
  0xf4, 0xc2, 0x44, 0xc1, 0xf4, 0x44, 0xc1, 0xff, 0xc2, 0x44, 0xc1, 0xff,
  0xc2, 0x44, 0xc1, 0xff, 0x44, 0x4f, 0xc2, 0x44, 0xc1, 0xff, 0xc2, 0x44,
  0xc1, 0xff, 0xc4, 0x44, 0xc1, 0xff, 0xc2, 0x44, 0x4f, 0xc4, 0x44, 0x4f,
  0xc3, 0x44, 0xc8, 0xcc, 0xc3, 0xff, 0xc8, 0x5f, 0xc5, 0xf5, 0x55, 0xc3,
  0xf5, 0x55, 0xc3, 0xf5, 0xc5, 0x55, 0xc3, 0xf5, 0xc5, 0x55, 0xc3, 0x5f,
  0xc5, 0x55, 0xc3, 0xff, 0xc5, 0x55, 0xc3, 0x5f, 0xc5, 0x55, 0xc1, 0xf5,
  0xc2, 0x5f, 0xc5, 0x55, 0xc2, 0x5f, 0xc1, 0xff, 0xc5, 0x55, 0xc3, 0xf5,
  0xc2, 0x55, 0xc3, 0xf5, 0xc3, 0x5f, 0xc2, 0x55, 0xc6, 0x5f, 0x55, 0xc3,
  0x5f, 0x55, 0xc3, 0x5f, 0xc5, 0x55, 0xc3, 0x5f, 0xc2, 0x44, 0xc1, 0xf4,
  0xc2, 0x44, 0xc1, 0xf4, 0xc4, 0x44, 0xc1, 0xff, 0xc2, 0x44, 0xc1, 0xff,
  0xc4, 0x44, 0x4f, 0xc2, 0x44, 0xc1, 0xff, 0xc7, 0x44, 0x4f, 0xc2, 0x44,
  0xc6, 0xcc, 0xc2, 0x5c, 0xc4, 0x5f, 0xc3, 0xff, 0x55, 0xc4, 0xf5, 0xc3,
  0x5f, 0x55, 0xc7, 0xf5, 0xc2, 0x55, 0xc1, 0xf5, 0xc1, 0xff, 0x5f, 0xc2,
  0xff, 0xc1, 0xf5, 0x55, 0xc7, 0x5f, 0x55, 0xc4, 0x5f, 0xc3, 0xff, 0xc1,
  0xf5, 0xcf, 0x5f, 0x55, 0xc7, 0x5f, 0x55, 0xc4, 0xf5, 0xc1, 0xff, 0xc2,
  0x5f, 0x55, 0xc3, 0xf5, 0x55, 0xc3, 0xf5, 0x55, 0xc1, 0xf5, 0xc2, 0x5f,
  0xc1, 0xf5, 0xc3, 0x5f, 0x55, 0xc6, 0x5f, 0xc1, 0xf5, 0x55, 0xc7, 0x5f,
  0x55, 0xc4, 0x5f, 0xc3, 0xff, 0xc2, 0x55, 0xc2, 0x5f, 0xc1, 0xf5, 0xc3,
  0x5f, 0x55, 0xc1, 0xf4, 0xc2, 0x44, 0xc1, 0xf4, 0xc2, 0x44, 0xc1, 0xf4,
  0x44, 0xc1, 0xff, 0xc2, 0x44, 0xc1, 0xff, 0xc2, 0x44, 0xc1, 0xff, 0x44,
  0xc1, 0xff, 0xc2, 0x44, 0x4f, 0xc2, 0x44, 0xc1, 0xff, 0x44, 0x4f, 0xc5,
  0x44, 0xc1, 0xff, 0xc7, 0x44, 0x4f, 0x44, 0xc3, 0xf5, 0xc5, 0x55, 0xc2,
  0x5f, 0xc6, 0x55, 0xc6, 0x44, 0xc2, 0x45, 0x44, 0xc1, 0xf4, 0xc7, 0x44,
  0xc1, 0xff, 0xc7, 0x44, 0x4f, 0xcc, 0x44, 0xc2, 0x54, 0x01, 0xe0, 0x01,
  0x33, 0xc9, 0x55, 0xc2, 0xf5, 0xc5, 0x5f, 0x55, 0xc7, 0xf5, 0x55, 0xc2,
  0xf5, 0xc5, 0x5f, 0x55, 0xc1, 0xf5, 0xc5, 0x5f, 0xc1, 0xf5, 0x55, 0xc7,
  0xf5, 0x55, 0xc3, 0xf5, 0x5f, 0xc3, 0xf5, 0x55, 0xc7, 0xf5, 0x55, 0x5f,
  0xc2, 0xf5, 0x5f, 0xc2, 0xf5, 0x5f, 0x55, 0xc7, 0xf5, 0x55, 0x5f, 0x55,
  0xc4, 0xf5, 0x5f, 0xc3, 0x55, 0xc1, 0xf5, 0x5f, 0xc2, 0xf5, 0x5f, 0xc3,
  0x55, 0xc5, 0xf5, 0x55, 0xc7, 0xf5, 0x55, 0xc1, 0xf5, 0x55, 0xc5, 0xf5,
  0xc3, 0x55, 0xc1, 0xf5, 0xc4, 0x5f, 0xc3, 0x55, 0x5f, 0xc3, 0xf5, 0x5f,
  0xc2, 0xf5, 0xc5, 0x55, 0xc3, 0xf5, 0xc5, 0x55, 0xc1, 0xf5, 0xc7, 0x55,
  0xc1, 0xf5, 0xc7, 0x55, 0xc1, 0xf5, 0x55, 0xc5, 0x5f, 0xc2, 0x55, 0xc5,
  0xf5, 0x5f, 0xc3, 0xf5, 0x5f, 0xc4, 0xf5, 0xc2, 0x55, 0xc6, 0xf5, 0xc3,
  0x55, 0x5f, 0xc3, 0xf5, 0x5f, 0xc3, 0x55, 0x5f, 0xc2, 0xf5, 0x5f, 0xc1,
  0xf5, 0xc2, 0x55, 0xc2, 0xf5, 0xc4, 0x5f, 0xc3, 0x55, 0x5f, 0xc3, 0xf5,
  0x5f, 0xc3, 0x55, 0xc5, 0xf5, 0xc3, 0x55, 0x5f, 0xc3, 0xf5, 0x5f, 0xc3,
  0x55, 0xc5, 0x5f, 0xc2, 0x55, 0xc2, 0x11, 0xc6, 0xf1, 0xc2, 0x11, 0xc5,
  0x1f, 0xc1, 0xff, 0xc2, 0x11, 0xc2, 0xf1, 0xc1, 0xff, 0xc2, 0x1f, 0xc1,
  0xff, 0xc2, 0x11, 0xc3, 0x1f, 0xc2, 0xf1, 0x1f, 0xc2, 0x11, 0xc1, 0xf1,
  0xc5, 0x1f, 0xc5, 0x55, 0xc3, 0x15, 0xc6, 0x55, 0xc2, 0x15, 0xc2, 0x11,
  0xc6, 0xf1, 0xc2, 0x11, 0xc2, 0xf1, 0xc4, 0x1f, 0xc2, 0x11, 0xc2, 0x1f,
  0xc1, 0xf1, 0xc3, 0x1f, 0x11, 0xc7, 0xf1, 0x11, 0xc1, 0xff, 0xc6, 0x1f,
  0x11, 0xc3, 0x1f, 0xc3, 0xf1, 0x1f, 0xc6, 0xf1, 0xc2, 0x11, 0xc2, 0xff,
  0xc3, 0x1f, 0xc1, 0xf1, 0xc2, 0x11, 0xc3, 0xf1, 0xc3, 0xff, 0xc2, 0x11,
  0xc5, 0x1f, 0xc1, 0xf1, 0xc2, 0x11, 0xc4, 0x1f, 0xc2, 0xf1, 0xc2, 0x11,
  0xd8, 0x15, 0xc2, 0x55, 0xc2, 0x51, 0xc4, 0x55, 0xc1, 0xf1, 0x11, 0xc4,
  0xf1, 0xc2, 0x11, 0x1f, 0xc2, 0x11, 0xc3, 0xf1, 0xc2, 0x11, 0x1f, 0x11,
  0xc4, 0xf1, 0xc2, 0x11, 0xc3, 0xf1, 0xc3, 0x1f, 0xc1, 0xf1, 0x11, 0xc6,
  0x1f, 0xc1, 0xff, 0x11, 0xc6, 0xf1, 0x1f, 0x11, 0x01, 0x00, 0x00, 0x8b,
  0xff, 0x00, 0xdb, 0x00, 0x01, 0x02, 0x03, 0x04, 0xc5, 0x00, 0x05, 0x06,
  0x07, 0x08, 0x09, 0x0a, 0xc3, 0x0b, 0x0c, 0x0d, 0x0e, 0x0f, 0x10, 0xc7,
  0x00, 0x11, 0x12, 0x13, 0x14, 0x15, 0x16, 0xc4, 0x00, 0x17, 0x0b, 0x18,
  0x19, 0x0b, 0x1a, 0x1b, 0x1c, 0x1d, 0x1e, 0x1f, 0x20, 0x21, 0x22, 0xc6,
  0x00, 0x23, 0x24, 0xc2, 0x25, 0x26, 0x27, 0x28, 0x16, 0xc4, 0x00, 0x29,
  0x2a, 0xc2, 0x0b, 0x2b, 0x2c, 0x2d, 0x0b, 0x2e, 0x2f, 0x30, 0x0b, 0x31,
  0xc5, 0x00, 0x32, 0x33, 0xc3, 0x34, 0x35, 0x36, 0x37, 0x28, 0x38, 0xc4,
  0x00, 0x39, 0x3a, 0x3b, 0x3c, 0x3d, 0x3e, 0x3f, 0x40, 0x41, 0x42, 0x43,
  0x44, 0x0c, 0x45, 0xc4, 0x00, 0x46, 0x47, 0xc2, 0x48, 0x49, 0x4a, 0x46,
  0x37, 0x28, 0xc5, 0x00, 0x05, 0x4b, 0x4c, 0x4d, 0x4e, 0xc3, 0x0b, 0x4f,
  0x50, 0x51, 0x52, 0x53, 0x54, 0x55, 0xc3, 0x00, 0x46, 0x56, 0x57, 0x58,
  0x59, 0x5a, 0x46, 0x37, 0x5b, 0xc3, 0x00, 0x01, 0x00, 0x00, 0x53, 0xd4,
  0x00, 0x01, 0x02, 0x03, 0x04, 0x05, 0x06, 0x01, 0x07, 0xc6, 0x00, 0x08,
  0x09, 0x0a, 0x0b, 0x0c, 0x0d, 0x0e, 0x0d, 0x0f, 0x10, 0x11, 0x12, 0x13,
  0x14, 0x0d, 0x11, 0x15, 0x00, 0x01, 0x16, 0xc2, 0x17, 0x18, 0x19, 0x01,
  0x1a, 0xc6, 0x00, 0x1b, 0x1c, 0x1d, 0x1e, 0x1f, 0x20, 0x21, 0x22, 0x23,
  0x24, 0x25, 0x26, 0x27, 0x28, 0x29, 0x25, 0x2a, 0x00, 0x01, 0x2b, 0x2c,
  0x2d, 0x2e, 0x2f, 0x01, 0xcc, 0x00, 0x30, 0x31, 0xcb, 0x00, 0x32, 0x33,
  0xc3, 0x34, 0x35, 0x36, 0xff, 0x00, 0xff, 0x00, 0xc7, 0x00, 0x01, 0x00,
  0x00, 0x6a, 0xe1, 0x00, 0x01, 0x02, 0x03, 0x04, 0x05, 0x06, 0x07, 0x08,
  0x09, 0x0a, 0x0b, 0x0c, 0x0d, 0x0e, 0x0f, 0x10, 0xd0, 0x00, 0x11, 0x12,
  0x00, 0x13, 0xc2, 0x00, 0x14, 0xd9, 0x00, 0x15, 0x16, 0x17, 0x18, 0x19,
  0x1a, 0x1b, 0x1c, 0x1d, 0x1e, 0x1f, 0xf5, 0x00, 0x20, 0x21, 0x22, 0x23,
  0x24, 0xc2, 0x00, 0x20, 0x21, 0x22, 0x23, 0x24, 0x25, 0xc2, 0x00, 0x20,
  0x21, 0x22, 0x23, 0x24, 0x25, 0x26, 0xc2, 0x00, 0x27, 0x28, 0x29, 0x2a,
  0x2b, 0x2c, 0xc2, 0x00, 0x2d, 0x2e, 0x2f, 0x30, 0x31, 0xc2, 0x00, 0x2d,
  0x2e, 0x2f, 0x30, 0x31, 0x32, 0xc2, 0x00, 0x2d, 0x2e, 0x2f, 0x30, 0x31,
  0x33, 0x34, 0x35, 0x00, 0x36, 0x37, 0x38, 0x39, 0x3a, 0x3b, 0xe1, 0x00,
  0x00, 0x48, 0x00, 0x14, 0x00, 0xc7, 0x7f, 0xc9, 0x00, 0xc7, 0x01, 0xc8,
  0x7f, 0xc8, 0x00, 0xc8, 0x01, 0xc7, 0x7f, 0xc9, 0x00, 0xc7, 0x01, 0x00,
  0x00, 0x48, 0x00, 0x14, 0x00, 0xc7, 0x7f, 0xc9, 0x00, 0xc7, 0x01, 0xc8,
  0x7f, 0xc8, 0x00, 0xc8, 0x01, 0xc7, 0x7f, 0xc9, 0x00, 0xc7, 0x01, 0x00,
  0x00, 0x48, 0x00, 0x14, 0x00, 0xc7, 0x7f, 0xc9, 0x00, 0xc7, 0x01, 0xc8,
  0x7f, 0xc8, 0x00, 0xc8, 0x01, 0xc7, 0x7f, 0xc9, 0x00, 0xc7, 0x01, 0x00,
  0x00, 0x48, 0x00, 0x1e, 0xc1, 0xff, 0xc7, 0x1f, 0xc1, 0xff, 0xc7, 0x11,
  0xc1, 0xff, 0xc7, 0xf1, 0xc8, 0x1f, 0xc8, 0x11, 0xc8, 0xf1, 0xc7, 0x1f,
  0xc1, 0xff, 0xc7, 0x11, 0xc1, 0xff, 0xc7, 0xf1, 0xc1, 0xff, 0x00, 0x48,
  0x00, 0x1e, 0xc1, 0xff, 0xc7, 0x1f, 0xc1, 0xff, 0xc7, 0x11, 0xc1, 0xff,
  0xc7, 0xf1, 0xc8, 0x1f, 0xc8, 0x11, 0xc8, 0xf1, 0xc7, 0x1f, 0xc1, 0xff,
  0xc7, 0x11, 0xc1, 0xff, 0xc7, 0xf1, 0xc1, 0xff, 0x00, 0x48, 0x00, 0x1e,
  0xc1, 0xff, 0xc7, 0x1f, 0xc1, 0xff, 0xc7, 0x11, 0xc1, 0xff, 0xc7, 0xf1,
  0xc8, 0x1f, 0xc8, 0x11, 0xc8, 0xf1, 0xc7, 0x1f, 0xc1, 0xff, 0xc7, 0x11,
  0xc1, 0xff, 0xc7, 0xf1, 0xc1, 0xff, 0x01, 0x00, 0x01, 0x00, 0x00, 0xc2,
  0x01, 0x02, 0x00, 0xc2, 0x01, 0x02, 0x00, 0xc2, 0x01, 0x02, 0x00, 0xc2,
  0x01, 0x02, 0x00, 0xc2, 0x01, 0x02, 0x00, 0xc2, 0x01, 0x02, 0x00, 0xc2,
  0x01, 0x02, 0x00, 0xc2, 0x01, 0x02, 0x03, 0xc2, 0x04, 0x05, 0x03, 0xc2,
  0x04, 0x05, 0x03, 0xc2, 0x04, 0x05, 0x03, 0xc2, 0x04, 0x05, 0x03, 0xc2,
  0x04, 0x05, 0x03, 0xc2, 0x04, 0x05, 0x03, 0xc2, 0x04, 0x05, 0x03, 0xc2,
  0x04, 0x05, 0x03, 0xc2, 0x04, 0x05, 0x03, 0xc2, 0x04, 0x05, 0x03, 0xc2,
  0x04, 0x05, 0x03, 0xc2, 0x04, 0x05, 0x03, 0xc2, 0x04, 0x05, 0x03, 0xc2,
  0x04, 0x05, 0x03, 0xc2, 0x04, 0x05, 0x03, 0xc2, 0x04, 0x05, 0x06, 0xc2,
  0x07, 0x08, 0x06, 0xc2, 0x07, 0x08, 0x06, 0xc2, 0x07, 0x08, 0x06, 0xc2,
  0x07, 0x08, 0x06, 0xc2, 0x07, 0x08, 0x06, 0xc2, 0x07, 0x08, 0x06, 0xc2,
  0x07, 0x08, 0x06, 0xc2, 0x07, 0x08, 0x00, 0xc2, 0x01, 0x02, 0x00, 0xc2,
  0x01, 0x02, 0x00, 0xc2, 0x01, 0x02, 0x00, 0xc2, 0x01, 0x02, 0x00, 0xc2,
  0x01, 0x02, 0x00, 0xc2, 0x01, 0x02, 0x00, 0xc2, 0x01, 0x02, 0x00, 0xc2,
  0x01, 0x02, 0x03, 0xc2, 0x04, 0x05, 0x03, 0xc2, 0x04, 0x05, 0x03, 0xc2,
  0x04, 0x05, 0x03, 0xc2, 0x04, 0x05, 0x03, 0xc2, 0x04, 0x05, 0x03, 0xc2,
  0x04, 0x05, 0x03, 0xc2, 0x04, 0x05, 0x03, 0xc2, 0x04, 0x05, 0x03, 0xc2,
  0x04, 0x05, 0x03, 0xc2, 0x04, 0x05, 0x03, 0xc2, 0x04, 0x05, 0x03, 0xc2,
  0x04, 0x05, 0x03, 0xc2, 0x04, 0x05, 0x03, 0xc2, 0x04, 0x05, 0x03, 0xc2,
  0x04, 0x05, 0x03, 0xc2, 0x04, 0x05, 0x06, 0xc2, 0x07, 0x08, 0x06, 0xc2,
  0x07, 0x08, 0x06, 0xc2, 0x07, 0x08, 0x06, 0xc2, 0x07, 0x08, 0x06, 0xc2,
  0x07, 0x08, 0x06, 0xc2, 0x07, 0x08, 0x06, 0xc2, 0x07, 0x08, 0x06, 0xc2,
  0x07, 0x08, 0x01, 0x00, 0x01, 0x00, 0x00, 0xc2, 0x01, 0x02, 0x00, 0xc2,
  0x01, 0x02, 0x00, 0xc2, 0x01, 0x02, 0x00, 0xc2, 0x01, 0x02, 0x00, 0xc2,
  0x01, 0x02, 0x00, 0xc2, 0x01, 0x02, 0x00, 0xc2, 0x01, 0x02, 0x00, 0xc2,
  0x01, 0x02, 0x03, 0xc2, 0x04, 0x05, 0x03, 0xc2, 0x04, 0x05, 0x03, 0xc2,
  0x04, 0x05, 0x03, 0xc2, 0x04, 0x05, 0x03, 0xc2, 0x04, 0x05, 0x03, 0xc2,
  0x04, 0x05, 0x03, 0xc2, 0x04, 0x05, 0x03, 0xc2, 0x04, 0x05, 0x03, 0xc2,
  0x04, 0x05, 0x03, 0xc2, 0x04, 0x05, 0x03, 0xc2, 0x04, 0x05, 0x03, 0xc2,
  0x04, 0x05, 0x03, 0xc2, 0x04, 0x05, 0x03, 0xc2, 0x04, 0x05, 0x03, 0xc2,
  0x04, 0x05, 0x03, 0xc2, 0x04, 0x05, 0x06, 0xc2, 0x07, 0x08, 0x06, 0xc2,
  0x07, 0x08, 0x06, 0xc2, 0x07, 0x08, 0x06, 0xc2, 0x07, 0x08, 0x06, 0xc2,
  0x07, 0x08, 0x06, 0xc2, 0x07, 0x08, 0x06, 0xc2, 0x07, 0x08, 0x06, 0xc2,
  0x07, 0x08, 0x00, 0xc2, 0x01, 0x02, 0x00, 0xc2, 0x01, 0x02, 0x00, 0xc2,
  0x01, 0x02, 0x00, 0xc2, 0x01, 0x02, 0x00, 0xc2, 0x01, 0x02, 0x00, 0xc2,
  0x01, 0x02, 0x00, 0xc2, 0x01, 0x02, 0x00, 0xc2, 0x01, 0x02, 0x03, 0xc2,
  0x04, 0x05, 0x03, 0xc2, 0x04, 0x05, 0x03, 0xc2, 0x04, 0x05, 0x03, 0xc2,
  0x04, 0x05, 0x03, 0xc2, 0x04, 0x05, 0x03, 0xc2, 0x04, 0x05, 0x03, 0xc2,
  0x04, 0x05, 0x03, 0xc2, 0x04, 0x05, 0x03, 0xc2, 0x04, 0x05, 0x03, 0xc2,
  0x04, 0x05, 0x03, 0xc2, 0x04, 0x05, 0x03, 0xc2, 0x04, 0x05, 0x03, 0xc2,
  0x04, 0x05, 0x03, 0xc2, 0x04, 0x05, 0x03, 0xc2, 0x04, 0x05, 0x03, 0xc2,
  0x04, 0x05, 0x06, 0xc2, 0x07, 0x08, 0x06, 0xc2, 0x07, 0x08, 0x06, 0xc2,
  0x07, 0x08, 0x06, 0xc2, 0x07, 0x08, 0x06, 0xc2, 0x07, 0x08, 0x06, 0xc2,
  0x07, 0x08, 0x06, 0xc2, 0x07, 0x08, 0x06, 0xc2, 0x07, 0x08, 0x01, 0x00,
  0x01, 0x00, 0x00, 0xc2, 0x01, 0x02, 0x00, 0xc2, 0x01, 0x02, 0x00, 0xc2,
  0x01, 0x02, 0x00, 0xc2, 0x01, 0x02, 0x00, 0xc2, 0x01, 0x02, 0x00, 0xc2,
  0x01, 0x02, 0x00, 0xc2, 0x01, 0x02, 0x00, 0xc2, 0x01, 0x02, 0x03, 0xc2,
  0x04, 0x05, 0x03, 0xc2, 0x04, 0x05, 0x03, 0xc2, 0x04, 0x05, 0x03, 0xc2,
  0x04, 0x05, 0x03, 0xc2, 0x04, 0x05, 0x03, 0xc2, 0x04, 0x05, 0x03, 0xc2,
  0x04, 0x05, 0x03, 0xc2, 0x04, 0x05, 0x03, 0xc2, 0x04, 0x05, 0x03, 0xc2,
  0x04, 0x05, 0x03, 0xc2, 0x04, 0x05, 0x03, 0xc2, 0x04, 0x05, 0x03, 0xc2,
  0x04, 0x05, 0x03, 0xc2, 0x04, 0x05, 0x03, 0xc2, 0x04, 0x05, 0x03, 0xc2,
  0x04, 0x05, 0x06, 0xc2, 0x07, 0x08, 0x06, 0xc2, 0x07, 0x08, 0x06, 0xc2,
  0x07, 0x08, 0x06, 0xc2, 0x07, 0x08, 0x06, 0xc2, 0x07, 0x08, 0x06, 0xc2,
  0x07, 0x08, 0x06, 0xc2, 0x07, 0x08, 0x06, 0xc2, 0x07, 0x08, 0x00, 0xc2,
  0x01, 0x02, 0x00, 0xc2, 0x01, 0x02, 0x00, 0xc2, 0x01, 0x02, 0x00, 0xc2,
  0x01, 0x02, 0x00, 0xc2, 0x01, 0x02, 0x00, 0xc2, 0x01, 0x02, 0x00, 0xc2,
  0x01, 0x02, 0x00, 0xc2, 0x01, 0x02, 0x03, 0xc2, 0x04, 0x05, 0x03, 0xc2,
  0x04, 0x05, 0x03, 0xc2, 0x04, 0x05, 0x03, 0xc2, 0x04, 0x05, 0x03, 0xc2,
  0x04, 0x05, 0x03, 0xc2, 0x04, 0x05, 0x03, 0xc2, 0x04, 0x05, 0x03, 0xc2,
  0x04, 0x05, 0x03, 0xc2, 0x04, 0x05, 0x03, 0xc2, 0x04, 0x05, 0x03, 0xc2,
  0x04, 0x05, 0x03, 0xc2, 0x04, 0x05, 0x03, 0xc2, 0x04, 0x05, 0x03, 0xc2,
  0x04, 0x05, 0x03, 0xc2, 0x04, 0x05, 0x03, 0xc2, 0x04, 0x05, 0x06, 0xc2,
  0x07, 0x08, 0x06, 0xc2, 0x07, 0x08, 0x06, 0xc2, 0x07, 0x08, 0x06, 0xc2,
  0x07, 0x08, 0x06, 0xc2, 0x07, 0x08, 0x06, 0xc2, 0x07, 0x08, 0x06, 0xc2,
  0x07, 0x08, 0x06, 0xc2, 0x07, 0x08, 0x00, 0x48, 0x00, 0x14, 0x00, 0xc7,
  0x7f, 0xc9, 0x00, 0xc7, 0x01, 0xc8, 0x7f, 0xc8, 0x00, 0xc8, 0x01, 0xc7,
  0x7f, 0xc9, 0x00, 0xc7, 0x01, 0x00, 0x00, 0x48, 0x00, 0x14, 0x00, 0xc7,
  0x7f, 0xc9, 0x00, 0xc7, 0x01, 0xc8, 0x7f, 0xc8, 0x00, 0xc8, 0x01, 0xc7,
  0x7f, 0xc9, 0x00, 0xc7, 0x01, 0x00, 0x00, 0x48, 0x00, 0x14, 0x00, 0xc7,
  0x7f, 0xc9, 0x00, 0xc7, 0x01, 0xc8, 0x7f, 0xc8, 0x00, 0xc8, 0x01, 0xc7,
  0x7f, 0xc9, 0x00, 0xc7, 0x01, 0x00, 0x00, 0x48, 0x00, 0x18, 0x11, 0xc7,
  0xf1, 0x11, 0xc7, 0xff, 0x11, 0xc7, 0x1f, 0xc8, 0xf1, 0xc8, 0xff, 0xc8,
  0x1f, 0xc7, 0xf1, 0x11, 0xc7, 0xff, 0x11, 0xc7, 0x1f, 0x11, 0x00, 0x48,
  0x00, 0x18, 0x11, 0xc7, 0xf1, 0x11, 0xc7, 0xff, 0x11, 0xc7, 0x1f, 0xc8,
  0xf1, 0xc8, 0xff, 0xc8, 0x1f, 0xc7, 0xf1, 0x11, 0xc7, 0xff, 0x11, 0xc7,
  0x1f, 0x11, 0x00, 0x48, 0x00, 0x18, 0x11, 0xc7, 0xf1, 0x11, 0xc7, 0xff,
  0x11, 0xc7, 0x1f, 0xc8, 0xf1, 0xc8, 0xff, 0xc8, 0x1f, 0xc7, 0xf1, 0x11,
  0xc7, 0xff, 0x11, 0xc7, 0x1f, 0x11, 0x01, 0x00, 0x01, 0x00, 0x00, 0xc2,
  0x01, 0x02, 0x00, 0xc2, 0x01, 0x02, 0x00, 0xc2, 0x01, 0x02, 0x00, 0xc2,
  0x01, 0x02, 0x00, 0xc2, 0x01, 0x02, 0x00, 0xc2, 0x01, 0x02, 0x00, 0xc2,
  0x01, 0x02, 0x00, 0xc2, 0x01, 0x02, 0x03, 0xc2, 0x04, 0x05, 0x03, 0xc2,
  0x04, 0x05, 0x03, 0xc2, 0x04, 0x05, 0x03, 0xc2, 0x04, 0x05, 0x03, 0xc2,
  0x04, 0x05, 0x03, 0xc2, 0x04, 0x05, 0x03, 0xc2, 0x04, 0x05, 0x03, 0xc2,
  0x04, 0x05, 0x03, 0xc2, 0x04, 0x05, 0x03, 0xc2, 0x04, 0x05, 0x03, 0xc2,
  0x04, 0x05, 0x03, 0xc2, 0x04, 0x05, 0x03, 0xc2, 0x04, 0x05, 0x03, 0xc2,
  0x04, 0x05, 0x03, 0xc2, 0x04, 0x05, 0x03, 0xc2, 0x04, 0x05, 0x06, 0xc2,
  0x07, 0x08, 0x06, 0xc2, 0x07, 0x08, 0x06, 0xc2, 0x07, 0x08, 0x06, 0xc2,
  0x07, 0x08, 0x06, 0xc2, 0x07, 0x08, 0x06, 0xc2, 0x07, 0x08, 0x06, 0xc2,
  0x07, 0x08, 0x06, 0xc2, 0x07, 0x08, 0x00, 0xc2, 0x01, 0x02, 0x00, 0xc2,
  0x01, 0x02, 0x00, 0xc2, 0x01, 0x02, 0x00, 0xc2, 0x01, 0x02, 0x00, 0xc2,
  0x01, 0x02, 0x00, 0xc2, 0x01, 0x02, 0x00, 0xc2, 0x01, 0x02, 0x00, 0xc2,
  0x01, 0x02, 0x03, 0xc2, 0x04, 0x05, 0x03, 0xc2, 0x04, 0x05, 0x03, 0xc2,
  0x04, 0x05, 0x03, 0xc2, 0x04, 0x05, 0x03, 0xc2, 0x04, 0x05, 0x03, 0xc2,
  0x04, 0x05, 0x03, 0xc2, 0x04, 0x05, 0x03, 0xc2, 0x04, 0x05, 0x03, 0xc2,
  0x04, 0x05, 0x03, 0xc2, 0x04, 0x05, 0x03, 0xc2, 0x04, 0x05, 0x03, 0xc2,
  0x04, 0x05, 0x03, 0xc2, 0x04, 0x05, 0x03, 0xc2, 0x04, 0x05, 0x03, 0xc2,
  0x04, 0x05, 0x03, 0xc2, 0x04, 0x05, 0x06, 0xc2, 0x07, 0x08, 0x06, 0xc2,
  0x07, 0x08, 0x06, 0xc2, 0x07, 0x08, 0x06, 0xc2, 0x07, 0x08, 0x06, 0xc2,
  0x07, 0x08, 0x06, 0xc2, 0x07, 0x08, 0x06, 0xc2, 0x07, 0x08, 0x06, 0xc2,
  0x07, 0x08, 0x01, 0x00, 0x01, 0x00, 0x00, 0xc2, 0x01, 0x02, 0x00, 0xc2,
  0x01, 0x02, 0x00, 0xc2, 0x01, 0x02, 0x00, 0xc2, 0x01, 0x02, 0x00, 0xc2,
  0x01, 0x02, 0x00, 0xc2, 0x01, 0x02, 0x00, 0xc2, 0x01, 0x02, 0x00, 0xc2,
  0x01, 0x02, 0x03, 0xc2, 0x04, 0x05, 0x03, 0xc2, 0x04, 0x05, 0x03, 0xc2,
  0x04, 0x05, 0x03, 0xc2, 0x04, 0x05, 0x03, 0xc2, 0x04, 0x05, 0x03, 0xc2,
  0x04, 0x05, 0x03, 0xc2, 0x04, 0x05, 0x03, 0xc2, 0x04, 0x05, 0x03, 0xc2,
  0x04, 0x05, 0x03, 0xc2, 0x04, 0x05, 0x03, 0xc2, 0x04, 0x05, 0x03, 0xc2,
  0x04, 0x05, 0x03, 0xc2, 0x04, 0x05, 0x03, 0xc2, 0x04, 0x05, 0x03, 0xc2,
  0x04, 0x05, 0x03, 0xc2, 0x04, 0x05, 0x06, 0xc2, 0x07, 0x08, 0x06, 0xc2,
  0x07, 0x08, 0x06, 0xc2, 0x07, 0x08, 0x06, 0xc2, 0x07, 0x08, 0x06, 0xc2,
  0x07, 0x08, 0x06, 0xc2, 0x07, 0x08, 0x06, 0xc2, 0x07, 0x08, 0x06, 0xc2,
  0x07, 0x08, 0x00, 0xc2, 0x01, 0x02, 0x00, 0xc2, 0x01, 0x02, 0x00, 0xc2,
  0x01, 0x02, 0x00, 0xc2, 0x01, 0x02, 0x00, 0xc2, 0x01, 0x02, 0x00, 0xc2,
  0x01, 0x02, 0x00, 0xc2, 0x01, 0x02, 0x00, 0xc2, 0x01, 0x02, 0x03, 0xc2,
  0x04, 0x05, 0x03, 0xc2, 0x04, 0x05, 0x03, 0xc2, 0x04, 0x05, 0x03, 0xc2,
  0x04, 0x05, 0x03, 0xc2, 0x04, 0x05, 0x03, 0xc2, 0x04, 0x05, 0x03, 0xc2,
  0x04, 0x05, 0x03, 0xc2, 0x04, 0x05, 0x03, 0xc2, 0x04, 0x05, 0x03, 0xc2,
  0x04, 0x05, 0x03, 0xc2, 0x04, 0x05, 0x03, 0xc2, 0x04, 0x05, 0x03, 0xc2,
  0x04, 0x05, 0x03, 0xc2, 0x04, 0x05, 0x03, 0xc2, 0x04, 0x05, 0x03, 0xc2,
  0x04, 0x05, 0x06, 0xc2, 0x07, 0x08, 0x06, 0xc2, 0x07, 0x08, 0x06, 0xc2,
  0x07, 0x08, 0x06, 0xc2, 0x07, 0x08, 0x06, 0xc2, 0x07, 0x08, 0x06, 0xc2,
  0x07, 0x08, 0x06, 0xc2, 0x07, 0x08, 0x06, 0xc2, 0x07, 0x08, 0x01, 0x00,
  0x01, 0x00, 0x00, 0xc2, 0x01, 0x02, 0x00, 0xc2, 0x01, 0x02, 0x00, 0xc2,
  0x01, 0x02, 0x00, 0xc2, 0x01, 0x02, 0x00, 0xc2, 0x01, 0x02, 0x00, 0xc2,
  0x01, 0x02, 0x00, 0xc2, 0x01, 0x02, 0x00, 0xc2, 0x01, 0x02, 0x03, 0xc2,
  0x04, 0x05, 0x03, 0xc2, 0x04, 0x05, 0x03, 0xc2, 0x04, 0x05, 0x03, 0xc2,
  0x04, 0x05, 0x03, 0xc2, 0x04, 0x05, 0x03, 0xc2, 0x04, 0x05, 0x03, 0xc2,
  0x04, 0x05, 0x03, 0xc2, 0x04, 0x05, 0x03, 0xc2, 0x04, 0x05, 0x03, 0xc2,
  0x04, 0x05, 0x03, 0xc2, 0x04, 0x05, 0x03, 0xc2, 0x04, 0x05, 0x03, 0xc2,
  0x04, 0x05, 0x03, 0xc2, 0x04, 0x05, 0x03, 0xc2, 0x04, 0x05, 0x03, 0xc2,
  0x04, 0x05, 0x06, 0xc2, 0x07, 0x08, 0x06, 0xc2, 0x07, 0x08, 0x06, 0xc2,
  0x07, 0x08, 0x06, 0xc2, 0x07, 0x08, 0x06, 0xc2, 0x07, 0x08, 0x06, 0xc2,
  0x07, 0x08, 0x06, 0xc2, 0x07, 0x08, 0x06, 0xc2, 0x07, 0x08, 0x00, 0xc2,
  0x01, 0x02, 0x00, 0xc2, 0x01, 0x02, 0x00, 0xc2, 0x01, 0x02, 0x00, 0xc2,
  0x01, 0x02, 0x00, 0xc2, 0x01, 0x02, 0x00, 0xc2, 0x01, 0x02, 0x00, 0xc2,
  0x01, 0x02, 0x00, 0xc2, 0x01, 0x02, 0x03, 0xc2, 0x04, 0x05, 0x03, 0xc2,
  0x04, 0x05, 0x03, 0xc2, 0x04, 0x05, 0x03, 0xc2, 0x04, 0x05, 0x03, 0xc2,
  0x04, 0x05, 0x03, 0xc2, 0x04, 0x05, 0x03, 0xc2, 0x04, 0x05, 0x03, 0xc2,
  0x04, 0x05, 0x03, 0xc2, 0x04, 0x05, 0x03, 0xc2, 0x04, 0x05, 0x03, 0xc2,
  0x04, 0x05, 0x03, 0xc2, 0x04, 0x05, 0x03, 0xc2, 0x04, 0x05, 0x03, 0xc2,
  0x04, 0x05, 0x03, 0xc2, 0x04, 0x05, 0x03, 0xc2, 0x04, 0x05, 0x06, 0xc2,
  0x07, 0x08, 0x06, 0xc2, 0x07, 0x08, 0x06, 0xc2, 0x07, 0x08, 0x06, 0xc2,
  0x07, 0x08, 0x06, 0xc2, 0x07, 0x08, 0x06, 0xc2, 0x07, 0x08, 0x06, 0xc2,
  0x07, 0x08, 0x06, 0xc2, 0x07, 0x08, 0x01, 0x18, 0x00, 0x1f, 0x00, 0x7f,
  0x40, 0x7f, 0x40, 0x7f, 0x40, 0x7f, 0xff, 0x00, 0xff, 0x00, 0xc3, 0x00,
  0x01, 0xc6, 0x02, 0x40, 0x7f, 0x40, 0x7f, 0x40, 0x7f, 0x40, 0x7f, 0xff,
  0x00, 0xf9, 0x00, 0xc8, 0x02, 0x00, 0x90, 0x00, 0x10, 0x40, 0x7f, 0x40,
  0x7f, 0x40, 0x7f, 0x40, 0x7f, 0xff, 0x00, 0xff, 0x00, 0xc2, 0x00, 0xc8,
  0x02, 0x01, 0x20, 0x00, 0x21, 0x40, 0x7f, 0x40, 0x7f, 0x40, 0x7f, 0x40,
  0x7f, 0xff, 0x00, 0xff, 0x00, 0xc2, 0x00, 0xc8, 0x02, 0x40, 0x7f, 0x40,
  0x7f, 0x40, 0xc2, 0x7f, 0xff, 0x00, 0xff, 0x00, 0xc3, 0x00, 0xc6, 0x02,
  0x01, 0x00, 0x01, 0x18, 0x00, 0x7e, 0xc1, 0xff, 0xc7, 0x1f, 0xc1, 0xff,
  0x11, 0xc1, 0xff, 0x11, 0xc1, 0xff, 0x11, 0xc1, 0xff, 0x11, 0xc1, 0xff,
  0xc7, 0x11, 0xc1, 0xff, 0x11, 0xc6, 0x22, 0xc1, 0xff, 0x11, 0xc6, 0x33,
  0xc1, 0xff, 0x11, 0xc6, 0x44, 0xc1, 0xff, 0x11, 0xc6, 0x55, 0xc1, 0xff,
  0x11, 0xc6, 0x66, 0xc1, 0xff, 0x11, 0xc6, 0x77, 0xc1, 0xff, 0x11, 0xc6,
  0x88, 0xc1, 0xff, 0x11, 0xc6, 0x99, 0xc1, 0xff, 0x11, 0xc6, 0xaa, 0xc1,
  0xff, 0x11, 0xc6, 0xbb, 0xc1, 0xff, 0x11, 0xc6, 0xcc, 0xc1, 0xff, 0x11,
  0xc6, 0xdd, 0xc1, 0xff, 0x11, 0xc6, 0xee, 0xc1, 0xff, 0x11, 0xc7, 0xff,
  0xc1, 0xf1, 0xce, 0x1f, 0xc8, 0x11, 0xc8, 0x22, 0xc8, 0x33, 0xc8, 0x44,
  0xc8, 0x55, 0xc8, 0x66, 0xc8, 0x77, 0xc8, 0x88, 0xc8, 0x99, 0xc8, 0xaa,
  0xc8, 0xbb, 0xc8, 0xcc, 0xc8, 0xdd, 0xc8, 0xee, 0xc8, 0xff, 0xc8, 0x1f,
  0x00, 0x90, 0x00, 0x2d, 0xc8, 0x1f, 0xc1, 0xff, 0x11, 0xc1, 0xff, 0x11,
  0xc1, 0xff, 0x11, 0xc1, 0xff, 0xc9, 0x11, 0xc8, 0x22, 0xc8, 0x33, 0xc8,
  0x44, 0xc8, 0x55, 0xc8, 0x66, 0xc8, 0x77, 0xc8, 0x88, 0xc8, 0x99, 0xc8,
  0xaa, 0xc8, 0xbb, 0xc8, 0xcc, 0xc8, 0xdd, 0xc8, 0xee, 0xc8, 0xff, 0xc8,
  0x1f, 0x01, 0x20, 0x00, 0x87, 0xc8, 0x1f, 0xc1, 0xff, 0x11, 0xc1, 0xff,
  0x11, 0xc1, 0xff, 0x11, 0xc1, 0xff, 0xc9, 0x11, 0xc8, 0x22, 0xc8, 0x33,
  0xc8, 0x44, 0xc8, 0x55, 0xc8, 0x66, 0xc8, 0x77, 0xc8, 0x88, 0xc8, 0x99,
  0xc8, 0xaa, 0xc8, 0xbb, 0xc8, 0xcc, 0xc8, 0xdd, 0xc8, 0xee, 0xc8, 0xff,
  0xcf, 0x1f, 0xc2, 0xff, 0x11, 0xc1, 0xff, 0x11, 0xc1, 0xff, 0xc2, 0x11,
  0xc1, 0xff, 0xc7, 0x11, 0xc1, 0xff, 0xc6, 0x22, 0x11, 0xc1, 0xff, 0xc6,
  0x33, 0x11, 0xc1, 0xff, 0xc6, 0x44, 0x11, 0xc1, 0xff, 0xc6, 0x55, 0x11,
  0xc1, 0xff, 0xc6, 0x66, 0x11, 0xc1, 0xff, 0xc6, 0x77, 0x11, 0xc1, 0xff,
  0xc6, 0x88, 0x11, 0xc1, 0xff, 0xc6, 0x99, 0x11, 0xc1, 0xff, 0xc6, 0xaa,
  0x11, 0xc1, 0xff, 0xc6, 0xbb, 0x11, 0xc1, 0xff, 0xc6, 0xcc, 0x11, 0xc1,
  0xff, 0xc6, 0xdd, 0x11, 0xc1, 0xff, 0xc6, 0xee, 0x11, 0xc7, 0xff, 0x11,
  0xc1, 0xff, 0xc6, 0x1f, 0xc1, 0xf1, 0xc1, 0xff, 0x01, 0x00, 0x01, 0x00,
  0x00, 0x01, 0xc2, 0x02, 0xc2, 0x03, 0xc2, 0x04, 0xc2, 0x05, 0xc2, 0x06,
  0xc2, 0x07, 0xc2, 0x08, 0xc2, 0x09, 0xc2, 0x0a, 0xc2, 0x0b, 0xc2, 0x0c,
  0xc2, 0x0d, 0xc2, 0x0e, 0xc2, 0x0f, 0x10, 0x11, 0x12, 0x01, 0xc2, 0x13,
  0xc2, 0x14, 0xc2, 0x15, 0xc2, 0x16, 0xc2, 0x17, 0xc2, 0x18, 0xc2, 0x19,
  0xc2, 0x1a, 0xc2, 0x1b, 0xc2, 0x1c, 0xc2, 0x1d, 0xc2, 0x1e, 0xc2, 0x1f,
  0xc2, 0x20, 0x21, 0x22, 0x12, 0x01, 0xc2, 0x13, 0xc2, 0x14, 0xc2, 0x15,
  0xc2, 0x16, 0xc2, 0x17, 0xc2, 0x18, 0xc2, 0x19, 0xc2, 0x1a, 0xc2, 0x1b,
  0xc2, 0x1c, 0xc2, 0x1d, 0xc2, 0x1e, 0xc2, 0x1f, 0xc2, 0x20, 0x21, 0x22,
  0x12, 0x01, 0xc2, 0x13, 0xc2, 0x14, 0xc2, 0x15, 0xc2, 0x16, 0xc2, 0x17,
  0xc2, 0x18, 0xc2, 0x19, 0xc2, 0x1a, 0xc2, 0x1b, 0xc2, 0x1c, 0xc2, 0x1d,
  0xc2, 0x1e, 0xc2, 0x1f, 0xc2, 0x20, 0x21, 0x22, 0x12, 0x01, 0xc2, 0x13,
  0xc2, 0x14, 0xc2, 0x15, 0xc2, 0x16, 0xc2, 0x17, 0xc2, 0x18, 0xc2, 0x19,
  0xc2, 0x1a, 0xc2, 0x1b, 0xc2, 0x1c, 0xc2, 0x1d, 0xc2, 0x1e, 0xc2, 0x1f,
  0xc2, 0x20, 0x21, 0x22, 0x12, 0x01, 0xc2, 0x13, 0xc2, 0x14, 0xc2, 0x15,
  0xc2, 0x16, 0xc2, 0x17, 0xc2, 0x18, 0xc2, 0x19, 0xc2, 0x1a, 0xc2, 0x1b,
  0xc2, 0x1c, 0xc2, 0x1d, 0xc2, 0x1e, 0xc2, 0x1f, 0xc2, 0x20, 0x21, 0x22,
  0x12, 0x01, 0xc2, 0x13, 0xc2, 0x14, 0xc2, 0x15, 0xc2, 0x16, 0xc2, 0x17,
  0xc2, 0x18, 0xc2, 0x19, 0xc2, 0x1a, 0xc2, 0x1b, 0xc2, 0x1c, 0xc2, 0x1d,
  0xc2, 0x1e, 0xc2, 0x1f, 0xc2, 0x20, 0x21, 0x22, 0x12, 0x01, 0xc2, 0x13,
  0xc2, 0x14, 0xc2, 0x15, 0xc2, 0x16, 0xc2, 0x17, 0xc2, 0x18, 0xc2, 0x19,
  0xc2, 0x1a, 0xc2, 0x1b, 0xc2, 0x1c, 0xc2, 0x1d, 0xc2, 0x1e, 0xc2, 0x1f,
  0xc2, 0x20, 0x21, 0x22, 0x01, 0x00, 0x01, 0x00, 0x00, 0x01, 0xc2, 0x02,
  0xc2, 0x03, 0xc2, 0x04, 0xc2, 0x05, 0xc2, 0x06, 0xc2, 0x07, 0xc2, 0x08,
  0xc2, 0x09, 0xc2, 0x0a, 0xc2, 0x0b, 0xc2, 0x0c, 0xc2, 0x0d, 0xc2, 0x0e,
  0xc2, 0x0f, 0x10, 0x11, 0x00, 0x01, 0xc2, 0x02, 0xc2, 0x03, 0xc2, 0x04,
  0xc2, 0x05, 0xc2, 0x06, 0xc2, 0x07, 0xc2, 0x08, 0xc2, 0x09, 0xc2, 0x0a,
  0xc2, 0x0b, 0xc2, 0x0c, 0xc2, 0x0d, 0xc2, 0x0e, 0xc2, 0x0f, 0x10, 0x11,
  0x00, 0x01, 0xc2, 0x02, 0xc2, 0x03, 0xc2, 0x04, 0xc2, 0x05, 0xc2, 0x06,
  0xc2, 0x07, 0xc2, 0x08, 0xc2, 0x09, 0xc2, 0x0a, 0xc2, 0x0b, 0xc2, 0x0c,
  0xc2, 0x0d, 0xc2, 0x0e, 0xc2, 0x0f, 0x10, 0x11, 0x00, 0x01, 0xc2, 0x02,
  0xc2, 0x03, 0xc2, 0x04, 0xc2, 0x05, 0xc2, 0x06, 0xc2, 0x07, 0xc2, 0x08,
  0xc2, 0x09, 0xc2, 0x0a, 0xc2, 0x0b, 0xc2, 0x0c, 0xc2, 0x0d, 0xc2, 0x0e,
  0xc2, 0x0f, 0x10, 0x11, 0x00, 0x01, 0xc2, 0x02, 0xc2, 0x03, 0xc2, 0x04,
  0xc2, 0x05, 0xc2, 0x06, 0xc2, 0x07, 0xc2, 0x08, 0xc2, 0x09, 0xc2, 0x0a,
  0xc2, 0x0b, 0xc2, 0x0c, 0xc2, 0x0d, 0xc2, 0x0e, 0xc2, 0x0f, 0x10, 0x11,
  0x00, 0x01, 0xc2, 0x02, 0xc2, 0x03, 0xc2, 0x04, 0xc2, 0x05, 0xc2, 0x06,
  0xc2, 0x07, 0xc2, 0x08, 0xc2, 0x09, 0xc2, 0x0a, 0xc2, 0x0b, 0xc2, 0x0c,
  0xc2, 0x0d, 0xc2, 0x0e, 0xc2, 0x0f, 0x10, 0x11, 0x00, 0x01, 0xc2, 0x02,
  0xc2, 0x03, 0xc2, 0x04, 0xc2, 0x05, 0xc2, 0x06, 0xc2, 0x07, 0xc2, 0x08,
  0xc2, 0x09, 0xc2, 0x0a, 0xc2, 0x0b, 0xc2, 0x0c, 0xc2, 0x0d, 0xc2, 0x0e,
  0xc2, 0x0f, 0x10, 0x11, 0x00, 0x01, 0xc2, 0x02, 0xc2, 0x03, 0xc2, 0x04,
  0xc2, 0x05, 0xc2, 0x06, 0xc2, 0x07, 0xc2, 0x08, 0xc2, 0x09, 0xc2, 0x0a,
  0xc2, 0x0b, 0xc2, 0x0c, 0xc2, 0x0d, 0xc2, 0x0e, 0xc2, 0x0f, 0x10, 0x11,
  0x01, 0x00, 0x01, 0x00, 0x00, 0x01, 0xc2, 0x02, 0xc2, 0x03, 0xc2, 0x04,
  0xc2, 0x05, 0xc2, 0x06, 0xc2, 0x07, 0xc2, 0x08, 0xc2, 0x09, 0xc2, 0x0a,
  0xc2, 0x0b, 0xc2, 0x0c, 0xc2, 0x0d, 0xc2, 0x0e, 0xc2, 0x0f, 0x10, 0x11,
  0x00, 0x01, 0xc2, 0x02, 0xc2, 0x03, 0xc2, 0x04, 0xc2, 0x05, 0xc2, 0x06,
  0xc2, 0x07, 0xc2, 0x08, 0xc2, 0x09, 0xc2, 0x0a, 0xc2, 0x0b, 0xc2, 0x0c,
  0xc2, 0x0d, 0xc2, 0x0e, 0xc2, 0x0f, 0x10, 0x11, 0x00, 0x01, 0xc2, 0x02,
  0xc2, 0x03, 0xc2, 0x04, 0xc2, 0x05, 0xc2, 0x06, 0xc2, 0x07, 0xc2, 0x08,
  0xc2, 0x09, 0xc2, 0x0a, 0xc2, 0x0b, 0xc2, 0x0c, 0xc2, 0x0d, 0xc2, 0x0e,
  0xc2, 0x0f, 0x10, 0x11, 0x00, 0x01, 0xc2, 0x02, 0xc2, 0x03, 0xc2, 0x04,
  0xc2, 0x05, 0xc2, 0x06, 0xc2, 0x07, 0xc2, 0x08, 0xc2, 0x09, 0xc2, 0x0a,
  0xc2, 0x0b, 0xc2, 0x0c, 0xc2, 0x0d, 0xc2, 0x0e, 0xc2, 0x0f, 0x10, 0x11,
  0x00, 0x01, 0xc2, 0x02, 0xc2, 0x03, 0xc2, 0x04, 0xc2, 0x05, 0xc2, 0x06,
  0xc2, 0x07, 0xc2, 0x08, 0xc2, 0x09, 0xc2, 0x0a, 0xc2, 0x0b, 0xc2, 0x0c,
  0xc2, 0x0d, 0xc2, 0x0e, 0xc2, 0x0f, 0x10, 0x11, 0x00, 0x01, 0xc2, 0x02,
  0xc2, 0x03, 0xc2, 0x04, 0xc2, 0x05, 0xc2, 0x06, 0xc2, 0x07, 0xc2, 0x08,
  0xc2, 0x09, 0xc2, 0x0a, 0xc2, 0x0b, 0xc2, 0x0c, 0xc2, 0x0d, 0xc2, 0x0e,
  0xc2, 0x0f, 0x10, 0x11, 0x00, 0x01, 0xc2, 0x02, 0xc2, 0x03, 0xc2, 0x04,
  0xc2, 0x05, 0xc2, 0x06, 0xc2, 0x07, 0xc2, 0x08, 0xc2, 0x09, 0xc2, 0x0a,
  0xc2, 0x0b, 0xc2, 0x0c, 0xc2, 0x0d, 0xc2, 0x0e, 0xc2, 0x0f, 0x10, 0x11,
  0x12, 0x13, 0xc2, 0x14, 0xc2, 0x15, 0xc2, 0x16, 0xc2, 0x17, 0xc2, 0x18,
  0xc2, 0x19, 0xc2, 0x1a, 0xc2, 0x1b, 0xc2, 0x1c, 0xc2, 0x1d, 0xc2, 0x1e,
  0xc2, 0x1f, 0xc2, 0x20, 0xc2, 0x21, 0x22, 0x23, 0x01, 0x30, 0x00, 0x5a,
  0xd3, 0x00, 0xc5, 0x07, 0xd3, 0x00, 0xc5, 0x1f, 0xc6, 0x00, 0xc2, 0x1f,
  0xc6, 0x07, 0xca, 0x00, 0xc6, 0x1f, 0xc8, 0x00, 0xc2, 0x07, 0xc8, 0x1f,
  0xd0, 0x07, 0xc8, 0x1f, 0xd0, 0x07, 0xc8, 0x1f, 0xc8, 0x00, 0xc6, 0x1f,
  0xc8, 0x00, 0xc2, 0x07, 0xcb, 0x1f, 0xc8, 0x00, 0xc5, 0x07, 0xce, 0x00,
  0xc2, 0x1f, 0xc6, 0x07, 0xc2, 0x00, 0xc6, 0x1f, 0xc8, 0x00, 0xc8, 0x07,
  0xc2, 0x00, 0xc3, 0x07, 0xc5, 0x00, 0xc8, 0x1f, 0xc3, 0x07, 0xc5, 0x00,
  0xc3, 0x1f, 0xc5, 0x00, 0xc3, 0x07, 0xc5, 0x00, 0xc3, 0x1f, 0xc5, 0x00,
  0xc8, 0x07, 0xc3, 0x1f, 0xc5, 0x00, 0x00, 0xa8, 0x00, 0x3c, 0xc8, 0x00,
  0xc6, 0x1f, 0xc8, 0x00, 0xc2, 0x07, 0xce, 0x00, 0xc2, 0x1f, 0xc6, 0x07,
  0xc2, 0x00, 0xc8, 0x07, 0xc8, 0x00, 0xc8, 0x1f, 0xcd, 0x00, 0xc3, 0x07,
  0xc8, 0x1f, 0xc5, 0x07, 0xc3, 0x03, 0xc8, 0x07, 0xc3, 0x00, 0xc5, 0x1f,
  0xc3, 0x03, 0xc5, 0x00, 0xc8, 0x07, 0xc6, 0x1f, 0xc2, 0x00, 0xc3, 0x1f,
  0xc5, 0x00, 0xc3, 0x07, 0xc5, 0x00, 0xc6, 0x07, 0xc2, 0x00, 0x01, 0xc8,
  0x00, 0x7e, 0xcb, 0x00, 0xc5, 0x07, 0xcb, 0x00, 0xc5, 0x1f, 0xc3, 0x00,
  0xc5, 0x07, 0xc3, 0x00, 0xc5, 0x1f, 0xc8, 0x07, 0xc6, 0x00, 0xc2, 0x1f,
  0xc6, 0x00, 0xc2, 0x07, 0xd0, 0x1f, 0xc6, 0x00, 0xc2, 0x07, 0xc6, 0x00,
  0xc2, 0x1f, 0xc8, 0x07, 0xc8, 0x1f, 0xc8, 0x07, 0xc8, 0x1f, 0xce, 0x00,
  0xc2, 0x1f, 0xd0, 0x07, 0xc6, 0x00, 0xc2, 0x1f, 0xc6, 0x00, 0xc2, 0x07,
  0xd0, 0x1f, 0xc8, 0x07, 0xc8, 0x1f, 0xd0, 0x07, 0xc3, 0x1f, 0xc8, 0x00,
  0xc5, 0x07, 0xd0, 0x1f, 0xc8, 0x07, 0xe0, 0x00, 0xc8, 0x07, 0xc8, 0x00,
  0xce, 0x1f, 0xca, 0x00, 0xc8, 0x07, 0xc6, 0x1f, 0xc2, 0x00, 0xc6, 0x07,
  0xc2, 0x00, 0xc8, 0x1f, 0xc8, 0x00, 0xc6, 0x07, 0xc2, 0x00, 0xc8, 0x07,
  0xc8, 0x00, 0xc8, 0x1f, 0xc3, 0x07, 0xcd, 0x00, 0xc3, 0x1f, 0xc5, 0x00,
  0xc3, 0x07, 0xc5, 0x00, 0xc3, 0x1f, 0xc5, 0x00, 0x01, 0x30, 0x00, 0x7a,
  0xce, 0xee, 0xc2, 0x11, 0xc3, 0xee, 0xc5, 0x1e, 0xc3, 0xee, 0xc8, 0x11,
  0xc5, 0xff, 0xc3, 0xee, 0xc5, 0xe1, 0xc6, 0xee, 0xc2, 0x1e, 0xc6, 0xf1,
  0xca, 0xff, 0xc6, 0x1f, 0xc2, 0xff, 0xc6, 0xee, 0xc2, 0xe1, 0xc8, 0x1e,
  0xc8, 0xe1, 0xc8, 0x1e, 0xc8, 0xf1, 0xc8, 0x1f, 0xc8, 0xf1, 0xc8, 0x1f,
  0xc6, 0x11, 0xc2, 0xff, 0xc6, 0xf1, 0xc2, 0xff, 0xc6, 0x11, 0xc2, 0x1f,
  0xc8, 0xe1, 0xc3, 0xf1, 0xc5, 0x11, 0xc3, 0xff, 0xc5, 0xf1, 0xc6, 0xff,
  0xc2, 0x11, 0xc6, 0xff, 0xc8, 0xf1, 0xc2, 0x11, 0xc6, 0xf1, 0xc2, 0x11,
  0xc6, 0xff, 0xc2, 0xf1, 0xc6, 0x1f, 0xc2, 0x11, 0xc3, 0x1e, 0xc5, 0xee,
  0xc3, 0xf1, 0xc5, 0x1e, 0xc3, 0x1f, 0xc5, 0xff, 0xc3, 0xf1, 0xc5, 0xff,
  0xc3, 0xf1, 0xc5, 0xff, 0xc3, 0x1f, 0xc5, 0xff, 0xc3, 0x1f, 0xc8, 0xe1,
  0xc5, 0xee, 0x00, 0xa8, 0x00, 0x48, 0xc8, 0xee, 0xc6, 0x1e, 0xc2, 0xee,
  0xc6, 0xff, 0xc2, 0xf1, 0xce, 0xff, 0xc2, 0x1f, 0xc6, 0xe1, 0xc2, 0xee,
  0xc3, 0xf1, 0xc5, 0x1e, 0xc3, 0xff, 0xc5, 0x11, 0xc3, 0x1f, 0xc5, 0xe1,
  0xc5, 0x11, 0xc3, 0xee, 0xc5, 0x11, 0xc3, 0x1e, 0xc8, 0xf1, 0xc5, 0x1f,
  0xc3, 0xe1, 0xc8, 0x1e, 0xc3, 0xff, 0xc5, 0x1f, 0xc3, 0xe1, 0xc5, 0xee,
  0xc6, 0x1f, 0xc8, 0xe1, 0xc2, 0xee, 0xc3, 0xf1, 0xc5, 0x11, 0xc3, 0xe1,
  0xc5, 0xee, 0xc6, 0x1e, 0xc2, 0xee, 0x01, 0xc8, 0x00, 0xb6, 0xcb, 0xee,
  0xc5, 0x1e, 0xc3, 0xee, 0xc5, 0x11, 0xc3, 0xee, 0xc5, 0xe1, 0xc3, 0xee,
  0xc5, 0xe1, 0xc3, 0xee, 0xc5, 0x1e, 0xc8, 0x61, 0xc6, 0x66, 0xc2, 0xf6,
  0xc6, 0x66, 0xc2, 0x6f, 0xc8, 0x16, 0xc8, 0x1e, 0xc6, 0xcc, 0xc2, 0xfc,
  0xc6, 0xcc, 0xc2, 0x1f, 0xc8, 0x1c, 0xc8, 0xe1, 0xc8, 0x1e, 0xc8, 0x51,
  0xc6, 0x55, 0xc2, 0xff, 0xc6, 0x55, 0xc2, 0x5f, 0xc8, 0xe1, 0xc8, 0xa1,
  0xc6, 0xaa, 0xc2, 0x1a, 0xc6, 0xaa, 0xc2, 0xaf, 0xc8, 0x1a, 0xc8, 0xf6,
  0xc3, 0x6f, 0xc5, 0x61, 0xc3, 0xf6, 0xc5, 0x16, 0xc8, 0x6f, 0xc8, 0xfc,
  0xc3, 0x1f, 0xc8, 0xff, 0xc5, 0xf1, 0xc8, 0x5f, 0xc3, 0x1a, 0xc5, 0xfa,
  0xc8, 0xaf, 0xc8, 0x66, 0xc8, 0xcc, 0xc8, 0x55, 0xc8, 0xaa, 0xc6, 0x61,
  0xc2, 0x1e, 0xc6, 0x66, 0xc2, 0x11, 0xc6, 0x16, 0xc2, 0xe1, 0xc6, 0x1e,
  0xc2, 0xee, 0xc6, 0xcc, 0xc2, 0x11, 0xc6, 0x1c, 0xc8, 0xe1, 0xc2, 0xee,
  0xc6, 0x1e, 0xc2, 0xee, 0xc6, 0x51, 0xc2, 0x1e, 0xc6, 0x55, 0xc2, 0x11,
  0xc6, 0xe1, 0xc2, 0xee, 0xc6, 0xa1, 0xc2, 0x1e, 0xc6, 0xaa, 0xc2, 0x11,
  0xc6, 0x1a, 0xc2, 0xe1, 0xc3, 0x1e, 0xc5, 0xee, 0xc3, 0x11, 0xc5, 0xee,
  0xc3, 0xe1, 0xc5, 0xee, 0xc3, 0xe1, 0xc5, 0xee, 0xc3, 0x1e, 0xc5, 0xee,
  0x01, 0x00, 0x00, 0x7c, 0xca, 0x00, 0xce, 0x01, 0xd0, 0x00, 0x02, 0x03,
  0xce, 0x04, 0x03, 0x05, 0xcd, 0x00, 0x06, 0x07, 0xd0, 0x08, 0x09, 0x0a,
  0xcc, 0x00, 0x0b, 0xd2, 0x08, 0x0c, 0xcb, 0x00, 0x0d, 0x0e, 0xc2, 0x08,
  0x0f, 0x0e, 0x10, 0x11, 0x12, 0x13, 0x10, 0x08, 0x0f, 0x0e, 0x08, 0x11,
  0x14, 0x0e, 0xc2, 0x08, 0x0f, 0x15, 0xca, 0x00, 0x0d, 0x0e, 0xc2, 0x08,
  0x0f, 0x16, 0x10, 0x11, 0x17, 0x08, 0x10, 0x08, 0x0f, 0x0e, 0x08, 0x11,
  0x0f, 0x0e, 0xc2, 0x08, 0x0f, 0x15, 0xca, 0x00, 0x0d, 0x0e, 0xc2, 0x08,
  0x0f, 0x0e, 0x10, 0x11, 0x18, 0x19, 0x1a, 0x18, 0x0f, 0x1b, 0x1c, 0x11,
  0x1d, 0x0e, 0xc2, 0x08, 0x0f, 0x15, 0xca, 0x00, 0x1e, 0x1f, 0xc2, 0x08,
  0x20, 0x21, 0x22, 0x23, 0x04, 0x21, 0xc2, 0x04, 0x20, 0x04, 0x22, 0x23,
  0x04, 0x21, 0xc2, 0x08, 0x24, 0x25, 0xc4, 0x00, 0x01, 0x00, 0x00, 0x33,
  0xc7, 0x00, 0x01, 0x02, 0xd0, 0x03, 0x04, 0x05, 0xcd, 0x00, 0x06, 0x07,
  0xce, 0x03, 0x07, 0x08, 0xd0, 0x00, 0xc4, 0x09, 0x0a, 0x0b, 0xc2, 0x03,
  0x0c, 0xc5, 0x09, 0xd6, 0x00, 0x0d, 0x0b, 0x03, 0x0e, 0x0f, 0xdb, 0x00,
  0x0d, 0x0b, 0x10, 0x11, 0xdc, 0x00, 0x0d, 0x12, 0x13, 0xdd, 0x00, 0x14,
  0x11, 0xf0, 0x00, 0x01, 0x00, 0x00, 0xac, 0xe2, 0x00, 0x01, 0xc4, 0x02,
  0x03, 0xc2, 0x00, 0xc4, 0x02, 0x04, 0xc2, 0x00, 0x05, 0xc4, 0x02, 0xc2,
  0x00, 0x01, 0xc4, 0x02, 0x03, 0xc4, 0x00, 0x06, 0x07, 0x08, 0x07, 0x08,
  0x09, 0x00, 0x0a, 0x0b, 0x0c, 0x0b, 0x0c, 0x0d, 0x0e, 0x0f, 0x10, 0x11,
  0x12, 0x11, 0x12, 0x13, 0x00, 0x14, 0x15, 0x16, 0x15, 0x16, 0x17, 0xc4,
  0x00, 0x06, 0x18, 0x19, 0x1a, 0x1b, 0x09, 0x00, 0x0a, 0x1c, 0x1d, 0x1c,
  0x1d, 0x0d, 0x0e, 0x0f, 0x10, 0x1e, 0x1f, 0x1e, 0x1f, 0x13, 0x00, 0x14,
  0x20, 0x21, 0x20, 0x21, 0x17, 0xc4, 0x00, 0x06, 0xc4, 0x22, 0x09, 0x00,
  0x0a, 0xc4, 0x23, 0x0d, 0x0e, 0x0f, 0x10, 0xc4, 0x24, 0x13, 0x00, 0x14,
  0xc4, 0x25, 0x17, 0xc4, 0x00, 0x06, 0xc4, 0x22, 0x09, 0x00, 0x0a, 0xc4,
  0x23, 0x0d, 0x0e, 0x0f, 0x10, 0xc4, 0x24, 0x13, 0x00, 0x14, 0xc4, 0x25,
  0x17, 0xc4, 0x00, 0x26, 0xc4, 0x27, 0x28, 0x00, 0x29, 0xc4, 0x2a, 0x2b,
  0x2c, 0x2d, 0x2e, 0xc4, 0x2f, 0x30, 0x00, 0x31, 0xc4, 0x32, 0x33, 0xc4,
  0x00, 0x34, 0xc4, 0x35, 0x36, 0xc2, 0x00, 0xc4, 0x35, 0x37, 0xc2, 0x00,
  0x38, 0xc4, 0x35, 0xc2, 0x00, 0x34, 0xc4, 0x35, 0x36, 0xc2, 0x00, 0x00,
  0x90, 0x00, 0x64, 0xc9, 0x00, 0x01, 0x00, 0x18, 0xc3, 0x1c, 0x18, 0x00,
  0x07, 0x0f, 0x63, 0xc4, 0x47, 0x00, 0x3c, 0x0c, 0x73, 0xc4, 0x3b, 0x00,
  0x07, 0x03, 0xc3, 0x71, 0x61, 0x03, 0xc3, 0x00, 0xc5, 0x0e, 0x00, 0xc2,
  0x1f, 0xc6, 0x00, 0x1c, 0x7c, 0x03, 0x63, 0xc3, 0x1c, 0xc2, 0x00, 0xc2,
  0x01, 0xc5, 0x00, 0x03, 0x01, 0x70, 0xc3, 0x07, 0x0e, 0x00, 0x01, 0xc4,
  0x1f, 0xc2, 0x00, 0xc3, 0x38, 0x1c, 0x1f, 0x07, 0xc2, 0x00, 0xc3, 0x3b,
  0x73, 0x1c, 0x3c, 0xc2, 0x00, 0x07, 0xc2, 0x63, 0xc2, 0x71, 0x78, 0xc2,
  0x00, 0xc6, 0x0e, 0xc2, 0x00, 0xc4, 0x1c, 0xc8, 0x00, 0xc2, 0x01, 0xc2,
  0x00, 0x1c, 0x38, 0x70, 0x1f, 0xc4, 0x00, 0x00, 0x88, 0x00, 0x73, 0xc9,
  0x00, 0xc2, 0x01, 0xc2, 0x02, 0xc2, 0x04, 0x08, 0x00, 0xc2, 0x7f, 0xc2,
  0x40, 0xc2, 0x20, 0x10, 0x08, 0xc2, 0x10, 0xc2, 0x20, 0xc2, 0x40, 0x00,
  0x10, 0xc2, 0x08, 0xc2, 0x04, 0xc2, 0x02, 0xc5, 0x00, 0x01, 0x06, 0x18,
  0x60, 0x01, 0x07, 0x19, 0x61, 0x7e, 0xc3, 0x01, 0x7f, 0x1f, 0x67, 0x79,
  0x7e, 0xc3, 0x7f, 0xc4, 0x00, 0x7f, 0x60, 0x18, 0x06, 0x60, 0x18, 0x06,
  0x01, 0xc4, 0x00, 0xc3, 0x01, 0x7e, 0x61, 0x19, 0x07, 0x01, 0xc3, 0x7f,
  0x7e, 0x79, 0x67, 0x1f, 0x7f, 0x06, 0x18, 0x60, 0x7f, 0xc5, 0x00, 0xc2,
  0x40, 0xc2, 0x20, 0xc2, 0x10, 0x08, 0x00, 0xc2, 0x02, 0xc2, 0x04, 0xc2,
  0x08, 0x10, 0x08, 0xc2, 0x04, 0xc2, 0x02, 0xc2, 0x01, 0x00, 0x10, 0xc2,
  0x20, 0xc2, 0x40, 0xc2, 0x7f, 0x00, 0x00, 0x28, 0x00, 0x1e, 0xc8, 0x00,
  0x07, 0x18, 0x20, 0xc2, 0x40, 0xc3, 0x7f, 0x1f, 0x18, 0x04, 0xc2, 0x02,
  0xc3, 0x01, 0xc3, 0x7f, 0xc2, 0x40, 0x20, 0x18, 0x07, 0xc3, 0x01, 0xc2,
  0x02, 0x04, 0x18, 0x1f, 0x00, 0x90, 0x00, 0x57, 0xc9, 0x11, 0x1f, 0xc1,
  0xff, 0xc5, 0x1f, 0x11, 0xc2, 0xf1, 0xc5, 0x1f, 0x11, 0xc2, 0x1f, 0xc5,
  0xf1, 0x11, 0xc7, 0x1f, 0x11, 0xc2, 0xff, 0xc5, 0xf1, 0x11, 0xc2, 0x1f,
  0xc6, 0x11, 0xc2, 0xf1, 0xc2, 0x1f, 0xc3, 0xf1, 0xc2, 0x11, 0xc2, 0xf1,
  0xc5, 0x11, 0xc3, 0x1f, 0xc4, 0xf1, 0xc1, 0xff, 0xc5, 0x1f, 0xc2, 0x11,
  0xc6, 0xf1, 0xc2, 0x11, 0xc4, 0xf1, 0xc2, 0x1f, 0xc2, 0x11, 0xc6, 0x1f,
  0xc2, 0x11, 0xc6, 0xf1, 0xc2, 0x11, 0xc4, 0xf1, 0xc2, 0xff, 0xc6, 0x11,
  0xc2, 0xf1, 0xc2, 0x11, 0xc3, 0xf1, 0x1f, 0xc2, 0xff, 0xc2, 0x11, 0x00,
  0x88, 0x00, 0x39, 0xc9, 0x11, 0xc7, 0xf1, 0x11, 0xc2, 0x1f, 0xcc, 0xf1,
  0xc1, 0xff, 0xc7, 0xf1, 0xc1, 0xff, 0xc4, 0x11, 0xc8, 0xf1, 0x1f, 0xc3,
  0xf1, 0xc8, 0x1f, 0xc4, 0x11, 0x1f, 0xc7, 0xf1, 0xc4, 0x11, 0xc3, 0xf1,
  0x1f, 0xc4, 0xf1, 0xc8, 0x1f, 0xc3, 0xf1, 0x1f, 0xc4, 0x11, 0xc1, 0xff,
  0xc7, 0xf1, 0xc1, 0xff, 0xce, 0xf1, 0x11, 0xc5, 0xf1, 0xc2, 0x1f, 0x11,
  0x00, 0x28, 0x00, 0x0d, 0xc8, 0x11, 0xc5, 0xf1, 0xc4, 0x1f, 0xc7, 0xf1,
  0xc3, 0x1f, 0xcc, 0xf1, 0x1f, 0x01, 0x00, 0x00, 0x30, 0xff, 0x00, 0xff,
  0x00, 0xc7, 0x00, 0x01, 0x02, 0x03, 0x04, 0x05, 0x06, 0x00, 0x07, 0xc6,
  0x00, 0x01, 0x02, 0x03, 0x04, 0x05, 0x06, 0x08, 0x09, 0xca, 0x00, 0x0a,
  0x0b, 0x0c, 0x0d, 0x0e, 0xc2, 0x00, 0x0f, 0xc6, 0x00, 0x0a, 0x0b, 0x0c,
  0x0d, 0x0e, 0x00, 0x10, 0x11, 0xff, 0x00, 0xc6, 0x00, 0x01, 0x00, 0x00,
  0x42, 0xc8, 0x00, 0x01, 0x02, 0xcc, 0x00, 0x01, 0x02, 0xd0, 0x00, 0x03,
  0x04, 0xcc, 0x00, 0x03, 0x04, 0xed, 0x00, 0x05, 0x06, 0xc4, 0x00, 0x07,
  0x08, 0xc6, 0x00, 0x05, 0x06, 0xc4, 0x00, 0x07, 0x08, 0xca, 0x00, 0x09,
  0x0a, 0xc4, 0x00, 0x0b, 0x0c, 0xc6, 0x00, 0x09, 0x0a, 0xc4, 0x00, 0x0b,
  0x0c, 0xed, 0x00, 0x0d, 0x0e, 0xcc, 0x00, 0x0d, 0x0e, 0xd0, 0x00, 0x0f,
  0x10, 0xcc, 0x00, 0x0f, 0x10, 0xc8, 0x00, 0x01, 0x00, 0x00, 0x28, 0xff,
  0x00, 0xc7, 0x00, 0x01, 0x02, 0xc2, 0x00, 0x01, 0x02, 0xc8, 0x00, 0x01,
  0x02, 0xc2, 0x00, 0x01, 0x02, 0xcc, 0x00, 0x03, 0x04, 0xc2, 0x00, 0x03,
  0x04, 0xc8, 0x00, 0x03, 0x04, 0xc2, 0x00, 0x03, 0x04, 0xff, 0x00, 0xff,
  0x00, 0xc8, 0x00, 0x00, 0x20, 0x07, 0x1f, 0x3c, 0x78, 0x79, 0xf9, 0xf8,
  0xfc, 0xfe, 0xff, 0xff, 0x7b, 0x78, 0x3c, 0x1f, 0x07, 0xe0, 0xf8, 0x3c,
  0x1e, 0xde, 0xff, 0x7f, 0x3f, 0x1f, 0x8f, 0xcf, 0xce, 0x1e, 0x3c, 0xf8,
  0xe0, 0x00, 0xa0, 0x00, 0x00, 0x00, 0x01, 0x01, 0x03, 0x03, 0x07, 0x07,
  0x0f, 0x0f, 0x1f, 0x1f, 0x3f, 0x3f, 0x00, 0x00, 0x00, 0x00, 0x80, 0x80,
  0xc0, 0xc0, 0xe0, 0xe0, 0xf0, 0xf0, 0xf8, 0xf8, 0xfc, 0xfc, 0x00, 0x00,
  0x00, 0x60, 0x78, 0x7e, 0x7f, 0x7f, 0x7f, 0x7f, 0x7f, 0x7f, 0x7e, 0x78,
  0x60, 0x00, 0x00, 0x00, 0x00, 0x00, 0x00, 0x00, 0x80, 0xe0, 0xf8, 0xf8,
  0xe0, 0x80, 0x00, 0x00, 0x00, 0x00, 0x00, 0x00, 0x3f, 0x3f, 0x1f, 0x1f,
  0x0f, 0x0f, 0x07, 0x07, 0x03, 0x03, 0x01, 0x01, 0x00, 0x00, 0x00, 0x00,
  0xfc, 0xfc, 0xf8, 0xf8, 0xf0, 0xf0, 0xe0, 0xe0, 0xc0, 0xc0, 0x80, 0x80,
  0x00, 0x00, 0x00, 0x00, 0x00, 0x00, 0x00, 0x00, 0x01, 0x07, 0x1f, 0x1f,
  0x07, 0x01, 0x00, 0x00, 0x00, 0x00, 0x00, 0x00, 0x00, 0x06, 0x1e, 0x7e,
  0xfe, 0xfe, 0xfe, 0xfe, 0xfe, 0xfe, 0x7e, 0x1e, 0x06, 0x00, 0x00, 0x00,
  0x07, 0x1f, 0x3f, 0x3f, 0x7f, 0x7f, 0x7f, 0x7f, 0x7f, 0x7f, 0x3f, 0x3f,
  0x1f, 0x07, 0x00, 0x00, 0xe0, 0xf8, 0xfc, 0xfc, 0xfe, 0xfe, 0xfe, 0xfe,
  0xfe, 0xfe, 0xfc, 0xfc, 0xf8, 0xe0, 0x00, 0x1f, 0xf1, 0x69, 0x96, 0xc2,
  0x2c, 0x47, 0x74, 0x66, 0xcc, 0x44, 0x11, 0xee, 0xff, 0xaa, 0xdd, 0x1e,
  0xfe, 0x1e, 0xfe, 0x1e, 0xfe, 0x1e, 0xfe, 0x1f, 0xf1, 0xef, 0xfe, 0x1f,
  0xf1, 0xef, 0xfe, 0x69, 0x96, 0x89, 0x98, 0x69, 0x96, 0x89, 0x98, 0xc3,
  0x3c, 0x23, 0x32, 0xc3, 0x3c, 0x23, 0x32, 0x47, 0x74, 0x57, 0x75, 0x47,
  0x74, 0x57, 0x75, 0x52, 0x45, 0x42, 0x4f, 0x4f, 0x54, 0x49, 0x4e, 0x47,
  0x2e, 0x2e, 0x2e, 0x00, 0xc3, 0xc3, 0xc3, 0xc3, 0xc3, 0xc3, 0xc3, 0xc3,
  0xc3, 0xc3, 0xc3, 0xc3, 0xc3, 0xc3, 0xc3, 0xc3, 0xc3, 0xc3, 0xc3, 0xc3,
  0xc3, 0xc3, 0xc3, 0xc3, 0xc3, 0xc3, 0xc3, 0xc3, 0xc3, 0xc3, 0xc3, 0xc3,
  0xc3, 0xc3, 0xc3, 0xc3, 0xc3, 0xc3, 0xc3, 0x0d, 0x0a, 0x00, 0x20, 0x4d,
  0x53, 0x58, 0x20, 0x44, 0x49, 0x41, 0x47, 0x4e, 0x4f, 0x53, 0x54, 0x49,
  0x43, 0x53, 0x20, 0x76, 0x31, 0x2e, 0x32, 0x2e, 0x30, 0x0d, 0x0a, 0x00,
  0x0d, 0x0a, 0x20, 0xce, 0x20, 0x50, 0x52, 0x45, 0x53, 0x53, 0x20, 0x43,
  0x41, 0x4e, 0x43, 0x45, 0x4c, 0x20, 0x54, 0x4f, 0x20, 0x42, 0x41, 0x43,
  0x4b, 0x20, 0x54, 0x4f, 0x20, 0x54, 0x48, 0x45, 0x0d, 0x0a, 0x20, 0x20,
  0x20, 0x4d, 0x41, 0x49, 0x4e, 0x20, 0x4d, 0x45, 0x4e, 0x55, 0x2e, 0x0d,
  0x0a, 0x00, 0x0d, 0x0a, 0x0d, 0x0a, 0x0d, 0x0a, 0x20, 0x50, 0x52, 0x45,
  0x53, 0x53, 0x20, 0x41, 0x43, 0x43, 0x45, 0x50, 0x54, 0x20, 0x54, 0x4f,
  0x20, 0x53, 0x54, 0x41, 0x52, 0x54, 0x20, 0x54, 0x48, 0x45, 0x20, 0x54,
  0x45, 0x53, 0x54, 0x2e, 0x0d, 0x0a, 0x00, 0x0d, 0x0a, 0x20, 0x50, 0x41,
  0x47, 0x45, 0x20, 0x31, 0x20, 0x4f, 0x46, 0x20, 0x32, 0x0d, 0x0a, 0x00,
  0x0d, 0x0a, 0x20, 0x20, 0x20, 0x31, 0x2e, 0x20, 0x53, 0x43, 0x52, 0x45,
  0x45, 0x4e, 0x20, 0x30, 0x0d, 0x0a, 0x20, 0x20, 0x20, 0x32, 0x2e, 0x20,
  0x53, 0x43, 0x52, 0x45, 0x45, 0x4e, 0x20, 0x31, 0x0d, 0x0a, 0x20, 0x20,
  0x20, 0x33, 0x2e, 0x20, 0x53, 0x43, 0x52, 0x45, 0x45, 0x4e, 0x20, 0x32,
  0x0d, 0x0a, 0x20, 0x20, 0x20, 0x34, 0x2e, 0x20, 0x53, 0x43, 0x52, 0x45,
  0x45, 0x4e, 0x20, 0x33, 0x0d, 0x0a, 0x20, 0x20, 0x20, 0x35, 0x2e, 0x20,
  0x53, 0x50, 0x52, 0x49, 0x54, 0x45, 0x53, 0x0d, 0x0a, 0x20, 0x20, 0x20,
  0x36, 0x2e, 0x20, 0x4d, 0x4f, 0x4e, 0x49, 0x54, 0x4f, 0x52, 0x20, 0x43,
  0x4f, 0x4c, 0x4f, 0x52, 0x0d, 0x0a, 0x20, 0x20, 0x20, 0x39, 0x2e, 0x20,
  0x52, 0x45, 0x42, 0x4f, 0x4f, 0x54, 0x0d, 0x0a, 0x20, 0x20, 0x20, 0x30,
  0x2e, 0x20, 0x4e, 0x45, 0x58, 0x54, 0x20, 0x3e, 0x3e, 0x0d, 0x0a, 0x00,
  0x0d, 0x0a, 0x20, 0x50, 0x41, 0x47, 0x45, 0x20, 0x32, 0x20, 0x4f, 0x46,
  0x20, 0x32, 0x0d, 0x0a, 0x00, 0x0d, 0x0a, 0x20, 0x20, 0x20, 0x31, 0x2e,
  0x20, 0x4b, 0x45, 0x59, 0x42, 0x4f, 0x41, 0x52, 0x44, 0x0d, 0x0a, 0x20,
  0x20, 0x20, 0x32, 0x2e, 0x20, 0x4a, 0x4f, 0x59, 0x53, 0x54, 0x49, 0x43,
  0x4b, 0x0d, 0x0a, 0x20, 0x20, 0x20, 0x33, 0x2e, 0x20, 0x50, 0x53, 0x47,
  0x0d, 0x0a, 0x20, 0x20, 0x20, 0x34, 0x2e, 0x20, 0x4d, 0x49, 0x58, 0x45,
  0x44, 0x20, 0x4d, 0x4f, 0x44, 0x45, 0x0d, 0x0a, 0x20, 0x20, 0x20, 0x35,
  0x2e, 0x20, 0x53, 0x59, 0x53, 0x54, 0x45, 0x4d, 0x20, 0x49, 0x4e, 0x46,
  0x4f, 0x20, 0x0d, 0x0a, 0x20, 0x20, 0x20, 0x36, 0x2e, 0x20, 0x52, 0x41,
  0x4d, 0x20, 0x4c, 0x41, 0x59, 0x4f, 0x55, 0x54, 0x0d, 0x0a, 0x20, 0x20,
  0x20, 0x39, 0x2e, 0x20, 0x52, 0x45, 0x42, 0x4f, 0x4f, 0x54, 0x0d, 0x0a,
  0x20, 0x20, 0x20, 0x30, 0x2e, 0x20, 0x42, 0x41, 0x43, 0x4b, 0x20, 0x3c,
  0x3c, 0x0d, 0x0a, 0x00, 0x0d, 0x0a, 0x20, 0x41, 0x43, 0x43, 0x45, 0x50,
  0x54, 0x3a, 0x20, 0x53, 0x50, 0x41, 0x43, 0x45, 0x20, 0x2f, 0x20, 0x42,
  0x55, 0x54, 0x54, 0x4f, 0x4e, 0x20, 0x31, 0x0d, 0x0a, 0x20, 0x43, 0x41,
  0x4e, 0x43, 0x45, 0x4c, 0x3a, 0x20, 0x45, 0x53, 0x43, 0x20, 0x2f, 0x20,
  0x42, 0x55, 0x54, 0x54, 0x4f, 0x4e, 0x20, 0x32, 0x0d, 0x0a, 0x00, 0x20,
  0x28, 0x63, 0x63, 0x29, 0x20, 0x32, 0x30, 0x31, 0x38, 0x2d, 0x32, 0x30,
  0x32, 0x30, 0x20, 0x42, 0x59, 0x20, 0x43, 0x45, 0x53, 0x41, 0x52, 0x20,
  0x52, 0x49, 0x4e, 0x43, 0x4f, 0x4e, 0x0d, 0x0a, 0x20, 0x68, 0x74, 0x74,
  0x70, 0x73, 0x3a, 0x2f, 0x2f, 0x6e, 0x69, 0x67, 0x68, 0x74, 0x66, 0x6f,
  0x78, 0x61, 0x6e, 0x64, 0x63, 0x6f, 0x2e, 0x63, 0x6f, 0x6d, 0x2f, 0x0d,
  0x0a, 0x00, 0xc0, 0x00, 0x20, 0x00, 0x0d, 0x0a, 0x20, 0x53, 0x43, 0x52,
  0x45, 0x45, 0x4e, 0x20, 0x30, 0x20, 0x54, 0x45, 0x53, 0x54, 0x0d, 0x0a,
  0x00, 0x0d, 0x0a, 0x20, 0xce, 0x20, 0x50, 0x52, 0x45, 0x53, 0x53, 0x20,
  0x52, 0x49, 0x47, 0x48, 0x54, 0x2f, 0x4c, 0x45, 0x46, 0x54, 0x20, 0x54,
  0x4f, 0x20, 0x43, 0x48, 0x41, 0x4e, 0x47, 0x45, 0x0d, 0x0a, 0x20, 0x20,
  0x20, 0x54, 0x48, 0x45, 0x20, 0x54, 0x45, 0x58, 0x54, 0x20, 0x43, 0x4f,
  0x4c, 0x4f, 0x52, 0x2e, 0x0d, 0x0a, 0x0d, 0x0a, 0x20, 0xce, 0x20, 0x50,
  0x52, 0x45, 0x53, 0x53, 0x20, 0x55, 0x50, 0x2f, 0x44, 0x4f, 0x57, 0x4e,
  0x20, 0x54, 0x4f, 0x20, 0x43, 0x48, 0x41, 0x4e, 0x47, 0x45, 0x0d, 0x0a,
  0x20, 0x20, 0x20, 0x54, 0x48, 0x45, 0x20, 0x42, 0x41, 0x43, 0x4b, 0x47,
  0x52, 0x4f, 0x55, 0x4e, 0x44, 0x20, 0x43, 0x4f, 0x4c, 0x4f, 0x52, 0x2e,
  0x0d, 0x0a, 0x0d, 0x0a, 0x20, 0xce, 0x20, 0x50, 0x52, 0x45, 0x53, 0x53,
  0x20, 0x41, 0x43, 0x43, 0x45, 0x50, 0x54, 0x20, 0x54, 0x4f, 0x20, 0x52,
  0x45, 0x53, 0x54, 0x4f, 0x52, 0x45, 0x20, 0x44, 0x45, 0x46, 0x41, 0x55,
  0x4c, 0x54, 0x53, 0x2e, 0x0d, 0x0a, 0x00, 0x0d, 0x0a, 0x20, 0x53, 0x43,
  0x52, 0x45, 0x45, 0x4e, 0x20, 0x31, 0x20, 0x54, 0x45, 0x53, 0x54, 0x0d,
  0x0a, 0x00, 0x0d, 0x0a, 0x20, 0xce, 0x20, 0x50, 0x52, 0x45, 0x53, 0x53,
  0x20, 0x52, 0x49, 0x47, 0x48, 0x54, 0x2f, 0x4c, 0x45, 0x46, 0x54, 0x20,
  0x54, 0x4f, 0x20, 0x43, 0x48, 0x41, 0x4e, 0x47, 0x45, 0x0d, 0x0a, 0x20,
  0x20, 0x20, 0x54, 0x48, 0x45, 0x20, 0x54, 0x45, 0x58, 0x54, 0x20, 0x43,
  0x4f, 0x4c, 0x4f, 0x52, 0x2e, 0x0d, 0x0a, 0x0d, 0x0a, 0x20, 0xce, 0x20,
  0x50, 0x52, 0x45, 0x53, 0x53, 0x20, 0x55, 0x50, 0x2f, 0x44, 0x4f, 0x57,
  0x4e, 0x20, 0x54, 0x4f, 0x20, 0x43, 0x48, 0x41, 0x4e, 0x47, 0x45, 0x0d,
  0x0a, 0x20, 0x20, 0x20, 0x54, 0x48, 0x45, 0x20, 0x42, 0x41, 0x43, 0x4b,
  0x47, 0x52, 0x4f, 0x55, 0x4e, 0x44, 0x20, 0x43, 0x4f, 0x4c, 0x4f, 0x52,
  0x2e, 0x0d, 0x0a, 0x0d, 0x0a, 0x20, 0xce, 0x20, 0x50, 0x52, 0x45, 0x53,
  0x53, 0x20, 0x41, 0x43, 0x43, 0x45, 0x50, 0x54, 0x20, 0x54, 0x4f, 0x20,
  0x43, 0x48, 0x41, 0x4e, 0x47, 0x45, 0x20, 0x54, 0x48, 0x45, 0x0d, 0x0a,
  0x20, 0x20, 0x20, 0x42, 0x4f, 0x52, 0x44, 0x45, 0x52, 0x20, 0x43, 0x4f,
  0x4c, 0x4f, 0x52, 0x2e, 0x0d, 0x0a, 0x00, 0x0d, 0x0a, 0x20, 0x53, 0x43,
  0x52, 0x45, 0x45, 0x4e, 0x20, 0x32, 0x20, 0x54, 0x45, 0x53, 0x54, 0x0d,
  0x0a, 0x00, 0x0d, 0x0a, 0x20, 0xce, 0x20, 0x50, 0x52, 0x45, 0x53, 0x53,
  0x20, 0x52, 0x49, 0x47, 0x48, 0x54, 0x2f, 0x4c, 0x45, 0x46, 0x54, 0x20,
  0x54, 0x4f, 0x20, 0x43, 0x48, 0x41, 0x4e, 0x47, 0x45, 0x0d, 0x0a, 0x20,
  0x20, 0x20, 0x54, 0x48, 0x45, 0x20, 0x49, 0x4d, 0x41, 0x47, 0x45, 0x2e,
  0x0d, 0x0a, 0x0d, 0x0a, 0x20, 0xce, 0x20, 0x50, 0x52, 0x45, 0x53, 0x53,
  0x20, 0x55, 0x50, 0x2f, 0x44, 0x4f, 0x57, 0x4e, 0x20, 0x54, 0x4f, 0x20,
  0x43, 0x48, 0x41, 0x4e, 0x47, 0x45, 0x20, 0x54, 0x48, 0x45, 0x0d, 0x0a,
  0x20, 0x20, 0x20, 0x42, 0x4f, 0x52, 0x44, 0x45, 0x52, 0x20, 0x43, 0x4f,
  0x4c, 0x4f, 0x52, 0x2e, 0x0d, 0x0a, 0x00, 0x0d, 0x0a, 0x20, 0x53, 0x43,
  0x52, 0x45, 0x45, 0x4e, 0x20, 0x33, 0x20, 0x54, 0x45, 0x53, 0x54, 0x0d,
  0x0a, 0x00, 0x0d, 0x0a, 0x20, 0xce, 0x20, 0x50, 0x52, 0x45, 0x53, 0x53,
  0x20, 0x52, 0x49, 0x47, 0x48, 0x54, 0x2f, 0x4c, 0x45, 0x46, 0x54, 0x20,
  0x54, 0x4f, 0x20, 0x43, 0x48, 0x41, 0x4e, 0x47, 0x45, 0x0d, 0x0a, 0x20,
  0x20, 0x20, 0x54, 0x48, 0x45, 0x20, 0x50, 0x41, 0x54, 0x54, 0x45, 0x52,
  0x4e, 0x2e, 0x0d, 0x0a, 0x0d, 0x0a, 0x20, 0xce, 0x20, 0x50, 0x52, 0x45,
  0x53, 0x53, 0x20, 0x55, 0x50, 0x2f, 0x44, 0x4f, 0x57, 0x4e, 0x20, 0x54,
  0x4f, 0x20, 0x43, 0x48, 0x41, 0x4e, 0x47, 0x45, 0x20, 0x54, 0x48, 0x45,
  0x0d, 0x0a, 0x20, 0x20, 0x20, 0x42, 0x4f, 0x52, 0x44, 0x45, 0x52, 0x20,
  0x43, 0x4f, 0x4c, 0x4f, 0x52, 0x2e, 0x0d, 0x0a, 0x00, 0x0d, 0x0a, 0x20,
  0x53, 0x50, 0x52, 0x49, 0x54, 0x45, 0x53, 0x20, 0x54, 0x45, 0x53, 0x54,
  0x20, 0x28, 0x31, 0x36, 0x78, 0x31, 0x36, 0x20, 0x4d, 0x4f, 0x44, 0x45,
  0x29, 0x0d, 0x0a, 0x00, 0x0d, 0x0a, 0x20, 0xce, 0x20, 0x50, 0x52, 0x45,
  0x53, 0x53, 0x20, 0x41, 0x43, 0x43, 0x45, 0x50, 0x54, 0x20, 0x54, 0x4f,
  0x20, 0x53, 0x54, 0x41, 0x52, 0x54, 0x2f, 0x53, 0x54, 0x4f, 0x50, 0x20,
  0x54, 0x48, 0x45, 0x0d, 0x0a, 0x20, 0x20, 0x20, 0x53, 0x50, 0x52, 0x49,
  0x54, 0x45, 0x53, 0x20, 0x4d, 0x4f, 0x56, 0x45, 0x4d, 0x45, 0x4e, 0x54,
  0x2e, 0x0d, 0x0a, 0x0d, 0x0a, 0x20, 0xce, 0x20, 0x50, 0x52, 0x45, 0x53,
  0x53, 0x20, 0x55, 0x50, 0x20, 0x54, 0x4f, 0x20, 0x52, 0x45, 0x53, 0x45,
  0x54, 0x20, 0x54, 0x48, 0x45, 0x20, 0x50, 0x4f, 0x53, 0x49, 0x54, 0x49,
  0x4f, 0x4e, 0x53, 0x2e, 0x0d, 0x0a, 0x00, 0x0d, 0x0a, 0x20, 0x4b, 0x45,
  0x59, 0x42, 0x4f, 0x41, 0x52, 0x44, 0x20, 0x54, 0x45, 0x53, 0x54, 0x0d,
  0x0a, 0x00, 0x0d, 0x0a, 0x20, 0xce, 0x20, 0x50, 0x52, 0x45, 0x53, 0x53,
  0x20, 0x41, 0x4e, 0x44, 0x20, 0x52, 0x45, 0x4c, 0x45, 0x41, 0x53, 0x45,
  0x20, 0x54, 0x48, 0x45, 0x20, 0x4b, 0x45, 0x59, 0x20, 0x54, 0x4f, 0x20,
  0x54, 0x45, 0x53, 0x54, 0x2e, 0x0d, 0x0a, 0x0d, 0x0a, 0x20, 0xce, 0x20,
  0x57, 0x48, 0x45, 0x4e, 0x20, 0x41, 0x20, 0x4b, 0x45, 0x59, 0x20, 0x50,
  0x52, 0x45, 0x53, 0x53, 0x20, 0x4f, 0x52, 0x20, 0x52, 0x45, 0x4c, 0x45,
  0x41, 0x53, 0x45, 0x20, 0x49, 0x53, 0x0d, 0x0a, 0x20, 0x20, 0x20, 0x44,
  0x45, 0x54, 0x45, 0x43, 0x54, 0x45, 0x44, 0x2c, 0x20, 0x59, 0x4f, 0x55,
  0x27, 0x4c, 0x4c, 0x20, 0x42, 0x45, 0x20, 0x57, 0x41, 0x52, 0x4e, 0x45,
  0x44, 0x20, 0x57, 0x49, 0x54, 0x48, 0x20, 0x41, 0x0d, 0x0a, 0x20, 0x20,
  0x20, 0x54, 0x45, 0x58, 0x54, 0x2c, 0x20, 0x43, 0x4f, 0x4c, 0x4f, 0x52,
  0x20, 0x43, 0x48, 0x41, 0x4e, 0x47, 0x45, 0x20, 0x41, 0x4e, 0x44, 0x20,
  0x41, 0x20, 0x53, 0x4f, 0x55, 0x4e, 0x44, 0x2e, 0x0d, 0x0a, 0x0d, 0x0a,
  0x20, 0xce, 0x20, 0x50, 0x52, 0x45, 0x53, 0x53, 0x20, 0x53, 0x48, 0x49,
  0x46, 0x54, 0x20, 0x2b, 0x20, 0x45, 0x53, 0x43, 0x20, 0x4f, 0x52, 0x20,
  0x42, 0x55, 0x54, 0x54, 0x4f, 0x4e, 0x20, 0x32, 0x20, 0x54, 0x4f, 0x0d,
  0x0a, 0x20, 0x20, 0x20, 0x42, 0x41, 0x43, 0x4b, 0x20, 0x54, 0x4f, 0x20,
  0x54, 0x48, 0x45, 0x20, 0x4d, 0x41, 0x49, 0x4e, 0x20, 0x4d, 0x45, 0x4e,
  0x55, 0x2e, 0x0d, 0x0a, 0x00, 0x50, 0x4c, 0x45, 0x41, 0x53, 0x45, 0x2c,
  0x20, 0x52, 0x45, 0x4c, 0x45, 0x41, 0x53, 0x45, 0x20, 0x41, 0x4c, 0x4c,
  0x20, 0x54, 0x48, 0x45, 0x20, 0x4b, 0x45, 0x59, 0x53, 0x2e, 0x2e, 0x2e,
  0x00, 0x4b, 0x45, 0x59, 0x42, 0x4f, 0x41, 0x52, 0x44, 0x20, 0x54, 0x45,
  0x53, 0x54, 0x20, 0x52, 0x45, 0x41, 0x44, 0x59, 0x2e, 0x2e, 0x2e, 0x0d,
  0x0a, 0x0d, 0x0a, 0x00, 0x20, 0x49, 0x53, 0x20, 0x44, 0x4f, 0x57, 0x4e,
  0x2e, 0x0d, 0x0a, 0x00, 0x20, 0x49, 0x53, 0x20, 0x55, 0x50, 0x2e, 0x0d,
  0x0a, 0x00, 0x0d, 0x0a, 0x20, 0x4a, 0x4f, 0x59, 0x53, 0x54, 0x49, 0x43,
  0x4b, 0x53, 0x20, 0x54, 0x45, 0x53, 0x54, 0x0d, 0x0a, 0x00, 0x0d, 0x0a,
  0x20, 0xce, 0x20, 0x54, 0x45, 0x53, 0x54, 0x20, 0x54, 0x48, 0x45, 0x20,
  0x34, 0x20, 0x44, 0x49, 0x52, 0x45, 0x43, 0x54, 0x49, 0x4f, 0x4e, 0x53,
  0x20, 0x41, 0x4e, 0x44, 0x20, 0x32, 0x20, 0x42, 0x55, 0x54, 0x54, 0x4f,
  0x4e, 0x53, 0x0d, 0x0a, 0x20, 0x20, 0x20, 0x4f, 0x46, 0x20, 0x54, 0x48,
  0x45, 0x20, 0x32, 0x20, 0x4a, 0x4f, 0x59, 0x53, 0x54, 0x49, 0x43, 0x4b,
  0x53, 0x2e, 0x0d, 0x0a, 0x0d, 0x0a, 0x20, 0xce, 0x20, 0x43, 0x4f, 0x4c,
  0x4f, 0x52, 0x20, 0x4f, 0x46, 0x20, 0x54, 0x48, 0x45, 0x20, 0x49, 0x4e,
  0x44, 0x49, 0x43, 0x41, 0x54, 0x4f, 0x52, 0x53, 0x20, 0x57, 0x49, 0x4c,
  0x4c, 0x20, 0x43, 0x48, 0x41, 0x4e, 0x47, 0x45, 0x0d, 0x0a, 0x20, 0x20,
  0x20, 0x49, 0x46, 0x20, 0x50, 0x52, 0x45, 0x53, 0x53, 0x20, 0x49, 0x53,
  0x20, 0x44, 0x45, 0x54, 0x45, 0x43, 0x54, 0x45, 0x44, 0x2e, 0x0d, 0x0a,
  0x0d, 0x0a, 0x20, 0xce, 0x20, 0x50, 0x52, 0x45, 0x53, 0x53, 0x20, 0x4a,
  0x4f, 0x59, 0x31, 0x20, 0x55, 0x50, 0x20, 0x2b, 0x20, 0x42, 0x55, 0x54,
  0x54, 0x4f, 0x4e, 0x20, 0x31, 0x20, 0x4f, 0x52, 0x20, 0x45, 0x53, 0x43,
  0x0d, 0x0a, 0x20, 0x20, 0x20, 0x54, 0x4f, 0x20, 0x42, 0x41, 0x43, 0x4b,
  0x20, 0x54, 0x4f, 0x20, 0x54, 0x48, 0x45, 0x20, 0x4d, 0x41, 0x49, 0x4e,
  0x20, 0x4d, 0x45, 0x4e, 0x55, 0x2e, 0x0d, 0x0a, 0x00, 0x0d, 0x0a, 0x20,
  0x50, 0x53, 0x47, 0x20, 0x54, 0x45, 0x53, 0x54, 0x0d, 0x0a, 0x00, 0x0d,
  0x0a, 0x20, 0xce, 0x20, 0x50, 0x52, 0x45, 0x53, 0x53, 0x20, 0x55, 0x50,
  0x2f, 0x44, 0x4f, 0x57, 0x4e, 0x20, 0x54, 0x4f, 0x20, 0x43, 0x48, 0x41,
  0x4e, 0x47, 0x45, 0x0d, 0x0a, 0x20, 0x20, 0x20, 0x54, 0x48, 0x45, 0x20,
  0x4f, 0x50, 0x54, 0x49, 0x4f, 0x4e, 0x2e, 0x0d, 0x0a, 0x0d, 0x0a, 0x20,
  0xce, 0x20, 0x50, 0x52, 0x45, 0x53, 0x53, 0x20, 0x4c, 0x45, 0x46, 0x54,
  0x2f, 0x52, 0x49, 0x47, 0x48, 0x54, 0x20, 0x54, 0x4f, 0x20, 0x43, 0x48,
  0x41, 0x4e, 0x47, 0x45, 0x0d, 0x0a, 0x20, 0x20, 0x20, 0x54, 0x48, 0x45,
  0x20, 0x56, 0x41, 0x4c, 0x55, 0x45, 0x2e, 0x0d, 0x0a, 0x00, 0xc5, 0xc3,
  0xc3, 0xc3, 0xc3, 0xc3, 0xc3, 0xc3, 0xc3, 0xc3, 0xc3, 0xc3, 0xc3, 0xc3,
  0xc3, 0xc3, 0xc3, 0xc3, 0xc3, 0xc3, 0xc3, 0xc3, 0xc3, 0xc3, 0xc3, 0xc3,
  0xc3, 0xc3, 0xc3, 0xc3, 0xc3, 0xc3, 0xc3, 0xc3, 0xc3, 0xc3, 0xc3, 0xc3,
  0xc6, 0x0d, 0x0a, 0xc4, 0x20, 0x20, 0x20, 0x50, 0x53, 0x47, 0x20, 0x54,
  0x45, 0x53, 0x54, 0x20, 0x20, 0x20, 0x20, 0x20, 0x20, 0x20, 0x20, 0x20,
  0x20, 0x20, 0x20, 0x20, 0x20, 0x20, 0x20, 0x20, 0x20, 0x20, 0x20, 0x20,
  0x20, 0x20, 0x20, 0x20, 0x20, 0xc4, 0x0d, 0x0a, 0xc9, 0xc3, 0xc3, 0xc3,
  0xc3, 0xc3, 0xcc, 0xc3, 0xc3, 0xc3, 0xc3, 0xc3, 0xc3, 0xc3, 0xcc, 0xc3,
  0xc3, 0xc3, 0xc3, 0xc3, 0xc3, 0xc3, 0xcc, 0xc3, 0xc3, 0xc3, 0xc3, 0xc3,
  0xc3, 0xc3, 0xcc, 0xc3, 0xc3, 0xc3, 0xc3, 0xc3, 0xc3, 0xc3, 0xca, 0x0d,
  0x0a, 0xc4, 0x20, 0x46, 0x52, 0x51, 0x20, 0xc4, 0x20, 0x20, 0x4f, 0x46,
  0x46, 0x20, 0x20, 0xc4, 0x20, 0x33, 0x30, 0x30, 0x48, 0x5a, 0x20, 0xc4,
  0x20, 0x35, 0x30, 0x30, 0x48, 0x5a, 0x20, 0xc4, 0x20, 0x31, 0x4b, 0x48,
  0x5a, 0x20, 0x20, 0xc4, 0x0d, 0x0a, 0xc9, 0xc3, 0xc3, 0xc3, 0xc3, 0xc3,
  0xcb, 0xc3, 0xc3, 0xc3, 0xc3, 0xc3, 0xc3, 0xc3, 0xcb, 0xc3, 0xc3, 0xc3,
  0xc3, 0xc3, 0xc3, 0xc3, 0xcb, 0xc3, 0xc3, 0xc3, 0xc3, 0xc3, 0xc3, 0xc3,
  0xcb, 0xc3, 0xc3, 0xc3, 0xc3, 0xc3, 0xc3, 0xc3, 0xca, 0x0d, 0x0a, 0xc4,
  0x20, 0xc0, 0x20, 0x41, 0x20, 0xc4, 0x20, 0x20, 0x20, 0xc1, 0x20, 0x20,
  0x20, 0xc4, 0x20, 0x20, 0x20, 0xc2, 0x20, 0x20, 0x20, 0xc4, 0x20, 0x20,
  0x20, 0xc2, 0x20, 0x20, 0x20, 0xc4, 0x20, 0x20, 0x20, 0xc2, 0x20, 0x20,
  0x20, 0xc4, 0x0d, 0x0a, 0xc9, 0xc3, 0xc3, 0xc3, 0xc3, 0xc3, 0xcb, 0xc3,
  0xc3, 0xc3, 0xc3, 0xc3, 0xc3, 0xc3, 0xcb, 0xc3, 0xc3, 0xc3, 0xc3, 0xc3,
  0xc3, 0xc3, 0xcb, 0xc3, 0xc3, 0xc3, 0xc3, 0xc3, 0xc3, 0xc3, 0xcb, 0xc3,
  0xc3, 0xc3, 0xc3, 0xc3, 0xc3, 0xc3, 0xca, 0x0d, 0x0a, 0xc4, 0x20, 0x20,
  0x20, 0x42, 0x20, 0xc4, 0x20, 0x20, 0x20, 0xc1, 0x20, 0x20, 0x20, 0xc4,
  0x20, 0x20, 0x20, 0xc2, 0x20, 0x20, 0x20, 0xc4, 0x20, 0x20, 0x20, 0xc2,
  0x20, 0x20, 0x20, 0xc4, 0x20, 0x20, 0x20, 0xc2, 0x20, 0x20, 0x20, 0xc4,
  0x0d, 0x0a, 0xc9, 0xc3, 0xc3, 0xc3, 0xc3, 0xc3, 0xcb, 0xc3, 0xc3, 0xc3,
  0xc3, 0xc3, 0xc3, 0xc3, 0xcb, 0xc3, 0xc3, 0xc3, 0xc3, 0xc3, 0xc3, 0xc3,
  0xcb, 0xc3, 0xc3, 0xc3, 0xc3, 0xc3, 0xc3, 0xc3, 0xcb, 0xc3, 0xc3, 0xc3,
  0xc3, 0xc3, 0xc3, 0xc3, 0xca, 0x0d, 0x0a, 0xc4, 0x20, 0x20, 0x20, 0x43,
  0x20, 0xc4, 0x20, 0x20, 0x20, 0xc1, 0x20, 0x20, 0x20, 0xc4, 0x20, 0x20,
  0x20, 0xc2, 0x20, 0x20, 0x20, 0xc4, 0x20, 0x20, 0x20, 0xc2, 0x20, 0x20,
  0x20, 0xc4, 0x20, 0x20, 0x20, 0xc2, 0x20, 0x20, 0x20, 0xc4, 0x0d, 0x0a,
  0xc9, 0xc3, 0xc3, 0xc3, 0xc3, 0xc3, 0xcd, 0xc3, 0xc3, 0xc3, 0xc3, 0xc3,
  0xc3, 0xc3, 0xcb, 0xc3, 0xc3, 0xc3, 0xc3, 0xc3, 0xc3, 0xc3, 0xcd, 0xc3,
  0xc3, 0xc3, 0xc3, 0xc3, 0xc3, 0xc3, 0xcd, 0xc3, 0xcc, 0xc3, 0xc3, 0xc3,
  0xc3, 0xc3, 0xca, 0x0d, 0x0a, 0xc4, 0x20, 0x20, 0x20, 0x56, 0x4f, 0x4c,
  0x55, 0x4d, 0x45, 0x20, 0x41, 0x20, 0x20, 0xc4, 0x20, 0xc1, 0xc1, 0xc1,
  0xc1, 0xc1, 0xc1, 0xc1, 0xc1, 0xc1, 0xc1, 0xc1, 0xc1, 0xc1, 0xc1, 0xc1,
  0x20, 0xc4, 0x20, 0x20, 0x20, 0x20, 0x20, 0xc4, 0x0d, 0x0a, 0xc9, 0xc3,
  0xc3, 0xc3, 0xc3, 0xc3, 0xc3, 0xc3, 0xc3, 0xc3, 0xc3, 0xc3, 0xc3, 0xc3,
  0xcb, 0xc3, 0xc3, 0xc3, 0xc3, 0xc3, 0xc3, 0xc3, 0xc3, 0xc3, 0xc3, 0xc3,
  0xc3, 0xc3, 0xc3, 0xc3, 0xc3, 0xc3, 0xcb, 0xc3, 0xc3, 0xc3, 0xc3, 0xc3,
  0xca, 0x0d, 0x0a, 0xc4, 0x20, 0x20, 0x20, 0x56, 0x4f, 0x4c, 0x55, 0x4d,
  0x45, 0x20, 0x42, 0x20, 0x20, 0xc4, 0x20, 0xc1, 0xc1, 0xc1, 0xc1, 0xc1,
  0xc1, 0xc1, 0xc1, 0xc1, 0xc1, 0xc1, 0xc1, 0xc1, 0xc1, 0xc1, 0x20, 0xc4,
  0x20, 0x20, 0x20, 0x20, 0x20, 0xc4, 0x0d, 0x0a, 0xc9, 0xc3, 0xc3, 0xc3,
  0xc3, 0xc3, 0xc3, 0xc3, 0xc3, 0xc3, 0xc3, 0xc3, 0xc3, 0xc3, 0xcb, 0xc3,
  0xc3, 0xc3, 0xc3, 0xc3, 0xc3, 0xc3, 0xc3, 0xc3, 0xc3, 0xc3, 0xc3, 0xc3,
  0xc3, 0xc3, 0xc3, 0xc3, 0xcb, 0xc3, 0xc3, 0xc3, 0xc3, 0xc3, 0xca, 0x0d,
  0x0a, 0xc4, 0x20, 0x20, 0x20, 0x56, 0x4f, 0x4c, 0x55, 0x4d, 0x45, 0x20,
  0x43, 0x20, 0x20, 0xc4, 0x20, 0xc1, 0xc1, 0xc1, 0xc1, 0xc1, 0xc1, 0xc1,
  0xc1, 0xc1, 0xc1, 0xc1, 0xc1, 0xc1, 0xc1, 0xc1, 0x20, 0xc4, 0x20, 0x20,
  0x20, 0x20, 0x20, 0xc4, 0x0d, 0x0a, 0xc9, 0xc3, 0xc3, 0xc3, 0xc3, 0xc3,
  0xc3, 0xc3, 0xc3, 0xc3, 0xc3, 0xc3, 0xc3, 0xc3, 0xcb, 0xc3, 0xc3, 0xc3,
  0xc3, 0xc3, 0xcc, 0xc3, 0xc3, 0xc3, 0xc3, 0xc3, 0xcc, 0xc3, 0xc3, 0xc3,
  0xc3, 0xc3, 0xcb, 0xc3, 0xc3, 0xc3, 0xc3, 0xc3, 0xca, 0x0d, 0x0a, 0xc4,
  0x20, 0x20, 0x20, 0x4e, 0x4f, 0x49, 0x53, 0x45, 0x20, 0x20, 0x20, 0x20,
  0x20, 0xc4, 0x20, 0x4f, 0x46, 0x46, 0x20, 0xc4, 0x20, 0x20, 0x41, 0x20,
  0x20, 0xc4, 0x20, 0x20, 0x42, 0x20, 0x20, 0xc4, 0x20, 0x20, 0x43, 0x20,
  0x20, 0xc4, 0x0d, 0x0a, 0xc9, 0xc3, 0xc3, 0xc3, 0xc3, 0xc3, 0xc3, 0xc3,
  0xc3, 0xc3, 0xc3, 0xc3, 0xc3, 0xc3, 0xcb, 0xc3, 0xc3, 0xc3, 0xc3, 0xc3,
  0xcb, 0xc3, 0xc3, 0xc3, 0xc3, 0xc3, 0xcb, 0xc3, 0xc3, 0xc3, 0xc3, 0xc3,
  0xcb, 0xc3, 0xc3, 0xc3, 0xc3, 0xc3, 0xca, 0x0d, 0x0a, 0xc4, 0x20, 0x20,
  0x20, 0x45, 0x4e, 0x41, 0x42, 0x4c, 0x45, 0x20, 0x20, 0x20, 0x20, 0xc4,
  0x20, 0x20, 0xc1, 0x20, 0x20, 0xc4, 0x20, 0x20, 0xc2, 0x20, 0x20, 0xc4,
  0x20, 0x20, 0xc2, 0x20, 0x20, 0xc4, 0x20, 0x20, 0xc2, 0x20, 0x20, 0xc4,
  0x0d, 0x0a, 0xc9, 0xc3, 0xc3, 0xc3, 0xc3, 0xc3, 0xc3, 0xc3, 0xc3, 0xc3,
  0xc3, 0xc3, 0xc3, 0xc3, 0xcb, 0xc3, 0xc3, 0xc3, 0xc3, 0xc3, 0xcd, 0xc3,
  0xc3, 0xc3, 0xc3, 0xc3, 0xcd, 0xc3, 0xc3, 0xc3, 0xc3, 0xc3, 0xcb, 0xc3,
  0xc3, 0xc3, 0xc3, 0xc3, 0xca, 0x0d, 0x0a, 0xc4, 0x20, 0x20, 0x20, 0x46,
  0x52, 0x45, 0x51, 0x55, 0x45, 0x4e, 0x43, 0x59, 0x20, 0xc4, 0x20, 0xc1,
  0xc1, 0xc1, 0xc1, 0xc1, 0xc1, 0xc1, 0xc1, 0xc2, 0xc2, 0xc2, 0xc2, 0xc2,
  0xc2, 0xc2, 0x20, 0xc4, 0x20, 0x20, 0x20, 0x20, 0x20, 0xc4, 0x0d, 0x0a,
  0xc7, 0xc3, 0xc3, 0xc3, 0xc3, 0xc3, 0xc3, 0xc3, 0xc3, 0xc3, 0xc3, 0xc3,
  0xc3, 0xc3, 0xcd, 0xc3, 0xc3, 0xc3, 0xc3, 0xc3, 0xc3, 0xc3, 0xc3, 0xc3,
  0xc3, 0xc3, 0xc3, 0xc3, 0xc3, 0xc3, 0xc3, 0xc3, 0xcd, 0xc3, 0xc3, 0xc3,
  0xc3, 0xc3, 0xc8, 0x0d, 0x0a, 0x00, 0x20, 0x53, 0x59, 0x53, 0x54, 0x45,
  0x4d, 0x20, 0x49, 0x4e, 0x46, 0x4f, 0x52, 0x4d, 0x41, 0x54, 0x49, 0x4f,
  0x4e, 0x0d, 0x0a, 0x00, 0x4d, 0x4f, 0x44, 0x45, 0x4c, 0x3a, 0x20, 0x00,
  0x4d, 0x53, 0x58, 0x00, 0x4d, 0x53, 0x58, 0x32, 0x00, 0x4d, 0x53, 0x58,
  0x32, 0x2b, 0x00, 0x54, 0x55, 0x52, 0x42, 0x4f, 0x2d, 0x52, 0x00, 0x3f,
  0x3f, 0x3f, 0x00, 0x4b, 0x42, 0x00, 0x52, 0x41, 0x4d, 0x3a, 0x20, 0x00,
  0x56, 0x52, 0x41, 0x4d, 0x3a, 0x20, 0x00, 0x56, 0x44, 0x50, 0x3a, 0x20,
  0x00, 0x54, 0x4d, 0x53, 0x39, 0x39, 0x31, 0x38, 0x41, 0x2f, 0x32, 0x38,
  0x41, 0x00, 0x54, 0x4d, 0x53, 0x39, 0x39, 0x32, 0x39, 0x41, 0x00, 0x56,
  0x39, 0x39, 0x33, 0x38, 0x00, 0x56, 0x39, 0x39, 0x35, 0x38, 0x00, 0x46,
  0x52, 0x45, 0x51, 0x3a, 0x20, 0x00, 0x48, 0x5a, 0x00, 0x4b, 0x45, 0x59,
  0x42, 0x4f, 0x41, 0x52, 0x44, 0x3a, 0x20, 0x00, 0x4a, 0x50, 0x00, 0x49,
  0x4e, 0x54, 0x00, 0x46, 0x52, 0x00, 0x47, 0x42, 0x00, 0x44, 0x45, 0x00,
  0x55, 0x53, 0x53, 0x52, 0x00, 0x53, 0x50, 0x00, 0x20, 0x2d, 0x20, 0x00,
  0x44, 0x41, 0x54, 0x45, 0x00, 0x54, 0x49, 0x4d, 0x45, 0x00, 0xc5, 0xc3,
  0xcc, 0xc3, 0xc3, 0xc3, 0xc3, 0xcc, 0xc3, 0xc3, 0xc3, 0xc3, 0xcc, 0xc3,
  0xc3, 0xc3, 0xc3, 0xcc, 0xc3, 0xc3, 0xc3, 0xc3, 0xcc, 0xc3, 0xc6, 0x00,
  0xc4, 0x20, 0xc4, 0x20, 0x20, 0x20, 0x20, 0xc4, 0x20, 0x20, 0x20, 0x20,
  0xc4, 0x20, 0x20, 0x20, 0x20, 0xc4, 0x20, 0x20, 0x20, 0x20, 0xc4, 0x20,
  0xc4, 0x00, 0xc9, 0xc3, 0xcb, 0xc3, 0xc3, 0xc3, 0xc3, 0xcb, 0xc3, 0xc3,
  0xc3, 0xc3, 0xcb, 0xc3, 0xc3, 0xc3, 0xc3, 0xcb, 0xc3, 0xc3, 0xc3, 0xc3,
  0xcb, 0xc3, 0xca, 0x00, 0xc7, 0xc3, 0xcd, 0xc3, 0xc3, 0xc3, 0xc3, 0xcd,
  0xc3, 0xc3, 0xc3, 0xc3, 0xcd, 0xc3, 0xc3, 0xc3, 0xc3, 0xcd, 0xc3, 0xc3,
  0xc3, 0xc3, 0xcd, 0xc3, 0xc8, 0x00, 0x20, 0x50, 0x52, 0x45, 0x53, 0x53,
  0x20, 0x41, 0x43, 0x43, 0x45, 0x50, 0x54, 0x20, 0x4f, 0x52, 0x20, 0x43,
  0x41, 0x4e, 0x43, 0x45, 0x4c, 0x20, 0x54, 0x4f, 0x20, 0x45, 0x58, 0x49,
  0x54, 0x2e, 0x00, 0x0d, 0x0a, 0x20, 0x4d, 0x4f, 0x4e, 0x49, 0x54, 0x4f,
  0x52, 0x20, 0x43, 0x4f, 0x4c, 0x4f, 0x52, 0x20, 0x54, 0x45, 0x53, 0x54,
  0x0d, 0x0a, 0x00, 0x0d, 0x0a, 0x20, 0xce, 0x20, 0x50, 0x52, 0x45, 0x53,
  0x53, 0x20, 0x4c, 0x45, 0x46, 0x54, 0x2f, 0x52, 0x49, 0x47, 0x48, 0x54,
  0x20, 0x54, 0x4f, 0x20, 0x43, 0x48, 0x41, 0x4e, 0x47, 0x45, 0x0d, 0x0a,
  0x20, 0x20, 0x20, 0x54, 0x48, 0x45, 0x20, 0x43, 0x4f, 0x4c, 0x4f, 0x52,
  0x2e, 0x0d, 0x0a, 0x0d, 0x0a, 0x20, 0xce, 0x20, 0x50, 0x52, 0x45, 0x53,
  0x53, 0x20, 0x55, 0x50, 0x2f, 0x44, 0x4f, 0x57, 0x4e, 0x20, 0x54, 0x4f,
  0x20, 0x43, 0x48, 0x41, 0x4e, 0x47, 0x45, 0x0d, 0x0a, 0x20, 0x20, 0x20,
  0x54, 0x48, 0x45, 0x20, 0x53, 0x50, 0x45, 0x45, 0x44, 0x20, 0x28, 0x49,
  0x46, 0x20, 0x41, 0x56, 0x41, 0x49, 0x4c, 0x41, 0x42, 0x4c, 0x45, 0x29,
  0x2e, 0x0d, 0x0a, 0x00, 0x20, 0x54, 0x45, 0x53, 0x54, 0x00, 0x57, 0x48,
  0x49, 0x54, 0x45, 0x00, 0x42, 0x4c, 0x41, 0x43, 0x4b, 0x00, 0x52, 0x45,
  0x44, 0x00, 0x47, 0x52, 0x45, 0x45, 0x4e, 0x00, 0x42, 0x4c, 0x55, 0x45,
  0x20, 0x00, 0x4c, 0x4f, 0x4f, 0x50, 0x49, 0x4e, 0x47, 0x00, 0x0d, 0x0a,
  0x20, 0x4d, 0x49, 0x58, 0x45, 0x44, 0x20, 0x4d, 0x4f, 0x44, 0x45, 0x20,
  0x54, 0x45, 0x53, 0x54, 0x0d, 0x0a, 0x00, 0x0d, 0x0a, 0x20, 0xce, 0x20,
  0x59, 0x4f, 0x55, 0x20, 0x4d, 0x55, 0x53, 0x54, 0x20, 0x53, 0x45, 0x45,
  0x20, 0x33, 0x20, 0x54, 0x45, 0x58, 0x54, 0x20, 0x42, 0x4c, 0x4f, 0x43,
  0x4b, 0x53, 0x20, 0x49, 0x46, 0x0d, 0x0a, 0x20, 0x20, 0x20, 0x59, 0x4f,
  0x55, 0x52, 0x20, 0x56, 0x44, 0x50, 0x20, 0x53, 0x55, 0x50, 0x50, 0x4f,
  0x52, 0x54, 0x53, 0x20, 0x4d, 0x49, 0x58, 0x45, 0x44, 0x20, 0x4d, 0x4f,
  0x44, 0x45, 0x2e, 0x0d, 0x0a, 0x00, 0x20, 0x20, 0x59, 0x4f, 0x55, 0x20,
  0x4d, 0x55, 0x53, 0x54, 0x20, 0x53, 0x45, 0x45, 0x20, 0x4d, 0x45, 0x20,
  0x54, 0x48, 0x52, 0x45, 0x45, 0x20, 0x54, 0x49, 0x4d, 0x45, 0x53, 0x20,
  0x20, 0x20, 0x20, 0x52, 0x41, 0x4d, 0x20, 0x4c, 0x41, 0x59, 0x4f, 0x55,
  0x54, 0x0d, 0x0a, 0x00, 0x20, 0x53, 0x4c, 0x4f, 0x54, 0x20, 0x20, 0x20,
  0x50, 0x41, 0x47, 0x45, 0x20, 0x30, 0x20, 0x20, 0x50, 0x41, 0x47, 0x45,
  0x20, 0x31, 0x20, 0x20, 0x50, 0x41, 0x47, 0x45, 0x20, 0x32, 0x20, 0x20,
  0x50, 0x41, 0x47, 0x45, 0x20, 0x33, 0x0d, 0x0a, 0x00, 0x20, 0x20, 0x30,
  0x2d, 0x30, 0x20, 0x00, 0x4d, 0x41, 0x50, 0x50, 0x45, 0x44, 0x00, 0x50,
  0x41, 0x47, 0x45, 0x53, 0x00, 0x20, 0x49, 0x4e, 0x20, 0x00, 0x20, 0x53,
  0x45, 0x4c, 0x45, 0x43, 0x54, 0x20, 0x41, 0x20, 0x53, 0x4c, 0x4f, 0x54,
  0x20, 0x54, 0x4f, 0x20, 0x54, 0x45, 0x53, 0x54, 0x20, 0x41, 0x4e, 0x44,
  0x20, 0x50, 0x52, 0x45, 0x53, 0x53, 0x0d, 0x0a, 0x20, 0x41, 0x43, 0x43,
  0x45, 0x50, 0x54, 0x20, 0x4f, 0x52, 0x20, 0x50, 0x52, 0x45, 0x53, 0x53,
  0x20, 0x43, 0x41, 0x4e, 0x43, 0x45, 0x4c, 0x20, 0x54, 0x4f, 0x20, 0x45,
  0x58, 0x49, 0x54, 0x2e, 0x00, 0x54, 0x45, 0x53, 0x54, 0x49, 0x4e, 0x47,
  0x20, 0x53, 0x4c, 0x4f, 0x54, 0x20, 0x00, 0x50, 0x41, 0x47, 0x45, 0x20,
  0x00, 0x20, 0x45, 0x52, 0x52, 0x4f, 0x52, 0x53, 0x20, 0x46, 0x4f, 0x55,
  0x4e, 0x44, 0x00, 0x0d, 0x0a, 0x00, 0xc0, 0xe0, 0xf0, 0xf8, 0xf0, 0xe0,
  0xc0, 0x00, 0xfc, 0xfc, 0xfc, 0xfc, 0xfc, 0xfc, 0xfc, 0x00, 0x00, 0x00,
  0x78, 0x78, 0x78, 0x00, 0x00, 0x00, 0x00, 0x00, 0x00, 0xff, 0x00, 0x00,
  0x00, 0x00, 0x10, 0x10, 0x10, 0x10, 0x10, 0x10, 0x10, 0x10, 0x00, 0x00,
  0x00, 0x1c, 0x10, 0x10, 0x10, 0x10, 0x00, 0x00, 0x00, 0xf0, 0x10, 0x10,
  0x10, 0x10, 0x10, 0x10, 0x10, 0x1c, 0x00, 0x00, 0x00, 0x00, 0x10, 0x10,
  0x10, 0xf0, 0x00, 0x00, 0x00, 0x00, 0x10, 0x10, 0x10, 0x1c, 0x10, 0x10,
  0x10, 0x10, 0x10, 0x10, 0x10, 0xf0, 0x10, 0x10, 0x10, 0x10, 0x10, 0x10,
  0x10, 0xfc, 0x10, 0x10, 0x10, 0x10, 0x00, 0x00, 0x00, 0xfc, 0x10, 0x10,
  0x10, 0x10, 0x10, 0x10, 0x10, 0xfc, 0x00, 0x00, 0x00, 0x00, 0x00, 0x10,
  0x38, 0x7c, 0x38, 0x10, 0x00, 0x00, 0x30, 0x78, 0x78, 0x30, 0x00, 0x30,
  0x30, 0x00, 0x30, 0x31, 0x32, 0x33, 0x34, 0x35, 0x36, 0x37, 0x38, 0x39,
  0x2d, 0x3d, 0x5c, 0x5b, 0x5d, 0x3b, 0x27, 0x60, 0x2c, 0x2e, 0x2f, 0xc1,
  0x41, 0x42, 0x43, 0x44, 0x45, 0x46, 0x47, 0x48, 0x49, 0x4a, 0x4b, 0x4c,
  0x4d, 0x4e, 0x4f, 0x50, 0x51, 0x52, 0x53, 0x54, 0x55, 0x56, 0x57, 0x58,
  0x59, 0x5a, 0x38, 0x39, 0x29, 0x2d, 0x3c, 0x5e, 0x24, 0x4d, 0x25, 0x23,
  0x3b, 0x3a, 0x3d, 0xc1, 0x51, 0x42, 0x43, 0x44, 0x45, 0x46, 0x47, 0x48,
  0x49, 0x4a, 0x4b, 0x4c, 0x2c, 0x4e, 0x4f, 0x50, 0x41, 0x52, 0x53, 0x54,
  0x55, 0x56, 0x5a, 0x58, 0x59, 0x57, 0xc1, 0xc1, 0xc1, 0xc1, 0xc1, 0xc1,
  0xc1, 0xc1, 0xc1, 0xc1, 0xc1, 0xc1, 0xc1, 0xc1, 0xc1, 0xc1, 0xc1, 0xc1,
  0xc1, 0xc1, 0xc1, 0xc1, 0xc1, 0xc1, 0x2a, 0x2b, 0x2f, 0x30, 0x31, 0x32,
  0x33, 0x34, 0x35, 0x36, 0x37, 0x38, 0x39, 0x2d, 0x2c, 0x2e, 0x00, 0x00,
  0x00, 0x00, 0x00, 0x00, 0x00, 0x00, 0x00, 0x00, 0x00, 0x00, 0x00, 0x00,
  0x00, 0x00, 0x00, 0x00, 0x00, 0x00, 0x00, 0x00, 0x00, 0x00, 0x00, 0x00,
  0x00, 0x00, 0x00, 0x00, 0x00, 0x00, 0x00, 0x00, 0x00, 0x00, 0x00, 0x00,
  0x00, 0x00, 0x00, 0x00, 0x00, 0x00, 0x00, 0x00, 0x00, 0x00, 0x00, 0x00,
  0x00, 0x00, 0x00, 0x00, 0x00, 0x00, 0x00, 0x00, 0x00, 0x00, 0x00, 0x00,
  0x00, 0x00, 0x00, 0x00, 0x00, 0x00, 0x00, 0x00, 0x00, 0x00, 0x00, 0x00,
  0x00, 0x00, 0x00, 0x00, 0x00, 0x00, 0x00, 0x00, 0x00, 0x00, 0x00, 0x00,
  0x00, 0x00, 0x00, 0x00, 0x00, 0x00, 0x00, 0x00, 0x00, 0x00, 0x00, 0x00,
  0x00, 0x00, 0x00, 0x00, 0x00, 0x00, 0x00, 0x00, 0x00, 0x00, 0x00, 0x00,
  0x00, 0x00, 0x00, 0x00, 0x00, 0x00, 0x00, 0x00, 0x00, 0x00, 0x00, 0x00,
  0x00, 0x00, 0x00, 0x00, 0x00, 0x00, 0x00, 0x00, 0x00, 0x00, 0x00, 0x00,
  0x00, 0x00, 0x00, 0x00, 0x00, 0x00, 0x00, 0x00, 0x00, 0x00, 0x00, 0x00,
  0x00, 0x00, 0x00, 0x00, 0x00, 0x00, 0x00, 0x00, 0x00, 0x00, 0x00, 0x00,
  0x00, 0x00, 0x00, 0x00, 0x00, 0x00, 0x00, 0x00, 0x00, 0x00, 0x00, 0x00,
  0x00, 0x00, 0x00, 0x00, 0x00, 0x00, 0x00, 0x00, 0x00, 0x00, 0x00, 0x00,
  0x00, 0x00, 0x00, 0x00, 0x00, 0x00, 0x00, 0x00, 0x00, 0x00, 0x00, 0x00,
  0x00, 0x00, 0x00, 0x00, 0x00, 0x00, 0x00, 0x00, 0x00, 0x00, 0x00, 0x00,
  0x00, 0x00, 0x00, 0x00, 0x00, 0x00, 0x00, 0x00, 0x00, 0x00, 0x00, 0x00,
  0x00, 0x00, 0x00, 0x00, 0x00, 0x00, 0x00, 0x00, 0x00, 0x00, 0x00, 0x00,
  0x00, 0x00, 0x00, 0x00, 0x00, 0x00, 0x00, 0x00, 0x00, 0x00, 0x00, 0x00,
  0x00, 0x00, 0x00, 0x00, 0x00, 0x00, 0x00, 0x00, 0x00, 0x00, 0x00, 0x00,
  0x00, 0x00, 0x00, 0x00, 0x00, 0x00, 0x00, 0x00, 0x00, 0x00, 0x00, 0x00,
  0x00, 0x00, 0x00, 0x00, 0x00, 0x00, 0x00, 0x00, 0x00, 0x00, 0x00, 0x00,
  0x00, 0x00, 0x00, 0x00, 0x00, 0x00, 0x00, 0x00, 0x00, 0x00, 0x00, 0x00,
  0x00, 0x00, 0x00, 0x00, 0x00, 0x00, 0x00, 0x00, 0x00, 0x00, 0x00, 0x00,
  0x00, 0x00, 0x00, 0x00, 0x00, 0x00, 0x00, 0x00, 0x00, 0x00, 0x00, 0x00,
  0x00, 0x00, 0x00, 0x00, 0x00, 0x00, 0x00, 0x00, 0x00, 0x00, 0x00, 0x00,
  0x00, 0x00, 0x00, 0x00, 0x00, 0x00, 0x00, 0x00, 0x00, 0x00, 0x00, 0x00,
  0x00, 0x00, 0x00, 0x00, 0x00, 0x00, 0x00, 0x00, 0x00, 0x00, 0x00, 0x00,
  0x00, 0x00, 0x00, 0x00, 0x00, 0x00, 0x00, 0x00, 0x00, 0x00, 0x00, 0x00,
  0x00, 0x00, 0x00, 0x00, 0x00, 0x00, 0x00, 0x00, 0x00, 0x00, 0x00, 0x00,
  0x00, 0x00, 0x00, 0x00, 0x00, 0x00, 0x00, 0x00, 0x00, 0x00, 0x00, 0x00,
  0x00, 0x00, 0x00, 0x00, 0x00, 0x00, 0x00, 0x00, 0x00, 0x00, 0x00, 0x00,
  0x00, 0x00, 0x00, 0x00, 0x00, 0x00, 0x00, 0x00, 0x00, 0x00, 0x00, 0x00,
  0x00, 0x00, 0x00, 0x00, 0x00, 0x00, 0x00, 0x00, 0x00, 0x00, 0x00, 0x00,
  0x00, 0x00, 0x00, 0x00, 0x00, 0x00, 0x00, 0x00, 0x00, 0x00, 0x00, 0x00,
  0x00, 0x00, 0x00, 0x00, 0x00, 0x00, 0x00, 0x00, 0x00, 0x00, 0x00, 0x00,
  0x00, 0x00, 0x00, 0x00, 0x00, 0x00, 0x00, 0x00, 0x00, 0x00, 0x00, 0x00,
  0x00, 0x00, 0x00, 0x00, 0x00, 0x00, 0x00, 0x00, 0x00, 0x00, 0x00, 0x00,
  0x00, 0x00, 0x00, 0x00, 0x00, 0x00, 0x00, 0x00, 0x00, 0x00, 0x00, 0x00,
  0x00, 0x00, 0x00, 0x00, 0x00, 0x00, 0x00, 0x00, 0x00, 0x00, 0x00, 0x00,
  0x00, 0x00, 0x00, 0x00, 0x00, 0x00, 0x00, 0x00, 0x00, 0x00, 0x00, 0x00,
  0x00, 0x00, 0x00, 0x00, 0x00, 0x00, 0x00, 0x00, 0x00, 0x00, 0x00, 0x00,
  0x00, 0x00, 0x00, 0x00, 0x00, 0x00, 0x00, 0x00, 0x00, 0x00, 0x00, 0x00,
  0x00, 0x00, 0x00, 0x00, 0x00, 0x00, 0x00, 0x00, 0x00, 0x00, 0x00, 0x00,
  0x00, 0x00, 0x00, 0x00, 0x00, 0x00, 0x00, 0x00, 0x00, 0x00, 0x00, 0x00,
  0x00, 0x00, 0x00, 0x00, 0x00, 0x00, 0x00, 0x00, 0x00, 0x00, 0x00, 0x00,
  0x00, 0x00, 0x00, 0x00, 0x00, 0x00, 0x00, 0x00, 0x00, 0x00, 0x00, 0x00,
  0x00, 0x00, 0x00, 0x00, 0x00, 0x00, 0x00, 0x00, 0x00, 0x00, 0x00, 0x00,
  0x00, 0x00, 0x00, 0x00, 0x00, 0x00, 0x00, 0x00, 0x00, 0x00, 0x00, 0x00,
  0x00, 0x00, 0x00, 0x00, 0x00, 0x00, 0x00, 0x00, 0x00, 0x00, 0x00, 0x00,
  0x00, 0x00, 0x00, 0x00, 0x00, 0x00, 0x00, 0x00, 0x00, 0x00, 0x00, 0x00,
  0x00, 0x00, 0x00, 0x00, 0x00, 0x00, 0x00, 0x00, 0x00, 0x00, 0x00, 0x00,
  0x00, 0x00, 0x00, 0x00, 0x00, 0x00, 0x00, 0x00, 0x00, 0x00, 0x00, 0x00,
  0x00, 0x00, 0x00, 0x00, 0x00, 0x00, 0x00, 0x00, 0x00, 0x00, 0x00, 0x00,
  0x00, 0x00, 0x00, 0x00, 0x00, 0x00, 0x00, 0x00, 0x00, 0x00, 0x00, 0x00,
  0x00, 0x00, 0x00, 0x00, 0x00, 0x00, 0x00, 0x00, 0x00, 0x00, 0x00, 0x00,
  0x00, 0x00, 0x00, 0x00, 0x00, 0x00, 0x00, 0x00, 0x00, 0x00, 0x00, 0x00,
  0x00, 0x00, 0x00, 0x00, 0x00, 0x00, 0x00, 0x00, 0x00, 0x00, 0x00, 0x00,
  0x00, 0x00, 0x00, 0x00, 0x00, 0x00, 0x00, 0x00, 0x00, 0x00, 0x00, 0x00,
  0x00, 0x00, 0x00, 0x00, 0x00, 0x00, 0x00, 0x00, 0x00, 0x00, 0x00, 0x00,
  0x00, 0x00, 0x00, 0x00, 0x00, 0x00, 0x00, 0x00, 0x00, 0x00, 0x00, 0x00,
  0x00, 0x00, 0x00, 0x00, 0x00, 0x00, 0x00, 0x00, 0x00, 0x00, 0x00, 0x00,
  0x00, 0x00, 0x00, 0x00, 0x00, 0x00, 0x00, 0x00, 0x00, 0x00, 0x00, 0x00,
  0x00, 0x00, 0x00, 0x00, 0x00, 0x00, 0x00, 0x00, 0x00, 0x00, 0x00, 0x00,
  0x00, 0x00, 0x00, 0x00, 0x00, 0x00, 0x00, 0x00, 0x00, 0x00, 0x00, 0x00,
  0x00, 0x00, 0x00, 0x00, 0x00, 0x00, 0x00, 0x00, 0x00, 0x00, 0x00, 0x00,
  0x00, 0x00, 0x00, 0x00, 0x00, 0x00, 0x00, 0x00, 0x00, 0x00, 0x00, 0x00,
  0x00, 0x00, 0x00, 0x00, 0x00, 0x00, 0x00, 0x00, 0x00, 0x00, 0x00, 0x00,
  0x00, 0x00, 0x00, 0x00, 0x00, 0x00, 0x00, 0x00, 0x00, 0x00, 0x00, 0x00,
  0x00, 0x00, 0x00, 0x00, 0x00, 0x00, 0x00, 0x00, 0x00, 0x00, 0x00, 0x00,
  0x00, 0x00, 0x00, 0x00, 0x00, 0x00, 0x00, 0x00, 0x00, 0x00, 0x00, 0x00,
  0x00, 0x00, 0x00, 0x00, 0x00, 0x00, 0x00, 0x00, 0x00, 0x00, 0x00, 0x00,
  0x00, 0x00, 0x00, 0x00, 0x00, 0x00, 0x00, 0x00, 0x00, 0x00, 0x00, 0x00,
  0x00, 0x00, 0x00, 0x00, 0x00, 0x00, 0x00, 0x00, 0x00, 0x00, 0x00, 0x00,
  0x00, 0x00, 0x00, 0x00, 0x00, 0x00, 0x00, 0x00, 0x00, 0x00, 0x00, 0x00,
  0x00, 0x00, 0x00, 0x00, 0x00, 0x00, 0x00, 0x00, 0x00, 0x00, 0x00, 0x00,
  0x00, 0x00, 0x00, 0x00, 0x00, 0x00, 0x00, 0x00, 0x00, 0x00, 0x00, 0x00,
  0x00, 0x00, 0x00, 0x00, 0x00, 0x00, 0x00, 0x00, 0x00, 0x00, 0x00, 0x00,
  0x00, 0x00, 0x00, 0x00, 0x00, 0x00, 0x00, 0x00, 0x00, 0x00, 0x00, 0x00,
  0x00, 0x00, 0x00, 0x00, 0x00, 0x00, 0x00, 0x00, 0x00, 0x00, 0x00, 0x00,
  0x00, 0x00, 0x00, 0x00, 0x00, 0x00, 0x00, 0x00, 0x00, 0x00, 0x00, 0x00,
  0x00, 0x00, 0x00, 0x00, 0x00, 0x00, 0x00, 0x00, 0x00, 0x00, 0x00, 0x00,
  0x00, 0x00, 0x00, 0x00, 0x00, 0x00, 0x00, 0x00, 0x00, 0x00, 0x00, 0x00,
  0x00, 0x00, 0x00, 0x00, 0x00, 0x00, 0x00, 0x00, 0x00, 0x00, 0x00, 0x00,
  0x00, 0x00, 0x00, 0x00, 0x00, 0x00, 0x00, 0x00, 0x00, 0x00, 0x00, 0x00,
  0x00, 0x00, 0x00, 0x00, 0x00, 0x00, 0x00, 0x00, 0x00, 0x00, 0x00, 0x00,
  0x00, 0x00, 0x00, 0x00, 0x00, 0x00, 0x00, 0x00, 0x00, 0x00, 0x00, 0x00,
  0x00, 0x00, 0x00, 0x00, 0x00, 0x00, 0x00, 0x00, 0x00, 0x00, 0x00, 0x00,
  0x00, 0x00, 0x00, 0x00, 0x00, 0x00, 0x00, 0x00, 0x00, 0x00, 0x00, 0x00,
  0x00, 0x00, 0x00, 0x00, 0x00, 0x00, 0x00, 0x00, 0x00, 0x00, 0x00, 0x00,
  0x00, 0x00, 0x00, 0x00, 0x00, 0x00, 0x00, 0x00, 0x00, 0x00, 0x00, 0x00,
  0x00, 0x00, 0x00, 0x00, 0x00, 0x00, 0x00, 0x00, 0x00, 0x00, 0x00, 0x00,
  0x00, 0x00, 0x00, 0x00, 0x00, 0x00, 0x00, 0x00, 0x00, 0x00, 0x00, 0x00,
  0x00, 0x00, 0x00, 0x00, 0x00, 0x00, 0x00, 0x00, 0x00, 0x00, 0x00, 0x00,
  0x00, 0x00, 0x00, 0x00, 0x00, 0x00, 0x00, 0x00, 0x00, 0x00, 0x00, 0x00,
  0x00, 0x00, 0x00, 0x00, 0x00, 0x00, 0x00, 0x00, 0x00, 0x00, 0x00, 0x00,
  0x00, 0x00, 0x00, 0x00, 0x00, 0x00, 0x00, 0x00, 0x00, 0x00, 0x00, 0x00,
  0x00, 0x00, 0x00, 0x00, 0x00, 0x00, 0x00, 0x00, 0x00, 0x00, 0x00, 0x00,
  0x00, 0x00, 0x00, 0x00, 0x00, 0x00, 0x00, 0x00, 0x00, 0x00, 0x00, 0x00,
  0x00, 0x00, 0x00, 0x00, 0x00, 0x00, 0x00, 0x00, 0x00, 0x00, 0x00, 0x00,
  0x00, 0x00, 0x00, 0x00, 0x00, 0x00, 0x00, 0x00, 0x00, 0x00, 0x00, 0x00,
  0x00, 0x00, 0x00, 0x00, 0x00, 0x00, 0x00, 0x00, 0x00, 0x00, 0x00, 0x00,
  0x00, 0x00, 0x00, 0x00, 0x00, 0x00, 0x00, 0x00, 0x00, 0x00, 0x00, 0x00,
  0x00, 0x00, 0x00, 0x00, 0x00, 0x00, 0x00, 0x00, 0x00, 0x00, 0x00, 0x00,
  0x00, 0x00, 0x00, 0x00, 0x00, 0x00, 0x00, 0x00, 0x00, 0x00, 0x00, 0x00,
  0x00, 0x00, 0x00, 0x00, 0x00, 0x00, 0x00, 0x00, 0x00, 0x00, 0x00, 0x00,
  0x00, 0x00, 0x00, 0x00, 0x00, 0x00, 0x00, 0x00, 0x00, 0x00, 0x00, 0x00,
  0x00, 0x00, 0x00, 0x00, 0x00, 0x00, 0x00, 0x00, 0x00, 0x00, 0x00, 0x00,
  0x00, 0x00, 0x00, 0x00, 0x00, 0x00, 0x00, 0x00, 0x00, 0x00, 0x00, 0x00,
  0x00, 0x00, 0x00, 0x00, 0x00, 0x00, 0x00, 0x00, 0x00, 0x00, 0x00, 0x00,
  0x00, 0x00, 0x00, 0x00, 0x00, 0x00, 0x00, 0x00, 0x00, 0x00, 0x00, 0x00,
  0x00, 0x00, 0x00, 0x00, 0x00, 0x00, 0x00, 0x00, 0x00, 0x00, 0x00, 0x00,
  0x00, 0x00, 0x00, 0x00, 0x00, 0x00, 0x00, 0x00, 0x00, 0x00, 0x00, 0x00,
  0x00, 0x00, 0x00, 0x00, 0x00, 0x00, 0x00, 0x00, 0x00, 0x00, 0x00, 0x00,
  0x00, 0x00, 0x00, 0x00, 0x00, 0x00, 0x00, 0x00, 0x00, 0x00, 0x00, 0x00,
  0x00, 0x00, 0x00, 0x00, 0x00, 0x00, 0x00, 0x00, 0x00, 0x00, 0x00, 0x00,
  0x00, 0x00, 0x00, 0x00, 0x00, 0x00, 0x00, 0x00, 0x00, 0x00, 0x00, 0x00,
  0x00, 0x00, 0x00, 0x00, 0x00, 0x00, 0x00, 0x00, 0x00, 0x00, 0x00, 0x00,
  0x00, 0x00, 0x00, 0x00, 0x00, 0x00, 0x00, 0x00, 0x00, 0x00, 0x00, 0x00,
  0x00, 0x00, 0x00, 0x00, 0x00, 0x00, 0x00, 0x00, 0x00, 0x00, 0x00, 0x00,
  0x00, 0x00, 0x00, 0x00, 0x00, 0x00, 0x00, 0x00, 0x00, 0x00, 0x00, 0x00,
  0x00, 0x00, 0x00, 0x00, 0x00, 0x00, 0x00, 0x00, 0x00, 0x00, 0x00, 0x00,
  0x00, 0x00, 0x00, 0x00, 0x00, 0x00, 0x00, 0x00, 0x00, 0x00, 0x00, 0x00,
  0x00, 0x00, 0x00, 0x00, 0x00, 0x00, 0x00, 0x00, 0x00, 0x00, 0x00, 0x00,
  0x00, 0x00, 0x00, 0x00, 0x00, 0x00, 0x00, 0x00, 0x00, 0x00, 0x00, 0x00,
  0x00, 0x00, 0x00, 0x00, 0x00, 0x00, 0x00, 0x00, 0x00, 0x00, 0x00, 0x00,
  0x00, 0x00, 0x00, 0x00, 0x00, 0x00, 0x00, 0x00, 0x00, 0x00, 0x00, 0x00,
  0x00, 0x00, 0x00, 0x00, 0x00, 0x00, 0x00, 0x00, 0x00, 0x00, 0x00, 0x00,
  0x00, 0x00, 0x00, 0x00, 0x00, 0x00, 0x00, 0x00, 0x00, 0x00, 0x00, 0x00,
  0x00, 0x00, 0x00, 0x00, 0x00, 0x00, 0x00, 0x00, 0x00, 0x00, 0x00, 0x00,
  0x00, 0x00, 0x00, 0x00, 0x00, 0x00, 0x00, 0x00, 0x00, 0x00, 0x00, 0x00,
  0x00, 0x00, 0x00, 0x00, 0x00, 0x00, 0x00, 0x00, 0x00, 0x00, 0x00, 0x00,
  0x00, 0x00, 0x00, 0x00, 0x00, 0x00, 0x00, 0x00, 0x00, 0x00, 0x00, 0x00,
  0x00, 0x00, 0x00, 0x00, 0x00, 0x00, 0x00, 0x00, 0x00, 0x00, 0x00, 0x00,
  0x00, 0x00, 0x00, 0x00, 0x00, 0x00, 0x00, 0x00, 0x00, 0x00, 0x00, 0x00,
  0x00, 0x00, 0x00, 0x00, 0x00, 0x00, 0x00, 0x00, 0x00, 0x00, 0x00, 0x00,
  0x00, 0x00, 0x00, 0x00, 0x00, 0x00, 0x00, 0x00, 0x00, 0x00, 0x00, 0x00,
  0x00, 0x00, 0x00, 0x00, 0x00, 0x00, 0x00, 0x00, 0x00, 0x00, 0x00, 0x00,
  0x00, 0x00, 0x00, 0x00, 0x00, 0x00, 0x00, 0x00, 0x00, 0x00, 0x00, 0x00,
  0x00, 0x00, 0x00, 0x00, 0x00, 0x00, 0x00, 0x00, 0x00, 0x00, 0x00, 0x00,
  0x00, 0x00, 0x00, 0x00, 0x00, 0x00, 0x00, 0x00, 0x00, 0x00, 0x00, 0x00,
  0x00, 0x00, 0x00, 0x00, 0x00, 0x00, 0x00, 0x00, 0x00, 0x00, 0x00, 0x00,
  0x00, 0x00, 0x00, 0x00, 0x00, 0x00, 0x00, 0x00, 0x00, 0x00, 0x00, 0x00,
  0x00, 0x00, 0x00, 0x00, 0x00, 0x00, 0x00, 0x00, 0x00, 0x00, 0x00, 0x00,
  0x00, 0x00, 0x00, 0x00, 0x00, 0x00, 0x00, 0x00, 0x00, 0x00, 0x00, 0x00,
  0x00, 0x00, 0x00, 0x00, 0x00, 0x00, 0x00, 0x00, 0x00, 0x00, 0x00, 0x00,
  0x00, 0x00, 0x00, 0x00, 0x00, 0x00, 0x00, 0x00, 0x00, 0x00, 0x00, 0x00,
  0x00, 0x00, 0x00, 0x00, 0x00, 0x00, 0x00, 0x00, 0x00, 0x00, 0x00, 0x00,
  0x00, 0x00, 0x00, 0x00, 0x00, 0x00, 0x00, 0x00, 0x00, 0x00, 0x00, 0x00,
  0x00, 0x00, 0x00, 0x00, 0x00, 0x00, 0x00, 0x00, 0x00, 0x00, 0x00, 0x00,
  0x00, 0x00, 0x00, 0x00, 0x00, 0x00, 0x00, 0x00, 0x00, 0x00, 0x00, 0x00,
  0x00, 0x00, 0x00, 0x00, 0x00, 0x00, 0x00, 0x00, 0x00, 0x00, 0x00, 0x00,
  0x00, 0x00, 0x00, 0x00, 0x00, 0x00, 0x00, 0x00, 0x00, 0x00, 0x00, 0x00,
  0x00, 0x00, 0x00, 0x00, 0x00, 0x00, 0x00, 0x00, 0x00, 0x00, 0x00, 0x00,
  0x00, 0x00, 0x00, 0x00, 0x00, 0x00, 0x00, 0x00, 0x00, 0x00, 0x00, 0x00,
  0x00, 0x00, 0x00, 0x00, 0x00, 0x00, 0x00, 0x00, 0x00, 0x00, 0x00, 0x00,
  0x00, 0x00, 0x00, 0x00, 0x00, 0x00, 0x00, 0x00, 0x00, 0x00, 0x00, 0x00,
  0x00, 0x00, 0x00, 0x00, 0x00, 0x00, 0x00, 0x00, 0x00, 0x00, 0x00, 0x00,
  0x00, 0x00, 0x00, 0x00, 0x00, 0x00, 0x00, 0x00, 0x00, 0x00, 0x00, 0x00,
  0x00, 0x00, 0x00, 0x00, 0x00, 0x00, 0x00, 0x00, 0x00, 0x00, 0x00, 0x00,
  0x00, 0x00, 0x00, 0x00, 0x00, 0x00, 0x00, 0x00, 0x00, 0x00, 0x00, 0x00,
  0x00, 0x00, 0x00, 0x00, 0x00, 0x00, 0x00, 0x00, 0x00, 0x00, 0x00, 0x00,
  0x00, 0x00, 0x00, 0x00, 0x00, 0x00, 0x00, 0x00, 0x00, 0x00, 0x00, 0x00,
  0x00, 0x00, 0x00, 0x00, 0x00, 0x00, 0x00, 0x00, 0x00, 0x00, 0x00, 0x00,
  0x00, 0x00, 0x00, 0x00, 0x00, 0x00, 0x00, 0x00, 0x00, 0x00, 0x00, 0x00,
  0x00, 0x00, 0x00, 0x00, 0x00, 0x00, 0x00, 0x00, 0x00, 0x00, 0x00, 0x00,
  0x00, 0x00, 0x00, 0x00, 0x00, 0x00, 0x00, 0x00, 0x00, 0x00, 0x00, 0x00,
  0x00, 0x00, 0x00, 0x00, 0x00, 0x00, 0x00, 0x00, 0x00, 0x00, 0x00, 0x00,
  0x00, 0x00, 0x00, 0x00, 0x00, 0x00, 0x00, 0x00, 0x00, 0x00, 0x00, 0x00,
  0x00, 0x00, 0x00, 0x00, 0x00, 0x00, 0x00, 0x00, 0x00, 0x00, 0x00, 0x00,
  0x00, 0x00, 0x00, 0x00, 0x00, 0x00, 0x00, 0x00, 0x00, 0x00, 0x00, 0x00,
  0x00, 0x00, 0x00, 0x00, 0x00, 0x00, 0x00, 0x00, 0x00, 0x00, 0x00, 0x00,
  0x00, 0x00, 0x00, 0x00, 0x00, 0x00, 0x00, 0x00, 0x00, 0x00, 0x00, 0x00,
  0x00, 0x00, 0x00, 0x00, 0x00, 0x00, 0x00, 0x00, 0x00, 0x00, 0x00, 0x00,
  0x00, 0x00, 0x00, 0x00, 0x00, 0x00, 0x00, 0x00, 0x00, 0x00, 0x00, 0x00,
  0x00, 0x00, 0x00, 0x00, 0x00, 0x00, 0x00, 0x00, 0x00, 0x00, 0x00, 0x00,
  0x00, 0x00, 0x00, 0x00, 0x00, 0x00, 0x00, 0x00, 0x00, 0x00, 0x00, 0x00,
  0x00, 0x00, 0x00, 0x00, 0x00, 0x00, 0x00, 0x00, 0x00, 0x00, 0x00, 0x00,
  0x00, 0x00, 0x00, 0x00, 0x00, 0x00, 0x00, 0x00, 0x00, 0x00, 0x00, 0x00,
  0x00, 0x00, 0x00, 0x00, 0x00, 0x00, 0x00, 0x00, 0x00, 0x00, 0x00, 0x00,
  0x00, 0x00, 0x00, 0x00, 0x00, 0x00, 0x00, 0x00, 0x00, 0x00, 0x00, 0x00,
  0x00, 0x00, 0x00, 0x00, 0x00, 0x00, 0x00, 0x00, 0x00, 0x00, 0x00, 0x00,
  0x00, 0x00, 0x00, 0x00, 0x00, 0x00, 0x00, 0x00, 0x00, 0x00, 0x00, 0x00,
  0x00, 0x00, 0x00, 0x00, 0x00, 0x00, 0x00, 0x00, 0x00, 0x00, 0x00, 0x00,
  0x00, 0x00, 0x00, 0x00, 0x00, 0x00, 0x00, 0x00, 0x00, 0x00, 0x00, 0x00,
  0x00, 0x00, 0x00, 0x00, 0x00, 0x00, 0x00, 0x00, 0x00, 0x00, 0x00, 0x00,
  0x00, 0x00, 0x00, 0x00, 0x00, 0x00, 0x00, 0x00, 0x00, 0x00, 0x00, 0x00,
  0x00, 0x00, 0x00, 0x00, 0x00, 0x00, 0x00, 0x00, 0x00, 0x00, 0x00, 0x00,
  0x00, 0x00, 0x00, 0x00, 0x00, 0x00, 0x00, 0x00, 0x00, 0x00, 0x00, 0x00,
  0x00, 0x00, 0x00, 0x00, 0x00, 0x00, 0x00, 0x00, 0x00, 0x00, 0x00, 0x00,
  0x00, 0x00, 0x00, 0x00, 0x00, 0x00, 0x00, 0x00, 0x00, 0x00, 0x00, 0x00,
  0x00, 0x00, 0x00, 0x00, 0x00, 0x00, 0x00, 0x00, 0x00, 0x00, 0x00, 0x00,
  0x00, 0x00, 0x00, 0x00, 0x00, 0x00, 0x00, 0x00, 0x00, 0x00, 0x00, 0x00,
  0x00, 0x00, 0x00, 0x00, 0x00, 0x00, 0x00, 0x00, 0x00, 0x00, 0x00, 0x00,
  0x00, 0x00, 0x00, 0x00, 0x00, 0x00, 0x00, 0x00, 0x00, 0x00, 0x00, 0x00,
  0x00, 0x00, 0x00, 0x00, 0x00, 0x00, 0x00, 0x00, 0x00, 0x00, 0x00, 0x00,
  0x00, 0x00, 0x00, 0x00, 0x00, 0x00, 0x00, 0x00, 0x00, 0x00, 0x00, 0x00,
  0x00, 0x00, 0x00, 0x00, 0x00, 0x00, 0x00, 0x00, 0x00, 0x00, 0x00, 0x00,
  0x00, 0x00, 0x00, 0x00, 0x00, 0x00, 0x00, 0x00, 0x00, 0x00, 0x00, 0x00,
  0x00, 0x00, 0x00, 0x00, 0x00, 0x00, 0x00, 0x00, 0x00, 0x00, 0x00, 0x00,
  0x00, 0x00, 0x00, 0x00, 0x00, 0x00, 0x00, 0x00, 0x00, 0x00, 0x00, 0x00,
  0x00, 0x00, 0x00, 0x00, 0x00, 0x00, 0x00, 0x00, 0x00, 0x00, 0x00, 0x00,
  0x00, 0x00, 0x00, 0x00, 0x00, 0x00, 0x00, 0x00, 0x00, 0x00, 0x00, 0x00,
  0x00, 0x00, 0x00, 0x00, 0x00, 0x00, 0x00, 0x00, 0x00, 0x00, 0x00, 0x00,
  0x00, 0x00, 0x00, 0x00, 0x00, 0x00, 0x00, 0x00, 0x00, 0x00, 0x00, 0x00,
  0x00, 0x00, 0x00, 0x00, 0x00, 0x00, 0x00, 0x00, 0x00, 0x00, 0x00, 0x00,
  0x00, 0x00, 0x00, 0x00, 0x00, 0x00, 0x00, 0x00, 0x00, 0x00, 0x00, 0x00,
  0x00, 0x00, 0x00, 0x00, 0x00, 0x00, 0x00, 0x00, 0x00, 0x00, 0x00, 0x00,
  0x00, 0x00, 0x00, 0x00, 0x00, 0x00, 0x00, 0x00, 0x00, 0x00, 0x00, 0x00,
  0x00, 0x00, 0x00, 0x00, 0x00, 0x00, 0x00, 0x00, 0x00, 0x00, 0x00, 0x00,
  0x00, 0x00, 0x00, 0x00, 0x00, 0x00, 0x00, 0x00, 0x00, 0x00, 0x00, 0x00,
  0x00, 0x00, 0x00, 0x00, 0x00, 0x00, 0x00, 0x00, 0x00, 0x00, 0x00, 0x00,
  0x00, 0x00, 0x00, 0x00, 0x00, 0x00, 0x00, 0x00, 0x00, 0x00, 0x00, 0x00,
  0x00, 0x00, 0x00, 0x00, 0x00, 0x00, 0x00, 0x00, 0x00, 0x00, 0x00, 0x00,
  0x00, 0x00, 0x00, 0x00, 0x00, 0x00, 0x00, 0x00, 0x00, 0x00, 0x00, 0x00,
  0x00, 0x00, 0x00, 0x00, 0x00, 0x00, 0x00, 0x00, 0x00, 0x00, 0x00, 0x00,
  0x00, 0x00, 0x00, 0x00, 0x00, 0x00, 0x00, 0x00, 0x00, 0x00, 0x00, 0x00,
  0x00, 0x00, 0x00, 0x00, 0x00, 0x00, 0x00, 0x00, 0x00, 0x00, 0x00, 0x00,
  0x00, 0x00, 0x00, 0x00, 0x00, 0x00, 0x00, 0x00, 0x00, 0x00, 0x00, 0x00,
  0x00, 0x00, 0x00, 0x00, 0x00, 0x00, 0x00, 0x00, 0x00, 0x00, 0x00, 0x00,
  0x00, 0x00, 0x00, 0x00, 0x00, 0x00, 0x00, 0x00, 0x00, 0x00, 0x00, 0x00,
  0x00, 0x00, 0x00, 0x00, 0x00, 0x00, 0x00, 0x00, 0x00, 0x00, 0x00, 0x00,
  0x00, 0x00, 0x00, 0x00, 0x00, 0x00, 0x00, 0x00, 0x00, 0x00, 0x00, 0x00,
  0x00, 0x00, 0x00, 0x00, 0x00, 0x00, 0x00, 0x00, 0x00, 0x00, 0x00, 0x00,
  0x00, 0x00, 0x00, 0x00, 0x00, 0x00, 0x00, 0x00, 0x00, 0x00, 0x00, 0x00,
  0x00, 0x00, 0x00, 0x00, 0x00, 0x00, 0x00, 0x00, 0x00, 0x00, 0x00, 0x00,
  0x00, 0x00, 0x00, 0x00, 0x00, 0x00, 0x00, 0x00, 0x00, 0x00, 0x00, 0x00,
  0x00, 0x00, 0x00, 0x00, 0x00, 0x00, 0x00, 0x00, 0x00, 0x00, 0x00, 0x00,
  0x00, 0x00, 0x00, 0x00, 0x00, 0x00, 0x00, 0x00, 0x00, 0x00, 0x00, 0x00,
  0x00, 0x00, 0x00, 0x00, 0x00, 0x00, 0x00, 0x00, 0x00, 0x00, 0x00, 0x00,
  0x00, 0x00, 0x00, 0x00, 0x00, 0x00, 0x00, 0x00, 0x00, 0x00, 0x00, 0x00,
  0x00, 0x00, 0x00, 0x00, 0x00, 0x00, 0x00, 0x00, 0x00, 0x00, 0x00, 0x00,
  0x00, 0x00, 0x00, 0x00, 0x00, 0x00, 0x00, 0x00, 0x00, 0x00, 0x00, 0x00,
  0x00, 0x00, 0x00, 0x00, 0x00, 0x00, 0x00, 0x00, 0x00, 0x00, 0x00, 0x00,
  0x00, 0x00, 0x00, 0x00, 0x00, 0x00, 0x00, 0x00, 0x00, 0x00, 0x00, 0x00,
  0x00, 0x00, 0x00, 0x00, 0x00, 0x00, 0x00, 0x00, 0x00, 0x00, 0x00, 0x00,
  0x00, 0x00, 0x00, 0x00, 0x00, 0x00, 0x00, 0x00, 0x00, 0x00, 0x00, 0x00,
  0x00, 0x00, 0x00, 0x00, 0x00, 0x00, 0x00, 0x00, 0x00, 0x00, 0x00, 0x00,
  0x00, 0x00, 0x00, 0x00, 0x00, 0x00, 0x00, 0x00, 0x00, 0x00, 0x00, 0x00,
  0x00, 0x00, 0x00, 0x00, 0x00, 0x00, 0x00, 0x00, 0x00, 0x00, 0x00, 0x00,
  0x00, 0x00, 0x00, 0x00, 0x00, 0x00, 0x00, 0x00, 0x00, 0x00, 0x00, 0x00,
  0x00, 0x00, 0x00, 0x00, 0x00, 0x00, 0x00, 0x00, 0x00, 0x00, 0x00, 0x00,
  0x00, 0x00, 0x00, 0x00, 0x00, 0x00, 0x00, 0x00, 0x00, 0x00, 0x00, 0x00,
  0x00, 0x00, 0x00, 0x00, 0x00, 0x00, 0x00, 0x00, 0x00, 0x00, 0x00, 0x00,
  0x00, 0x00, 0x00, 0x00, 0x00, 0x00, 0x00, 0x00, 0x00, 0x00, 0x00, 0x00,
  0x00, 0x00, 0x00, 0x00, 0x00, 0x00, 0x00, 0x00, 0x00, 0x00, 0x00, 0x00,
  0x00, 0x00, 0x00, 0x00, 0x00, 0x00, 0x00, 0x00, 0x00, 0x00, 0x00, 0x00,
  0x00, 0x00, 0x00, 0x00, 0x00, 0x00, 0x00, 0x00, 0x00, 0x00, 0x00, 0x00,
  0x00, 0x00, 0x00, 0x00, 0x00, 0x00, 0x00, 0x00, 0x00, 0x00, 0x00, 0x00,
  0x00, 0x00, 0x00, 0x00, 0x00, 0x00, 0x00, 0x00, 0x00, 0x00, 0x00, 0x00,
  0x00, 0x00, 0x00, 0x00, 0x00, 0x00, 0x00, 0x00, 0x00, 0x00, 0x00, 0x00,
  0x00, 0x00, 0x00, 0x00, 0x00, 0x00, 0x00, 0x00, 0x00, 0x00, 0x00, 0x00,
  0x00, 0x00, 0x00, 0x00, 0x00, 0x00, 0x00, 0x00, 0x00, 0x00, 0x00, 0x00,
  0x00, 0x00, 0x00, 0x00, 0x00, 0x00, 0x00, 0x00, 0x00, 0x00, 0x00, 0x00,
  0x00, 0x00, 0x00, 0x00, 0x00, 0x00, 0x00, 0x00, 0x00, 0x00, 0x00, 0x00,
  0x00, 0x00, 0x00, 0x00, 0x00, 0x00, 0x00, 0x00, 0x00, 0x00, 0x00, 0x00,
  0x00, 0x00, 0x00, 0x00, 0x00, 0x00, 0x00, 0x00, 0x00, 0x00, 0x00, 0x00,
  0x00, 0x00, 0x00, 0x00, 0x00, 0x00, 0x00, 0x00, 0x00, 0x00, 0x00, 0x00,
  0x00, 0x00, 0x00, 0x00, 0x00, 0x00, 0x00, 0x00, 0x00, 0x00, 0x00, 0x00,
  0x00, 0x00, 0x00, 0x00, 0x00, 0x00, 0x00, 0x00, 0x00, 0x00, 0x00, 0x00,
  0x00, 0x00, 0x00, 0x00, 0x00, 0x00, 0x00, 0x00, 0x00, 0x00, 0x00, 0x00,
  0x00, 0x00, 0x00, 0x00, 0x00, 0x00, 0x00, 0x00, 0x00, 0x00, 0x00, 0x00,
  0x00, 0x00, 0x00, 0x00, 0x00, 0x00, 0x00, 0x00, 0x00, 0x00, 0x00, 0x00,
  0x00, 0x00, 0x00, 0x00, 0x00, 0x00, 0x00, 0x00, 0x00, 0x00, 0x00, 0x00,
  0x00, 0x00, 0x00, 0x00, 0x00, 0x00, 0x00, 0x00, 0x00, 0x00, 0x00, 0x00,
  0x00, 0x00, 0x00, 0x00, 0x00, 0x00, 0x00, 0x00, 0x00, 0x00, 0x00, 0x00,
  0x00, 0x00, 0x00, 0x00, 0x00, 0x00, 0x00, 0x00, 0x00, 0x00, 0x00, 0x00,
  0x00, 0x00, 0x00, 0x00, 0x00, 0x00, 0x00, 0x00, 0x00, 0x00, 0x00, 0x00,
  0x00, 0x00, 0x00, 0x00, 0x00, 0x00, 0x00, 0x00, 0x00, 0x00, 0x00, 0x00,
  0x00, 0x00, 0x00, 0x00, 0x00, 0x00, 0x00, 0x00, 0x00, 0x00, 0x00, 0x00,
  0x00, 0x00, 0x00, 0x00, 0x00, 0x00, 0x00, 0x00, 0x00, 0x00, 0x00, 0x00,
  0x00, 0x00, 0x00, 0x00, 0x00, 0x00, 0x00, 0x00, 0x00, 0x00, 0x00, 0x00,
  0x00, 0x00, 0x00, 0x00, 0x00, 0x00, 0x00, 0x00, 0x00, 0x00, 0x00, 0x00,
  0x00, 0x00, 0x00, 0x00, 0x00, 0x00, 0x00, 0x00, 0x00, 0x00, 0x00, 0x00,
  0x00, 0x00, 0x00, 0x00, 0x00, 0x00, 0x00, 0x00, 0x00, 0x00, 0x00, 0x00,
  0x00, 0x00, 0x00, 0x00, 0x00, 0x00, 0x00, 0x00, 0x00, 0x00, 0x00, 0x00,
  0x00, 0x00, 0x00, 0x00, 0x00, 0x00, 0x00, 0x00, 0x00, 0x00, 0x00, 0x00,
  0x00, 0x00, 0x00, 0x00, 0x00, 0x00, 0x00, 0x00, 0x00, 0x00, 0x00, 0x00,
  0x00, 0x00, 0x00, 0x00, 0x00, 0x00, 0x00, 0x00, 0x00, 0x00, 0x00, 0x00,
  0x00, 0x00, 0x00, 0x00, 0x00, 0x00, 0x00, 0x00, 0x00, 0x00, 0x00, 0x00,
  0x00, 0x00, 0x00, 0x00, 0x00, 0x00, 0x00, 0x00, 0x00, 0x00, 0x00, 0x00,
  0x00, 0x00, 0x00, 0x00, 0x00, 0x00, 0x00, 0x00, 0x00, 0x00, 0x00, 0x00,
  0x00, 0x00, 0x00, 0x00, 0x00, 0x00, 0x00, 0x00, 0x00, 0x00, 0x00, 0x00,
  0x00, 0x00, 0x00, 0x00, 0x00, 0x00, 0x00, 0x00, 0x00, 0x00, 0x00, 0x00,
  0x00, 0x00, 0x00, 0x00, 0x00, 0x00, 0x00, 0x00, 0x00, 0x00, 0x00, 0x00,
  0x00, 0x00, 0x00, 0x00, 0x00, 0x00, 0x00, 0x00, 0x00, 0x00, 0x00, 0x00,
  0x00, 0x00, 0x00, 0x00, 0x00, 0x00, 0x00, 0x00, 0x00, 0x00, 0x00, 0x00,
  0x00, 0x00, 0x00, 0x00, 0x00, 0x00, 0x00, 0x00, 0x00, 0x00, 0x00, 0x00,
  0x00, 0x00, 0x00, 0x00, 0x00, 0x00, 0x00, 0x00, 0x00, 0x00, 0x00, 0x00,
  0x00, 0x00, 0x00, 0x00, 0x00, 0x00, 0x00, 0x00, 0x00, 0x00, 0x00, 0x00,
  0x00, 0x00, 0x00, 0x00, 0x00, 0x00, 0x00, 0x00, 0x00, 0x00, 0x00, 0x00,
  0x00, 0x00, 0x00, 0x00, 0x00, 0x00, 0x00, 0x00, 0x00, 0x00, 0x00, 0x00,
  0x00, 0x00, 0x00, 0x00, 0x00, 0x00, 0x00, 0x00, 0x00, 0x00, 0x00, 0x00,
  0x00, 0x00, 0x00, 0x00, 0x00, 0x00, 0x00, 0x00, 0x00, 0x00, 0x00, 0x00,
  0x00, 0x00, 0x00, 0x00, 0x00, 0x00, 0x00, 0x00, 0x00, 0x00, 0x00, 0x00,
  0x00, 0x00, 0x00, 0x00, 0x00, 0x00, 0x00, 0x00, 0x00, 0x00, 0x00, 0x00,
  0x00, 0x00, 0x00, 0x00, 0x00, 0x00, 0x00, 0x00, 0x00, 0x00, 0x00, 0x00,
  0x00, 0x00, 0x00, 0x00, 0x00, 0x00, 0x00, 0x00, 0x00, 0x00, 0x00, 0x00,
  0x00, 0x00, 0x00, 0x00, 0x00, 0x00, 0x00, 0x00, 0x00, 0x00, 0x00, 0x00,
  0x00, 0x00, 0x00, 0x00, 0x00, 0x00, 0x00, 0x00, 0x00, 0x00, 0x00, 0x00,
  0x00, 0x00, 0x00, 0x00, 0x00, 0x00, 0x00, 0x00, 0x00, 0x00, 0x00, 0x00,
  0x00, 0x00, 0x00, 0x00, 0x00, 0x00, 0x00, 0x00, 0x00, 0x00, 0x00, 0x00,
  0x00, 0x00, 0x00, 0x00, 0x00, 0x00, 0x00, 0x00, 0x00, 0x00, 0x00, 0x00,
  0x00, 0x00, 0x00, 0x00, 0x00, 0x00, 0x00, 0x00, 0x00, 0x00, 0x00, 0x00,
  0x00, 0x00, 0x00, 0x00, 0x00, 0x00, 0x00, 0x00, 0x00, 0x00, 0x00, 0x00,
  0x00, 0x00, 0x00, 0x00, 0x00, 0x00, 0x00, 0x00, 0x00, 0x00, 0x00, 0x00,
  0x00, 0x00, 0x00, 0x00, 0x00, 0x00, 0x00, 0x00, 0x00, 0x00, 0x00, 0x00,
  0x00, 0x00, 0x00, 0x00, 0x00, 0x00, 0x00, 0x00, 0x00, 0x00, 0x00, 0x00,
  0x00, 0x00, 0x00, 0x00, 0x00, 0x00, 0x00, 0x00, 0x00, 0x00, 0x00, 0x00,
  0x00, 0x00, 0x00, 0x00, 0x00, 0x00, 0x00, 0x00, 0x00, 0x00, 0x00, 0x00,
  0x00, 0x00, 0x00, 0x00, 0x00, 0x00, 0x00, 0x00, 0x00, 0x00, 0x00, 0x00,
  0x00, 0x00, 0x00, 0x00, 0x00, 0x00, 0x00, 0x00, 0x00, 0x00, 0x00, 0x00,
  0x00, 0x00, 0x00, 0x00, 0x00, 0x00, 0x00, 0x00, 0x00, 0x00, 0x00, 0x00,
  0x00, 0x00, 0x00, 0x00, 0x00, 0x00, 0x00, 0x00, 0x00, 0x00, 0x00, 0x00,
  0x00, 0x00, 0x00, 0x00, 0x00, 0x00, 0x00, 0x00, 0x00, 0x00, 0x00, 0x00,
  0x00, 0x00, 0x00, 0x00, 0x00, 0x00, 0x00, 0x00, 0x00, 0x00, 0x00, 0x00,
  0x00, 0x00, 0x00, 0x00, 0x00, 0x00, 0x00, 0x00, 0x00, 0x00, 0x00, 0x00,
  0x00, 0x00, 0x00, 0x00, 0x00, 0x00, 0x00, 0x00, 0x00, 0x00, 0x00, 0x00,
  0x00, 0x00, 0x00, 0x00, 0x00, 0x00, 0x00, 0x00, 0x00, 0x00, 0x00, 0x00,
  0x00, 0x00, 0x00, 0x00, 0x00, 0x00, 0x00, 0x00, 0x00, 0x00, 0x00, 0x00,
  0x00, 0x00, 0x00, 0x00, 0x00, 0x00, 0x00, 0x00, 0x00, 0x00, 0x00, 0x00,
  0x00, 0x00, 0x00, 0x00, 0x00, 0x00, 0x00, 0x00, 0x00, 0x00, 0x00, 0x00,
  0x00, 0x00, 0x00, 0x00, 0x00, 0x00, 0x00, 0x00, 0x00, 0x00, 0x00, 0x00,
  0x00, 0x00, 0x00, 0x00, 0x00, 0x00, 0x00, 0x00, 0x00, 0x00, 0x00, 0x00,
  0x00, 0x00, 0x00, 0x00, 0x00, 0x00, 0x00, 0x00, 0x00, 0x00, 0x00, 0x00,
  0x00, 0x00, 0x00, 0x00, 0x00, 0x00, 0x00, 0x00, 0x00, 0x00, 0x00, 0x00,
  0x00, 0x00, 0x00, 0x00, 0x00, 0x00, 0x00, 0x00, 0x00, 0x00, 0x00, 0x00,
  0x00, 0x00, 0x00, 0x00, 0x00, 0x00, 0x00, 0x00, 0x00, 0x00, 0x00, 0x00,
  0x00, 0x00, 0x00, 0x00, 0x00, 0x00, 0x00, 0x00, 0x00, 0x00, 0x00, 0x00,
  0x00, 0x00, 0x00, 0x00, 0x00, 0x00, 0x00, 0x00, 0x00, 0x00, 0x00, 0x00,
  0x00, 0x00, 0x00, 0x00, 0x00, 0x00, 0x00, 0x00, 0x00, 0x00, 0x00, 0x00,
  0x00, 0x00, 0x00, 0x00, 0x00, 0x00, 0x00, 0x00, 0x00, 0x00, 0x00, 0x00,
  0x00, 0x00, 0x00, 0x00, 0x00, 0x00, 0x00, 0x00, 0x00, 0x00, 0x00, 0x00,
  0x00, 0x00, 0x00, 0x00, 0x00, 0x00, 0x00, 0x00, 0x00, 0x00, 0x00, 0x00,
  0x00, 0x00, 0x00, 0x00, 0x00, 0x00, 0x00, 0x00, 0x00, 0x00, 0x00, 0x00,
  0x00, 0x00, 0x00, 0x00, 0x00, 0x00, 0x00, 0x00, 0x00, 0x00, 0x00, 0x00,
  0x00, 0x00, 0x00, 0x00, 0x00, 0x00, 0x00, 0x00, 0x00, 0x00, 0x00, 0x00,
  0x00, 0x00, 0x00, 0x00, 0x00, 0x00, 0x00, 0x00, 0x00, 0x00, 0x00, 0x00,
  0x00, 0x00, 0x00, 0x00, 0x00, 0x00, 0x00, 0x00, 0x00, 0x00, 0x00, 0x00,
  0x00, 0x00, 0x00, 0x00, 0x00, 0x00, 0x00, 0x00, 0x00, 0x00, 0x00, 0x00,
  0x00, 0x00, 0x00, 0x00, 0x00, 0x00, 0x00, 0x00, 0x00, 0x00, 0x00, 0x00,
  0x00, 0x00, 0x00, 0x00, 0x00, 0x00, 0x00, 0x00, 0x00, 0x00, 0x00, 0x00,
  0x00, 0x00, 0x00, 0x00, 0x00, 0x00, 0x00, 0x00, 0x00, 0x00, 0x00, 0x00,
  0x00, 0x00, 0x00, 0x00, 0x00, 0x00, 0x00, 0x00, 0x00, 0x00, 0x00, 0x00,
  0x00, 0x00, 0x00, 0x00, 0x00, 0x00, 0x00, 0x00, 0x00, 0x00, 0x00, 0x00,
  0x00, 0x00, 0x00, 0x00, 0x00, 0x00, 0x00, 0x00, 0x00, 0x00, 0x00, 0x00,
  0x00, 0x00, 0x00, 0x00, 0x00, 0x00, 0x00, 0x00, 0x00, 0x00, 0x00, 0x00,
  0x00, 0x00, 0x00, 0x00, 0x00, 0x00, 0x00, 0x00, 0x00, 0x00, 0x00, 0x00,
  0x00, 0x00, 0x00, 0x00, 0x00, 0x00, 0x00, 0x00, 0x00, 0x00, 0x00, 0x00,
  0x00, 0x00, 0x00, 0x00, 0x00, 0x00, 0x00, 0x00, 0x00, 0x00, 0x00, 0x00,
  0x00, 0x00, 0x00, 0x00, 0x00, 0x00, 0x00, 0x00, 0x00, 0x00, 0x00, 0x00,
  0x00, 0x00, 0x00, 0x00, 0x00, 0x00, 0x00, 0x00, 0x00, 0x00, 0x00, 0x00,
  0x00, 0x00, 0x00, 0x00, 0x00, 0x00, 0x00, 0x00, 0x00, 0x00, 0x00, 0x00,
  0x00, 0x00, 0x00, 0x00, 0x00, 0x00, 0x00, 0x00, 0x00, 0x00, 0x00, 0x00,
  0x00, 0x00, 0x00, 0x00, 0x00, 0x00, 0x00, 0x00, 0x00, 0x00, 0x00, 0x00,
  0x00, 0x00, 0x00, 0x00, 0x00, 0x00, 0x00, 0x00, 0x00, 0x00, 0x00, 0x00,
  0x00, 0x00, 0x00, 0x00, 0x00, 0x00, 0x00, 0x00, 0x00, 0x00, 0x00, 0x00,
  0x00, 0x00, 0x00, 0x00, 0x00, 0x00, 0x00, 0x00, 0x00, 0x00, 0x00, 0x00,
  0x00, 0x00, 0x00, 0x00, 0x00, 0x00, 0x00, 0x00, 0x00, 0x00, 0x00, 0x00,
  0x00, 0x00, 0x00, 0x00, 0x00, 0x00, 0x00, 0x00, 0x00, 0x00, 0x00, 0x00,
  0x00, 0x00, 0x00, 0x00, 0x00, 0x00, 0x00, 0x00, 0x00, 0x00, 0x00, 0x00,
  0x00, 0x00, 0x00, 0x00, 0x00, 0x00, 0x00, 0x00, 0x00, 0x00, 0x00, 0x00,
  0x00, 0x00, 0x00, 0x00, 0x00, 0x00, 0x00, 0x00, 0x00, 0x00, 0x00, 0x00,
  0x00, 0x00, 0x00, 0x00, 0x00, 0x00, 0x00, 0x00, 0x00, 0x00, 0x00, 0x00,
  0x00, 0x00, 0x00, 0x00, 0x00, 0x00, 0x00, 0x00, 0x00, 0x00, 0x00, 0x00,
  0x00, 0x00, 0x00, 0x00, 0x00, 0x00, 0x00, 0x00, 0x00, 0x00, 0x00, 0x00,
  0x00, 0x00, 0x00, 0x00, 0x00, 0x00, 0x00, 0x00, 0x00, 0x00, 0x00, 0x00,
  0x00, 0x00, 0x00, 0x00, 0x00, 0x00, 0x00, 0x00, 0x00, 0x00, 0x00, 0x00,
  0x00, 0x00, 0x00, 0x00, 0x00, 0x00, 0x00, 0x00, 0x00, 0x00, 0x00, 0x00,
  0x00, 0x00, 0x00, 0x00, 0x00, 0x00, 0x00, 0x00, 0x00, 0x00, 0x00, 0x00,
  0x00, 0x00, 0x00, 0x00, 0x00, 0x00, 0x00, 0x00, 0x00, 0x00, 0x00, 0x00,
  0x00, 0x00, 0x00, 0x00, 0x00, 0x00, 0x00, 0x00, 0x00, 0x00, 0x00, 0x00,
  0x00, 0x00, 0x00, 0x00, 0x00, 0x00, 0x00, 0x00, 0x00, 0x00, 0x00, 0x00,
  0x00, 0x00, 0x00, 0x00, 0x00, 0x00, 0x00, 0x00, 0x00, 0x00, 0x00, 0x00,
  0x00, 0x00, 0x00, 0x00, 0x00, 0x00, 0x00, 0x00, 0x00, 0x00, 0x00, 0x00,
  0x00, 0x00, 0x00, 0x00, 0x00, 0x00, 0x00, 0x00, 0x00, 0x00, 0x00, 0x00,
  0x00, 0x00, 0x00, 0x00, 0x00, 0x00, 0x00, 0x00, 0x00, 0x00, 0x00, 0x00,
  0x00, 0x00, 0x00, 0x00, 0x00, 0x00, 0x00, 0x00, 0x00, 0x00, 0x00, 0x00,
  0x00, 0x00, 0x00, 0x00, 0x00, 0x00, 0x00, 0x00, 0x00, 0x00, 0x00, 0x00,
  0x00, 0x00, 0x00, 0x00, 0x00, 0x00, 0x00, 0x00, 0x00, 0x00, 0x00, 0x00,
  0x00, 0x00, 0x00, 0x00, 0x00, 0x00, 0x00, 0x00, 0x00, 0x00, 0x00, 0x00,
  0x00, 0x00, 0x00, 0x00, 0x00, 0x00, 0x00, 0x00, 0x00, 0x00, 0x00, 0x00,
  0x00, 0x00, 0x00, 0x00, 0x00, 0x00, 0x00, 0x00, 0x00, 0x00, 0x00, 0x00,
  0x00, 0x00, 0x00, 0x00, 0x00, 0x00, 0x00, 0x00, 0x00, 0x00, 0x00, 0x00,
  0x00, 0x00, 0x00, 0x00, 0x00, 0x00, 0x00, 0x00, 0x00, 0x00, 0x00, 0x00,
  0x00, 0x00, 0x00, 0x00, 0x00, 0x00, 0x00, 0x00, 0x00, 0x00, 0x00, 0x00,
  0x00, 0x00, 0x00, 0x00, 0x00, 0x00, 0x00, 0x00, 0x00, 0x00, 0x00, 0x00,
  0x00, 0x00, 0x00, 0x00, 0x00, 0x00, 0x00, 0x00, 0x00, 0x00, 0x00, 0x00,
  0x00, 0x00, 0x00, 0x00, 0x00, 0x00, 0x00, 0x00, 0x00, 0x00, 0x00, 0x00,
  0x00, 0x00, 0x00, 0x00, 0x00, 0x00, 0x00, 0x00, 0x00, 0x00, 0x00, 0x00,
  0x00, 0x00, 0x00, 0x00, 0x00, 0x00, 0x00, 0x00, 0x00, 0x00, 0x00, 0x00,
  0x00, 0x00, 0x00, 0x00, 0x00, 0x00, 0x00, 0x00, 0x00, 0x00, 0x00, 0x00,
  0x00, 0x00, 0x00, 0x00, 0x00, 0x00, 0x00, 0x00, 0x00, 0x00, 0x00, 0x00,
  0x00, 0x00, 0x00, 0x00, 0x00, 0x00, 0x00, 0x00, 0x00, 0x00, 0x00, 0x00,
  0x00, 0x00, 0x00, 0x00, 0x00, 0x00, 0x00, 0x00, 0x00, 0x00, 0x00, 0x00,
  0x00, 0x00, 0x00, 0x00, 0x00, 0x00, 0x00, 0x00, 0x00, 0x00, 0x00, 0x00,
  0x00, 0x00, 0x00, 0x00, 0x00, 0x00, 0x00, 0x00, 0x00, 0x00, 0x00, 0x00,
  0x00, 0x00, 0x00, 0x00, 0x00, 0x00, 0x00, 0x00, 0x00, 0x00, 0x00, 0x00,
  0x00, 0x00, 0x00, 0x00, 0x00, 0x00, 0x00, 0x00, 0x00, 0x00, 0x00, 0x00,
  0x00, 0x00, 0x00, 0x00, 0x00, 0x00, 0x00, 0x00, 0x00, 0x00, 0x00, 0x00,
  0x00, 0x00, 0x00, 0x00, 0x00, 0x00, 0x00, 0x00, 0x00, 0x00, 0x00, 0x00,
  0x00, 0x00, 0x00, 0x00, 0x00, 0x00, 0x00, 0x00, 0x00, 0x00, 0x00, 0x00,
  0x00, 0x00, 0x00, 0x00, 0x00, 0x00, 0x00, 0x00, 0x00, 0x00, 0x00, 0x00,
  0x00, 0x00, 0x00, 0x00, 0x00, 0x00, 0x00, 0x00, 0x00, 0x00, 0x00, 0x00,
  0x00, 0x00, 0x00, 0x00, 0x00, 0x00, 0x00, 0x00, 0x00, 0x00, 0x00, 0x00,
  0x00, 0x00, 0x00, 0x00, 0x00, 0x00, 0x00, 0x00, 0x00, 0x00, 0x00, 0x00,
  0x00, 0x00, 0x00, 0x00, 0x00, 0x00, 0x00, 0x00, 0x00, 0x00, 0x00, 0x00,
  0x00, 0x00, 0x00, 0x00, 0x00, 0x00, 0x00, 0x00, 0x00, 0x00, 0x00, 0x00,
  0x00, 0x00, 0x00, 0x00, 0x00, 0x00, 0x00, 0x00, 0x00, 0x00, 0x00, 0x00,
  0x00, 0x00, 0x00, 0x00, 0x00, 0x00, 0x00, 0x00, 0x00, 0x00, 0x00, 0x00,
  0x00, 0x00, 0x00, 0x00, 0x00, 0x00, 0x00, 0x00, 0x00, 0x00, 0x00, 0x00,
  0x00, 0x00, 0x00, 0x00, 0x00, 0x00, 0x00, 0x00, 0x00, 0x00, 0x00, 0x00,
  0x00, 0x00, 0x00, 0x00, 0x00, 0x00, 0x00, 0x00, 0x00, 0x00, 0x00, 0x00,
  0x00, 0x00, 0x00, 0x00, 0x00, 0x00, 0x00, 0x00, 0x00, 0x00, 0x00, 0x00,
  0x00, 0x00, 0x00, 0x00, 0x00, 0x00, 0x00, 0x00, 0x00, 0x00, 0x00, 0x00,
  0x00, 0x00, 0x00, 0x00, 0x00, 0x00, 0x00, 0x00, 0x00, 0x00, 0x00, 0x00,
  0x00, 0x00, 0x00, 0x00, 0x00, 0x00, 0x00, 0x00, 0x00, 0x00, 0x00, 0x00,
  0x00, 0x00, 0x00, 0x00, 0x00, 0x00, 0x00, 0x00, 0x00, 0x00, 0x00, 0x00,
  0x00, 0x00, 0x00, 0x00, 0x00, 0x00, 0x00, 0x00, 0x00, 0x00, 0x00, 0x00,
  0x00, 0x00, 0x00, 0x00, 0x00, 0x00, 0x00, 0x00, 0x00, 0x00, 0x00, 0x00,
  0x00, 0x00, 0x00, 0x00, 0x00, 0x00, 0x00, 0x00, 0x00, 0x00, 0x00, 0x00,
  0x00, 0x00, 0x00, 0x00, 0x00, 0x00, 0x00, 0x00, 0x00, 0x00, 0x00, 0x00,
  0x00, 0x00, 0x00, 0x00, 0x00, 0x00, 0x00, 0x00, 0x00, 0x00, 0x00, 0x00,
  0x00, 0x00, 0x00, 0x00, 0x00, 0x00, 0x00, 0x00, 0x00, 0x00, 0x00, 0x00,
  0x00, 0x00, 0x00, 0x00, 0x00, 0x00, 0x00, 0x00, 0x00, 0x00, 0x00, 0x00,
  0x00, 0x00, 0x00, 0x00, 0x00, 0x00, 0x00, 0x00, 0x00, 0x00, 0x00, 0x00,
  0x00, 0x00, 0x00, 0x00, 0x00, 0x00, 0x00, 0x00, 0x00, 0x00, 0x00, 0x00,
  0x00, 0x00, 0x00, 0x00, 0x00, 0x00, 0x00, 0x00, 0x00, 0x00, 0x00, 0x00,
  0x00, 0x00, 0x00, 0x00, 0x00, 0x00, 0x00, 0x00, 0x00, 0x00, 0x00, 0x00,
  0x00, 0x00, 0x00, 0x00, 0x00, 0x00, 0x00, 0x00, 0x00, 0x00, 0x00, 0x00,
  0x00, 0x00, 0x00, 0x00, 0x00, 0x00, 0x00, 0x00, 0x00, 0x00, 0x00, 0x00,
  0x00, 0x00, 0x00, 0x00, 0x00, 0x00, 0x00, 0x00, 0x00, 0x00, 0x00, 0x00,
  0x00, 0x00, 0x00, 0x00, 0x00, 0x00, 0x00, 0x00, 0x00, 0x00, 0x00, 0x00,
  0x00, 0x00, 0x00, 0x00, 0x00, 0x00, 0x00, 0x00, 0x00, 0x00, 0x00, 0x00,
  0x00, 0x00, 0x00, 0x00, 0x00, 0x00, 0x00, 0x00, 0x00, 0x00, 0x00, 0x00,
  0x00, 0x00, 0x00, 0x00, 0x00, 0x00, 0x00, 0x00, 0x00, 0x00, 0x00, 0x00,
  0x00, 0x00, 0x00, 0x00, 0x00, 0x00, 0x00, 0x00, 0x00, 0x00, 0x00, 0x00,
  0x00, 0x00, 0x00, 0x00, 0x00, 0x00, 0x00, 0x00, 0x00, 0x00, 0x00, 0x00,
  0x00, 0x00, 0x00, 0x00, 0x00, 0x00, 0x00, 0x00, 0x00, 0x00, 0x00, 0x00,
  0x00, 0x00, 0x00, 0x00, 0x00, 0x00, 0x00, 0x00, 0x00, 0x00, 0x00, 0x00,
  0x00, 0x00, 0x00, 0x00, 0x00, 0x00, 0x00, 0x00, 0x00, 0x00, 0x00, 0x00,
  0x00, 0x00, 0x00, 0x00, 0x00, 0x00, 0x00, 0x00, 0x00, 0x00, 0x00, 0x00,
  0x00, 0x00, 0x00, 0x00, 0x00, 0x00, 0x00, 0x00, 0x00, 0x00, 0x00, 0x00,
  0x00, 0x00, 0x00, 0x00, 0x00, 0x00, 0x00, 0x00, 0x00, 0x00, 0x00, 0x00,
  0x00, 0x00, 0x00, 0x00, 0x00, 0x00, 0x00, 0x00, 0x00, 0x00, 0x00, 0x00,
  0x00, 0x00, 0x00, 0x00, 0x00, 0x00, 0x00, 0x00, 0x00, 0x00, 0x00, 0x00,
  0x00, 0x00, 0x00, 0x00, 0x00, 0x00, 0x00, 0x00, 0x00, 0x00, 0x00, 0x00,
  0x00, 0x00, 0x00, 0x00, 0x00, 0x00, 0x00, 0x00, 0x00, 0x00, 0x00, 0x00,
  0x00, 0x00, 0x00, 0x00, 0x00, 0x00, 0x00, 0x00, 0x00, 0x00, 0x00, 0x00,
  0x00, 0x00, 0x00, 0x00, 0x00, 0x00, 0x00, 0x00, 0x00, 0x00, 0x00, 0x00,
  0x00, 0x00, 0x00, 0x00, 0x00, 0x00, 0x00, 0x00, 0x00, 0x00, 0x00, 0x00,
  0x00, 0x00, 0x00, 0x00, 0x00, 0x00, 0x00, 0x00, 0x00, 0x00, 0x00, 0x00,
  0x00, 0x00, 0x00, 0x00, 0x00, 0x00, 0x00, 0x00, 0x00, 0x00, 0x00, 0x00,
  0x00, 0x00, 0x00, 0x00, 0x00, 0x00, 0x00, 0x00, 0x00, 0x00, 0x00, 0x00,
  0x00, 0x00, 0x00, 0x00, 0x00, 0x00, 0x00, 0x00, 0x00, 0x00, 0x00, 0x00,
  0x00, 0x00, 0x00, 0x00, 0x00, 0x00, 0x00, 0x00, 0x00, 0x00, 0x00, 0x00,
  0x00, 0x00, 0x00, 0x00, 0x00, 0x00, 0x00, 0x00, 0x00, 0x00, 0x00, 0x00,
  0x00, 0x00, 0x00, 0x00, 0x00, 0x00, 0x00, 0x00, 0x00, 0x00, 0x00, 0x00,
  0x00, 0x00, 0x00, 0x00, 0x00, 0x00, 0x00, 0x00, 0x00, 0x00, 0x00, 0x00,
  0x00, 0x00, 0x00, 0x00, 0x00, 0x00, 0x00, 0x00, 0x00, 0x00, 0x00, 0x00,
  0x00, 0x00, 0x00, 0x00, 0x00, 0x00, 0x00, 0x00, 0x00, 0x00, 0x00, 0x00,
  0x00, 0x00, 0x00, 0x00, 0x00, 0x00, 0x00, 0x00, 0x00, 0x00, 0x00, 0x00,
  0x00, 0x00, 0x00, 0x00, 0x00, 0x00, 0x00, 0x00, 0x00, 0x00, 0x00, 0x00,
  0x00, 0x00, 0x00, 0x00, 0x00, 0x00, 0x00, 0x00, 0x00, 0x00, 0x00, 0x00,
  0x00, 0x00, 0x00, 0x00, 0x00, 0x00, 0x00, 0x00, 0x00, 0x00, 0x00, 0x00,
  0x00, 0x00, 0x00, 0x00, 0x00, 0x00, 0x00, 0x00, 0x00, 0x00, 0x00, 0x00,
  0x00, 0x00, 0x00, 0x00, 0x00, 0x00, 0x00, 0x00, 0x00, 0x00, 0x00, 0x00,
  0x00, 0x00, 0x00, 0x00, 0x00, 0x00, 0x00, 0x00, 0x00, 0x00, 0x00, 0x00,
  0x00, 0x00, 0x00, 0x00, 0x00, 0x00, 0x00, 0x00, 0x00, 0x00, 0x00, 0x00,
  0x00, 0x00, 0x00, 0x00, 0x00, 0x00, 0x00, 0x00, 0x00, 0x00, 0x00, 0x00,
  0x00, 0x00, 0x00, 0x00, 0x00, 0x00, 0x00, 0x00, 0x00, 0x00, 0x00, 0x00,
  0x00, 0x00, 0x00, 0x00, 0x00, 0x00, 0x00, 0x00, 0x00, 0x00, 0x00, 0x00,
  0x00, 0x00, 0x00, 0x00, 0x00, 0x00, 0x00, 0x00, 0x00, 0x00, 0x00, 0x00,
  0x00, 0x00, 0x00, 0x00, 0x00, 0x00, 0x00, 0x00, 0x00, 0x00, 0x00, 0x00,
  0x00, 0x00, 0x00, 0x00, 0x00, 0x00, 0x00, 0x00, 0x00, 0x00, 0x00, 0x00,
  0x00, 0x00, 0x00, 0x00, 0x00, 0x00, 0x00, 0x00, 0x00, 0x00, 0x00, 0x00,
  0x00, 0x00, 0x00, 0x00, 0x00, 0x00, 0x00, 0x00, 0x00, 0x00, 0x00, 0x00,
  0x00, 0x00, 0x00, 0x00, 0x00, 0x00, 0x00, 0x00, 0x00, 0x00, 0x00, 0x00,
  0x00, 0x00, 0x00, 0x00, 0x00, 0x00, 0x00, 0x00, 0x00, 0x00, 0x00, 0x00,
  0x00, 0x00, 0x00, 0x00, 0x00, 0x00, 0x00, 0x00, 0x00, 0x00, 0x00, 0x00,
  0x00, 0x00, 0x00, 0x00, 0x00, 0x00, 0x00, 0x00, 0x00, 0x00, 0x00, 0x00,
  0x00, 0x00, 0x00, 0x00, 0x00, 0x00, 0x00, 0x00, 0x00, 0x00, 0x00, 0x00,
  0x00, 0x00, 0x00, 0x00, 0x00, 0x00, 0x00, 0x00, 0x00, 0x00, 0x00, 0x00,
  0x00, 0x00, 0x00, 0x00, 0x00, 0x00, 0x00, 0x00, 0x00, 0x00, 0x00, 0x00,
  0x00, 0x00, 0x00, 0x00, 0x00, 0x00, 0x00, 0x00, 0x00, 0x00, 0x00, 0x00,
  0x00, 0x00, 0x00, 0x00, 0x00, 0x00, 0x00, 0x00, 0x00, 0x00, 0x00, 0x00,
  0x00, 0x00, 0x00, 0x00, 0x00, 0x00, 0x00, 0x00, 0x00, 0x00, 0x00, 0x00,
  0x00, 0x00, 0x00, 0x00, 0x00, 0x00, 0x00, 0x00, 0x00, 0x00, 0x00, 0x00,
  0x00, 0x00, 0x00, 0x00, 0x00, 0x00, 0x00, 0x00, 0x00, 0x00, 0x00, 0x00,
  0x00, 0x00, 0x00, 0x00, 0x00, 0x00, 0x00, 0x00, 0x00, 0x00, 0x00, 0x00,
  0x00, 0x00, 0x00, 0x00, 0x00, 0x00, 0x00, 0x00, 0x00, 0x00, 0x00, 0x00,
  0x00, 0x00, 0x00, 0x00, 0x00, 0x00, 0x00, 0x00, 0x00, 0x00, 0x00, 0x00,
  0x00, 0x00, 0x00, 0x00, 0x00, 0x00, 0x00, 0x00, 0x00, 0x00, 0x00, 0x00,
  0x00, 0x00, 0x00, 0x00, 0x00, 0x00, 0x00, 0x00, 0x00, 0x00, 0x00, 0x00,
  0x00, 0x00, 0x00, 0x00, 0x00, 0x00, 0x00, 0x00, 0x00, 0x00, 0x00, 0x00,
  0x00, 0x00, 0x00, 0x00, 0x00, 0x00, 0x00, 0x00, 0x00, 0x00, 0x00, 0x00,
  0x00, 0x00, 0x00, 0x00, 0x00, 0x00, 0x00, 0x00, 0x00, 0x00, 0x00, 0x00,
  0x00, 0x00, 0x00, 0x00, 0x00, 0x00, 0x00, 0x00, 0x00, 0x00, 0x00, 0x00,
  0x00, 0x00, 0x00, 0x00, 0x00, 0x00, 0x00, 0x00, 0x00, 0x00, 0x00, 0x00,
  0x00, 0x00, 0x00, 0x00, 0x00, 0x00, 0x00, 0x00, 0x00, 0x00, 0x00, 0x00,
  0x00, 0x00, 0x00, 0x00, 0x00, 0x00, 0x00, 0x00, 0x00, 0x00, 0x00, 0x00,
  0x00, 0x00, 0x00, 0x00, 0x00, 0x00, 0x00, 0x00, 0x00, 0x00, 0x00, 0x00,
  0x00, 0x00, 0x00, 0x00, 0x00, 0x00, 0x00, 0x00, 0x00, 0x00, 0x00, 0x00,
  0x00, 0x00, 0x00, 0x00, 0x00, 0x00, 0x00, 0x00, 0x00, 0x00, 0x00, 0x00,
  0x00, 0x00, 0x00, 0x00, 0x00, 0x00, 0x00, 0x00, 0x00, 0x00, 0x00, 0x00,
  0x00, 0x00, 0x00, 0x00, 0x00, 0x00, 0x00, 0x00, 0x00, 0x00, 0x00, 0x00,
  0x00, 0x00, 0x00, 0x00, 0x00, 0x00, 0x00, 0x00, 0x00, 0x00, 0x00, 0x00,
  0x00, 0x00, 0x00, 0x00, 0x00, 0x00, 0x00, 0x00, 0x00, 0x00, 0x00, 0x00,
  0x00, 0x00, 0x00, 0x00, 0x00, 0x00, 0x00, 0x00, 0x00, 0x00, 0x00, 0x00,
  0x00, 0x00, 0x00, 0x00, 0x00, 0x00, 0x00, 0x00, 0x00, 0x00, 0x00, 0x00,
  0x00, 0x00, 0x00, 0x00, 0x00, 0x00, 0x00, 0x00, 0x00, 0x00, 0x00, 0x00,
  0x00, 0x00, 0x00, 0x00, 0x00, 0x00, 0x00, 0x00, 0x00, 0x00, 0x00, 0x00,
  0x00, 0x00, 0x00, 0x00, 0x00, 0x00, 0x00, 0x00, 0x00, 0x00, 0x00, 0x00,
  0x00, 0x00, 0x00, 0x00, 0x00, 0x00, 0x00, 0x00, 0x00, 0x00, 0x00, 0x00,
  0x00, 0x00, 0x00, 0x00, 0x00, 0x00, 0x00, 0x00, 0x00, 0x00, 0x00, 0x00,
  0x00, 0x00, 0x00, 0x00, 0x00, 0x00, 0x00, 0x00, 0x00, 0x00, 0x00, 0x00,
  0x00, 0x00, 0x00, 0x00, 0x00, 0x00, 0x00, 0x00, 0x00, 0x00, 0x00, 0x00,
  0x00, 0x00, 0x00, 0x00, 0x00, 0x00, 0x00, 0x00, 0x00, 0x00, 0x00, 0x00,
  0x00, 0x00, 0x00, 0x00, 0x00, 0x00, 0x00, 0x00, 0x00, 0x00, 0x00, 0x00,
  0x00, 0x00, 0x00, 0x00, 0x00, 0x00, 0x00, 0x00, 0x00, 0x00, 0x00, 0x00,
  0x00, 0x00, 0x00, 0x00, 0x00, 0x00, 0x00, 0x00, 0x00, 0x00, 0x00, 0x00,
  0x00, 0x00, 0x00, 0x00, 0x00, 0x00, 0x00, 0x00, 0x00, 0x00, 0x00, 0x00,
  0x00, 0x00, 0x00, 0x00, 0x00, 0x00, 0x00, 0x00, 0x00, 0x00, 0x00, 0x00,
  0x00, 0x00, 0x00, 0x00, 0x00, 0x00, 0x00, 0x00, 0x00, 0x00, 0x00, 0x00,
  0x00, 0x00, 0x00, 0x00, 0x00, 0x00, 0x00, 0x00, 0x00, 0x00, 0x00, 0x00,
  0x00, 0x00, 0x00, 0x00, 0x00, 0x00, 0x00, 0x00, 0x00, 0x00, 0x00, 0x00,
  0x00, 0x00, 0x00, 0x00, 0x00, 0x00, 0x00, 0x00, 0x00, 0x00, 0x00, 0x00,
  0x00, 0x00, 0x00, 0x00, 0x00, 0x00, 0x00, 0x00, 0x00, 0x00, 0x00, 0x00,
  0x00, 0x00, 0x00, 0x00, 0x00, 0x00, 0x00, 0x00, 0x00, 0x00, 0x00, 0x00,
  0x00, 0x00, 0x00, 0x00, 0x00, 0x00, 0x00, 0x00, 0x00, 0x00, 0x00, 0x00,
  0x00, 0x00, 0x00, 0x00, 0x00, 0x00, 0x00, 0x00, 0x00, 0x00, 0x00, 0x00,
  0x00, 0x00, 0x00, 0x00, 0x00, 0x00, 0x00, 0x00, 0x00, 0x00, 0x00, 0x00,
  0x00, 0x00, 0x00, 0x00, 0x00, 0x00, 0x00, 0x00, 0x00, 0x00, 0x00, 0x00,
  0x00, 0x00, 0x00, 0x00, 0x00, 0x00, 0x00, 0x00, 0x00, 0x00, 0x00, 0x00,
  0x00, 0x00, 0x00, 0x00, 0x00, 0x00, 0x00, 0x00, 0x00, 0x00, 0x00, 0x00,
  0x00, 0x00, 0x00, 0x00, 0x00, 0x00, 0x00, 0x00, 0x00, 0x00, 0x00, 0x00,
  0x00, 0x00, 0x00, 0x00, 0x00, 0x00, 0x00, 0x00, 0x00, 0x00, 0x00, 0x00,
  0x00, 0x00, 0x00, 0x00, 0x00, 0x00, 0x00, 0x00, 0x00, 0x00, 0x00, 0x00,
  0x00, 0x00, 0x00, 0x00, 0x00, 0x00, 0x00, 0x00, 0x00, 0x00, 0x00, 0x00,
  0x00, 0x00, 0x00, 0x00, 0x00, 0x00, 0x00, 0x00, 0x00, 0x00, 0x00, 0x00,
  0x00, 0x00, 0x00, 0x00, 0x00, 0x00, 0x00, 0x00, 0x00, 0x00, 0x00, 0x00,
  0x00, 0x00, 0x00, 0x00, 0x00, 0x00, 0x00, 0x00, 0x00, 0x00, 0x00, 0x00,
  0x00, 0x00, 0x00, 0x00, 0x00, 0x00, 0x00, 0x00, 0x00, 0x00, 0x00, 0x00,
  0x00, 0x00, 0x00, 0x00, 0x00, 0x00, 0x00, 0x00, 0x00, 0x00, 0x00, 0x00,
  0x00, 0x00, 0x00, 0x00, 0x00, 0x00, 0x00, 0x00, 0x00, 0x00, 0x00, 0x00,
  0x00, 0x00, 0x00, 0x00, 0x00, 0x00, 0x00, 0x00, 0x00, 0x00, 0x00, 0x00,
  0x00, 0x00, 0x00, 0x00, 0x00, 0x00, 0x00, 0x00, 0x00, 0x00, 0x00, 0x00,
  0x00, 0x00, 0x00, 0x00, 0x00, 0x00, 0x00, 0x00, 0x00, 0x00, 0x00, 0x00,
  0x00, 0x00, 0x00, 0x00, 0x00, 0x00, 0x00, 0x00, 0x00, 0x00, 0x00, 0x00,
  0x00, 0x00, 0x00, 0x00, 0x00, 0x00, 0x00, 0x00, 0x00, 0x00, 0x00, 0x00,
  0x00, 0x00, 0x00, 0x00, 0x00, 0x00, 0x00, 0x00, 0x00, 0x00, 0x00, 0x00,
  0x00, 0x00, 0x00, 0x00, 0x00, 0x00, 0x00, 0x00, 0x00, 0x00, 0x00, 0x00,
  0x00, 0x00, 0x00, 0x00, 0x00, 0x00, 0x00, 0x00, 0x00, 0x00, 0x00, 0x00,
  0x00, 0x00, 0x00, 0x00, 0x00, 0x00, 0x00, 0x00, 0x00, 0x00, 0x00, 0x00,
  0x00, 0x00, 0x00, 0x00, 0x00, 0x00, 0x00, 0x00, 0x00, 0x00, 0x00, 0x00,
  0x00, 0x00, 0x00, 0x00, 0x00, 0x00, 0x00, 0x00, 0x00, 0x00, 0x00, 0x00,
  0x00, 0x00, 0x00, 0x00, 0x00, 0x00, 0x00, 0x00, 0x00, 0x00, 0x00, 0x00,
  0x00, 0x00, 0x00, 0x00, 0x00, 0x00, 0x00, 0x00, 0x00, 0x00, 0x00, 0x00,
  0x00, 0x00, 0x00, 0x00, 0x00, 0x00, 0x00, 0x00, 0x00, 0x00, 0x00, 0x00,
  0x00, 0x00, 0x00, 0x00, 0x00, 0x00, 0x00, 0x00, 0x00, 0x00, 0x00, 0x00,
  0x00, 0x00, 0x00, 0x00, 0x00, 0x00, 0x00, 0x00, 0x00, 0x00, 0x00, 0x00,
  0x00, 0x00, 0x00, 0x00, 0x00, 0x00, 0x00, 0x00, 0x00, 0x00, 0x00, 0x00,
  0x00, 0x00, 0x00, 0x00, 0x00, 0x00, 0x00, 0x00, 0x00, 0x00, 0x00, 0x00,
  0x00, 0x00, 0x00, 0x00, 0x00, 0x00, 0x00, 0x00, 0x00, 0x00, 0x00, 0x00,
  0x00, 0x00, 0x00, 0x00, 0x00, 0x00, 0x00, 0x00, 0x00, 0x00, 0x00, 0x00,
  0x00, 0x00, 0x00, 0x00, 0x00, 0x00, 0x00, 0x00, 0x00, 0x00, 0x00, 0x00,
  0x00, 0x00, 0x00, 0x00, 0x00, 0x00, 0x00, 0x00, 0x00, 0x00, 0x00, 0x00,
  0x00, 0x00, 0x00, 0x00, 0x00, 0x00, 0x00, 0x00, 0x00, 0x00, 0x00, 0x00,
  0x00, 0x00, 0x00, 0x00, 0x00, 0x00, 0x00, 0x00, 0x00, 0x00, 0x00, 0x00,
  0x00, 0x00, 0x00, 0x00, 0x00, 0x00, 0x00, 0x00, 0x00, 0x00, 0x00, 0x00,
  0x00, 0x00, 0x00, 0x00, 0x00, 0x00, 0x00, 0x00, 0x00, 0x00, 0x00, 0x00,
  0x00, 0x00, 0x00, 0x00, 0x00, 0x00, 0x00, 0x00, 0x00, 0x00, 0x00, 0x00,
  0x00, 0x00, 0x00, 0x00, 0x00, 0x00, 0x00, 0x00, 0x00, 0x00, 0x00, 0x00,
  0x00, 0x00, 0x00, 0x00, 0x00, 0x00, 0x00, 0x00, 0x00, 0x00, 0x00, 0x00,
  0x00, 0x00, 0x00, 0x00, 0x00, 0x00, 0x00, 0x00, 0x00, 0x00, 0x00, 0x00,
  0x00, 0x00, 0x00, 0x00, 0x00, 0x00, 0x00, 0x00, 0x00, 0x00, 0x00, 0x00,
  0x00, 0x00, 0x00, 0x00, 0x00, 0x00, 0x00, 0x00, 0x00, 0x00, 0x00, 0x00,
  0x00, 0x00, 0x00, 0x00, 0x00, 0x00, 0x00, 0x00, 0x00, 0x00, 0x00, 0x00,
  0x00, 0x00, 0x00, 0x00, 0x00, 0x00, 0x00, 0x00, 0x00, 0x00, 0x00, 0x00,
  0x00, 0x00, 0x00, 0x00, 0x00, 0x00, 0x00, 0x00, 0x00, 0x00, 0x00, 0x00,
  0x00, 0x00, 0x00, 0x00, 0x00, 0x00, 0x00, 0x00, 0x00, 0x00, 0x00, 0x00,
  0x00, 0x00, 0x00, 0x00, 0x00, 0x00, 0x00, 0x00, 0x00, 0x00, 0x00, 0x00,
  0x00, 0x00, 0x00, 0x00, 0x00, 0x00, 0x00, 0x00, 0x00, 0x00, 0x00, 0x00,
  0x00, 0x00, 0x00, 0x00, 0x00, 0x00, 0x00, 0x00, 0x00, 0x00, 0x00, 0x00,
  0x00, 0x00, 0x00, 0x00, 0x00, 0x00, 0x00, 0x00, 0x00, 0x00, 0x00, 0x00,
  0x00, 0x00, 0x00, 0x00, 0x00, 0x00, 0x00, 0x00, 0x00, 0x00, 0x00, 0x00,
  0x00, 0x00, 0x00, 0x00, 0x00, 0x00, 0x00, 0x00, 0x00, 0x00, 0x00, 0x00,
  0x00, 0x00, 0x00, 0x00, 0x00, 0x00, 0x00, 0x00, 0x00, 0x00, 0x00, 0x00,
  0x00, 0x00, 0x00, 0x00, 0x00, 0x00, 0x00, 0x00, 0x00, 0x00, 0x00, 0x00,
  0x00, 0x00, 0x00, 0x00, 0x00, 0x00, 0x00, 0x00, 0x00, 0x00, 0x00, 0x00,
  0x00, 0x00, 0x00, 0x00, 0x00, 0x00, 0x00, 0x00, 0x00, 0x00, 0x00, 0x00,
  0x00, 0x00, 0x00, 0x00, 0x00, 0x00, 0x00, 0x00, 0x00, 0x00, 0x00, 0x00,
  0x00, 0x00, 0x00, 0x00, 0x00, 0x00, 0x00, 0x00, 0x00, 0x00, 0x00, 0x00,
  0x00, 0x00, 0x00, 0x00, 0x00, 0x00, 0x00, 0x00, 0x00, 0x00, 0x00, 0x00,
  0x00, 0x00, 0x00, 0x00, 0x00, 0x00, 0x00, 0x00, 0x00, 0x00, 0x00, 0x00,
  0x00, 0x00, 0x00, 0x00, 0x00, 0x00, 0x00, 0x00, 0x00, 0x00, 0x00, 0x00,
  0x00, 0x00, 0x00, 0x00, 0x00, 0x00, 0x00, 0x00, 0x00, 0x00, 0x00, 0x00,
  0x00, 0x00, 0x00, 0x00, 0x00, 0x00, 0x00, 0x00, 0x00, 0x00, 0x00, 0x00,
  0x00, 0x00, 0x00, 0x00, 0x00, 0x00, 0x00, 0x00, 0x00, 0x00, 0x00, 0x00,
  0x00, 0x00, 0x00, 0x00, 0x00, 0x00, 0x00, 0x00, 0x00, 0x00, 0x00, 0x00,
  0x00, 0x00, 0x00, 0x00, 0x00, 0x00, 0x00, 0x00, 0x00, 0x00, 0x00, 0x00,
  0x00, 0x00, 0x00, 0x00, 0x00, 0x00, 0x00, 0x00, 0x00, 0x00, 0x00, 0x00,
  0x00, 0x00, 0x00, 0x00, 0x00, 0x00, 0x00, 0x00, 0x00, 0x00, 0x00, 0x00,
  0x00, 0x00, 0x00, 0x00, 0x00, 0x00, 0x00, 0x00, 0x00, 0x00, 0x00, 0x00,
  0x00, 0x00, 0x00, 0x00, 0x00, 0x00, 0x00, 0x00, 0x00, 0x00, 0x00, 0x00,
  0x00, 0x00, 0x00, 0x00, 0x00, 0x00, 0x00, 0x00, 0x00, 0x00, 0x00, 0x00,
  0x00, 0x00, 0x00, 0x00, 0x00, 0x00, 0x00, 0x00, 0x00, 0x00, 0x00, 0x00,
  0x00, 0x00, 0x00, 0x00, 0x00, 0x00, 0x00, 0x00, 0x00, 0x00, 0x00, 0x00,
  0x00, 0x00, 0x00, 0x00, 0x00, 0x00, 0x00, 0x00, 0x00, 0x00, 0x00, 0x00,
  0x00, 0x00, 0x00, 0x00, 0x00, 0x00, 0x00, 0x00, 0x00, 0x00, 0x00, 0x00,
  0x00, 0x00, 0x00, 0x00, 0x00, 0x00, 0x00, 0x00, 0x00, 0x00, 0x00, 0x00,
  0x00, 0x00, 0x00, 0x00, 0x00, 0x00, 0x00, 0x00, 0x00, 0x00, 0x00, 0x00,
  0x00, 0x00, 0x00, 0x00, 0x00, 0x00, 0x00, 0x00, 0x00, 0x00, 0x00, 0x00,
  0x00, 0x00, 0x00, 0x00, 0x00, 0x00, 0x00, 0x00, 0x00, 0x00, 0x00, 0x00,
  0x00, 0x00, 0x00, 0x00, 0x00, 0x00, 0x00, 0x00, 0x00, 0x00, 0x00, 0x00,
  0x00, 0x00, 0x00, 0x00, 0x00, 0x00, 0x00, 0x00, 0x00, 0x00, 0x00, 0x00,
  0x00, 0x00, 0x00, 0x00, 0x00, 0x00, 0x00, 0x00, 0x00, 0x00, 0x00, 0x00,
  0x00, 0x00, 0x00, 0x00, 0x00, 0x00, 0x00, 0x00, 0x00, 0x00, 0x00, 0x00,
  0x00, 0x00, 0x00, 0x00, 0x00, 0x00, 0x00, 0x00, 0x00, 0x00, 0x00, 0x00,
  0x00, 0x00, 0x00, 0x00, 0x00, 0x00, 0x00, 0x00, 0x00, 0x00, 0x00, 0x00,
  0x00, 0x00, 0x00, 0x00, 0x00, 0x00, 0x00, 0x00, 0x00, 0x00, 0x00, 0x00,
  0x00, 0x00, 0x00, 0x00, 0x00, 0x00, 0x00, 0x00, 0x00, 0x00, 0x00, 0x00,
  0x00, 0x00, 0x00, 0x00, 0x00, 0x00, 0x00, 0x00, 0x00, 0x00, 0x00, 0x00,
  0x00, 0x00, 0x00, 0x00, 0x00, 0x00, 0x00, 0x00, 0x00, 0x00, 0x00, 0x00,
  0x00, 0x00, 0x00, 0x00, 0x00, 0x00, 0x00, 0x00, 0x00, 0x00, 0x00, 0x00,
  0x00, 0x00, 0x00, 0x00, 0x00, 0x00, 0x00, 0x00, 0x00, 0x00, 0x00, 0x00,
  0x00, 0x00, 0x00, 0x00, 0x00, 0x00, 0x00, 0x00, 0x00, 0x00, 0x00, 0x00,
  0x00, 0x00, 0x00, 0x00, 0x00, 0x00, 0x00, 0x00, 0x00, 0x00, 0x00, 0x00,
  0x00, 0x00, 0x00, 0x00, 0x00, 0x00, 0x00, 0x00, 0x00, 0x00, 0x00, 0x00,
  0x00, 0x00, 0x00, 0x00, 0x00, 0x00, 0x00, 0x00, 0x00, 0x00, 0x00, 0x00,
  0x00, 0x00, 0x00, 0x00, 0x00, 0x00, 0x00, 0x00, 0x00, 0x00, 0x00, 0x00,
  0x00, 0x00, 0x00, 0x00, 0x00, 0x00, 0x00, 0x00, 0x00, 0x00, 0x00, 0x00,
  0x00, 0x00, 0x00, 0x00, 0x00, 0x00, 0x00, 0x00, 0x00, 0x00, 0x00, 0x00,
  0x00, 0x00, 0x00, 0x00, 0x00, 0x00, 0x00, 0x00, 0x00, 0x00, 0x00, 0x00,
  0x00, 0x00, 0x00, 0x00, 0x00, 0x00, 0x00, 0x00, 0x00, 0x00, 0x00, 0x00,
  0x00, 0x00, 0x00, 0x00, 0x00, 0x00, 0x00, 0x00, 0x00, 0x00, 0x00, 0x00,
  0x00, 0x00, 0x00, 0x00, 0x00, 0x00, 0x00, 0x00, 0x00, 0x00, 0x00, 0x00,
  0x00, 0x00, 0x00, 0x00, 0x00, 0x00, 0x00, 0x00, 0x00, 0x00, 0x00, 0x00,
  0x00, 0x00, 0x00, 0x00, 0x00, 0x00, 0x00, 0x00, 0x00, 0x00, 0x00, 0x00,
  0x00, 0x00, 0x00, 0x00, 0x00, 0x00, 0x00, 0x00, 0x00, 0x00, 0x00, 0x00,
  0x00, 0x00, 0x00, 0x00, 0x00, 0x00, 0x00, 0x00, 0x00, 0x00, 0x00, 0x00,
  0x00, 0x00, 0x00, 0x00, 0x00, 0x00, 0x00, 0x00, 0x00, 0x00, 0x00, 0x00,
  0x00, 0x00, 0x00, 0x00, 0x00, 0x00, 0x00, 0x00, 0x00, 0x00, 0x00, 0x00,
  0x00, 0x00, 0x00, 0x00, 0x00, 0x00, 0x00, 0x00, 0x00, 0x00, 0x00, 0x00,
  0x00, 0x00, 0x00, 0x00, 0x00, 0x00, 0x00, 0x00, 0x00, 0x00, 0x00, 0x00,
  0x00, 0x00, 0x00, 0x00, 0x00, 0x00, 0x00, 0x00, 0x00, 0x00, 0x00, 0x00,
  0x00, 0x00, 0x00, 0x00, 0x00, 0x00, 0x00, 0x00, 0x00, 0x00, 0x00, 0x00,
  0x00, 0x00, 0x00, 0x00, 0x00, 0x00, 0x00, 0x00, 0x00, 0x00, 0x00, 0x00,
  0x00, 0x00, 0x00, 0x00, 0x00, 0x00, 0x00, 0x00, 0x00, 0x00, 0x00, 0x00,
  0x00, 0x00, 0x00, 0x00, 0x00, 0x00, 0x00, 0x00, 0x00, 0x00, 0x00, 0x00,
  0x00, 0x00, 0x00, 0x00, 0x00, 0x00, 0x00, 0x00, 0x00, 0x00, 0x00, 0x00,
  0x00, 0x00, 0x00, 0x00, 0x00, 0x00, 0x00, 0x00, 0x00, 0x00, 0x00, 0x00,
  0x00, 0x00, 0x00, 0x00, 0x00, 0x00, 0x00, 0x00, 0x00, 0x00, 0x00, 0x00,
  0x00, 0x00, 0x00, 0x00, 0x00, 0x00, 0x00, 0x00, 0x00, 0x00, 0x00, 0x00,
  0x00, 0x00, 0x00, 0x00, 0x00, 0x00, 0x00, 0x00, 0x00, 0x00, 0x00, 0x00,
  0x00, 0x00, 0x00, 0x00, 0x00, 0x00, 0x00, 0x00, 0x00, 0x00, 0x00, 0x00,
  0x00, 0x00, 0x00, 0x00, 0x00, 0x00, 0x00, 0x00, 0x00, 0x00, 0x00, 0x00,
  0x00, 0x00, 0x00, 0x00, 0x00, 0x00, 0x00, 0x00, 0x00, 0x00, 0x00, 0x00,
  0x00, 0x00, 0x00, 0x00, 0x00, 0x00, 0x00, 0x00, 0x00, 0x00, 0x00, 0x00,
  0x00, 0x00, 0x00, 0x00, 0x00, 0x00, 0x00, 0x00, 0x00, 0x00, 0x00, 0x00,
  0x00, 0x00, 0x00, 0x00, 0x00, 0x00, 0x00, 0x00, 0x00, 0x00, 0x00, 0x00,
  0x00, 0x00, 0x00, 0x00, 0x00, 0x00, 0x00, 0x00, 0x00, 0x00, 0x00, 0x00,
  0x00, 0x00, 0x00, 0x00, 0x00, 0x00, 0x00, 0x00, 0x00, 0x00, 0x00, 0x00,
  0x00, 0x00, 0x00, 0x00, 0x00, 0x00, 0x00, 0x00, 0x00, 0x00, 0x00, 0x00,
  0x00, 0x00, 0x00, 0x00, 0x00, 0x00, 0x00, 0x00, 0x00, 0x00, 0x00, 0x00,
  0x00, 0x00, 0x00, 0x00, 0x00, 0x00, 0x00, 0x00, 0x00, 0x00, 0x00, 0x00,
  0x00, 0x00, 0x00, 0x00, 0x00, 0x00, 0x00, 0x00, 0x00, 0x00, 0x00, 0x00,
  0x00, 0x00, 0x00, 0x00, 0x00, 0x00, 0x00, 0x00, 0x00, 0x00, 0x00, 0x00,
  0x00, 0x00, 0x00, 0x00, 0x00, 0x00, 0x00, 0x00, 0x00, 0x00, 0x00, 0x00,
  0x00, 0x00, 0x00, 0x00, 0x00, 0x00, 0x00, 0x00, 0x00, 0x00, 0x00, 0x00,
  0x00, 0x00, 0x00, 0x00, 0x00, 0x00, 0x00, 0x00, 0x00, 0x00, 0x00, 0x00,
  0x00, 0x00, 0x00, 0x00, 0x00, 0x00, 0x00, 0x00, 0x00, 0x00, 0x00, 0x00,
  0x00, 0x00, 0x00, 0x00, 0x00, 0x00, 0x00, 0x00, 0x00, 0x00, 0x00, 0x00,
  0x00, 0x00, 0x00, 0x00, 0x00, 0x00, 0x00, 0x00, 0x00, 0x00, 0x00, 0x00,
  0x00, 0x00, 0x00, 0x00, 0x00, 0x00, 0x00, 0x00, 0x00, 0x00, 0x00, 0x00,
  0x00, 0x00, 0x00, 0x00, 0x00, 0x00, 0x00, 0x00, 0x00, 0x00, 0x00, 0x00,
  0x00, 0x00, 0x00, 0x00, 0x00, 0x00, 0x00, 0x00, 0x00, 0x00, 0x00, 0x00,
  0x00, 0x00, 0x00, 0x00, 0x00, 0x00, 0x00, 0x00, 0x00, 0x00, 0x00, 0x00,
  0x00, 0x00, 0x00, 0x00, 0x00, 0x00, 0x00, 0x00, 0x00, 0x00, 0x00, 0x00,
  0x00, 0x00, 0x00, 0x00, 0x00, 0x00, 0x00, 0x00, 0x00, 0x00, 0x00, 0x00,
  0x00, 0x00, 0x00, 0x00, 0x00, 0x00, 0x00, 0x00, 0x00, 0x00, 0x00, 0x00,
  0x00, 0x00, 0x00, 0x00, 0x00, 0x00, 0x00, 0x00, 0x00, 0x00, 0x00, 0x00,
  0x00, 0x00, 0x00, 0x00, 0x00, 0x00, 0x00, 0x00, 0x00, 0x00, 0x00, 0x00,
  0x00, 0x00, 0x00, 0x00, 0x00, 0x00, 0x00, 0x00, 0x00, 0x00, 0x00, 0x00,
  0x00, 0x00, 0x00, 0x00, 0x00, 0x00, 0x00, 0x00, 0x00, 0x00, 0x00, 0x00,
  0x00, 0x00, 0x00, 0x00, 0x00, 0x00, 0x00, 0x00, 0x00, 0x00, 0x00, 0x00,
  0x00, 0x00, 0x00, 0x00, 0x00, 0x00, 0x00, 0x00, 0x00, 0x00, 0x00, 0x00,
  0x00, 0x00, 0x00, 0x00, 0x00, 0x00, 0x00, 0x00, 0x00, 0x00, 0x00, 0x00,
  0x00, 0x00, 0x00, 0x00, 0x00, 0x00, 0x00, 0x00, 0x00, 0x00, 0x00, 0x00,
  0x00, 0x00, 0x00, 0x00, 0x00, 0x00, 0x00, 0x00, 0x00, 0x00, 0x00, 0x00,
  0x00, 0x00, 0x00, 0x00, 0x00, 0x00, 0x00, 0x00, 0x00, 0x00, 0x00, 0x00,
  0x00, 0x00, 0x00, 0x00, 0x00, 0x00, 0x00, 0x00, 0x00, 0x00, 0x00, 0x00,
  0x00, 0x00, 0x00, 0x00, 0x00, 0x00, 0x00, 0x00, 0x00, 0x00, 0x00, 0x00,
  0x00, 0x00, 0x00, 0x00, 0x00, 0x00, 0x00, 0x00, 0x00, 0x00, 0x00, 0x00,
  0x00, 0x00, 0x00, 0x00, 0x00, 0x00, 0x00, 0x00, 0x00, 0x00, 0x00, 0x00,
  0x00, 0x00, 0x00, 0x00, 0x00, 0x00, 0x00, 0x00, 0x00, 0x00, 0x00, 0x00,
  0x00, 0x00, 0x00, 0x00, 0x00, 0x00, 0x00, 0x00, 0x00, 0x00, 0x00, 0x00,
  0x00, 0x00, 0x00, 0x00, 0x00, 0x00, 0x00, 0x00, 0x00, 0x00, 0x00, 0x00,
  0x00, 0x00, 0x00, 0x00, 0x00, 0x00, 0x00, 0x00, 0x00, 0x00, 0x00, 0x00,
  0x00, 0x00, 0x00, 0x00, 0x00, 0x00, 0x00, 0x00, 0x00, 0x00, 0x00, 0x00,
  0x00, 0x00, 0x00, 0x00, 0x00, 0x00, 0x00, 0x00, 0x00, 0x00, 0x00, 0x00,
  0x00, 0x00, 0x00, 0x00, 0x00, 0x00, 0x00, 0x00, 0x00, 0x00, 0x00, 0x00,
  0x00, 0x00, 0x00, 0x00, 0x00, 0x00, 0x00, 0x00, 0x00, 0x00, 0x00, 0x00,
  0x00, 0x00, 0x00, 0x00, 0x00, 0x00, 0x00, 0x00, 0x00, 0x00, 0x00, 0x00,
  0x00, 0x00, 0x00, 0x00, 0x00, 0x00, 0x00, 0x00, 0x00, 0x00, 0x00, 0x00,
  0x00, 0x00, 0x00, 0x00, 0x00, 0x00, 0x00, 0x00, 0x00, 0x00, 0x00, 0x00,
  0x00, 0x00, 0x00, 0x00, 0x00, 0x00, 0x00, 0x00, 0x00, 0x00, 0x00, 0x00,
  0x00, 0x00, 0x00, 0x00, 0x00, 0x00, 0x00, 0x00, 0x00, 0x00, 0x00, 0x00,
  0x00, 0x00, 0x00, 0x00, 0x00, 0x00, 0x00, 0x00, 0x00, 0x00, 0x00, 0x00,
  0x00, 0x00, 0x00, 0x00, 0x00, 0x00, 0x00, 0x00, 0x00, 0x00, 0x00, 0x00,
  0x00, 0x00, 0x00, 0x00, 0x00, 0x00, 0x00, 0x00, 0x00, 0x00, 0x00, 0x00,
  0x00, 0x00, 0x00, 0x00, 0x00, 0x00, 0x00, 0x00, 0x00, 0x00, 0x00, 0x00,
  0x00, 0x00, 0x00, 0x00, 0x00, 0x00, 0x00, 0x00, 0x00, 0x00, 0x00, 0x00,
  0x00, 0x00, 0x00, 0x00, 0x00, 0x00, 0x00, 0x00, 0x00, 0x00, 0x00, 0x00,
  0x00, 0x00, 0x00, 0x00, 0x00, 0x00, 0x00, 0x00, 0x00, 0x00, 0x00, 0x00,
  0x00, 0x00, 0x00, 0x00, 0x00, 0x00, 0x00, 0x00, 0x00, 0x00, 0x00, 0x00,
  0x00, 0x00, 0x00, 0x00, 0x00, 0x00, 0x00, 0x00, 0x00, 0x00, 0x00, 0x00,
  0x00, 0x00, 0x00, 0x00, 0x00, 0x00, 0x00, 0x00, 0x00, 0x00, 0x00, 0x00,
  0x00, 0x00, 0x00, 0x00, 0x00, 0x00, 0x00, 0x00, 0x00, 0x00, 0x00, 0x00,
  0x00, 0x00, 0x00, 0x00, 0x00, 0x00, 0x00, 0x00, 0x00, 0x00, 0x00, 0x00,
  0x00, 0x00, 0x00, 0x00, 0x00, 0x00, 0x00, 0x00, 0x00, 0x00, 0x00, 0x00,
  0x00, 0x00, 0x00, 0x00, 0x00, 0x00, 0x00, 0x00, 0x00, 0x00, 0x00, 0x00,
  0x00, 0x00, 0x00, 0x00, 0x00, 0x00, 0x00, 0x00, 0x00, 0x00, 0x00, 0x00,
  0x00, 0x00, 0x00, 0x00, 0x00, 0x00, 0x00, 0x00, 0x00, 0x00, 0x00, 0x00,
  0x00, 0x00, 0x00, 0x00, 0x00, 0x00, 0x00, 0x00, 0x00, 0x00, 0x00, 0x00,
  0x00, 0x00, 0x00, 0x00, 0x00, 0x00, 0x00, 0x00, 0x00, 0x00, 0x00, 0x00,
  0x00, 0x00, 0x00, 0x00, 0x00, 0x00, 0x00, 0x00, 0x00, 0x00, 0x00, 0x00,
  0x00, 0x00, 0x00, 0x00, 0x00, 0x00, 0x00, 0x00, 0x00, 0x00, 0x00, 0x00,
  0x00, 0x00, 0x00, 0x00, 0x00, 0x00, 0x00, 0x00, 0x00, 0x00, 0x00, 0x00,
  0x00, 0x00, 0x00, 0x00, 0x00, 0x00, 0x00, 0x00, 0x00, 0x00, 0x00, 0x00,
  0x00, 0x00, 0x00, 0x00, 0x00, 0x00, 0x00, 0x00, 0x00, 0x00, 0x00, 0x00,
  0x00, 0x00, 0x00, 0x00, 0x00, 0x00, 0x00, 0x00, 0x00, 0x00, 0x00, 0x00,
  0x00, 0x00, 0x00, 0x00, 0x00, 0x00, 0x00, 0x00, 0x00, 0x00, 0x00, 0x00,
  0x00, 0x00, 0x00, 0x00, 0x00, 0x00, 0x00, 0x00, 0x00, 0x00, 0x00, 0x00,
  0x00, 0x00, 0x00, 0x00, 0x00, 0x00, 0x00, 0x00, 0x00, 0x00, 0x00, 0x00,
  0x00, 0x00, 0x00, 0x00, 0x00, 0x00, 0x00, 0x00, 0x00, 0x00, 0x00, 0x00,
  0x00, 0x00, 0x00, 0x00, 0x00, 0x00, 0x00, 0x00, 0x00, 0x00, 0x00, 0x00,
  0x00, 0x00, 0x00, 0x00, 0x00, 0x00, 0x00, 0x00, 0x00, 0x00, 0x00, 0x00,
  0x00, 0x00, 0x00, 0x00, 0x00, 0x00, 0x00, 0x00, 0x00, 0x00, 0x00, 0x00,
  0x00, 0x00, 0x00, 0x00, 0x00, 0x00, 0x00, 0x00, 0x00, 0x00, 0x00, 0x00,
  0x00, 0x00, 0x00, 0x00, 0x00, 0x00, 0x00, 0x00, 0x00, 0x00, 0x00, 0x00,
  0x00, 0x00, 0x00, 0x00, 0x00, 0x00, 0x00, 0x00, 0x00, 0x00, 0x00, 0x00,
  0x00, 0x00, 0x00, 0x00, 0x00, 0x00, 0x00, 0x00, 0x00, 0x00, 0x00, 0x00,
  0x00, 0x00, 0x00, 0x00, 0x00, 0x00, 0x00, 0x00, 0x00, 0x00, 0x00, 0x00,
  0x00, 0x00, 0x00, 0x00, 0x00, 0x00, 0x00, 0x00, 0x00, 0x00, 0x00, 0x00,
  0x00, 0x00, 0x00, 0x00, 0x00, 0x00, 0x00, 0x00, 0x00, 0x00, 0x00, 0x00,
  0x00, 0x00, 0x00, 0x00, 0x00, 0x00, 0x00, 0x00, 0x00, 0x00, 0x00, 0x00,
  0x00, 0x00, 0x00, 0x00, 0x00, 0x00, 0x00, 0x00, 0x00, 0x00, 0x00, 0x00,
  0x00, 0x00, 0x00, 0x00, 0x00, 0x00, 0x00, 0x00, 0x00, 0x00, 0x00, 0x00,
  0x00, 0x00, 0x00, 0x00, 0x00, 0x00, 0x00, 0x00, 0x00, 0x00, 0x00, 0x00,
  0x00, 0x00, 0x00, 0x00, 0x00, 0x00, 0x00, 0x00, 0x00, 0x00, 0x00, 0x00,
  0x00, 0x00, 0x00, 0x00, 0x00, 0x00, 0x00, 0x00, 0x00, 0x00, 0x00, 0x00,
  0x00, 0x00, 0x00, 0x00, 0x00, 0x00, 0x00, 0x00, 0x00, 0x00, 0x00, 0x00,
  0x00, 0x00, 0x00, 0x00, 0x00, 0x00, 0x00, 0x00, 0x00, 0x00, 0x00, 0x00,
  0x00, 0x00, 0x00, 0x00, 0x00, 0x00, 0x00, 0x00, 0x00, 0x00, 0x00, 0x00,
  0x00, 0x00, 0x00, 0x00, 0x00, 0x00, 0x00, 0x00, 0x00, 0x00, 0x00, 0x00,
  0x00, 0x00, 0x00, 0x00, 0x00, 0x00, 0x00, 0x00, 0x00, 0x00, 0x00, 0x00,
  0x00, 0x00, 0x00, 0x00, 0x00, 0x00, 0x00, 0x00, 0x00, 0x00, 0x00, 0x00,
  0x00, 0x00, 0x00, 0x00, 0x00, 0x00, 0x00, 0x00, 0x00, 0x00, 0x00, 0x00,
  0x00, 0x00, 0x00, 0x00, 0x00, 0x00, 0x00, 0x00, 0x00, 0x00, 0x00, 0x00,
  0x00, 0x00, 0x00, 0x00, 0x00, 0x00, 0x00, 0x00, 0x00, 0x00, 0x00, 0x00,
  0x00, 0x00, 0x00, 0x00, 0x00, 0x00, 0x00, 0x00, 0x00, 0x00, 0x00, 0x00,
  0x00, 0x00, 0x00, 0x00, 0x00, 0x00, 0x00, 0x00, 0x00, 0x00, 0x00, 0x00,
  0x00, 0x00, 0x00, 0x00, 0x00, 0x00, 0x00, 0x00, 0x00, 0x00, 0x00, 0x00,
  0x00, 0x00, 0x00, 0x00, 0x00, 0x00, 0x00, 0x00, 0x00, 0x00, 0x00, 0x00,
  0x00, 0x00, 0x00, 0x00, 0x00, 0x00, 0x00, 0x00, 0x00, 0x00, 0x00, 0x00,
  0x00, 0x00, 0x00, 0x00, 0x00, 0x00, 0x00, 0x00, 0x00, 0x00, 0x00, 0x00,
  0x00, 0x00, 0x00, 0x00, 0x00, 0x00, 0x00, 0x00, 0x00, 0x00, 0x00, 0x00,
  0x00, 0x00, 0x00, 0x00, 0x00, 0x00, 0x00, 0x00, 0x00, 0x00, 0x00, 0x00,
  0x00, 0x00, 0x00, 0x00, 0x00, 0x00, 0x00, 0x00, 0x00, 0x00, 0x00, 0x00,
  0x00, 0x00, 0x00, 0x00, 0x00, 0x00, 0x00, 0x00, 0x00, 0x00, 0x00, 0x00,
  0x00, 0x00, 0x00, 0x00, 0x00, 0x00, 0x00, 0x00, 0x00, 0x00, 0x00, 0x00,
  0x00, 0x00, 0x00, 0x00, 0x00, 0x00, 0x00, 0x00, 0x00, 0x00, 0x00, 0x00,
  0x00, 0x00, 0x00, 0x00, 0x00, 0x00, 0x00, 0x00, 0x00, 0x00, 0x00, 0x00,
  0x00, 0x00, 0x00, 0x00, 0x00, 0x00, 0x00, 0x00, 0x00, 0x00, 0x00, 0x00,
  0x00, 0x00, 0x00, 0x00, 0x00, 0x00, 0x00, 0x00, 0x00, 0x00, 0x00, 0x00,
  0x00, 0x00, 0x00, 0x00, 0x00, 0x00, 0x00, 0x00, 0x00, 0x00, 0x00, 0x00,
  0x00, 0x00, 0x00, 0x00, 0x00, 0x00, 0x00, 0x00, 0x00, 0x00, 0x00, 0x00,
  0x00, 0x00, 0x00, 0x00, 0x00, 0x00, 0x00, 0x00, 0x00, 0x00, 0x00, 0x00,
  0x00, 0x00, 0x00, 0x00, 0x00, 0x00, 0x00, 0x00, 0x00, 0x00, 0x00, 0x00,
  0x00, 0x00, 0x00, 0x00, 0x00, 0x00, 0x00, 0x00, 0x00, 0x00, 0x00, 0x00,
  0x00, 0x00, 0x00, 0x00, 0x00, 0x00, 0x00, 0x00, 0x00, 0x00, 0x00, 0x00,
  0x00, 0x00, 0x00, 0x00, 0x00, 0x00, 0x00, 0x00, 0x00, 0x00, 0x00, 0x00,
  0x00, 0x00, 0x00, 0x00, 0x00, 0x00, 0x00, 0x00, 0x00, 0x00, 0x00, 0x00,
  0x00, 0x00, 0x00, 0x00, 0x00, 0x00, 0x00, 0x00, 0x00, 0x00, 0x00, 0x00,
  0x00, 0x00, 0x00, 0x00, 0x00, 0x00, 0x00, 0x00, 0x00, 0x00, 0x00, 0x00,
  0x00, 0x00, 0x00, 0x00, 0x00, 0x00, 0x00, 0x00, 0x00, 0x00, 0x00, 0x00,
  0x00, 0x00, 0x00, 0x00, 0x00, 0x00, 0x00, 0x00, 0x00, 0x00, 0x00, 0x00,
  0x00, 0x00, 0x00, 0x00, 0x00, 0x00, 0x00, 0x00, 0x00, 0x00, 0x00, 0x00,
  0x00, 0x00, 0x00, 0x00, 0x00, 0x00, 0x00, 0x00, 0x00, 0x00, 0x00, 0x00,
  0x00, 0x00, 0x00, 0x00, 0x00, 0x00, 0x00, 0x00, 0x00, 0x00, 0x00, 0x00,
  0x00, 0x00, 0x00, 0x00, 0x00, 0x00, 0x00, 0x00, 0x00, 0x00, 0x00, 0x00,
  0x00, 0x00, 0x00, 0x00, 0x00, 0x00, 0x00, 0x00, 0x00, 0x00, 0x00, 0x00,
  0x00, 0x00, 0x00, 0x00, 0x00, 0x00, 0x00, 0x00, 0x00, 0x00, 0x00, 0x00,
  0x00, 0x00, 0x00, 0x00, 0x00, 0x00, 0x00, 0x00, 0x00, 0x00, 0x00, 0x00,
  0x00, 0x00, 0x00, 0x00, 0x00, 0x00, 0x00, 0x00, 0x00, 0x00, 0x00, 0x00,
  0x00, 0x00, 0x00, 0x00, 0x00, 0x00, 0x00, 0x00, 0x00, 0x00, 0x00, 0x00,
  0x00, 0x00, 0x00, 0x00, 0x00, 0x00, 0x00, 0x00, 0x00, 0x00, 0x00, 0x00,
  0x00, 0x00, 0x00, 0x00, 0x00, 0x00, 0x00, 0x00, 0x00, 0x00, 0x00, 0x00,
  0x00, 0x00, 0x00, 0x00, 0x00, 0x00, 0x00, 0x00, 0x00, 0x00, 0x00, 0x00,
  0x00, 0x00, 0x00, 0x00, 0x00, 0x00, 0x00, 0x00, 0x00, 0x00, 0x00, 0x00,
  0x00, 0x00, 0x00, 0x00, 0x00, 0x00, 0x00, 0x00, 0x00, 0x00, 0x00, 0x00,
  0x00, 0x00, 0x00, 0x00, 0x00, 0x00, 0x00, 0x00, 0x00, 0x00, 0x00, 0x00,
  0x00, 0x00, 0x00, 0x00, 0x00, 0x00, 0x00, 0x00, 0x00, 0x00, 0x00, 0x00,
  0x00, 0x00, 0x00, 0x00, 0x00, 0x00, 0x00, 0x00, 0x00, 0x00, 0x00, 0x00,
  0x00, 0x00, 0x00, 0x00, 0x00, 0x00, 0x00, 0x00, 0x00, 0x00, 0x00, 0x00,
  0x00, 0x00, 0x00, 0x00, 0x00, 0x00, 0x00, 0x00, 0x00, 0x00, 0x00, 0x00,
  0x00, 0x00, 0x00, 0x00, 0x00, 0x00, 0x00, 0x00, 0x00, 0x00, 0x00, 0x00,
  0x00, 0x00, 0x00, 0x00, 0x00, 0x00, 0x00, 0x00, 0x00, 0x00, 0x00, 0x00,
  0x00, 0x00, 0x00, 0x00, 0x00, 0x00, 0x00, 0x00, 0x00, 0x00, 0x00, 0x00,
  0x00, 0x00, 0x00, 0x00, 0x00, 0x00, 0x00, 0x00, 0x00, 0x00, 0x00, 0x00,
  0x00, 0x00, 0x00, 0x00, 0x00, 0x00, 0x00, 0x00, 0x00, 0x00, 0x00, 0x00,
  0x00, 0x00, 0x00, 0x00, 0x00, 0x00, 0x00, 0x00, 0x00, 0x00, 0x00, 0x00,
  0x00, 0x00, 0x00, 0x00, 0x00, 0x00, 0x00, 0x00, 0x00, 0x00, 0x00, 0x00,
  0x00, 0x00, 0x00, 0x00, 0x00, 0x00, 0x00, 0x00, 0x00, 0x00, 0x00, 0x00,
  0x00, 0x00, 0x00, 0x00, 0x00, 0x00, 0x00, 0x00, 0x00, 0x00, 0x00, 0x00,
  0x00, 0x00, 0x00, 0x00, 0x00, 0x00, 0x00, 0x00, 0x00, 0x00, 0x00, 0x00,
  0x00, 0x00, 0x00, 0x00, 0x00, 0x00, 0x00, 0x00, 0x00, 0x00, 0x00, 0x00,
  0x00, 0x00, 0x00, 0x00, 0x00, 0x00, 0x00, 0x00, 0x00, 0x00, 0x00, 0x00,
  0x00, 0x00, 0x00, 0x00, 0x00, 0x00, 0x00, 0x00, 0x00, 0x00, 0x00, 0x00,
  0x00, 0x00, 0x00, 0x00, 0x00, 0x00, 0x00, 0x00, 0x00, 0x00, 0x00, 0x00,
  0x00, 0x00, 0x00, 0x00, 0x00, 0x00, 0x00, 0x00, 0x00, 0x00, 0x00, 0x00,
  0x00, 0x00, 0x00, 0x00, 0x00, 0x00, 0x00, 0x00, 0x00, 0x00, 0x00, 0x00,
  0x00, 0x00, 0x00, 0x00, 0x00, 0x00, 0x00, 0x00, 0x00, 0x00, 0x00, 0x00,
  0x00, 0x00, 0x00, 0x00, 0x00, 0x00, 0x00, 0x00, 0x00, 0x00, 0x00, 0x00,
  0x00, 0x00, 0x00, 0x00, 0x00, 0x00, 0x00, 0x00, 0x00, 0x00, 0x00, 0x00,
  0x00, 0x00, 0x00, 0x00, 0x00, 0x00, 0x00, 0x00, 0x00, 0x00, 0x00, 0x00,
  0x00, 0x00, 0x00, 0x00, 0x00, 0x00, 0x00, 0x00, 0x00, 0x00, 0x00, 0x00,
  0x00, 0x00, 0x00, 0x00, 0x00, 0x00, 0x00, 0x00, 0x00, 0x00, 0x00, 0x00,
  0x00, 0x00, 0x00, 0x00, 0x00, 0x00, 0x00, 0x00, 0x00, 0x00, 0x00, 0x00,
  0x00, 0x00, 0x00, 0x00, 0x00, 0x00, 0x00, 0x00, 0x00, 0x00, 0x00, 0x00,
  0x00, 0x00, 0x00, 0x00, 0x00, 0x00, 0x00, 0x00, 0x00, 0x00, 0x00, 0x00,
  0x00, 0x00, 0x00, 0x00, 0x00, 0x00, 0x00, 0x00, 0x00, 0x00, 0x00, 0x00,
  0x00, 0x00, 0x00, 0x00, 0x00, 0x00, 0x00, 0x00, 0x00, 0x00, 0x00, 0x00,
  0x00, 0x00, 0x00, 0x00, 0x00, 0x00, 0x00, 0x00, 0x00, 0x00, 0x00, 0x00,
  0x00, 0x00, 0x00, 0x00, 0x00, 0x00, 0x00, 0x00, 0x00, 0x00, 0x00, 0x00,
  0x00, 0x00, 0x00, 0x00, 0x00, 0x00, 0x00, 0x00, 0x00, 0x00, 0x00, 0x00,
  0x00, 0x00, 0x00, 0x00, 0x00, 0x00, 0x00, 0x00, 0x00, 0x00, 0x00, 0x00,
  0x00, 0x00, 0x00, 0x00, 0x00, 0x00, 0x00, 0x00, 0x00, 0x00, 0x00, 0x00,
  0x00, 0x00, 0x00, 0x00, 0x00, 0x00, 0x00, 0x00, 0x00, 0x00, 0x00, 0x00,
  0x00, 0x00, 0x00, 0x00, 0x00, 0x00, 0x00, 0x00, 0x00, 0x00, 0x00, 0x00,
  0x00, 0x00, 0x00, 0x00, 0x00, 0x00, 0x00, 0x00, 0x00, 0x00, 0x00, 0x00,
  0x00, 0x00, 0x00, 0x00, 0x00, 0x00, 0x00, 0x00, 0x00, 0x00, 0x00, 0x00,
  0x00, 0x00, 0x00, 0x00, 0x00, 0x00, 0x00, 0x00, 0x00, 0x00, 0x00, 0x00,
  0x00, 0x00, 0x00, 0x00, 0x00, 0x00, 0x00, 0x00, 0x00, 0x00, 0x00, 0x00,
  0x00, 0x00, 0x00, 0x00, 0x00, 0x00, 0x00, 0x00, 0x00, 0x00, 0x00, 0x00,
  0x00, 0x00, 0x00, 0x00, 0x00, 0x00, 0x00, 0x00, 0x00, 0x00, 0x00, 0x00,
  0x00, 0x00, 0x00, 0x00, 0x00, 0x00, 0x00, 0x00, 0x00, 0x00, 0x00, 0x00,
  0x00, 0x00, 0x00, 0x00, 0x00, 0x00, 0x00, 0x00, 0x00, 0x00, 0x00, 0x00,
  0x00, 0x00, 0x00, 0x00, 0x00, 0x00, 0x00, 0x00, 0x00, 0x00, 0x00, 0x00,
  0x00, 0x00, 0x00, 0x00, 0x00, 0x00, 0x00, 0x00, 0x00, 0x00, 0x00, 0x00,
  0x00, 0x00, 0x00, 0x00, 0x00, 0x00, 0x00, 0x00, 0x00, 0x00, 0x00, 0x00,
  0x00, 0x00, 0x00, 0x00, 0x00, 0x00, 0x00, 0x00, 0x00, 0x00, 0x00, 0x00,
  0x00, 0x00, 0x00, 0x00, 0x00, 0x00, 0x00, 0x00, 0x00, 0x00, 0x00, 0x00,
  0x00, 0x00, 0x00, 0x00, 0x00, 0x00, 0x00, 0x00, 0x00, 0x00, 0x00, 0x00,
  0x00, 0x00, 0x00, 0x00, 0x00, 0x00, 0x00, 0x00, 0x00, 0x00, 0x00, 0x00,
  0x00, 0x00, 0x00, 0x00, 0x00, 0x00, 0x00, 0x00, 0x00, 0x00, 0x00, 0x00,
  0x00, 0x00, 0x00, 0x00, 0x00, 0x00, 0x00, 0x00, 0x00, 0x00, 0x00, 0x00,
  0x00, 0x00, 0x00, 0x00, 0x00, 0x00, 0x00, 0x00, 0x00, 0x00, 0x00, 0x00,
  0x00, 0x00, 0x00, 0x00, 0x00, 0x00, 0x00, 0x00, 0x00, 0x00, 0x00, 0x00,
  0x00, 0x00, 0x00, 0x00, 0x00, 0x00, 0x00, 0x00, 0x00, 0x00, 0x00, 0x00,
  0x00, 0x00, 0x00, 0x00, 0x00, 0x00, 0x00, 0x00, 0x00, 0x00, 0x00, 0x00,
  0x00, 0x00, 0x00, 0x00, 0x00, 0x00, 0x00, 0x00, 0x00, 0x00, 0x00, 0x00,
  0x00, 0x00, 0x00, 0x00, 0x00, 0x00, 0x00, 0x00, 0x00, 0x00, 0x00, 0x00,
  0x00, 0x00, 0x00, 0x00, 0x00, 0x00, 0x00, 0x00, 0x00, 0x00, 0x00, 0x00,
  0x00, 0x00, 0x00, 0x00, 0x00, 0x00, 0x00, 0x00, 0x00, 0x00, 0x00, 0x00,
  0x00, 0x00, 0x00, 0x00, 0x00, 0x00, 0x00, 0x00, 0x00, 0x00, 0x00, 0x00,
  0x00, 0x00, 0x00, 0x00, 0x00, 0x00, 0x00, 0x00, 0x00, 0x00, 0x00, 0x00,
  0x00, 0x00, 0x00, 0x00, 0x00, 0x00, 0x00, 0x00, 0x00, 0x00, 0x00, 0x00,
  0x00, 0x00, 0x00, 0x00, 0x00, 0x00, 0x00, 0x00, 0x00, 0x00, 0x00, 0x00,
  0x00, 0x00, 0x00, 0x00, 0x00, 0x00, 0x00, 0x00, 0x00, 0x00, 0x00, 0x00,
  0x00, 0x00, 0x00, 0x00, 0x00, 0x00, 0x00, 0x00, 0x00, 0x00, 0x00, 0x00,
  0x00, 0x00, 0x00, 0x00, 0x00, 0x00, 0x00, 0x00, 0x00, 0x00, 0x00, 0x00,
  0x00, 0x00, 0x00, 0x00, 0x00, 0x00, 0x00, 0x00, 0x00, 0x00, 0x00, 0x00,
  0x00, 0x00, 0x00, 0x00, 0x00, 0x00, 0x00, 0x00, 0x00, 0x00, 0x00, 0x00,
  0x00, 0x00, 0x00, 0x00, 0x00, 0x00, 0x00, 0x00, 0x00, 0x00, 0x00, 0x00,
  0x00, 0x00, 0x00, 0x00, 0x00, 0x00, 0x00, 0x00, 0x00, 0x00, 0x00, 0x00,
  0x00, 0x00, 0x00, 0x00, 0x00, 0x00, 0x00, 0x00, 0x00, 0x00, 0x00, 0x00,
  0x00, 0x00, 0x00, 0x00, 0x00, 0x00, 0x00, 0x00, 0x00, 0x00, 0x00, 0x00,
  0x00, 0x00, 0x00, 0x00, 0x00, 0x00, 0x00, 0x00, 0x00, 0x00, 0x00, 0x00,
  0x00, 0x00, 0x00, 0x00, 0x00, 0x00, 0x00, 0x00, 0x00, 0x00, 0x00, 0x00,
  0x00, 0x00, 0x00, 0x00, 0x00, 0x00, 0x00, 0x00, 0x00, 0x00, 0x00, 0x00,
  0x00, 0x00, 0x00, 0x00, 0x00, 0x00, 0x00, 0x00, 0x00, 0x00, 0x00, 0x00,
  0x00, 0x00, 0x00, 0x00, 0x00, 0x00, 0x00, 0x00, 0x00, 0x00, 0x00, 0x00,
  0x00, 0x00, 0x00, 0x00, 0x00, 0x00, 0x00, 0x00, 0x00, 0x00, 0x00, 0x00,
  0x00, 0x00, 0x00, 0x00, 0x00, 0x00, 0x00, 0x00, 0x00, 0x00, 0x00, 0x00,
  0x00, 0x00, 0x00, 0x00, 0x00, 0x00, 0x00, 0x00, 0x00, 0x00, 0x00, 0x00,
  0x00, 0x00, 0x00, 0x00, 0x00, 0x00, 0x00, 0x00, 0x00, 0x00, 0x00, 0x00,
  0x00, 0x00, 0x00, 0x00, 0x00, 0x00, 0x00, 0x00, 0x00, 0x00, 0x00, 0x00,
  0x00, 0x00, 0x00, 0x00, 0x00, 0x00, 0x00, 0x00, 0x00, 0x00, 0x00, 0x00,
  0x00, 0x00, 0x00, 0x00, 0x00, 0x00, 0x00, 0x00, 0x00, 0x00, 0x00, 0x00,
  0x00, 0x00, 0x00, 0x00, 0x00, 0x00, 0x00, 0x00, 0x00, 0x00, 0x00, 0x00,
  0x00, 0x00, 0x00, 0x00, 0x00, 0x00, 0x00, 0x00, 0x00, 0x00, 0x00, 0x00,
  0x00, 0x00, 0x00, 0x00, 0x00, 0x00, 0x00, 0x00, 0x00, 0x00, 0x00, 0x00,
  0x00, 0x00, 0x00, 0x00, 0x00, 0x00, 0x00, 0x00, 0x00, 0x00, 0x00, 0x00,
  0x00, 0x00, 0x00, 0x00, 0x00, 0x00, 0x00, 0x00, 0x00, 0x00, 0x00, 0x00,
  0x00, 0x00, 0x00, 0x00, 0x00, 0x00, 0x00, 0x00, 0x00, 0x00, 0x00, 0x00,
  0x00, 0x00, 0x00, 0x00, 0x00, 0x00, 0x00, 0x00, 0x00, 0x00, 0x00, 0x00,
  0x00, 0x00, 0x00, 0x00, 0x00, 0x00, 0x00, 0x00, 0x00, 0x00, 0x00, 0x00,
  0x00, 0x00, 0x00, 0x00, 0x00, 0x00, 0x00, 0x00, 0x00, 0x00, 0x00, 0x00,
  0x00, 0x00, 0x00, 0x00, 0x00, 0x00, 0x00, 0x00, 0x00, 0x00, 0x00, 0x00,
  0x00, 0x00, 0x00, 0x00, 0x00, 0x00, 0x00, 0x00, 0x00, 0x00, 0x00, 0x00,
  0x00, 0x00, 0x00, 0x00, 0x00, 0x00, 0x00, 0x00, 0x00, 0x00, 0x00, 0x00,
  0x00, 0x00, 0x00, 0x00, 0x00, 0x00, 0x00, 0x00, 0x00, 0x00, 0x00, 0x00,
  0x00, 0x00, 0x00, 0x00, 0x00, 0x00, 0x00, 0x00, 0x00, 0x00, 0x00, 0x00,
  0x00, 0x00, 0x00, 0x00, 0x00, 0x00, 0x00, 0x00, 0x00, 0x00, 0x00, 0x00,
  0x00, 0x00, 0x00, 0x00, 0x00, 0x00, 0x00, 0x00, 0x00, 0x00, 0x00, 0x00,
  0x00, 0x00, 0x00, 0x00, 0x00, 0x00, 0x00, 0x00, 0x00, 0x00, 0x00, 0x00,
  0x00, 0x00, 0x00, 0x00, 0x00, 0x00, 0x00, 0x00, 0x00, 0x00, 0x00, 0x00,
  0x00, 0x00, 0x00, 0x00, 0x00, 0x00, 0x00, 0x00, 0x00, 0x00, 0x00, 0x00,
  0x00, 0x00, 0x00, 0x00, 0x00, 0x00, 0x00, 0x00, 0x00, 0x00, 0x00, 0x00,
  0x00, 0x00, 0x00, 0x00, 0x00, 0x00, 0x00, 0x00, 0x00, 0x00, 0x00, 0x00,
  0x00, 0x00, 0x00, 0x00, 0x00, 0x00, 0x00, 0x00, 0x00, 0x00, 0x00, 0x00,
  0x00, 0x00, 0x00, 0x00, 0x00, 0x00, 0x00, 0x00, 0x00, 0x00, 0x00, 0x00,
  0x00, 0x00, 0x00, 0x00, 0x00, 0x00, 0x00, 0x00, 0x00, 0x00, 0x00, 0x00,
  0x00, 0x00, 0x00, 0x00, 0x00, 0x00, 0x00, 0x00, 0x00, 0x00, 0x00, 0x00,
  0x00, 0x00, 0x00, 0x00, 0x00, 0x00, 0x00, 0x00, 0x00, 0x00, 0x00, 0x00,
  0x00, 0x00, 0x00, 0x00, 0x00, 0x00, 0x00, 0x00, 0x00, 0x00, 0x00, 0x00,
  0x00, 0x00, 0x00, 0x00, 0x00, 0x00, 0x00, 0x00, 0x00, 0x00, 0x00, 0x00,
  0x00, 0x00, 0x00, 0x00, 0x00, 0x00, 0x00, 0x00, 0x00, 0x00, 0x00, 0x00,
  0x00, 0x00, 0x00, 0x00, 0x00, 0x00, 0x00, 0x00, 0x00, 0x00, 0x00, 0x00,
  0x00, 0x00, 0x00, 0x00, 0x00, 0x00, 0x00, 0x00, 0x00, 0x00, 0x00, 0x00,
  0x00, 0x00, 0x00, 0x00, 0x00, 0x00, 0x00, 0x00, 0x00, 0x00, 0x00, 0x00,
  0x00, 0x00, 0x00, 0x00, 0x00, 0x00, 0x00, 0x00, 0x00, 0x00, 0x00, 0x00,
  0x00, 0x00, 0x00, 0x00, 0x00, 0x00, 0x00, 0x00, 0x00, 0x00, 0x00, 0x00,
  0x00, 0x00, 0x00, 0x00, 0x00, 0x00, 0x00, 0x00, 0x00, 0x00, 0x00, 0x00,
  0x00, 0x00, 0x00, 0x00, 0x00, 0x00, 0x00, 0x00, 0x00, 0x00, 0x00, 0x00,
  0x00, 0x00, 0x00, 0x00, 0x00, 0x00, 0x00, 0x00, 0x00, 0x00, 0x00, 0x00,
  0x00, 0x00, 0x00, 0x00, 0x00, 0x00, 0x00, 0x00, 0x00, 0x00, 0x00, 0x00,
  0x00, 0x00, 0x00, 0x00, 0x00, 0x00, 0x00, 0x00, 0x00, 0x00, 0x00, 0x00,
  0x00, 0x00, 0x00, 0x00, 0x00, 0x00, 0x00, 0x00, 0x00, 0x00, 0x00, 0x00,
  0x00, 0x00, 0x00, 0x00, 0x00, 0x00, 0x00, 0x00, 0x00, 0x00, 0x00, 0x00,
  0x00, 0x00, 0x00, 0x00, 0x00, 0x00, 0x00, 0x00, 0x00, 0x00, 0x00, 0x00,
  0x00, 0x00, 0x00, 0x00, 0x00, 0x00, 0x00, 0x00, 0x00, 0x00, 0x00, 0x00,
  0x00, 0x00, 0x00, 0x00, 0x00, 0x00, 0x00, 0x00, 0x00, 0x00, 0x00, 0x00,
  0x00, 0x00, 0x00, 0x00, 0x00, 0x00, 0x00, 0x00, 0x00, 0x00, 0x00, 0x00,
  0x00, 0x00, 0x00, 0x00, 0x00, 0x00, 0x00, 0x00, 0x00, 0x00, 0x00, 0x00,
  0x00, 0x00, 0x00, 0x00, 0x00, 0x00, 0x00, 0x00, 0x00, 0x00, 0x00, 0x00,
  0x00, 0x00, 0x00, 0x00, 0x00, 0x00, 0x00, 0x00, 0x00, 0x00, 0x00, 0x00,
  0x00, 0x00, 0x00, 0x00, 0x00, 0x00, 0x00, 0x00, 0x00, 0x00, 0x00, 0x00,
  0x00, 0x00, 0x00, 0x00, 0x00, 0x00, 0x00, 0x00, 0x00, 0x00, 0x00, 0x00,
  0x00, 0x00, 0x00, 0x00, 0x00, 0x00, 0x00, 0x00, 0x00, 0x00, 0x00, 0x00,
  0x00, 0x00, 0x00, 0x00, 0x00, 0x00, 0x00, 0x00, 0x00, 0x00, 0x00, 0x00,
  0x00, 0x00, 0x00, 0x00, 0x00, 0x00, 0x00, 0x00, 0x00, 0x00, 0x00, 0x00,
  0x00, 0x00, 0x00, 0x00, 0x00, 0x00, 0x00, 0x00, 0x00, 0x00, 0x00, 0x00,
  0x00, 0x00, 0x00, 0x00, 0x00, 0x00, 0x00, 0x00, 0x00, 0x00, 0x00, 0x00,
  0x00, 0x00, 0x00, 0x00, 0x00, 0x00, 0x00, 0x00, 0x00, 0x00, 0x00, 0x00,
  0x00, 0x00, 0x00, 0x00, 0x00, 0x00, 0x00, 0x00, 0x00, 0x00, 0x00, 0x00,
  0x00, 0x00, 0x00, 0x00, 0x00, 0x00, 0x00, 0x00, 0x00, 0x00, 0x00, 0x00,
  0x00, 0x00, 0x00, 0x00, 0x00, 0x00, 0x00, 0x00, 0x00, 0x00, 0x00, 0x00,
  0x00, 0x00, 0x00, 0x00, 0x00, 0x00, 0x00, 0x00, 0x00, 0x00, 0x00, 0x00,
  0x00, 0x00, 0x00, 0x00, 0x00, 0x00, 0x00, 0x00, 0x00, 0x00, 0x00, 0x00,
  0x00, 0x00, 0x00, 0x00, 0x00, 0x00, 0x00, 0x00, 0x00, 0x00, 0x00, 0x00,
  0x00, 0x00, 0x00, 0x00, 0x00, 0x00, 0x00, 0x00, 0x00, 0x00, 0x00, 0x00,
  0x00, 0x00, 0x00, 0x00, 0x00, 0x00, 0x00, 0x00, 0x00, 0x00, 0x00, 0x00,
  0x00, 0x00, 0x00, 0x00, 0x00, 0x00, 0x00, 0x00, 0x00, 0x00, 0x00, 0x00,
  0x00, 0x00, 0x00, 0x00, 0x00, 0x00, 0x00, 0x00, 0x00, 0x00, 0x00, 0x00,
  0x00, 0x00, 0x00, 0x00, 0x00, 0x00, 0x00, 0x00, 0x00, 0x00, 0x00, 0x00,
  0x00, 0x00, 0x00, 0x00, 0x00, 0x00, 0x00, 0x00, 0x00, 0x00, 0x00, 0x00,
  0x00, 0x00, 0x00, 0x00, 0x00, 0x00, 0x00, 0x00, 0x00, 0x00, 0x00, 0x00,
  0x00, 0x00, 0x00, 0x00, 0x00, 0x00, 0x00, 0x00, 0x00, 0x00, 0x00, 0x00,
  0x00, 0x00, 0x00, 0x00, 0x00, 0x00, 0x00, 0x00, 0x00, 0x00, 0x00, 0x00,
  0x00, 0x00, 0x00, 0x00, 0x00, 0x00, 0x00, 0x00, 0x00, 0x00, 0x00, 0x00,
  0x00, 0x00, 0x00, 0x00, 0x00, 0x00, 0x00, 0x00, 0x00, 0x00, 0x00, 0x00,
  0x00, 0x00, 0x00, 0x00, 0x00, 0x00, 0x00, 0x00, 0x00, 0x00, 0x00, 0x00,
  0x00, 0x00, 0x00, 0x00, 0x00, 0x00, 0x00, 0x00, 0x00, 0x00, 0x00, 0x00,
  0x00, 0x00, 0x00, 0x00, 0x00, 0x00, 0x00, 0x00, 0x00, 0x00, 0x00, 0x00,
  0x00, 0x00, 0x00, 0x00, 0x00, 0x00, 0x00, 0x00, 0x00, 0x00, 0x00, 0x00,
  0x00, 0x00, 0x00, 0x00, 0x00, 0x00, 0x00, 0x00, 0x00, 0x00, 0x00, 0x00,
  0x00, 0x00, 0x00, 0x00, 0x00, 0x00, 0x00, 0x00, 0x00, 0x00, 0x00, 0x00,
  0x00, 0x00, 0x00, 0x00, 0x00, 0x00, 0x00, 0x00, 0x00, 0x00, 0x00, 0x00,
  0x00, 0x00, 0x00, 0x00, 0x00, 0x00, 0x00, 0x00, 0x00, 0x00, 0x00, 0x00,
  0x00, 0x00, 0x00, 0x00, 0x00, 0x00, 0x00, 0x00, 0x00, 0x00, 0x00, 0x00,
  0x00, 0x00, 0x00, 0x00, 0x00, 0x00, 0x00, 0x00, 0x00, 0x00, 0x00, 0x00,
  0x00, 0x00, 0x00, 0x00, 0x00, 0x00, 0x00, 0x00, 0x00, 0x00, 0x00, 0x00,
  0x00, 0x00, 0x00, 0x00, 0x00, 0x00, 0x00, 0x00, 0x00, 0x00, 0x00, 0x00,
  0x00, 0x00, 0x00, 0x00, 0x00, 0x00, 0x00, 0x00, 0x00, 0x00, 0x00, 0x00,
  0x00, 0x00, 0x00, 0x00, 0x00, 0x00, 0x00, 0x00, 0x00, 0x00, 0x00, 0x00,
  0x00, 0x00, 0x00, 0x00, 0x00, 0x00, 0x00, 0x00, 0x00, 0x00, 0x00, 0x00,
  0x00, 0x00, 0x00, 0x00, 0x00, 0x00, 0x00, 0x00, 0x00, 0x00, 0x00, 0x00,
  0x00, 0x00, 0x00, 0x00, 0x00, 0x00, 0x00, 0x00, 0x00, 0x00, 0x00, 0x00,
  0x00, 0x00, 0x00, 0x00, 0x00, 0x00, 0x00, 0x00, 0x00, 0x00, 0x00, 0x00,
  0x00, 0x00, 0x00, 0x00, 0x00, 0x00, 0x00, 0x00, 0x00, 0x00, 0x00, 0x00,
  0x00, 0x00, 0x00, 0x00, 0x00, 0x00, 0x00, 0x00, 0x00, 0x00, 0x00, 0x00,
  0x00, 0x00, 0x00, 0x00, 0x00, 0x00, 0x00, 0x00, 0x00, 0x00, 0x00, 0x00,
  0x00, 0x00, 0x00, 0x00, 0x00, 0x00, 0x00, 0x00, 0x00, 0x00, 0x00, 0x00,
  0x00, 0x00, 0x00, 0x00, 0x00, 0x00, 0x00, 0x00, 0x00, 0x00, 0x00, 0x00,
  0x00, 0x00, 0x00, 0x00, 0x00, 0x00, 0x00, 0x00, 0x00, 0x00, 0x00, 0x00,
  0x00, 0x00, 0x00, 0x00, 0x00, 0x00, 0x00, 0x00, 0x00, 0x00, 0x00, 0x00,
  0x00, 0x00, 0x00, 0x00, 0x00, 0x00, 0x00, 0x00, 0x00, 0x00, 0x00, 0x00,
  0x00, 0x00, 0x00, 0x00, 0x00, 0x00, 0x00, 0x00, 0x00, 0x00, 0x00, 0x00,
  0x00, 0x00, 0x00, 0x00, 0x00, 0x00, 0x00, 0x00, 0x00, 0x00, 0x00, 0x00,
  0x00, 0x00, 0x00, 0x00, 0x00, 0x00, 0x00, 0x00, 0x00, 0x00, 0x00, 0x00,
  0x00, 0x00, 0x00, 0x00, 0x00, 0x00, 0x00, 0x00, 0x00, 0x00, 0x00, 0x00,
  0x00, 0x00, 0x00, 0x00, 0x00, 0x00, 0x00, 0x00, 0x00, 0x00, 0x00, 0x00,
  0x00, 0x00, 0x00, 0x00, 0x00, 0x00, 0x00, 0x00, 0x00, 0x00, 0x00, 0x00,
  0x00, 0x00, 0x00, 0x00, 0x00, 0x00, 0x00, 0x00, 0x00, 0x00, 0x00, 0x00,
  0x00, 0x00, 0x00, 0x00, 0x00, 0x00, 0x00, 0x00, 0x00, 0x00, 0x00, 0x00,
  0x00, 0x00, 0x00, 0x00, 0x00, 0x00, 0x00, 0x00, 0x00, 0x00, 0x00, 0x00,
  0x00, 0x00, 0x00, 0x00, 0x00, 0x00, 0x00, 0x00, 0x00, 0x00, 0x00, 0x00,
  0x00, 0x00, 0x00, 0x00, 0x00, 0x00, 0x00, 0x00, 0x00, 0x00, 0x00, 0x00,
  0x00, 0x00, 0x00, 0x00, 0x00, 0x00, 0x00, 0x00, 0x00, 0x00, 0x00, 0x00,
  0x00, 0x00, 0x00, 0x00, 0x00, 0x00, 0x00, 0x00, 0x00, 0x00, 0x00, 0x00,
  0x00, 0x00, 0x00, 0x00, 0x00, 0x00, 0x00, 0x00, 0x00, 0x00, 0x00, 0x00,
  0x00, 0x00, 0x00, 0x00, 0x00, 0x00, 0x00, 0x00, 0x00, 0x00, 0x00, 0x00,
  0x00, 0x00, 0x00, 0x00, 0x00, 0x00, 0x00, 0x00, 0x00, 0x00, 0x00, 0x00,
  0x00, 0x00, 0x00, 0x00, 0x00, 0x00, 0x00, 0x00, 0x00, 0x00, 0x00, 0x00,
  0x00, 0x00, 0x00, 0x00, 0x00, 0x00, 0x00, 0x00, 0x00, 0x00, 0x00, 0x00,
  0x00, 0x00, 0x00, 0x00, 0x00, 0x00, 0x00, 0x00, 0x00, 0x00, 0x00, 0x00,
  0x00, 0x00, 0x00, 0x00, 0x00, 0x00, 0x00, 0x00, 0x00, 0x00, 0x00, 0x00,
  0x00, 0x00, 0x00, 0x00, 0x00, 0x00, 0x00, 0x00, 0x00, 0x00, 0x00, 0x00,
  0x00, 0x00, 0x00, 0x00, 0x00, 0x00, 0x00, 0x00, 0x00, 0x00, 0x00, 0x00,
  0x00, 0x00, 0x00, 0x00, 0x00, 0x00, 0x00, 0x00, 0x00, 0x00, 0x00, 0x00,
  0x00, 0x00, 0x00, 0x00, 0x00, 0x00, 0x00, 0x00, 0x00, 0x00, 0x00, 0x00,
  0x00, 0x00, 0x00, 0x00, 0x00, 0x00, 0x00, 0x00, 0x00, 0x00, 0x00, 0x00,
  0x00, 0x00, 0x00, 0x00, 0x00, 0x00, 0x00, 0x00, 0x00, 0x00, 0x00, 0x00,
  0x00, 0x00, 0x00, 0x00, 0x00, 0x00, 0x00, 0x00, 0x00, 0x00, 0x00, 0x00,
  0x00, 0x00, 0x00, 0x00, 0x00, 0x00, 0x00, 0x00, 0x00, 0x00, 0x00, 0x00,
  0x00, 0x00, 0x00, 0x00, 0x00, 0x00, 0x00, 0x00, 0x00, 0x00, 0x00, 0x00,
  0x00, 0x00, 0x00, 0x00, 0x00, 0x00, 0x00, 0x00, 0x00, 0x00, 0x00, 0x00,
  0x00, 0x00, 0x00, 0x00, 0x00, 0x00, 0x00, 0x00, 0x00, 0x00, 0x00, 0x00,
  0x00, 0x00, 0x00, 0x00, 0x00, 0x00, 0x00, 0x00, 0x00, 0x00, 0x00, 0x00,
  0x00, 0x00, 0x00, 0x00, 0x00, 0x00, 0x00, 0x00, 0x00, 0x00, 0x00, 0x00,
  0x00, 0x00, 0x00, 0x00, 0x00, 0x00, 0x00, 0x00, 0x00, 0x00, 0x00, 0x00,
  0x00, 0x00, 0x00, 0x00, 0x00, 0x00, 0x00, 0x00, 0x00, 0x00, 0x00, 0x00,
  0x00, 0x00, 0x00, 0x00, 0x00, 0x00, 0x00, 0x00, 0x00, 0x00, 0x00, 0x00,
  0x00, 0x00, 0x00, 0x00, 0x00, 0x00, 0x00, 0x00, 0x00, 0x00, 0x00, 0x00,
  0x00, 0x00, 0x00, 0x00, 0x00, 0x00, 0x00, 0x00, 0x00, 0x00, 0x00, 0x00,
  0x00, 0x00, 0x00, 0x00, 0x00, 0x00, 0x00, 0x00, 0x00, 0x00, 0x00, 0x00,
  0x00, 0x00, 0x00, 0x00, 0x00, 0x00, 0x00, 0x00, 0x00, 0x00, 0x00, 0x00,
  0x00, 0x00, 0x00, 0x00, 0x00, 0x00, 0x00, 0x00, 0x00, 0x00, 0x00, 0x00,
  0x00, 0x00, 0x00, 0x00, 0x00, 0x00, 0x00, 0x00, 0x00, 0x00, 0x00, 0x00,
  0x00, 0x00, 0x00, 0x00, 0x00, 0x00, 0x00, 0x00, 0x00, 0x00, 0x00, 0x00,
  0x00, 0x00, 0x00, 0x00, 0x00, 0x00, 0x00, 0x00, 0x00, 0x00, 0x00, 0x00,
  0x00, 0x00, 0x00, 0x00, 0x00, 0x00, 0x00, 0x00, 0x00, 0x00, 0x00, 0x00,
  0x00, 0x00, 0x00, 0x00, 0x00, 0x00, 0x00, 0x00, 0x00, 0x00, 0x00, 0x00,
  0x00, 0x00, 0x00, 0x00, 0x00, 0x00, 0x00, 0x00, 0x00, 0x00, 0x00, 0x00,
  0x00, 0x00, 0x00, 0x00, 0x00, 0x00, 0x00, 0x00, 0x00, 0x00, 0x00, 0x00,
  0x00, 0x00, 0x00, 0x00, 0x00, 0x00, 0x00, 0x00, 0x00, 0x00, 0x00, 0x00,
  0x00, 0x00, 0x00, 0x00, 0x00, 0x00, 0x00, 0x00, 0x00, 0x00, 0x00, 0x00,
  0x00, 0x00, 0x00, 0x00, 0x00, 0x00, 0x00, 0x00, 0x00, 0x00, 0x00, 0x00,
  0x00, 0x00, 0x00, 0x00, 0x00, 0x00, 0x00, 0x00, 0x00, 0x00, 0x00, 0x00,
  0x00, 0x00, 0x00, 0x00, 0x00, 0x00, 0x00, 0x00, 0x00, 0x00, 0x00, 0x00,
  0x00, 0x00, 0x00, 0x00, 0x00, 0x00, 0x00, 0x00, 0x00, 0x00, 0x00, 0x00,
  0x00, 0x00, 0x00, 0x00, 0x00, 0x00, 0x00, 0x00, 0x00, 0x00, 0x00, 0x00,
  0x00, 0x00, 0x00, 0x00, 0x00, 0x00, 0x00, 0x00, 0x00, 0x00, 0x00, 0x00,
  0x00, 0x00, 0x00, 0x00, 0x00, 0x00, 0x00, 0x00, 0x00, 0x00, 0x00, 0x00,
  0x00, 0x00, 0x00, 0x00, 0x00, 0x00, 0x00, 0x00, 0x00, 0x00, 0x00, 0x00,
  0x00, 0x00, 0x00, 0x00, 0x00, 0x00, 0x00, 0x00, 0x00, 0x00, 0x00, 0x00,
  0x00, 0x00, 0x00, 0x00, 0x00, 0x00, 0x00, 0x00, 0x00, 0x00, 0x00, 0x00,
  0x00, 0x00, 0x00, 0x00, 0x00, 0x00, 0x00, 0x00, 0x00, 0x00, 0x00, 0x00,
  0x00, 0x00, 0x00, 0x00, 0x00, 0x00, 0x00, 0x00, 0x00, 0x00, 0x00, 0x00,
  0x00, 0x00, 0x00, 0x00, 0x00, 0x00, 0x00, 0x00, 0x00, 0x00, 0x00, 0x00,
  0x00, 0x00, 0x00, 0x00, 0x00, 0x00, 0x00, 0x00, 0x00, 0x00, 0x00, 0x00,
  0x00, 0x00, 0x00, 0x00, 0x00, 0x00, 0x00, 0x00, 0x00, 0x00, 0x00, 0x00,
  0x00, 0x00, 0x00, 0x00, 0x00, 0x00, 0x00, 0x00, 0x00, 0x00, 0x00, 0x00,
  0x00, 0x00, 0x00, 0x00, 0x00, 0x00, 0x00, 0x00, 0x00, 0x00, 0x00, 0x00,
  0x00, 0x00, 0x00, 0x00, 0x00, 0x00, 0x00, 0x00, 0x00, 0x00, 0x00, 0x00,
  0x00, 0x00, 0x00, 0x00, 0x00, 0x00, 0x00, 0x00, 0x00, 0x00, 0x00, 0x00,
  0x00, 0x00, 0x00, 0x00, 0x00, 0x00, 0x00, 0x00, 0x00, 0x00, 0x00, 0x00,
  0x00, 0x00, 0x00, 0x00, 0x00, 0x00, 0x00, 0x00, 0x00, 0x00, 0x00, 0x00,
  0x00, 0x00, 0x00, 0x00, 0x00, 0x00, 0x00, 0x00
};
unsigned int MSXDiag_rom_len = 32768;
