unsigned char Oil_rom[] = {
  0x41, 0x42, 0x10, 0x40, 0x00, 0x00, 0x00, 0x00, 0x00, 0x00, 0x00, 0x00,
  0x00, 0x00, 0x00, 0x00, 0xf3, 0xed, 0x56, 0x31, 0xff, 0xef, 0xcd, 0x38,
  0x01, 0xcb, 0x3f, 0xcb, 0x3f, 0xe6, 0x03, 0x21, 0xc1, 0xfc, 0x4f, 0x06,
  0x00, 0x09, 0x7e, 0xe6, 0x80, 0xb1, 0x21, 0xc5, 0xfc, 0x09, 0x4f, 0x7e,
  0xe6, 0x0c, 0xb1, 0x26, 0x80, 0x00, 0x00, 0x00, 0x3e, 0xc9, 0x32, 0x9a,
  0xfd, 0x21, 0x7f, 0x45, 0x22, 0xa0, 0xfd, 0x3e, 0xc3, 0x32, 0x9f, 0xfd,
  0x21, 0x00, 0xe0, 0x11, 0x01, 0xe0, 0x01, 0xff, 0x07, 0x36, 0x00, 0xed,
  0xb0, 0xfb, 0xcd, 0x1e, 0x46, 0x21, 0xc2, 0x01, 0xcd, 0x26, 0x57, 0x21,
  0x00, 0x00, 0x11, 0x00, 0x3f, 0xaf, 0xcd, 0x23, 0x57, 0x21, 0x02, 0x00,
  0xcd, 0x26, 0x57, 0x21, 0x06, 0x02, 0xcd, 0x26, 0x57, 0x21, 0xff, 0x03,
  0xcd, 0x26, 0x57, 0x21, 0x03, 0x04, 0xcd, 0x26, 0x57, 0x21, 0x36, 0x05,
  0xcd, 0x26, 0x57, 0x21, 0x07, 0x06, 0xcd, 0x26, 0x57, 0x21, 0x01, 0x07,
  0xcd, 0x26, 0x57, 0xcd, 0xd3, 0x40, 0xaf, 0x32, 0xd7, 0xe0, 0xcd, 0x29,
  0x57, 0x21, 0xe2, 0x01, 0xcd, 0x26, 0x57, 0x06, 0x80, 0xcd, 0x73, 0x45,
  0xf3, 0x21, 0xa2, 0x01, 0xcd, 0x26, 0x57, 0xcd, 0x0f, 0x41, 0x21, 0x6f,
  0x5a, 0x11, 0x00, 0x18, 0x01, 0x00, 0x03, 0xcd, 0x2c, 0x57, 0xaf, 0x32,
  0xd7, 0xe0, 0xcd, 0x29, 0x57, 0x21, 0xe2, 0x01, 0xcd, 0x26, 0x57, 0x06,
  0xff, 0xcd, 0x73, 0x45, 0xc3, 0xbb, 0x41, 0x2a, 0x04, 0x00, 0x11, 0x00,
  0x00, 0x01, 0x00, 0x08, 0xcd, 0x2c, 0x57, 0x2a, 0x04, 0x00, 0x11, 0x00,
  0x08, 0x01, 0x00, 0x08, 0xcd, 0x2c, 0x57, 0x2a, 0x04, 0x00, 0x11, 0x00,
  0x10, 0x01, 0x00, 0x08, 0xcd, 0x2c, 0x57, 0x21, 0x00, 0x20, 0x11, 0x00,
  0x18, 0x3e, 0xf0, 0xcd, 0x23, 0x57, 0x21, 0x48, 0x84, 0x11, 0x00, 0x18,
  0x01, 0xa0, 0x03, 0xcd, 0x2c, 0x57, 0xc9, 0x21, 0x6f, 0x5d, 0x11, 0x00,
  0x00, 0x01, 0x00, 0x08, 0xcd, 0x2c, 0x57, 0x11, 0x00, 0x08, 0x21, 0x6f,
  0x5d, 0x01, 0x00, 0x08, 0xcd, 0x2c, 0x57, 0x11, 0x00, 0x10, 0x21, 0x6f,
  0x5d, 0x01, 0x00, 0x08, 0xcd, 0x2c, 0x57, 0x21, 0x07, 0x61, 0x11, 0x00,
  0x20, 0x01, 0x00, 0x08, 0xcd, 0x2c, 0x57, 0x11, 0x00, 0x28, 0x21, 0x07,
  0x61, 0x01, 0x00, 0x08, 0xcd, 0x2c, 0x57, 0x11, 0x00, 0x30, 0x21, 0x07,
  0x61, 0x01, 0x00, 0x08, 0xcd, 0x2c, 0x57, 0x21, 0x50, 0x21, 0x11, 0xf0,
  0x01, 0x3e, 0x13, 0xcd, 0x23, 0x57, 0x21, 0x40, 0x23, 0x11, 0x58, 0x00,
  0x3e, 0xc3, 0xcd, 0x23, 0x57, 0x21, 0x50, 0x29, 0x11, 0xf0, 0x01, 0x3e,
  0x13, 0xcd, 0x23, 0x57, 0x21, 0x40, 0x2b, 0x11, 0x58, 0x00, 0x3e, 0xc3,
  0xcd, 0x23, 0x57, 0x21, 0x50, 0x31, 0x11, 0xf0, 0x01, 0x3e, 0x13, 0xcd,
  0x23, 0x57, 0x21, 0x40, 0x33, 0x11, 0x58, 0x00, 0x3e, 0xc3, 0xcd, 0x23,
  0x57, 0x21, 0x1f, 0x5a, 0x11, 0x00, 0x38, 0x01, 0x40, 0x00, 0xcd, 0x2c,
  0x57, 0x21, 0x00, 0xe0, 0x06, 0x00, 0xaf, 0x77, 0x23, 0x10, 0xfb, 0x21,
  0x5f, 0x5a, 0x11, 0x00, 0xe0, 0x01, 0x10, 0x00, 0xed, 0xb0, 0xc9, 0xcd,
  0x1e, 0x46, 0x3a, 0x00, 0xe3, 0xe6, 0xf0, 0xfe, 0x50, 0x28, 0x0a, 0x21,
  0x00, 0xe3, 0x06, 0x10, 0xaf, 0x77, 0x23, 0x10, 0xfc, 0x21, 0xc2, 0x01,
  0xcd, 0x26, 0x57, 0x21, 0x00, 0x21, 0x11, 0x08, 0x00, 0x3e, 0x33, 0xcd,
  0x23, 0x57, 0x21, 0x00, 0x29, 0x11, 0x08, 0x00, 0x3e, 0x33, 0xcd, 0x23,
  0x57, 0x21, 0x00, 0x31, 0x11, 0x08, 0x00, 0x3e, 0x33, 0xcd, 0x23, 0x57,
  0x21, 0x00, 0x18, 0x11, 0x00, 0x03, 0x3e, 0x20, 0xcd, 0x23, 0x57, 0x11,
  0x00, 0x18, 0x21, 0x57, 0x62, 0x01, 0x00, 0x03, 0xcd, 0x2c, 0x57, 0x3e,
  0x23, 0x32, 0x00, 0xe0, 0x3e, 0x1b, 0x32, 0x01, 0xe0, 0x3e, 0xc0, 0x32,
  0x04, 0xe0, 0x21, 0xe2, 0x01, 0xcd, 0x26, 0x57, 0x3e, 0x8b, 0x32, 0xaf,
  0xe0, 0x32, 0xb0, 0xe0, 0xcd, 0x2f, 0x57, 0xfb, 0x3a, 0xb2, 0xe0, 0xfe,
  0x01, 0x28, 0x29, 0xfe, 0x04, 0x28, 0x40, 0x3a, 0xb7, 0xe0, 0xfe, 0x01,
  0x28, 0x1e, 0xfe, 0x04, 0x28, 0x35, 0x3a, 0xb1, 0xe0, 0xb7, 0x20, 0x4a,
  0x3a, 0xb4, 0xe0, 0xb7, 0x20, 0x44, 0x3a, 0xb6, 0xe0, 0xb7, 0x20, 0x3e,
  0x3a, 0xb9, 0xe0, 0xb7, 0x20, 0x38, 0x18, 0xcc, 0x3a, 0x00, 0xe0, 0xfe,
  0x23, 0xca, 0x2c, 0x42, 0xd6, 0x10, 0xfe, 0x53, 0x20, 0x02, 0xd6, 0x10,
  0x32, 0x00, 0xe0, 0x06, 0x20, 0xcd, 0x73, 0x45, 0xc3, 0x2c, 0x42, 0x3a,
  0x00, 0xe0, 0xfe, 0x83, 0xca, 0x2c, 0x42, 0xc6, 0x10, 0xfe, 0x53, 0x20,
  0x02, 0xc6, 0x10, 0x32, 0x00, 0xe0, 0x06, 0x20, 0xcd, 0x73, 0x45, 0xc3,
  0x2c, 0x42, 0x3a, 0x00, 0xe0, 0xcb, 0x3f, 0xcb, 0x3f, 0xcb, 0x3f, 0xcb,
  0x3f, 0xd6, 0x01, 0xf5, 0xe6, 0x04, 0x32, 0xa7, 0xe0, 0x20, 0x02, 0x3e,
  0xff, 0x32, 0xa8, 0xe0, 0xf1, 0xe6, 0x03, 0x32, 0xa6, 0xe0, 0x21, 0xc0,
  0x01, 0xcd, 0x26, 0x57, 0x21, 0x00, 0x00, 0x11, 0x00, 0x3f, 0xaf, 0xcd,
  0x23, 0x57, 0x21, 0x80, 0x20, 0x11, 0x80, 0x01, 0x3e, 0xd1, 0xcd, 0x23,
  0x57, 0x21, 0x80, 0x28, 0x11, 0x80, 0x01, 0x3e, 0xd1, 0xcd, 0x23, 0x57,
  0x21, 0x80, 0x30, 0x11, 0x80, 0x01, 0x3e, 0xd1, 0xcd, 0x23, 0x57, 0x21,
  0x00, 0x22, 0x11, 0x80, 0x00, 0x3e, 0xf4, 0xcd, 0x23, 0x57, 0x21, 0x80,
  0x22, 0x11, 0x80, 0x00, 0x3e, 0xa1, 0xcd, 0x23, 0x57, 0x21, 0x80, 0x2a,
  0x11, 0x80, 0x00, 0x3e, 0xa1, 0xcd, 0x23, 0x57, 0x21, 0x80, 0x32, 0x11,
  0x80, 0x00, 0x3e, 0xa1, 0xcd, 0x23, 0x57, 0x21, 0x00, 0x23, 0x11, 0x80,
  0x00, 0x3e, 0x51, 0xcd, 0x23, 0x57, 0x21, 0x80, 0x23, 0x11, 0x80, 0x00,
  0x3e, 0xf1, 0xcd, 0x23, 0x57, 0x21, 0x80, 0x2b, 0x11, 0x80, 0x00, 0x3e,
  0xf1, 0xcd, 0x23, 0x57, 0x21, 0x00, 0x24, 0x11, 0x80, 0x00, 0x3e, 0x81,
  0xcd, 0x23, 0x57, 0x21, 0x00, 0x2c, 0x11, 0x80, 0x00, 0x3e, 0x81, 0xcd,
  0x23, 0x57, 0x21, 0x00, 0x34, 0x11, 0x80, 0x00, 0x3e, 0x81, 0xcd, 0x23,
  0x57, 0x21, 0x60, 0x2c, 0x11, 0x20, 0x00, 0x3e, 0x8f, 0xcd, 0x23, 0x57,
  0x21, 0x80, 0x2c, 0x11, 0x80, 0x00, 0x3e, 0x81, 0xcd, 0x23, 0x57, 0x21,
  0x80, 0x34, 0x11, 0x80, 0x00, 0x3e, 0x81, 0xcd, 0x23, 0x57, 0x21, 0xf8,
  0x2c, 0x11, 0x08, 0x00, 0x3e, 0xc1, 0xcd, 0x23, 0x57, 0x21, 0x00, 0x2d,
  0x11, 0x80, 0x00, 0x3e, 0x51, 0xcd, 0x23, 0x57, 0x21, 0x00, 0x35, 0x11,
  0x80, 0x00, 0x3e, 0x51, 0xcd, 0x23, 0x57, 0x1e, 0x00, 0x3e, 0x08, 0xcd,
  0x93, 0x00, 0x1e, 0x00, 0x3e, 0x09, 0xcd, 0x93, 0x00, 0x1e, 0x00, 0x3e,
  0x0a, 0xcd, 0x93, 0x00, 0x1e, 0x12, 0x3e, 0x06, 0xcd, 0x93, 0x00, 0x3e,
  0x07, 0xcd, 0x96, 0x00, 0xe6, 0xc0, 0x1e, 0x38, 0xb3, 0x5f, 0x3e, 0x07,
  0xcd, 0x93, 0x00, 0x11, 0x80, 0x00, 0x21, 0x37, 0x7f, 0x01, 0x00, 0x07,
  0xcd, 0x2c, 0x57, 0x11, 0x80, 0x08, 0x21, 0x37, 0x7f, 0x01, 0x00, 0x07,
  0xcd, 0x2c, 0x57, 0x11, 0x80, 0x10, 0x21, 0x37, 0x7f, 0x01, 0x00, 0x07,
  0xcd, 0x2c, 0x57, 0x3e, 0x50, 0x32, 0xa4, 0xe0, 0x32, 0xa3, 0xe0, 0x32,
  0xa2, 0xe0, 0x32, 0xa1, 0xe0, 0x32, 0xa0, 0xe0, 0xaf, 0x32, 0xa5, 0xe0,
  0x21, 0xa9, 0xe0, 0x3a, 0xcf, 0xe0, 0x32, 0xc8, 0xe3, 0x06, 0x50, 0xaf,
  0x77, 0x23, 0x10, 0xfc, 0x3e, 0x04, 0x32, 0xc1, 0xe0, 0x3e, 0x9b, 0x32,
  0xaf, 0xe0, 0x32, 0xb0, 0xe0, 0x3e, 0x59, 0x32, 0xcc, 0xe0, 0x32, 0xcb,
  0xe0, 0x11, 0x00, 0x38, 0x21, 0x6f, 0x68, 0x01, 0xb0, 0x00, 0xcd, 0x2c,
  0x57, 0x11, 0x00, 0xe0, 0x21, 0x17, 0x68, 0x01, 0x50, 0x00, 0xed, 0xb0,
  0x11, 0x80, 0xe0, 0x06, 0x10, 0xcd, 0x32, 0x57, 0x7d, 0x12, 0x13, 0x7c,
  0xe6, 0x03, 0x12, 0x3a, 0xa6, 0xe0, 0xfe, 0x03, 0x20, 0x04, 0x1a, 0xe6,
  0x01, 0x12, 0x13, 0x10, 0xe8, 0xcd, 0xe0, 0x4a, 0xcd, 0x2a, 0x45, 0x21,
  0xc0, 0x01, 0xcd, 0x26, 0x57, 0xcd, 0xae, 0x55, 0x21, 0xe0, 0x01, 0xcd,
  0x26, 0x57, 0x3e, 0xff, 0x32, 0xd4, 0xe0, 0xcd, 0x1c, 0x46, 0x3a, 0xa8,
  0xe0, 0xb7, 0xc4, 0x4f, 0x56, 0xaf, 0x32, 0xa8, 0xe0, 0x3a, 0xa7, 0xe0,
  0xfe, 0x04, 0xc2, 0xca, 0x48, 0x3e, 0x02, 0x32, 0xa7, 0xe0, 0xcd, 0x27,
  0x4b, 0xcd, 0x9b, 0x44, 0x3e, 0x01, 0x32, 0xa7, 0xe0, 0xcd, 0x27, 0x4b,
  0xc3, 0xca, 0x48, 0x21, 0x00, 0xe0, 0x11, 0x00, 0xe1, 0x01, 0x00, 0x01,
  0xed, 0xb0, 0x21, 0xc0, 0x01, 0xcd, 0x26, 0x57, 0x21, 0x00, 0x18, 0x11,
  0x00, 0x3c, 0xcd, 0xf3, 0x56, 0xeb, 0xcd, 0x0b, 0x57, 0xeb, 0x13, 0x23,
  0x7c, 0xfe, 0x1b, 0x20, 0xf1, 0x21, 0xe0, 0x01, 0xcd, 0x26, 0x57, 0xc9,
  0x3a, 0xa7, 0xe0, 0xb7, 0x20, 0x0c, 0x21, 0x06, 0x02, 0xcd, 0x26, 0x57,
  0x3e, 0x2f, 0x32, 0x40, 0xe0, 0xc9, 0xcd, 0x1e, 0x46, 0x21, 0xc0, 0x01,
  0xcd, 0x26, 0x57, 0x21, 0x00, 0x18, 0x11, 0x00, 0x3c, 0xcd, 0xf3, 0x56,
  0x32, 0xbf, 0xe0, 0xeb, 0xcd, 0xf3, 0x56, 0xeb, 0xcd, 0x0b, 0x57, 0xeb,
  0x3a, 0xbf, 0xe0, 0xcd, 0x0b, 0x57, 0xeb, 0x13, 0x23, 0x7c, 0xfe, 0x1b,
  0x20, 0xe3, 0x21, 0x00, 0xe1, 0x11, 0x00, 0xe2, 0x01, 0x00, 0x01, 0xed,
  0xb0, 0x21, 0x00, 0xe0, 0x11, 0x00, 0xe1, 0x01, 0x00, 0x01, 0xed, 0xb0,
  0x11, 0x00, 0xe0, 0x21, 0x00, 0xe2, 0x01, 0x00, 0x01, 0xed, 0xb0, 0xcd,
  0x5c, 0x56, 0xcd, 0x0f, 0x4b, 0x3e, 0xc0, 0x32, 0x40, 0xe0, 0x3e, 0xff,
  0x32, 0xd4, 0xe0, 0x21, 0xe0, 0x01, 0xcd, 0x26, 0x57, 0xaf, 0x32, 0xc7,
  0xe0, 0x3a, 0xbd, 0xe0, 0xb7, 0x20, 0xfa, 0x3e, 0xff, 0x32, 0xbd, 0xe0,
  0xcd, 0xbb, 0x4c, 0x3a, 0xc7, 0xe0, 0xfe, 0xc0, 0x20, 0xeb, 0xcd, 0x1e,
  0x46, 0x3e, 0xff, 0x32, 0xd4, 0xe0, 0xd5, 0x1e, 0x18, 0x3e, 0x06, 0xcd,
  0x93, 0x00, 0xd1, 0x3e, 0x2f, 0x32, 0x40, 0xe0, 0x21, 0x06, 0x02, 0xcd,
  0x26, 0x57, 0xc9, 0xfb, 0xaf, 0x32, 0xc7, 0xe0, 0x3a, 0xc7, 0xe0, 0xb8,
  0x20, 0xfa, 0xc9, 0xf5, 0x3a, 0xd7, 0xe0, 0xb7, 0x28, 0x03, 0xf1, 0xed,
  0x45, 0x3e, 0xff, 0x32, 0xd7, 0xe0, 0xc5, 0xd5, 0xe5, 0x11, 0x00, 0x1b,
  0x21, 0x00, 0xe0, 0x01, 0x80, 0x00, 0xcd, 0x2c, 0x57, 0xcd, 0x56, 0x46,
  0xcd, 0x2f, 0x57, 0xfb, 0x3e, 0x00, 0x32, 0xbd, 0xe0, 0x3a, 0xae, 0xe0,
  0xee, 0xff, 0x32, 0xae, 0xe0, 0x21, 0xd3, 0xe0, 0x35, 0x3a, 0xc7, 0xe0,
  0x3c, 0x32, 0xc7, 0xe0, 0x3a, 0xcf, 0xe0, 0x3c, 0x32, 0xcf, 0xe0, 0xe6,
  0x07, 0x20, 0x27, 0x3a, 0x3b, 0xe0, 0xee, 0x0b, 0x32, 0x3b, 0xe0, 0x3a,
  0x3f, 0xe0, 0xee, 0x01, 0x32, 0x3f, 0xe0, 0x2a, 0xd0, 0xe0, 0xcd, 0xf3,
  0x56, 0xfe, 0x0f, 0x20, 0x04, 0x3e, 0x0e, 0x18, 0x06, 0xfe, 0x0e, 0x20,
  0x05, 0x3e, 0x0f, 0xcd, 0x0b, 0x57, 0x3a, 0xd4, 0xe0, 0xb7, 0x28, 0x15,
  0x3a, 0xcf, 0xe0, 0xe6, 0x7f, 0x28, 0x0b, 0xfe, 0x40, 0x28, 0x02, 0x18,
  0x08, 0xcd, 0x1c, 0x46, 0x18, 0x03, 0xcd, 0x1d, 0x46, 0xcd, 0xef, 0x47,
  0xcd, 0x29, 0x57, 0x32, 0xbe, 0xe0, 0xe1, 0xd1, 0xc1, 0xaf, 0x32, 0xd7,
  0xe0, 0xf1, 0xed, 0x45, 0xc9, 0xc9, 0xd5, 0x1e, 0x00, 0x3e, 0x08, 0xcd,
  0x93, 0x00, 0x1e, 0x00, 0x3e, 0x09, 0xcd, 0x93, 0x00, 0x1e, 0x00, 0x3e,
  0x0a, 0xcd, 0x93, 0x00, 0x3e, 0x07, 0xcd, 0x96, 0x00, 0xe6, 0xc0, 0x1e,
  0x3f, 0xb3, 0x5f, 0x3e, 0x07, 0xcd, 0x93, 0x00, 0xaf, 0x32, 0xd4, 0xe0,
  0x32, 0xac, 0xe0, 0x32, 0xad, 0xe0, 0x32, 0xc8, 0xe0, 0x32, 0xd5, 0xe0,
  0xd1, 0xc9, 0x3a, 0xd4, 0xe0, 0xb7, 0xc8, 0x3a, 0xd6, 0xe0, 0xb7, 0x28,
  0x59, 0x3a, 0xcf, 0xe0, 0xfe, 0x80, 0x20, 0x2d, 0xaf, 0x32, 0xd6, 0xe0,
  0x1e, 0x00, 0x3e, 0x0a, 0xcd, 0x93, 0x00, 0x3e, 0x07, 0xcd, 0x96, 0x00,
  0xe6, 0xc0, 0x1e, 0x38, 0xb3, 0x5f, 0x3e, 0x07, 0xcd, 0x93, 0x00, 0xc9,
  0xcb, 0x3c, 0xcb, 0x1d, 0xcb, 0x3c, 0xcb, 0x1d, 0xcb, 0x3c, 0xcb, 0x1d,
  0xcb, 0x3c, 0xcb, 0x1d, 0xc9, 0xd5, 0xe5, 0xe6, 0x03, 0x67, 0x2e, 0x00,
  0xcd, 0x84, 0x46, 0xe5, 0x5d, 0x3e, 0x04, 0xcd, 0x93, 0x00, 0xe1, 0x7c,
  0xc6, 0x02, 0x5f, 0x3e, 0x05, 0xcd, 0x93, 0x00, 0x1e, 0x0b, 0x3e, 0x0a,
  0xcd, 0x93, 0x00, 0xe1, 0xd1, 0xc9, 0x3a, 0xd5, 0xe0, 0xb7, 0x28, 0x41,
  0x3d, 0x32, 0xd5, 0xe0, 0xfe, 0x3f, 0x38, 0x02, 0x3e, 0x3f, 0xd5, 0xe5,
  0x2e, 0x00, 0x67, 0xcd, 0x84, 0x46, 0xe5, 0x5d, 0x3e, 0x04, 0xcd, 0x93,
  0x00, 0xe1, 0x5c, 0x3e, 0x05, 0xcd, 0x93, 0x00, 0x1e, 0x0d, 0x3e, 0x0a,
  0xcd, 0x93, 0x00, 0x3e, 0x07, 0xcd, 0x96, 0x00, 0xe6, 0xc0, 0x1e, 0x3b,
  0xb3, 0x5f, 0x3e, 0x07, 0xcd, 0x93, 0x00, 0xe1, 0xd1, 0xaf, 0x32, 0xad,
  0xe0, 0x32, 0xac, 0xe0, 0xc9, 0x3a, 0xc8, 0xe0, 0xb7, 0x28, 0x40, 0x6f,
  0x3d, 0x32, 0xc8, 0xe0, 0xd5, 0xe5, 0xcb, 0x27, 0xcb, 0x27, 0x2e, 0x00,
  0x67, 0xcd, 0x84, 0x46, 0xe5, 0x5d, 0x3e, 0x04, 0xcd, 0x93, 0x00, 0xe1,
  0x5c, 0x3e, 0x05, 0xcd, 0x93, 0x00, 0x1e, 0x0d, 0x3e, 0x0a, 0xcd, 0x93,
  0x00, 0x3e, 0x07, 0xcd, 0x96, 0x00, 0xe6, 0xc0, 0x1e, 0x3b, 0xb3, 0x5f,
  0x3e, 0x07, 0xcd, 0x93, 0x00, 0xe1, 0xd1, 0xaf, 0x32, 0xad, 0xe0, 0x32,
  0xac, 0xe0, 0xc9, 0x3a, 0xad, 0xe0, 0xb7, 0x20, 0x47, 0xd5, 0x1e, 0x00,
  0x3e, 0x0a, 0xcd, 0x93, 0x00, 0xd1, 0x3a, 0xac, 0xe0, 0xb7, 0x20, 0x13,
  0xd5, 0x3e, 0x07, 0xcd, 0x96, 0x00, 0xe6, 0xc0, 0x1e, 0x38, 0xb3, 0x5f,
  0x3e, 0x07, 0xcd, 0x93, 0x00, 0xd1, 0xc9, 0x3d, 0x32, 0xac, 0xe0, 0xd5,
  0x1e, 0x08, 0x3e, 0x0a, 0xcd, 0x93, 0x00, 0x1e, 0x18, 0x3e, 0x06, 0xcd,
  0x93, 0x00, 0x3e, 0x07, 0xcd, 0x96, 0x00, 0xe6, 0xc0, 0x1e, 0x18, 0xb3,
  0x5f, 0x3e, 0x07, 0xcd, 0x93, 0x00, 0xd1, 0xc9, 0x3d, 0x32, 0xad, 0xe0,
  0x1e, 0x00, 0x3e, 0x08, 0xcd, 0x93, 0x00, 0x3e, 0x07, 0xcd, 0x96, 0x00,
  0xe6, 0xc0, 0x1e, 0x38, 0xb3, 0x5f, 0x3e, 0x07, 0xcd, 0x93, 0x00, 0xc9,
  0x3a, 0xc7, 0xe0, 0xfe, 0x3b, 0xc0, 0xaf, 0x32, 0xc7, 0xe0, 0x3a, 0xcc,
  0xe0, 0xfe, 0x50, 0x28, 0x0b, 0x3d, 0x32, 0xcc, 0xe0, 0x21, 0x90, 0x18,
  0xcd, 0x0b, 0x57, 0xc9, 0x3a, 0xcb, 0xe0, 0xfe, 0x50, 0x20, 0x08, 0xcd,
  0xaa, 0x4b, 0x3e, 0x5a, 0xc3, 0xdb, 0x47, 0x3d, 0x32, 0xcb, 0xe0, 0x21,
  0x8f, 0x18, 0xcd, 0x0b, 0x57, 0x3e, 0x59, 0x32, 0xcc, 0xe0, 0x23, 0xcd,
  0x0b, 0x57, 0xc9, 0x3a, 0xaa, 0xe0, 0xb7, 0xc8, 0x3d, 0x32, 0xaa, 0xe0,
  0x3a, 0xa4, 0xe0, 0xfe, 0x59, 0x28, 0x0b, 0x3c, 0x32, 0xa4, 0xe0, 0x21,
  0x1d, 0x18, 0xcd, 0x0b, 0x57, 0xc9, 0x3a, 0xa3, 0xe0, 0xfe, 0x59, 0x28,
  0x14, 0x3c, 0x32, 0xa3, 0xe0, 0x21, 0x1c, 0x18, 0xcd, 0x0b, 0x57, 0x3e,
  0x50, 0x32, 0xa4, 0xe0, 0x23, 0xcd, 0x0b, 0x57, 0xc9, 0x3a, 0xa2, 0xe0,
  0xfe, 0x59, 0x28, 0x1b, 0x3c, 0x32, 0xa2, 0xe0, 0x21, 0x1b, 0x18, 0xcd,
  0x0b, 0x57, 0x3e, 0x50, 0x32, 0xa3, 0xe0, 0x23, 0xcd, 0x0b, 0x57, 0x32,
  0xa4, 0xe0, 0x23, 0xcd, 0x0b, 0x57, 0xc9, 0x3a, 0xa1, 0xe0, 0xfe, 0x59,
  0x28, 0x24, 0x3c, 0x32, 0xa1, 0xe0, 0x21, 0x1a, 0x18, 0xcd, 0x0b, 0x57,
  0x3e, 0x50, 0x32, 0xa2, 0xe0, 0x23, 0xcd, 0x0b, 0x57, 0x32, 0xa3, 0xe0,
  0x23, 0xcd, 0x0b, 0x57, 0x32, 0xa4, 0xe0, 0x23, 0xcd, 0x0b, 0x57, 0xc3,
  0xa3, 0x48, 0x3a, 0xa0, 0xe0, 0xfe, 0x59, 0x20, 0x02, 0x3e, 0x4f, 0x3c,
  0x32, 0xa0, 0xe0, 0x21, 0x19, 0x18, 0xcd, 0x0b, 0x57, 0x3e, 0x50, 0x32,
  0xa1, 0xe0, 0x23, 0xcd, 0x0b, 0x57, 0x32, 0xa2, 0xe0, 0x23, 0xcd, 0x0b,
  0x57, 0x32, 0xa3, 0xe0, 0x23, 0xcd, 0x0b, 0x57, 0x32, 0xa4, 0xe0, 0x23,
  0xcd, 0x0b, 0x57, 0x21, 0x02, 0x18, 0xcd, 0xf3, 0x56, 0xb7, 0x28, 0x0f,
  0x23, 0xcd, 0xf3, 0x56, 0xb7, 0x28, 0x08, 0x23, 0xcd, 0xf3, 0x56, 0xb7,
  0x28, 0x01, 0x23, 0x3e, 0x70, 0xcd, 0x0b, 0x57, 0x3e, 0xff, 0x32, 0xd6,
  0xe0, 0xaf, 0x32, 0xcf, 0xe0, 0xc9, 0x3a, 0xbd, 0xe0, 0xb7, 0x20, 0xfa,
  0xcd, 0xb0, 0x47, 0xcd, 0xc9, 0x53, 0xcd, 0xd9, 0x49, 0xcd, 0x67, 0x4b,
  0xcd, 0x66, 0x4a, 0xcd, 0x71, 0x53, 0xcd, 0xac, 0x49, 0x3a, 0xa7, 0xe0,
  0xfe, 0x02, 0xca, 0x39, 0x49, 0x3a, 0xb5, 0xe0, 0xfe, 0x01, 0xcc, 0x80,
  0x49, 0x3a, 0xb1, 0xe0, 0xb7, 0x28, 0x06, 0xcd, 0xc7, 0x4e, 0xc3, 0x31,
  0x49, 0x3a, 0xb4, 0xe0, 0xb7, 0x28, 0x06, 0xcd, 0xc7, 0x4e, 0xc3, 0x31,
  0x49, 0x3a, 0xc6, 0xe0, 0xb7, 0x3e, 0x00, 0x32, 0xc6, 0xe0, 0x28, 0x06,
  0xcd, 0xc7, 0x4e, 0xc3, 0x31, 0x49, 0x3a, 0xb2, 0xe0, 0xb7, 0x28, 0x0d,
  0xcd, 0xf3, 0x4f, 0x3a, 0xae, 0xe0, 0xb7, 0x3a, 0xb2, 0xe0, 0xcc, 0xf3,
  0x4f, 0x3e, 0xff, 0x32, 0xbd, 0xe0, 0xc3, 0xca, 0x48, 0x3a, 0xba, 0xe0,
  0xfe, 0x01, 0xcc, 0x96, 0x49, 0x3a, 0xb6, 0xe0, 0xb7, 0x28, 0x06, 0xcd,
  0xc7, 0x4e, 0xc3, 0x31, 0x49, 0x3a, 0xb9, 0xe0, 0xb7, 0x28, 0x06, 0xcd,
  0xc7, 0x4e, 0xc3, 0x31, 0x49, 0x3a, 0xc6, 0xe0, 0xb7, 0x3e, 0x00, 0x32,
  0xc6, 0xe0, 0x28, 0x06, 0xcd, 0xc7, 0x4e, 0xc3, 0x31, 0x49, 0x3a, 0xb7,
  0xe0, 0xb7, 0x28, 0xc1, 0xcd, 0xf3, 0x4f, 0x3a, 0xae, 0xe0, 0xb7, 0x3a,
  0xb7, 0xe0, 0xcc, 0xf3, 0x4f, 0xc3, 0x31, 0x49, 0x3a, 0xb5, 0xe0, 0xfe,
  0x01, 0x28, 0xf9, 0x3a, 0xb5, 0xe0, 0xfe, 0x01, 0x20, 0xf9, 0x3a, 0xb5,
  0xe0, 0xfe, 0x01, 0x28, 0xf9, 0xc9, 0x3a, 0xba, 0xe0, 0xfe, 0x01, 0x28,
  0xf9, 0x3a, 0xba, 0xe0, 0xfe, 0x01, 0x20, 0xf9, 0x3a, 0xba, 0xe0, 0xfe,
  0x01, 0x28, 0xf9, 0xc9, 0x3a, 0x40, 0xe0, 0x3c, 0x32, 0xc3, 0xe0, 0xe6,
  0x07, 0xc0, 0x3a, 0x41, 0xe0, 0x32, 0xc4, 0xe0, 0xe6, 0x07, 0xc0, 0xcd,
  0xb3, 0x53, 0xcd, 0xf3, 0x56, 0xfe, 0x01, 0xcc, 0xe9, 0x52, 0xfe, 0x0f,
  0xcc, 0x2e, 0x53, 0xfe, 0x0e, 0xcc, 0x2e, 0x53, 0xaf, 0xcd, 0x0b, 0x57,
  0xc9, 0x21, 0x00, 0xe0, 0x01, 0x00, 0x10, 0x3a, 0x40, 0xe0, 0xd6, 0x07,
  0xbe, 0xda, 0xed, 0x49, 0x3a, 0x40, 0xe0, 0x18, 0x09, 0xc6, 0x0d, 0xbe,
  0xd2, 0xfe, 0x49, 0x3a, 0x40, 0xe0, 0x23, 0x23, 0x23, 0x23, 0x0c, 0x10,
  0xe5, 0xc9, 0x23, 0x3a, 0x41, 0xe0, 0xd6, 0x07, 0xfe, 0xf9, 0xda, 0x0a,
  0x4a, 0xaf, 0xbe, 0xda, 0x13, 0x4a, 0x3a, 0x40, 0xe0, 0x18, 0xe4, 0xc6,
  0x0d, 0xbe, 0xd2, 0x1e, 0x4a, 0x3a, 0x40, 0xe0, 0x18, 0xd9, 0x79, 0xfe,
  0x0e, 0x38, 0x1d, 0x28, 0x0a, 0xe5, 0xc5, 0xcd, 0xaa, 0x4b, 0xc1, 0xe1,
  0xc3, 0xa0, 0x54, 0x3a, 0xaa, 0xe0, 0xc6, 0x64, 0x32, 0xaa, 0xe0, 0xcd,
  0xa0, 0x54, 0x3e, 0x3f, 0x32, 0xd5, 0xe0, 0xc9, 0xcd, 0xa0, 0x54, 0x79,
  0xfe, 0x07, 0x38, 0x02, 0xd6, 0x07, 0x4f, 0x06, 0x00, 0x21, 0x5f, 0x4a,
  0x09, 0x46, 0x3a, 0xaa, 0xe0, 0x80, 0x32, 0xaa, 0xe0, 0x3e, 0x0f, 0x32,
  0xc8, 0xe0, 0xc9, 0x02, 0x05, 0x08, 0x0b, 0x0e, 0x11, 0x14, 0x21, 0xd8,
  0x4a, 0x3a, 0xab, 0xe0, 0x5f, 0x16, 0x00, 0x19, 0x3a, 0xca, 0xe0, 0xbe,
  0xc0, 0xcd, 0x1e, 0x46, 0x21, 0x00, 0x00, 0x3a, 0xab, 0xe0, 0xfe, 0x07,
  0x20, 0x42, 0x3a, 0xa6, 0xe0, 0xfe, 0x03, 0x28, 0x01, 0x3c, 0x32, 0xa6,
  0xe0, 0x21, 0xc0, 0x01, 0xcd, 0x26, 0x57, 0x21, 0xe0, 0x18, 0x11, 0x20,
  0x02, 0xaf, 0xcd, 0x23, 0x57, 0x3e, 0xd0, 0x32, 0x00, 0xe0, 0x21, 0x00,
  0x1b, 0xcd, 0x0b, 0x57, 0x21, 0x57, 0x65, 0x11, 0x00, 0x19, 0x01, 0x00,
  0x01, 0xcd, 0x2c, 0x57, 0x21, 0xe0, 0x01, 0xcd, 0x26, 0x57, 0x06, 0xff,
  0xcd, 0x73, 0x45, 0x3e, 0xff, 0x32, 0xa9, 0xe0, 0x3c, 0x32, 0xab, 0xe0,
  0xcd, 0xe0, 0x4a, 0xc1, 0x21, 0xc0, 0x01, 0xcd, 0x26, 0x57, 0x21, 0xae,
  0xe0, 0xc3, 0xff, 0x43, 0x6d, 0x6e, 0x6e, 0xa7, 0x8b, 0xb3, 0xad, 0xbd,
  0x21, 0xc0, 0x01, 0xcd, 0x26, 0x57, 0x21, 0x00, 0x1b, 0x11, 0x00, 0x04,
  0xaf, 0xcd, 0x23, 0x57, 0x11, 0x00, 0xe0, 0x21, 0x17, 0x68, 0x01, 0x50,
  0x00, 0xed, 0xb0, 0x21, 0x07, 0x02, 0xcd, 0x26, 0x57, 0x21, 0xe0, 0x01,
  0xcd, 0x26, 0x57, 0x21, 0xd0, 0x18, 0xaf, 0xcd, 0x0b, 0x57, 0xc9, 0x11,
  0x8d, 0x1d, 0x21, 0x59, 0x4b, 0x01, 0x05, 0x00, 0xcd, 0x2c, 0x57, 0x21,
  0x93, 0x1d, 0x3a, 0xab, 0xe0, 0x3c, 0xf6, 0x50, 0xcd, 0x0b, 0x57, 0x3a,
  0xa7, 0xe0, 0xb7, 0xc8, 0xfe, 0x02, 0x28, 0x02, 0x3e, 0x01, 0xf6, 0x50,
  0x21, 0xf3, 0x1a, 0xcd, 0x0b, 0x57, 0x21, 0xf3, 0x1e, 0xcd, 0x0b, 0x57,
  0x11, 0xec, 0x1a, 0x21, 0x5e, 0x4b, 0x01, 0x07, 0x00, 0xcd, 0x2c, 0x57,
  0x11, 0xec, 0x1e, 0x21, 0x5e, 0x4b, 0x01, 0x07, 0x00, 0xcd, 0x2c, 0x57,
  0xc9, 0x87, 0x83, 0x85, 0x83, 0x87, 0x89, 0x87, 0x8a, 0x8b, 0x83, 0x86,
  0x45, 0x8c, 0x8d, 0x11, 0x01, 0xe0, 0x06, 0x07, 0x1a, 0xe6, 0x07, 0xfe,
  0x02, 0x20, 0x06, 0x1a, 0xc6, 0x08, 0xcd, 0x93, 0x4b, 0x13, 0x13, 0x13,
  0x13, 0x10, 0xed, 0x06, 0x07, 0x1a, 0xe6, 0x07, 0xfe, 0x06, 0x20, 0x04,
  0x1a, 0xcd, 0x93, 0x4b, 0x13, 0x13, 0x13, 0x13, 0x10, 0xef, 0xc9, 0x32,
  0xc4, 0xe0, 0x1b, 0x1a, 0x13, 0x3c, 0x32, 0xc3, 0xe0, 0xcd, 0xb3, 0x53,
  0xcd, 0xf3, 0x56, 0xfe, 0x20, 0xd8, 0xc1, 0xc3, 0xaa, 0x4b, 0x3e, 0x01,
  0x32, 0xc7, 0xe0, 0x3a, 0xbd, 0xe0, 0xb7, 0x20, 0xfa, 0x3e, 0xff, 0x32,
  0xbd, 0xe0, 0xcd, 0x32, 0x4c, 0x3a, 0xc7, 0xe0, 0xfe, 0x7f, 0xca, 0xca,
  0x4c, 0xe6, 0x0f, 0x20, 0x05, 0xcd, 0xd4, 0x4b, 0x18, 0xe1, 0xfe, 0x08,
  0x20, 0xdd, 0x18, 0x2e, 0x21, 0xc0, 0x01, 0xcd, 0x26, 0x57, 0x21, 0x80,
  0x20, 0x11, 0x80, 0x01, 0x3e, 0xd1, 0xcd, 0x23, 0x57, 0x21, 0x80, 0x28,
  0x11, 0x80, 0x01, 0x3e, 0xd1, 0xcd, 0x23, 0x57, 0x21, 0x80, 0x30, 0x11,
  0x80, 0x01, 0x3e, 0xd1, 0xcd, 0x23, 0x57, 0x21, 0xe0, 0x01, 0xcd, 0x26,
  0x57, 0xc9, 0x21, 0xc0, 0x01, 0xcd, 0x26, 0x57, 0x21, 0x80, 0x20, 0x11,
  0x80, 0x01, 0x3e, 0xf1, 0xcd, 0x23, 0x57, 0x21, 0x80, 0x28, 0x11, 0x80,
  0x01, 0x3e, 0xf1, 0xcd, 0x23, 0x57, 0x21, 0x80, 0x30, 0x11, 0x80, 0x01,
  0x3e, 0xf1, 0xcd, 0x23, 0x57, 0x21, 0xe0, 0x01, 0xcd, 0x26, 0x57, 0xc3,
  0xaf, 0x4b, 0x3a, 0xc7, 0xe0, 0xfe, 0x20, 0x38, 0x04, 0xcb, 0x3f, 0x18,
  0x06, 0xe6, 0x03, 0xcb, 0x27, 0xc6, 0x01, 0xe5, 0xe6, 0x3f, 0x67, 0xe5,
  0x2e, 0xff, 0xcd, 0x84, 0x46, 0xe5, 0x5d, 0x3e, 0x04, 0xcd, 0x93, 0x00,
  0xe1, 0x5c, 0x3e, 0x05, 0xcd, 0x93, 0x00, 0xe1, 0xe5, 0xcd, 0x84, 0x46,
  0x11, 0x20, 0x00, 0xa7, 0xed, 0x52, 0xf2, 0x6c, 0x4c, 0x21, 0x01, 0x00,
  0x5d, 0x3e, 0x02, 0xcd, 0x93, 0x00, 0x5c, 0x3e, 0x03, 0xcd, 0x93, 0x00,
  0xe1, 0xcd, 0x84, 0x46, 0xa7, 0x11, 0x40, 0x00, 0xed, 0x52, 0xf2, 0x88,
  0x4c, 0x21, 0x01, 0x00, 0x5d, 0x3e, 0x00, 0xcd, 0x93, 0x00, 0x5c, 0x3e,
  0x01, 0xcd, 0x93, 0x00, 0x1e, 0x0d, 0x3e, 0x08, 0xcd, 0x93, 0x00, 0x1e,
  0x0d, 0x3e, 0x09, 0xcd, 0x93, 0x00, 0x1e, 0x0d, 0x3e, 0x0a, 0xcd, 0x93,
  0x00, 0x3e, 0x07, 0xcd, 0x96, 0x00, 0xe6, 0xc0, 0x1e, 0x38, 0xb3, 0x5f,
  0x3e, 0x07, 0xcd, 0x93, 0x00, 0xe1, 0xc9, 0x3a, 0xc7, 0xe0, 0xfe, 0x80,
  0xd2, 0x43, 0x4c, 0xcb, 0x3f, 0xee, 0xff, 0xc3, 0x43, 0x4c, 0x3a, 0xbd,
  0xe0, 0xb7, 0x20, 0xfa, 0x32, 0xd2, 0xe0, 0xd5, 0x3e, 0x07, 0xcd, 0x96,
  0x00, 0xe6, 0xc0, 0x1e, 0x18, 0xb3, 0x5f, 0x3e, 0x07, 0xcd, 0x93, 0x00,
  0xd1, 0xcd, 0x1e, 0x46, 0x3e, 0xff, 0x32, 0xd4, 0xe0, 0xcd, 0xc7, 0x4e,
  0x3e, 0xff, 0x32, 0xbd, 0xe0, 0x3a, 0x41, 0xe0, 0xfe, 0x80, 0x20, 0xce,
  0x3a, 0x40, 0xe0, 0xfe, 0x38, 0x30, 0xc7, 0xcd, 0xd4, 0x4b, 0x21, 0x05,
  0x18, 0xcd, 0xf3, 0x56, 0xb7, 0x20, 0x16, 0x2b, 0xcd, 0xf3, 0x56, 0xb7,
  0x20, 0x0f, 0x2b, 0xcd, 0xf3, 0x56, 0xb7, 0x20, 0x08, 0x2b, 0xcd, 0xf3,
  0x56, 0xb7, 0xca, 0x5b, 0x4d, 0xaf, 0xcd, 0x0b, 0x57, 0x3e, 0xc0, 0x32,
  0x38, 0xe0, 0x32, 0x3c, 0xe0, 0x3e, 0x59, 0x32, 0xcc, 0xe0, 0x32, 0xcb,
  0xe0, 0x21, 0x8f, 0x18, 0xcd, 0x0b, 0x57, 0x23, 0xcd, 0x0b, 0x57, 0x3a,
  0xa7, 0xe0, 0xb7, 0xc8, 0xcd, 0xe0, 0x4a, 0x3a, 0xa5, 0xe1, 0xb7, 0xca,
  0xc8, 0x44, 0x21, 0xc0, 0x01, 0xcd, 0x26, 0x57, 0xc3, 0x2a, 0x45, 0x3e,
  0xff, 0x32, 0xa5, 0xe0, 0x3a, 0xa7, 0xe0, 0xb7, 0x28, 0x0e, 0x3a, 0xa5,
  0xe1, 0xb7, 0xc2, 0x74, 0x4d, 0xcd, 0xe0, 0x4a, 0xc3, 0xc8, 0x44, 0xc1,
  0x21, 0xc0, 0x01, 0xcd, 0x26, 0x57, 0xcd, 0x7f, 0x45, 0xcd, 0x1e, 0x46,
  0x21, 0xe0, 0x18, 0x11, 0x80, 0x03, 0xaf, 0xcd, 0x23, 0x57, 0x21, 0xd0,
  0x18, 0xaf, 0xcd, 0x0b, 0x57, 0x11, 0x6c, 0x19, 0x21, 0xaa, 0x4e, 0x01,
  0x09, 0x00, 0xcd, 0x2c, 0x57, 0x3a, 0xa7, 0xe0, 0xb7, 0x28, 0x4a, 0xfe,
  0x01, 0x28, 0x14, 0x21, 0xb2, 0x19, 0x11, 0xa0, 0xe1, 0xcd, 0x52, 0x4e,
  0x21, 0xf2, 0x19, 0x11, 0xa0, 0xe0, 0xcd, 0x52, 0x4e, 0x18, 0x12, 0x21,
  0xb2, 0x19, 0x11, 0xa0, 0xe0, 0xcd, 0x52, 0x4e, 0x21, 0xf2, 0x19, 0x11,
  0xa0, 0xe1, 0xcd, 0x52, 0x4e, 0x21, 0xb3, 0x4e, 0x11, 0xa9, 0x19, 0x01,
  0x09, 0x00, 0xcd, 0x2c, 0x57, 0x21, 0xb3, 0x4e, 0x11, 0xe9, 0x19, 0x01,
  0x09, 0x00, 0xcd, 0x2c, 0x57, 0x21, 0xf0, 0x19, 0x3e, 0x98, 0xcd, 0x0b,
  0x57, 0x21, 0xbc, 0x4e, 0x11, 0x27, 0x1a, 0x01, 0x0b, 0x00, 0xcd, 0x2c,
  0x57, 0xcd, 0x6d, 0x4e, 0x21, 0x32, 0x1a, 0x11, 0x00, 0xe3, 0xcd, 0x52,
  0x4e, 0xcd, 0x2f, 0x57, 0xfb, 0x3a, 0xb5, 0xe0, 0xfe, 0x0a, 0x28, 0x28,
  0xfe, 0x0b, 0x28, 0x38, 0x3a, 0xba, 0xe0, 0xfe, 0x0a, 0xca, 0x38, 0x4e,
  0xfe, 0x0b, 0xca, 0x4c, 0x4e, 0x3a, 0xb1, 0xe0, 0xb7, 0x20, 0x11, 0x3a,
  0xb6, 0xe0, 0xb7, 0x20, 0x0b, 0x3a, 0xb4, 0xe0, 0xb7, 0x20, 0x05, 0x3a,
  0xb9, 0xe0, 0x28, 0xcd, 0x3e, 0xff, 0x32, 0xa8, 0xe0, 0x3a, 0xa7, 0xe0,
  0xb7, 0xca, 0xbc, 0x42, 0x3e, 0x04, 0x32, 0xa7, 0xe0, 0xc3, 0xbc, 0x42,
  0xcd, 0x0f, 0x41, 0xc3, 0xd1, 0x41, 0x06, 0x05, 0x1a, 0xfe, 0x50, 0x20,
  0x06, 0x23, 0x13, 0x10, 0xf7, 0x18, 0x08, 0xcd, 0x0b, 0x57, 0x23, 0x13,
  0x1a, 0x10, 0xf8, 0x3e, 0x50, 0xcd, 0x0b, 0x57, 0xc9, 0x3a, 0xa7, 0xe0,
  0xb7, 0x21, 0xa0, 0xe0, 0x28, 0x10, 0x11, 0xa0, 0xe1, 0x06, 0x05, 0x1a,
  0xbe, 0x23, 0x13, 0xda, 0x86, 0x4e, 0x20, 0x16, 0x10, 0xf5, 0x11, 0x00,
  0xe3, 0x06, 0x05, 0x7d, 0xe6, 0xf0, 0x6f, 0x1a, 0xbe, 0x23, 0x13, 0xda,
  0x9d, 0x4e, 0xc0, 0x10, 0xf6, 0xc9, 0xeb, 0x18, 0xe9, 0x7d, 0xe6, 0xf0,
  0x6f, 0x11, 0x00, 0xe3, 0x01, 0x05, 0x00, 0xed, 0xb0, 0xc9, 0x80, 0x81,
  0x82, 0x83, 0x00, 0x84, 0x85, 0x83, 0x86, 0x90, 0x91, 0x92, 0x93, 0x94,
  0x95, 0x00, 0x96, 0x97, 0xa0, 0xa1, 0xa2, 0xa0, 0x00, 0xa3, 0xa4, 0xa5,
  0xa6, 0xa7, 0xa8, 0x3a, 0x41, 0xe0, 0xfe, 0x80, 0x20, 0x14, 0x3a, 0x40,
  0xe0, 0xfe, 0x38, 0x30, 0x0d, 0x3e, 0x04, 0x32, 0xc1, 0xe0, 0x1e, 0x00,
  0x3e, 0x0a, 0xcd, 0x93, 0x00, 0xc9, 0x3a, 0xc1, 0xe0, 0x32, 0xc2, 0xe0,
  0x3a, 0x41, 0xe0, 0x32, 0xc4, 0xe0, 0x3a, 0xc5, 0xe0, 0xb7, 0x28, 0x07,
  0x3a, 0xc2, 0xe0, 0xfe, 0x04, 0x28, 0x10, 0x3a, 0x40, 0xe0, 0xc6, 0x09,
  0x32, 0xc3, 0xe0, 0x3e, 0x01, 0x32, 0xc1, 0xe0, 0xcd, 0x50, 0x4f, 0x3a,
  0x40, 0xe0, 0xd6, 0x07, 0x32, 0xc3, 0xe0, 0x3e, 0x04, 0x32, 0xc1, 0xe0,
  0xcd, 0x50, 0x4f, 0x3a, 0x40, 0xe0, 0x3c, 0x32, 0xc3, 0xe0, 0x3a, 0xc2,
  0xe0, 0xfe, 0x08, 0x28, 0x10, 0x3a, 0x41, 0xe0, 0xd6, 0x08, 0x32, 0xc4,
  0xe0, 0x3e, 0x02, 0x32, 0xc1, 0xe0, 0xcd, 0x50, 0x4f, 0x3a, 0x41, 0xe0,
  0xc6, 0x08, 0x32, 0xc4, 0xe0, 0x3e, 0x08, 0x32, 0xc1, 0xe0, 0xcd, 0x50,
  0x4f, 0x3a, 0xc2, 0xe0, 0x32, 0xc1, 0xe0, 0xc9, 0xcd, 0xb3, 0x53, 0xcd,
  0xf3, 0x56, 0xfe, 0x10, 0xd8, 0xfe, 0x41, 0xd0, 0xc1, 0xfe, 0x30, 0x38,
  0x03, 0x32, 0xc6, 0xe0, 0xaf, 0xcd, 0x0b, 0x57, 0x3a, 0xc3, 0xe0, 0xf5,
  0x3a, 0xc4, 0xe0, 0xf5, 0x3a, 0x40, 0xe0, 0x3c, 0x32, 0xc3, 0xe0, 0x3a,
  0x41, 0xe0, 0x32, 0xc4, 0xe0, 0xcd, 0xb3, 0x53, 0xcd, 0xf3, 0x56, 0xfe,
  0x01, 0x28, 0x0c, 0xfe, 0x0f, 0x28, 0x08, 0xfe, 0x0e, 0x28, 0x04, 0xaf,
  0xcd, 0x0b, 0x57, 0xaf, 0x32, 0xc5, 0xe0, 0xf1, 0xe6, 0xf8, 0x32, 0x41,
  0xe0, 0xf1, 0xe6, 0xf8, 0x3d, 0x32, 0x40, 0xe0, 0x3e, 0x10, 0x32, 0x42,
  0xe0, 0x3a, 0xcf, 0xe0, 0xe6, 0x01, 0xc0, 0xcd, 0x32, 0x57, 0x7c, 0x65,
  0x6f, 0xcd, 0x84, 0x46, 0xd5, 0xe5, 0x5d, 0x3e, 0x04, 0xcd, 0x93, 0x00,
  0xe1, 0x7c, 0xe6, 0x07, 0xfe, 0x03, 0x30, 0x03, 0x2f, 0xe6, 0x03, 0xfd,
  0x2a, 0xab, 0xe0, 0x5f, 0x3e, 0x05, 0xcd, 0x93, 0x00, 0x1e, 0x0d, 0x3e,
  0x0a, 0xcd, 0x93, 0x00, 0x3e, 0x07, 0xcd, 0x96, 0x00, 0xe6, 0xc0, 0x1e,
  0x38, 0xb3, 0x5f, 0x3e, 0x07, 0xcd, 0x93, 0x00, 0xd1, 0x3e, 0x04, 0x32,
  0xad, 0xe0, 0xc9, 0xcd, 0x3a, 0x50, 0x3a, 0xc0, 0xe0, 0xb7, 0xca, 0x03,
  0x50, 0x3a, 0xc1, 0xe0, 0xcd, 0x3a, 0x50, 0x21, 0x41, 0xe0, 0x3a, 0x40,
  0xe0, 0x3c, 0xb6, 0xe6, 0x07, 0x20, 0x06, 0x3e, 0x10, 0x32, 0x42, 0xe0,
  0xc9, 0xfe, 0x04, 0xc0, 0x3a, 0xc1, 0xe0, 0xfe, 0x01, 0x20, 0x04, 0x3e,
  0x14, 0x18, 0xee, 0xfe, 0x02, 0x20, 0x04, 0x3e, 0x12, 0x18, 0xe6, 0xfe,
  0x04, 0x20, 0x04, 0x3e, 0x13, 0x18, 0xde, 0xfe, 0x08, 0xc0, 0x3e, 0x11,
  0x18, 0xd7, 0xfe, 0x01, 0xca, 0xa9, 0x51, 0xfe, 0x02, 0xca, 0x06, 0x51,
  0xfe, 0x03, 0x28, 0x17, 0xfe, 0x04, 0xca, 0x4a, 0x52, 0xfe, 0x06, 0x28,
  0x0e, 0xfe, 0x08, 0xca, 0x65, 0x50, 0xfe, 0x09, 0x28, 0x05, 0xfe, 0x0c,
  0x28, 0x01, 0xc9, 0x21, 0xc1, 0xe0, 0xae, 0x18, 0xd5, 0x3a, 0xc1, 0xe0,
  0xfe, 0x02, 0x20, 0x05, 0xc1, 0xc1, 0xc3, 0x31, 0x49, 0x3a, 0x40, 0xe0,
  0x3c, 0x32, 0xc3, 0xe0, 0xe6, 0x07, 0x20, 0x1f, 0x3a, 0x41, 0xe0, 0xb7,
  0x20, 0x05, 0x3e, 0xff, 0xb7, 0x18, 0x14, 0x3d, 0x32, 0xc4, 0xe0, 0xcd,
  0xb3, 0x53, 0xcd, 0xf3, 0x56, 0xcb, 0x3f, 0x32, 0xc0, 0xe0, 0xfe, 0x07,
  0x20, 0x04, 0xaf, 0x32, 0xc0, 0xe0, 0xb7, 0xc0, 0x21, 0x41, 0xe0, 0x35,
  0x3a, 0xc1, 0xe0, 0xee, 0x08, 0x28, 0x1c, 0xcb, 0x3f, 0x30, 0x04, 0x3e,
  0x33, 0x18, 0x02, 0x3e, 0x32, 0x32, 0xc2, 0xe0, 0x3e, 0x08, 0x32, 0xc1,
  0xe0, 0x3a, 0x41, 0xe0, 0xd6, 0x06, 0x32, 0x41, 0xe0, 0x18, 0x0a, 0x3a,
  0x41, 0xe0, 0xe6, 0x07, 0xf6, 0x18, 0x32, 0xc2, 0xe0, 0x3a, 0x41, 0xe0,
  0xc6, 0x07, 0x32, 0xc4, 0xe0, 0xcd, 0xb3, 0x53, 0xcd, 0xf3, 0x56, 0xfe,
  0x01, 0xcc, 0xe9, 0x52, 0xfe, 0x0f, 0xcc, 0x2e, 0x53, 0xfe, 0x0e, 0xcc,
  0x2e, 0x53, 0x3a, 0xc2, 0xe0, 0xcd, 0x0b, 0x57, 0x21, 0x41, 0xe0, 0x3a,
  0x40, 0xe0, 0x3c, 0xb6, 0xe6, 0x03, 0x20, 0x05, 0x3e, 0x02, 0x32, 0xac,
  0xe0, 0xc9, 0x3a, 0xc1, 0xe0, 0xfe, 0x08, 0x20, 0x05, 0xc1, 0xc1, 0xc3,
  0x31, 0x49, 0x3a, 0x40, 0xe0, 0x3c, 0x32, 0xc3, 0xe0, 0xe6, 0x07, 0x20,
  0x07, 0x3a, 0x41, 0xe0, 0xfe, 0xf8, 0x20, 0x04, 0x32, 0xc0, 0xe0, 0xc9,
  0xc6, 0x08, 0x32, 0xc4, 0xe0, 0xcd, 0xb3, 0x53, 0xcd, 0xf3, 0x56, 0xcb,
  0x3f, 0x32, 0xc0, 0xe0, 0xfe, 0x07, 0x20, 0x04, 0xaf, 0x32, 0xc0, 0xe0,
  0xb7, 0xc0, 0x21, 0x41, 0xe0, 0x34, 0x3a, 0xc1, 0xe0, 0xee, 0x02, 0x28,
  0x1f, 0xcb, 0x3f, 0x30, 0x04, 0x3e, 0x30, 0x18, 0x02, 0x3e, 0x31, 0x32,
  0xc2, 0xe0, 0x3e, 0x02, 0x32, 0xc1, 0xe0, 0x3a, 0x41, 0xe0, 0x32, 0xc4,
  0xe0, 0xc6, 0x06, 0x32, 0x41, 0xe0, 0x18, 0x10, 0x3a, 0x41, 0xe0, 0xe6,
  0x07, 0xf6, 0x10, 0x32, 0xc2, 0xe0, 0x3a, 0x41, 0xe0, 0x32, 0xc4, 0xe0,
  0xcd, 0xb3, 0x53, 0xcd, 0xf3, 0x56, 0xfe, 0x01, 0xcc, 0xe9, 0x52, 0xfe,
  0x0f, 0xcc, 0x2e, 0x53, 0xfe, 0x0e, 0xcc, 0x2e, 0x53, 0x3a, 0xc2, 0xe0,
  0xcd, 0x0b, 0x57, 0x21, 0x41, 0xe0, 0x3a, 0x40, 0xe0, 0x3c, 0xb6, 0xe6,
  0x03, 0x20, 0x05, 0x3e, 0x02, 0x32, 0xac, 0xe0, 0xc9, 0x3a, 0xc1, 0xe0,
  0xfe, 0x04, 0x20, 0x05, 0xc1, 0xc1, 0xc3, 0x31, 0x49, 0x3a, 0x40, 0xe0,
  0x32, 0xc3, 0xe0, 0x3a, 0x41, 0xe0, 0x32, 0xc4, 0xe0, 0xe6, 0x07, 0x20,
  0x10, 0xcd, 0xb3, 0x53, 0xcd, 0xf3, 0x56, 0xcb, 0x3f, 0x32, 0xc0, 0xe0,
  0xfe, 0x07, 0x20, 0x04, 0xaf, 0x32, 0xc0, 0xe0, 0xb7, 0xc0, 0x21, 0x40,
  0xe0, 0x35, 0x3a, 0xc1, 0xe0, 0xee, 0x01, 0x28, 0x25, 0xcb, 0x3f, 0xcb,
  0x3f, 0x30, 0x04, 0x3e, 0x32, 0x18, 0x02, 0x3e, 0x31, 0x32, 0xc2, 0xe0,
  0x32, 0xc5, 0xe0, 0x3e, 0x01, 0x32, 0xc1, 0xe0, 0x3a, 0x40, 0xe0, 0xd6,
  0x07, 0x32, 0x40, 0xe0, 0x21, 0xc3, 0xe0, 0x34, 0x18, 0x13, 0x3a, 0x40,
  0xe0, 0x3c, 0xe6, 0x07, 0xf6, 0x20, 0x32, 0xc2, 0xe0, 0x3a, 0x40, 0xe0,
  0xc6, 0x08, 0x32, 0xc3, 0xe0, 0xcd, 0xb3, 0x53, 0xcd, 0xf3, 0x56, 0xfe,
  0x01, 0xcc, 0xe9, 0x52, 0xfe, 0x0f, 0xcc, 0x2e, 0x53, 0xfe, 0x0e, 0xcc,
  0x2e, 0x53, 0x3a, 0xc2, 0xe0, 0xcd, 0x0b, 0x57, 0x21, 0x41, 0xe0, 0x3a,
  0x40, 0xe0, 0x3c, 0xb6, 0xe6, 0x03, 0x20, 0x05, 0x3e, 0x02, 0x32, 0xac,
  0xe0, 0xc9, 0x3a, 0xc1, 0xe0, 0xfe, 0x01, 0x20, 0x05, 0xc1, 0xc1, 0xc3,
  0x31, 0x49, 0x3a, 0x40, 0xe0, 0xc6, 0x09, 0x32, 0xc3, 0xe0, 0x3a, 0x41,
  0xe0, 0x32, 0xc4, 0xe0, 0xe6, 0x07, 0x20, 0x10, 0xcd, 0xb3, 0x53, 0xcd,
  0xf3, 0x56, 0xcb, 0x3f, 0x32, 0xc0, 0xe0, 0xfe, 0x07, 0x20, 0x04, 0xaf,
  0x32, 0xc0, 0xe0, 0xb7, 0xc0, 0x21, 0x40, 0xe0, 0x34, 0x3a, 0xc1, 0xe0,
  0xee, 0x04, 0x28, 0x24, 0xcb, 0x3f, 0xcb, 0x3f, 0x30, 0x04, 0x3e, 0x33,
  0x18, 0x02, 0x3e, 0x30, 0x32, 0xc2, 0xe0, 0x32, 0xc5, 0xe0, 0x3e, 0x04,
  0x32, 0xc1, 0xe0, 0x3a, 0x40, 0xe0, 0x32, 0xc3, 0xe0, 0xc6, 0x07, 0x32,
  0x40, 0xe0, 0x18, 0x10, 0x3a, 0x40, 0xe0, 0xe6, 0x07, 0xf6, 0x28, 0x32,
  0xc2, 0xe0, 0x3a, 0x40, 0xe0, 0x32, 0xc3, 0xe0, 0xcd, 0xb3, 0x53, 0xcd,
  0xf3, 0x56, 0xfe, 0x01, 0xcc, 0xe9, 0x52, 0xfe, 0x0f, 0xcc, 0x2e, 0x53,
  0xfe, 0x0e, 0xcc, 0x2e, 0x53, 0x3a, 0xc2, 0xe0, 0xcd, 0x0b, 0x57, 0x21,
  0x41, 0xe0, 0x3a, 0x40, 0xe0, 0x3c, 0xb6, 0xe6, 0x03, 0x20, 0x05, 0x3e,
  0x02, 0x32, 0xac, 0xe0, 0xc9, 0xf5, 0x3a, 0xaa, 0xe0, 0x3c, 0x32, 0xaa,
  0xe0, 0x3a, 0xca, 0xe0, 0x3c, 0x32, 0xca, 0xe0, 0x3e, 0x02, 0x32, 0xad,
  0xe0, 0xd5, 0xe5, 0x21, 0x00, 0x30, 0xcd, 0x84, 0x46, 0xe5, 0x5d, 0x3e,
  0x04, 0xcd, 0x93, 0x00, 0xe1, 0x5c, 0x3e, 0x05, 0xcd, 0x93, 0x00, 0x1e,
  0x0d, 0x3e, 0x0a, 0xcd, 0x93, 0x00, 0x3e, 0x07, 0xcd, 0x96, 0x00, 0xe6,
  0xc0, 0x1e, 0x38, 0xb3, 0x5f, 0x3e, 0x07, 0xcd, 0x93, 0x00, 0xe1, 0xd1,
  0xf1, 0xc9, 0xcd, 0xe9, 0x52, 0xf5, 0x3e, 0xc0, 0x32, 0x38, 0xe0, 0x32,
  0x3c, 0xe0, 0xcd, 0x1e, 0x46, 0xd5, 0x1e, 0x10, 0x3e, 0x06, 0xcd, 0x93,
  0x00, 0x1e, 0x0f, 0x3e, 0x0a, 0xcd, 0x93, 0x00, 0x3e, 0x07, 0xcd, 0x96,
  0x00, 0xe6, 0xc0, 0x1e, 0x1f, 0xb3, 0x5f, 0x3e, 0x07, 0xcd, 0x93, 0x00,
  0xd1, 0x3e, 0xff, 0x32, 0xc9, 0xe0, 0x32, 0xc7, 0xe0, 0x3e, 0x15, 0x32,
  0xd2, 0xe0, 0x3e, 0x30, 0x32, 0xd3, 0xe0, 0xf1, 0xc9, 0x3a, 0xc9, 0xe0,
  0xb7, 0xc8, 0x3a, 0xc7, 0xe0, 0xfe, 0x25, 0x20, 0x1e, 0xaf, 0x32, 0xc9,
  0xe0, 0x3e, 0x07, 0xcd, 0x96, 0x00, 0xe6, 0xc0, 0x1e, 0x38, 0xb3, 0x5f,
  0x3e, 0x07, 0xcd, 0x93, 0x00, 0x3e, 0xff, 0x32, 0xd4, 0xe0, 0xfd, 0x2a,
  0xab, 0xe0, 0xc9, 0xe6, 0x07, 0xca, 0xc5, 0x56, 0xfe, 0x04, 0xc0, 0x21,
  0xc0, 0x01, 0xcd, 0x26, 0x57, 0xcd, 0x90, 0x56, 0x21, 0xe0, 0x01, 0xcd,
  0x26, 0x57, 0xc9, 0x26, 0x06, 0x3a, 0xc3, 0xe0, 0xe6, 0xf8, 0x6f, 0x29,
  0x29, 0x3a, 0xc4, 0xe0, 0xcb, 0x3f, 0xcb, 0x3f, 0xcb, 0x3f, 0x85, 0x6f,
  0xc9, 0x3a, 0xd2, 0xe0, 0xb7, 0x28, 0x1c, 0x3a, 0xd3, 0xe0, 0xb7, 0xc2,
  0x3b, 0x54, 0x3a, 0xd2, 0xe0, 0x4f, 0x3d, 0x32, 0xd2, 0xe0, 0x06, 0x00,
  0x21, 0x8a, 0x54, 0x09, 0x7e, 0x32, 0xd3, 0xe0, 0xc3, 0x0b, 0x54, 0x01,
  0x00, 0x10, 0x21, 0x80, 0xe0, 0x35, 0x28, 0x08, 0x23, 0x23, 0x0c, 0x10,
  0xf8, 0xc3, 0x05, 0x54, 0x23, 0x35, 0xfc, 0xae, 0x54, 0x23, 0x0c, 0x10,
  0xec, 0x3a, 0xae, 0xe0, 0xb7, 0x20, 0x30, 0x21, 0x00, 0xe0, 0x01, 0x00,
  0x07, 0x7e, 0xfe, 0xc0, 0x23, 0x28, 0x06, 0x34, 0x20, 0x03, 0xcd, 0xa0,
  0x54, 0x23, 0x23, 0x23, 0x0c, 0x10, 0xee, 0x21, 0x1c, 0xe0, 0x01, 0x07,
  0x07, 0x7e, 0xfe, 0xc0, 0x23, 0x28, 0x06, 0x35, 0x20, 0x03, 0xcd, 0xa0,
  0x54, 0x23, 0x23, 0x23, 0x0c, 0x10, 0xee, 0x3a, 0xcf, 0xe0, 0xe6, 0x01,
  0xc0, 0xcd, 0x4a, 0x54, 0x3a, 0xcf, 0xe0, 0xe6, 0x07, 0xc0, 0x21, 0x38,
  0xe0, 0x0e, 0x0e, 0x7e, 0xfe, 0xc0, 0x28, 0x0e, 0x23, 0x3a, 0xcd, 0xe0,
  0x86, 0x77, 0xcc, 0xa0, 0x54, 0xfe, 0xff, 0xcc, 0xa0, 0x54, 0x21, 0x3c,
  0xe0, 0x0e, 0x0f, 0x7e, 0xfe, 0xc0, 0xc8, 0x23, 0x3a, 0xa6, 0xe0, 0xfe,
  0x03, 0x20, 0x09, 0x3a, 0xd8, 0xe0, 0xee, 0xff, 0x32, 0xd8, 0xe0, 0xc8,
  0x3a, 0xce, 0xe0, 0x86, 0x77, 0xcc, 0xa0, 0x54, 0xfe, 0xff, 0xcc, 0xa0,
  0x54, 0xc9, 0x00, 0x04, 0x04, 0x08, 0x08, 0x08, 0x10, 0x10, 0x18, 0x18,
  0x20, 0x20, 0x20, 0x30, 0x30, 0x30, 0x30, 0x30, 0x38, 0x38, 0x38, 0x38,
  0x2b, 0x3e, 0xc0, 0x77, 0x23, 0x79, 0xcb, 0x27, 0xcb, 0x27, 0xcb, 0x27,
  0x77, 0xc9, 0x3e, 0x0d, 0xb9, 0xda, 0xfa, 0x54, 0xc5, 0xe5, 0x21, 0x57,
  0x66, 0x3a, 0xab, 0xe0, 0xb7, 0x28, 0x07, 0x47, 0x11, 0x38, 0x00, 0x19,
  0x10, 0xfd, 0x06, 0x00, 0xcb, 0x21, 0xcb, 0x21, 0x59, 0x16, 0xe0, 0x09,
  0x01, 0x04, 0x00, 0xed, 0xb0, 0xcd, 0x32, 0x57, 0x5c, 0x3a, 0xa6, 0xe0,
  0xfe, 0x01, 0x3e, 0x06, 0x28, 0x0c, 0xfe, 0x02, 0x3e, 0x04, 0x28, 0x06,
  0x7b, 0xe6, 0x7f, 0x5f, 0x3e, 0x02, 0xcb, 0x23, 0xce, 0x00, 0x57, 0xe1,
  0x72, 0x2b, 0x73, 0x23, 0xc1, 0xc9, 0xc5, 0xe5, 0x79, 0x32, 0xc2, 0xe0,
  0xfe, 0x0e, 0x28, 0x06, 0xfd, 0x21, 0xce, 0xe0, 0x18, 0x04, 0xfd, 0x21,
  0xcd, 0xe0, 0xcd, 0x32, 0x57, 0x7c, 0xe6, 0x07, 0x4f, 0x21, 0x6e, 0x55,
  0x3a, 0xab, 0xe0, 0xb7, 0x28, 0x07, 0x47, 0x11, 0x08, 0x00, 0x19, 0x10,
  0xfd, 0x06, 0x00, 0x09, 0x3a, 0xc2, 0xe0, 0xcb, 0x27, 0xcb, 0x27, 0x5f,
  0x16, 0xe0, 0x7e, 0x12, 0x3a, 0x38, 0xe0, 0xbe, 0x20, 0x10, 0x3a, 0x3c,
  0xe0, 0xbe, 0x20, 0x0a, 0x79, 0xfe, 0x07, 0x20, 0x02, 0x2b, 0x2b, 0x23,
  0x7e, 0x12, 0x13, 0xcb, 0x39, 0x38, 0x04, 0x3e, 0x01, 0x18, 0x02, 0x3e,
  0xff, 0x12, 0xfd, 0x77, 0x00, 0xcd, 0x32, 0x57, 0x5c, 0xaf, 0xcb, 0x23,
  0x17, 0xcb, 0x23, 0x17, 0xc6, 0x03, 0x57, 0xe1, 0x72, 0x2b, 0x73, 0x23,
  0xc1, 0xc9, 0x37, 0x4f, 0x67, 0x7f, 0x97, 0xaf, 0x67, 0x97, 0x37, 0x4f,
  0x67, 0x7f, 0x8f, 0x9f, 0xaf, 0x7f, 0x37, 0x4f, 0x67, 0x7f, 0x8f, 0x9f,
  0xaf, 0x8f, 0x37, 0x4f, 0x5f, 0x6f, 0x7f, 0x8f, 0x9f, 0xaf, 0x37, 0x47,
  0x57, 0x67, 0x77, 0x87, 0x97, 0xa7, 0x37, 0x47, 0x57, 0x67, 0x77, 0x87,
  0x97, 0xa7, 0x37, 0x47, 0x57, 0x67, 0x77, 0x87, 0x97, 0xa7, 0x37, 0x47,
  0x57, 0x67, 0x77, 0x87, 0x97, 0xa7, 0xcd, 0x5c, 0x56, 0x21, 0x37, 0x6e,
  0x3a, 0xab, 0xe0, 0xb7, 0x28, 0x07, 0x47, 0x11, 0x20, 0x01, 0x19, 0x10,
  0xfd, 0xeb, 0x21, 0xc0, 0x18, 0x1a, 0xe6, 0xf0, 0xcb, 0x0f, 0xcb, 0x0f,
  0xcb, 0x0f, 0xcb, 0x0f, 0xcd, 0x0b, 0x57, 0xfe, 0x0f, 0x20, 0x03, 0x22,
  0xd0, 0xe0, 0x23, 0x1a, 0xe6, 0x0f, 0xcd, 0x0b, 0x57, 0xfe, 0x0f, 0x20,
  0x03, 0x22, 0xd0, 0xe0, 0x13, 0x23, 0x7c, 0xfe, 0x1b, 0x20, 0xd6, 0x3a,
  0xab, 0xe0, 0xb7, 0x28, 0x3c, 0x47, 0x21, 0x37, 0x69, 0x11, 0xa0, 0x00,
  0x19, 0x10, 0xfd, 0x11, 0x20, 0x18, 0x01, 0xa0, 0x00, 0xcd, 0x2c, 0x57,
  0x3a, 0xab, 0xe0, 0xc6, 0x01, 0xf6, 0x50, 0x21, 0x13, 0x18, 0xcd, 0x0b,
  0x57, 0xcd, 0x27, 0x4b, 0x3a, 0xab, 0xe0, 0xfe, 0x04, 0x28, 0x03, 0xfe,
  0x05, 0xc0, 0x21, 0x0a, 0x18, 0x3e, 0x74, 0xcd, 0x0b, 0x57, 0x23, 0x3e,
  0x76, 0xcd, 0x0b, 0x57, 0xc9, 0x3a, 0xa9, 0xe0, 0xb7, 0x21, 0x37, 0x69,
  0x28, 0xc5, 0xaf, 0x32, 0xa9, 0xe0, 0x21, 0x1f, 0x69, 0x11, 0x08, 0x18,
  0x01, 0x10, 0x00, 0xcd, 0x2c, 0x57, 0x21, 0x37, 0x69, 0x18, 0xb0, 0x21,
  0x17, 0x69, 0x11, 0x00, 0x18, 0x01, 0x20, 0x00, 0xcd, 0x2c, 0x57, 0xc9,
  0x21, 0x37, 0x77, 0x3a, 0xab, 0xe0, 0xb7, 0x28, 0x07, 0x47, 0x11, 0x80,
  0x00, 0x19, 0x10, 0xfd, 0x22, 0xc2, 0xe0, 0x11, 0x00, 0x00, 0x01, 0x80,
  0x00, 0xcd, 0x2c, 0x57, 0x11, 0x00, 0x08, 0x2a, 0xc2, 0xe0, 0x01, 0x80,
  0x00, 0xcd, 0x2c, 0x57, 0x11, 0x00, 0x10, 0x2a, 0xc2, 0xe0, 0x01, 0x80,
  0x00, 0xcd, 0x2c, 0x57, 0x21, 0x37, 0x7b, 0x3a, 0xab, 0xe0, 0xb7, 0x28,
  0x07, 0x47, 0x11, 0x80, 0x00, 0x19, 0x10, 0xfd, 0x22, 0xc2, 0xe0, 0x11,
  0x00, 0x20, 0x01, 0x80, 0x00, 0xcd, 0x2c, 0x57, 0x11, 0x00, 0x28, 0x2a,
  0xc2, 0xe0, 0x01, 0x80, 0x00, 0xcd, 0x2c, 0x57, 0x11, 0x00, 0x30, 0x2a,
  0xc2, 0xe0, 0x01, 0x80, 0x00, 0xcd, 0x2c, 0x57, 0xc9, 0x21, 0xc0, 0x01,
  0xcd, 0x26, 0x57, 0x21, 0x00, 0x20, 0x11, 0x80, 0x00, 0x3e, 0xff, 0xcd,
  0x23, 0x57, 0x21, 0x00, 0x28, 0x11, 0x80, 0x00, 0x3e, 0xff, 0xcd, 0x23,
  0x57, 0x21, 0x00, 0x30, 0x11, 0x80, 0x00, 0x3e, 0xff, 0xcd, 0x23, 0x57,
  0x21, 0xe0, 0x01, 0xcd, 0x26, 0x57, 0xc9, 0xc5, 0x3a, 0x06, 0x00, 0x3c,
  0x4f, 0x7d, 0xed, 0x79, 0x7c, 0xed, 0x79, 0x00, 0x00, 0x00, 0x00, 0x3a,
  0x07, 0x00, 0x4f, 0xed, 0x78, 0xc1, 0xc9, 0xc5, 0xf5, 0x3a, 0x06, 0x00,
  0x3c, 0x4f, 0x7d, 0xed, 0x79, 0x7c, 0xf6, 0x40, 0xed, 0x79, 0x3a, 0x07,
  0x00, 0x4f, 0xf1, 0xed, 0x79, 0xc1, 0xc9, 0xc3, 0x00, 0x5a, 0xc3, 0xe1,
  0x59, 0xc3, 0xde, 0x59, 0xc3, 0xb6, 0x59, 0xc3, 0x5d, 0x58, 0xc3, 0x35,
  0x57, 0x2a, 0xc8, 0xe3, 0xcb, 0x7c, 0x28, 0x06, 0xcb, 0x44, 0x28, 0x06,
  0x18, 0x07, 0xcb, 0x44, 0x28, 0x03, 0x37, 0x18, 0x01, 0xb7, 0xcb, 0x15,
  0xcb, 0x14, 0x22, 0xc8, 0xe3, 0x7d, 0xc9, 0x00, 0xc9, 0x3e, 0x01, 0xf5,
  0xcd, 0xd5, 0x00, 0xb7, 0xcc, 0xd5, 0x00, 0x21, 0x53, 0x58, 0x4f, 0x06,
  0x00, 0x09, 0x7e, 0x32, 0xee, 0xe3, 0xf1, 0xcd, 0xd8, 0x00, 0xb7, 0xcc,
  0xd8, 0x00, 0xe6, 0x40, 0x21, 0xee, 0xe3, 0xb6, 0x77, 0x3e, 0x02, 0xf5,
  0xcd, 0xd5, 0x00, 0xb7, 0x20, 0x09, 0x3e, 0x01, 0xcd, 0xd5, 0x00, 0xb7,
  0xcc, 0xd5, 0x00, 0x21, 0x53, 0x58, 0x4f, 0x06, 0x00, 0x09, 0x7e, 0x32,
  0xef, 0xe3, 0xf1, 0xcd, 0xd8, 0x00, 0xb7, 0x20, 0x09, 0x3e, 0x01, 0xcd,
  0xd8, 0x00, 0xb7, 0xcc, 0xd8, 0x00, 0xe6, 0x40, 0x21, 0xef, 0xe3, 0xb6,
  0x77, 0x0e, 0x00, 0x11, 0x08, 0x00, 0x21, 0x0b, 0x58, 0x79, 0xd5, 0xe5,
  0xc5, 0xcd, 0x41, 0x01, 0xc1, 0xe1, 0xd1, 0x0c, 0xfe, 0xff, 0x20, 0x09,
  0x19, 0x10, 0xee, 0x3e, 0x80, 0x32, 0xf0, 0xe3, 0xc9, 0x0e, 0x00, 0xcb,
  0x3f, 0x30, 0x03, 0x0c, 0x18, 0xf9, 0x79, 0xc5, 0x06, 0x00, 0x09, 0x7e,
  0xc1, 0x06, 0x02, 0x21, 0x07, 0x58, 0x11, 0x09, 0x58, 0xbe, 0x28, 0x0a,
  0x23, 0x13, 0x10, 0xf9, 0x3e, 0x80, 0x32, 0xf0, 0xe3, 0xc9, 0x1a, 0x32,
  0xf0, 0xe3, 0xc9, 0x0f, 0x06, 0x01, 0x03, 0x09, 0x00, 0x0a, 0x0f, 0x02,
  0x0b, 0x07, 0x0f, 0x05, 0x04, 0x08, 0x0f, 0x0d, 0x85, 0x82, 0x89, 0x30,
  0x31, 0x32, 0x33, 0x34, 0x35, 0x36, 0x37, 0x38, 0x39, 0x2d, 0x3d, 0x2f,
  0x5b, 0x5d, 0x3b, 0x27, 0x60, 0x2c, 0x2e, 0x2f, 0xff, 0x41, 0x42, 0x43,
  0x44, 0x45, 0x46, 0x47, 0x48, 0x49, 0x4a, 0x4b, 0x4c, 0x4d, 0x4e, 0x4f,
  0x50, 0x51, 0x52, 0x53, 0x54, 0x55, 0x56, 0x57, 0x58, 0x59, 0x5a, 0x80,
  0x81, 0x82, 0x83, 0x84, 0x85, 0x86, 0x87, 0x88, 0x89, 0x1b, 0x8a, 0x8b,
  0x08, 0x8c, 0x0d, 0x20, 0x8d, 0x8e, 0x7f, 0x8f, 0x90, 0x91, 0x92, 0x00,
  0x01, 0x03, 0x02, 0x06, 0x04, 0x0c, 0x08, 0x09, 0x00, 0xcd, 0x55, 0x57,
  0xf3, 0xfd, 0x21, 0xd7, 0xe3, 0xdd, 0x21, 0xaf, 0xe0, 0xdd, 0xe5, 0xdd,
  0x7e, 0x00, 0xcb, 0x7f, 0x28, 0x1e, 0x47, 0x11, 0x02, 0x00, 0xdd, 0x19,
  0xe6, 0x07, 0x28, 0x09, 0x3a, 0xee, 0xe3, 0x21, 0xeb, 0xe3, 0xcd, 0xbd,
  0x58, 0x78, 0xe6, 0x18, 0x28, 0x06, 0x3a, 0xf0, 0xe3, 0xcd, 0xdc, 0x58,
  0xdd, 0xe1, 0xdd, 0x7e, 0x01, 0xcb, 0x7f, 0x28, 0x23, 0x47, 0x11, 0x0a,
  0x00, 0xfd, 0x19, 0x11, 0x07, 0x00, 0xdd, 0x19, 0xe6, 0x07, 0x28, 0x09,
  0x3a, 0xef, 0xe3, 0x21, 0xec, 0xe3, 0xcd, 0xbd, 0x58, 0x78, 0xe6, 0x18,
  0x28, 0x06, 0x3a, 0xf1, 0xe3, 0xcd, 0xdc, 0x58, 0xc9, 0x4f, 0xcb, 0x48,
  0x28, 0x04, 0xcd, 0x56, 0x59, 0x79, 0xcb, 0x40, 0x28, 0x04, 0xcd, 0x26,
  0x59, 0x79, 0xcb, 0x50, 0x28, 0x09, 0x7e, 0xdd, 0x86, 0x02, 0xdd, 0x77,
  0x02, 0xaf, 0x77, 0xc9, 0x4f, 0xcb, 0x58, 0x28, 0x04, 0xcd, 0x86, 0x59,
  0x79, 0xcb, 0x60, 0x28, 0x03, 0xcd, 0xed, 0x58, 0xc9, 0xc5, 0xd5, 0xe5,
  0xe6, 0x0f, 0x5f, 0xfd, 0x46, 0x08, 0xfd, 0x7e, 0x09, 0xfe, 0x00, 0x20,
  0x1a, 0x7b, 0xb8, 0x28, 0x05, 0xfd, 0x73, 0x08, 0x18, 0x1c, 0x3e, 0x01,
  0xfd, 0x77, 0x09, 0x21, 0xf7, 0x57, 0x16, 0x00, 0x19, 0x7e, 0xdd, 0x77,
  0x04, 0x18, 0x0b, 0x7b, 0xb8, 0x28, 0x07, 0xfd, 0x73, 0x08, 0xaf, 0xfd,
  0x77, 0x09, 0xe1, 0xd1, 0xc1, 0xc9, 0xc5, 0xd5, 0xe6, 0x40, 0x5f, 0xfd,
  0x46, 0x00, 0xfd, 0x7e, 0x01, 0xfe, 0x00, 0x20, 0x13, 0x7b, 0xb8, 0x28,
  0x05, 0xfd, 0x73, 0x00, 0x18, 0x15, 0x3e, 0x01, 0xfd, 0x77, 0x01, 0xdd,
  0x73, 0x00, 0x18, 0x0b, 0x7b, 0xb8, 0x28, 0x07, 0xfd, 0x73, 0x00, 0xaf,
  0xfd, 0x77, 0x01, 0xd1, 0xc1, 0xc9, 0xc5, 0xd5, 0xe6, 0x0f, 0x5f, 0xfd,
  0x46, 0x02, 0xfd, 0x7e, 0x03, 0xfe, 0x00, 0x20, 0x13, 0x7b, 0xb8, 0x28,
  0x05, 0xfd, 0x73, 0x02, 0x18, 0x15, 0x3e, 0x01, 0xfd, 0x77, 0x03, 0xdd,
  0x73, 0x01, 0x18, 0x0b, 0x7b, 0xb8, 0x28, 0x07, 0xfd, 0x73, 0x02, 0xaf,
  0xfd, 0x77, 0x03, 0xd1, 0xc1, 0xc9, 0xc5, 0xd5, 0xe6, 0x40, 0x5f, 0xfd,
  0x46, 0x06, 0xfd, 0x7e, 0x07, 0xfe, 0x00, 0x20, 0x13, 0x7b, 0xb8, 0x28,
  0x05, 0xfd, 0x73, 0x06, 0x18, 0x15, 0x3e, 0x01, 0xfd, 0x77, 0x07, 0xdd,
  0x73, 0x03, 0x18, 0x0b, 0x7b, 0xb8, 0x28, 0x07, 0xfd, 0x73, 0x06, 0xaf,
  0xfd, 0x77, 0x07, 0xd1, 0xc1, 0xc9, 0xe5, 0xc5, 0xd5, 0xe1, 0x11, 0x00,
  0x40, 0x19, 0x3a, 0x06, 0x00, 0x3c, 0x4f, 0x7d, 0xed, 0x79, 0x7c, 0xed,
  0x79, 0xd1, 0xe1, 0x43, 0x3a, 0x07, 0x00, 0x4f, 0xed, 0xa3, 0x00, 0x00,
  0xc2, 0xd0, 0x59, 0x15, 0xfa, 0xdd, 0x59, 0x20, 0xf3, 0xc9, 0xed, 0x78,
  0xc9, 0x3a, 0x07, 0x00, 0x3c, 0x4f, 0xed, 0x69, 0x7c, 0xf6, 0x80, 0xed,
  0x79, 0x7c, 0xfe, 0x00, 0x20, 0x04, 0x7d, 0x32, 0xc3, 0xe3, 0x7c, 0xfe,
  0x01, 0x20, 0x04, 0x7c, 0x32, 0xc5, 0xe3, 0xc9, 0xf5, 0x3a, 0x06, 0x00,
  0x3c, 0x4f, 0x7d, 0xed, 0x79, 0x7c, 0xf6, 0x40, 0xed, 0x79, 0xf1, 0x6f,
  0x3a, 0x07, 0x00, 0x4f, 0xed, 0x69, 0x1b, 0x7a, 0xb3, 0x20, 0xf5, 0xcd,
  0x29, 0x57, 0xc9, 0x00, 0x00, 0x00, 0x00, 0x00, 0x00, 0xff, 0xff, 0xff,
  0x00, 0x00, 0x00, 0x00, 0x00, 0x00, 0x00, 0x80, 0xc0, 0x60, 0x70, 0x38,
  0x3c, 0xfe, 0xff, 0xfe, 0x3c, 0x38, 0x70, 0x60, 0xc0, 0x80, 0x00, 0x04,
  0x06, 0x07, 0x07, 0x07, 0x07, 0x07, 0x07, 0x07, 0x0f, 0x0f, 0x0f, 0x1e,
  0x1e, 0xfe, 0x7c, 0x00, 0x00, 0x00, 0x00, 0x00, 0x00, 0x00, 0x00, 0x00,
  0x00, 0x00, 0x00, 0x00, 0x00, 0x00, 0x00, 0xc0, 0x00, 0x00, 0x06, 0x01,
  0x4c, 0x04, 0x01, 0xd0, 0x00, 0x00, 0x00, 0x00, 0x00, 0x00, 0x00, 0x00,
  0x00, 0x00, 0x00, 0x00, 0x00, 0x00, 0x00, 0x00, 0x1b, 0x00, 0x00, 0x00,
  0x00, 0x00, 0x00, 0x00, 0x00, 0x00, 0x00, 0x00, 0x00, 0x00, 0x00, 0x00,
  0x00, 0x00, 0x00, 0x00, 0x00, 0x00, 0x00, 0x00, 0x04, 0x04, 0x04, 0x15,
  0x04, 0x15, 0x04, 0x15, 0x1c, 0x00, 0x04, 0x04, 0x04, 0x15, 0x00, 0x04,
  0x15, 0x04, 0x15, 0x04, 0x04, 0x04, 0x15, 0x04, 0x15, 0x00, 0x00, 0x04,
  0x15, 0x00, 0x00, 0x00, 0x04, 0x19, 0x04, 0x16, 0x04, 0x16, 0x04, 0x16,
  0x00, 0x00, 0x04, 0x19, 0x1a, 0x17, 0x00, 0x04, 0x16, 0x04, 0x16, 0x04,
  0x19, 0x1a, 0x17, 0x04, 0x16, 0x00, 0x00, 0x04, 0x16, 0x00, 0x00, 0x00,
  0x04, 0x16, 0x04, 0x16, 0x04, 0x16, 0x04, 0x16, 0x00, 0x00, 0x04, 0x04,
  0x04, 0x15, 0x00, 0x04, 0x16, 0x04, 0x16, 0x04, 0x04, 0x15, 0x00, 0x04,
  0x16, 0x00, 0x00, 0x04, 0x16, 0x00, 0x00, 0x00, 0x04, 0x16, 0x04, 0x16,
  0x04, 0x16, 0x04, 0x16, 0x00, 0x00, 0x18, 0x1a, 0x04, 0x16, 0x00, 0x04,
  0x0e, 0x04, 0x16, 0x04, 0x19, 0x17, 0x00, 0x04, 0x16, 0x00, 0x00, 0x04,
  0x16, 0x00, 0x00, 0x00, 0x04, 0x04, 0x04, 0x16, 0x04, 0x16, 0x04, 0x04,
  0x04, 0x15, 0x04, 0x04, 0x04, 0x16, 0x00, 0x04, 0x0d, 0x04, 0x16, 0x04,
  0x04, 0x04, 0x15, 0x04, 0x04, 0x04, 0x15, 0x04, 0x04, 0x04, 0x15, 0x00,
  0x18, 0x1a, 0x1a, 0x17, 0x18, 0x17, 0x18, 0x1a, 0x1a, 0x17, 0x18, 0x1a,
  0x1a, 0x17, 0x00, 0x18, 0x0f, 0x18, 0x17, 0x18, 0x1a, 0x1a, 0x17, 0x18,
  0x1a, 0x1a, 0x17, 0x18, 0x1a, 0x1a, 0x17, 0x00, 0x00, 0x00, 0x00, 0x00,
  0x00, 0x00, 0x00, 0x00, 0x00, 0x1e, 0x00, 0x1e, 0x00, 0x00, 0x00, 0x00,
  0x00, 0x00, 0x00, 0x00, 0x00, 0x00, 0x00, 0x00, 0x00, 0x00, 0x00, 0x28,
  0x29, 0x00, 0x00, 0x00, 0x00, 0x00, 0x00, 0x00, 0x00, 0x00, 0x00, 0x00,
  0x00, 0x1f, 0x00, 0x1f, 0x00, 0x1e, 0x00, 0x00, 0x00, 0x00, 0x00, 0x00,
  0x09, 0x09, 0x06, 0x00, 0x00, 0x00, 0x00, 0x00, 0x00, 0x00, 0x00, 0x00,
  0x00, 0x00, 0x00, 0x00, 0x1e, 0x00, 0x1e, 0x00, 0x00, 0x1f, 0x00, 0x1f,
  0x00, 0x1f, 0x00, 0x00, 0x00, 0x00, 0x00, 0x00, 0x0a, 0x0a, 0x06, 0x06,
  0x00, 0x00, 0x00, 0x00, 0x00, 0x00, 0x00, 0x00, 0x00, 0x00, 0x00, 0x00,
  0x1f, 0x00, 0x1f, 0x10, 0x10, 0x10, 0x10, 0x10, 0x10, 0x10, 0x10, 0x0c,
  0x0c, 0x0c, 0x0c, 0x10, 0x10, 0x10, 0x10, 0x10, 0x20, 0x20, 0x21, 0x22,
  0x00, 0x00, 0x00, 0x00, 0x00, 0x00, 0x00, 0x00, 0x1f, 0x00, 0x1f, 0x11,
  0x05, 0x11, 0x07, 0x11, 0x05, 0x11, 0x11, 0x0c, 0x0c, 0x0c, 0x0c, 0x11,
  0x05, 0x11, 0x05, 0x11, 0x00, 0x00, 0x00, 0x23, 0x00, 0x00, 0x00, 0x00,
  0x00, 0x00, 0x00, 0x00, 0x1f, 0x00, 0x1f, 0x12, 0x12, 0x12, 0x12, 0x12,
  0x12, 0x12, 0x12, 0x06, 0x06, 0x06, 0x06, 0x12, 0x12, 0x12, 0x12, 0x12,
  0x20, 0x20, 0x20, 0x24, 0x21, 0x22, 0x00, 0x00, 0x25, 0x26, 0x20, 0x01,
  0x01, 0x01, 0x01, 0x13, 0x05, 0x13, 0x05, 0x13, 0x07, 0x13, 0x07, 0x10,
  0x05, 0x10, 0x05, 0x13, 0x07, 0x13, 0x05, 0x13, 0x05, 0x10, 0x00, 0x24,
  0x00, 0x23, 0x00, 0x00, 0x23, 0x00, 0x00, 0x01, 0x01, 0x01, 0x01, 0x14,
  0x14, 0x14, 0x14, 0x14, 0x14, 0x14, 0x14, 0x14, 0x14, 0x14, 0x14, 0x14,
  0x14, 0x14, 0x14, 0x14, 0x14, 0x14, 0x00, 0x24, 0x00, 0x24, 0x00, 0x00,
  0x24, 0x00, 0x06, 0x05, 0x06, 0x08, 0x05, 0x06, 0x05, 0x06, 0x05, 0x06,
  0x08, 0x08, 0x08, 0x06, 0x08, 0x08, 0x08, 0x06, 0x06, 0x06, 0x06, 0x06,
  0x06, 0x06, 0x00, 0x24, 0x00, 0x24, 0x00, 0x02, 0x1d, 0x02, 0x06, 0x07,
  0x06, 0x0b, 0x06, 0x05, 0x06, 0x05, 0x06, 0x06, 0x0b, 0x0b, 0x0b, 0x06,
  0x0b, 0x0b, 0x0b, 0x06, 0x05, 0x06, 0x05, 0x06, 0x05, 0x06, 0x02, 0x1d,
  0x02, 0x1d, 0x02, 0x68, 0x69, 0x6a, 0x6b, 0x6c, 0x6b, 0x68, 0x6c, 0x6c,
  0x6a, 0x68, 0x6b, 0x69, 0x6a, 0x68, 0x6c, 0x6c, 0x69, 0x6a, 0x69, 0x6b,
  0x68, 0x6a, 0x6c, 0x68, 0x6b, 0x6c, 0x6b, 0x69, 0x6a, 0x68, 0x6c, 0x6c,
  0x6b, 0x68, 0x6c, 0x69, 0x6a, 0x6d, 0x03, 0x03, 0x03, 0x03, 0x03, 0x03,
  0x03, 0x03, 0x03, 0x03, 0x03, 0x03, 0x03, 0x03, 0x03, 0x03, 0x03, 0x03,
  0x6e, 0x6c, 0x6b, 0x6a, 0x69, 0x68, 0x6c, 0x6c, 0x6b, 0x68, 0x6c, 0x69,
  0x6a, 0x03, 0x42, 0x59, 0x03, 0x54, 0x48, 0x4f, 0x4d, 0x41, 0x53, 0x03,
  0x4d, 0x49, 0x54, 0x43, 0x48, 0x45, 0x4c, 0x4c, 0x03, 0x6c, 0x6b, 0x6a,
  0x69, 0x68, 0x6c, 0x6c, 0x6b, 0x6a, 0x69, 0x68, 0x6c, 0x03, 0x41, 0x4e,
  0x44, 0x03, 0x44, 0x4f, 0x4e, 0x03, 0x4d, 0x61, 0x47, 0x4c, 0x41, 0x55,
  0x46, 0x4c, 0x49, 0x4e, 0x03, 0x68, 0x68, 0x6a, 0x6b, 0x6c, 0x68, 0x6a,
  0x6c, 0x68, 0x69, 0x6b, 0x6a, 0x6f, 0x03, 0x03, 0x03, 0x03, 0x03, 0x03,
  0x03, 0x03, 0x03, 0x03, 0x03, 0x03, 0x03, 0x03, 0x03, 0x03, 0x03, 0x03,
  0x70, 0x6a, 0x6b, 0x68, 0x69, 0x6c, 0x68, 0x68, 0x69, 0x6a, 0x6b, 0x6c,
  0x6b, 0x68, 0x6c, 0x6c, 0x6a, 0x68, 0x6b, 0x69, 0x6a, 0x68, 0x6c, 0x6c,
  0x69, 0x6a, 0x69, 0x6b, 0x68, 0x6a, 0x6c, 0x68, 0x6b, 0x6c, 0x6b, 0x69,
  0x6a, 0x68, 0x6c, 0x68, 0x69, 0x71, 0x27, 0x31, 0x39, 0x38, 0x34, 0x03,
  0x53, 0x49, 0x45, 0x52, 0x52, 0x41, 0x03, 0x4f, 0x4e, 0x2d, 0x4c, 0x49,
  0x4e, 0x45, 0x2c, 0x03, 0x49, 0x4e, 0x43, 0x2e, 0x72, 0x6b, 0x6c, 0x00,
  0x00, 0x00, 0x00, 0x00, 0x00, 0x00, 0x00, 0x00, 0x00, 0x00, 0x00, 0x00,
  0x00, 0x00, 0x00, 0x00, 0x00, 0x00, 0x00, 0x00, 0x00, 0x00, 0x00, 0x00,
  0x00, 0x00, 0x00, 0x00, 0x00, 0x00, 0x00, 0x00, 0x00, 0x00, 0x00, 0x00,
  0x00, 0x00, 0x00, 0xff, 0x81, 0x81, 0x81, 0x81, 0x81, 0x81, 0xff, 0x00,
  0x00, 0x00, 0x00, 0x00, 0x00, 0x00, 0x00, 0xff, 0x81, 0x81, 0x81, 0x81,
  0x81, 0x81, 0xff, 0x00, 0x00, 0x00, 0x00, 0x00, 0x00, 0x00, 0x00, 0xff,
  0xff, 0xff, 0xff, 0xc0, 0xc0, 0xc0, 0xc0, 0xc0, 0xc0, 0xc0, 0xc0, 0xff,
  0xff, 0xff, 0xff, 0x00, 0x00, 0x00, 0x00, 0x00, 0x00, 0x00, 0x00, 0x00,
  0x00, 0x00, 0x00, 0x00, 0x00, 0x00, 0x00, 0x18, 0x18, 0x3c, 0x3c, 0x7e,
  0x7e, 0xfc, 0xfc, 0xe7, 0xe7, 0xc3, 0xc3, 0x81, 0x81, 0x00, 0x00, 0xf8,
  0xf8, 0xf0, 0xf0, 0x00, 0x00, 0x00, 0x00, 0x00, 0x00, 0x00, 0xfc, 0xfc,
  0x00, 0x3f, 0x3f, 0x00, 0xfc, 0xfc, 0x00, 0x3f, 0x3f, 0x00, 0xfc, 0xfc,
  0x00, 0x3f, 0x3f, 0x00, 0xfc, 0xfc, 0x00, 0x3f, 0x3f, 0x00, 0xfc, 0xfc,
  0x00, 0x3f, 0x3f, 0x00, 0xfc, 0xfc, 0x00, 0x3f, 0x3f, 0x00, 0xff, 0x80,
  0xc0, 0xe0, 0xf0, 0xf0, 0xf0, 0xf0, 0xf0, 0xf0, 0xf0, 0xf0, 0xf0, 0xf0,
  0xf0, 0xf0, 0xf0, 0xf0, 0xf0, 0xf0, 0xf0, 0x00, 0x00, 0x00, 0x00, 0xff,
  0x7f, 0x3f, 0x1f, 0x00, 0x00, 0x00, 0x00, 0xff, 0xff, 0xff, 0xff, 0xf0,
  0xf0, 0xf0, 0xf0, 0xff, 0xff, 0xff, 0xff, 0x00, 0x00, 0x00, 0x00, 0x00,
  0x00, 0x3f, 0x3f, 0x3f, 0x3f, 0x3f, 0x3f, 0x07, 0x07, 0x07, 0x0e, 0x0e,
  0x0e, 0x1c, 0x1c, 0x7e, 0x7e, 0x7e, 0x7e, 0x7e, 0x7e, 0x7e, 0xff, 0xff,
  0x05, 0x05, 0x05, 0x05, 0x05, 0x05, 0x05, 0x05, 0x05, 0x05, 0x05, 0x05,
  0x05, 0x05, 0x05, 0xff, 0x00, 0x00, 0x00, 0x00, 0x00, 0x00, 0xff, 0xfd,
  0x00, 0x00, 0x00, 0x00, 0x00, 0x00, 0xfd, 0xff, 0x07, 0x03, 0x01, 0x01,
  0x01, 0x01, 0x81, 0x81, 0x00, 0x81, 0x81, 0x81, 0x81, 0x81, 0x81, 0x81,
  0x81, 0x81, 0x81, 0x81, 0x81, 0x81, 0x81, 0xff, 0xe0, 0xc0, 0x80, 0x80,
  0x80, 0x80, 0x81, 0xbf, 0x00, 0x00, 0x00, 0x00, 0x00, 0x00, 0xbf, 0x3c,
  0x42, 0x9d, 0xa1, 0xa1, 0x9d, 0x42, 0x3c, 0x3e, 0x08, 0x08, 0x08, 0x08,
  0x00, 0x00, 0x00, 0x44, 0x6c, 0x54, 0x44, 0x44, 0x00, 0x00, 0x00, 0x20,
  0xa8, 0x70, 0x20, 0x70, 0xa8, 0x20, 0x00, 0x00, 0x20, 0x20, 0xf8, 0x20,
  0x20, 0x00, 0x00, 0x00, 0x00, 0x00, 0x00, 0x20, 0x20, 0x40, 0x00, 0x00,
  0x00, 0x00, 0xf8, 0x00, 0x00, 0x00, 0x00, 0x00, 0x00, 0x00, 0x00, 0x00,
  0x00, 0x20, 0x00, 0x00, 0x08, 0x10, 0x20, 0x40, 0x80, 0x00, 0x00, 0x70,
  0x88, 0x98, 0xa8, 0xc8, 0x88, 0x70, 0x00, 0x20, 0x60, 0x20, 0x20, 0x20,
  0x20, 0x70, 0x00, 0x70, 0x88, 0x08, 0x30, 0x40, 0x80, 0xf8, 0x00, 0xf8,
  0x08, 0x10, 0x30, 0x08, 0x88, 0x70, 0x00, 0x10, 0x30, 0x50, 0x90, 0xf8,
  0x10, 0x10, 0x00, 0xf8, 0x80, 0xf0, 0x08, 0x08, 0x88, 0x70, 0x00, 0x38,
  0x40, 0x80, 0xf0, 0x88, 0x88, 0x70, 0x00, 0xf8, 0x08, 0x10, 0x20, 0x40,
  0x40, 0x40, 0x00, 0x70, 0x88, 0x88, 0x70, 0x88, 0x88, 0x70, 0x00, 0x70,
  0x88, 0x88, 0x78, 0x08, 0x10, 0xe0, 0x00, 0x00, 0x00, 0x20, 0x00, 0x20,
  0x00, 0x00, 0x00, 0x00, 0x00, 0x20, 0x00, 0x20, 0x20, 0x40, 0x00, 0x10,
  0x20, 0x40, 0x80, 0x40, 0x20, 0x10, 0x00, 0x00, 0x00, 0xf8, 0x00, 0xf8,
  0x00, 0x00, 0x00, 0x40, 0x20, 0x10, 0x08, 0x10, 0x20, 0x40, 0x00, 0x70,
  0x88, 0x10, 0x20, 0x20, 0x00, 0x20, 0x00, 0x70, 0x88, 0xa8, 0xb8, 0xb0,
  0x80, 0x78, 0x00, 0x20, 0x50, 0x88, 0x88, 0xf8, 0x88, 0x88, 0x00, 0xf0,
  0x88, 0x88, 0xf0, 0x88, 0x88, 0xf0, 0x00, 0x70, 0x88, 0x80, 0x80, 0x80,
  0x88, 0x70, 0x00, 0xf0, 0x88, 0x88, 0x88, 0x88, 0x88, 0xf0, 0x00, 0xf8,
  0x80, 0x80, 0xf0, 0x80, 0x80, 0xf8, 0x00, 0xf8, 0x80, 0x80, 0xf0, 0x80,
  0x80, 0x80, 0x00, 0x78, 0x80, 0x80, 0x80, 0x98, 0x88, 0x78, 0x00, 0x88,
  0x88, 0x88, 0xf8, 0x88, 0x88, 0x88, 0x00, 0x70, 0x20, 0x20, 0x20, 0x20,
  0x20, 0x70, 0x00, 0x08, 0x08, 0x08, 0x08, 0x08, 0x88, 0x70, 0x00, 0x88,
  0x90, 0xa0, 0xc0, 0xa0, 0x90, 0x88, 0x00, 0x80, 0x80, 0x80, 0x80, 0x80,
  0x80, 0xf8, 0x00, 0x88, 0xd8, 0xa8, 0xa8, 0x88, 0x88, 0x88, 0x00, 0x88,
  0x88, 0xc8, 0xa8, 0x98, 0x88, 0x88, 0x00, 0x70, 0x88, 0x88, 0x88, 0x88,
  0x88, 0x70, 0x00, 0xf0, 0x88, 0x88, 0xf0, 0x80, 0x80, 0x80, 0x00, 0x70,
  0x88, 0x88, 0x88, 0xa8, 0x90, 0x68, 0x00, 0xf0, 0x88, 0x88, 0xf0, 0xa0,
  0x90, 0x88, 0x00, 0x70, 0x88, 0x80, 0x70, 0x08, 0x88, 0x70, 0x00, 0xf8,
  0x20, 0x20, 0x20, 0x20, 0x20, 0x20, 0x00, 0x88, 0x88, 0x88, 0x88, 0x88,
  0x88, 0x70, 0x00, 0x88, 0x88, 0x88, 0x88, 0x88, 0x50, 0x20, 0x00, 0x88,
  0x88, 0x88, 0xa8, 0xa8, 0xd8, 0x88, 0x00, 0x88, 0x88, 0x50, 0x20, 0x50,
  0x88, 0x88, 0x00, 0x88, 0x88, 0x50, 0x20, 0x20, 0x20, 0x20, 0x00, 0xf8,
  0x08, 0x10, 0x20, 0x40, 0x80, 0xf8, 0x00, 0x7c, 0x66, 0x66, 0x7c, 0x66,
  0x66, 0x66, 0x7c, 0x66, 0x66, 0x7e, 0x3c, 0x18, 0x18, 0x18, 0x18, 0x7c,
  0x66, 0x66, 0x66, 0x66, 0x66, 0x66, 0x7c, 0x3c, 0x66, 0x66, 0x66, 0x66,
  0x66, 0x66, 0x3c, 0x63, 0x73, 0x7b, 0x7b, 0x6f, 0x6f, 0x67, 0x63, 0x7e,
  0xff, 0xdb, 0xdb, 0xdb, 0xdb, 0xdb, 0xdb, 0x00, 0x00, 0x78, 0x80, 0x80,
  0x80, 0x78, 0x00, 0x3c, 0x66, 0x60, 0x60, 0x6e, 0x66, 0x66, 0x3c, 0x60,
  0x60, 0x60, 0x60, 0x60, 0x60, 0x60, 0x7e, 0x3c, 0x66, 0x66, 0x7e, 0x66,
  0x66, 0x66, 0x66, 0x66, 0x66, 0x66, 0x66, 0x66, 0x66, 0x66, 0x3c, 0x7e,
  0x60, 0x60, 0x7c, 0x60, 0x60, 0x60, 0x60, 0x7e, 0x18, 0x18, 0x18, 0x18,
  0x18, 0x18, 0x7e, 0xf7, 0xff, 0xff, 0xcf, 0xff, 0xff, 0xef, 0xff, 0xf3,
  0xff, 0xef, 0xff, 0xff, 0xff, 0x7f, 0xff, 0xff, 0xe7, 0x7f, 0xff, 0xff,
  0xfe, 0xff, 0xfc, 0xff, 0x9f, 0xff, 0xde, 0xff, 0xff, 0xff, 0xcf, 0xcf,
  0xbf, 0xff, 0xff, 0xfb, 0xff, 0xff, 0xfc, 0x7f, 0xf8, 0xe0, 0x40, 0xc0,
  0x80, 0x80, 0x80, 0xff, 0x1d, 0x07, 0x03, 0x03, 0x01, 0x00, 0x01, 0x80,
  0x80, 0x80, 0xc0, 0xc0, 0xa0, 0xf8, 0xdf, 0x01, 0x01, 0x01, 0x03, 0x03,
  0x06, 0x1d, 0xff, 0xe0, 0xc0, 0x80, 0x80, 0x80, 0x80, 0xc0, 0xe0, 0x7f,
  0x3f, 0x1f, 0x1f, 0x1f, 0x1d, 0x3f, 0x7f, 0x05, 0x05, 0x05, 0x05, 0x05,
  0x05, 0x05, 0x05, 0x01, 0x01, 0x01, 0x01, 0x01, 0x01, 0x01, 0x01, 0xcc,
  0xcc, 0xcc, 0xcc, 0xcc, 0xcc, 0xcc, 0xcc, 0x03, 0x03, 0x03, 0x03, 0x03,
  0x03, 0x03, 0x03, 0xff, 0xff, 0xff, 0xff, 0xff, 0xff, 0xff, 0xff, 0x6a,
  0x6a, 0x6a, 0x6a, 0x6a, 0x6a, 0x6a, 0x6a, 0x66, 0x66, 0x66, 0x66, 0x66,
  0x66, 0x66, 0x66, 0x61, 0x61, 0x61, 0x61, 0x61, 0x61, 0x61, 0x61, 0x66,
  0x66, 0x66, 0xdd, 0x11, 0x11, 0x11, 0xdd, 0x61, 0x61, 0x61, 0x61, 0x61,
  0x61, 0x61, 0x61, 0x61, 0x61, 0x61, 0x61, 0x61, 0x61, 0x61, 0x61, 0x01,
  0x01, 0x01, 0x0d, 0x01, 0x01, 0x01, 0x0d, 0x05, 0x05, 0x05, 0x07, 0x01,
  0x01, 0x05, 0x05, 0x1f, 0x1f, 0x1f, 0x1f, 0x1f, 0x1f, 0x15, 0x15, 0x1f,
  0x1f, 0x1f, 0x1f, 0x1f, 0x1f, 0x1f, 0x1f, 0x15, 0x15, 0x15, 0x15, 0x15,
  0x15, 0x15, 0x15, 0xff, 0xff, 0x6e, 0x6e, 0x6e, 0x6e, 0x6e, 0x6e, 0x6e,
  0x6e, 0x6e, 0x6e, 0x6e, 0x6e, 0x6e, 0x6e, 0x6e, 0x6e, 0x6e, 0x6e, 0x6e,
  0x6e, 0x6e, 0x6e, 0x6e, 0x6e, 0x6e, 0x6e, 0x6e, 0x6e, 0x6e, 0x6e, 0x6e,
  0x6e, 0x6e, 0x6e, 0x6e, 0x6e, 0x6e, 0x6e, 0x15, 0x15, 0x15, 0x15, 0x15,
  0x15, 0x15, 0x15, 0x15, 0x15, 0x15, 0x15, 0x15, 0x15, 0x15, 0x15, 0x15,
  0x15, 0x15, 0x15, 0x15, 0x15, 0x15, 0x15, 0x15, 0x15, 0x15, 0x15, 0x15,
  0x15, 0x15, 0x15, 0x15, 0x15, 0x15, 0x15, 0x15, 0x15, 0x15, 0x15, 0x15,
  0x15, 0x15, 0x15, 0x15, 0x15, 0x15, 0x15, 0xf5, 0xf5, 0xf5, 0xf5, 0xf5,
  0xf5, 0xf5, 0xf5, 0xf5, 0xf5, 0xf5, 0xf5, 0xf5, 0xf5, 0xf5, 0xf5, 0x1c,
  0x1c, 0x1c, 0x1c, 0x1c, 0x1c, 0x1c, 0x1c, 0x71, 0x71, 0x71, 0x71, 0x71,
  0x71, 0x71, 0x71, 0x71, 0x71, 0x71, 0x71, 0x71, 0x71, 0x71, 0x71, 0x51,
  0x51, 0x51, 0x51, 0x51, 0x51, 0x51, 0x51, 0x51, 0x51, 0x51, 0x51, 0x51,
  0x51, 0x51, 0x51, 0x51, 0x51, 0x51, 0x51, 0x51, 0x51, 0x51, 0x51, 0x51,
  0x51, 0x51, 0x51, 0x51, 0x51, 0x51, 0x51, 0x51, 0x51, 0x51, 0x51, 0x51,
  0x51, 0x51, 0x51, 0x51, 0x51, 0x51, 0x51, 0x51, 0x51, 0x51, 0x51, 0x51,
  0x51, 0x51, 0x51, 0x51, 0x51, 0x51, 0x51, 0x13, 0x13, 0x13, 0x13, 0x13,
  0x13, 0x13, 0x13, 0x15, 0x15, 0x15, 0x15, 0x15, 0x15, 0x15, 0x15, 0x15,
  0x15, 0x15, 0x15, 0x15, 0x15, 0x15, 0x15, 0x20, 0x20, 0x20, 0x20, 0x20,
  0x20, 0x20, 0x20, 0x20, 0x20, 0x20, 0x20, 0x20, 0x20, 0x20, 0x20, 0x20,
  0x20, 0x20, 0x20, 0x20, 0x20, 0x20, 0x20, 0x20, 0x20, 0x20, 0x20, 0x20,
  0x20, 0x20, 0x20, 0x20, 0x20, 0x20, 0x20, 0x20, 0x20, 0x20, 0x20, 0x20,
  0x20, 0x20, 0x20, 0x20, 0x20, 0x20, 0x20, 0x20, 0x20, 0x20, 0x20, 0x20,
  0x20, 0x20, 0x20, 0x20, 0x20, 0x20, 0x20, 0x20, 0x20, 0x20, 0x20, 0x20,
  0x20, 0x20, 0x20, 0x53, 0x45, 0x4c, 0x45, 0x43, 0x54, 0x20, 0x47, 0x41,
  0x4d, 0x45, 0x20, 0x57, 0x49, 0x54, 0x48, 0x20, 0x4a, 0x4f, 0x59, 0x53,
  0x54, 0x49, 0x43, 0x4b, 0x20, 0x20, 0x20, 0x2d, 0x2d, 0x2d, 0x2d, 0x2d,
  0x2d, 0x2d, 0x2d, 0x2d, 0x2d, 0x2d, 0x2d, 0x2d, 0x2d, 0x2d, 0x2d, 0x2d,
  0x2d, 0x2d, 0x2d, 0x2d, 0x2d, 0x2d, 0x2d, 0x2d, 0x2d, 0x2d, 0x2d, 0x2d,
  0x2d, 0x2d, 0x2d, 0x20, 0x20, 0x20, 0x20, 0x20, 0x20, 0x2e, 0x20, 0x20,
  0x20, 0x20, 0x20, 0x20, 0x20, 0x20, 0x20, 0x20, 0x20, 0x20, 0x20, 0x20,
  0x20, 0x20, 0x20, 0x20, 0x20, 0x20, 0x20, 0x20, 0x20, 0x20, 0x20, 0x20,
  0x20, 0x20, 0x20, 0x20, 0x20, 0x2e, 0x52, 0x45, 0x47, 0x55, 0x4c, 0x41,
  0x52, 0x20, 0x20, 0x20, 0x20, 0x20, 0x20, 0x20, 0x20, 0x20, 0x20, 0x20,
  0x20, 0x20, 0x20, 0x20, 0x20, 0x20, 0x20, 0x20, 0x20, 0x20, 0x20, 0x20,
  0x20, 0x2e, 0x20, 0x20, 0x20, 0x20, 0x20, 0x20, 0x20, 0x20, 0x20, 0x20,
  0x20, 0x20, 0x20, 0x20, 0x20, 0x20, 0x20, 0x20, 0x20, 0x20, 0x20, 0x20,
  0x20, 0x20, 0x20, 0x20, 0x20, 0x20, 0x20, 0x20, 0x20, 0x2e, 0x55, 0x4e,
  0x4c, 0x45, 0x41, 0x44, 0x45, 0x44, 0x20, 0x20, 0x20, 0x20, 0x20, 0x31,
  0x20, 0x50, 0x4c, 0x41, 0x59, 0x45, 0x52, 0x20, 0x20, 0x20, 0x20, 0x20,
  0x20, 0x20, 0x20, 0x20, 0x20, 0x2e, 0x20, 0x20, 0x20, 0x20, 0x20, 0x20,
  0x20, 0x20, 0x20, 0x20, 0x20, 0x20, 0x20, 0x20, 0x20, 0x20, 0x20, 0x20,
  0x20, 0x20, 0x20, 0x20, 0x20, 0x20, 0x20, 0x20, 0x20, 0x20, 0x20, 0x20,
  0x20, 0x2e, 0x50, 0x52, 0x45, 0x4d, 0x49, 0x55, 0x4d, 0x20, 0x20, 0x20,
  0x20, 0x20, 0x20, 0x20, 0x20, 0x20, 0x20, 0x20, 0x20, 0x20, 0x20, 0x20,
  0x20, 0x20, 0x20, 0x20, 0x20, 0x20, 0x20, 0x20, 0x20, 0x2e, 0x20, 0x20,
  0x20, 0x20, 0x20, 0x20, 0x20, 0x20, 0x20, 0x20, 0x20, 0x20, 0x20, 0x20,
  0x20, 0x20, 0x20, 0x20, 0x20, 0x20, 0x20, 0x20, 0x20, 0x20, 0x20, 0x20,
  0x20, 0x20, 0x20, 0x20, 0x20, 0x2e, 0x2e, 0x2e, 0x2e, 0x2e, 0x2e, 0x2e,
  0x2e, 0x2e, 0x2e, 0x2e, 0x2e, 0x2e, 0x2e, 0x2e, 0x2e, 0x2e, 0x2e, 0x2e,
  0x2e, 0x2e, 0x2e, 0x2e, 0x2e, 0x2e, 0x2e, 0x20, 0x20, 0x20, 0x20, 0x20,
  0x20, 0x2e, 0x20, 0x20, 0x20, 0x20, 0x20, 0x20, 0x20, 0x20, 0x20, 0x20,
  0x20, 0x20, 0x20, 0x20, 0x20, 0x20, 0x20, 0x20, 0x20, 0x20, 0x20, 0x20,
  0x20, 0x20, 0x20, 0x20, 0x20, 0x20, 0x20, 0x20, 0x20, 0x2e, 0x52, 0x45,
  0x47, 0x55, 0x4c, 0x41, 0x52, 0x20, 0x20, 0x20, 0x20, 0x20, 0x20, 0x20,
  0x20, 0x20, 0x20, 0x20, 0x20, 0x20, 0x20, 0x20, 0x20, 0x20, 0x20, 0x20,
  0x20, 0x20, 0x20, 0x20, 0x20, 0x2e, 0x20, 0x20, 0x20, 0x20, 0x20, 0x20,
  0x20, 0x20, 0x20, 0x20, 0x20, 0x20, 0x20, 0x20, 0x20, 0x20, 0x20, 0x20,
  0x20, 0x20, 0x20, 0x20, 0x20, 0x20, 0x20, 0x20, 0x20, 0x20, 0x20, 0x20,
  0x20, 0x2e, 0x55, 0x4e, 0x4c, 0x45, 0x41, 0x44, 0x45, 0x44, 0x20, 0x20,
  0x20, 0x20, 0x20, 0x32, 0x20, 0x50, 0x4c, 0x41, 0x59, 0x45, 0x52, 0x53,
  0x20, 0x20, 0x20, 0x20, 0x20, 0x20, 0x20, 0x20, 0x20, 0x2e, 0x20, 0x20,
  0x20, 0x20, 0x20, 0x20, 0x20, 0x20, 0x20, 0x20, 0x20, 0x20, 0x20, 0x20,
  0x20, 0x20, 0x20, 0x20, 0x20, 0x20, 0x20, 0x20, 0x20, 0x20, 0x20, 0x20,
  0x20, 0x20, 0x20, 0x20, 0x20, 0x2e, 0x50, 0x52, 0x45, 0x4d, 0x49, 0x55,
  0x4d, 0x20, 0x20, 0x20, 0x20, 0x20, 0x20, 0x20, 0x20, 0x20, 0x20, 0x20,
  0x20, 0x20, 0x20, 0x20, 0x20, 0x20, 0x20, 0x20, 0x20, 0x20, 0x20, 0x20,
  0x20, 0x2e, 0x20, 0x20, 0x20, 0x20, 0x20, 0x20, 0x20, 0x20, 0x20, 0x20,
  0x20, 0x20, 0x20, 0x20, 0x20, 0x20, 0x20, 0x20, 0x20, 0x20, 0x20, 0x20,
  0x20, 0x20, 0x20, 0x2d, 0x2d, 0x2d, 0x2d, 0x2d, 0x2d, 0x2d, 0x2d, 0x2d,
  0x2d, 0x2d, 0x2d, 0x2d, 0x2d, 0x2d, 0x2d, 0x2d, 0x2d, 0x2d, 0x2d, 0x2d,
  0x2d, 0x2d, 0x2d, 0x2d, 0x2d, 0x2d, 0x2d, 0x2d, 0x2d, 0x2d, 0x2d, 0x20,
  0x20, 0x20, 0x20, 0x20, 0x20, 0x20, 0x20, 0x20, 0x20, 0x20, 0x20, 0x20,
  0x20, 0x20, 0x20, 0x20, 0x20, 0x20, 0x20, 0x20, 0x20, 0x20, 0x20, 0x20,
  0x20, 0x20, 0x20, 0x20, 0x20, 0x20, 0x20, 0x20, 0x20, 0x20, 0x20, 0x50,
  0x55, 0x53, 0x48, 0x20, 0x46, 0x49, 0x52, 0x45, 0x20, 0x42, 0x55, 0x54,
  0x54, 0x4f, 0x4e, 0x20, 0x54, 0x4f, 0x20, 0x50, 0x4c, 0x41, 0x59, 0x20,
  0x20, 0x20, 0x20, 0x20, 0x20, 0x20, 0x20, 0x20, 0x20, 0x20, 0x20, 0x20,
  0x20, 0x20, 0x20, 0x20, 0x20, 0x20, 0x20, 0x20, 0x20, 0x20, 0x20, 0x20,
  0x20, 0x20, 0x20, 0x20, 0x20, 0x20, 0x20, 0x20, 0x20, 0x20, 0x20, 0x20,
  0x20, 0x20, 0x20, 0x20, 0x20, 0x20, 0x20, 0x20, 0x20, 0x20, 0x20, 0x20,
  0x20, 0x20, 0x20, 0x20, 0x20, 0x20, 0x20, 0x20, 0x20, 0x20, 0x20, 0x20,
  0x20, 0x20, 0x20, 0x20, 0x20, 0x20, 0x20, 0x00, 0x9f, 0x00, 0x9f, 0x00,
  0x9f, 0x00, 0x9f, 0x00, 0x9f, 0x00, 0x9f, 0x00, 0x9f, 0x00, 0x9f, 0x00,
  0x9f, 0x00, 0x9f, 0x00, 0x9f, 0x00, 0x9f, 0x00, 0x9f, 0x00, 0x9f, 0x00,
  0x9f, 0x00, 0x9f, 0x00, 0x78, 0x78, 0x78, 0x99, 0x78, 0x99, 0x78, 0x99,
  0x00, 0x00, 0x00, 0x78, 0x78, 0x78, 0x99, 0x78, 0x78, 0x78, 0x99, 0x78,
  0x78, 0x78, 0x99, 0x78, 0x78, 0x78, 0x99, 0x78, 0x99, 0x78, 0x99, 0x00,
  0x78, 0x9d, 0x78, 0x9a, 0x78, 0x9a, 0x78, 0x9a, 0x00, 0x00, 0x00, 0x78,
  0x9d, 0x9e, 0x9b, 0x00, 0x78, 0x9d, 0x9b, 0x78, 0x9d, 0x78, 0x9a, 0x78,
  0x9d, 0x9e, 0x9b, 0x78, 0x8c, 0x8d, 0x9b, 0x00, 0x78, 0x9a, 0x78, 0x9a,
  0x78, 0x9a, 0x78, 0x9a, 0x00, 0x00, 0x00, 0x78, 0x78, 0x78, 0x99, 0x00,
  0x78, 0x9a, 0x00, 0x78, 0x9a, 0x78, 0x9a, 0x78, 0x9a, 0x00, 0x00, 0x78,
  0x78, 0x9d, 0x00, 0x00, 0x78, 0x9a, 0x78, 0x9a, 0x78, 0x9a, 0x78, 0x9a,
  0x00, 0x00, 0x00, 0x00, 0x00, 0x78, 0x9a, 0x00, 0x78, 0x9a, 0x00, 0x78,
  0x9a, 0x78, 0x9a, 0x78, 0x9a, 0x00, 0x00, 0x78, 0x8c, 0x8d, 0x00, 0x00,
  0x78, 0x78, 0x78, 0x9a, 0x78, 0x9a, 0x78, 0x78, 0x78, 0x99, 0x00, 0x78,
  0x78, 0x78, 0x9a, 0x00, 0x78, 0x9a, 0x00, 0x78, 0x78, 0x78, 0x9a, 0x78,
  0x78, 0x78, 0x99, 0x78, 0x9a, 0x78, 0x99, 0x00, 0x9c, 0x9e, 0x9e, 0x9b,
  0x9c, 0x9b, 0x9c, 0x9e, 0x9e, 0x9b, 0x00, 0x9c, 0x9e, 0x9e, 0x9b, 0x00,
  0x9c, 0x9b, 0x00, 0x9c, 0x9e, 0x9e, 0x9b, 0x9c, 0x9e, 0x9e, 0x9b, 0x9c,
  0x9b, 0x9c, 0x9b, 0x00, 0x9f, 0x00, 0x9f, 0x00, 0x9f, 0x00, 0x9f, 0x00,
  0x9f, 0x00, 0x51, 0x50, 0x50, 0x50, 0x00, 0xa3, 0xa0, 0xa9, 0xa6, 0xa7,
  0xa3, 0x00, 0x9f, 0x00, 0x9f, 0x00, 0x9f, 0x00, 0x9f, 0x00, 0x9f, 0x37,
  0x00, 0x00, 0x0f, 0x4f, 0x00, 0x01, 0x0f, 0x67, 0x00, 0x02, 0x0f, 0x7f,
  0x00, 0x03, 0x0f, 0x97, 0x00, 0x04, 0x0f, 0xaf, 0x00, 0x05, 0x0f, 0xc0,
  0x00, 0x06, 0x0f, 0x37, 0xff, 0x07, 0x0f, 0x4f, 0xff, 0x08, 0x0f, 0x67,
  0xff, 0x09, 0x0f, 0x7f, 0xff, 0x0a, 0x0f, 0x97, 0xff, 0x0b, 0x0f, 0xaf,
  0xff, 0x0c, 0x0f, 0xc0, 0xff, 0x0d, 0x0f, 0x37, 0x00, 0x00, 0x0f, 0x4f,
  0x00, 0x01, 0x0f, 0x67, 0x00, 0x02, 0x0f, 0x7f, 0x00, 0x03, 0x0f, 0x8f,
  0x00, 0x04, 0x0f, 0x9f, 0x00, 0x05, 0x0f, 0xaf, 0x00, 0x06, 0x0f, 0x37,
  0xff, 0x07, 0x0f, 0x4f, 0xff, 0x08, 0x0f, 0x67, 0xff, 0x09, 0x0f, 0x7f,
  0xff, 0x0a, 0x0f, 0x8f, 0xff, 0x0b, 0x0f, 0x9f, 0xff, 0x0c, 0x0f, 0xaf,
  0xff, 0x0d, 0x0f, 0x37, 0x00, 0x00, 0x0f, 0x4f, 0x00, 0x01, 0x0f, 0x67,
  0x00, 0x02, 0x0f, 0x7f, 0x00, 0x03, 0x0f, 0x8f, 0x00, 0x04, 0x0f, 0x9f,
  0x00, 0x05, 0x0f, 0xaf, 0x00, 0x06, 0x0f, 0x37, 0xff, 0x07, 0x0f, 0x4f,
  0xff, 0x08, 0x0f, 0x67, 0xff, 0x09, 0x0f, 0x7f, 0xff, 0x0a, 0x0f, 0x8f,
  0xff, 0x0b, 0x0f, 0x9f, 0xff, 0x0c, 0x0f, 0xaf, 0xff, 0x0d, 0x0f, 0x37,
  0x00, 0x00, 0x0f, 0x4f, 0x00, 0x01, 0x0f, 0x6f, 0x00, 0x02, 0x0f, 0x7f,
  0x00, 0x03, 0x0f, 0x8f, 0x00, 0x04, 0x0f, 0x9f, 0x00, 0x05, 0x0f, 0xaf,
  0x00, 0x06, 0x0f, 0x37, 0xff, 0x07, 0x0f, 0x4f, 0xff, 0x08, 0x0f, 0x5f,
  0xff, 0x09, 0x0f, 0x7f, 0xff, 0x0a, 0x0f, 0x8f, 0xff, 0x0b, 0x0f, 0x9f,
  0xff, 0x0c, 0x0f, 0xaf, 0xff, 0x0d, 0x0f, 0x37, 0x00, 0x00, 0x0f, 0x47,
  0x00, 0x01, 0x0f, 0x57, 0x00, 0x02, 0x0f, 0x67, 0x00, 0x03, 0x0f, 0x87,
  0x00, 0x04, 0x0f, 0x97, 0x00, 0x05, 0x0f, 0xa7, 0x00, 0x06, 0x0f, 0x37,
  0xff, 0x07, 0x0f, 0x47, 0xff, 0x08, 0x0f, 0x67, 0xff, 0x09, 0x0f, 0x77,
  0xff, 0x0a, 0x0f, 0x87, 0xff, 0x0b, 0x0f, 0x97, 0xff, 0x0c, 0x0f, 0xaf,
  0xff, 0x0d, 0x0f, 0x37, 0x00, 0x00, 0x0f, 0x47, 0x00, 0x01, 0x0f, 0x57,
  0x00, 0x02, 0x0f, 0x67, 0x00, 0x03, 0x0f, 0x87, 0x00, 0x04, 0x0f, 0x97,
  0x00, 0x05, 0x0f, 0xa7, 0x00, 0x06, 0x0f, 0x37, 0xff, 0x07, 0x0f, 0x47,
  0xff, 0x08, 0x0f, 0x67, 0xff, 0x09, 0x0f, 0x77, 0xff, 0x0a, 0x0f, 0x87,
  0xff, 0x0b, 0x0f, 0x97, 0xff, 0x0c, 0x0f, 0xaf, 0xff, 0x0d, 0x0f, 0x37,
  0x00, 0x00, 0x0f, 0x47, 0x00, 0x01, 0x0f, 0x57, 0x00, 0x02, 0x0f, 0x67,
  0x00, 0x03, 0x0f, 0x87, 0x00, 0x04, 0x0f, 0x97, 0x00, 0x05, 0x0f, 0xa7,
  0x00, 0x06, 0x0f, 0x37, 0xff, 0x07, 0x0f, 0x47, 0xff, 0x08, 0x0f, 0x67,
  0xff, 0x09, 0x0f, 0x77, 0xff, 0x0a, 0x0f, 0x87, 0xff, 0x0b, 0x0f, 0x97,
  0xff, 0x0c, 0x0f, 0xa7, 0xff, 0x0d, 0x0f, 0x37, 0x00, 0x00, 0x0f, 0x47,
  0x00, 0x01, 0x0f, 0x57, 0x00, 0x02, 0x0f, 0x67, 0x00, 0x03, 0x0f, 0x87,
  0x00, 0x04, 0x0f, 0x97, 0x00, 0x05, 0x0f, 0xa7, 0x00, 0x06, 0x0f, 0x37,
  0xff, 0x07, 0x0f, 0x47, 0xff, 0x08, 0x0f, 0x67, 0xff, 0x09, 0x0f, 0x77,
  0xff, 0x0a, 0x0f, 0x87, 0xff, 0x0b, 0x0f, 0x97, 0xff, 0x0c, 0x0f, 0xa7,
  0xff, 0x0d, 0x0f, 0xc0, 0x00, 0x00, 0x0f, 0xc0, 0x08, 0x01, 0x0f, 0xc0,
  0x10, 0x02, 0x0f, 0xc0, 0x18, 0x03, 0x0f, 0xc0, 0x20, 0x04, 0x0f, 0xc0,
  0x28, 0x05, 0x0f, 0xc0, 0x30, 0x06, 0x0f, 0xc0, 0x38, 0x07, 0x0f, 0xc0,
  0x40, 0x08, 0x0f, 0xc0, 0x48, 0x09, 0x0f, 0xc0, 0x50, 0x0a, 0x0f, 0xc0,
  0x58, 0x0b, 0x0f, 0xc0, 0x60, 0x0c, 0x0f, 0xc0, 0x68, 0x0d, 0x0f, 0xc0,
  0x70, 0x0e, 0x07, 0xc0, 0x78, 0x0f, 0x07, 0xc0, 0x80, 0x13, 0x0f, 0xd0,
  0x90, 0x00, 0x0f, 0x00, 0x00, 0x00, 0x00, 0x00, 0x00, 0x00, 0x00, 0x00,
  0x00, 0x00, 0x00, 0x00, 0x00, 0x00, 0x00, 0x00, 0x78, 0xd4, 0xd4, 0xd4,
  0xfc, 0x54, 0x00, 0x00, 0x38, 0x54, 0xd6, 0xfe, 0x44, 0xc6, 0x00, 0x00,
  0x18, 0x3c, 0x3c, 0xeb, 0xeb, 0x7e, 0x00, 0x00, 0x18, 0xe7, 0xbd, 0x3c,
  0x24, 0xc3, 0x00, 0x00, 0xc3, 0x42, 0x3c, 0x6a, 0xeb, 0xeb, 0x00, 0x00,
  0xc6, 0x38, 0x10, 0x7c, 0x92, 0x7c, 0x00, 0x00, 0x42, 0xa5, 0x99, 0x99,
  0x7e, 0x18, 0x00, 0x00, 0x18, 0xbd, 0xd7, 0xd7, 0xd7, 0xbd, 0x00, 0x00,
  0x18, 0xbd, 0xd7, 0x3c, 0x42, 0xc3, 0x00, 0x00, 0x42, 0xa5, 0x99, 0x7e,
  0x5a, 0xc3, 0x00, 0x00, 0x7e, 0x93, 0x93, 0x7e, 0x24, 0x66, 0x00, 0x00,
  0x7c, 0xd6, 0xee, 0xba, 0xc6, 0x7c, 0x00, 0x00, 0x92, 0x44, 0x38, 0x54,
  0x7c, 0x38, 0x00, 0x00, 0x3c, 0x56, 0xd7, 0xff, 0xe7, 0x42, 0x00, 0xff,
  0xff, 0x7e, 0x3c, 0x18, 0x18, 0x7e, 0xff, 0x99, 0x7e, 0x7e, 0xff, 0xff,
  0x7e, 0x7e, 0x99, 0x00, 0x3c, 0x7e, 0x7e, 0x7e, 0x7e, 0x3c, 0x00, 0x00,
  0x7c, 0x0e, 0x06, 0x06, 0x0e, 0x7c, 0x00, 0x00, 0x3e, 0x70, 0x60, 0x60,
  0x70, 0x3e, 0x00, 0x00, 0x3c, 0x7e, 0x66, 0x42, 0x42, 0x42, 0x00, 0x00,
  0x42, 0x42, 0x42, 0x66, 0x7e, 0x3c, 0x00, 0x00, 0x00, 0x70, 0x70, 0x00,
  0x00, 0x00, 0x00, 0x00, 0x00, 0x00, 0x00, 0x00, 0x60, 0x00, 0x61, 0x00,
  0x62, 0x00, 0x51, 0x00, 0x00, 0x00, 0x00, 0x00, 0x00, 0x00, 0x00, 0x00,
  0x00, 0x50, 0x00, 0x00, 0x00, 0x00, 0x00, 0x00, 0x00, 0x00, 0x00, 0x00,
  0x00, 0x00, 0x00, 0x00, 0x88, 0x00, 0x88, 0x00, 0x88, 0x00, 0x88, 0x00,
  0x00, 0x00, 0x00, 0x00, 0x00, 0x00, 0x00, 0x00, 0x00, 0x00, 0x00, 0x00,
  0x00, 0x00, 0x00, 0x00, 0x00, 0x00, 0x00, 0x00, 0x00, 0x00, 0x00, 0x40,
  0x41, 0x41, 0x41, 0x41, 0x41, 0x41, 0x41, 0x42, 0x33, 0x00, 0x00, 0x00,
  0x00, 0x00, 0x00, 0x00, 0x00, 0x00, 0x00, 0x00, 0x00, 0x00, 0x00, 0x00,
  0x00, 0x00, 0x00, 0x00, 0x00, 0x00, 0x00, 0x43, 0x45, 0x45, 0x45, 0x45,
  0x45, 0x45, 0x45, 0x44, 0x21, 0x00, 0x00, 0x30, 0x33, 0x00, 0x00, 0x00,
  0x00, 0x00, 0x00, 0x00, 0x00, 0x00, 0x00, 0x5c, 0x5d, 0x00, 0x00, 0x00,
  0x00, 0x00, 0x00, 0x43, 0x45, 0x45, 0x59, 0x59, 0x50, 0x45, 0x45, 0x44,
  0x31, 0x19, 0x19, 0x32, 0x40, 0x41, 0x41, 0x42, 0x00, 0x00, 0x00, 0x65,
  0x66, 0x67, 0x65, 0x63, 0x64, 0x67, 0x66, 0x65, 0x66, 0x67, 0x65, 0x43,
  0x45, 0x45, 0x45, 0x45, 0x45, 0x45, 0x45, 0x44, 0x65, 0x66, 0x67, 0x65,
  0x43, 0x00, 0x45, 0x44, 0x19, 0x19, 0x19, 0x00, 0x00, 0x00, 0x00, 0x00,
  0x00, 0x00, 0x00, 0x00, 0x00, 0x00, 0x00, 0x00, 0x88, 0x00, 0x88, 0x00,
  0x88, 0x00, 0x88, 0x00, 0x00, 0x00, 0x00, 0x00, 0x00, 0x00, 0x00, 0x00,
  0x00, 0x00, 0x00, 0x00, 0x00, 0x00, 0x00, 0x00, 0x00, 0x00, 0x00, 0x00,
  0x00, 0x00, 0x00, 0x40, 0x41, 0x41, 0x41, 0x41, 0x41, 0x41, 0x41, 0x42,
  0x33, 0x00, 0x00, 0x00, 0x00, 0x00, 0x00, 0x00, 0x00, 0x00, 0x00, 0x00,
  0x00, 0x00, 0x00, 0x00, 0x00, 0x00, 0x00, 0x00, 0x00, 0x30, 0x19, 0x43,
  0x45, 0x45, 0x45, 0x45, 0x45, 0x45, 0x45, 0x44, 0x21, 0x00, 0x00, 0x30,
  0x33, 0x00, 0x00, 0x00, 0x00, 0x00, 0x00, 0x00, 0x00, 0x00, 0x00, 0x5c,
  0x5d, 0x00, 0x30, 0x19, 0x34, 0x32, 0x00, 0x43, 0x45, 0x45, 0x59, 0x59,
  0x50, 0x45, 0x45, 0x44, 0x31, 0x19, 0x19, 0x32, 0x40, 0x41, 0x41, 0x42,
  0x19, 0x19, 0x19, 0x65, 0x66, 0x67, 0x65, 0x63, 0x64, 0x19, 0x32, 0x00,
  0x31, 0x19, 0x19, 0x43, 0x45, 0x45, 0x45, 0x45, 0x45, 0x45, 0x45, 0x44,
  0x65, 0x66, 0x67, 0x65, 0x43, 0x00, 0x45, 0x44, 0x19, 0x19, 0x19, 0x00,
  0x00, 0x00, 0x00, 0x00, 0x00, 0x00, 0x00, 0x00, 0x00, 0x00, 0x00, 0x00,
  0x88, 0x00, 0x88, 0x00, 0x88, 0x00, 0x88, 0x00, 0x00, 0x00, 0x00, 0x00,
  0x00, 0x00, 0x00, 0x00, 0x00, 0x00, 0x00, 0x00, 0x00, 0x00, 0x00, 0x30,
  0x19, 0x19, 0x19, 0x19, 0x33, 0x00, 0x00, 0x40, 0x41, 0x41, 0x41, 0x41,
  0x41, 0x41, 0x41, 0x42, 0x00, 0x00, 0x00, 0x00, 0x00, 0x00, 0x00, 0x00,
  0x00, 0x00, 0x00, 0x00, 0x02, 0x02, 0x00, 0x21, 0x00, 0x5c, 0x5d, 0x00,
  0x31, 0x19, 0x19, 0x43, 0x45, 0x45, 0x45, 0x45, 0x45, 0x45, 0x45, 0x44,
  0x19, 0x19, 0x19, 0x19, 0x40, 0x41, 0x41, 0x42, 0x00, 0x02, 0x02, 0x03,
  0x03, 0x03, 0x03, 0x31, 0x19, 0x63, 0x64, 0x19, 0x19, 0x19, 0x19, 0x43,
  0x45, 0x45, 0x59, 0x59, 0x50, 0x45, 0x45, 0x44, 0x19, 0x19, 0x19, 0x19,
  0x43, 0x00, 0x45, 0x44, 0x03, 0x03, 0x03, 0x72, 0x72, 0x72, 0x72, 0x72,
  0x72, 0x72, 0x72, 0x72, 0x72, 0x72, 0x72, 0x43, 0x45, 0x45, 0x45, 0x45,
  0x45, 0x45, 0x45, 0x44, 0x72, 0x72, 0x72, 0x72, 0x72, 0x72, 0x72, 0x72,
  0x72, 0x72, 0x72, 0x00, 0x00, 0x00, 0x00, 0x00, 0x00, 0x00, 0x00, 0x00,
  0x00, 0x00, 0x00, 0x00, 0x88, 0x00, 0x88, 0x00, 0x88, 0x00, 0x88, 0x00,
  0x00, 0x00, 0x00, 0x00, 0x00, 0x00, 0x00, 0x00, 0x00, 0x00, 0x00, 0x00,
  0x00, 0x00, 0x73, 0x00, 0x00, 0x30, 0x19, 0x19, 0x19, 0x19, 0x33, 0x40,
  0x41, 0x41, 0x41, 0x41, 0x41, 0x41, 0x41, 0x42, 0x19, 0x19, 0x19, 0x19,
  0x33, 0x00, 0x00, 0x00, 0x00, 0x00, 0x00, 0x00, 0x00, 0x30, 0x5e, 0x5e,
  0x19, 0x32, 0x00, 0x5c, 0x5d, 0x00, 0x31, 0x43, 0x45, 0x45, 0x45, 0x45,
  0x45, 0x45, 0x45, 0x44, 0x19, 0x19, 0x19, 0x33, 0x31, 0x19, 0x19, 0x5e,
  0x5e, 0x00, 0x00, 0x19, 0x19, 0x32, 0x5e, 0x5e, 0x00, 0x00, 0x00, 0x63,
  0x64, 0x19, 0x19, 0x43, 0x45, 0x45, 0x59, 0x59, 0x50, 0x45, 0x45, 0x44,
  0x00, 0x00, 0x00, 0x31, 0x19, 0x19, 0x19, 0x5e, 0x5e, 0x00, 0x00, 0x72,
  0x72, 0x72, 0x72, 0x72, 0x72, 0x72, 0x72, 0x72, 0x72, 0x72, 0x72, 0x43,
  0x45, 0x45, 0x45, 0x45, 0x45, 0x45, 0x45, 0x44, 0x72, 0x72, 0x72, 0x72,
  0x72, 0x72, 0x72, 0x72, 0x72, 0x72, 0x72, 0x00, 0x00, 0x00, 0x00, 0x07,
  0x07, 0x07, 0x07, 0x07, 0x07, 0x75, 0x77, 0x07, 0x88, 0x00, 0x88, 0x00,
  0x88, 0x00, 0x88, 0x00, 0x00, 0x00, 0x00, 0x00, 0x00, 0x00, 0x00, 0x00,
  0x00, 0x00, 0x00, 0x00, 0x00, 0x00, 0x07, 0x07, 0x09, 0x00, 0x00, 0x00,
  0x30, 0x75, 0x77, 0x40, 0x41, 0x41, 0x41, 0x41, 0x41, 0x41, 0x41, 0x42,
  0x00, 0x00, 0x00, 0x00, 0x00, 0x00, 0x07, 0x07, 0x07, 0x09, 0x00, 0x00,
  0x00, 0x07, 0x07, 0x07, 0x09, 0x00, 0x5c, 0x5d, 0x21, 0x75, 0x77, 0x43,
  0x45, 0x45, 0x45, 0x45, 0x45, 0x45, 0x45, 0x44, 0x00, 0x00, 0x5c, 0x5d,
  0x00, 0x00, 0x08, 0x08, 0x08, 0x07, 0x09, 0x00, 0x07, 0x07, 0x00, 0x08,
  0x0a, 0x00, 0x63, 0x64, 0x32, 0x75, 0x77, 0x43, 0x45, 0x45, 0x59, 0x59,
  0x50, 0x45, 0x45, 0x44, 0x19, 0x19, 0x63, 0x64, 0x19, 0x19, 0x08, 0x08,
  0x08, 0x08, 0x07, 0x68, 0x68, 0x68, 0x68, 0x68, 0x68, 0x72, 0x72, 0x72,
  0x72, 0x72, 0x72, 0x43, 0x45, 0x45, 0x45, 0x45, 0x45, 0x45, 0x45, 0x44,
  0x72, 0x72, 0x72, 0x72, 0x72, 0x72, 0x68, 0x68, 0x68, 0x68, 0x68, 0x00,
  0x00, 0x00, 0x00, 0x07, 0x07, 0x07, 0x07, 0x07, 0x07, 0x75, 0x77, 0x07,
  0x07, 0x07, 0x07, 0x07, 0x07, 0x07, 0x07, 0x07, 0x07, 0x07, 0x07, 0x07,
  0x07, 0x07, 0x07, 0x07, 0x09, 0x00, 0x00, 0x00, 0x00, 0x00, 0x07, 0x07,
  0x09, 0x00, 0x00, 0x00, 0x30, 0x75, 0x77, 0x40, 0x41, 0x41, 0x41, 0x41,
  0x41, 0x41, 0x41, 0x42, 0x07, 0x07, 0x07, 0x07, 0x07, 0x07, 0x07, 0x07,
  0x07, 0x09, 0x00, 0x00, 0x00, 0x07, 0x07, 0x07, 0x09, 0x00, 0x5c, 0x5d,
  0x21, 0x75, 0x77, 0x43, 0x45, 0x45, 0x45, 0x45, 0x45, 0x45, 0x45, 0x44,
  0x00, 0x00, 0x5c, 0x5d, 0x00, 0x00, 0x08, 0x08, 0x08, 0x07, 0x09, 0x00,
  0x07, 0x07, 0x00, 0x08, 0x0a, 0x00, 0x63, 0x64, 0x32, 0x75, 0x77, 0x43,
  0x45, 0x45, 0x59, 0x59, 0x50, 0x45, 0x45, 0x44, 0x19, 0x19, 0x63, 0x64,
  0x19, 0x19, 0x08, 0x08, 0x08, 0x08, 0x07, 0x68, 0x68, 0x68, 0x68, 0x68,
  0x68, 0x72, 0x72, 0x72, 0x72, 0x72, 0x72, 0x43, 0x45, 0x45, 0x45, 0x45,
  0x45, 0x45, 0x45, 0x44, 0x72, 0x72, 0x72, 0x72, 0x72, 0x72, 0x68, 0x68,
  0x68, 0x68, 0x68, 0x00, 0x00, 0x00, 0x00, 0x00, 0x00, 0x07, 0x07, 0x07,
  0x07, 0x07, 0x07, 0x07, 0x07, 0x07, 0x07, 0x07, 0x07, 0x07, 0x07, 0x07,
  0x07, 0x07, 0x07, 0x09, 0x00, 0x00, 0x00, 0x00, 0x00, 0x00, 0x00, 0x00,
  0x00, 0x07, 0x07, 0x07, 0x07, 0x07, 0x09, 0x00, 0x00, 0x07, 0x07, 0x40,
  0x41, 0x41, 0x41, 0x41, 0x41, 0x41, 0x41, 0x42, 0x07, 0x07, 0x07, 0x07,
  0x07, 0x07, 0x07, 0x07, 0x07, 0x09, 0x00, 0x00, 0x00, 0x08, 0x00, 0x08,
  0x00, 0x08, 0x09, 0x5c, 0x5d, 0x08, 0x08, 0x43, 0x45, 0x45, 0x45, 0x45,
  0x45, 0x45, 0x45, 0x44, 0x35, 0x36, 0x35, 0x36, 0x36, 0x08, 0x00, 0x08,
  0x00, 0x09, 0x00, 0x00, 0x00, 0x07, 0x07, 0x07, 0x07, 0x07, 0x0a, 0x63,
  0x64, 0x08, 0x08, 0x43, 0x45, 0x45, 0x59, 0x59, 0x50, 0x45, 0x45, 0x44,
  0x07, 0x07, 0x07, 0x07, 0x36, 0x07, 0x07, 0x07, 0x07, 0x0a, 0x00, 0x68,
  0x68, 0x68, 0x68, 0x68, 0x68, 0x68, 0x68, 0x68, 0x68, 0x68, 0x68, 0x43,
  0x45, 0x45, 0x45, 0x45, 0x45, 0x45, 0x45, 0x44, 0x35, 0x36, 0x35, 0x35,
  0x36, 0x35, 0x35, 0x36, 0x35, 0x35, 0x35, 0x00, 0x00, 0x00, 0x00, 0x00,
  0x00, 0x07, 0x07, 0x07, 0x07, 0x07, 0x07, 0x07, 0x07, 0x07, 0x07, 0x07,
  0x07, 0x07, 0x07, 0x07, 0x07, 0x07, 0x07, 0x09, 0x00, 0x00, 0x00, 0x00,
  0x00, 0x00, 0x00, 0x00, 0x00, 0x07, 0x07, 0x07, 0x07, 0x07, 0x09, 0x00,
  0x00, 0x07, 0x07, 0x07, 0x07, 0x07, 0x07, 0x07, 0x07, 0x07, 0x07, 0x07,
  0x07, 0x07, 0x07, 0x07, 0x07, 0x07, 0x07, 0x07, 0x07, 0x09, 0x00, 0x00,
  0x00, 0x08, 0x00, 0x08, 0x00, 0x08, 0x09, 0x5c, 0x5d, 0x08, 0x00, 0x08,
  0x00, 0x08, 0x08, 0x08, 0x08, 0x08, 0x00, 0x08, 0x00, 0x08, 0x08, 0x08,
  0x08, 0x00, 0x08, 0x00, 0x08, 0x09, 0x00, 0x00, 0x00, 0x07, 0x07, 0x07,
  0x07, 0x07, 0x0a, 0x63, 0x64, 0x35, 0x36, 0x07, 0x07, 0x07, 0x59, 0x59,
  0x50, 0x07, 0x07, 0x07, 0x07, 0x07, 0x07, 0x07, 0x07, 0x07, 0x07, 0x07,
  0x07, 0x0a, 0x00, 0x68, 0x68, 0x68, 0x68, 0x68, 0x68, 0x68, 0x68, 0x68,
  0x68, 0x68, 0x36, 0x35, 0x36, 0x35, 0x35, 0x36, 0x35, 0x35, 0x36, 0x35,
  0x35, 0x36, 0x35, 0x35, 0x36, 0x35, 0x35, 0x36, 0x35, 0x35, 0x35, 0x45,
  0x62, 0x32, 0x46, 0x32, 0x45, 0x63, 0x52, 0x05, 0x63, 0x45, 0x24, 0x64,
  0x23, 0x62, 0x54, 0x00, 0x01, 0x00, 0x00, 0x10, 0x00, 0x01, 0x00, 0x00,
  0x10, 0x00, 0x01, 0x00, 0x00, 0x10, 0x00, 0x54, 0x62, 0x23, 0x64, 0x24,
  0x46, 0x06, 0x25, 0x25, 0x63, 0x45, 0x02, 0x64, 0x23, 0x62, 0x54, 0x45,
  0x62, 0x32, 0x46, 0x32, 0x43, 0x03, 0x25, 0x25, 0x63, 0x43, 0x04, 0x64,
  0x23, 0x62, 0x54, 0x00, 0x10, 0x01, 0x00, 0x10, 0x01, 0x00, 0x10, 0x01,
  0x00, 0x10, 0x01, 0x00, 0x10, 0x01, 0x00, 0x62, 0x32, 0x46, 0x02, 0x45,
  0x63, 0x55, 0x45, 0x63, 0x05, 0x24, 0x64, 0x23, 0x02, 0x54, 0x25, 0x62,
  0x23, 0x64, 0x04, 0x46, 0x36, 0x24, 0x54, 0x36, 0x06, 0x42, 0x46, 0x32,
  0x03, 0x45, 0x52, 0x01, 0x01, 0x01, 0x01, 0x01, 0x01, 0x01, 0x01, 0x01,
  0x01, 0x01, 0x01, 0x01, 0x01, 0x01, 0x00, 0x54, 0x62, 0x23, 0x64, 0x24,
  0x45, 0x60, 0x25, 0x25, 0x63, 0x44, 0x20, 0x64, 0x23, 0x62, 0x54, 0x45,
  0x26, 0x32, 0x46, 0x32, 0x46, 0x30, 0x52, 0x52, 0x36, 0x25, 0x40, 0x35,
  0x32, 0x26, 0x45, 0x01, 0x01, 0x10, 0x11, 0x01, 0x10, 0x11, 0x01, 0x10,
  0x11, 0x01, 0x10, 0x11, 0x01, 0x10, 0x10, 0x54, 0x62, 0x23, 0x60, 0x24,
  0x45, 0x63, 0x25, 0x25, 0x63, 0x44, 0x24, 0x64, 0x23, 0x60, 0x54, 0x43,
  0x62, 0x32, 0x40, 0x32, 0x24, 0x63, 0x25, 0x25, 0x63, 0x56, 0x24, 0x64,
  0x23, 0x60, 0x54, 0x01, 0x11, 0x11, 0x11, 0x11, 0x11, 0x11, 0x11, 0x11,
  0x11, 0x11, 0x11, 0x11, 0x11, 0x11, 0x10, 0x62, 0x32, 0x46, 0x53, 0x45,
  0x03, 0x55, 0x43, 0x63, 0x35, 0x24, 0x64, 0x03, 0x62, 0x54, 0x25, 0x62,
  0x23, 0x64, 0x32, 0x46, 0x06, 0x24, 0x54, 0x36, 0x56, 0x42, 0x46, 0x02,
  0x43, 0x43, 0x52, 0x00, 0x11, 0x11, 0x11, 0x11, 0x11, 0x11, 0x11, 0xf1,
  0x11, 0x11, 0x11, 0x11, 0x11, 0x11, 0x00, 0x43, 0x62, 0x32, 0x46, 0x32,
  0x43, 0x63, 0x54, 0x25, 0x63, 0x45, 0x24, 0x64, 0x23, 0x62, 0x54, 0x45,
  0x62, 0x32, 0x46, 0x32, 0x45, 0x63, 0x52, 0x05, 0x63, 0x45, 0x24, 0x64,
  0x23, 0x62, 0x54, 0x00, 0x10, 0x10, 0x10, 0x10, 0x10, 0x10, 0x10, 0x10,
  0x10, 0x10, 0x10, 0x10, 0x10, 0x10, 0x10, 0x54, 0x62, 0x20, 0x64, 0x24,
  0x40, 0x26, 0x25, 0x25, 0x63, 0x45, 0x62, 0x60, 0x23, 0x62, 0x54, 0x45,
  0x62, 0x30, 0x46, 0x32, 0x40, 0x63, 0x25, 0x25, 0x63, 0x43, 0x34, 0x60,
  0x23, 0x62, 0x54, 0x01, 0x01, 0x01, 0x01, 0x01, 0x01, 0x01, 0x01, 0x01,
  0x01, 0x01, 0x01, 0x01, 0x01, 0x01, 0x00, 0x62, 0x32, 0x04, 0x42, 0x45,
  0x63, 0x55, 0x45, 0x63, 0x35, 0x20, 0x64, 0x23, 0x62, 0x04, 0x25, 0x62,
  0x23, 0x06, 0x24, 0x46, 0x36, 0x24, 0x54, 0x36, 0x26, 0x40, 0x46, 0x32,
  0x63, 0x05, 0x52, 0x00, 0x10, 0x01, 0x00, 0x10, 0x01, 0x00, 0x10, 0x01,
  0x00, 0x10, 0x01, 0x00, 0x10, 0x01, 0x00, 0x54, 0x62, 0x23, 0x64, 0x20,
  0x45, 0x63, 0x25, 0x25, 0x63, 0x44, 0x24, 0x60, 0x23, 0x62, 0x54, 0x45,
  0x26, 0x32, 0x46, 0x30, 0x46, 0x32, 0x52, 0x52, 0x36, 0x25, 0x42, 0x30,
  0x32, 0x26, 0x45, 0x01, 0x10, 0x11, 0x01, 0x10, 0x11, 0x01, 0x10, 0x01,
  0x10, 0x11, 0x01, 0x10, 0x11, 0x01, 0x10, 0x54, 0x62, 0x23, 0x05, 0x24,
  0x45, 0x63, 0x25, 0x25, 0x63, 0x44, 0x24, 0x64, 0x23, 0x02, 0x54, 0x01,
  0x00, 0x01, 0x00, 0x01, 0x00, 0x01, 0x00, 0x0f, 0x00, 0x01, 0x00, 0x01,
  0x00, 0x01, 0x00, 0x43, 0x60, 0x32, 0x42, 0x32, 0x24, 0x60, 0x25, 0x25,
  0x63, 0x56, 0x24, 0x04, 0x23, 0x63, 0x54, 0x01, 0x10, 0x01, 0x00, 0x11,
  0x00, 0x10, 0x01, 0x10, 0x01, 0x00, 0x11, 0x00, 0x10, 0x01, 0x10, 0x62,
  0x32, 0x46, 0x53, 0x40, 0x63, 0x55, 0x43, 0x63, 0x35, 0x24, 0x64, 0x23,
  0x60, 0x54, 0x25, 0x00, 0x11, 0x11, 0x11, 0x11, 0x11, 0x11, 0x11, 0x11,
  0x11, 0x11, 0x11, 0x11, 0x11, 0x11, 0x00, 0x62, 0x23, 0x64, 0x32, 0x46,
  0x36, 0x24, 0x54, 0x36, 0x56, 0x42, 0x46, 0x52, 0x43, 0x43, 0x52, 0x22,
  0x22, 0x22, 0x22, 0x22, 0x22, 0x22, 0x24, 0x02, 0x22, 0x22, 0x22, 0x22,
  0x22, 0x22, 0x22, 0x01, 0x00, 0x01, 0x00, 0x01, 0x00, 0x01, 0x00, 0x01,
  0x00, 0x01, 0x00, 0x01, 0x00, 0x01, 0x00, 0x22, 0x22, 0x4a, 0xc0, 0x68,
  0x22, 0x22, 0x22, 0x22, 0x22, 0x24, 0x0a, 0xc2, 0x22, 0x22, 0x22, 0x33,
  0x31, 0x5b, 0xd0, 0x79, 0x33, 0x13, 0x33, 0x33, 0x31, 0x35, 0x0b, 0xd3,
  0x31, 0x33, 0x33, 0x00, 0x10, 0x10, 0x10, 0x10, 0x10, 0x10, 0x10, 0x10,
  0x10, 0x10, 0x10, 0x10, 0x10, 0x10, 0x10, 0x22, 0x22, 0x22, 0x22, 0x22,
  0x40, 0xac, 0x22, 0x22, 0x40, 0x22, 0x22, 0x41, 0x22, 0x22, 0x22, 0x33,
  0x33, 0x31, 0x33, 0x33, 0x50, 0xbd, 0x33, 0x21, 0x50, 0x33, 0x33, 0x22,
  0x31, 0x33, 0x33, 0x00, 0x10, 0x01, 0x00, 0x10, 0x01, 0x00, 0x10, 0x01,
  0x00, 0x10, 0x01, 0x00, 0x10, 0x01, 0x00, 0x22, 0x22, 0x40, 0x22, 0x22,
  0x22, 0x41, 0x22, 0x22, 0x22, 0x24, 0x12, 0x46, 0x82, 0x41, 0x22, 0x33,
  0x33, 0x50, 0x33, 0x15, 0x11, 0x10, 0x33, 0x13, 0x33, 0x35, 0x13, 0x57,
  0x93, 0x50, 0x33, 0x01, 0x00, 0x10, 0x01, 0x00, 0x12, 0x24, 0x01, 0x00,
  0x10, 0x01, 0x00, 0x10, 0x01, 0x00, 0x10, 0x24, 0x02, 0x46, 0x82, 0x40,
  0x33, 0x32, 0x22, 0x22, 0x22, 0x24, 0x12, 0x22, 0x24, 0x02, 0x22, 0x01,
  0x01, 0x17, 0x93, 0x50, 0x01, 0x10, 0x00, 0x01, 0x10, 0x00, 0x01, 0x10,
  0x00, 0x01, 0x10, 0x22, 0x22, 0x22, 0x23, 0x22, 0x22, 0x22, 0x22, 0x22,
  0x22, 0x22, 0x24, 0x02, 0x22, 0x22, 0x22, 0x00, 0x10, 0x01, 0x00, 0x10,
  0x01, 0x00, 0x10, 0x01, 0x00, 0x10, 0x01, 0x00, 0xf0, 0x01, 0x00, 0x22,
  0x22, 0x22, 0x22, 0x22, 0x40, 0x22, 0x22, 0x22, 0x22, 0x22, 0x22, 0x22,
  0x40, 0x22, 0x22, 0x00, 0x11, 0x11, 0x11, 0x11, 0x11, 0x11, 0x11, 0x11,
  0x11, 0x11, 0x11, 0x11, 0x11, 0x11, 0x00, 0x22, 0x22, 0x22, 0x22, 0x22,
  0x22, 0x22, 0x22, 0x22, 0x22, 0x22, 0x22, 0x22, 0x22, 0x22, 0x22, 0x22,
  0x22, 0x22, 0x22, 0x22, 0x22, 0x22, 0x24, 0x02, 0x22, 0x22, 0x22, 0x22,
  0x22, 0x22, 0x22, 0x01, 0x00, 0x01, 0x00, 0x01, 0x00, 0x01, 0x00, 0x01,
  0x00, 0x01, 0x00, 0x01, 0x00, 0x01, 0x00, 0x22, 0x22, 0x22, 0x22, 0x22,
  0x22, 0x40, 0x22, 0x22, 0x22, 0x40, 0x22, 0x22, 0x22, 0x22, 0x22, 0x33,
  0x33, 0x33, 0x33, 0x33, 0x33, 0x50, 0x33, 0x33, 0x33, 0x50, 0x33, 0x33,
  0x33, 0x33, 0x33, 0x00, 0x10, 0x10, 0x10, 0x10, 0x10, 0x10, 0x10, 0x10,
  0x10, 0x10, 0x10, 0x10, 0x10, 0x10, 0x10, 0x22, 0x40, 0x22, 0x22, 0x40,
  0x22, 0x22, 0x22, 0x22, 0x22, 0x40, 0x22, 0x24, 0x02, 0x22, 0x22, 0x01,
  0x10, 0x01, 0x10, 0x01, 0x1a, 0xc1, 0x10, 0x01, 0x16, 0x81, 0x10, 0x01,
  0x10, 0x01, 0x10, 0x22, 0x22, 0x22, 0x22, 0x24, 0x1b, 0xd2, 0x24, 0x12,
  0x47, 0x91, 0x22, 0x22, 0x22, 0x22, 0x22, 0x01, 0x10, 0x11, 0x10, 0x11,
  0x1b, 0xd1, 0x01, 0x13, 0x41, 0x11, 0x10, 0x11, 0x10, 0x11, 0x10, 0x22,
  0x22, 0x41, 0x22, 0x22, 0x4b, 0xd2, 0x41, 0x23, 0x51, 0x22, 0x22, 0x22,
  0x24, 0x12, 0x22, 0x01, 0x01, 0x01, 0x01, 0x01, 0x0f, 0x13, 0x51, 0x10,
  0x11, 0x01, 0x01, 0x11, 0x10, 0x10, 0x10, 0x22, 0x22, 0x22, 0x40, 0x22,
  0x22, 0x23, 0x24, 0x12, 0x22, 0x22, 0x40, 0xac, 0x02, 0x22, 0x22, 0x01,
  0x11, 0x68, 0x11, 0x11, 0x11, 0x11, 0x11, 0x11, 0x11, 0x11, 0x11, 0xbd,
  0x11, 0x11, 0x10, 0x22, 0x40, 0x79, 0x22, 0x22, 0x22, 0x40, 0x22, 0x22,
  0x22, 0x22, 0x40, 0xbd, 0x68, 0x12, 0x22, 0x01, 0x11, 0x11, 0x11, 0x11,
  0x11, 0x11, 0x11, 0x11, 0x11, 0x11, 0x11, 0xbd, 0x79, 0x11, 0x10, 0x22,
  0x22, 0x22, 0x22, 0x40, 0x22, 0x22, 0x22, 0x22, 0x40, 0x22, 0x22, 0x22,
  0x22, 0x22, 0x22, 0x00, 0x11, 0x11, 0x11, 0x11, 0x11, 0x11, 0x11, 0x11,
  0x11, 0x11, 0x11, 0x11, 0x11, 0x11, 0x00, 0x22, 0x22, 0x22, 0x22, 0x22,
  0x22, 0x22, 0x22, 0x22, 0x22, 0x22, 0x22, 0x22, 0x22, 0x22, 0x22, 0x22,
  0x22, 0x22, 0x22, 0x22, 0x22, 0x22, 0x22, 0x02, 0x22, 0x22, 0x22, 0x22,
  0x22, 0x22, 0x22, 0x01, 0x00, 0x01, 0x00, 0x01, 0x00, 0x01, 0x00, 0x01,
  0x00, 0x01, 0x00, 0x01, 0x00, 0x01, 0x00, 0x44, 0x43, 0x22, 0x20, 0x22,
  0x22, 0x22, 0x22, 0x22, 0x02, 0x22, 0x22, 0x22, 0x02, 0x22, 0x22, 0x01,
  0x10, 0x03, 0x11, 0x01, 0x10, 0x11, 0x01, 0x10, 0x11, 0x01, 0x12, 0x11,
  0x01, 0x10, 0x10, 0x44, 0x44, 0x04, 0x40, 0x32, 0x22, 0x02, 0x22, 0x22,
  0x22, 0x20, 0x22, 0x22, 0x22, 0x02, 0x22, 0x01, 0x01, 0x01, 0x01, 0x41,
  0x31, 0x01, 0x01, 0x01, 0x01, 0x01, 0x20, 0x01, 0x01, 0x01, 0x00, 0x44,
  0x04, 0x44, 0x40, 0x41, 0x44, 0x44, 0x44, 0x44, 0x04, 0x43, 0x22, 0x22,
  0x22, 0x20, 0x22, 0x01, 0x01, 0x04, 0x11, 0x41, 0x01, 0x41, 0x01, 0x01,
  0x01, 0x01, 0x01, 0x01, 0x02, 0x01, 0x00, 0x44, 0x44, 0x44, 0x40, 0x44,
  0x40, 0x44, 0x40, 0x44, 0x44, 0x44, 0x44, 0x04, 0x44, 0x04, 0x32, 0x01,
  0x01, 0x01, 0x40, 0x01, 0x01, 0x01, 0x01, 0x01, 0x01, 0x01, 0x01, 0x01,
  0x01, 0x04, 0xf4, 0x66, 0x65, 0x04, 0x40, 0x44, 0x44, 0x44, 0x44, 0x44,
  0x44, 0x40, 0x44, 0x44, 0x40, 0x44, 0x04, 0x01, 0x01, 0x01, 0x01, 0x01,
  0x01, 0x01, 0x04, 0x10, 0x01, 0x40, 0x01, 0x01, 0x01, 0x01, 0x00, 0x66,
  0x66, 0x66, 0x60, 0x66, 0x66, 0x54, 0x44, 0x40, 0x44, 0x44, 0x40, 0x44,
  0x44, 0x44, 0x44, 0x01, 0x01, 0x01, 0x01, 0x01, 0x01, 0x01, 0x01, 0x01,
  0x01, 0x01, 0x01, 0x01, 0x01, 0x01, 0x00, 0x66, 0x61, 0x66, 0x66, 0x16,
  0x66, 0x66, 0x61, 0x66, 0x66, 0x66, 0x15, 0x44, 0x41, 0x44, 0x44, 0x00,
  0x11, 0x11, 0x11, 0x11, 0x11, 0x11, 0x11, 0x66, 0x61, 0x66, 0x16, 0x15,
  0x41, 0x44, 0x44, 0x66, 0x16, 0x66, 0x16, 0x66, 0x16, 0x66, 0x61, 0x11,
  0x11, 0x11, 0x11, 0x11, 0x11, 0x11, 0x00, 0x66, 0x66, 0x66, 0x66, 0x66,
  0x66, 0x66, 0x66, 0x66, 0x66, 0x66, 0x66, 0x66, 0x66, 0x54, 0x44, 0x22,
  0x22, 0x22, 0x22, 0x22, 0x22, 0x22, 0x22, 0x02, 0x22, 0x22, 0x22, 0x22,
  0x22, 0x22, 0x22, 0x00, 0x10, 0x01, 0x00, 0x10, 0x01, 0x00, 0x10, 0x01,
  0x00, 0x10, 0x01, 0x00, 0x10, 0x01, 0x00, 0x44, 0x43, 0x22, 0x12, 0x22,
  0x02, 0x22, 0x22, 0x02, 0x22, 0x22, 0x22, 0x22, 0x02, 0x22, 0x22, 0x00,
  0x10, 0x10, 0x10, 0x10, 0x10, 0x20, 0x10, 0x10, 0x12, 0x10, 0x10, 0x10,
  0x10, 0x10, 0x10, 0x44, 0x44, 0x44, 0x14, 0x32, 0x20, 0x22, 0x21, 0x22,
  0x22, 0x02, 0x22, 0x22, 0x02, 0x21, 0x22, 0x01, 0x01, 0x00, 0x10, 0x01,
  0x21, 0x00, 0x12, 0x21, 0x11, 0x11, 0x11, 0x12, 0x11, 0x11, 0x10, 0x44,
  0x44, 0x04, 0x14, 0x44, 0x44, 0x44, 0x04, 0x41, 0x44, 0x43, 0x22, 0x22,
  0x02, 0x22, 0x22, 0x01, 0x01, 0x04, 0x11, 0x11, 0x11, 0x11, 0x11, 0x11,
  0x11, 0x11, 0x11, 0x14, 0x04, 0x11, 0x13, 0x44, 0x44, 0x04, 0x44, 0x40,
  0x44, 0x44, 0x44, 0x44, 0x44, 0x44, 0x44, 0x44, 0x14, 0x14, 0x14, 0x01,
  0x01, 0x00, 0x14, 0x10, 0x01, 0x11, 0x00, 0x11, 0x10, 0x01, 0x11, 0x00,
  0x11, 0x14, 0x10, 0x66, 0x65, 0x40, 0x44, 0x44, 0x44, 0x40, 0x44, 0x44,
  0x44, 0x44, 0x44, 0x44, 0x04, 0x44, 0x04, 0x01, 0x11, 0x11, 0x11, 0x16,
  0x11, 0x11, 0x11, 0x11, 0x11, 0x11, 0x11, 0x11, 0x14, 0x11, 0x10, 0x66,
  0x61, 0x66, 0x61, 0x66, 0x66, 0x54, 0x44, 0x14, 0x44, 0x44, 0x44, 0x44,
  0x04, 0x44, 0x44, 0x01, 0x11, 0x11, 0x1f, 0x11, 0x11, 0x11, 0x11, 0x11,
  0x11, 0x11, 0x11, 0x11, 0x11, 0x11, 0x10, 0x66, 0x66, 0x66, 0x66, 0x66,
  0x66, 0x66, 0x66, 0x16, 0x66, 0x54, 0x44, 0x44, 0x44, 0x44, 0x44, 0x61,
  0x01, 0x61, 0x00, 0x00, 0x16, 0x61, 0x01, 0x11, 0x01, 0x66, 0x61, 0x00,
  0x14, 0x41, 0x14, 0x60, 0x61, 0x01, 0x66, 0x16, 0x10, 0x01, 0x61, 0x61,
  0x61, 0x00, 0x01, 0x65, 0x10, 0x01, 0x44, 0x66, 0x66, 0x66, 0x66, 0x66,
  0x66, 0x66, 0x66, 0x66, 0x66, 0x66, 0x66, 0x66, 0x66, 0x66, 0x66, 0x22,
  0x22, 0x22, 0x22, 0x22, 0x22, 0x22, 0x24, 0x05, 0x22, 0x22, 0x22, 0x12,
  0x22, 0x22, 0x22, 0x01, 0x11, 0x11, 0x11, 0x11, 0x11, 0x11, 0x11, 0x01,
  0x11, 0x11, 0x11, 0x16, 0x11, 0x11, 0x10, 0x23, 0x41, 0x52, 0x3b, 0x05,
  0x22, 0x32, 0x24, 0x05, 0x23, 0x23, 0xbd, 0x06, 0xd0, 0x52, 0x32, 0x01,
  0x11, 0x11, 0x16, 0x1c, 0x01, 0x01, 0x01, 0x01, 0x01, 0x01, 0x61, 0x01,
  0x01, 0x01, 0x00, 0x23, 0x2d, 0x15, 0x26, 0x23, 0x22, 0x32, 0x24, 0x05,
  0x23, 0x22, 0x22, 0x32, 0x24, 0x05, 0x22, 0x01, 0x11, 0x11, 0x06, 0x11,
  0x11, 0x11, 0x11, 0x01, 0x11, 0x11, 0x60, 0x06, 0x10, 0x10, 0x10, 0x22,
  0x32, 0x40, 0x56, 0x23, 0xb0, 0x52, 0x24, 0x05, 0x22, 0x40, 0x32, 0x22,
  0x23, 0x22, 0x32, 0x01, 0x11, 0x11, 0x16, 0x11, 0x61, 0x01, 0x01, 0x01,
  0x01, 0x00, 0x01, 0x01, 0x01, 0x01, 0x00, 0x2d, 0x15, 0x22, 0x36, 0x15,
  0x32, 0x23, 0x24, 0x05, 0x23, 0x22, 0x32, 0x22, 0x32, 0x23, 0x22, 0x01,
  0x11, 0x11, 0x10, 0x11, 0x11, 0x11, 0x11, 0x01, 0x11, 0x16, 0xd0, 0x61,
  0x00, 0x00, 0x10, 0x23, 0x24, 0x15, 0xb2, 0xd1, 0x52, 0x3b, 0x24, 0x05,
  0x23, 0x22, 0x22, 0x22, 0x32, 0x40, 0x52, 0x01, 0x11, 0x11, 0x61, 0x11,
  0x00, 0x16, 0x00, 0x01, 0x11, 0x16, 0x11, 0x61, 0x10, 0x01, 0x10, 0x23,
  0x24, 0x15, 0x31, 0x52, 0x32, 0x26, 0x24, 0x05, 0x23, 0x22, 0xd1, 0x32,
  0x2d, 0x05, 0x22, 0x01, 0x11, 0x11, 0x01, 0x11, 0x11, 0x16, 0x10, 0x01,
  0x01, 0x01, 0x01, 0x01, 0x01, 0x01, 0x00, 0x22, 0x23, 0x22, 0x23, 0x24,
  0x05, 0x23, 0x24, 0x05, 0x24, 0x05, 0x22, 0x23, 0x22, 0x23, 0x22, 0x00,
  0x11, 0x11, 0x11, 0x11, 0x01, 0x1c, 0xf0, 0x01, 0x1c, 0x01, 0x11, 0x11,
  0x11, 0x11, 0x00, 0x22, 0x22, 0x32, 0x22, 0x23, 0x22, 0x23, 0x22, 0x22,
  0x23, 0x22, 0x22, 0x32, 0x22, 0x23, 0x22, 0x22, 0x32, 0x22, 0x23, 0x22,
  0x22, 0x32, 0x22, 0x23, 0x22, 0x22, 0x32, 0x22, 0x23, 0x22, 0x22, 0x22,
  0x22, 0x22, 0x22, 0x23, 0xb2, 0x22, 0x24, 0x05, 0x23, 0xb2, 0x22, 0x23,
  0xb2, 0x22, 0x22, 0x01, 0x11, 0x11, 0x11, 0x11, 0x61, 0x11, 0x11, 0x01,
  0x11, 0x61, 0x11, 0x11, 0x61, 0x11, 0x10, 0x23, 0x24, 0x1c, 0x15, 0x22,
  0x60, 0x52, 0x23, 0x22, 0x22, 0x32, 0x32, 0x40, 0x60, 0x52, 0x32, 0x01,
  0x11, 0x16, 0x11, 0x11, 0x11, 0x11, 0x11, 0x11, 0x11, 0x11, 0x11, 0x11,
  0x61, 0x11, 0x10, 0x23, 0x24, 0x16, 0x15, 0x23, 0xb2, 0x23, 0x22, 0x32,
  0x40, 0xc0, 0x52, 0x22, 0x60, 0x53, 0x22, 0x01, 0x01, 0x16, 0x01, 0x01,
  0x61, 0x01, 0x01, 0x01, 0x01, 0x61, 0x01, 0x01, 0x01, 0x01, 0x10, 0x22,
  0x32, 0x26, 0x22, 0x41, 0x61, 0x52, 0x22, 0x32, 0x22, 0x32, 0x40, 0x53,
  0x22, 0x32, 0x23, 0x01, 0x01, 0x01, 0x01, 0x01, 0x61, 0x01, 0x01, 0x01,
  0x01, 0x61, 0x01, 0x06, 0x01, 0x01, 0x10, 0x22, 0x34, 0x16, 0x22, 0x41,
  0x62, 0x32, 0x41, 0x52, 0x41, 0x61, 0x52, 0x26, 0x22, 0x24, 0x15, 0x01,
  0x01, 0x16, 0x01, 0x01, 0x61, 0x01, 0x01, 0x01, 0x01, 0x61, 0x01, 0x06,
  0x01, 0x01, 0x10, 0x23, 0x24, 0x16, 0x15, 0x23, 0x61, 0x52, 0x22, 0x32,
  0x22, 0x32, 0x41, 0x56, 0x40, 0x52, 0x23, 0x01, 0x01, 0x06, 0x01, 0x01,
  0x61, 0x01, 0x01, 0x01, 0x01, 0x61, 0x01, 0x06, 0x01, 0x01, 0x10, 0x22,
  0x34, 0x16, 0x22, 0x41, 0x62, 0x32, 0x23, 0x22, 0x51, 0x61, 0x52, 0x23,
  0x22, 0x40, 0x52, 0x01, 0x01, 0x06, 0x01, 0x01, 0x6f, 0x01, 0x01, 0x01,
  0x01, 0x61, 0x01, 0x01, 0x01, 0x01, 0x10, 0x22, 0x32, 0x23, 0x22, 0x32,
  0x32, 0x41, 0x52, 0x41, 0x52, 0x32, 0x32, 0x22, 0x32, 0x32, 0x22, 0x00,
  0x12, 0x11, 0x02, 0x11, 0x02, 0x11, 0x11, 0x11, 0x11, 0x12, 0x11, 0x12,
  0x11, 0x12, 0x10, 0x24, 0x11, 0x12, 0x11, 0x12, 0x11, 0x15, 0x22, 0x32,
  0x24, 0x11, 0x12, 0x11, 0x12, 0x11, 0x02, 0x32, 0x22, 0x32, 0x22, 0x32,
  0x22, 0x32, 0x22, 0x32, 0x22, 0x32, 0x22, 0x32, 0x22, 0x32, 0x22, 0x00,
  0x00, 0x00, 0x00, 0x00, 0x00, 0x00, 0x00, 0x00, 0x00, 0x00, 0x3c, 0x3c,
  0x00, 0x00, 0x00, 0xf7, 0xff, 0xff, 0xcf, 0xff, 0xff, 0xef, 0xff, 0xf3,
  0xff, 0xef, 0xff, 0xff, 0xff, 0x7f, 0xff, 0xff, 0xe7, 0x7f, 0xff, 0xff,
  0xfe, 0xff, 0xfc, 0xff, 0x9f, 0xff, 0xde, 0xff, 0xff, 0xff, 0xcf, 0xcf,
  0xbf, 0xff, 0xff, 0xfb, 0xff, 0xff, 0xfc, 0x00, 0x00, 0x00, 0x00, 0x00,
  0x00, 0x00, 0x00, 0x00, 0x00, 0x00, 0x00, 0x00, 0x00, 0x00, 0x00, 0x00,
  0x00, 0x00, 0x00, 0x00, 0x00, 0x00, 0x00, 0x00, 0x00, 0x00, 0x00, 0x00,
  0x00, 0x00, 0x00, 0x00, 0x00, 0x00, 0x00, 0x00, 0x00, 0x00, 0x00, 0x00,
  0x00, 0x00, 0x00, 0x00, 0x00, 0x00, 0x00, 0x00, 0x00, 0x00, 0x00, 0x00,
  0x00, 0x00, 0x00, 0x00, 0x00, 0x00, 0x00, 0x00, 0x00, 0x00, 0x00, 0x00,
  0x18, 0x3c, 0x7e, 0x7e, 0x3c, 0x18, 0x00, 0x00, 0x00, 0x00, 0x00, 0x00,
  0x00, 0x00, 0x00, 0x00, 0x00, 0x00, 0x3c, 0x3c, 0x00, 0x00, 0x00, 0xf7,
  0xff, 0xff, 0xcf, 0xff, 0xff, 0xef, 0xff, 0xf3, 0xff, 0xef, 0xff, 0xff,
  0xff, 0x7f, 0xff, 0xff, 0xe7, 0x7f, 0xff, 0xff, 0xfe, 0xff, 0xfc, 0xff,
  0x9f, 0xff, 0xde, 0xff, 0xff, 0xff, 0xcf, 0xcf, 0xbf, 0xff, 0xff, 0xfb,
  0xff, 0xff, 0xfc, 0x00, 0x00, 0x00, 0x00, 0x00, 0x00, 0x00, 0x00, 0x00,
  0x00, 0x00, 0x00, 0x00, 0x00, 0x00, 0x00, 0x00, 0x00, 0x00, 0x00, 0x00,
  0x00, 0x00, 0x00, 0x00, 0x00, 0x00, 0x00, 0x00, 0x00, 0x00, 0x00, 0x00,
  0x00, 0x00, 0x00, 0x00, 0x00, 0x00, 0x00, 0x00, 0x00, 0x00, 0x00, 0x00,
  0x00, 0x00, 0x00, 0x00, 0x00, 0x00, 0x00, 0x00, 0x00, 0x00, 0x00, 0x00,
  0x00, 0x00, 0x00, 0x00, 0x00, 0x00, 0x00, 0x00, 0x18, 0x3c, 0x7e, 0x7e,
  0x3c, 0x18, 0x00, 0x00, 0x00, 0x00, 0x00, 0x00, 0x00, 0x00, 0x00, 0x00,
  0x00, 0x00, 0x3c, 0x3c, 0x00, 0x00, 0x00, 0xff, 0xff, 0xff, 0xc0, 0xc0,
  0xff, 0x03, 0x03, 0xff, 0xc0, 0xc0, 0xff, 0x03, 0x03, 0xff, 0xff, 0x40,
  0x70, 0x7c, 0x1e, 0x66, 0x78, 0x1e, 0x66, 0x78, 0x66, 0x1e, 0x78, 0x66,
  0x18, 0x07, 0x1f, 0x03, 0x07, 0x0f, 0x1c, 0x38, 0x73, 0xff, 0x7f, 0x7f,
  0x7c, 0x7c, 0x7c, 0x7c, 0x7c, 0xff, 0xff, 0xc0, 0xe0, 0xf0, 0x38, 0x1c,
  0xce, 0xff, 0xfe, 0xfe, 0x3e, 0x3e, 0x3e, 0x3e, 0x3e, 0xff, 0xff, 0x0f,
  0x0d, 0x0f, 0x3f, 0x0f, 0x3f, 0x2f, 0x3f, 0x3f, 0x3b, 0x3f, 0xf7, 0xff,
  0xcf, 0x3f, 0xff, 0xf0, 0xf0, 0xf0, 0xfc, 0xec, 0xfc, 0xf0, 0xbc, 0xfc,
  0xfc, 0xfc, 0x9f, 0xf9, 0xe7, 0xff, 0xff, 0x00, 0x00, 0x00, 0x00, 0x00,
  0x00, 0x00, 0x00, 0x00, 0x18, 0x3c, 0x7e, 0x7e, 0x3c, 0x18, 0x00, 0x00,
  0x00, 0x00, 0x00, 0x00, 0x00, 0x00, 0x00, 0x00, 0x00, 0x00, 0x3c, 0x3c,
  0x00, 0x00, 0x00, 0xff, 0xff, 0xff, 0xc0, 0xc0, 0xff, 0x03, 0x03, 0xff,
  0xc0, 0xc0, 0xff, 0x03, 0x03, 0xff, 0xff, 0x40, 0x70, 0x7c, 0x1e, 0x66,
  0x78, 0x1e, 0x66, 0x78, 0x66, 0x1e, 0x78, 0x66, 0x18, 0x07, 0x1f, 0x03,
  0x07, 0x0f, 0x1c, 0x38, 0x73, 0xff, 0x7f, 0x7f, 0x7c, 0x7c, 0x7c, 0x7c,
  0x7c, 0xff, 0xff, 0xc0, 0xe0, 0xf0, 0x38, 0x1c, 0xce, 0xff, 0xfe, 0xfe,
  0x3e, 0x3e, 0x3e, 0x3e, 0x3e, 0xff, 0xff, 0x0f, 0x0d, 0x0f, 0x3f, 0x0f,
  0x3f, 0x2f, 0x3f, 0x3f, 0xfb, 0xff, 0xf7, 0xff, 0xcf, 0x3f, 0xff, 0xf0,
  0xf0, 0xf0, 0xfc, 0xec, 0xfc, 0xf0, 0xbc, 0xfc, 0xff, 0xff, 0x9f, 0xf9,
  0xe7, 0xff, 0xff, 0x00, 0x00, 0x00, 0x00, 0x00, 0x00, 0x00, 0x00, 0x00,
  0x18, 0x3c, 0x7e, 0x7e, 0x3c, 0x18, 0x00, 0x00, 0x00, 0x00, 0x00, 0x00,
  0x00, 0x00, 0x00, 0x00, 0x00, 0x00, 0x3c, 0x3c, 0x00, 0x00, 0x00, 0xff,
  0xff, 0xff, 0xff, 0xff, 0xff, 0xff, 0xff, 0x80, 0x80, 0xc0, 0xe0, 0xf0,
  0xf8, 0xf8, 0xfe, 0xff, 0xff, 0xff, 0xff, 0xff, 0xff, 0xff, 0xff, 0x80,
  0xc0, 0xc0, 0xf0, 0xc0, 0xf0, 0xfc, 0xfe, 0xff, 0xff, 0xff, 0xff, 0xff,
  0xff, 0xff, 0xff, 0xff, 0xff, 0xff, 0xc0, 0xc0, 0xff, 0x03, 0x03, 0xff,
  0xc0, 0xc0, 0xff, 0x03, 0x03, 0xff, 0xff, 0x40, 0x70, 0x7c, 0x1e, 0x66,
  0x78, 0x1e, 0x66, 0x78, 0x66, 0x1e, 0x78, 0x66, 0x18, 0x07, 0x1f, 0x00,
  0x00, 0x00, 0x00, 0x00, 0x00, 0x00, 0x00, 0x00, 0x00, 0x00, 0x00, 0x00,
  0x00, 0x00, 0x00, 0x00, 0x00, 0x00, 0x00, 0x00, 0x00, 0x00, 0x00, 0x00,
  0x00, 0x00, 0x00, 0x00, 0x00, 0x00, 0x00, 0x00, 0x18, 0x3c, 0x7e, 0x7e,
  0x3c, 0x18, 0x00, 0x00, 0x00, 0x00, 0x00, 0x00, 0x00, 0x00, 0x00, 0x00,
  0x00, 0x00, 0x3c, 0x3c, 0x00, 0x00, 0x00, 0xff, 0xff, 0xff, 0xff, 0xff,
  0xff, 0xff, 0xff, 0x80, 0x80, 0xc0, 0xe0, 0xf0, 0xf8, 0xf8, 0xfe, 0xff,
  0xff, 0xff, 0xff, 0xff, 0xff, 0xff, 0xff, 0x80, 0xc0, 0xc0, 0xf0, 0xc0,
  0xf0, 0xfc, 0xfe, 0xff, 0xff, 0xff, 0xff, 0xff, 0xff, 0xff, 0xff, 0xff,
  0xff, 0xff, 0xc0, 0xc0, 0xff, 0x03, 0x03, 0xff, 0xc0, 0xc0, 0xff, 0x03,
  0x03, 0xff, 0xff, 0x40, 0x70, 0x7c, 0x1e, 0x66, 0x78, 0x1e, 0x66, 0x78,
  0x66, 0x1e, 0x78, 0x66, 0x18, 0x07, 0x1f, 0x00, 0x00, 0x00, 0x00, 0x00,
  0x00, 0x00, 0x00, 0x00, 0x00, 0x00, 0x00, 0x00, 0x00, 0x00, 0x00, 0x00,
  0x00, 0x00, 0x00, 0x00, 0x00, 0x00, 0x00, 0x00, 0x00, 0x00, 0x00, 0x00,
  0x00, 0x00, 0x00, 0x00, 0x18, 0x3c, 0x7e, 0x7e, 0x3c, 0x18, 0x00, 0x00,
  0x00, 0x00, 0x00, 0x00, 0x00, 0x00, 0x00, 0x00, 0x00, 0x00, 0x3c, 0x3c,
  0x00, 0x00, 0x00, 0x00, 0xff, 0xff, 0xff, 0xff, 0xff, 0xff, 0x11, 0xff,
  0xff, 0xff, 0xff, 0xff, 0xff, 0xff, 0xff, 0x0c, 0xff, 0xff, 0xf0, 0xff,
  0xff, 0xf3, 0x0c, 0x30, 0xff, 0xff, 0x0f, 0xff, 0xff, 0xcf, 0x30, 0x0f,
  0x0f, 0x0f, 0x0f, 0x0f, 0x0f, 0x0f, 0x0f, 0xff, 0xff, 0xff, 0xc0, 0xc0,
  0xff, 0x03, 0x03, 0xff, 0xc0, 0xc0, 0xff, 0x03, 0x03, 0xff, 0xff, 0x40,
  0x70, 0x7c, 0x1e, 0x66, 0x78, 0x1e, 0x66, 0x78, 0x66, 0x1e, 0x78, 0x66,
  0x18, 0x07, 0x1f, 0xff, 0xff, 0xff, 0x0f, 0x0f, 0x0f, 0x0f, 0x0f, 0x00,
  0x00, 0xc3, 0xc3, 0x7e, 0x18, 0x18, 0xff, 0x0c, 0x1c, 0xd8, 0xf8, 0xd8,
  0x1c, 0x0c, 0x00, 0x00, 0x00, 0x00, 0x00, 0x00, 0x00, 0x00, 0x00, 0x00,
  0x18, 0x3c, 0x7e, 0x7e, 0x3c, 0x18, 0x00, 0x00, 0x00, 0x00, 0x00, 0x00,
  0x00, 0x00, 0x00, 0x00, 0x00, 0x00, 0x3c, 0x3c, 0x00, 0x00, 0x00, 0x00,
  0xff, 0xff, 0xff, 0xff, 0xff, 0xff, 0x11, 0xff, 0xff, 0xff, 0xff, 0xff,
  0xff, 0xff, 0xff, 0x0c, 0xff, 0xff, 0xf0, 0xff, 0xff, 0xf3, 0x0c, 0x30,
  0xff, 0xff, 0x0f, 0xff, 0xff, 0xcf, 0x30, 0x0f, 0x0f, 0x0f, 0x0f, 0x0f,
  0x0f, 0x0f, 0x0f, 0xff, 0xff, 0xff, 0xc0, 0xc0, 0xff, 0x03, 0x03, 0xff,
  0xc0, 0xc0, 0xff, 0x03, 0x03, 0xff, 0xff, 0x40, 0x70, 0x7c, 0x1e, 0x66,
  0x78, 0x1e, 0x66, 0x78, 0x66, 0x1e, 0x78, 0x66, 0x18, 0x07, 0x1f, 0xff,
  0xff, 0xff, 0x0f, 0x0f, 0x0f, 0x0f, 0x0f, 0x00, 0x00, 0xc3, 0xc3, 0x7e,
  0x18, 0x18, 0xff, 0x0c, 0x1c, 0xd8, 0xf8, 0xd8, 0x1c, 0x0c, 0x00, 0x00,
  0x00, 0x00, 0x00, 0x00, 0x00, 0x00, 0x00, 0x00, 0x18, 0x3c, 0x7e, 0x7e,
  0x3c, 0x18, 0x00, 0x00, 0x00, 0x00, 0x00, 0x00, 0x00, 0x00, 0x00, 0xf1,
  0xf1, 0xf1, 0xf1, 0xf1, 0xf1, 0xf1, 0xf1, 0xc1, 0xc1, 0xc1, 0xc1, 0xc1,
  0xc1, 0xc1, 0xc1, 0xc1, 0xc1, 0xc1, 0xc1, 0xc1, 0xc1, 0xc1, 0xc1, 0xc1,
  0xc1, 0xc1, 0xc1, 0xc1, 0xc1, 0xc1, 0xc1, 0xc1, 0xc1, 0xc1, 0xc1, 0xc1,
  0xc1, 0xc1, 0xc1, 0xc1, 0xc1, 0xc1, 0xc1, 0xc1, 0xc1, 0xc1, 0xc1, 0x00,
  0x00, 0x00, 0x00, 0x00, 0x00, 0x00, 0x00, 0x00, 0x00, 0x00, 0x00, 0x00,
  0x00, 0x00, 0x00, 0x00, 0x00, 0x00, 0x00, 0x00, 0x00, 0x00, 0x00, 0x00,
  0x00, 0x00, 0x00, 0x00, 0x00, 0x00, 0x00, 0x00, 0x00, 0x00, 0x00, 0x00,
  0x00, 0x00, 0x00, 0x00, 0x00, 0x00, 0x00, 0x00, 0x00, 0x00, 0x00, 0x00,
  0x00, 0x00, 0x00, 0x00, 0x00, 0x00, 0x00, 0x00, 0x00, 0x00, 0x00, 0x00,
  0x00, 0x00, 0x00, 0xf1, 0xf1, 0xf1, 0xf1, 0xf1, 0xf1, 0xf1, 0xf1, 0x00,
  0x00, 0x00, 0x00, 0x00, 0x00, 0x00, 0x00, 0xf1, 0xf1, 0xf1, 0xf1, 0xf1,
  0xf1, 0xf1, 0xf1, 0xa1, 0xa1, 0xa1, 0xa1, 0xa1, 0xa1, 0xa1, 0xa1, 0xa1,
  0xa1, 0xa1, 0xa1, 0xa1, 0xa1, 0xa1, 0xa1, 0xa1, 0xa1, 0xa1, 0xa1, 0xa1,
  0xa1, 0xa1, 0xa1, 0xa1, 0xa1, 0xa1, 0xa1, 0xa1, 0xa1, 0xa1, 0xa1, 0xa1,
  0xa1, 0xa1, 0xa1, 0xa1, 0xa1, 0xa1, 0xa1, 0x00, 0x00, 0x00, 0x00, 0x00,
  0x00, 0x00, 0x00, 0x00, 0x00, 0x00, 0x00, 0x00, 0x00, 0x00, 0x00, 0x00,
  0x00, 0x00, 0x00, 0x00, 0x00, 0x00, 0x00, 0x00, 0x00, 0x00, 0x00, 0x00,
  0x00, 0x00, 0x00, 0x00, 0x00, 0x00, 0x00, 0x00, 0x00, 0x00, 0x00, 0x00,
  0x00, 0x00, 0x00, 0x00, 0x00, 0x00, 0x00, 0x00, 0x00, 0x00, 0x00, 0x00,
  0x00, 0x00, 0x00, 0x00, 0x00, 0x00, 0x00, 0x00, 0x00, 0x00, 0x00, 0xf1,
  0xf1, 0xf1, 0xf1, 0xf1, 0xf1, 0xf1, 0xf1, 0x00, 0x00, 0x00, 0x00, 0x00,
  0x00, 0x00, 0x00, 0xf1, 0xf1, 0xf1, 0xf1, 0xf1, 0xf1, 0xf1, 0xf1, 0xff,
  0xff, 0xee, 0xe6, 0xe6, 0xe6, 0xe6, 0xe6, 0xe6, 0xe6, 0xe6, 0xe6, 0xe6,
  0xe6, 0xe6, 0x88, 0xf1, 0xf1, 0xe1, 0xe6, 0xe6, 0xe6, 0xe6, 0xe6, 0xe6,
  0xe6, 0xe6, 0xe6, 0xe6, 0xe6, 0x16, 0x16, 0xa1, 0xa1, 0xa1, 0xa1, 0xa1,
  0xa1, 0xa1, 0x51, 0x51, 0x51, 0x51, 0x51, 0x51, 0x51, 0xff, 0xff, 0xa1,
  0xa1, 0xa1, 0xa1, 0xa1, 0xa1, 0xa1, 0x51, 0x51, 0x51, 0x51, 0x51, 0x51,
  0x51, 0xff, 0xff, 0xf1, 0xf1, 0xf1, 0xf1, 0xf1, 0xf1, 0xf1, 0xf1, 0xf1,
  0xf1, 0xf1, 0xf1, 0xf1, 0xf1, 0xf1, 0xf1, 0xf1, 0xf1, 0xf1, 0xf1, 0xf1,
  0xf1, 0xf1, 0xf1, 0xf1, 0xf1, 0xf1, 0xf1, 0xf1, 0xf1, 0xf1, 0xf1, 0x00,
  0x00, 0x00, 0x00, 0x00, 0x00, 0x00, 0x00, 0xf1, 0xf1, 0xf1, 0xf1, 0xf1,
  0xf1, 0xf1, 0xf1, 0x00, 0x00, 0x00, 0x00, 0x00, 0x00, 0x00, 0x00, 0xf1,
  0xf1, 0xf1, 0xf1, 0xf1, 0xf1, 0xf1, 0xf1, 0xff, 0xff, 0xee, 0xe6, 0xe6,
  0xe6, 0xe6, 0xe6, 0xe6, 0xe6, 0xe6, 0xe6, 0xe6, 0xe6, 0xe6, 0x88, 0xf1,
  0xf1, 0xe1, 0xe6, 0xe6, 0xe6, 0xe6, 0xe6, 0xe6, 0xe6, 0xe6, 0xe6, 0xe6,
  0xe6, 0x16, 0x16, 0xa1, 0xa1, 0xa1, 0xa1, 0xa1, 0xa1, 0xa1, 0x51, 0x51,
  0x51, 0x51, 0x51, 0x51, 0x51, 0xff, 0xff, 0xa1, 0xa1, 0xa1, 0xa1, 0xa1,
  0xa1, 0xa1, 0x51, 0x51, 0x51, 0x51, 0x51, 0x51, 0x51, 0xff, 0xff, 0xf1,
  0xf1, 0xf1, 0xf1, 0xf1, 0xf1, 0xf1, 0xf1, 0xf1, 0xf1, 0xf1, 0xf1, 0xf1,
  0xf1, 0xf1, 0xf1, 0xf1, 0xf1, 0xf1, 0xf1, 0xf1, 0xf1, 0xf1, 0xf1, 0xf1,
  0xf1, 0xf1, 0xf1, 0xf1, 0xf1, 0xf1, 0xf1, 0x00, 0x00, 0x00, 0x00, 0x00,
  0x00, 0x00, 0x00, 0xf1, 0xf1, 0xf1, 0xf1, 0xf1, 0xf1, 0xf1, 0xf1, 0x00,
  0x00, 0x00, 0x00, 0x00, 0x00, 0x00, 0x00, 0xf1, 0xf1, 0xf1, 0xf1, 0xf1,
  0xf1, 0xf1, 0xf1, 0x99, 0x99, 0x99, 0x99, 0x99, 0x99, 0x99, 0x99, 0xc9,
  0xc9, 0xc9, 0xc9, 0xc9, 0xc9, 0xc9, 0xc9, 0xcc, 0xcc, 0xcc, 0xcc, 0xcc,
  0xcc, 0xcc, 0xcc, 0xfc, 0xfc, 0xfc, 0xfc, 0xfc, 0xfc, 0xfc, 0xfc, 0xff,
  0xff, 0xff, 0xff, 0xff, 0xff, 0xff, 0xff, 0xff, 0xff, 0xee, 0xe6, 0xe6,
  0xe6, 0xe6, 0xe6, 0xe6, 0xe6, 0xe6, 0xe6, 0xe6, 0xe6, 0xe6, 0x88, 0xf1,
  0xf1, 0xe1, 0xe6, 0xe6, 0xe6, 0xe6, 0xe6, 0xe6, 0xe6, 0xe6, 0xe6, 0xe6,
  0xe6, 0x16, 0x16, 0x00, 0x00, 0x00, 0x00, 0x00, 0x00, 0x00, 0x00, 0x00,
  0x00, 0x00, 0x00, 0x00, 0x00, 0x00, 0x00, 0x00, 0x00, 0x00, 0x00, 0x00,
  0x00, 0x00, 0x00, 0x00, 0x00, 0x00, 0x00, 0x00, 0x00, 0x00, 0x00, 0xf1,
  0xf1, 0xf1, 0xf1, 0xf1, 0xf1, 0xf1, 0xf1, 0x00, 0x00, 0x00, 0x00, 0x00,
  0x00, 0x00, 0x00, 0xf1, 0xf1, 0xf1, 0xf1, 0xf1, 0xf1, 0xf1, 0xf1, 0x99,
  0x99, 0x99, 0x99, 0x99, 0x99, 0x99, 0x99, 0xc9, 0xc9, 0xc9, 0xc9, 0xc9,
  0xc9, 0xc9, 0xc9, 0xcc, 0xcc, 0xcc, 0xcc, 0xcc, 0xcc, 0xcc, 0xcc, 0xfc,
  0xfc, 0xfc, 0xfc, 0xfc, 0xfc, 0xfc, 0xfc, 0xff, 0xff, 0xff, 0xff, 0xff,
  0xff, 0xff, 0xff, 0xff, 0xff, 0xee, 0xe6, 0xe6, 0xe6, 0xe6, 0xe6, 0xe6,
  0xe6, 0xe6, 0xe6, 0xe6, 0xe6, 0xe6, 0x88, 0xf1, 0xf1, 0xe1, 0xe6, 0xe6,
  0xe6, 0xe6, 0xe6, 0xe6, 0xe6, 0xe6, 0xe6, 0xe6, 0xe6, 0x16, 0x16, 0x00,
  0x00, 0x00, 0x00, 0x00, 0x00, 0x00, 0x00, 0x00, 0x00, 0x00, 0x00, 0x00,
  0x00, 0x00, 0x00, 0x00, 0x00, 0x00, 0x00, 0x00, 0x00, 0x00, 0x00, 0x00,
  0x00, 0x00, 0x00, 0x00, 0x00, 0x00, 0x00, 0xf1, 0xf1, 0xf1, 0xf1, 0xf1,
  0xf1, 0xf1, 0xf1, 0x00, 0x00, 0x00, 0x00, 0x00, 0x00, 0x00, 0x00, 0xf1,
  0xf1, 0xf1, 0xf1, 0xf1, 0xf1, 0xf1, 0xf1, 0x11, 0xcc, 0xcc, 0xcc, 0x99,
  0x99, 0xff, 0x11, 0xcc, 0xcc, 0xcc, 0x99, 0x99, 0x99, 0x99, 0xff, 0xc1,
  0xcc, 0xcc, 0xc9, 0x99, 0x99, 0xf9, 0xf1, 0xc1, 0xcc, 0xcc, 0xc9, 0x99,
  0x99, 0xf9, 0xf1, 0xc9, 0xc9, 0xc9, 0xc9, 0xc9, 0xc9, 0xc9, 0xc9, 0xff,
  0xff, 0xee, 0xe6, 0xe6, 0xe6, 0xe6, 0xe6, 0xe6, 0xe6, 0xe6, 0xe6, 0xe6,
  0xe6, 0xe6, 0x88, 0xf1, 0xf1, 0xe1, 0xe6, 0xe6, 0xe6, 0xe6, 0xe6, 0xe6,
  0xe6, 0xe6, 0xe6, 0xe6, 0xe6, 0x16, 0x16, 0xcc, 0xcc, 0xcc, 0xc9, 0xc9,
  0xc9, 0xc9, 0xc9, 0x11, 0x11, 0xf1, 0xf1, 0xf1, 0x91, 0x91, 0xcc, 0xf1,
  0xf1, 0xe1, 0xe1, 0xe1, 0xf1, 0xf1, 0x11, 0x00, 0x00, 0x00, 0x00, 0x00,
  0x00, 0x00, 0x00, 0xf1, 0xf1, 0xf1, 0xf1, 0xf1, 0xf1, 0xf1, 0xf1, 0x00,
  0x00, 0x00, 0x00, 0x00, 0x00, 0x00, 0x00, 0xf1, 0xf1, 0xf1, 0xf1, 0xf1,
  0xf1, 0xf1, 0xf1, 0x11, 0xcc, 0xcc, 0xcc, 0x99, 0x99, 0xff, 0x11, 0xcc,
  0xcc, 0xcc, 0x99, 0x99, 0x99, 0x99, 0xff, 0xc1, 0xcc, 0xcc, 0xc9, 0x99,
  0x99, 0xf9, 0xf1, 0xc1, 0xcc, 0xcc, 0xc9, 0x99, 0x99, 0xf9, 0xf1, 0xc9,
  0xc9, 0xc9, 0xc9, 0xc9, 0xc9, 0xc9, 0xc9, 0xff, 0xff, 0xee, 0xe6, 0xe6,
  0xe6, 0xe6, 0xe6, 0xe6, 0xe6, 0xe6, 0xe6, 0xe6, 0xe6, 0xe6, 0x88, 0xf1,
  0xf1, 0xe1, 0xe6, 0xe6, 0xe6, 0xe6, 0xe6, 0xe6, 0xe6, 0xe6, 0xe6, 0xe6,
  0xe6, 0x16, 0x16, 0xcc, 0xcc, 0xcc, 0xc9, 0xc9, 0xc9, 0xc9, 0xc9, 0x11,
  0x11, 0xf1, 0xf1, 0xf1, 0x91, 0x91, 0xcc, 0xf1, 0xf1, 0xe1, 0xe1, 0xe1,
  0xf1, 0xf1, 0x11, 0x00, 0x00, 0x00, 0x00, 0x00, 0x00, 0x00, 0x00, 0xf1,
  0xf1, 0xf1, 0xf1, 0xf1, 0xf1, 0xf1, 0xf1, 0x00, 0x00, 0x00, 0x80, 0x80,
  0x00, 0x00, 0x00, 0x00, 0x00, 0x00, 0xc0, 0xc0, 0x00, 0x00, 0x00, 0x00,
  0x00, 0x00, 0xe0, 0xe0, 0x00, 0x00, 0x00, 0x00, 0x00, 0x00, 0xf0, 0xf0,
  0x00, 0x00, 0x00, 0x00, 0x00, 0x00, 0xf8, 0xf8, 0x00, 0x00, 0x00, 0x00,
  0x00, 0x00, 0xfc, 0xfc, 0x00, 0x00, 0x00, 0x00, 0x00, 0x00, 0xff, 0xff,
  0x00, 0x00, 0x00, 0x00, 0x00, 0x00, 0xff, 0xff, 0x00, 0x00, 0x00, 0x00,
  0x00, 0x00, 0x01, 0x01, 0x00, 0x00, 0x00, 0x00, 0x00, 0x00, 0xff, 0xff,
  0x00, 0x00, 0x00, 0x00, 0x00, 0x00, 0x7f, 0x7f, 0x00, 0x00, 0x00, 0x00,
  0x00, 0x00, 0x3f, 0x3f, 0x00, 0x00, 0x00, 0x00, 0x00, 0x00, 0x1f, 0x1f,
  0x00, 0x00, 0x00, 0x00, 0x00, 0x00, 0x0f, 0x0f, 0x00, 0x00, 0x00, 0x00,
  0x00, 0x00, 0x07, 0x07, 0x00, 0x00, 0x00, 0x00, 0x00, 0x00, 0x03, 0x03,
  0x00, 0x00, 0x00, 0x00, 0x00, 0x00, 0x00, 0x00, 0x00, 0x00, 0x3c, 0x3c,
  0x3c, 0x3c, 0x3c, 0x3c, 0x3c, 0x3c, 0x3c, 0x00, 0x3c, 0x3c, 0x3c, 0x3c,
  0x3c, 0x3c, 0x3c, 0x00, 0x00, 0x3c, 0x3c, 0x3c, 0x3c, 0x3c, 0x3c, 0x00,
  0x00, 0x00, 0x3c, 0x3c, 0x3c, 0x3c, 0x3c, 0x00, 0x00, 0x00, 0x00, 0x3c,
  0x3c, 0x3c, 0x3c, 0x00, 0x00, 0x00, 0x00, 0x00, 0x3c, 0x3c, 0x3c, 0x00,
  0x00, 0x00, 0x00, 0x00, 0x00, 0x3c, 0x3c, 0x3c, 0x00, 0x00, 0x00, 0x00,
  0x00, 0x00, 0x00, 0x3c
};
unsigned int Oil_rom_len = 16384;
