unsigned char PSG_rom[] = {
  0x41, 0x42, 0x1c, 0x48, 0x00, 0x00, 0x00, 0x00, 0x00, 0x00, 0x00, 0x00,
  0x00, 0x00, 0x00, 0x00, 0x21, 0x1a, 0x40, 0xcd, 0xa3, 0x40, 0xcd, 0x9e,
  0x42, 0xc9, 0x0c, 0x01, 0x01, 0x01, 0x11, 0x09, 0x03, 0x0c, 0x19, 0x82,
  0xf4, 0x04, 0x4c, 0x44, 0x0f, 0x54, 0x40, 0x04, 0x62, 0x5e, 0x0f, 0x63,
  0x40, 0x04, 0x14, 0x97, 0x0b, 0x6b, 0x40, 0x04, 0x6e, 0xa2, 0x0b, 0x86,
  0x40, 0x04, 0x48, 0xb5, 0x09, 0x44, 0x40, 0xff, 0x2d, 0x20, 0x48, 0x49,
  0x54, 0x20, 0x41, 0x4e, 0x59, 0x20, 0x4b, 0x45, 0x59, 0x20, 0x2d, 0xff,
  0x2a, 0x20, 0x4d, 0x55, 0x53, 0x49, 0x57, 0x52, 0x49, 0x54, 0x45, 0x52,
  0x20, 0x2a, 0xff, 0x3d, 0x20, 0x50, 0x53, 0x47, 0x20, 0x3d, 0xff, 0x43,
  0x6f, 0x70, 0x79, 0x72, 0x69, 0x67, 0x68, 0x74, 0x20, 0x31, 0x39, 0x38,
  0x34, 0x20, 0x62, 0x79, 0x20, 0x4d, 0x43, 0x53, 0x2c, 0x69, 0x6e, 0x63,
  0x2e, 0xff, 0x26, 0x20, 0x52, 0x69, 0x74, 0x74, 0x6f, 0x72, 0x20, 0x4d,
  0x75, 0x73, 0x69, 0x63, 0x2c, 0x69, 0x6e, 0x63, 0x2e, 0xff, 0xe1, 0x18,
  0x06, 0xe1, 0x23, 0x23, 0x18, 0x01, 0xd9, 0x7e, 0xfe, 0xff, 0xc8, 0x23,
  0xd9, 0x87, 0x5f, 0x16, 0x00, 0xdd, 0x21, 0xba, 0x40, 0xdd, 0x19, 0xdd,
  0x6e, 0x00, 0xdd, 0x66, 0x01, 0xe9, 0xe0, 0x40, 0xe7, 0x40, 0xee, 0x40,
  0xf8, 0x40, 0x04, 0x41, 0x13, 0x41, 0x23, 0x41, 0x31, 0x41, 0x5e, 0x41,
  0x67, 0x41, 0x74, 0x41, 0x81, 0x41, 0x93, 0x41, 0x9e, 0x41, 0xa9, 0x41,
  0x44, 0x41, 0xaf, 0x41, 0xb5, 0x41, 0xbd, 0x41, 0xd9, 0x7e, 0x32, 0x34,
  0xe0, 0x18, 0xb8, 0xd9, 0x7e, 0x32, 0x35, 0xe0, 0x18, 0xb1, 0xd9, 0xcd,
  0xc9, 0x41, 0xe5, 0xcd, 0x84, 0x46, 0x18, 0xa2, 0xd9, 0xcd, 0xc9, 0x41,
  0x7e, 0x23, 0xe5, 0xcd, 0x71, 0x46, 0x18, 0x96, 0xd9, 0xcd, 0xc4, 0x41,
  0x4e, 0x23, 0xe5, 0xcd, 0xd1, 0x41, 0xcd, 0x57, 0x47, 0x18, 0x8a, 0xd9,
  0xcd, 0xc9, 0x41, 0x7e, 0x23, 0xe5, 0xcd, 0xd1, 0x41, 0xcd, 0x38, 0x46,
  0xc3, 0x9d, 0x40, 0xd9, 0xcd, 0xc4, 0x41, 0xe5, 0xcd, 0xd1, 0x41, 0xcd,
  0x83, 0x47, 0xc3, 0x9d, 0x40, 0xd9, 0xcd, 0xc9, 0x41, 0xe5, 0xcd, 0xd1,
  0x41, 0x22, 0x32, 0xe0, 0xcd, 0x57, 0x41, 0x10, 0xfb, 0xc3, 0x9d, 0x40,
  0xd9, 0xcd, 0xc9, 0x41, 0xe5, 0xcd, 0xd1, 0x41, 0x22, 0x32, 0xe0, 0xcd,
  0x57, 0x41, 0x10, 0xf8, 0xc3, 0x9d, 0x40, 0xcd, 0xa6, 0x47, 0x79, 0x82,
  0x57, 0xc9, 0xcd, 0x42, 0x46, 0xcd, 0x56, 0x46, 0xc3, 0xa2, 0x40, 0xd9,
  0xcd, 0xc9, 0x41, 0x7e, 0x23, 0xe5, 0xcd, 0x0e, 0x47, 0xc3, 0x9a, 0x40,
  0xd9, 0xcd, 0xc9, 0x41, 0x7e, 0x23, 0xe5, 0xcd, 0x47, 0x44, 0xc3, 0x9a,
  0x40, 0xd9, 0xcd, 0xc4, 0x41, 0x4e, 0x23, 0x7e, 0x23, 0x08, 0x7e, 0x23,
  0xe5, 0xcd, 0xec, 0x46, 0xc3, 0x9a, 0x40, 0xd9, 0xcd, 0xc9, 0x41, 0xe5,
  0xcd, 0xdc, 0x43, 0xc3, 0x9a, 0x40, 0xd9, 0xcd, 0xc9, 0x41, 0xe5, 0xcd,
  0x30, 0x47, 0xc3, 0x9a, 0x40, 0xcd, 0xf4, 0x44, 0xc3, 0xa2, 0x40, 0xcd,
  0xad, 0x62, 0xc3, 0xa2, 0x40, 0x3e, 0x01, 0x32, 0x1b, 0xe0, 0xc3, 0xa2,
  0x40, 0xaf, 0x32, 0x1b, 0xe0, 0xc3, 0xa2, 0x40, 0x56, 0x23, 0x5e, 0x23,
  0xc9, 0xcd, 0xc4, 0x41, 0x46, 0x23, 0x4e, 0x23, 0xc9, 0xe5, 0xdd, 0xe1,
  0xdd, 0x6e, 0x00, 0xdd, 0x66, 0x01, 0xc9, 0x0e, 0x06, 0x2a, 0x13, 0xe0,
  0x06, 0x1c, 0x11, 0x01, 0x42, 0x1a, 0x77, 0x13, 0x23, 0x10, 0xfa, 0x0d,
  0x20, 0xf2, 0x2a, 0x13, 0xe0, 0x11, 0x0a, 0x00, 0x19, 0x36, 0x01, 0x2a,
  0x13, 0xe0, 0x11, 0x96, 0x00, 0x19, 0x36, 0x2a, 0xc9, 0xff, 0x06, 0x00,
  0x00, 0xff, 0x41, 0x04, 0x04, 0xff, 0x51, 0x08, 0x00, 0xff, 0x52, 0x78,
  0x00, 0xff, 0x40, 0x01, 0x00, 0xff, 0x10, 0x00, 0x00, 0xff, 0xff, 0x00,
  0x00, 0x21, 0x15, 0xe0, 0x01, 0x45, 0xe2, 0xaf, 0x77, 0xe5, 0xed, 0x42,
  0xe1, 0xc8, 0x23, 0x18, 0xf6, 0x06, 0x06, 0xdd, 0x2a, 0x13, 0xe0, 0xfd,
  0x21, 0xbd, 0xe0, 0xdd, 0xe5, 0xe1, 0xfd, 0x75, 0x00, 0xfd, 0x74, 0x01,
  0x11, 0x18, 0x00, 0x19, 0xfd, 0x75, 0x0c, 0xfd, 0x74, 0x0d, 0xcd, 0xb9,
  0x5c, 0xcd, 0x8e, 0x52, 0x20, 0xf8, 0xcd, 0xb9, 0x5c, 0xfd, 0x23, 0xfd,
  0x23, 0x10, 0xdc, 0xdd, 0x22, 0xb3, 0xe0, 0x2a, 0xc9, 0xe0, 0x22, 0xac,
  0xe0, 0xc9, 0x3e, 0xff, 0x32, 0x26, 0xe0, 0x3e, 0x18, 0x32, 0x4a, 0xe0,
  0x21, 0x6d, 0xe0, 0x06, 0x0c, 0x36, 0x20, 0x23, 0x10, 0xfb, 0x36, 0xff,
  0xc9, 0x21, 0x7f, 0xf8, 0x11, 0x94, 0x42, 0x0e, 0x0a, 0x1a, 0x77, 0x23,
  0x06, 0x0f, 0xaf, 0x77, 0x23, 0x10, 0xfb, 0x13, 0x0d, 0x20, 0xf2, 0xc9,
  0x47, 0x48, 0x49, 0x4a, 0x4b, 0x50, 0x50, 0x50, 0x50, 0x50, 0xcd, 0x56,
  0x01, 0xcd, 0x9f, 0x00, 0xfe, 0x61, 0xd8, 0xfe, 0x7b, 0xd0, 0xd6, 0x20,
  0xc9, 0x11, 0x17, 0x01, 0x01, 0x08, 0x07, 0x3e, 0x11, 0xcd, 0x0e, 0x47,
  0x0e, 0xd1, 0x11, 0x19, 0x01, 0x3a, 0xa7, 0xe0, 0xcb, 0x3f, 0xcb, 0x3f,
  0xc6, 0x03, 0x06, 0x01, 0xfe, 0x08, 0x38, 0x11, 0xf5, 0xd5, 0xc5, 0x3e,
  0xff, 0xcd, 0xf1, 0x42, 0xc1, 0xd1, 0xf1, 0x04, 0x14, 0xd6, 0x08, 0x18,
  0xeb, 0xd5, 0x21, 0xe9, 0x42, 0x5f, 0x16, 0x00, 0x19, 0x7e, 0xd1, 0x18,
  0x08, 0x00, 0x80, 0xc0, 0xe0, 0xf0, 0xf8, 0xfc, 0xfe, 0xf5, 0x79, 0x08,
  0x0e, 0x04, 0xf1, 0x05, 0x20, 0x02, 0xe6, 0x1f, 0xc3, 0xec, 0x46, 0xe5,
  0xcd, 0xa8, 0x5b, 0xcd, 0x71, 0x5a, 0xcd, 0xba, 0x62, 0xcd, 0xad, 0x42,
  0xcd, 0x61, 0x56, 0x3a, 0x55, 0xe0, 0x3d, 0x3e, 0x01, 0x28, 0x0a, 0x3a,
  0x56, 0xe0, 0x3d, 0x3e, 0x04, 0x20, 0x02, 0x3e, 0x06, 0x21, 0x03, 0x1b,
  0xcd, 0x4d, 0x00, 0xcd, 0x9e, 0x42, 0xe1, 0x57, 0x01, 0x03, 0x00, 0x7e,
  0xfe, 0xff, 0x28, 0x0a, 0xfe, 0xfe, 0x28, 0x0b, 0xba, 0x28, 0x1a, 0x09,
  0x18, 0xf1, 0x21, 0x6b, 0x43, 0x18, 0xec, 0xaf, 0x32, 0x21, 0xe0, 0x21,
  0x5b, 0x43, 0x7e, 0xfe, 0xff, 0xc8, 0xba, 0x28, 0x03, 0x09, 0x18, 0xf6,
  0xd1, 0x23, 0x5e, 0x23, 0x56, 0xeb, 0xe9, 0x47, 0x91, 0x49, 0x48, 0x28,
  0x51, 0x49, 0x3a, 0x4e, 0x4a, 0x1b, 0x4e, 0x4b, 0x6c, 0x4b, 0xff, 0x0c,
  0xcd, 0x43, 0x0b, 0xd4, 0x43, 0x1c, 0x8f, 0x57, 0x1d, 0x07, 0x58, 0x1e,
  0x04, 0x56, 0x1f, 0x14, 0x56, 0x50, 0x90, 0x43, 0x7f, 0x50, 0x4e, 0x12,
  0xf7, 0x4e, 0x46, 0xaa, 0x43, 0x42, 0xbe, 0x43, 0x45, 0x97, 0x43, 0xfe,
  0xcd, 0x15, 0x6f, 0xcd, 0x90, 0x00, 0xc9, 0x3a, 0x56, 0xe0, 0x3d, 0xc8,
  0x3a, 0x55, 0xe0, 0x3d, 0xc8, 0xcd, 0x8f, 0x57, 0xcd, 0x9c, 0x00, 0xc0,
  0x18, 0xed, 0x3a, 0x56, 0xe0, 0x3d, 0xc8, 0x3a, 0x55, 0xe0, 0x3d, 0xc8,
  0xcd, 0x8f, 0x57, 0x3a, 0x58, 0xe0, 0x3d, 0xc8, 0x18, 0xec, 0x3a, 0x56,
  0xe0, 0x3d, 0xc8, 0xcd, 0x07, 0x58, 0x3a, 0x58, 0xe0, 0x3d, 0xc8, 0x18,
  0xf1, 0xcd, 0x1a, 0x62, 0xc0, 0xc3, 0xf9, 0x53, 0x3a, 0x56, 0xe0, 0x3d,
  0xc8, 0xc3, 0xcb, 0x49, 0x3e, 0x02, 0x32, 0xaf, 0xfc, 0xd9, 0xcd, 0x5f,
  0x00, 0xd9, 0x7a, 0x32, 0xe9, 0xf3, 0x7b, 0x32, 0xea, 0xf3, 0x78, 0x32,
  0xeb, 0xf3, 0xd9, 0xcd, 0x62, 0x00, 0xd9, 0x79, 0x21, 0x00, 0x20, 0x01,
  0x00, 0x18, 0xc3, 0x56, 0x00, 0x21, 0x0a, 0x44, 0xcd, 0xa3, 0x40, 0xc3,
  0x64, 0x44, 0x0c, 0x0f, 0x0a, 0x01, 0x1a, 0x00, 0x16, 0x01, 0x1a, 0x02,
  0x01, 0x76, 0x1e, 0x45, 0x0a, 0x01, 0x28, 0x1e, 0x02, 0x14, 0x0b, 0x00,
  0x28, 0x3d, 0x4a, 0x01, 0x04, 0x14, 0x7a, 0x0f, 0x37, 0x67, 0xff, 0x21,
  0x31, 0x44, 0xc3, 0xa3, 0x40, 0x09, 0x00, 0x00, 0x08, 0x22, 0xaa, 0x0d,
  0x01, 0x01, 0x1e, 0x76, 0x06, 0x01, 0x25, 0xe3, 0x69, 0x06, 0x01, 0x4d,
  0x2b, 0x6a, 0xff, 0x0e, 0x02, 0x06, 0x05, 0xc5, 0x06, 0x1e, 0x0e, 0x01,
  0x3e, 0x14, 0xcd, 0x0e, 0x47, 0xc1, 0x3e, 0x06, 0x83, 0x5f, 0x10, 0xef,
  0x3e, 0x06, 0x83, 0x5f, 0x0d, 0x20, 0xe6, 0xc9, 0x16, 0x1d, 0x01, 0x01,
  0x01, 0x21, 0x79, 0x44, 0x7e, 0xfe, 0xff, 0xc8, 0x5f, 0x3e, 0x14, 0xcd,
  0x0e, 0x47, 0x23, 0x18, 0xf3, 0x1c, 0x22, 0x46, 0x6a, 0xff, 0x21, 0x84,
  0x44, 0xc3, 0xa3, 0x40, 0x0e, 0x00, 0x15, 0x01, 0x16, 0x03, 0x02, 0x84,
  0x0c, 0x02, 0x02, 0x03, 0x02, 0xa0, 0x03, 0x03, 0x03, 0x03, 0x0c, 0xa0,
  0x02, 0x03, 0x08, 0x00, 0x13, 0x02, 0x0f, 0xa0, 0x04, 0x17, 0x05, 0x13,
  0xaf, 0x03, 0x01, 0x18, 0x61, 0x67, 0x05, 0x63, 0xaf, 0x02, 0x01, 0x40,
  0x6d, 0x67, 0x04, 0x63, 0xa5, 0x01, 0xa0, 0x6d, 0x0f, 0x02, 0x94, 0x02,
  0x02, 0x5a, 0x6c, 0x0f, 0x05, 0x88, 0x02, 0x02, 0x64, 0x6c, 0x06, 0x06,
  0x94, 0x73, 0x6c, 0x0f, 0x08, 0x94, 0x03, 0x02, 0x7d, 0x6c, 0x07, 0x09,
  0x88, 0x03, 0x02, 0x83, 0x6c, 0x07, 0x0e, 0x88, 0x06, 0x02, 0xb6, 0x6c,
  0x07, 0x03, 0xa4, 0x03, 0x03, 0x6a, 0x6d, 0x06, 0x15, 0xa4, 0x96, 0x6d,
  0x08, 0x04, 0xd7, 0xaf, 0x01, 0x4d, 0x67, 0xff, 0x11, 0x84, 0x02, 0x06,
  0x1d, 0x0e, 0x37, 0xd5, 0xc5, 0xcd, 0x30, 0x47, 0xc1, 0xd1, 0x3e, 0x16,
  0xc3, 0x0e, 0x47, 0x21, 0x16, 0x45, 0xcd, 0xa3, 0x40, 0x3e, 0x1d, 0xcd,
  0x26, 0x4c, 0xcd, 0xa7, 0x4b, 0xc9, 0x0e, 0x00, 0x1b, 0x01, 0x16, 0x03,
  0x02, 0x84, 0x02, 0x0c, 0x0c, 0x05, 0x24, 0x88, 0x02, 0x01, 0x5e, 0x81,
  0x67, 0x04, 0x80, 0x92, 0x01, 0x94, 0x67, 0x03, 0x02, 0xa0, 0x06, 0x04,
  0x04, 0x11, 0x05, 0x12, 0xa5, 0x02, 0x01, 0x20, 0xb6, 0x67, 0x05, 0x56,
  0xa5, 0x02, 0x01, 0x20, 0x9c, 0x67, 0x05, 0x95, 0xa5, 0x02, 0x01, 0x20,
  0xc0, 0x67, 0x0f, 0x05, 0xa5, 0x02, 0x08, 0xa4, 0x67, 0x0f, 0x09, 0xa5,
  0x02, 0x08, 0xad, 0x67, 0x12, 0x05, 0x17, 0xaf, 0x06, 0x01, 0x20, 0x61,
  0x67, 0x08, 0x04, 0xd7, 0xaf, 0x01, 0x5d, 0x67, 0xff, 0x21, 0x7c, 0x45,
  0xcd, 0xa3, 0x40, 0x3a, 0x62, 0xe0, 0x0e, 0x1e, 0xcd, 0x37, 0x5f, 0xc9,
  0x0e, 0x01, 0x16, 0x00, 0x13, 0x03, 0x02, 0x84, 0x06, 0x04, 0x04, 0x03,
  0x02, 0xa0, 0x06, 0x04, 0x04, 0x05, 0x1e, 0x8e, 0x03, 0x01, 0x20, 0xca,
  0x67, 0x05, 0x7b, 0x8e, 0x02, 0x01, 0x20, 0xd0, 0x67, 0x04, 0xb8, 0x8e,
  0x01, 0xd6, 0x67, 0x05, 0x17, 0xa9, 0x02, 0x01, 0x40, 0xda, 0x67, 0x11,
  0x05, 0x35, 0xa9, 0x02, 0x01, 0x80, 0xe2, 0x67, 0x12, 0x05, 0x7b, 0xa9,
  0x02, 0x01, 0x20, 0xec, 0x67, 0x08, 0x04, 0xd7, 0xaf, 0x01, 0x55, 0x67,
  0xff, 0x21, 0xd2, 0x45, 0xcd, 0xa3, 0x40, 0xcd, 0x3b, 0x60, 0xcd, 0xa2,
  0x5f, 0xc9, 0x0e, 0x00, 0x17, 0x01, 0x16, 0x03, 0x02, 0x84, 0x0c, 0x02,
  0x02, 0x07, 0x02, 0x8b, 0x0c, 0x02, 0xa4, 0x6d, 0x03, 0x02, 0xa0, 0x08,
  0x03, 0x03, 0x05, 0x13, 0xa5, 0x07, 0x01, 0x18, 0xf2, 0x67, 0x06, 0x18,
  0xa2, 0x0d, 0x62, 0x05, 0x13, 0xaf, 0x08, 0x01, 0x18, 0x61, 0x67, 0x08,
  0x04, 0xd7, 0xaf, 0x01, 0x51, 0x67, 0xff, 0x21, 0x0d, 0x46, 0xc3, 0xa3,
  0x40, 0x0e, 0x01, 0x16, 0x00, 0x1c, 0x03, 0x02, 0xa0, 0x06, 0x04, 0x04,
  0x05, 0x13, 0xa5, 0x02, 0x01, 0x24, 0x12, 0x68, 0x05, 0x53, 0xa5, 0x04,
  0x01, 0x20, 0x1b, 0x68, 0x05, 0x17, 0xaf, 0x06, 0x01, 0x20, 0x61, 0x67,
  0x08, 0x04, 0xd7, 0xaf, 0x01, 0x59, 0x67, 0xff, 0xcd, 0x57, 0x47, 0xf5,
  0x82, 0x57, 0xf1, 0x10, 0xf7, 0xc9, 0x3e, 0x15, 0x32, 0x34, 0xe0, 0x3e,
  0x16, 0x32, 0x35, 0xe0, 0x1e, 0x84, 0x16, 0x1b, 0x01, 0x17, 0x03, 0xc3,
  0x84, 0x46, 0x3e, 0x1e, 0x32, 0x34, 0xe0, 0x16, 0x1a, 0x1e, 0xa0, 0x01,
  0x17, 0x04, 0xcd, 0x84, 0x46, 0x16, 0xd3, 0x1e, 0xa5, 0x0e, 0x01, 0x21,
  0x48, 0x67, 0xc3, 0x57, 0x47, 0xc5, 0xd5, 0xf5, 0x41, 0x0e, 0x17, 0xcd,
  0x84, 0x46, 0xf1, 0xd1, 0xc1, 0xf5, 0x82, 0x57, 0xf1, 0x10, 0xee, 0xc9,
  0xc5, 0x0e, 0x01, 0x3e, 0x11, 0xcd, 0x0e, 0x47, 0xc1, 0xd5, 0xc5, 0x79,
  0x83, 0x5f, 0x1c, 0x0e, 0x01, 0x3e, 0x11, 0xcd, 0x0e, 0x47, 0xc1, 0xd1,
  0x1c, 0x3a, 0x34, 0xe0, 0x08, 0x3e, 0x80, 0xcd, 0xec, 0x46, 0x14, 0x3e,
  0x00, 0xcd, 0xec, 0x46, 0x10, 0xf8, 0x1d, 0x0c, 0x0c, 0x3a, 0x35, 0xe0,
  0x08, 0x3e, 0x80, 0xc3, 0xec, 0x46, 0x3e, 0x1e, 0x32, 0x34, 0xe0, 0x3e,
  0x1a, 0x32, 0x35, 0xe0, 0x01, 0x11, 0x07, 0x11, 0x02, 0x01, 0xcd, 0x84,
  0x46, 0x11, 0x03, 0x07, 0x0e, 0x11, 0x3e, 0x1e, 0x08, 0x3e, 0x01, 0xcd,
  0xec, 0x46, 0x01, 0x17, 0x01, 0x11, 0x02, 0x08, 0xcd, 0x30, 0x47, 0x11,
  0x07, 0x01, 0x21, 0xb5, 0x68, 0xc3, 0x83, 0x47, 0xc5, 0xd5, 0x41, 0xd5,
  0xc5, 0xf5, 0xcd, 0xe5, 0x47, 0xf1, 0xe5, 0xf5, 0xcd, 0x4d, 0x00, 0xf1,
  0xe1, 0x11, 0x00, 0x20, 0x19, 0xc1, 0x08, 0xcd, 0x4d, 0x00, 0x08, 0xd1,
  0x1c, 0x10, 0xe4, 0xd1, 0xc1, 0xc9, 0xc5, 0xd5, 0xe5, 0xc5, 0xd5, 0xc5,
  0xd5, 0xf5, 0xcd, 0xe5, 0x47, 0x11, 0x00, 0x20, 0x19, 0xf1, 0xcd, 0x4d,
  0x00, 0xd1, 0xc1, 0x14, 0x10, 0xed, 0xd1, 0xc1, 0x1c, 0x0d, 0x20, 0xe5,
  0xe1, 0xd1, 0xc1, 0xc9, 0xc5, 0xd5, 0xc5, 0xd5, 0xcd, 0xe5, 0x47, 0x3e,
  0x00, 0xcd, 0x4d, 0x00, 0xd1, 0xc1, 0x14, 0x10, 0xf1, 0xd1, 0xc1, 0x1c,
  0x0d, 0x20, 0xe9, 0xc9, 0x3e, 0x01, 0x32, 0x1b, 0xe0, 0x0e, 0x01, 0xcd,
  0x57, 0x47, 0xaf, 0x32, 0x1b, 0xe0, 0xc9, 0xf5, 0x79, 0x32, 0xe9, 0xf3,
  0x7a, 0x32, 0xb7, 0xfc, 0x7b, 0x32, 0xb9, 0xfc, 0x7e, 0x23, 0xfe, 0xff,
  0x28, 0x05, 0xcd, 0x71, 0x47, 0x18, 0xf5, 0xf1, 0xc9, 0xd5, 0xcd, 0x8d,
  0x00, 0x3a, 0x1b, 0xe0, 0x3c, 0x57, 0x3a, 0xb7, 0xfc, 0x92, 0x32, 0xb7,
  0xfc, 0xd1, 0xc9, 0x22, 0x32, 0xe0, 0x18, 0x1e, 0x22, 0x32, 0xe0, 0xdd,
  0xe5, 0xc5, 0xd5, 0xe5, 0xdd, 0x2a, 0x32, 0xe0, 0xdd, 0x46, 0x00, 0xdd,
  0x4e, 0x01, 0xdd, 0x23, 0xdd, 0x23, 0xcd, 0x30, 0x47, 0xe1, 0xd1, 0xc1,
  0xdd, 0xe1, 0xdd, 0xe5, 0xc5, 0xd5, 0xe5, 0xdd, 0x2a, 0x32, 0xe0, 0xdd,
  0x46, 0x00, 0xdd, 0x4e, 0x01, 0xdd, 0x23, 0xdd, 0x23, 0xd5, 0xc5, 0xcd,
  0xe5, 0x47, 0x11, 0x00, 0x00, 0x19, 0xc1, 0xc5, 0x11, 0x08, 0x00, 0xcd,
  0x4a, 0x00, 0xdd, 0xb6, 0x00, 0xcd, 0x4d, 0x00, 0xdd, 0x23, 0x19, 0x10,
  0xf2, 0xc1, 0xd1, 0x1c, 0x0d, 0x20, 0xde, 0xdd, 0x22, 0x32, 0xe0, 0xe1,
  0xd1, 0xc1, 0xdd, 0xe1, 0xc9, 0x63, 0xcb, 0x3c, 0xcb, 0x3c, 0xcb, 0x3c,
  0x2e, 0x00, 0x4a, 0x06, 0x00, 0xcb, 0x21, 0xcb, 0x21, 0xcb, 0x21, 0x09,
  0x3e, 0x07, 0xa3, 0x5f, 0x16, 0x00, 0x19, 0xc9, 0xcd, 0x69, 0x00, 0x11,
  0x00, 0x38, 0x21, 0xcc, 0x6e, 0x01, 0x30, 0x00, 0xcd, 0x5c, 0x00, 0x11,
  0x00, 0x1b, 0x21, 0xfc, 0x6e, 0x01, 0x19, 0x00, 0xcd, 0x5c, 0x00, 0xc9,
  0x31, 0xff, 0xe7, 0xcd, 0x9a, 0x78, 0x2a, 0x48, 0xfc, 0x22, 0x11, 0xe0,
  0x01, 0x24, 0x00, 0x09, 0x22, 0x13, 0xe0, 0xcd, 0x1d, 0x42, 0xaf, 0x32,
  0x15, 0xe0, 0x3e, 0xff, 0x32, 0xcf, 0xe4, 0x3e, 0x01, 0x32, 0x16, 0xe0,
  0x3e, 0x08, 0x32, 0x90, 0xe0, 0x32, 0x91, 0xe0, 0x3e, 0x00, 0x32, 0x8a,
  0xe0, 0xcd, 0x91, 0x4c, 0xcd, 0x52, 0x4d, 0x3e, 0x03, 0x32, 0x5d, 0xe0,
  0xcd, 0x66, 0x42, 0xcd, 0xdb, 0x41, 0xcd, 0x7d, 0x42, 0x3a, 0x1c, 0xe0,
  0xfe, 0x01, 0x28, 0x06, 0xcd, 0x10, 0x40, 0xcd, 0x01, 0x44, 0xcd, 0x23,
  0x49, 0xcd, 0xbe, 0x48, 0xcd, 0x7a, 0x48, 0xc3, 0x1b, 0x4e, 0xcd, 0xf7,
  0x50, 0xcd, 0xba, 0x46, 0xc9, 0xaf, 0x32, 0x0e, 0xe0, 0x21, 0xab, 0xe4,
  0x22, 0x0f, 0xe0, 0xc9, 0x3a, 0x0e, 0xe0, 0xfe, 0x07, 0xc8, 0x3c, 0x32,
  0x0e, 0xe0, 0x32, 0xaa, 0xe4, 0xdd, 0x2a, 0x0f, 0xe0, 0x3a, 0x6b, 0xe0,
  0xdd, 0x77, 0x00, 0x3a, 0x6a, 0xe0, 0xc6, 0x24, 0xdd, 0x77, 0x01, 0x3a,
  0x69, 0xe0, 0xdd, 0x77, 0x02, 0x11, 0x03, 0x00, 0xdd, 0x19, 0xdd, 0x22,
  0x0f, 0xe0, 0x3e, 0xff, 0xa7, 0xc9, 0x3a, 0x63, 0xe0, 0x32, 0x65, 0xe0,
  0x3a, 0x16, 0xe0, 0x32, 0x17, 0xe0, 0xcd, 0x00, 0x48, 0xcd, 0x2d, 0x42,
  0xaf, 0x32, 0xaf, 0xe0, 0x21, 0x00, 0x00, 0x22, 0xbb, 0xe0, 0x22, 0xb5,
  0xe0, 0xcd, 0x2b, 0x44, 0x3e, 0x1b, 0x32, 0x49, 0xe0, 0xcd, 0xd9, 0x5b,
  0xdd, 0x2a, 0xc9, 0xe0, 0xdd, 0x7e, 0x00, 0x3c, 0x20, 0x0c, 0xdd, 0x7e,
  0x01, 0x3c, 0x28, 0x06, 0xcd, 0xd6, 0x58, 0xaf, 0x18, 0x02, 0x3e, 0x01,
  0x32, 0x55, 0xe0, 0xcd, 0xbf, 0x61, 0x3a, 0x65, 0xe0, 0xcd, 0x3e, 0x5b,
  0x3e, 0x01, 0x32, 0x57, 0xe0, 0x32, 0x58, 0xe0, 0xcd, 0xa8, 0x5b, 0xcd,
  0x8f, 0x5b, 0xcd, 0xb8, 0x60, 0xcd, 0x5b, 0x49, 0xc3, 0x47, 0x61, 0xdd,
  0x21, 0x57, 0x49, 0xfd, 0x2a, 0x13, 0xe0, 0xfd, 0x6e, 0x06, 0xfd, 0x66,
  0x07, 0x22, 0x3c, 0xe0, 0x7d, 0xfe, 0x04, 0x3e, 0x00, 0x16, 0x44, 0x28,
  0x06, 0x16, 0x34, 0x3e, 0x06, 0xdd, 0x23, 0x32, 0x63, 0xe0, 0xdd, 0x7e,
  0x00, 0x32, 0x3e, 0xe0, 0xdd, 0x7e, 0x02, 0x32, 0x3f, 0xe0, 0x7a, 0x32,
  0xa8, 0xe4, 0xc9, 0xc0, 0x90, 0x00, 0x01, 0xdd, 0x2a, 0x13, 0xe0, 0xdd,
  0x7e, 0x13, 0x32, 0x40, 0xe0, 0xdd, 0x7e, 0x12, 0x32, 0x43, 0xe0, 0xdd,
  0x21, 0x2c, 0x61, 0x06, 0x0d, 0x3a, 0x40, 0xe0, 0xdd, 0xbe, 0x00, 0x20,
  0x08, 0x3a, 0x43, 0xe0, 0xdd, 0xbe, 0x0d, 0x28, 0x04, 0xdd, 0x2b, 0x10,
  0xec, 0x78, 0x3d, 0x32, 0x41, 0xe0, 0xdd, 0x7e, 0x1a, 0x32, 0x42, 0xe0,
  0xc9, 0xcd, 0x7e, 0x44, 0xcd, 0xbd, 0x55, 0xcd, 0xdd, 0x49, 0xaf, 0x32,
  0x59, 0xe0, 0x32, 0xfa, 0xe0, 0x32, 0x5b, 0xe0, 0x3e, 0x01, 0x32, 0x21,
  0xe0, 0x21, 0xb2, 0x49, 0xcd, 0xff, 0x42, 0xc3, 0xa4, 0x49, 0x31, 0x41,
  0x59, 0x32, 0x68, 0x59, 0x33, 0x92, 0x59, 0x34, 0xd1, 0x49, 0x35, 0x3b,
  0x4a, 0x20, 0x9a, 0x55, 0x08, 0xab, 0x55, 0x0d, 0xb1, 0x59, 0xff, 0xcd,
  0xbe, 0x48, 0xc3, 0x7a, 0x48, 0x3a, 0x5d, 0xe0, 0x3c, 0xfe, 0x06, 0x20,
  0x01, 0xaf, 0x32, 0x5d, 0xe0, 0x11, 0xaa, 0x10, 0x3a, 0x5d, 0xe0, 0x32,
  0x5e, 0xe0, 0xdd, 0x21, 0x07, 0x4a, 0x3a, 0x5e, 0xe0, 0x87, 0x87, 0x4f,
  0x06, 0x00, 0xdd, 0x09, 0xdd, 0x6e, 0x00, 0xdd, 0x66, 0x01, 0xcd, 0x88,
  0x47, 0x14, 0xdd, 0x6e, 0x02, 0xdd, 0x66, 0x03, 0xc3, 0x88, 0x47, 0x26,
  0x4a, 0x26, 0x4a, 0x26, 0x4a, 0x34, 0x4a, 0x2d, 0x4a, 0x26, 0x4a, 0x2d,
  0x4a, 0x1f, 0x4a, 0x1f, 0x4a, 0x34, 0x4a, 0x1f, 0x4a, 0x1f, 0x4a, 0x01,
  0x05, 0x1c, 0x10, 0x38, 0x10, 0x70, 0x01, 0x05, 0x78, 0x4c, 0x78, 0x40,
  0x40, 0x01, 0x05, 0x00, 0x78, 0x54, 0x54, 0x54, 0x01, 0x05, 0x00, 0x00,
  0x00, 0x00, 0x00, 0x3a, 0x58, 0xe0, 0x3d, 0xc8, 0xdd, 0x2a, 0xc9, 0xe0,
  0xcd, 0x7b, 0x52, 0xc8, 0xcd, 0x6e, 0x52, 0x28, 0x0a, 0x16, 0x00, 0xcd,
  0x1b, 0x52, 0x06, 0x04, 0xca, 0x38, 0x62, 0xcd, 0x00, 0x4b, 0xcd, 0x0f,
  0x4b, 0x3a, 0x1a, 0xe0, 0x3d, 0x28, 0x17, 0xcd, 0x31, 0x4b, 0x7c, 0xa7,
  0x20, 0x10, 0x7d, 0xfe, 0x97, 0x30, 0x0b, 0xfe, 0x28, 0x38, 0x07, 0x6f,
  0x22, 0x36, 0xe0, 0xcd, 0x80, 0x4a, 0xcd, 0xd9, 0x5b, 0xc3, 0x04, 0x4b,
  0xdd, 0x2a, 0xc9, 0xe0, 0xcd, 0x6e, 0x52, 0x20, 0x1f, 0x21, 0x04, 0x00,
  0x22, 0xb9, 0xe0, 0xcd, 0xa6, 0x63, 0xdd, 0x2a, 0xcb, 0xe0, 0xcd, 0x7b,
  0x52, 0xca, 0x11, 0x58, 0xcd, 0x8e, 0x52, 0xca, 0x11, 0x58, 0xcd, 0x87,
  0x52, 0xca, 0x11, 0x58, 0xdd, 0x21, 0x9f, 0xe0, 0xdd, 0x36, 0x00, 0xff,
  0xdd, 0x36, 0x01, 0x00, 0x2a, 0x36, 0xe0, 0xdd, 0x75, 0x02, 0xdd, 0x74,
  0x03, 0x3a, 0x55, 0xe0, 0x3d, 0xc2, 0x5e, 0x50, 0xcd, 0xd0, 0x62, 0x3e,
  0x1b, 0x32, 0x49, 0xe0, 0xcd, 0x5d, 0x5e, 0xcd, 0xdc, 0x4a, 0xcd, 0xf1,
  0x5b, 0xcd, 0xac, 0x5e, 0xcd, 0x5d, 0x5e, 0xc9, 0x3a, 0x49, 0xe0, 0x57,
  0x1e, 0x03, 0x21, 0x96, 0x6d, 0xcd, 0x83, 0x47, 0x2a, 0x36, 0xe0, 0xcd,
  0xd7, 0x66, 0x21, 0x23, 0xe0, 0x3a, 0x49, 0xe0, 0x3d, 0xcd, 0xa4, 0x4d,
  0x3c, 0x3c, 0x57, 0x1e, 0x0d, 0xc3, 0x48, 0x47, 0x3e, 0x19, 0x18, 0x02,
  0x3e, 0x15, 0x11, 0xa1, 0x14, 0x01, 0x17, 0x03, 0xc3, 0x0e, 0x47, 0x21,
  0x1e, 0x4b, 0xcd, 0xa3, 0x40, 0x11, 0x7a, 0xb2, 0x01, 0x01, 0x03, 0xc3,
  0xac, 0x54, 0x0d, 0x0e, 0x7a, 0x11, 0x08, 0x04, 0x88, 0x7a, 0x0f, 0x2a,
  0x4b, 0xff, 0x54, 0x45, 0x4d, 0x50, 0x4f, 0x3d, 0xff, 0xdd, 0x21, 0x7a,
  0xe0, 0x21, 0x00, 0x00, 0x18, 0x12, 0xdd, 0x21, 0x7a, 0xe0, 0x21, 0x00,
  0x00, 0xdd, 0x7e, 0x00, 0xdd, 0x23, 0x11, 0xe8, 0x03, 0xcd, 0x64, 0x4b,
  0xdd, 0x7e, 0x00, 0x11, 0x64, 0x00, 0xcd, 0x64, 0x4b, 0xdd, 0x7e, 0x01,
  0x11, 0x0a, 0x00, 0xcd, 0x64, 0x4b, 0xdd, 0x7e, 0x02, 0x11, 0x01, 0x00,
  0xd6, 0x30, 0xc8, 0x47, 0x19, 0x10, 0xfd, 0xc9, 0xcd, 0x07, 0x45, 0xcd,
  0xdd, 0x4b, 0xcd, 0xca, 0x4b, 0x21, 0x7d, 0x4b, 0xcd, 0xff, 0x42, 0x18,
  0xf8, 0x20, 0xf9, 0x4b, 0x08, 0x0f, 0x4c, 0x31, 0x3b, 0x4c, 0x32, 0x4d,
  0x4c, 0x33, 0xe4, 0x4c, 0x34, 0xfd, 0x4c, 0x35, 0x96, 0x4b, 0x36, 0xba,
  0x4b, 0xff, 0x3a, 0xcf, 0xe4, 0x3c, 0x28, 0x07, 0x3e, 0xff, 0x32, 0xcf,
  0xe4, 0x18, 0x04, 0xaf, 0x32, 0xcf, 0xe4, 0x3a, 0xcf, 0xe4, 0x3c, 0x3e,
  0x17, 0x28, 0x02, 0x3e, 0x1b, 0x11, 0xa1, 0x12, 0x01, 0x17, 0x04, 0xc3,
  0x0e, 0x47, 0x3a, 0x15, 0xe0, 0x3d, 0x28, 0x07, 0x3e, 0x01, 0x32, 0x15,
  0xe0, 0x18, 0x03, 0x32, 0x15, 0xe0, 0x3a, 0x15, 0xe0, 0x3d, 0x3e, 0x19,
  0x20, 0x02, 0x3e, 0x1b, 0x11, 0xa1, 0x16, 0x01, 0x17, 0x04, 0xc3, 0x0e,
  0x47, 0x3a, 0x89, 0xe0, 0xf5, 0x3e, 0x00, 0x32, 0x89, 0xe0, 0xcd, 0x5e,
  0x4c, 0x3e, 0x01, 0x32, 0x89, 0xe0, 0x3a, 0x91, 0xe0, 0xcd, 0x13, 0x4d,
  0xf1, 0x32, 0x89, 0xe0, 0xc9, 0x3e, 0x1b, 0xcd, 0x26, 0x4c, 0x3a, 0x89,
  0xe0, 0x3c, 0xfe, 0x02, 0x20, 0x01, 0xaf, 0x32, 0x89, 0xe0, 0x3e, 0x1d,
  0xc3, 0x26, 0x4c, 0x3e, 0x1b, 0xcd, 0x26, 0x4c, 0x3a, 0x89, 0xe0, 0x3d,
  0xfe, 0xff, 0x20, 0x02, 0x3e, 0x01, 0x32, 0x89, 0xe0, 0x3e, 0x1d, 0xc3,
  0x26, 0x4c, 0x08, 0x3a, 0x89, 0xe0, 0x87, 0x87, 0x57, 0x87, 0x82, 0xc6,
  0x02, 0x57, 0x1e, 0x85, 0x01, 0x17, 0x0c, 0x08, 0xc3, 0x0e, 0x47, 0x3a,
  0x89, 0xe0, 0xa7, 0xc0, 0x3a, 0x8a, 0xe0, 0xfe, 0x0a, 0xc8, 0x3c, 0x32,
  0x8a, 0xe0, 0xc3, 0x5e, 0x4c, 0x3a, 0x89, 0xe0, 0xa7, 0xc0, 0x3a, 0x8a,
  0xe0, 0xa7, 0xc8, 0x3d, 0x32, 0x8a, 0xe0, 0xc3, 0x5e, 0x4c, 0xcd, 0x91,
  0x4c, 0x11, 0x92, 0x04, 0x01, 0x08, 0x09, 0xcd, 0x30, 0x47, 0x3a, 0x8a,
  0xe0, 0x87, 0x5f, 0x16, 0x00, 0xdd, 0x21, 0xa8, 0x4d, 0xdd, 0x19, 0xdd,
  0x6e, 0x00, 0xdd, 0x66, 0x01, 0x16, 0x20, 0x1e, 0x92, 0x0e, 0x01, 0xcd,
  0x57, 0x47, 0x3a, 0x8a, 0xe0, 0xa7, 0x3a, 0x90, 0xe0, 0xca, 0x13, 0x4d,
  0xc9, 0x3a, 0x8a, 0xe0, 0x87, 0x87, 0x5f, 0x16, 0x00, 0x21, 0xb8, 0x4c,
  0x19, 0x7e, 0x32, 0x52, 0xe3, 0x23, 0x7e, 0x32, 0x53, 0xe3, 0x23, 0x7e,
  0x32, 0x54, 0xe3, 0x23, 0x7e, 0xfe, 0x10, 0x28, 0x03, 0x3a, 0x90, 0xe0,
  0x32, 0x4f, 0xe3, 0xc9, 0x00, 0x00, 0x09, 0x00, 0x00, 0x20, 0x09, 0x10,
  0x00, 0x10, 0x09, 0x10, 0x01, 0x02, 0x08, 0x10, 0x01, 0x0a, 0x0d, 0x10,
  0x01, 0x04, 0x0d, 0x10, 0x01, 0x02, 0x0e, 0x10, 0x01, 0x01, 0x0c, 0x10,
  0x01, 0x04, 0x0c, 0x10, 0x01, 0x02, 0x0b, 0x10, 0x01, 0x04, 0x0a, 0x10,
  0x3a, 0x89, 0xe0, 0x21, 0x91, 0xe0, 0xa7, 0x20, 0x08, 0x3a, 0x8a, 0xe0,
  0xa7, 0xc0, 0x21, 0x90, 0xe0, 0x7e, 0xfe, 0x0a, 0xc8, 0x3c, 0x77, 0x18,
  0x16, 0x3a, 0x89, 0xe0, 0x21, 0x91, 0xe0, 0xa7, 0x20, 0x08, 0x3a, 0x8a,
  0xe0, 0xa7, 0xc0, 0x21, 0x90, 0xe0, 0x7e, 0xa7, 0xc8, 0x3d, 0x77, 0xf5,
  0xcd, 0x44, 0x4d, 0xf1, 0x6f, 0x26, 0x00, 0xcd, 0xd7, 0x66, 0x3a, 0x89,
  0xe0, 0x16, 0x0a, 0xfe, 0x01, 0x20, 0x02, 0x16, 0x16, 0x1e, 0x92, 0x01,
  0x08, 0x02, 0xd5, 0xcd, 0x30, 0x47, 0xd1, 0x7a, 0xcd, 0xa4, 0x4d, 0xc6,
  0x02, 0x57, 0x1e, 0x92, 0x0e, 0x01, 0x21, 0x24, 0xe0, 0xc3, 0x57, 0x47,
  0x3a, 0x89, 0xe0, 0xfe, 0x01, 0x28, 0x07, 0x3a, 0x90, 0xe0, 0x32, 0x4f,
  0xe3, 0xc9, 0x3a, 0x91, 0xe0, 0x32, 0x50, 0xe3, 0x32, 0x51, 0xe3, 0xc9,
  0x08, 0x3a, 0x89, 0xe0, 0xfe, 0x01, 0x28, 0x07, 0xcd, 0x80, 0x4d, 0x08,
  0x19, 0x77, 0xc9, 0xcd, 0x80, 0x4d, 0x08, 0x06, 0x04, 0xdd, 0x6e, 0x00,
  0xdd, 0x66, 0x01, 0x19, 0x77, 0xdd, 0x23, 0xdd, 0x23, 0x10, 0xf2, 0xc9,
  0x3a, 0x89, 0xe0, 0xa7, 0x28, 0x10, 0xfe, 0x01, 0x28, 0x06, 0xdd, 0x21,
  0xc7, 0xe0, 0x18, 0x0a, 0xdd, 0x21, 0xbf, 0xe0, 0x18, 0x04, 0xdd, 0x21,
  0xbd, 0xe0, 0xdd, 0x6e, 0x00, 0xdd, 0x66, 0x01, 0xe5, 0xfd, 0xe1, 0xc9,
  0x87, 0x87, 0x87, 0xc9, 0xbe, 0x4d, 0xc6, 0x4d, 0xce, 0x4d, 0xd6, 0x4d,
  0xdf, 0x4d, 0xe6, 0x4d, 0xee, 0x4d, 0xf7, 0x4d, 0x00, 0x4e, 0x09, 0x4e,
  0x12, 0x4e, 0x56, 0x4f, 0x4c, 0x55, 0x4d, 0x45, 0x3a, 0xff, 0x50, 0x49,
  0x41, 0x4e, 0x4f, 0x20, 0x31, 0xff, 0x50, 0x49, 0x41, 0x4e, 0x4f, 0x20,
  0x32, 0xff, 0x4d, 0x41, 0x4e, 0x44, 0x4f, 0x4c, 0x49, 0x4e, 0xff, 0x56,
  0x49, 0x4f, 0x4c, 0x49, 0x4e, 0xff, 0x50, 0x49, 0x41, 0x4e, 0x49, 0x43,
  0x41, 0xff, 0x45, 0x46, 0x46, 0x45, 0x43, 0x54, 0x20, 0x31, 0xff, 0x45,
  0x46, 0x46, 0x45, 0x43, 0x54, 0x20, 0x32, 0xff, 0x45, 0x46, 0x46, 0x45,
  0x43, 0x54, 0x20, 0x33, 0xff, 0x45, 0x46, 0x46, 0x45, 0x43, 0x54, 0x20,
  0x34, 0xff, 0x45, 0x46, 0x46, 0x45, 0x43, 0x54, 0x20, 0x35, 0xff, 0xcd,
  0x07, 0x46, 0x21, 0x27, 0x4e, 0xcd, 0xff, 0x42, 0xc3, 0x1e, 0x4e, 0x31,
  0x7a, 0x60, 0x32, 0xe4, 0x60, 0x33, 0x60, 0x54, 0x34, 0xa7, 0x53, 0x35,
  0x56, 0x53, 0x36, 0xc8, 0x52, 0xff, 0xcd, 0x6d, 0x45, 0x21, 0x46, 0x4e,
  0xcd, 0xff, 0x42, 0xc3, 0x3d, 0x4e, 0x20, 0x06, 0x5f, 0x08, 0x1e, 0x5f,
  0x0d, 0xbd, 0x4f, 0xff, 0x3a, 0x55, 0xe0, 0x3d, 0xc8, 0xdd, 0x2a, 0xc9,
  0xe0, 0xdd, 0x7e, 0x00, 0xfe, 0xff, 0x20, 0x14, 0xdd, 0x7e, 0x01, 0xa7,
  0x28, 0x13, 0xfe, 0x50, 0x28, 0x63, 0xfe, 0x30, 0x28, 0x2c, 0xfe, 0x43,
  0x28, 0x13, 0x18, 0x1b, 0x3e, 0x01, 0x32, 0x56, 0xe0, 0x21, 0x04, 0x00,
  0x22, 0xb9, 0xe0, 0xcd, 0xa6, 0x63, 0xc3, 0x11, 0x58, 0x21, 0x08, 0x00,
  0x3e, 0x01, 0x32, 0x56, 0xe0, 0x18, 0xed, 0xcd, 0x91, 0x63, 0x3a, 0x56,
  0xe0, 0x3d, 0xc8, 0xc3, 0x07, 0x58, 0x2a, 0xbb, 0xe0, 0x11, 0x03, 0x00,
  0xaf, 0xed, 0x52, 0xd8, 0xcd, 0x81, 0x4f, 0x21, 0x04, 0x00, 0x22, 0xb9,
  0xe0, 0xcd, 0xa6, 0x63, 0xdd, 0x2a, 0xcb, 0xe0, 0xcd, 0x7b, 0x52, 0x28,
  0x11, 0xcd, 0x87, 0x52, 0x28, 0x0c, 0xcd, 0x8e, 0x52, 0x28, 0x07, 0x3a,
  0x56, 0xe0, 0x3d, 0xc4, 0x2e, 0x4f, 0xc3, 0x11, 0x58, 0xcd, 0x1a, 0x62,
  0xc0, 0x3e, 0x01, 0x32, 0x19, 0xe0, 0xaf, 0xcd, 0x3a, 0x4f, 0xaf, 0x32,
  0x56, 0xe0, 0x3e, 0x1b, 0x32, 0x49, 0xe0, 0xdd, 0x2a, 0xc9, 0xe0, 0xdd,
  0x7e, 0x01, 0xfe, 0xff, 0xc2, 0x99, 0x58, 0x3e, 0x01, 0x32, 0x55, 0xe0,
  0xc3, 0xb3, 0x61, 0x3a, 0x58, 0xe0, 0x3d, 0xc0, 0x3a, 0x56, 0xe0, 0x3d,
  0xc8, 0x3a, 0x1d, 0xe0, 0x3d, 0xc8, 0xcd, 0x1a, 0x62, 0xc0, 0x3e, 0x1b,
  0x32, 0x49, 0xe0, 0xcd, 0x5d, 0x5e, 0xcd, 0xb3, 0x61, 0xcd, 0x25, 0x5a,
  0xcd, 0xe9, 0x5c, 0xcd, 0xf1, 0x5b, 0xcd, 0xa4, 0x5a, 0xaf, 0x32, 0x58,
  0xe0, 0xcd, 0x60, 0x5c, 0x3e, 0x01, 0x32, 0x56, 0xe0, 0xc9, 0xaf, 0x32,
  0x19, 0xe0, 0x3e, 0x01, 0xcd, 0x3a, 0x4f, 0xc3, 0xa4, 0x5a, 0x32, 0xa9,
  0xe0, 0xf5, 0xcd, 0x52, 0x4f, 0x22, 0xb9, 0xe0, 0xcd, 0xa6, 0x63, 0xf1,
  0x3c, 0xfe, 0x06, 0x20, 0xed, 0xaf, 0x32, 0xa9, 0xe0, 0xc9, 0xcd, 0x08,
  0x64, 0xd5, 0xdd, 0xe1, 0xcd, 0xc8, 0x5c, 0x21, 0x04, 0x00, 0xdd, 0x7e,
  0x00, 0xfe, 0xff, 0x20, 0x13, 0xdd, 0x7e, 0x01, 0xfe, 0x50, 0xc8, 0xfe,
  0xff, 0xc8, 0x3a, 0x19, 0xe0, 0x3d, 0x28, 0x04, 0xcd, 0x7b, 0x52, 0xc8,
  0xcd, 0xc8, 0x5c, 0x11, 0x04, 0x00, 0x19, 0x18, 0xdd, 0xdd, 0x2a, 0xc9,
  0xe0, 0xdd, 0xe5, 0xcd, 0xb9, 0x5c, 0xcd, 0x74, 0x52, 0x28, 0x29, 0xcd,
  0x8e, 0x52, 0x28, 0x24, 0xcd, 0x87, 0x52, 0x20, 0xee, 0xcd, 0xb9, 0x5c,
  0xcd, 0x8e, 0x52, 0x28, 0x17, 0xcd, 0x74, 0x52, 0x28, 0x12, 0xcd, 0x64,
  0x52, 0x20, 0xee, 0xdd, 0x22, 0xc9, 0xe0, 0xcd, 0x01, 0x51, 0xcd, 0xb3,
  0x50, 0xcd, 0xd0, 0x62, 0xe1, 0x22, 0xc9, 0xe0, 0xc9, 0x3a, 0x38, 0xe0,
  0xa7, 0x20, 0x08, 0xcd, 0xc3, 0x59, 0x3e, 0x01, 0x32, 0x38, 0xe0, 0xcd,
  0xb6, 0x5a, 0x3a, 0x54, 0xe0, 0xfe, 0x02, 0x06, 0x01, 0xca, 0x38, 0x62,
  0x3e, 0x1b, 0x32, 0x49, 0xe0, 0xdd, 0x2a, 0xc9, 0xe0, 0xcd, 0x7b, 0x52,
  0xc8, 0xcd, 0x74, 0x52, 0x28, 0x39, 0x16, 0x30, 0xcd, 0x1b, 0x52, 0x06,
  0x04, 0xca, 0x38, 0x62, 0x3a, 0x55, 0xe0, 0x3d, 0x20, 0x29, 0x3a, 0x58,
  0xe0, 0x3d, 0xcc, 0xb1, 0x59, 0xcd, 0x8c, 0x50, 0x06, 0x01, 0xca, 0x38,
  0x62, 0xcd, 0xd0, 0x62, 0xdd, 0x2a, 0xc9, 0xe0, 0xcd, 0x99, 0x58, 0xcd,
  0x2e, 0x4f, 0xcd, 0xf1, 0x5b, 0xcd, 0xac, 0x5e, 0xcd, 0x5d, 0x5e, 0xcd,
  0xde, 0x50, 0xc9, 0x3a, 0x58, 0xe0, 0x3d, 0xc8, 0xcd, 0x8c, 0x50, 0x06,
  0x01, 0xca, 0x38, 0x62, 0xcd, 0x81, 0x4f, 0xcd, 0x8c, 0x50, 0xdd, 0x2a,
  0xc9, 0xe0, 0xcd, 0x74, 0x52, 0x20, 0x1f, 0x21, 0x04, 0x00, 0x22, 0xb9,
  0xe0, 0xcd, 0xa6, 0x63, 0xdd, 0x2a, 0xcb, 0xe0, 0xcd, 0x7b, 0x52, 0xca,
  0xca, 0x4e, 0xcd, 0x87, 0x52, 0xca, 0xca, 0x4e, 0xcd, 0x8e, 0x52, 0xca,
  0xca, 0x4e, 0xdd, 0x2a, 0xcb, 0xe0, 0xcd, 0x7b, 0x52, 0xc8, 0xcd, 0x87,
  0x52, 0xc8, 0xcd, 0x8e, 0x52, 0xc8, 0xcd, 0xd0, 0x62, 0x3e, 0x1b, 0x32,
  0x49, 0xe0, 0xcd, 0x5d, 0x5e, 0xdd, 0x2a, 0xc9, 0xe0, 0xcd, 0x99, 0x58,
  0xcd, 0x8f, 0x57, 0x3a, 0x56, 0xe0, 0x3d, 0xc8, 0xcd, 0x2e, 0x4f, 0xc9,
  0x3a, 0x38, 0xe0, 0xa7, 0x28, 0x12, 0x3a, 0x1f, 0xe0, 0x32, 0x44, 0xe0,
  0x3a, 0x4a, 0xe0, 0x32, 0x6a, 0xe0, 0x3a, 0x62, 0xe0, 0x32, 0x69, 0xe0,
  0xcd, 0xb3, 0x50, 0x3a, 0xaf, 0xe0, 0x32, 0x6b, 0xe0, 0xcd, 0x34, 0x5b,
  0xc3, 0x4a, 0x5b, 0x21, 0x9f, 0xe0, 0x36, 0xff, 0x23, 0x36, 0x30, 0x23,
  0x3a, 0x6a, 0xe0, 0xc6, 0x24, 0x77, 0x3a, 0x44, 0xe0, 0x3d, 0x20, 0x02,
  0xcb, 0xfe, 0x23, 0x1e, 0x00, 0x3a, 0x69, 0xe0, 0xfe, 0x07, 0x38, 0x04,
  0xd6, 0x07, 0x1e, 0x01, 0xed, 0x6f, 0x7b, 0xed, 0x6f, 0xc9, 0xcd, 0x47,
  0x61, 0x11, 0x6f, 0x01, 0x21, 0xe8, 0x6b, 0xcd, 0x83, 0x47, 0x16, 0x05,
  0xd5, 0x01, 0x05, 0x03, 0xcd, 0x30, 0x47, 0xd1, 0xc3, 0x5c, 0x5b, 0xdd,
  0x2a, 0xc9, 0xe0, 0xcd, 0x01, 0x51, 0xc3, 0xde, 0x50, 0xed, 0x5b, 0xbd,
  0xe0, 0xcd, 0x74, 0x52, 0xca, 0xf5, 0x58, 0xcd, 0xe0, 0x5c, 0xdd, 0xe5,
  0xe1, 0xed, 0x52, 0x20, 0xf0, 0x3a, 0x40, 0xe0, 0xc6, 0x18, 0x32, 0x6a,
  0xe0, 0x3a, 0x43, 0xe0, 0x32, 0x44, 0xe0, 0xaf, 0x32, 0x69, 0xe0, 0xc9,
  0xcd, 0xc5, 0x45, 0xcd, 0xea, 0x55, 0xdd, 0x2a, 0xc9, 0xe0, 0xcd, 0x87,
  0x52, 0x20, 0x0e, 0xdd, 0x7e, 0x03, 0xa7, 0x28, 0x02, 0x3e, 0x01, 0x32,
  0x16, 0xe0, 0xcd, 0xa2, 0x5f, 0x21, 0x4e, 0x51, 0xcd, 0xff, 0x42, 0xc3,
  0x2e, 0x51, 0x20, 0xc9, 0x55, 0x08, 0xda, 0x55, 0x31, 0xba, 0x5f, 0x32,
  0xba, 0x5f, 0x33, 0xba, 0x5f, 0x34, 0xba, 0x5f, 0x35, 0xba, 0x5f, 0x36,
  0xba, 0x5f, 0x37, 0x4f, 0x5f, 0x38, 0x5c, 0x5f, 0x0d, 0x70, 0x51, 0xff,
  0x3a, 0x56, 0xe0, 0x3d, 0xc8, 0x3a, 0xaf, 0xe0, 0xa7, 0xc0, 0xcd, 0x0d,
  0x52, 0xc8, 0xdd, 0x2a, 0xc9, 0xe0, 0xcd, 0xd1, 0x5c, 0xcd, 0x64, 0x52,
  0x28, 0x06, 0xcd, 0x87, 0x52, 0xc8, 0x18, 0xf2, 0xdd, 0x21, 0x99, 0xe0,
  0xdd, 0x36, 0x00, 0x04, 0xdd, 0x36, 0x01, 0xff, 0xdd, 0x36, 0x04, 0x00,
  0x21, 0xf5, 0x51, 0x3a, 0x5f, 0xe0, 0x32, 0x60, 0xe0, 0x87, 0x5f, 0x16,
  0x00, 0x19, 0x7e, 0xdd, 0x77, 0x02, 0x57, 0x23, 0x7e, 0xdd, 0x77, 0x03,
  0x5f, 0xcd, 0x1b, 0x52, 0x06, 0x04, 0xca, 0x38, 0x62, 0xcd, 0xdc, 0x62,
  0xcd, 0xe9, 0x5c, 0x3e, 0x1b, 0x32, 0x49, 0xe0, 0xcd, 0x5d, 0x5e, 0xcd,
  0x94, 0x52, 0xc3, 0xd5, 0x51, 0xcd, 0xf1, 0x5b, 0xcd, 0xac, 0x5e, 0xcd,
  0x5d, 0x5e, 0x3a, 0x55, 0xe0, 0xfe, 0x01, 0x28, 0x08, 0xdd, 0x2a, 0xc9,
  0xe0, 0xcd, 0x99, 0x58, 0xc9, 0x3a, 0x58, 0xe0, 0x3d, 0xcc, 0xb3, 0x61,
  0xc9, 0x10, 0x00, 0x11, 0x01, 0x14, 0x00, 0x16, 0x00, 0x15, 0x00, 0x17,
  0x00, 0x18, 0x01, 0x18, 0x02, 0x18, 0x03, 0x18, 0x04, 0x13, 0x00, 0x19,
  0x00, 0x2a, 0xbb, 0xe0, 0x7d, 0xb4, 0xc9, 0xdd, 0x7e, 0x00, 0x3c, 0xdd,
  0x7e, 0x01, 0xc9, 0xdd, 0x2a, 0xc9, 0xe0, 0xdd, 0x7e, 0x00, 0x3c, 0x20,
  0x10, 0xdd, 0x7e, 0x01, 0xfe, 0xff, 0x28, 0x09, 0xfe, 0x43, 0x28, 0x05,
  0xcd, 0xb9, 0x5c, 0x18, 0xea, 0xcd, 0xd1, 0x5c, 0xdd, 0x7e, 0x00, 0x3c,
  0xc0, 0xdd, 0x7e, 0x01, 0xba, 0x28, 0x0b, 0xfe, 0x43, 0x28, 0x04, 0xfe,
  0x52, 0x20, 0xea, 0xaf, 0x3c, 0xc9, 0xfe, 0x18, 0x20, 0x07, 0xdd, 0x7e,
  0x02, 0xbb, 0xc8, 0x18, 0xdc, 0xaf, 0xc9, 0xcd, 0x64, 0x52, 0xc8, 0xfe,
  0x30, 0xc8, 0xa7, 0xc9, 0xcd, 0x13, 0x52, 0x28, 0x02, 0xaf, 0xc9, 0xfe,
  0x43, 0xc9, 0xcd, 0x13, 0x52, 0xc0, 0xa7, 0xc9, 0xcd, 0x13, 0x52, 0xc0,
  0xfe, 0x30, 0xc9, 0xcd, 0x5b, 0x52, 0x28, 0xcb, 0xcd, 0x8e, 0x52, 0x28,
  0xc6, 0xaf, 0xc9, 0xcd, 0x13, 0x52, 0xc0, 0xfe, 0x50, 0xc9, 0xcd, 0x13,
  0x52, 0xc0, 0x3c, 0xc9, 0x3a, 0x49, 0xe0, 0x57, 0x1e, 0x10, 0xdd, 0x21,
  0xb0, 0x52, 0x3a, 0x60, 0xe0, 0x87, 0x4f, 0x06, 0x00, 0xdd, 0x09, 0xdd,
  0x6e, 0x00, 0xdd, 0x66, 0x01, 0xc3, 0x88, 0x47, 0xa4, 0x6d, 0xbe, 0x6d,
  0xd8, 0x6d, 0xf0, 0x6d, 0x0a, 0x6e, 0x22, 0x6e, 0x3a, 0x6e, 0x52, 0x6e,
  0x6a, 0x6e, 0x82, 0x6e, 0x9a, 0x6e, 0xb2, 0x6e, 0xcd, 0x55, 0x60, 0x3a,
  0x56, 0xe0, 0x3d, 0x20, 0x07, 0x06, 0x01, 0xcd, 0x38, 0x62, 0x18, 0x55,
  0x3e, 0x01, 0x32, 0x1e, 0xe0, 0xcd, 0xbe, 0x48, 0x16, 0x1b, 0x1e, 0x29,
  0x01, 0x4b, 0x01, 0xcd, 0x30, 0x47, 0x06, 0x06, 0x18, 0x02, 0x06, 0x07,
  0xc5, 0xcd, 0x8f, 0x57, 0xc1, 0x3a, 0x55, 0xe0, 0x3d, 0x28, 0x0c, 0x10,
  0xf3, 0xcd, 0x30, 0x53, 0xcd, 0x29, 0x7f, 0x28, 0x1e, 0x18, 0xe7, 0x78,
  0x3d, 0x28, 0x12, 0xc5, 0x3e, 0x1b, 0x32, 0x49, 0xe0, 0xcd, 0x5d, 0x5e,
  0xc1, 0x05, 0xc5, 0xcd, 0xac, 0x5e, 0xc1, 0x10, 0xf9, 0xcd, 0x30, 0x53,
  0xcd, 0x29, 0x7f, 0xcd, 0xbe, 0x48, 0xaf, 0x32, 0x1e, 0xe0, 0xcd, 0x7a,
  0x48, 0xc3, 0x5f, 0x60, 0x1e, 0x28, 0x0e, 0x02, 0x06, 0x05, 0xc5, 0x16,
  0x01, 0x06, 0x1e, 0x21, 0x53, 0x53, 0xcd, 0x83, 0x47, 0x14, 0x10, 0xf7,
  0xc1, 0x7b, 0xc6, 0x06, 0x5f, 0x10, 0xeb, 0x7b, 0xc6, 0x06, 0x5f, 0x0d,
  0x20, 0xe2, 0xc9, 0x01, 0x01, 0xff, 0xcd, 0x55, 0x60, 0x3a, 0x56, 0xe0,
  0x3d, 0x20, 0x07, 0x06, 0x02, 0xcd, 0x38, 0x62, 0x18, 0x38, 0xcd, 0x45,
  0x54, 0xcd, 0x2a, 0x54, 0xcd, 0x07, 0x54, 0x3a, 0x1a, 0xe0, 0xfe, 0x01,
  0x28, 0x28, 0xcd, 0x1a, 0x62, 0x20, 0x23, 0x21, 0x7a, 0xe0, 0x11, 0x2b,
  0xe0, 0x01, 0x06, 0x00, 0xed, 0xb0, 0xdd, 0x21, 0x27, 0xe0, 0xed, 0x5b,
  0x11, 0xe0, 0xed, 0x53, 0x27, 0xe0, 0x2a, 0xb3, 0xe0, 0xaf, 0xed, 0x52,
  0x22, 0x29, 0xe0, 0xcd, 0xbd, 0x7e, 0xcd, 0x5f, 0x60, 0x21, 0x9e, 0x54,
  0xc3, 0xa3, 0x40, 0xcd, 0x55, 0x60, 0xcd, 0x07, 0x54, 0x3a, 0x1a, 0xe0,
  0xfe, 0x01, 0x28, 0x3c, 0xcd, 0x1a, 0x62, 0x20, 0x37, 0x21, 0x7a, 0xe0,
  0x7e, 0xfe, 0x20, 0x20, 0x03, 0x3e, 0x0d, 0x77, 0x11, 0x08, 0xe0, 0x01,
  0x06, 0x00, 0xed, 0xb0, 0xdd, 0x21, 0x27, 0xe0, 0xcd, 0x17, 0x7e, 0xda,
  0xf9, 0x53, 0x3e, 0x01, 0x32, 0x38, 0xe0, 0x21, 0x9e, 0x54, 0xcd, 0xa3,
  0x40, 0xcd, 0x36, 0x54, 0xcd, 0x23, 0x49, 0xcd, 0xbe, 0x48, 0xcd, 0x7a,
  0x48, 0xcd, 0x07, 0x46, 0xcd, 0x5f, 0x60, 0x21, 0x9e, 0x54, 0xc3, 0xa3,
  0x40, 0x31, 0xff, 0xe7, 0xcd, 0x1d, 0x42, 0x3e, 0x01, 0x32, 0x1c, 0xe0,
  0xc3, 0x32, 0x48, 0x21, 0x17, 0x54, 0xcd, 0xa3, 0x40, 0x01, 0x00, 0x06,
  0x16, 0x69, 0x1e, 0x88, 0xc3, 0xac, 0x54, 0x04, 0x18, 0x88, 0x01, 0x1e,
  0x54, 0xff, 0x46, 0x49, 0x4c, 0x45, 0x20, 0x4e, 0x41, 0x4d, 0x45, 0x20,
  0x3a, 0xff, 0x21, 0x6d, 0xe0, 0xed, 0x5b, 0x11, 0xe0, 0x13, 0x13, 0x13,
  0x18, 0x09, 0x2a, 0x11, 0xe0, 0x23, 0x23, 0x23, 0x11, 0x6d, 0xe0, 0x01,
  0x0c, 0x00, 0xed, 0xb0, 0xc9, 0xdd, 0x2a, 0x11, 0xe0, 0xdd, 0x36, 0x00,
  0x04, 0xdd, 0x36, 0x01, 0x52, 0xdd, 0x36, 0x02, 0x06, 0x06, 0x21, 0xdd,
  0x36, 0x03, 0x20, 0xdd, 0x23, 0x10, 0xf8, 0xc9, 0xcd, 0x55, 0x60, 0x21,
  0x92, 0x54, 0xcd, 0xa3, 0x40, 0x06, 0x0c, 0x0e, 0x00, 0x16, 0x4c, 0x1e,
  0x88, 0xcd, 0xac, 0x54, 0x3a, 0x1a, 0xe0, 0xfe, 0x01, 0x28, 0x0e, 0x21,
  0x7a, 0xe0, 0x11, 0x6d, 0xe0, 0x01, 0x0c, 0x00, 0xed, 0xb0, 0xcd, 0xd9,
  0x5b, 0x21, 0x9e, 0x54, 0xcd, 0xa3, 0x40, 0xc3, 0x5f, 0x60, 0x0d, 0x02,
  0x88, 0x12, 0x08, 0x04, 0x18, 0x88, 0x0a, 0xa4, 0x54, 0xff, 0x0d, 0x02,
  0x88, 0x12, 0x18, 0xff, 0x54, 0x49, 0x54, 0x4c, 0x45, 0x20, 0x3a, 0xff,
  0xaf, 0x32, 0x87, 0xe0, 0x32, 0x1a, 0xe0, 0xcd, 0x4b, 0x55, 0xcd, 0x76,
  0x55, 0xcd, 0x37, 0x55, 0xcd, 0x8d, 0x55, 0x21, 0x7a, 0xe0, 0xe5, 0xcd,
  0x9e, 0x42, 0xe1, 0xfe, 0x1b, 0xca, 0x66, 0x55, 0xfe, 0x0d, 0xca, 0x6b,
  0x55, 0xfe, 0x7f, 0x28, 0x47, 0xfe, 0x08, 0xca, 0x1c, 0x55, 0x08, 0x79,
  0xfe, 0x01, 0x20, 0x0d, 0x08, 0xfe, 0x30, 0x38, 0xdd, 0xfe, 0x3a, 0x30,
  0xd9, 0x08, 0xcd, 0x37, 0x55, 0x08, 0x77, 0x23, 0x3a, 0x87, 0xe0, 0x3c,
  0x32, 0x87, 0xe0, 0xcd, 0x8d, 0x55, 0xcd, 0x4b, 0x55, 0x3a, 0x87, 0xe0,
  0xb8, 0x20, 0xbf, 0xe5, 0xcd, 0x6b, 0x55, 0xcd, 0x9e, 0x42, 0xe1, 0xfe,
  0x1b, 0x28, 0x57, 0xfe, 0x0d, 0xc8, 0xfe, 0x7f, 0x28, 0x06, 0xfe, 0x08,
  0x28, 0x02, 0x18, 0xe7, 0x3a, 0x87, 0xe0, 0xfe, 0x00, 0x28, 0xd4, 0x3d,
  0x32, 0x87, 0xe0, 0x2b, 0x79, 0xfe, 0x01, 0x3e, 0x20, 0x20, 0x02, 0x3e,
  0x30, 0x77, 0xcd, 0x37, 0x55, 0x18, 0xc0, 0xd5, 0xc5, 0xe5, 0x7a, 0xcb,
  0x3f, 0xcb, 0x3f, 0xcb, 0x3f, 0x57, 0x0e, 0x08, 0xcd, 0x30, 0x47, 0xe1,
  0xc1, 0xd1, 0xc9, 0xc5, 0xe5, 0x7b, 0x21, 0x14, 0x1b, 0xcd, 0x4d, 0x00,
  0x3a, 0x87, 0xe0, 0x47, 0xcd, 0xa4, 0x4d, 0x90, 0x82, 0x3d, 0x3d, 0x23,
  0xcd, 0x4d, 0x00, 0xe1, 0xc1, 0xc9, 0x3e, 0x01, 0x32, 0x1a, 0xe0, 0xe5,
  0x21, 0x15, 0x1b, 0x3e, 0xff, 0xcd, 0x4d, 0x00, 0xe1, 0xc9, 0xc5, 0xe5,
  0x21, 0x7a, 0xe0, 0x79, 0xfe, 0x01, 0x3e, 0x20, 0x20, 0x02, 0x3e, 0x30,
  0x77, 0x23, 0x10, 0xfc, 0x36, 0xff, 0xe1, 0xc1, 0xc9, 0xc5, 0xe5, 0x0e,
  0x01, 0x21, 0x7a, 0xe0, 0xcd, 0x57, 0x47, 0xe1, 0xc1, 0xc9, 0xcd, 0xc1,
  0x55, 0x3a, 0x46, 0xe0, 0x3c, 0xfe, 0x0c, 0x20, 0x01, 0xaf, 0x32, 0x46,
  0xe0, 0x18, 0x12, 0xcd, 0xc1, 0x55, 0x3a, 0x46, 0xe0, 0x3d, 0xfe, 0xff,
  0x20, 0x02, 0x3e, 0x0b, 0x32, 0x46, 0xe0, 0x18, 0x00, 0x0e, 0x1e, 0x18,
  0x02, 0x0e, 0x15, 0x3a, 0x46, 0xe0, 0xc3, 0xf6, 0x55, 0xcd, 0xee, 0x55,
  0x3a, 0x5f, 0xe0, 0x3c, 0xfe, 0x0c, 0x20, 0x01, 0xaf, 0x32, 0x5f, 0xe0,
  0x18, 0x10, 0xcd, 0xee, 0x55, 0x3a, 0x5f, 0xe0, 0x3d, 0xfe, 0xff, 0x20,
  0x02, 0x3e, 0x0b, 0x32, 0x5f, 0xe0, 0x0e, 0x1e, 0x18, 0x02, 0x0e, 0x17,
  0x3a, 0x5f, 0xe0, 0xc3, 0xf6, 0x55, 0x07, 0x3c, 0x3c, 0x57, 0x1e, 0x85,
  0x79, 0x06, 0x02, 0x0e, 0x17, 0xc3, 0x0e, 0x47, 0x3a, 0x4a, 0xe0, 0xfe,
  0x3b, 0xc8, 0x3c, 0x32, 0x4a, 0xe0, 0x3e, 0x01, 0x32, 0x1f, 0xe0, 0xc9,
  0x3a, 0x4a, 0xe0, 0xfe, 0x05, 0xc8, 0x3d, 0x32, 0x4a, 0xe0, 0xaf, 0x32,
  0x1f, 0xe0, 0xc9, 0x3a, 0x21, 0xe0, 0x3d, 0xc0, 0xdd, 0x2a, 0xc9, 0xe0,
  0x3a, 0x55, 0xe0, 0x3d, 0x20, 0x03, 0xcd, 0xd1, 0x5c, 0xcd, 0x64, 0x52,
  0x28, 0x05, 0xfe, 0x52, 0xc8, 0x18, 0xf3, 0xcd, 0x53, 0x56, 0xdd, 0x7e,
  0x02, 0xfe, 0xd0, 0xc0, 0xdd, 0x7e, 0x00, 0xcb, 0xbf, 0xd6, 0x24, 0x32,
  0x4a, 0xe0, 0xc9, 0xdd, 0x7e, 0x00, 0x3c, 0xc0, 0xdd, 0x7e, 0x01, 0xfe,
  0x43, 0xcc, 0xc8, 0x5c, 0xc9, 0xcd, 0x23, 0x56, 0x3a, 0x1f, 0xe0, 0x32,
  0x45, 0xe0, 0x3a, 0x4a, 0xe0, 0xc6, 0x24, 0xfd, 0x2a, 0xc9, 0xe0, 0xcd,
  0x74, 0x65, 0x16, 0x1d, 0x3a, 0x50, 0xe0, 0x3d, 0xf5, 0xcc, 0x2a, 0x57,
  0xf1, 0xc4, 0x87, 0x57, 0x3a, 0x4e, 0xe0, 0xfe, 0x01, 0x28, 0x03, 0xaf,
  0x18, 0x02, 0x3e, 0x01, 0x21, 0x07, 0x1b, 0xcd, 0x4d, 0x00, 0x3a, 0x4e,
  0xe0, 0xfe, 0x02, 0x28, 0x03, 0xaf, 0x18, 0x02, 0x3e, 0x01, 0x21, 0x0b,
  0x1b, 0xcd, 0x4d, 0x00, 0x3a, 0x4e, 0xe0, 0xfe, 0x03, 0x28, 0x03, 0xaf,
  0x18, 0x02, 0x3e, 0x01, 0x21, 0x0f, 0x1b, 0xcd, 0x4d, 0x00, 0x3a, 0x48,
  0xe0, 0x5f, 0x83, 0x83, 0x06, 0x04, 0x21, 0x00, 0x1b, 0xf5, 0xcd, 0x4d,
  0x00, 0xf1, 0x11, 0x04, 0x00, 0x19, 0x10, 0xf5, 0x11, 0x8a, 0x1b, 0x01,
  0x0a, 0x02, 0x3e, 0x15, 0x08, 0x3e, 0x80, 0xcd, 0xec, 0x46, 0x14, 0xcd,
  0x30, 0x47, 0x21, 0x2f, 0x68, 0x16, 0xe2, 0x3a, 0x1f, 0xe0, 0xfe, 0x01,
  0x28, 0x03, 0x21, 0x47, 0x68, 0x3a, 0x47, 0xe0, 0x4f, 0x06, 0x00, 0xdd,
  0x21, 0x8d, 0x66, 0xdd, 0x09, 0xdd, 0x7e, 0x00, 0xfe, 0x01, 0x20, 0x04,
  0x15, 0x15, 0x15, 0x15, 0x79, 0x87, 0x4f, 0x09, 0x3e, 0x01, 0x32, 0xe9,
  0xf3, 0x7a, 0x32, 0xb7, 0xfc, 0x3e, 0x8d, 0x32, 0xb9, 0xfc, 0x7e, 0xcd,
  0x8d, 0x00, 0x23, 0x3a, 0xb7, 0xfc, 0x3d, 0x32, 0xb7, 0xfc, 0x7e, 0xc3,
  0x8d, 0x00, 0x1e, 0x02, 0x21, 0x35, 0x6c, 0xc3, 0x88, 0x47, 0x3a, 0x53,
  0xe0, 0x3d, 0xc0, 0x3a, 0x49, 0xe0, 0x57, 0x1e, 0x10, 0x21, 0x72, 0x6d,
  0xc3, 0x88, 0x47, 0x4f, 0x06, 0x00, 0xdd, 0x09, 0xdd, 0x7e, 0x00, 0x21,
  0xfd, 0x68, 0xcd, 0x5a, 0x57, 0x14, 0xdd, 0x7e, 0x0c, 0xa7, 0xc8, 0x21,
  0xe8, 0x68, 0x4f, 0xcd, 0xa4, 0x4d, 0x91, 0x4f, 0x09, 0xc3, 0x83, 0x47,
  0x87, 0x4f, 0x06, 0x00, 0xdd, 0x21, 0x3a, 0x69, 0xdd, 0x09, 0xdd, 0x6e,
  0x00, 0xdd, 0x66, 0x01, 0xcd, 0x83, 0x47, 0x3a, 0x69, 0xe0, 0xfe, 0x07,
  0xc0, 0x21, 0x91, 0x69, 0x7b, 0xd6, 0x06, 0x5f, 0xc3, 0x83, 0x47, 0x1e,
  0x02, 0x01, 0x05, 0x02, 0xc3, 0x30, 0x47, 0x3a, 0x55, 0xe0, 0x3d, 0xc8,
  0x3a, 0x56, 0xe0, 0x3d, 0x28, 0x49, 0xcd, 0xf0, 0x57, 0xdd, 0x2a, 0xc9,
  0xe0, 0x3a, 0x55, 0xe0, 0x3d, 0x28, 0x03, 0xcd, 0x99, 0x58, 0x3a, 0x58,
  0xe0, 0x3d, 0x20, 0x2a, 0x2a, 0xb5, 0xe0, 0x23, 0x22, 0xb5, 0xe0, 0xcd,
  0x8f, 0x5b, 0xdd, 0x2a, 0xc9, 0xe0, 0xcd, 0x87, 0x52, 0x28, 0x0b, 0xcd,
  0xb3, 0x61, 0x3a, 0x63, 0xe0, 0xcd, 0x3e, 0x5b, 0x18, 0x0c, 0xdd, 0x7e,
  0x02, 0x32, 0x65, 0xe0, 0xcd, 0x34, 0x5b, 0xcd, 0xbf, 0x61, 0x3a, 0x1e,
  0xe0, 0x3d, 0xc8, 0xcd, 0xf7, 0x50, 0xc9, 0xdd, 0x2a, 0xc9, 0xe0, 0xcd,
  0xb9, 0x5c, 0xcd, 0x7b, 0x52, 0x20, 0xab, 0xc9, 0xcd, 0x4b, 0x58, 0xcd,
  0x60, 0x58, 0xcd, 0xe9, 0x5c, 0xcd, 0xf1, 0x5b, 0xcd, 0xac, 0x5e, 0x3e,
  0x1b, 0x32, 0x49, 0xe0, 0xc3, 0x5d, 0x5e, 0xcd, 0x0d, 0x52, 0xc8, 0x3a,
  0x56, 0xe0, 0xa7, 0x20, 0x30, 0xcd, 0x60, 0x5c, 0xcd, 0xd3, 0x5e, 0x3e,
  0x09, 0x32, 0x49, 0xe0, 0xcd, 0x5d, 0x5e, 0xcd, 0x4b, 0x58, 0xcd, 0x74,
  0x58, 0x3a, 0x57, 0xe0, 0x3d, 0xcc, 0x14, 0x5d, 0x2a, 0xbb, 0xe0, 0x11,
  0x06, 0x00, 0xa7, 0xed, 0x52, 0x38, 0x07, 0xdd, 0x2a, 0xac, 0xe0, 0xcd,
  0x99, 0x58, 0xc3, 0xf7, 0x50, 0xdd, 0x2a, 0xc9, 0xe0, 0xcd, 0x5b, 0x52,
  0xc0, 0x18, 0xc6, 0xdd, 0x2a, 0xc9, 0xe0, 0xcd, 0x64, 0x52, 0x3e, 0x00,
  0x20, 0x06, 0xcd, 0x53, 0x56, 0xdd, 0x7e, 0x01, 0x32, 0xae, 0xe0, 0xc9,
  0xcd, 0x86, 0x58, 0xc8, 0x86, 0xdd, 0xbe, 0x00, 0x28, 0x02, 0x77, 0xc9,
  0xaf, 0x77, 0x3e, 0x01, 0x32, 0x57, 0xe0, 0xc9, 0xcd, 0x86, 0x58, 0xc8,
  0x57, 0x7e, 0xa7, 0x20, 0x06, 0xcd, 0x6e, 0x58, 0xdd, 0x7e, 0x00, 0x92,
  0x77, 0xc9, 0xaf, 0x32, 0x54, 0xe0, 0x32, 0x57, 0xe0, 0x21, 0xaf, 0xe0,
  0xdd, 0x21, 0x3e, 0xe0, 0x3a, 0xae, 0xe0, 0xa7, 0xc9, 0xdd, 0x7e, 0x00,
  0xfe, 0xff, 0x28, 0x17, 0xfe, 0x7e, 0x28, 0x0d, 0xdd, 0xe5, 0xcd, 0xed,
  0x64, 0xdd, 0xe1, 0xcd, 0xfc, 0x5d, 0xc3, 0x42, 0x5d, 0xcd, 0xed, 0x64,
  0xc3, 0x6b, 0x5e, 0xdd, 0x7e, 0x01, 0xfe, 0x30, 0x28, 0x2a, 0xfe, 0x50,
  0x28, 0x0e, 0xa7, 0x28, 0x70, 0xfe, 0x43, 0x28, 0x02, 0x18, 0x46, 0xcd,
  0xc8, 0x5c, 0x18, 0xd0, 0xcd, 0xd6, 0x58, 0xc3, 0xbf, 0x61, 0xdd, 0x7e,
  0x02, 0x32, 0x65, 0xe0, 0xdd, 0x7e, 0x03, 0xa7, 0x28, 0x02, 0x3e, 0x01,
  0x32, 0x17, 0xe0, 0xc9, 0xcd, 0xf5, 0x58, 0x3a, 0x49, 0xe0, 0x3d, 0x57,
  0x1e, 0x09, 0xc3, 0x5c, 0x5b, 0xdd, 0x7e, 0x02, 0xcb, 0x7f, 0xcb, 0xbf,
  0xf5, 0x3e, 0x01, 0x20, 0x01, 0xaf, 0x32, 0x44, 0xe0, 0xf1, 0xd6, 0x24,
  0x32, 0x6a, 0xe0, 0xdd, 0x7e, 0x03, 0xc3, 0x16, 0x5b, 0x06, 0x00, 0xfd,
  0x21, 0xf5, 0x51, 0xfd, 0x7e, 0x00, 0xdd, 0xbe, 0x01, 0x20, 0x08, 0xfd,
  0x7e, 0x01, 0xdd, 0xbe, 0x02, 0x28, 0x07, 0xfd, 0x23, 0xfd, 0x23, 0x04,
  0x18, 0xe9, 0x78, 0x32, 0x60, 0xe0, 0xc3, 0x94, 0x52, 0xdd, 0x6e, 0x02,
  0xdd, 0x66, 0x03, 0x22, 0x36, 0xe0, 0xc3, 0xdc, 0x4a, 0x3a, 0x5a, 0xe0,
  0x3d, 0xcc, 0x68, 0x59, 0x11, 0xa1, 0x02, 0x01, 0x17, 0x03, 0x3a, 0x59,
  0xe0, 0xfe, 0x01, 0x28, 0x0a, 0x3e, 0x01, 0x32, 0x59, 0xe0, 0x3e, 0x19,
  0xc3, 0x0e, 0x47, 0xaf, 0x32, 0x59, 0xe0, 0x3e, 0x15, 0xc3, 0x0e, 0x47,
  0x3a, 0x59, 0xe0, 0xfe, 0x01, 0xcc, 0x41, 0x59, 0x16, 0x05, 0x1e, 0xa1,
  0x06, 0x03, 0x0e, 0x17, 0x3a, 0x5a, 0xe0, 0xfe, 0x01, 0x28, 0x0a, 0x3e,
  0x01, 0x32, 0x5a, 0xe0, 0x3e, 0x1b, 0xc3, 0x0e, 0x47, 0xaf, 0x32, 0x5a,
  0xe0, 0x3e, 0x15, 0xc3, 0x0e, 0x47, 0x11, 0xa1, 0x08, 0x01, 0x17, 0x03,
  0x3a, 0x5b, 0xe0, 0xfe, 0x01, 0x28, 0x09, 0x3e, 0x01, 0x32, 0x5b, 0xe0,
  0x3e, 0x17, 0x18, 0x06, 0xaf, 0x32, 0x5b, 0xe0, 0x3e, 0x15, 0xc3, 0x0e,
  0x47, 0x3a, 0x38, 0xe0, 0x3d, 0x28, 0x0c, 0xcd, 0xc3, 0x59, 0xcd, 0x01,
  0x50, 0x3e, 0x01, 0x32, 0x38, 0xe0, 0xc9, 0x3a, 0x1d, 0xe0, 0x3d, 0x06,
  0x03, 0xca, 0x38, 0x62, 0x3e, 0x1b, 0x32, 0x49, 0xe0, 0x3a, 0x58, 0xe0,
  0x3d, 0x28, 0x38, 0xcd, 0x3c, 0x64, 0xcd, 0x4b, 0x5a, 0x3a, 0x54, 0xe0,
  0x3d, 0x06, 0x00, 0xca, 0x38, 0x62, 0x3a, 0x55, 0xe0, 0x3d, 0xc4, 0xf0,
  0x57, 0xcd, 0xd5, 0x62, 0xaf, 0x32, 0x58, 0xe0, 0x32, 0x55, 0xe0, 0xdd,
  0x2a, 0xc9, 0xe0, 0xcd, 0x99, 0x58, 0xcd, 0x2e, 0x4f, 0xdd, 0x2a, 0xc9,
  0xe0, 0xcd, 0xb9, 0x5c, 0xcd, 0x8e, 0x52, 0xca, 0x9a, 0x57, 0xc9, 0x3a,
  0x56, 0xe0, 0x3d, 0x28, 0xc2, 0x3a, 0x55, 0xe0, 0x3d, 0xc2, 0x8f, 0x57,
  0xcd, 0x25, 0x5a, 0xcd, 0x9a, 0x57, 0xc3, 0xa4, 0x5a, 0xdd, 0x21, 0x99,
  0xe0, 0xdd, 0x36, 0x00, 0x04, 0xdd, 0x36, 0x01, 0xff, 0xdd, 0x36, 0x02,
  0x50, 0x3a, 0x63, 0xe0, 0xdd, 0x77, 0x03, 0x3a, 0x16, 0xe0, 0xa7, 0x3e,
  0xa0, 0x20, 0x02, 0x3e, 0x00, 0xdd, 0x77, 0x04, 0xc3, 0xdc, 0x62, 0xaf,
  0x32, 0x54, 0xe0, 0xcd, 0x71, 0x5a, 0x3a, 0xa7, 0xe0, 0x57, 0x3a, 0x37,
  0xe0, 0x82, 0x38, 0x0f, 0x57, 0x3a, 0x3e, 0xe0, 0xba, 0x28, 0x03, 0x38,
  0x06, 0xc9, 0xaf, 0x32, 0x56, 0xe0, 0xc9, 0x3e, 0x01, 0x32, 0x54, 0xe0,
  0xc9, 0xaf, 0x32, 0xa7, 0xe0, 0x3a, 0x56, 0xe0, 0x3d, 0x28, 0x04, 0xcd,
  0x0d, 0x52, 0xc8, 0xdd, 0x2a, 0xc9, 0xe0, 0xcd, 0xad, 0x5a, 0xcd, 0xb9,
  0x5c, 0xcd, 0x87, 0x52, 0xc8, 0xcd, 0x8e, 0x52, 0xc8, 0xcd, 0x64, 0x52,
  0x20, 0xf0, 0xcd, 0x53, 0x56, 0x3a, 0xa7, 0xe0, 0xdd, 0x86, 0x01, 0x32,
  0xa7, 0xe0, 0x18, 0xe2, 0xcd, 0xb6, 0x5a, 0xcd, 0x58, 0x5b, 0xc3, 0xef,
  0x62, 0xcd, 0x87, 0x52, 0xc8, 0xcd, 0xd1, 0x5c, 0x18, 0xf7, 0xcd, 0x34,
  0x5b, 0xdd, 0x2a, 0xc9, 0xe0, 0xcd, 0xad, 0x5a, 0x01, 0x00, 0x00, 0xcd,
  0xc8, 0x5c, 0xdd, 0x7e, 0x00, 0xfe, 0xff, 0x28, 0x0a, 0xcd, 0x00, 0x5b,
  0xdd, 0x7e, 0x01, 0x81, 0x4f, 0x18, 0xec, 0xdd, 0x7e, 0x01, 0xfe, 0xff,
  0x28, 0x22, 0xfe, 0x50, 0x28, 0x1e, 0xfe, 0x30, 0x20, 0xdd, 0x79, 0x32,
  0x6b, 0xe0, 0xcd, 0xf5, 0x58, 0xc5, 0xdd, 0xe5, 0xcd, 0x4a, 0x5b, 0xdd,
  0xe1, 0xc1, 0x06, 0x01, 0x3a, 0x54, 0xe0, 0xfe, 0x02, 0xc8, 0x18, 0xc3,
  0x78, 0x3d, 0xc8, 0xc5, 0xdd, 0xe5, 0xcd, 0x01, 0x51, 0xaf, 0x32, 0x6b,
  0xe0, 0xcd, 0x4a, 0x5b, 0xdd, 0xe1, 0xc1, 0x06, 0x01, 0xc9, 0xf5, 0xe6,
  0x01, 0x5f, 0xf1, 0x07, 0x07, 0x07, 0x07, 0xe6, 0x0f, 0xfe, 0x07, 0x38,
  0x01, 0xaf, 0x1d, 0x20, 0x02, 0xc6, 0x07, 0xfe, 0x0c, 0x38, 0x01, 0xaf,
  0x32, 0x69, 0xe0, 0xc9, 0xdd, 0x2a, 0xc9, 0xe0, 0xcd, 0xad, 0x5a, 0xdd,
  0x7e, 0x02, 0x32, 0xa9, 0xe4, 0x2a, 0x3c, 0xe0, 0xcd, 0x81, 0x48, 0xc3,
  0xba, 0x62, 0xaf, 0x32, 0x54, 0xe0, 0xcd, 0x8c, 0x48, 0xc0, 0x3e, 0x02,
  0x32, 0x54, 0xe0, 0xc9, 0xcd, 0x9b, 0x78, 0xc9, 0x3a, 0x69, 0xe0, 0xfe,
  0x06, 0x28, 0x1f, 0xdd, 0x21, 0x81, 0x66, 0x3a, 0x44, 0xe0, 0x3d, 0x28,
  0x04, 0xdd, 0x21, 0xa0, 0x66, 0x3a, 0x6a, 0xe0, 0xcb, 0xbf, 0xcd, 0x88,
  0x5b, 0xcd, 0x43, 0x57, 0x3a, 0x69, 0xe0, 0xc3, 0x64, 0x57, 0x21, 0x2e,
  0x69, 0xc3, 0x88, 0x47, 0xfe, 0x0c, 0xd8, 0xd6, 0x0c, 0x18, 0xf9, 0x2a,
  0xb5, 0xe0, 0x23, 0xcd, 0xd7, 0x66, 0x21, 0x9c, 0x5b, 0xc3, 0xa3, 0x40,
  0x0d, 0x0a, 0x7a, 0x04, 0x07, 0x04, 0x54, 0x7a, 0x01, 0x22, 0xe0, 0xff,
  0x11, 0x79, 0x04, 0x01, 0x08, 0x04, 0x3e, 0xee, 0xcd, 0x0e, 0x47, 0x21,
  0x00, 0xde, 0xed, 0x5b, 0xb3, 0xe0, 0xaf, 0xed, 0x52, 0x30, 0x08, 0x3e,
  0x01, 0x32, 0x1d, 0xe0, 0xaf, 0x18, 0x0a, 0xaf, 0x32, 0x1d, 0xe0, 0x7c,
  0xcb, 0x3f, 0xcb, 0x3f, 0x3c, 0x0e, 0xce, 0x11, 0x7b, 0x04, 0xc3, 0xc4,
  0x42, 0x21, 0xdf, 0x5b, 0xc3, 0xa3, 0x40, 0x0d, 0x0e, 0x7a, 0x11, 0x08,
  0x04, 0x78, 0x7a, 0x0f, 0x41, 0x67, 0x04, 0xa2, 0x7a, 0x01, 0x6d, 0xe0,
  0xff, 0xaf, 0x32, 0x55, 0xe0, 0x32, 0x58, 0xe0, 0xdd, 0x2a, 0xc9, 0xe0,
  0xcd, 0xb9, 0x5c, 0xdd, 0x22, 0xc9, 0xe0, 0xdd, 0x7e, 0x00, 0xfe, 0xff,
  0x20, 0x3c, 0xdd, 0x7e, 0x01, 0xfe, 0xff, 0x20, 0x29, 0x3e, 0x01, 0x32,
  0x55, 0xe0, 0x3a, 0x56, 0xe0, 0x3d, 0x20, 0x03, 0x32, 0x56, 0xe0, 0x3a,
  0xaf, 0xe0, 0xa7, 0x20, 0x21, 0xcd, 0xd1, 0x5c, 0xcd, 0x64, 0x52, 0x28,
  0x14, 0xdd, 0x7e, 0x01, 0xfe, 0x50, 0x28, 0x12, 0xfe, 0x41, 0x28, 0x0e,
  0x18, 0xeb, 0xdd, 0x7e, 0x01, 0xfe, 0x50, 0x20, 0x05, 0x3e, 0x01, 0x32,
  0x58, 0xe0, 0x2a, 0xbb, 0xe0, 0x23, 0x22, 0xbb, 0xe0, 0x11, 0x07, 0x00,
  0xa7, 0xed, 0x52, 0xd8, 0xdd, 0x2a, 0xac, 0xe0, 0xcd, 0xb9, 0x5c, 0xdd,
  0x22, 0xac, 0xe0, 0xc9, 0xdd, 0x2a, 0xc9, 0xe0, 0xcd, 0xd1, 0x5c, 0xdd,
  0x22, 0xc9, 0xe0, 0x3a, 0x58, 0xe0, 0xfe, 0x01, 0x20, 0x0d, 0x2a, 0xb5,
  0xe0, 0x2b, 0x22, 0xb5, 0xe0, 0xcd, 0x34, 0x5b, 0xcd, 0x8f, 0x5b, 0xaf,
  0x32, 0x58, 0xe0, 0xdd, 0x2a, 0xc9, 0xe0, 0xcd, 0x5b, 0x52, 0x28, 0x0f,
  0xdd, 0x7e, 0x01, 0xfe, 0x50, 0x20, 0x05, 0x3e, 0x01, 0x32, 0x58, 0xe0,
  0xcd, 0x14, 0x5d, 0xaf, 0x32, 0x55, 0xe0, 0x2a, 0xbb, 0xe0, 0x2b, 0x22,
  0xbb, 0xe0, 0x11, 0x06, 0x00, 0xa7, 0xed, 0x52, 0xd8, 0xdd, 0x2a, 0xac,
  0xe0, 0xcd, 0xd1, 0x5c, 0xdd, 0x22, 0xac, 0xe0, 0xc9, 0xdd, 0x7e, 0x00,
  0xfe, 0xff, 0x20, 0x08, 0xdd, 0x7e, 0x01, 0xfe, 0x43, 0xcc, 0xc8, 0x5c,
  0xdd, 0x23, 0xdd, 0x23, 0xdd, 0x23, 0xdd, 0x23, 0xc9, 0xcd, 0xe0, 0x5c,
  0xdd, 0x7e, 0xfc, 0xfe, 0xff, 0xc0, 0xdd, 0x7e, 0xfd, 0xfe, 0x43, 0xc0,
  0xdd, 0x2b, 0xdd, 0x2b, 0xdd, 0x2b, 0xdd, 0x2b, 0xc9, 0x3a, 0x57, 0xe0,
  0xfe, 0x01, 0x28, 0x08, 0xdd, 0x2a, 0xc9, 0xe0, 0xcd, 0x5b, 0x52, 0xc8,
  0xdd, 0x21, 0xcb, 0xe0, 0x06, 0x05, 0xdd, 0x6e, 0x00, 0xdd, 0x66, 0x01,
  0xcd, 0x30, 0x5d, 0xdd, 0x75, 0x00, 0xdd, 0x74, 0x01, 0xdd, 0x23, 0xdd,
  0x23, 0x10, 0xeb, 0xc9, 0xdd, 0x21, 0xcb, 0xe0, 0x06, 0x05, 0xdd, 0x6e,
  0x00, 0xdd, 0x66, 0x01, 0xcd, 0x39, 0x5d, 0xdd, 0x75, 0x00, 0xdd, 0x74,
  0x01, 0xdd, 0x23, 0xdd, 0x23, 0x10, 0xeb, 0xc9, 0x11, 0x04, 0x00, 0x19,
  0xcb, 0x7e, 0x28, 0xfb, 0xc9, 0x11, 0xfc, 0xff, 0x19, 0xcb, 0x7e, 0x28,
  0xfb, 0xc9, 0x3a, 0x4d, 0xe0, 0xcd, 0xa4, 0x4d, 0x5f, 0x16, 0x00, 0xdd,
  0x21, 0x7b, 0x6a, 0xdd, 0x19, 0xa7, 0x3a, 0x48, 0xe0, 0x28, 0x09, 0xfe,
  0x11, 0x30, 0x03, 0x5f, 0x18, 0x06, 0xd6, 0x06, 0x5f, 0xcd, 0xc8, 0x5c,
  0xdd, 0x6e, 0x00, 0xdd, 0x66, 0x01, 0x7b, 0x83, 0x83, 0x5f, 0x1c, 0x1c,
  0x3a, 0x49, 0xe0, 0x57, 0xcd, 0x83, 0x47, 0x14, 0xdd, 0x6e, 0x02, 0xdd,
  0x66, 0x03, 0xcd, 0x83, 0x47, 0x3a, 0x48, 0xe0, 0x5f, 0x83, 0x83, 0x5f,
  0x3a, 0x4e, 0xe0, 0xa7, 0x28, 0x1c, 0xfe, 0x01, 0x20, 0x05, 0x21, 0x09,
  0x6c, 0x18, 0x0e, 0xfe, 0x02, 0x20, 0x07, 0x21, 0x1f, 0x6c, 0x1d, 0x1d,
  0x18, 0x03, 0x21, 0x2a, 0x6c, 0x15, 0x15, 0xcd, 0x83, 0x47, 0x3a, 0x49,
  0xe0, 0x3c, 0x57, 0x3a, 0x48, 0xe0, 0x5f, 0x83, 0x83, 0xc6, 0x04, 0x5f,
  0xd5, 0xcd, 0x9c, 0x5e, 0x3a, 0x50, 0xe0, 0xfe, 0x01, 0x20, 0x04, 0x15,
  0xcd, 0x2a, 0x57, 0xcd, 0x32, 0x57, 0xd1, 0x3a, 0x51, 0xe0, 0xfe, 0x01,
  0x20, 0x16, 0x3a, 0x48, 0xe0, 0xfe, 0x11, 0x7b, 0x21, 0x56, 0x6c, 0x30,
  0x05, 0xd6, 0x09, 0x21, 0x52, 0x6c, 0xc6, 0x04, 0x5f, 0xcd, 0x83, 0x47,
  0xcd, 0xee, 0x5d, 0xc3, 0x22, 0x5e, 0x3a, 0x5c, 0xe0, 0xa7, 0xc8, 0x1e,
  0x09, 0x3a, 0x49, 0xe0, 0x57, 0xc3, 0xe6, 0x49, 0x3e, 0x01, 0x32, 0x5c,
  0xe0, 0xdd, 0x7e, 0x03, 0x4f, 0xcd, 0xe0, 0x5c, 0xdd, 0x7e, 0x00, 0xfe,
  0xff, 0x20, 0x09, 0xcd, 0xe0, 0x5c, 0xdd, 0x7e, 0x00, 0xfe, 0xff, 0xc8,
  0xdd, 0x7e, 0x03, 0xb9, 0xc0, 0xaf, 0x32, 0x5c, 0xe0, 0xc9, 0x3a, 0x48,
  0xe0, 0xfe, 0x22, 0x28, 0x1e, 0xfe, 0x16, 0x28, 0x1a, 0xfe, 0x0a, 0x28,
  0x16, 0xfe, 0x09, 0x28, 0x05, 0xfe, 0x08, 0x28, 0x05, 0xc9, 0x3e, 0x0a,
  0x18, 0x09, 0x3e, 0x0a, 0xcd, 0x47, 0x5e, 0x3e, 0x08, 0x18, 0x00, 0xc6,
  0x02, 0x5f, 0x83, 0x83, 0x5f, 0x1d, 0x1d, 0x3a, 0x49, 0xe0, 0x57, 0x21,
  0x59, 0x5e, 0xc3, 0x83, 0x47, 0x02, 0x01, 0xff, 0xe0, 0x3a, 0x49, 0xe0,
  0x3d, 0x57, 0x1e, 0x01, 0x06, 0x03, 0x0e, 0x73, 0xc3, 0x30, 0x47, 0x06,
  0x06, 0x3a, 0x4d, 0xe0, 0xa7, 0x20, 0x04, 0x06, 0x00, 0x18, 0x06, 0xfe,
  0x01, 0x20, 0x02, 0x06, 0x01, 0xcb, 0x27, 0x5f, 0x16, 0x00, 0xdd, 0x21,
  0x6f, 0x6a, 0xdd, 0x19, 0xdd, 0x6e, 0x00, 0xdd, 0x66, 0x01, 0x3a, 0x49,
  0xe0, 0x57, 0x3e, 0x28, 0x80, 0x5f, 0xcd, 0x88, 0x47, 0xc3, 0x32, 0x57,
  0x3a, 0x52, 0xe0, 0x3d, 0xc0, 0x1d, 0x1d, 0x21, 0x4d, 0x6c, 0xcd, 0x83,
  0x47, 0xc3, 0x32, 0x57, 0x11, 0x00, 0x08, 0xcd, 0xe5, 0x47, 0x54, 0x5d,
  0x01, 0x18, 0x00, 0x09, 0x0e, 0x0e, 0x06, 0x90, 0xcd, 0x4a, 0x00, 0xcd,
  0x00, 0x5f, 0x23, 0x13, 0x10, 0xf6, 0xc5, 0x01, 0x70, 0x00, 0x09, 0xeb,
  0x09, 0xeb, 0xc1, 0x0d, 0x20, 0xe8, 0xc9, 0x16, 0x1c, 0x1e, 0x6f, 0xcd,
  0xe5, 0x47, 0x54, 0x5d, 0x01, 0x18, 0x00, 0xa7, 0xed, 0x42, 0x0e, 0x0e,
  0x06, 0x90, 0xcd, 0x4a, 0x00, 0xcd, 0x00, 0x5f, 0x2b, 0x1b, 0x10, 0xf6,
  0xc5, 0x01, 0x70, 0x00, 0xa7, 0xed, 0x42, 0xeb, 0xed, 0x42, 0xeb, 0xc1,
  0x0d, 0x20, 0xe5, 0xc9, 0xeb, 0xcd, 0x4d, 0x00, 0xeb, 0xc9, 0x3a, 0x62,
  0xe0, 0x0e, 0x13, 0xf5, 0xcd, 0x37, 0x5f, 0xf1, 0x3c, 0xfe, 0x0c, 0x20,
  0x01, 0xaf, 0x32, 0x62, 0xe0, 0x0e, 0x1e, 0xc3, 0x37, 0x5f, 0x3a, 0x62,
  0xe0, 0x0e, 0x13, 0xf5, 0xcd, 0x37, 0x5f, 0xf1, 0x3d, 0xfe, 0xff, 0x20,
  0x02, 0x3e, 0x0b, 0x32, 0x62, 0xe0, 0x0e, 0x1e, 0xc3, 0x37, 0x5f, 0xfe,
  0x06, 0x1e, 0x85, 0x38, 0x04, 0x1e, 0xa1, 0xd6, 0x06, 0x57, 0x82, 0x82,
  0x82, 0x3c, 0x3c, 0x57, 0x79, 0x01, 0x17, 0x04, 0xc3, 0x0e, 0x47, 0x3a,
  0x3f, 0xe0, 0xfe, 0x01, 0xc0, 0x3e, 0x06, 0x32, 0x65, 0xe0, 0x18, 0x6c,
  0x3a, 0x58, 0xe0, 0xa7, 0xc8, 0x3a, 0x16, 0xe0, 0x3d, 0x28, 0x02, 0x3e,
  0x01, 0x32, 0x16, 0xe0, 0xcd, 0xa2, 0x5f, 0x3e, 0x1b, 0x32, 0x49, 0xe0,
  0x3a, 0x55, 0xe0, 0x3d, 0x20, 0x04, 0xcd, 0xb3, 0x61, 0xc9, 0x3a, 0x16,
  0xe0, 0x32, 0x17, 0xe0, 0xdd, 0x2a, 0xc9, 0xe0, 0xdd, 0x7e, 0x02, 0x32,
  0x65, 0xe0, 0xcd, 0xbf, 0x61, 0xdd, 0x2a, 0xc9, 0xe0, 0x3a, 0x16, 0xe0,
  0xa7, 0x3e, 0xa0, 0x20, 0x01, 0xaf, 0xdd, 0x77, 0x03, 0xc9, 0x11, 0xa1,
  0x17, 0x01, 0x17, 0x03, 0x3a, 0x16, 0xe0, 0x3d, 0x20, 0x06, 0x3e, 0x12,
  0xcd, 0x0e, 0x47, 0xc9, 0x3e, 0x17, 0xcd, 0x0e, 0x47, 0xc9, 0xd6, 0x31,
  0x32, 0x65, 0xe0, 0xfe, 0x07, 0x20, 0x05, 0x3a, 0x3f, 0xe0, 0xa7, 0xc0,
  0x3a, 0x58, 0xe0, 0x3d, 0xc0, 0x3a, 0x55, 0xe0, 0x3d, 0xc4, 0xeb, 0x5f,
  0xcd, 0x36, 0x60, 0x3a, 0x65, 0xe0, 0x32, 0x63, 0xe0, 0xcd, 0x3e, 0x5b,
  0xcd, 0x3b, 0x60, 0x3e, 0x1b, 0x32, 0x49, 0xe0, 0xc3, 0xb3, 0x61, 0x3a,
  0x65, 0xe0, 0xcd, 0x3e, 0x5b, 0xdd, 0x2a, 0xc9, 0xe0, 0xcd, 0xc0, 0x5a,
  0x3a, 0x65, 0xe0, 0x06, 0x06, 0xdd, 0x21, 0xc9, 0xe0, 0xdd, 0x6e, 0x00,
  0xdd, 0x66, 0x01, 0x23, 0x23, 0x77, 0xdd, 0x23, 0xdd, 0x23, 0x10, 0xf1,
  0xcd, 0x19, 0x60, 0xcd, 0x2e, 0x4f, 0xc3, 0x2b, 0x60, 0xcd, 0xe9, 0x5c,
  0xcd, 0xf1, 0x5b, 0xdd, 0x2a, 0xcb, 0xe0, 0xdd, 0x7e, 0x00, 0xfe, 0xff,
  0xc0, 0x18, 0xee, 0xcd, 0x60, 0x5c, 0x3a, 0x58, 0xe0, 0xfe, 0x01, 0xc8,
  0x18, 0xf5, 0x3e, 0x17, 0x08, 0x18, 0x03, 0x3e, 0x19, 0x08, 0x3a, 0x63,
  0xe0, 0x3c, 0x47, 0x16, 0x00, 0x08, 0x14, 0x14, 0x14, 0x10, 0xfb, 0x15,
  0x1e, 0xa1, 0x06, 0x03, 0x0e, 0x17, 0xc3, 0x0e, 0x47, 0xd6, 0x31, 0x32,
  0x20, 0xe0, 0x08, 0x3e, 0x19, 0x18, 0x06, 0x3a, 0x20, 0xe0, 0x08, 0x3e,
  0x1c, 0x08, 0x47, 0x16, 0x03, 0x14, 0x14, 0x14, 0x14, 0x10, 0xfa, 0x15,
  0x1e, 0xa1, 0x06, 0x04, 0x0e, 0x17, 0x08, 0xc3, 0x0e, 0x47, 0x3a, 0x38,
  0xe0, 0x3d, 0xc8, 0x3a, 0x3f, 0xe0, 0x3c, 0xfe, 0x02, 0x20, 0x01, 0xaf,
  0x32, 0x3f, 0xe0, 0x87, 0x5f, 0x16, 0x00, 0xdd, 0x21, 0xb4, 0x60, 0xdd,
  0x19, 0xdd, 0x6e, 0x00, 0xdd, 0x66, 0x01, 0xfd, 0x2a, 0x13, 0xe0, 0xfd,
  0x75, 0x06, 0xfd, 0x74, 0x07, 0xcd, 0x23, 0x49, 0xcd, 0xb8, 0x60, 0x3a,
  0x63, 0xe0, 0xcd, 0x3e, 0x5b, 0xc3, 0xb3, 0x61, 0x04, 0x04, 0x03, 0x04,
  0x21, 0x57, 0x6a, 0x16, 0x07, 0x1e, 0x36, 0xcd, 0x88, 0x47, 0x1e, 0x5a,
  0xcd, 0x88, 0x47, 0x3a, 0x3f, 0xe0, 0x87, 0x4f, 0x06, 0x00, 0xdd, 0x21,
  0x53, 0x6a, 0xdd, 0x09, 0xdd, 0x6e, 0x00, 0xdd, 0x66, 0x01, 0x1e, 0x29,
  0xcd, 0x88, 0x47, 0x1e, 0x4d, 0xc3, 0x88, 0x47, 0x3a, 0x38, 0xe0, 0x3d,
  0xc8, 0x3a, 0x41, 0xe0, 0x3c, 0xfe, 0x0d, 0x20, 0x01, 0xaf, 0x32, 0x41,
  0xe0, 0x5f, 0x16, 0x00, 0xdd, 0x21, 0x20, 0x61, 0xdd, 0x19, 0xdd, 0x7e,
  0x00, 0x32, 0x40, 0xe0, 0xfd, 0x2a, 0x13, 0xe0, 0xfd, 0x77, 0x13, 0xdd,
  0x7e, 0x0d, 0x32, 0x43, 0xe0, 0xfd, 0x77, 0x12, 0xdd, 0x7e, 0x1a, 0x32,
  0x42, 0xe0, 0xcd, 0xf7, 0x50, 0xc3, 0x47, 0x61, 0x00, 0x07, 0x05, 0x02,
  0x0a, 0x09, 0x03, 0x04, 0x08, 0x0b, 0x01, 0x06, 0x06, 0x01, 0x01, 0x00,
  0x01, 0x00, 0x01, 0x00, 0x01, 0x00, 0x01, 0x00, 0x01, 0x00, 0x00, 0x01,
  0x01, 0x02, 0x02, 0x03, 0x03, 0x04, 0x04, 0x05, 0x05, 0x06, 0x06, 0x21,
  0xa3, 0x61, 0xcd, 0xa3, 0x40, 0xdd, 0x21, 0x81, 0x66, 0x3a, 0x43, 0xe0,
  0x3d, 0x3a, 0x40, 0xe0, 0x28, 0x04, 0xdd, 0x21, 0xa0, 0x66, 0x11, 0x68,
  0x05, 0xcd, 0x43, 0x57, 0x3a, 0x42, 0xe0, 0xa7, 0xc8, 0x47, 0x21, 0x5f,
  0x68, 0x3a, 0x43, 0xe0, 0xfe, 0x01, 0x28, 0x03, 0x21, 0x7b, 0x68, 0xc5,
  0x4e, 0x23, 0x46, 0xed, 0x43, 0x32, 0xe0, 0x23, 0x56, 0x23, 0x5e, 0x23,
  0xcd, 0xa6, 0x47, 0x3e, 0x2a, 0x83, 0x5f, 0xed, 0x43, 0x32, 0xe0, 0xcd,
  0xa6, 0x47, 0xc1, 0x10, 0xe2, 0xc9, 0x00, 0x7e, 0x00, 0x00, 0x00, 0x00,
  0x00, 0x00, 0x00, 0x00, 0x00, 0x00, 0x02, 0x0d, 0x05, 0x68, 0x03, 0x07,
  0x0d, 0x03, 0x20, 0x04, 0x48, 0x06, 0x01, 0x68, 0xcd, 0x69, 0xff, 0x3a,
  0x63, 0xe0, 0x32, 0x65, 0xe0, 0x3a, 0x16, 0xe0, 0x32, 0x17, 0xe0, 0xcd,
  0x5d, 0x5e, 0x3a, 0x49, 0xe0, 0x57, 0x1e, 0x28, 0x06, 0x3c, 0xd5, 0xc5,
  0xcd, 0xe5, 0x47, 0x11, 0x00, 0x00, 0x19, 0x3e, 0x01, 0xcd, 0x4d, 0x00,
  0xc1, 0xd1, 0x1c, 0x10, 0xed, 0x3a, 0x65, 0xe0, 0x87, 0x87, 0x5f, 0x16,
  0x00, 0x21, 0xf2, 0x67, 0x19, 0x3a, 0x49, 0xe0, 0x3d, 0xcd, 0xa4, 0x4d,
  0xc6, 0x03, 0x57, 0x1e, 0x11, 0xcd, 0x48, 0x47, 0x3a, 0x17, 0xe0, 0xaf,
  0xc8, 0x3a, 0x49, 0xe0, 0x57, 0x1e, 0x1a, 0x21, 0x0d, 0x62, 0x22, 0x32,
  0xe0, 0xcd, 0x8b, 0x47, 0xc9, 0x01, 0x0b, 0xe0, 0x07, 0x00, 0x3c, 0x66,
  0x81, 0xc3, 0xbd, 0xa5, 0x66, 0x3c, 0x21, 0x2b, 0x62, 0xcd, 0x52, 0x62,
  0xcd, 0x9e, 0x42, 0xf5, 0xcd, 0xd9, 0x5b, 0xf1, 0xfe, 0x59, 0xc9, 0x53,
  0x55, 0x52, 0x45, 0x20, 0x28, 0x59, 0x2f, 0x4e, 0x29, 0x20, 0x3f, 0xff,
  0xdd, 0x21, 0x67, 0x62, 0x04, 0xdd, 0x23, 0xdd, 0x23, 0x10, 0xfa, 0xdd,
  0x6e, 0x00, 0xdd, 0x66, 0x01, 0xcd, 0x52, 0x62, 0xcd, 0xad, 0x62, 0xc3,
  0xd9, 0x5b, 0xe5, 0x21, 0x63, 0x62, 0xcd, 0xa3, 0x40, 0xe1, 0x16, 0x7e,
  0x1e, 0x7a, 0x0e, 0x0e, 0xc3, 0x57, 0x47, 0x0d, 0x0e, 0x7a, 0x11, 0x08,
  0xff, 0x73, 0x62, 0x88, 0x62, 0x7c, 0x62, 0x93, 0x62, 0x9f, 0x62, 0x4f,
  0x76, 0x65, 0x72, 0x20, 0x4c, 0x65, 0x6e, 0xff, 0x49, 0x6e, 0x63, 0x6d,
  0x70, 0x6c, 0x74, 0x20, 0x42, 0x61, 0x72, 0xff, 0x43, 0x68, 0x6f, 0x72,
  0x64, 0x20, 0x4f, 0x76, 0x65, 0x72, 0xff, 0x4d, 0x65, 0x6d, 0x6f, 0x72,
  0x79, 0x20, 0x4f, 0x76, 0x65, 0x72, 0xff, 0x41, 0x6c, 0x72, 0x65, 0x61,
  0x64, 0x79, 0x20, 0x49, 0x6e, 0x70, 0x75, 0x74, 0xff, 0x21, 0xff, 0xff,
  0xe5, 0xe1, 0xe5, 0xe1, 0x2b, 0x7d, 0xb4, 0x20, 0xf7, 0xc9, 0x3a, 0x1e,
  0xe0, 0xfe, 0x01, 0xc8, 0x3a, 0xaf, 0xe0, 0xcb, 0x3f, 0xcb, 0x3f, 0xc6,
  0x08, 0x21, 0x11, 0x1b, 0xcd, 0x4d, 0x00, 0xc9, 0x3e, 0x04, 0x32, 0x9e,
  0xe0, 0x21, 0x9e, 0xe0, 0xaf, 0xc3, 0x17, 0x63, 0xaf, 0x21, 0x99, 0xe0,
  0xf5, 0xcd, 0x17, 0x63, 0xf1, 0x3c, 0xfe, 0x06, 0x20, 0xf3, 0xc9, 0x3e,
  0x01, 0x18, 0xee, 0xaf, 0xdd, 0x21, 0x0d, 0x63, 0x3c, 0xfe, 0x06, 0xc8,
  0xdd, 0x6e, 0x00, 0xdd, 0x66, 0x01, 0x23, 0xcb, 0xfe, 0x2b, 0xf5, 0xcd,
  0x17, 0x63, 0xf1, 0xdd, 0x23, 0xdd, 0x23, 0x18, 0xe7, 0x63, 0xe3, 0xa4,
  0xe3, 0xe5, 0xe3, 0x26, 0xe4, 0x67, 0xe4, 0x32, 0xa9, 0xe0, 0x7e, 0x23,
  0xf5, 0xe5, 0x5f, 0x16, 0x00, 0xed, 0x53, 0xb9, 0xe0, 0xcd, 0x3a, 0x63,
  0x3a, 0xa9, 0xe0, 0xcd, 0x08, 0x64, 0xe1, 0xf1, 0x4f, 0x06, 0x00, 0xed,
  0xb0, 0xaf, 0x32, 0xa9, 0xe0, 0xc9, 0x2a, 0xb7, 0xe0, 0xed, 0x5b, 0xb9,
  0xe0, 0x19, 0x22, 0xb7, 0xe0, 0x3a, 0xa9, 0xe0, 0xcd, 0x08, 0x64, 0x2a,
  0xb3, 0xe0, 0xa7, 0xed, 0x52, 0x44, 0x4d, 0x2a, 0xb3, 0xe0, 0xe5, 0xed,
  0x5b, 0xb9, 0xe0, 0x19, 0xeb, 0xe1, 0xed, 0x53, 0xb3, 0xe0, 0x2b, 0x1b,
  0xed, 0xb8, 0x3a, 0xa9, 0xe0, 0xfe, 0x05, 0xc8, 0x3c, 0xf5, 0xcd, 0x08,
  0x64, 0xf1, 0xed, 0x4b, 0xb9, 0xe0, 0xeb, 0x09, 0xeb, 0xf5, 0xcd, 0x15,
  0x64, 0xf1, 0xf5, 0xcd, 0x22, 0x64, 0xf1, 0xed, 0x4b, 0xb9, 0xe0, 0xeb,
  0x09, 0xeb, 0xf5, 0xcd, 0x2f, 0x64, 0xf1, 0x18, 0xd8, 0x3e, 0x04, 0x32,
  0xb9, 0xe0, 0x3e, 0x05, 0x32, 0xa9, 0xe0, 0xf5, 0xcd, 0xa6, 0x63, 0xf1,
  0x3d, 0xfe, 0xff, 0xc8, 0x18, 0xf2, 0x2a, 0xb7, 0xe0, 0xed, 0x5b, 0xb9,
  0xe0, 0xa7, 0xed, 0x52, 0x32, 0xb7, 0xe0, 0x3a, 0xa9, 0xe0, 0xcd, 0x08,
  0x64, 0xd5, 0x2a, 0xb9, 0xe0, 0x19, 0xe5, 0xeb, 0x2a, 0xb3, 0xe0, 0xa7,
  0xed, 0x52, 0x44, 0x4d, 0xe1, 0xd1, 0xed, 0xb0, 0x2a, 0xb3, 0xe0, 0xed,
  0x4b, 0xb9, 0xe0, 0xa7, 0xed, 0x42, 0x22, 0xb3, 0xe0, 0x3a, 0xa9, 0xe0,
  0xfe, 0x05, 0xc8, 0x3c, 0xf5, 0xcd, 0x08, 0x64, 0xf1, 0xed, 0x4b, 0xb9,
  0xe0, 0xa7, 0xeb, 0xed, 0x42, 0xeb, 0xf5, 0xcd, 0x15, 0x64, 0xf1, 0xf5,
  0xcd, 0x22, 0x64, 0xf1, 0xed, 0x4b, 0xb9, 0xe0, 0xa7, 0xeb, 0xed, 0x42,
  0xeb, 0xf5, 0xcd, 0x2f, 0x64, 0xf1, 0x18, 0xd4, 0xcb, 0x27, 0x6f, 0x26,
  0x00, 0x11, 0xc9, 0xe0, 0x19, 0x5e, 0x23, 0x56, 0xc9, 0xcb, 0x27, 0x6f,
  0x26, 0x00, 0x01, 0xc9, 0xe0, 0x09, 0x73, 0x23, 0x72, 0xc9, 0xcb, 0x27,
  0x6f, 0x26, 0x00, 0x11, 0xbd, 0xe0, 0x19, 0x5e, 0x23, 0x56, 0xc9, 0xcb,
  0x27, 0x6f, 0x26, 0x00, 0x01, 0xbd, 0xe0, 0x09, 0x73, 0x23, 0x72, 0xc9,
  0x3a, 0x46, 0xe0, 0xfe, 0x06, 0x30, 0x61, 0xcd, 0x7b, 0x64, 0x3a, 0x4a,
  0xe0, 0xc6, 0x24, 0xdd, 0x77, 0x00, 0xf5, 0xcd, 0xd0, 0x6f, 0xf1, 0x3a,
  0x46, 0xe0, 0x5f, 0xcd, 0xc4, 0x64, 0xdd, 0x7e, 0x01, 0x3d, 0x3d, 0xdd,
  0x77, 0x02, 0x21, 0x62, 0x65, 0x3a, 0x5d, 0xe0, 0x5f, 0x16, 0x00, 0x19,
  0x7e, 0xdd, 0x77, 0x03, 0x3a, 0x5b, 0xe0, 0x3d, 0xc0, 0x3e, 0xd0, 0xdd,
  0x77, 0x02, 0xc9, 0xdd, 0x21, 0x9e, 0xe0, 0x3a, 0x1f, 0xe0, 0xdd, 0x36,
  0x00, 0x08, 0xdd, 0x23, 0xdd, 0x36, 0x00, 0xff, 0xdd, 0x36, 0x01, 0x43,
  0x5f, 0x16, 0x00, 0x21, 0xa2, 0x64, 0x19, 0x7e, 0xdd, 0x77, 0x02, 0xdd,
  0x36, 0x03, 0x00, 0xc3, 0xc8, 0x5c, 0xff, 0x01, 0xdd, 0x21, 0x9e, 0xe0,
  0xdd, 0x36, 0x00, 0x04, 0xdd, 0x23, 0xdd, 0x36, 0x00, 0x7e, 0x3a, 0x46,
  0xe0, 0xd6, 0x06, 0x5f, 0xcd, 0xcb, 0x64, 0xdd, 0x36, 0x02, 0x00, 0xdd,
  0x36, 0x03, 0x00, 0xc9, 0x3a, 0x59, 0xe0, 0xfe, 0x01, 0x28, 0x0c, 0x3a,
  0x5a, 0xe0, 0xfe, 0x01, 0x28, 0x0a, 0x21, 0xc5, 0x66, 0x18, 0x08, 0x21,
  0xcb, 0x66, 0x18, 0x03, 0x21, 0xd1, 0x66, 0x16, 0x00, 0x19, 0x7e, 0xdd,
  0x77, 0x01, 0x32, 0xae, 0xe0, 0x32, 0x37, 0xe0, 0xc9, 0xaf, 0x32, 0x53,
  0xe0, 0x32, 0x51, 0xe0, 0x32, 0x52, 0xe0, 0xdd, 0xe5, 0xfd, 0xe1, 0xfd,
  0x7e, 0x00, 0xfe, 0x7e, 0x28, 0x0f, 0xcd, 0xf8, 0x65, 0xfd, 0x7e, 0x00,
  0xcd, 0x74, 0x65, 0xcd, 0x68, 0x65, 0xcd, 0x4e, 0x65, 0x21, 0xc5, 0x66,
  0x01, 0x00, 0x06, 0x7e, 0xfd, 0xbe, 0x01, 0x28, 0x2c, 0x23, 0x0c, 0x10,
  0xf6, 0x3e, 0x01, 0x32, 0x52, 0xe0, 0x01, 0x00, 0x06, 0x7e, 0xfd, 0xbe,
  0x01, 0x28, 0x1a, 0x23, 0x0c, 0x10, 0xf6, 0xaf, 0x32, 0x52, 0xe0, 0x3e,
  0x01, 0x32, 0x53, 0xe0, 0x01, 0x00, 0x06, 0x7e, 0xfd, 0xbe, 0x01, 0x28,
  0x04, 0x23, 0x0c, 0x10, 0xf6, 0x79, 0x32, 0x4d, 0xe0, 0xc9, 0x21, 0x62,
  0x65, 0x06, 0x00, 0xfd, 0x7e, 0x03, 0xbe, 0x28, 0x04, 0x23, 0x04, 0x18,
  0xf6, 0x78, 0x32, 0x5e, 0xe0, 0xc9, 0x20, 0x2a, 0x3a, 0x48, 0x58, 0x70,
  0xfd, 0x7e, 0x02, 0xfe, 0xd0, 0xc0, 0x3e, 0x01, 0x32, 0x51, 0xe0, 0xc9,
  0xcd, 0x8a, 0x65, 0x7a, 0x32, 0x48, 0xe0, 0x7b, 0x32, 0x4e, 0xe0, 0x78,
  0x32, 0x47, 0xe0, 0x79, 0x32, 0x50, 0xe0, 0xc3, 0x19, 0x66, 0xd6, 0x24,
  0x0e, 0x00, 0xfe, 0x31, 0xd4, 0xf1, 0x65, 0x47, 0x16, 0x24, 0x78, 0xd6,
  0x0c, 0x38, 0x07, 0x47, 0x7a, 0xd6, 0x07, 0x57, 0x18, 0xf4, 0x21, 0x99,
  0x66, 0x3a, 0x43, 0xe0, 0x3d, 0x28, 0x03, 0x21, 0xb8, 0x66, 0xdd, 0x21,
  0x81, 0x66, 0x3a, 0x45, 0xe0, 0x3d, 0x28, 0x04, 0xdd, 0x21, 0xa0, 0x66,
  0xc5, 0x48, 0x06, 0x00, 0xdd, 0x09, 0x7a, 0xdd, 0x96, 0x00, 0x57, 0xdd,
  0x7e, 0x0c, 0x5f, 0x3a, 0x42, 0xe0, 0xa7, 0x28, 0x1e, 0x47, 0xdd, 0x7e,
  0x00, 0xbe, 0x28, 0x05, 0x23, 0x10, 0xfa, 0x18, 0x12, 0x21, 0xbf, 0x66,
  0x3a, 0x43, 0xe0, 0x3d, 0x28, 0x03, 0x21, 0xc2, 0x66, 0x06, 0x00, 0x4b,
  0x09, 0x7e, 0x5f, 0xc1, 0xc9, 0xd6, 0x0c, 0x08, 0x0e, 0x01, 0x08, 0xc9,
  0x3a, 0x43, 0xe0, 0x32, 0x45, 0xe0, 0xcd, 0xe0, 0x5c, 0xdd, 0x7e, 0x00,
  0x3c, 0xc0, 0xdd, 0x7e, 0x01, 0xfe, 0x43, 0xc0, 0xdd, 0x7e, 0x02, 0x3c,
  0x3e, 0x01, 0x20, 0x01, 0xaf, 0x32, 0x45, 0xe0, 0xc9, 0xfd, 0xe5, 0xdd,
  0xe1, 0xcd, 0xe0, 0x5c, 0xdd, 0x7e, 0x00, 0xfe, 0xff, 0x28, 0x1f, 0xcb,
  0xbf, 0xfe, 0x7e, 0x28, 0xf0, 0xdd, 0xe5, 0xcd, 0xf8, 0x65, 0xdd, 0xe1,
  0xdd, 0x7e, 0x00, 0xdd, 0xe5, 0xcd, 0x8a, 0x65, 0xdd, 0xe1, 0x3a, 0x48,
  0xe0, 0xba, 0x28, 0x0d, 0x18, 0xd7, 0xdd, 0x7e, 0x01, 0xfe, 0x50, 0xc8,
  0xfe, 0x06, 0xc8, 0x18, 0xcc, 0x3a, 0x50, 0xe0, 0xb9, 0xc0, 0x3a, 0x4e,
  0xe0, 0xbb, 0x20, 0x05, 0xaf, 0x32, 0x4e, 0xe0, 0xc9, 0xa7, 0xc0, 0x7b,
  0xfe, 0x03, 0x28, 0x06, 0x3e, 0x03, 0x32, 0x4e, 0xe0, 0xc9, 0x3a, 0x43,
  0xe0, 0xfe, 0x01, 0x20, 0x06, 0x3e, 0x01, 0x32, 0x4e, 0xe0, 0xc9, 0x3e,
  0x02, 0x32, 0x4e, 0xe0, 0xc9, 0x00, 0x00, 0x01, 0x01, 0x02, 0x03, 0x03,
  0x04, 0x04, 0x05, 0x05, 0x06, 0x00, 0x01, 0x00, 0x01, 0x00, 0x00, 0x01,
  0x00, 0x01, 0x00, 0x01, 0x00, 0x03, 0x00, 0x04, 0x01, 0x05, 0x02, 0x06,
  0x00, 0x01, 0x01, 0x02, 0x02, 0x03, 0x04, 0x04, 0x05, 0x05, 0x06, 0x06,
  0x00, 0x02, 0x00, 0x02, 0x00, 0x00, 0x02, 0x00, 0x02, 0x00, 0x02, 0x00,
  0x06, 0x02, 0x05, 0x01, 0x04, 0x00, 0x03, 0x03, 0x00, 0x02, 0x03, 0x01,
  0x00, 0xc0, 0x60, 0x30, 0x18, 0x0c, 0x06, 0xc0, 0x90, 0x48, 0x24, 0x12,
  0x09, 0xc0, 0x40, 0x20, 0x10, 0x08, 0x04, 0x44, 0x4d, 0x11, 0xf0, 0xd8,
  0x19, 0xd8, 0x11, 0x01, 0x00, 0x3e, 0x01, 0x21, 0x00, 0x00, 0xd9, 0x01,
  0x02, 0x01, 0x18, 0x0b, 0x7b, 0x87, 0x27, 0x5f, 0x7a, 0x8f, 0x27, 0x57,
  0xd9, 0xcb, 0x00, 0x78, 0x38, 0x0e, 0xd9, 0xa1, 0x28, 0xee, 0x7b, 0x85,
  0x27, 0x6f, 0x7a, 0x8c, 0x27, 0x67, 0x18, 0xe4, 0x0d, 0xd9, 0x28, 0x03,
  0x48, 0x18, 0xec, 0x0e, 0x04, 0x11, 0x22, 0xe0, 0x3e, 0xf0, 0xa4, 0x0f,
  0x0f, 0x0f, 0x0f, 0xc6, 0x30, 0x12, 0x13, 0x29, 0x29, 0x29, 0x29, 0x0d,
  0x20, 0xee, 0x21, 0x22, 0xe0, 0xc9, 0x0e, 0x04, 0x7e, 0xfe, 0x30, 0xc0,
  0x36, 0x20, 0x23, 0x0d, 0x20, 0xf6, 0xc9, 0x46, 0x3a, 0x20, 0x20, 0x20,
  0x20, 0x20, 0x4d, 0x3a, 0xff, 0x54, 0x49, 0x54, 0x4c, 0x45, 0x3a, 0xff,
  0x50, 0x41, 0x47, 0x45, 0xff, 0x28, 0x31, 0x29, 0xff, 0x28, 0x32, 0x29,
  0xff, 0x28, 0x33, 0x29, 0xff, 0x28, 0x34, 0x29, 0xff, 0x28, 0x35, 0x29,
  0xff, 0x22, 0x31, 0x22, 0xff, 0x22, 0x32, 0x22, 0xff, 0x22, 0x33, 0x22,
  0xff, 0x22, 0x34, 0x22, 0xff, 0x22, 0x35, 0x22, 0xff, 0x22, 0x36, 0x22,
  0xff, 0x22, 0x37, 0x22, 0xff, 0x22, 0x38, 0x22, 0xff, 0x2d, 0x4d, 0x45,
  0x4c, 0x4f, 0x44, 0x59, 0x2d, 0xff, 0x2d, 0x42, 0x41, 0x43, 0x4b, 0x49,
  0x4e, 0x47, 0x2d, 0xff, 0x56, 0x4f, 0x4c, 0x55, 0x4d, 0x45, 0x3a, 0xff,
  0x56, 0x4f, 0x4c, 0xff, 0x56, 0x4f, 0x4c, 0xff, 0x01, 0x07, 0x10, 0x38,
  0x7c, 0xfe, 0x38, 0x38, 0x38, 0x01, 0x07, 0x38, 0x38, 0x38, 0xfe, 0x7c,
  0x38, 0x10, 0x49, 0x4e, 0x53, 0x54, 0xff, 0x49, 0x4e, 0x53, 0x54, 0xff,
  0x44, 0x52, 0x55, 0x4d, 0xff, 0x4d, 0x4f, 0x4e, 0x20, 0xff, 0x4d, 0xff,
  0x6d, 0xff, 0x37, 0xff, 0x6d, 0x37, 0xff, 0x4d, 0x37, 0xff, 0x64, 0x69,
  0x6d, 0xff, 0x4e, 0xa5, 0x43, 0xff, 0x61, 0x75, 0x67, 0xff, 0x6d, 0x37,
  0x62, 0x35, 0xff, 0x73, 0x75, 0x73, 0x34, 0xff, 0x6d, 0x36, 0xff, 0x4d,
  0x36, 0xff, 0x38, 0x42, 0x54, 0xff, 0x44, 0x49, 0x53, 0xff, 0x53, 0x46,
  0x4c, 0xff, 0x31, 0x36, 0x42, 0xff, 0x42, 0x4c, 0x44, 0xff, 0x4c, 0x54,
  0x4e, 0xff, 0x57, 0x41, 0x4c, 0xff, 0x45, 0x4e, 0x44, 0xff, 0x54, 0x49,
  0x4d, 0x45, 0xff, 0x4b, 0x45, 0x59, 0xff, 0x54, 0x49, 0x54, 0x4c, 0xff,
  0x4c, 0x4f, 0x41, 0x44, 0xff, 0x53, 0x41, 0x56, 0x45, 0xff, 0x50, 0x52,
  0x4e, 0x54, 0xff, 0x43, 0x20, 0x43, 0x23, 0x44, 0x20, 0x44, 0x23, 0x45,
  0x20, 0x46, 0x20, 0x46, 0x23, 0x47, 0x20, 0x47, 0x23, 0x41, 0x20, 0x41,
  0x23, 0x42, 0x20, 0x43, 0x20, 0x44, 0x62, 0x44, 0x20, 0x45, 0x62, 0x45,
  0x20, 0x46, 0x20, 0x47, 0x62, 0x47, 0x20, 0x41, 0x62, 0x41, 0x20, 0x42,
  0x62, 0x42, 0x20, 0x09, 0x6c, 0x03, 0x24, 0xfe, 0x6b, 0x04, 0x2d, 0x09,
  0x6c, 0x04, 0x21, 0xfe, 0x6b, 0x05, 0x2a, 0x09, 0x6c, 0x05, 0x33, 0xfe,
  0x6b, 0x06, 0x27, 0x09, 0x6c, 0x06, 0x30, 0x1f, 0x6c, 0x03, 0x2e, 0x14,
  0x6c, 0x04, 0x25, 0x1f, 0x6c, 0x04, 0x31, 0x14, 0x6c, 0x05, 0x28, 0x1f,
  0x6c, 0x05, 0x34, 0x14, 0x6c, 0x06, 0x2b, 0x1f, 0x6c, 0x06, 0x37, 0x01,
  0x08, 0x10, 0x10, 0x11, 0x1f, 0x1f, 0x11, 0x10, 0x10, 0x01, 0x08, 0x10,
  0x10, 0x11, 0xff, 0xff, 0x11, 0x10, 0x10, 0x01, 0x08, 0x10, 0x10, 0x10,
  0xf0, 0xf0, 0x10, 0x10, 0x10, 0x07, 0x08, 0x10, 0x01, 0x00, 0x10, 0x01,
  0x00, 0x10, 0x10, 0x41, 0x04, 0x10, 0x41, 0x04, 0x10, 0x12, 0x49, 0x24,
  0x92, 0x49, 0x24, 0x90, 0x1f, 0xff, 0xff, 0xff, 0xff, 0xff, 0xf0, 0x1f,
  0xff, 0xff, 0xff, 0xff, 0xff, 0xf0, 0x12, 0x49, 0x24, 0x92, 0x49, 0x24,
  0x90, 0x10, 0x41, 0x04, 0x10, 0x41, 0x04, 0x10, 0x10, 0x01, 0x00, 0x10,
  0x01, 0x00, 0x10, 0x01, 0x05, 0x50, 0xf8, 0x50, 0xf8, 0x50, 0x01, 0x05,
  0x80, 0xb0, 0xc8, 0x88, 0xf0, 0x01, 0x05, 0x3c, 0x66, 0x60, 0x66, 0x3c,
  0x01, 0x05, 0x7c, 0x66, 0x66, 0x66, 0x7c, 0x01, 0x05, 0x7e, 0x60, 0x7c,
  0x60, 0x7e, 0x01, 0x05, 0x7e, 0x60, 0x7c, 0x60, 0x60, 0x01, 0x05, 0x3c,
  0x60, 0x6e, 0x66, 0x3c, 0x01, 0x05, 0x3c, 0x66, 0x7e, 0x66, 0x66, 0x01,
  0x05, 0x7c, 0x66, 0x7e, 0x66, 0x7c, 0x02, 0x05, 0x66, 0x1e, 0x76, 0x33,
  0x7e, 0xb0, 0x6e, 0x33, 0x66, 0x1e, 0x52, 0x69, 0x55, 0x69, 0x6d, 0x69,
  0x61, 0x69, 0x79, 0x69, 0x85, 0x69, 0x00, 0x00, 0x61, 0x69, 0x9d, 0x69,
  0xa9, 0x69, 0xb5, 0x69, 0xc1, 0x69, 0x01, 0x01, 0x00, 0x02, 0x05, 0x00,
  0x00, 0x03, 0xc0, 0x02, 0xa0, 0x02, 0xa0, 0x02, 0xa0, 0x02, 0x05, 0x00,
  0x0f, 0x03, 0xc9, 0x02, 0xa2, 0x02, 0xa2, 0x02, 0xa2, 0x02, 0x05, 0x03,
  0xc0, 0x02, 0x40, 0x00, 0x80, 0x00, 0x80, 0x00, 0x80, 0x02, 0x05, 0x02,
  0x2f, 0x03, 0x69, 0x02, 0xa2, 0x02, 0x22, 0x02, 0x22, 0x02, 0x05, 0x00,
  0x40, 0x01, 0xde, 0x02, 0x55, 0x02, 0x55, 0x01, 0xd5, 0x02, 0x05, 0x02,
  0x0f, 0x02, 0xc8, 0x03, 0x2e, 0x02, 0x23, 0x03, 0xce, 0x02, 0x05, 0x07,
  0x57, 0x01, 0x55, 0x07, 0x57, 0x05, 0x51, 0x07, 0x77, 0x02, 0x05, 0x03,
  0xc6, 0x02, 0xa8, 0x02, 0xae, 0x02, 0xa9, 0x02, 0xa6, 0x02, 0x05, 0x03,
  0x66, 0x02, 0xa8, 0x02, 0xae, 0x02, 0x29, 0x02, 0x26, 0x02, 0x05, 0x07,
  0x57, 0x04, 0x54, 0x07, 0x57, 0x01, 0x51, 0x07, 0x77, 0x04, 0x05, 0xcd,
  0xf6, 0x60, 0x00, 0xd9, 0x83, 0xc0, 0x02, 0xf1, 0xe1, 0x80, 0x00, 0xd9,
  0x81, 0x80, 0x02, 0xcd, 0xf1, 0x80, 0x00, 0x02, 0x23, 0x00, 0xe0, 0x00,
  0xd0, 0x01, 0x90, 0x01, 0x90, 0x01, 0x10, 0x01, 0x30, 0x01, 0x30, 0x01,
  0x60, 0x01, 0xe0, 0x00, 0xc0, 0x01, 0xc0, 0x03, 0x80, 0x07, 0x80, 0x06,
  0x80, 0x0c, 0x80, 0x08, 0x80, 0x11, 0xf0, 0x32, 0x9c, 0x24, 0x86, 0x24,
  0x83, 0x24, 0x83, 0x20, 0x83, 0x30, 0x43, 0x10, 0x43, 0x18, 0x46, 0x0e,
  0x5c, 0x03, 0xf0, 0x00, 0x40, 0x00, 0x40, 0x00, 0x40, 0x04, 0x40, 0x0e,
  0x40, 0x0e, 0x40, 0x04, 0xc0, 0x03, 0x80, 0x02, 0x13, 0x03, 0xc0, 0x0e,
  0x70, 0x10, 0x19, 0x20, 0x19, 0x2c, 0x0c, 0x3e, 0x0c, 0x3e, 0x0c, 0x1c,
  0x0d, 0x00, 0x0d, 0x00, 0x0c, 0x00, 0x0c, 0x00, 0x0c, 0x00, 0x08, 0x00,
  0x18, 0x00, 0x10, 0x00, 0x20, 0x00, 0xc0, 0x03, 0x00, 0x1c, 0x00, 0x57,
  0x6a, 0x63, 0x6a, 0x01, 0x0a, 0x1e, 0x1e, 0x3e, 0x36, 0x66, 0x66, 0xff,
  0xff, 0x06, 0x06, 0x01, 0x0a, 0x3e, 0x7f, 0x63, 0x03, 0x1f, 0x1e, 0x03,
  0x63, 0x7f, 0x3e, 0xb6, 0x6c, 0xce, 0x6c, 0xe6, 0x6c, 0x08, 0x6d, 0x26,
  0x6d, 0x48, 0x6d, 0xae, 0x6a, 0xab, 0x6a, 0xae, 0x6a, 0xab, 0x6a, 0xb5,
  0x6a, 0xab, 0x6a, 0xce, 0x6a, 0xab, 0x6a, 0xe7, 0x6a, 0xab, 0x6a, 0x00,
  0x6b, 0xab, 0x6a, 0x19, 0x6b, 0xab, 0x6a, 0x00, 0x6b, 0x49, 0x6b, 0x73,
  0x6b, 0xab, 0x6a, 0x00, 0x6b, 0x5e, 0x6b, 0xa3, 0x6b, 0xab, 0x6a, 0x00,
  0x6b, 0xd3, 0x6b, 0x01, 0x01, 0x00, 0x01, 0x05, 0x0e, 0x11, 0x11, 0x11,
  0x0e, 0x01, 0x17, 0x06, 0x09, 0x11, 0x12, 0x1c, 0x10, 0x10, 0x10, 0x10,
  0x10, 0x10, 0x10, 0x10, 0x10, 0x10, 0x10, 0x10, 0x10, 0x10, 0x10, 0x10,
  0x10, 0x10, 0x01, 0x17, 0x01, 0x01, 0x01, 0x01, 0x01, 0x01, 0x01, 0x01,
  0x01, 0x01, 0x01, 0x01, 0x01, 0x01, 0x01, 0x01, 0x01, 0x01, 0x07, 0x09,
  0x11, 0x12, 0x0c, 0x01, 0x17, 0x06, 0x0f, 0x1f, 0x1e, 0x1c, 0x10, 0x10,
  0x10, 0x10, 0x10, 0x10, 0x10, 0x10, 0x10, 0x10, 0x10, 0x10, 0x10, 0x10,
  0x10, 0x10, 0x10, 0x10, 0x01, 0x17, 0x01, 0x01, 0x01, 0x01, 0x01, 0x01,
  0x01, 0x01, 0x01, 0x01, 0x01, 0x01, 0x01, 0x01, 0x01, 0x01, 0x01, 0x01,
  0x07, 0x0f, 0x1f, 0x1e, 0x0c, 0x02, 0x17, 0x06, 0x00, 0x0f, 0x00, 0x1f,
  0x00, 0x1e, 0x00, 0x1c, 0x00, 0x11, 0x00, 0x10, 0x80, 0x10, 0x80, 0x10,
  0x40, 0x10, 0x40, 0x10, 0x40, 0x10, 0x40, 0x10, 0x40, 0x10, 0x40, 0x10,
  0xc0, 0x10, 0x80, 0x11, 0x80, 0x13, 0x00, 0x1f, 0x00, 0x1e, 0x00, 0x1c,
  0x00, 0x18, 0x00, 0x10, 0x00, 0x01, 0x13, 0x00, 0x80, 0xc0, 0xe0, 0xf0,
  0x30, 0x18, 0x08, 0x0c, 0x04, 0x04, 0x04, 0x04, 0x04, 0x04, 0x04, 0x08,
  0x08, 0x10, 0x01, 0x13, 0x00, 0x80, 0xc0, 0xe0, 0xf0, 0x30, 0x18, 0x88,
  0xcc, 0xe4, 0xf4, 0x3c, 0x0c, 0x04, 0x04, 0x04, 0x08, 0x08, 0x10, 0x02,
  0x17, 0x06, 0x00, 0x0f, 0x00, 0x1f, 0x00, 0x1e, 0x00, 0x1c, 0x00, 0x11,
  0x00, 0x10, 0x80, 0x10, 0x80, 0x10, 0x40, 0x10, 0x40, 0x10, 0xc0, 0x13,
  0xc0, 0x1f, 0x40, 0x1e, 0x40, 0x1c, 0xc0, 0x18, 0x80, 0x11, 0x80, 0x13,
  0x00, 0x1f, 0x00, 0x1e, 0x00, 0x1c, 0x00, 0x18, 0x00, 0x10, 0x00, 0x02,
  0x17, 0x06, 0x00, 0x0f, 0x00, 0x1f, 0x00, 0x1e, 0x00, 0x1c, 0x00, 0x11,
  0x00, 0x10, 0x80, 0x10, 0x80, 0x11, 0xc0, 0x13, 0x40, 0x1e, 0x40, 0x1c,
  0xc0, 0x19, 0xc0, 0x13, 0x40, 0x1e, 0xc0, 0x1c, 0x80, 0x19, 0x80, 0x13,
  0x00, 0x17, 0x00, 0x1e, 0x00, 0x1c, 0x00, 0x18, 0x00, 0x10, 0x00, 0x01,
  0x13, 0x00, 0x80, 0xc0, 0xe0, 0x70, 0x30, 0x98, 0xc8, 0xec, 0x34, 0x9c,
  0xcc, 0xe4, 0x34, 0x1c, 0x0c, 0x08, 0x08, 0x10, 0x04, 0x05, 0x73, 0x67,
  0x3c, 0xf0, 0xdb, 0x6d, 0xb6, 0xda, 0xc3, 0xed, 0xbc, 0xd8, 0xdb, 0x6d,
  0xbc, 0xda, 0x73, 0x67, 0x36, 0xf0, 0x01, 0x09, 0x50, 0x50, 0xf8, 0x50,
  0x50, 0x50, 0xf8, 0x50, 0x50, 0x01, 0x09, 0x0a, 0x0a, 0x1f, 0x0a, 0x0a,
  0x0a, 0x1f, 0x0a, 0x0a, 0x01, 0x09, 0x00, 0x40, 0x40, 0x40, 0x50, 0x68,
  0x48, 0x50, 0x60, 0x01, 0x09, 0x00, 0x08, 0x08, 0x08, 0x0a, 0x0d, 0x09,
  0x0a, 0x0c, 0x01, 0x09, 0x00, 0x08, 0x0b, 0x0d, 0x09, 0x09, 0x0b, 0x0d,
  0x01, 0x02, 0x05, 0x3c, 0x00, 0x66, 0x01, 0x3c, 0x7f, 0x66, 0x00, 0x3c,
  0x00, 0x02, 0x05, 0x3c, 0x00, 0x66, 0x00, 0x3c, 0x7f, 0x66, 0x01, 0x3c,
  0x01, 0x01, 0x03, 0x00, 0x40, 0x40, 0x01, 0x02, 0x0e, 0x1b, 0x01, 0x02,
  0x1b, 0x0e, 0x02, 0x04, 0x81, 0xc0, 0x82, 0x20, 0x82, 0x20, 0x81, 0xc0,
  0x01, 0x0d, 0x20, 0x20, 0x20, 0x20, 0x20, 0x20, 0x20, 0x20, 0x20, 0x20,
  0x20, 0x20, 0x20, 0x02, 0x04, 0x81, 0xe0, 0x83, 0xe0, 0x83, 0xe0, 0x81,
  0xc0, 0x01, 0x04, 0x87, 0x8f, 0x8f, 0x87, 0x01, 0x0f, 0x80, 0xc0, 0xe0,
  0xb0, 0x98, 0x88, 0x88, 0x88, 0x88, 0x88, 0x88, 0x88, 0x88, 0x88, 0x90,
  0x01, 0x0f, 0x80, 0xc0, 0xe0, 0xb0, 0x98, 0x88, 0xc8, 0xe8, 0xb8, 0x98,
  0x88, 0x88, 0x88, 0x88, 0x90, 0x01, 0x0f, 0x80, 0xc0, 0xe0, 0xb0, 0x98,
  0xc8, 0xe8, 0xb8, 0x98, 0xc8, 0xe8, 0xb8, 0x98, 0x88, 0x90, 0x02, 0x0b,
  0x00, 0x00, 0x00, 0x00, 0x00, 0x00, 0x00, 0x00, 0x00, 0x00, 0x00, 0x00,
  0x00, 0x00, 0x0f, 0xf8, 0x03, 0xe0, 0x03, 0xe0, 0x03, 0xe0, 0x02, 0x0b,
  0x00, 0x00, 0x00, 0x00, 0x00, 0x00, 0x00, 0x00, 0x00, 0x00, 0x00, 0x00,
  0x00, 0x00, 0x03, 0xe0, 0x03, 0xe0, 0x03, 0xe0, 0x0f, 0xf8, 0x02, 0x10,
  0x00, 0x80, 0x00, 0x40, 0x00, 0x60, 0x00, 0x20, 0x00, 0x40, 0x00, 0xc0,
  0x00, 0x80, 0x00, 0x80, 0x00, 0x80, 0x00, 0x80, 0x00, 0xc0, 0x00, 0x40,
  0x01, 0xe0, 0x03, 0x38, 0x02, 0x00, 0x01, 0x80, 0x02, 0x0e, 0x00, 0x00,
  0x00, 0x00, 0x00, 0x00, 0x00, 0x00, 0x03, 0x10, 0x07, 0x90, 0x07, 0xa0,
  0x03, 0xe0, 0x00, 0x40, 0x00, 0x40, 0x00, 0x80, 0x00, 0x80, 0x01, 0x00,
  0x01, 0x00, 0x02, 0x10, 0x00, 0x00, 0x00, 0x60, 0x00, 0xf4, 0x00, 0xf4,
  0x00, 0x78, 0x00, 0x08, 0x00, 0x10, 0x03, 0x10, 0x07, 0xa0, 0x07, 0xa0,
  0x03, 0xc0, 0x00, 0x40, 0x00, 0x80, 0x00, 0x80, 0x01, 0x00, 0x01, 0x00,
  0x02, 0x10, 0x00, 0xc4, 0x01, 0xe4, 0x01, 0xe8, 0x00, 0xf8, 0x03, 0x10,
  0x07, 0x90, 0x07, 0xa0, 0x03, 0xe0, 0x00, 0x40, 0x0c, 0x40, 0x1e, 0x80,
  0x1e, 0x80, 0x0f, 0x00, 0x01, 0x00, 0x02, 0x00, 0x02, 0x00, 0x01, 0x06,
  0x00, 0x00, 0x00, 0x1c, 0x1c, 0x1c, 0x02, 0x08, 0x3c, 0x00, 0x66, 0x00,
  0x0c, 0x00, 0x66, 0x00, 0x3c, 0x00, 0x00, 0x00, 0xe3, 0x80, 0x80, 0x80,
  0x02, 0x08, 0x00, 0x00, 0x00, 0x00, 0x1e, 0x00, 0x7f, 0x80, 0x61, 0x80,
  0xc0, 0xc0, 0xc0, 0xc0, 0xc0, 0xc0, 0x01, 0x08, 0x10, 0x10, 0x10, 0x13,
  0x10, 0x73, 0xf0, 0x60, 0x70, 0x2f, 0x66, 0xff, 0x02, 0x0c, 0x0a, 0x00,
  0x0a, 0x00, 0x0a, 0x60, 0x0a, 0x60, 0x0a, 0x00, 0x0a, 0x00, 0x0a, 0x00,
  0x0a, 0x00, 0x0a, 0x60, 0x0a, 0x60, 0x0a, 0x00, 0x0a, 0x00, 0x02, 0x0c,
  0x00, 0x50, 0x00, 0x50, 0x06, 0x50, 0x06, 0x50, 0x00, 0x50, 0x00, 0x50,
  0x00, 0x50, 0x00, 0x50, 0x06, 0x50, 0x06, 0x50, 0x00, 0x50, 0x00, 0x50,
  0x02, 0x0b, 0x00, 0x00, 0x1c, 0x18, 0x12, 0x24, 0x12, 0x24, 0x12, 0x20,
  0x12, 0x20, 0x12, 0x20, 0x12, 0x20, 0x12, 0x24, 0x12, 0x24, 0x1c, 0x98,
  0x02, 0x0c, 0x00, 0x00, 0x03, 0xe0, 0x0f, 0xf8, 0x1c, 0x1c, 0x18, 0x0c,
  0x19, 0xcc, 0x19, 0xcc, 0x00, 0x00, 0x00, 0x00, 0x01, 0x40, 0x01, 0x40,
  0x01, 0x40, 0x02, 0x0b, 0x00, 0x00, 0x1c, 0x18, 0x12, 0x24, 0x12, 0x24,
  0x12, 0x20, 0x12, 0x18, 0x12, 0x04, 0x12, 0x04, 0x12, 0x24, 0x12, 0x24,
  0x1c, 0x98, 0x02, 0x0b, 0x00, 0x00, 0x03, 0xe0, 0x06, 0x30, 0x06, 0x30,
  0x02, 0x60, 0x01, 0xc0, 0x09, 0xc4, 0x03, 0x20, 0x06, 0x30, 0x0c, 0x30,
  0x1b, 0xe0, 0x02, 0x0b, 0x00, 0x00, 0x1f, 0xf8, 0x1f, 0xf8, 0x18, 0x00,
  0x18, 0xc0, 0x19, 0xc0, 0x19, 0xc0, 0x18, 0xc0, 0x18, 0xc0, 0x19, 0xe0,
  0x19, 0xe0, 0x02, 0x0b, 0x00, 0x00, 0x1f, 0xf8, 0x1f, 0xf8, 0x18, 0x00,
  0x19, 0xe0, 0x1b, 0x30, 0x1b, 0x30, 0x18, 0x60, 0x18, 0xc0, 0x19, 0xf0,
  0x1b, 0xf0, 0x02, 0x0b, 0x00, 0x00, 0x1f, 0xf8, 0x1f, 0xf8, 0x18, 0x00,
  0x19, 0xe0, 0x1b, 0xf0, 0x1a, 0x30, 0x18, 0xe0, 0x1a, 0x30, 0x1b, 0xf0,
  0x19, 0xe0, 0x02, 0x0b, 0x00, 0x00, 0x1f, 0xf8, 0x1f, 0xf8, 0x18, 0x00,
  0x19, 0x80, 0x19, 0x80, 0x1b, 0x00, 0x1b, 0x60, 0x1b, 0xf8, 0x1b, 0xf8,
  0x18, 0x60, 0x02, 0x0b, 0x00, 0x00, 0x00, 0x00, 0x03, 0xe0, 0x00, 0x80,
  0x03, 0xe0, 0x14, 0x94, 0x3f, 0xfe, 0x14, 0x94, 0x03, 0xe0, 0x00, 0x80,
  0x03, 0xe0, 0x02, 0x0c, 0x1f, 0x38, 0x04, 0x44, 0x04, 0x44, 0x04, 0x38,
  0x00, 0x00, 0x03, 0xe0, 0x00, 0x80, 0x0b, 0xe8, 0x1e, 0xbc, 0x0b, 0xe8,
  0x00, 0x80, 0x03, 0xe0, 0x10, 0x30, 0x7e, 0xfe, 0x7e, 0x30, 0x10, 0x00,
  0x6c, 0xfe, 0x6c, 0x6c, 0x6c, 0xfe, 0x6c, 0x00, 0x60, 0x60, 0x7c, 0x66,
  0x66, 0x6c, 0x78, 0x00, 0x60, 0x7c, 0x6c, 0x6c, 0x6c, 0x7c, 0x0c, 0x00,
  0x00, 0x10, 0x38, 0x7c, 0x00, 0x00, 0x00, 0x00, 0x00, 0x00, 0x00, 0x00,
  0x00, 0x00, 0x00, 0x7e, 0x69, 0xea, 0x00, 0x01, 0x69, 0xf2, 0x01, 0x01,
  0x69, 0xf2, 0x02, 0x01, 0x69, 0xf2, 0x03, 0x01, 0x0e, 0xff, 0x04, 0x0c,
  0x88, 0xff, 0x05, 0x0f, 0xd0, 0xf3, 0x3e, 0x7f, 0x32, 0x55, 0xe3, 0xcd,
  0x00, 0x70, 0xcd, 0x12, 0x70, 0xcd, 0xcf, 0x77, 0xed, 0x5b, 0x13, 0xe0,
  0x21, 0xd5, 0xe2, 0x73, 0x23, 0x72, 0xeb, 0x01, 0x00, 0x00, 0x11, 0x04,
  0x00, 0x7e, 0x3c, 0xca, 0x4f, 0x6f, 0x3d, 0x4f, 0xcb, 0xbf, 0xfe, 0x7e,
  0xca, 0x4c, 0x6f, 0x79, 0xe5, 0xc5, 0xcd, 0x3c, 0x70, 0xc1, 0xe1, 0x77,
  0x19, 0x18, 0xe6, 0x23, 0x7e, 0x2b, 0x3c, 0x28, 0x06, 0xfe, 0x19, 0x28,
  0x23, 0x18, 0xf1, 0x11, 0xd7, 0xe2, 0xeb, 0x04, 0x3e, 0x06, 0xb8, 0xca,
  0xad, 0x70, 0xc5, 0x05, 0x48, 0x06, 0x00, 0xcb, 0x21, 0x09, 0xeb, 0x01,
  0x04, 0x00, 0x09, 0xeb, 0x73, 0x23, 0x72, 0xc1, 0xeb, 0xc3, 0x32, 0x6f,
  0xc5, 0xe5, 0x23, 0x23, 0x7e, 0x23, 0x77, 0x04, 0x26, 0x00, 0x4f, 0xaf,
  0xc6, 0x08, 0x38, 0x24, 0x10, 0xfa, 0x6f, 0x79, 0x3d, 0xcb, 0x27, 0x4f,
  0x06, 0x00, 0x09, 0x01, 0xd9, 0xe2, 0x09, 0x44, 0x4d, 0xe1, 0xe5, 0x19,
  0x7e, 0x3c, 0x28, 0x0f, 0x7d, 0x02, 0x7c, 0x03, 0x02, 0xe1, 0xc1, 0x11,
  0x04, 0x00, 0x18, 0x9c, 0x24, 0x18, 0xd9, 0x23, 0x7e, 0x2b, 0xfe, 0x18,
  0x20, 0xea, 0x18, 0xe3, 0x12, 0x77, 0x13, 0x23, 0x10, 0xfa, 0xc9, 0x21,
  0xd5, 0xe2, 0x3e, 0x06, 0xcb, 0x27, 0x4f, 0x06, 0x00, 0xed, 0xb0, 0xc9,
  0x4f, 0x3a, 0x15, 0xe0, 0xb7, 0xc0, 0x79, 0xcd, 0x3c, 0x70, 0xcb, 0xbf,
  0x21, 0x17, 0xe3, 0x36, 0x00, 0x01, 0x00, 0x00, 0xcd, 0xfe, 0x75, 0x3e,
  0x07, 0x21, 0xf9, 0x6f, 0x06, 0x07, 0x5e, 0xf5, 0xcd, 0x93, 0x00, 0xf1,
  0x23, 0x3c, 0x10, 0xf6, 0xc9, 0xfe, 0x10, 0x00, 0x00, 0x20, 0x20, 0x09,
  0x11, 0x17, 0xe3, 0x21, 0x0c, 0x70, 0x01, 0x06, 0x00, 0xed, 0xb0, 0xc9,
  0x00, 0x03, 0x04, 0x01, 0x02, 0x05, 0x06, 0x30, 0xaf, 0x21, 0xe1, 0xe2,
  0x77, 0x23, 0x10, 0xfc, 0xc9, 0x21, 0x45, 0xe2, 0x3e, 0x06, 0xcb, 0x27,
  0xcb, 0x27, 0x47, 0xaf, 0x77, 0x23, 0x10, 0xfc, 0xc9, 0xdb, 0xaa, 0xe6,
  0xf0, 0xf6, 0x08, 0xd3, 0xaa, 0xdb, 0xa9, 0xee, 0xff, 0xc8, 0x37, 0xc9,
  0x4f, 0xcb, 0xbf, 0x3d, 0x06, 0x00, 0xd6, 0x0c, 0xda, 0x4b, 0x70, 0x04,
  0xc3, 0x42, 0x70, 0xcb, 0x20, 0xcb, 0x20, 0xcb, 0x20, 0xcb, 0x20, 0xc6,
  0x0c, 0x21, 0x6b, 0x70, 0x85, 0x6f, 0xda, 0x67, 0x70, 0x7e, 0xe6, 0x0f,
  0x80, 0xcb, 0x79, 0xc8, 0xcb, 0xff, 0xc9, 0x24, 0xc3, 0x5d, 0x70, 0x00,
  0x01, 0x02, 0x04, 0x05, 0x06, 0x08, 0x09, 0x0a, 0x0c, 0x0d, 0x0e, 0x4f,
  0xcb, 0xbf, 0x47, 0xcb, 0x38, 0xcb, 0x38, 0xcb, 0x38, 0xcb, 0x38, 0xe6,
  0x0f, 0x21, 0x9d, 0x70, 0x85, 0x6f, 0x30, 0x01, 0x24, 0xaf, 0xb0, 0x7e,
  0x28, 0x05, 0x3c, 0xc6, 0x0c, 0x10, 0xfc, 0xcb, 0x79, 0xc8, 0xcb, 0xff,
  0xc9, 0x00, 0x01, 0x02, 0x00, 0x03, 0x04, 0x05, 0x00, 0x06, 0x07, 0x08,
  0x00, 0x09, 0x0a, 0x0b, 0x00, 0x11, 0x9f, 0xe2, 0xcd, 0xc3, 0x6f, 0x11,
  0xb7, 0xe2, 0xcd, 0xc3, 0x6f, 0x11, 0xc9, 0xe2, 0xcd, 0xc3, 0x6f, 0x3e,
  0x06, 0x47, 0xc5, 0x3e, 0xff, 0x32, 0x3e, 0xe3, 0x21, 0xab, 0xe2, 0x11,
  0x29, 0xe3, 0xcd, 0xbc, 0x6f, 0xc1, 0xc5, 0x21, 0x2f, 0xe3, 0x11, 0x2f,
  0xe3, 0xcd, 0xbc, 0x6f, 0x21, 0xb1, 0xe2, 0x11, 0xc3, 0xe2, 0xaf, 0xc1,
  0xc5, 0xcd, 0xbc, 0x6f, 0xaf, 0x32, 0x95, 0xe2, 0xc1, 0x21, 0x11, 0xe3,
  0x11, 0x23, 0xe3, 0xcd, 0xbc, 0x6f, 0x06, 0x06, 0xaf, 0x21, 0x1d, 0xe3,
  0x11, 0x99, 0xe2, 0xcd, 0xbc, 0x6f, 0x3e, 0x03, 0x32, 0x3d, 0xe3, 0x32,
  0x4b, 0xe3, 0x21, 0x00, 0x05, 0x22, 0x39, 0xe3, 0xcd, 0x1d, 0x70, 0x06,
  0x00, 0xc5, 0xcd, 0x1f, 0x72, 0xc1, 0x3e, 0x06, 0x04, 0xb8, 0x20, 0xf5,
  0x06, 0x06, 0xaf, 0x21, 0xb1, 0xe2, 0x11, 0xc3, 0xe2, 0xcd, 0xbc, 0x6f,
  0xfb, 0x06, 0x00, 0xc5, 0x3e, 0x06, 0x4f, 0x06, 0x00, 0x21, 0x57, 0xe2,
  0xcb, 0x7e, 0xca, 0x57, 0x71, 0xcb, 0xbe, 0xc1, 0xc5, 0xcd, 0x37, 0x77,
  0xc1, 0xc5, 0xe5, 0xcd, 0xa8, 0x77, 0x21, 0x29, 0xe3, 0x19, 0x36, 0xff,
  0xe1, 0x7e, 0xcb, 0xbf, 0xcd, 0xc0, 0x77, 0xc1, 0x23, 0x04, 0x3e, 0x06,
  0xb8, 0xca, 0x64, 0x71, 0xc5, 0xc3, 0x38, 0x71, 0xfb, 0x01, 0x00, 0x00,
  0xc5, 0x3e, 0x06, 0x4f, 0x06, 0x00, 0x21, 0x45, 0xe2, 0x50, 0x59, 0x09,
  0xc1, 0x09, 0x3e, 0x01, 0xbe, 0xe5, 0xca, 0xb6, 0x71, 0x19, 0x7e, 0xfe,
  0xd0, 0xca, 0x8c, 0x71, 0xb7, 0xca, 0x8c, 0x71, 0x35, 0xcc, 0xc3, 0x71,
  0xe1, 0x35, 0x0c, 0x3e, 0x06, 0xb9, 0xc2, 0x68, 0x71, 0xe5, 0x21, 0x3d,
  0xe3, 0x3a, 0x4b, 0xe3, 0xbe, 0xca, 0xae, 0x71, 0x34, 0xe1, 0xcd, 0x2d,
  0x70, 0xda, 0xe5, 0x71, 0xcd, 0x9d, 0x75, 0xc3, 0x2d, 0x71, 0x36, 0x00,
  0xcd, 0x31, 0x78, 0xc3, 0xa1, 0x71, 0xc5, 0x41, 0xcd, 0x1f, 0x72, 0xc1,
  0xe1, 0xda, 0xe9, 0x71, 0xc3, 0x8e, 0x71, 0xc5, 0x41, 0xc5, 0x16, 0x00,
  0x59, 0x21, 0x29, 0xe3, 0x19, 0x7e, 0xb7, 0xca, 0xdf, 0x71, 0xe5, 0xcd,
  0xa8, 0x77, 0xe1, 0xda, 0xdf, 0x71, 0xaf, 0x77, 0xcd, 0xc0, 0x77, 0xc1,
  0xcd, 0xae, 0x75, 0xc1, 0xc9, 0xaf, 0x32, 0x3e, 0xe3, 0x2a, 0x13, 0xe0,
  0x01, 0x00, 0x00, 0x11, 0x04, 0x00, 0x7e, 0x3c, 0x28, 0x14, 0x3d, 0x4f,
  0xcb, 0xbf, 0xfe, 0x7e, 0x28, 0x09, 0x79, 0xe5, 0xc5, 0xcd, 0x77, 0x70,
  0xc1, 0xe1, 0x77, 0x19, 0x18, 0xe8, 0x23, 0x7e, 0x2b, 0x3c, 0x28, 0x02,
  0x18, 0xf5, 0x04, 0x3e, 0x06, 0xb8, 0x28, 0x02, 0x18, 0xed, 0xf3, 0xcd,
  0xa6, 0x75, 0xc9, 0x48, 0x06, 0x00, 0x21, 0x45, 0xe2, 0x11, 0xd5, 0xe2,
  0x09, 0xeb, 0xcb, 0x21, 0x09, 0xcb, 0x39, 0xd5, 0xe5, 0x7e, 0x23, 0x66,
  0x6f, 0x7e, 0x3c, 0xca, 0x84, 0x72, 0xeb, 0x1a, 0xc5, 0x3e, 0x06, 0x4f,
  0x06, 0x00, 0x3e, 0x02, 0xf5, 0x1a, 0x77, 0x13, 0x09, 0xf1, 0x3d, 0xc2,
  0x44, 0x72, 0x3e, 0x02, 0xf5, 0x7e, 0xfe, 0xd0, 0xca, 0x68, 0x72, 0x1a,
  0xb7, 0xca, 0x68, 0x72, 0xf3, 0x77, 0x13, 0xf1, 0x3d, 0xca, 0x74, 0x72,
  0x09, 0xc3, 0x50, 0x72, 0xf1, 0x1a, 0x77, 0x09, 0x36, 0x01, 0x13, 0x13,
  0xc1, 0xc3, 0x7d, 0x72, 0xcb, 0xfe, 0xc1, 0x41, 0xc5, 0xcd, 0xe9, 0x75,
  0xc1, 0xe1, 0x73, 0x23, 0x72, 0xd1, 0xb7, 0xc9, 0x23, 0x7e, 0xfe, 0x10,
  0xda, 0xbb, 0x72, 0xfe, 0x20, 0xda, 0xb1, 0x73, 0xfe, 0x40, 0xda, 0xa3,
  0x72, 0xfe, 0x50, 0xda, 0xa3, 0x72, 0xfe, 0x60, 0xda, 0x2b, 0x75, 0x3c,
  0xca, 0xdd, 0x72, 0x23, 0x23, 0x23, 0xd1, 0xeb, 0x73, 0x23, 0x72, 0xe1,
  0xc3, 0x22, 0x72, 0x23, 0x23, 0x23, 0xd1, 0xeb, 0x73, 0x23, 0x72, 0xe1,
  0xc3, 0x22, 0x72, 0x23, 0xe5, 0x21, 0xcb, 0x72, 0xcb, 0x27, 0x5f, 0x16,
  0x00, 0x19, 0x5e, 0x23, 0x56, 0xeb, 0xe9, 0xf6, 0x72, 0xad, 0x73, 0xad,
  0x73, 0xad, 0x73, 0xad, 0x73, 0xad, 0x73, 0x96, 0x73, 0xad, 0x73, 0xa2,
  0x73, 0x7e, 0x3c, 0xca, 0xe5, 0x72, 0xc3, 0x22, 0x72, 0x21, 0x1d, 0xe3,
  0x09, 0xcb, 0x86, 0xda, 0xf2, 0x72, 0x37, 0xe1, 0xe1, 0xc9, 0xb7, 0xc3,
  0xef, 0x72, 0xe1, 0x79, 0xb7, 0xc2, 0xb0, 0x72, 0xc5, 0x4e, 0x23, 0xe5,
  0xcd, 0x5e, 0x73, 0xeb, 0xe5, 0x29, 0x29, 0x29, 0xd1, 0x19, 0x22, 0x39,
  0xe3, 0x22, 0xa2, 0x73, 0xe1, 0xc1, 0xc3, 0xb1, 0x72, 0x57, 0x3e, 0x64,
  0x92, 0x11, 0x64, 0x00, 0x32, 0x96, 0xe2, 0xda, 0x5d, 0x73, 0x7c, 0xeb,
  0xcb, 0x3c, 0xcb, 0x1d, 0xcb, 0x3c, 0xcb, 0x1d, 0xcb, 0x3c, 0xcb, 0x1d,
  0xcb, 0x3c, 0xcb, 0x1d, 0xcd, 0x79, 0x73, 0xda, 0x5d, 0x73, 0x29, 0xda,
  0x5d, 0x73, 0x29, 0xda, 0x5d, 0x73, 0x29, 0xda, 0x5d, 0x73, 0x29, 0xda,
  0x5d, 0x73, 0xc3, 0x5d, 0x73, 0xc6, 0x64, 0x11, 0x64, 0x00, 0x32, 0x96,
  0xe2, 0xda, 0x5d, 0x73, 0x7c, 0xeb, 0xcd, 0x79, 0x73, 0xc9, 0x3e, 0x09,
  0x06, 0x00, 0x11, 0x00, 0x20, 0x21, 0x1c, 0x00, 0xcb, 0x23, 0xcb, 0x12,
  0xed, 0x6a, 0xed, 0x42, 0x30, 0x02, 0x09, 0x1d, 0x1c, 0x3d, 0x20, 0xf0,
  0xc9, 0xc5, 0xd5, 0x11, 0x00, 0x00, 0x06, 0x08, 0x1f, 0xd2, 0x8a, 0x73,
  0xeb, 0x19, 0xda, 0x93, 0x73, 0xeb, 0x29, 0xda, 0x93, 0x73, 0x10, 0xf0,
  0xb7, 0xd5, 0xe1, 0xd1, 0xc1, 0xc9, 0xe1, 0x7e, 0xe5, 0x21, 0x99, 0xe2,
  0x09, 0x77, 0xe1, 0xc3, 0xb0, 0x72, 0x2a, 0x3b, 0xe3, 0x22, 0x39, 0xe3,
  0xe1, 0x23, 0xc3, 0xb1, 0x72, 0xe1, 0xc3, 0xb0, 0x72, 0x23, 0x22, 0x35,
  0xe3, 0xd6, 0x10, 0x21, 0xbd, 0x73, 0xc3, 0xc0, 0x72, 0xd3, 0x73, 0x1b,
  0x74, 0x7d, 0x74, 0x9a, 0x74, 0xaf, 0x74, 0xaf, 0x74, 0xa3, 0x74, 0xe4,
  0x74, 0xea, 0x74, 0x89, 0x74, 0x20, 0x75, 0x21, 0xb1, 0xe2, 0x09, 0x34,
  0xeb, 0x21, 0xc3, 0xe2, 0x09, 0xaf, 0xb6, 0xca, 0xee, 0x73, 0x21, 0x11,
  0xe3, 0x09, 0x7e, 0xeb, 0x96, 0xd2, 0xee, 0x73, 0x36, 0x01, 0x21, 0xab,
  0xe2, 0x09, 0x36, 0xff, 0x21, 0x9f, 0xe2, 0x11, 0xd5, 0xe2, 0xc5, 0xcb,
  0x21, 0x09, 0xeb, 0x09, 0xe5, 0x01, 0x02, 0x00, 0xed, 0xb0, 0xe1, 0xc1,
  0xc5, 0x06, 0x04, 0x34, 0xcc, 0x17, 0x74, 0x10, 0xfa, 0xc1, 0xe1, 0xd1,
  0xc3, 0x22, 0x72, 0x23, 0x34, 0x2b, 0xc9, 0x2a, 0x35, 0xe3, 0x23, 0x23,
  0x7e, 0x3c, 0xc2, 0x2c, 0x74, 0x23, 0x7e, 0xfe, 0x18, 0xca, 0x65, 0x74,
  0x21, 0xab, 0xe2, 0x09, 0x54, 0x5d, 0xaf, 0xb6, 0xca, 0x54, 0x74, 0x21,
  0x23, 0xe3, 0x09, 0xaf, 0xb6, 0xca, 0x5f, 0x74, 0x35, 0xc2, 0x65, 0x74,
  0x62, 0x6b, 0x36, 0x00, 0x21, 0xb1, 0xe2, 0x09, 0x36, 0x00, 0x21, 0x23,
  0xe3, 0x09, 0x36, 0x00, 0x21, 0xd5, 0xe2, 0xcb, 0x21, 0x09, 0xcb, 0x29,
  0xc3, 0x08, 0x74, 0xeb, 0x2a, 0x35, 0xe3, 0x7e, 0x12, 0x21, 0x9f, 0xe2,
  0xcb, 0x21, 0x09, 0x11, 0xd5, 0xe2, 0xeb, 0x09, 0xc5, 0xeb, 0x01, 0x02,
  0x00, 0xed, 0xb0, 0xc1, 0xcb, 0x29, 0xc3, 0x12, 0x74, 0x21, 0xab, 0xe2,
  0x09, 0xaf, 0xb6, 0xca, 0x54, 0x74, 0xc3, 0x65, 0x74, 0x21, 0xc3, 0xe2,
  0x09, 0xaf, 0xb6, 0xca, 0x54, 0x74, 0x36, 0x00, 0x21, 0xc9, 0xe2, 0xc3,
  0x68, 0x74, 0x21, 0xb1, 0xe2, 0x09, 0x36, 0x00, 0xc3, 0x54, 0x74, 0x21,
  0xc3, 0xe2, 0x09, 0x7e, 0x3c, 0xc2, 0x20, 0x75, 0xc3, 0xe5, 0x72, 0x21,
  0xb1, 0xe2, 0x09, 0x7e, 0x21, 0x11, 0xe3, 0x09, 0x77, 0x21, 0xc3, 0xe2,
  0x09, 0x36, 0xff, 0x21, 0xab, 0xe2, 0x09, 0x36, 0x00, 0x21, 0xd5, 0xe2,
  0xc5, 0xcb, 0x21, 0x09, 0xc5, 0x5e, 0x23, 0x56, 0x06, 0x04, 0x13, 0x10,
  0xfd, 0x21, 0xc9, 0xe2, 0xc1, 0x09, 0x73, 0x23, 0x72, 0x21, 0xb7, 0xe2,
  0xc1, 0xc3, 0x68, 0x74, 0x21, 0xb7, 0xe2, 0xc3, 0xf7, 0x73, 0x21, 0xb1,
  0xe2, 0x09, 0xaf, 0xb6, 0xc2, 0xf5, 0x74, 0x36, 0x01, 0x7e, 0x2a, 0x35,
  0xe3, 0xbe, 0xda, 0x54, 0x74, 0xfe, 0x05, 0xd2, 0xe5, 0x72, 0xcb, 0x27,
  0x5f, 0x16, 0x00, 0x21, 0xdf, 0xe2, 0x19, 0xcb, 0x21, 0xc5, 0xcb, 0x21,
  0xcb, 0x21, 0x09, 0xc1, 0x5e, 0x23, 0x56, 0x2b, 0x7b, 0xb2, 0xca, 0xe5,
  0x72, 0xc3, 0x6b, 0x74, 0x21, 0xd5, 0xe2, 0xcb, 0x21, 0x09, 0xcb, 0x39,
  0xc3, 0x08, 0x74, 0x23, 0xe5, 0xd6, 0x50, 0x21, 0x35, 0x75, 0xc3, 0xc0,
  0x72, 0x7c, 0x75, 0x61, 0x75, 0x55, 0x75, 0x20, 0x75, 0x20, 0x75, 0x20,
  0x75, 0x20, 0x75, 0x20, 0x75, 0x20, 0x75, 0x20, 0x75, 0x20, 0x75, 0x20,
  0x75, 0x20, 0x75, 0x20, 0x75, 0x20, 0x75, 0x20, 0x75, 0xe1, 0x7e, 0xe5,
  0x21, 0x56, 0xe3, 0x09, 0x77, 0xe1, 0xc3, 0xb0, 0x72, 0xe1, 0x7e, 0x3d,
  0xc5, 0xe5, 0x21, 0x2f, 0xe3, 0x09, 0xbe, 0xca, 0x77, 0x75, 0x77, 0x41,
  0xc5, 0x4f, 0x3e, 0x00, 0xc1, 0x3e, 0x00, 0xe1, 0xc1, 0xc3, 0xb0, 0x72,
  0xe1, 0xc5, 0x79, 0xb7, 0xc2, 0x95, 0x75, 0xe5, 0x46, 0x23, 0x7e, 0xb7,
  0xcc, 0x9a, 0x75, 0x78, 0xcd, 0x09, 0x78, 0x21, 0x3d, 0xe3, 0x36, 0x03,
  0xe1, 0x23, 0xc1, 0xc3, 0xb1, 0x72, 0x06, 0x7f, 0xc9, 0x2a, 0x39, 0xe3,
  0x2b, 0x7c, 0xb5, 0x20, 0xfb, 0xc9, 0x3e, 0x07, 0x1e, 0x7f, 0xcd, 0x93,
  0x00, 0xc9, 0x04, 0xe5, 0xc5, 0x05, 0x21, 0x17, 0xe3, 0x48, 0x06, 0x00,
  0x09, 0x46, 0x78, 0xb7, 0xcc, 0xdf, 0x75, 0x04, 0x3e, 0x03, 0xb8, 0x38,
  0x17, 0xc5, 0xaf, 0x37, 0x17, 0x10, 0xfd, 0x4f, 0x3a, 0x55, 0xe3, 0xb1,
  0x32, 0x55, 0xe3, 0xd5, 0x5f, 0x3e, 0x07, 0xcd, 0x93, 0x00, 0xd1, 0xc1,
  0xc1, 0xe1, 0xc9, 0xd5, 0x3e, 0x08, 0x1e, 0x00, 0xcd, 0x93, 0x00, 0xd1,
  0xc9, 0x21, 0x17, 0xe3, 0x48, 0x06, 0x00, 0x09, 0x3e, 0x02, 0xbe, 0xd8,
  0x21, 0x45, 0xe2, 0x09, 0x7e, 0xcb, 0xbf, 0xfe, 0x7e, 0xc8, 0x21, 0xeb,
  0x75, 0x3d, 0xcb, 0x27, 0x85, 0x6f, 0xd2, 0x0a, 0x76, 0x24, 0xe5, 0x21,
  0x17, 0xe3, 0x09, 0x7e, 0xe1, 0x07, 0xd5, 0x5e, 0xf5, 0xcd, 0x93, 0x00,
  0xf1, 0x3c, 0x23, 0x5e, 0xcd, 0x93, 0x00, 0xd1, 0xc9, 0xb2, 0x0e, 0xdf,
  0x0d, 0x18, 0x0d, 0x18, 0x0d, 0x5b, 0x0c, 0xaa, 0x0b, 0x02, 0x0b, 0x02,
  0x0b, 0x64, 0x0a, 0xcf, 0x09, 0x42, 0x09, 0x42, 0x09, 0xbd, 0x08, 0x3f,
  0x08, 0xc9, 0x07, 0xc9, 0x07, 0x59, 0x07, 0xef, 0x06, 0x8c, 0x06, 0x8c,
  0x06, 0x2d, 0x06, 0xd5, 0x05, 0x81, 0x05, 0x81, 0x05, 0x32, 0x05, 0xe7,
  0x04, 0xa1, 0x04, 0xa1, 0x04, 0x5e, 0x04, 0x1f, 0x04, 0xe4, 0x03, 0xe4,
  0x03, 0xac, 0x03, 0x77, 0x03, 0x46, 0x03, 0x46, 0x03, 0x16, 0x03, 0xea,
  0x02, 0xc0, 0x02, 0xc0, 0x02, 0x99, 0x02, 0x73, 0x02, 0x50, 0x02, 0x50,
  0x02, 0x2f, 0x02, 0x0f, 0x02, 0xf2, 0x01, 0xf2, 0x01, 0xd6, 0x01, 0xbb,
  0x01, 0xa3, 0x01, 0xa3, 0x01, 0x8b, 0x01, 0x75, 0x01, 0x60, 0x01, 0x60,
  0x01, 0x4c, 0x01, 0x39, 0x01, 0x28, 0x01, 0x28, 0x01, 0x17, 0x01, 0x07,
  0x01, 0xf9, 0x00, 0xf9, 0x00, 0xeb, 0x00, 0xdd, 0x00, 0xd1, 0x00, 0xd1,
  0x00, 0xc5, 0x00, 0xba, 0x00, 0xb0, 0x00, 0xb0, 0x00, 0xa6, 0x00, 0x9c,
  0x00, 0x94, 0x00, 0x94, 0x00, 0x8b, 0x00, 0x83, 0x00, 0x7c, 0x00, 0x7c,
  0x00, 0x75, 0x00, 0x6e, 0x00, 0x68, 0x00, 0x68, 0x00, 0x62, 0x00, 0x5d,
  0x00, 0x58, 0x00, 0x58, 0x00, 0x53, 0x00, 0x4e, 0x00, 0x4a, 0x00, 0x4a,
  0x00, 0x45, 0x00, 0x41, 0x00, 0x3e, 0x00, 0x3e, 0x00, 0x3a, 0x00, 0x37,
  0x00, 0x34, 0x00, 0x34, 0x00, 0x31, 0x00, 0x2e, 0x00, 0x2c, 0x00, 0x2c,
  0x00, 0x29, 0x00, 0x27, 0x00, 0x25, 0x00, 0x25, 0x00, 0x22, 0x00, 0x20,
  0x00, 0x1f, 0x00, 0x1f, 0x00, 0x1d, 0x00, 0x1b, 0x00, 0x1a, 0x00, 0x1a,
  0x00, 0x18, 0x00, 0x17, 0x00, 0x16, 0x00, 0x16, 0x00, 0x14, 0x00, 0x13,
  0x00, 0x12, 0x00, 0x12, 0x00, 0x11, 0x00, 0x10, 0x00, 0x0f, 0x00, 0x0f,
  0x00, 0x78, 0xd6, 0x04, 0xda, 0x34, 0x77, 0x0e, 0xa2, 0x3c, 0xd6, 0x04,
  0xd8, 0x0c, 0x0c, 0x0c, 0x0c, 0xc3, 0x29, 0x77, 0x0e, 0xa0, 0xc9, 0x04,
  0xc5, 0xe5, 0x05, 0x48, 0x06, 0x00, 0x21, 0x45, 0xe2, 0x09, 0x7e, 0xcb,
  0xbf, 0xfe, 0x7e, 0xca, 0xa1, 0x77, 0x21, 0x17, 0xe3, 0x09, 0x4e, 0x3e,
  0x02, 0xb9, 0xda, 0xa1, 0x77, 0xc5, 0x0c, 0x41, 0x3e, 0x7f, 0x07, 0x10,
  0xfd, 0x4f, 0x3a, 0x55, 0xe3, 0xa1, 0x32, 0x55, 0xe3, 0xd5, 0x5f, 0x3e,
  0x07, 0xcd, 0x93, 0x00, 0xd1, 0xc1, 0xe1, 0xe5, 0x21, 0x4f, 0xe3, 0x09,
  0x7e, 0xb7, 0xe1, 0xca, 0xa4, 0x77, 0x46, 0xcb, 0xb8, 0xcb, 0x38, 0xcb,
  0x38, 0xcb, 0x38, 0xcb, 0x38, 0x80, 0xd6, 0x02, 0xd5, 0x5f, 0x3e, 0x08,
  0x81, 0xcd, 0x93, 0x00, 0x79, 0xb7, 0xc2, 0x9e, 0x77, 0x3e, 0x0d, 0x21,
  0x54, 0xe3, 0x5e, 0xcd, 0x93, 0x00, 0xd1, 0xc1, 0xc9, 0xe1, 0xc1, 0xc9,
  0xaf, 0xc3, 0x88, 0x77, 0x21, 0x45, 0xe2, 0x16, 0x00, 0x58, 0x19, 0x7e,
  0xcb, 0xbf, 0xfe, 0x7e, 0xca, 0xbe, 0x77, 0xcb, 0xff, 0xcd, 0xc0, 0x77,
  0xaf, 0xc9, 0x37, 0xc9, 0xc9, 0xc9, 0x3e, 0x06, 0x47, 0x0e, 0x00, 0xcd,
  0xc3, 0x71, 0x0c, 0x10, 0xfa, 0xc9, 0xc9, 0x1e, 0x7f, 0x3e, 0x07, 0xcd,
  0x93, 0x00, 0x1e, 0x00, 0x3e, 0x08, 0xcd, 0x93, 0x00, 0x21, 0x50, 0xe3,
  0x7e, 0xb7, 0x28, 0x1f, 0xc6, 0x03, 0x5f, 0x57, 0x3e, 0x09, 0xcd, 0x93,
  0x00, 0x3e, 0x0a, 0x5a, 0xcd, 0x93, 0x00, 0x3e, 0x0b, 0x06, 0x03, 0x21,
  0x52, 0xe3, 0x5e, 0xcd, 0x93, 0x00, 0x23, 0x3c, 0x10, 0xf8, 0xc9, 0xaf,
  0x18, 0xe0, 0x7f, 0x00, 0xc9, 0xf5, 0xd5, 0xe5, 0xfe, 0x07, 0x30, 0x1b,
  0x87, 0x5f, 0x16, 0x00, 0x21, 0xad, 0x7a, 0x19, 0x5e, 0x23, 0x56, 0xeb,
  0x22, 0x45, 0xe3, 0x22, 0x47, 0xe3, 0x3e, 0xff, 0x32, 0xce, 0xe4, 0xe1,
  0xd1, 0xf1, 0xc9, 0x21, 0x30, 0x78, 0x18, 0xec, 0x20, 0xf5, 0xd5, 0xe5,
  0x3a, 0xcf, 0xe4, 0xa7, 0x28, 0x31, 0x2a, 0x45, 0xe3, 0x3a, 0xce, 0xe4,
  0x5f, 0x7e, 0xbb, 0x28, 0x18, 0xcb, 0x7f, 0x20, 0x26, 0xcb, 0x77, 0x20,
  0x30, 0xf5, 0x3a, 0x55, 0xe3, 0xf6, 0x30, 0x32, 0x55, 0xe3, 0x5f, 0x3e,
  0x07, 0xcd, 0x93, 0x00, 0xf1, 0x32, 0xce, 0xe4, 0x23, 0xcb, 0x6f, 0x28,
  0x03, 0x2a, 0x47, 0xe3, 0x22, 0x45, 0xe3, 0xe1, 0xd1, 0xf1, 0xc9, 0xf5,
  0x1e, 0x31, 0x3e, 0x06, 0xcd, 0x93, 0x00, 0xcd, 0x8b, 0x78, 0xf1, 0x18,
  0xe0, 0xf5, 0x1e, 0x01, 0x3e, 0x06, 0xcd, 0x93, 0x00, 0xcd, 0x8b, 0x78,
  0xf1, 0x18, 0xd2, 0x3a, 0x55, 0xe3, 0xe6, 0xcf, 0x32, 0x55, 0xe3, 0x5f,
  0x3e, 0x07, 0xcd, 0x93, 0x00, 0xc9, 0xc9, 0xf5, 0xc5, 0xd5, 0xe5, 0xcd,
  0x57, 0x7a, 0x3a, 0xa9, 0xe4, 0x87, 0x4f, 0x06, 0x00, 0x21, 0xad, 0x7a,
  0x09, 0x5e, 0x23, 0x56, 0x21, 0xe5, 0xe3, 0xcd, 0xfd, 0x78, 0xeb, 0x01,
  0x30, 0x00, 0x09, 0xeb, 0x21, 0x26, 0xe4, 0xcd, 0xfd, 0x78, 0x21, 0x63,
  0xe3, 0xcd, 0xd9, 0x78, 0x21, 0xa4, 0xe3, 0xcd, 0xd9, 0x78, 0x21, 0x67,
  0xe4, 0xcd, 0xd9, 0x78, 0xe1, 0xd1, 0xc1, 0xf1, 0xc9, 0xf5, 0xc5, 0xd5,
  0xe5, 0x01, 0x05, 0x00, 0xeb, 0x21, 0xf8, 0x78, 0xed, 0xb0, 0x3a, 0xa8,
  0xe4, 0xfe, 0x44, 0x28, 0x06, 0x2b, 0x2b, 0x2b, 0x3e, 0x90, 0x77, 0xe1,
  0xd1, 0xc1, 0xf1, 0xc9, 0x04, 0x7e, 0xc0, 0x00, 0x00, 0xf5, 0xc5, 0xd5,
  0xe5, 0x22, 0xc3, 0xe4, 0x3e, 0xff, 0x32, 0xcc, 0xe4, 0x32, 0xcb, 0xe4,
  0xaf, 0x32, 0xc9, 0xe4, 0x3e, 0x1f, 0x32, 0xc5, 0xe4, 0x3e, 0x48, 0x32,
  0xcd, 0xe4, 0x3a, 0xa8, 0xe4, 0x06, 0x30, 0xfe, 0x44, 0x28, 0x02, 0x06,
  0x24, 0x0e, 0x00, 0xcd, 0x47, 0x79, 0x13, 0x0c, 0x10, 0xf9, 0x3a, 0xcb,
  0xe4, 0x3c, 0x32, 0xcb, 0xe4, 0x3a, 0xcc, 0xe4, 0x3c, 0x32, 0xcc, 0xe4,
  0x3a, 0xc6, 0xe4, 0xcd, 0x93, 0x79, 0xe1, 0xd1, 0xc1, 0xf1, 0xc9, 0xf5,
  0xc5, 0xd5, 0xe5, 0x3a, 0xcb, 0xe4, 0x3c, 0x32, 0xcb, 0xe4, 0x1a, 0xe6,
  0x1f, 0xcb, 0x67, 0x20, 0x27, 0xf5, 0xe5, 0x21, 0xcc, 0xe4, 0x34, 0xe1,
  0x47, 0x3a, 0xc5, 0xe4, 0xb8, 0x28, 0x0d, 0xfe, 0x1f, 0x28, 0x09, 0x3a,
  0xc6, 0xe4, 0xcd, 0x93, 0x79, 0xcd, 0x6a, 0x7a, 0xf1, 0x32, 0xc6, 0xe4,
  0x32, 0xc5, 0xe4, 0xe1, 0xd1, 0xc1, 0xf1, 0xc9, 0xf5, 0x3a, 0xc5, 0xe4,
  0xfe, 0x1f, 0x28, 0x03, 0xf1, 0x18, 0xed, 0x3e, 0x10, 0x32, 0xc6, 0xe4,
  0xf1, 0x18, 0xe5, 0xf5, 0xc5, 0xd5, 0xe5, 0xcd, 0xc5, 0x79, 0xcd, 0xf4,
  0x79, 0x2a, 0xc3, 0xe4, 0x7e, 0x3c, 0x4f, 0x06, 0x00, 0xc6, 0x03, 0x77,
  0x09, 0x3a, 0xca, 0xe4, 0x77, 0x23, 0x3a, 0xcb, 0xe4, 0x87, 0x87, 0x77,
  0x23, 0x3a, 0xcc, 0xe4, 0x87, 0x87, 0x77, 0x23, 0x3a, 0xcd, 0xe4, 0x77,
  0xe1, 0xd1, 0xc1, 0xf1, 0xc9, 0xf5, 0xc5, 0xd5, 0xe5, 0x3a, 0xc9, 0xe4,
  0x87, 0x87, 0x4f, 0xeb, 0x21, 0xaa, 0xe4, 0x46, 0x23, 0x7e, 0x23, 0x23,
  0x23, 0xb9, 0x28, 0x09, 0x30, 0x04, 0x10, 0xf5, 0x18, 0x03, 0x2b, 0x2b,
  0x2b, 0x2b, 0x7e, 0x32, 0xc8, 0xe4, 0x2b, 0x7e, 0x32, 0xc7, 0xe4, 0xe1,
  0xd1, 0xc1, 0xf1, 0xc9, 0xf5, 0xc5, 0xd5, 0xe5, 0xf5, 0x3a, 0xc8, 0xe4,
  0xfe, 0x06, 0x28, 0x48, 0x87, 0x87, 0x4f, 0x06, 0x00, 0x21, 0x7d, 0x7a,
  0x09, 0xf1, 0xcb, 0x67, 0x20, 0x3b, 0xf5, 0xe6, 0x03, 0x4f, 0x06, 0x00,
  0x09, 0x4e, 0xf1, 0xcb, 0x5f, 0x28, 0x0c, 0xcd, 0x41, 0x7a, 0xcb, 0x57,
  0x28, 0x0c, 0xcd, 0x41, 0x7a, 0x18, 0x07, 0xcb, 0x57, 0x28, 0x03, 0xcd,
  0x3a, 0x7a, 0x3a, 0xc7, 0xe4, 0x81, 0x32, 0xca, 0xe4, 0xe1, 0xd1, 0xc1,
  0xf1, 0xc9, 0xf5, 0x79, 0xc6, 0x0c, 0x4f, 0xf1, 0xc9, 0xf5, 0x79, 0xd6,
  0x0c, 0x4f, 0xf1, 0xc9, 0xf1, 0xaf, 0x32, 0xcc, 0xe4, 0x32, 0xcd, 0xe4,
  0x3e, 0x7e, 0x32, 0xca, 0xe4, 0x18, 0xde, 0xf5, 0xaf, 0x32, 0x63, 0xe3,
  0x32, 0xa4, 0xe3, 0x32, 0xe5, 0xe3, 0x32, 0x26, 0xe4, 0x32, 0x67, 0xe4,
  0xf1, 0xc9, 0xf5, 0xaf, 0x32, 0xcc, 0xe4, 0x32, 0xcb, 0xe4, 0x3e, 0x48,
  0x32, 0xcd, 0xe4, 0x79, 0x32, 0xc9, 0xe4, 0xf1, 0xc9, 0x00, 0x04, 0x07,
  0x0c, 0x00, 0x03, 0x07, 0x0c, 0x00, 0x04, 0x07, 0x0a, 0x00, 0x03, 0x07,
  0x0a, 0x00, 0x04, 0x07, 0x0b, 0x00, 0x03, 0x06, 0x09, 0x00, 0x00, 0x00,
  0x00, 0x00, 0x03, 0x06, 0x0a, 0x00, 0x04, 0x08, 0x0c, 0x00, 0x03, 0x07,
  0x09, 0x00, 0x04, 0x07, 0x09, 0x00, 0x05, 0x07, 0x0a, 0xbb, 0x7a, 0x3b,
  0x7c, 0x7b, 0x7b, 0x1b, 0x7b, 0x9b, 0x7c, 0xfb, 0x7c, 0xdb, 0x7b, 0x40,
  0x00, 0x00, 0x00, 0x10, 0x10, 0x41, 0x01, 0x01, 0x01, 0x10, 0x10, 0x83,
  0x03, 0x03, 0x03, 0x10, 0x10, 0x41, 0x01, 0x01, 0x01, 0x10, 0x10, 0x40,
  0x00, 0x00, 0x00, 0x10, 0x10, 0x41, 0x01, 0x01, 0x01, 0x10, 0x10, 0x83,
  0x03, 0x03, 0x03, 0x10, 0x10, 0x41, 0x01, 0x01, 0x01, 0x10, 0x30, 0x08,
  0x08, 0x08, 0x08, 0x08, 0x08, 0x10, 0x10, 0x10, 0x10, 0x10, 0x10, 0x02,
  0x02, 0x02, 0x02, 0x10, 0x10, 0x08, 0x08, 0x08, 0x08, 0x10, 0x10, 0x08,
  0x08, 0x08, 0x08, 0x08, 0x08, 0x10, 0x10, 0x10, 0x10, 0x10, 0x10, 0x02,
  0x02, 0x02, 0x02, 0x10, 0x10, 0x0e, 0x0e, 0x0e, 0x0e, 0x10, 0x10, 0x50,
  0x10, 0x10, 0x50, 0x10, 0x10, 0x43, 0x03, 0x10, 0x42, 0x02, 0x10, 0x90,
  0x10, 0x10, 0x42, 0x02, 0x10, 0x50, 0x10, 0x10, 0x50, 0x10, 0x10, 0x50,
  0x10, 0x10, 0x50, 0x10, 0x10, 0x43, 0x03, 0x10, 0x42, 0x02, 0x10, 0x90,
  0x10, 0x10, 0x42, 0x02, 0x10, 0x50, 0x10, 0x10, 0x42, 0x02, 0x30, 0x08,
  0x08, 0x08, 0x08, 0x10, 0x10, 0x01, 0x01, 0x10, 0x01, 0x01, 0x10, 0x08,
  0x08, 0x10, 0x01, 0x01, 0x10, 0x0a, 0x0a, 0x10, 0x08, 0x08, 0x10, 0x08,
  0x08, 0x08, 0x08, 0x10, 0x10, 0x01, 0x01, 0x10, 0x01, 0x01, 0x10, 0x08,
  0x08, 0x10, 0x01, 0x01, 0x10, 0x0a, 0x0a, 0x10, 0x01, 0x01, 0x10, 0x50,
  0x10, 0x10, 0x10, 0x03, 0x03, 0x10, 0x10, 0x42, 0x02, 0x10, 0x10, 0x83,
  0x03, 0x03, 0x03, 0x43, 0x03, 0x10, 0x10, 0x50, 0x10, 0x10, 0x10, 0x50,
  0x10, 0x10, 0x10, 0x03, 0x03, 0x10, 0x10, 0x42, 0x02, 0x10, 0x10, 0x83,
  0x03, 0x03, 0x03, 0x43, 0x03, 0x10, 0x10, 0x50, 0x10, 0x10, 0x30, 0x08,
  0x08, 0x10, 0x10, 0x01, 0x01, 0x10, 0x10, 0x08, 0x08, 0x10, 0x10, 0x01,
  0x01, 0x01, 0x01, 0x01, 0x01, 0x10, 0x10, 0x0e, 0x0e, 0x10, 0x10, 0x08,
  0x08, 0x10, 0x10, 0x01, 0x01, 0x10, 0x10, 0x08, 0x08, 0x10, 0x10, 0x01,
  0x01, 0x01, 0x01, 0x01, 0x01, 0x10, 0x10, 0x0e, 0x0e, 0x10, 0x10, 0x50,
  0x10, 0x10, 0x10, 0x10, 0x10, 0x10, 0x10, 0x10, 0x10, 0x10, 0x10, 0x83,
  0x03, 0x03, 0x03, 0x03, 0x03, 0x03, 0x03, 0x03, 0x03, 0x10, 0x10, 0x83,
  0x03, 0x03, 0x03, 0x03, 0x03, 0x03, 0x03, 0x03, 0x03, 0x10, 0x30, 0x00,
  0x00, 0x00, 0x00, 0x00, 0x00, 0x00, 0x00, 0x00, 0x00, 0x00, 0x00, 0x08,
  0x08, 0x08, 0x08, 0x08, 0x08, 0x08, 0x08, 0x08, 0x08, 0x10, 0x10, 0x01,
  0x01, 0x01, 0x01, 0x01, 0x01, 0x01, 0x01, 0x01, 0x01, 0x10, 0x10, 0x01,
  0x01, 0x01, 0x01, 0x01, 0x01, 0x01, 0x01, 0x01, 0x01, 0x10, 0x10, 0x00,
  0x00, 0x00, 0x00, 0x00, 0x00, 0x00, 0x00, 0x00, 0x00, 0x00, 0x00, 0x50,
  0x10, 0x10, 0x10, 0x10, 0x10, 0x43, 0x43, 0x43, 0x03, 0x10, 0x10, 0x90,
  0x10, 0x10, 0x10, 0x10, 0x10, 0x43, 0x43, 0x43, 0x03, 0x10, 0x10, 0x50,
  0x10, 0x10, 0x10, 0x10, 0x10, 0x43, 0x43, 0x43, 0x03, 0x10, 0x10, 0x90,
  0x10, 0x10, 0x10, 0x10, 0x10, 0x43, 0x43, 0x50, 0x03, 0x03, 0x30, 0x08,
  0x08, 0x08, 0x08, 0x10, 0x10, 0x01, 0x01, 0x01, 0x01, 0x10, 0x10, 0x08,
  0x08, 0x08, 0x08, 0x10, 0x10, 0x01, 0x01, 0x01, 0x01, 0x10, 0x10, 0x08,
  0x08, 0x08, 0x08, 0x10, 0x10, 0x01, 0x01, 0x01, 0x01, 0x10, 0x10, 0x08,
  0x08, 0x08, 0x08, 0x10, 0x10, 0x01, 0x01, 0x10, 0x01, 0x01, 0x10, 0x50,
  0x10, 0x10, 0x10, 0x01, 0x01, 0x01, 0x10, 0x02, 0x02, 0x02, 0x10, 0x83,
  0x03, 0x03, 0x10, 0x02, 0x02, 0x02, 0x10, 0x01, 0x01, 0x01, 0x10, 0x50,
  0x10, 0x10, 0x10, 0x01, 0x01, 0x01, 0x10, 0x02, 0x02, 0x02, 0x10, 0x83,
  0x03, 0x03, 0x10, 0x02, 0x02, 0x02, 0x10, 0x01, 0x01, 0x01, 0x30, 0x08,
  0x08, 0x08, 0x08, 0x08, 0x08, 0x08, 0x08, 0x08, 0x08, 0x08, 0x08, 0x10,
  0x10, 0x10, 0x10, 0x10, 0x10, 0x10, 0x10, 0x10, 0x10, 0x10, 0x10, 0x08,
  0x08, 0x08, 0x08, 0x08, 0x08, 0x08, 0x08, 0x08, 0x08, 0x08, 0x08, 0x10,
  0x10, 0x10, 0x10, 0x10, 0x10, 0x10, 0x10, 0x10, 0x10, 0x10, 0x10, 0x50,
  0x10, 0x10, 0x10, 0x10, 0x10, 0x43, 0x03, 0x03, 0x03, 0x03, 0x03, 0x83,
  0x03, 0x03, 0x03, 0x10, 0x10, 0x43, 0x03, 0x03, 0x03, 0x10, 0x10, 0x50,
  0x10, 0x10, 0x10, 0x10, 0x10, 0x83, 0x03, 0x03, 0x03, 0x10, 0x10, 0x50,
  0x10, 0x10, 0x10, 0x10, 0x10, 0x83, 0x03, 0x03, 0x03, 0x10, 0x30, 0x08,
  0x08, 0x08, 0x08, 0x10, 0x10, 0x01, 0x01, 0x01, 0x01, 0x01, 0x01, 0x01,
  0x01, 0x01, 0x01, 0x10, 0x10, 0x01, 0x01, 0x01, 0x01, 0x10, 0x10, 0x08,
  0x08, 0x08, 0x08, 0x10, 0x10, 0x01, 0x01, 0x01, 0x01, 0x10, 0x10, 0x0e,
  0x0e, 0x0e, 0x0e, 0x10, 0x10, 0x01, 0x01, 0x01, 0x01, 0x10, 0x10, 0xdd,
  0xe5, 0xd5, 0xe5, 0xc5, 0xcd, 0xe1, 0x00, 0xc1, 0xe1, 0xd1, 0xdd, 0xe1,
  0xc9, 0xdd, 0xe5, 0xd5, 0xe5, 0xc5, 0xcd, 0xe4, 0x00, 0xc1, 0xe1, 0xd1,
  0xdd, 0xe1, 0xc9, 0xdd, 0xe5, 0xd5, 0xe5, 0xc5, 0xcd, 0xe7, 0x00, 0xc1,
  0xe1, 0xd1, 0xdd, 0xe1, 0xc9, 0xdd, 0xe5, 0xd5, 0xe5, 0xc5, 0xcd, 0xea,
  0x00, 0xc1, 0xe1, 0xd1, 0xdd, 0xe1, 0xc9, 0xdd, 0xe5, 0xd5, 0xe5, 0xc5,
  0xcd, 0xed, 0x00, 0xc1, 0xe1, 0xd1, 0xdd, 0xe1, 0xc9, 0xdd, 0xe5, 0xd5,
  0xe5, 0xc5, 0xcd, 0xf0, 0x00, 0xc1, 0xe1, 0xd1, 0xdd, 0xe1, 0xc9, 0xdd,
  0xe5, 0xd5, 0xe5, 0xc5, 0xe5, 0x21, 0x23, 0x7f, 0xcd, 0xa3, 0x40, 0xe1,
  0x3e, 0x01, 0x32, 0xe9, 0xf3, 0x3e, 0x18, 0x32, 0xb7, 0xfc, 0x3e, 0x94,
  0x32, 0xb9, 0xfc, 0xcd, 0xec, 0x7d, 0xc1, 0xe1, 0xd1, 0xdd, 0xe1, 0xc9,
  0xdd, 0xe5, 0xe5, 0xd5, 0xc5, 0x06, 0x06, 0x7e, 0xfe, 0x0d, 0x28, 0x06,
  0xcd, 0x8d, 0x00, 0x23, 0x10, 0xf5, 0xc1, 0xd1, 0xe1, 0xdd, 0xe1, 0xc9,
  0x7e, 0xfe, 0x0d, 0xc8, 0xcd, 0x8d, 0x00, 0x23, 0x18, 0xf6, 0x46, 0x4f,
  0x55, 0x4e, 0x44, 0x20, 0x20, 0x20, 0x0d, 0x4c, 0x4f, 0x41, 0x44, 0x49,
  0x4e, 0x47, 0x20, 0x0d, 0x54, 0x41, 0x50, 0x45, 0x20, 0x49, 0x2f, 0x4f,
  0x20, 0x45, 0x52, 0x52, 0x4f, 0x52, 0x0d, 0xf3, 0xaf, 0xcd, 0x5b, 0x7d,
  0xda, 0xa4, 0x7e, 0x06, 0x05, 0xcd, 0x69, 0x7d, 0xda, 0xa4, 0x7e, 0xfe,
  0xf7, 0xc2, 0x1f, 0x7e, 0x10, 0xf3, 0xdd, 0xe5, 0xe1, 0x06, 0x0a, 0xcd,
  0x69, 0x7d, 0xda, 0xa4, 0x7e, 0x77, 0x23, 0x10, 0xf6, 0xcd, 0x77, 0x7d,
  0x3e, 0x0d, 0xdd, 0x77, 0x0a, 0x21, 0xf6, 0x7d, 0xcd, 0xaf, 0x7d, 0xdd,
  0xe5, 0xe1, 0x23, 0x23, 0x23, 0x23, 0xcd, 0xd4, 0x7d, 0x11, 0x08, 0xe0,
  0x1a, 0xfe, 0x0d, 0x28, 0x0a, 0xe5, 0x06, 0x06, 0xcd, 0x19, 0x7f, 0xe1,
  0xc2, 0xb3, 0x7e, 0xe5, 0x21, 0xff, 0x7d, 0xcd, 0xaf, 0x7d, 0xe1, 0xcd,
  0xd4, 0x7d, 0xcd, 0x5b, 0x7d, 0xda, 0xa4, 0x7e, 0xdd, 0x6e, 0x00, 0xdd,
  0x66, 0x01, 0xdd, 0x4e, 0x02, 0xdd, 0x46, 0x03, 0x1e, 0x00, 0xcd, 0x69,
  0x7d, 0x38, 0x19, 0x57, 0x83, 0x5f, 0x72, 0x23, 0x0b, 0x78, 0xb1, 0xc2,
  0x86, 0x7e, 0xcd, 0x69, 0x7d, 0x38, 0x09, 0xbb, 0x20, 0x06, 0xcd, 0x77,
  0x7d, 0xfb, 0xb7, 0xc9, 0xcd, 0x77, 0x7d, 0x21, 0x08, 0x7e, 0xcd, 0xaf,
  0x7d, 0xcd, 0xad, 0x62, 0xfb, 0x37, 0xc9, 0xaf, 0xcd, 0x5b, 0x7d, 0xda,
  0xa4, 0x7e, 0xc3, 0x1f, 0x7e, 0xf3, 0x3e, 0xff, 0xcd, 0x85, 0x7d, 0x38,
  0x4e, 0x06, 0x05, 0x3e, 0xf7, 0xcd, 0x93, 0x7d, 0x38, 0x45, 0x10, 0xf7,
  0xdd, 0xe5, 0xe1, 0x06, 0x0a, 0x7e, 0x23, 0xcd, 0x93, 0x7d, 0x38, 0x37,
  0x10, 0xf7, 0xcd, 0xa1, 0x7d, 0x38, 0x30, 0xaf, 0xcd, 0x85, 0x7d, 0x38,
  0x2a, 0x1e, 0x00, 0xdd, 0x6e, 0x00, 0xdd, 0x66, 0x01, 0xdd, 0x4e, 0x02,
  0xdd, 0x46, 0x03, 0x56, 0x7b, 0x82, 0x5f, 0x7a, 0xcd, 0x93, 0x7d, 0x38,
  0x12, 0x23, 0x0b, 0x78, 0xb1, 0xc2, 0xf7, 0x7e, 0x7b, 0xcd, 0x93, 0x7d,
  0xcd, 0x93, 0x7d, 0xfb, 0xc3, 0xa1, 0x7d, 0xcd, 0xa1, 0x7d, 0xc3, 0xa7,
  0x7e, 0x1a, 0xbe, 0xc0, 0x23, 0x13, 0x10, 0xf9, 0xaf, 0xa7, 0xc9, 0x0d,
  0x02, 0x94, 0x14, 0x08, 0xff, 0xe5, 0xd5, 0xc5, 0xcd, 0x8f, 0x7f, 0x21,
  0x00, 0x00, 0x06, 0x0e, 0xc5, 0xcd, 0x98, 0x7f, 0x06, 0x20, 0xc5, 0xcd,
  0xb1, 0x7f, 0x01, 0x08, 0x00, 0x09, 0xc1, 0xcd, 0xe5, 0x7f, 0x28, 0x02,
  0x10, 0xf0, 0xcd, 0x82, 0x7f, 0xc1, 0xcd, 0xe5, 0x7f, 0x28, 0x05, 0x10,
  0xdf, 0x3e, 0xff, 0xa7, 0xc1, 0xd1, 0xe1, 0xc9, 0xf5, 0xcd, 0xe5, 0x7f,
  0x28, 0x0a, 0xcd, 0xa8, 0x00, 0x28, 0xf6, 0xf1, 0xcd, 0xa5, 0x00, 0xc9,
  0xf1, 0xaf, 0xa7, 0xc9, 0xdd, 0xe5, 0xfd, 0xe5, 0x11, 0x00, 0xe0, 0x01,
  0x08, 0x00, 0xcd, 0x59, 0x00, 0xfd, 0xe1, 0xdd, 0xe1, 0xc9, 0xf5, 0x3e,
  0x0d, 0xcd, 0x5c, 0x7f, 0x3e, 0x0a, 0xcd, 0x5c, 0x7f, 0xf1, 0xc9, 0xe5,
  0x21, 0xd5, 0x7f, 0xcd, 0xa1, 0x7f, 0xe1, 0xc9, 0xe5, 0x21, 0xdd, 0x7f,
  0xcd, 0xa1, 0x7f, 0xe1, 0xc9, 0xe5, 0xf5, 0x7e, 0xfe, 0xff, 0x28, 0x06,
  0xcd, 0x5c, 0x7f, 0x23, 0x18, 0xf5, 0xf1, 0xe1, 0xc9, 0xe5, 0xc5, 0xf5,
  0xcd, 0x70, 0x7f, 0x06, 0x08, 0x21, 0x07, 0xe0, 0xc5, 0x06, 0x08, 0x0e,
  0x00, 0x7e, 0xcb, 0x27, 0xcb, 0x11, 0x77, 0x2b, 0x10, 0xf7, 0x79, 0xcd,
  0x5c, 0x7f, 0xc1, 0x10, 0xe8, 0xf1, 0xc1, 0xe1, 0xc9, 0x1b, 0x54, 0x31,
  0x36, 0xff, 0xff, 0xff, 0xff, 0x1b, 0x53, 0x30, 0x32, 0x35, 0x36, 0xff,
  0xff, 0xc5, 0x47, 0x3e, 0x07, 0xcd, 0x41, 0x01, 0xcb, 0x57, 0x78, 0xc1,
  0xc9, 0x20, 0x00, 0x00, 0x00, 0x00, 0x00, 0x00, 0x00, 0x00, 0x00, 0x00,
  0x00, 0x00, 0x00, 0x00
};
unsigned int PSG_rom_len = 16384;
