unsigned char Psych_rom[] = {
  0x41, 0x42, 0x40, 0x9c, 0x00, 0x00, 0x00, 0x00, 0x00, 0x00, 0x00, 0x00,
  0x00, 0x00, 0x00, 0x00, 0x52, 0x6f, 0x6d, 0x20, 0x4d, 0x61, 0x64, 0x65,
  0x20, 0x46, 0x72, 0x6f, 0x6d, 0x20, 0x46, 0x69, 0x6c, 0x65, 0x20, 0x42,
  0x79, 0x20, 0x4e, 0x2e, 0x47, 0x00, 0x00, 0x00, 0x00, 0x00, 0x00, 0x00,
  0x00, 0x00, 0x00, 0x00, 0x00, 0x00, 0x00, 0x00, 0x00, 0x00, 0x00, 0x00,
  0x00, 0x00, 0x00, 0x00, 0x00, 0x00, 0x00, 0x00, 0x00, 0x00, 0x00, 0x00,
  0x00, 0x00, 0x00, 0x00, 0x00, 0x00, 0x00, 0x00, 0x00, 0x00, 0x00, 0x00,
  0x00, 0x00, 0x00, 0x00, 0x00, 0x00, 0x00, 0x00, 0x00, 0x00, 0x00, 0x00,
  0x00, 0x00, 0x00, 0x00, 0x00, 0x00, 0x00, 0x00, 0x00, 0x00, 0x00, 0x00,
  0x00, 0x00, 0x00, 0x00, 0x00, 0x00, 0x00, 0x00, 0x00, 0x00, 0x00, 0x00,
  0x00, 0x00, 0x00, 0x00, 0x00, 0x00, 0x00, 0x00, 0x00, 0x00, 0x00, 0x00,
  0x00, 0x00, 0x00, 0x00, 0x00, 0x00, 0x00, 0x00, 0x00, 0x00, 0x00, 0x00,
  0x00, 0x00, 0x00, 0x00, 0x00, 0x00, 0x00, 0x00, 0x00, 0x00, 0x00, 0x00,
  0x00, 0x00, 0x00, 0x00, 0x00, 0x00, 0x00, 0x00, 0x00, 0x00, 0x00, 0x00,
  0x00, 0x00, 0x00, 0x00, 0x00, 0x00, 0x00, 0x00, 0x00, 0x00, 0x00, 0x00,
  0x00, 0x00, 0x00, 0x00, 0x00, 0x00, 0x00, 0x00, 0x00, 0x00, 0x00, 0x00,
  0x00, 0x00, 0x00, 0x00, 0x00, 0x00, 0x00, 0x00, 0x00, 0x00, 0x00, 0x00,
  0x00, 0x00, 0x00, 0x00, 0x00, 0x00, 0x00, 0x00, 0x00, 0x00, 0x00, 0x00,
  0x00, 0x00, 0x00, 0x00, 0x00, 0x00, 0x00, 0x00, 0x00, 0x00, 0x00, 0x00,
  0x00, 0x00, 0x00, 0x00, 0x00, 0x00, 0x00, 0x00, 0x00, 0x00, 0x00, 0x00,
  0x00, 0x00, 0x00, 0x00, 0x00, 0x00, 0x00, 0x00, 0x00, 0x00, 0x00, 0x00,
  0x00, 0x00, 0x00, 0x00, 0x00, 0x00, 0x00, 0x00, 0x00, 0x00, 0x00, 0x00,
  0x00, 0x00, 0x00, 0x00, 0x00, 0x00, 0x00, 0x00, 0x00, 0x00, 0x00, 0x00,
  0x00, 0x00, 0x00, 0x00, 0x00, 0x00, 0x00, 0x00, 0x00, 0x00, 0x00, 0x00,
  0x00, 0x00, 0x00, 0x00, 0x00, 0x00, 0x00, 0x00, 0x00, 0x00, 0x00, 0x00,
  0x00, 0x00, 0x00, 0x00, 0x00, 0x00, 0x00, 0x00, 0x00, 0x00, 0x00, 0x00,
  0x00, 0x00, 0x00, 0x00, 0x00, 0x00, 0x00, 0x00, 0x00, 0x00, 0x00, 0x00,
  0x00, 0x00, 0x00, 0x00, 0x00, 0x00, 0x00, 0x00, 0x00, 0x00, 0x00, 0x00,
  0x00, 0x00, 0x00, 0x00, 0x00, 0x00, 0x00, 0x00, 0x00, 0x00, 0x00, 0x00,
  0x00, 0x00, 0x00, 0x00, 0x00, 0x00, 0x00, 0x00, 0x00, 0x00, 0x00, 0x00,
  0x00, 0x00, 0x00, 0x00, 0x00, 0x00, 0x00, 0x00, 0x00, 0x00, 0x00, 0x00,
  0x00, 0x00, 0x00, 0x00, 0x00, 0x00, 0x00, 0x00, 0x00, 0x00, 0x00, 0x00,
  0x00, 0x00, 0x00, 0x00, 0x00, 0x00, 0x00, 0x00, 0x00, 0x00, 0x00, 0x00,
  0x00, 0x00, 0x00, 0x00, 0x00, 0x00, 0x00, 0x00, 0x00, 0x00, 0x00, 0x00,
  0x00, 0x00, 0x00, 0x00, 0x00, 0x00, 0x00, 0x00, 0x00, 0x00, 0x00, 0x00,
  0x00, 0x00, 0x00, 0x00, 0x00, 0x00, 0x00, 0x00, 0x00, 0x00, 0x00, 0x00,
  0x00, 0x00, 0x00, 0x00, 0x00, 0x00, 0x00, 0x00, 0x00, 0x00, 0x00, 0x00,
  0x00, 0x00, 0x00, 0x00, 0x00, 0x00, 0x00, 0x00, 0x00, 0x00, 0x00, 0x00,
  0x00, 0x00, 0x00, 0x00, 0x00, 0x00, 0x00, 0x00, 0x00, 0x00, 0x00, 0x00,
  0x00, 0x00, 0x00, 0x00, 0x00, 0x00, 0x00, 0x00, 0x00, 0x00, 0x00, 0x00,
  0x00, 0x00, 0x00, 0x00, 0x00, 0x00, 0x00, 0x00, 0x00, 0x00, 0x00, 0x00,
  0x00, 0x00, 0x00, 0x00, 0x00, 0x00, 0x00, 0x00, 0x00, 0x00, 0x00, 0x00,
  0x00, 0x00, 0x00, 0x00, 0x00, 0x00, 0x00, 0x00, 0x00, 0x00, 0x00, 0x00,
  0x00, 0x00, 0x00, 0x00, 0x00, 0x00, 0x00, 0x00, 0x00, 0x00, 0x00, 0x00,
  0x00, 0x00, 0x00, 0x00, 0x00, 0x00, 0x00, 0x00, 0x00, 0x00, 0x00, 0x00,
  0x00, 0x00, 0x00, 0x00, 0x00, 0x00, 0x00, 0x00, 0x00, 0x00, 0x00, 0x00,
  0x00, 0x00, 0x00, 0x00, 0x00, 0x00, 0x00, 0x00, 0x00, 0x00, 0x00, 0x00,
  0x00, 0x00, 0x00, 0x00, 0x00, 0x00, 0x00, 0x00, 0x00, 0x00, 0x00, 0x00,
  0x00, 0x00, 0x00, 0x00, 0x00, 0x00, 0x00, 0x00, 0x00, 0x00, 0x00, 0x00,
  0x00, 0x00, 0x00, 0x00, 0x00, 0x00, 0x00, 0x00, 0x00, 0x00, 0x00, 0x00,
  0x00, 0x00, 0x00, 0x00, 0x00, 0x00, 0x00, 0x00, 0x00, 0x00, 0x00, 0x00,
  0x00, 0x00, 0x00, 0x00, 0x00, 0x00, 0x00, 0x00, 0x00, 0x00, 0x00, 0x00,
  0x00, 0x00, 0x00, 0x00, 0x00, 0x00, 0x00, 0x00, 0x00, 0x00, 0x00, 0x00,
  0x00, 0x00, 0x00, 0x00, 0x00, 0x00, 0x00, 0x00, 0x00, 0x00, 0x00, 0x00,
  0x00, 0x00, 0x00, 0x00, 0x00, 0x00, 0x00, 0x00, 0x00, 0x00, 0x00, 0x00,
  0x00, 0x00, 0x00, 0x00, 0x00, 0x00, 0x00, 0x00, 0x00, 0x00, 0x00, 0x00,
  0x00, 0x00, 0x00, 0x00, 0x00, 0x00, 0x00, 0x00, 0x00, 0x00, 0x00, 0x00,
  0x00, 0x00, 0x00, 0x00, 0x00, 0x00, 0x00, 0x00, 0x00, 0x00, 0x00, 0x00,
  0x00, 0x00, 0x00, 0x00, 0x00, 0x00, 0x00, 0x00, 0x00, 0x00, 0x00, 0x00,
  0x00, 0x00, 0x00, 0x00, 0x00, 0x00, 0x00, 0x00, 0x00, 0x00, 0x00, 0x00,
  0x00, 0x00, 0x00, 0x00, 0x00, 0x00, 0x00, 0x00, 0x00, 0x00, 0x00, 0x00,
  0x00, 0x00, 0x00, 0x00, 0x00, 0x00, 0x00, 0x00, 0x00, 0x00, 0x00, 0x00,
  0x00, 0x00, 0x00, 0x00, 0x00, 0x00, 0x00, 0x00, 0x00, 0x00, 0x00, 0x00,
  0x00, 0x00, 0x00, 0x00, 0x00, 0x00, 0x00, 0x00, 0x00, 0x00, 0x00, 0x00,
  0x00, 0x00, 0x00, 0x00, 0x00, 0x00, 0x00, 0x00, 0x00, 0x00, 0x00, 0x00,
  0x00, 0x00, 0x00, 0x00, 0x00, 0x00, 0x00, 0x00, 0x00, 0x00, 0x00, 0x00,
  0x00, 0x00, 0x00, 0x00, 0x00, 0x00, 0x00, 0x00, 0x00, 0x00, 0x00, 0x00,
  0x00, 0x00, 0x00, 0x00, 0x00, 0x00, 0x00, 0x00, 0x00, 0x00, 0x00, 0x00,
  0x00, 0x00, 0x00, 0x00, 0x00, 0x00, 0x00, 0x00, 0x00, 0x00, 0x00, 0x00,
  0x00, 0x00, 0x00, 0x00, 0x00, 0x00, 0x00, 0x00, 0x00, 0x00, 0x00, 0x00,
  0x00, 0x00, 0x00, 0x00, 0x00, 0x00, 0x00, 0x00, 0x00, 0x00, 0x00, 0x00,
  0x00, 0x00, 0x00, 0x00, 0x00, 0x00, 0x00, 0x00, 0x00, 0x00, 0x00, 0x00,
  0x00, 0x00, 0x00, 0x00, 0x00, 0x00, 0x00, 0x00, 0x00, 0x00, 0x00, 0x00,
  0x00, 0x00, 0x00, 0x00, 0x00, 0x00, 0x00, 0x00, 0x00, 0x00, 0x00, 0x00,
  0x00, 0x00, 0x00, 0x00, 0x00, 0x00, 0x00, 0x00, 0x00, 0x00, 0x00, 0x00,
  0x00, 0x00, 0x00, 0x00, 0x00, 0x00, 0x00, 0x00, 0x00, 0x00, 0x00, 0x00,
  0x00, 0x00, 0x00, 0x00, 0x00, 0x00, 0x00, 0x00, 0x00, 0x00, 0x00, 0x00,
  0x00, 0x00, 0x00, 0x00, 0x00, 0x00, 0x00, 0x00, 0x00, 0x00, 0x00, 0x00,
  0x00, 0x00, 0x00, 0x00, 0x00, 0x00, 0x00, 0x00, 0x00, 0x00, 0x00, 0x00,
  0x00, 0x00, 0x00, 0x00, 0x00, 0x00, 0x00, 0x00, 0x00, 0x00, 0x00, 0x00,
  0x00, 0x00, 0x00, 0x00, 0x00, 0x00, 0x00, 0x00, 0x00, 0x00, 0x00, 0x00,
  0x00, 0x00, 0x00, 0x00, 0x00, 0x00, 0x00, 0x00, 0x00, 0x00, 0x00, 0x00,
  0x00, 0x00, 0x00, 0x00, 0x00, 0x00, 0x00, 0x00, 0x00, 0x00, 0x00, 0x00,
  0x00, 0x00, 0x00, 0x00, 0x00, 0x00, 0x00, 0x00, 0x00, 0x00, 0x00, 0x00,
  0x00, 0x00, 0x00, 0x00, 0x00, 0x00, 0x00, 0x00, 0x00, 0x00, 0x00, 0x00,
  0x00, 0x00, 0x00, 0x00, 0x00, 0x00, 0x00, 0x00, 0x00, 0x00, 0x00, 0x00,
  0x00, 0x00, 0x00, 0x00, 0x00, 0x00, 0x00, 0x00, 0x00, 0x00, 0x00, 0x00,
  0x00, 0x00, 0x00, 0x00, 0x00, 0x00, 0x00, 0x00, 0x00, 0x00, 0x00, 0x00,
  0x00, 0x00, 0x00, 0x00, 0x00, 0x00, 0x00, 0x00, 0x00, 0x00, 0x00, 0x00,
  0x00, 0x00, 0x00, 0x00, 0x00, 0x00, 0x00, 0x00, 0x00, 0x00, 0x00, 0x00,
  0x00, 0x00, 0x00, 0x00, 0x00, 0x00, 0x00, 0x00, 0x00, 0x00, 0x00, 0x00,
  0x00, 0x00, 0x00, 0x00, 0x00, 0x00, 0x00, 0x00, 0x00, 0x00, 0x00, 0x00,
  0x00, 0x00, 0x00, 0x00, 0x00, 0x00, 0x00, 0x00, 0x00, 0x00, 0x00, 0x00,
  0x00, 0x00, 0x00, 0x00, 0x00, 0x00, 0x00, 0x00, 0x00, 0x00, 0x00, 0x00,
  0x00, 0x00, 0x00, 0x00, 0x00, 0x00, 0x00, 0x00, 0x00, 0x00, 0x00, 0x00,
  0x00, 0x00, 0x00, 0x00, 0x00, 0x00, 0x00, 0x00, 0x00, 0x00, 0x00, 0x00,
  0x00, 0x00, 0x00, 0x00, 0x00, 0x00, 0x00, 0x00, 0x00, 0x00, 0x00, 0x00,
  0x00, 0x00, 0x00, 0x00, 0x00, 0x00, 0x00, 0x00, 0x00, 0x00, 0x00, 0x00,
  0x00, 0x00, 0x00, 0x00, 0x00, 0x00, 0x00, 0x00, 0x00, 0x00, 0x00, 0x00,
  0x00, 0x00, 0x00, 0x00, 0x00, 0x00, 0x00, 0x00, 0x00, 0x00, 0x00, 0x00,
  0x00, 0x00, 0x00, 0x00, 0x00, 0x00, 0x00, 0x00, 0x00, 0x00, 0x00, 0x00,
  0x00, 0x00, 0x00, 0x00, 0x00, 0x00, 0x00, 0x00, 0x00, 0x00, 0x00, 0x00,
  0x00, 0x00, 0x00, 0x00, 0x00, 0x00, 0x00, 0x00, 0x00, 0x00, 0x00, 0x00,
  0x00, 0x00, 0x00, 0x00, 0x00, 0x00, 0x00, 0x00, 0x00, 0x00, 0x00, 0x00,
  0x00, 0x00, 0x00, 0x00, 0x00, 0x00, 0x00, 0x00, 0x00, 0x00, 0x00, 0x00,
  0x00, 0x00, 0x00, 0x00, 0x00, 0x00, 0x00, 0x00, 0x00, 0x00, 0x00, 0x00,
  0x00, 0x00, 0x00, 0x00, 0x00, 0x00, 0x00, 0x00, 0x00, 0x00, 0x00, 0x00,
  0x00, 0x00, 0x00, 0x00, 0x00, 0x00, 0x00, 0x00, 0x00, 0x00, 0x00, 0x00,
  0x00, 0x00, 0x00, 0x00, 0x00, 0x00, 0x00, 0x00, 0x00, 0x00, 0x00, 0x00,
  0x00, 0x00, 0x00, 0x00, 0x00, 0x00, 0x00, 0x00, 0x00, 0x00, 0x00, 0x00,
  0x00, 0x00, 0x00, 0x00, 0x00, 0x00, 0x00, 0x00, 0x00, 0x00, 0x00, 0x00,
  0x00, 0x00, 0x00, 0x00, 0x00, 0x00, 0x00, 0x00, 0x00, 0x00, 0x00, 0x00,
  0x00, 0x00, 0x00, 0x00, 0x00, 0x00, 0x00, 0x00, 0x00, 0x00, 0x00, 0x00,
  0x00, 0x00, 0x00, 0x00, 0x00, 0x00, 0x00, 0x00, 0x00, 0x00, 0x00, 0x00,
  0x00, 0x00, 0x00, 0x00, 0x00, 0x00, 0x00, 0x00, 0x00, 0x00, 0x00, 0x00,
  0x00, 0x00, 0x00, 0x00, 0x00, 0x00, 0x00, 0x00, 0x00, 0x00, 0x00, 0x00,
  0x00, 0x00, 0x00, 0x00, 0x00, 0x00, 0x00, 0x00, 0x00, 0x00, 0x00, 0x00,
  0x00, 0x00, 0x00, 0x00, 0x00, 0x00, 0x00, 0x00, 0x00, 0x00, 0x00, 0x00,
  0x00, 0x00, 0x00, 0x00, 0x00, 0x00, 0x00, 0x00, 0x00, 0x00, 0x00, 0x00,
  0x00, 0x00, 0x00, 0x00, 0x00, 0x00, 0x00, 0x00, 0x00, 0x00, 0x00, 0x00,
  0x00, 0x00, 0x00, 0x00, 0x00, 0x00, 0x00, 0x00, 0x00, 0x00, 0x00, 0x00,
  0x00, 0x00, 0x00, 0x00, 0x00, 0x00, 0x00, 0x00, 0x00, 0x00, 0x00, 0x00,
  0x00, 0x00, 0x00, 0x00, 0x00, 0x00, 0x00, 0x00, 0x00, 0x00, 0x00, 0x00,
  0x00, 0x00, 0x00, 0x00, 0x00, 0x00, 0x00, 0x00, 0x00, 0x00, 0x00, 0x00,
  0x00, 0x00, 0x00, 0x00, 0x00, 0x00, 0x00, 0x00, 0x00, 0x00, 0x00, 0x00,
  0x00, 0x00, 0x00, 0x00, 0x00, 0x00, 0x00, 0x00, 0x00, 0x00, 0x00, 0x00,
  0x00, 0x00, 0x00, 0x00, 0x00, 0x00, 0x00, 0x00, 0x00, 0x00, 0x00, 0x00,
  0x00, 0x00, 0x00, 0x00, 0x00, 0x00, 0x00, 0x00, 0x00, 0x00, 0x00, 0x00,
  0x00, 0x00, 0x00, 0x00, 0x00, 0x00, 0x00, 0x00, 0x00, 0x00, 0x00, 0x00,
  0x00, 0x00, 0x00, 0x00, 0x00, 0x00, 0x00, 0x00, 0x00, 0x00, 0x00, 0x00,
  0x00, 0x00, 0x00, 0x00, 0x00, 0x00, 0x00, 0x00, 0x00, 0x00, 0x00, 0x00,
  0x00, 0x00, 0x00, 0x00, 0x00, 0x00, 0x00, 0x00, 0x00, 0x00, 0x00, 0x00,
  0x00, 0x00, 0x00, 0x00, 0x00, 0x00, 0x00, 0x00, 0x00, 0x00, 0x00, 0x00,
  0x00, 0x00, 0x00, 0x00, 0x00, 0x00, 0x00, 0x00, 0x00, 0x00, 0x00, 0x00,
  0x00, 0x00, 0x00, 0x00, 0x00, 0x00, 0x00, 0x00, 0x00, 0x00, 0x00, 0x00,
  0x00, 0x00, 0x00, 0x00, 0x00, 0x00, 0x00, 0x00, 0x00, 0x00, 0x00, 0x00,
  0x00, 0x00, 0x00, 0x00, 0x00, 0x00, 0x00, 0x00, 0x00, 0x00, 0x00, 0x00,
  0x00, 0x00, 0x00, 0x00, 0x00, 0x00, 0x00, 0x00, 0x00, 0x00, 0x00, 0x00,
  0x00, 0x00, 0x00, 0x00, 0x00, 0x00, 0x00, 0x00, 0x00, 0x00, 0x00, 0x00,
  0x00, 0x00, 0x00, 0x00, 0x00, 0x00, 0x00, 0x00, 0x00, 0x00, 0x00, 0x00,
  0x00, 0x00, 0x00, 0x00, 0x00, 0x00, 0x00, 0x00, 0x00, 0x00, 0x00, 0x00,
  0x00, 0x00, 0x00, 0x00, 0x00, 0x00, 0x00, 0x00, 0x00, 0x00, 0x00, 0x00,
  0x00, 0x00, 0x00, 0x00, 0x00, 0x00, 0x00, 0x00, 0x00, 0x00, 0x00, 0x00,
  0x00, 0x00, 0x00, 0x00, 0x00, 0x00, 0x00, 0x00, 0x00, 0x00, 0x00, 0x00,
  0x00, 0x00, 0x00, 0x00, 0x00, 0x00, 0x00, 0x00, 0x00, 0x00, 0x00, 0x00,
  0x00, 0x00, 0x00, 0x00, 0x00, 0x00, 0x00, 0x00, 0x00, 0x00, 0x00, 0x00,
  0x00, 0x00, 0x00, 0x00, 0x00, 0x00, 0x00, 0x00, 0x00, 0x00, 0x00, 0x00,
  0x00, 0x00, 0x00, 0x00, 0x00, 0x00, 0x00, 0x00, 0x00, 0x00, 0x00, 0x00,
  0x00, 0x00, 0x00, 0x00, 0x00, 0x00, 0x00, 0x00, 0x00, 0x00, 0x00, 0x00,
  0x00, 0x00, 0x00, 0x00, 0x00, 0x00, 0x00, 0x00, 0x00, 0x00, 0x00, 0x00,
  0x00, 0x00, 0x00, 0x00, 0x00, 0x00, 0x00, 0x00, 0x00, 0x00, 0x00, 0x00,
  0x00, 0x00, 0x00, 0x00, 0x00, 0x00, 0x00, 0x00, 0x00, 0x00, 0x00, 0x00,
  0x00, 0x00, 0x00, 0x00, 0x00, 0x00, 0x00, 0x00, 0x00, 0x00, 0x00, 0x00,
  0x00, 0x00, 0x00, 0x00, 0x00, 0x00, 0x00, 0x00, 0x00, 0x00, 0x00, 0x00,
  0x00, 0x00, 0x00, 0x00, 0x00, 0x00, 0x00, 0x00, 0x00, 0x00, 0x00, 0x00,
  0x00, 0x00, 0x00, 0x00, 0x00, 0x00, 0x00, 0x00, 0x00, 0x00, 0x00, 0x00,
  0x00, 0x00, 0x00, 0x00, 0x00, 0x00, 0x00, 0x00, 0x00, 0x00, 0x00, 0x00,
  0x00, 0x00, 0x00, 0x00, 0x00, 0x00, 0x00, 0x00, 0x00, 0x00, 0x00, 0x00,
  0x00, 0x00, 0x00, 0x00, 0x00, 0x00, 0x00, 0x00, 0x00, 0x00, 0x00, 0x00,
  0x00, 0x00, 0x00, 0x00, 0x00, 0x00, 0x00, 0x00, 0x00, 0x00, 0x00, 0x00,
  0x00, 0x00, 0x00, 0x00, 0x00, 0x00, 0x00, 0x00, 0x00, 0x00, 0x00, 0x00,
  0x00, 0x00, 0x00, 0x00, 0x00, 0x00, 0x00, 0x00, 0x00, 0x00, 0x00, 0x00,
  0x00, 0x00, 0x00, 0x00, 0x00, 0x00, 0x00, 0x00, 0x00, 0x00, 0x00, 0x00,
  0x00, 0x00, 0x00, 0x00, 0x00, 0x00, 0x00, 0x00, 0x00, 0x00, 0x00, 0x00,
  0x00, 0x00, 0x00, 0x00, 0x00, 0x00, 0x00, 0x00, 0x00, 0x00, 0x00, 0x00,
  0x00, 0x00, 0x00, 0x00, 0x00, 0x00, 0x00, 0x00, 0x00, 0x00, 0x00, 0x00,
  0x00, 0x00, 0x00, 0x00, 0x00, 0x00, 0x00, 0x00, 0x00, 0x00, 0x00, 0x00,
  0x00, 0x00, 0x00, 0x00, 0x00, 0x00, 0x00, 0x00, 0x00, 0x00, 0x00, 0x00,
  0x00, 0x00, 0x00, 0x00, 0x00, 0x00, 0x00, 0x00, 0x00, 0x00, 0x00, 0x00,
  0x00, 0x00, 0x00, 0x00, 0x00, 0x00, 0x00, 0x00, 0x00, 0x00, 0x00, 0x00,
  0x00, 0x00, 0x00, 0x00, 0x00, 0x00, 0x00, 0x00, 0x00, 0x00, 0x00, 0x00,
  0x00, 0x00, 0x00, 0x00, 0x00, 0x00, 0x00, 0x00, 0x00, 0x00, 0x00, 0x00,
  0x00, 0x00, 0x00, 0x00, 0x00, 0x00, 0x00, 0x00, 0x00, 0x00, 0x00, 0x00,
  0x00, 0x00, 0x00, 0x00, 0x00, 0x00, 0x00, 0x00, 0x00, 0x00, 0x00, 0x00,
  0x00, 0x00, 0x00, 0x00, 0x00, 0x00, 0x00, 0x00, 0x00, 0x00, 0x00, 0x00,
  0x00, 0x00, 0x00, 0x00, 0x00, 0x00, 0x00, 0x00, 0x00, 0x00, 0x00, 0x00,
  0x00, 0x00, 0x00, 0x00, 0x00, 0x00, 0x00, 0x00, 0x00, 0x00, 0x00, 0x00,
  0x00, 0x00, 0x00, 0x00, 0x00, 0x00, 0x00, 0x00, 0x00, 0x00, 0x00, 0x00,
  0x00, 0x00, 0x00, 0x00, 0x00, 0x00, 0x00, 0x00, 0x00, 0x00, 0x00, 0x00,
  0x00, 0x00, 0x00, 0x00, 0x00, 0x00, 0x00, 0x00, 0x00, 0x00, 0x00, 0x00,
  0x00, 0x00, 0x00, 0x00, 0x00, 0x00, 0x00, 0x00, 0x00, 0x00, 0x00, 0x00,
  0x00, 0x00, 0x00, 0x00, 0x00, 0x00, 0x00, 0x00, 0x00, 0x00, 0x00, 0x00,
  0x00, 0x00, 0x00, 0x00, 0x00, 0x00, 0x00, 0x00, 0x00, 0x00, 0x00, 0x00,
  0x00, 0x00, 0x00, 0x00, 0x00, 0x00, 0x00, 0x00, 0x00, 0x00, 0x00, 0x00,
  0x00, 0x00, 0x00, 0x00, 0x00, 0x00, 0x00, 0x00, 0x00, 0x00, 0x00, 0x00,
  0x00, 0x00, 0x00, 0x00, 0x00, 0x00, 0x00, 0x00, 0x00, 0x00, 0x00, 0x00,
  0x00, 0x00, 0x00, 0x00, 0x00, 0x00, 0x00, 0x00, 0x00, 0x00, 0x00, 0x00,
  0x00, 0x00, 0x00, 0x00, 0x00, 0x00, 0x00, 0x00, 0x00, 0x00, 0x00, 0x00,
  0x00, 0x00, 0x00, 0x00, 0x00, 0x00, 0x00, 0x00, 0x00, 0x00, 0x00, 0x00,
  0x00, 0x00, 0x00, 0x00, 0x00, 0x00, 0x00, 0x00, 0x00, 0x00, 0x00, 0x00,
  0x00, 0x00, 0x00, 0x00, 0x00, 0x00, 0x00, 0x00, 0x00, 0x00, 0x00, 0x00,
  0x00, 0x00, 0x00, 0x00, 0x00, 0x00, 0x00, 0x00, 0x00, 0x00, 0x00, 0x00,
  0x00, 0x00, 0x00, 0x00, 0x00, 0x00, 0x00, 0x00, 0x00, 0x00, 0x00, 0x00,
  0x00, 0x00, 0x00, 0x00, 0x00, 0x00, 0x00, 0x00, 0x00, 0x00, 0x00, 0x00,
  0x00, 0x00, 0x00, 0x00, 0x00, 0x00, 0x00, 0x00, 0x00, 0x00, 0x00, 0x00,
  0x00, 0x00, 0x00, 0x00, 0x00, 0x00, 0x00, 0x00, 0x00, 0x00, 0x00, 0x00,
  0x00, 0x00, 0x00, 0x00, 0x00, 0x00, 0x00, 0x00, 0x00, 0x00, 0x00, 0x00,
  0x00, 0x00, 0x00, 0x00, 0x00, 0x00, 0x00, 0x00, 0x00, 0x00, 0x00, 0x00,
  0x00, 0x00, 0x00, 0x00, 0x00, 0x00, 0x00, 0x00, 0x00, 0x00, 0x00, 0x00,
  0x00, 0x00, 0x00, 0x00, 0x00, 0x00, 0x00, 0x00, 0x00, 0x00, 0x00, 0x00,
  0x00, 0x00, 0x00, 0x00, 0x00, 0x00, 0x00, 0x00, 0x00, 0x00, 0x00, 0x00,
  0x00, 0x00, 0x00, 0x00, 0x00, 0x00, 0x00, 0x00, 0x00, 0x00, 0x00, 0x00,
  0x00, 0x00, 0x00, 0x00, 0x00, 0x00, 0x00, 0x00, 0x00, 0x00, 0x00, 0x00,
  0x00, 0x00, 0x00, 0x00, 0x00, 0x00, 0x00, 0x00, 0x00, 0x00, 0x00, 0x00,
  0x00, 0x00, 0x00, 0x00, 0x00, 0x00, 0x00, 0x00, 0x00, 0x00, 0x00, 0x00,
  0x00, 0x00, 0x00, 0x00, 0x00, 0x00, 0x00, 0x00, 0x00, 0x00, 0x00, 0x00,
  0x00, 0x00, 0x00, 0x00, 0x00, 0x00, 0x00, 0x00, 0x00, 0x00, 0x00, 0x00,
  0x00, 0x00, 0x00, 0x00, 0x00, 0x00, 0x00, 0x00, 0x00, 0x00, 0x00, 0x00,
  0x00, 0x00, 0x00, 0x00, 0x00, 0x00, 0x00, 0x00, 0x00, 0x00, 0x00, 0x00,
  0x00, 0x00, 0x00, 0x00, 0x00, 0x00, 0x00, 0x00, 0x00, 0x00, 0x00, 0x00,
  0x00, 0x00, 0x00, 0x00, 0x00, 0x00, 0x00, 0x00, 0x00, 0x00, 0x00, 0x00,
  0x00, 0x00, 0x00, 0x00, 0x00, 0x00, 0x00, 0x00, 0x00, 0x00, 0x00, 0x00,
  0x00, 0x00, 0x00, 0x00, 0x00, 0x00, 0x00, 0x00, 0x00, 0x00, 0x00, 0x00,
  0x00, 0x00, 0x00, 0x00, 0x00, 0x00, 0x00, 0x00, 0x00, 0x00, 0x00, 0x00,
  0x00, 0x00, 0x00, 0x00, 0x00, 0x00, 0x00, 0x00, 0x00, 0x00, 0x00, 0x00,
  0x00, 0x00, 0x00, 0x00, 0x00, 0x00, 0x00, 0x00, 0x00, 0x00, 0x00, 0x00,
  0x00, 0x00, 0x00, 0x00, 0x00, 0x00, 0x00, 0x00, 0x00, 0x00, 0x00, 0x00,
  0x00, 0x00, 0x00, 0x00, 0x00, 0x00, 0x00, 0x00, 0x00, 0x00, 0x00, 0x00,
  0x00, 0x00, 0x00, 0x00, 0x00, 0x00, 0x00, 0x00, 0x00, 0x00, 0x00, 0x00,
  0x00, 0x00, 0x00, 0x00, 0x00, 0x00, 0x00, 0x00, 0x00, 0x00, 0x00, 0x00,
  0x00, 0x00, 0x00, 0x00, 0x00, 0x00, 0x00, 0x00, 0x00, 0x00, 0x00, 0x00,
  0x00, 0x00, 0x00, 0x00, 0x00, 0x00, 0x00, 0x00, 0x00, 0x00, 0x00, 0x00,
  0x00, 0x00, 0x00, 0x00, 0x00, 0x00, 0x00, 0x00, 0x00, 0x00, 0x00, 0x00,
  0x00, 0x00, 0x00, 0x00, 0x00, 0x00, 0x00, 0x00, 0x00, 0x00, 0x00, 0x00,
  0x00, 0x00, 0x00, 0x00, 0x00, 0x00, 0x00, 0x00, 0x00, 0x00, 0x00, 0x00,
  0x00, 0x00, 0x00, 0x00, 0x00, 0x00, 0x00, 0x00, 0x00, 0x00, 0x00, 0x00,
  0x00, 0x00, 0x00, 0x00, 0x00, 0x00, 0x00, 0x00, 0x00, 0x00, 0x00, 0x00,
  0x00, 0x00, 0x00, 0x00, 0x00, 0x00, 0x00, 0x00, 0x00, 0x00, 0x00, 0x00,
  0x00, 0x00, 0x00, 0x00, 0x00, 0x00, 0x00, 0x00, 0x00, 0x00, 0x00, 0x00,
  0x00, 0x00, 0x00, 0x00, 0x00, 0x00, 0x00, 0x00, 0x00, 0x00, 0x00, 0x00,
  0x00, 0x00, 0x00, 0x00, 0x00, 0x00, 0x00, 0x00, 0x00, 0x00, 0x00, 0x00,
  0x00, 0x00, 0x00, 0x00, 0x00, 0x00, 0x00, 0x00, 0x00, 0x00, 0x00, 0x00,
  0x00, 0x00, 0x00, 0x00, 0x00, 0x00, 0x00, 0x00, 0x00, 0x00, 0x00, 0x00,
  0x00, 0x00, 0x00, 0x00, 0x00, 0x00, 0x00, 0x00, 0x00, 0x00, 0x00, 0x00,
  0x00, 0x00, 0x00, 0x00, 0x00, 0x00, 0x00, 0x00, 0x00, 0x00, 0x00, 0x00,
  0x00, 0x00, 0x00, 0x00, 0x00, 0x00, 0x00, 0x00, 0x00, 0x00, 0x00, 0x00,
  0x00, 0x00, 0x00, 0x00, 0x00, 0x00, 0x00, 0x00, 0x00, 0x00, 0x00, 0x00,
  0x00, 0x00, 0x00, 0x00, 0x00, 0x00, 0x00, 0x00, 0x00, 0x00, 0x00, 0x00,
  0x00, 0x00, 0x00, 0x00, 0x00, 0x00, 0x00, 0x00, 0x00, 0x00, 0x00, 0x00,
  0x00, 0x00, 0x00, 0x00, 0x00, 0x00, 0x00, 0x00, 0x00, 0x00, 0x00, 0x00,
  0x00, 0x00, 0x00, 0x00, 0x00, 0x00, 0x00, 0x00, 0x00, 0x00, 0x00, 0x00,
  0x00, 0x00, 0x00, 0x00, 0x00, 0x00, 0x00, 0x00, 0x00, 0x00, 0x00, 0x00,
  0x00, 0x00, 0x00, 0x00, 0x00, 0x00, 0x00, 0x00, 0x00, 0x00, 0x00, 0x00,
  0x00, 0x00, 0x00, 0x00, 0x00, 0x00, 0x00, 0x00, 0x00, 0x00, 0x00, 0x00,
  0x00, 0x00, 0x00, 0x00, 0x00, 0x00, 0x00, 0x00, 0x00, 0x00, 0x00, 0x00,
  0x00, 0x00, 0x00, 0x00, 0x00, 0x00, 0x00, 0x00, 0x00, 0x00, 0x00, 0x00,
  0x00, 0x00, 0x00, 0x00, 0x00, 0x00, 0x00, 0x00, 0x00, 0x00, 0x00, 0x00,
  0x00, 0x00, 0x00, 0x00, 0x00, 0x00, 0x00, 0x00, 0x00, 0x00, 0x00, 0x00,
  0x00, 0x00, 0x00, 0x00, 0x00, 0x00, 0x00, 0x00, 0x00, 0x00, 0x00, 0x00,
  0x00, 0x00, 0x00, 0x00, 0x00, 0x00, 0x00, 0x00, 0x00, 0x00, 0x00, 0x00,
  0x00, 0x00, 0x00, 0x00, 0x00, 0x00, 0x00, 0x00, 0x00, 0x00, 0x00, 0x00,
  0x00, 0x00, 0x00, 0x00, 0x00, 0x00, 0x00, 0x00, 0x00, 0x00, 0x00, 0x00,
  0x00, 0x00, 0x00, 0x00, 0x00, 0x00, 0x00, 0x00, 0x00, 0x00, 0x00, 0x00,
  0x00, 0x00, 0x00, 0x00, 0x00, 0x00, 0x00, 0x00, 0x00, 0x00, 0x00, 0x00,
  0x00, 0x00, 0x00, 0x00, 0x00, 0x00, 0x00, 0x00, 0x00, 0x00, 0x00, 0x00,
  0x00, 0x00, 0x00, 0x00, 0x00, 0x00, 0x00, 0x00, 0x00, 0x00, 0x00, 0x00,
  0x00, 0x00, 0x00, 0x00, 0x00, 0x00, 0x00, 0x00, 0x00, 0x00, 0x00, 0x00,
  0x00, 0x00, 0x00, 0x00, 0x00, 0x00, 0x00, 0x00, 0x00, 0x00, 0x00, 0x00,
  0x00, 0x00, 0x00, 0x00, 0x00, 0x00, 0x00, 0x00, 0x00, 0x00, 0x00, 0x00,
  0x00, 0x00, 0x00, 0x00, 0x00, 0x00, 0x00, 0x00, 0x00, 0x00, 0x00, 0x00,
  0x00, 0x00, 0x00, 0x00, 0x00, 0x00, 0x00, 0x00, 0x00, 0x00, 0x00, 0x00,
  0x00, 0x00, 0x00, 0x00, 0x00, 0x00, 0x00, 0x00, 0x00, 0x00, 0x00, 0x00,
  0x00, 0x00, 0x00, 0x00, 0x00, 0x00, 0x00, 0x00, 0x00, 0x00, 0x00, 0x00,
  0x00, 0x00, 0x00, 0x00, 0x00, 0x00, 0x00, 0x00, 0x00, 0x00, 0x00, 0x00,
  0x00, 0x00, 0x00, 0x00, 0x00, 0x00, 0x00, 0x00, 0x00, 0x00, 0x00, 0x00,
  0x00, 0x00, 0x00, 0x00, 0x00, 0x00, 0x00, 0x00, 0x00, 0x00, 0x00, 0x00,
  0x00, 0x00, 0x00, 0x00, 0x00, 0x00, 0x00, 0x00, 0x00, 0x00, 0x00, 0x00,
  0x00, 0x00, 0x00, 0x00, 0x00, 0x00, 0x00, 0x00, 0x00, 0x00, 0x00, 0x00,
  0x00, 0x00, 0x00, 0x00, 0x00, 0x00, 0x00, 0x00, 0x00, 0x00, 0x00, 0x00,
  0x00, 0x00, 0x00, 0x00, 0x00, 0x00, 0x00, 0x00, 0x00, 0x00, 0x00, 0x00,
  0x00, 0x00, 0x00, 0x00, 0x00, 0x00, 0x00, 0x00, 0x00, 0x00, 0x00, 0x00,
  0x00, 0x00, 0x00, 0x00, 0x00, 0x00, 0x00, 0x00, 0x00, 0x00, 0x00, 0x00,
  0x00, 0x00, 0x00, 0x00, 0x00, 0x00, 0x00, 0x00, 0x00, 0x00, 0x00, 0x00,
  0x00, 0x00, 0x00, 0x00, 0x00, 0x00, 0x00, 0x00, 0x00, 0x00, 0x00, 0x00,
  0x00, 0x00, 0x00, 0x00, 0x00, 0x00, 0x00, 0x00, 0x00, 0x00, 0x00, 0x00,
  0x00, 0x00, 0x00, 0x00, 0x00, 0x00, 0x00, 0x00, 0x00, 0x00, 0x00, 0x00,
  0x00, 0x00, 0x00, 0x00, 0x00, 0x00, 0x00, 0x00, 0x00, 0x00, 0x00, 0x00,
  0x00, 0x00, 0x00, 0x00, 0x00, 0x00, 0x00, 0x00, 0x00, 0x00, 0x00, 0x00,
  0x00, 0x00, 0x00, 0x00, 0x00, 0x00, 0x00, 0x00, 0x00, 0x00, 0x00, 0x00,
  0x00, 0x00, 0x00, 0x00, 0x00, 0x00, 0x00, 0x00, 0x00, 0x00, 0x00, 0x00,
  0x00, 0x00, 0x00, 0x00, 0x00, 0x00, 0x00, 0x00, 0x00, 0x00, 0x00, 0x00,
  0x00, 0x00, 0x00, 0x00, 0x00, 0x00, 0x00, 0x00, 0x00, 0x00, 0x00, 0x00,
  0x00, 0x00, 0x00, 0x00, 0x00, 0x00, 0x00, 0x00, 0x00, 0x00, 0x00, 0x00,
  0x00, 0x00, 0x00, 0x00, 0x00, 0x00, 0x00, 0x00, 0x00, 0x00, 0x00, 0x00,
  0x00, 0x00, 0x00, 0x00, 0x00, 0x00, 0x00, 0x00, 0x00, 0x00, 0x00, 0x00,
  0x00, 0x00, 0x00, 0x00, 0x00, 0x00, 0x00, 0x00, 0x00, 0x00, 0x00, 0x00,
  0x00, 0x00, 0x00, 0x00, 0x00, 0x00, 0x00, 0x00, 0x00, 0x00, 0x00, 0x00,
  0x00, 0x00, 0x00, 0x00, 0x00, 0x00, 0x00, 0x00, 0x00, 0x00, 0x00, 0x00,
  0x00, 0x00, 0x00, 0x00, 0x00, 0x00, 0x00, 0x00, 0x00, 0x00, 0x00, 0x00,
  0x00, 0x00, 0x00, 0x00, 0x00, 0x00, 0x00, 0x00, 0x00, 0x00, 0x00, 0x00,
  0x00, 0x00, 0x00, 0x00, 0x00, 0x00, 0x00, 0x00, 0x00, 0x00, 0x00, 0x00,
  0x00, 0x00, 0x00, 0x00, 0x00, 0x00, 0x00, 0x00, 0x00, 0x00, 0x00, 0x00,
  0x00, 0x00, 0x00, 0x00, 0x00, 0x00, 0x00, 0x00, 0x00, 0x00, 0x00, 0x00,
  0x00, 0x00, 0x00, 0x00, 0x00, 0x00, 0x00, 0x00, 0x00, 0x00, 0x00, 0x00,
  0x00, 0x00, 0x00, 0x00, 0x00, 0x00, 0x00, 0x00, 0x00, 0x00, 0x00, 0x00,
  0x00, 0x00, 0x00, 0x00, 0x00, 0x00, 0x00, 0x00, 0x00, 0x00, 0x00, 0x00,
  0x00, 0x00, 0x00, 0x00, 0x00, 0x00, 0x00, 0x00, 0x00, 0x00, 0x00, 0x00,
  0x00, 0x00, 0x00, 0x00, 0x00, 0x00, 0x00, 0x00, 0x00, 0x00, 0x00, 0x00,
  0x00, 0x00, 0x00, 0x00, 0x00, 0x00, 0x00, 0x00, 0x00, 0x00, 0x00, 0x00,
  0x00, 0x00, 0x00, 0x00, 0x00, 0x00, 0x00, 0x00, 0x00, 0x00, 0x00, 0x00,
  0x00, 0x00, 0x00, 0x00, 0x00, 0x00, 0x00, 0x00, 0x00, 0x00, 0x00, 0x00,
  0x00, 0x00, 0x00, 0x00, 0x00, 0x00, 0x00, 0x00, 0x00, 0x00, 0x00, 0x00,
  0x00, 0x00, 0x00, 0x00, 0x00, 0x00, 0x00, 0x00, 0x00, 0x00, 0x00, 0x00,
  0x00, 0x00, 0x00, 0x00, 0x00, 0x00, 0x00, 0x00, 0x00, 0x00, 0x00, 0x00,
  0x00, 0x00, 0x00, 0x00, 0x00, 0x00, 0x00, 0x00, 0x00, 0x00, 0x00, 0x00,
  0x00, 0x00, 0x00, 0x00, 0x00, 0x00, 0x00, 0x00, 0x00, 0x00, 0x00, 0x00,
  0x00, 0x00, 0x00, 0x00, 0x00, 0x00, 0x00, 0x00, 0x00, 0x00, 0x00, 0x00,
  0x00, 0x00, 0x00, 0x00, 0x00, 0x00, 0x00, 0x00, 0x00, 0x00, 0x00, 0x00,
  0x00, 0x00, 0x00, 0x00, 0x00, 0x00, 0x00, 0x00, 0x00, 0x00, 0x00, 0x00,
  0x00, 0x00, 0x00, 0x00, 0x00, 0x00, 0x00, 0x00, 0x00, 0x00, 0x00, 0x00,
  0x00, 0x00, 0x00, 0x00, 0x00, 0x00, 0x00, 0x00, 0x00, 0x00, 0x00, 0x00,
  0x00, 0x00, 0x00, 0x00, 0x00, 0x00, 0x00, 0x00, 0x00, 0x00, 0x00, 0x00,
  0x00, 0x00, 0x00, 0x00, 0x00, 0x00, 0x00, 0x00, 0x00, 0x00, 0x00, 0x00,
  0x00, 0x00, 0x00, 0x00, 0x00, 0x00, 0x00, 0x00, 0x00, 0x00, 0x00, 0x00,
  0x00, 0x00, 0x00, 0x00, 0x00, 0x00, 0x00, 0x00, 0x00, 0x00, 0x00, 0x00,
  0x00, 0x00, 0x00, 0x00, 0x00, 0x00, 0x00, 0x00, 0x00, 0x00, 0x00, 0x00,
  0x00, 0x00, 0x00, 0x00, 0x00, 0x00, 0x00, 0x00, 0x00, 0x00, 0x00, 0x00,
  0x00, 0x00, 0x00, 0x00, 0x00, 0x00, 0x00, 0x00, 0x00, 0x00, 0x00, 0x00,
  0x00, 0x00, 0x00, 0x00, 0x00, 0x00, 0x00, 0x00, 0x00, 0x00, 0x00, 0x00,
  0x00, 0x00, 0x00, 0x00, 0x00, 0x00, 0x00, 0x00, 0x00, 0x00, 0x00, 0x00,
  0x00, 0x00, 0x00, 0x00, 0x00, 0x00, 0x00, 0x00, 0x00, 0x00, 0x00, 0x00,
  0x00, 0x00, 0x00, 0x00, 0x00, 0x00, 0x00, 0x00, 0x00, 0x00, 0x00, 0x00,
  0x00, 0x00, 0x00, 0x00, 0x00, 0x00, 0x00, 0x00, 0x00, 0x00, 0x00, 0x00,
  0x00, 0x00, 0x00, 0x00, 0x00, 0x00, 0x00, 0x00, 0x00, 0x00, 0x00, 0x00,
  0x00, 0x00, 0x00, 0x00, 0x00, 0x00, 0x00, 0x00, 0x00, 0x00, 0x00, 0x00,
  0x00, 0x00, 0x00, 0x00, 0x00, 0x00, 0x00, 0x00, 0x00, 0x00, 0x00, 0x00,
  0x00, 0x00, 0x00, 0x00, 0x00, 0x00, 0x00, 0x00, 0x00, 0x00, 0x00, 0x00,
  0x00, 0x00, 0x00, 0x00, 0x00, 0x00, 0x00, 0x00, 0x00, 0x00, 0x00, 0x00,
  0x00, 0x00, 0x00, 0x00, 0x00, 0x00, 0x00, 0x00, 0x00, 0x00, 0x00, 0x00,
  0x00, 0x00, 0x00, 0x00, 0x00, 0x00, 0x00, 0x00, 0x00, 0x00, 0x00, 0x00,
  0x00, 0x00, 0x00, 0x00, 0x00, 0x00, 0x00, 0x00, 0x00, 0x00, 0x00, 0x00,
  0x00, 0x00, 0x00, 0x00, 0x00, 0x00, 0x00, 0x00, 0x00, 0x00, 0x00, 0x00,
  0x00, 0x00, 0x00, 0x00, 0x00, 0x00, 0x00, 0x00, 0x00, 0x00, 0x00, 0x00,
  0x00, 0x00, 0x00, 0x00, 0x00, 0x00, 0x00, 0x00, 0x00, 0x00, 0x00, 0x00,
  0x00, 0x00, 0x00, 0x00, 0x00, 0x00, 0x00, 0x00, 0x00, 0x00, 0x00, 0x00,
  0x00, 0x00, 0x00, 0x00, 0x00, 0x00, 0x00, 0x00, 0x00, 0x00, 0x00, 0x00,
  0x00, 0x00, 0x00, 0x00, 0x00, 0x00, 0x00, 0x00, 0x00, 0x00, 0x00, 0x00,
  0x00, 0x00, 0x00, 0x00, 0x00, 0x00, 0x00, 0x00, 0x00, 0x00, 0x00, 0x00,
  0x00, 0x00, 0x00, 0x00, 0x00, 0x00, 0x00, 0x00, 0x00, 0x00, 0x00, 0x00,
  0x00, 0x00, 0x00, 0x00, 0x00, 0x00, 0x00, 0x00, 0x00, 0x00, 0x00, 0x00,
  0x00, 0x00, 0x00, 0x00, 0x00, 0x00, 0x00, 0x00, 0x00, 0x00, 0x00, 0x00,
  0x00, 0x00, 0x00, 0x00, 0x00, 0x00, 0x00, 0x00, 0x00, 0x00, 0x00, 0x00,
  0x00, 0x00, 0x00, 0x00, 0x00, 0x00, 0x00, 0x00, 0x00, 0x00, 0x00, 0x00,
  0x00, 0x00, 0x00, 0x00, 0x00, 0x00, 0x00, 0x00, 0x00, 0x00, 0x00, 0x00,
  0x00, 0x00, 0x00, 0x00, 0x00, 0x00, 0x00, 0x00, 0x00, 0x00, 0x00, 0x00,
  0x00, 0x00, 0x00, 0x00, 0x00, 0x00, 0x00, 0x00, 0x00, 0x00, 0x00, 0x00,
  0x00, 0x00, 0x00, 0x00, 0x00, 0x00, 0x00, 0x00, 0x00, 0x00, 0x00, 0x00,
  0x00, 0x00, 0x00, 0x00, 0x00, 0x00, 0x00, 0x00, 0x00, 0x00, 0x00, 0x00,
  0x00, 0x00, 0x00, 0x00, 0x00, 0x00, 0x00, 0x00, 0x00, 0x00, 0x00, 0x00,
  0x00, 0x00, 0x00, 0x00, 0x00, 0x00, 0x00, 0x00, 0x00, 0x00, 0x00, 0x00,
  0x00, 0x00, 0x00, 0x00, 0x00, 0x00, 0x00, 0x00, 0x00, 0x00, 0x00, 0x00,
  0x00, 0x00, 0x00, 0x00, 0x00, 0x00, 0x00, 0x00, 0x00, 0x00, 0x00, 0x00,
  0x00, 0x00, 0x00, 0x00, 0x00, 0x00, 0x00, 0x00, 0x00, 0x00, 0x00, 0x00,
  0x00, 0x00, 0x00, 0x00, 0x00, 0x00, 0x00, 0x00, 0x00, 0x00, 0x00, 0x00,
  0x00, 0x00, 0x00, 0x00, 0x00, 0x00, 0x00, 0x00, 0x00, 0x00, 0x00, 0x00,
  0x00, 0x00, 0x00, 0x00, 0x00, 0x00, 0x00, 0x00, 0x00, 0x00, 0x00, 0x00,
  0x00, 0x00, 0x00, 0x00, 0x00, 0x00, 0x00, 0x00, 0x00, 0x00, 0x00, 0x00,
  0x00, 0x00, 0x00, 0x00, 0x00, 0x00, 0x00, 0x00, 0x00, 0x00, 0x00, 0x00,
  0x00, 0x00, 0x00, 0x00, 0x00, 0x00, 0x00, 0x00, 0x00, 0x00, 0x00, 0x00,
  0x00, 0x00, 0x00, 0x00, 0x00, 0x00, 0x00, 0x00, 0x00, 0x00, 0x00, 0x00,
  0x00, 0x00, 0x00, 0x00, 0x00, 0x00, 0x00, 0x00, 0x00, 0x00, 0x00, 0x00,
  0x00, 0x00, 0x00, 0x00, 0x00, 0x00, 0x00, 0x00, 0x00, 0x00, 0x00, 0x00,
  0x00, 0x00, 0x00, 0x00, 0x00, 0x00, 0x00, 0x00, 0x00, 0x00, 0x00, 0x00,
  0x00, 0x00, 0x00, 0x00, 0x00, 0x00, 0x00, 0x00, 0x00, 0x00, 0x00, 0x00,
  0x00, 0x00, 0x00, 0x00, 0x00, 0x00, 0x00, 0x00, 0x00, 0x00, 0x00, 0x00,
  0x00, 0x00, 0x00, 0x00, 0x00, 0x00, 0x00, 0x00, 0x00, 0x00, 0x00, 0x00,
  0x00, 0x00, 0x00, 0x00, 0x00, 0x00, 0x00, 0x00, 0x00, 0x00, 0x00, 0x00,
  0x00, 0x00, 0x00, 0x00, 0x00, 0x00, 0x00, 0x00, 0x00, 0x00, 0x00, 0x00,
  0x00, 0x00, 0x00, 0x00, 0x00, 0x00, 0x00, 0x00, 0x00, 0x00, 0x00, 0x00,
  0x00, 0x00, 0x00, 0x00, 0x00, 0x00, 0x00, 0x00, 0x00, 0x00, 0x00, 0x00,
  0x00, 0x00, 0x00, 0x00, 0x00, 0x00, 0x00, 0x00, 0x00, 0x00, 0x00, 0x00,
  0x00, 0x00, 0x00, 0x00, 0x00, 0x00, 0x00, 0x00, 0x00, 0x00, 0x00, 0x00,
  0x00, 0x00, 0x00, 0x00, 0x00, 0x00, 0x00, 0x00, 0x00, 0x00, 0x00, 0x00,
  0x00, 0x00, 0x00, 0x00, 0x00, 0x00, 0x00, 0x00, 0x00, 0x00, 0x00, 0x00,
  0x00, 0x00, 0x00, 0x00, 0x00, 0x00, 0x00, 0x00, 0x00, 0x00, 0x00, 0x00,
  0x00, 0x00, 0x00, 0x00, 0x00, 0x00, 0x00, 0x00, 0x00, 0x00, 0x00, 0x00,
  0x00, 0x00, 0x00, 0x00, 0x00, 0x00, 0x00, 0x00, 0x00, 0x00, 0x00, 0x00,
  0x00, 0x00, 0x00, 0x00, 0x00, 0x00, 0x00, 0x00, 0x00, 0x00, 0x00, 0x00,
  0x00, 0x00, 0x00, 0x00, 0x00, 0x00, 0x00, 0x00, 0x00, 0x00, 0x00, 0x00,
  0x00, 0x00, 0x00, 0x00, 0x00, 0x00, 0x00, 0x00, 0x00, 0x00, 0x00, 0x00,
  0x00, 0x00, 0x00, 0x00, 0x00, 0x00, 0x00, 0x00, 0x00, 0x00, 0x00, 0x00,
  0x00, 0x00, 0x00, 0x00, 0x00, 0x00, 0x00, 0x00, 0x00, 0x00, 0x00, 0x00,
  0x00, 0x00, 0x00, 0x00, 0x00, 0x00, 0x00, 0x00, 0x00, 0x00, 0x00, 0x00,
  0x00, 0x00, 0x00, 0x00, 0x00, 0x00, 0x00, 0x00, 0x00, 0x00, 0x00, 0x00,
  0x00, 0x00, 0x00, 0x00, 0x00, 0x00, 0x00, 0x00, 0x00, 0x00, 0x00, 0x00,
  0x00, 0x00, 0x00, 0x00, 0x00, 0x00, 0x00, 0x00, 0x00, 0x00, 0x00, 0x00,
  0x00, 0x00, 0x00, 0x00, 0x00, 0x00, 0x00, 0x00, 0x00, 0x00, 0x00, 0x00,
  0x00, 0x00, 0x00, 0x00, 0x00, 0x00, 0x00, 0x00, 0x00, 0x00, 0x00, 0x00,
  0x00, 0x00, 0x00, 0x00, 0x00, 0x00, 0x00, 0x00, 0x00, 0x00, 0x00, 0x00,
  0x00, 0x00, 0x00, 0x00, 0x00, 0x00, 0x00, 0x00, 0x00, 0x00, 0x00, 0x00,
  0x00, 0x00, 0x00, 0x00, 0x00, 0x00, 0x00, 0x00, 0x00, 0x00, 0x00, 0x00,
  0x00, 0x00, 0x00, 0x00, 0x00, 0x00, 0x00, 0x00, 0x00, 0x00, 0x00, 0x00,
  0x00, 0x00, 0x00, 0x00, 0x00, 0x00, 0x00, 0x00, 0x00, 0x00, 0x00, 0x00,
  0x00, 0x00, 0x00, 0x00, 0x00, 0x00, 0x00, 0x00, 0x00, 0x00, 0x00, 0x00,
  0x00, 0x00, 0x00, 0x00, 0x00, 0x00, 0x00, 0x00, 0x00, 0x00, 0x00, 0x00,
  0x00, 0x00, 0x00, 0x00, 0x00, 0x00, 0x00, 0x00, 0x00, 0x00, 0x00, 0x00,
  0x00, 0x00, 0x00, 0x00, 0x00, 0x00, 0x00, 0x00, 0x00, 0x00, 0x00, 0x00,
  0x00, 0x00, 0x00, 0x00, 0x00, 0x00, 0x00, 0x00, 0x00, 0x00, 0x00, 0x00,
  0x00, 0x00, 0x00, 0x00, 0x00, 0x00, 0x00, 0x00, 0x00, 0x00, 0x00, 0x00,
  0x00, 0x00, 0x00, 0x00, 0x00, 0x00, 0x00, 0x00, 0x00, 0x00, 0x00, 0x00,
  0x00, 0x00, 0x00, 0x00, 0x00, 0x00, 0x00, 0x00, 0x00, 0x00, 0x00, 0x00,
  0x00, 0x00, 0x00, 0x00, 0x00, 0x00, 0x00, 0x00, 0x00, 0x00, 0x00, 0x00,
  0x00, 0x00, 0x00, 0x00, 0x00, 0x00, 0x00, 0x00, 0x00, 0x00, 0x00, 0x00,
  0x00, 0x00, 0x00, 0x00, 0x00, 0x00, 0x00, 0x00, 0x00, 0x00, 0x00, 0x00,
  0x00, 0x00, 0x00, 0x00, 0x00, 0x00, 0x00, 0x00, 0x00, 0x00, 0x00, 0x00,
  0x00, 0x00, 0x00, 0x00, 0x00, 0x00, 0x00, 0x00, 0x00, 0x00, 0x00, 0x00,
  0x00, 0x00, 0x00, 0x00, 0x00, 0x00, 0x00, 0x00, 0x00, 0x00, 0x00, 0x00,
  0x00, 0x00, 0x00, 0x00, 0x00, 0x00, 0x00, 0x00, 0x00, 0x00, 0x00, 0x00,
  0x00, 0x00, 0x00, 0x00, 0x00, 0x00, 0x00, 0x00, 0x00, 0x00, 0x00, 0x00,
  0x00, 0x00, 0x00, 0x00, 0x00, 0x00, 0x00, 0x00, 0x00, 0x00, 0x00, 0x00,
  0x00, 0x00, 0x00, 0x00, 0x00, 0x00, 0x00, 0x00, 0x00, 0x00, 0x00, 0x00,
  0x00, 0x00, 0x00, 0x00, 0x00, 0x00, 0x00, 0x00, 0x00, 0x00, 0x00, 0x00,
  0x00, 0x00, 0x00, 0x00, 0x00, 0x00, 0x00, 0x00, 0x00, 0x00, 0x00, 0x00,
  0x00, 0x00, 0x00, 0x00, 0x00, 0x00, 0x00, 0x00, 0x00, 0x00, 0x00, 0x00,
  0x00, 0x00, 0x00, 0x00, 0x00, 0x00, 0x00, 0x00, 0x00, 0x00, 0x00, 0x00,
  0x00, 0x00, 0x00, 0x00, 0x00, 0x00, 0x00, 0x00, 0x00, 0x00, 0x00, 0x00,
  0x00, 0x00, 0x00, 0x00, 0x00, 0x00, 0x00, 0x00, 0x00, 0x00, 0x00, 0x00,
  0x00, 0x00, 0x00, 0x00, 0x00, 0x00, 0x00, 0x00, 0x00, 0x00, 0x00, 0x00,
  0x00, 0x00, 0x00, 0x00, 0x00, 0x00, 0x00, 0x00, 0x00, 0x00, 0x00, 0x00,
  0x00, 0x00, 0x00, 0x00, 0x00, 0x00, 0x00, 0x00, 0x00, 0x00, 0x00, 0x00,
  0x00, 0x00, 0x00, 0x00, 0x00, 0x00, 0x00, 0x00, 0x00, 0x00, 0x00, 0x00,
  0x00, 0x00, 0x00, 0x00, 0x00, 0x00, 0x00, 0x00, 0x00, 0x00, 0x00, 0x00,
  0x00, 0x00, 0x00, 0x00, 0x00, 0x00, 0x00, 0x00, 0x00, 0x00, 0x00, 0x00,
  0x00, 0x00, 0x00, 0x00, 0x00, 0x00, 0x00, 0x00, 0x00, 0x00, 0x00, 0x00,
  0x00, 0x00, 0x00, 0x00, 0x00, 0x00, 0x00, 0x00, 0x00, 0x00, 0x00, 0x00,
  0x00, 0x00, 0x00, 0x00, 0x00, 0x00, 0x00, 0x00, 0x00, 0x00, 0x00, 0x00,
  0x00, 0x00, 0x00, 0x00, 0x00, 0x00, 0x00, 0x00, 0x00, 0x00, 0x00, 0x00,
  0x00, 0x00, 0x00, 0x00, 0x00, 0x00, 0x00, 0x00, 0x00, 0x00, 0x00, 0x00,
  0x00, 0x00, 0x00, 0x00, 0x00, 0x00, 0x00, 0x00, 0x00, 0x00, 0x00, 0x00,
  0x00, 0x00, 0x00, 0x00, 0x00, 0x00, 0x00, 0x00, 0x00, 0x00, 0x00, 0x00,
  0x00, 0x00, 0x00, 0x00, 0x00, 0x00, 0x00, 0x00, 0x00, 0x00, 0x00, 0x00,
  0x00, 0x00, 0x00, 0x00, 0x00, 0x00, 0x00, 0x00, 0x00, 0x00, 0x00, 0x00,
  0x00, 0x00, 0x00, 0x00, 0x00, 0x00, 0x00, 0x00, 0x00, 0x00, 0x00, 0x00,
  0x00, 0x00, 0x00, 0x00, 0x00, 0x00, 0x00, 0x00, 0x00, 0x00, 0x00, 0x00,
  0x00, 0x00, 0x00, 0x00, 0x00, 0x00, 0x00, 0x00, 0x00, 0x00, 0x00, 0x00,
  0x00, 0x00, 0x00, 0x00, 0x00, 0x00, 0x00, 0x00, 0x00, 0x00, 0x00, 0x00,
  0x00, 0x00, 0x00, 0x00, 0x00, 0x00, 0x00, 0x00, 0x00, 0x00, 0x00, 0x00,
  0x00, 0x00, 0x00, 0x00, 0x00, 0x00, 0x00, 0x00, 0x00, 0x00, 0x00, 0x00,
  0x00, 0x00, 0x00, 0x00, 0x00, 0x00, 0x00, 0x00, 0x00, 0x00, 0x00, 0x00,
  0x00, 0x00, 0x00, 0x00, 0x00, 0x00, 0x00, 0x00, 0x00, 0x00, 0x00, 0x00,
  0x00, 0x00, 0x00, 0x00, 0x00, 0x00, 0x00, 0x00, 0x00, 0x00, 0x00, 0x00,
  0x00, 0x00, 0x00, 0x00, 0x00, 0x00, 0x00, 0x00, 0x00, 0x00, 0x00, 0x00,
  0x00, 0x00, 0x00, 0x00, 0x00, 0x00, 0x00, 0x00, 0x00, 0x00, 0x00, 0x00,
  0x00, 0x00, 0x00, 0x00, 0x00, 0x00, 0x00, 0x00, 0x00, 0x00, 0x00, 0x00,
  0x00, 0x00, 0x00, 0x00, 0x00, 0x00, 0x00, 0x00, 0x00, 0x00, 0x00, 0x00,
  0x00, 0x00, 0x00, 0x00, 0x00, 0x00, 0x00, 0x00, 0x00, 0x00, 0x00, 0x00,
  0x00, 0x00, 0x00, 0x00, 0x00, 0x00, 0x00, 0x00, 0x00, 0x00, 0x00, 0x00,
  0x00, 0x00, 0x00, 0x00, 0x00, 0x00, 0x00, 0x00, 0x00, 0x00, 0x00, 0x00,
  0x00, 0x00, 0x00, 0x00, 0x00, 0x00, 0x00, 0x00, 0x00, 0x00, 0x00, 0x00,
  0x00, 0x00, 0x00, 0x00, 0x00, 0x00, 0x00, 0x00, 0x00, 0x00, 0x00, 0x00,
  0x00, 0x00, 0x00, 0x00, 0x00, 0x00, 0x00, 0x00, 0x00, 0x00, 0x00, 0x00,
  0x00, 0x00, 0x00, 0x00, 0x00, 0x00, 0x00, 0x00, 0x00, 0x00, 0x00, 0x00,
  0x00, 0x00, 0x00, 0x00, 0x00, 0x00, 0x00, 0x00, 0x00, 0x00, 0x00, 0x00,
  0x00, 0x00, 0x00, 0x00, 0x00, 0x00, 0x00, 0x00, 0x00, 0x00, 0x00, 0x00,
  0x00, 0x00, 0x00, 0x00, 0x00, 0x00, 0x00, 0x00, 0x00, 0x00, 0x00, 0x00,
  0x00, 0x00, 0x00, 0x00, 0x00, 0x00, 0x00, 0x00, 0x00, 0x00, 0x00, 0x00,
  0x00, 0x00, 0x00, 0x00, 0x00, 0x00, 0x00, 0x00, 0x00, 0x00, 0x00, 0x00,
  0x00, 0x00, 0x00, 0x00, 0x00, 0x00, 0x00, 0x00, 0x00, 0x00, 0x00, 0x00,
  0x00, 0x00, 0x00, 0x00, 0x00, 0x00, 0x00, 0x00, 0x00, 0x00, 0x00, 0x00,
  0x00, 0x00, 0x00, 0x00, 0x00, 0x00, 0x00, 0x00, 0x00, 0x00, 0x00, 0x00,
  0x00, 0x00, 0x00, 0x00, 0x00, 0x00, 0x00, 0x00, 0x00, 0x00, 0x00, 0x00,
  0x00, 0x00, 0x00, 0x00, 0x00, 0x00, 0x00, 0x00, 0x00, 0x00, 0x00, 0x00,
  0x00, 0x00, 0x00, 0x00, 0x00, 0x00, 0x00, 0x00, 0x00, 0x00, 0x00, 0x00,
  0x00, 0x00, 0x00, 0x00, 0x00, 0x00, 0x00, 0x00, 0x00, 0x00, 0x00, 0x00,
  0x00, 0x00, 0x00, 0x00, 0x00, 0x00, 0x00, 0x00, 0x00, 0x00, 0x00, 0x00,
  0x00, 0x00, 0x00, 0x00, 0x00, 0x00, 0x00, 0x00, 0x00, 0x00, 0x00, 0x00,
  0x00, 0x00, 0x00, 0x00, 0x00, 0x00, 0x00, 0x00, 0x00, 0x00, 0x00, 0x00,
  0x00, 0x00, 0x00, 0x00, 0x00, 0x00, 0x00, 0x00, 0x00, 0x00, 0x00, 0x00,
  0x00, 0x00, 0x00, 0x00, 0x00, 0x00, 0x00, 0x00, 0x00, 0x00, 0x00, 0x00,
  0x00, 0x00, 0x00, 0x00, 0x00, 0x00, 0x00, 0x00, 0x00, 0x00, 0x00, 0x00,
  0x00, 0x00, 0x00, 0x00, 0x00, 0x00, 0x00, 0x00, 0x00, 0x00, 0x00, 0x00,
  0x00, 0x00, 0x00, 0x00, 0x00, 0x00, 0x00, 0x00, 0x00, 0x00, 0x00, 0x00,
  0x00, 0x00, 0x00, 0x00, 0x00, 0x00, 0x00, 0x00, 0x00, 0x00, 0x00, 0x00,
  0x00, 0x00, 0x00, 0x00, 0x00, 0x00, 0x00, 0x00, 0x00, 0x00, 0x00, 0x00,
  0x00, 0x00, 0x00, 0x00, 0x00, 0x00, 0x00, 0x00, 0x00, 0x00, 0x00, 0x00,
  0x00, 0x00, 0x00, 0x00, 0x00, 0x00, 0x00, 0x00, 0x00, 0x00, 0x00, 0x00,
  0x00, 0x00, 0x00, 0x00, 0x00, 0x00, 0x00, 0x00, 0x00, 0x00, 0x00, 0x00,
  0x00, 0x00, 0x00, 0x00, 0x00, 0x00, 0x00, 0x00, 0x00, 0x00, 0x00, 0x00,
  0x00, 0x00, 0x00, 0x00, 0x00, 0x00, 0x00, 0x00, 0x00, 0x00, 0x00, 0x00,
  0x00, 0x00, 0x00, 0x00, 0x00, 0x00, 0x00, 0x00, 0x00, 0x00, 0x00, 0x00,
  0x00, 0x00, 0x00, 0x00, 0x00, 0x00, 0x00, 0x00, 0x00, 0x00, 0x00, 0x00,
  0x00, 0x00, 0x00, 0x00, 0x00, 0x00, 0x00, 0x00, 0x00, 0x00, 0x00, 0x00,
  0x00, 0x00, 0x00, 0x00, 0x00, 0x00, 0x00, 0x00, 0x00, 0x00, 0x00, 0x00,
  0x00, 0x00, 0x00, 0x00, 0x00, 0x00, 0x00, 0x00, 0x00, 0x00, 0x00, 0x00,
  0x00, 0x00, 0x00, 0x00, 0x00, 0x00, 0x00, 0x00, 0x00, 0x00, 0x00, 0x00,
  0x00, 0x00, 0x00, 0x00, 0x00, 0x00, 0x00, 0x00, 0x00, 0x00, 0x00, 0x00,
  0x00, 0x00, 0x00, 0x00, 0x00, 0x00, 0x00, 0x00, 0x00, 0x00, 0x00, 0x00,
  0x00, 0x00, 0x00, 0x00, 0x00, 0x00, 0x00, 0x00, 0x00, 0x00, 0x00, 0x00,
  0x00, 0x00, 0x00, 0x00, 0x00, 0x00, 0x00, 0x00, 0x00, 0x00, 0x00, 0x00,
  0x00, 0x00, 0x00, 0x00, 0x00, 0x00, 0x00, 0x00, 0x00, 0x00, 0x00, 0x00,
  0x00, 0x00, 0x00, 0x00, 0x00, 0x00, 0x00, 0x00, 0x00, 0x00, 0x00, 0x00,
  0x00, 0x00, 0x00, 0x00, 0x00, 0x00, 0x00, 0x00, 0x00, 0x00, 0x00, 0x00,
  0x00, 0x00, 0x00, 0x00, 0x00, 0x00, 0x00, 0x00, 0x00, 0x00, 0x00, 0x00,
  0x00, 0x00, 0x00, 0x00, 0x00, 0x00, 0x00, 0x00, 0x00, 0x00, 0x00, 0x00,
  0x00, 0x00, 0x00, 0x00, 0x00, 0x00, 0x00, 0x00, 0x00, 0x00, 0x00, 0x00,
  0x00, 0x00, 0x00, 0x00, 0x00, 0x00, 0x00, 0x00, 0x00, 0x00, 0x00, 0x00,
  0x00, 0x00, 0x00, 0x00, 0x00, 0x00, 0x00, 0x00, 0x00, 0x00, 0x00, 0x00,
  0x00, 0x00, 0x00, 0x00, 0x00, 0x00, 0x00, 0x00, 0x00, 0x00, 0x00, 0x00,
  0x00, 0x00, 0x00, 0x00, 0x00, 0x00, 0x00, 0x00, 0x00, 0x00, 0x00, 0x00,
  0x00, 0x00, 0x00, 0x00, 0x00, 0x00, 0x00, 0x00, 0x00, 0x00, 0x00, 0x00,
  0x00, 0x00, 0x00, 0x00, 0x00, 0x00, 0x00, 0x00, 0x00, 0x00, 0x00, 0x00,
  0x00, 0x00, 0x00, 0x00, 0x00, 0x00, 0x00, 0x00, 0x00, 0x00, 0x00, 0x00,
  0x00, 0x00, 0x00, 0x00, 0x00, 0x00, 0x00, 0x00, 0x00, 0x00, 0x00, 0x00,
  0x00, 0x00, 0x00, 0x00, 0x00, 0x00, 0x00, 0x00, 0x00, 0x00, 0x00, 0x00,
  0x00, 0x00, 0x00, 0x00, 0x00, 0x00, 0x00, 0x00, 0x00, 0x00, 0x00, 0x00,
  0x00, 0x00, 0x00, 0x00, 0x00, 0x00, 0x00, 0x00, 0x00, 0x00, 0x00, 0x00,
  0x00, 0x00, 0x00, 0x00, 0x00, 0x00, 0x00, 0x00, 0x00, 0x00, 0x00, 0x00,
  0x00, 0x00, 0x00, 0x00, 0x00, 0x00, 0x00, 0x00, 0x00, 0x00, 0x00, 0x00,
  0x00, 0x00, 0x00, 0x00, 0x00, 0x00, 0x00, 0x00, 0x00, 0x00, 0x00, 0x00,
  0x00, 0x00, 0x00, 0x00, 0x00, 0x00, 0x00, 0x00, 0x00, 0x00, 0x00, 0x00,
  0x00, 0x00, 0x00, 0x00, 0x00, 0x00, 0x00, 0x00, 0x00, 0x00, 0x00, 0x00,
  0x00, 0x00, 0x00, 0x00, 0x00, 0x00, 0x00, 0x00, 0x00, 0x00, 0x00, 0x00,
  0x00, 0x00, 0x00, 0x00, 0x00, 0x00, 0x00, 0x00, 0x00, 0x00, 0x00, 0x00,
  0x00, 0x00, 0x00, 0x00, 0x00, 0x00, 0x00, 0x00, 0x00, 0x00, 0x00, 0x00,
  0x00, 0x00, 0x00, 0x00, 0x00, 0x00, 0x00, 0x00, 0x00, 0x00, 0x00, 0x00,
  0x00, 0x00, 0x00, 0x00, 0x00, 0x00, 0x00, 0x00, 0x00, 0x00, 0x00, 0x00,
  0x00, 0x00, 0x00, 0x00, 0x00, 0x00, 0x00, 0x00, 0x00, 0x00, 0x00, 0x00,
  0x00, 0x00, 0x00, 0x00, 0x00, 0x00, 0x00, 0x00, 0x00, 0x00, 0x00, 0x00,
  0x00, 0x00, 0x00, 0x00, 0x00, 0x00, 0x00, 0x00, 0x00, 0x00, 0x00, 0x00,
  0x00, 0x00, 0x00, 0x00, 0x00, 0x00, 0x00, 0x00, 0x00, 0x00, 0x00, 0x00,
  0x00, 0x00, 0x00, 0x00, 0x00, 0x00, 0x00, 0x00, 0x00, 0x00, 0x00, 0x00,
  0x00, 0x00, 0x00, 0x00, 0x00, 0x00, 0x00, 0x00, 0x00, 0x00, 0x00, 0x00,
  0x00, 0x00, 0x00, 0x00, 0x00, 0x00, 0x00, 0x00, 0x00, 0x00, 0x00, 0x00,
  0x00, 0x00, 0x00, 0x00, 0x00, 0x00, 0x00, 0x00, 0x00, 0x00, 0x00, 0x00,
  0x00, 0x00, 0x00, 0x00, 0x00, 0x00, 0x00, 0x00, 0x00, 0x00, 0x00, 0x00,
  0x00, 0x00, 0x00, 0x00, 0x00, 0x00, 0x00, 0x00, 0x00, 0x00, 0x00, 0x00,
  0x00, 0x00, 0x00, 0x00, 0x00, 0x00, 0x00, 0x00, 0x00, 0x00, 0x00, 0x00,
  0x00, 0x00, 0x00, 0x00, 0x00, 0x00, 0x00, 0x00, 0x00, 0x00, 0x00, 0x00,
  0x00, 0x00, 0x00, 0x00, 0x00, 0x00, 0x00, 0x00, 0x00, 0x00, 0x00, 0x00,
  0x00, 0x00, 0x00, 0x00, 0x00, 0x00, 0x00, 0x00, 0x00, 0x00, 0x00, 0x00,
  0x00, 0x00, 0x00, 0x00, 0x00, 0x00, 0x00, 0x00, 0x00, 0x00, 0x00, 0x00,
  0x00, 0x00, 0x00, 0x00, 0x00, 0x00, 0x00, 0x00, 0x00, 0x00, 0x00, 0x00,
  0x00, 0x00, 0x00, 0x00, 0x00, 0x00, 0x00, 0x00, 0x00, 0x00, 0x00, 0x00,
  0x00, 0x00, 0x00, 0x00, 0x00, 0x00, 0x00, 0x00, 0x00, 0x00, 0x00, 0x00,
  0x00, 0x00, 0x00, 0x00, 0x00, 0x00, 0x00, 0x00, 0x00, 0x00, 0x00, 0x00,
  0x00, 0x00, 0x00, 0x00, 0x00, 0x00, 0x00, 0x00, 0x00, 0x00, 0x00, 0x00,
  0x00, 0x00, 0x00, 0x00, 0x00, 0x00, 0x00, 0x00, 0x00, 0x00, 0x00, 0x00,
  0x00, 0x00, 0x00, 0x00, 0x00, 0x00, 0x00, 0x00, 0x00, 0x00, 0x00, 0x00,
  0x00, 0x00, 0x00, 0x00, 0x00, 0x00, 0x00, 0x00, 0x00, 0x00, 0x00, 0x00,
  0x00, 0x00, 0x00, 0x00, 0x00, 0x00, 0x00, 0x00, 0x00, 0x00, 0x00, 0x00,
  0x00, 0x00, 0x00, 0x00, 0x00, 0x00, 0x00, 0x00, 0x00, 0x00, 0x00, 0x00,
  0x00, 0x00, 0x00, 0x00, 0x00, 0x00, 0x00, 0x00, 0x00, 0x00, 0x00, 0x00,
  0x00, 0x00, 0x00, 0x00, 0x00, 0x00, 0x00, 0x00, 0x00, 0x00, 0x00, 0x00,
  0x00, 0x00, 0x00, 0x00, 0x00, 0x00, 0x00, 0x00, 0x00, 0x00, 0x00, 0x00,
  0x00, 0x00, 0x00, 0x00, 0x00, 0x00, 0x00, 0x00, 0x00, 0x00, 0x00, 0x00,
  0x00, 0x00, 0x00, 0x00, 0x00, 0x00, 0x00, 0x00, 0x00, 0x00, 0x00, 0x00,
  0x00, 0x00, 0x00, 0x00, 0x00, 0x00, 0x00, 0x00, 0x00, 0x00, 0x00, 0x00,
  0x00, 0x00, 0x00, 0x00, 0x00, 0x00, 0x00, 0x00, 0x00, 0x00, 0x00, 0x00,
  0x00, 0x00, 0x00, 0x00, 0x00, 0x00, 0x00, 0x00, 0x00, 0x00, 0x00, 0x00,
  0x00, 0x00, 0x00, 0x00, 0x00, 0x00, 0x00, 0x00, 0x00, 0x00, 0x00, 0x00,
  0x00, 0x00, 0x00, 0x00, 0x00, 0x00, 0x00, 0x00, 0x00, 0x00, 0x00, 0x00,
  0x00, 0x00, 0x00, 0x00, 0x00, 0x00, 0x00, 0x00, 0x00, 0x00, 0x00, 0x00,
  0x00, 0x00, 0x00, 0x00, 0x00, 0x00, 0x00, 0x00, 0x00, 0x00, 0x00, 0x00,
  0x00, 0x00, 0x00, 0x00, 0x00, 0x00, 0x00, 0x00, 0x00, 0x00, 0x00, 0x00,
  0x00, 0x00, 0x00, 0x00, 0x00, 0x00, 0x00, 0x00, 0x00, 0x00, 0x00, 0x00,
  0x00, 0x00, 0x00, 0x00, 0x00, 0x00, 0x00, 0x00, 0x00, 0x00, 0x00, 0x00,
  0x00, 0x00, 0x00, 0x00, 0x00, 0x00, 0x00, 0x00, 0x00, 0x00, 0x00, 0x00,
  0x00, 0x00, 0x00, 0x00, 0x00, 0x00, 0x00, 0x00, 0x00, 0x00, 0x00, 0x00,
  0x00, 0x00, 0x00, 0x00, 0x00, 0x00, 0x00, 0x00, 0x00, 0x00, 0x00, 0x00,
  0x00, 0x00, 0x00, 0x00, 0x00, 0x00, 0x00, 0x00, 0x00, 0x00, 0x00, 0x00,
  0x00, 0x00, 0x00, 0x00, 0x00, 0x00, 0x00, 0x00, 0x00, 0x00, 0x00, 0x00,
  0x00, 0x00, 0x00, 0x00, 0x00, 0x00, 0x00, 0x00, 0x00, 0x00, 0x00, 0x00,
  0x00, 0x00, 0x00, 0x00, 0x00, 0x00, 0x00, 0x00, 0x00, 0x00, 0x00, 0x00,
  0x00, 0x00, 0x00, 0x00, 0x00, 0x00, 0x00, 0x00, 0x00, 0x00, 0x00, 0x00,
  0x00, 0x00, 0x00, 0x00, 0x00, 0x00, 0x00, 0x00, 0x00, 0x00, 0x00, 0x00,
  0x00, 0x00, 0x00, 0x00, 0x00, 0x00, 0x00, 0x00, 0x00, 0x00, 0x00, 0x00,
  0x00, 0x00, 0x00, 0x00, 0x00, 0x00, 0x00, 0x00, 0x00, 0x00, 0x00, 0x00,
  0x00, 0x00, 0x00, 0x00, 0x00, 0x00, 0x00, 0x00, 0x00, 0x00, 0x00, 0x00,
  0x00, 0x00, 0x00, 0x00, 0x00, 0x00, 0x00, 0x00, 0x00, 0x00, 0x00, 0x00,
  0x00, 0x00, 0x00, 0x00, 0x00, 0x00, 0x00, 0x00, 0x00, 0x00, 0x00, 0x00,
  0x00, 0x00, 0x00, 0x00, 0x00, 0x00, 0x00, 0x00, 0x00, 0x00, 0x00, 0x00,
  0x00, 0x00, 0x00, 0x00, 0x00, 0x00, 0x00, 0x00, 0x00, 0x00, 0x00, 0x00,
  0x00, 0x00, 0x00, 0x00, 0x00, 0x00, 0x00, 0x00, 0x00, 0x00, 0x00, 0x00,
  0x00, 0x00, 0x00, 0x00, 0x00, 0x00, 0x00, 0x00, 0x00, 0x00, 0x00, 0x00,
  0x00, 0x00, 0x00, 0x00, 0x00, 0x00, 0x00, 0x00, 0x00, 0x00, 0x00, 0x00,
  0x00, 0x00, 0x00, 0x00, 0x00, 0x00, 0x00, 0x00, 0x00, 0x00, 0x00, 0x00,
  0x00, 0x00, 0x00, 0x00, 0x00, 0x00, 0x00, 0x00, 0x00, 0x00, 0x00, 0x00,
  0x00, 0x00, 0x00, 0x00, 0x00, 0x00, 0x00, 0x00, 0x00, 0x00, 0x00, 0x00,
  0x00, 0x00, 0x00, 0x00, 0x00, 0x00, 0x00, 0x00, 0x00, 0x00, 0x00, 0x00,
  0x00, 0x00, 0x00, 0x00, 0x00, 0x00, 0x00, 0x00, 0x00, 0x00, 0x00, 0x00,
  0x00, 0x00, 0x00, 0x00, 0x00, 0x00, 0x00, 0x00, 0x00, 0x00, 0x00, 0x00,
  0x00, 0x00, 0x00, 0x00, 0x00, 0x00, 0x00, 0x00, 0x00, 0x00, 0x00, 0x00,
  0x00, 0x00, 0x00, 0x00, 0x00, 0x00, 0x00, 0x00, 0x00, 0x00, 0x00, 0x00,
  0x00, 0x00, 0x00, 0x00, 0x00, 0x00, 0x00, 0x00, 0x00, 0x00, 0x00, 0x00,
  0x00, 0x00, 0x00, 0x00, 0x00, 0x00, 0x00, 0x00, 0x00, 0x00, 0x00, 0x00,
  0x00, 0x00, 0x00, 0x00, 0x00, 0x00, 0x00, 0x00, 0x00, 0x00, 0x00, 0x00,
  0x00, 0x00, 0x00, 0x00, 0x00, 0x00, 0x00, 0x00, 0x00, 0x00, 0x00, 0x00,
  0x00, 0x00, 0x00, 0x00, 0x00, 0x00, 0x00, 0x00, 0x00, 0x00, 0x00, 0x00,
  0x00, 0x00, 0x00, 0x00, 0x00, 0x00, 0x00, 0x00, 0x00, 0x00, 0x00, 0x00,
  0x00, 0x00, 0x00, 0x00, 0x00, 0x00, 0x00, 0x00, 0x00, 0x00, 0x00, 0x00,
  0x00, 0x00, 0x00, 0x00, 0x00, 0x00, 0x00, 0x00, 0x00, 0x00, 0x00, 0x00,
  0x00, 0x00, 0x00, 0x00, 0x00, 0x00, 0x00, 0x00, 0x00, 0x00, 0x00, 0x00,
  0x00, 0x00, 0x00, 0x00, 0x00, 0x00, 0x00, 0x00, 0x00, 0x00, 0x00, 0x00,
  0x00, 0x00, 0x00, 0x00, 0x00, 0x00, 0x00, 0x00, 0x00, 0x00, 0x00, 0x00,
  0x00, 0x00, 0x00, 0x00, 0x00, 0x00, 0x00, 0x00, 0x00, 0x00, 0x00, 0x00,
  0x00, 0x00, 0x00, 0x00, 0x00, 0x00, 0x00, 0x00, 0x00, 0x00, 0x00, 0x00,
  0x00, 0x00, 0x00, 0x00, 0x00, 0x00, 0x00, 0x00, 0x00, 0x00, 0x00, 0x00,
  0x00, 0x00, 0x00, 0x00, 0x00, 0x00, 0x00, 0x00, 0x00, 0x00, 0x00, 0x00,
  0x00, 0x00, 0x00, 0x00, 0x00, 0x00, 0x00, 0x00, 0x00, 0x00, 0x00, 0x00,
  0x00, 0x00, 0x00, 0x00, 0x00, 0x00, 0x00, 0x00, 0x00, 0x00, 0x00, 0x00,
  0x00, 0x00, 0x00, 0x00, 0x00, 0x00, 0x00, 0x00, 0x00, 0x00, 0x00, 0x00,
  0x00, 0x00, 0x00, 0x00, 0x00, 0x00, 0x00, 0x00, 0x00, 0x00, 0x00, 0x00,
  0x00, 0x00, 0x00, 0x00, 0x00, 0x00, 0x00, 0x00, 0xc3, 0x58, 0x9d, 0x00,
  0x00, 0x02, 0x00, 0xe2, 0x01, 0x06, 0x02, 0xff, 0x03, 0x03, 0x04, 0x7e,
  0x05, 0x07, 0x06, 0x01, 0x07, 0x06, 0x09, 0x21, 0x43, 0x9c, 0xc5, 0x46,
  0x23, 0x4e, 0x23, 0xcd, 0x47, 0x00, 0xc1, 0x10, 0xf5, 0xcd, 0xcc, 0x00,
  0x11, 0x00, 0x03, 0xaf, 0x21, 0x00, 0x18, 0x01, 0x00, 0x03, 0xcd, 0x56,
  0x00, 0x21, 0xe0, 0x1a, 0x06, 0x20, 0x0e, 0xe0, 0xc5, 0x79, 0xcd, 0x4d,
  0x00, 0x23, 0xc1, 0x0c, 0x10, 0xf6, 0xc9, 0x21, 0x00, 0x20, 0x01, 0x00,
  0x17, 0x3e, 0x11, 0xc5, 0xe5, 0xcd, 0x56, 0x00, 0xe1, 0xc1, 0x09, 0x3e,
  0xf1, 0x01, 0x80, 0x00, 0xc5, 0xe5, 0xcd, 0x56, 0x00, 0xe1, 0xc1, 0x09,
  0x3e, 0x21, 0x01, 0x08, 0x00, 0xc5, 0xf5, 0xcd, 0x56, 0x00, 0xf1, 0xc1,
  0x09, 0xc6, 0x10, 0x30, 0xf1, 0x3e, 0x11, 0xe5, 0xcd, 0x56, 0x00, 0xe1,
  0x01, 0x08, 0x00, 0x09, 0x3e, 0x11, 0xcd, 0x56, 0x00, 0xcd, 0x65, 0x9c,
  0xc9, 0x06, 0x03, 0x78, 0x3d, 0xc5, 0xcd, 0xd5, 0x00, 0xc1, 0xa7, 0xc0,
  0x78, 0x3d, 0xc5, 0xcd, 0xd8, 0x00, 0xc1, 0xa7, 0xc0, 0x10, 0xec, 0xc9,
  0xcd, 0x66, 0xb4, 0xc1, 0xd1, 0xe1, 0xd9, 0xcd, 0x6f, 0x00, 0xc9, 0x00,
  0x7f, 0x7f, 0x7f, 0x7f, 0x7f, 0x7f, 0x7f, 0x00, 0x10, 0x38, 0x7c, 0xfe,
  0x7c, 0x38, 0x10, 0x00, 0x04, 0x06, 0x04, 0x26, 0x3e, 0x24, 0x24, 0x00,
  0xbe, 0xa2, 0xaa, 0xaa, 0xba, 0x82, 0xfe, 0x00, 0x38, 0x7c, 0xfe, 0xfe,
  0xfe, 0x7c, 0x38, 0x00, 0x6c, 0xfe, 0xfe, 0xfe, 0x7c, 0x38, 0x10, 0xff,
  0xff, 0xff, 0xff, 0xff, 0xff, 0xff, 0xff, 0x00, 0x6c, 0xd6, 0xba, 0x7c,
  0xba, 0xd6, 0x6c, 0xe1, 0xcd, 0x31, 0x9d, 0x23, 0xe9, 0x06, 0x00, 0x7e,
  0xfe, 0x2a, 0xc8, 0xe5, 0x21, 0xbf, 0x1b, 0x87, 0xcb, 0x10, 0x87, 0xcb,
  0x10, 0x87, 0xcb, 0x10, 0x4f, 0x09, 0xd5, 0x01, 0x08, 0x00, 0xcd, 0x5c,
  0x00, 0xe1, 0xd1, 0x01, 0x08, 0x00, 0x09, 0x13, 0xeb, 0xc3, 0x31, 0x9d,
  0xd9, 0xe5, 0xd5, 0xc5, 0xcd, 0x55, 0x9c, 0xcd, 0x87, 0x9c, 0xc3, 0x01,
  0xaa, 0xff, 0x01, 0x01, 0xe5, 0xa3, 0x04, 0x15, 0x0f, 0xff, 0x01, 0x01,
  0xe5, 0xa3, 0x04, 0x13, 0x0f, 0xff, 0x01, 0x01, 0xe5, 0xa3, 0x04, 0x11,
  0x0f, 0xff, 0x01, 0x01, 0xe5, 0xa3, 0x04, 0x0f, 0x0f, 0xff, 0x01, 0x01,
  0xe5, 0xa3, 0x04, 0x0d, 0x0f, 0xff, 0x01, 0x01, 0xe5, 0xa3, 0x04, 0x0b,
  0x0f, 0xff, 0x01, 0x01, 0xe5, 0xa3, 0x04, 0x09, 0x0f, 0xff, 0x01, 0x01,
  0xe5, 0xa3, 0x04, 0x07, 0x0f, 0xff, 0x01, 0x01, 0xe5, 0xa3, 0x04, 0x05,
  0x0f, 0xff, 0x01, 0x01, 0xe5, 0xa3, 0x04, 0x03, 0x0f, 0xff, 0x01, 0x01,
  0xe5, 0xa3, 0x04, 0x01, 0x0f, 0xff, 0x01, 0x01, 0xe5, 0xa3, 0x04, 0x1f,
  0x0f, 0xff, 0x01, 0x01, 0xe5, 0xa3, 0x04, 0x1d, 0x0f, 0xff, 0x01, 0x01,
  0xe5, 0xa3, 0x04, 0x1b, 0x0f, 0xff, 0x01, 0x01, 0xe5, 0xa3, 0x04, 0x19,
  0x0f, 0xff, 0x01, 0x01, 0xe5, 0xa3, 0x04, 0x19, 0x02, 0xff, 0x01, 0x01,
  0xe5, 0xa3, 0x04, 0x17, 0x00, 0xff, 0x01, 0x01, 0xe5, 0xa3, 0x04, 0x15,
  0x14, 0xff, 0x01, 0x01, 0xe5, 0xa3, 0x04, 0x13, 0x12, 0xff, 0x01, 0x01,
  0xe5, 0xa3, 0x04, 0x11, 0x10, 0xff, 0x01, 0x01, 0xe5, 0xa3, 0x04, 0x0f,
  0x0e, 0xff, 0x01, 0x01, 0xe5, 0xa3, 0x04, 0x0d, 0x0c, 0xff, 0x01, 0x01,
  0xe5, 0xa3, 0x04, 0x0b, 0x0b, 0xff, 0x01, 0x01, 0xe5, 0xa3, 0x04, 0x0b,
  0x0b, 0xff, 0x01, 0x01, 0xe5, 0xa3, 0x04, 0x0b, 0x0b, 0xff, 0x01, 0x01,
  0xe5, 0xa3, 0x04, 0x0b, 0x0d, 0xff, 0x01, 0x01, 0xe5, 0xa3, 0x04, 0x0b,
  0x0f, 0xff, 0x01, 0x01, 0xe5, 0xa3, 0x04, 0x0d, 0x11, 0xff, 0x01, 0x01,
  0xe5, 0xa3, 0x04, 0x0f, 0x13, 0xff, 0x01, 0x01, 0xe5, 0xa3, 0x04, 0x11,
  0x15, 0xff, 0x01, 0x01, 0xe5, 0xa3, 0x04, 0x13, 0x01, 0xff, 0x01, 0x01,
  0xe5, 0xa3, 0x04, 0x15, 0x03, 0xff, 0x01, 0x01, 0xe5, 0xa3, 0x04, 0x17,
  0x05, 0xff, 0x01, 0x01, 0xe5, 0xa3, 0x04, 0x19, 0x05, 0xff, 0x01, 0x01,
  0xe5, 0xa3, 0x04, 0x1b, 0x05, 0xff, 0x01, 0x01, 0xe5, 0xa3, 0x04, 0x1b,
  0x04, 0xff, 0x01, 0x01, 0xe5, 0xa3, 0x04, 0x1b, 0x02, 0xff, 0x01, 0x01,
  0xe5, 0xa3, 0x04, 0x1b, 0x00, 0xff, 0x01, 0x01, 0xe5, 0xa3, 0x04, 0x1b,
  0x14, 0xff, 0x01, 0x01, 0xe5, 0xa3, 0x04, 0x19, 0x12, 0xff, 0x01, 0x01,
  0xe5, 0xa3, 0x04, 0x17, 0x10, 0xff, 0x01, 0x01, 0x25, 0xa3, 0x03, 0x1a,
  0x07, 0xff, 0x03, 0x03, 0x65, 0xa2, 0x01, 0x12, 0x08, 0xff, 0x03, 0x03,
  0x65, 0xa2, 0x01, 0x12, 0x07, 0xff, 0x03, 0x03, 0x65, 0xa2, 0x01, 0x13,
  0x06, 0xff, 0x03, 0x03, 0x65, 0xa2, 0x01, 0x14, 0x05, 0xff, 0x03, 0x03,
  0x65, 0xa2, 0x01, 0x15, 0x04, 0xff, 0x03, 0x03, 0x65, 0xa2, 0x01, 0x16,
  0x03, 0xff, 0xff, 0xff, 0xff, 0xff, 0xff, 0xff, 0xff, 0xff, 0xff, 0xff,
  0xff, 0xff, 0xff, 0xff, 0xff, 0xff, 0xff, 0xff, 0xff, 0xff, 0xff, 0xff,
  0xff, 0xff, 0xff, 0xff, 0xff, 0xff, 0xff, 0xff, 0xff, 0xff, 0xff, 0xff,
  0xff, 0xff, 0xff, 0xff, 0xff, 0xff, 0xff, 0xff, 0xff, 0xff, 0xff, 0xff,
  0xff, 0xff, 0xff, 0xff, 0xff, 0xff, 0xff, 0xff, 0xff, 0xff, 0xff, 0xff,
  0xff, 0xff, 0xff, 0xff, 0xff, 0xff, 0xff, 0xff, 0xff, 0xff, 0xff, 0xff,
  0xff, 0xff, 0xff, 0xff, 0xff, 0xff, 0xff, 0xff, 0xff, 0xff, 0xff, 0xff,
  0xff, 0xff, 0xff, 0xff, 0xff, 0xff, 0xff, 0xff, 0xff, 0xff, 0xff, 0xff,
  0xff, 0xff, 0xff, 0xff, 0xff, 0xff, 0xff, 0xff, 0xff, 0xff, 0xff, 0xff,
  0xff, 0xff, 0xff, 0xff, 0xff, 0xff, 0xff, 0xff, 0xff, 0xff, 0xff, 0xff,
  0xff, 0xff, 0xff, 0xff, 0xff, 0xff, 0xff, 0xff, 0xff, 0xff, 0x00, 0x02,
  0x00, 0xff, 0xff, 0x00, 0x02, 0x37, 0x00, 0x01, 0x00, 0xfc, 0xfe, 0x02,
  0x04, 0x00, 0x37, 0x01, 0xff, 0xfa, 0x00, 0x02, 0x04, 0x02, 0x00, 0x00,
  0xfa, 0xfe, 0x00, 0x37, 0xfe, 0x04, 0x06, 0x00, 0xfd, 0xfb, 0x00, 0x08,
  0xfc, 0xfc, 0x08, 0x00, 0x37, 0x01, 0x01, 0xf6, 0x00, 0x04, 0x04, 0x02,
  0x00, 0x00, 0xf6, 0xfe, 0x00, 0x37, 0xfc, 0x04, 0x0a, 0x00, 0x01, 0x01,
  0xfa, 0xfa, 0xfa, 0x06, 0x06, 0x06, 0x37, 0x37, 0x37, 0x37, 0x37, 0x37,
  0x37, 0x37, 0x37, 0x37, 0x37, 0x37, 0x37, 0x37, 0x37, 0x37, 0x37, 0x37,
  0x37, 0x37, 0x37, 0x37, 0x37, 0x37, 0x37, 0x37, 0x37, 0x01, 0x00, 0xfe,
  0x00, 0x01, 0xff, 0x00, 0x02, 0x37, 0x00, 0x01, 0x00, 0xfc, 0xfe, 0x02,
  0x04, 0x00, 0x37, 0x01, 0x00, 0xfd, 0xfd, 0xfd, 0x03, 0x03, 0x03, 0x37,
  0x00, 0x01, 0x00, 0xf8, 0xfc, 0x04, 0x08, 0x00, 0x37, 0x01, 0x00, 0xfb,
  0x05, 0x00, 0xf6, 0xfb, 0x05, 0x37, 0xff, 0x00, 0x06, 0xfa, 0x06, 0x06,
  0xfa, 0x06, 0x37, 0x37, 0x37, 0x37, 0x37, 0x37, 0x37, 0x37, 0x37, 0x37,
  0x37, 0x37, 0x37, 0x37, 0x37, 0x37, 0x37, 0x37, 0x37, 0x37, 0x37, 0x37,
  0x37, 0x37, 0x37, 0x37, 0x37, 0x37, 0x37, 0x37, 0x37, 0x37, 0x37, 0x37,
  0x37, 0x37, 0x37, 0x37, 0x37, 0x37, 0x37, 0x37, 0x37, 0xff, 0x00, 0xff,
  0x00, 0x03, 0x00, 0x01, 0x00, 0xfc, 0x01, 0x04, 0x00, 0x00, 0xfe, 0x37,
  0xfc, 0x03, 0x00, 0x01, 0x04, 0xff, 0x00, 0x01, 0x00, 0xfb, 0x00, 0xff,
  0x00, 0xff, 0x37, 0xff, 0x03, 0xff, 0x00, 0xff, 0x00, 0xff, 0x00, 0x04,
  0xfc, 0x00, 0xff, 0x01, 0x01, 0x37, 0x00, 0x03, 0x00, 0x01, 0xfb, 0xff,
  0x37, 0x01, 0x03, 0x37, 0x37, 0x37, 0x37, 0x37, 0x37, 0x37, 0x37, 0x37,
  0x37, 0x37, 0x37, 0x37, 0x37, 0x37, 0x37, 0x37, 0x37, 0x37, 0x37, 0x37,
  0x37, 0x37, 0x37, 0x37, 0x37, 0x37, 0x37, 0x37, 0x37, 0x37, 0x37, 0x37,
  0x37, 0x37, 0x37, 0x37, 0x37, 0x37, 0x37, 0x37, 0x37, 0xff, 0xff, 0x00,
  0x02, 0x02, 0x00, 0x00, 0xfe, 0x01, 0xff, 0xfc, 0x04, 0x37, 0xff, 0x01,
  0x05, 0xff, 0x01, 0xfb, 0xfb, 0x01, 0x37, 0x05, 0x00, 0xfb, 0xff, 0xff,
  0x00, 0x00, 0x05, 0x05, 0x01, 0x01, 0x00, 0x37, 0x00, 0xff, 0xff, 0xfb,
  0xfb, 0x01, 0x01, 0x05, 0x37, 0x37, 0x37, 0x37, 0x37, 0x37, 0x37, 0x37,
  0x37, 0x37, 0x37, 0x37, 0x37, 0x37, 0x37, 0x37, 0x37, 0x37, 0x37, 0x37,
  0x37, 0x37, 0x37, 0x37, 0x37, 0x37, 0x37, 0x37, 0x37, 0x37, 0x37, 0x37,
  0x37, 0x37, 0x37, 0x37, 0x37, 0x37, 0x37, 0x37, 0x37, 0x37, 0x37, 0x37,
  0x37, 0x37, 0x37, 0x37, 0x37, 0x37, 0x37, 0x37, 0x37, 0x00, 0x01, 0xff,
  0x00, 0x02, 0x00, 0x00, 0xfe, 0xff, 0x00, 0xff, 0x00, 0x01, 0xff, 0x37,
  0x00, 0xff, 0x00, 0xff, 0x00, 0xff, 0x00, 0xff, 0x00, 0xff, 0xff, 0x01,
  0x02, 0x00, 0x37, 0x00, 0xff, 0x01, 0x00, 0xfc, 0x00, 0x01, 0x00, 0xfe,
  0x01, 0x06, 0x00, 0xfb, 0x00, 0x37, 0x04, 0x00, 0x02, 0x01, 0xff, 0x00,
  0xff, 0x00, 0xfc, 0x00, 0xff, 0x00, 0xff, 0x00, 0x37, 0x00, 0x01, 0x01,
  0x00, 0x00, 0x01, 0x07, 0xff, 0xff, 0x00, 0x00, 0x01, 0xfb, 0x00, 0x37,
  0x00, 0xff, 0x01, 0x00, 0x00, 0xff, 0x02, 0x00, 0x00, 0x01, 0x01, 0x00,
  0x00, 0x01, 0x37, 0x37, 0x37, 0x37, 0x37, 0x37, 0x37, 0x01, 0x01, 0xfe,
  0x00, 0xff, 0x01, 0x04, 0x00, 0xfe, 0x00, 0x00, 0x01, 0x00, 0xfa, 0x37,
  0x00, 0x02, 0x01, 0xff, 0xfe, 0x00, 0xff, 0x01, 0x04, 0x00, 0x01, 0x04,
  0xfa, 0x00, 0x37, 0x02, 0xfd, 0x02, 0x00, 0xff, 0xfe, 0x37, 0x37, 0x37,
  0x37, 0x37, 0x37, 0x37, 0x37, 0x37, 0x37, 0x37, 0x37, 0x37, 0x37, 0x37,
  0x37, 0x37, 0x37, 0x37, 0x37, 0x37, 0x37, 0x37, 0x37, 0x37, 0x37, 0x37,
  0x37, 0x37, 0x37, 0x37, 0x37, 0x37, 0x37, 0x37, 0x37, 0x37, 0x37, 0x37,
  0x37, 0x37, 0x37, 0x37, 0x37, 0x37, 0x37, 0x37, 0x37, 0x37, 0x37, 0x37,
  0x37, 0x37, 0x37, 0x37, 0x37, 0x37, 0x37, 0x37, 0x37, 0xff, 0x00, 0x00,
  0xff, 0x01, 0x00, 0x01, 0x00, 0x00, 0x01, 0xff, 0x01, 0x37, 0x02, 0xfe,
  0x00, 0xff, 0xff, 0x00, 0xfe, 0x00, 0xff, 0x00, 0x00, 0x01, 0x37, 0x00,
  0xfe, 0x04, 0x00, 0x01, 0x02, 0x00, 0xff, 0xfa, 0x00, 0x00, 0x01, 0x37,
  0x01, 0x01, 0x04, 0x00, 0xff, 0x01, 0xfe, 0x00, 0x01, 0x01, 0x37, 0x37,
  0x37, 0x37, 0x37, 0x37, 0x37, 0x37, 0x37, 0x37, 0x37, 0x37, 0x37, 0x37,
  0x37, 0x37, 0x37, 0x37, 0x37, 0x37, 0x37, 0x37, 0x37, 0x37, 0x37, 0x37,
  0x37, 0x37, 0x37, 0x37, 0x37, 0x37, 0x37, 0x37, 0x37, 0x37, 0x37, 0x37,
  0x37, 0x37, 0x37, 0x37, 0x37, 0x37, 0x37, 0x37, 0x37, 0xff, 0x00, 0x02,
  0x00, 0xff, 0xff, 0x00, 0x02, 0x37, 0xff, 0xfe, 0x00, 0x02, 0x02, 0x00,
  0x00, 0xfe, 0x37, 0xff, 0xff, 0xfe, 0x02, 0x04, 0x00, 0xfe, 0x02, 0x37,
  0x00, 0x01, 0x00, 0xfa, 0xfd, 0x03, 0x06, 0x00, 0x37, 0x00, 0xff, 0xfe,
  0xfe, 0xfc, 0x04, 0x02, 0x02, 0x37, 0x02, 0x00, 0xfc, 0xfc, 0x02, 0xfe,
  0x04, 0x04, 0x37, 0x37, 0x37, 0x37, 0x37, 0x37, 0x37, 0x37, 0x37, 0x37,
  0x37, 0x37, 0x37, 0x37, 0x37, 0x37, 0x37, 0x37, 0x37, 0x37, 0x37, 0x37,
  0x37, 0x37, 0x37, 0x37, 0x37, 0x37, 0x37, 0x37, 0x37, 0x37, 0x37, 0x37,
  0x37, 0x37, 0x37, 0x37, 0x37, 0x37, 0x37, 0x37, 0x37, 0x02, 0x02, 0xfc,
  0xfc, 0x37, 0x00, 0x03, 0x04, 0xfe, 0x37, 0x02, 0x05, 0xf8, 0xf8, 0x37,
  0x00, 0x06, 0x08, 0xfc, 0x37, 0x02, 0x08, 0xf4, 0xf4, 0x37, 0x00, 0x09,
  0x0c, 0xfa, 0x37, 0x37, 0x37, 0x37, 0x37, 0x37, 0x37, 0x37, 0x37, 0x37,
  0x37, 0x37, 0x37, 0x37, 0x37, 0x37, 0x37, 0x37, 0x37, 0x37, 0x37, 0x37,
  0x37, 0x37, 0x37, 0x37, 0x37, 0x37, 0x37, 0x37, 0x37, 0x37, 0x37, 0x37,
  0x37, 0x37, 0x37, 0x37, 0x37, 0x37, 0x37, 0x37, 0x37, 0x37, 0x37, 0x37,
  0x37, 0x37, 0x37, 0x37, 0x37, 0x37, 0x37, 0x37, 0x37, 0x37, 0x37, 0x37,
  0x37, 0x37, 0x37, 0x37, 0x37, 0x37, 0x37, 0x37, 0x37, 0xff, 0x00, 0xff,
  0x00, 0x03, 0x00, 0x01, 0x00, 0x01, 0x00, 0xfb, 0x01, 0x04, 0x00, 0x37,
  0xfc, 0x01, 0x04, 0x00, 0xfd, 0xfd, 0x01, 0x00, 0x01, 0x00, 0x03, 0x00,
  0x00, 0xff, 0x37, 0xff, 0xff, 0x00, 0x02, 0xff, 0x00, 0xff, 0xff, 0xff,
  0x00, 0xff, 0x00, 0xff, 0x01, 0x37, 0x00, 0x04, 0x04, 0x00, 0xfe, 0xfa,
  0x03, 0xff, 0x00, 0xff, 0x01, 0x01, 0x01, 0x00, 0x37, 0xfa, 0x05, 0xff,
  0x03, 0x04, 0x00, 0x37, 0x37, 0x37, 0x37, 0x37, 0x37, 0x37, 0x37, 0x37,
  0x37, 0x37, 0x37, 0x37, 0x37, 0x37, 0x37, 0x37, 0x37, 0x37, 0x37, 0x37,
  0x37, 0x37, 0x37, 0x37, 0x37, 0x37, 0x37, 0x37, 0x37, 0x00, 0xff, 0x00,
  0xff, 0xff, 0x02, 0x02, 0x00, 0xff, 0x01, 0x00, 0x01, 0x37, 0xff, 0x01,
  0x02, 0x00, 0x00, 0xfa, 0xfe, 0x00, 0xff, 0x02, 0x04, 0x00, 0x37, 0x00,
  0x02, 0xfc, 0x00, 0x00, 0x03, 0x04, 0x00, 0x00, 0xf8, 0xfc, 0x00, 0x37,
  0xff, 0x02, 0x06, 0x00, 0xfe, 0x07, 0xfe, 0x00, 0x00, 0xf6, 0x02, 0x00,
  0x37, 0xff, 0xff, 0x00, 0x0c, 0x03, 0xfc, 0xfa, 0x00, 0x37, 0xff, 0xff,
  0x00, 0xfe, 0x08, 0x00, 0x00, 0x02, 0x01, 0xff, 0xf6, 0x00, 0x37, 0x37,
  0x37, 0x37, 0x37, 0x37, 0x37, 0x37, 0x37, 0x37, 0x37, 0x37, 0x37, 0x37,
  0x37, 0x37, 0x37, 0x37, 0x37, 0x37, 0x37, 0x37, 0x37, 0x00, 0xff, 0x00,
  0xff, 0x00, 0xff, 0x00, 0xff, 0x00, 0xff, 0x00, 0xff, 0x00, 0xff, 0x37,
  0x00, 0x08, 0x01, 0xff, 0x01, 0xff, 0x01, 0xff, 0x01, 0xff, 0x01, 0xff,
  0x37, 0xfc, 0x05, 0x01, 0x00, 0x01, 0x00, 0x01, 0x00, 0x37, 0xfd, 0x01,
  0x01, 0x01, 0x01, 0x01, 0x37, 0xfd, 0xfe, 0x00, 0x01, 0x37, 0xff, 0xff,
  0x37, 0x37, 0x37, 0x37, 0x37, 0x37, 0x37, 0x37, 0x37, 0x37, 0x37, 0x37,
  0x37, 0x37, 0x37, 0x37, 0x37, 0x37, 0x37, 0x37, 0x37, 0x37, 0x37, 0x37,
  0x37, 0x37, 0x37, 0x37, 0x37, 0x37, 0x37, 0x37, 0x37, 0x37, 0x37, 0x37,
  0x37, 0x37, 0x37, 0x37, 0x37, 0x37, 0x37, 0x37, 0x37, 0xff, 0x00, 0x02,
  0x00, 0x37, 0x01, 0x00, 0xfc, 0x00, 0x37, 0xff, 0x00, 0x06, 0x00, 0x37,
  0x01, 0x00, 0xf8, 0x00, 0x37, 0xff, 0x00, 0x0a, 0x00, 0x37, 0x01, 0x00,
  0xf4, 0x00, 0x37, 0x37, 0x37, 0x37, 0x37, 0x37, 0x37, 0x37, 0x37, 0x37,
  0x37, 0x37, 0x37, 0x37, 0x37, 0x37, 0x37, 0x37, 0x37, 0x37, 0x37, 0x37,
  0x37, 0x37, 0x37, 0x37, 0x37, 0x37, 0x37, 0x37, 0x37, 0x37, 0x37, 0x37,
  0x37, 0x37, 0x37, 0x37, 0x37, 0x37, 0x37, 0x37, 0x37, 0x37, 0x37, 0x37,
  0x37, 0x37, 0x37, 0x37, 0x37, 0x37, 0x37, 0x37, 0x37, 0x37, 0x37, 0x37,
  0x37, 0x37, 0x37, 0x37, 0x37, 0x37, 0x37, 0x37, 0x37, 0x37, 0x37, 0x37,
  0x37, 0x37, 0x37, 0x37, 0x37, 0x37, 0x37, 0x37, 0x37, 0x37, 0x37, 0x37,
  0x37, 0x37, 0x37, 0x37, 0x37, 0x37, 0x37, 0x37, 0x37, 0x37, 0x37, 0x37,
  0x37, 0x37, 0x37, 0x37, 0x37, 0x37, 0x37, 0x37, 0x37, 0x37, 0x37, 0x37,
  0x37, 0x37, 0x37, 0x37, 0x37, 0x37, 0x37, 0x37, 0x37, 0x37, 0x37, 0x37,
  0x37, 0x37, 0x37, 0x37, 0x37, 0x37, 0x37, 0x37, 0x37, 0x37, 0x37, 0x37,
  0x37, 0x37, 0x37, 0x37, 0x37, 0x37, 0x37, 0x37, 0x37, 0x37, 0x37, 0x37,
  0x37, 0x37, 0x37, 0x37, 0x37, 0x37, 0x37, 0x37, 0x37, 0x37, 0x37, 0x37,
  0x37, 0x37, 0x37, 0x37, 0x37, 0x37, 0x37, 0x37, 0x37, 0xfd, 0x00, 0x06,
  0x00, 0xfd, 0xfd, 0x00, 0x06, 0x37, 0x01, 0x00, 0x02, 0xfc, 0xfc, 0xfe,
  0xfe, 0x04, 0x37, 0x01, 0x01, 0x04, 0x00, 0x00, 0xfc, 0xfc, 0x00, 0x37,
  0xff, 0x01, 0x02, 0x04, 0x04, 0xfe, 0xfe, 0xfc, 0x37, 0x37, 0x37, 0x37,
  0x37, 0x37, 0x37, 0x37, 0x37, 0x37, 0x37, 0x37, 0x37, 0x37, 0x37, 0x37,
  0x37, 0x37, 0x37, 0x37, 0x37, 0x37, 0x37, 0x37, 0x37, 0x37, 0x37, 0x37,
  0x37, 0x37, 0x37, 0x37, 0x37, 0x37, 0x37, 0x37, 0x37, 0x37, 0x37, 0x37,
  0x37, 0x37, 0x37, 0x37, 0x37, 0x37, 0x37, 0x37, 0x37, 0x37, 0x37, 0x37,
  0x37, 0x37, 0x37, 0x37, 0x37, 0x37, 0x37, 0x37, 0x37, 0xff, 0x00, 0xff,
  0xff, 0xff, 0xff, 0x04, 0x02, 0x01, 0x01, 0x01, 0x01, 0x37, 0xfa, 0xfb,
  0x00, 0xff, 0x06, 0x07, 0x00, 0x01, 0xfb, 0xf7, 0x04, 0x0a, 0x37, 0xfd,
  0xf5, 0x02, 0x0c, 0xff, 0x00, 0xff, 0x00, 0x01, 0xf4, 0x01, 0x00, 0x37,
  0x01, 0x01, 0xfc, 0x0a, 0xff, 0xff, 0x06, 0xf8, 0xfa, 0x09, 0x00, 0x01,
  0x06, 0xf5, 0x37, 0x00, 0xff, 0xfc, 0x01, 0x02, 0x0a, 0xfd, 0xf9, 0x04,
  0x04, 0xff, 0xff, 0xfe, 0xfe, 0x37, 0xff, 0xfe, 0x00, 0xff, 0x04, 0x07,
  0x00, 0x01, 0x37, 0x37, 0x37, 0x37, 0x37, 0x37, 0x37, 0x37, 0x37, 0x37,
  0x37, 0x37, 0x37, 0x37, 0x37, 0x37, 0x37, 0x37, 0x37, 0x00, 0x00, 0x00,
  0x00, 0x00, 0x00, 0xf9, 0xad, 0x07, 0x00, 0x00, 0x01, 0x01, 0x01, 0x07,
  0xfe, 0x01, 0x01, 0x41, 0x61, 0xd1, 0x21, 0x71, 0xb1, 0xf1, 0x53, 0xb4,
  0x01, 0x23, 0x00, 0x65, 0x9f, 0x00, 0x00, 0x00, 0x00, 0x00, 0x00, 0xf9,
  0xad, 0x07, 0x00, 0x00, 0x01, 0x01, 0x10, 0x07, 0xfe, 0x03, 0x01, 0x41,
  0xf1, 0x41, 0xf1, 0x41, 0xf1, 0x41, 0x53, 0xb4, 0x02, 0x01, 0x01, 0xc5,
  0x9f, 0x00, 0x00, 0x00, 0x00, 0x00, 0x00, 0xf9, 0xad, 0x07, 0x00, 0x00,
  0x01, 0x01, 0x01, 0x07, 0xfe, 0x03, 0x01, 0x61, 0x31, 0x51, 0x61, 0x31,
  0x41, 0x61, 0x53, 0xb4, 0x02, 0x1e, 0x0d, 0x45, 0xa4, 0x00, 0x00, 0x00,
  0x00, 0x00, 0x00, 0xf9, 0xad, 0x07, 0x00, 0x00, 0x01, 0x01, 0x02, 0x07,
  0xfe, 0x03, 0x01, 0xd1, 0x61, 0xf1, 0x51, 0xb1, 0x91, 0x51, 0x53, 0xb4,
  0x02, 0x08, 0x0e, 0xa5, 0xa4, 0x00, 0x00, 0x00, 0x00, 0x00, 0x00, 0xf9,
  0xad, 0x07, 0x00, 0x00, 0x01, 0x01, 0x02, 0x07, 0xfe, 0x01, 0x03, 0x41,
  0x31, 0xf1, 0x31, 0x41, 0xf1, 0x41, 0x53, 0xb4, 0x02, 0x23, 0x08, 0x65,
  0xa2, 0x00, 0x00, 0x00, 0x00, 0x00, 0x00, 0x56, 0xb4, 0x07, 0x01, 0x00,
  0x01, 0x01, 0x03, 0x07, 0xfe, 0x03, 0x01, 0xd1, 0x41, 0x71, 0x31, 0xb1,
  0x81, 0x61, 0x54, 0xb4, 0x02, 0x1e, 0x0d, 0x45, 0xa4, 0x00, 0x00, 0x00,
  0x00, 0x00, 0x00, 0xf9, 0xad, 0x07, 0x00, 0x00, 0x00, 0x01, 0x01, 0x07,
  0xfe, 0x04, 0x04, 0xd1, 0x41, 0x71, 0x31, 0xb1, 0x81, 0x61, 0x53, 0xb4,
  0x02, 0x2a, 0x08, 0x65, 0xa2, 0x00, 0x00, 0x00, 0x00, 0x00, 0x00, 0xf9,
  0xad, 0x07, 0x00, 0x00, 0x00, 0x01, 0x02, 0x07, 0xfe, 0x04, 0x01, 0xb1,
  0x31, 0x51, 0xd1, 0x91, 0x81, 0xb1, 0x53, 0xb4, 0x01, 0x29, 0x0c, 0xe5,
  0xa3, 0x00, 0x00, 0x00, 0x00, 0x00, 0x00, 0x07, 0x03, 0x03, 0xe5, 0xa0,
  0x00, 0x0e, 0x13, 0xff, 0xff, 0xff, 0xff, 0xff, 0xff, 0xff, 0xff, 0xff,
  0xff, 0xff, 0xff, 0xff, 0xff, 0xff, 0xff, 0xff, 0xff, 0xff, 0xff, 0xff,
  0xff, 0xff, 0xff, 0xff, 0xff, 0xff, 0xff, 0xff, 0xff, 0xff, 0xff, 0xff,
  0xff, 0xff, 0xff, 0xff, 0xff, 0xff, 0xff, 0xff, 0xff, 0xff, 0xff, 0xff,
  0xff, 0xff, 0xff, 0xff, 0xff, 0xff, 0xff, 0xff, 0xff, 0xff, 0xff, 0xff,
  0xff, 0xff, 0xff, 0xff, 0xff, 0xff, 0xff, 0xff, 0xff, 0xff, 0xff, 0xff,
  0xff, 0xff, 0xff, 0xff, 0xff, 0xff, 0xff, 0xff, 0xff, 0xff, 0xff, 0xff,
  0xff, 0xff, 0xff, 0xff, 0xff, 0xff, 0xff, 0xff, 0xff, 0xff, 0xff, 0xff,
  0xff, 0xff, 0xff, 0xff, 0xff, 0xff, 0xff, 0xff, 0xff, 0xff, 0xff, 0xff,
  0xff, 0xff, 0xff, 0xff, 0xff, 0xff, 0xff, 0xff, 0xff, 0xff, 0xff, 0xff,
  0xff, 0xff, 0xff, 0x07, 0x03, 0x03, 0x05, 0xa5, 0x00, 0x1b, 0x0f, 0xff,
  0xff, 0xff, 0xff, 0xff, 0xff, 0xff, 0xff, 0xff, 0xff, 0xff, 0xff, 0xff,
  0xff, 0xff, 0xff, 0xff, 0xff, 0xff, 0xff, 0xff, 0xff, 0xff, 0xff, 0xff,
  0xff, 0xff, 0xff, 0xff, 0xff, 0xff, 0xff, 0xff, 0xff, 0xff, 0xff, 0xff,
  0xff, 0xff, 0xff, 0xff, 0xff, 0xff, 0xff, 0xff, 0xff, 0xff, 0xff, 0xff,
  0xff, 0xff, 0xff, 0xff, 0xff, 0xff, 0xff, 0xff, 0xff, 0xff, 0xff, 0xff,
  0xff, 0xff, 0xff, 0xff, 0xff, 0xff, 0xff, 0xff, 0xff, 0xff, 0xff, 0xff,
  0xff, 0xff, 0xff, 0xff, 0xff, 0xff, 0xff, 0xff, 0xff, 0xff, 0xff, 0xff,
  0xff, 0xff, 0xff, 0xff, 0xff, 0xff, 0xff, 0xff, 0xff, 0xff, 0xff, 0xff,
  0xff, 0xff, 0xff, 0xff, 0xff, 0xff, 0xff, 0xff, 0xff, 0xff, 0xff, 0xff,
  0xff, 0xff, 0xff, 0xff, 0xff, 0xff, 0xff, 0xff, 0xff, 0xff, 0xff, 0x07,
  0x01, 0x01, 0x25, 0xa0, 0x01, 0x0b, 0x10, 0x07, 0x01, 0x01, 0x25, 0xa0,
  0x01, 0x07, 0x07, 0xff, 0xff, 0xff, 0xff, 0xff, 0xff, 0xff, 0xff, 0xff,
  0xff, 0xff, 0xff, 0xff, 0xff, 0xff, 0xff, 0xff, 0xff, 0xff, 0xff, 0xff,
  0xff, 0xff, 0xff, 0xff, 0xff, 0xff, 0xff, 0xff, 0xff, 0xff, 0xff, 0xff,
  0xff, 0xff, 0xff, 0xff, 0xff, 0xff, 0xff, 0xff, 0xff, 0xff, 0xff, 0xff,
  0xff, 0xff, 0xff, 0xff, 0xff, 0xff, 0xff, 0xff, 0xff, 0xff, 0xff, 0xff,
  0xff, 0xff, 0xff, 0xff, 0xff, 0xff, 0xff, 0xff, 0xff, 0xff, 0xff, 0xff,
  0xff, 0xff, 0xff, 0xff, 0xff, 0xff, 0xff, 0xff, 0xff, 0xff, 0xff, 0xff,
  0xff, 0xff, 0xff, 0xff, 0xff, 0xff, 0xff, 0xff, 0xff, 0xff, 0xff, 0xff,
  0xff, 0xff, 0xff, 0xff, 0xff, 0xff, 0xff, 0xff, 0xff, 0xff, 0xff, 0xff,
  0xff, 0xff, 0xff, 0xff, 0xff, 0xff, 0xff, 0x07, 0x01, 0x01, 0x05, 0xa2,
  0x03, 0x0c, 0x04, 0x07, 0x01, 0x01, 0x05, 0xa2, 0x03, 0x08, 0x04, 0x07,
  0x01, 0x01, 0x05, 0xa2, 0x03, 0x04, 0x04, 0x07, 0x01, 0x01, 0x05, 0xa2,
  0x03, 0x04, 0x08, 0xff, 0xff, 0xff, 0xff, 0xff, 0xff, 0xff, 0xff, 0xff,
  0xff, 0xff, 0xff, 0xff, 0xff, 0xff, 0xff, 0xff, 0xff, 0xff, 0xff, 0xff,
  0xff, 0xff, 0xff, 0xff, 0xff, 0xff, 0xff, 0xff, 0xff, 0xff, 0xff, 0xff,
  0xff, 0xff, 0xff, 0xff, 0xff, 0xff, 0xff, 0xff, 0xff, 0xff, 0xff, 0xff,
  0xff, 0xff, 0xff, 0xff, 0xff, 0xff, 0xff, 0xff, 0xff, 0xff, 0xff, 0xff,
  0xff, 0xff, 0xff, 0xff, 0xff, 0xff, 0xff, 0xff, 0xff, 0xff, 0xff, 0xff,
  0xff, 0xff, 0xff, 0xff, 0xff, 0xff, 0xff, 0xff, 0xff, 0xff, 0xff, 0xff,
  0xff, 0xff, 0xff, 0xff, 0xff, 0xff, 0xff, 0xff, 0xff, 0xff, 0xff, 0xff,
  0xff, 0xff, 0xff, 0x07, 0x07, 0x0a, 0x0c, 0x0e, 0x12, 0xff, 0xff, 0xff,
  0xff, 0xff, 0xff, 0xff, 0xff, 0xff, 0xff, 0xff, 0xff, 0xff, 0xff, 0xff,
  0xff, 0xff, 0xff, 0xff, 0xff, 0xff, 0xff, 0xff, 0xff, 0xff, 0xff, 0xff,
  0xff, 0xff, 0xff, 0xff, 0xff, 0xff, 0xff, 0xff, 0xff, 0xff, 0xff, 0xff,
  0xff, 0xff, 0xff, 0xff, 0xff, 0xff, 0xff, 0xff, 0xff, 0xff, 0xff, 0xff,
  0xff, 0xff, 0xff, 0xff, 0xff, 0xff, 0xff, 0xff, 0xff, 0xff, 0xff, 0xff,
  0xff, 0xff, 0xff, 0xff, 0xff, 0xff, 0xff, 0xff, 0xff, 0xff, 0xff, 0xff,
  0xff, 0xff, 0xff, 0xff, 0xff, 0xff, 0xff, 0xff, 0xff, 0xff, 0xff, 0xff,
  0xff, 0xff, 0xff, 0xff, 0xff, 0xff, 0xff, 0xff, 0xff, 0xff, 0xff, 0xff,
  0xff, 0xff, 0xff, 0xff, 0xff, 0xff, 0xff, 0xff, 0xff, 0xff, 0xff, 0xff,
  0xff, 0xff, 0xff, 0xff, 0xff, 0xff, 0xff, 0xff, 0xff, 0xff, 0xff, 0xff,
  0xff, 0xff, 0xff, 0xff, 0xff, 0xff, 0xff, 0xff, 0xff, 0xff, 0xff, 0xff,
  0xff, 0xff, 0xff, 0xff, 0xff, 0xff, 0xff, 0xff, 0xff, 0xff, 0xff, 0xff,
  0xff, 0xff, 0xff, 0xff, 0xff, 0xff, 0xff, 0xff, 0xff, 0xff, 0xff, 0xff,
  0xff, 0xff, 0xff, 0xff, 0xff, 0xff, 0xff, 0xff, 0xff, 0xff, 0xff, 0xff,
  0xff, 0xff, 0xff, 0xff, 0xff, 0xff, 0xff, 0xff, 0xff, 0xff, 0xff, 0xff,
  0xff, 0xff, 0xff, 0xff, 0xff, 0xff, 0xff, 0xff, 0xff, 0xff, 0xff, 0xff,
  0xff, 0xff, 0xff, 0xff, 0xff, 0xff, 0xff, 0xff, 0xff, 0xff, 0xff, 0xff,
  0xff, 0xff, 0xff, 0xff, 0xff, 0xff, 0xff, 0xff, 0xff, 0xff, 0xff, 0xff,
  0xff, 0xff, 0xff, 0xff, 0xff, 0xff, 0xff, 0xff, 0xff, 0xff, 0xff, 0xff,
  0xff, 0xff, 0xff, 0xff, 0xff, 0xff, 0xff, 0xff, 0xff, 0xff, 0xff, 0xff,
  0xff, 0xff, 0xff, 0xff, 0xff, 0xff, 0xff, 0xff, 0xff, 0x00, 0x00, 0x07,
  0x03, 0x03, 0xc5, 0x9f, 0x01, 0x00, 0x00, 0x00, 0x00, 0x00, 0x00, 0x00,
  0x00, 0x11, 0xb1, 0x31, 0x51, 0xd1, 0x91, 0x81, 0xb1, 0x11, 0xf1, 0x04,
  0x37, 0x28, 0x00, 0xc5, 0xe5, 0x3a, 0x87, 0xa9, 0x57, 0xcb, 0x57, 0x28,
  0x11, 0xcd, 0xc6, 0xa9, 0x3e, 0x15, 0x95, 0x6f, 0x3e, 0x1f, 0x94, 0x67,
  0xcd, 0xc6, 0xa9, 0xe1, 0xc1, 0xc9, 0xcd, 0xc6, 0xa9, 0x7a, 0xee, 0x01,
  0x57, 0xcb, 0x47, 0x20, 0x07, 0x3e, 0x1f, 0x94, 0x67, 0xcd, 0xc6, 0xa9,
  0x7a, 0xee, 0x03, 0x57, 0xcb, 0x4f, 0x20, 0xe3, 0x3e, 0x15, 0x95, 0x6f,
  0x18, 0xe0, 0xd5, 0xe5, 0x7d, 0xfe, 0x16, 0x30, 0x21, 0x7c, 0xfe, 0x20,
  0x30, 0x1c, 0x26, 0x00, 0x29, 0x29, 0x29, 0x29, 0x29, 0xb5, 0x6f, 0x7c,
  0xf6, 0x18, 0x67, 0xcd, 0x4a, 0x00, 0x5f, 0x3a, 0x8a, 0xa9, 0x3c, 0xbb,
  0x38, 0x04, 0x3d, 0xcd, 0x4d, 0x00, 0xe1, 0xd1, 0xc9, 0x29, 0x29, 0x29,
  0x29, 0x29, 0xb5, 0x6f, 0x7c, 0xf6, 0x18, 0x67, 0x7b, 0xcd, 0x4d, 0x00,
  0xc9, 0x21, 0xb8, 0x88, 0x11, 0xb9, 0x88, 0x01, 0x24, 0x13, 0x36, 0xff,
  0xed, 0xb0, 0xcd, 0x1c, 0xaa, 0xcd, 0x1e, 0xb2, 0xcd, 0x5a, 0xb2, 0xcd,
  0x58, 0xb4, 0x18, 0x11, 0x21, 0x65, 0x9d, 0x11, 0x66, 0x9d, 0x36, 0xff,
  0x01, 0xff, 0x01, 0xed, 0xb0, 0xcd, 0x87, 0x9c, 0xc9, 0x2a, 0xb4, 0xb6,
  0x3a, 0xb3, 0xb6, 0x5c, 0xcd, 0xf1, 0xa9, 0x2a, 0xb0, 0xb6, 0x22, 0xb3,
  0xb6, 0x7d, 0x6c, 0x63, 0x1e, 0x09, 0xcd, 0xf1, 0xa9, 0xcd, 0x24, 0xae,
  0xc3, 0x4b, 0xaa, 0xcd, 0x9c, 0x00, 0x28, 0xdd, 0xcd, 0x9f, 0x00, 0xfe,
  0x46, 0xca, 0x7b, 0xb1, 0xfe, 0x66, 0xca, 0x49, 0xb1, 0xfe, 0x73, 0xca,
  0x37, 0xab, 0xfe, 0x67, 0xca, 0x00, 0xad, 0xfe, 0x64, 0xca, 0xa2, 0xab,
  0xfe, 0x74, 0xca, 0xe7, 0xab, 0xfe, 0x68, 0xca, 0x14, 0xac, 0xfe, 0x70,
  0xca, 0x36, 0xac, 0xfe, 0x6f, 0xca, 0x57, 0xac, 0xfe, 0x62, 0xca, 0x78,
  0xac, 0xfe, 0x6b, 0xca, 0xc7, 0xab, 0xfe, 0x6c, 0xca, 0x98, 0xac, 0xfe,
  0x6e, 0xca, 0xdd, 0xac, 0xfe, 0x4d, 0xca, 0xf6, 0xae, 0xfe, 0x20, 0xca,
  0xab, 0xae, 0xfe, 0x6a, 0xca, 0xc1, 0xaf, 0xfe, 0x69, 0xca, 0x15, 0xb2,
  0xfe, 0x72, 0xca, 0xbd, 0xb5, 0xfe, 0x52, 0xca, 0xae, 0xb5, 0xfe, 0x7a,
  0xca, 0x4e, 0xb0, 0xfe, 0x78, 0xca, 0x4e, 0xb0, 0xfe, 0x63, 0xca, 0x4e,
  0xb0, 0xfe, 0x76, 0xca, 0x4e, 0xb0, 0xfe, 0x5a, 0xca, 0x4e, 0xb0, 0xfe,
  0x58, 0xca, 0x4e, 0xb0, 0xfe, 0x43, 0xca, 0x4e, 0xb0, 0xfe, 0x56, 0xca,
  0x4e, 0xb0, 0xfe, 0x31, 0x38, 0x05, 0xfe, 0x39, 0xda, 0x7f, 0xb2, 0xfe,
  0x21, 0x38, 0x05, 0xfe, 0x29, 0xda, 0x7f, 0xb2, 0xfe, 0x61, 0xca, 0x45,
  0xb3, 0xfe, 0x79, 0x28, 0x03, 0xc3, 0x2d, 0xaa, 0xc3, 0xe0, 0x9c, 0x21,
  0x00, 0x00, 0x2b, 0x22, 0xfc, 0xaa, 0x7c, 0xb5, 0xc2, 0x2d, 0xaa, 0x21,
  0x4b, 0xaa, 0x22, 0x49, 0xaa, 0x11, 0x00, 0x17, 0xcd, 0x2b, 0x9d, 0x20,
  0x20, 0x20, 0x20, 0x20, 0x20, 0x20, 0x20, 0x20, 0x20, 0x20, 0x20, 0x20,
  0x20, 0x20, 0x20, 0x20, 0x20, 0x20, 0x20, 0x20, 0x20, 0x20, 0x20, 0x20,
  0x20, 0x20, 0x20, 0x20, 0x20, 0x20, 0x20, 0x2a, 0xc3, 0x2d, 0xaa, 0x3a,
  0xfc, 0xad, 0x3c, 0xfe, 0x05, 0x38, 0x01, 0xaf, 0x32, 0xfc, 0xad, 0x21,
  0x64, 0xab, 0x3c, 0x47, 0x7e, 0xfe, 0x2a, 0x23, 0x20, 0xfa, 0x10, 0xf8,
  0x11, 0x00, 0x17, 0xcd, 0x31, 0x9d, 0x3e, 0x02, 0x32, 0xfd, 0xaa, 0x21,
  0xfb, 0xaa, 0x22, 0x49, 0xaa, 0xc3, 0x2d, 0xaa, 0x2a, 0x4e, 0x4f, 0x20,
  0x53, 0x59, 0x4d, 0x4d, 0x45, 0x54, 0x52, 0x59, 0x2a, 0x59, 0x20, 0x53,
  0x59, 0x4d, 0x4d, 0x45, 0x54, 0x52, 0x59, 0x2a, 0x58, 0x20, 0x53, 0x59,
  0x4d, 0x4d, 0x45, 0x54, 0x52, 0x59, 0x2a, 0x51, 0x55, 0x41, 0x44, 0x20,
  0x53, 0x59, 0x4d, 0x4d, 0x45, 0x54, 0x52, 0x59, 0x2a, 0x58, 0x2d, 0x59,
  0x20, 0x53, 0x59, 0x4d, 0x4d, 0x45, 0x54, 0x52, 0x59, 0x2a, 0x11, 0x00,
  0x17, 0xcd, 0x2b, 0x9d, 0x53, 0x4d, 0x4f, 0x4f, 0x54, 0x48, 0x49, 0x4e,
  0x47, 0x20, 0x44, 0x45, 0x4c, 0x41, 0x59, 0x2a, 0x21, 0x87, 0xb5, 0x22,
  0x95, 0xad, 0x21, 0x8b, 0xad, 0x22, 0x49, 0xaa, 0xc3, 0x2d, 0xaa, 0x11,
  0x00, 0x17, 0xcd, 0x2b, 0x9d, 0x4c, 0x49, 0x4e, 0x45, 0x20, 0x57, 0x49,
  0x44, 0x54, 0x48, 0x2a, 0x21, 0x56, 0xb4, 0x22, 0x3c, 0xad, 0x21, 0x32,
  0xad, 0x22, 0x49, 0xaa, 0xc3, 0x2d, 0xaa, 0x11, 0x00, 0x17, 0x3a, 0xa0,
  0xb5, 0xee, 0x01, 0x32, 0xa0, 0xb5, 0xf5, 0xcd, 0x2b, 0x9d, 0x54, 0x52,
  0x41, 0x43, 0x4b, 0x49, 0x4e, 0x47, 0x20, 0x4f, 0x4e, 0x2a, 0xf1, 0xcd,
  0x25, 0xad, 0x3e, 0x02, 0x32, 0xfd, 0xaa, 0x21, 0xfb, 0xaa, 0x22, 0x49,
  0xaa, 0xc3, 0x2d, 0xaa, 0x11, 0x00, 0x17, 0xcd, 0x2b, 0x9d, 0x43, 0x55,
  0x52, 0x53, 0x4f, 0x52, 0x20, 0x53, 0x50, 0x45, 0x45, 0x44, 0x2a, 0x21,
  0x51, 0xb4, 0x22, 0x3c, 0xad, 0x21, 0x32, 0xad, 0x22, 0x49, 0xaa, 0xc3,
  0x2d, 0xaa, 0x11, 0x00, 0x17, 0xcd, 0x2b, 0x9d, 0x50, 0x55, 0x4c, 0x53,
  0x45, 0x20, 0x53, 0x50, 0x45, 0x45, 0x44, 0x2a, 0x21, 0x5b, 0xb5, 0x22,
  0x95, 0xad, 0x21, 0x8b, 0xad, 0x22, 0x49, 0xaa, 0xc3, 0x2d, 0xaa, 0x11,
  0x00, 0x17, 0xcd, 0x2b, 0x9d, 0x50, 0x55, 0x4c, 0x53, 0x45, 0x20, 0x57,
  0x49, 0x44, 0x54, 0x48, 0x2a, 0x21, 0x60, 0xb5, 0x22, 0x95, 0xad, 0x21,
  0x8b, 0xad, 0x22, 0x49, 0xaa, 0xc3, 0x2d, 0xaa, 0x11, 0x00, 0x17, 0xcd,
  0x2b, 0x9d, 0x42, 0x41, 0x53, 0x45, 0x20, 0x4c, 0x45, 0x56, 0x45, 0x4c,
  0x2a, 0x21, 0x53, 0xb4, 0x22, 0x3c, 0xad, 0x21, 0x32, 0xad, 0x22, 0x49,
  0xaa, 0xc3, 0x2d, 0xaa, 0x11, 0x00, 0x17, 0x3a, 0x55, 0xb4, 0xee, 0x01,
  0x32, 0x55, 0xb4, 0xf5, 0xcd, 0x2b, 0x9d, 0x4c, 0x49, 0x4e, 0x45, 0x20,
  0x4d, 0x4f, 0x44, 0x45, 0x20, 0x4f, 0x4e, 0x2a, 0xf1, 0xd5, 0x21, 0x54,
  0xb4, 0x11, 0x56, 0xb4, 0x20, 0x06, 0x21, 0x53, 0xb4, 0x11, 0xf9, 0xad,
  0x22, 0x82, 0xb5, 0xeb, 0x22, 0x8d, 0xb5, 0xd1, 0xcd, 0x25, 0xad, 0x3e,
  0x02, 0x32, 0xfd, 0xaa, 0x21, 0xfb, 0xaa, 0x22, 0x49, 0xaa, 0xc3, 0x2d,
  0xaa, 0x11, 0x00, 0x17, 0xcd, 0x2b, 0x9d, 0x42, 0x55, 0x46, 0x46, 0x45,
  0x52, 0x20, 0x4c, 0x45, 0x4e, 0x47, 0x54, 0x48, 0x2a, 0x21, 0x6a, 0xb5,
  0x22, 0x95, 0xad, 0x21, 0x8b, 0xad, 0x22, 0x49, 0xaa, 0xc3, 0x2d, 0xaa,
  0x11, 0x00, 0x17, 0xcd, 0x2b, 0x9d, 0x53, 0x45, 0x51, 0x55, 0x45, 0x4e,
  0x43, 0x45, 0x52, 0x20, 0x53, 0x50, 0x45, 0x45, 0x44, 0x2a, 0x21, 0xf1,
  0xb4, 0x22, 0x95, 0xad, 0x21, 0x8b, 0xad, 0x22, 0x49, 0xaa, 0xc3, 0x2d,
  0xaa, 0xc0, 0x7b, 0xd6, 0x10, 0x5f, 0xcd, 0x2b, 0x9d, 0x4f, 0x46, 0x46,
  0x2a, 0xc9, 0xcd, 0x3b, 0xad, 0xda, 0x2d, 0xaa, 0xc3, 0x07, 0xab, 0x3a,
  0x84, 0xa9, 0xf5, 0xcd, 0x9c, 0x00, 0x28, 0x1f, 0xcd, 0x9f, 0x00, 0xfe,
  0x0d, 0x28, 0x3c, 0xfe, 0x2c, 0x20, 0x08, 0xf1, 0xfe, 0x01, 0x28, 0x10,
  0x3d, 0x18, 0x0d, 0xfe, 0x2e, 0x20, 0x08, 0xf1, 0xfe, 0x07, 0x28, 0x04,
  0x3c, 0x18, 0x01, 0xf1, 0x2a, 0x3c, 0xad, 0x77, 0x21, 0x80, 0x17, 0x47,
  0xc5, 0x01, 0x08, 0x00, 0x3e, 0xff, 0xf5, 0xcd, 0x56, 0x00, 0xf1, 0x11,
  0x08, 0x00, 0x19, 0xc1, 0x10, 0xee, 0x01, 0x08, 0x00, 0xaf, 0xcd, 0x56,
  0x00, 0x37, 0xc9, 0xf1, 0x37, 0x3f, 0xc9, 0xcd, 0x94, 0xad, 0xda, 0x2d,
  0xaa, 0xc3, 0x07, 0xab, 0x3a, 0x5b, 0xb5, 0xf5, 0xcd, 0x9c, 0x00, 0x28,
  0x1f, 0xcd, 0x9f, 0x00, 0xfe, 0x0d, 0x28, 0x51, 0xfe, 0x2c, 0x20, 0x08,
  0xf1, 0xfe, 0x01, 0x28, 0x10, 0x3d, 0x18, 0x0d, 0xfe, 0x2e, 0x20, 0x08,
  0xf1, 0xfe, 0x3f, 0x28, 0x04, 0x3c, 0x18, 0x01, 0xf1, 0x2a, 0x95, 0xad,
  0x77, 0x21, 0x80, 0x17, 0xf5, 0xcb, 0x3f, 0xcb, 0x3f, 0xcb, 0x3f, 0xb7,
  0x28, 0x13, 0x47, 0xc5, 0x01, 0x08, 0x00, 0x3e, 0xff, 0xf5, 0xcd, 0x56,
  0x00, 0xf1, 0x11, 0x08, 0x00, 0x19, 0xc1, 0x10, 0xee, 0xf1, 0xe6, 0x07,
  0xca, 0xed, 0xad, 0x47, 0xaf, 0x37, 0x1f, 0x10, 0xfc, 0x01, 0x08, 0x00,
  0xcd, 0x56, 0x00, 0x37, 0xc9, 0xf1, 0x37, 0x3f, 0xc9, 0xe5, 0xa3, 0x0c,
  0x04, 0x01, 0x57, 0x7e, 0x23, 0x6e, 0x67, 0x3e, 0x08, 0x92, 0xd1, 0xe3,
  0x35, 0xe1, 0xd5, 0xf5, 0xcd, 0x8b, 0xa9, 0xf1, 0x3d, 0xc8, 0xf5, 0x0a,
  0x03, 0xfe, 0x37, 0x28, 0xf6, 0x84, 0x67, 0x0a, 0x85, 0x6f, 0x03, 0xcd,
  0x8b, 0xa9, 0x18, 0xef, 0x3a, 0x6a, 0xb5, 0x47, 0x3a, 0x88, 0xa9, 0x3c,
  0xe6, 0x3f, 0x32, 0x88, 0xa9, 0x6f, 0x26, 0x00, 0x29, 0x29, 0x29, 0x11,
  0x65, 0x9d, 0x19, 0x08, 0x7e, 0xfe, 0xff, 0x20, 0x0b, 0x3a, 0x6a, 0xb5,
  0x47, 0x08, 0xb8, 0xd0, 0x32, 0x89, 0xa9, 0xc9, 0xfe, 0xfe, 0x28, 0x26,
  0x32, 0x8a, 0xa9, 0x08, 0x23, 0x23, 0x7e, 0x3d, 0x77, 0xc0, 0x2b, 0x2b,
  0xe5, 0x23, 0x7e, 0x23, 0x77, 0x23, 0x4e, 0x23, 0x46, 0x23, 0x7e, 0x32,
  0x87, 0xa9, 0x23, 0x08, 0xb7, 0x20, 0x01, 0x3c, 0xcd, 0xfe, 0xad, 0xc9,
  0x18, 0xae, 0xe5, 0x23, 0x23, 0x7e, 0x3d, 0x77, 0x20, 0x2b, 0x2b, 0x7e,
  0x23, 0x77, 0x23, 0x46, 0x23, 0x23, 0x7e, 0x32, 0x87, 0xa9, 0x23, 0x5e,
  0x23, 0x34, 0x6e, 0x2d, 0x63, 0x04, 0x3e, 0x00, 0x32, 0x8a, 0xa9, 0xf5,
  0xcd, 0x8b, 0xa9, 0xf1, 0x3c, 0x2c, 0x10, 0xf4, 0x7d, 0xfe, 0x1d, 0x38,
  0x04, 0xe1, 0x36, 0xff, 0xc9, 0xe1, 0xc9, 0x3a, 0xfb, 0xad, 0x3c, 0xe6,
  0x0f, 0x32, 0xfb, 0xad, 0xf5, 0xd6, 0x0a, 0x2e, 0x31, 0x30, 0x04, 0x2e,
  0x20, 0xc6, 0x0a, 0xc6, 0x30, 0x67, 0x22, 0xd1, 0xae, 0x11, 0x00, 0x17,
  0xcd, 0x2b, 0x9d, 0x53, 0x48, 0x41, 0x50, 0x45, 0x20, 0x31, 0x32, 0x2a,
  0xf1, 0x6f, 0x26, 0x00, 0x29, 0x29, 0x29, 0xe5, 0xd1, 0x29, 0x19, 0x29,
  0x29, 0x11, 0x65, 0x9f, 0x19, 0x22, 0xf9, 0xad, 0x3e, 0x02, 0x32, 0xfd,
  0xaa, 0x21, 0xfb, 0xaa, 0x22, 0x49, 0xaa, 0xc3, 0x2d, 0xaa, 0x3e, 0x00,
  0x32, 0x87, 0xa9, 0x2a, 0xf9, 0xad, 0x36, 0x37, 0xe5, 0xd1, 0x13, 0x01,
  0x5f, 0x00, 0xed, 0xb0, 0x21, 0x10, 0x0a, 0x22, 0xb0, 0xb6, 0xcd, 0x1c,
  0xaa, 0xcd, 0x5a, 0xb2, 0x16, 0x06, 0x1e, 0x07, 0xd5, 0x7a, 0xc6, 0x30,
  0x32, 0x32, 0xaf, 0x11, 0x00, 0x17, 0xcd, 0x2b, 0x9d, 0x44, 0x45, 0x46,
  0x49, 0x4e, 0x45, 0x20, 0x4c, 0x45, 0x56, 0x45, 0x4c, 0x20, 0x31, 0x2a,
  0xd1, 0xd5, 0x2a, 0xf9, 0xad, 0xe5, 0xc1, 0x2e, 0x0a, 0x26, 0x10, 0x3e,
  0x08, 0x92, 0x32, 0x8a, 0xa9, 0xcd, 0x0b, 0xae, 0x3a, 0xbe, 0xaf, 0x57,
  0xcd, 0x6c, 0xb4, 0xe6, 0x10, 0x32, 0xbe, 0xaf, 0x28, 0x15, 0xba, 0x28,
  0x12, 0x3a, 0xb0, 0xb6, 0x94, 0x0b, 0x02, 0x3a, 0xb1, 0xb6, 0x95, 0x03,
  0x02, 0xd1, 0x1d, 0x28, 0x31, 0x18, 0xca, 0x2a, 0xb4, 0xb6, 0x3a, 0xb3,
  0xb6, 0x5c, 0xcd, 0xf1, 0xa9, 0x2a, 0xb0, 0xb6, 0x22, 0xb3, 0xb6, 0x7d,
  0x6c, 0x63, 0x1e, 0x09, 0xcd, 0xf1, 0xa9, 0xd1, 0x3a, 0xbf, 0xaf, 0x6f,
  0xcd, 0x9c, 0x00, 0x28, 0x03, 0xcd, 0x9f, 0x00, 0x32, 0xbf, 0xaf, 0xbd,
  0x28, 0x9f, 0xfe, 0x0d, 0x20, 0x9b, 0x15, 0x1e, 0x07, 0xc2, 0x18, 0xaf,
  0xcd, 0x1c, 0xaa, 0xcd, 0x5a, 0xb2, 0x11, 0x00, 0x17, 0xcd, 0x2b, 0x9d,
  0x20, 0x20, 0x20, 0x20, 0x20, 0x20, 0x20, 0x20, 0x20, 0x20, 0x20, 0x20,
  0x20, 0x20, 0x2a, 0xc3, 0x2d, 0xaa, 0x10, 0x0d, 0x07, 0xaf, 0x32, 0xc0,
  0xaf, 0x21, 0x14, 0xb0, 0x22, 0x49, 0xaa, 0x3e, 0x0e, 0x32, 0x5d, 0xad,
  0x3a, 0xc0, 0xaf, 0x3c, 0xfe, 0x08, 0x28, 0x62, 0x32, 0xc0, 0xaf, 0xf5,
  0xc6, 0x30, 0x32, 0xee, 0xaf, 0x11, 0x00, 0x17, 0xcd, 0x2b, 0x9d, 0x43,
  0x4f, 0x4c, 0x4f, 0x55, 0x52, 0x20, 0x37, 0x20, 0x53, 0x45, 0x54, 0x20,
  0x20, 0x20, 0x20, 0x20, 0x20, 0x20, 0x20, 0x20, 0x20, 0x20, 0x20, 0x20,
  0x20, 0x20, 0x20, 0x20, 0x20, 0x2a, 0xf1, 0x6f, 0x26, 0x00, 0x11, 0x7d,
  0xa9, 0x19, 0x22, 0x3c, 0xad, 0xc3, 0x2d, 0xaa, 0x2a, 0x3c, 0xad, 0x7e,
  0xd6, 0x11, 0xcb, 0x3f, 0xcb, 0x3f, 0xcb, 0x3f, 0xcb, 0x3f, 0x77, 0xe5,
  0xcd, 0x3b, 0xad, 0xe1, 0xf5, 0x7e, 0x87, 0x87, 0x87, 0x87, 0xc6, 0x11,
  0x77, 0xcd, 0x5a, 0xb2, 0xf1, 0xda, 0x2d, 0xaa, 0x18, 0x96, 0x3e, 0x07,
  0x32, 0x5d, 0xad, 0xc3, 0x07, 0xab, 0x00, 0x00, 0x6b, 0xa6, 0x00, 0x00,
  0xeb, 0xa6, 0x6b, 0xa7, 0xeb, 0xa7, 0xf5, 0x21, 0x42, 0xb0, 0xe6, 0x0e,
  0x5f, 0x16, 0x00, 0x19, 0x5e, 0x23, 0x56, 0xeb, 0xf1, 0xfe, 0x61, 0x38,
  0x31, 0x06, 0x10, 0xc5, 0xeb, 0x3a, 0x6a, 0xb5, 0x47, 0x3a, 0x50, 0xb4,
  0x3c, 0xb8, 0x38, 0x01, 0xaf, 0x32, 0x50, 0xb4, 0x6f, 0x26, 0x00, 0x29,
  0x29, 0x29, 0x01, 0x65, 0x9d, 0x09, 0x7e, 0xfe, 0xff, 0xeb, 0x28, 0x03,
  0x11, 0x00, 0x00, 0x01, 0x08, 0x00, 0xed, 0xb0, 0xc1, 0x10, 0xd4, 0xc3,
  0x2d, 0xaa, 0xe5, 0xe5, 0xd1, 0x13, 0x36, 0xff, 0x01, 0x7f, 0x00, 0xed,
  0xb0, 0xcd, 0x1c, 0xaa, 0xcd, 0x5a, 0xb2, 0x11, 0x00, 0x17, 0xcd, 0x2b,
  0x9d, 0x50, 0x52, 0x4f, 0x47, 0x52, 0x41, 0x4d, 0x20, 0x42, 0x55, 0x52,
  0x53, 0x54, 0x20, 0x2a, 0xe1, 0x06, 0x10, 0xc5, 0xe5, 0x2a, 0xb4, 0xb6,
  0x3a, 0xb3, 0xb6, 0x5c, 0xcd, 0xf1, 0xa9, 0x2a, 0xb0, 0xb6, 0x22, 0xb3,
  0xb6, 0x7d, 0x6c, 0x63, 0x1e, 0x09, 0xcd, 0xf1, 0xa9, 0xcd, 0x6c, 0xb4,
  0xe6, 0x10, 0x28, 0x10, 0xcd, 0x9c, 0x00, 0x28, 0x03, 0xcd, 0x9f, 0x00,
  0xe1, 0xfe, 0x0d, 0x20, 0xd3, 0xc1, 0x18, 0x19, 0xcd, 0x6c, 0xb4, 0xe6,
  0x10, 0x28, 0xf9, 0xe1, 0xcd, 0x22, 0xb1, 0x23, 0x3a, 0xb0, 0xb6, 0x77,
  0x23, 0x3a, 0xb1, 0xb6, 0x77, 0x23, 0xc1, 0x10, 0xb6, 0x11, 0x00, 0x17,
  0xcd, 0x2b, 0x9d, 0x20, 0x20, 0x20, 0x20, 0x20, 0x20, 0x20, 0x20, 0x20,
  0x20, 0x20, 0x20, 0x20, 0x2a, 0xcd, 0x1c, 0xaa, 0xcd, 0x5a, 0xb2, 0xc3,
  0x2d, 0xaa, 0x3a, 0x82, 0xb5, 0x5f, 0x3a, 0x83, 0xb5, 0x57, 0x1a, 0x77,
  0x23, 0x3a, 0x87, 0xb5, 0x77, 0x23, 0x77, 0x23, 0x3a, 0x8d, 0xb5, 0x5f,
  0x3a, 0x8e, 0xb5, 0x57, 0x1a, 0x77, 0x23, 0x3a, 0xfa, 0xad, 0x77, 0x23,
  0x3a, 0xfc, 0xad, 0x77, 0xc9, 0x3a, 0x93, 0xb4, 0xee, 0x61, 0x32, 0x93,
  0xb4, 0xf5, 0x11, 0x00, 0x17, 0xcd, 0x2b, 0x9d, 0x53, 0x45, 0x51, 0x55,
  0x45, 0x4e, 0x43, 0x45, 0x52, 0x20, 0x4f, 0x4e, 0x2a, 0xf1, 0xe6, 0x01,
  0xee, 0x01, 0xcd, 0x25, 0xad, 0x3e, 0x02, 0x32, 0xfd, 0xaa, 0x21, 0xfb,
  0xaa, 0x22, 0x49, 0xaa, 0xc3, 0x2d, 0xaa, 0xcd, 0x1c, 0xaa, 0xcd, 0x5a,
  0xb2, 0x11, 0x00, 0x17, 0xcd, 0x2b, 0x9d, 0x53, 0x54, 0x4f, 0x52, 0x45,
  0x20, 0x53, 0x45, 0x51, 0x55, 0x45, 0x4e, 0x43, 0x45, 0x52, 0x20, 0x2a,
  0x21, 0x6b, 0xa8, 0x36, 0xff, 0x11, 0x6c, 0xa8, 0x01, 0x01, 0x01, 0xed,
  0xb0, 0x21, 0x6f, 0xa9, 0xcd, 0x22, 0xb1, 0x21, 0x6b, 0xa8, 0x06, 0x80,
  0xc5, 0xe5, 0x2a, 0xb4, 0xb6, 0x3a, 0xb3, 0xb6, 0x5c, 0xcd, 0xf1, 0xa9,
  0x2a, 0xb0, 0xb6, 0x22, 0xb3, 0xb6, 0x7d, 0x6c, 0x63, 0x1e, 0x09, 0xcd,
  0xf1, 0xa9, 0xcd, 0x6c, 0xb4, 0xe6, 0x10, 0x28, 0x10, 0xcd, 0x9c, 0x00,
  0x28, 0x03, 0xcd, 0x9f, 0x00, 0xfe, 0x0d, 0xe1, 0x20, 0xd3, 0xc1, 0x18,
  0x15, 0xcd, 0x6c, 0xb4, 0xe6, 0x10, 0x28, 0xf9, 0xe1, 0x3a, 0xb0, 0xb6,
  0x77, 0x23, 0x3a, 0xb1, 0xb6, 0x77, 0x23, 0xc1, 0x10, 0xba, 0x11, 0x00,
  0x17, 0xcd, 0x2b, 0x9d, 0x20, 0x20, 0x20, 0x20, 0x20, 0x20, 0x20, 0x20,
  0x20, 0x20, 0x20, 0x20, 0x20, 0x20, 0x20, 0x2a, 0xcd, 0x1c, 0xaa, 0xcd,
  0x5a, 0xb2, 0xc3, 0x2d, 0xaa, 0xcd, 0x1e, 0xb2, 0xc3, 0x2d, 0xaa, 0x07,
  0x23, 0x9d, 0x3a, 0x1b, 0xb2, 0x3c, 0xe6, 0x07, 0x32, 0x1b, 0xb2, 0x6f,
  0x26, 0x00, 0x29, 0x29, 0x29, 0x11, 0xeb, 0x9c, 0x19, 0x22, 0x1c, 0xb2,
  0x11, 0x00, 0x00, 0x01, 0x03, 0x0a, 0xc5, 0xd5, 0x01, 0x08, 0x00, 0x2a,
  0x1c, 0xb2, 0xcd, 0x5c, 0x00, 0xd1, 0x21, 0x08, 0x00, 0x19, 0xeb, 0xc1,
  0x10, 0xec, 0x0d, 0xc8, 0x7a, 0xc6, 0x08, 0x57, 0x1e, 0x00, 0x06, 0x0a,
  0x18, 0xe0, 0x21, 0x00, 0x20, 0x01, 0x03, 0x0a, 0x11, 0x7d, 0xa9, 0xc5,
  0x1a, 0x01, 0x08, 0x00, 0xcd, 0x56, 0x00, 0x01, 0x08, 0x00, 0x09, 0x13,
  0xc1, 0x10, 0xf0, 0x0d, 0xc8, 0x7c, 0xc6, 0x08, 0x67, 0x2e, 0x00, 0x06,
  0x0a, 0x18, 0xe1, 0xcd, 0x85, 0xb2, 0xc3, 0x2d, 0xaa, 0xfe, 0x2a, 0xf5,
  0x30, 0x02, 0xc6, 0x10, 0x32, 0x9d, 0xb2, 0xf5, 0x11, 0x00, 0x17, 0xcd,
  0x2b, 0x9d, 0x50, 0x52, 0x45, 0x53, 0x45, 0x54, 0x20, 0x38, 0x20, 0x2a,
  0xf1, 0xd6, 0x31, 0x6f, 0x26, 0x00, 0x29, 0x29, 0x29, 0x29, 0x29, 0x01,
  0x6b, 0xa5, 0x09, 0xf1, 0x38, 0x2e, 0xe5, 0x11, 0x48, 0x17, 0xcd, 0x2b,
  0x9d, 0x43, 0x48, 0x4f, 0x53, 0x45, 0x4e, 0x2a, 0xd1, 0x06, 0x1a, 0x21,
  0x0c, 0xb3, 0xc5, 0x4e, 0x23, 0x46, 0x23, 0x1a, 0x02, 0x13, 0xc1, 0x10,
  0xf5, 0x3e, 0x02, 0x32, 0xfd, 0xaa, 0x21, 0xfb, 0xaa, 0x22, 0x49, 0xaa,
  0xcd, 0x5a, 0xb2, 0xc9, 0xe5, 0x11, 0x48, 0x17, 0xcd, 0x2b, 0x9d, 0x44,
  0x45, 0x46, 0x49, 0x4e, 0x45, 0x44, 0x2a, 0xd1, 0x06, 0x1a, 0x21, 0x0c,
  0xb3, 0xc5, 0x4e, 0x23, 0x46, 0x23, 0x0a, 0x12, 0x13, 0xc1, 0x10, 0xf5,
  0x3e, 0x02, 0x32, 0xfd, 0xaa, 0x21, 0xfb, 0xaa, 0x22, 0x49, 0xaa, 0xc9,
  0x8d, 0xb5, 0x8e, 0xb5, 0x56, 0xb4, 0x55, 0xb4, 0x57, 0xb4, 0xa0, 0xb5,
  0x60, 0xb5, 0x5b, 0xb5, 0x53, 0xb4, 0x54, 0xb4, 0xfc, 0xad, 0x87, 0xb5,
  0x7e, 0xa9, 0x7f, 0xa9, 0x80, 0xa9, 0x81, 0xa9, 0x82, 0xa9, 0x83, 0xa9,
  0x84, 0xa9, 0x82, 0xb5, 0x83, 0xb5, 0x51, 0xb4, 0x6a, 0xb5, 0xfb, 0xad,
  0xf9, 0xad, 0xfa, 0xad, 0xd2, 0xb3, 0x90, 0xb3, 0x00, 0x3a, 0x44, 0xb3,
  0xee, 0x01, 0x32, 0x44, 0xb3, 0xf5, 0x26, 0x00, 0x6f, 0x29, 0x11, 0x40,
  0xb3, 0x19, 0x5e, 0x23, 0x56, 0xed, 0x53, 0xf6, 0xb4, 0x11, 0x00, 0x17,
  0xcd, 0x2b, 0x9d, 0x41, 0x55, 0x54, 0x4f, 0x20, 0x4d, 0x4f, 0x44, 0x45,
  0x20, 0x4f, 0x4e, 0x2a, 0xf1, 0xcd, 0x25, 0xad, 0x3e, 0x02, 0x32, 0xfd,
  0xaa, 0x21, 0xfb, 0xaa, 0x22, 0x49, 0xaa, 0xc3, 0x2d, 0xaa, 0x0e, 0x06,
  0x07, 0x05, 0x0d, 0x09, 0x0b, 0x0a, 0x0e, 0x01, 0xf6, 0x01, 0x18, 0x0b,
  0x3e, 0x00, 0x3d, 0x32, 0x91, 0xb3, 0x28, 0x20, 0x47, 0xe6, 0x63, 0x3e,
  0x06, 0xc0, 0x78, 0xe6, 0x1c, 0x28, 0xe9, 0x3a, 0x8b, 0xb3, 0x3c, 0xe6,
  0x07, 0x32, 0x8b, 0xb3, 0x21, 0x82, 0xb3, 0x5f, 0x16, 0x00, 0x19, 0x7e,
  0x32, 0x9c, 0xb3, 0xc9, 0x3a, 0x9c, 0xb3, 0xf5, 0xed, 0x5f, 0xe6, 0x07,
  0x6f, 0x26, 0x00, 0x29, 0x29, 0x29, 0x29, 0x29, 0x11, 0x6b, 0xa5, 0x19,
  0xeb, 0xcd, 0xc1, 0xb2, 0xf1, 0xc9, 0xc3, 0x7f, 0xb4, 0xf5, 0x3e, 0xff,
  0x32, 0x91, 0xb3, 0xf1, 0xf5, 0xfe, 0x00, 0x20, 0x0b, 0x3e, 0x00, 0x3c,
  0x32, 0xe2, 0xb3, 0xb7, 0x28, 0x02, 0xf1, 0xc9, 0xe5, 0x21, 0xb8, 0x88,
  0x3a, 0xe2, 0xb3, 0x77, 0x23, 0x3a, 0xde, 0xb3, 0x77, 0x23, 0x22, 0xee,
  0xb3, 0x7c, 0xfe, 0x9c, 0x38, 0x09, 0x21, 0xd0, 0xb5, 0x22, 0x49, 0xaa,
  0xe1, 0xf1, 0xc9, 0xe1, 0x3e, 0x01, 0x32, 0xe2, 0xb3, 0xf1, 0x32, 0xde,
  0xb3, 0xc9, 0x00, 0x00, 0x00, 0x00, 0x00, 0x00, 0x00, 0x00, 0x00, 0x00,
  0x3e, 0x00, 0x3d, 0x32, 0x21, 0xb4, 0x28, 0x03, 0x3e, 0x00, 0xc9, 0xe5,
  0x21, 0xba, 0x88, 0x7c, 0xfe, 0x9c, 0x38, 0x04, 0xe1, 0xc3, 0xd6, 0xb5,
  0x7e, 0x32, 0x21, 0xb4, 0x23, 0x7e, 0x23, 0x32, 0x29, 0xb4, 0xfe, 0xff,
  0x20, 0x05, 0x21, 0xba, 0x88, 0x18, 0xed, 0x22, 0x2d, 0xb4, 0xe1, 0xc9,
  0x0e, 0x01, 0x01, 0x07, 0xfe, 0x00, 0x07, 0x00, 0xf3, 0x21, 0x92, 0xb4,
  0x22, 0x9b, 0xfd, 0x3e, 0xcd, 0x32, 0x9a, 0xfd, 0xfb, 0xc9, 0x3e, 0xc9,
  0x32, 0x9a, 0xfd, 0xc9, 0x3e, 0x0f, 0xd3, 0xa0, 0xdb, 0xa2, 0xe6, 0xdf,
  0xf6, 0x4c, 0xd3, 0xa1, 0x3e, 0x0e, 0xd3, 0xa0, 0xdb, 0xa2, 0xc9, 0x3e,
  0x0f, 0xd3, 0xa0, 0xdb, 0xa2, 0xe6, 0xdf, 0xf6, 0x4c, 0xd3, 0xa1, 0x3e,
  0x0e, 0xd3, 0xa0, 0xdb, 0xa2, 0xc9, 0x18, 0x61, 0x3e, 0x06, 0x3d, 0x28,
  0x05, 0x32, 0x95, 0xb4, 0x18, 0x57, 0x3a, 0x6a, 0xb5, 0x47, 0x3a, 0x50,
  0xb4, 0x3c, 0xb8, 0x38, 0x01, 0xaf, 0x32, 0x50, 0xb4, 0x6f, 0x26, 0x00,
  0x29, 0x29, 0x29, 0x01, 0x65, 0x9d, 0x09, 0x7e, 0xfe, 0xff, 0x20, 0x39,
  0x3e, 0x04, 0x32, 0x95, 0xb4, 0x11, 0x6f, 0xa9, 0x01, 0x06, 0x00, 0xeb,
  0xed, 0xb0, 0x3e, 0x00, 0x3c, 0x32, 0xcb, 0xb4, 0x6f, 0x26, 0x00, 0x29,
  0x01, 0x6b, 0xa8, 0x09, 0x7e, 0xfe, 0xff, 0x20, 0x0e, 0x3e, 0xff, 0x32,
  0xcb, 0xb4, 0x1b, 0x1b, 0x1b, 0x1b, 0x1b, 0x1b, 0x12, 0x18, 0x0a, 0x12,
  0x23, 0x13, 0x7e, 0x12, 0x3e, 0x1f, 0x32, 0x95, 0xb4, 0xcd, 0xd2, 0xb3,
  0x57, 0x2a, 0xb0, 0xb6, 0x3a, 0x52, 0xb4, 0x3d, 0x32, 0x52, 0xb4, 0x20,
  0x3f, 0x3a, 0x51, 0xb4, 0x32, 0x52, 0xb4, 0xcb, 0x42, 0x20, 0x03, 0x25,
  0x18, 0x05, 0xcb, 0x4a, 0x20, 0x01, 0x24, 0xcb, 0x52, 0x20, 0x03, 0x2d,
  0x18, 0x05, 0xcb, 0x5a, 0x20, 0x01, 0x2c, 0x7d, 0xfe, 0x20, 0x20, 0x04,
  0x2e, 0x00, 0x18, 0x06, 0xfe, 0xff, 0x20, 0x02, 0x2e, 0x1f, 0x7c, 0xfe,
  0x16, 0x20, 0x04, 0x26, 0x00, 0x18, 0x06, 0xfe, 0xff, 0x20, 0x02, 0x26,
  0x15, 0x22, 0xb0, 0xb6, 0xcb, 0x62, 0x20, 0x56, 0x3e, 0x01, 0x3d, 0x28,
  0x05, 0x32, 0x49, 0xb5, 0x18, 0x4c, 0x3e, 0x01, 0x3d, 0x32, 0x53, 0xb5,
  0x20, 0x0a, 0x3e, 0x02, 0x32, 0x49, 0xb5, 0x3e, 0x01, 0x32, 0x53, 0xb5,
  0xeb, 0x3a, 0x50, 0xb4, 0x3c, 0xfe, 0x29, 0x38, 0x01, 0xaf, 0x32, 0x50,
  0xb4, 0x6f, 0x26, 0x00, 0x29, 0x29, 0x29, 0x01, 0x65, 0x9d, 0x09, 0x7e,
  0xfe, 0xff, 0xc2, 0x9f, 0xb5, 0x3a, 0x53, 0xb4, 0x77, 0x23, 0x3e, 0x01,
  0x77, 0x23, 0x77, 0x23, 0x3a, 0xf9, 0xad, 0x77, 0x23, 0x3a, 0xfa, 0xad,
  0x77, 0x3a, 0xfc, 0xad, 0x23, 0x77, 0x23, 0x73, 0x23, 0x72, 0xc9, 0x3e,
  0x00, 0xb7, 0xca, 0x9e, 0xb5, 0x3a, 0x89, 0xa9, 0x32, 0x50, 0xb4, 0xc3,
  0x9e, 0xb5, 0x3a, 0xd7, 0xb5, 0xfe, 0x04, 0xca, 0x2d, 0xaa, 0x3e, 0x03,
  0x32, 0xd7, 0xb5, 0x18, 0x13, 0x3a, 0x38, 0xb6, 0xb7, 0xca, 0x2d, 0xaa,
  0x3a, 0xd7, 0xb5, 0xfe, 0x03, 0x20, 0x05, 0x3d, 0x3d, 0x32, 0xd7, 0xb5,
  0xcd, 0xd6, 0xb5, 0xc3, 0x2d, 0xaa, 0x3e, 0x03, 0x3d, 0x20, 0x02, 0x3e,
  0x04, 0xf5, 0x2a, 0xb1, 0xb6, 0x3a, 0xb0, 0xb6, 0x1e, 0x00, 0xcd, 0xf1,
  0xa9, 0x21, 0x10, 0x0a, 0x22, 0xb0, 0xb6, 0xf1, 0x32, 0xd7, 0xb5, 0xfe,
  0x04, 0x28, 0x44, 0xfe, 0x02, 0x28, 0x76, 0x2a, 0x39, 0xb6, 0x22, 0xd3,
  0xb3, 0x3e, 0xc3, 0x32, 0xd2, 0xb3, 0x11, 0x00, 0x17, 0xcd, 0x2b, 0x9d,
  0x53, 0x54, 0x4f, 0x50, 0x50, 0x45, 0x44, 0x20, 0x20, 0x20, 0x20, 0x20,
  0x2a, 0x06, 0x01, 0x0e, 0x07, 0xcd, 0x47, 0x00, 0x3e, 0x02, 0x32, 0xfd,
  0xaa, 0x21, 0xfb, 0xaa, 0x22, 0x49, 0xaa, 0x2a, 0xee, 0xb3, 0x3a, 0xe2,
  0xb3, 0x77, 0x23, 0x3a, 0xde, 0xb3, 0x77, 0xc9, 0x00, 0x00, 0x00, 0x2a,
  0xd3, 0xb3, 0x22, 0x39, 0xb6, 0x3e, 0x01, 0x32, 0x21, 0xb4, 0x21, 0x20,
  0xb4, 0x22, 0xd3, 0xb3, 0x11, 0x00, 0x17, 0xcd, 0x2b, 0x9d, 0x50, 0x4c,
  0x41, 0x59, 0x49, 0x4e, 0x47, 0x20, 0x42, 0x41, 0x43, 0x4b, 0x2a, 0x21,
  0xba, 0x88, 0x22, 0x2d, 0xb4, 0x3e, 0x05, 0x32, 0xfd, 0xaa, 0x21, 0xfb,
  0xaa, 0x22, 0x49, 0xaa, 0xc9, 0x3e, 0x1f, 0x32, 0x38, 0xb6, 0x32, 0xde,
  0xb3, 0x32, 0xe2, 0xb3, 0x2a, 0xd3, 0xb3, 0x22, 0x39, 0xb6, 0x11, 0x00,
  0x17, 0xcd, 0x2b, 0x9d, 0x52, 0x45, 0x43, 0x4f, 0x52, 0x44, 0x49, 0x4e,
  0x47, 0x2a, 0x06, 0x04, 0x0e, 0x07, 0xcd, 0x47, 0x00, 0x21, 0xb8, 0x88,
  0x22, 0xee, 0xb3, 0x3e, 0xcd, 0x32, 0xd2, 0xb3, 0x3e, 0x05, 0x32, 0xfd,
  0xaa, 0x21, 0xfb, 0xaa, 0x22, 0x49, 0xaa, 0xc9, 0x0b, 0x0f, 0x00, 0x0b,
  0x0f, 0x00, 0x00, 0x00, 0x00, 0x00, 0x00, 0x00, 0x00, 0x00, 0x00, 0x00,
  0x00, 0x00, 0x00, 0x00, 0x00, 0x00, 0x00, 0x00, 0x00, 0x00, 0x00, 0x00,
  0x00, 0x00, 0x00, 0x00, 0x00, 0x00, 0x00, 0x00, 0x00, 0x00, 0x00, 0x00,
  0x00, 0x00, 0x00, 0x00, 0x00, 0x00, 0x00, 0x00, 0x00, 0x00, 0x00, 0x00,
  0x00, 0x00, 0x00, 0x00, 0x00, 0x00, 0x00, 0x00, 0x00, 0x00, 0x00, 0x00,
  0x00, 0x00, 0x00, 0x00, 0x00, 0x00, 0x00, 0x00, 0x00, 0x00, 0x00, 0x00,
  0x00, 0x00, 0x00, 0x00, 0x00, 0x00, 0x00, 0x00, 0x00, 0x00, 0x00, 0x00,
  0x00, 0x00, 0x00, 0x00, 0x00, 0x00, 0x00, 0x00, 0x00, 0x00, 0x00, 0x00,
  0x00, 0x00, 0x00, 0x00, 0x00, 0x00, 0x00, 0x00, 0x00, 0x00, 0x00, 0x00,
  0x00, 0x00, 0x00, 0x00, 0x00, 0x00, 0x00, 0x00, 0x00, 0x00, 0x00, 0x00,
  0x00, 0x00, 0x00, 0x00, 0x00, 0x00, 0x00, 0x00, 0x00, 0x00, 0x00, 0x00,
  0x00, 0x00, 0x00, 0x00, 0x00, 0x00, 0x00, 0x00, 0x00, 0x00, 0x00, 0x00,
  0x00, 0x00, 0x00, 0x00, 0x00, 0x00, 0x00, 0x00, 0x00, 0x00, 0x00, 0x00,
  0x00, 0x00, 0x00, 0x00, 0x00, 0x00, 0x00, 0x00, 0x00, 0x00, 0x00, 0x00,
  0x00, 0x00, 0x00, 0x00, 0x00, 0x00, 0x00, 0x00, 0x00, 0x00, 0x00, 0x00,
  0x00, 0x00, 0x00, 0x00, 0x00, 0x00, 0x00, 0x00, 0x00, 0x00, 0x00, 0x00,
  0x00, 0x00, 0x00, 0x00, 0x00, 0x00, 0x00, 0x00, 0x00, 0x00, 0x00, 0x00,
  0x00, 0x00, 0x00, 0x00, 0x00, 0x00, 0x00, 0x00, 0x00, 0x00, 0x00, 0x00,
  0x00, 0x00, 0x00, 0x00, 0x00, 0x00, 0x00, 0x00, 0x00, 0x00, 0x00, 0x00,
  0x00, 0x00, 0x00, 0x00, 0x00, 0x00, 0x00, 0x00, 0x00, 0x00, 0x00, 0x00,
  0x00, 0x00, 0x00, 0x00, 0x00, 0x00, 0x00, 0x00, 0x00, 0x00, 0x00, 0x00,
  0x00, 0x00, 0x00, 0x00, 0x00, 0x00, 0x00, 0x00, 0x00, 0x00, 0x00, 0x00,
  0x00, 0x00, 0x00, 0x00, 0x00, 0x00, 0x00, 0x00, 0x00, 0x00, 0x00, 0x00,
  0x00, 0x00, 0x00, 0x00, 0x00, 0x00, 0x00, 0x00, 0x00, 0x00, 0x00, 0x00,
  0x00, 0x00, 0x00, 0x00, 0x00, 0x00, 0x00, 0x00, 0x00, 0x00, 0x00, 0x00,
  0x00, 0x00, 0x00, 0x00, 0x00, 0x00, 0x00, 0x00, 0x00, 0x00, 0x00, 0x00,
  0x00, 0x00, 0x00, 0x00, 0x00, 0x00, 0x00, 0x00, 0x00, 0x00, 0x00, 0x00,
  0x00, 0x00, 0x00, 0x00, 0x00, 0x00, 0x00, 0x00, 0x00, 0x00, 0x00, 0x00,
  0x00, 0x00, 0x00, 0x00, 0x00, 0x00, 0x00, 0x00, 0x00, 0x00, 0x00, 0x00,
  0x00, 0x00, 0x00, 0x00, 0x00, 0x00, 0x00, 0x00, 0x00, 0x00, 0x00, 0x00,
  0x00, 0x00, 0x00, 0x00, 0x00, 0x00, 0x00, 0x00, 0x00, 0x00, 0x00, 0x00,
  0x00, 0x00, 0x00, 0x00, 0x00, 0x00, 0x00, 0x00, 0x00, 0x00, 0x00, 0x00,
  0x00, 0x00, 0x00, 0x00, 0x00, 0x00, 0x00, 0x00, 0x00, 0x00, 0x00, 0x00,
  0x00, 0x00, 0x00, 0x00, 0x00, 0x00, 0x00, 0x00, 0x00, 0x00, 0x00, 0x00,
  0x00, 0x00, 0x00, 0x00, 0x00, 0x00, 0x00, 0x00, 0x00, 0x00, 0x00, 0x00,
  0x00, 0x00, 0x00, 0x00, 0x00, 0x00, 0x00, 0x00, 0x00, 0x00, 0x00, 0x00,
  0x00, 0x00, 0x00, 0x00, 0x00, 0x00, 0x00, 0x00, 0x00, 0x00, 0x00, 0x00,
  0x00, 0x00, 0x00, 0x00, 0x00, 0x00, 0x00, 0x00, 0x00, 0x00, 0x00, 0x00,
  0x00, 0x00, 0x00, 0x00, 0x00, 0x00, 0x00, 0x00, 0x00, 0x00, 0x00, 0x00,
  0x00, 0x00, 0x00, 0x00, 0x00, 0x00, 0x00, 0x00, 0x00, 0x00, 0x00, 0x00,
  0x00, 0x00, 0x00, 0x00, 0x00, 0x00, 0x00, 0x00, 0x00, 0x00, 0x00, 0x00,
  0x00, 0x00, 0x00, 0x00, 0x00, 0x00, 0x00, 0x00, 0x00, 0x00, 0x00, 0x00,
  0x00, 0x00, 0x00, 0x00, 0x00, 0x00, 0x00, 0x00, 0x00, 0x00, 0x00, 0x00,
  0x00, 0x00, 0x00, 0x00, 0x00, 0x00, 0x00, 0x00, 0x00, 0x00, 0x00, 0x00,
  0x00, 0x00, 0x00, 0x00, 0x00, 0x00, 0x00, 0x00, 0x00, 0x00, 0x00, 0x00,
  0x00, 0x00, 0x00, 0x00, 0x00, 0x00, 0x00, 0x00, 0x00, 0x00, 0x00, 0x00,
  0x00, 0x00, 0x00, 0x00, 0x00, 0x00, 0x00, 0x00, 0x00, 0x00, 0x00, 0x00,
  0x00, 0x00, 0x00, 0x00, 0x00, 0x00, 0x00, 0x00, 0x00, 0x00, 0x00, 0x00,
  0x00, 0x00, 0x00, 0x00, 0x00, 0x00, 0x00, 0x00, 0x00, 0x00, 0x00, 0x00,
  0x00, 0x00, 0x00, 0x00, 0x00, 0x00, 0x00, 0x00, 0x00, 0x00, 0x00, 0x00,
  0x00, 0x00, 0x00, 0x00, 0x00, 0x00, 0x00, 0x00, 0x00, 0x00, 0x00, 0x00,
  0x00, 0x00, 0x00, 0x00, 0x00, 0x00, 0x00, 0x00, 0x00, 0x00, 0x00, 0x00,
  0x00, 0x00, 0x00, 0x00, 0x00, 0x00, 0x00, 0x00, 0x00, 0x00, 0x00, 0x00,
  0x00, 0x00, 0x00, 0x00, 0x00, 0x00, 0x00, 0x00, 0x00, 0x00, 0x00, 0x00,
  0x00, 0x00, 0x00, 0x00, 0x00, 0x00, 0x00, 0x00, 0x00, 0x00, 0x00, 0x00,
  0x00, 0x00, 0x00, 0x00, 0x00, 0x00, 0x00, 0x00, 0x00, 0x00, 0x00, 0x00,
  0x00, 0x00, 0x00, 0x00, 0x00, 0x00, 0x00, 0x00, 0x00, 0x00, 0x00, 0x00,
  0x00, 0x00, 0x00, 0x00, 0x00, 0x00, 0x00, 0x00, 0x00, 0x00, 0x00, 0x00,
  0x00, 0x00, 0x00, 0x00, 0x00, 0x00, 0x00, 0x00, 0x00, 0x00, 0x00, 0x00,
  0x00, 0x00, 0x00, 0x00, 0x00, 0x00, 0x00, 0x00, 0x00, 0x00, 0x00, 0x00,
  0x00, 0x00, 0x00, 0x00, 0x00, 0x00, 0x00, 0x00, 0x00, 0x00, 0x00, 0x00,
  0x00, 0x00, 0x00, 0x00, 0x00, 0x00, 0x00, 0x00, 0x00, 0x00, 0x00, 0x00,
  0x00, 0x00, 0x00, 0x00, 0x00, 0x00, 0x00, 0x00, 0x00, 0x00, 0x00, 0x00,
  0x00, 0x00, 0x00, 0x00, 0x00, 0x00, 0x00, 0x00, 0x00, 0x00, 0x00, 0x00,
  0x00, 0x00, 0x00, 0x00, 0x00, 0x00, 0x00, 0x00, 0x00, 0x00, 0x00, 0x00,
  0x00, 0x00, 0x00, 0x00, 0x00, 0x00, 0x00, 0x00, 0x00, 0x00, 0x00, 0x00,
  0x00, 0x00, 0x00, 0x00, 0x00, 0x00, 0x00, 0x00, 0x00, 0x00, 0x00, 0x00,
  0x00, 0x00, 0x00, 0x00, 0x00, 0x00, 0x00, 0x00, 0x00, 0x00, 0x00, 0x00,
  0x00, 0x00, 0x00, 0x00, 0x00, 0x00, 0x00, 0x00, 0x00, 0x00, 0x00, 0x00,
  0x00, 0x00, 0x00, 0x00, 0x00, 0x00, 0x00, 0x00, 0x00, 0x00, 0x00, 0x00,
  0x00, 0x00, 0x00, 0x00, 0x00, 0x00, 0x00, 0x00, 0x00, 0x00, 0x00, 0x00,
  0x00, 0x00, 0x00, 0x00, 0x00, 0x00, 0x00, 0x00, 0x00, 0x00, 0x00, 0x00,
  0x00, 0x00, 0x00, 0x00, 0x00, 0x00, 0x00, 0x00, 0x00, 0x00, 0x00, 0x00,
  0x00, 0x00, 0x00, 0x00, 0x00, 0x00, 0x00, 0x00, 0x00, 0x00, 0x00, 0x00,
  0x00, 0x00, 0x00, 0x00, 0x00, 0x00, 0x00, 0x00, 0x00, 0x00, 0x00, 0x00,
  0x00, 0x00, 0x00, 0x00, 0x00, 0x00, 0x00, 0x00, 0x00, 0x00, 0x00, 0x00,
  0x00, 0x00, 0x00, 0x00, 0x00, 0x00, 0x00, 0x00, 0x00, 0x00, 0x00, 0x00,
  0x00, 0x00, 0x00, 0x00, 0x00, 0x00, 0x00, 0x00, 0x00, 0x00, 0x00, 0x00,
  0x00, 0x00, 0x00, 0x00, 0x00, 0x00, 0x00, 0x00, 0x00, 0x00, 0x00, 0x00,
  0x00, 0x00, 0x00, 0x00, 0x00, 0x00, 0x00, 0x00, 0x00, 0x00, 0x00, 0x00,
  0x00, 0x00, 0x00, 0x00, 0x00, 0x00, 0x00, 0x00, 0x00, 0x00, 0x00, 0x00,
  0x00, 0x00, 0x00, 0x00, 0x00, 0x00, 0x00, 0x00, 0x00, 0x00, 0x00, 0x00,
  0x00, 0x00, 0x00, 0x00, 0x00, 0x00, 0x00, 0x00, 0x00, 0x00, 0x00, 0x00,
  0x00, 0x00, 0x00, 0x00, 0x00, 0x00, 0x00, 0x00, 0x00, 0x00, 0x00, 0x00,
  0x00, 0x00, 0x00, 0x00, 0x00, 0x00, 0x00, 0x00, 0x00, 0x00, 0x00, 0x00,
  0x00, 0x00, 0x00, 0x00, 0x00, 0x00, 0x00, 0x00, 0x00, 0x00, 0x00, 0x00,
  0x00, 0x00, 0x00, 0x00, 0x00, 0x00, 0x00, 0x00, 0x00, 0x00, 0x00, 0x00,
  0x00, 0x00, 0x00, 0x00, 0x00, 0x00, 0x00, 0x00, 0x00, 0x00, 0x00, 0x00,
  0x00, 0x00, 0x00, 0x00, 0x00, 0x00, 0x00, 0x00, 0x00, 0x00, 0x00, 0x00,
  0x00, 0x00, 0x00, 0x00, 0x00, 0x00, 0x00, 0x00, 0x00, 0x00, 0x00, 0x00,
  0x00, 0x00, 0x00, 0x00, 0x00, 0x00, 0x00, 0x00, 0x00, 0x00, 0x00, 0x00,
  0x00, 0x00, 0x00, 0x00, 0x00, 0x00, 0x00, 0x00, 0x00, 0x00, 0x00, 0x00,
  0x00, 0x00, 0x00, 0x00, 0x00, 0x00, 0x00, 0x00, 0x00, 0x00, 0x00, 0x00,
  0x00, 0x00, 0x00, 0x00, 0x00, 0x00, 0x00, 0x00, 0x00, 0x00, 0x00, 0x00,
  0x00, 0x00, 0x00, 0x00, 0x00, 0x00, 0x00, 0x00, 0x00, 0x00, 0x00, 0x00,
  0x00, 0x00, 0x00, 0x00, 0x00, 0x00, 0x00, 0x00, 0x00, 0x00, 0x00, 0x00,
  0x00, 0x00, 0x00, 0x00, 0x00, 0x00, 0x00, 0x00, 0x00, 0x00, 0x00, 0x00,
  0x00, 0x00, 0x00, 0x00, 0x00, 0x00, 0x00, 0x00, 0x00, 0x00, 0x00, 0x00,
  0x00, 0x00, 0x00, 0x00, 0x00, 0x00, 0x00, 0x00, 0x00, 0x00, 0x00, 0x00,
  0x00, 0x00, 0x00, 0x00, 0x00, 0x00, 0x00, 0x00, 0x00, 0x00, 0x00, 0x00,
  0x00, 0x00, 0x00, 0x00, 0x00, 0x00, 0x00, 0x00, 0x00, 0x00, 0x00, 0x00,
  0x00, 0x00, 0x00, 0x00, 0x00, 0x00, 0x00, 0x00, 0x00, 0x00, 0x00, 0x00,
  0x00, 0x00, 0x00, 0x00, 0x00, 0x00, 0x00, 0x00, 0x00, 0x00, 0x00, 0x00,
  0x00, 0x00, 0x00, 0x00, 0x00, 0x00, 0x00, 0x00, 0x00, 0x00, 0x00, 0x00,
  0x00, 0x00, 0x00, 0x00, 0x00, 0x00, 0x00, 0x00, 0x00, 0x00, 0x00, 0x00,
  0x00, 0x00, 0x00, 0x00, 0x00, 0x00, 0x00, 0x00, 0x00, 0x00, 0x00, 0x00,
  0x00, 0x00, 0x00, 0x00, 0x00, 0x00, 0x00, 0x00, 0x00, 0x00, 0x00, 0x00,
  0x00, 0x00, 0x00, 0x00, 0x00, 0x00, 0x00, 0x00, 0x00, 0x00, 0x00, 0x00,
  0x00, 0x00, 0x00, 0x00, 0x00, 0x00, 0x00, 0x00, 0x00, 0x00, 0x00, 0x00,
  0x00, 0x00, 0x00, 0x00, 0x00, 0x00, 0x00, 0x00, 0x00, 0x00, 0x00, 0x00,
  0x00, 0x00, 0x00, 0x00, 0x00, 0x00, 0x00, 0x00, 0x00, 0x00, 0x00, 0x00,
  0x00, 0x00, 0x00, 0x00, 0x00, 0x00, 0x00, 0x00, 0x00, 0x00, 0x00, 0x00,
  0x00, 0x00, 0x00, 0x00, 0x00, 0x00, 0x00, 0x00, 0x00, 0x00, 0x00, 0x00,
  0x00, 0x00, 0x00, 0x00, 0x00, 0x00, 0x00, 0x00, 0x00, 0x00, 0x00, 0x00,
  0x00, 0x00, 0x00, 0x00, 0x00, 0x00, 0x00, 0x00, 0x00, 0x00, 0x00, 0x00,
  0x00, 0x00, 0x00, 0x00, 0x00, 0x00, 0x00, 0x00, 0x00, 0x00, 0x00, 0x00,
  0x00, 0x00, 0x00, 0x00, 0x00, 0x00, 0x00, 0x00, 0x00, 0x00, 0x00, 0x00,
  0x00, 0x00, 0x00, 0x00, 0x00, 0x00, 0x00, 0x00, 0x00, 0x00, 0x00, 0x00,
  0x00, 0x00, 0x00, 0x00, 0x00, 0x00, 0x00, 0x00, 0x00, 0x00, 0x00, 0x00,
  0x00, 0x00, 0x00, 0x00, 0x00, 0x00, 0x00, 0x00, 0x00, 0x00, 0x00, 0x00,
  0x00, 0x00, 0x00, 0x00, 0x00, 0x00, 0x00, 0x00, 0x00, 0x00, 0x00, 0x00,
  0x00, 0x00, 0x00, 0x00, 0x00, 0x00, 0x00, 0x00, 0x00, 0x00, 0x00, 0x00,
  0x00, 0x00, 0x00, 0x00, 0x00, 0x00, 0x00, 0x00, 0x00, 0x00, 0x00, 0x00,
  0x00, 0x00, 0x00, 0x00, 0x00, 0x00, 0x00, 0x00, 0x00, 0x00, 0x00, 0x00,
  0x00, 0x00, 0x00, 0x00, 0x00, 0x00, 0x00, 0x00, 0x00, 0x00, 0x00, 0x00,
  0x00, 0x00, 0x00, 0x00, 0x00, 0x00, 0x00, 0x00, 0x00, 0x00, 0x00, 0x00,
  0x00, 0x00, 0x00, 0x00, 0x00, 0x00, 0x00, 0x00, 0x00, 0x00, 0x00, 0x00,
  0x00, 0x00, 0x00, 0x00, 0x00, 0x00, 0x00, 0x00, 0x00, 0x00, 0x00, 0x00,
  0x00, 0x00, 0x00, 0x00, 0x00, 0x00, 0x00, 0x00, 0x00, 0x00, 0x00, 0x00,
  0x00, 0x00, 0x00, 0x00, 0x00, 0x00, 0x00, 0x00, 0x00, 0x00, 0x00, 0x00,
  0x00, 0x00, 0x00, 0x00, 0x00, 0x00, 0x00, 0x00, 0x00, 0x00, 0x00, 0x00,
  0x00, 0x00, 0x00, 0x00, 0x00, 0x00, 0x00, 0x00, 0x00, 0x00, 0x00, 0x00,
  0x00, 0x00, 0x00, 0x00, 0x00, 0x00, 0x00, 0x00, 0x00, 0x00, 0x00, 0x00,
  0x00, 0x00, 0x00, 0x00, 0x00, 0x00, 0x00, 0x00, 0x00, 0x00, 0x00, 0x00,
  0x00, 0x00, 0x00, 0x00, 0x00, 0x00, 0x00, 0x00, 0x00, 0x00, 0x00, 0x00,
  0x00, 0x00, 0x00, 0x00, 0x00, 0x00, 0x00, 0x00, 0x00, 0x00, 0x00, 0x00,
  0x00, 0x00, 0x00, 0x00, 0x00, 0x00, 0x00, 0x00, 0x00, 0x00, 0x00, 0x00,
  0x00, 0x00, 0x00, 0x00, 0x00, 0x00, 0x00, 0x00, 0x00, 0x00, 0x00, 0x00,
  0x00, 0x00, 0x00, 0x00, 0x00, 0x00, 0x00, 0x00, 0x00, 0x00, 0x00, 0x00,
  0x00, 0x00, 0x00, 0x00, 0x00, 0x00, 0x00, 0x00, 0x00, 0x00, 0x00, 0x00,
  0x00, 0x00, 0x00, 0x00, 0x00, 0x00, 0x00, 0x00, 0x00, 0x00, 0x00, 0x00,
  0x00, 0x00, 0x00, 0x00, 0x00, 0x00, 0x00, 0x00, 0x00, 0x00, 0x00, 0x00,
  0x00, 0x00, 0x00, 0x00, 0x00, 0x00, 0x00, 0x00, 0x00, 0x00, 0x00, 0x00,
  0x00, 0x00, 0x00, 0x00, 0x00, 0x00, 0x00, 0x00, 0x00, 0x00, 0x00, 0x00,
  0x00, 0x00, 0x00, 0x00, 0x00, 0x00, 0x00, 0x00, 0x00, 0x00, 0x00, 0x00,
  0x00, 0x00, 0x00, 0x00, 0x00, 0x00, 0x00, 0x00, 0x00, 0x00, 0x00, 0x00,
  0x00, 0x00, 0x00, 0x00, 0x00, 0x00, 0x00, 0x00, 0x00, 0x00, 0x00, 0x00,
  0x00, 0x00, 0x00, 0x00, 0x00, 0x00, 0x00, 0x00, 0x00, 0x00, 0x00, 0x00,
  0x00, 0x00, 0x00, 0x00, 0x00, 0x00, 0x00, 0x00, 0x00, 0x00, 0x00, 0x00,
  0x00, 0x00, 0x00, 0x00, 0x00, 0x00, 0x00, 0x00, 0x00, 0x00, 0x00, 0x00,
  0x00, 0x00, 0x00, 0x00, 0x00, 0x00, 0x00, 0x00, 0x00, 0x00, 0x00, 0x00,
  0x00, 0x00, 0x00, 0x00, 0x00, 0x00, 0x00, 0x00, 0x00, 0x00, 0x00, 0x00,
  0x00, 0x00, 0x00, 0x00, 0x00, 0x00, 0x00, 0x00, 0x00, 0x00, 0x00, 0x00,
  0x00, 0x00, 0x00, 0x00, 0x00, 0x00, 0x00, 0x00, 0x00, 0x00, 0x00, 0x00,
  0x00, 0x00, 0x00, 0x00, 0x00, 0x00, 0x00, 0x00, 0x00, 0x00, 0x00, 0x00,
  0x00, 0x00, 0x00, 0x00, 0x00, 0x00, 0x00, 0x00, 0x00, 0x00, 0x00, 0x00,
  0x00, 0x00, 0x00, 0x00, 0x00, 0x00, 0x00, 0x00, 0x00, 0x00, 0x00, 0x00,
  0x00, 0x00, 0x00, 0x00, 0x00, 0x00, 0x00, 0x00, 0x00, 0x00, 0x00, 0x00,
  0x00, 0x00, 0x00, 0x00, 0x00, 0x00, 0x00, 0x00, 0x00, 0x00, 0x00, 0x00,
  0x00, 0x00, 0x00, 0x00, 0x00, 0x00, 0x00, 0x00, 0x00, 0x00, 0x00, 0x00,
  0x00, 0x00, 0x00, 0x00, 0x00, 0x00, 0x00, 0x00, 0x00, 0x00, 0x00, 0x00,
  0x00, 0x00, 0x00, 0x00, 0x00, 0x00, 0x00, 0x00, 0x00, 0x00, 0x00, 0x00,
  0x00, 0x00, 0x00, 0x00, 0x00, 0x00, 0x00, 0x00, 0x00, 0x00, 0x00, 0x00,
  0x00, 0x00, 0x00, 0x00, 0x00, 0x00, 0x00, 0x00, 0x00, 0x00, 0x00, 0x00,
  0x00, 0x00, 0x00, 0x00, 0x00, 0x00, 0x00, 0x00, 0x00, 0x00, 0x00, 0x00,
  0x00, 0x00, 0x00, 0x00, 0x00, 0x00, 0x00, 0x00, 0x00, 0x00, 0x00, 0x00,
  0x00, 0x00, 0x00, 0x00, 0x00, 0x00, 0x00, 0x00, 0x00, 0x00, 0x00, 0x00,
  0x00, 0x00, 0x00, 0x00, 0x00, 0x00, 0x00, 0x00, 0x00, 0x00, 0x00, 0x00,
  0x00, 0x00, 0x00, 0x00, 0x00, 0x00, 0x00, 0x00, 0x00, 0x00, 0x00, 0x00,
  0x00, 0x00, 0x00, 0x00, 0x00, 0x00, 0x00, 0x00, 0x00, 0x00, 0x00, 0x00,
  0x00, 0x00, 0x00, 0x00, 0x00, 0x00, 0x00, 0x00, 0x00, 0x00, 0x00, 0x00,
  0x00, 0x00, 0x00, 0x00, 0x00, 0x00, 0x00, 0x00, 0x00, 0x00, 0x00, 0x00,
  0x00, 0x00, 0x00, 0x00, 0x00, 0x00, 0x00, 0x00, 0x00, 0x00, 0x00, 0x00,
  0x00, 0x00, 0x00, 0x00, 0x00, 0x00, 0x00, 0x00, 0x00, 0x00, 0x00, 0x00,
  0x00, 0x00, 0x00, 0x00, 0x00, 0x00, 0x00, 0x00, 0x00, 0x00, 0x00, 0x00,
  0x00, 0x00, 0x00, 0x00, 0x00, 0x00, 0x00, 0x00, 0x00, 0x00, 0x00, 0x00,
  0x00, 0x00, 0x00, 0x00, 0x00, 0x00, 0x00, 0x00, 0x00, 0x00, 0x00, 0x00,
  0x00, 0x00, 0x00, 0x00, 0x00, 0x00, 0x00, 0x00, 0x00, 0x00, 0x00, 0x00,
  0x00, 0x00, 0x00, 0x00, 0x00, 0x00, 0x00, 0x00, 0x00, 0x00, 0x00, 0x00,
  0x00, 0x00, 0x00, 0x00, 0x00, 0x00, 0x00, 0x00, 0x00, 0x00, 0x00, 0x00,
  0x00, 0x00, 0x00, 0x00, 0x00, 0x00, 0x00, 0x00, 0x00, 0x00, 0x00, 0x00,
  0x00, 0x00, 0x00, 0x00, 0x00, 0x00, 0x00, 0x00, 0x00, 0x00, 0x00, 0x00,
  0x00, 0x00, 0x00, 0x00, 0x00, 0x00, 0x00, 0x00, 0x00, 0x00, 0x00, 0x00,
  0x00, 0x00, 0x00, 0x00, 0x00, 0x00, 0x00, 0x00, 0x00, 0x00, 0x00, 0x00,
  0x00, 0x00, 0x00, 0x00, 0x00, 0x00, 0x00, 0x00, 0x00, 0x00, 0x00, 0x00,
  0x00, 0x00, 0x00, 0x00, 0x00, 0x00, 0x00, 0x00, 0x00, 0x00, 0x00, 0x00,
  0x00, 0x00, 0x00, 0x00, 0x00, 0x00, 0x00, 0x00, 0x00, 0x00, 0x00, 0x00,
  0x00, 0x00, 0x00, 0x00, 0x00, 0x00, 0x00, 0x00, 0x00, 0x00, 0x00, 0x00,
  0x00, 0x00, 0x00, 0x00, 0x00, 0x00, 0x00, 0x00, 0x00, 0x00, 0x00, 0x00,
  0x00, 0x00, 0x00, 0x00, 0x00, 0x00, 0x00, 0x00, 0x00, 0x00, 0x00, 0x00,
  0x00, 0x00, 0x00, 0x00, 0x00, 0x00, 0x00, 0x00, 0x00, 0x00, 0x00, 0x00,
  0x00, 0x00, 0x00, 0x00, 0x00, 0x00, 0x00, 0x00, 0x00, 0x00, 0x00, 0x00,
  0x00, 0x00, 0x00, 0x00, 0x00, 0x00, 0x00, 0x00, 0x00, 0x00, 0x00, 0x00,
  0x00, 0x00, 0x00, 0x00, 0x00, 0x00, 0x00, 0x00, 0x00, 0x00, 0x00, 0x00,
  0x00, 0x00, 0x00, 0x00, 0x00, 0x00, 0x00, 0x00, 0x00, 0x00, 0x00, 0x00,
  0x00, 0x00, 0x00, 0x00, 0x00, 0x00, 0x00, 0x00, 0x00, 0x00, 0x00, 0x00,
  0x00, 0x00, 0x00, 0x00, 0x00, 0x00, 0x00, 0x00, 0x00, 0x00, 0x00, 0x00,
  0x00, 0x00, 0x00, 0x00, 0x00, 0x00, 0x00, 0x00, 0x00, 0x00, 0x00, 0x00,
  0x00, 0x00, 0x00, 0x00
};
unsigned int Psych_rom_len = 16384;
