unsigned char RoadFighter_rom[] = {
  0x41, 0x42, 0x4f, 0x40, 0x00, 0x00, 0x00, 0x00, 0x00, 0x00, 0x00, 0x00,
  0x00, 0x00, 0x00, 0x00, 0xc3, 0xc9, 0x48, 0xcd, 0x3e, 0x01, 0xf3, 0xcd,
  0xff, 0x4b, 0x21, 0x05, 0xe0, 0xcb, 0x46, 0x20, 0x0d, 0x34, 0xfb, 0xcd,
  0xb6, 0x46, 0xcd, 0x82, 0x40, 0x3e, 0x00, 0x32, 0x05, 0xe0, 0xcd, 0x3e,
  0x01, 0xb7, 0xf3, 0xfc, 0xff, 0x4b, 0xfb, 0xc9, 0xc3, 0x47, 0x00, 0x85,
  0x6f, 0xd0, 0x24, 0xc9, 0x83, 0x5f, 0xd0, 0x14, 0xc9, 0x87, 0xe1, 0xcd,
  0x3b, 0x40, 0x5e, 0x23, 0x56, 0xeb, 0xe9, 0xf3, 0xed, 0x56, 0x3e, 0xc3,
  0x32, 0x9a, 0xfd, 0x21, 0x13, 0x40, 0x22, 0x9b, 0xfd, 0x31, 0x00, 0xe8,
  0x21, 0x00, 0xe0, 0x11, 0x01, 0xe0, 0x01, 0xff, 0x07, 0x36, 0x00, 0xed,
  0xb0, 0x3e, 0x01, 0x32, 0x05, 0xe0, 0xcd, 0x85, 0x46, 0xaf, 0x32, 0x05,
  0xe0, 0xcd, 0x3e, 0x01, 0xfb, 0x18, 0xfe, 0xc3, 0x6e, 0x4b, 0x21, 0x03,
  0xe0, 0x34, 0x3a, 0x02, 0xe0, 0x87, 0xfa, 0x91, 0x40, 0x21, 0xc3, 0x43,
  0xe5, 0xed, 0x4b, 0x00, 0xe0, 0x79, 0xcd, 0x45, 0x40, 0xab, 0x40, 0x2d,
  0x41, 0x37, 0x41, 0x6f, 0x41, 0x70, 0x42, 0x06, 0x43, 0x25, 0x43, 0x48,
  0x43, 0x73, 0x43, 0x10, 0x13, 0x3a, 0x03, 0xe0, 0x1f, 0xd0, 0xcd, 0xdd,
  0x48, 0xc0, 0x11, 0xfc, 0x46, 0xcd, 0x0b, 0x46, 0xaf, 0xc3, 0x67, 0x41,
  0x10, 0x0b, 0xcd, 0x0c, 0x44, 0xcd, 0xa6, 0x49, 0x3e, 0x20, 0xc3, 0x67,
  0x41, 0x10, 0x17, 0x21, 0x04, 0xe0, 0x35, 0x7e, 0xfe, 0x07, 0x38, 0x06,
  0xcd, 0xc2, 0x49, 0xc3, 0x28, 0x50, 0xcd, 0x8c, 0x77, 0x3e, 0x20, 0xc3,
  0x67, 0x41, 0x10, 0x32, 0x21, 0x04, 0xe0, 0x35, 0x28, 0x20, 0x7e, 0xe6,
  0x03, 0x87, 0x11, 0x12, 0x41, 0xcd, 0x40, 0x40, 0x1a, 0xd5, 0x21, 0x00,
  0x06, 0x01, 0xb0, 0x00, 0xcd, 0x0b, 0x41, 0xd1, 0x13, 0x1a, 0x21, 0xb0,
  0x06, 0x0e, 0x58, 0xc3, 0xcf, 0x45, 0xaf, 0xc3, 0xfa, 0x42, 0x40, 0x70,
  0x60, 0x90, 0xa0, 0xf0, 0x60, 0x90, 0xcd, 0x98, 0x46, 0xcd, 0x84, 0x45,
  0x3e, 0x1b, 0xcd, 0x6e, 0x4b, 0xcd, 0x73, 0x47, 0xcd, 0xbb, 0x48, 0x18,
  0x3d, 0x21, 0x04, 0xe0, 0x35, 0xc2, 0x28, 0x50, 0xc3, 0xf8, 0x42, 0x10,
  0x21, 0xcd, 0xd1, 0x52, 0xcd, 0x24, 0x52, 0x3a, 0x45, 0xe0, 0xb7, 0x28,
  0x05, 0x3a, 0x0d, 0xe0, 0xb7, 0xc8, 0xaf, 0x32, 0x0d, 0xe0, 0xaf, 0x32,
  0x00, 0xe0, 0x3e, 0x18, 0x32, 0x04, 0xe0, 0xc3, 0x01, 0x43, 0xcd, 0xb8,
  0x52, 0xcd, 0x4c, 0x50, 0x3e, 0x04, 0xc3, 0x4f, 0x41, 0x3e, 0x18, 0x32,
  0x04, 0xe0, 0x21, 0x01, 0xe0, 0x34, 0xc9, 0x10, 0x1b, 0x21, 0x04, 0xe0,
  0x35, 0x28, 0xf3, 0x3a, 0x02, 0xe0, 0xcb, 0x6f, 0x11, 0x47, 0x47, 0x28,
  0x03, 0x11, 0x51, 0x47, 0xcb, 0x56, 0xca, 0xf0, 0x45, 0xc3, 0x07, 0x46,
  0x10, 0x07, 0xcd, 0x13, 0x44, 0x3e, 0x18, 0x18, 0xd2, 0x10, 0x18, 0xcd,
  0x29, 0x44, 0xf0, 0xcd, 0xaa, 0x68, 0xcd, 0x4c, 0x50, 0xcd, 0xd0, 0x44,
  0xcd, 0xed, 0x42, 0x3e, 0x78, 0x32, 0x04, 0xe0, 0xc3, 0x6a, 0x41, 0x10,
  0x08, 0xcd, 0x0c, 0x44, 0x3e, 0x04, 0xc3, 0x67, 0x41, 0x10, 0x05, 0x3e,
  0x1a, 0xc3, 0x67, 0x41, 0x10, 0x09, 0xcd, 0xc8, 0x77, 0xcd, 0x3a, 0x57,
  0xc3, 0x6a, 0x41, 0x10, 0x08, 0xcd, 0x97, 0x51, 0x3e, 0x05, 0xc3, 0x67,
  0x41, 0x10, 0x0b, 0xcd, 0x0c, 0x44, 0x2b, 0x36, 0x10, 0x3e, 0x09, 0xc3,
  0x67, 0x41, 0x05, 0xc2, 0x66, 0x42, 0xcd, 0x70, 0x52, 0x3a, 0x03, 0xe0,
  0xcb, 0x67, 0x3e, 0xc8, 0x28, 0x02, 0x3e, 0x80, 0x32, 0x4c, 0xe0, 0xcd,
  0x1d, 0x6e, 0x21, 0x03, 0xe0, 0x7e, 0xe6, 0x1f, 0xc0, 0x23, 0x35, 0x7e,
  0xfe, 0x01, 0x28, 0x42, 0xcb, 0x47, 0x20, 0x0b, 0xfe, 0x02, 0x3e, 0x05,
  0x20, 0x02, 0x3c, 0x3c, 0xcd, 0x6e, 0x4b, 0x3a, 0x04, 0xe0, 0xcb, 0x47,
  0x06, 0x46, 0x20, 0x08, 0x06, 0x44, 0x3d, 0x3d, 0x20, 0x02, 0x06, 0x48,
  0x3a, 0x04, 0xe0, 0x21, 0x41, 0x42, 0xcd, 0x3b, 0x40, 0x7e, 0x21, 0x26,
  0x38, 0xcd, 0x3b, 0x40, 0x78, 0xcd, 0x4d, 0x00, 0x3c, 0x23, 0xc3, 0x4d,
  0x00, 0x00, 0x60, 0x60, 0x40, 0x40, 0x20, 0x20, 0x00, 0x00, 0x21, 0xe3,
  0xe1, 0x36, 0x48, 0x23, 0x36, 0x49, 0x3e, 0x80, 0x32, 0x4c, 0xe0, 0xcd,
  0x1d, 0x6e, 0x21, 0x00, 0xe0, 0x34, 0x21, 0x45, 0xe0, 0x36, 0x01, 0xc3,
  0xf8, 0x42, 0x3e, 0x98, 0xcd, 0x6e, 0x4b, 0x3e, 0x50, 0xc3, 0x67, 0x41,
  0x10, 0x0d, 0xcd, 0x0c, 0x44, 0x21, 0x45, 0xe0, 0x36, 0x01, 0x3e, 0x1a,
  0xc3, 0x67, 0x41, 0x10, 0x11, 0x21, 0x04, 0xe0, 0x35, 0x3e, 0x30, 0xca,
  0x67, 0x41, 0x21, 0x91, 0x42, 0xe5, 0xcd, 0x1d, 0x55, 0xc9, 0x10, 0x0b,
  0xcd, 0x1d, 0x6e, 0xcd, 0x6b, 0x52, 0x3e, 0x28, 0xc3, 0x67, 0x41, 0x10,
  0x20, 0xcd, 0x0c, 0x44, 0x11, 0x95, 0x78, 0x21, 0x4a, 0x39, 0x01, 0x05,
  0x00, 0xcd, 0xa7, 0x45, 0x3a, 0x02, 0xe0, 0xcb, 0x77, 0x28, 0x05, 0x3e,
  0x07, 0xcd, 0x6e, 0x4b, 0x3e, 0x48, 0xc3, 0x67, 0x41, 0x10, 0x12, 0xcd,
  0x0c, 0x44, 0x3a, 0x02, 0xe0, 0xcb, 0x77, 0xc2, 0xf8, 0x42, 0x21, 0x02,
  0x01, 0x22, 0x00, 0xe0, 0xc9, 0xcd, 0x29, 0x44, 0xf0, 0xcd, 0xaa, 0x68,
  0xcd, 0xd0, 0x44, 0xcd, 0xed, 0x42, 0xcd, 0x6b, 0x52, 0x3e, 0x78, 0x32,
  0x04, 0xe0, 0xc3, 0x6a, 0x41, 0x11, 0x1f, 0x47, 0xcd, 0xf0, 0x45, 0x2d,
  0x2d, 0xc3, 0xed, 0x44, 0x3e, 0x18, 0x32, 0x04, 0xe0, 0x21, 0x00, 0xe0,
  0x34, 0xaf, 0x32, 0x01, 0xe0, 0xc9, 0x10, 0x1a, 0xcd, 0x24, 0x52, 0x3a,
  0x0d, 0xe0, 0xa7, 0xc2, 0x19, 0x43, 0x3a, 0x45, 0xe0, 0xb7, 0xc0, 0x18,
  0xdf, 0x3e, 0x08, 0xcd, 0x4f, 0x41, 0x32, 0x04, 0xe0, 0xc9, 0xc3, 0x7d,
  0x52, 0x3a, 0x83, 0xe0, 0xb7, 0x28, 0x16, 0xcd, 0xc5, 0x51, 0x3e, 0x01,
  0x32, 0x45, 0xe0, 0x21, 0x3a, 0x43, 0xe5, 0xcd, 0x3a, 0x57, 0x21, 0x05,
  0x01, 0x22, 0x00, 0xe0, 0xc9, 0x3e, 0x95, 0xcd, 0x6e, 0x4b, 0x18, 0xb0,
  0xc5, 0xcd, 0x6b, 0x52, 0x3e, 0x06, 0x21, 0x03, 0x3b, 0xcd, 0x4d, 0x00,
  0xc1, 0x10, 0x0d, 0xcd, 0x0c, 0x44, 0x21, 0x02, 0xe0, 0x7e, 0xe6, 0xbf,
  0x77, 0xc3, 0x4e, 0x41, 0xcd, 0x29, 0x44, 0xf0, 0x11, 0x5e, 0x47, 0xcd,
  0xf0, 0x45, 0x3e, 0xd8, 0xc3, 0x67, 0x41, 0xc5, 0xcd, 0x6b, 0x52, 0xcd,
  0x7d, 0x59, 0xc1, 0x10, 0x0b, 0xcd, 0x29, 0x44, 0xf0, 0xcd, 0x4c, 0x74,
  0xaf, 0xc3, 0x67, 0x41, 0x10, 0x03, 0xc3, 0x7d, 0x74, 0x10, 0x03, 0xc3,
  0x95, 0x74, 0x10, 0x27, 0x21, 0x43, 0xe0, 0x34, 0x7e, 0xfe, 0x07, 0x01,
  0x04, 0x00, 0x20, 0x08, 0x01, 0x03, 0x03, 0x3e, 0x01, 0x77, 0x2b, 0x34,
  0xcd, 0x4f, 0x41, 0xed, 0x43, 0x00, 0xe0, 0x32, 0x0d, 0xe0, 0xcd, 0x4c,
  0x50, 0x3e, 0x6c, 0x32, 0x0e, 0xe1, 0xc9, 0xcd, 0x0c, 0x44, 0x3e, 0x18,
  0xc3, 0x67, 0x41, 0xcd, 0xc3, 0x46, 0x21, 0x3a, 0xe0, 0xcd, 0xbc, 0x46,
  0xb7, 0xc8, 0x21, 0x04, 0xe0, 0x36, 0x00, 0x6e, 0x11, 0x3b, 0xe0, 0x46,
  0x10, 0x19, 0xe6, 0x30, 0x28, 0x29, 0x1a, 0xb7, 0x3e, 0x40, 0x28, 0x02,
  0x3e, 0x60, 0x32, 0x02, 0xe0, 0x36, 0x03, 0x23, 0x0e, 0x00, 0x71, 0x0d,
  0xc3, 0x32, 0x50, 0x36, 0x01, 0x3e, 0x1b, 0xcd, 0x6e, 0x4b, 0x3e, 0x07,
  0x32, 0x04, 0xe0, 0xcd, 0xbf, 0x49, 0xaf, 0x32, 0x04, 0xe0, 0xc9, 0x1a,
  0xee, 0x01, 0x12, 0xc9, 0x21, 0x04, 0xe0, 0x35, 0xc8, 0xe1, 0xc9, 0x21,
  0x3f, 0xe0, 0x01, 0x0f, 0x01, 0x54, 0x5d, 0x1c, 0x36, 0x00, 0xed, 0xb0,
  0x21, 0x42, 0xe0, 0xaf, 0x77, 0x23, 0x3c, 0x77, 0xc9, 0x21, 0x04, 0xe0,
  0x35, 0xf8, 0x3e, 0x17, 0x96, 0x21, 0xc0, 0x01, 0x85, 0x6f, 0x29, 0x29,
  0x29, 0x29, 0x29, 0x3a, 0x00, 0xe0, 0xfe, 0x03, 0x01, 0x1f, 0x00, 0x28,
  0x09, 0x3a, 0x02, 0xe0, 0xcb, 0x77, 0x28, 0x02, 0x0e, 0x17, 0xaf, 0xcd,
  0x56, 0x00, 0x21, 0x04, 0x3b, 0xcd, 0x6a, 0x44, 0x3a, 0x00, 0xe0, 0xfe,
  0x03, 0xcc, 0x67, 0x44, 0x06, 0x1c, 0x21, 0x12, 0xe1, 0x18, 0x0f, 0x21,
  0x00, 0x3b, 0x3e, 0xd0, 0xcd, 0x4d, 0x00, 0xaf, 0xc9, 0x06, 0x1c, 0x21,
  0x0e, 0xe1, 0x36, 0xc8, 0x23, 0x23, 0x23, 0x23, 0x10, 0xf8, 0xc9, 0x0e,
  0x00, 0x3a, 0x02, 0xe0, 0x87, 0xf0, 0x21, 0x3f, 0xe0, 0x7e, 0x83, 0x27,
  0x77, 0x2c, 0x7e, 0x8a, 0x27, 0x77, 0x23, 0x7e, 0x89, 0x27, 0x77, 0x30,
  0x0e, 0x01, 0x99, 0x99, 0xed, 0x43, 0x3c, 0xe0, 0xed, 0x43, 0x3d, 0xe0,
  0xc9, 0x18, 0x32, 0xeb, 0x21, 0x44, 0xe0, 0xbe, 0x38, 0x09, 0x7e, 0xc6,
  0x05, 0x27, 0x30, 0x02, 0x3e, 0xff, 0x77, 0x06, 0x03, 0x21, 0x3e, 0xe0,
  0xeb, 0x1a, 0x96, 0x38, 0x05, 0xc0, 0x2d, 0x1d, 0x10, 0xf7, 0x01, 0x03,
  0x00, 0x1e, 0x3e, 0x2e, 0x41, 0xed, 0xb8, 0xc9, 0xcd, 0xf4, 0x44, 0x11,
  0x0d, 0x47, 0xcd, 0xf0, 0x45, 0x11, 0x3e, 0xe0, 0x21, 0x38, 0x38, 0xcd,
  0xe6, 0x44, 0x2e, 0x98, 0x1e, 0x41, 0x06, 0x03, 0x18, 0x4b, 0x21, 0x36,
  0x38, 0x11, 0x43, 0xe0, 0x06, 0x01, 0x18, 0x41, 0x21, 0xb9, 0x38, 0x3e,
  0x6f, 0x01, 0x04, 0x00, 0xcd, 0x56, 0x00, 0x2e, 0xd9, 0x11, 0x2d, 0x45,
  0x01, 0x04, 0x00, 0xcd, 0xa7, 0x45, 0x2e, 0xf9, 0x06, 0x08, 0xc5, 0x11,
  0x31, 0x45, 0x01, 0x04, 0x01, 0xcd, 0x75, 0x45, 0xc1, 0x10, 0xf3, 0x2e,
  0xf9, 0x3e, 0x72, 0x0e, 0x04, 0xcd, 0x56, 0x00, 0x11, 0x6a, 0x47, 0xcd,
  0xf0, 0x45, 0xc3, 0x0b, 0x74, 0x70, 0x01, 0x60, 0x71, 0x70, 0x73, 0x01,
  0x71, 0x0e, 0x00, 0x1a, 0x1f, 0x1f, 0x1f, 0x1f, 0xe6, 0x0f, 0x28, 0x02,
  0x0e, 0xff, 0x05, 0x20, 0x02, 0x0e, 0xff, 0x04, 0xc6, 0x10, 0xa1, 0xcd,
  0x4d, 0x00, 0x23, 0x1a, 0xe6, 0x0f, 0x28, 0x02, 0x0e, 0xff, 0xc6, 0x10,
  0xa1, 0xcd, 0x4d, 0x00, 0x1b, 0x23, 0x10, 0xd7, 0xc9, 0x7d, 0x1f, 0x1f,
  0x1f, 0x1f, 0xcb, 0x1c, 0x1f, 0xcb, 0x1c, 0x1f, 0xcb, 0x1c, 0x6c, 0xe6,
  0x03, 0xc6, 0x38, 0x67, 0xc9, 0xc5, 0x06, 0x00, 0xcd, 0xa7, 0x45, 0xc1,
  0x3e, 0x20, 0xcd, 0x3b, 0x40, 0x10, 0xf2, 0xc9, 0xcd, 0x67, 0x44, 0x21,
  0x00, 0x38, 0x01, 0x00, 0x03, 0xaf, 0xc3, 0x56, 0x00, 0x08, 0xcd, 0x53,
  0x00, 0xd9, 0x3a, 0x06, 0x00, 0x4f, 0xd9, 0x08, 0xc9, 0xcd, 0x50, 0x00,
  0xd9, 0x3a, 0x07, 0x00, 0x4f, 0xd9, 0xc9, 0xcd, 0x53, 0x00, 0x3a, 0x06,
  0x00, 0xd9, 0x4f, 0xd9, 0x1a, 0xd9, 0xed, 0x79, 0xd9, 0x13, 0x0b, 0x78,
  0xb1, 0x20, 0xf5, 0xc9, 0xd9, 0x06, 0x03, 0xd9, 0xc5, 0xd5, 0xcd, 0xa7,
  0x45, 0x11, 0x00, 0x08, 0x19, 0xd1, 0xc1, 0xd9, 0x10, 0xf1, 0xc9, 0x16,
  0x03, 0xc5, 0xd5, 0xcd, 0x56, 0x00, 0x11, 0x00, 0x08, 0x19, 0xd1, 0xc1,
  0x15, 0x20, 0xf2, 0xc9, 0x06, 0x03, 0xc5, 0xd5, 0xcd, 0x11, 0x46, 0x11,
  0x00, 0x08, 0x19, 0xd1, 0xc1, 0x10, 0xf3, 0xc9, 0x0e, 0xff, 0xeb, 0x5e,
  0x23, 0x56, 0xeb, 0x13, 0x1a, 0x13, 0x47, 0x04, 0xc8, 0x04, 0x28, 0xf2,
  0xa1, 0xcd, 0x4d, 0x00, 0x23, 0x18, 0xf1, 0x0e, 0x00, 0x18, 0xe7, 0xeb,
  0x5e, 0x23, 0x56, 0xeb, 0x13, 0xcd, 0x91, 0x45, 0x1a, 0xa7, 0xc8, 0x13,
  0x47, 0xe6, 0x7f, 0xb8, 0x28, 0x0e, 0xa7, 0x28, 0xea, 0x47, 0x1a, 0x13,
  0xd9, 0xed, 0x79, 0xd9, 0x10, 0xf8, 0x18, 0xe8, 0x1a, 0x13, 0xd9, 0xed,
  0x79, 0xd9, 0x10, 0xfa, 0x18, 0xde, 0xd5, 0x06, 0x10, 0xcd, 0x79, 0x46,
  0x23, 0x1c, 0x10, 0xf9, 0x7b, 0xd6, 0x20, 0x5f, 0xcb, 0x63, 0x28, 0xef,
  0xd1, 0x3e, 0x20, 0xcd, 0x40, 0x40, 0x0d, 0x20, 0xe5, 0xc9, 0x06, 0x03,
  0xc5, 0xe5, 0xd5, 0x06, 0x08, 0xcd, 0x79, 0x46, 0x23, 0x13, 0x10, 0xf9,
  0x0d, 0x20, 0xf4, 0xe1, 0x11, 0x00, 0x08, 0x19, 0xeb, 0xe1, 0xc1, 0x10,
  0xe7, 0xc9, 0xc5, 0x4f, 0x06, 0x08, 0xcb, 0x19, 0x17, 0x10, 0xfb, 0xc1,
  0xc9, 0xcd, 0x4a, 0x00, 0xcd, 0x6e, 0x46, 0xeb, 0xcd, 0x4d, 0x00, 0xeb,
  0xc9, 0x3e, 0xb8, 0xcd, 0xf6, 0x4b, 0x3e, 0x1b, 0xcd, 0x7f, 0x40, 0xaf,
  0x67, 0x6f, 0x01, 0x00, 0x40, 0xcd, 0x56, 0x00, 0x21, 0xa9, 0x46, 0x16,
  0x08, 0x0e, 0x00, 0x46, 0xcd, 0x47, 0x00, 0x23, 0x0c, 0x15, 0x20, 0xf7,
  0xc9, 0x02, 0xe2, 0x0e, 0x7f, 0x07, 0x76, 0x03, 0xe4, 0x0e, 0x07, 0xc3,
  0x38, 0x40, 0xcd, 0xc3, 0x46, 0x21, 0x09, 0xe0, 0x4e, 0x77, 0xa9, 0xa6,
  0x2b, 0x77, 0xc9, 0x1e, 0x8f, 0x3e, 0x0f, 0xcd, 0x93, 0x00, 0x3e, 0x0e,
  0xf3, 0xcd, 0x96, 0x00, 0xfb, 0x2f, 0xe6, 0x3f, 0xf5, 0x3e, 0x07, 0xcd,
  0x41, 0x01, 0x2f, 0x0f, 0xe6, 0x20, 0x5f, 0x3e, 0x08, 0xcd, 0x41, 0x01,
  0x2f, 0x0f, 0x0f, 0x47, 0xe6, 0x04, 0xb3, 0x4f, 0x78, 0x0f, 0x0f, 0x47,
  0xe6, 0x18, 0xb1, 0x4f, 0x78, 0x0f, 0xe6, 0x03, 0xb1, 0xc1, 0xb0, 0xc9,
  0x4a, 0x39, 0x0c, 0x5a, 0x80, 0x6c, 0x39, 0x88, 0x33, 0x2f, 0x26, 0x34,
  0x37, 0x21, 0x32, 0x25, 0x00, 0x17, 0x38, 0x28, 0x29, 0x33, 0x23, 0x2f,
  0x32, 0x25, 0xfe, 0x77, 0x38, 0x33, 0x23, 0x2f, 0x32, 0x25, 0xff, 0x69,
  0x39, 0x33, 0x34, 0x21, 0x27, 0x25, 0x00, 0x00, 0x00, 0xff, 0x4a, 0x39,
  0x1a, 0x2b, 0x2f, 0x2e, 0x21, 0x2d, 0x29, 0x00, 0x11, 0x19, 0x18, 0x15,
  0xfe, 0xab, 0x39, 0x30, 0x2c, 0x21, 0x39, 0x00, 0x33, 0x25, 0x2c, 0x25,
  0x23, 0x34, 0xfe, 0x0d, 0x3a, 0x2c, 0x25, 0x36, 0x25, 0x2c, 0x00, 0x21,
  0xff, 0x4d, 0x3a, 0x2c, 0x25, 0x36, 0x25, 0x2c, 0x00, 0x22, 0xff, 0x1b,
  0x1c, 0xff, 0x69, 0x39, 0x27, 0x21, 0x2d, 0x25, 0x00, 0x2f, 0x36, 0x25,
  0x32, 0xff, 0xf8, 0x3a, 0x5a, 0x5b, 0x5c, 0x5d, 0x5e, 0x5f, 0xff, 0xcd,
  0x9a, 0x48, 0x11, 0x8a, 0x47, 0x21, 0x80, 0x20, 0xcd, 0xe0, 0x45, 0x3e,
  0xf0, 0x21, 0x80, 0x00, 0x01, 0x60, 0x01, 0xc3, 0xcf, 0x45, 0x8b, 0x00,
  0x1c, 0x22, 0x63, 0x63, 0x63, 0x22, 0x1c, 0x00, 0x18, 0x38, 0x04, 0x18,
  0xcc, 0x7e, 0x00, 0x3e, 0x63, 0x03, 0x0e, 0x3c, 0x70, 0x7f, 0x00, 0x3e,
  0x63, 0x03, 0x0e, 0x03, 0x63, 0x3e, 0x00, 0x0e, 0x1e, 0x36, 0x66, 0x66,
  0x7f, 0x06, 0x00, 0x7f, 0x60, 0x7e, 0x63, 0x03, 0x63, 0x3e, 0x00, 0x3e,
  0x63, 0x60, 0x7e, 0x63, 0x63, 0x3e, 0x00, 0x7f, 0x63, 0x06, 0x0c, 0x18,
  0x18, 0x18, 0x00, 0x3e, 0x63, 0x63, 0x3e, 0x63, 0x63, 0x3e, 0x00, 0x3e,
  0x63, 0x63, 0x3f, 0x03, 0x63, 0x3e, 0x3c, 0x42, 0x99, 0xa1, 0xa1, 0x99,
  0x42, 0x3c, 0x00, 0x0f, 0x1f, 0x04, 0xff, 0x89, 0x0f, 0x00, 0x00, 0xfe,
  0xe0, 0xe0, 0xc0, 0xc0, 0x80, 0x18, 0x00, 0x04, 0x00, 0x01, 0x7e, 0x04,
  0x00, 0x97, 0x1c, 0x36, 0x63, 0x63, 0x7f, 0x63, 0x63, 0x00, 0x7e, 0x63,
  0x63, 0x7e, 0x63, 0x63, 0x7e, 0x00, 0x3e, 0x63, 0x60, 0x60, 0x60, 0x63,
  0x3e, 0x09, 0x00, 0xa1, 0x7f, 0x60, 0x60, 0x7e, 0x60, 0x60, 0x7f, 0x00,
  0x7f, 0x60, 0x60, 0x7e, 0x60, 0x60, 0x60, 0x00, 0x3e, 0x63, 0x60, 0x67,
  0x63, 0x63, 0x3f, 0x00, 0x63, 0x63, 0x63, 0x7f, 0x63, 0x63, 0x63, 0x00,
  0x3c, 0x05, 0x18, 0x81, 0x3c, 0x09, 0x00, 0x88, 0x63, 0x66, 0x6c, 0x78,
  0x7c, 0x6e, 0x67, 0x00, 0x06, 0x60, 0x93, 0x7f, 0x00, 0x63, 0x77, 0x7f,
  0x7f, 0x6b, 0x63, 0x63, 0x00, 0x63, 0x73, 0x7b, 0x7f, 0x6f, 0x67, 0x63,
  0x00, 0x3e, 0x05, 0x63, 0x89, 0x3e, 0x00, 0x7e, 0x63, 0x63, 0x63, 0x7e,
  0x60, 0x60, 0x08, 0x00, 0x92, 0x00, 0x7e, 0x63, 0x63, 0x62, 0x7c, 0x66,
  0x63, 0x00, 0x3e, 0x63, 0x60, 0x3e, 0x03, 0x63, 0x3e, 0x00, 0x7e, 0x06,
  0x18, 0x09, 0x00, 0x04, 0x63, 0x8b, 0x36, 0x1c, 0x08, 0x00, 0x63, 0x63,
  0x6b, 0x6b, 0x7f, 0x77, 0x22, 0x09, 0x00, 0x87, 0x66, 0x66, 0x7e, 0x3c,
  0x18, 0x18, 0x18, 0x08, 0x00, 0x00, 0x21, 0x00, 0x20, 0x01, 0x80, 0x00,
  0xaf, 0xcd, 0xcf, 0x45, 0x21, 0x00, 0x00, 0x11, 0x08, 0x00, 0x06, 0x10,
  0xc5, 0x01, 0x08, 0x00, 0xe5, 0xcd, 0xcf, 0x45, 0xe1, 0x19, 0x3c, 0xc1,
  0x10, 0xf2, 0xc9, 0x3e, 0x0e, 0x32, 0x0a, 0xe0, 0x21, 0xaa, 0x3a, 0x22,
  0x0e, 0xe0, 0xc3, 0x10, 0x40, 0x11, 0x0f, 0x49, 0x21, 0x00, 0x62, 0xcd,
  0xe0, 0x45, 0x21, 0x00, 0x02, 0x01, 0xd8, 0x00, 0x3e, 0xf0, 0xc3, 0xcf,
  0x45, 0x2a, 0x0e, 0xe0, 0x11, 0xe0, 0xff, 0x19, 0x22, 0x0e, 0xe0, 0x3e,
  0x40, 0x06, 0x03, 0xcd, 0x01, 0x49, 0x01, 0x0c, 0x0b, 0xcd, 0x01, 0x49,
  0x41, 0xcd, 0x01, 0x49, 0xaf, 0xcd, 0x56, 0x00, 0x21, 0x0a, 0xe0, 0x35,
  0xc9, 0xe5, 0xcd, 0x4d, 0x00, 0x23, 0x3c, 0x10, 0xf9, 0xd1, 0x21, 0x20,
  0x00, 0x19, 0xc9, 0x0f, 0x00, 0x01, 0x01, 0x06, 0x00, 0x82, 0xff, 0xfe,
  0x08, 0x0f, 0x84, 0xc3, 0xc7, 0xcf, 0xdf, 0x03, 0xff, 0x89, 0xfe, 0xfc,
  0xf8, 0xf0, 0xe0, 0xc0, 0x80, 0x07, 0x07, 0x05, 0x00, 0x83, 0x03, 0xcf,
  0xdf, 0x05, 0x00, 0x83, 0xe1, 0xf9, 0x7d, 0x05, 0x00, 0x83, 0xef, 0xff,
  0xf7, 0x05, 0x00, 0x83, 0x07, 0x8f, 0x9e, 0x05, 0x00, 0x83, 0xf0, 0xf8,
  0x78, 0x05, 0x00, 0x83, 0xf7, 0xff, 0xfb, 0x05, 0x00, 0x8b, 0x8f, 0xdf,
  0xf7, 0x0c, 0x1e, 0x1e, 0x0c, 0x00, 0x1e, 0x9e, 0x9e, 0x08, 0x0f, 0x90,
  0xff, 0xff, 0xdf, 0xcf, 0xc7, 0xc3, 0xc1, 0xc0, 0x07, 0x87, 0xc7, 0xef,
  0xff, 0xff, 0xff, 0xfc, 0x04, 0xde, 0x84, 0x9e, 0x9f, 0x0f, 0x03, 0x05,
  0x3d, 0x83, 0x7d, 0xf9, 0xe1, 0x08, 0xe3, 0x90, 0xdc, 0xc0, 0xc7, 0xde,
  0xdc, 0xde, 0xcf, 0xc3, 0x3c, 0x7c, 0xfc, 0x3c, 0x3c, 0x7c, 0xfc, 0xde,
  0x08, 0xf1, 0x08, 0xe3, 0x08, 0xde, 0x88, 0x38, 0x44, 0xba, 0xaa, 0xb2,
  0xaa, 0x44, 0x38, 0x03, 0x00, 0x01, 0xff, 0x04, 0x00, 0x00, 0x06, 0xe0,
  0xcd, 0xb1, 0x46, 0xcd, 0x84, 0x45, 0xcd, 0x73, 0x47, 0x11, 0x25, 0x4a,
  0x21, 0x00, 0x26, 0xcd, 0xe0, 0x45, 0x3e, 0x01, 0xc3, 0xef, 0x40, 0xcd,
  0xa6, 0x49, 0x11, 0x2a, 0x47, 0xcd, 0xf0, 0x45, 0xcd, 0xf0, 0x45, 0x3a,
  0x04, 0xe0, 0xd6, 0x20, 0xed, 0x44, 0xc6, 0x40, 0x6f, 0x26, 0x38, 0x11,
  0x0c, 0x4b, 0x0e, 0x11, 0xcd, 0xec, 0x49, 0x3a, 0x04, 0xe0, 0xc6, 0xc0,
  0x6f, 0x26, 0x38, 0x11, 0x2f, 0x4b, 0x0e, 0x15, 0x06, 0x03, 0xc5, 0xe5,
  0xd5, 0x3a, 0x04, 0xe0, 0xd6, 0x20, 0xed, 0x44, 0x47, 0x1a, 0x3c, 0x28,
  0x17, 0xcd, 0x53, 0x00, 0xc5, 0x3a, 0x06, 0x00, 0x4f, 0x1a, 0xed, 0x79,
  0xc1, 0x23, 0x13, 0x79, 0xfe, 0x15, 0x28, 0x04, 0x1b, 0x1b, 0x2b, 0x2b,
  0x10, 0xe3, 0xd1, 0xe1, 0xc1, 0x3e, 0x20, 0xcd, 0x3b, 0x40, 0x79, 0xcd,
  0x40, 0x40, 0x10, 0xca, 0xc9, 0x02, 0xff, 0x83, 0xc0, 0xc7, 0xc7, 0x03,
  0xc6, 0x85, 0xfc, 0xfe, 0x06, 0xe7, 0xe3, 0x03, 0x63, 0x06, 0xc6, 0x02,
  0xfe, 0x06, 0x63, 0x02, 0x7f, 0x85, 0x3f, 0x7f, 0x60, 0xe7, 0xc7, 0x03,
  0xc6, 0x85, 0xfc, 0xfe, 0x06, 0xe7, 0xe3, 0x03, 0x63, 0x03, 0xc6, 0x85,
  0xc7, 0xe7, 0x60, 0x7f, 0x3f, 0x03, 0x63, 0x87, 0xe3, 0xe7, 0x06, 0xfe,
  0xfc, 0x1f, 0x1f, 0x03, 0x18, 0x85, 0x38, 0x3b, 0x33, 0xf8, 0xf8, 0x03,
  0x18, 0x93, 0x1c, 0xdc, 0xcc, 0x67, 0x6e, 0xee, 0xec, 0xcc, 0xcc, 0xfc,
  0xfc, 0xe6, 0x76, 0x77, 0x37, 0x33, 0x33, 0x3f, 0x3f, 0x03, 0xc6, 0x02,
  0xc7, 0x81, 0xc0, 0x04, 0xff, 0x83, 0x03, 0xff, 0xff, 0x03, 0x00, 0x02,
  0xfe, 0x06, 0xc6, 0x8d, 0xfc, 0xfe, 0x06, 0xe7, 0xe3, 0x63, 0x63, 0x7f,
  0xff, 0xff, 0xc0, 0xfc, 0xfc, 0x03, 0x0c, 0x02, 0xff, 0x83, 0x01, 0x7f,
  0x7f, 0x03, 0x60, 0x06, 0x0c, 0x02, 0x0f, 0x06, 0x60, 0x02, 0xe0, 0x03,
  0x00, 0x02, 0xff, 0x83, 0x00, 0xff, 0xff, 0x02, 0x7f, 0x06, 0x63, 0x90,
  0xc6, 0xc6, 0xc7, 0xc7, 0xc0, 0xc7, 0xc7, 0xc6, 0x63, 0x67, 0xe6, 0xee,
  0x0c, 0xee, 0xe6, 0x67, 0x08, 0xc6, 0x08, 0x63, 0x03, 0x36, 0x02, 0x77,
  0x02, 0x60, 0x81, 0x67, 0x03, 0x6c, 0x02, 0xee, 0x02, 0x06, 0x8e, 0xe6,
  0x00, 0x00, 0xff, 0xff, 0x03, 0xff, 0xff, 0x00, 0x7f, 0x00, 0x00, 0xff,
  0xff, 0x05, 0x63, 0x02, 0xe3, 0x01, 0x03, 0x02, 0xe3, 0x81, 0x63, 0x08,
  0x0c, 0x08, 0x60, 0x00, 0xff, 0x00, 0xc0, 0xc1, 0x00, 0xc4, 0xc5, 0x00,
  0xc8, 0xc9, 0x00, 0xc0, 0xc1, 0x00, 0x00, 0x00, 0x00, 0xff, 0x00, 0xd6,
  0xd7, 0x00, 0xd8, 0xd9, 0x00, 0xda, 0xdb, 0x00, 0xd8, 0xd9, 0x00, 0x00,
  0x00, 0x00, 0xff, 0x00, 0xc2, 0xc3, 0x00, 0xc6, 0xc7, 0x00, 0xca, 0xcb,
  0x00, 0xcc, 0xc7, 0x00, 0x00, 0x00, 0x00, 0xc0, 0xcd, 0x00, 0xce, 0x00,
  0xc4, 0xc1, 0x00, 0xce, 0xd5, 0x00, 0xd0, 0xd1, 0x00, 0xc0, 0xcd, 0x00,
  0xc0, 0xc1, 0x00, 0xff, 0xd6, 0xdc, 0x00, 0xd8, 0x00, 0xd8, 0xdd, 0x00,
  0xd6, 0xde, 0x00, 0xdf, 0xe0, 0x00, 0xd6, 0xdc, 0x00, 0xd6, 0xd7, 0x00,
  0xff, 0xc2, 0x00, 0x00, 0xc2, 0x00, 0xc6, 0xc7, 0x00, 0xc2, 0xc3, 0x00,
  0xd2, 0xd3, 0x00, 0xcc, 0xd4, 0x00, 0xc2, 0xc3, 0x00, 0xff, 0xf3, 0x16,
  0x00, 0xcd, 0x76, 0x4b, 0xfb, 0xc9, 0x4f, 0x06, 0x01, 0x21, 0x12, 0xe0,
  0xe6, 0x3f, 0xfe, 0x01, 0x28, 0x21, 0xfe, 0x05, 0x38, 0x0e, 0xfe, 0x0f,
  0x38, 0x04, 0x04, 0x04, 0x18, 0x09, 0x21, 0x1d, 0xe0, 0x04, 0x18, 0x03,
  0x21, 0x28, 0xe0, 0x15, 0x28, 0x09, 0x7e, 0xe6, 0x3f, 0x5f, 0x79, 0xe6,
  0x3f, 0xbb, 0xd8, 0xe6, 0x3f, 0x87, 0x11, 0xe0, 0x4d, 0xcd, 0x40, 0x40,
  0x2b, 0x2b, 0xe5, 0x21, 0x0d, 0xeb, 0x22, 0x32, 0xe0, 0x21, 0x0d, 0xee,
  0x22, 0x34, 0xe0, 0xe1, 0x36, 0x01, 0x23, 0x36, 0x01, 0x23, 0x71, 0x23,
  0x1a, 0x77, 0x23, 0x13, 0x1a, 0x77, 0x3e, 0x07, 0x85, 0x6f, 0x13, 0x10,
  0xeb, 0xc9, 0xdd, 0x7e, 0x02, 0xc5, 0x16, 0x01, 0xcd, 0x76, 0x4b, 0xc1,
  0x08, 0xdd, 0x77, 0x09, 0xc9, 0x3a, 0x31, 0xe0, 0x5f, 0x79, 0xfe, 0x01,
  0x28, 0x01, 0x3d, 0x07, 0x07, 0x07, 0x15, 0x28, 0x04, 0x2f, 0xa3, 0x18,
  0x01, 0xb3, 0x32, 0x31, 0xe0, 0x5f, 0x3e, 0x07, 0xc3, 0x93, 0x00, 0x3a,
  0x31, 0xe0, 0xcd, 0xf6, 0x4b, 0x0e, 0x01, 0xdd, 0x21, 0x10, 0xe0, 0xd9,
  0x06, 0x03, 0x11, 0x0b, 0x00, 0xd9, 0xdd, 0x7e, 0x02, 0xfe, 0x01, 0x28,
  0x0c, 0xb7, 0xc4, 0xbc, 0x4c, 0x0c, 0x0c, 0xd9, 0xdd, 0x19, 0x10, 0xed,
  0xc9, 0xfd, 0x21, 0x34, 0xe0, 0x3a, 0x03, 0xe0, 0xe6, 0x03, 0xcb, 0x47,
  0x20, 0x53, 0xfe, 0x02, 0x28, 0x4b, 0x3a, 0x4f, 0xe0, 0x26, 0x00, 0x6f,
  0x5d, 0x54, 0x29, 0x29, 0x3a, 0x38, 0xe0, 0xfe, 0x00, 0x28, 0x20, 0x3a,
  0x4f, 0xe0, 0xfe, 0x7e, 0x30, 0x09, 0xfe, 0x30, 0x30, 0x1b, 0x29, 0x29,
  0x29, 0x18, 0x27, 0x3a, 0x38, 0xe0, 0xfe, 0x00, 0x20, 0x03, 0x29, 0x18,
  0x06, 0x19, 0x11, 0xb0, 0x04, 0x18, 0x16, 0x29, 0x11, 0x00, 0x03, 0x18,
  0x10, 0x3a, 0x4f, 0xe0, 0xd6, 0x30, 0x6f, 0x26, 0x00, 0x29, 0x29, 0x29,
  0x29, 0x1e, 0x00, 0x16, 0x05, 0x19, 0x22, 0x36, 0xe0, 0xfd, 0x21, 0x32,
  0xe0, 0xed, 0x5b, 0x36, 0xe0, 0xfd, 0x66, 0x00, 0xfd, 0x6e, 0x01, 0xed,
  0x52, 0xcd, 0xc3, 0x4d, 0x3a, 0x83, 0xe0, 0xfe, 0x10, 0x38, 0x13, 0x3a,
  0x28, 0xe0, 0xfe, 0x03, 0x28, 0x0c, 0xfe, 0x0a, 0x28, 0x0c, 0xfe, 0x0d,
  0x28, 0x08, 0x1e, 0x0d, 0x18, 0x06, 0x1e, 0x09, 0x18, 0x02, 0x1e, 0x00,
  0x3e, 0x08, 0xcd, 0x93, 0x00, 0xc3, 0x1d, 0x4c, 0xcb, 0x77, 0x16, 0x01,
  0xcc, 0xe1, 0x4b, 0xdd, 0x7e, 0x02, 0xb7, 0xfa, 0x35, 0x4d, 0xdd, 0x35,
  0x00, 0xc0, 0xdd, 0x6e, 0x03, 0xdd, 0x66, 0x04, 0x7e, 0xfe, 0xff, 0x28,
  0x4c, 0xdd, 0xcb, 0x02, 0x7e, 0xc2, 0x5f, 0x4d, 0xe6, 0xf0, 0xfe, 0x20,
  0x20, 0x07, 0x7e, 0xe6, 0x0f, 0xdd, 0x77, 0x01, 0x23, 0x7e, 0xe6, 0xf0,
  0xfe, 0x10, 0x20, 0x0f, 0x7e, 0xe6, 0x1f, 0x5f, 0x3e, 0x06, 0xcd, 0x93,
  0x00, 0x16, 0x00, 0xcd, 0xe1, 0x4b, 0x23, 0x7e, 0xe6, 0xf0, 0x47, 0xae,
  0x57, 0x23, 0x5e, 0xcd, 0xce, 0x4d, 0xeb, 0xcd, 0xc3, 0x4d, 0x78, 0x0f,
  0x0f, 0x0f, 0x0f, 0x67, 0xdd, 0x7e, 0x01, 0xdd, 0x77, 0x00, 0xc6, 0x02,
  0xdd, 0x77, 0x08, 0x18, 0x32, 0xaf, 0xdd, 0x77, 0x09, 0x16, 0x01, 0xcd,
  0xe1, 0x4b, 0xaf, 0xdd, 0x77, 0x02, 0x67, 0x18, 0x22, 0xdd, 0x35, 0x00,
  0xca, 0xce, 0x4c, 0xdd, 0x35, 0x08, 0xdd, 0x7e, 0x08, 0xdd, 0xbe, 0x00,
  0x20, 0x05, 0xfe, 0x03, 0x38, 0x04, 0xc9, 0xdd, 0x35, 0x08, 0xdd, 0x7e,
  0x07, 0x3d, 0xf8, 0xdd, 0x77, 0x07, 0x67, 0x79, 0x0f, 0xc6, 0x88, 0x5c,
  0xc3, 0x93, 0x00, 0x7e, 0xe6, 0xf0, 0xfe, 0xd0, 0x7e, 0x20, 0x07, 0xe6,
  0x0f, 0xdd, 0x77, 0x0a, 0x23, 0x7e, 0xfe, 0xf0, 0x38, 0x07, 0xe6, 0x0f,
  0xdd, 0x77, 0x06, 0x23, 0x7e, 0xfe, 0xe0, 0x38, 0x07, 0xe6, 0x0f, 0xdd,
  0x77, 0x05, 0x23, 0x7e, 0xe6, 0x0f, 0x47, 0xdd, 0x7e, 0x0a, 0x28, 0x05,
  0xdd, 0x86, 0x0a, 0x10, 0xfb, 0xdd, 0x77, 0x01, 0x7e, 0xcd, 0xce, 0x4d,
  0xe6, 0xf0, 0x0f, 0x0f, 0x0f, 0x0f, 0x47, 0xd6, 0x0c, 0xdd, 0x77, 0x07,
  0x28, 0x06, 0xdd, 0x7e, 0x06, 0xdd, 0x77, 0x07, 0xcd, 0x17, 0x4d, 0x78,
  0x21, 0xd6, 0x4d, 0xcd, 0x3b, 0x40, 0x6e, 0x26, 0x00, 0xdd, 0x7e, 0x05,
  0xb7, 0x28, 0x04, 0x47, 0x29, 0x10, 0xfd, 0x79, 0x5c, 0xcd, 0x93, 0x00,
  0x79, 0x3d, 0x5d, 0xc3, 0x93, 0x00, 0x23, 0xdd, 0x75, 0x03, 0xdd, 0x74,
  0x04, 0xc9, 0x6b, 0x65, 0x5f, 0x5a, 0x54, 0x50, 0x4c, 0x47, 0x43, 0x40,
  0x3c, 0x39, 0x1c, 0x4e, 0x1d, 0x4e, 0x2f, 0x4e, 0x47, 0x4e, 0x5b, 0x4e,
  0x71, 0x4e, 0x87, 0x4e, 0x9d, 0x4e, 0xb3, 0x4e, 0xc2, 0x4e, 0xd1, 0x4e,
  0xe4, 0x4e, 0xe5, 0x4e, 0xef, 0x4e, 0xf9, 0x4e, 0x20, 0x4f, 0x3d, 0x4f,
  0x3e, 0x4f, 0x5a, 0x4f, 0x76, 0x4f, 0x8f, 0x4f, 0xa9, 0x4f, 0xc3, 0x4f,
  0xd4, 0x4f, 0xf0, 0x4f, 0x0e, 0x50, 0x27, 0x50, 0x27, 0x50, 0x27, 0x50,
  0xff, 0x27, 0xc0, 0x61, 0xc0, 0xc1, 0xc0, 0x31, 0xc0, 0x61, 0xc0, 0x61,
  0xc0, 0x61, 0xc0, 0x31, 0xc0, 0x61, 0xff, 0x24, 0xd0, 0x60, 0xb0, 0xa0,
  0xa0, 0x60, 0x90, 0xa0, 0x70, 0x60, 0x80, 0xa0, 0x60, 0x60, 0x70, 0xa0,
  0x60, 0x60, 0x60, 0xa0, 0x50, 0x60, 0xff, 0x21, 0xc4, 0x00, 0xd4, 0x03,
  0xe5, 0x00, 0xe4, 0x03, 0xf4, 0x00, 0xf4, 0x00, 0xe4, 0x03, 0xd4, 0x00,
  0xc4, 0x03, 0xff, 0x22, 0xb1, 0x01, 0xc1, 0x01, 0xc1, 0x01, 0xc1, 0x01,
  0xb1, 0x01, 0xa1, 0x01, 0x91, 0x01, 0x81, 0x01, 0x71, 0x01, 0x61, 0x01,
  0xff, 0x22, 0xb1, 0x03, 0xc1, 0x03, 0xc1, 0x03, 0xc1, 0x03, 0xb1, 0x03,
  0xa1, 0x03, 0x91, 0x03, 0x81, 0x03, 0x71, 0x03, 0x61, 0x03, 0xff, 0x26,
  0xc0, 0x80, 0xd0, 0x80, 0xd0, 0x80, 0xd0, 0x80, 0xc0, 0x80, 0xb0, 0x80,
  0xa0, 0x80, 0x90, 0x80, 0x80, 0x80, 0x70, 0x80, 0xff, 0x26, 0xc0, 0x82,
  0xd0, 0x82, 0xd0, 0x82, 0xd0, 0x82, 0xc0, 0x82, 0xb0, 0x82, 0xa0, 0x82,
  0x90, 0x82, 0x80, 0x82, 0x70, 0x82, 0xff, 0x25, 0xa1, 0x44, 0xa1, 0x4a,
  0xb1, 0x54, 0xc1, 0x64, 0x27, 0xb1, 0x74, 0x91, 0x84, 0xff, 0x25, 0xa1,
  0x60, 0xa1, 0x66, 0xb1, 0x70, 0xc1, 0x80, 0x27, 0xb1, 0xa0, 0x91, 0xb0,
  0xff, 0x21, 0xc0, 0x60, 0xc0, 0x6f, 0xc0, 0x67, 0xc0, 0x62, 0xc0, 0x6c,
  0xc0, 0x6f, 0xc0, 0x68, 0xff, 0xc0, 0x60, 0xff, 0xff, 0x21, 0xc0, 0x9a,
  0xb0, 0xa5, 0xa0, 0x92, 0x70, 0x92, 0xff, 0x21, 0xc0, 0x92, 0xb0, 0xa1,
  0xa0, 0x94, 0x90, 0x94, 0xff, 0x21, 0x1f, 0xd6, 0xc0, 0xd6, 0x90, 0xc6,
  0xc0, 0xe5, 0x05, 0xc6, 0xc0, 0xf5, 0x94, 0xf5, 0xd0, 0xd5, 0xd0, 0xd5,
  0xd0, 0x27, 0xc5, 0xd0, 0xb5, 0xd0, 0xa5, 0xd0, 0x29, 0x95, 0xd0, 0x85,
  0x50, 0x75, 0xe0, 0x65, 0x70, 0x55, 0xd0, 0xff, 0x21, 0x1f, 0xe6, 0x40,
  0xd7, 0x00, 0xa6, 0x43, 0xf6, 0xd0, 0x23, 0xe6, 0x50, 0xd6, 0x50, 0x27,
  0xc6, 0x30, 0x86, 0x50, 0x76, 0x50, 0x66, 0x50, 0x56, 0x50, 0x46, 0x50,
  0xff, 0xff, 0xd7, 0xfc, 0xe2, 0x11, 0x10, 0x64, 0x80, 0xa2, 0xb0, 0xa0,
  0x80, 0xa7, 0xd3, 0x11, 0x60, 0xd7, 0xe1, 0x11, 0xd3, 0x11, 0xd7, 0x27,
  0x20, 0x40, 0x20, 0x40, 0x69, 0xff, 0xd7, 0xfb, 0xe3, 0xb1, 0xb0, 0xa4,
  0xb0, 0xe2, 0x12, 0x30, 0x30, 0x30, 0x17, 0xd3, 0xc2, 0xd7, 0xa0, 0xd3,
  0xc1, 0xd7, 0xa0, 0x97, 0x90, 0xb0, 0x90, 0xb0, 0xa9, 0xff, 0xd7, 0xfc,
  0xe3, 0xc2, 0x61, 0x60, 0x61, 0x60, 0x65, 0xc1, 0x60, 0x61, 0x60, 0x65,
  0xc1, 0x60, 0x61, 0x60, 0x65, 0xc1, 0x60, 0x61, 0x60, 0x63, 0xff, 0xd8,
  0xfb, 0xe1, 0x50, 0x20, 0x50, 0x90, 0xa0, 0x90, 0x50, 0x00, 0x30, 0xe2,
  0xa0, 0xe1, 0x30, 0x70, 0xd7, 0xa3, 0xd1, 0x93, 0xa3, 0xd8, 0xe0, 0x07,
  0xff, 0xd8, 0xfb, 0xe1, 0x00, 0xe2, 0x90, 0xe1, 0x00, 0x50, 0x70, 0x50,
  0x00, 0xe2, 0x90, 0xa0, 0x50, 0xa0, 0x30, 0xd7, 0x73, 0xd1, 0x53, 0x73,
  0xd8, 0x97, 0xff, 0xd8, 0xfc, 0xe3, 0x51, 0x91, 0xa1, 0x91, 0x31, 0x71,
  0xd7, 0xa3, 0xd1, 0x03, 0x23, 0xd8, 0x57, 0xff, 0xd3, 0xfb, 0xe1, 0x41,
  0xc3, 0x41, 0x3b, 0xe2, 0xb1, 0xe1, 0x11, 0x31, 0xc1, 0x31, 0x41, 0x31,
  0xc1, 0x11, 0xc1, 0xe2, 0xb1, 0xc1, 0xe1, 0x31, 0xc1, 0xd8, 0x18, 0xff,
  0xd3, 0xfb, 0xe1, 0x11, 0xc3, 0x11, 0xe2, 0x6b, 0x60, 0xc0, 0x60, 0xc0,
  0x61, 0xc1, 0x60, 0xc0, 0x60, 0xc0, 0x61, 0xc1, 0x61, 0xc1, 0x61, 0xc1,
  0x61, 0xc1, 0xd8, 0xfd, 0x68, 0xff, 0xd3, 0xfc, 0xe3, 0x61, 0xc3, 0x61,
  0xbb, 0xb0, 0xc0, 0xb0, 0xc0, 0xb1, 0xc1, 0xb0, 0xc0, 0xb0, 0xc0, 0xb1,
  0xc1, 0xb1, 0xc1, 0xb1, 0xc1, 0xb1, 0xff, 0xff, 0x21, 0x04, 0xe0, 0xcb,
  0x5e, 0x0e, 0xff, 0x20, 0x01, 0x0c, 0x21, 0x0a, 0x3a, 0x11, 0x4a, 0x3a,
  0x3a, 0x3b, 0xe0, 0xb7, 0x28, 0x01, 0xeb, 0xd5, 0xcd, 0x46, 0x50, 0xe1,
  0x0e, 0x00, 0x11, 0x5b, 0x47, 0xc3, 0xf8, 0x45, 0x21, 0x48, 0xe0, 0x11,
  0x49, 0xe0, 0x01, 0x4e, 0x03, 0x36, 0x00, 0xed, 0xb0, 0xcd, 0xe5, 0x51,
  0x21, 0x98, 0xe0, 0x11, 0x99, 0xe0, 0x36, 0x20, 0x0e, 0x17, 0xed, 0xb0,
  0x21, 0x42, 0xe0, 0x7e, 0xb7, 0x20, 0x09, 0x23, 0x7e, 0x21, 0xbe, 0x50,
  0xfe, 0x06, 0x20, 0x03, 0x21, 0xdc, 0x50, 0x22, 0xb2, 0xe0, 0xcd, 0xbf,
  0x50, 0x3e, 0x08, 0x32, 0x7d, 0xe0, 0xcd, 0xff, 0x51, 0x3e, 0xd0, 0x32,
  0x83, 0xe0, 0x3a, 0x43, 0xe0, 0x3d, 0x21, 0x91, 0x51, 0xcd, 0x3b, 0x40,
  0x7e, 0x32, 0x89, 0xe0, 0x3a, 0x43, 0xe0, 0x3d, 0x6f, 0x26, 0x00, 0x29,
  0x29, 0x29, 0x29, 0x11, 0x7d, 0x53, 0x19, 0x22, 0xbd, 0xe0, 0xcd, 0x20,
  0x70, 0x3e, 0x04, 0x32, 0x86, 0xe0, 0x11, 0x86, 0xe1, 0xed, 0x53, 0x46,
  0xe0, 0xc9, 0xff, 0xcd, 0x32, 0x51, 0x3a, 0x43, 0xe0, 0x3d, 0xcd, 0x45,
  0x40, 0xe7, 0x50, 0xe8, 0x50, 0xef, 0x50, 0x0a, 0x51, 0x22, 0x51, 0xd5,
  0x50, 0x21, 0xe4, 0x7f, 0x22, 0x90, 0xe0, 0xc9, 0x01, 0x00, 0x04, 0x00,
  0x06, 0x01, 0x07, 0x01, 0x0e, 0x00, 0x00, 0xc9, 0x21, 0xc5, 0x7d, 0x22,
  0x8a, 0xe0, 0xc9, 0x21, 0x85, 0x7c, 0x22, 0x90, 0xe0, 0x21, 0x54, 0x7c,
  0x22, 0x6f, 0xe0, 0x3e, 0x01, 0x32, 0x7c, 0xe0, 0x32, 0x8a, 0xe0, 0x21,
  0xa1, 0x7a, 0x22, 0xb2, 0xe0, 0xc9, 0x21, 0x16, 0x51, 0x11, 0x8a, 0xe0,
  0x01, 0x0c, 0x00, 0xed, 0xb0, 0xc9, 0x7c, 0x7e, 0x01, 0x01, 0x00, 0x00,
  0x57, 0x7e, 0x3f, 0x01, 0xc5, 0x7d, 0xcd, 0x0a, 0x51, 0x21, 0x8a, 0x7d,
  0x22, 0x8a, 0xe0, 0x21, 0x0e, 0x01, 0x22, 0x92, 0xe0, 0xc9, 0x3a, 0x43,
  0xe0, 0x3d, 0x87, 0x47, 0x87, 0x80, 0x21, 0x61, 0x51, 0xcd, 0x3b, 0x40,
  0x01, 0x06, 0x00, 0x11, 0x71, 0xe0, 0xed, 0xb0, 0x3e, 0x01, 0x32, 0x7f,
  0xe0, 0x2a, 0x71, 0xe0, 0x11, 0x7a, 0xe0, 0x0e, 0x02, 0xed, 0xb0, 0x22,
  0x71, 0xe0, 0x21, 0x98, 0x59, 0x22, 0x6f, 0xe0, 0xc9, 0xc4, 0x78, 0xe5,
  0x78, 0x60, 0x79, 0xaa, 0x7a, 0xaa, 0x7b, 0xcd, 0x7a, 0xaa, 0x7a, 0xaa,
  0x7b, 0xcd, 0x7a, 0x83, 0x7e, 0xe5, 0x78, 0x60, 0x79, 0x60, 0x7e, 0xe5,
  0x78, 0x60, 0x79, 0xa8, 0x7e, 0x6b, 0x7f, 0xd1, 0x7e, 0xe0, 0xd0, 0x6c,
  0x06, 0x80, 0x52, 0x00, 0x01, 0x80, 0x52, 0x00, 0x06, 0xa0, 0xc5, 0xab,
  0x06, 0x09, 0x80, 0x11, 0x1a, 0xe1, 0x01, 0x51, 0x05, 0xcd, 0xa5, 0x51,
  0x1e, 0x42, 0x01, 0x65, 0x06, 0x3e, 0x08, 0xc5, 0x21, 0xc1, 0x51, 0x06,
  0x02, 0xc5, 0x12, 0x13, 0xeb, 0x71, 0xeb, 0x13, 0xed, 0xa0, 0xed, 0xa0,
  0xc1, 0x10, 0xf2, 0xc6, 0x18, 0xc1, 0x10, 0xe7, 0xc9, 0x00, 0x01, 0x04,
  0x04, 0xcd, 0xff, 0x51, 0xcd, 0xf3, 0x51, 0xcd, 0x1d, 0x6e, 0xcd, 0xd8,
  0x51, 0xaf, 0x32, 0xb9, 0xe0, 0xc3, 0x20, 0x70, 0x21, 0x1a, 0xe1, 0x11,
  0x1b, 0xe1, 0x01, 0x30, 0x00, 0x36, 0xc8, 0xed, 0xb0, 0x21, 0xc1, 0xe0,
  0x11, 0xc2, 0xe0, 0x01, 0x44, 0x00, 0x36, 0x00, 0xed, 0xb0, 0xc9, 0x3a,
  0xad, 0xe0, 0x87, 0xe6, 0xf8, 0xc6, 0x20, 0x32, 0x4e, 0xe0, 0xc9, 0x21,
  0x19, 0x52, 0x11, 0x49, 0xe0, 0x01, 0x0b, 0x00, 0xed, 0xb0, 0xcd, 0x1d,
  0x6e, 0x21, 0x85, 0x51, 0x11, 0x0e, 0xe1, 0x01, 0x0c, 0x00, 0xed, 0xb0,
  0xc9, 0x00, 0x00, 0x00, 0x80, 0x00, 0x52, 0x00, 0x00, 0x00, 0x00, 0x00,
  0xcd, 0x6b, 0x52, 0xcd, 0x7d, 0x59, 0xcd, 0xa8, 0x70, 0xcd, 0x34, 0x54,
  0xcd, 0x55, 0x77, 0xcd, 0x70, 0x6a, 0xcd, 0x74, 0x73, 0xcd, 0x8c, 0x73,
  0xcd, 0x51, 0x52, 0xcd, 0x4a, 0x6e, 0xcd, 0x01, 0x55, 0xcd, 0x11, 0x74,
  0xcd, 0xa1, 0x6c, 0xcd, 0x25, 0x6f, 0xc3, 0xd9, 0x44, 0x2a, 0x78, 0xe0,
  0x01, 0x12, 0x0f, 0xa7, 0xed, 0x42, 0xd8, 0x3a, 0x02, 0xe0, 0xcb, 0x77,
  0x3e, 0x92, 0xc4, 0x6e, 0x4b, 0x3e, 0x03, 0x32, 0x49, 0xe0, 0xc9, 0x01,
  0x34, 0x00, 0x18, 0x03, 0x01, 0x78, 0x00, 0x11, 0x0e, 0xe1, 0x21, 0x00,
  0x3b, 0xcd, 0xa7, 0x45, 0xc9, 0xcd, 0x70, 0x52, 0xcd, 0x70, 0x6a, 0xcd,
  0xa1, 0x6c, 0xcd, 0x8c, 0x73, 0xcd, 0x01, 0x55, 0xc3, 0x8f, 0x52, 0x06,
  0x0b, 0x21, 0x16, 0xe1, 0x23, 0x23, 0x23, 0x23, 0x7e, 0xd6, 0xc0, 0xfe,
  0x20, 0x38, 0x0c, 0x7e, 0xd6, 0x06, 0x77, 0x23, 0x23, 0x23, 0x23, 0x77,
  0x10, 0xea, 0xc9, 0x78, 0xfe, 0x01, 0xca, 0x6a, 0x41, 0x3e, 0x04, 0xcd,
  0x3b, 0x40, 0x18, 0xf0, 0xaf, 0x21, 0x42, 0xe0, 0x77, 0xed, 0x5f, 0x84,
  0x4f, 0x3a, 0x03, 0xe0, 0x81, 0xe6, 0x03, 0x3c, 0xfe, 0x04, 0x20, 0x02,
  0x3e, 0x01, 0x23, 0x77, 0xc9, 0x3a, 0x49, 0xe0, 0xfe, 0x04, 0x20, 0x0c,
  0x3a, 0xb1, 0xe0, 0xfe, 0x15, 0x30, 0x05, 0x3e, 0x0c, 0x32, 0x08, 0xe0,
  0x3a, 0xaa, 0xe0, 0xe6, 0xfc, 0x87, 0xc6, 0x1a, 0x4f, 0x3a, 0x4e, 0xe0,
  0x91, 0xc6, 0x01, 0xfe, 0x07, 0x38, 0x15, 0x3a, 0x4e, 0xe0, 0xb9, 0x06,
  0x08, 0x38, 0x02, 0x06, 0x04, 0x3a, 0x09, 0xe0, 0xb0, 0x06, 0x10, 0xb0,
  0x32, 0x09, 0xe0, 0xc9, 0xaf, 0x18, 0xf6, 0x3e, 0x04, 0x00, 0x04, 0x20,
  0x00, 0x08, 0x28, 0x00, 0x04, 0x10, 0x01, 0x10, 0x28, 0x00, 0x04, 0x18,
  0x00, 0x08, 0x18, 0x00, 0x04, 0x28, 0x00, 0x08, 0x18, 0x00, 0x04, 0x18,
  0x08, 0x08, 0x28, 0x00, 0x04, 0x28, 0x01, 0x08, 0x20, 0x02, 0x04, 0x28,
  0x00, 0x08, 0x20, 0x00, 0x04, 0x28, 0x03, 0x08, 0x20, 0x06, 0x04, 0x18,
  0x00, 0x08, 0x30, 0x00, 0x04, 0x30, 0x07, 0x08, 0x1c, 0x02, 0x04, 0x28,
  0x03, 0x08, 0x20, 0x04, 0x04, 0x28, 0x02, 0x08, 0x20, 0x04, 0x04, 0x28,
  0x05, 0x08, 0x20, 0x05, 0x04, 0x18, 0x05, 0x08, 0x28, 0x03, 0x04, 0x28,
  0x03, 0x08, 0x20, 0x01, 0x0c, 0x01, 0x04, 0x01, 0x04, 0x01, 0x0d, 0x0b,
  0x01, 0x0b, 0x01, 0x01, 0x08, 0x01, 0x08, 0x0f, 0x0d, 0x01, 0x02, 0x04,
  0x05, 0x02, 0x03, 0x04, 0x08, 0x02, 0x06, 0x05, 0x04, 0x02, 0x01, 0x03,
  0xff, 0x01, 0x02, 0x08, 0x04, 0x05, 0x01, 0x0f, 0x08, 0x01, 0x08, 0x05,
  0x0b, 0x0f, 0xff, 0xff, 0xff, 0x02, 0x08, 0x06, 0x0f, 0x05, 0x0a, 0x03,
  0x02, 0x0a, 0x08, 0x07, 0x05, 0x08, 0x06, 0x0a, 0xff, 0x01, 0x02, 0x09,
  0x08, 0x05, 0x0a, 0x02, 0x0a, 0x08, 0x09, 0x05, 0x0a, 0x03, 0x0a, 0x08,
  0xff, 0x0f, 0x0a, 0x06, 0x0b, 0x0f, 0x0b, 0x05, 0x0b, 0x08, 0x06, 0x0f,
  0x0a, 0x06, 0x0a, 0x05, 0xff, 0x01, 0x04, 0x08, 0x0f, 0x08, 0x0f, 0x05,
  0x0a, 0x0e, 0x08, 0x0f, 0x02, 0x0a, 0x0f, 0x0a, 0xff, 0x2a, 0x78, 0xe0,
  0x01, 0x00, 0x0f, 0xa7, 0xed, 0x42, 0xd0, 0x2a, 0xbf, 0xe0, 0x7e, 0xfe,
  0x07, 0xc0, 0x3a, 0x49, 0xe0, 0x3d, 0xc8, 0x0e, 0x06, 0xcd, 0xf6, 0x72,
  0x3a, 0x4c, 0xe0, 0xd6, 0x10, 0x96, 0xd6, 0xb8, 0xc6, 0x20, 0xd0, 0x7e,
  0xc6, 0x30, 0x47, 0x23, 0x23, 0x7e, 0xc6, 0x04, 0x4f, 0x59, 0x16, 0x00,
  0x3a, 0x4e, 0xe0, 0x62, 0x6f, 0xa7, 0xed, 0x52, 0x29, 0x29, 0xeb, 0x21,
  0x05, 0xe1, 0x7e, 0x3d, 0xc8, 0x36, 0x01, 0x23, 0x23, 0x70, 0x23, 0x23,
  0x71, 0x23, 0x36, 0x90, 0x23, 0x36, 0x03, 0x23, 0x73, 0x23, 0x72, 0xc9,
  0x21, 0x05, 0xe1, 0x7e, 0xb7, 0xc8, 0x23, 0x23, 0x7e, 0xfe, 0xc0, 0x30,
  0x5d, 0x3a, 0x02, 0xe0, 0xcb, 0x77, 0x28, 0x0e, 0xe5, 0x3a, 0x03, 0xe0,
  0xe6, 0x07, 0x20, 0x05, 0x3e, 0x04, 0xcd, 0x6e, 0x4b, 0xe1, 0x3a, 0x4c,
  0xe0, 0x96, 0xd6, 0x08, 0xc6, 0x18, 0x30, 0x0c, 0x23, 0x23, 0x3a, 0x4e,
  0xe0, 0x96, 0xd6, 0x08, 0xc6, 0x10, 0x38, 0x3d, 0x21, 0x0a, 0xe1, 0x5e,
  0x23, 0x56, 0x2a, 0x06, 0xe1, 0x19, 0x22, 0x06, 0xe1, 0x21, 0x0c, 0xe1,
  0x5e, 0x23, 0x56, 0x2a, 0x08, 0xe1, 0x19, 0x22, 0x08, 0xe1, 0x21, 0x07,
  0xe1, 0x11, 0x3e, 0xe1, 0xed, 0xa0, 0x23, 0xed, 0xa0, 0x3a, 0x03, 0xe0,
  0xe6, 0x0c, 0xc6, 0x6c, 0x12, 0x13, 0x3e, 0x08, 0x12, 0xc9, 0x21, 0x05,
  0xe1, 0x36, 0x00, 0x3e, 0xe0, 0x32, 0x3e, 0xe1, 0xc9, 0xcd, 0x9e, 0x54,
  0xc3, 0x18, 0x6f, 0x21, 0xb4, 0xe0, 0x7e, 0xb7, 0x20, 0x2a, 0x2a, 0xb2,
  0xe0, 0x3a, 0x79, 0xe0, 0xbe, 0xc0, 0x23, 0x7e, 0x23, 0x22, 0xb2, 0xe0,
  0x21, 0xf9, 0x54, 0x87, 0x87, 0xcd, 0x3b, 0x40, 0x22, 0xb5, 0xe0, 0x3e,
  0x02, 0x32, 0xb4, 0xe0, 0x3a, 0x98, 0xe0, 0x1f, 0x1f, 0xe6, 0x3f, 0xc6,
  0x02, 0x32, 0xb7, 0xe0, 0x2a, 0xb5, 0xe0, 0x3a, 0xb7, 0xe0, 0x11, 0x58,
  0xe0, 0xcd, 0x40, 0x40, 0x01, 0x02, 0x00, 0xed, 0xb0, 0x22, 0xb5, 0xe0,
  0x21, 0xb4, 0xe0, 0x35, 0xc9, 0x76, 0x77, 0x74, 0x75, 0x7a, 0x7b, 0x78,
  0x79, 0x3a, 0x49, 0xe0, 0x3d, 0xc8, 0x06, 0x01, 0x3a, 0x78, 0xe0, 0xa0,
  0x57, 0x21, 0x7e, 0xe0, 0x7e, 0xa0, 0xaa, 0xc8, 0x7e, 0xa8, 0x77, 0x11,
  0x03, 0x00, 0xcd, 0x7f, 0x44, 0xcd, 0x2a, 0x59, 0x3a, 0x43, 0xe0, 0xcd,
  0x45, 0x40, 0x34, 0x55, 0x34, 0x55, 0x45, 0x55, 0x63, 0x55, 0xe9, 0x55,
  0x42, 0x56, 0xac, 0x56, 0xcd, 0xaf, 0x58, 0xcd, 0xf7, 0x56, 0xcd, 0x44,
  0x59, 0xcd, 0xaf, 0x54, 0xcd, 0x16, 0x57, 0xe1, 0xc9, 0xcd, 0xaf, 0x58,
  0x2a, 0x8a, 0xe0, 0x7e, 0x3c, 0x20, 0x06, 0x21, 0xc5, 0x7d, 0x22, 0x8a,
  0xe0, 0x11, 0x58, 0xe0, 0x01, 0x04, 0x00, 0xed, 0xb0, 0x22, 0x8a, 0xe0,
  0xc3, 0x37, 0x55, 0x11, 0x58, 0xe0, 0xcd, 0xcc, 0x56, 0x06, 0x0a, 0xcd,
  0xce, 0x56, 0x2a, 0x90, 0xe0, 0x23, 0x23, 0x22, 0x90, 0xe0, 0x7e, 0x3c,
  0x20, 0x06, 0x21, 0x85, 0x7c, 0x22, 0x90, 0xe0, 0x2a, 0x6f, 0xe0, 0x7e,
  0x3c, 0x20, 0x2c, 0x01, 0xd0, 0xff, 0x09, 0x22, 0x6f, 0xe0, 0x21, 0x8a,
  0xe0, 0x35, 0x20, 0x50, 0x11, 0x7c, 0xe0, 0x1a, 0xe6, 0x01, 0xee, 0x01,
  0x12, 0x11, 0x23, 0x7c, 0x01, 0x01, 0x06, 0xa7, 0x28, 0x05, 0x11, 0x54,
  0x7c, 0x0e, 0x10, 0xed, 0x53, 0x6f, 0xe0, 0xed, 0x43, 0x8a, 0xe0, 0x11,
  0x5c, 0xe0, 0x01, 0x04, 0x00, 0x2a, 0x6f, 0xe0, 0xed, 0xb0, 0xe5, 0x0e,
  0x06, 0x62, 0x6b, 0x36, 0xd0, 0x13, 0xed, 0xb0, 0xe1, 0x0e, 0x04, 0xed,
  0xb0, 0x22, 0x6f, 0xe0, 0x21, 0x8c, 0xe0, 0x34, 0x7e, 0xe6, 0x03, 0xfe,
  0x02, 0xd2, 0x3a, 0x55, 0x21, 0x63, 0xe0, 0x36, 0xd1, 0xc3, 0x3a, 0x55,
  0x23, 0x36, 0x06, 0x18, 0xca, 0xcd, 0x00, 0x56, 0x01, 0xf9, 0xff, 0x09,
  0x06, 0x07, 0x11, 0x6e, 0xe0, 0x7e, 0xc6, 0x0d, 0x12, 0x1b, 0x23, 0x10,
  0xf8, 0xc3, 0x37, 0x55, 0x21, 0x8d, 0xe0, 0x35, 0x20, 0x2d, 0x2b, 0x35,
  0x20, 0x10, 0x2a, 0x8a, 0xe0, 0x23, 0x22, 0x8a, 0xe0, 0x7e, 0x1f, 0x1f,
  0xe6, 0x3f, 0x11, 0x8c, 0xe0, 0x12, 0x2a, 0x8a, 0xe0, 0x7e, 0xe6, 0x03,
  0x87, 0x21, 0x9c, 0x56, 0xcd, 0x3b, 0x40, 0x7e, 0x23, 0x66, 0x6f, 0x11,
  0x8d, 0xe0, 0xed, 0xa0, 0x22, 0x8e, 0xe0, 0x11, 0x58, 0xe0, 0x01, 0x07,
  0x00, 0x2a, 0x8e, 0xe0, 0xed, 0xb0, 0x22, 0x8e, 0xe0, 0xc9, 0xcd, 0xf7,
  0x56, 0xcd, 0x00, 0x56, 0x2a, 0x94, 0xe0, 0x7e, 0x3c, 0x20, 0x27, 0x21,
  0x92, 0xe0, 0x35, 0x2a, 0x90, 0xe0, 0x20, 0x0d, 0x23, 0x22, 0x90, 0xe0,
  0x7e, 0x47, 0x1f, 0x1f, 0xe6, 0x3f, 0x32, 0x92, 0xe0, 0x7e, 0xe6, 0x03,
  0x87, 0x21, 0xa4, 0x56, 0xcd, 0x3b, 0x40, 0x7e, 0x23, 0x66, 0x6f, 0x22,
  0x94, 0xe0, 0xd9, 0x2a, 0x90, 0xe0, 0x7e, 0xe6, 0x03, 0xfe, 0x03, 0xd9,
  0x20, 0x09, 0x22, 0x94, 0xe0, 0x01, 0x04, 0x00, 0x09, 0x18, 0x0b, 0x06,
  0x04, 0x11, 0x6e, 0xe0, 0x7e, 0x12, 0x1b, 0x23, 0x10, 0xfa, 0x22, 0x94,
  0xe0, 0xc3, 0x3a, 0x55, 0x92, 0x7c, 0xa1, 0x7c, 0xb0, 0x7c, 0x7c, 0x7d,
  0x94, 0x7d, 0xc5, 0x7d, 0x26, 0x7e, 0x94, 0x7d, 0x11, 0x58, 0xe0, 0xcd,
  0xcc, 0x56, 0x06, 0x0a, 0xcd, 0xce, 0x56, 0x2a, 0x90, 0xe0, 0x23, 0x23,
  0x22, 0x90, 0xe0, 0x7e, 0x3c, 0x20, 0x06, 0x21, 0xe4, 0x7f, 0x22, 0x90,
  0xe0, 0xc3, 0x34, 0x55, 0x06, 0x0c, 0x2a, 0x90, 0xe0, 0x7e, 0x23, 0x6e,
  0x67, 0x3a, 0x43, 0xe0, 0xfe, 0x03, 0x28, 0x0f, 0xcb, 0x25, 0xcb, 0x14,
  0x3e, 0x80, 0x38, 0x02, 0x3e, 0x0f, 0x12, 0x13, 0x10, 0xeb, 0xc9, 0xcb,
  0x25, 0xcb, 0x14, 0x3e, 0x9b, 0x38, 0xf3, 0x3e, 0x04, 0x18, 0xef, 0x3a,
  0x7a, 0xe0, 0xfe, 0xfe, 0x20, 0x03, 0xcd, 0xbf, 0x50, 0xcd, 0x0e, 0x59,
  0x3a, 0x7a, 0xe0, 0xe6, 0x0f, 0xcd, 0x45, 0x40, 0x68, 0x57, 0x10, 0x58,
  0x10, 0x58, 0xa7, 0x57, 0xa7, 0x57, 0x2a, 0x46, 0xe0, 0x01, 0xea, 0xff,
  0x09, 0x22, 0x46, 0xe0, 0x01, 0x70, 0xe1, 0xa7, 0xed, 0x42, 0x20, 0x06,
  0x21, 0x80, 0xe3, 0x22, 0x46, 0xe0, 0xed, 0x5b, 0x46, 0xe0, 0x21, 0x58,
  0xe0, 0x01, 0x16, 0x00, 0xed, 0xb0, 0x21, 0x01, 0x38, 0x3e, 0x18, 0xed,
  0x5b, 0x46, 0xe0, 0x08, 0xcd, 0x53, 0x00, 0x3a, 0x06, 0x00, 0x4f, 0x06,
  0x16, 0x1a, 0xed, 0x79, 0x13, 0x10, 0xfa, 0x3e, 0xe3, 0xba, 0x20, 0x08,
  0x3e, 0x96, 0xbb, 0x20, 0x03, 0x11, 0x86, 0xe1, 0x0e, 0x20, 0x09, 0x08,
  0x3d, 0x20, 0xdc, 0xc9, 0x21, 0x7b, 0xe0, 0x35, 0xca, 0x5f, 0x58, 0x2a,
  0x6f, 0xe0, 0x7e, 0x3c, 0x20, 0x06, 0x21, 0x98, 0x59, 0x22, 0x6f, 0xe0,
  0x3a, 0x7d, 0xe0, 0x11, 0x58, 0xe0, 0x83, 0x5f, 0xed, 0xa0, 0x3a, 0x7a,
  0xe0, 0x1f, 0x1f, 0x1f, 0x1f, 0xe6, 0x03, 0x47, 0xd6, 0x02, 0xed, 0x44,
  0x4f, 0x87, 0x81, 0xcd, 0x3b, 0x40, 0x04, 0x78, 0x87, 0x80, 0x4f, 0x06,
  0x00, 0xed, 0xb0, 0x22, 0x6f, 0xe0, 0xc9, 0x21, 0x08, 0x58, 0x3a, 0x7b,
  0xe0, 0xe6, 0x07, 0xcd, 0x3b, 0x40, 0x3a, 0x7d, 0xe0, 0x11, 0x58, 0xe0,
  0x83, 0x5f, 0xed, 0xa0, 0x2a, 0x6f, 0xe0, 0x3a, 0x81, 0xe0, 0x4f, 0xd6,
  0x09, 0xed, 0x44, 0xcd, 0x3b, 0x40, 0x06, 0x00, 0xed, 0xb0, 0x23, 0x23,
  0x22, 0x6f, 0xe0, 0x21, 0x7b, 0xe0, 0x7e, 0xd6, 0x01, 0x77, 0xfa, 0x5f,
  0x58, 0x7e, 0xe6, 0x07, 0xc0, 0x7e, 0xa7, 0xc8, 0x3a, 0x7a, 0xe0, 0x21,
  0x81, 0xe0, 0x34, 0xe6, 0x0f, 0xfe, 0x03, 0x28, 0x02, 0x35, 0x35, 0x3a,
  0x7a, 0xe0, 0x47, 0xe6, 0x0f, 0x87, 0x21, 0x3a, 0x59, 0xcd, 0x3b, 0x40,
  0x7e, 0x23, 0x66, 0x6f, 0x22, 0x6f, 0xe0, 0xc9, 0xe7, 0xe7, 0xe6, 0xe7,
  0xe7, 0xe7, 0xe6, 0xe7, 0x21, 0x7b, 0xe0, 0x35, 0x28, 0x3c, 0x7e, 0xe6,
  0x07, 0x20, 0x23, 0x3a, 0x7a, 0xe0, 0xe6, 0x0f, 0x21, 0x7d, 0xe0, 0x34,
  0xfe, 0x02, 0x28, 0x02, 0x35, 0x35, 0x3a, 0x7a, 0xe0, 0x47, 0xe6, 0x0f,
  0x87, 0x21, 0x3a, 0x59, 0xcd, 0x3b, 0x40, 0x7e, 0x23, 0x66, 0x6f, 0x22,
  0x6f, 0xe0, 0x2a, 0x6f, 0xe0, 0x3a, 0x7d, 0xe0, 0x11, 0x58, 0xe0, 0x83,
  0x5f, 0xed, 0xa0, 0xcd, 0x84, 0x57, 0x22, 0x6f, 0xe0, 0xc9, 0x3a, 0x7a,
  0xe0, 0xe6, 0x0f, 0x21, 0x7d, 0xe0, 0xfe, 0x01, 0x28, 0x01, 0x34, 0x2a,
  0x71, 0xe0, 0x11, 0x7a, 0xe0, 0x01, 0x02, 0x00, 0xed, 0xb0, 0x22, 0x71,
  0xe0, 0x3a, 0x7a, 0xe0, 0x47, 0xe6, 0x0f, 0xfe, 0x02, 0x20, 0x04, 0x21,
  0x7d, 0xe0, 0x35, 0x87, 0x21, 0x3a, 0x59, 0xcd, 0x3b, 0x40, 0x7e, 0x23,
  0x66, 0x6f, 0x22, 0x6f, 0xe0, 0x78, 0xe6, 0x0f, 0xd6, 0x03, 0xfe, 0x02,
  0xd2, 0xf7, 0x56, 0x08, 0x78, 0x1f, 0x1f, 0x1f, 0x1f, 0xe6, 0x0f, 0x47,
  0x08, 0x80, 0x21, 0xab, 0x58, 0xcd, 0x3b, 0x40, 0x7e, 0x32, 0x81, 0xe0,
  0xc3, 0xf7, 0x56, 0x04, 0x07, 0x06, 0x09, 0x21, 0x7f, 0xe0, 0x35, 0x28,
  0x0a, 0x21, 0x86, 0xe0, 0x7e, 0xfe, 0x01, 0xc8, 0x35, 0x18, 0x2d, 0x36,
  0x08, 0x2a, 0x73, 0xe0, 0x23, 0x22, 0x73, 0xe0, 0x7e, 0x3c, 0x28, 0x1b,
  0x3d, 0xe6, 0x0f, 0x87, 0x2a, 0x75, 0xe0, 0xcd, 0x3b, 0x40, 0x7e, 0x23,
  0x66, 0x6f, 0x46, 0x23, 0x4e, 0xed, 0x43, 0x85, 0xe0, 0x23, 0x22, 0x87,
  0xe0, 0x18, 0x05, 0x3e, 0x08, 0x32, 0x86, 0xe0, 0x2a, 0x73, 0xe0, 0x7e,
  0x3c, 0xc8, 0x3d, 0x1f, 0x1f, 0x1f, 0x1f, 0xe6, 0x0f, 0x87, 0x11, 0x58,
  0xe0, 0x83, 0x5f, 0x3a, 0x85, 0xe0, 0x4f, 0x06, 0x00, 0x2a, 0x87, 0xe0,
  0xed, 0xb0, 0x22, 0x87, 0xe0, 0xc9, 0x21, 0xae, 0xe0, 0x11, 0xaf, 0xe0,
  0x01, 0x17, 0x00, 0xed, 0xb8, 0x3a, 0x7a, 0xe0, 0xe6, 0x03, 0x4f, 0x3a,
  0x7d, 0xe0, 0xcb, 0x27, 0xcb, 0x27, 0xb1, 0x23, 0x77, 0xc9, 0x21, 0x58,
  0xe0, 0x11, 0x59, 0xe0, 0x3a, 0x89, 0xe0, 0x77, 0x01, 0x15, 0x00, 0xed,
  0xb0, 0xc9, 0x98, 0x59, 0xc1, 0x59, 0x19, 0x5a, 0x1b, 0x5a, 0xc3, 0x59,
  0x2a, 0x78, 0xe0, 0x01, 0x09, 0x0f, 0xa7, 0xed, 0x42, 0xc0, 0x2a, 0x46,
  0xe0, 0x01, 0x1c, 0x00, 0x09, 0xeb, 0x21, 0x6d, 0x59, 0x0e, 0x0b, 0x3a,
  0x43, 0xe0, 0xfe, 0x06, 0x20, 0x08, 0x21, 0x78, 0x59, 0x0e, 0x05, 0x13,
  0x13, 0x13, 0xed, 0xb0, 0xc9, 0x23, 0x28, 0x25, 0x23, 0x2b, 0x00, 0x30,
  0x2f, 0x29, 0x2e, 0x34, 0x27, 0x2f, 0x21, 0x2c, 0x3b, 0x2a, 0x78, 0xe0,
  0x29, 0x29, 0x7c, 0x21, 0x0e, 0xe1, 0xd6, 0x6c, 0xed, 0x44, 0x77, 0x2e,
  0x11, 0x3a, 0x03, 0xe0, 0xe6, 0x0f, 0xc0, 0x3e, 0x06, 0xae, 0x77, 0xc9,
  0xe7, 0xd0, 0xd0, 0xd1, 0xd0, 0xd0, 0xd1, 0xd0, 0xd0, 0xdf, 0xe6, 0xd0,
  0xd0, 0xd0, 0xd0, 0xd0, 0xd0, 0xd0, 0xd0, 0xde, 0xe7, 0xd0, 0xd0, 0xd0,
  0xd0, 0xd0, 0xd0, 0xd0, 0xd0, 0xdf, 0xe7, 0xd0, 0xd0, 0xd1, 0xd0, 0xd0,
  0xd1, 0xd0, 0xd0, 0xdf, 0xff, 0xf2, 0xe7, 0xd0, 0xd0, 0xd1, 0xd0, 0xd0,
  0xd1, 0xd0, 0xd0, 0xdf, 0xf8, 0xe5, 0xd0, 0xd0, 0xd0, 0xd0, 0xd0, 0xd0,
  0xd0, 0xd0, 0xe0, 0xf7, 0xe4, 0xd0, 0xd0, 0xd0, 0xd0, 0xd0, 0xd0, 0xd0,
  0xd0, 0xec, 0xf6, 0xe3, 0xd0, 0xd0, 0xd8, 0xd0, 0xd0, 0xd8, 0xd0, 0xd9,
  0xed, 0xf5, 0xe2, 0xd0, 0xd3, 0xd7, 0xd0, 0xd3, 0xd7, 0xd0, 0xda, 0xee,
  0xf4, 0xe1, 0xd0, 0xd0, 0xd0, 0xd0, 0xd0, 0xd0, 0xd0, 0xdb, 0xef, 0xf3,
  0xd0, 0xd0, 0xd0, 0xd0, 0xd0, 0xd0, 0xd0, 0xd0, 0xdc, 0xf0, 0xe8, 0xd0,
  0xd0, 0xd6, 0xd0, 0xd0, 0xd6, 0xd0, 0xd0, 0xdd, 0xf1, 0xe7, 0xd0, 0xd0,
  0xd1, 0xd0, 0xd0, 0xd1, 0xd0, 0xd0, 0xdf, 0xf2, 0xe8, 0xd0, 0xd0, 0xd0,
  0xd0, 0xd0, 0xd0, 0xd0, 0xd0, 0xdd, 0xf1, 0xf3, 0xd0, 0xd0, 0xd0, 0xd0,
  0xd0, 0xd0, 0xd0, 0xd0, 0xdc, 0xf0, 0xf4, 0xe1, 0xd0, 0xd4, 0xd0, 0xd0,
  0xd4, 0xd0, 0xd0, 0xdb, 0xef, 0xf5, 0xe2, 0xd0, 0xd3, 0xd7, 0xd0, 0xd3,
  0xd7, 0xd0, 0xda, 0xee, 0xf6, 0xe3, 0xd0, 0xd0, 0xd0, 0xd0, 0xd0, 0xd0,
  0xd0, 0xd9, 0xed, 0xf7, 0xe4, 0xd0, 0xd0, 0xd0, 0xd0, 0xd0, 0xd0, 0xd0,
  0xd0, 0xec, 0xf8, 0xe5, 0xd0, 0xd0, 0xd2, 0xd0, 0xd0, 0xd2, 0xd0, 0xd0,
  0xe0, 0x00, 0x18, 0x06, 0x00, 0x9c, 0x01, 0x03, 0x06, 0x00, 0x00, 0x03,
  0x01, 0x00, 0x00, 0x03, 0x00, 0x08, 0x14, 0x14, 0x04, 0x04, 0xc6, 0xe6,
  0x36, 0x06, 0x06, 0xe6, 0xd6, 0x14, 0x04, 0xe0, 0x03, 0x07, 0x03, 0x0b,
  0x02, 0x0f, 0x03, 0x07, 0x83, 0x0f, 0x0b, 0x0b, 0x03, 0x0f, 0x82, 0xe0,
  0xf8, 0x04, 0xfc, 0x81, 0xfe, 0x03, 0xf6, 0x03, 0xfe, 0x02, 0xfc, 0x8b,
  0xf8, 0x03, 0x00, 0x00, 0x01, 0x03, 0x00, 0x00, 0x06, 0x03, 0x01, 0x06,
  0x00, 0x96, 0xe0, 0x04, 0x14, 0xd4, 0xe6, 0x06, 0x06, 0x36, 0xe6, 0xc6,
  0x06, 0x04, 0x14, 0x14, 0x0c, 0x18, 0x0f, 0x0f, 0x0b, 0x0b, 0x0f, 0x0f,
  0x03, 0x07, 0x02, 0x0f, 0x03, 0x0b, 0x83, 0x07, 0x03, 0xf8, 0x03, 0xfc,
  0x02, 0xfe, 0x03, 0xf6, 0x02, 0xfe, 0x04, 0xfc, 0x81, 0xf8, 0x05, 0x00,
  0x8b, 0x07, 0x01, 0x00, 0x08, 0x0c, 0x06, 0x43, 0x20, 0x11, 0x0c, 0x07,
  0x04, 0x00, 0xa0, 0x01, 0x85, 0xc9, 0xe3, 0x66, 0x2c, 0x28, 0x18, 0x38,
  0x70, 0xc0, 0x80, 0x00, 0x01, 0x03, 0x03, 0x06, 0x07, 0x1f, 0x3f, 0x6f,
  0x5f, 0x7f, 0x7f, 0x3f, 0x1f, 0x0f, 0x07, 0xf8, 0xdc, 0xbe, 0x7e, 0x04,
  0xff, 0x88, 0xfe, 0xfc, 0xe8, 0xd8, 0xf8, 0xf0, 0xc0, 0x80, 0x04, 0x00,
  0x82, 0x01, 0x89, 0x03, 0x98, 0x85, 0x89, 0x01, 0x00, 0x7f, 0x1f, 0x06,
  0x00, 0x82, 0x0c, 0x80, 0x03, 0xc0, 0x85, 0x80, 0x1c, 0x02, 0xfc, 0xc0,
  0x05, 0x00, 0x82, 0xfc, 0xe7, 0x05, 0xff, 0x84, 0xdf, 0xfc, 0x7f, 0x1f,
  0x05, 0x00, 0x82, 0x7c, 0xee, 0x05, 0xff, 0x95, 0xfe, 0x7e, 0xfc, 0xc0,
  0x00, 0x00, 0x10, 0x20, 0x40, 0x86, 0x8c, 0x18, 0x10, 0x01, 0x03, 0x17,
  0x18, 0x0c, 0x0e, 0x07, 0x03, 0x05, 0x00, 0x02, 0x40, 0x02, 0xc0, 0x8b,
  0x80, 0x00, 0x00, 0x81, 0x43, 0x06, 0xfc, 0xf8, 0x1e, 0x3b, 0x7d, 0x03,
  0xff, 0x89, 0xdf, 0x7f, 0x3f, 0x17, 0x1f, 0x0f, 0x0f, 0x07, 0x03, 0x03,
  0x00, 0x02, 0x80, 0x8c, 0xe0, 0xf0, 0xf8, 0xec, 0xf6, 0xfa, 0xfe, 0xff,
  0xff, 0xfe, 0xfc, 0xf8, 0x00, 0x00, 0x1a, 0xf3, 0x00, 0x40, 0x31, 0x18,
  0x56, 0x0b, 0x86, 0x03, 0x1d, 0x33, 0x02, 0x26, 0x08, 0x14, 0x08, 0x00,
  0x00, 0x52, 0x04, 0xa0, 0xd1, 0xf4, 0xd8, 0xb0, 0xe8, 0xed, 0x60, 0x30,
  0x18, 0x08, 0x04, 0x02, 0x00, 0x44, 0x33, 0x3f, 0x5e, 0x9f, 0x37, 0x1f,
  0x3f, 0x77, 0x0a, 0x67, 0x0e, 0x1c, 0x3a, 0x40, 0x82, 0xd6, 0xdc, 0xf4,
  0xf9, 0xf6, 0xfc, 0xff, 0xfc, 0xfd, 0xfd, 0xf8, 0xdc, 0xde, 0x46, 0x43,
  0x00, 0x02, 0x09, 0x02, 0x28, 0x13, 0x0c, 0x12, 0x4a, 0x10, 0x29, 0x04,
  0x20, 0x02, 0x10, 0x00, 0x00, 0x80, 0x10, 0xaa, 0xd4, 0x00, 0xc4, 0x6c,
  0x44, 0xe0, 0x02, 0xc0, 0x08, 0x90, 0x20, 0x00, 0x00, 0x1a, 0x39, 0x02,
  0x6e, 0x17, 0xcf, 0x93, 0x4e, 0x1e, 0x2f, 0x46, 0xe8, 0x62, 0x17, 0x03,
  0x40, 0x9a, 0x1c, 0x8c, 0xee, 0xd4, 0x60, 0xf5, 0x6f, 0xe4, 0xfa, 0xb2,
  0xd1, 0x4c, 0x9c, 0xba, 0x03, 0x00, 0x82, 0x10, 0x03, 0x04, 0x00, 0x81,
  0x07, 0x09, 0x00, 0x8b, 0x08, 0xc0, 0x00, 0x28, 0x28, 0x08, 0xec, 0x04,
  0x04, 0x16, 0x06, 0x03, 0x16, 0x8d, 0x00, 0x07, 0x17, 0x0f, 0x0d, 0x0b,
  0x0b, 0x0d, 0x07, 0x1f, 0x1c, 0x1b, 0x1f, 0x03, 0x17, 0x85, 0x00, 0xe0,
  0xe8, 0xf0, 0xb0, 0x03, 0xf8, 0x81, 0xec, 0x02, 0xfc, 0x05, 0xfe, 0x0f,
  0x00, 0x81, 0x07, 0x0b, 0x16, 0x03, 0x06, 0x82, 0x0e, 0xfc, 0x0b, 0x17,
  0x85, 0x1f, 0x1c, 0x13, 0x1f, 0x07, 0x0c, 0xfe, 0x84, 0x3e, 0xce, 0xfe,
  0xfc, 0x05, 0x00, 0x87, 0x07, 0x06, 0x06, 0x07, 0x06, 0x06, 0x07, 0x09,
  0x00, 0x87, 0xc0, 0x60, 0x40, 0x80, 0x40, 0x60, 0xc0, 0x06, 0x00, 0x92,
  0x3c, 0x6e, 0xdf, 0xdf, 0xff, 0xff, 0x6f, 0x6f, 0x3f, 0x1f, 0x0f, 0x07,
  0x03, 0x01, 0x00, 0x00, 0x78, 0xfc, 0x04, 0xfe, 0x02, 0xfc, 0x85, 0xf8,
  0xf0, 0xe0, 0xc0, 0x80, 0x04, 0x00, 0x84, 0x07, 0x0c, 0x09, 0x0a, 0x04,
  0x08, 0x82, 0x0c, 0x07, 0x06, 0x00, 0x82, 0xc0, 0x60, 0x06, 0x20, 0x82,
  0x60, 0xc0, 0x07, 0x00, 0x83, 0x03, 0x06, 0x05, 0x04, 0x07, 0x81, 0x03,
  0x08, 0x00, 0x81, 0x80, 0x06, 0xc0, 0x81, 0x80, 0x09, 0x00, 0x83, 0x01,
  0x03, 0x07, 0x03, 0x0f, 0x81, 0x07, 0x09, 0x00, 0x86, 0xc0, 0xe0, 0xa0,
  0x60, 0xc0, 0x80, 0x0b, 0x00, 0x85, 0x07, 0x0d, 0x0b, 0x0f, 0x07, 0x0b,
  0x00, 0x81, 0xe0, 0x03, 0xf0, 0x81, 0xe0, 0x05, 0x00, 0x05, 0x00, 0x86,
  0x03, 0x06, 0x07, 0x07, 0x03, 0x01, 0x0a, 0x00, 0x83, 0x80, 0xc0, 0x60,
  0x03, 0xf0, 0x81, 0xe0, 0x0a, 0x00, 0x83, 0x01, 0x03, 0x02, 0x05, 0x00,
  0x83, 0x04, 0x03, 0x00, 0x02, 0x10, 0x03, 0x04, 0x84, 0xe6, 0xf6, 0x16,
  0x06, 0x02, 0x16, 0x86, 0x06, 0x04, 0x0c, 0xf0, 0x03, 0x06, 0x03, 0x05,
  0x82, 0x07, 0x03, 0x03, 0x07, 0x02, 0x05, 0x85, 0x06, 0x07, 0x04, 0x03,
  0xf0, 0x02, 0xf8, 0x03, 0xfc, 0x81, 0xf6, 0x06, 0xfe, 0x83, 0xfc, 0x0c,
  0xf0, 0x05, 0x00, 0x83, 0x01, 0x03, 0x06, 0x03, 0x00, 0x8d, 0x01, 0x03,
  0x00, 0x00, 0x07, 0x00, 0x00, 0x10, 0x14, 0x04, 0xc4, 0xe6, 0x36, 0x03,
  0x06, 0x02, 0xe6, 0x85, 0x14, 0x04, 0xf0, 0x03, 0x07, 0x04, 0x0d, 0x02,
  0x0f, 0x02, 0x07, 0x82, 0x0f, 0x0d, 0x04, 0x0f, 0x82, 0xe0, 0xf0, 0x04,
  0xf8, 0x02, 0xfe, 0x02, 0xf0, 0x06, 0xf8, 0x86, 0x00, 0x01, 0x03, 0x07,
  0x05, 0x01, 0x0b, 0x00, 0x85, 0x40, 0x60, 0x70, 0x50, 0x40, 0x0a, 0x00,
  0x82, 0x03, 0x07, 0x05, 0x0f, 0x84, 0x0e, 0x04, 0x09, 0x0f, 0x02, 0x0b,
  0x85, 0x0d, 0x0f, 0x0c, 0xe0, 0xf0, 0x04, 0xf8, 0x85, 0xfc, 0x34, 0x14,
  0xcc, 0xfc, 0x02, 0xec, 0x02, 0xf8, 0x81, 0x18, 0x04, 0x00, 0x89, 0x63,
  0x94, 0x14, 0x14, 0x64, 0x14, 0x14, 0x94, 0x63, 0x07, 0x00, 0x81, 0x18,
  0x07, 0xa4, 0x81, 0x18, 0x07, 0x00, 0x81, 0xf3, 0x03, 0x84, 0x85, 0xe4,
  0x14, 0x14, 0x94, 0x63, 0x07, 0x00, 0x81, 0x18, 0x07, 0xa4, 0x81, 0x18,
  0x06, 0x00, 0x81, 0x63, 0x03, 0x94, 0x81, 0x64, 0x03, 0x94, 0x81, 0x63,
  0x07, 0x00, 0x81, 0x18, 0x07, 0xa4, 0x81, 0x18, 0x07, 0x00, 0x82, 0x48,
  0xd5, 0x06, 0x55, 0x81, 0xe8, 0x07, 0x00, 0x81, 0x88, 0x07, 0x54, 0x81,
  0x88, 0x04, 0x00, 0x00, 0x08, 0xfe, 0x08, 0x7f, 0x10, 0xff, 0xb0, 0xff,
  0xfc, 0xf8, 0xf0, 0xf0, 0xf0, 0xf8, 0xfc, 0xff, 0x3f, 0x1f, 0x0f, 0x0f,
  0x0f, 0x1f, 0x3f, 0xff, 0xfc, 0xf8, 0xf0, 0xf0, 0xf0, 0xf8, 0xfc, 0xff,
  0x3f, 0x1f, 0x0f, 0x0f, 0x0f, 0x1f, 0x3f, 0xff, 0xfc, 0xf8, 0xf0, 0xf0,
  0xf0, 0xf8, 0xfc, 0xff, 0x3f, 0x1f, 0x0f, 0x0f, 0x0f, 0x1f, 0x3f, 0x08,
  0x00, 0x84, 0xef, 0xe3, 0xc0, 0xc3, 0x02, 0xbf, 0x83, 0x7f, 0x80, 0x00,
  0x02, 0xff, 0x02, 0x00, 0x02, 0xff, 0x02, 0x00, 0x02, 0xff, 0x02, 0x00,
  0x02, 0xff, 0x05, 0x00, 0x04, 0xff, 0x81, 0x00, 0x08, 0xff, 0x83, 0xfc,
  0xf0, 0xe0, 0x02, 0xc0, 0x02, 0x80, 0x86, 0xff, 0x3f, 0x0f, 0x07, 0x03,
  0xfc, 0x02, 0xfe, 0x02, 0x80, 0x02, 0xc0, 0x84, 0xe0, 0xf0, 0xfc, 0xff,
  0x02, 0xfe, 0x02, 0xfc, 0x83, 0x07, 0x0f, 0x3f, 0x03, 0xff, 0x86, 0xdf,
  0xff, 0xff, 0xfd, 0xff, 0xdf, 0x0c, 0xf0, 0x04, 0x00, 0x88, 0xff, 0x00,
  0xff, 0x00, 0xff, 0x00, 0xff, 0x00, 0x08, 0x03, 0x08, 0xc0, 0x86, 0x00,
  0x7b, 0x42, 0x7b, 0x0a, 0x7a, 0x03, 0x00, 0x85, 0xdd, 0x51, 0xdd, 0x11,
  0x1d, 0x03, 0x00, 0x85, 0xdc, 0x16, 0xd2, 0x16, 0xdc, 0x03, 0x00, 0x85,
  0x0e, 0x08, 0x0e, 0x08, 0x08, 0x03, 0x00, 0x85, 0x97, 0x94, 0x97, 0x94,
  0x67, 0x03, 0x00, 0x04, 0x40, 0x81, 0x70, 0x02, 0x00, 0x84, 0x60, 0x7c,
  0x7f, 0x7c, 0x04, 0x60, 0x08, 0x0f, 0x08, 0xf0, 0x08, 0x0f, 0x08, 0xff,
  0x08, 0xf0, 0x08, 0x0f, 0x08, 0xff, 0x08, 0xf0, 0x08, 0x0f, 0x08, 0xff,
  0x08, 0xf0, 0x08, 0x0f, 0x08, 0xff, 0x08, 0xf0, 0x06, 0x00, 0x02, 0xff,
  0x08, 0xc0, 0x08, 0x03, 0x02, 0xff, 0x06, 0x00, 0x08, 0x03, 0x04, 0x00,
  0x81, 0x01, 0x02, 0x03, 0x81, 0x07, 0x03, 0x00, 0x85, 0xf0, 0xf8, 0xcc,
  0xee, 0xf6, 0x02, 0x07, 0x88, 0x33, 0x23, 0x0b, 0x1b, 0x19, 0x00, 0xf6,
  0xee, 0x02, 0xfc, 0x84, 0xf8, 0xf0, 0xc0, 0x00, 0x03, 0x00, 0xbd, 0x03,
  0x07, 0x07, 0x0f, 0x0f, 0x00, 0x00, 0xf0, 0xf8, 0xfe, 0xe7, 0xe7, 0xf7,
  0x0f, 0x6f, 0x47, 0x07, 0x17, 0x37, 0x73, 0x21, 0xff, 0xf7, 0xee, 0xfe,
  0xfc, 0xf8, 0xe0, 0xc0, 0x00, 0x16, 0x2f, 0x84, 0xff, 0x00, 0x44, 0xff,
  0x06, 0x2f, 0xb0, 0x4a, 0x0a, 0x4a, 0x0a, 0x4a, 0x0a, 0x4a, 0x0a, 0x4a,
  0x0a, 0x4a, 0x0a, 0x4a, 0x0a, 0x4a, 0x0a, 0x40, 0x00, 0x40, 0x00, 0x40,
  0x00, 0x40, 0x00, 0x40, 0x00, 0x40, 0x00, 0x40, 0x00, 0x40, 0x00, 0x42,
  0x02, 0x42, 0x02, 0x42, 0x02, 0x42, 0x02, 0x42, 0x02, 0x42, 0x02, 0x42,
  0x02, 0x42, 0x02, 0x08, 0x00, 0x07, 0x2f, 0x81, 0xf0, 0x08, 0x89, 0x08,
  0x68, 0x08, 0x20, 0x08, 0xe0, 0x08, 0x2a, 0x05, 0x2d, 0x03, 0xd0, 0x08,
  0x2d, 0x04, 0xa0, 0x04, 0x2a, 0x08, 0x2b, 0x10, 0x12, 0x08, 0x14, 0x02,
  0xef, 0x02, 0xed, 0x02, 0xef, 0x02, 0xed, 0x02, 0xef, 0x02, 0xed, 0x02,
  0xef, 0x02, 0xed, 0x30, 0xf0, 0x08, 0xd0, 0x11, 0x40, 0x97, 0xf0, 0x40,
  0xf0, 0x40, 0xf0, 0x40, 0xf0, 0x40, 0xf0, 0x40, 0xf0, 0x40, 0xf0, 0x40,
  0xf0, 0x40, 0xf0, 0x40, 0xf0, 0x40, 0xf0, 0x40, 0xf0, 0x03, 0x40, 0x85,
  0xf0, 0x40, 0xf0, 0x40, 0xf0, 0x03, 0x40, 0x85, 0xf0, 0x40, 0xf0, 0x40,
  0xf0, 0x03, 0x40, 0x85, 0xf0, 0x40, 0xf0, 0x40, 0xf0, 0x05, 0x40, 0x83,
  0xf0, 0x40, 0xf0, 0x05, 0x40, 0x83, 0xf0, 0x40, 0xf0, 0x05, 0x40, 0x83,
  0xf0, 0x40, 0xf0, 0x07, 0x40, 0x81, 0xf0, 0x07, 0x40, 0x81, 0xf0, 0x07,
  0x40, 0x81, 0xf0, 0x20, 0x70, 0x08, 0xf0, 0x20, 0x1e, 0x20, 0x5e, 0x00,
  0x08, 0xff, 0x08, 0xe7, 0x08, 0xcf, 0x08, 0xfe, 0x08, 0xfc, 0x00, 0x08,
  0xfe, 0x08, 0xfc, 0x08, 0xf8, 0x08, 0xf0, 0x08, 0xe0, 0x08, 0xc0, 0x08,
  0xc0, 0x08, 0x80, 0x00, 0x08, 0x7e, 0x08, 0x3c, 0x08, 0x18, 0x08, 0x03,
  0x08, 0x07, 0x08, 0x0f, 0x08, 0x1f, 0x08, 0x3f, 0x08, 0x7f, 0x08, 0xff,
  0x00, 0x08, 0xee, 0x20, 0xef, 0x00, 0x1d, 0xef, 0x03, 0xe0, 0x0d, 0xef,
  0x03, 0xe0, 0x10, 0xef, 0x00, 0x15, 0x2f, 0x03, 0x20, 0x05, 0x2f, 0x03,
  0x20, 0x1d, 0x2f, 0x03, 0x20, 0x10, 0x2f, 0x08, 0x20, 0x00, 0x9a, 0xbc,
  0x7e, 0xbb, 0x7f, 0x18, 0x81, 0xcb, 0x7e, 0xff, 0x7f, 0x3f, 0x1f, 0x0f,
  0x07, 0x03, 0x01, 0x00, 0x01, 0x03, 0x07, 0x0f, 0x1f, 0x3f, 0x7f, 0xe3,
  0xe3, 0x04, 0xff, 0x02, 0xe3, 0x08, 0x80, 0x9a, 0x01, 0x03, 0x07, 0x0f,
  0x1f, 0x3f, 0x7f, 0xff, 0x7f, 0x3f, 0x1f, 0x0f, 0x07, 0x03, 0x01, 0x00,
  0x3f, 0x9f, 0x0f, 0x0f, 0x8f, 0x1f, 0x1f, 0xbf, 0xff, 0xff, 0x10, 0x1f,
  0x06, 0xff, 0x02, 0x00, 0x06, 0xff, 0x02, 0xc0, 0x06, 0xff, 0x8f, 0x18,
  0x6c, 0xba, 0xdf, 0xbf, 0xdf, 0xbd, 0x6a, 0xff, 0xff, 0xa3, 0xc1, 0x00,
  0xc1, 0xef, 0x03, 0xff, 0x02, 0x80, 0x81, 0xff, 0x03, 0x81, 0x85, 0x01,
  0xff, 0x01, 0x01, 0xff, 0x03, 0x01, 0x08, 0xff, 0x85, 0x00, 0xff, 0x01,
  0x01, 0xff, 0x0b, 0x81, 0x02, 0x01, 0x81, 0xff, 0x05, 0x01, 0x09, 0xff,
  0x82, 0x80, 0xff, 0x05, 0x00, 0x84, 0xff, 0x01, 0xff, 0x01, 0x04, 0x00,
  0x09, 0xff, 0x82, 0x01, 0xff, 0x05, 0x00, 0x8e, 0xff, 0x7f, 0x3f, 0x1f,
  0x0f, 0x07, 0x03, 0x00, 0xff, 0xff, 0xef, 0xe7, 0xe3, 0xf3, 0x04, 0xff,
  0x8e, 0xfc, 0xf8, 0xf0, 0xe0, 0xc0, 0x00, 0xfc, 0xf8, 0xf0, 0xe0, 0xc0,
  0x80, 0x80, 0x00, 0x03, 0xff, 0x96, 0xf3, 0xe3, 0xe7, 0xef, 0xff, 0x3f,
  0x1f, 0x0f, 0x07, 0x03, 0x03, 0x01, 0x00, 0x00, 0x04, 0x20, 0x00, 0x00,
  0x40, 0x02, 0x00, 0xff, 0x06, 0xc0, 0x82, 0xf0, 0x00, 0x06, 0xfe, 0x03,
  0x00, 0x03, 0x20, 0x83, 0x1c, 0x00, 0x00, 0x03, 0xff, 0x05, 0xaa, 0x84,
  0xff, 0x3f, 0x0f, 0x03, 0x03, 0x18, 0x85, 0x00, 0xff, 0xfc, 0xf0, 0xc0,
  0x03, 0x18, 0x81, 0x00, 0x05, 0xaa, 0x03, 0xff, 0x81, 0x00, 0x03, 0x18,
  0x85, 0x03, 0x0f, 0x3f, 0xff, 0x00, 0x03, 0x18, 0x9c, 0xc0, 0xf0, 0xfc,
  0xff, 0xfd, 0xf8, 0xf0, 0xf9, 0xff, 0xf4, 0xf8, 0xf1, 0xff, 0x7f, 0x3f,
  0x7f, 0xff, 0xff, 0x3f, 0x7f, 0xff, 0xc9, 0xc3, 0xc7, 0xc2, 0xc8, 0x7f,
  0x07, 0x03, 0xff, 0x83, 0x88, 0xaa, 0x8a, 0x05, 0xff, 0x83, 0xcc, 0xad,
  0x95, 0x03, 0xff, 0x8a, 0xf7, 0xff, 0x17, 0x57, 0x57, 0xfe, 0xe0, 0xff,
  0xff, 0x3f, 0x03, 0x1f, 0x86, 0x3f, 0xff, 0x1c, 0xff, 0x80, 0x88, 0x04,
  0x80, 0x8d, 0x38, 0xff, 0x01, 0x01, 0x09, 0x01, 0x41, 0x01, 0x80, 0x84,
  0x80, 0x80, 0xa0, 0x03, 0x80, 0xab, 0x01, 0x09, 0x01, 0x01, 0x21, 0x01,
  0x01, 0x09, 0x3f, 0xf8, 0xe0, 0xc0, 0xc1, 0x81, 0x8d, 0x87, 0xfc, 0x1f,
  0x07, 0x83, 0x23, 0x01, 0xa1, 0xc1, 0x83, 0x86, 0x80, 0xc0, 0xc1, 0xe0,
  0xf8, 0x3f, 0x91, 0x89, 0x41, 0x03, 0x03, 0x07, 0x1f, 0xfc, 0xff, 0x7f,
  0x7f, 0x0b, 0x3f, 0x85, 0x7f, 0xff, 0x88, 0x80, 0x80, 0x05, 0xff, 0x83,
  0x01, 0x41, 0x01, 0x09, 0xff, 0x04, 0x00, 0x00, 0x02, 0x2c, 0x02, 0x2f,
  0x81, 0x2c, 0x03, 0x0c, 0x08, 0x57, 0x08, 0x45, 0x08, 0x7f, 0x08, 0xf4,
  0x08, 0x57, 0x08, 0x45, 0x30, 0x20, 0x03, 0xa2, 0x03, 0xaf, 0x02, 0xa2,
  0x08, 0x20, 0x85, 0x80, 0xf0, 0xf8, 0xf8, 0xf0, 0x0b, 0xf8, 0x85, 0x80,
  0xf0, 0x80, 0x80, 0xf0, 0x03, 0x80, 0x18, 0xf8, 0x02, 0x80, 0x81, 0xf0,
  0x05, 0x80, 0x10, 0xf8, 0x83, 0xf0, 0x80, 0xf0, 0x05, 0x80, 0x08, 0xf8,
  0x08, 0x89, 0x07, 0x8e, 0x81, 0x90, 0x08, 0x86, 0x08, 0x98, 0x08, 0x8e,
  0x08, 0x68, 0x08, 0xb2, 0x04, 0x25, 0x03, 0x24, 0x85, 0x20, 0x52, 0x52,
  0x50, 0x50, 0x04, 0x40, 0x08, 0x45, 0x03, 0x20, 0x05, 0xef, 0x04, 0xbe,
  0x04, 0x6e, 0x04, 0xbe, 0x04, 0x6e, 0x05, 0xef, 0x03, 0x20, 0x04, 0x6e,
  0x04, 0xae, 0x04, 0x6e, 0x04, 0xae, 0x05, 0x2d, 0x03, 0x2a, 0x08, 0x20,
  0x06, 0xf4, 0x02, 0xf2, 0x07, 0xf4, 0x81, 0x20, 0x07, 0xf4, 0x81, 0x20,
  0x06, 0xf4, 0x02, 0xf2, 0x08, 0x20, 0x81, 0xf2, 0x07, 0xf7, 0x81, 0xf2,
  0x17, 0xf7, 0x81, 0xf2, 0x07, 0xf7, 0x81, 0xf0, 0x0e, 0xf7, 0x81, 0xf2,
  0x07, 0xf7, 0x81, 0xf0, 0x10, 0x20, 0x04, 0xf7, 0x04, 0x20, 0x04, 0xf7,
  0x04, 0x20, 0x08, 0x28, 0x00, 0x03, 0x02, 0x02, 0x08, 0x03, 0x02, 0x03,
  0x00, 0x02, 0x80, 0x03, 0x00, 0xaf, 0x00, 0x06, 0x03, 0x01, 0x01, 0x1c,
  0x27, 0x03, 0x00, 0x00, 0x06, 0x3e, 0x72, 0xc0, 0x9c, 0xfe, 0x07, 0x0c,
  0x18, 0x18, 0x38, 0x30, 0xf0, 0xf0, 0x71, 0xf9, 0xc3, 0xa7, 0xfc, 0xe3,
  0x1f, 0xff, 0x9f, 0xcf, 0x4b, 0x87, 0x87, 0x13, 0xdb, 0x97, 0xff, 0xff,
  0xfc, 0xe0, 0xc0, 0xe0, 0xfc, 0x03, 0xff, 0x85, 0x3f, 0xfc, 0xfe, 0xfc,
  0x3f, 0x04, 0xff, 0x8a, 0xe1, 0x80, 0xc6, 0xbc, 0xfd, 0xfd, 0xbc, 0xfe,
  0x80, 0xe1, 0x06, 0xff, 0x8a, 0xc3, 0xfc, 0xfe, 0xe7, 0xe7, 0xf7, 0xe7,
  0xfe, 0xfc, 0xc3, 0x08, 0xff, 0x06, 0x7f, 0x05, 0xff, 0x8a, 0x01, 0x07,
  0x0f, 0x1f, 0x0f, 0x07, 0x01, 0x00, 0xff, 0x91, 0x03, 0x11, 0x84, 0x91,
  0xff, 0xff, 0x7f, 0x05, 0x3f, 0xa6, 0x7f, 0xff, 0xff, 0xfc, 0xf0, 0xe0,
  0xc0, 0xc0, 0x80, 0x80, 0x00, 0xc0, 0xf0, 0xf8, 0xfc, 0xfc, 0xfe, 0xfe,
  0x7f, 0x7f, 0x3f, 0x3f, 0x1f, 0x0f, 0x03, 0x00, 0xfe, 0xfe, 0xfc, 0xfc,
  0xf8, 0xf0, 0xc0, 0x00, 0xff, 0x3f, 0x0f, 0x03, 0x04, 0x00, 0x84, 0xff,
  0xfc, 0xf0, 0xc0, 0x04, 0x00, 0x08, 0x30, 0x08, 0x0c, 0x04, 0x00, 0x84,
  0x03, 0x0f, 0x3f, 0xff, 0x04, 0x00, 0x86, 0xc0, 0xf0, 0xfc, 0xff, 0xff,
  0xfb, 0x10, 0x1f, 0x86, 0xff, 0xfb, 0xff, 0xff, 0xef, 0xff, 0x03, 0x00,
  0x8d, 0x02, 0x00, 0x20, 0x02, 0x00, 0xc0, 0xc0, 0x00, 0x02, 0x00, 0x20,
  0x00, 0x00, 0x08, 0xf0, 0x04, 0x00, 0x88, 0x03, 0x0f, 0x3f, 0xff, 0xff,
  0x3f, 0x0f, 0x03, 0x05, 0x00, 0x8b, 0xc0, 0xf0, 0xfc, 0xfe, 0xff, 0xb0,
  0xb6, 0x00, 0x03, 0x0f, 0x3f, 0x04, 0x7f, 0x03, 0xb6, 0x85, 0x86, 0xff,
  0xff, 0x80, 0xb6, 0x08, 0x7f, 0x04, 0xb6, 0x02, 0xff, 0x8a, 0x87, 0xe9,
  0xef, 0xee, 0xe9, 0x87, 0x03, 0x0f, 0x3f, 0xff, 0x04, 0x7f, 0x84, 0x3f,
  0x0f, 0x03, 0x00, 0x08, 0xaa, 0x81, 0xff, 0x06, 0xc0, 0x82, 0xf0, 0xff,
  0x06, 0xfe, 0x89, 0x00, 0xff, 0xd6, 0x00, 0xd6, 0x00, 0xd6, 0xff, 0xff,
  0x08, 0xfe, 0x88, 0x1f, 0xbf, 0xbf, 0x1f, 0xbf, 0xbf, 0x1f, 0xbf, 0x00,
  0x03, 0x07, 0x03, 0x03, 0x02, 0x01, 0x03, 0x03, 0x03, 0x01, 0x07, 0x00,
  0x03, 0x01, 0x03, 0x03, 0x03, 0x07, 0x02, 0x0f, 0x03, 0x1f, 0x03, 0x3f,
  0x02, 0x7f, 0x03, 0x3f, 0x03, 0x1f, 0x02, 0x0f, 0x03, 0xfc, 0x03, 0xfe,
  0x05, 0xff, 0x03, 0xfe, 0x05, 0xff, 0x03, 0xfe, 0x05, 0xfc, 0x03, 0xf8,
  0x02, 0xf0, 0x05, 0xff, 0x03, 0xfe, 0x03, 0xf8, 0x85, 0xf0, 0xc0, 0x80,
  0x00, 0x00, 0x03, 0xfc, 0x87, 0xf8, 0xe0, 0xc0, 0x80, 0x80, 0x7f, 0x3f,
  0x03, 0x1f, 0x02, 0x3f, 0x89, 0x7f, 0xc0, 0xe0, 0xf8, 0xfc, 0xfc, 0xfe,
  0xfe, 0xff, 0x03, 0xfc, 0x03, 0xfe, 0x02, 0xff, 0x8b, 0xc7, 0xe1, 0xf9,
  0xfc, 0xfc, 0xfe, 0xff, 0xfe, 0xfd, 0xfc, 0xfc, 0x03, 0xf9, 0x82, 0xf1,
  0xf3, 0x03, 0xff, 0x04, 0xfe, 0x02, 0xfd, 0x02, 0xfc, 0x02, 0xfe, 0x03,
  0xff, 0x83, 0x00, 0x02, 0x20, 0x03, 0x00, 0x82, 0x44, 0x00, 0x18, 0xff,
  0x00, 0x03, 0x8b, 0x02, 0x48, 0x03, 0x8b, 0x08, 0x1b, 0x10, 0xcb, 0x06,
  0x6b, 0x02, 0x60, 0x04, 0xbc, 0x0c, 0xb0, 0x04, 0xbd, 0x81, 0xb8, 0x06,
  0xbd, 0x85, 0xd0, 0x80, 0xd0, 0xbd, 0xbd, 0x04, 0xb0, 0x81, 0xbc, 0x06,
  0xcf, 0x81, 0xbc, 0x08, 0xb0, 0x02, 0xc0, 0x04, 0xcf, 0x02, 0xc0, 0x14,
  0xb0, 0x08, 0x5b, 0x07, 0x5f, 0x09, 0xb0, 0x08, 0xbf, 0x04, 0xdb, 0x04,
  0xd0, 0x08, 0xdb, 0x05, 0xf0, 0x03, 0xfb, 0x08, 0x69, 0x08, 0x68, 0x08,
  0xe9, 0x08, 0xe8, 0x08, 0x69, 0x08, 0x68, 0x02, 0xbf, 0x10, 0xb0, 0x06,
  0xbf, 0x02, 0x00, 0x06, 0xfb, 0x02, 0xb0, 0x06, 0xfb, 0x10, 0x75, 0x08,
  0xe5, 0x06, 0x98, 0x02, 0x9f, 0x08, 0x68, 0x08, 0x9f, 0x08, 0x69, 0x0c,
  0x9f, 0x04, 0x89, 0x08, 0x68, 0x08, 0xef, 0x05, 0xb9, 0x02, 0xb6, 0x85,
  0xb0, 0xb9, 0xb9, 0x90, 0x90, 0x03, 0x60, 0x81, 0x00, 0x04, 0xb4, 0x04,
  0xb0, 0x08, 0xb4, 0x08, 0xb0, 0x30, 0xbf, 0x38, 0x7f, 0x08, 0xf7, 0x30,
  0x7f, 0x08, 0xfb, 0x08, 0x70, 0x08, 0xf0, 0x08, 0xb0, 0x00, 0x10, 0xf0,
  0x04, 0x00, 0x84, 0x08, 0x0c, 0x0c, 0x06, 0x05, 0x00, 0x83, 0x14, 0x3b,
  0x7f, 0x04, 0x00, 0x84, 0x20, 0x76, 0xff, 0xff, 0x08, 0x0f, 0x02, 0xf8,
  0x96, 0xfc, 0xfe, 0xff, 0xff, 0xfc, 0xf8, 0xfe, 0xfe, 0xfc, 0xfd, 0xf8,
  0xf9, 0xf4, 0xf1, 0x7f, 0x7f, 0xbf, 0xbf, 0x40, 0x80, 0x00, 0x1f, 0x04,
  0xef, 0x04, 0x0f, 0x84, 0xfc, 0xf8, 0xf0, 0xf0, 0x03, 0xe0, 0x81, 0xf0,
  0x08, 0x0e, 0x82, 0x7c, 0x78, 0x06, 0x70, 0x02, 0x0f, 0x03, 0xcf, 0x03,
  0x0f, 0x8a, 0xf8, 0xfc, 0xfe, 0xfc, 0xfe, 0xff, 0xff, 0xfc, 0x0f, 0x0f,
  0x03, 0xcf, 0x9b, 0x0f, 0xf0, 0xf0, 0xf8, 0xf0, 0xfc, 0xf8, 0xfe, 0xfc,
  0xfc, 0xfe, 0xf1, 0xf4, 0xf9, 0xf8, 0xfd, 0xfc, 0xfe, 0xfe, 0x1f, 0xe0,
  0x80, 0xbf, 0x3f, 0x3f, 0x7f, 0x7f, 0x08, 0x0f, 0x8c, 0x03, 0x01, 0x01,
  0x00, 0x30, 0x70, 0x60, 0x00, 0xff, 0x3f, 0x1b, 0x08, 0x04, 0x00, 0x02,
  0xff, 0x83, 0xfd, 0xb8, 0x08, 0x03, 0x00, 0x0e, 0xf0, 0x02, 0x00, 0x08,
  0xf0, 0x06, 0x00, 0x02, 0x0f, 0x04, 0xff, 0x84, 0xef, 0xdf, 0xdf, 0xff,
  0x04, 0x00, 0x88, 0x0c, 0x7f, 0xff, 0xff, 0xf3, 0xf8, 0xf9, 0x7f, 0x03,
  0xff, 0x83, 0x1f, 0xfe, 0xfe, 0x03, 0xfc, 0x96, 0x02, 0x01, 0x00, 0x80,
  0x80, 0xc0, 0x40, 0xe0, 0x60, 0xd0, 0x70, 0x3f, 0x07, 0x01, 0x07, 0x0f,
  0x1f, 0x1f, 0x0f, 0xfe, 0x3e, 0x1e, 0x05, 0x0e, 0x08, 0x70, 0x85, 0x1f,
  0x0f, 0x0f, 0x07, 0x0f, 0x03, 0x07, 0x06, 0x0e, 0xae, 0x1e, 0x3e, 0x03,
  0x07, 0x07, 0x1f, 0x07, 0x0f, 0x07, 0x0f, 0x07, 0x07, 0x01, 0x02, 0x03,
  0x03, 0x01, 0x01, 0x70, 0xd0, 0x60, 0xe0, 0x40, 0xc0, 0x80, 0x80, 0xc0,
  0xe0, 0xe0, 0x80, 0xc0, 0xe0, 0xf0, 0xe0, 0xff, 0xff, 0x4f, 0x66, 0x01,
  0x00, 0x0f, 0x0f, 0xff, 0xfc, 0xf0, 0x80, 0x04, 0x00, 0x06, 0x70, 0x82,
  0x78, 0x7c, 0x00, 0x06, 0x47, 0x02, 0x40, 0x08, 0x47, 0x18, 0xf4, 0x07,
  0x74, 0x81, 0x7f, 0x08, 0x4f, 0x08, 0xf7, 0x04, 0x7e, 0x81, 0xef, 0x09,
  0x7f, 0x82, 0x0f, 0x07, 0x08, 0x4f, 0x18, 0x7f, 0x08, 0x4f, 0x06, 0x7f,
  0x02, 0xf0, 0x08, 0x4f, 0x08, 0xf7, 0x83, 0xbf, 0xf4, 0xf4, 0x05, 0xef,
  0x83, 0x7b, 0x74, 0x74, 0x05, 0x7e, 0x18, 0xf4, 0x81, 0xf7, 0x05, 0x47,
  0x02, 0x40, 0x10, 0x70, 0x08, 0x40, 0x08, 0x4f, 0x08, 0xe0, 0x08, 0x4f,
  0x81, 0x5f, 0x04, 0x57, 0x03, 0x7e, 0x08, 0x7f, 0x08, 0x4f, 0x08, 0x5e,
  0x08, 0x7f, 0x08, 0x4f, 0x08, 0x5e, 0x08, 0x4f, 0x83, 0xe5, 0xe4, 0x74,
  0x04, 0x75, 0x81, 0xf5, 0x08, 0x7f, 0x08, 0xf4, 0x06, 0xe0, 0x02, 0x40,
  0x08, 0xf4, 0x08, 0x7f, 0x00, 0xb0, 0x8b, 0xae, 0xbf, 0x8b, 0xdb, 0x5a,
  0xee, 0x8d, 0xff, 0x5f, 0x3f, 0x9f, 0x7f, 0xbf, 0x6f, 0xbf, 0xbd, 0xec,
  0x80, 0xee, 0x80, 0xde, 0xfb, 0x80, 0x67, 0x95, 0xe4, 0xb1, 0xf2, 0xf9,
  0xea, 0xf4, 0x08, 0x20, 0x02, 0xb7, 0x7f, 0x7a, 0x20, 0x84, 0xe9, 0xf4,
  0xd2, 0xe9, 0xab, 0xd9, 0x27, 0xef, 0x04, 0x3f, 0x06, 0x7f, 0x02, 0x3f,
  0x84, 0x1f, 0x0f, 0x07, 0x07, 0x03, 0x03, 0x04, 0x01, 0x03, 0x00, 0x02,
  0x01, 0x02, 0x03, 0x04, 0x01, 0x02, 0x03, 0x84, 0x07, 0x0f, 0x1f, 0x3f,
  0x10, 0xff, 0x00, 0x03, 0xf0, 0x99, 0xf3, 0xe3, 0xe3, 0xc1, 0x81, 0xff,
  0xeb, 0xbd, 0xbf, 0xee, 0xec, 0x01, 0x07, 0xf6, 0xbf, 0xbb, 0xdd, 0x00,
  0x7f, 0xff, 0xe0, 0xfb, 0xbf, 0xed, 0x00, 0x04, 0xff, 0x90, 0xfe, 0xde,
  0xdb, 0xeb, 0x00, 0xfe, 0xff, 0x07, 0x1f, 0x3f, 0x3f, 0xfe, 0xfc, 0xf0,
  0x80, 0xe0, 0x03, 0x0f, 0x03, 0x3f, 0x02, 0x7f, 0x02, 0x01, 0x03, 0x03,
  0x88, 0x01, 0x00, 0x00, 0x01, 0x03, 0x03, 0x07, 0x07, 0x03, 0x03, 0x03,
  0xff, 0x82, 0xf8, 0x07, 0x03, 0xff, 0x03, 0x7e, 0x81, 0x00, 0x04, 0x7e,
  0x03, 0xff, 0x82, 0x1f, 0xe0, 0x03, 0xff, 0x83, 0x80, 0xc0, 0xc0, 0x02,
  0xe0, 0x03, 0xc0, 0x02, 0x80, 0x03, 0xc0, 0x83, 0x80, 0x00, 0x00, 0x08,
  0x7e, 0x02, 0xfe, 0x03, 0xfc, 0x03, 0xf0, 0x02, 0x7f, 0x03, 0x3f, 0x03,
  0x0f, 0x90, 0x07, 0x01, 0xf0, 0xfe, 0xbf, 0xf7, 0xf6, 0xdf, 0xe0, 0xff,
  0x7f, 0xed, 0xff, 0xf6, 0xbf, 0xbf, 0x05, 0xff, 0x93, 0xf7, 0xff, 0xbd,
  0x07, 0xff, 0xfe, 0x00, 0xb7, 0xff, 0x6d, 0xfd, 0xe0, 0x80, 0x0f, 0x03,
  0x01, 0xc0, 0xc0, 0xe0, 0x08, 0x7e, 0x00, 0x81, 0x6c, 0x06, 0xc0, 0x04,
  0x6c, 0x83, 0x60, 0x6c, 0x60, 0x05, 0x6c, 0x87, 0xcb, 0x6c, 0xcb, 0xcb,
  0x6c, 0x60, 0x60, 0x06, 0xc0, 0x03, 0xac, 0x81, 0xc3, 0x04, 0xc6, 0x07,
  0xc0, 0x81, 0x60, 0x28, 0x96, 0x08, 0x90, 0x08, 0x60, 0x00, 0x03, 0x6e,
  0x05, 0x69, 0x06, 0xc0, 0x02, 0xe0, 0x05, 0xc0, 0x02, 0xe0, 0x81, 0xe6,
  0x04, 0xc0, 0x03, 0xe0, 0x81, 0x60, 0x05, 0xc0, 0x02, 0xe0, 0x81, 0xe6,
  0x05, 0x6c, 0x83, 0x69, 0xe9, 0xe9, 0x03, 0x9e, 0x05, 0x96, 0x10, 0x69,
  0x03, 0x60, 0x82, 0x6f, 0x16, 0x03, 0x60, 0x04, 0x6f, 0x81, 0x1f, 0x07,
  0x6f, 0x81, 0x16, 0x03, 0x6f, 0x10, 0x69, 0x08, 0x6f, 0x05, 0x96, 0x03,
  0x9e, 0x05, 0x96, 0x03, 0x9e, 0x02, 0xe0, 0x06, 0xc0, 0x83, 0xe6, 0xe6,
  0xec, 0x05, 0xc0, 0x81, 0x60, 0x03, 0xe0, 0x81, 0x00, 0x03, 0xc0, 0x83,
  0xe6, 0xe6, 0xe0, 0x05, 0xc0, 0x02, 0xe9, 0x03, 0x96, 0x03, 0x26, 0x08,
  0x8e, 0x00, 0x30, 0x96, 0x38, 0x56, 0x08, 0x65, 0x10, 0x56, 0x20, 0x5f,
  0x08, 0x99, 0x08, 0x50, 0x08, 0x60, 0x08, 0x90, 0x00, 0x02, 0x00, 0x82,
  0x1c, 0x62, 0x04, 0x00, 0x02, 0x01, 0x87, 0x02, 0x0a, 0x07, 0x01, 0x39,
  0x0f, 0x00, 0x02, 0x40, 0x89, 0x80, 0xc0, 0x10, 0x70, 0xc0, 0x01, 0xcf,
  0x3b, 0x02, 0x02, 0x06, 0x8a, 0x0e, 0x1f, 0x38, 0xe0, 0x98, 0xe0, 0x08,
  0x13, 0x3e, 0xe5, 0x88, 0x02, 0x03, 0x07, 0x05, 0x0e, 0x1f, 0x05, 0x0e,
  0x03, 0x00, 0x8a, 0x80, 0xc0, 0xe0, 0x80, 0xe0, 0x3f, 0x0b, 0x1d, 0x77,
  0x1f, 0x03, 0x03, 0x88, 0xf8, 0xd0, 0x38, 0xfc, 0xb0, 0xfc, 0xe0, 0x1f,
  0x04, 0xff, 0x87, 0x27, 0x0f, 0x3f, 0xff, 0xff, 0xa3, 0xc0, 0x03, 0x80,
  0x02, 0xc0, 0x93, 0xff, 0x0f, 0x07, 0x03, 0x0f, 0x07, 0x07, 0x0f, 0xff,
  0x33, 0x01, 0x01, 0x03, 0x01, 0x01, 0x03, 0xe0, 0xc0, 0xc0, 0x03, 0x80,
  0x02, 0xc0, 0x93, 0x0f, 0x07, 0x07, 0x0b, 0x03, 0x07, 0x07, 0x0f, 0x07,
  0xfb, 0x9b, 0x99, 0xf9, 0xf9, 0x03, 0x03, 0x67, 0x03, 0x03, 0x03, 0x01,
  0x02, 0x06, 0x83, 0xe0, 0xc0, 0xc0, 0x03, 0x80, 0x91, 0xc6, 0xff, 0x07,
  0x07, 0x0f, 0x0b, 0x07, 0x07, 0x0f, 0xff, 0x07, 0x03, 0x03, 0x01, 0x01,
  0x03, 0x33, 0x05, 0xff, 0x0e, 0x1f, 0x06, 0xff, 0x02, 0x00, 0x06, 0xff,
  0x02, 0xe0, 0x06, 0xff, 0x00, 0x08, 0x7f, 0x1c, 0x8f, 0x04, 0xef, 0x15,
  0xcf, 0x03, 0x6f, 0x05, 0xcf, 0x0b, 0xfe, 0x0a, 0x6f, 0x06, 0xef, 0x08,
  0x6e, 0x08, 0x6f, 0x08, 0xef, 0x10, 0x6e, 0x08, 0x6f, 0x06, 0xef, 0x02,
  0x6f, 0x08, 0x6e, 0x28, 0xf0, 0x00, 0x11, 0xec, 0x5d, 0x21, 0x00, 0x22,
  0xcd, 0xe0, 0x45, 0x11, 0x25, 0x5f, 0x21, 0x00, 0x02, 0xcd, 0xe0, 0x45,
  0x21, 0x80, 0x26, 0x11, 0xec, 0x5f, 0xcd, 0xe0, 0x45, 0x21, 0x80, 0x06,
  0x11, 0x1d, 0x60, 0xcd, 0xe0, 0x45, 0x21, 0x88, 0x26, 0x11, 0xa8, 0x26,
  0x0e, 0x04, 0xcd, 0x52, 0x46, 0x21, 0xa8, 0x06, 0x11, 0x1f, 0x60, 0xcd,
  0xe0, 0x45, 0x21, 0xc8, 0x26, 0x11, 0xf7, 0x5f, 0xcd, 0xe0, 0x45, 0x21,
  0xc8, 0x06, 0x11, 0x22, 0x60, 0xcd, 0xe0, 0x45, 0x21, 0xc8, 0x26, 0x11,
  0x08, 0x27, 0x0e, 0x08, 0xcd, 0x52, 0x46, 0x21, 0x08, 0x07, 0x11, 0x22,
  0x60, 0xcd, 0xe0, 0x45, 0x21, 0x48, 0x27, 0x11, 0x08, 0x60, 0xcd, 0xe0,
  0x45, 0x21, 0x48, 0x07, 0x11, 0x2d, 0x60, 0xcd, 0xe0, 0x45, 0x21, 0x60,
  0x27, 0x11, 0x98, 0x27, 0x0e, 0x06, 0xcd, 0x52, 0x46, 0x21, 0x98, 0x07,
  0x11, 0x31, 0x60, 0xcd, 0xe0, 0x45, 0x11, 0x71, 0x5a, 0xcd, 0x0b, 0x46,
  0x21, 0x80, 0x18, 0x11, 0x50, 0x19, 0x0e, 0x06, 0xcd, 0x36, 0x46, 0x11,
  0x95, 0x5b, 0xcd, 0x0b, 0x46, 0xcd, 0x06, 0x6a, 0x3a, 0x43, 0xe0, 0x3d,
  0xca, 0x30, 0x6a, 0x3d, 0x28, 0x37, 0x3d, 0xca, 0x30, 0x6a, 0x3d, 0xca,
  0x95, 0x69, 0x3d, 0xca, 0x95, 0x69, 0xcd, 0x30, 0x6a, 0x21, 0xc8, 0x06,
  0x01, 0x00, 0x01, 0xc5, 0xe5, 0xcd, 0x4a, 0x00, 0x47, 0xe6, 0x0f, 0xfe,
  0x0f, 0x20, 0x06, 0x78, 0xe6, 0xf0, 0xf6, 0x07, 0x47, 0x78, 0x01, 0x01,
  0x00, 0xcd, 0xcf, 0x45, 0xe1, 0xc1, 0x23, 0x0b, 0x78, 0xb1, 0x20, 0xdf,
  0xc9, 0xcd, 0x30, 0x6a, 0x11, 0xac, 0x63, 0x21, 0x88, 0x25, 0xc3, 0xe0,
  0x45, 0x11, 0xac, 0x63, 0x21, 0x00, 0x24, 0xcd, 0xe0, 0x45, 0x21, 0x00,
  0x24, 0x11, 0x88, 0x25, 0x0e, 0x18, 0xcd, 0x52, 0x46, 0x11, 0xc2, 0x67,
  0x21, 0x88, 0x05, 0xcd, 0xe0, 0x45, 0x11, 0x45, 0x66, 0x21, 0x00, 0x24,
  0xcd, 0xe0, 0x45, 0x11, 0x68, 0x24, 0x21, 0x00, 0x24, 0x0e, 0x0d, 0xcd,
  0x52, 0x46, 0x11, 0x37, 0x67, 0x21, 0x00, 0x04, 0xcd, 0xe0, 0x45, 0x11,
  0x37, 0x67, 0x21, 0x68, 0x04, 0xcd, 0xe0, 0x45, 0x11, 0x97, 0x66, 0x21,
  0xd0, 0x24, 0xcd, 0xe0, 0x45, 0x11, 0x5e, 0x67, 0x21, 0xd0, 0x04, 0xcd,
  0xe0, 0x45, 0x3a, 0x43, 0xe0, 0xfe, 0x04, 0xc0, 0x3e, 0x66, 0x21, 0x30,
  0x04, 0x01, 0x38, 0x00, 0xcd, 0xcf, 0x45, 0x3e, 0x66, 0x21, 0x98, 0x04,
  0x01, 0x38, 0x00, 0xc3, 0xcf, 0x45, 0x3a, 0x43, 0xe0, 0x21, 0x69, 0x6a,
  0xcd, 0x3b, 0x40, 0x7e, 0x32, 0x9d, 0xe0, 0x21, 0x48, 0x07, 0x06, 0x80,
  0xc5, 0xe5, 0xcd, 0x4a, 0x00, 0xe6, 0x0f, 0x47, 0x3a, 0x9d, 0xe0, 0xb0,
  0x01, 0x01, 0x00, 0xcd, 0xcf, 0x45, 0xe1, 0xc1, 0x23, 0x10, 0xe9, 0xc9,
  0x3a, 0x43, 0xe0, 0x3d, 0x87, 0x87, 0x21, 0x51, 0x6a, 0xcd, 0x3b, 0x40,
  0x5e, 0x23, 0x56, 0xe5, 0x21, 0x00, 0x24, 0xcd, 0xe0, 0x45, 0xe1, 0x23,
  0x5e, 0x23, 0x56, 0x21, 0x00, 0x04, 0xc3, 0xe0, 0x45, 0x3e, 0x60, 0xc8,
  0x61, 0x79, 0x62, 0x31, 0x64, 0xca, 0x64, 0xd7, 0x65, 0x45, 0x66, 0x37,
  0x67, 0x45, 0x66, 0x37, 0x67, 0xd5, 0x67, 0x85, 0x68, 0x00, 0x20, 0xb0,
  0x00, 0x60, 0x90, 0xf0, 0x3a, 0x08, 0xe0, 0xe6, 0x0c, 0x21, 0x48, 0xe0,
  0x28, 0x01, 0x77, 0x23, 0x7e, 0xcd, 0x45, 0x40, 0x90, 0x6a, 0xbb, 0x6a,
  0x05, 0x6b, 0x5e, 0x6b, 0x90, 0x6b, 0x05, 0x6c, 0x31, 0x6c, 0x3a, 0x6c,
  0xcd, 0xd1, 0x6c, 0x3a, 0x55, 0xe0, 0x87, 0x87, 0xe6, 0x0c, 0x4f, 0x3a,
  0x09, 0xe0, 0xe6, 0x0c, 0xa1, 0xc4, 0xec, 0x6d, 0x3a, 0x02, 0xe0, 0xcb,
  0x77, 0x28, 0x09, 0x3a, 0x10, 0xe0, 0xb7, 0x3e, 0x01, 0xcc, 0x6e, 0x4b,
  0xaf, 0x32, 0x53, 0xe0, 0xc3, 0x1d, 0x6e, 0xe1, 0x3a, 0x03, 0xe0, 0xe6,
  0x07, 0xc0, 0x21, 0x4a, 0xe0, 0x35, 0x28, 0x17, 0x7e, 0xfe, 0x0b, 0x3e,
  0x08, 0x28, 0x07, 0x3c, 0xbe, 0xc0, 0x3e, 0x09, 0x18, 0xdf, 0xf5, 0x3e,
  0x4f, 0xcd, 0x6e, 0x4b, 0xf1, 0x18, 0xd6, 0xcd, 0xf4, 0x6a, 0x3e, 0x06,
  0x32, 0x49, 0xe0, 0x3e, 0x10, 0x32, 0x04, 0xe0, 0x3a, 0x83, 0xe0, 0xb7,
  0x28, 0x2a, 0xe1, 0xc9, 0x21, 0x83, 0xe0, 0x7e, 0xd6, 0x14, 0x30, 0x01,
  0xaf, 0x77, 0xaf, 0x32, 0xb8, 0xe0, 0xc3, 0x2a, 0x45, 0x3a, 0x83, 0xe0,
  0xb7, 0xc2, 0x2c, 0x6c, 0xcd, 0x90, 0x6a, 0x21, 0x4f, 0xe0, 0x7e, 0x3d,
  0xfe, 0xf0, 0x30, 0x04, 0x77, 0xc3, 0x73, 0x6c, 0x3a, 0x28, 0xe0, 0xb7,
  0xc0, 0x3e, 0x1b, 0xcd, 0x6e, 0x4b, 0x21, 0x4e, 0xe0, 0x46, 0x2b, 0x2b,
  0x7e, 0xd6, 0x10, 0x6f, 0x78, 0xd6, 0x08, 0x67, 0xcd, 0x61, 0x45, 0x7d,
  0xe6, 0x1f, 0xfe, 0x12, 0x38, 0x06, 0x7d, 0xe6, 0xe0, 0xf6, 0x12, 0x6f,
  0x11, 0x59, 0x6b, 0x01, 0x05, 0x00, 0xcd, 0xa7, 0x45, 0x3e, 0x80, 0x32,
  0x04, 0xe0, 0x3e, 0x06, 0x32, 0x49, 0xe0, 0xe1, 0xc9, 0x25, 0x2d, 0x30,
  0x34, 0x39, 0xe1, 0xcd, 0xd9, 0x44, 0x3e, 0x80, 0x32, 0xee, 0xe0, 0x32,
  0xfe, 0xe0, 0xcd, 0xb4, 0x6a, 0xaf, 0x32, 0x4f, 0xe0, 0x21, 0x4c, 0xe0,
  0x7e, 0xd6, 0xc8, 0xfe, 0x08, 0x38, 0x05, 0x7e, 0xd6, 0x04, 0x77, 0xc9,
  0x3a, 0xe6, 0xe0, 0xb7, 0xc0, 0x3a, 0xf6, 0xe0, 0xb7, 0xc0, 0x3e, 0x01,
  0x32, 0x0d, 0xe0, 0xc9, 0x21, 0xb1, 0xe0, 0x35, 0x20, 0x1a, 0x3a, 0x54,
  0xe0, 0xb7, 0x3e, 0x07, 0x28, 0x02, 0x3e, 0x01, 0x77, 0x3e, 0x07, 0x21,
  0x49, 0xe0, 0x77, 0x3a, 0x4f, 0xe0, 0xfe, 0xa0, 0xd0, 0x36, 0x00, 0xc9,
  0xcd, 0xe2, 0x6b, 0xcd, 0xd1, 0x6c, 0xcd, 0x1d, 0x6e, 0x3a, 0x02, 0xe0,
  0xcb, 0x77, 0x28, 0x0a, 0x3a, 0x03, 0xe0, 0xe6, 0x03, 0x3e, 0x0d, 0xcc,
  0x6e, 0x4b, 0x3a, 0x54, 0xe0, 0xa7, 0x3a, 0x08, 0xe0, 0x28, 0x05, 0xe6,
  0x04, 0xc8, 0x18, 0x03, 0xe6, 0x08, 0xc8, 0xaf, 0x32, 0x49, 0xe0, 0xc3,
  0xb5, 0x6a, 0x3e, 0x07, 0x32, 0x53, 0xe0, 0x3a, 0x51, 0xe0, 0xd6, 0x0c,
  0x5f, 0x16, 0x00, 0x3a, 0x54, 0xe0, 0xa7, 0x28, 0x0a, 0x3e, 0x01, 0x32,
  0x53, 0xe0, 0x15, 0x7b, 0x2f, 0x5f, 0x13, 0x2a, 0x4d, 0xe0, 0xc3, 0x18,
  0x6e, 0x21, 0x04, 0xe0, 0x35, 0x28, 0x19, 0x21, 0x51, 0xe0, 0x7e, 0xa7,
  0x28, 0x01, 0x35, 0x7e, 0x2a, 0x4d, 0xe0, 0xcb, 0x3f, 0x5f, 0x3a, 0x55,
  0xe0, 0x1f, 0xcd, 0x0b, 0x6e, 0xc3, 0x1d, 0x6e, 0x3a, 0x83, 0xe0, 0xa7,
  0x3e, 0x02, 0x28, 0x01, 0xaf, 0x32, 0x49, 0xe0, 0xc9, 0xe1, 0xcd, 0x0c,
  0x44, 0xaf, 0x32, 0x45, 0xe0, 0xc9, 0xcd, 0xe2, 0x6b, 0x3a, 0x03, 0xe0,
  0xe6, 0x03, 0x21, 0xb1, 0xe0, 0x20, 0x10, 0xe5, 0x3e, 0x0b, 0xcd, 0x6e,
  0x4b, 0xe1, 0x3a, 0x54, 0xe0, 0x35, 0xb7, 0x28, 0x02, 0x34, 0x34, 0x7e,
  0xe6, 0x07, 0xcd, 0xb5, 0x6a, 0x21, 0x4c, 0xe0, 0xcd, 0xc1, 0x6d, 0xd0,
  0xc3, 0x18, 0x6f, 0xcd, 0x89, 0x6c, 0xc8, 0x21, 0x4f, 0xe0, 0x7e, 0xa7,
  0xc8, 0x3d, 0x77, 0xaf, 0x32, 0x38, 0xe0, 0x2a, 0x4b, 0xe0, 0x7c, 0xfe,
  0xf8, 0xd2, 0x1d, 0x6e, 0xcd, 0x93, 0x6c, 0xd0, 0x01, 0xb8, 0xff, 0x18,
  0x41, 0x3a, 0x49, 0xe0, 0x3d, 0xc8, 0x3d, 0xc8, 0xfe, 0x05, 0xc9, 0x3a,
  0x4f, 0xe0, 0xfe, 0x18, 0x3f, 0xd0, 0xfe, 0x50, 0xd8, 0xfe, 0x7e, 0x3f,
  0xc9, 0xcd, 0x89, 0x6c, 0xc8, 0x3a, 0x09, 0xe0, 0xe6, 0x10, 0x28, 0xbb,
  0x21, 0x4f, 0xe0, 0x7e, 0xfe, 0xd7, 0xd0, 0x3c, 0x77, 0x3e, 0x01, 0x32,
  0x38, 0xe0, 0x2a, 0x4b, 0xe0, 0x7c, 0xfe, 0x9a, 0xd2, 0x1d, 0x6e, 0xcd,
  0x93, 0x6c, 0xd0, 0x01, 0x48, 0x00, 0x09, 0x22, 0x4b, 0xe0, 0xc3, 0x1d,
  0x6e, 0x21, 0x4c, 0xe0, 0xcd, 0xc1, 0x6d, 0x21, 0x55, 0xe0, 0x36, 0xff,
  0xd0, 0x70, 0xcd, 0x09, 0x6d, 0xd0, 0x21, 0x01, 0x0c, 0x22, 0x49, 0xe0,
  0x3a, 0x4f, 0xe0, 0xfe, 0xa0, 0xd2, 0x04, 0x6d, 0x3e, 0x05, 0x32, 0x49,
  0xe0, 0x3e, 0xbc, 0x32, 0x51, 0xe0, 0x3e, 0x18, 0x32, 0x04, 0xe0, 0xaf,
  0x32, 0x53, 0xe0, 0xc9, 0xe1, 0xe1, 0xc3, 0x1e, 0x6f, 0x7a, 0xd6, 0x74,
  0xfe, 0x08, 0x3f, 0xd8, 0xfe, 0x04, 0x30, 0x0c, 0x3e, 0x04, 0x32, 0x49,
  0xe0, 0x3e, 0x20, 0x32, 0xb1, 0xe0, 0xa7, 0xc9, 0x3e, 0x20, 0x32, 0x4f,
  0xe0, 0xcd, 0x02, 0x6b, 0xa7, 0xc9, 0x06, 0x0c, 0xcd, 0x8b, 0x6d, 0xd0,
  0x78, 0xfe, 0xcf, 0x38, 0x14, 0xd6, 0xd9, 0xfe, 0x08, 0x30, 0x12, 0x79,
  0xf5, 0xc6, 0x0c, 0xe6, 0xf8, 0x4f, 0xf1, 0x91, 0x80, 0xd6, 0xd4, 0x38,
  0x3c, 0x06, 0x01, 0x18, 0x3c, 0x78, 0xfe, 0xec, 0x20, 0xf7, 0x06, 0xe0,
  0x18, 0xe5, 0x06, 0x04, 0xcd, 0x8b, 0x6d, 0xd0, 0x78, 0xfe, 0xfc, 0x30,
  0x17, 0xd6, 0xe1, 0xfe, 0x08, 0x30, 0x15, 0x79, 0xf5, 0xc6, 0x04, 0xe6,
  0xf8, 0x4f, 0x78, 0xe6, 0x0f, 0x47, 0xf1, 0xc6, 0x04, 0x91, 0x90, 0xd0,
  0x06, 0x02, 0x18, 0x0d, 0x78, 0xfe, 0xf3, 0x20, 0xf7, 0x06, 0xe1, 0x18,
  0xe2, 0x06, 0x00, 0xa7, 0xc9, 0x37, 0xc9, 0x7e, 0x23, 0x23, 0x66, 0xc6,
  0x04, 0x6f, 0xd6, 0xc0, 0x38, 0x08, 0xfe, 0x18, 0x2e, 0x00, 0x30, 0x02,
  0x2e, 0xb8, 0x7c, 0x4f, 0x80, 0x67, 0xcd, 0x61, 0x45, 0xcd, 0x50, 0x00,
  0x3a, 0x07, 0x00, 0xd9, 0x4f, 0xed, 0x78, 0xd9, 0x47, 0x57, 0xfe, 0xcf,
  0x38, 0xd3, 0xfe, 0xd9, 0x38, 0xcb, 0xd6, 0xd9, 0xfe, 0x10, 0x30, 0xc9,
  0xc9, 0xe5, 0x7e, 0x47, 0xd6, 0xc0, 0x38, 0x08, 0x06, 0x00, 0xfe, 0x10,
  0x30, 0x02, 0x06, 0xb8, 0x78, 0x11, 0x98, 0xe0, 0x1f, 0x1f, 0x1f, 0xe6,
  0x1f, 0xcd, 0x40, 0x40, 0x1a, 0x87, 0xe6, 0xf8, 0xc6, 0x20, 0x23, 0x23,
  0xbe, 0xe1, 0xd2, 0x56, 0x6d, 0xc3, 0x2a, 0x6d, 0x2a, 0x4d, 0xe0, 0x3a,
  0x51, 0xe0, 0xb7, 0x28, 0x04, 0xcb, 0x3f, 0xc6, 0x08, 0x5f, 0x3a, 0x09,
  0xe0, 0x47, 0xe6, 0x0c, 0xfe, 0x0c, 0x20, 0x04, 0x3a, 0x48, 0xe0, 0xa0,
  0x1f, 0x1f, 0x1f, 0x16, 0x00, 0x30, 0x05, 0x15, 0x7b, 0x2f, 0x5f, 0x13,
  0xcb, 0x23, 0xcb, 0x12, 0x19, 0x22, 0x4d, 0xe0, 0xc9, 0x21, 0x3f, 0x6e,
  0x3a, 0x53, 0xe0, 0x06, 0x00, 0x4f, 0x09, 0x7e, 0x21, 0x4c, 0xe0, 0x4e,
  0x23, 0x23, 0x46, 0x21, 0x12, 0xe1, 0xcd, 0x37, 0x6e, 0xc6, 0x04, 0x71,
  0x23, 0x70, 0x23, 0x77, 0x23, 0x23, 0xc9, 0x00, 0x10, 0x18, 0x20, 0x08,
  0x38, 0x30, 0x28, 0x40, 0x48, 0x68, 0x3a, 0x49, 0xe0, 0x3d, 0xc8, 0x21,
  0xe4, 0xe0, 0xaf, 0x77, 0x21, 0xe4, 0xe0, 0x7e, 0xf5, 0x23, 0x87, 0x87,
  0x87, 0x87, 0x06, 0x00, 0x4f, 0x09, 0x22, 0xbf, 0xe0, 0xf1, 0x47, 0x2a,
  0xbf, 0xe0, 0x23, 0x7e, 0xb7, 0xca, 0x0a, 0x6f, 0x78, 0xcd, 0x6b, 0x73,
  0x3a, 0x4c, 0xe0, 0x96, 0xd6, 0x10, 0xc6, 0x20, 0x23, 0xd2, 0x0a, 0x6f,
  0x3a, 0x4e, 0xe0, 0x96, 0x0e, 0x00, 0x30, 0x01, 0x0c, 0xd6, 0x0a, 0xc6,
  0x16, 0xd2, 0x0a, 0x6f, 0x79, 0x32, 0x54, 0xe0, 0x3a, 0xe4, 0xe0, 0xfe,
  0x03, 0xca, 0x18, 0x6f, 0x2a, 0xbf, 0xe0, 0x7e, 0xd6, 0x06, 0xfe, 0x02,
  0xda, 0x18, 0x6f, 0x23, 0x36, 0x01, 0x23, 0x36, 0x05, 0x3e, 0x09, 0xcd,
  0x3b, 0x40, 0x23, 0x79, 0xa7, 0x36, 0x03, 0x20, 0x02, 0x36, 0xfd, 0x21,
  0x49, 0xe0, 0x7e, 0xfe, 0x07, 0x28, 0x52, 0x3a, 0x54, 0xe0, 0xee, 0x01,
  0x2a, 0xbf, 0xe0, 0x23, 0xcd, 0x52, 0x73, 0x3e, 0x20, 0x32, 0xb1, 0xe0,
  0x3e, 0x04, 0x32, 0x49, 0xe0, 0xcd, 0x1d, 0x6e, 0x2a, 0xbf, 0xe0, 0x7e,
  0xfe, 0x08, 0xc0, 0x21, 0xe3, 0xe0, 0x35, 0xcd, 0xdb, 0x6b, 0x2a, 0xbf,
  0xe0, 0x23, 0x36, 0x00, 0x3a, 0xe4, 0xe0, 0x87, 0x87, 0x87, 0x21, 0x1a,
  0xe1, 0xcd, 0x3b, 0x40, 0x36, 0xe0, 0x23, 0x23, 0x23, 0x23, 0x36, 0xe0,
  0x21, 0xb8, 0xe0, 0x36, 0x01, 0xc9, 0x21, 0xe4, 0xe0, 0x34, 0x7e, 0xfe,
  0x03, 0xc2, 0x54, 0x6e, 0xc9, 0x36, 0x00, 0xc9, 0x21, 0x01, 0x0c, 0x22,
  0x49, 0xe0, 0xaf, 0x32, 0x4f, 0xe0, 0xc3, 0xfe, 0x6a, 0x3a, 0x4f, 0xe0,
  0xfe, 0xb8, 0xd8, 0x21, 0xc1, 0xe0, 0x7e, 0xa7, 0xc8, 0x23, 0x36, 0x00,
  0x21, 0xc2, 0xe0, 0x7e, 0x87, 0x87, 0x87, 0x87, 0x23, 0x06, 0x00, 0x4f,
  0x09, 0x22, 0xbf, 0xe0, 0x23, 0x7e, 0xa7, 0x28, 0x14, 0x23, 0x23, 0x7e,
  0xa7, 0x28, 0x18, 0x3a, 0x4f, 0xe0, 0xfe, 0xc8, 0x30, 0x06, 0x3a, 0x03,
  0xe0, 0x1f, 0x30, 0x01, 0x35, 0x21, 0xc2, 0xe0, 0x34, 0x3e, 0x02, 0xbe,
  0x20, 0xce, 0xc9, 0x3a, 0xc2, 0xe0, 0xb7, 0x21, 0xc6, 0xe0, 0x20, 0x02,
  0x2e, 0xd6, 0x3a, 0x3b, 0xe0, 0x3d, 0x3e, 0x07, 0x28, 0x02, 0x3e, 0x0c,
  0x77, 0xaf, 0xf5, 0x21, 0xe5, 0xe0, 0x87, 0x87, 0x87, 0x87, 0x06, 0x00,
  0xc6, 0x01, 0x4f, 0x09, 0x7e, 0xa7, 0x28, 0x08, 0xf1, 0x3c, 0xfe, 0x02,
  0x20, 0xe8, 0x18, 0xc5, 0xf1, 0x32, 0xb0, 0xe0, 0xe5, 0x0e, 0x04, 0xcd,
  0xf6, 0x72, 0x4e, 0x3a, 0x98, 0xe0, 0x1f, 0x1f, 0xe6, 0x1f, 0x87, 0x87,
  0x87, 0x81, 0x23, 0x23, 0x36, 0x00, 0x23, 0x23, 0x77, 0x2b, 0x2b, 0xe5,
  0xcd, 0xc1, 0x6d, 0xe1, 0x30, 0x0a, 0x23, 0x23, 0x7e, 0xd6, 0x08, 0x77,
  0x2b, 0x2b, 0x18, 0xef, 0x2a, 0xbf, 0xe0, 0x56, 0x3a, 0x3b, 0xe0, 0xb7,
  0x20, 0x01, 0x57, 0x0e, 0x06, 0xcd, 0xf6, 0x72, 0x7a, 0xfe, 0x02, 0x36,
  0xf0, 0x28, 0x04, 0xfe, 0x05, 0x20, 0x09, 0x3a, 0x00, 0xe0, 0xfe, 0x06,
  0x28, 0x02, 0x36, 0xbf, 0x2a, 0xbf, 0xe0, 0xd1, 0x1b, 0x01, 0x10, 0x00,
  0xed, 0xb0, 0x2a, 0xbf, 0xe0, 0x7e, 0x23, 0x36, 0x00, 0x87, 0x21, 0x6b,
  0x53, 0xcd, 0x3b, 0x40, 0x3a, 0xb0, 0xe0, 0x87, 0x87, 0x87, 0xc6, 0x03,
  0x11, 0x1a, 0xe1, 0xcd, 0x40, 0x40, 0xed, 0xa0, 0x13, 0x13, 0x13, 0xed,
  0xa0, 0x21, 0xc1, 0xe0, 0x35, 0xc2, 0x5d, 0x6f, 0x2a, 0xbd, 0xe0, 0x23,
  0x22, 0xbd, 0xe0, 0x7e, 0x3c, 0x20, 0x12, 0x3a, 0x43, 0xe0, 0x3d, 0x6f,
  0x26, 0x00, 0x29, 0x29, 0x29, 0x29, 0x11, 0x7d, 0x53, 0x19, 0x22, 0xbd,
  0xe0, 0x3a, 0x3b, 0xe0, 0xb7, 0x7e, 0x20, 0x05, 0xfe, 0x0a, 0x20, 0x01,
  0x3d, 0x3d, 0x87, 0x47, 0x87, 0x80, 0x21, 0x11, 0x53, 0xcd, 0x3b, 0x40,
  0xeb, 0x21, 0xc1, 0xe0, 0x36, 0x02, 0x23, 0x36, 0x00, 0x23, 0xeb, 0x08,
  0x7e, 0x08, 0xed, 0xa0, 0x3e, 0x01, 0x12, 0x13, 0x13, 0x3a, 0x3b, 0xe0,
  0x3d, 0x7e, 0x28, 0x01, 0x87, 0x12, 0x13, 0x23, 0xed, 0xa0, 0xeb, 0x01,
  0x04, 0x00, 0x09, 0x08, 0x47, 0x3a, 0x43, 0xe0, 0xfe, 0x03, 0x36, 0x80,
  0x20, 0x02, 0x36, 0x6c, 0x78, 0xfe, 0x02, 0x28, 0x04, 0xfe, 0x05, 0x20,
  0x02, 0x36, 0xe4, 0x08, 0x23, 0x36, 0x00, 0x01, 0x06, 0x00, 0x09, 0xeb,
  0xd9, 0x21, 0xc2, 0xe0, 0x34, 0x3e, 0x02, 0xbe, 0xd9, 0x20, 0xb8, 0xc9,
  0xaf, 0x32, 0xe4, 0xe0, 0x21, 0xe4, 0xe0, 0x7e, 0x23, 0x87, 0x87, 0x87,
  0x87, 0x4f, 0x06, 0x00, 0x09, 0x22, 0xbf, 0xe0, 0x23, 0x7e, 0xa7, 0xca,
  0x98, 0x72, 0x21, 0x8a, 0x72, 0xe5, 0xcd, 0x45, 0x40, 0x89, 0x72, 0xd9,
  0x70, 0xa2, 0x71, 0xc6, 0x71, 0xd9, 0x70, 0x09, 0x72, 0x8a, 0x72, 0x09,
  0x72, 0xcd, 0xb8, 0x72, 0xcd, 0xc6, 0x71, 0xcd, 0xdd, 0x53, 0xcd, 0x6d,
  0x71, 0xcd, 0xfe, 0x72, 0xcd, 0x23, 0x71, 0xcd, 0x54, 0x71, 0x0e, 0x06,
  0xcd, 0xf6, 0x72, 0xd6, 0xc0, 0xfe, 0x40, 0x3e, 0x00, 0x38, 0x06, 0x7e,
  0x1f, 0x1f, 0x1f, 0xe6, 0x1f, 0x4f, 0x21, 0x98, 0xe0, 0x09, 0x56, 0x0e,
  0x09, 0xcd, 0xf6, 0x72, 0x7a, 0xe6, 0x03, 0x4f, 0xca, 0x89, 0x72, 0x3a,
  0x4f, 0xe0, 0x96, 0x30, 0x02, 0xed, 0x44, 0x87, 0x5f, 0x16, 0x00, 0x79,
  0xc3, 0x45, 0x71, 0x2a, 0x78, 0xe0, 0xa7, 0x01, 0x09, 0x0f, 0xa7, 0xed,
  0x42, 0xd0, 0x0e, 0x06, 0xcd, 0xf6, 0x72, 0xcd, 0xc1, 0x6d, 0xd0, 0x2a,
  0xbf, 0xe0, 0x11, 0x0f, 0x00, 0x19, 0x36, 0x00, 0x1e, 0xf0, 0x16, 0x02,
  0x78, 0x3d, 0x20, 0x07, 0x7a, 0x2f, 0x57, 0x7b, 0x2f, 0x5f, 0x13, 0x0e,
  0x08, 0xc3, 0xe7, 0x72, 0x0e, 0x09, 0xcd, 0xf6, 0x72, 0x5e, 0x23, 0x56,
  0x60, 0x3a, 0x4f, 0xe0, 0x6f, 0xa7, 0xed, 0x52, 0x29, 0x29, 0x29, 0xeb,
  0x0e, 0x06, 0xc3, 0xe7, 0x72, 0x2a, 0xbf, 0xe0, 0x7e, 0xfe, 0x03, 0xc0,
  0x01, 0x06, 0x00, 0x09, 0x3a, 0x4c, 0xe0, 0xd6, 0x40, 0xbe, 0xd8, 0x47,
  0x7e, 0xc6, 0x20, 0xb8, 0xd8, 0x23, 0x23, 0x3a, 0x4e, 0xe0, 0xbe, 0xf5,
  0x01, 0x06, 0x00, 0x09, 0xf1, 0x3e, 0x01, 0x30, 0x01, 0x3d, 0x77, 0x23,
  0x36, 0x20, 0x3e, 0x05, 0x2a, 0xbf, 0xe0, 0x23, 0x77, 0xc9, 0x0e, 0x06,
  0xcd, 0xf6, 0x72, 0xcd, 0xc1, 0x6d, 0x38, 0x16, 0x0e, 0x0f, 0xcd, 0xf6,
  0x72, 0x35, 0x28, 0x0e, 0x2b, 0x7e, 0x11, 0x00, 0x01, 0xcd, 0x45, 0x71,
  0x11, 0x00, 0xff, 0xc3, 0x68, 0x71, 0x3e, 0x01, 0x18, 0xd6, 0x0e, 0x09,
  0xcd, 0xf6, 0x72, 0xeb, 0x1a, 0xfe, 0xd7, 0xd8, 0x1b, 0x3a, 0xe4, 0xe0,
  0x21, 0xe5, 0xe0, 0xa7, 0x20, 0x02, 0x2e, 0xf5, 0x0e, 0x08, 0x09, 0x4e,
  0x1a, 0x47, 0x96, 0xd6, 0x10, 0xc6, 0x20, 0xd0, 0x2b, 0x2b, 0x1b, 0x1b,
  0x1a, 0xd6, 0x28, 0x96, 0xd6, 0x08, 0xc6, 0x10, 0xd0, 0x79, 0xb8, 0x3e,
  0x00, 0x30, 0x01, 0x3c, 0xeb, 0x01, 0x08, 0x00, 0x09, 0x77, 0x23, 0x36,
  0x18, 0x3e, 0x07, 0x18, 0x93, 0x2a, 0xbf, 0xe0, 0x23, 0x56, 0x01, 0x0e,
  0x00, 0x09, 0x35, 0xfa, 0xc2, 0x71, 0x2b, 0x7a, 0x11, 0xb8, 0x00, 0xfe,
  0x05, 0x28, 0x02, 0x1e, 0xa0, 0x7e, 0xb7, 0xcd, 0x46, 0x71, 0xc3, 0xe5,
  0x70, 0xcd, 0x4b, 0x72, 0x08, 0xfe, 0x06, 0x28, 0x03, 0xfe, 0x07, 0xc0,
  0x78, 0xc6, 0x10, 0x47, 0x08, 0xc6, 0x04, 0x21, 0x32, 0xe1, 0xcd, 0x7d,
  0x72, 0x2b, 0x36, 0x08, 0x01, 0xfc, 0xff, 0x09, 0x36, 0x01, 0xc9, 0x2a,
  0xbf, 0xe0, 0x08, 0x7e, 0x5f, 0x08, 0x01, 0x06, 0x00, 0x09, 0x46, 0x7b,
  0xfe, 0x02, 0x28, 0x04, 0xfe, 0x04, 0x20, 0x08, 0x3a, 0x03, 0xe0, 0xe6,
  0x03, 0x20, 0x01, 0x04, 0x23, 0x23, 0x4e, 0x3a, 0xe4, 0xe0, 0xcd, 0x6b,
  0x73, 0x78, 0xfe, 0xd0, 0xc8, 0x7b, 0x11, 0xaf, 0x72, 0xcd, 0x40, 0x40,
  0x1a, 0xcd, 0x82, 0x72, 0xc6, 0x04, 0x70, 0x23, 0x71, 0x23, 0x77, 0x23,
  0x23, 0xc9, 0xcd, 0x29, 0x72, 0x0e, 0x06, 0xcd, 0xf6, 0x72, 0xd6, 0xc3,
  0xfe, 0x0c, 0x38, 0x0c, 0x21, 0xe4, 0xe0, 0x34, 0x7e, 0x2b, 0xfe, 0x02,
  0xc2, 0xac, 0x70, 0xc9, 0x36, 0xdf, 0xaf, 0xcd, 0x9c, 0x71, 0xcd, 0x29,
  0x72, 0x18, 0xe9, 0x7c, 0x00, 0x00, 0x84, 0x8c, 0x8c, 0x50, 0x50, 0x60,
  0x3a, 0x02, 0xe0, 0xcb, 0x77, 0xc8, 0x3a, 0x49, 0xe0, 0x3d, 0xc8, 0x3d,
  0x3d, 0xc8, 0x2a, 0xbf, 0xe0, 0x7e, 0x3d, 0xc0, 0x3e, 0x06, 0xcd, 0x3b,
  0x40, 0x3a, 0x4c, 0xe0, 0xd6, 0x34, 0x96, 0xd6, 0x08, 0xc6, 0x08, 0xd0,
  0x3a, 0x4f, 0xe0, 0xfe, 0x90, 0xd8, 0x3e, 0x09, 0xc3, 0x6e, 0x4b, 0xcd,
  0xf6, 0x72, 0xe5, 0x7e, 0x2b, 0x6e, 0x67, 0x19, 0xeb, 0xe1, 0x72, 0x2b,
  0x73, 0xc9, 0x06, 0x00, 0x2a, 0xbf, 0xe0, 0x09, 0x7e, 0xc9, 0x2a, 0xbf,
  0xe0, 0x23, 0x7e, 0xb7, 0xc8, 0x0e, 0x09, 0xcd, 0xf6, 0x72, 0xfe, 0xd7,
  0xd8, 0x2b, 0x2b, 0x2b, 0x3a, 0xe4, 0xe0, 0x11, 0xeb, 0xe0, 0xb7, 0x20,
  0x02, 0x1e, 0xfb, 0x1a, 0x96, 0xd6, 0x10, 0xc6, 0x20, 0xd0, 0x23, 0x23,
  0x13, 0x13, 0x1a, 0x96, 0xd6, 0x0a, 0xc6, 0x14, 0xd0, 0x1a, 0x96, 0x3e,
  0x01, 0x38, 0x01, 0xaf, 0xeb, 0x01, 0xf9, 0xff, 0x09, 0xcd, 0x52, 0x73,
  0xc8, 0x3d, 0x2a, 0xbf, 0xe0, 0x23, 0x36, 0x02, 0xee, 0x01, 0xf5, 0x0e,
  0x0e, 0xcd, 0xf6, 0x72, 0xf1, 0x77, 0x23, 0x36, 0x10, 0xc9, 0x47, 0x2b,
  0x7e, 0xd6, 0x06, 0xfe, 0x02, 0x23, 0xd8, 0x7e, 0xb7, 0xc8, 0x78, 0x36,
  0x02, 0x01, 0x0d, 0x00, 0x09, 0x77, 0x23, 0x36, 0x0c, 0x3c, 0xc9, 0x87,
  0x87, 0x87, 0x21, 0x1a, 0xe1, 0xc3, 0x3b, 0x40, 0x3a, 0x49, 0xe0, 0x3d,
  0xc8, 0x01, 0xff, 0x01, 0x3a, 0x3b, 0xe0, 0xb7, 0x20, 0x02, 0x0e, 0x80,
  0x2a, 0x56, 0xe0, 0x09, 0x22, 0x56, 0xe0, 0xc9, 0x21, 0x77, 0xe0, 0x3a,
  0x4f, 0xe0, 0x86, 0x77, 0x30, 0x0a, 0x11, 0x01, 0x00, 0x2a, 0x78, 0xe0,
  0x19, 0x22, 0x78, 0xe0, 0x3a, 0x49, 0xe0, 0xfe, 0x05, 0x3a, 0x4f, 0xe0,
  0x28, 0x03, 0x32, 0x51, 0xe0, 0x3a, 0x4f, 0xe0, 0x2e, 0xd8, 0x26, 0x3a,
  0xb7, 0x28, 0x3a, 0xf5, 0xe6, 0xe0, 0xd6, 0x20, 0x38, 0x16, 0x11, 0xfc,
  0x73, 0xf5, 0x3e, 0x09, 0xcd, 0x40, 0x40, 0x01, 0x03, 0x00, 0xcd, 0xa7,
  0x45, 0x01, 0xe0, 0xff, 0x09, 0xf1, 0x18, 0xe6, 0xf1, 0x1f, 0x1f, 0x1f,
  0xe6, 0x03, 0x47, 0x87, 0x80, 0x11, 0xfc, 0x73, 0xcd, 0x40, 0x40, 0x01,
  0x03, 0x00, 0xcd, 0xa7, 0x45, 0x01, 0xe0, 0xff, 0x09, 0x3e, 0x39, 0xbc,
  0xc8, 0x11, 0x08, 0x74, 0x01, 0x03, 0x00, 0xcd, 0xa7, 0x45, 0x18, 0xed,
  0x6c, 0x6d, 0x6e, 0x69, 0x6a, 0x6b, 0x66, 0x67, 0x68, 0x63, 0x64, 0x65,
  0x61, 0x04, 0x62, 0xcd, 0xad, 0x73, 0xc3, 0x44, 0x74, 0x3a, 0x57, 0xe0,
  0x06, 0x20, 0xa0, 0x57, 0x21, 0x84, 0xe0, 0x7e, 0xa0, 0xaa, 0xc8, 0x7e,
  0xa8, 0x77, 0x2b, 0x7e, 0xa7, 0x28, 0x05, 0x35, 0x7e, 0xb7, 0x20, 0x05,
  0x21, 0x49, 0xe0, 0x36, 0x02, 0xcd, 0x44, 0x74, 0x3a, 0x83, 0xe0, 0xfe,
  0x10, 0xd0, 0x3a, 0x28, 0xe0, 0xb7, 0xc0, 0x3e, 0x02, 0xc3, 0x6e, 0x4b,
  0x3a, 0x83, 0xe0, 0x2e, 0xdb, 0xc3, 0xb2, 0x73, 0x21, 0x00, 0x24, 0x11,
  0xbc, 0x74, 0xcd, 0xe0, 0x45, 0x21, 0x00, 0x04, 0x11, 0x38, 0x76, 0xcd,
  0xe0, 0x45, 0x21, 0x2b, 0x38, 0x11, 0xec, 0x76, 0x01, 0x05, 0x15, 0xcd,
  0x75, 0x45, 0x21, 0x75, 0x74, 0x11, 0x4c, 0xe0, 0x0e, 0x08, 0xed, 0xb0,
  0xc9, 0xa8, 0x00, 0x63, 0x00, 0x00, 0x00, 0x00, 0x0a, 0xcd, 0x1d, 0x6e,
  0x3a, 0x43, 0xe0, 0x3d, 0x11, 0xb6, 0x74, 0xcd, 0x40, 0x40, 0x1a, 0x21,
  0x4c, 0xe0, 0x35, 0xbe, 0xc0, 0xaf, 0xc3, 0x67, 0x41, 0xcd, 0x1d, 0x6e,
  0x21, 0x04, 0xe0, 0x35, 0x28, 0x15, 0xcb, 0x66, 0x3e, 0xc8, 0x20, 0x0b,
  0x3a, 0x43, 0xe0, 0x3d, 0x11, 0xb6, 0x74, 0xcd, 0x40, 0x40, 0x1a, 0x32,
  0x4c, 0xe0, 0xc9, 0xc3, 0x6a, 0x41, 0x8b, 0x71, 0x54, 0x3a, 0x1b, 0x00,
  0x85, 0x28, 0x74, 0x38, 0x54, 0x28, 0x05, 0x00, 0x88, 0x40, 0x04, 0x00,
  0x00, 0x20, 0x00, 0x60, 0xe0, 0x05, 0xc0, 0x93, 0xe0, 0x00, 0x80, 0x0c,
  0x48, 0x38, 0x24, 0x01, 0x00, 0x60, 0x60, 0x70, 0x30, 0x30, 0x38, 0x18,
  0x18, 0x0f, 0x0d, 0x03, 0x0f, 0x84, 0xf8, 0x80, 0x08, 0x04, 0x05, 0x7f,
  0x9a, 0x08, 0x00, 0x1c, 0x0c, 0x0c, 0x0e, 0x06, 0x07, 0x03, 0x03, 0x00,
  0x40, 0x00, 0x00, 0xbd, 0x29, 0xdf, 0xb2, 0x00, 0x00, 0x02, 0x00, 0xf0,
  0xe0, 0xe0, 0xc0, 0x04, 0x03, 0x88, 0xf8, 0xf9, 0xf1, 0xf1, 0x00, 0x00,
  0x02, 0x00, 0x04, 0xff, 0x02, 0x00, 0x8e, 0x02, 0x00, 0x0f, 0x0f, 0x1f,
  0x1f, 0xc1, 0x88, 0xeb, 0xc1, 0xeb, 0xc1, 0xeb, 0xc1, 0x04, 0xfc, 0x87,
  0xf8, 0xf9, 0xf1, 0xf3, 0x03, 0x03, 0x07, 0x03, 0x03, 0x02, 0x01, 0x03,
  0x1f, 0x03, 0x3f, 0x02, 0x1f, 0xb2, 0xeb, 0xc1, 0xeb, 0xc1, 0xeb, 0x88,
  0xc1, 0x7f, 0xe3, 0xe7, 0xe7, 0xc7, 0xcf, 0xcf, 0x8f, 0x9f, 0x01, 0x01,
  0x03, 0x03, 0x07, 0x07, 0x03, 0x03, 0x0f, 0x0f, 0x1f, 0x1f, 0x3f, 0x7f,
  0x3f, 0x1f, 0x01, 0x24, 0x42, 0x09, 0x25, 0x85, 0x82, 0x30, 0x9f, 0x27,
  0x27, 0x9f, 0x8b, 0x93, 0x25, 0xc5, 0x9f, 0x1f, 0x05, 0x3f, 0x88, 0x1f,
  0x3f, 0xbf, 0xe7, 0xef, 0xcf, 0x9b, 0xf7, 0x03, 0x9f, 0x91, 0x8f, 0xcf,
  0xcf, 0xc7, 0xe7, 0xe7, 0xfe, 0xfd, 0xf3, 0xf8, 0xfe, 0xf3, 0xe7, 0xf8,
  0x36, 0xc9, 0x8a, 0x05, 0xff, 0x05, 0xe7, 0x83, 0x66, 0xe7, 0x66, 0x04,
  0xe7, 0xa9, 0x66, 0xe7, 0x66, 0xe7, 0xc0, 0xf0, 0xbc, 0xde, 0xde, 0xfc,
  0xfc, 0xf8, 0x00, 0x04, 0x80, 0x90, 0xc1, 0xc0, 0x80, 0x08, 0xe3, 0xf3,
  0xf1, 0xf9, 0xf9, 0xf1, 0xf3, 0xf3, 0x28, 0x98, 0x7e, 0xb4, 0x10, 0x20,
  0x60, 0x1c, 0xf8, 0xec, 0xe6, 0xe7, 0xff, 0x03, 0xfe, 0x02, 0x00, 0x8e,
  0x82, 0xc0, 0xc0, 0x80, 0x84, 0x00, 0xe3, 0xe7, 0xe7, 0xc7, 0xcf, 0xcf,
  0x8f, 0x9f, 0x03, 0xff, 0x05, 0xc7, 0x84, 0xec, 0xdc, 0xf8, 0xf0, 0x04,
  0xff, 0x02, 0x07, 0x02, 0x80, 0x04, 0xff, 0x82, 0x9f, 0x1f, 0x05, 0x3f,
  0x86, 0x1f, 0x20, 0x00, 0x82, 0x00, 0xff, 0x03, 0xc3, 0x03, 0xff, 0x03,
  0xc3, 0x02, 0xff, 0x02, 0xf8, 0x02, 0xfe, 0x9c, 0xff, 0xe3, 0xe3, 0xff,
  0xe3, 0xf3, 0xf1, 0xf9, 0xf8, 0xf8, 0xfc, 0xfc, 0x00, 0x00, 0x80, 0x80,
  0xc0, 0xe0, 0xe0, 0xf8, 0x9f, 0x9f, 0x8f, 0xcf, 0xcf, 0xc7, 0xe7, 0xe7,
  0x04, 0xfc, 0x9c, 0xf8, 0xf9, 0xf1, 0xf3, 0xe3, 0xe7, 0xe7, 0xc7, 0xcf,
  0xcf, 0x8f, 0x9f, 0xff, 0xf8, 0xf8, 0xff, 0xf8, 0xf8, 0xff, 0xff, 0x14,
  0x3e, 0x14, 0x3e, 0x14, 0x3e, 0x14, 0x3e, 0x00, 0x08, 0x2f, 0x08, 0x7f,
  0x08, 0xef, 0x02, 0x7f, 0x04, 0x9f, 0x02, 0x7f, 0x08, 0xef, 0x05, 0x6f,
  0x81, 0xf0, 0x03, 0x7f, 0x05, 0xf0, 0x02, 0x7f, 0x08, 0xef, 0x04, 0x7f,
  0x04, 0x6c, 0x04, 0x7f, 0x04, 0x69, 0x04, 0xef, 0x04, 0x9e, 0x04, 0x7f,
  0x04, 0x90, 0x04, 0x7f, 0x04, 0x56, 0x81, 0x61, 0x07, 0x91, 0x08, 0x9e,
  0x08, 0x69, 0x08, 0x56, 0x06, 0x91, 0x82, 0x61, 0x69, 0x08, 0x9e, 0x08,
  0x69, 0x08, 0x56, 0x03, 0x9c, 0x83, 0x1c, 0x9c, 0x1c, 0x0a, 0x9c, 0x08,
  0x9e, 0x88, 0x9c, 0x91, 0x9c, 0x91, 0x9c, 0x9c, 0x91, 0x91, 0x08, 0x9e,
  0x88, 0x9c, 0x91, 0x9c, 0x9c, 0x91, 0x9c, 0x9c, 0x91, 0x04, 0x9c, 0x04,
  0x40, 0x04, 0x9e, 0x81, 0x4e, 0x03, 0x7e, 0x04, 0x4e, 0x03, 0x7e, 0x81,
  0x4e, 0x08, 0x7f, 0x08, 0xfb, 0x08, 0xbe, 0x04, 0xcb, 0x03, 0x6b, 0x81,
  0x1b, 0x08, 0x7f, 0x08, 0xfb, 0x08, 0xbe, 0x08, 0xbd, 0x04, 0x7f, 0x04,
  0x20, 0x84, 0x5b, 0x4b, 0xfb, 0xfb, 0x04, 0x20, 0x08, 0xbe, 0x04, 0xfb,
  0x02, 0x29, 0x02, 0x28, 0x04, 0x29, 0x04, 0x28, 0x06, 0x2f, 0x82, 0x2e,
  0x2f, 0x08, 0x2e, 0x08, 0xfb, 0x04, 0xbe, 0x14, 0x2e, 0x02, 0x27, 0x02,
  0x25, 0x81, 0x27, 0x03, 0x25, 0x08, 0x19, 0x00, 0x80, 0x81, 0x82, 0x83,
  0x80, 0x80, 0x81, 0x84, 0x80, 0x83, 0x85, 0x86, 0x87, 0x85, 0x86, 0x88,
  0x89, 0x8a, 0x8b, 0x8c, 0x8d, 0x09, 0x92, 0x93, 0x94, 0xb2, 0x09, 0x97,
  0x8f, 0x90, 0x91, 0x09, 0x99, 0x93, 0x94, 0x95, 0x98, 0x92, 0x9a, 0x95,
  0x95, 0x96, 0x97, 0x9a, 0x95, 0x95, 0x96, 0x99, 0x9a, 0x95, 0x9b, 0x9b,
  0x9c, 0x9b, 0x9b, 0x04, 0x04, 0x9d, 0x04, 0x04, 0x04, 0x04, 0x9d, 0x04,
  0x04, 0x04, 0x04, 0x9d, 0x04, 0x04, 0xad, 0xa1, 0xa0, 0xa1, 0x0b, 0x9e,
  0x9f, 0xa4, 0xa1, 0xa1, 0xa2, 0xa3, 0xa8, 0xa5, 0xa1, 0xa6, 0xa7, 0xae,
  0xa9, 0xa9, 0xab, 0xab, 0xac, 0xaa, 0xb1, 0xaa, 0xaa, 0xaf, 0xb1, 0xab,
  0xb1, 0xab, 0xb0, 0xab, 0xaa, 0x3a, 0xb8, 0xe0, 0x3d, 0x28, 0x04, 0x3d,
  0x28, 0x38, 0xc9, 0x21, 0x83, 0xe0, 0x7e, 0xc6, 0x20, 0x06, 0xd7, 0xb8,
  0x38, 0x01, 0x78, 0x77, 0xcd, 0x44, 0x74, 0x21, 0xb8, 0xe0, 0x34, 0x23,
  0x34, 0x23, 0x36, 0x60, 0x2b, 0x7e, 0xfe, 0x04, 0x38, 0x02, 0x3e, 0x04,
  0x21, 0x91, 0x77, 0xcd, 0x3b, 0x40, 0x56, 0x1e, 0x00, 0xcd, 0x7f, 0x44,
  0x3e, 0x03, 0xc3, 0x6e, 0x4b, 0x00, 0x03, 0x05, 0x08, 0x10, 0x21, 0xba,
  0xe0, 0x35, 0x28, 0x22, 0x11, 0x3a, 0xe1, 0x21, 0x12, 0xe1, 0x7e, 0xd6,
  0x10, 0x12, 0x13, 0x23, 0xed, 0xa0, 0x3a, 0xb9, 0xe0, 0x3d, 0xfe, 0x04,
  0x38, 0x02, 0x3e, 0x03, 0x87, 0x87, 0xc6, 0x94, 0x12, 0x13, 0x3e, 0x06,
  0x12, 0xc9, 0x2b, 0x2b, 0x36, 0x00, 0x21, 0x3a, 0xe1, 0x36, 0xe0, 0xc9,
  0x21, 0xab, 0xe3, 0x11, 0xaa, 0xe3, 0x36, 0xa0, 0x01, 0x25, 0x02, 0xed,
  0xb8, 0x21, 0x75, 0x78, 0x1e, 0x8e, 0x3e, 0x06, 0xcd, 0x3f, 0x78, 0x21,
  0xb2, 0x78, 0x11, 0x98, 0xe1, 0xcd, 0x3f, 0x78, 0x15, 0x1e, 0xb3, 0xcd,
  0x3f, 0x78, 0x21, 0xa5, 0x78, 0x1e, 0x36, 0x3e, 0x0f, 0xcd, 0x3f, 0x78,
  0x6b, 0x62, 0x13, 0x36, 0x4e, 0x0e, 0x04, 0xed, 0xb0, 0x3e, 0x56, 0x12,
  0x21, 0xbe, 0x78, 0x11, 0x51, 0xe2, 0x3e, 0x0e, 0xcd, 0x3f, 0x78, 0x21,
  0x5b, 0x78, 0x11, 0x8a, 0xe1, 0xcd, 0x3f, 0x78, 0x21, 0x9f, 0x78, 0x1e,
  0x06, 0x3e, 0x0d, 0xcd, 0x3f, 0x78, 0x13, 0x6b, 0x62, 0x13, 0x36, 0x4e,
  0x0e, 0x02, 0xed, 0xb0, 0x21, 0x93, 0x78, 0x1e, 0x31, 0xcd, 0x3f, 0x78,
  0x21, 0xac, 0x78, 0x1e, 0x67, 0xcd, 0x3f, 0x78, 0x11, 0x38, 0xe3, 0xe5,
  0x46, 0x23, 0x4e, 0x23, 0xc5, 0x08, 0x3e, 0x16, 0x91, 0x06, 0x00, 0xed,
  0xb0, 0x4f, 0x08, 0xeb, 0x09, 0xeb, 0xc1, 0x10, 0xef, 0xe1, 0x3d, 0x20,
  0xe6, 0x3c, 0xc9, 0x06, 0x04, 0xa0, 0x42, 0x42, 0xa0, 0x40, 0x46, 0x47,
  0x41, 0x40, 0x46, 0x47, 0x41, 0x40, 0x46, 0x47, 0x41, 0x40, 0x46, 0x47,
  0x41, 0xa0, 0x43, 0x43, 0xa0, 0x04, 0x07, 0x58, 0xd0, 0xd0, 0xd1, 0xd0,
  0xd0, 0x59, 0x58, 0xd0, 0xd0, 0xd1, 0xd0, 0xd0, 0x59, 0x58, 0xd0, 0xd0,
  0xd0, 0xd0, 0xd0, 0x59, 0x58, 0xd0, 0xd0, 0xd0, 0xd0, 0xd0, 0x59, 0x02,
  0x05, 0x33, 0x34, 0x21, 0x32, 0x34, 0x4f, 0x4f, 0x4f, 0x4f, 0x4f, 0x01,
  0x04, 0x4c, 0x4c, 0x4c, 0x4d, 0x01, 0x05, 0x4c, 0x4c, 0x4d, 0x4d, 0x4d,
  0x02, 0x02, 0x50, 0x51, 0x52, 0x53, 0x05, 0x02, 0xa0, 0x4b, 0xa0, 0xa0,
  0x4b, 0xa0, 0xa0, 0xa0, 0xa0, 0x4b, 0x01, 0x01, 0x55, 0x01, 0x01, 0x4e,
  0x10, 0x19, 0x11, 0x21, 0x13, 0x18, 0x20, 0x51, 0x22, 0x31, 0x20, 0x81,
  0x21, 0x31, 0x20, 0xa9, 0x22, 0x29, 0x20, 0x21, 0x21, 0x39, 0x20, 0x59,
  0x22, 0x31, 0x20, 0x61, 0x24, 0x18, 0x10, 0x19, 0xfe, 0x94, 0x15, 0x94,
  0x00, 0x97, 0x97, 0x72, 0x76, 0x94, 0x04, 0x86, 0x87, 0xff, 0x81, 0x81,
  0x04, 0x81, 0x85, 0x97, 0x86, 0x04, 0xa4, 0x05, 0x00, 0xff, 0x00, 0x10,
  0x24, 0x05, 0x27, 0x11, 0x11, 0x14, 0x21, 0x34, 0x17, 0x07, 0xff, 0x10,
  0x00, 0x14, 0x10, 0x00, 0x05, 0x14, 0x24, 0xa4, 0xa4, 0x94, 0x85, 0x86,
  0x04, 0x86, 0x86, 0x04, 0x97, 0x87, 0xa4, 0x04, 0xa4, 0x94, 0x04, 0xa4,
  0xff, 0x81, 0x81, 0x81, 0x04, 0x81, 0x97, 0x14, 0x17, 0x07, 0xff, 0x00,
  0x10, 0x24, 0x10, 0x00, 0x05, 0x14, 0x94, 0xa4, 0x97, 0xff, 0x72, 0x72,
  0x86, 0x72, 0xa4, 0x76, 0x85, 0x76, 0x85, 0x81, 0x81, 0x94, 0x87, 0x97,
  0x14, 0x05, 0xa4, 0x00, 0x00, 0x00, 0xff, 0x01, 0x01, 0xa4, 0x14, 0x17,
  0x05, 0xa4, 0x07, 0xff, 0x00, 0x00, 0x05, 0xa4, 0x14, 0xff, 0xff, 0xff,
  0x70, 0x79, 0xa3, 0x79, 0xcf, 0x79, 0x11, 0x7a, 0x11, 0x7a, 0x2b, 0x7a,
  0x5d, 0x7a, 0x83, 0x7a, 0x07, 0x07, 0x80, 0x80, 0x80, 0x80, 0x80, 0x80,
  0x87, 0x80, 0x87, 0x8c, 0x8b, 0x8a, 0x80, 0x87, 0x80, 0x87, 0x85, 0x86,
  0x89, 0xa0, 0xa0, 0x80, 0x87, 0x83, 0x84, 0x89, 0xa0, 0xa0, 0x80, 0x87,
  0x81, 0x82, 0x88, 0x80, 0x87, 0x80, 0x87, 0xa0, 0xa0, 0xa0, 0x80, 0x87,
  0x80, 0x80, 0x80, 0x80, 0x80, 0x80, 0x87, 0x07, 0x06, 0x08, 0x96, 0x97,
  0x98, 0x99, 0x08, 0x08, 0x93, 0x94, 0x95, 0x93, 0x08, 0x08, 0x8f, 0x90,
  0x91, 0x92, 0x08, 0x08, 0x96, 0x97, 0x98, 0x99, 0x08, 0x08, 0x93, 0x94,
  0x95, 0x93, 0x08, 0x08, 0x8f, 0x90, 0x91, 0x92, 0x08, 0xbd, 0xbd, 0xbd,
  0xbd, 0xbd, 0xbd, 0x08, 0x08, 0x80, 0x80, 0x80, 0x80, 0x80, 0x80, 0x80,
  0x87, 0x80, 0x87, 0xa0, 0xbb, 0xbc, 0xa0, 0x80, 0x87, 0x80, 0x87, 0xa0,
  0xb3, 0xb4, 0xa0, 0x80, 0x87, 0xa0, 0xa0, 0xa0, 0xb1, 0xb2, 0xa0, 0x80,
  0x87, 0xa0, 0xa0, 0x8c, 0x8b, 0x8b, 0x8a, 0x80, 0x87, 0xa0, 0xa0, 0x9d,
  0x9e, 0x9f, 0x89, 0x80, 0x87, 0x80, 0x87, 0x9a, 0x9b, 0x9c, 0x88, 0x80,
  0x87, 0x80, 0x80, 0x80, 0x80, 0x80, 0x80, 0x80, 0x87, 0x08, 0x03, 0x8d,
  0x8e, 0xa0, 0xa0, 0x8d, 0x8e, 0xa0, 0xa0, 0xa0, 0x8d, 0x8e, 0xa0, 0xa0,
  0x8d, 0x8e, 0xa0, 0x8d, 0x8e, 0x8d, 0x8e, 0xa0, 0xa0, 0x8d, 0x8e, 0x08,
  0x06, 0xa0, 0xa0, 0xa0, 0xa0, 0xaa, 0xab, 0xac, 0xad, 0xae, 0xaf, 0xb0,
  0xa0, 0xa0, 0xa0, 0xa0, 0xa0, 0xa0, 0xa0, 0xa0, 0xa0, 0xaa, 0xab, 0xa0,
  0xa0, 0xa0, 0xa0, 0xaa, 0xab, 0x8d, 0x8e, 0xb7, 0xb8, 0xba, 0xa0, 0xa0,
  0xa0, 0xb5, 0xb6, 0xb9, 0xa0, 0x8d, 0x8e, 0xa0, 0xa0, 0xa0, 0xa0, 0x8d,
  0x8e, 0x06, 0x06, 0x80, 0x80, 0x80, 0x80, 0x80, 0x87, 0x80, 0x8c, 0x8b,
  0x8a, 0x80, 0x87, 0xa7, 0xa8, 0xa9, 0x89, 0x80, 0x87, 0xa4, 0xa5, 0xa6,
  0x88, 0x80, 0x87, 0x80, 0x87, 0xa0, 0xa0, 0x80, 0x87, 0x80, 0x80, 0x80,
  0x80, 0x80, 0x87, 0x07, 0x04, 0xa0, 0xaa, 0xab, 0xa0, 0xa0, 0xa0, 0xaa,
  0xab, 0xa1, 0xa2, 0xa0, 0xa0, 0xa0, 0xa0, 0xaa, 0xab, 0xa0, 0xa1, 0xa2,
  0xa0, 0xa0, 0xa0, 0xaa, 0xab, 0xa0, 0xaa, 0xab, 0xa0, 0x03, 0x01, 0x07,
  0x00, 0x09, 0x01, 0x0a, 0x01, 0x00, 0x10, 0x49, 0x13, 0x18, 0x20, 0x49,
  0x22, 0x19, 0x20, 0x31, 0x21, 0x29, 0x20, 0x39, 0x22, 0x29, 0x20, 0x51,
  0x24, 0x18, 0x10, 0x79, 0x13, 0x18, 0x20, 0xa5, 0x20, 0x65, 0x21, 0x19,
  0x24, 0x18, 0x10, 0x19, 0xfe, 0xdb, 0x7a, 0xfd, 0x7a, 0x22, 0x7b, 0x40,
  0x7b, 0x72, 0x7b, 0x9c, 0x7b, 0x00, 0x00, 0x08, 0x04, 0x84, 0x85, 0x86,
  0xc5, 0x82, 0x83, 0xc5, 0xc5, 0xc5, 0x84, 0x85, 0x86, 0xc5, 0x82, 0x83,
  0xc5, 0xc5, 0x84, 0x85, 0x86, 0xc5, 0x82, 0x83, 0xc5, 0x84, 0x85, 0x86,
  0xc5, 0x82, 0x83, 0xc5, 0xc5, 0x07, 0x05, 0xae, 0xae, 0xae, 0xae, 0xc5,
  0xc5, 0xa0, 0x9f, 0x9e, 0xb0, 0xc5, 0xa9, 0xaa, 0x9d, 0xb0, 0xab, 0xa8,
  0xa7, 0x9d, 0xb0, 0xab, 0xa6, 0xa7, 0x9d, 0xb0, 0xc5, 0xa4, 0xa5, 0x9c,
  0xb0, 0xae, 0xae, 0xae, 0xae, 0xc5, 0x07, 0x04, 0xc5, 0xc5, 0xac, 0xad,
  0xc5, 0xc5, 0xac, 0xad, 0xa0, 0x9f, 0x9f, 0x9e, 0x07, 0xa1, 0xa3, 0x9d,
  0x07, 0xa1, 0xa2, 0x9d, 0x07, 0xa1, 0xa3, 0x9d, 0x07, 0xa1, 0xa2, 0x9c,
  0x08, 0x06, 0x84, 0x85, 0x86, 0x84, 0x85, 0x86, 0x82, 0x83, 0xc5, 0x82,
  0x83, 0xc5, 0x84, 0x85, 0x86, 0x84, 0x85, 0x86, 0x82, 0x83, 0xc5, 0x82,
  0x83, 0xc5, 0xc5, 0x84, 0x85, 0x86, 0xc5, 0xc5, 0xc5, 0x82, 0x83, 0xc5,
  0xc5, 0xc5, 0x84, 0x85, 0x86, 0xc5, 0xc5, 0xc5, 0x82, 0x83, 0xc5, 0xc5,
  0xc5, 0xc5, 0x08, 0x05, 0xc5, 0xc5, 0x8a, 0x8c, 0x8e, 0xc5, 0xc5, 0x89,
  0x8b, 0x8d, 0x87, 0x88, 0xc5, 0xc5, 0xc5, 0xc5, 0xc5, 0xc5, 0xc5, 0xc5,
  0xc5, 0xc5, 0x94, 0x95, 0x8e, 0xc5, 0xc5, 0x92, 0x93, 0x8d, 0x94, 0x95,
  0x8e, 0xc5, 0xc5, 0x92, 0x93, 0x8d, 0xc5, 0xc5, 0x04, 0x03, 0x8f, 0x90,
  0x91, 0xc5, 0xc5, 0xc5, 0xc5, 0x80, 0x81, 0x80, 0x81, 0xc5, 0x90, 0x90,
  0x90, 0x25, 0x83, 0x83, 0x20, 0x90, 0x83, 0x90, 0x90, 0x25, 0x20, 0xff,
  0x25, 0x25, 0x20, 0xff, 0xff, 0x20, 0x20, 0xff, 0x25, 0x20, 0x25, 0x34,
  0xff, 0x32, 0x35, 0x23, 0x30, 0x30, 0xff, 0xff, 0xff, 0x94, 0x92, 0x90,
  0xff, 0x94, 0x94, 0x90, 0x92, 0xff, 0xff, 0x25, 0x30, 0x21, 0xff, 0x24,
  0x24, 0x30, 0x23, 0xff, 0x30, 0x23, 0x75, 0xff, 0x30, 0x30, 0x34, 0xff,
  0x34, 0x23, 0x30, 0x23, 0xff, 0x24, 0x30, 0x30, 0xff, 0x30, 0xff, 0x35,
  0x34, 0xff, 0x30, 0xff, 0x23, 0x30, 0xff, 0xff, 0x35, 0x35, 0xff, 0x34,
  0x30, 0x32, 0xff, 0x30, 0x32, 0xff, 0x34, 0x30, 0xff, 0x30, 0xff, 0x32,
  0x30, 0xff, 0x30, 0x34, 0xff, 0x30, 0x30, 0x30, 0xff, 0x23, 0xff, 0x30,
  0x34, 0x30, 0xff, 0xff, 0x25, 0x25, 0x90, 0x83, 0x83, 0xff, 0xff, 0x94,
  0x95, 0x96, 0x97, 0x98, 0xa9, 0x96, 0xaa, 0x90, 0x91, 0x92, 0x93, 0x99,
  0xa6, 0xa7, 0xa8, 0x8e, 0x8b, 0xab, 0x8f, 0x98, 0xa4, 0xa2, 0xa5, 0x8a,
  0x8b, 0x8c, 0x8d, 0x99, 0xa1, 0xa2, 0xa3, 0x86, 0x87, 0x88, 0x89, 0x98,
  0x9e, 0x9f, 0xa0, 0x82, 0x83, 0x84, 0x85, 0x99, 0x9c, 0x84, 0x9d, 0xff,
  0x04, 0x04, 0x04, 0x80, 0x98, 0x9a, 0x9b, 0x04, 0x04, 0x9b, 0x04, 0x81,
  0x99, 0x01, 0x04, 0x04, 0x04, 0x04, 0x04, 0x80, 0x98, 0x9a, 0x04, 0x04,
  0x04, 0x9b, 0x04, 0x81, 0x99, 0x01, 0x9b, 0x04, 0x9b, 0x04, 0x04, 0x80,
  0x98, 0x9a, 0x04, 0x9b, 0x04, 0x04, 0x9b, 0x81, 0x99, 0x01, 0x04, 0x04,
  0xff, 0x92, 0x40, 0x49, 0x20, 0x00, 0x00, 0x24, 0x90, 0x00, 0x00, 0x00,
  0x00, 0xff, 0x02, 0xa2, 0xa3, 0xa4, 0xa5, 0xa6, 0x09, 0x09, 0xa1, 0xa3,
  0xa4, 0xa5, 0xa7, 0x09, 0x09, 0x02, 0xab, 0xac, 0xad, 0xae, 0xaf, 0x09,
  0x09, 0xa9, 0xa3, 0xa4, 0xa5, 0xaa, 0x09, 0x09, 0x1d, 0x84, 0x85, 0x80,
  0x82, 0x81, 0x8a, 0x8b, 0x82, 0x83, 0x84, 0x85, 0x81, 0x89, 0x8b, 0x85,
  0x80, 0x82, 0x83, 0x81, 0x8c, 0x86, 0x83, 0x82, 0x84, 0x85, 0x81, 0x8c,
  0x8a, 0x80, 0x83, 0x82, 0x83, 0x81, 0x8c, 0x89, 0x84, 0x85, 0x80, 0x84,
  0x85, 0x81, 0x88, 0x82, 0x83, 0x82, 0x82, 0x83, 0x81, 0x87, 0x84, 0x85,
  0x84, 0x85, 0x81, 0x88, 0x8b, 0x82, 0x83, 0x82, 0x83, 0x81, 0x87, 0x8b,
  0x80, 0x84, 0x85, 0x81, 0x88, 0x8b, 0x8b, 0x85, 0x82, 0x83, 0x81, 0x87,
  0x8b, 0x8b, 0x83, 0x80, 0x81, 0x8c, 0x8a, 0x8b, 0x8b, 0x83, 0x84, 0x85,
  0x81, 0x89, 0x8b, 0x8b, 0x85, 0x82, 0x83, 0x85, 0x81, 0x8a, 0x8b, 0x83,
  0x83, 0x84, 0x85, 0x81, 0x89, 0x8b, 0x84, 0x85, 0x82, 0x83, 0x81, 0x88,
  0x8b, 0x82, 0x83, 0x85, 0x85, 0x81, 0x87, 0x8b, 0x85, 0x83, 0x84, 0x85,
  0x81, 0x8a, 0x8b, 0x83, 0x85, 0x82, 0x83, 0x81, 0x89, 0x8b, 0x83, 0x84,
  0x85, 0x84, 0x85, 0x81, 0x8a, 0x85, 0x82, 0x83, 0x82, 0x83, 0x81, 0x89,
  0x84, 0x85, 0x80, 0x81, 0x8c, 0x8c, 0x88, 0x82, 0x83, 0x80, 0x84, 0x85,
  0x81, 0x87, 0x85, 0x80, 0x82, 0x82, 0x83, 0x81, 0x8a, 0x83, 0x80, 0x84,
  0x85, 0x81, 0x8c, 0x89, 0x84, 0x85, 0x82, 0x83, 0x81, 0x8c, 0x88, 0x82,
  0x83, 0x83, 0x80, 0x81, 0x8c, 0x87, 0x85, 0x80, 0x84, 0x85, 0x81, 0x88,
  0x8b, 0x82, 0x80, 0x82, 0x83, 0x81, 0x87, 0x8b, 0x02, 0x9a, 0xa3, 0xa4,
  0xa5, 0xa0, 0x09, 0x09, 0x9b, 0x9c, 0x9d, 0x9e, 0x9f, 0x09, 0x09, 0x3e,
  0x05, 0x58, 0x07, 0x16, 0x05, 0x4c, 0x07, 0x2a, 0xc5, 0xc5, 0xc5, 0xc5,
  0xc5, 0xc5, 0xc5, 0xc5, 0xb5, 0xc5, 0xc5, 0xc5, 0xb4, 0xc5, 0xc5, 0xc5,
  0xb3, 0xc5, 0xc5, 0xc5, 0xc7, 0xb5, 0xc5, 0xc5, 0xbd, 0xb4, 0xc5, 0xc5,
  0xbb, 0xc7, 0xb5, 0xc5, 0xc6, 0xbc, 0xb4, 0xc5, 0xc2, 0xbb, 0xb3, 0xc5,
  0xc6, 0xc6, 0xbc, 0xb5, 0xc6, 0xc4, 0xba, 0xb4, 0xff, 0xc6, 0xc6, 0xb9,
  0xb1, 0xc6, 0xc6, 0xbf, 0xb6, 0xc6, 0xbb, 0xb2, 0xc5, 0xc2, 0xbf, 0xb6,
  0xc5, 0xc6, 0xbd, 0xb5, 0xc5, 0xc4, 0xbb, 0xb4, 0xc5, 0xc6, 0xc6, 0xbc,
  0xc5, 0xc6, 0xc2, 0xba, 0xb5, 0xc2, 0xc6, 0xbb, 0xb4, 0xc6, 0xc3, 0xb8,
  0xb3, 0xc6, 0xc4, 0xb7, 0xb2, 0xc6, 0xc6, 0xb9, 0xb1, 0xc6, 0xc1, 0xbf,
  0xb6, 0xc6, 0xbf, 0xb2, 0xc5, 0xc1, 0xc7, 0xb1, 0xc5, 0xc6, 0xbc, 0xb4,
  0xc5, 0xc4, 0xb9, 0xb3, 0xc5, 0xc1, 0xbf, 0xb2, 0xc5, 0xc6, 0xbe, 0xb1,
  0xc5, 0xc6, 0xbd, 0xb4, 0xc5, 0xc6, 0xc2, 0xbc, 0xc5, 0xc6, 0xc6, 0xb9,
  0xb5, 0xc6, 0xc3, 0xb8, 0xb4, 0xc6, 0xc1, 0xb9, 0xb3, 0xff, 0xc6, 0xc6,
  0xb7, 0xb2, 0xc6, 0xc3, 0xbf, 0xb1, 0xc1, 0xbf, 0xc7, 0xb6, 0xc6, 0xbd,
  0xb2, 0xc5, 0xc6, 0xbf, 0xb1, 0xc5, 0xbf, 0xc7, 0xb6, 0xc5, 0xc7, 0xb2,
  0xc5, 0xc5, 0xc7, 0xb1, 0xc5, 0xc5, 0xc7, 0xb6, 0xc5, 0xc5, 0xb2, 0xc5,
  0xc5, 0xc5, 0xbf, 0xc5, 0xc5, 0xc5, 0xb6, 0xc5, 0xc5, 0xc5, 0xff, 0x39,
  0x06, 0x33, 0x04, 0x11, 0x06, 0x2b, 0x04, 0x25, 0x10, 0x31, 0x13, 0x18,
  0x20, 0xad, 0x20, 0x65, 0x22, 0x21, 0x20, 0x59, 0x21, 0x21, 0x20, 0x81,
  0x22, 0x19, 0x20, 0x41, 0x21, 0x19, 0x20, 0x69, 0x24, 0x18, 0x10, 0x61,
  0xfe, 0xfe, 0xfe, 0xfe, 0xfe, 0xfe, 0xfe, 0x10, 0x29, 0x11, 0x09, 0x13,
  0x18, 0x20, 0x31, 0x24, 0x18, 0x10, 0x19, 0x13, 0x18, 0x20, 0xfb, 0x20,
  0x6f, 0x24, 0x18, 0x10, 0x19, 0x12, 0x11, 0x10, 0x49, 0x11, 0x09, 0x13,
  0x18, 0x20, 0xc1, 0x24, 0x18, 0x10, 0x19, 0xfe, 0x10, 0x31, 0x13, 0x18,
  0x20, 0x61, 0x21, 0x29, 0x24, 0x18, 0x10, 0x21, 0x13, 0x18, 0x20, 0x19,
  0x22, 0x29, 0x20, 0x51, 0x24, 0x18, 0x10, 0x61, 0x13, 0x18, 0x20, 0x91,
  0x24, 0x18, 0x10, 0x31, 0x13, 0x18, 0x20, 0x61, 0x24, 0x18, 0x10, 0x19,
  0xfe, 0xd9, 0x7e, 0x03, 0x7f, 0x23, 0x7f, 0x41, 0x7f, 0x08, 0x05, 0x0f,
  0x83, 0x84, 0x0f, 0x0f, 0x0f, 0x81, 0x82, 0x0f, 0x0f, 0x0f, 0x0f, 0x0f,
  0x83, 0x84, 0x83, 0x84, 0x0f, 0x81, 0x82, 0x81, 0x82, 0x0f, 0x0f, 0x0f,
  0x0f, 0x0f, 0x0f, 0x83, 0x84, 0x0f, 0x83, 0x84, 0x81, 0x82, 0x0f, 0x81,
  0x82, 0x0f, 0x0f, 0x05, 0x06, 0x0f, 0x0f, 0x87, 0x88, 0x89, 0x0f, 0x0f,
  0x0f, 0x85, 0x86, 0x0f, 0x0f, 0x0f, 0x0f, 0x0f, 0x0f, 0x0f, 0x0f, 0x0f,
  0x0f, 0x0f, 0x0f, 0x0f, 0x0f, 0x2b, 0x2f, 0x2e, 0x21, 0x2d, 0x29, 0x07,
  0x04, 0x98, 0x97, 0x97, 0x96, 0x91, 0x92, 0x93, 0x95, 0x8d, 0x8e, 0x90,
  0x95, 0x8d, 0x8e, 0x8f, 0x95, 0x8a, 0x8b, 0x8c, 0x94, 0x0f, 0x87, 0x88,
  0x89, 0x0f, 0x85, 0x86, 0x0f, 0x08, 0x05, 0x0f, 0x87, 0x88, 0x89, 0x0f,
  0x0f, 0x85, 0x86, 0x0f, 0x0f, 0x87, 0x88, 0x87, 0x88, 0x89, 0x85, 0x86,
  0x85, 0x86, 0x0f, 0x0f, 0x87, 0x88, 0x89, 0x0f, 0x0f, 0x85, 0x86, 0x0f,
  0x0f, 0x87, 0x88, 0x87, 0x88, 0x89, 0x85, 0x86, 0x85, 0x86, 0x0f, 0x93,
  0x11, 0x93, 0x03, 0x03, 0x13, 0xff, 0x12, 0x12, 0x02, 0x03, 0x02, 0x13,
  0x03, 0x03, 0xff, 0x13, 0x13, 0x13, 0x03, 0x03, 0x12, 0xff, 0x93, 0x83,
  0xff, 0x92, 0x92, 0xff, 0x82, 0x82, 0x81, 0x73, 0x72, 0x82, 0x92, 0x83,
  0x83, 0x83, 0x90, 0x93, 0x93, 0xff, 0x00, 0x10, 0x03, 0x00, 0x03, 0xff,
  0x01, 0x13, 0xff, 0x12, 0x12, 0x02, 0xff, 0x02, 0x92, 0x92, 0x03, 0x03,
  0x83, 0x93, 0x03, 0x01, 0xff, 0x83, 0x90, 0x13, 0x93, 0x02, 0x01, 0x10,
  0x00, 0x03, 0x03, 0x13, 0x03, 0x22, 0x12, 0xff, 0x13, 0x03, 0x01, 0x13,
  0x10, 0xff, 0x03, 0x13, 0x10, 0x00, 0x93, 0x03, 0xff, 0x12, 0x12, 0x93,
  0x83, 0x03, 0x03, 0x01, 0x10, 0x13, 0x22, 0x22, 0x10, 0x03, 0x03, 0x13,
  0x13, 0xff, 0x12, 0x03, 0x03, 0x13, 0x13, 0x10, 0x01, 0x92, 0x92, 0xff,
  0x00, 0x00, 0x00, 0x00, 0x22, 0x20, 0x00, 0x00, 0x00, 0x00, 0x88, 0x80,
  0xff, 0xff, 0xff, 0xba, 0x8f, 0x81, 0xb6, 0x9b, 0x00, 0xb7, 0x93, 0xba,
  0xaa, 0x0a, 0x30, 0xaa
};
unsigned int RoadFighter_rom_len = 16384;
