unsigned char Rock_rom[] = {
  0x41, 0x42, 0x1b, 0x80, 0x00, 0x00, 0x00, 0x00, 0x00, 0x00, 0x00, 0x00,
  0x00, 0x00, 0x00, 0x00, 0xc3, 0x04, 0x01, 0x00, 0x00, 0x00, 0x00, 0x00,
  0x00, 0x00, 0x00, 0xf3, 0x31, 0xff, 0xef, 0x21, 0x2d, 0x80, 0x22, 0x9b,
  0xfd, 0x3e, 0xc3, 0x32, 0x9a, 0xfd, 0xc3, 0x01, 0x85, 0x22, 0x9d, 0xfd,
  0xf5, 0x21, 0x18, 0x00, 0x39, 0xf1, 0xf9, 0x2a, 0x9d, 0xfd, 0x08, 0xd9,
  0xc3, 0x45, 0x86, 0x24, 0xc9, 0xc9, 0x4f, 0x7d, 0xd3, 0x99, 0x7c, 0xf6,
  0x40, 0xd3, 0x99, 0x79, 0xd3, 0x98, 0x1b, 0x7a, 0xb3, 0x20, 0xf8, 0xc9,
  0x01, 0x00, 0x00, 0xcd, 0xe8, 0x84, 0x01, 0x80, 0x01, 0xcd, 0xe8, 0x84,
  0x01, 0x06, 0x02, 0xcd, 0xe8, 0x84, 0x01, 0x80, 0x03, 0xcd, 0xe8, 0x84,
  0x01, 0x00, 0x04, 0xcd, 0xe8, 0x84, 0x01, 0x36, 0x05, 0xcd, 0xe8, 0x84,
  0x01, 0x07, 0x06, 0xcd, 0xe8, 0x84, 0x01, 0x00, 0x07, 0xcd, 0xe8, 0x84,
  0xc9, 0xc5, 0xcd, 0x16, 0x83, 0xdd, 0x7e, 0x00, 0xe6, 0x3f, 0xc1, 0xb8,
  0xc8, 0xdd, 0x70, 0x00, 0x2b, 0x2b, 0x56, 0x2b, 0x5e, 0xdd, 0x73, 0x01,
  0xdd, 0x72, 0x02, 0xcd, 0xd1, 0x80, 0xdd, 0xe5, 0xcd, 0x72, 0x83, 0x06,
  0x01, 0xcd, 0x16, 0x83, 0xdd, 0x7e, 0x00, 0xb7, 0x28, 0x1c, 0x3c, 0x28,
  0x12, 0xe6, 0xc0, 0x07, 0x07, 0x07, 0x5f, 0x16, 0x00, 0x21, 0x22, 0xe0,
  0x19, 0xdd, 0xe5, 0xd1, 0x73, 0x23, 0x72, 0x11, 0x0a, 0x00, 0xdd, 0x19,
  0x18, 0xde, 0xdd, 0xe1, 0xc9, 0xdd, 0x7e, 0x00, 0xe6, 0x3f, 0xf5, 0xdd,
  0x36, 0x00, 0xff, 0xdd, 0x6e, 0x01, 0xdd, 0x66, 0x02, 0x7e, 0x47, 0xcb,
  0x6f, 0x28, 0x1c, 0xc5, 0xe6, 0x1f, 0x23, 0xdd, 0x75, 0x01, 0xdd, 0x74,
  0x02, 0xdd, 0x36, 0x04, 0xf0, 0xdd, 0x77, 0x05, 0xdd, 0x36, 0x07, 0x00,
  0xdd, 0x36, 0x08, 0x00, 0xc3, 0xd3, 0x81, 0xcb, 0x67, 0x28, 0x0f, 0xcb,
  0x5f, 0x28, 0x05, 0xc1, 0xcd, 0x85, 0x80, 0xc9, 0x3e, 0xff, 0xf5, 0xc3,
  0xd3, 0x81, 0xe6, 0x3c, 0xfe, 0x04, 0x20, 0x28, 0xfd, 0xe1, 0xfd, 0xe5,
  0xc5, 0x23, 0x5e, 0xdd, 0x73, 0x01, 0x23, 0x56, 0xdd, 0x72, 0x02, 0x23,
  0xfd, 0xe5, 0xf1, 0xd5, 0xfd, 0xe1, 0x11, 0x38, 0x81, 0xd5, 0xfd, 0xe9,
  0x16, 0x00, 0x1e, 0x07, 0xfd, 0x19, 0x11, 0xd3, 0x81, 0xd5, 0xfd, 0xe9,
  0xc5, 0x78, 0xe6, 0x03, 0xfe, 0x00, 0x20, 0x20, 0x23, 0x23, 0x23, 0x23,
  0xdd, 0x75, 0x01, 0xdd, 0x74, 0x02, 0x2b, 0x11, 0x05, 0x00, 0xcd, 0xea,
  0x81, 0x01, 0x03, 0x00, 0xed, 0xb8, 0xdd, 0x36, 0x07, 0x00, 0xdd, 0x36,
  0x08, 0x00, 0x18, 0x67, 0xfe, 0x01, 0x20, 0x1b, 0x1e, 0x06, 0x16, 0x00,
  0x19, 0xdd, 0x75, 0x01, 0xdd, 0x74, 0x02, 0x2b, 0x1c, 0xcd, 0xea, 0x81,
  0x01, 0x05, 0x00, 0xed, 0xb8, 0xdd, 0x36, 0x08, 0x00, 0x18, 0x48, 0xfe,
  0x02, 0x20, 0x28, 0x1e, 0x06, 0x16, 0x00, 0x19, 0xf1, 0xf5, 0xe6, 0xc0,
  0x20, 0x01, 0x2b, 0xdd, 0x75, 0x01, 0xdd, 0x74, 0x02, 0x2b, 0x1e, 0x09,
  0xcd, 0xea, 0x81, 0x01, 0x02, 0x00, 0xed, 0xb8, 0x3e, 0x00, 0x12, 0x1b,
  0x1b, 0x0e, 0x03, 0xed, 0xb8, 0x18, 0x1c, 0x1e, 0x08, 0x16, 0x00, 0x19,
  0xdd, 0x75, 0x01, 0xdd, 0x74, 0x02, 0x2b, 0xdd, 0xe5, 0xfd, 0xe1, 0x1e,
  0x09, 0xfd, 0x19, 0xfd, 0xe5, 0xd1, 0x01, 0x07, 0x00, 0xed, 0xb8, 0xdd,
  0xe5, 0xe1, 0xf1, 0xc1, 0xfe, 0xff, 0xc8, 0x57, 0xe6, 0x3f, 0xfe, 0x04,
  0x20, 0x02, 0x06, 0x3e, 0x7a, 0xe6, 0xc0, 0xb0, 0x77, 0xc9, 0xdd, 0xe5,
  0xfd, 0xe1, 0xfd, 0x19, 0xfd, 0xe5, 0xd1, 0xc9, 0x06, 0x01, 0xcd, 0x16,
  0x83, 0x3e, 0x00, 0xdd, 0xbe, 0x00, 0xca, 0x3e, 0x83, 0xcd, 0x0c, 0x82,
  0x1e, 0x0a, 0x16, 0x00, 0xdd, 0x19, 0x18, 0xed, 0xcd, 0x2a, 0x83, 0xfe,
  0xff, 0xc8, 0xfe, 0x3e, 0x20, 0x06, 0x1e, 0x07, 0x16, 0x00, 0x19, 0xe9,
  0xcd, 0x66, 0x82, 0xcd, 0x33, 0x82, 0xc0, 0xdd, 0x7e, 0x00, 0xf5, 0xcd,
  0xd1, 0x80, 0xc1, 0xdd, 0x7e, 0x00, 0xb8, 0xc8, 0xc3, 0xa2, 0x80, 0xdd,
  0x7e, 0x07, 0xfe, 0x00, 0x20, 0x09, 0xdd, 0x7e, 0x05, 0x3d, 0xc8, 0xdd,
  0x77, 0x05, 0xc9, 0xdd, 0xe5, 0xe1, 0x1e, 0x06, 0x16, 0x00, 0x19, 0xcd,
  0xe5, 0x82, 0x20, 0x15, 0xcd, 0xfb, 0x82, 0x2b, 0x7e, 0x3d, 0xc8, 0x77,
  0x2b, 0x2b, 0xdd, 0x7e, 0x07, 0xcd, 0x06, 0x83, 0x23, 0xcb, 0x96, 0xf6,
  0xff, 0xc9, 0xdd, 0x7e, 0x08, 0xfe, 0x00, 0xc8, 0xdd, 0xe5, 0xe1, 0x16,
  0x00, 0x1e, 0x09, 0x19, 0xcd, 0xe5, 0x82, 0x20, 0x21, 0xcd, 0xfb, 0x82,
  0x2b, 0xcd, 0xe5, 0x82, 0x28, 0x16, 0x7e, 0xe6, 0xf0, 0x5f, 0x2b, 0x2b,
  0x2b, 0x2b, 0x7e, 0xe6, 0xf0, 0x83, 0x5f, 0x7e, 0xe6, 0x0f, 0xb3, 0x77,
  0xf6, 0xff, 0x18, 0x02, 0x36, 0x00, 0xc9, 0xdd, 0x7e, 0x04, 0x0f, 0x0f,
  0x0f, 0x0f, 0xe6, 0x0f, 0xee, 0x0f, 0xd6, 0x02, 0x30, 0x01, 0xaf, 0xf5,
  0x79, 0xc6, 0x07, 0xd3, 0xa0, 0xf1, 0xd3, 0xa1, 0xc9, 0x79, 0xd6, 0x01,
  0xd8, 0x87, 0xf5, 0xd3, 0xa0, 0xdd, 0x7e, 0x03, 0xd3, 0xa1, 0xf1, 0x3c,
  0xd3, 0xa0, 0xdd, 0x7e, 0x04, 0xe6, 0x03, 0xd3, 0xa1, 0xc9, 0xdd, 0x5e,
  0x00, 0x1c, 0x20, 0x0a, 0x79, 0xc6, 0x07, 0xd3, 0xa0, 0x3e, 0x00, 0xd3,
  0xa1, 0xc9, 0xcd, 0x9b, 0x82, 0xcd, 0xb5, 0x82, 0xc9, 0x3e, 0x00, 0xed,
  0x67, 0xd6, 0x01, 0xf5, 0xed, 0x6f, 0xf1, 0xc9, 0x3e, 0x00, 0xed, 0x6f,
  0xd6, 0x01, 0xf5, 0xed, 0x67, 0xf1, 0xc9, 0x7e, 0xe6, 0xf0, 0x47, 0x0f,
  0x0f, 0x0f, 0x0f, 0xb0, 0x77, 0xc9, 0x06, 0x00, 0xcb, 0x7f, 0x28, 0x02,
  0x06, 0xff, 0x86, 0x77, 0x23, 0x7e, 0x88, 0x77, 0x2b, 0xc9, 0x2a, 0x20,
  0xe0, 0x2b, 0x2b, 0x48, 0x06, 0x00, 0xcb, 0x01, 0xcb, 0x01, 0x09, 0x5e,
  0x23, 0x56, 0xd5, 0xdd, 0xe1, 0xc9, 0xdd, 0x7e, 0x00, 0xfe, 0xff, 0xc8,
  0xe6, 0x3f, 0xfe, 0x3e, 0xc0, 0xdd, 0xe5, 0xe1, 0x23, 0x5e, 0x23, 0x56,
  0xeb, 0xc9, 0x0e, 0x01, 0xdd, 0x2a, 0x24, 0xe0, 0xcd, 0xce, 0x82, 0x0e,
  0x02, 0xdd, 0x2a, 0x26, 0xe0, 0xcd, 0xce, 0x82, 0x0e, 0x03, 0xdd, 0x2a,
  0x28, 0xe0, 0xcd, 0xce, 0x82, 0xc9, 0x22, 0x20, 0xe0, 0x23, 0x23, 0x5e,
  0x23, 0x56, 0x21, 0x0a, 0x00, 0xeb, 0x36, 0xff, 0x19, 0x10, 0xfb, 0x36,
  0x00, 0x3e, 0x01, 0x32, 0x2a, 0xe0, 0x21, 0x9f, 0x83, 0x22, 0x22, 0xe0,
  0x22, 0x24, 0xe0, 0x22, 0x26, 0xe0, 0x22, 0x28, 0xe0, 0x3e, 0x07, 0xd3,
  0xa0, 0x3e, 0xb8, 0xd3, 0xa1, 0x3e, 0x08, 0xd3, 0xa0, 0xaf, 0xd3, 0xa1,
  0x3e, 0x09, 0xd3, 0xa0, 0xaf, 0xd3, 0xa1, 0x3e, 0x0a, 0xd3, 0xa0, 0xaf,
  0xd3, 0xa1, 0xc9, 0xff, 0x2a, 0xc8, 0xe3, 0x7c, 0x0f, 0xac, 0x17, 0xed,
  0x6a, 0x22, 0xc8, 0xe3, 0x7d, 0xc9, 0xc5, 0xdd, 0x21, 0x12, 0xe3, 0xf3,
  0x0e, 0xdf, 0x10, 0x06, 0xdd, 0x21, 0x0b, 0xe3, 0x0e, 0xaf, 0x3e, 0x0f,
  0xd3, 0xa0, 0x79, 0xd3, 0xa1, 0x3e, 0x0e, 0xd3, 0xa0, 0xdb, 0xa2, 0xe6,
  0x3f, 0xfe, 0x3f, 0x28, 0x06, 0xdd, 0xcb, 0x00, 0xfe, 0x18, 0x25, 0xdd,
  0xcb, 0x00, 0x7e, 0x20, 0x1f, 0x3e, 0x08, 0xd3, 0xaa, 0xdb, 0xa9, 0x07,
  0x07, 0x07, 0x07, 0x47, 0xf6, 0xe7, 0xcb, 0x50, 0x20, 0x02, 0xe6, 0xfd,
  0xcb, 0x48, 0x20, 0x02, 0xe6, 0xfe, 0xcb, 0x40, 0x20, 0x02, 0xe6, 0xfb,
  0xcb, 0x67, 0x20, 0x0a, 0xdd, 0x36, 0x04, 0x02, 0xdd, 0xcb, 0x00, 0xe6,
  0x18, 0x09, 0xdd, 0x35, 0x04, 0x20, 0x04, 0xdd, 0xcb, 0x00, 0xa6, 0xcb,
  0x6f, 0x20, 0x0a, 0xdd, 0x36, 0x04, 0x02, 0xdd, 0xcb, 0x00, 0xee, 0x18,
  0x09, 0xdd, 0x35, 0x04, 0x20, 0x04, 0xdd, 0xcb, 0x00, 0xae, 0xe6, 0x0f,
  0xee, 0x0f, 0x28, 0x24, 0xdd, 0x36, 0x05, 0x02, 0x47, 0xdd, 0x7e, 0x00,
  0xe6, 0xf0, 0xb0, 0xe6, 0xf1, 0xcb, 0x58, 0x28, 0x02, 0xf6, 0x02, 0xcb,
  0x50, 0x28, 0x02, 0xf6, 0x08, 0xcb, 0x48, 0x28, 0x02, 0xf6, 0x04, 0xdd,
  0x77, 0x00, 0x18, 0x05, 0xdd, 0x35, 0x05, 0x28, 0xdb, 0xaf, 0x32, 0x08,
  0xe3, 0x3e, 0x06, 0xd3, 0xaa, 0xdb, 0xa9, 0xee, 0xff, 0x28, 0x12, 0xcd,
  0xb0, 0x84, 0xfe, 0x01, 0x20, 0x03, 0x32, 0x08, 0xe3, 0xfe, 0x05, 0x38,
  0x04, 0xd6, 0x04, 0x18, 0x15, 0x3e, 0x07, 0xd3, 0xaa, 0xdb, 0xa9, 0xee,
  0xff, 0xe6, 0x14, 0x28, 0x12, 0xcd, 0xb0, 0x84, 0xfe, 0x04, 0x28, 0x02,
  0x3e, 0x0c, 0xdd, 0x36, 0x06, 0x06, 0xdd, 0x77, 0x01, 0x18, 0x05, 0xdd,
  0x35, 0x06, 0x28, 0xf6, 0xc1, 0xdd, 0x7e, 0x00, 0xe6, 0x3f, 0x4f, 0xdd,
  0x7e, 0x01, 0xb1, 0xc8, 0xaf, 0x32, 0x1a, 0xe1, 0xdd, 0x7e, 0x01, 0xc9,
  0x06, 0x08, 0x17, 0x38, 0x02, 0x10, 0xfb, 0x78, 0x3d, 0xc9, 0x3a, 0x83,
  0xe0, 0x3c, 0x47, 0xcd, 0xae, 0x83, 0xb7, 0x20, 0x02, 0x3e, 0x0f, 0x47,
  0xcb, 0x61, 0x28, 0x02, 0xcb, 0xf1, 0x3a, 0x83, 0xe0, 0xb7, 0x78, 0x20,
  0x08, 0x32, 0x08, 0xe0, 0x79, 0x32, 0xee, 0xe3, 0xc9, 0x32, 0x0d, 0xe0,
  0x79, 0x32, 0xef, 0xe3, 0xc9, 0xdb, 0x99, 0xc9, 0x79, 0xd3, 0x99, 0x78,
  0xf6, 0x80, 0xd3, 0x99, 0xfe, 0x80, 0x28, 0x08, 0xfe, 0x81, 0xc0, 0x79,
  0x32, 0xc4, 0xe3, 0xc9, 0x79, 0x32, 0xc3, 0xe3, 0xc9, 0xcd, 0x81, 0x83,
  0x01, 0x80, 0x01, 0xcd, 0xe8, 0x84, 0x21, 0x02, 0xe0, 0x8e, 0x36, 0x00,
  0x23, 0xcb, 0x54, 0x28, 0xf9, 0x67, 0x2e, 0x33, 0x22, 0xc8, 0xe3, 0x21,
  0x00, 0x00, 0x11, 0x00, 0x40, 0xaf, 0xcd, 0x42, 0x80, 0xcd, 0x54, 0x80,
  0xed, 0x5f, 0x32, 0xc8, 0xe3, 0x21, 0x7f, 0xa0, 0x11, 0x00, 0xe4, 0xcd,
  0x98, 0x87, 0x21, 0x82, 0x94, 0x11, 0x6a, 0xea, 0xcd, 0x98, 0x87, 0x21,
  0xd0, 0x97, 0x11, 0xf4, 0xec, 0xcd, 0x98, 0x87, 0x21, 0x7f, 0x98, 0x11,
  0xbe, 0xed, 0xcd, 0x98, 0x87, 0x21, 0xe4, 0x86, 0x22, 0x0d, 0xe1, 0xcd,
  0x7f, 0x96, 0xcb, 0xce, 0xcd, 0xa2, 0x8e, 0xcd, 0xcb, 0x85, 0x21, 0x40,
  0x94, 0x22, 0x64, 0xe1, 0x21, 0x60, 0x0a, 0x11, 0x4c, 0xed, 0x06, 0x30,
  0xcd, 0x30, 0xa6, 0x21, 0x90, 0x0a, 0x11, 0x34, 0xed, 0x06, 0x10, 0xcd,
  0x30, 0xa6, 0x21, 0xa0, 0x0a, 0x11, 0x7c, 0xed, 0x06, 0x08, 0xcd, 0x30,
  0xa6, 0x21, 0x00, 0x00, 0x22, 0x81, 0xe0, 0xcd, 0xd3, 0x8a, 0xfb, 0xcd,
  0xa0, 0x83, 0xcd, 0xfb, 0x9d, 0x21, 0x44, 0xe1, 0xed, 0x5b, 0x3a, 0xe1,
  0x16, 0x00, 0x19, 0x71, 0xcb, 0x89, 0x3a, 0x37, 0xe1, 0xe6, 0xfe, 0xb1,
  0x32, 0x37, 0xe1, 0xed, 0x4b, 0x3a, 0xe1, 0x04, 0x21, 0x44, 0xe1, 0x3e,
  0x03, 0xa6, 0x23, 0x10, 0xfc, 0xe6, 0x02, 0x4f, 0x3a, 0x37, 0xe1, 0xe6,
  0xfd, 0xb1, 0x32, 0x37, 0xe1, 0x18, 0xc7, 0xaf, 0xe5, 0xc5, 0xd5, 0xfd,
  0xe5, 0xdd, 0xe5, 0xcd, 0xe6, 0xb9, 0xdd, 0xe1, 0xfd, 0xe1, 0xd1, 0xc1,
  0xe1, 0xc9, 0xdd, 0x75, 0x03, 0xdd, 0x74, 0x04, 0xc9, 0x3a, 0x38, 0xe1,
  0xcb, 0x4f, 0xc0, 0x3a, 0x0a, 0xe3, 0xb7, 0x28, 0x08, 0x3a, 0xee, 0xe3,
  0xcb, 0x77, 0xc2, 0x1b, 0x80, 0xcd, 0x60, 0x94, 0x21, 0x7e, 0xe0, 0xcb,
  0xc6, 0xfe, 0x0c, 0x28, 0x13, 0xfe, 0x04, 0xc0, 0x3a, 0x08, 0xe3, 0xb7,
  0xc2, 0x1b, 0x80, 0x3a, 0x07, 0xe3, 0xee, 0x01, 0x32, 0x07, 0xe3, 0xc9,
  0x01, 0x82, 0x01, 0xcd, 0xe8, 0x84, 0xcd, 0x81, 0x83, 0xcd, 0xba, 0x84,
  0xcd, 0x76, 0x94, 0xfe, 0x0f, 0x28, 0x13, 0x3a, 0x7e, 0xe0, 0xcb, 0x47,
  0x20, 0xef, 0x21, 0x7e, 0xe0, 0xcb, 0xc6, 0x01, 0xe2, 0x01, 0xcd, 0xe8,
  0x84, 0xc9, 0x21, 0x7e, 0xe0, 0xcb, 0x86, 0x18, 0xdc, 0xf5, 0xc5, 0xd5,
  0xe5, 0xdd, 0xe5, 0xfd, 0xe5, 0x08, 0xf5, 0xcd, 0xe5, 0x84, 0x32, 0xc5,
  0xe3, 0x21, 0x38, 0xe1, 0xcb, 0x56, 0x28, 0x07, 0xcb, 0x96, 0xcd, 0x98,
  0x8e, 0x18, 0x6f, 0x21, 0x75, 0xe1, 0xcb, 0x66, 0x28, 0x3d, 0xcb, 0xa6,
  0xcb, 0x6e, 0x20, 0x37, 0x3a, 0xb8, 0xe2, 0xfe, 0xed, 0x30, 0x06, 0xfe,
  0x0a, 0x38, 0x17, 0x18, 0x2a, 0x21, 0x3a, 0xe1, 0x34, 0x21, 0x37, 0xe1,
  0xcb, 0xf6, 0x11, 0xf7, 0xff, 0xed, 0x53, 0x15, 0xe1, 0xcd, 0x92, 0x90,
  0x18, 0x40, 0x21, 0x3a, 0xe1, 0x35, 0x21, 0x37, 0xe1, 0xcb, 0xf6, 0x11,
  0x09, 0x00, 0xed, 0x53, 0x15, 0xe1, 0xcd, 0x92, 0x90, 0x18, 0x2b, 0x11,
  0xaf, 0x86, 0xd5, 0x2a, 0x0d, 0xe1, 0xe9, 0xcd, 0x58, 0x87, 0xcd, 0xbc,
  0x87, 0x3a, 0x07, 0xe3, 0xb7, 0x20, 0x08, 0xcd, 0xf4, 0x81, 0xcd, 0x3e,
  0x83, 0x18, 0x03, 0xcd, 0x81, 0x83, 0xcd, 0xba, 0x84, 0xcd, 0x4e, 0xad,
  0xcd, 0x78, 0x87, 0xcd, 0xe5, 0x85, 0xf1, 0xfd, 0xe1, 0xdd, 0xe1, 0xe1,
  0xd1, 0xc1, 0x08, 0xfb, 0x3e, 0x01, 0x32, 0x09, 0xe3, 0xf1, 0xed, 0x4d,
  0x3a, 0x09, 0xe3, 0xb7, 0xc8, 0xaf, 0x32, 0x09, 0xe3, 0xed, 0x5b, 0x55,
  0xe1, 0x3a, 0x05, 0xe1, 0x47, 0x0e, 0x00, 0x21, 0x68, 0x38, 0x09, 0xeb,
  0x06, 0x08, 0xcd, 0x60, 0x8c, 0xed, 0xb3, 0xeb, 0x01, 0x10, 0x00, 0x09,
  0xeb, 0x06, 0x80, 0xcd, 0x60, 0x8c, 0xed, 0xb3, 0x3a, 0x38, 0xe1, 0xcb,
  0x7f, 0x20, 0x29, 0x06, 0x50, 0x11, 0x00, 0x1b, 0x21, 0x87, 0xe2, 0xcd,
  0x60, 0x8c, 0xed, 0xb3, 0xcd, 0x54, 0x80, 0x01, 0x02, 0x00, 0xcd, 0xe8,
  0x84, 0x01, 0xff, 0x03, 0xcd, 0xe8, 0x84, 0x01, 0x03, 0x04, 0xcd, 0xe8,
  0x84, 0x01, 0xe2, 0x01, 0xcd, 0xe8, 0x84, 0xc9, 0x11, 0x30, 0x1b, 0x21,
  0xd7, 0xe2, 0x06, 0x30, 0xcd, 0x60, 0x8c, 0xed, 0xb3, 0x21, 0xb7, 0xe2,
  0x06, 0x20, 0xed, 0xb3, 0x06, 0x30, 0x18, 0xc1, 0x3a, 0x83, 0xe0, 0xb7,
  0x20, 0x0d, 0x21, 0xee, 0xe3, 0x3a, 0xf0, 0xe3, 0xe6, 0xf0, 0xb6, 0x32,
  0x13, 0xe1, 0xc9, 0x21, 0xef, 0xe3, 0x3a, 0xf1, 0xe3, 0xe6, 0xf0, 0xb6,
  0x32, 0x13, 0xe1, 0xc9, 0x3a, 0x13, 0xe1, 0xe6, 0x0f, 0x28, 0x0a, 0x21,
  0x3c, 0x3c, 0x22, 0x1a, 0xe1, 0x22, 0x1b, 0xe1, 0xc9, 0x21, 0x1a, 0xe1,
  0x06, 0x03, 0x35, 0xc0, 0x36, 0x3c, 0x23, 0x10, 0xf9, 0xc3, 0x18, 0x86,
  0x7e, 0xe6, 0x3f, 0xc8, 0x47, 0xcb, 0x7e, 0x20, 0x14, 0xcb, 0x76, 0x23,
  0x7e, 0x20, 0x06, 0x12, 0x13, 0x10, 0xfc, 0x18, 0x0c, 0x12, 0x13, 0x23,
  0x7e, 0x10, 0xfa, 0x18, 0xe3, 0x83, 0x30, 0x01, 0x14, 0x23, 0x18, 0xdc,
  0x21, 0x94, 0xe0, 0x46, 0xaf, 0xb8, 0xc8, 0x21, 0x55, 0x97, 0xc5, 0x23,
  0x5e, 0x23, 0x56, 0xd5, 0xdd, 0xe1, 0xe5, 0xdd, 0x35, 0x02, 0x20, 0x17,
  0xdd, 0x7e, 0x01, 0xdd, 0x77, 0x02, 0xdd, 0xcb, 0x00, 0x46, 0x28, 0x0b,
  0xdd, 0x6e, 0x03, 0xdd, 0x66, 0x04, 0x11, 0xeb, 0x87, 0xd5, 0xe9, 0xe1,
  0xc1, 0x10, 0xd7, 0xc9, 0x21, 0x0c, 0x1b, 0xcd, 0x6c, 0x8c, 0x21, 0x95,
  0xe0, 0x3e, 0x09, 0x96, 0xc6, 0xb8, 0x32, 0x93, 0xe2, 0xed, 0x79, 0x5e,
  0x16, 0x00, 0xd5, 0xaf, 0xbe, 0x20, 0x05, 0x21, 0x5e, 0xe1, 0x36, 0x60,
  0x21, 0xbe, 0xed, 0x19, 0x11, 0x10, 0x17, 0x06, 0x0a, 0xc5, 0xd5, 0xe5,
  0x06, 0x08, 0xeb, 0xcd, 0x30, 0xa6, 0xe1, 0x11, 0x11, 0x00, 0x19, 0xd1,
  0xeb, 0x01, 0x08, 0x00, 0x09, 0xeb, 0xc1, 0x10, 0xe8, 0xd1, 0x21, 0x68,
  0xee, 0x19, 0xeb, 0x06, 0x04, 0x21, 0x00, 0x37, 0xc5, 0xd5, 0xe5, 0x06,
  0x08, 0xcd, 0x30, 0xa6, 0xe1, 0x11, 0x08, 0x00, 0x19, 0xd1, 0xc1, 0x10,
  0xef, 0x21, 0x95, 0xe0, 0x34, 0x3e, 0x0a, 0xbe, 0xc0, 0x36, 0x00, 0x21,
  0x5e, 0xe1, 0x36, 0x3c, 0xc9, 0x3a, 0x88, 0xe0, 0xb7, 0xc8, 0x3a, 0x84,
  0xe0, 0xb7, 0xc4, 0xb4, 0x8f, 0xc3, 0xec, 0xb7, 0x46, 0x23, 0xc5, 0x5e,
  0x23, 0x56, 0xd5, 0x23, 0x5e, 0x23, 0x56, 0x23, 0x7e, 0x23, 0x46, 0x23,
  0xe3, 0xfd, 0x21, 0x85, 0x88, 0xfd, 0xe5, 0xdd, 0xe9, 0xe1, 0xc1, 0x10,
  0xe5, 0xc9, 0x21, 0x38, 0xe1, 0xcb, 0xfe, 0x3e, 0x04, 0x32, 0x5d, 0xe1,
  0x21, 0x12, 0xe1, 0x34, 0x3e, 0x25, 0xbe, 0xc2, 0x12, 0x89, 0x21, 0xb5,
  0x88, 0xcd, 0xde, 0x85, 0x3e, 0x20, 0x32, 0x5e, 0xe1, 0xcd, 0xcb, 0x85,
  0x21, 0x92, 0xe0, 0x35, 0xca, 0x4e, 0x8a, 0x18, 0x1b, 0x3e, 0x13, 0xcd,
  0xcc, 0x85, 0x21, 0xe9, 0x88, 0xcd, 0xde, 0x85, 0xc9, 0x3a, 0x09, 0xe1,
  0x3d, 0xe6, 0x03, 0x32, 0x05, 0xe1, 0x32, 0x09, 0xe1, 0xc3, 0x3f, 0xb1,
  0x11, 0x10, 0x14, 0x3a, 0x88, 0xe0, 0xb7, 0x20, 0x03, 0xaf, 0x18, 0x0a,
  0x3a, 0x92, 0xe0, 0x3d, 0xfe, 0x09, 0x38, 0x02, 0x3e, 0x09, 0xc3, 0x45,
  0x8b, 0x21, 0x12, 0xe1, 0x35, 0x3e, 0x00, 0xbe, 0x20, 0x20, 0xcd, 0xcb,
  0x85, 0x21, 0x80, 0x8a, 0xcd, 0xde, 0x85, 0x3e, 0x01, 0x32, 0x5d, 0xe1,
  0x21, 0x37, 0xad, 0x22, 0x78, 0xe1, 0x3e, 0x01, 0x32, 0x76, 0xe1, 0xaf,
  0x32, 0x05, 0xe1, 0xc3, 0x3f, 0xb1, 0xed, 0x4b, 0x12, 0xe1, 0xed, 0x5b,
  0xb7, 0xe2, 0x21, 0xd7, 0xe2, 0x06, 0x04, 0x7b, 0x81, 0xd6, 0x28, 0xcd,
  0x31, 0x89, 0xc6, 0x10, 0x06, 0x04, 0xcd, 0x31, 0x89, 0xc6, 0x08, 0x06,
  0x04, 0x77, 0x23, 0x23, 0x23, 0x23, 0x10, 0xf9, 0xc9, 0xe5, 0xc5, 0x3a,
  0x3b, 0xe1, 0xb7, 0x28, 0x2b, 0x0e, 0x07, 0x47, 0x3a, 0x19, 0xe1, 0xe6,
  0x0f, 0x20, 0x02, 0x0e, 0x03, 0x3a, 0x3a, 0xe1, 0x11, 0x1f, 0xad, 0x21,
  0x2c, 0xe1, 0xb7, 0x28, 0x1c, 0x21, 0x2d, 0xe1, 0x11, 0x0f, 0xad, 0xb8,
  0x28, 0x13, 0x11, 0x2f, 0xad, 0x21, 0x2e, 0xe1, 0x0e, 0x03, 0x18, 0x09,
  0x21, 0x07, 0xad, 0x3a, 0x91, 0xe0, 0x3d, 0x18, 0x08, 0xed, 0x5f, 0xa1,
  0xbe, 0x28, 0xfa, 0x77, 0xeb, 0xcb, 0x27, 0x4f, 0x06, 0x00, 0x09, 0x4e,
  0x23, 0x46, 0xc5, 0xdd, 0xe1, 0xc1, 0xe1, 0xc9, 0x3a, 0x88, 0xe0, 0xb7,
  0x28, 0x2f, 0x2a, 0x80, 0xe0, 0xed, 0x5b, 0x81, 0xe0, 0xed, 0x5a, 0xca,
  0xc1, 0x89, 0x21, 0x38, 0xe1, 0xcb, 0xf6, 0xcd, 0xac, 0x8a, 0x3e, 0x07,
  0xcd, 0xcc, 0x85, 0x21, 0x00, 0x10, 0x11, 0x8d, 0xe0, 0xcd, 0x15, 0xb8,
  0x21, 0x6b, 0xe1, 0xcb, 0xfe, 0x21, 0x6d, 0xe1, 0x36, 0x01, 0xc3, 0x02,
  0xb8, 0x3e, 0x20, 0x32, 0x68, 0xe1, 0x21, 0xcd, 0x89, 0x22, 0x69, 0xe1,
  0xc9, 0x21, 0x97, 0x8d, 0x22, 0x69, 0xe1, 0xaf, 0x3e, 0x01, 0x32, 0x67,
  0xe1, 0x32, 0x68, 0xe1, 0x3e, 0x03, 0xcd, 0xcc, 0x85, 0x21, 0x6b, 0xe1,
  0xcb, 0xfe, 0x21, 0x38, 0xe1, 0xcb, 0xb6, 0xc9, 0x3a, 0x88, 0xe0, 0xb7,
  0xca, 0xa2, 0x8a, 0x2a, 0x80, 0xe0, 0xed, 0x5b, 0x81, 0xe0, 0xb7, 0xed,
  0x5a, 0xc2, 0xa2, 0x8a, 0x3a, 0x75, 0xe1, 0xcb, 0x6f, 0xc0, 0x3e, 0x64,
  0x32, 0x7f, 0xe0, 0xaf, 0x32, 0x80, 0xe0, 0x32, 0x81, 0xe0, 0x32, 0x61,
  0xe1, 0x3e, 0x01, 0x32, 0x82, 0xe0, 0x21, 0x7c, 0xe0, 0xcb, 0xee, 0x21,
  0x30, 0x8a, 0xcd, 0xde, 0x85, 0x3e, 0x19, 0x32, 0x5e, 0xe1, 0x3e, 0x04,
  0xcd, 0xcc, 0x85, 0xc9, 0xaf, 0x32, 0x12, 0xe1, 0x21, 0x8a, 0x88, 0xcd,
  0xde, 0x85, 0x21, 0xc1, 0x88, 0x22, 0x78, 0xe1, 0x3e, 0x02, 0x32, 0x76,
  0xe1, 0xcd, 0xcb, 0x85, 0x3e, 0x12, 0xcd, 0xcc, 0x85, 0xc9, 0x3a, 0x18,
  0xe0, 0xb7, 0x28, 0x0b, 0xaf, 0x32, 0x5c, 0xe1, 0x21, 0x38, 0xe1, 0xcb,
  0xd6, 0x18, 0x21, 0x21, 0x6b, 0xe1, 0xcb, 0xfe, 0x3e, 0x06, 0x32, 0x5d,
  0xe1, 0x11, 0xf0, 0x87, 0xed, 0x53, 0x5f, 0xe1, 0x11, 0x5d, 0x88, 0xed,
  0x53, 0x6e, 0xe1, 0x3e, 0x80, 0x32, 0x6c, 0xe1, 0x32, 0x0a, 0xe3, 0xc9,
  0x21, 0xec, 0x89, 0xcd, 0xde, 0x85, 0x21, 0x7c, 0xe0, 0xcb, 0xae, 0x21,
  0x61, 0xe1, 0xcb, 0xc6, 0x21, 0x38, 0xe1, 0xcb, 0xbe, 0x21, 0x50, 0x1b,
  0x11, 0x30, 0x00, 0xaf, 0xcd, 0x42, 0x80, 0xc3, 0xd3, 0x8a, 0x3e, 0xff,
  0x21, 0x7f, 0xe0, 0x35, 0xbe, 0xc0, 0x36, 0x3c, 0x3a, 0x80, 0xe0, 0xb7,
  0x20, 0x0d, 0x3a, 0x81, 0xe0, 0xb7, 0x28, 0x04, 0xfe, 0x03, 0x20, 0x03,
  0xcd, 0xea, 0x8a, 0x21, 0x80, 0xe0, 0x3e, 0xff, 0x35, 0xbe, 0x20, 0x1b,
  0x36, 0x09, 0x23, 0x35, 0xbe, 0x20, 0x0c, 0x36, 0x05, 0x23, 0x35, 0x3a,
  0x82, 0xe0, 0x0e, 0x00, 0xcd, 0xfd, 0x8a, 0x3a, 0x81, 0xe0, 0x0e, 0x01,
  0xcd, 0xfd, 0x8a, 0x3a, 0x80, 0xe0, 0x0e, 0x02, 0x18, 0x13, 0x21, 0x38,
  0xe1, 0xcb, 0x76, 0xc0, 0x21, 0x14, 0xe1, 0x34, 0x3e, 0x03, 0xa6, 0xc6,
  0x08, 0xcd, 0xcc, 0x85, 0xc9, 0x21, 0x38, 0xe1, 0xcb, 0x46, 0x28, 0x01,
  0xaf, 0x5f, 0x16, 0x00, 0x06, 0x06, 0xcb, 0x23, 0xcb, 0x12, 0x10, 0xfa,
  0x21, 0x6a, 0xea, 0x19, 0xeb, 0x06, 0x00, 0xcb, 0x21, 0xcb, 0x21, 0xcb,
  0x21, 0xcb, 0x21, 0xc5, 0x28, 0x04, 0x3e, 0x08, 0x81, 0x4f, 0x21, 0x18,
  0x15, 0x09, 0x06, 0x10, 0xcd, 0x30, 0xa6, 0x01, 0x00, 0x01, 0x09, 0x06,
  0x10, 0xcd, 0x30, 0xa6, 0x21, 0xa0, 0x3f, 0xc1, 0xcb, 0x21, 0x09, 0x06,
  0x20, 0xcd, 0x30, 0xa6, 0xc9, 0x21, 0x5b, 0x8b, 0xb7, 0x28, 0x09, 0x47,
  0xd5, 0x11, 0x05, 0x00, 0x19, 0x10, 0xfd, 0xd1, 0xeb, 0x06, 0x05, 0xcd,
  0x30, 0xa6, 0xc9, 0x0f, 0x1b, 0x36, 0x6c, 0xf8, 0x0e, 0x1c, 0x18, 0x30,
  0xf8, 0x0f, 0x03, 0x3e, 0x60, 0xf8, 0x0f, 0x03, 0x1e, 0x0c, 0xf8, 0x09,
  0x13, 0x3e, 0x0c, 0x18, 0x0f, 0x18, 0x3e, 0x0c, 0xf8, 0x0f, 0x18, 0x3e,
  0x6c, 0xf8, 0x0f, 0x03, 0x06, 0x0c, 0x18, 0x0f, 0x1b, 0x3e, 0x6c, 0xf8,
  0x0f, 0x1b, 0x1e, 0x0c, 0xf8, 0x00, 0x00, 0x00, 0x00, 0x00, 0x07, 0x0c,
  0x18, 0x30, 0x3c, 0x3c, 0x0c, 0x18, 0x30, 0xe0, 0xc5, 0xf5, 0xd5, 0xc5,
  0xe5, 0xcd, 0x60, 0x8c, 0x06, 0x08, 0xed, 0xb3, 0x21, 0xf8, 0x00, 0x19,
  0xeb, 0xe1, 0xc1, 0x10, 0xee, 0xd1, 0xf1, 0xc1, 0x21, 0x00, 0x20, 0x19,
  0xeb, 0x67, 0xc5, 0xe5, 0xcd, 0x60, 0x8c, 0x06, 0x08, 0xed, 0x61, 0x10,
  0xfc, 0x21, 0xf8, 0x00, 0x19, 0xeb, 0xe1, 0xc1, 0x10, 0xec, 0xc9, 0xc5,
  0xcd, 0x60, 0x8c, 0x06, 0x10, 0x3e, 0x66, 0xcd, 0xe3, 0x8b, 0x21, 0x00,
  0x01, 0x19, 0xeb, 0xc1, 0x10, 0xed, 0xc9, 0x08, 0xcd, 0x60, 0x8c, 0x08,
  0xed, 0x79, 0x10, 0xfc, 0xc9, 0x00, 0x01, 0x03, 0x07, 0x0f, 0x1f, 0x3f,
  0x7f, 0xff, 0xfe, 0xfc, 0xf8, 0xf0, 0xe0, 0xc0, 0x80, 0x3a, 0x3a, 0xe1,
  0xb7, 0xc0, 0xdd, 0x21, 0x9c, 0x8b, 0x21, 0x3b, 0x9a, 0xcd, 0x6c, 0x88,
  0x11, 0x00, 0x28, 0x06, 0x0b, 0xcd, 0xcf, 0x8b, 0x01, 0x38, 0x07, 0x11,
  0x00, 0x20, 0xc5, 0x41, 0xaf, 0xcd, 0xe3, 0x8b, 0xc1, 0x79, 0xd6, 0x08,
  0x4f, 0x21, 0x00, 0x01, 0x19, 0xeb, 0x10, 0xee, 0xc9, 0x3a, 0x3b, 0xe1,
  0x21, 0x3a, 0xe1, 0xbe, 0xc0, 0xdd, 0x21, 0x9c, 0x8b, 0x21, 0x5a, 0x9a,
  0xcd, 0x6c, 0x88, 0x11, 0xf0, 0x21, 0x06, 0x0d, 0xcd, 0xcf, 0x8b, 0x01,
  0x08, 0x08, 0x11, 0xf8, 0x30, 0xc5, 0x41, 0xaf, 0xcd, 0xe3, 0x8b, 0xc1,
  0x79, 0xc6, 0x08, 0x4f, 0x21, 0xf8, 0x00, 0x19, 0xeb, 0x10, 0xee, 0xc9,
  0x0e, 0x99, 0xed, 0x59, 0x7a, 0xf6, 0x40, 0xed, 0x79, 0x0e, 0x98, 0xc9,
  0x0e, 0x99, 0xed, 0x69, 0x7c, 0xf6, 0x40, 0xed, 0x79, 0x0e, 0x98, 0xc9,
  0x0e, 0x99, 0xed, 0x59, 0xed, 0x51, 0x0e, 0x98, 0xc9, 0xdd, 0xcb, 0x00,
  0x76, 0x28, 0x0f, 0x3a, 0x37, 0xe1, 0xcb, 0x47, 0xc8, 0xcb, 0x4f, 0xc8,
  0x3a, 0x75, 0xe1, 0xcb, 0x6f, 0xc0, 0x3a, 0x3a, 0xe1, 0x21, 0x4a, 0xe1,
  0xbe, 0xc0, 0x21, 0x0a, 0xe1, 0x35, 0x11, 0x93, 0x8d, 0xed, 0x53, 0x2c,
  0xe0, 0x7e, 0xfe, 0x01, 0xc2, 0x4a, 0x8d, 0x21, 0x75, 0xe1, 0xcb, 0xc6,
  0xdd, 0xcb, 0x00, 0xfe, 0x21, 0x12, 0x8d, 0xcd, 0xde, 0x85, 0xdd, 0x36,
  0x02, 0x01, 0x21, 0x75, 0xe1, 0xcb, 0xc6, 0xdd, 0xcb, 0x00, 0x5e, 0xc8,
  0x21, 0x75, 0xe1, 0xcb, 0xae, 0x3a, 0x37, 0xe1, 0xcb, 0x4f, 0x20, 0x01,
  0xc9, 0x21, 0x5c, 0xe1, 0x36, 0x00, 0x21, 0x75, 0xe1, 0x36, 0x00, 0x21,
  0x70, 0xe1, 0xcb, 0xfe, 0x3e, 0x9a, 0x32, 0x0a, 0xe1, 0x21, 0x8c, 0x89,
  0x22, 0x69, 0xe1, 0x21, 0x80, 0xe0, 0x34, 0x3e, 0x80, 0x32, 0xb7, 0xe2,
  0x11, 0x9b, 0xe2, 0x21, 0x0a, 0x8d, 0x01, 0x08, 0x00, 0xed, 0xb0, 0xc3,
  0xe2, 0xb9, 0xa0, 0x48, 0xe0, 0x06, 0xb1, 0x48, 0xf0, 0x00, 0xdd, 0xcb,
  0x00, 0x7e, 0x28, 0x06, 0x3a, 0x37, 0xe1, 0xcb, 0x4f, 0xc0, 0x3a, 0x3a,
  0xe1, 0x21, 0x4a, 0xe1, 0xbe, 0xc0, 0xdd, 0xcb, 0x00, 0x5e, 0xc0, 0x21,
  0x0a, 0xe1, 0x34, 0x11, 0x8f, 0x8d, 0xed, 0x53, 0x2c, 0xe0, 0x7e, 0xfe,
  0x2e, 0x20, 0x0f, 0xdd, 0xcb, 0x00, 0xf6, 0x21, 0x81, 0x8c, 0xcd, 0xde,
  0x85, 0xdd, 0x36, 0x02, 0x01, 0xc9, 0xe5, 0xdd, 0xcb, 0x00, 0x5e, 0x28,
  0x05, 0xc6, 0x7f, 0x32, 0xb7, 0xe2, 0xe1, 0x7e, 0xc6, 0x97, 0x32, 0xb3,
  0xe2, 0x7e, 0xfe, 0x10, 0xd0, 0x57, 0xcb, 0x3a, 0xcb, 0x3a, 0xcb, 0x3a,
  0xe6, 0x07, 0x5f, 0x21, 0x30, 0x33, 0x19, 0xed, 0x5b, 0x2c, 0xe0, 0x06,
  0x04, 0xc5, 0xcd, 0x6c, 0x8c, 0x1a, 0xed, 0x79, 0x00, 0x00, 0x01, 0x08,
  0x00, 0x09, 0x13, 0xc1, 0x10, 0xef, 0xdd, 0xcb, 0x00, 0xbe, 0xdd, 0xcb,
  0x00, 0xb6, 0xc9, 0x88, 0x98, 0x98, 0x68, 0xbb, 0xbb, 0xbb, 0x6b, 0xaf,
  0x32, 0x05, 0xe1, 0x3e, 0x09, 0x32, 0xa2, 0xe2, 0xdd, 0x36, 0x01, 0x02,
  0x21, 0x0a, 0xe1, 0x35, 0x3e, 0x10, 0xbe, 0xda, 0xb4, 0x8d, 0x21, 0x38,
  0xe1, 0xcb, 0xd6, 0xc9, 0x3e, 0xbb, 0x32, 0x2c, 0xe0, 0x7e, 0x21, 0x30,
  0x20, 0xcd, 0xf7, 0x8d, 0x3e, 0x88, 0x32, 0x2c, 0xe0, 0x3a, 0x0a, 0xe1,
  0xc6, 0x0e, 0x21, 0x28, 0x20, 0xcd, 0xf7, 0x8d, 0xcd, 0x6c, 0x8c, 0x3e,
  0x99, 0x00, 0x00, 0xed, 0x79, 0x3a, 0x0a, 0xe1, 0xd6, 0x01, 0x32, 0xb3,
  0xe2, 0xd6, 0x19, 0x32, 0xb7, 0xe2, 0xc6, 0x20, 0x32, 0x9f, 0xe2, 0x21,
  0x2c, 0x1b, 0xcd, 0x6c, 0x8c, 0x3a, 0xb3, 0xe2, 0xed, 0x79, 0xc9, 0x57,
  0xcb, 0x3a, 0xcb, 0x3a, 0xcb, 0x3a, 0xe6, 0x07, 0x5f, 0x19, 0x06, 0x04,
  0xcd, 0x6c, 0x8c, 0x3a, 0x2c, 0xe0, 0xed, 0x79, 0x00, 0x00, 0x11, 0x08,
  0x00, 0x19, 0x10, 0xf0, 0xc9, 0x66, 0x00, 0x30, 0x13, 0x00, 0x00, 0x01,
  0x58, 0x90, 0x00, 0x23, 0x06, 0x07, 0x3e, 0xff, 0xcd, 0x41, 0x8e, 0x11,
  0x08, 0x00, 0x19, 0x06, 0x07, 0xcd, 0x41, 0x8e, 0x11, 0xf7, 0x00, 0x19,
  0xcd, 0x3f, 0x8e, 0x11, 0x08, 0x00, 0x19, 0xcd, 0x3f, 0x8e, 0xc9, 0x06,
  0x08, 0xeb, 0x08, 0xcd, 0x60, 0x8c, 0x08, 0xeb, 0xed, 0x79, 0x00, 0x00,
  0xf5, 0xf1, 0x10, 0xf8, 0xc9, 0xcd, 0x8f, 0x8e, 0xe6, 0xf0, 0x26, 0x00,
  0x6f, 0xc9, 0x06, 0x00, 0xfe, 0x20, 0x38, 0x0e, 0xfe, 0x40, 0x30, 0x06,
  0xd6, 0x20, 0x06, 0x06, 0x18, 0x04, 0xd6, 0x40, 0x06, 0x0c, 0x5f, 0xcb,
  0x23, 0x16, 0x00, 0x21, 0x14, 0x99, 0x19, 0x5e, 0x23, 0x7e, 0x80, 0x57,
  0xeb, 0xc9, 0xcd, 0x8f, 0x8e, 0x21, 0x10, 0x00, 0xe6, 0x0f, 0xc8, 0x47,
  0x11, 0x18, 0x00, 0x19, 0x10, 0xfd, 0xc9, 0x16, 0x00, 0x5f, 0x21, 0x81,
  0x99, 0x19, 0x7e, 0xc9, 0xcd, 0xb4, 0x8f, 0x3a, 0x92, 0xe0, 0xb7, 0xcc,
  0xb4, 0x8f, 0x21, 0x37, 0xe1, 0xcb, 0x96, 0x21, 0x40, 0x3f, 0x11, 0x8c,
  0xed, 0x06, 0x08, 0xcd, 0x30, 0xa6, 0x21, 0x90, 0xe0, 0x7e, 0x3c, 0x27,
  0x77, 0x23, 0x34, 0xcd, 0x99, 0x92, 0x3a, 0x38, 0xe1, 0xcb, 0x4f, 0x20,
  0x06, 0xcd, 0xbb, 0x93, 0xcd, 0xec, 0xb7, 0xcd, 0x8a, 0xb8, 0x11, 0x61,
  0xe1, 0x21, 0x67, 0x97, 0x01, 0x19, 0x00, 0xed, 0xb0, 0x11, 0x87, 0xe2,
  0x21, 0x80, 0x97, 0x01, 0x50, 0x00, 0xed, 0xb0, 0xaf, 0x32, 0x05, 0xe1,
  0xcd, 0x3f, 0xb1, 0x3e, 0x2e, 0x32, 0x0a, 0xe1, 0x3e, 0x03, 0xcd, 0xcc,
  0x85, 0x3e, 0x0c, 0x32, 0xfa, 0xe0, 0x3e, 0x08, 0x32, 0xf9, 0xe0, 0x21,
  0xc4, 0x00, 0x22, 0xfb, 0xe0, 0x21, 0x98, 0x00, 0x22, 0xfd, 0xe0, 0x21,
  0xf0, 0xe0, 0x22, 0xf7, 0xe0, 0xcd, 0x67, 0x8f, 0x21, 0x4c, 0xe1, 0x36,
  0x00, 0x21, 0x00, 0x00, 0x22, 0x44, 0xe1, 0x22, 0x46, 0xe1, 0xaf, 0x32,
  0x37, 0xe1, 0x32, 0x3a, 0xe1, 0x3e, 0x0f, 0x32, 0x10, 0xe1, 0x01, 0xa2,
  0x01, 0xcd, 0xe8, 0x84, 0xed, 0x4b, 0x3a, 0xe1, 0x04, 0x21, 0x80, 0x1b,
  0xc5, 0xe5, 0xcd, 0x39, 0x89, 0xcd, 0x73, 0x92, 0x21, 0x3a, 0xe1, 0x34,
  0xe1, 0xc1, 0x11, 0xbe, 0x00, 0x19, 0x10, 0xec, 0x3a, 0x3b, 0xe1, 0x21,
  0xc8, 0xe3, 0xa6, 0x32, 0x3a, 0xe1, 0x32, 0x4a, 0xe1, 0x3a, 0x3b, 0xe1,
  0x3c, 0x32, 0x29, 0xe1, 0xc3, 0xa1, 0x90, 0x3e, 0x01, 0x32, 0x7f, 0xe0,
  0x0e, 0x00, 0x3a, 0x91, 0xe0, 0xd6, 0x10, 0x38, 0x05, 0xcb, 0x3f, 0xcb,
  0x3f, 0x4f, 0x3a, 0x89, 0xe0, 0x21, 0x39, 0xe1, 0xcb, 0x46, 0x28, 0x02,
  0xd6, 0x02, 0x91, 0xfe, 0x04, 0xfa, 0x90, 0x8f, 0x38, 0x02, 0x18, 0x02,
  0x3e, 0x04, 0xed, 0x4b, 0x3a, 0xe1, 0x04, 0x4f, 0xaf, 0x81, 0x10, 0xfd,
  0x0e, 0x00, 0x47, 0xd6, 0x06, 0x38, 0x03, 0x0c, 0x18, 0xf9, 0xc6, 0x06,
  0x32, 0x81, 0xe0, 0x79, 0x32, 0x82, 0xe0, 0xaf, 0x32, 0x80, 0xe0, 0xc9,
  0x11, 0x2c, 0xe0, 0x21, 0x8a, 0xe0, 0x01, 0x0a, 0x00, 0xed, 0xb0, 0x11,
  0x8a, 0xe0, 0x21, 0x10, 0xe0, 0x01, 0x0a, 0x00, 0xed, 0xb0, 0x11, 0x10,
  0xe0, 0x21, 0x2c, 0xe0, 0x01, 0x0a, 0x00, 0xed, 0xb0, 0x21, 0x83, 0xe0,
  0x3a, 0x84, 0xe0, 0xae, 0x77, 0xc9, 0x21, 0x80, 0x1b, 0x3a, 0x3a, 0xe1,
  0xb7, 0x28, 0x07, 0x47, 0x11, 0xbe, 0x00, 0x19, 0x10, 0xfd, 0x22, 0x3c,
  0xe1, 0x0e, 0x99, 0xed, 0x69, 0xed, 0x61, 0x0e, 0x98, 0xed, 0x40, 0x21,
  0x7b, 0xe1, 0x70, 0x23, 0xcd, 0x3f, 0x90, 0xe5, 0xed, 0x40, 0x21, 0x08,
  0xe2, 0x70, 0x23, 0xcd, 0x3f, 0x90, 0xd1, 0xaf, 0x32, 0x11, 0xe1, 0x3a,
  0x3b, 0xe1, 0xb7, 0xc8, 0x47, 0x3a, 0x3a, 0xe1, 0xb8, 0x28, 0x0d, 0x21,
  0x48, 0x90, 0x01, 0x14, 0x00, 0xed, 0xb0, 0x21, 0x11, 0xe1, 0x34, 0x34,
  0x3a, 0x3a, 0xe1, 0xb7, 0xc8, 0x21, 0x5c, 0x90, 0x01, 0x14, 0x00, 0xed,
  0xb0, 0x21, 0x11, 0xe1, 0x34, 0x34, 0xc9, 0xc5, 0x06, 0x0a, 0xed, 0xb2,
  0xc1, 0x10, 0xf8, 0xc9, 0x62, 0x0c, 0xd0, 0x05, 0x02, 0x02, 0x28, 0x14,
  0xe8, 0x00, 0x66, 0x0a, 0xe0, 0x0f, 0x02, 0x02, 0x18, 0x4a, 0x48, 0x01,
  0x66, 0x09, 0x08, 0x0f, 0x01, 0x01, 0x18, 0x41, 0x68, 0x00, 0x62, 0x0b,
  0x08, 0x05, 0x01, 0x01, 0x20, 0x0b, 0x18, 0x00, 0xcd, 0x6c, 0x8c, 0x21,
  0x7b, 0xe1, 0x46, 0xed, 0x41, 0x23, 0xc5, 0x06, 0x0a, 0xed, 0xb3, 0xc1,
  0x10, 0xf8, 0x21, 0x08, 0xe2, 0x46, 0xed, 0x41, 0x23, 0xc5, 0x06, 0x0a,
  0xed, 0xb3, 0xc1, 0x10, 0xf8, 0xc9, 0xcd, 0x81, 0x83, 0x01, 0xa2, 0x01,
  0xcd, 0xe8, 0x84, 0x2a, 0x3c, 0xe1, 0xcd, 0x70, 0x90, 0x21, 0x37, 0xe1,
  0xcb, 0xfe, 0xcd, 0xde, 0x8f, 0xdd, 0x21, 0x42, 0x80, 0x21, 0xda, 0x99,
  0xcd, 0x6c, 0x88, 0x3e, 0xff, 0x32, 0x98, 0xe0, 0x11, 0x99, 0xe0, 0x21,
  0x98, 0xe0, 0x01, 0x5e, 0x00, 0xed, 0xb0, 0x21, 0x90, 0x9b, 0xcd, 0x4a,
  0xa0, 0x21, 0xc0, 0x9c, 0xcd, 0x4a, 0xa0, 0x11, 0xb8, 0x17, 0xaf, 0x06,
  0x08, 0xcd, 0xe3, 0x8b, 0x3a, 0x3a, 0xe1, 0x21, 0x4a, 0xe1, 0xbe, 0x20,
  0x15, 0x21, 0xef, 0xe0, 0x36, 0x18, 0x23, 0x36, 0x18, 0x11, 0x6d, 0xe2,
  0x21, 0x15, 0x8e, 0x01, 0x0a, 0x00, 0xed, 0xb0, 0x18, 0x24, 0x3e, 0x66,
  0x11, 0x28, 0x33, 0x06, 0x28, 0xcd, 0xe3, 0x8b, 0x3e, 0x66, 0x11, 0x28,
  0x34, 0x06, 0x28, 0xcd, 0xe3, 0x8b, 0x21, 0x81, 0x8c, 0x22, 0x69, 0xe1,
  0x3e, 0x2d, 0x32, 0x0a, 0xe1, 0xc6, 0x98, 0x32, 0xb3, 0xe2, 0x3a, 0x90,
  0xe0, 0xe6, 0x0f, 0x11, 0xb0, 0x15, 0xcd, 0x45, 0x8b, 0x3a, 0x90, 0xe0,
  0xcb, 0x3f, 0xcb, 0x3f, 0xcb, 0x3f, 0xcb, 0x3f, 0x11, 0xa8, 0x15, 0xcd,
  0x45, 0x8b, 0x3a, 0x90, 0xe0, 0xfe, 0x0a, 0x38, 0x02, 0x3e, 0x0a, 0x47,
  0x3e, 0xa8, 0x90, 0x5f, 0x3e, 0xfe, 0xa0, 0xcb, 0x3f, 0x4f, 0xc6, 0xb0,
  0x57, 0x78, 0x3c, 0xcb, 0x27, 0x91, 0x4f, 0xcd, 0x9c, 0x9f, 0x3e, 0xb8,
  0x32, 0x93, 0xe2, 0x3e, 0x01, 0x32, 0x6b, 0xe1, 0xcd, 0xfd, 0x8b, 0xcd,
  0x2d, 0x8c, 0xcd, 0xde, 0x92, 0xcd, 0x93, 0x9e, 0x3a, 0x37, 0xe1, 0xcb,
  0x77, 0x28, 0x1d, 0xed, 0x5b, 0x15, 0xe1, 0x2a, 0xf7, 0xe0, 0x19, 0xdd,
  0x21, 0x75, 0xe1, 0xcd, 0xda, 0xb2, 0x3a, 0x5a, 0xe1, 0x47, 0x11, 0x8e,
  0x91, 0xd5, 0x2a, 0x01, 0xe1, 0xe9, 0x10, 0xf6, 0x3a, 0x38, 0xe1, 0xcb,
  0x4f, 0xcc, 0xa9, 0xb8, 0x21, 0x37, 0xe1, 0xcb, 0xb6, 0xcd, 0xd3, 0x8a,
  0xcd, 0xd0, 0x88, 0x21, 0x37, 0xe1, 0xcb, 0xbe, 0xcd, 0x4e, 0xad, 0xc3,
  0xe4, 0x86, 0x02, 0x05, 0x08, 0x0b, 0x0e, 0x11, 0x0e, 0x98, 0xdd, 0xe5,
  0x3a, 0x19, 0xe1, 0xe6, 0x0f, 0x5f, 0x16, 0x00, 0xdd, 0x19, 0xdd, 0x46,
  0x00, 0xdd, 0xe1, 0xdd, 0x23, 0xdd, 0x23, 0xdd, 0x23, 0xed, 0x41, 0xc5,
  0x06, 0x62, 0xdd, 0x7e, 0x01, 0xe6, 0x07, 0x28, 0x02, 0x06, 0xa0, 0xdd,
  0x7e, 0x01, 0xe6, 0x18, 0xfe, 0x08, 0x20, 0x02, 0xcb, 0xd0, 0x3a, 0x19,
  0xe1, 0xe6, 0xf0, 0xdd, 0xa6, 0x01, 0x20, 0x05, 0xdd, 0x7e, 0x00, 0x18,
  0x06, 0x21, 0xc8, 0xe3, 0xcb, 0x06, 0x7e, 0xe6, 0x80, 0xcb, 0x07, 0xb0,
  0xed, 0x79, 0xdd, 0x7e, 0x00, 0xe6, 0x7f, 0x47, 0xed, 0x5f, 0xe6, 0x1f,
  0x80, 0xed, 0x79, 0x78, 0xcd, 0x5a, 0x8e, 0xed, 0x69, 0xed, 0x61, 0x21,
  0x2c, 0xe0, 0xdd, 0x7e, 0x01, 0xe6, 0x07, 0x28, 0x05, 0x47, 0xaf, 0x86,
  0x10, 0xfd, 0xb7, 0x28, 0x05, 0xcb, 0x5e, 0x20, 0x01, 0x3c, 0xed, 0x79,
  0xed, 0x79, 0xdd, 0x7e, 0x01, 0xe6, 0x18, 0xcb, 0x3f, 0xcb, 0x3f, 0xcb,
  0x3f, 0xcb, 0x5e, 0x28, 0x05, 0x47, 0xaf, 0x86, 0x10, 0xfd, 0xed, 0x79,
  0xdd, 0x7e, 0x00, 0xe6, 0x7f, 0xed, 0x79, 0x11, 0x5b, 0x92, 0xd5, 0xcb,
  0x5e, 0xc2, 0x7e, 0x8e, 0xc3, 0x51, 0x8e, 0xed, 0x69, 0xed, 0x61, 0xdd,
  0x23, 0xdd, 0x23, 0xc1, 0x05, 0xc2, 0xcf, 0x91, 0xc9, 0xfd, 0x7e, 0x05,
  0xb7, 0xc8, 0xfe, 0x03, 0xd8, 0xb7, 0xc9, 0xcd, 0x6c, 0x8c, 0xdd, 0xe5,
  0x3e, 0x18, 0x32, 0x2c, 0xe0, 0xcd, 0xb4, 0x91, 0xdd, 0xe1, 0xdd, 0x5e,
  0x02, 0xdd, 0x23, 0xdd, 0x23, 0xdd, 0x23, 0xcb, 0x23, 0x16, 0x00, 0xdd,
  0x19, 0x3e, 0x10, 0x32, 0x2c, 0xe0, 0xc3, 0xb4, 0x91, 0x21, 0x19, 0xe1,
  0x3a, 0x91, 0xe0, 0xfe, 0x09, 0x38, 0x0f, 0x11, 0xd6, 0x92, 0xfe, 0x11,
  0x38, 0x04, 0x36, 0x22, 0x18, 0x09, 0x36, 0x41, 0x18, 0x05, 0x36, 0x80,
  0x11, 0xce, 0x92, 0x3d, 0xe6, 0x07, 0x6f, 0x26, 0x00, 0x19, 0x7e, 0xe6,
  0x0f, 0x32, 0x3b, 0xe1, 0xaf, 0xcb, 0x7e, 0x28, 0x01, 0x3c, 0x32, 0x39,
  0xe1, 0xc9, 0x80, 0x00, 0x80, 0x00, 0x81, 0x01, 0x82, 0x02, 0x81, 0x01,
  0x02, 0x01, 0x81, 0x01, 0x01, 0x02, 0xfd, 0x21, 0x7b, 0xe1, 0xfd, 0x46,
  0x00, 0x3a, 0x11, 0xe1, 0x80, 0x47, 0xfd, 0x23, 0x0e, 0x00, 0xc5, 0xfd,
  0x5e, 0x07, 0x16, 0x00, 0x21, 0x98, 0xe0, 0x19, 0xaf, 0xfd, 0xcb, 0x00,
  0x4e, 0x20, 0x03, 0xfd, 0x7e, 0x05, 0xfd, 0x86, 0x06, 0x71, 0x23, 0xd6,
  0x18, 0x28, 0x02, 0x30, 0xf8, 0x01, 0x0a, 0x00, 0xfd, 0x09, 0xc1, 0x0c,
  0x10, 0xd8, 0xfd, 0x21, 0x08, 0xe2, 0xfd, 0x46, 0x00, 0xfd, 0x23, 0x0e,
  0x0e, 0xc5, 0xfd, 0x5e, 0x07, 0x16, 0x00, 0x21, 0x98, 0xe0, 0x19, 0xfd,
  0x7e, 0x05, 0xcb, 0x3f, 0xcb, 0x3f, 0xcb, 0x3f, 0xcb, 0x3f, 0xfd, 0x86,
  0x06, 0x47, 0x11, 0x0a, 0x00, 0x71, 0x19, 0x10, 0xfc, 0x01, 0x0a, 0x00,
  0xfd, 0x09, 0xc1, 0x0c, 0x10, 0xd7, 0xc9, 0x21, 0x68, 0x0a, 0x11, 0x14,
  0xed, 0x06, 0x38, 0xcd, 0x30, 0xa6, 0xcd, 0x60, 0x94, 0xb7, 0xc8, 0x3d,
  0xfe, 0x03, 0xd0, 0x32, 0x85, 0xe0, 0x21, 0x38, 0xe1, 0xcb, 0x8e, 0x21,
  0xa1, 0xa4, 0xcd, 0xde, 0x85, 0x21, 0x94, 0xe0, 0x36, 0x06, 0x3a, 0x85,
  0xe0, 0xb7, 0x28, 0x0f, 0xcd, 0x9e, 0x93, 0x01, 0xa2, 0x01, 0xcd, 0xe8,
  0x84, 0xcd, 0x92, 0x93, 0xc3, 0xa2, 0x8e, 0xcd, 0x92, 0x93, 0x3e, 0x03,
  0xcd, 0xcc, 0x85, 0xc3, 0xa9, 0xb8, 0x21, 0x60, 0x0a, 0x11, 0x58, 0x00,
  0x3e, 0x00, 0xcd, 0x42, 0x80, 0xc9, 0x3a, 0x85, 0xe0, 0x5f, 0x16, 0x00,
  0x21, 0xd1, 0xa9, 0x19, 0x7e, 0x32, 0x91, 0xe0, 0x32, 0x17, 0xe0, 0x11,
  0x03, 0x00, 0x19, 0x7e, 0x32, 0x90, 0xe0, 0x32, 0x16, 0xe0, 0xc9, 0xcd,
  0xd2, 0x93, 0x3a, 0x91, 0xe0, 0x3d, 0xc8, 0x47, 0xc5, 0x2a, 0x86, 0xe0,
  0x11, 0x8f, 0xe0, 0xcd, 0x15, 0xb8, 0xc1, 0x10, 0xf3, 0xc9, 0x21, 0x05,
  0x00, 0x11, 0x01, 0x75, 0x3a, 0x88, 0xe0, 0xfe, 0x02, 0x28, 0x06, 0x21,
  0x02, 0x50, 0x11, 0x01, 0x25, 0x22, 0x8e, 0xe0, 0xed, 0x53, 0x86, 0xe0,
  0xc9, 0x21, 0x68, 0x0a, 0x11, 0x94, 0xed, 0x06, 0x20, 0xcd, 0x30, 0xa6,
  0x21, 0x88, 0x0a, 0x11, 0x34, 0xed, 0x06, 0x18, 0xcd, 0x30, 0xa6, 0xcd,
  0x60, 0x94, 0xb7, 0xc8, 0x3d, 0xfe, 0x03, 0xd0, 0x21, 0x4b, 0x93, 0xcd,
  0xde, 0x85, 0x32, 0x88, 0xe0, 0xb7, 0x28, 0x22, 0xfe, 0x01, 0x3e, 0x0c,
  0x28, 0x02, 0x3e, 0x09, 0x32, 0x89, 0xe0, 0xcd, 0xd2, 0x93, 0x3e, 0x03,
  0x32, 0x92, 0xe0, 0xcd, 0x67, 0x8f, 0xcd, 0xd3, 0x8a, 0xcd, 0xd0, 0x88,
  0xcd, 0xec, 0xb7, 0xc3, 0x02, 0xb8, 0x21, 0x38, 0xe1, 0xcb, 0xc6, 0xc9,
  0xcd, 0x60, 0x94, 0xb7, 0xc8, 0x3d, 0xfe, 0x02, 0xd0, 0x32, 0x84, 0xe0,
  0xb7, 0x28, 0x05, 0x3e, 0x03, 0x32, 0x18, 0xe0, 0x21, 0xed, 0x93, 0xcd,
  0xde, 0x85, 0xcd, 0x8a, 0xb8, 0xc3, 0x92, 0x93, 0x21, 0x7e, 0xe0, 0xcd,
  0x76, 0x94, 0xfe, 0x0f, 0xca, 0x72, 0x94, 0xcb, 0x46, 0x20, 0x05, 0xcb,
  0xc6, 0xc9, 0xcb, 0x86, 0xd1, 0xc9, 0x3a, 0x83, 0xe0, 0xb7, 0x3a, 0x08,
  0xe0, 0xc8, 0x3a, 0x0d, 0xe0, 0xc9, 0x04, 0x00, 0x43, 0x03, 0x04, 0x08,
  0x05, 0x00, 0x41, 0xf0, 0x08, 0x00, 0x41, 0x7f, 0x03, 0x00, 0x45, 0x02,
  0x04, 0x08, 0x10, 0xe0, 0x04, 0x00, 0x44, 0x07, 0x0f, 0x1c, 0x38, 0x05,
  0x70, 0x42, 0x7f, 0x7f, 0x05, 0x00, 0x42, 0xfe, 0xfe, 0x05, 0x0e, 0x44,
  0x1c, 0x38, 0xf0, 0xe0, 0x08, 0x00, 0x41, 0x01, 0x06, 0x00, 0x44, 0x02,
  0x04, 0x08, 0x10, 0x05, 0x00, 0x49, 0x7f, 0x00, 0x00, 0x20, 0x40, 0x80,
  0x00, 0x20, 0xc0, 0x05, 0x00, 0x4a, 0x01, 0x01, 0x00, 0x01, 0x03, 0x07,
  0x0f, 0x1f, 0x7f, 0x7f, 0x05, 0x00, 0x4b, 0x7e, 0xfe, 0xfc, 0xf8, 0xf0,
  0xe0, 0xc0, 0x80, 0x00, 0xe0, 0xc0, 0x07, 0x00, 0x42, 0x03, 0x1c, 0x06,
  0x00, 0x52, 0xf0, 0x00, 0x00, 0x06, 0x00, 0x00, 0x01, 0x00, 0x00, 0x7f,
  0x00, 0x00, 0x18, 0x60, 0x80, 0x08, 0x10, 0xe0, 0x04, 0x00, 0x43, 0x07,
  0x0f, 0x1c, 0x03, 0x00, 0x45, 0x03, 0x0f, 0x3e, 0x7f, 0x7f, 0x05, 0x00,
  0x4b, 0xfe, 0xfe, 0x0e, 0x0e, 0x3e, 0xf8, 0xe0, 0x80, 0x00, 0xf0, 0xe0,
  0x07, 0x00, 0x42, 0x01, 0x0e, 0x06, 0x00, 0x41, 0xf0, 0x08, 0x00, 0x49,
  0x7f, 0x00, 0x00, 0xe0, 0x02, 0x04, 0x08, 0x10, 0xe0, 0x04, 0x00, 0x43,
  0x07, 0x0f, 0x0e, 0x05, 0x00, 0x43, 0x70, 0x7f, 0x7f, 0x05, 0x00, 0x4b,
  0xfe, 0xfe, 0x0e, 0x0e, 0x7e, 0xfe, 0x1e, 0x3c, 0x78, 0xf0, 0xe0, 0x06,
  0x00, 0x44, 0x01, 0x02, 0x04, 0x08, 0x0a, 0x00, 0x41, 0x7f, 0x03, 0x00,
  0x41, 0x01, 0x03, 0x00, 0x45, 0xc2, 0x04, 0x08, 0x10, 0xe0, 0x04, 0x00,
  0x47, 0x07, 0x0e, 0x1c, 0x38, 0x70, 0x7f, 0x7f, 0x03, 0x00, 0x41, 0x01,
  0x05, 0x00, 0x05, 0x0e, 0x46, 0xfe, 0xfe, 0x3c, 0x78, 0xf0, 0xe0, 0x07,
  0x00, 0x42, 0x03, 0x04, 0x06, 0x00, 0x41, 0xfe, 0x03, 0x00, 0x41, 0x7f,
  0x04, 0x00, 0x49, 0x7f, 0x00, 0x00, 0xe0, 0x02, 0x04, 0x08, 0x10, 0xe0,
  0x04, 0x00, 0x46, 0x07, 0x0f, 0x1c, 0x38, 0x7f, 0x7f, 0x03, 0x00, 0x42,
  0x7f, 0x7f, 0x05, 0x00, 0x4b, 0xfe, 0xfe, 0x00, 0x00, 0xfe, 0xfe, 0x1e,
  0x3c, 0x78, 0xf0, 0xe0, 0x07, 0x00, 0x42, 0x01, 0x02, 0x06, 0x00, 0x41,
  0xfe, 0x03, 0x00, 0x41, 0x07, 0x04, 0x00, 0x49, 0x7f, 0x00, 0x00, 0xe0,
  0x02, 0x04, 0x08, 0x10, 0xe0, 0x04, 0x00, 0x46, 0x07, 0x0f, 0x1e, 0x3c,
  0x7f, 0x7f, 0x03, 0x78, 0x42, 0x7f, 0x7f, 0x05, 0x00, 0x4b, 0xfe, 0xfe,
  0x00, 0x00, 0xfe, 0xfe, 0x1e, 0x1c, 0x38, 0xf0, 0xe0, 0x07, 0x00, 0x42,
  0x01, 0x1e, 0x06, 0x00, 0x44, 0xe0, 0x00, 0x02, 0x04, 0x05, 0x00, 0x48,
  0x1f, 0x00, 0x00, 0x08, 0x10, 0x20, 0x40, 0x80, 0x05, 0x00, 0x43, 0x07,
  0x0f, 0x1e, 0x03, 0x00, 0x45, 0x01, 0x03, 0x07, 0x0f, 0x1f, 0x05, 0x00,
  0x4a, 0xfe, 0xfe, 0x1e, 0x3e, 0x7c, 0xf8, 0xf0, 0xe0, 0xc0, 0x80, 0x08,
  0x00, 0x41, 0x01, 0x07, 0x00, 0x45, 0xf0, 0x00, 0x02, 0x00, 0x0f, 0x04,
  0x00, 0x49, 0x7f, 0x00, 0x00, 0xe0, 0x00, 0x04, 0x08, 0x10, 0xe0, 0x04,
  0x00, 0x46, 0x07, 0x0f, 0x1e, 0x1c, 0x1f, 0x3f, 0x03, 0x70, 0x42, 0x7f,
  0x7f, 0x05, 0x00, 0x4b, 0xfe, 0xfe, 0x0e, 0x1e, 0xfc, 0xfc, 0x1c, 0x3c,
  0x78, 0xf0, 0xe0, 0x07, 0x00, 0x42, 0x01, 0x02, 0x06, 0x00, 0x41, 0xe0,
  0x03, 0x00, 0x41, 0x7f, 0x04, 0x00, 0x49, 0x7f, 0x00, 0x00, 0xc0, 0x02,
  0x04, 0x08, 0x10, 0xe0, 0x04, 0x00, 0x46, 0x07, 0x0f, 0x1e, 0x3c, 0x7f,
  0x7f, 0x03, 0x00, 0x42, 0x7f, 0x7f, 0x05, 0x00, 0x4b, 0xfe, 0xfe, 0x1e,
  0x1e, 0xfe, 0xfe, 0x3e, 0x7c, 0xf8, 0xf0, 0xe0, 0x03, 0x00, 0x00, 0x01,
  0x02, 0x00, 0xcd, 0xe8, 0x84, 0x01, 0xe2, 0x01, 0xcd, 0xe8, 0x84, 0x01,
  0xff, 0x03, 0xcd, 0xe8, 0x84, 0x01, 0x03, 0x04, 0xcd, 0xe8, 0x84, 0x01,
  0xa2, 0x01, 0xcd, 0xe8, 0x84, 0xed, 0x5f, 0x32, 0x14, 0xe1, 0x11, 0x5c,
  0xe1, 0x21, 0x62, 0x97, 0x01, 0x05, 0x00, 0xed, 0xb0, 0xcd, 0x37, 0x97,
  0x21, 0x82, 0x02, 0xcd, 0x6c, 0x8c, 0x21, 0x5b, 0x8b, 0x1e, 0x0a, 0x06,
  0x05, 0xed, 0xb3, 0xaf, 0xed, 0x79, 0xed, 0x79, 0xed, 0x79, 0x1d, 0x20,
  0xf2, 0x21, 0xd8, 0x02, 0x11, 0x04, 0xed, 0x06, 0x10, 0xcd, 0x30, 0xa6,
  0xcd, 0xec, 0xb7, 0xcd, 0x02, 0xb8, 0x21, 0x79, 0x9a, 0xcd, 0x4a, 0xa0,
  0x21, 0xc2, 0x9a, 0xcd, 0x4a, 0xa0, 0x21, 0x02, 0x9b, 0xcd, 0x4a, 0xa0,
  0x21, 0x4f, 0x9b, 0xcd, 0x4a, 0xa0, 0x3e, 0x01, 0x32, 0x7b, 0xe0, 0x32,
  0x92, 0xe0, 0xcd, 0x7f, 0x87, 0x3e, 0x04, 0x32, 0x93, 0xe0, 0x32, 0x19,
  0xe0, 0xcd, 0xcb, 0x85, 0x21, 0x60, 0x3f, 0x11, 0x84, 0xed, 0x06, 0x08,
  0xcd, 0x30, 0xa6, 0x21, 0x80, 0x3f, 0x11, 0xf4, 0xec, 0x06, 0x10, 0xcd,
  0x30, 0xa6, 0x21, 0x00, 0x3f, 0x11, 0xf4, 0xec, 0x06, 0x08, 0xcd, 0x30,
  0xa6, 0x3e, 0x02, 0x32, 0x94, 0xe0, 0x3e, 0xf0, 0x32, 0x2b, 0xe1, 0x21,
  0x38, 0xe1, 0xc9, 0x06, 0x03, 0x21, 0x00, 0x18, 0xc5, 0xe5, 0xaf, 0xf5,
  0xe5, 0x11, 0x01, 0x00, 0xcd, 0x42, 0x80, 0xe1, 0x23, 0xf1, 0x3c, 0x20,
  0xf2, 0xe1, 0x11, 0x00, 0x01, 0x19, 0xc1, 0x10, 0xe7, 0xc9, 0x5c, 0xe1,
  0x61, 0xe1, 0x66, 0xe1, 0x6b, 0xe1, 0x70, 0xe1, 0x75, 0xe1, 0x01, 0x07,
  0x01, 0xf0, 0x87, 0x01, 0x01, 0x05, 0xa1, 0xa4, 0x09, 0x03, 0x40, 0x96,
  0x8c, 0x01, 0x20, 0x05, 0x33, 0x9e, 0x00, 0x05, 0x05, 0xa2, 0xb6, 0x01,
  0x01, 0xc4, 0x58, 0xb1, 0xa7, 0x18, 0xf4, 0x0e, 0xa7, 0x30, 0xf8, 0x0e,
  0xa7, 0x40, 0xfc, 0x0e, 0xb1, 0x18, 0xe8, 0x08, 0xaf, 0x98, 0xec, 0x06,
  0xb1, 0x32, 0x00, 0x00, 0xb1, 0x32, 0x00, 0x00, 0xb1, 0x32, 0x00, 0x00,
  0xb1, 0x32, 0x00, 0x00, 0xa7, 0x28, 0x00, 0x00, 0xa7, 0x32, 0x00, 0x00,
  0xa7, 0x28, 0xf0, 0x0b, 0xaf, 0x34, 0x00, 0x0e, 0x00, 0x00, 0x04, 0x01,
  0x00, 0x00, 0x08, 0x06, 0x00, 0x00, 0x0c, 0x0b, 0x00, 0x00, 0x10, 0x01,
  0x00, 0x00, 0x14, 0x0f, 0x00, 0x00, 0x18, 0x0f, 0x00, 0x00, 0x1c, 0x06,
  0x47, 0x01, 0x03, 0x07, 0x0f, 0x1f, 0x3f, 0x7f, 0x07, 0xff, 0x03, 0x00,
  0x47, 0x04, 0x3e, 0x48, 0x7c, 0x24, 0xf8, 0x40, 0x06, 0x00, 0x5a, 0x20,
  0x00, 0x83, 0x83, 0x82, 0x83, 0x82, 0x82, 0xf3, 0xf3, 0xc8, 0xc8, 0x0c,
  0x87, 0x07, 0x03, 0xc3, 0xc3, 0x4f, 0x4f, 0xc8, 0x8e, 0x88, 0x08, 0x0f,
  0x0f, 0x06, 0x20, 0x43, 0x3c, 0x3c, 0x18, 0x05, 0x08, 0x42, 0x3e, 0x3e,
  0x03, 0x00, 0x41, 0x3c, 0x04, 0x00, 0x49, 0x3c, 0x3c, 0x04, 0x0c, 0x04,
  0x04, 0x3c, 0x3c, 0x03, 0x03, 0x02, 0x41, 0x03, 0x03, 0x02, 0x41, 0x88,
  0x04, 0xc8, 0x61, 0x08, 0x0f, 0x0f, 0x08, 0x1c, 0x1c, 0x36, 0x36, 0x3e,
  0x36, 0x36, 0xd3, 0xd3, 0xd2, 0xf3, 0x22, 0x22, 0x23, 0x23, 0xce, 0xcb,
  0x0b, 0x8b, 0x0b, 0x0e, 0xcb, 0xc9, 0x3c, 0x3c, 0x20, 0x3c, 0x04, 0x04,
  0x04, 0x3c, 0x4b, 0x04, 0x3c, 0x20, 0x20, 0x3c, 0x3c, 0x06, 0x0d, 0x1b,
  0x16, 0x0f, 0x05, 0x00, 0x48, 0x02, 0x06, 0x00, 0x1e, 0x3e, 0x00, 0xf9,
  0xf9, 0x04, 0x20, 0x58, 0x21, 0x21, 0xf3, 0xf3, 0x43, 0x43, 0x42, 0x42,
  0xf2, 0xf2, 0x19, 0xb9, 0xf9, 0xf9, 0xe9, 0x49, 0x09, 0x09, 0xf0, 0xf0,
  0x00, 0xc0, 0x00, 0x00, 0x02, 0xf0, 0x00, 0x46, 0x00, 0xf8, 0x88, 0x81,
  0x89, 0xf9, 0x0e, 0x00, 0x4e, 0xe7, 0x24, 0xe7, 0x04, 0x04, 0x00, 0x00,
  0x03, 0x07, 0x0d, 0x19, 0x3f, 0x61, 0xc1, 0x03, 0x00, 0x4a, 0xb6, 0x92,
  0x9e, 0x02, 0x1e, 0x00, 0x00, 0x1f, 0x00, 0x3c, 0x03, 0x20, 0x47, 0x3c,
  0x00, 0x02, 0x00, 0x72, 0x42, 0x42, 0x04, 0x00, 0x42, 0xff, 0x80, 0x05,
  0x88, 0x57, 0x00, 0x01, 0x01, 0x79, 0x49, 0x79, 0x08, 0x78, 0x00, 0x00,
  0x83, 0x86, 0x8c, 0x98, 0xb0, 0xe0, 0xc0, 0x00, 0x02, 0x0f, 0xe2, 0x22,
  0x23, 0x04, 0x00, 0x4d, 0xff, 0x00, 0x8f, 0x88, 0x8f, 0x81, 0x8f, 0x00,
  0x01, 0x83, 0x01, 0x01, 0x83, 0x04, 0x00, 0x42, 0xf0, 0x00, 0x05, 0x11,
  0x46, 0x00, 0x1e, 0x12, 0x1e, 0x02, 0x9e, 0x06, 0x00, 0x41, 0xf1, 0x03,
  0x11, 0x47, 0xf1, 0x00, 0x3c, 0x24, 0x3c, 0x24, 0x3c, 0x06, 0x00, 0x4b,
  0x10, 0x90, 0x50, 0x30, 0x10, 0x00, 0x78, 0x40, 0x78, 0x08, 0x78, 0x0b,
  0x00, 0x0a, 0x18, 0x47, 0x06, 0x08, 0x0a, 0x0a, 0x0c, 0x02, 0x05, 0x00,
  0x00, 0x00, 0x08, 0x03, 0x20, 0x03, 0x38, 0x03, 0x50, 0x03, 0x68, 0x03,
  0x80, 0x03, 0x98, 0x03, 0xb0, 0x03, 0xc8, 0x03, 0xe0, 0x03, 0xf8, 0x04,
  0x10, 0x05, 0x28, 0x05, 0x40, 0x05, 0x58, 0x05, 0x70, 0x05, 0x88, 0x05,
  0xa0, 0x05, 0xb8, 0x05, 0xd0, 0x05, 0xe8, 0x05, 0x00, 0x07, 0x18, 0x07,
  0x30, 0x07, 0x48, 0x07, 0x60, 0x07, 0x78, 0x07, 0x90, 0x07, 0xa8, 0x07,
  0xc0, 0x07, 0xd8, 0x07, 0xf0, 0x07, 0x00, 0x03, 0x07, 0x0b, 0x0f, 0x13,
  0x17, 0x1b, 0x1f, 0x23, 0x27, 0x00, 0x04, 0x08, 0x0c, 0x10, 0x14, 0x18,
  0x1c, 0x20, 0x24, 0x28, 0x01, 0x05, 0x09, 0x0d, 0x11, 0x15, 0x19, 0x1d,
  0x21, 0x25, 0x29, 0x02, 0x06, 0x0a, 0x0e, 0x12, 0x16, 0x1a, 0x1e, 0x22,
  0x26, 0x00, 0x10, 0x11, 0x12, 0x13, 0x14, 0x15, 0x16, 0x17, 0x18, 0x19,
  0x20, 0x21, 0x22, 0x23, 0x24, 0x25, 0x26, 0x27, 0x28, 0x29, 0x2a, 0x31,
  0x32, 0x33, 0x34, 0x35, 0x36, 0x37, 0x38, 0x39, 0x3a, 0x3b, 0x42, 0x43,
  0x44, 0x45, 0x46, 0x47, 0x48, 0x49, 0x4a, 0x4b, 0x52, 0x53, 0x54, 0x55,
  0x56, 0x57, 0x58, 0x59, 0x5a, 0x5b, 0x5c, 0x63, 0x64, 0x65, 0x66, 0x67,
  0x68, 0x69, 0x6a, 0x6b, 0x6c, 0x6d, 0x74, 0x75, 0x76, 0x77, 0x78, 0x79,
  0x7a, 0x7b, 0x7c, 0x7d, 0x84, 0x85, 0x86, 0x87, 0x88, 0x89, 0x8a, 0x8b,
  0x8c, 0x8d, 0x8e, 0x95, 0x96, 0x97, 0x10, 0x00, 0x22, 0x00, 0x06, 0x74,
  0x00, 0x00, 0x28, 0x00, 0x08, 0x74, 0x00, 0x00, 0x30, 0x00, 0x03, 0x74,
  0x00, 0x00, 0x03, 0x00, 0x05, 0x00, 0x00, 0x00, 0x08, 0x00, 0x08, 0x00,
  0x00, 0x00, 0x10, 0x00, 0x03, 0x00, 0x00, 0x00, 0x20, 0x60, 0x00, 0x66,
  0x00, 0x60, 0x20, 0xa0, 0x00, 0x16, 0x00, 0x00, 0x21, 0x50, 0x00, 0x88,
  0x00, 0x00, 0x22, 0x00, 0x01, 0x44, 0x00, 0x50, 0x21, 0xb0, 0x00, 0x18,
  0x00, 0x20, 0x37, 0xe0, 0x00, 0x18, 0x00, 0x50, 0x18, 0x0e, 0x00, 0x4f,
  0x00, 0x80, 0x22, 0x58, 0x00, 0xf6, 0x00, 0xd0, 0x22, 0x18, 0x00, 0x16,
  0x00, 0xa8, 0x20, 0x08, 0x00, 0xf6, 0x00, 0x05, 0xed, 0x8b, 0x38, 0x00,
  0x61, 0x08, 0x98, 0xe0, 0x40, 0x00, 0x66, 0x08, 0x98, 0xe0, 0x48, 0x00,
  0x66, 0x08, 0xf5, 0x8b, 0x48, 0x01, 0x69, 0x08, 0xf5, 0x8b, 0x48, 0x02,
  0x94, 0x08, 0x05, 0xed, 0x8b, 0xe8, 0x0d, 0x64, 0x06, 0x98, 0xe0, 0xe8,
  0x0e, 0x66, 0x05, 0x98, 0xe0, 0xf0, 0x0e, 0x66, 0x05, 0xf5, 0x8b, 0xf8,
  0x0e, 0x69, 0x09, 0xf5, 0x8b, 0xf8, 0x0f, 0x91, 0x09, 0x00, 0x38, 0x46,
  0x00, 0x00, 0x0f, 0x1f, 0x1f, 0x0f, 0x0c, 0x00, 0x45, 0x78, 0x7c, 0xbe,
  0xde, 0x1e, 0x12, 0x00, 0x41, 0x02, 0x0f, 0x00, 0x41, 0x40, 0x0c, 0x00,
  0x47, 0x03, 0x04, 0x06, 0x02, 0x00, 0x07, 0x08, 0x06, 0x00, 0x56, 0x80,
  0x40, 0x20, 0xe0, 0x3e, 0x5e, 0x5e, 0x16, 0xcc, 0xe8, 0x68, 0x60, 0x00,
  0x03, 0x01, 0x01, 0x0f, 0x00, 0x07, 0x0f, 0x0f, 0x01, 0x07, 0x00, 0x49,
  0xc0, 0xa0, 0xa0, 0xe8, 0x30, 0x10, 0x90, 0x80, 0xc0, 0x00, 0x00, 0x39,
  0x49, 0x00, 0x00, 0x00, 0x1f, 0x3f, 0x7f, 0x7f, 0x7f, 0x3f, 0x08, 0x00,
  0x47, 0xf0, 0xf8, 0x78, 0xb8, 0xb0, 0xa0, 0x80, 0x2a, 0x00, 0x41, 0x03,
  0x06, 0x00, 0x04, 0x3f, 0x41, 0x1f, 0x05, 0x00, 0x4c, 0x80, 0x40, 0x40,
  0x40, 0x60, 0x80, 0xa0, 0x80, 0x30, 0x20, 0x60, 0x60, 0x08, 0x00, 0x42,
  0x03, 0x03, 0x08, 0x00, 0x48, 0x60, 0x40, 0x70, 0xc0, 0xd0, 0x90, 0x90,
  0x80, 0x00, 0x00, 0x3a, 0x48, 0x00, 0x00, 0x1f, 0x3f, 0x7f, 0x7e, 0x7d,
  0x7c, 0x0a, 0x00, 0x45, 0x30, 0x78, 0x78, 0xf0, 0xe0, 0x12, 0x00, 0x41,
  0x01, 0x0f, 0x00, 0x41, 0x20, 0x0b, 0x00, 0x4a, 0x01, 0x02, 0x03, 0x7d,
  0x79, 0x60, 0x60, 0x38, 0x19, 0x01, 0x04, 0x00, 0x56, 0x80, 0x80, 0x00,
  0x00, 0xe0, 0x20, 0x20, 0x00, 0x70, 0xd0, 0x80, 0x80, 0x00, 0x00, 0x02,
  0x06, 0x1f, 0x1f, 0x07, 0x06, 0x06, 0x03, 0x08, 0x00, 0x48, 0xc0, 0xc0,
  0xf0, 0x80, 0x20, 0x70, 0x70, 0x80, 0x00, 0x00, 0x3b, 0x47, 0x00, 0x00,
  0x1c, 0x3d, 0x3b, 0x3b, 0x1d, 0x0b, 0x00, 0x46, 0xf0, 0xf8, 0xfc, 0xfc,
  0xfc, 0xf8, 0x2b, 0x00, 0x4c, 0x02, 0x04, 0x04, 0x02, 0x07, 0x01, 0x04,
  0x00, 0x08, 0x0c, 0x06, 0x06, 0x08, 0x00, 0x52, 0x04, 0xfc, 0xfc, 0x7c,
  0xfc, 0xf8, 0xf0, 0x00, 0x00, 0x00, 0x06, 0x03, 0x1f, 0x07, 0x13, 0x19,
  0x19, 0x01, 0x0a, 0x00, 0x46, 0x80, 0x00, 0x00, 0x00, 0xc0, 0xc0, 0x00,
  0x00, 0x13, 0x16, 0xff, 0x4a, 0x80, 0x7f, 0xff, 0xf3, 0xe1, 0xc0, 0x1e,
  0x1a, 0x1b, 0x1e, 0x06, 0xff, 0x4c, 0x0f, 0xef, 0xff, 0xff, 0xfe, 0xfc,
  0xf8, 0xf0, 0xe0, 0xc0, 0xff, 0xff, 0x06, 0x00, 0x42, 0xff, 0xff, 0x06,
  0x00, 0x42, 0xff, 0xff, 0x06, 0x00, 0x42, 0xff, 0xff, 0x06, 0x00, 0x1a,
  0xff, 0x46, 0x03, 0x04, 0x09, 0x13, 0x27, 0x4f, 0x2c, 0xff, 0x04, 0x1f,
  0x0e, 0xff, 0x4a, 0xfe, 0xfc, 0xff, 0xff, 0xff, 0x08, 0x90, 0x27, 0x47,
  0x8f, 0x0e, 0xff, 0x4a, 0xfc, 0xf0, 0xff, 0xff, 0xfc, 0x08, 0x10, 0x20,
  0x40, 0x80, 0x28, 0xff, 0x08, 0xfc, 0x08, 0xff, 0x42, 0xfe, 0xfd, 0x04,
  0xfb, 0x5a, 0xf8, 0xff, 0x0f, 0x03, 0x1e, 0x0c, 0xf8, 0xff, 0x00, 0xff,
  0x16, 0x18, 0x1e, 0x0c, 0xff, 0xff, 0x00, 0xff, 0xef, 0xef, 0xef, 0xdf,
  0xbf, 0x7f, 0xff, 0xff, 0x08, 0x80, 0x19, 0x00, 0x47, 0x01, 0x03, 0x07,
  0x0f, 0x1f, 0x3f, 0x7f, 0x11, 0xff, 0x4a, 0x01, 0x02, 0x04, 0x09, 0x13,
  0x27, 0x4f, 0x9f, 0x3f, 0x7f, 0x2d, 0xff, 0x08, 0x1f, 0x06, 0xff, 0x62,
  0xfe, 0xfc, 0xf9, 0xf2, 0xe4, 0xc8, 0x90, 0x20, 0x40, 0x80, 0x0f, 0x1f,
  0x1f, 0x3f, 0x3f, 0x7f, 0x7c, 0xf0, 0xff, 0xff, 0xfc, 0xf0, 0xc0, 0xff,
  0xff, 0xff, 0xc1, 0x02, 0x04, 0x08, 0x10, 0x20, 0x40, 0x80, 0x30, 0xff,
  0x08, 0xfc, 0x2c, 0xff, 0x42, 0x0c, 0xf3, 0x2b, 0xff, 0x4a, 0x01, 0x02,
  0x04, 0x09, 0x13, 0x27, 0x4f, 0x9f, 0x3f, 0x7f, 0x35, 0xff, 0x06, 0x1f,
  0x4a, 0x1e, 0x1c, 0xf9, 0xf2, 0xe4, 0xc8, 0x90, 0x20, 0x7f, 0x80, 0x08,
  0xff, 0x41, 0xc0, 0x07, 0xff, 0x48, 0x01, 0x02, 0x04, 0x08, 0x10, 0x20,
  0xc0, 0x80, 0x38, 0xff, 0x08, 0xfc, 0x28, 0xff, 0x42, 0x30, 0xcf, 0x27,
  0xff, 0x4a, 0x01, 0x02, 0x04, 0x08, 0x1f, 0xff, 0xff, 0x9f, 0x3f, 0x7f,
  0x38, 0xff, 0x05, 0xff, 0x4c, 0x19, 0x12, 0x04, 0x09, 0x10, 0xff, 0xff,
  0xff, 0x39, 0x43, 0x85, 0xf9, 0x04, 0xff, 0x44, 0x25, 0x45, 0x95, 0x15,
  0x04, 0xff, 0x46, 0x51, 0x52, 0x44, 0x48, 0x10, 0xe0, 0x38, 0xff, 0x0a,
  0xff, 0x08, 0xfc, 0x00, 0x00, 0x33, 0x16, 0x60, 0x42, 0x69, 0x69, 0x04,
  0x60, 0x44, 0xf6, 0xf6, 0xf9, 0xf6, 0x06, 0x60, 0x0a, 0x69, 0x20, 0x68,
  0x1a, 0x60, 0x06, 0xf6, 0x44, 0x60, 0x60, 0xf0, 0x6f, 0x04, 0x5f, 0x44,
  0x60, 0x60, 0xf0, 0x6f, 0x04, 0x5f, 0x44, 0x60, 0x60, 0xf0, 0x6f, 0x04,
  0x5f, 0x44, 0x60, 0x60, 0xf0, 0x6f, 0x04, 0x5f, 0x44, 0x60, 0x60, 0xf0,
  0x6f, 0x04, 0x5f, 0x44, 0x60, 0x60, 0xf0, 0x60, 0x04, 0xf5, 0x44, 0x60,
  0x60, 0xf0, 0x60, 0x04, 0xf0, 0x4b, 0x60, 0x60, 0xf0, 0x60, 0xf0, 0xf0,
  0xf6, 0xf6, 0x60, 0x60, 0xf0, 0x05, 0xf6, 0x52, 0x60, 0x60, 0xf0, 0x60,
  0x60, 0xf6, 0xf6, 0xf6, 0x60, 0x60, 0xf0, 0x60, 0x60, 0xf6, 0xf6, 0xf6,
  0x60, 0x60, 0x06, 0xf6, 0x28, 0x60, 0x08, 0x64, 0x08, 0x60, 0x08, 0x69,
  0x05, 0xe6, 0x4b, 0x69, 0x99, 0x60, 0xf6, 0xf6, 0xf6, 0xe6, 0x60, 0x60,
  0x99, 0x60, 0x07, 0x69, 0x41, 0x60, 0x08, 0x69, 0x20, 0x68, 0x11, 0x60,
  0x07, 0xf6, 0x08, 0xf5, 0x28, 0x5f, 0x08, 0xf5, 0x05, 0x6f, 0x41, 0xf0,
  0x11, 0xf6, 0x41, 0x66, 0x05, 0xf6, 0x43, 0x60, 0x60, 0x60, 0x08, 0xf6,
  0x30, 0x60, 0x08, 0x64, 0x18, 0x60, 0x10, 0x16, 0x04, 0x60, 0x44, 0xb6,
  0x61, 0x60, 0x60, 0x20, 0x16, 0x09, 0x60, 0x0a, 0xf6, 0x05, 0xf0, 0x08,
  0xf5, 0x28, 0x5f, 0x08, 0xf5, 0x0d, 0xf6, 0x43, 0x66, 0xf0, 0x60, 0x05,
  0xf6, 0x43, 0x66, 0xf0, 0x60, 0x08, 0xf6, 0x38, 0x60, 0x08, 0x64, 0x18,
  0x60, 0x10, 0x16, 0x41, 0xb6, 0x07, 0x60, 0x20, 0x16, 0x41, 0x60, 0x05,
  0xf6, 0x4a, 0x60, 0x60, 0xf6, 0xf6, 0xf6, 0xf0, 0x60, 0xf0, 0x60, 0x60,
  0x04, 0xf0, 0x44, 0x60, 0xf0, 0x60, 0x60, 0x04, 0xf5, 0x44, 0x60, 0xf0,
  0x60, 0x60, 0x04, 0x5f, 0x44, 0x6f, 0xf0, 0x60, 0x60, 0x04, 0x5f, 0x44,
  0x6f, 0xf0, 0x60, 0x60, 0x04, 0x5f, 0x44, 0x6f, 0xf0, 0x60, 0x60, 0x04,
  0x5f, 0x44, 0x6f, 0xf0, 0x60, 0x60, 0x04, 0x5f, 0x44, 0x6f, 0xf0, 0x60,
  0x60, 0x04, 0xf5, 0x44, 0xf6, 0xf0, 0x60, 0x60, 0x04, 0xf6, 0x44, 0x60,
  0xf0, 0x60, 0x60, 0x04, 0xf6, 0x44, 0x60, 0xf0, 0x60, 0x60, 0x06, 0xf6,
  0x38, 0x60, 0x0a, 0x60, 0x08, 0x64, 0x00, 0x0e, 0x03, 0x21, 0x7b, 0xe1,
  0xcd, 0x06, 0x9e, 0x21, 0x08, 0xe2, 0x46, 0x23, 0x7e, 0xcb, 0x4f, 0x20,
  0x1c, 0xe6, 0x18, 0x28, 0x1f, 0x3a, 0x39, 0xe1, 0xb7, 0x20, 0x12, 0xcb,
  0x46, 0x28, 0x06, 0xcb, 0x76, 0x28, 0x08, 0x18, 0x08, 0xcb, 0x6e, 0x28,
  0x02, 0x18, 0x02, 0xcb, 0x89, 0x11, 0x0a, 0x00, 0x19, 0x10, 0xd9, 0xc9,
  0x0e, 0x00, 0xc9, 0xdd, 0x7e, 0x00, 0xcb, 0x77, 0x20, 0x38, 0xcb, 0x7f,
  0xc0, 0xed, 0x5b, 0x3a, 0xe1, 0x16, 0x00, 0x21, 0x44, 0xe1, 0x19, 0xcb,
  0x4e, 0xc8, 0xdd, 0xcb, 0x00, 0xf6, 0x3a, 0x37, 0xe1, 0xcb, 0x4f, 0x28,
  0x37, 0x21, 0xa8, 0x35, 0x11, 0x05, 0x00, 0x3e, 0x16, 0xcd, 0x42, 0x80,
  0x21, 0xb0, 0x35, 0x11, 0x05, 0x00, 0x3e, 0x16, 0xcd, 0x42, 0x80, 0x3e,
  0x15, 0xcd, 0xcc, 0x85, 0x18, 0x1a, 0xdd, 0xcb, 0x00, 0xb6, 0x21, 0xa8,
  0x35, 0x11, 0x05, 0x00, 0x3e, 0xf6, 0xcd, 0x42, 0x80, 0x21, 0xb0, 0x35,
  0x11, 0x05, 0x00, 0x3e, 0xf6, 0xcd, 0x42, 0x80, 0x3a, 0x39, 0xe1, 0xb7,
  0xc0, 0x18, 0x12, 0x3a, 0x3a, 0xe1, 0x3c, 0x11, 0xa0, 0x14, 0xcd, 0x45,
  0x8b, 0xcd, 0x14, 0xa0, 0x3a, 0x39, 0xe1, 0xb7, 0xc0, 0xfd, 0x21, 0x7c,
  0xe1, 0x3a, 0x11, 0xe1, 0xed, 0x4b, 0x7a, 0xe1, 0x80, 0x47, 0xc5, 0xcd,
  0x38, 0x9f, 0xcd, 0x72, 0x9f, 0xfd, 0x7e, 0x06, 0x0e, 0x0b, 0xfe, 0x48,
  0x30, 0x08, 0x0e, 0x07, 0xfe, 0x30, 0x30, 0x02, 0x0e, 0x03, 0xcd, 0x69,
  0x92, 0x30, 0x11, 0xfe, 0x01, 0x20, 0x09, 0x7a, 0x16, 0x71, 0xd6, 0x71,
  0x81, 0x4f, 0x18, 0x04, 0x3e, 0x9a, 0x92, 0x4f, 0x06, 0x02, 0xcd, 0x1b,
  0x9f, 0x11, 0x0a, 0x00, 0xfd, 0x19, 0xc1, 0x10, 0xc5, 0xfd, 0x21, 0x09,
  0xe2, 0xed, 0x4b, 0x07, 0xe2, 0xc5, 0xcd, 0x54, 0x9f, 0xcd, 0x72, 0x9f,
  0xfd, 0x7e, 0x06, 0x06, 0x02, 0xd6, 0x01, 0x28, 0x08, 0x06, 0x05, 0xd6,
  0x01, 0x28, 0x02, 0x06, 0x08, 0x0e, 0x03, 0xcd, 0x1b, 0x9f, 0x11, 0x0a,
  0x00, 0xfd, 0x19, 0xc1, 0x10, 0xdb, 0xc9, 0xc5, 0xd5, 0xcd, 0x9c, 0x9f,
  0xd1, 0xc1, 0x1c, 0xcd, 0x69, 0x92, 0xfe, 0x01, 0x28, 0x08, 0x15, 0xfe,
  0x02, 0x28, 0x06, 0x10, 0xea, 0xc9, 0x0d, 0x18, 0xfa, 0x0c, 0x18, 0xf7,
  0xfd, 0x7e, 0x07, 0xfd, 0xcb, 0x00, 0x46, 0xc8, 0xfd, 0xcb, 0x00, 0x4e,
  0xc0, 0xfd, 0x7e, 0x05, 0x06, 0x00, 0x04, 0xd6, 0x18, 0x20, 0xfb, 0x78,
  0xfd, 0x86, 0x07, 0xc9, 0xfd, 0x7e, 0x07, 0xfd, 0xcb, 0x00, 0x46, 0xc8,
  0xfd, 0xcb, 0x00, 0x4e, 0xc0, 0x6f, 0x26, 0x00, 0x11, 0x0a, 0x00, 0xfd,
  0x7e, 0x05, 0x3d, 0x19, 0xd6, 0x10, 0x20, 0xfb, 0x7d, 0xc9, 0xfe, 0x0b,
  0x20, 0x02, 0x3e, 0x0c, 0x4f, 0xcd, 0x5a, 0x8e, 0x7c, 0xd6, 0x03, 0xcb,
  0x3f, 0x5f, 0xaf, 0x06, 0x03, 0x83, 0x10, 0xfd, 0xc6, 0x9d, 0x5f, 0x79,
  0xd6, 0x2b, 0x38, 0x01, 0x4f, 0x06, 0x00, 0x21, 0x56, 0x99, 0x09, 0x7e,
  0xc6, 0x71, 0x57, 0xc9, 0xc5, 0x7b, 0xe6, 0x07, 0x6f, 0x7b, 0xcb, 0x3f,
  0xcb, 0x3f, 0xcb, 0x3f, 0x67, 0x7a, 0xcb, 0x3f, 0xcb, 0x3f, 0xcb, 0x3f,
  0xcb, 0x27, 0xcb, 0x27, 0xcb, 0x27, 0x4f, 0x06, 0x00, 0x09, 0x7a, 0xe6,
  0x07, 0x47, 0x3e, 0x08, 0x90, 0xc1, 0x47, 0xeb, 0xaf, 0x37, 0x0d, 0xf2,
  0xcd, 0x9f, 0xb7, 0x0e, 0x00, 0x17, 0x10, 0xf5, 0xc5, 0xcd, 0x78, 0x8c,
  0xed, 0x40, 0xa8, 0x47, 0x00, 0x00, 0xf5, 0xf1, 0xcd, 0x60, 0x8c, 0xed,
  0x41, 0xc1, 0x79, 0xb7, 0xc8, 0xcb, 0x3f, 0xcb, 0x3f, 0xcb, 0x3f, 0x3c,
  0x47, 0x26, 0x08, 0xaf, 0x37, 0x0d, 0xfa, 0xfa, 0x9f, 0xcb, 0x1f, 0x25,
  0x20, 0xf6, 0x21, 0x08, 0x00, 0x19, 0xeb, 0xc5, 0xcd, 0x78, 0x8c, 0xed,
  0x40, 0xa8, 0x47, 0x00, 0x00, 0xf5, 0xf1, 0xcd, 0x60, 0x8c, 0xed, 0x41,
  0xc1, 0x10, 0xda, 0xc9, 0x3a, 0x3b, 0xe1, 0x21, 0x3a, 0xe1, 0xbe, 0x20,
  0x16, 0x11, 0xab, 0x9a, 0x01, 0x01, 0x08, 0xc5, 0xd5, 0xcd, 0x9c, 0x9f,
  0xd1, 0xc1, 0x15, 0x1c, 0x0c, 0x10, 0xf4, 0x0d, 0xcd, 0x9c, 0x9f, 0x3a,
  0x3a, 0xe1, 0xb7, 0xc0, 0x11, 0x9c, 0x70, 0x01, 0x09, 0x09, 0xc5, 0xd5,
  0xcd, 0x9c, 0x9f, 0xd1, 0xc1, 0x1c, 0x0d, 0x10, 0xf5, 0xc9, 0x5e, 0x23,
  0x56, 0x7b, 0xd3, 0x99, 0x7a, 0xf6, 0x40, 0x57, 0xd3, 0x99, 0x23, 0x7e,
  0xe6, 0x3f, 0xc8, 0x47, 0xcb, 0x7e, 0x20, 0x18, 0xcb, 0x76, 0x23, 0x7e,
  0x20, 0x09, 0xd3, 0x98, 0x13, 0x00, 0x00, 0x10, 0xf9, 0x18, 0xe7, 0xd3,
  0x98, 0x13, 0x23, 0x7e, 0x10, 0xf9, 0x18, 0xdf, 0x83, 0x30, 0x01, 0x14,
  0x5f, 0x18, 0xce, 0x49, 0x01, 0x00, 0x00, 0x08, 0x18, 0x18, 0x00, 0x00,
  0xc0, 0x03, 0x00, 0x46, 0x40, 0xe0, 0xe0, 0x00, 0x02, 0x06, 0x06, 0x07,
  0x55, 0x06, 0x0e, 0x1c, 0x3c, 0x1c, 0x0c, 0x04, 0x00, 0x60, 0x40, 0xc0,
  0xa0, 0x00, 0x00, 0xe0, 0x60, 0x60, 0x7e, 0x3e, 0x1c, 0x1c, 0x07, 0x00,
  0x41, 0x01, 0x03, 0x03, 0x0c, 0x00, 0x45, 0x80, 0xe0, 0xf0, 0xf8, 0xf8,
  0x08, 0x00, 0x47, 0x07, 0x01, 0x01, 0x03, 0x03, 0x7e, 0x7c, 0x0a, 0x00,
  0x42, 0x80, 0x80, 0x0c, 0x00, 0x42, 0x05, 0x01, 0x0e, 0x00, 0x49, 0x90,
  0xb8, 0x3c, 0x0e, 0x1c, 0x10, 0x00, 0x00, 0x01, 0x04, 0x00, 0x44, 0x30,
  0x60, 0x60, 0xc0, 0x04, 0x00, 0x45, 0x0c, 0x1e, 0x06, 0x02, 0x06, 0x04,
  0x07, 0x47, 0x06, 0x0e, 0x1c, 0x1c, 0x1e, 0x3f, 0x3e, 0x03, 0x00, 0x43,
  0x60, 0x40, 0xc0, 0x03, 0xe0, 0x47, 0x60, 0x60, 0x70, 0x38, 0x3c, 0x3e,
  0x3c, 0x0a, 0x00, 0x43, 0x01, 0x03, 0x03, 0x0b, 0x00, 0x45, 0x41, 0xfe,
  0xfd, 0xfb, 0xf3, 0x0b, 0x00, 0x45, 0x42, 0xfe, 0xfc, 0xf8, 0xf0, 0x16,
  0x00, 0x44, 0x05, 0x09, 0x08, 0x18, 0x0c, 0x00, 0x44, 0x90, 0xb8, 0x3c,
  0x0c, 0x04, 0x00, 0x41, 0x01, 0x03, 0x00, 0x45, 0xc0, 0xe0, 0xc0, 0x00,
  0xc0, 0x03, 0x00, 0x46, 0x06, 0x0f, 0x03, 0x00, 0x02, 0x06, 0x03, 0x07,
  0x47, 0x1f, 0x1d, 0x18, 0x1c, 0x1e, 0x1e, 0x1c, 0x04, 0x00, 0x43, 0x60,
  0x40, 0xc0, 0x04, 0xe0, 0x03, 0x60, 0x45, 0xe0, 0xf0, 0x30, 0x10, 0x10,
  0x14, 0x00, 0x47, 0x01, 0x23, 0xff, 0xfb, 0x03, 0x03, 0x01, 0x0b, 0x00,
  0x46, 0xc0, 0xe8, 0xe8, 0xf8, 0xf0, 0xf0, 0x15, 0x00, 0x44, 0x05, 0x19,
  0x78, 0x20, 0x0c, 0x00, 0x43, 0x90, 0xbc, 0x3e, 0x05, 0x00, 0x41, 0x03,
  0x07, 0x00, 0x41, 0x80, 0x03, 0x00, 0x62, 0x30, 0x30, 0x60, 0x30, 0x04,
  0x09, 0x0e, 0x0c, 0x0e, 0x0f, 0x0f, 0x06, 0x06, 0x0e, 0x1c, 0x04, 0x02,
  0x02, 0x00, 0x00, 0xc0, 0x80, 0x00, 0x40, 0x00, 0x00, 0xc0, 0xf0, 0x38,
  0x18, 0x1c, 0x1e, 0x1e, 0x1c, 0x16, 0x00, 0x45, 0x38, 0x3c, 0x3d, 0x1f,
  0x0f, 0x08, 0x00, 0x48, 0x07, 0x07, 0x03, 0x01, 0x01, 0x03, 0x8e, 0x80,
  0x09, 0x00, 0x04, 0x80, 0x0a, 0x00, 0x45, 0x0b, 0x16, 0x11, 0x13, 0x01,
  0x0c, 0x00, 0x48, 0x60, 0xe0, 0x80, 0xc0, 0x80, 0x00, 0x00, 0x03, 0x07,
  0x00, 0x41, 0x80, 0x05, 0x00, 0x44, 0x0c, 0x0c, 0x04, 0x09, 0x05, 0x0f,
  0x4a, 0x0c, 0x0c, 0x1c, 0x1c, 0x38, 0x78, 0xf9, 0xf1, 0x00, 0xc0, 0x03,
  0x00, 0x03, 0x80, 0x42, 0xc0, 0x60, 0x03, 0x70, 0x43, 0xf8, 0xf8, 0xf0,
  0x08, 0x00, 0x42, 0x01, 0x01, 0x0b, 0x00, 0x45, 0x07, 0x07, 0x06, 0x0c,
  0xf9, 0x0b, 0x00, 0x45, 0x0f, 0x07, 0x07, 0x0e, 0xfc, 0x0b, 0x00, 0x42,
  0x80, 0x80, 0x0a, 0x00, 0x46, 0x0b, 0x36, 0x70, 0x70, 0x30, 0x10, 0x0b,
  0x00, 0x03, 0xe0, 0x45, 0x70, 0x30, 0x10, 0x00, 0x03, 0x04, 0x00, 0x44,
  0x60, 0xe0, 0xc0, 0x80, 0x03, 0x00, 0x46, 0x0c, 0x1e, 0x06, 0x00, 0x04,
  0x09, 0x05, 0x0f, 0x44, 0x0d, 0x06, 0x07, 0x06, 0x05, 0x00, 0x41, 0xc0,
  0x03, 0x00, 0x03, 0x80, 0x41, 0xc0, 0x04, 0xe0, 0x42, 0x10, 0x08, 0x15,
  0x00, 0x45, 0x01, 0x07, 0x07, 0x01, 0x01, 0x08, 0x00, 0x4a, 0x30, 0x18,
  0x18, 0x10, 0x00, 0xe0, 0xf0, 0xf8, 0xfc, 0x7c, 0x16, 0x00, 0x44, 0x0b,
  0x36, 0x70, 0x60, 0x0d, 0x00, 0x43, 0xf0, 0xf8, 0x90, 0x04, 0x00, 0x41,
  0x03, 0x04, 0x00, 0x48, 0x60, 0x70, 0x60, 0x80, 0x00, 0x00, 0x0e, 0x06,
  0x03, 0x00, 0x43, 0x06, 0x02, 0x03, 0x03, 0x07, 0x45, 0x03, 0x03, 0x0f,
  0x1f, 0x0e, 0x05, 0x00, 0x42, 0x40, 0x40, 0x04, 0xc0, 0x4a, 0xe0, 0xf0,
  0xf0, 0xe0, 0xe0, 0xf0, 0xe0, 0xc0, 0xc0, 0x80, 0x12, 0x00, 0x45, 0x20,
  0x31, 0x3f, 0x1f, 0x00, 0x03, 0x01, 0x0a, 0x00, 0x47, 0x0e, 0x1f, 0x3f,
  0x3e, 0x7c, 0xf8, 0xf0, 0x15, 0x00, 0x44, 0x09, 0x3d, 0x7c, 0x60, 0x0c,
  0x00, 0x44, 0xa0, 0xa0, 0x30, 0x38, 0x04, 0x00, 0x41, 0x03, 0x04, 0x00,
  0x52, 0x08, 0x0e, 0x0c, 0x80, 0x00, 0x00, 0x10, 0x18, 0x18, 0x00, 0x00,
  0x06, 0x02, 0x03, 0x07, 0x07, 0x01, 0x00, 0x03, 0x06, 0x48, 0x0e, 0x0e,
  0x1e, 0x1e, 0x3e, 0x3c, 0x40, 0x40, 0x04, 0xc0, 0x46, 0xe0, 0x60, 0x70,
  0xf0, 0xe0, 0xc0, 0x18, 0x00, 0x47, 0x01, 0x01, 0x00, 0x01, 0x43, 0x7f,
  0x7f, 0x07, 0x00, 0x49, 0x0f, 0x1f, 0x3e, 0xfc, 0x00, 0xe0, 0xe0, 0xc0,
  0x80, 0x15, 0x00, 0x46, 0x09, 0x1d, 0x3c, 0x70, 0x30, 0x10, 0x0a, 0x00,
  0x44, 0xa0, 0xa0, 0x20, 0x20, 0x04, 0x00, 0x41, 0x03, 0x03, 0x00, 0x03,
  0x01, 0x42, 0x00, 0x80, 0x04, 0x00, 0x49, 0x80, 0x80, 0x00, 0x06, 0x02,
  0x03, 0x06, 0x00, 0x00, 0x03, 0x03, 0x53, 0x07, 0x0e, 0x3c, 0x78, 0x78,
  0x3c, 0x18, 0x40, 0x40, 0xc0, 0xc0, 0x40, 0x40, 0xe0, 0xf0, 0x38, 0x1c,
  0x1c, 0x10, 0x09, 0x00, 0x03, 0x01, 0x0c, 0x00, 0x47, 0xc0, 0x80, 0x80,
  0xc0, 0xe7, 0x7f, 0x3e, 0x05, 0x00, 0x41, 0x01, 0x03, 0x03, 0x42, 0x2f,
  0x3e, 0x0a, 0x00, 0x41, 0xc0, 0x03, 0xe0, 0x41, 0xc0, 0x0b, 0x00, 0x46,
  0x09, 0x1d, 0x3c, 0x38, 0x1e, 0x06, 0x0a, 0x00, 0x42, 0xa0, 0xa0, 0x05,
  0x00, 0x4a, 0x01, 0x01, 0x00, 0x00, 0x18, 0x18, 0x06, 0x0e, 0x0c, 0xc0,
  0x07, 0x00, 0x41, 0x01, 0x05, 0x00, 0x56, 0x03, 0x1d, 0x38, 0x38, 0x70,
  0xf0, 0xf0, 0x70, 0x20, 0x00, 0x20, 0xa0, 0xa0, 0x60, 0x20, 0x40, 0xc0,
  0xc0, 0xe0, 0x7e, 0x1e, 0x18, 0x07, 0x00, 0x46, 0x0e, 0x1f, 0x1f, 0x0f,
  0x07, 0x01, 0x0d, 0x00, 0x44, 0x80, 0xd0, 0xf0, 0xe0, 0x08, 0x00, 0x45,
  0x01, 0x01, 0x07, 0xff, 0xfc, 0x0c, 0x00, 0x42, 0x80, 0x80, 0x0b, 0x00,
  0x46, 0x02, 0x03, 0x07, 0x03, 0x01, 0x01, 0x0a, 0x00, 0x49, 0xd0, 0x58,
  0x50, 0x80, 0xc0, 0x80, 0x00, 0x00, 0x01, 0x04, 0x00, 0x44, 0x18, 0x38,
  0x30, 0xc0, 0x07, 0x00, 0x41, 0x01, 0x04, 0x00, 0x43, 0x01, 0x03, 0x03,
  0x04, 0x07, 0x47, 0x03, 0x03, 0x07, 0x07, 0x20, 0xa0, 0xa0, 0x03, 0xe0,
  0x4a, 0x70, 0x38, 0x1c, 0x1e, 0x3c, 0x80, 0xc0, 0xe0, 0xe0, 0xc0, 0x15,
  0x00, 0x46, 0x04, 0x00, 0x38, 0x78, 0xff, 0xff, 0x07, 0x00, 0x49, 0xe0,
  0xc2, 0x7e, 0x3c, 0x00, 0x00, 0x20, 0xc0, 0x80, 0x15, 0x00, 0x46, 0x02,
  0x03, 0x03, 0x07, 0x07, 0x04, 0x0a, 0x00, 0x45, 0xd0, 0x58, 0x58, 0x18,
  0x10, 0x03, 0x00, 0x41, 0x01, 0x03, 0x00, 0x45, 0x60, 0xe0, 0xc0, 0x00,
  0xc0, 0x04, 0x00, 0x44, 0x10, 0x18, 0x00, 0x01, 0x03, 0x00, 0x44, 0x01,
  0x01, 0x03, 0x03, 0x03, 0x07, 0x42, 0x03, 0x01, 0x03, 0x00, 0x43, 0x20,
  0xa0, 0xa0, 0x05, 0xe0, 0x46, 0x80, 0x00, 0xc0, 0xf0, 0xf0, 0xe0, 0x13,
  0x00, 0x48, 0x18, 0x78, 0x78, 0x3c, 0x0e, 0x00, 0x07, 0x07, 0x0b, 0x00,
  0x45, 0x08, 0x0c, 0x1c, 0xf8, 0xe0, 0x17, 0x00, 0x45, 0x02, 0x03, 0x07,
  0x1f, 0x1c, 0x0b, 0x00, 0x45, 0xd0, 0x58, 0x5c, 0x0c, 0x08, 0x03, 0x00,
  0x00, 0x05, 0x00, 0xe4, 0x32, 0x88, 0xe4, 0x0e, 0x10, 0xe5, 0xff, 0x05,
  0x98, 0xe5, 0x32, 0x20, 0xe6, 0x0e, 0xa8, 0xe6, 0xff, 0x05, 0x30, 0xe7,
  0x32, 0xb8, 0xe7, 0x0e, 0x40, 0xe8, 0xff, 0x05, 0xc8, 0xe8, 0x32, 0x50,
  0xe9, 0x0e, 0xd8, 0xe9, 0xff, 0x88, 0xe4, 0x20, 0xe6, 0xb8, 0xe7, 0x50,
  0xe9, 0x10, 0xe5, 0xa8, 0xe6, 0x40, 0xe8, 0xd8, 0xe9, 0x00, 0xe4, 0x98,
  0xe5, 0x30, 0xe7, 0xc8, 0xe8, 0x21, 0x03, 0xe1, 0x34, 0xcb, 0x46, 0xc2,
  0xd9, 0xa4, 0x21, 0x7b, 0xe1, 0x46, 0x23, 0xc5, 0xe5, 0x3e, 0x1a, 0xa6,
  0x20, 0x1a, 0xe5, 0xfd, 0xe1, 0xfd, 0x35, 0x01, 0x20, 0x12, 0xfd, 0x36,
  0x01, 0x01, 0x11, 0xd0, 0xa4, 0xd5, 0xfd, 0xcb, 0x00, 0x7e, 0xc2, 0x45,
  0xa6, 0xc3, 0xd1, 0xa6, 0xe1, 0x11, 0x0a, 0x00, 0x19, 0xc1, 0x10, 0xd7,
  0xc9, 0x21, 0x08, 0xe2, 0x46, 0x23, 0xc5, 0xe5, 0x3e, 0x1a, 0xa6, 0x20,
  0x1a, 0xe5, 0xfd, 0xe1, 0xfd, 0x35, 0x01, 0x20, 0x12, 0xfd, 0x36, 0x01,
  0x01, 0x11, 0xff, 0xa4, 0xd5, 0xfd, 0xcb, 0x00, 0x7e, 0xc2, 0x53, 0xa7,
  0xc3, 0xea, 0xa7, 0xe1, 0x11, 0x0a, 0x00, 0x19, 0xc1, 0x10, 0xd7, 0xc9,
  0xe5, 0xf5, 0xe5, 0xe5, 0xcd, 0x2f, 0xa5, 0xe1, 0x11, 0x2c, 0xe0, 0x06,
  0x08, 0xcd, 0x30, 0xa6, 0xe1, 0x01, 0xf8, 0x00, 0x09, 0xe5, 0x3e, 0x08,
  0xcd, 0x2f, 0xa5, 0xe1, 0x11, 0x2c, 0xe0, 0x06, 0x08, 0xcd, 0x30, 0xa6,
  0xf1, 0xe1, 0xc9, 0x0e, 0x99, 0xed, 0x69, 0xed, 0x61, 0x4f, 0x0c, 0x21,
  0x51, 0xa5, 0x11, 0x2c, 0xe0, 0x06, 0x08, 0x79, 0xb8, 0x28, 0x06, 0xdb,
  0x98, 0xae, 0xc3, 0x4b, 0xa5, 0xdb, 0x98, 0x12, 0x23, 0x13, 0x10, 0xef,
  0xc9, 0x01, 0x02, 0x04, 0x08, 0x10, 0x20, 0x40, 0x80, 0x00, 0x00, 0x00,
  0xeb, 0x21, 0xd0, 0xa5, 0x4f, 0x06, 0x00, 0x09, 0xe5, 0x0e, 0x99, 0xed,
  0x59, 0xed, 0x51, 0x00, 0x00, 0x00, 0x00, 0xdb, 0x98, 0xae, 0xeb, 0x5f,
  0x0e, 0x99, 0xed, 0x69, 0x7c, 0xf6, 0x40, 0xed, 0x79, 0x0e, 0x98, 0xed,
  0x59, 0x08, 0x5f, 0x08, 0x0e, 0x08, 0x09, 0x0e, 0x99, 0xed, 0x69, 0x7c,
  0xf6, 0x40, 0xed, 0x79, 0x0e, 0x98, 0xed, 0x59, 0x00, 0x00, 0x00, 0x0e,
  0x08, 0x09, 0x0e, 0x99, 0xed, 0x69, 0x7c, 0xf6, 0x40, 0xed, 0x79, 0x0e,
  0x98, 0xed, 0x59, 0x0e, 0x08, 0x09, 0x00, 0x00, 0x00, 0x00, 0x0e, 0x99,
  0xed, 0x69, 0xed, 0x61, 0x00, 0x00, 0x00, 0xdb, 0x98, 0xeb, 0xe1, 0x01,
  0x0a, 0x00, 0x09, 0xae, 0xeb, 0x5f, 0x0e, 0x99, 0xed, 0x69, 0x7c, 0xf6,
  0x40, 0xed, 0x79, 0x0e, 0x98, 0xed, 0x59, 0xc9, 0x00, 0x01, 0x03, 0x07,
  0x0f, 0x1f, 0x3f, 0x7f, 0xff, 0xff, 0xfe, 0xfc, 0xf8, 0xf0, 0xe0, 0xc0,
  0x80, 0x00, 0xe5, 0xf5, 0x47, 0xd5, 0xcd, 0xf6, 0xa5, 0xd1, 0x01, 0xf8,
  0x00, 0x09, 0x06, 0x09, 0xcd, 0xf6, 0xa5, 0xf1, 0xe1, 0xc9, 0x0e, 0x99,
  0xed, 0x69, 0x7c, 0xf6, 0x40, 0xed, 0x79, 0x0e, 0x98, 0x3e, 0x08, 0x90,
  0x06, 0x08, 0x3d, 0x20, 0x08, 0xed, 0x79, 0x00, 0x00, 0x13, 0x10, 0xf6,
  0xc9, 0x08, 0x1a, 0xed, 0x79, 0x08, 0x00, 0x00, 0x13, 0x10, 0xeb, 0xc9,
  0x1a, 0x47, 0x13, 0xc5, 0x1a, 0x4f, 0x06, 0x00, 0x09, 0x13, 0xcd, 0x2d,
  0xa6, 0xc1, 0x10, 0xf3, 0xc9, 0x1a, 0x47, 0x13, 0x0e, 0x99, 0xed, 0x69,
  0x7c, 0xf6, 0x40, 0xed, 0x79, 0x0e, 0x98, 0x1a, 0xed, 0x79, 0x13, 0x00,
  0x00, 0x00, 0x10, 0xf7, 0xc9, 0xfd, 0x66, 0x03, 0xfd, 0x6e, 0x02, 0x23,
  0xfd, 0x74, 0x03, 0xfd, 0x75, 0x02, 0xfd, 0x35, 0x04, 0xca, 0xc6, 0xa6,
  0xfd, 0x5e, 0x08, 0xfd, 0x56, 0x09, 0x13, 0xfd, 0x73, 0x08, 0xfd, 0x72,
  0x09, 0x7d, 0x3d, 0xe6, 0x07, 0xfd, 0xcb, 0x00, 0xae, 0xe5, 0x4f, 0xfd,
  0x7e, 0x05, 0xfd, 0x96, 0x04, 0xfe, 0x07, 0xda, 0x84, 0xa6, 0x79, 0x11,
  0xd0, 0xa5, 0xcd, 0xe2, 0xa5, 0xc3, 0x88, 0xa6, 0x79, 0xcd, 0x08, 0xa5,
  0xfd, 0x5e, 0x06, 0x16, 0x00, 0x19, 0x4f, 0xfd, 0x7e, 0x04, 0xfe, 0x07,
  0xda, 0xa1, 0xa6, 0x79, 0x11, 0xd9, 0xa5, 0xcd, 0xe2, 0xa5, 0xc3, 0xa5,
  0xa6, 0x79, 0xcd, 0x08, 0xa5, 0x4f, 0xcb, 0x21, 0x06, 0x00, 0x21, 0x31,
  0xa9, 0x09, 0x5e, 0x23, 0x56, 0xe1, 0xe5, 0xd5, 0xcd, 0x1c, 0xa6, 0xd1,
  0xe1, 0xfd, 0x7e, 0x06, 0xd6, 0x18, 0xc8, 0x4f, 0x06, 0x00, 0x09, 0xc3,
  0x1c, 0xa6, 0xfd, 0xcb, 0x00, 0xf6, 0xfd, 0xcb, 0x00, 0xbe, 0xc3, 0x46,
  0xa7, 0xfd, 0x66, 0x03, 0xfd, 0x6e, 0x02, 0x2b, 0xfd, 0x74, 0x03, 0xfd,
  0x75, 0x02, 0xfd, 0x35, 0x04, 0xca, 0x3e, 0xa7, 0xfd, 0x5e, 0x08, 0xfd,
  0x56, 0x09, 0x1b, 0xfd, 0x73, 0x08, 0xfd, 0x72, 0x09, 0x7d, 0x3d, 0xe6,
  0x07, 0xfd, 0xcb, 0x00, 0xb6, 0xe5, 0x4f, 0xfd, 0x7e, 0x04, 0xfe, 0x07,
  0xda, 0x0d, 0xa7, 0x79, 0x11, 0xd1, 0xa5, 0xcd, 0xe2, 0xa5, 0xc3, 0x11,
  0xa7, 0x79, 0xcd, 0x08, 0xa5, 0xfd, 0x5e, 0x06, 0x16, 0x00, 0x19, 0x4f,
  0xfd, 0x7e, 0x05, 0xfd, 0x96, 0x04, 0xfe, 0x07, 0xda, 0x2d, 0xa7, 0x79,
  0x11, 0xda, 0xa5, 0xcd, 0xe2, 0xa5, 0xc3, 0x34, 0xa7, 0x79, 0xcd, 0x08,
  0xa5, 0xc3, 0x34, 0xa7, 0xe1, 0x2b, 0x7d, 0x3d, 0xe6, 0x07, 0xe5, 0xc3,
  0xa5, 0xa6, 0xfd, 0xcb, 0x00, 0xee, 0xfd, 0xcb, 0x00, 0xfe, 0xfd, 0x7e,
  0x05, 0xfd, 0x77, 0x04, 0xfd, 0x7e, 0x06, 0xfd, 0x77, 0x01, 0xc9, 0xfd,
  0x35, 0x04, 0xca, 0xd8, 0xa7, 0xfd, 0x5e, 0x08, 0xfd, 0x56, 0x09, 0x13,
  0xfd, 0x73, 0x08, 0xfd, 0x72, 0x09, 0xfd, 0x66, 0x03, 0xfd, 0x6e, 0x02,
  0x23, 0x7d, 0xe6, 0x07, 0xc2, 0x77, 0xa7, 0x11, 0xf0, 0x00, 0x19, 0xfd,
  0x74, 0x03, 0xfd, 0x75, 0x02, 0xfd, 0xcb, 0x00, 0xae, 0xe5, 0xf5, 0xf5,
  0xe5, 0x08, 0x3e, 0x00, 0x08, 0xcd, 0x59, 0xa5, 0xfd, 0x46, 0x06, 0x11,
  0xf0, 0x01, 0x21, 0x00, 0x00, 0x19, 0x10, 0xfd, 0x2b, 0xeb, 0xe1, 0x19,
  0xf1, 0x3d, 0xe6, 0x07, 0xfe, 0x07, 0x20, 0x05, 0x11, 0xf0, 0x00, 0xed,
  0x52, 0x00, 0x00, 0x00, 0x00, 0x08, 0x3e, 0xff, 0x08, 0xcd, 0x59, 0xa5,
  0xf1, 0x4f, 0xcb, 0x21, 0x06, 0x00, 0x21, 0x92, 0xa8, 0x09, 0x5e, 0x23,
  0x56, 0xe1, 0xd5, 0xe5, 0xcd, 0x1c, 0xa6, 0xe1, 0xd1, 0xfd, 0x7e, 0x06,
  0x3d, 0xc8, 0x01, 0xf0, 0x01, 0x09, 0x3d, 0x20, 0xfc, 0xc3, 0x1c, 0xa6,
  0xfd, 0xcb, 0x00, 0xf6, 0xfd, 0xcb, 0x00, 0xbe, 0xfd, 0x66, 0x03, 0xfd,
  0x6e, 0x02, 0x23, 0xc3, 0x71, 0xa8, 0xfd, 0x35, 0x04, 0xca, 0x62, 0xa8,
  0xfd, 0x5e, 0x08, 0xfd, 0x56, 0x09, 0x1b, 0xfd, 0x73, 0x08, 0xfd, 0x72,
  0x09, 0xfd, 0x66, 0x03, 0xfd, 0x6e, 0x02, 0x2b, 0x7d, 0xe6, 0x07, 0xfe,
  0x07, 0xc2, 0x12, 0xa8, 0xb7, 0x11, 0xf0, 0x00, 0xed, 0x52, 0xfd, 0xcb,
  0x00, 0xb6, 0xfd, 0x74, 0x03, 0xfd, 0x75, 0x02, 0xe5, 0xf5, 0xf5, 0xe5,
  0x08, 0x3e, 0xff, 0x08, 0xcd, 0x59, 0xa5, 0xfd, 0x46, 0x06, 0x11, 0xf0,
  0x01, 0x21, 0x00, 0x00, 0x19, 0x10, 0xfd, 0x2b, 0xeb, 0xe1, 0x19, 0xf1,
  0x3d, 0xe6, 0x07, 0xfe, 0x07, 0x20, 0x05, 0x11, 0xf0, 0x00, 0xed, 0x52,
  0x00, 0x00, 0x00, 0x00, 0x08, 0x3e, 0x00, 0x08, 0xcd, 0x59, 0xa5, 0xf1,
  0xe1, 0x2b, 0x3d, 0xe6, 0x07, 0xfe, 0x07, 0x20, 0x05, 0x11, 0xf0, 0x00,
  0xed, 0x52, 0xe5, 0xc3, 0xb5, 0xa7, 0xfd, 0xcb, 0x00, 0xee, 0xfd, 0xcb,
  0x00, 0xfe, 0xfd, 0x66, 0x03, 0xfd, 0x6e, 0x02, 0x2b, 0xfd, 0x74, 0x03,
  0xfd, 0x75, 0x02, 0xfd, 0x7e, 0x05, 0xfd, 0x77, 0x04, 0xc3, 0x80, 0xa8,
  0xfd, 0x5e, 0x06, 0x16, 0x00, 0x21, 0x8e, 0xa8, 0x19, 0x7e, 0xfd, 0x77,
  0x01, 0xc9, 0x00, 0x10, 0x20, 0x30, 0xa2, 0xa8, 0xb3, 0xa8, 0xc5, 0xa8,
  0xd7, 0xa8, 0xe9, 0xa8, 0xfb, 0xa8, 0x0e, 0xa9, 0x20, 0xa9, 0x03, 0x0d,
  0x03, 0xff, 0xc1, 0x81, 0xf4, 0x03, 0xff, 0xff, 0xff, 0x07, 0x04, 0x01,
  0x03, 0x07, 0xff, 0x03, 0x0d, 0x02, 0xff, 0x83, 0xf3, 0x04, 0xfe, 0xfe,
  0xfe, 0xff, 0x07, 0x05, 0x03, 0x03, 0x07, 0x0f, 0xff, 0x03, 0x0d, 0x01,
  0xff, 0xf3, 0x04, 0xfc, 0xfc, 0xfc, 0xff, 0x06, 0x06, 0x07, 0x07, 0x07,
  0x0f, 0x1f, 0xff, 0x02, 0xfe, 0x06, 0xfe, 0xfc, 0xf8, 0xf8, 0xf8, 0xff,
  0x07, 0x07, 0xff, 0x0f, 0x0f, 0x0f, 0x1f, 0x3f, 0xff, 0x02, 0xfd, 0x07,
  0xff, 0xfc, 0xf8, 0xf0, 0xf0, 0xf0, 0xff, 0x08, 0x06, 0xff, 0x1f, 0x1f,
  0x1f, 0x3f, 0x7f, 0x03, 0xfd, 0x06, 0xff, 0xf8, 0xf0, 0xe0, 0xe0, 0xe0,
  0x08, 0x05, 0xff, 0x3f, 0x3f, 0x3f, 0x7f, 0xf6, 0x01, 0xff, 0x03, 0xfd,
  0x05, 0xff, 0xf0, 0xe0, 0xc0, 0xc0, 0x08, 0x04, 0xff, 0x7f, 0x7f, 0x7f,
  0xf5, 0x02, 0xc1, 0xff, 0x03, 0xfd, 0x04, 0xff, 0xe0, 0xc0, 0x80, 0x08,
  0x03, 0xff, 0xff, 0xff, 0xf4, 0x03, 0x81, 0x83, 0xff, 0x41, 0xa9, 0x52,
  0xa9, 0x64, 0xa9, 0x77, 0xa9, 0x8a, 0xa9, 0x9d, 0xa9, 0xb0, 0xa9, 0xc2,
  0xa9, 0x04, 0x0d, 0x02, 0xe0, 0xc0, 0x08, 0x02, 0xff, 0xff, 0xf2, 0x03,
  0x80, 0x81, 0x83, 0x08, 0x01, 0xff, 0x04, 0x0c, 0x02, 0xf0, 0xe0, 0x08,
  0x02, 0x7f, 0x7f, 0xf2, 0x03, 0xc0, 0xc0, 0xc1, 0x08, 0x02, 0x7f, 0xff,
  0x04, 0x0b, 0x02, 0xf8, 0xf0, 0x08, 0x02, 0x3f, 0x3f, 0xf2, 0x03, 0xe0,
  0xe0, 0xe0, 0x08, 0x03, 0x3f, 0x7f, 0xff, 0x04, 0x0a, 0x02, 0xfc, 0xf8,
  0x08, 0x02, 0x1f, 0x1f, 0xf2, 0x03, 0xf0, 0xf0, 0xf0, 0x08, 0x03, 0x1f,
  0x3f, 0x7f, 0x04, 0x09, 0x02, 0xfe, 0xfc, 0x08, 0x02, 0x0f, 0x0f, 0xf2,
  0x03, 0xf8, 0xf8, 0xf8, 0x08, 0x03, 0x0f, 0x1f, 0x3f, 0x04, 0x08, 0x02,
  0xff, 0xfe, 0x08, 0x02, 0x07, 0x07, 0xf2, 0x03, 0xfc, 0xfc, 0xfc, 0x08,
  0x03, 0x07, 0x0f, 0x1f, 0x04, 0x08, 0x01, 0xff, 0x07, 0x02, 0x83, 0x03,
  0xf2, 0x03, 0xfe, 0xfe, 0xfe, 0x08, 0x03, 0x03, 0x07, 0x0f, 0x03, 0x0e,
  0x02, 0xc1, 0x81, 0xf2, 0x03, 0xff, 0xff, 0xff, 0x08, 0x03, 0x01, 0x03,
  0x07, 0x00, 0x08, 0x10, 0x00, 0x08, 0x16, 0x05, 0x07, 0x09, 0x0f, 0x71,
  0x19, 0x10, 0x32, 0x10, 0x43, 0x73, 0x4d, 0x12, 0x85, 0x6a, 0x09, 0x29,
  0xa8, 0x0a, 0xd2, 0x11, 0x06, 0x08, 0x09, 0xa4, 0x0a, 0x08, 0x74, 0x25,
  0x10, 0x42, 0x08, 0x3d, 0x08, 0xb4, 0x8a, 0x93, 0x12, 0xbf, 0x29, 0x04,
  0x0b, 0x08, 0x09, 0x0a, 0x07, 0xea, 0x10, 0x10, 0x1b, 0x10, 0xa6, 0xca,
  0x30, 0x10, 0xb7, 0x32, 0x44, 0x10, 0x4e, 0x1a, 0xc8, 0x09, 0x53, 0x29,
  0x04, 0x06, 0x08, 0x06, 0x08, 0x05, 0x5a, 0xb2, 0xca, 0x93, 0x09, 0xa9,
  0x32, 0x43, 0x69, 0x0e, 0x29, 0xaa, 0x0a, 0x06, 0x08, 0x0a, 0x0e, 0x12,
  0x18, 0x08, 0xa2, 0x32, 0x26, 0x72, 0x4d, 0x10, 0x1d, 0x10, 0x99, 0x6a,
  0x39, 0x08, 0x33, 0x09, 0xd1, 0x09, 0x05, 0x07, 0x08, 0x03, 0x18, 0xae,
  0x72, 0x88, 0x71, 0x30, 0x71, 0xb1, 0x0b, 0x09, 0x69, 0x32, 0x39, 0x3e,
  0x09, 0x07, 0x09, 0x09, 0x22, 0x18, 0x2e, 0x18, 0x32, 0x18, 0xb7, 0xd2,
  0x3c, 0xea, 0x50, 0x2a, 0xc6, 0x11, 0x9a, 0x11, 0x05, 0x54, 0x06, 0x06,
  0x08, 0x84, 0x2a, 0xc4, 0x09, 0x93, 0x34, 0x4f, 0x08, 0xbf, 0xf1, 0x1f,
  0xa9, 0x9e, 0x29, 0x8f, 0x09, 0x07, 0x08, 0x0a, 0x81, 0x7b, 0x0d, 0x10,
  0x12, 0x10, 0xba, 0x71, 0x43, 0x18, 0x4d, 0x18, 0xc6, 0x19, 0x26, 0x09,
  0x08, 0x31, 0x3e, 0x29, 0x05, 0x06, 0x08, 0x8f, 0x33, 0x10, 0x08, 0x07,
  0x34, 0x9f, 0xf2, 0xc2, 0x09, 0x1a, 0xea, 0x17, 0xe9, 0x18, 0xe9, 0x06,
  0x07, 0x09, 0x02, 0x33, 0x08, 0x10, 0x10, 0xf3, 0x2d, 0x18, 0x37, 0x32,
  0x4e, 0x10, 0x32, 0x0a, 0x50, 0x29, 0xa8, 0x09, 0x05, 0x08, 0x09, 0x0d,
  0x4a, 0x0e, 0x72, 0x0f, 0x18, 0x1c, 0x18, 0x9d, 0x73, 0xc2, 0x49, 0xc3,
  0x09, 0x3e, 0x11, 0x1b, 0x29, 0x08, 0x08, 0x09, 0x88, 0x6a, 0x18, 0x34,
  0x23, 0x18, 0x2f, 0x18, 0x3b, 0x18, 0xc3, 0x0a, 0xc7, 0x11, 0x4d, 0x13,
  0x39, 0x29, 0x03, 0x06, 0x09, 0x07, 0x10, 0x9e, 0xd1, 0xaa, 0x31, 0x04,
  0x69, 0x85, 0x29, 0xae, 0x6a, 0x06, 0x29, 0xad, 0x09, 0x29, 0x08, 0x08,
  0x08, 0x09, 0x82, 0x71, 0x06, 0x1a, 0x0d, 0x08, 0x12, 0x08, 0x97, 0x7d,
  0x25, 0x10, 0xc6, 0x12, 0x4d, 0x15, 0x21, 0x2a, 0x05, 0x07, 0x09, 0x05,
  0x10, 0x24, 0xf3, 0x30, 0x31, 0x2d, 0x10, 0x3b, 0x10, 0x28, 0x6a, 0x1f,
  0x32, 0xa7, 0x09, 0x2f, 0x2a, 0x07, 0x08, 0x08, 0x02, 0x09, 0x06, 0x0b,
  0x04, 0x10, 0x8d, 0x53, 0x12, 0x10, 0x45, 0x72, 0x4d, 0x13, 0x3d, 0x29,
  0x06, 0x08, 0x0a, 0x1a, 0x10, 0xae, 0x32, 0x1b, 0x52, 0x30, 0x18, 0x14,
  0xb3, 0x33, 0x08, 0x99, 0x72, 0x18, 0x69, 0x17, 0x29, 0x9d, 0x0a, 0x07,
  0x08, 0x09, 0x85, 0x72, 0x30, 0x18, 0x44, 0x10, 0x49, 0x08, 0xc6, 0x0a,
  0x4d, 0x1a, 0x3a, 0x73, 0x1e, 0x69, 0x53, 0x29, 0x05, 0x06, 0x09, 0x0f,
  0x73, 0x10, 0xf1, 0x09, 0x72, 0x11, 0x18, 0x2f, 0x18, 0xb8, 0x49, 0xaa,
  0x09, 0x04, 0x2b, 0x1c, 0x29, 0x07, 0x08, 0x09, 0x02, 0x37, 0x2d, 0x18,
  0x31, 0x18, 0x37, 0x6a, 0xc5, 0x71, 0xcc, 0x7a, 0x49, 0x08, 0x0f, 0x6a,
  0x3c, 0x09, 0x06, 0x07, 0x09, 0x0d, 0x51, 0x0e, 0x79, 0x12, 0x18, 0x30,
  0x18, 0x1e, 0x29, 0x3e, 0xb1, 0xaa, 0x09, 0x93, 0x0a, 0x1a, 0x09, 0x05,
  0x06, 0x08, 0x82, 0x31, 0x05, 0x0a, 0x9a, 0x32, 0xcf, 0x29, 0x4d, 0x10,
  0x01, 0x08, 0x31, 0x09, 0x13, 0x29, 0x06, 0x08, 0x09, 0x0d, 0x0a, 0x0f,
  0x5a, 0x42, 0x10, 0x08, 0x29, 0x1e, 0x10, 0x29, 0x0c, 0x34, 0x72, 0xa6,
  0x4b, 0x2f, 0x29, 0x07, 0x08, 0x09, 0x12, 0x49, 0xb8, 0x15, 0xc3, 0xf1,
  0x4f, 0x12, 0x4d, 0x10, 0x53, 0x10, 0x31, 0x08, 0x04, 0x3c, 0x26, 0x2a,
  0x04, 0x06, 0x08, 0x91, 0x72, 0xbf, 0x09, 0x10, 0x08, 0x1f, 0x2a, 0x8e,
  0x2a, 0xa3, 0x2a, 0xaa, 0x09, 0x9a, 0x0a, 0x08, 0x08, 0x0a, 0x02, 0x8a,
  0x21, 0x10, 0x24, 0x10, 0x27, 0x10, 0x4e, 0x10, 0x42, 0x09, 0xcc, 0x09,
  0x45, 0xa9, 0x1a, 0x29, 0x2e, 0x29, 0x05, 0x07, 0x08, 0x08, 0x08, 0x85,
  0x7b, 0x12, 0x3b, 0x29, 0x53, 0x0d, 0x09, 0x09, 0x69, 0x14, 0x29, 0xb4,
  0x09, 0x06, 0x08, 0x09, 0x85, 0x2a, 0x42, 0x10, 0x4d, 0x08, 0xbb, 0x09,
  0x4f, 0x29, 0xd2, 0x31, 0xa3, 0x0a, 0x27, 0x72, 0x37, 0x31, 0x04, 0x05,
  0x07, 0x88, 0x1d, 0x09, 0xea, 0xb3, 0x39, 0x10, 0x10, 0x84, 0x52, 0xb4,
  0x09, 0xbf, 0x09, 0x07, 0x07, 0x08, 0x02, 0x53, 0x10, 0x0a, 0x37, 0x10,
  0x53, 0x10, 0xc2, 0x19, 0xc6, 0x12, 0x4e, 0x1a, 0x24, 0x09, 0x06, 0x08,
  0x09, 0x8f, 0x32, 0x0d, 0x10, 0x13, 0x33, 0x1e, 0x10, 0x18, 0x31, 0xaf,
  0x69, 0xa6, 0x29, 0x9f, 0x52, 0x2a, 0x29, 0x07, 0x08, 0x0a, 0x07, 0x18,
  0x21, 0x10, 0x25, 0x10, 0x50, 0x18, 0x37, 0x32, 0xc4, 0xd9, 0xcc, 0x12,
  0x91, 0x4a, 0x02, 0x08, 0x04, 0x09, 0x05, 0x07, 0x08, 0x83, 0x71, 0x86,
  0x33, 0x9d, 0x12, 0x1c, 0x08, 0x23, 0x09, 0x29, 0x51, 0xb4, 0x0a, 0x14,
  0x0a, 0x06, 0x06, 0x08, 0x04, 0xf5, 0x1a, 0x08, 0xb7, 0x31, 0x45, 0x32,
  0xd0, 0x1a, 0x4d, 0x10, 0xa4, 0x0a, 0x3e, 0x09, 0x06, 0x06, 0x07, 0x8f,
  0x32, 0x12, 0x09, 0xa7, 0x09, 0xa9, 0x51, 0x1e, 0x10, 0x30, 0x18, 0x18,
  0x29, 0x07, 0x07, 0x09, 0x02, 0x12, 0x22, 0x08, 0x24, 0x10, 0xac, 0x72,
  0x4c, 0x18, 0x4f, 0x18, 0x32, 0x2a, 0x93, 0x09, 0xbc, 0x09, 0x06, 0x08,
  0x09, 0x0d, 0x6a, 0x0f, 0xca, 0x06, 0x18, 0x88, 0x3c, 0xb8, 0x69, 0x31,
  0x18, 0x07, 0x69, 0xbe, 0x4a, 0x9e, 0x09, 0x05, 0x05, 0x06, 0x02, 0x32,
  0x07, 0x4a, 0x13, 0x49, 0x1a, 0x32, 0xb7, 0x13, 0x4f, 0x12, 0x06, 0x06,
  0x09, 0x06, 0x10, 0x25, 0x10, 0x44, 0x10, 0x1e, 0x12, 0x29, 0x72, 0x43,
  0x69, 0x0d, 0x09, 0x18, 0x0a, 0x8f, 0x0b, 0xd7, 0xa9, 0xd7, 0xa9, 0x01,
  0xaa, 0x01, 0xaa, 0xa7, 0xaa, 0x25, 0xab, 0x6b, 0xac, 0xb9, 0xac, 0x2b,
  0xaa, 0xa3, 0xab, 0xf3, 0xab, 0xe3, 0xac, 0x55, 0xaa, 0xd1, 0xaa, 0x4f,
  0xab, 0xcb, 0xab, 0x1d, 0xac, 0x95, 0xac, 0xd7, 0xa9, 0x01, 0xaa, 0x7d,
  0xaa, 0xfb, 0xaa, 0x79, 0xab, 0x43, 0xac, 0xdd, 0xcb, 0x00, 0xbe, 0x2a,
  0xf7, 0xe0, 0xcd, 0xda, 0xb2, 0xfd, 0x22, 0x17, 0xe1, 0xcd, 0x95, 0xad,
  0xcd, 0x57, 0xae, 0xc3, 0x3c, 0xb0, 0x21, 0x8e, 0xad, 0x11, 0xb7, 0xe2,
  0xcd, 0x7a, 0xad, 0x21, 0x87, 0xad, 0x11, 0xb8, 0xe2, 0xcd, 0x7a, 0xad,
  0x3a, 0x05, 0xe1, 0x47, 0xaf, 0xb8, 0x28, 0x04, 0xc6, 0x20, 0x10, 0xfc,
  0x06, 0x08, 0x21, 0xb9, 0xe2, 0x11, 0x04, 0x00, 0x77, 0x19, 0x83, 0x10,
  0xfb, 0xc9, 0x1a, 0x06, 0x07, 0x13, 0x13, 0x13, 0x13, 0x86, 0x12, 0x23,
  0x10, 0xf7, 0xc9, 0x00, 0x00, 0x00, 0x00, 0xf8, 0x10, 0xf8, 0x00, 0x00,
  0x07, 0x09, 0x07, 0x00, 0xf9, 0x3a, 0x61, 0xe1, 0xcb, 0x47, 0xc8, 0xdd,
  0xcb, 0x05, 0x7e, 0x28, 0x15, 0x21, 0x03, 0xe1, 0xcb, 0x46, 0xc0, 0xfd,
  0x7e, 0x00, 0xe6, 0x60, 0xc0, 0xfd, 0xcb, 0x00, 0x7e, 0x28, 0x35, 0xc3,
  0xcb, 0xad, 0x21, 0x03, 0xe1, 0xcb, 0x46, 0xc8, 0xfd, 0x7e, 0x00, 0xe6,
  0x60, 0xc0, 0xfd, 0xcb, 0x00, 0x7e, 0x28, 0x61, 0xc3, 0x05, 0xae, 0xcd,
  0x4f, 0xae, 0x34, 0x2a, 0xfb, 0xe0, 0x23, 0x22, 0xfb, 0xe0, 0x21, 0xfa,
  0xe0, 0x34, 0x3e, 0x19, 0xbe, 0xc0, 0x36, 0x01, 0x2a, 0xf7, 0xe0, 0x23,
  0x22, 0xf7, 0xe0, 0xc9, 0xcd, 0x4f, 0xae, 0x35, 0x2a, 0xfb, 0xe0, 0x2b,
  0x22, 0xfb, 0xe0, 0x21, 0xfa, 0xe0, 0x35, 0x3e, 0x00, 0xbe, 0xc0, 0x36,
  0x18, 0x2a, 0xf7, 0xe0, 0x2b, 0x22, 0xf7, 0xe0, 0xc9, 0xcd, 0x4f, 0xae,
  0x35, 0x21, 0xb7, 0xe2, 0x34, 0x2a, 0xfd, 0xe0, 0x23, 0x22, 0xfd, 0xe0,
  0x21, 0xf9, 0xe0, 0x34, 0x3e, 0x11, 0xbe, 0xc0, 0x36, 0x01, 0x2a, 0xf7,
  0xe0, 0x11, 0x0a, 0x00, 0x19, 0x22, 0xf7, 0xe0, 0xc9, 0xcd, 0x4f, 0xae,
  0x34, 0x21, 0xb7, 0xe2, 0x35, 0x2a, 0xfd, 0xe0, 0x2b, 0x22, 0xfd, 0xe0,
  0x21, 0xf9, 0xe0, 0x35, 0x3e, 0x00, 0xbe, 0xc0, 0x36, 0x10, 0x2a, 0xf7,
  0xe0, 0x11, 0x0a, 0x00, 0xb7, 0xed, 0x52, 0x22, 0xf7, 0xe0, 0xc9, 0xdd,
  0xcb, 0x00, 0xf6, 0x21, 0xb8, 0xe2, 0xc9, 0x3a, 0x7c, 0xe0, 0xcb, 0x6f,
  0xc0, 0x21, 0x03, 0xe1, 0xcb, 0x46, 0xc0, 0x3a, 0x13, 0xe1, 0xcb, 0x77,
  0x20, 0x06, 0x21, 0x7c, 0xe0, 0xcb, 0xb6, 0xc9, 0xfd, 0xcb, 0x00, 0x4e,
  0xc0, 0xfd, 0x7e, 0x00, 0xe6, 0x60, 0xc8, 0xdd, 0x7e, 0x05, 0xe6, 0x18,
  0xc8, 0x4f, 0x21, 0x7c, 0xe0, 0xcb, 0x76, 0xc0, 0xcb, 0xf6, 0xd1, 0xfd,
  0x36, 0x01, 0x01, 0x21, 0x04, 0xb6, 0xcd, 0xde, 0x85, 0x3a, 0x05, 0xe1,
  0x32, 0x07, 0xe1, 0xfd, 0x7e, 0x00, 0xcb, 0x57, 0x28, 0x0a, 0x0e, 0x08,
  0xdd, 0xcb, 0x05, 0xde, 0xdd, 0xcb, 0x05, 0xa6, 0xa9, 0xfd, 0x77, 0x00,
  0xa1, 0x28, 0x1d, 0x3e, 0x01, 0xcd, 0xcc, 0x85, 0x3e, 0x14, 0x32, 0x09,
  0xe1, 0xcd, 0x3a, 0xaf, 0x38, 0x2b, 0x2a, 0x8e, 0xe0, 0x11, 0x8d, 0xe0,
  0xcd, 0x15, 0xb8, 0xcd, 0x02, 0xb8, 0x18, 0x1d, 0x3e, 0x02, 0xcd, 0xcc,
  0x85, 0x3e, 0x23, 0x32, 0x09, 0xe1, 0xcd, 0x3a, 0xaf, 0x38, 0x0e, 0x2a,
  0x8e, 0xe0, 0x11, 0x8d, 0xe0, 0x06, 0xff, 0xcd, 0x29, 0xb8, 0xcd, 0x02,
  0xb8, 0xfd, 0x6e, 0x02, 0xfd, 0x66, 0x03, 0x7d, 0xe6, 0xf8, 0x6f, 0x11,
  0x0f, 0x20, 0x19, 0xdd, 0xcb, 0x05, 0x7e, 0x20, 0x52, 0xfd, 0xcb, 0x00,
  0x4e, 0xc0, 0xfd, 0xcb, 0x00, 0x5e, 0x20, 0x08, 0x11, 0x26, 0xb0, 0xcd,
  0x09, 0xb0, 0x18, 0x08, 0x11, 0x1a, 0xb0, 0x0e, 0x08, 0xcd, 0x89, 0xaf,
  0xfd, 0x46, 0x06, 0x05, 0xc8, 0x11, 0xf0, 0x01, 0x19, 0x10, 0xfd, 0xfd,
  0xcb, 0x00, 0x66, 0x20, 0x06, 0x11, 0x26, 0xb0, 0xc3, 0x09, 0xb0, 0x11,
  0x1a, 0xb0, 0x0e, 0x10, 0x18, 0x4f, 0x3a, 0x39, 0xe1, 0xb7, 0xc0, 0xfd,
  0xcb, 0x00, 0x46, 0x20, 0x07, 0xfd, 0xcb, 0x00, 0x6e, 0xc0, 0x37, 0xc9,
  0xfd, 0xcb, 0x00, 0x76, 0xc0, 0x37, 0xc9, 0xfd, 0xcb, 0x00, 0x4e, 0xc0,
  0xfd, 0xcb, 0x00, 0x5e, 0x20, 0x08, 0x11, 0x26, 0xb0, 0xcd, 0x09, 0xb0,
  0x18, 0x08, 0x11, 0x1a, 0xb0, 0x0e, 0x08, 0xcd, 0x89, 0xaf, 0xfd, 0x7e,
  0x06, 0xd6, 0x18, 0xc8, 0x4f, 0x06, 0x00, 0x09, 0xfd, 0xcb, 0x00, 0x66,
  0x20, 0x06, 0x11, 0x26, 0xb0, 0xc3, 0x09, 0xb0, 0x11, 0x1a, 0xb0, 0x0e,
  0x10, 0x3a, 0x39, 0xe1, 0xb7, 0x20, 0x1c, 0xfd, 0xcb, 0x00, 0x46, 0x20,
  0x0b, 0xfd, 0xcb, 0x00, 0x6e, 0x20, 0x10, 0x11, 0x1d, 0xb0, 0x18, 0x69,
  0xfd, 0xcb, 0x00, 0x76, 0x20, 0x05, 0x11, 0x1d, 0xb0, 0x18, 0x5e, 0x3a,
  0x38, 0xe1, 0xcb, 0x47, 0x20, 0x57, 0x3a, 0x37, 0xe1, 0xcb, 0x7f, 0x20,
  0x50, 0x3a, 0xc8, 0xe3, 0x47, 0x3a, 0x2b, 0xe1, 0xb8, 0x30, 0x3e, 0x79,
  0xdd, 0xa6, 0x05, 0x28, 0x40, 0x47, 0x3a, 0x70, 0xe1, 0xcb, 0x47, 0x20,
  0x30, 0xcb, 0xc7, 0x32, 0x70, 0xe1, 0x78, 0x32, 0x23, 0xe1, 0x22, 0x1d,
  0xe1, 0xed, 0x5b, 0x17, 0xe1, 0xed, 0x53, 0x26, 0xe1, 0x1a, 0xe6, 0x60,
  0x32, 0x25, 0xe1, 0x3e, 0xe0, 0x32, 0x72, 0xe1, 0x3a, 0x3a, 0xe1, 0x32,
  0x28, 0xe1, 0xed, 0x5b, 0xb7, 0xe2, 0xed, 0x53, 0x1f, 0xe1, 0x11, 0x1a,
  0xb0, 0x3a, 0x2b, 0xe1, 0xd6, 0x02, 0x32, 0x2b, 0xe1, 0xe5, 0xcd, 0x29,
  0xb0, 0x01, 0xf9, 0x00, 0x09, 0xcd, 0x29, 0xb0, 0x23, 0xcd, 0x29, 0xb0,
  0xe1, 0xc9, 0x71, 0x71, 0x71, 0x76, 0x76, 0x76, 0x7a, 0x7a, 0x7a, 0x73,
  0x73, 0x73, 0x74, 0x74, 0x74, 0x0e, 0x99, 0xed, 0x69, 0x7c, 0xf6, 0x40,
  0xed, 0x79, 0x0e, 0x98, 0x1a, 0xed, 0x79, 0x13, 0x00, 0x00, 0x00, 0xc9,
  0x3a, 0x7c, 0xe0, 0xcb, 0x6f, 0xc2, 0x3f, 0xb1, 0x3a, 0x03, 0xe1, 0xdd,
  0xcb, 0x05, 0x7e, 0x20, 0x06, 0xcb, 0x47, 0x20, 0x0f, 0x18, 0x04, 0xcb,
  0x47, 0x28, 0x09, 0x21, 0x59, 0xe1, 0x35, 0x20, 0x03, 0x36, 0x02, 0xc9,
  0x21, 0x7b, 0xe0, 0x35, 0x28, 0x0d, 0x3a, 0x13, 0xe1, 0x47, 0x3a, 0x7d,
  0xe0, 0xa0, 0x32, 0x13, 0xe1, 0x18, 0x07, 0x36, 0x01, 0x3e, 0xff, 0x32,
  0x7d, 0xe0, 0x3a, 0x13, 0xe1, 0xe6, 0x0f, 0xca, 0x3f, 0xb1, 0xdd, 0xcb,
  0x00, 0xae, 0xdd, 0xcb, 0x00, 0xb6, 0x2a, 0xf7, 0xe0, 0xcd, 0xda, 0xb2,
  0x3a, 0x13, 0xe1, 0x4f, 0xe6, 0x05, 0x28, 0x6b, 0x79, 0xe6, 0x0a, 0x28,
  0x66, 0xdd, 0xcb, 0x05, 0x7e, 0x20, 0x2a, 0x21, 0xaf, 0xb0, 0xe5, 0xcb,
  0x41, 0xc2, 0x6e, 0xb5, 0xc3, 0x36, 0xb5, 0xdd, 0xcb, 0x00, 0x6e, 0x20,
  0x76, 0xdd, 0xcb, 0x00, 0x76, 0x20, 0x3a, 0xcd, 0x3f, 0xb1, 0x21, 0xf5,
  0xb0, 0xe5, 0x3a, 0x13, 0xe1, 0xcb, 0x4f, 0xc2, 0xe2, 0xb1, 0xc3, 0x18,
  0xb2, 0x21, 0xd9, 0xb0, 0xe5, 0xcb, 0x59, 0xc2, 0x18, 0xb2, 0xc3, 0xe2,
  0xb1, 0xdd, 0xcb, 0x00, 0x6e, 0x20, 0x4c, 0xdd, 0xcb, 0x00, 0x76, 0xcc,
  0x3f, 0xb1, 0x21, 0xf5, 0xb0, 0xe5, 0x3a, 0x13, 0xe1, 0xcb, 0x57, 0xc2,
  0x36, 0xb5, 0xc3, 0x6e, 0xb5, 0xdd, 0xcb, 0x00, 0x6e, 0x20, 0x30, 0xdd,
  0xcb, 0x00, 0x76, 0xc2, 0x34, 0xb6, 0xc9, 0x21, 0x1c, 0xb1, 0xe5, 0x79,
  0xe6, 0x05, 0x20, 0x08, 0xcb, 0x49, 0xc2, 0xe2, 0xb1, 0xc3, 0x18, 0xb2,
  0xcb, 0x41, 0xc2, 0x6e, 0xb5, 0xc3, 0x36, 0xb5, 0xdd, 0xcb, 0x00, 0x6e,
  0x20, 0x09, 0xdd, 0xcb, 0x00, 0x76, 0xc2, 0x34, 0xb6, 0x18, 0x14, 0x21,
  0x91, 0xa4, 0xdd, 0x7e, 0x00, 0xee, 0x08, 0xdd, 0x77, 0x00, 0xe6, 0x08,
  0x20, 0x08, 0x21, 0x99, 0xa4, 0x18, 0x03, 0x21, 0x89, 0xa4, 0x3a, 0x05,
  0xe1, 0x4f, 0xcb, 0x21, 0x06, 0x00, 0x09, 0x5e, 0x23, 0x56, 0xed, 0x53,
  0x55, 0xe1, 0x3e, 0x01, 0x32, 0x58, 0xe1, 0xc9, 0x3e, 0x0f, 0xcd, 0xcc,
  0x85, 0x21, 0x69, 0xb1, 0xcd, 0xde, 0x85, 0x3e, 0x30, 0x32, 0x77, 0xe1,
  0xc9, 0x3a, 0x13, 0xe1, 0xe6, 0x0f, 0xc8, 0x3a, 0x14, 0xe1, 0x3c, 0xe6,
  0x03, 0xc6, 0x08, 0xcd, 0xcc, 0x85, 0x21, 0x37, 0xad, 0xcd, 0xde, 0x85,
  0xfd, 0x21, 0x5c, 0xe1, 0x21, 0xec, 0x89, 0x22, 0x5f, 0xe1, 0xfd, 0x36,
  0x00, 0x01, 0xfd, 0x36, 0x02, 0x01, 0xfd, 0x36, 0x01, 0x01, 0x3e, 0x09,
  0x32, 0x95, 0xe0, 0xcd, 0xf0, 0x87, 0x3e, 0x15, 0xcd, 0xcc, 0x85, 0xc9,
  0x7e, 0xfe, 0x18, 0xd0, 0xdd, 0xcb, 0x00, 0xfe, 0x3a, 0x7a, 0xe1, 0x32,
  0x08, 0xe1, 0x22, 0x4e, 0xe1, 0xcd, 0xda, 0xb2, 0xdd, 0xcb, 0x05, 0x7e,
  0x20, 0x13, 0xdd, 0x7e, 0x05, 0xb7, 0x28, 0x17, 0x3e, 0x05, 0x32, 0x7d,
  0xe0, 0x3e, 0x07, 0x32, 0x7b, 0xe0, 0xc3, 0x4e, 0xb2, 0x3a, 0x5a, 0xe1,
  0xfe, 0x1a, 0x30, 0x03, 0xc3, 0x4e, 0xb2, 0x3a, 0x08, 0xe1, 0x32, 0x7a,
  0xe1, 0xc9, 0x3e, 0x02, 0x32, 0x05, 0xe1, 0xdd, 0xcb, 0x05, 0x7e, 0x28,
  0x16, 0xdd, 0xcb, 0x05, 0x6e, 0x20, 0x1c, 0xdd, 0xcb, 0x05, 0x4e, 0x20,
  0x16, 0xdd, 0xcb, 0x05, 0x76, 0xc8, 0xfd, 0xcb, 0x00, 0x76, 0xc8, 0x2a,
  0xf7, 0xe0, 0x23, 0x3e, 0x0a, 0x32, 0x4d, 0xe1, 0xc3, 0xa4, 0xb1, 0x21,
  0x75, 0xa4, 0x22, 0x53, 0xe1, 0xc3, 0xcb, 0xad, 0x3e, 0x03, 0x32, 0x05,
  0xe1, 0xdd, 0xcb, 0x05, 0x7e, 0x28, 0x16, 0xdd, 0xcb, 0x05, 0x76, 0x20,
  0x1c, 0xdd, 0xcb, 0x05, 0x4e, 0x20, 0x16, 0xdd, 0xcb, 0x05, 0x6e, 0xc8,
  0xfd, 0xcb, 0x00, 0x6e, 0xc8, 0x2a, 0xf7, 0xe0, 0x2b, 0x3e, 0x0a, 0x32,
  0x4d, 0xe1, 0xc3, 0xa4, 0xb1, 0x21, 0x7f, 0xa4, 0x22, 0x53, 0xe1, 0xc3,
  0xe8, 0xad, 0x3e, 0x06, 0xdd, 0xcb, 0x00, 0xee, 0x21, 0xb7, 0xe2, 0x35,
  0x35, 0xdd, 0xcb, 0x00, 0xbe, 0x21, 0x62, 0xb2, 0x18, 0x69, 0x2a, 0x4e,
  0xe1, 0xcd, 0xda, 0xb2, 0xfd, 0x22, 0x17, 0xe1, 0x3a, 0x5a, 0xe1, 0x21,
  0x5b, 0xe1, 0xb6, 0x28, 0x1f, 0x2a, 0x01, 0xe1, 0x11, 0x7d, 0xb2, 0xd5,
  0xe9, 0x3a, 0x03, 0xe1, 0xcb, 0x47, 0x28, 0x08, 0x11, 0x8c, 0xb2, 0xd5,
  0x2a, 0x01, 0xe1, 0xe9, 0x2a, 0xff, 0xe0, 0x11, 0x4e, 0xad, 0xd5, 0xe9,
  0x2a, 0xf7, 0xe0, 0x7e, 0xfe, 0x18, 0x20, 0x14, 0x21, 0x88, 0xe4, 0x22,
  0x55, 0xe1, 0x21, 0x66, 0xe1, 0xcb, 0xde, 0xcb, 0x7e, 0x20, 0x24, 0x21,
  0x66, 0xb6, 0x18, 0x1b, 0x21, 0x66, 0xe1, 0xcb, 0x9e, 0xdd, 0xcb, 0x00,
  0xae, 0x3e, 0x01, 0x32, 0x72, 0xe1, 0x3e, 0x0d, 0xcd, 0xcc, 0x85, 0x21,
  0xb7, 0xe2, 0x34, 0x34, 0x21, 0x37, 0xad, 0xcd, 0xde, 0x85, 0xc9, 0x3a,
  0x37, 0xe1, 0xcb, 0x4f, 0x28, 0xe3, 0xcd, 0xd9, 0x8c, 0xc9, 0xaf, 0x32,
  0x5a, 0xe1, 0x32, 0x5b, 0xe1, 0xdd, 0x36, 0x05, 0x00, 0x7e, 0xfd, 0x21,
  0x7c, 0xe1, 0xdd, 0xcb, 0x05, 0xfe, 0xfe, 0x0e, 0x38, 0x0a, 0xfd, 0x21,
  0x09, 0xe2, 0xdd, 0xcb, 0x05, 0xbe, 0xd6, 0x0e, 0xb7, 0x28, 0x08, 0x47,
  0x11, 0x0a, 0x00, 0xfd, 0x19, 0x10, 0xfc, 0xdd, 0xcb, 0x05, 0x7e, 0xca,
  0xd9, 0xb3, 0x21, 0x01, 0xb5, 0x22, 0x01, 0xe1, 0xcd, 0x69, 0x92, 0x30,
  0x04, 0xdd, 0xcb, 0x00, 0xe6, 0xcd, 0xcd, 0xb4, 0xfd, 0x6e, 0x08, 0xfd,
  0x66, 0x09, 0xcd, 0x92, 0xb4, 0x1e, 0x0c, 0x16, 0x00, 0x19, 0xeb, 0x2a,
  0xfb, 0xe0, 0xeb, 0xb7, 0xed, 0x52, 0x38, 0x0d, 0xaf, 0xbd, 0x20, 0x1f,
  0xdd, 0xcb, 0x05, 0xee, 0xdd, 0xcb, 0x05, 0xde, 0xc9, 0xfd, 0xcb, 0x00,
  0x56, 0x20, 0x31, 0x7d, 0xed, 0x44, 0xfe, 0x05, 0x30, 0x2a, 0xdd, 0xcb,
  0x05, 0xde, 0xdd, 0xcb, 0x05, 0xce, 0xc9, 0x7d, 0x21, 0xcb, 0xad, 0xfe,
  0x0c, 0x30, 0x0e, 0x32, 0x5a, 0xe1, 0xdd, 0xcb, 0x05, 0xd6, 0x21, 0xcb,
  0xad, 0x22, 0x01, 0xe1, 0xc9, 0x32, 0x5a, 0xe1, 0x22, 0x01, 0xe1, 0xdd,
  0x36, 0x05, 0x80, 0xc9, 0xfd, 0x6e, 0x08, 0xfd, 0x66, 0x09, 0xcd, 0x92,
  0xb4, 0xfd, 0x5e, 0x06, 0xfd, 0x7e, 0x05, 0xfe, 0x03, 0x30, 0x07, 0xb7,
  0x28, 0x04, 0x7b, 0xc6, 0x08, 0x5f, 0x16, 0x00, 0x19, 0x1e, 0x0b, 0xb7,
  0xed, 0x52, 0xeb, 0x2a, 0xfb, 0xe0, 0xb7, 0xed, 0x52, 0x38, 0x0d, 0xaf,
  0xbd, 0x20, 0x18, 0xdd, 0xcb, 0x05, 0xf6, 0xdd, 0xcb, 0x05, 0xe6, 0xc9,
  0xdd, 0xcb, 0x05, 0xce, 0x7d, 0xed, 0x44, 0xfe, 0x05, 0xd0, 0xdd, 0xcb,
  0x05, 0xe6, 0xc9, 0x7d, 0x21, 0xe8, 0xad, 0xfe, 0x0c, 0x30, 0xa6, 0x32,
  0x5a, 0xe1, 0xdd, 0xcb, 0x05, 0xd6, 0x21, 0xe8, 0xad, 0x22, 0x01, 0xe1,
  0xc9, 0xcd, 0x02, 0xb5, 0x21, 0x01, 0xb5, 0x22, 0xff, 0xe0, 0xfd, 0x6e,
  0x08, 0xfd, 0x66, 0x09, 0xcd, 0x92, 0xb4, 0x1e, 0x08, 0x16, 0x00, 0x19,
  0xeb, 0x2a, 0xfd, 0xe0, 0xeb, 0xb7, 0xed, 0x52, 0x38, 0x0d, 0xaf, 0xbd,
  0x20, 0x1f, 0xdd, 0xcb, 0x05, 0xee, 0xdd, 0xcb, 0x05, 0xde, 0xc9, 0xfd,
  0xcb, 0x00, 0x56, 0x20, 0x31, 0x7d, 0xed, 0x44, 0xfe, 0x05, 0x30, 0x2a,
  0xdd, 0xcb, 0x05, 0xde, 0xdd, 0xcb, 0x05, 0xce, 0xc9, 0x7d, 0x21, 0x05,
  0xae, 0xfe, 0x08, 0x30, 0x0e, 0x32, 0x5b, 0xe1, 0xdd, 0xcb, 0x05, 0xd6,
  0x21, 0x05, 0xae, 0x22, 0xff, 0xe0, 0xc9, 0x32, 0x5b, 0xe1, 0x22, 0xff,
  0xe0, 0xdd, 0x36, 0x05, 0x00, 0xc9, 0xfd, 0x6e, 0x08, 0xfd, 0x66, 0x09,
  0xcd, 0x92, 0xb4, 0xfd, 0x46, 0x06, 0x11, 0x10, 0x00, 0x19, 0x10, 0xfd,
  0x16, 0x00, 0x1e, 0x07, 0xb7, 0xed, 0x52, 0xeb, 0x2a, 0xfd, 0xe0, 0xb7,
  0xed, 0x52, 0x38, 0x0d, 0xaf, 0xbd, 0x20, 0x18, 0xdd, 0xcb, 0x05, 0xf6,
  0xdd, 0xcb, 0x05, 0xe6, 0xc9, 0xdd, 0xcb, 0x05, 0xce, 0x7d, 0xed, 0x44,
  0xfe, 0x05, 0xd0, 0xdd, 0xcb, 0x05, 0xe6, 0xc9, 0x7d, 0x21, 0x29, 0xae,
  0xfe, 0x08, 0x30, 0xaf, 0x32, 0x5b, 0xe1, 0xdd, 0xcb, 0x05, 0xd6, 0x21,
  0x29, 0xae, 0x22, 0xff, 0xe0, 0xc9, 0xdd, 0xcb, 0x00, 0x7e, 0xc8, 0xfd,
  0x7e, 0x00, 0x4f, 0xe6, 0x1a, 0xc0, 0x79, 0xe6, 0x60, 0x20, 0x12, 0x3a,
  0x4d, 0xe1, 0x4f, 0xfd, 0x7e, 0x04, 0x91, 0x38, 0x03, 0x79, 0x18, 0x0e,
  0xfd, 0x7e, 0x04, 0x18, 0x09, 0xfd, 0x7e, 0x01, 0x4f, 0x3a, 0x4d, 0xe1,
  0x91, 0xd8, 0x06, 0x00, 0xfd, 0xcb, 0x00, 0x7e, 0x20, 0x04, 0xed, 0x44,
  0x06, 0xff, 0x4f, 0x09, 0xc9, 0xfd, 0x7e, 0x07, 0xcd, 0x51, 0x8e, 0x11,
  0x08, 0x00, 0x19, 0xeb, 0x2a, 0xfd, 0xe0, 0xb7, 0xed, 0x52, 0x28, 0x16,
  0x30, 0x0b, 0x7d, 0xed, 0x44, 0x32, 0x5b, 0xe1, 0x21, 0x05, 0xae, 0x18,
  0x10, 0x7d, 0x32, 0x5b, 0xe1, 0x21, 0x29, 0xae, 0x18, 0x07, 0xaf, 0x32,
  0x5b, 0xe1, 0x21, 0x01, 0xb5, 0x22, 0xff, 0xe0, 0xc9, 0xc9, 0xfd, 0x7e,
  0x07, 0xcd, 0x7e, 0x8e, 0x11, 0x0c, 0x00, 0x19, 0xeb, 0x2a, 0xfb, 0xe0,
  0xb7, 0xed, 0x52, 0x28, 0x16, 0x30, 0x0b, 0x7d, 0xed, 0x44, 0x32, 0x5a,
  0xe1, 0x21, 0xcb, 0xad, 0x18, 0x10, 0x7d, 0x32, 0x5a, 0xe1, 0x21, 0xe8,
  0xad, 0x18, 0x07, 0xaf, 0x32, 0x5a, 0xe1, 0x21, 0x01, 0xb5, 0x22, 0x01,
  0xe1, 0xc9, 0xaf, 0x32, 0x05, 0xe1, 0xdd, 0xcb, 0x05, 0x7e, 0x20, 0x16,
  0xdd, 0xcb, 0x05, 0x6e, 0x20, 0x1f, 0xdd, 0xcb, 0x05, 0x4e, 0x20, 0x19,
  0xdd, 0xcb, 0x05, 0x76, 0xc8, 0xfd, 0xcb, 0x00, 0x76, 0xc8, 0x2a, 0xf7,
  0xe0, 0x11, 0x0a, 0x00, 0x19, 0x3e, 0x07, 0x32, 0x4d, 0xe1, 0xc3, 0xa9,
  0xb5, 0x21, 0x61, 0xa4, 0x22, 0x53, 0xe1, 0xc3, 0x05, 0xae, 0x3e, 0x01,
  0x32, 0x05, 0xe1, 0xdd, 0xcb, 0x05, 0x7e, 0x20, 0x16, 0xdd, 0xcb, 0x05,
  0x76, 0x20, 0x21, 0xdd, 0xcb, 0x05, 0x4e, 0x20, 0x1b, 0xdd, 0xcb, 0x05,
  0x6e, 0xc8, 0xfd, 0xcb, 0x00, 0x6e, 0xc8, 0x2a, 0xf7, 0xe0, 0x11, 0x0a,
  0x00, 0xb7, 0xed, 0x52, 0x3e, 0x07, 0x32, 0x4d, 0xe1, 0xc3, 0xa9, 0xb5,
  0x21, 0x6b, 0xa4, 0x22, 0x53, 0xe1, 0xc3, 0x29, 0xae, 0xe5, 0x11, 0x98,
  0xe0, 0xb7, 0xed, 0x52, 0x7d, 0xe1, 0xfe, 0x5f, 0xd0, 0xfe, 0x00, 0xd8,
  0x7e, 0xfe, 0xff, 0xc8, 0xfe, 0x18, 0x20, 0x09, 0x21, 0xf0, 0xe0, 0x22,
  0x4e, 0xe1, 0xc3, 0x4e, 0xb2, 0xdd, 0xcb, 0x00, 0xfe, 0x3a, 0x7a, 0xe1,
  0x32, 0x08, 0xe1, 0x22, 0x4e, 0xe1, 0xcd, 0xda, 0xb2, 0xdd, 0xcb, 0x05,
  0x7e, 0x28, 0x14, 0xdd, 0x7e, 0x05, 0xe6, 0x7f, 0x28, 0x17, 0x3e, 0x0a,
  0x32, 0x7d, 0xe0, 0x3e, 0x07, 0x32, 0x7b, 0xe0, 0xc3, 0x4e, 0xb2, 0x3a,
  0x5b, 0xe1, 0xfe, 0x11, 0x30, 0x03, 0xc3, 0x4e, 0xb2, 0x3a, 0x08, 0xe1,
  0x32, 0x7a, 0xe1, 0xc9, 0x2a, 0xf7, 0xe0, 0xcd, 0xda, 0xb2, 0xcd, 0x95,
  0xad, 0x21, 0x03, 0xe1, 0xcb, 0x46, 0xc0, 0x21, 0x09, 0xe1, 0x35, 0x28,
  0x09, 0x7e, 0xe6, 0x03, 0x32, 0x05, 0xe1, 0xc3, 0x3f, 0xb1, 0x3a, 0x07,
  0xe1, 0x32, 0x05, 0xe1, 0x21, 0x37, 0xad, 0xcd, 0xde, 0x85, 0x3e, 0x05,
  0xcd, 0xcc, 0x85, 0xc9, 0x3a, 0x52, 0xe1, 0x21, 0x58, 0xe1, 0x35, 0xc0,
  0xc6, 0x03, 0x32, 0x52, 0xe1, 0x5f, 0x16, 0x00, 0x2a, 0x53, 0xe1, 0x19,
  0x7e, 0xfe, 0xff, 0x20, 0x08, 0xaf, 0x32, 0x52, 0xe1, 0x2a, 0x53, 0xe1,
  0x7e, 0xcd, 0xcc, 0x85, 0x3e, 0x03, 0x32, 0x58, 0xe1, 0x23, 0x5e, 0x23,
  0x56, 0xed, 0x53, 0x55, 0xe1, 0xc9, 0x21, 0xb7, 0xe2, 0x3a, 0x0a, 0xe1,
  0xc6, 0x7f, 0xbe, 0x38, 0x0d, 0x34, 0x34, 0x3a, 0x37, 0xe1, 0xcb, 0x4f,
  0xc8, 0xaf, 0x32, 0x5c, 0xe1, 0xc9, 0x21, 0x37, 0xad, 0xcd, 0xde, 0x85,
  0x21, 0x75, 0xe1, 0xcb, 0x86, 0x21, 0x66, 0xe1, 0x36, 0x09, 0x21, 0x81,
  0x8c, 0x22, 0x69, 0xe1, 0x3a, 0x0a, 0xe1, 0x3c, 0x32, 0x0a, 0xe1, 0x21,
  0x88, 0xe4, 0x22, 0x55, 0xe1, 0xc9, 0x3a, 0x29, 0xe1, 0xb7, 0xc8, 0x3a,
  0x28, 0xe1, 0x21, 0x3a, 0xe1, 0xbe, 0x20, 0x5a, 0xdd, 0x36, 0x02, 0x0a,
  0xdd, 0x36, 0x01, 0x05, 0x3a, 0x20, 0xe1, 0x21, 0xb8, 0xe2, 0x96, 0x30,
  0x02, 0xed, 0x44, 0xfe, 0x18, 0xd8, 0x21, 0xb7, 0xe2, 0x3e, 0x72, 0xbe,
  0xd8, 0x3a, 0x1f, 0xe1, 0x96, 0x30, 0x02, 0xed, 0x44, 0xfe, 0x20, 0xd8,
  0xcd, 0xd4, 0xb7, 0x38, 0x2d, 0x21, 0xed, 0xb6, 0xcd, 0xde, 0x85, 0x3e,
  0xc0, 0x32, 0x24, 0xe1, 0x21, 0x29, 0xe1, 0x35, 0xc9, 0x21, 0x24, 0xe1,
  0x35, 0x20, 0x23, 0x3a, 0x93, 0xe0, 0xb7, 0x20, 0x05, 0x3e, 0x04, 0x32,
  0x93, 0xe0, 0xdd, 0xcb, 0x00, 0x76, 0xc4, 0x79, 0xb7, 0x3e, 0xfc, 0x32,
  0x2b, 0xe1, 0x11, 0x70, 0xe1, 0x21, 0x76, 0x97, 0x01, 0x05, 0x00, 0xed,
  0xb0, 0xc9, 0x3a, 0x28, 0xe1, 0x21, 0x3a, 0xe1, 0xbe, 0xc0, 0xdd, 0x36,
  0x01, 0x04, 0x3a, 0x75, 0xe1, 0xcb, 0x6f, 0x20, 0x1c, 0xed, 0x5b, 0x17,
  0xe1, 0x2a, 0x26, 0xe1, 0xb7, 0xed, 0x52, 0x20, 0x10, 0x2a, 0x26, 0xe1,
  0xcb, 0x56, 0x20, 0x51, 0x3a, 0x23, 0xe1, 0x21, 0x7a, 0xe1, 0xa6, 0x20,
  0x48, 0xdd, 0x7e, 0x00, 0xee, 0x20, 0xdd, 0x77, 0x00, 0xcb, 0x6f, 0xc0,
  0xcb, 0x77, 0x20, 0x25, 0xcb, 0x7f, 0xc0, 0xdd, 0xcb, 0x00, 0xf6, 0x2a,
  0x1d, 0xe1, 0x3a, 0x93, 0xe0, 0xb7, 0x28, 0x0a, 0x3e, 0x06, 0xcd, 0xcc,
  0x85, 0x11, 0x20, 0xb0, 0x18, 0x08, 0x3e, 0x11, 0xcd, 0xcc, 0x85, 0x11,
  0x23, 0xb0, 0xc3, 0x09, 0xb0, 0xdd, 0xcb, 0x00, 0xb6, 0x3a, 0x28, 0xe1,
  0x21, 0x3a, 0xe1, 0xbe, 0xc0, 0x11, 0x1a, 0xb0, 0x2a, 0x1d, 0xe1, 0x18,
  0xe9, 0xaf, 0x32, 0x7d, 0xe0, 0x3e, 0x14, 0x32, 0x7b, 0xe0, 0x21, 0x93,
  0xe0, 0x7e, 0xb7, 0x20, 0x10, 0x36, 0x04, 0x21, 0x92, 0xe0, 0x34, 0xcd,
  0xd0, 0x88, 0x3e, 0x14, 0xcd, 0xcc, 0x85, 0x18, 0x18, 0x35, 0x06, 0x05,
  0xc5, 0x2a, 0x8e, 0xe0, 0x11, 0x8d, 0xe0, 0xcd, 0x15, 0xb8, 0xc1, 0x10,
  0xf3, 0xcd, 0x02, 0xb8, 0x3e, 0x10, 0xcd, 0xcc, 0x85, 0xb7, 0x2a, 0x78,
  0xe1, 0x11, 0x04, 0xb6, 0xed, 0x52, 0xca, 0x05, 0xb7, 0xc3, 0xfe, 0xb6,
  0x2a, 0x26, 0xe1, 0x3a, 0x25, 0xe1, 0xa6, 0x28, 0x0d, 0x7e, 0xe6, 0x18,
  0x28, 0x08, 0x3a, 0x23, 0xe1, 0xa6, 0x28, 0x02, 0xb7, 0xc9, 0x37, 0xc9,
  0xcd, 0x8a, 0xb8, 0x3a, 0x88, 0xe0, 0xb7, 0xc8, 0x11, 0x18, 0x18, 0xcd,
  0x60, 0x8c, 0x06, 0x02, 0x21, 0x8e, 0xe0, 0xcd, 0x40, 0xb8, 0x3a, 0x88,
  0xe0, 0xb7, 0xc8, 0x11, 0x09, 0x18, 0xcd, 0x60, 0x8c, 0x06, 0x06, 0x21,
  0x8a, 0xe0, 0xc3, 0x40, 0xb8, 0x1a, 0x84, 0x27, 0x12, 0x1b, 0x1a, 0x8d,
  0x27, 0x12, 0xd0, 0x06, 0x00, 0x1b, 0x1a, 0x88, 0x27, 0x12, 0x38, 0xf9,
  0xc9, 0x1a, 0x94, 0x27, 0x12, 0x1b, 0x1a, 0x9d, 0x27, 0x12, 0xd0, 0x05,
  0xc8, 0x0e, 0x00, 0x1b, 0x1a, 0x99, 0x27, 0x12, 0xd0, 0x10, 0xf8, 0xc9,
  0x1e, 0x00, 0xcd, 0x4b, 0xb8, 0x3e, 0x5c, 0xed, 0x79, 0x06, 0x02, 0x7e,
  0xcb, 0x3f, 0xcb, 0x3f, 0xcb, 0x3f, 0xcb, 0x3f, 0xcd, 0x63, 0xb8, 0x7e,
  0xe6, 0x0f, 0xcd, 0x63, 0xb8, 0x23, 0xaf, 0xb8, 0x20, 0xe9, 0xc9, 0xcb,
  0x43, 0x20, 0x05, 0xb7, 0x20, 0x18, 0x3e, 0x0a, 0x00, 0x00, 0x00, 0xc6,
  0x50, 0xed, 0x79, 0x05, 0x3e, 0x01, 0xb8, 0xc0, 0xcb, 0x43, 0xc0, 0x1e,
  0xff, 0x3e, 0x5b, 0xed, 0x79, 0xc9, 0x1e, 0x5b, 0xed, 0x59, 0x1e, 0xff,
  0x18, 0xe2, 0x3a, 0x84, 0xe0, 0xb7, 0xc8, 0x11, 0xa2, 0x00, 0x3e, 0x0b,
  0xcd, 0x45, 0x8b, 0x11, 0xb2, 0x00, 0x3e, 0x0c, 0xcd, 0x45, 0x8b, 0x11,
  0xaa, 0x00, 0x3a, 0x83, 0xe0, 0x3c, 0xc3, 0x45, 0x8b, 0xfd, 0x21, 0x7b,
  0xe1, 0xfd, 0x46, 0x00, 0x3a, 0x11, 0xe1, 0x80, 0x47, 0xfd, 0x23, 0x0e,
  0x00, 0xc5, 0xfd, 0x6e, 0x02, 0xfd, 0x66, 0x03, 0xfd, 0x46, 0x06, 0x05,
  0xfd, 0xcb, 0x00, 0x4e, 0x20, 0x08, 0x04, 0xfd, 0xcb, 0x00, 0x7e, 0x20,
  0x01, 0x2b, 0xe5, 0x23, 0x7d, 0x3d, 0xe6, 0x07, 0xc5, 0xe5, 0xf5, 0xcd,
  0x08, 0xa5, 0xf1, 0xe1, 0xc1, 0x10, 0xf0, 0xcd, 0x69, 0x92, 0x30, 0x33,
  0xfd, 0x66, 0x03, 0xfd, 0x6e, 0x02, 0xfe, 0x02, 0x28, 0x1d, 0xfd, 0x7e,
  0x06, 0x11, 0x01, 0x00, 0xfe, 0x28, 0x28, 0x0a, 0x11, 0x09, 0x00, 0xfe,
  0x20, 0x28, 0x03, 0x11, 0x09, 0x00, 0xb7, 0xed, 0x52, 0x23, 0xcd, 0x1f,
  0x8e, 0x18, 0x0c, 0xfd, 0x7e, 0x06, 0xd6, 0x08, 0x5f, 0x16, 0x00, 0x19,
  0xcd, 0x1f, 0x8e, 0xe1, 0xfd, 0xcb, 0x00, 0x4e, 0x20, 0x19, 0x11, 0x3b,
  0xb9, 0xd5, 0xe5, 0x7d, 0x3d, 0xe6, 0x07, 0xfd, 0xcb, 0x00, 0x6e, 0xc2,
  0xa5, 0xa6, 0xe1, 0x11, 0x01, 0x00, 0x19, 0xe5, 0xc3, 0x34, 0xa7, 0xfd,
  0x66, 0x03, 0xfd, 0x6e, 0x02, 0x7d, 0xe6, 0xf8, 0x6f, 0x11, 0x0f, 0x20,
  0x19, 0xcd, 0x53, 0xaf, 0x01, 0x0a, 0x00, 0xfd, 0x09, 0xc1, 0x05, 0xc2,
  0xb9, 0xb8, 0xfd, 0x21, 0x08, 0xe2, 0xfd, 0x46, 0x00, 0xfd, 0x23, 0x0e,
  0x0e, 0xc5, 0xfd, 0x66, 0x03, 0xfd, 0x6e, 0x02, 0xfd, 0x46, 0x06, 0xcb,
  0x20, 0xcb, 0x20, 0xcb, 0x20, 0xcb, 0x20, 0x05, 0x7d, 0xe6, 0x07, 0xe5,
  0xf5, 0xfd, 0xcb, 0x00, 0x4e, 0x20, 0x15, 0xfd, 0xcb, 0x00, 0x7e, 0x20,
  0x0f, 0x2b, 0x7d, 0xe6, 0x07, 0xfe, 0x07, 0xc2, 0x94, 0xb9, 0xb7, 0x11,
  0xf0, 0x00, 0xed, 0x52, 0x23, 0x7d, 0xe6, 0x07, 0x20, 0x04, 0x11, 0xf0,
  0x00, 0x19, 0xc5, 0xe5, 0xf5, 0x08, 0x3e, 0xff, 0x08, 0xcd, 0x59, 0xa5,
  0xf1, 0xe1, 0xc1, 0x10, 0xe7, 0xf1, 0xe1, 0xfd, 0xcb, 0x00, 0x4e, 0x20,
  0x10, 0x11, 0xc5, 0xb9, 0xd5, 0xe5, 0xf5, 0xfd, 0xcb, 0x00, 0x7e, 0xc2,
  0xb4, 0xa7, 0xc3, 0x4f, 0xa8, 0xfd, 0x66, 0x03, 0xfd, 0x6e, 0x02, 0x7d,
  0xe6, 0xf8, 0x6f, 0x11, 0x0f, 0x20, 0x19, 0xcd, 0x01, 0xaf, 0x01, 0x0a,
  0x00, 0xfd, 0x09, 0xc1, 0x0c, 0x05, 0xc2, 0x61, 0xb9, 0xc9, 0xaf, 0xcd,
  0xcc, 0x85, 0xfe, 0x16, 0xd0, 0x5f, 0x16, 0x00, 0x21, 0xf6, 0xb9, 0x19,
  0x19, 0x7e, 0x23, 0x66, 0x6f, 0xe9, 0x22, 0xba, 0xfe, 0xba, 0xf3, 0xba,
  0x33, 0xbb, 0x53, 0xbb, 0x2d, 0xbb, 0x21, 0xbb, 0x09, 0xbb, 0x63, 0xbb,
  0x73, 0xbb, 0x83, 0xbb, 0x93, 0xbb, 0xd2, 0xba, 0x0f, 0xbb, 0x27, 0xbb,
  0x43, 0xbb, 0xa9, 0xbb, 0xa3, 0xbb, 0xe3, 0xba, 0xd3, 0xba, 0x15, 0xbb,
  0x1b, 0xbb, 0x21, 0x2a, 0xba, 0x06, 0x05, 0xc3, 0x5a, 0x83, 0xd2, 0xba,
  0x46, 0xe0, 0x69, 0xbc, 0x64, 0xe0, 0x72, 0xbc, 0x6e, 0xe0, 0x84, 0xbc,
  0x6e, 0xe0, 0xb4, 0xbb, 0x50, 0xe0, 0x3f, 0xbc, 0x6e, 0xe0, 0xa9, 0xbf,
  0x6e, 0xe0, 0xc7, 0xbb, 0x6e, 0xe0, 0x7b, 0xbc, 0x64, 0xe0, 0x94, 0xbc,
  0x6e, 0xe0, 0x8d, 0xbc, 0x6e, 0xe0, 0x0f, 0xbc, 0x50, 0xe0, 0x24, 0xbc,
  0x5a, 0xe0, 0x2b, 0xbc, 0x64, 0xe0, 0xd1, 0xbf, 0x5a, 0xe0, 0xe6, 0xbf,
  0x64, 0xe0, 0xb7, 0xbf, 0x6e, 0xe0, 0xd6, 0xbb, 0x46, 0xe0, 0xe9, 0xbb,
  0x50, 0xe0, 0xfc, 0xbb, 0x5a, 0xe0, 0xd2, 0xba, 0x50, 0xe0, 0xf6, 0xbe,
  0x46, 0xe0, 0x14, 0xbf, 0x50, 0xe0, 0x42, 0xbf, 0x5a, 0xe0, 0x03, 0xbe,
  0x46, 0xe0, 0x16, 0xbe, 0x50, 0xe0, 0x83, 0xbe, 0x5a, 0xe0, 0x9b, 0xbc,
  0x46, 0xe0, 0xc6, 0xbc, 0x50, 0xe0, 0xd2, 0xba, 0x5a, 0xe0, 0xfc, 0xbc,
  0x46, 0xe0, 0x95, 0xbd, 0x50, 0xe0, 0x62, 0xbc, 0x6e, 0xe0, 0xa1, 0xbd,
  0x5a, 0xe0, 0xc4, 0xbf, 0x64, 0xe0, 0x32, 0xbc, 0x64, 0xe0, 0x7c, 0xbf,
  0x50, 0xe0, 0x85, 0xbf, 0x5a, 0xe0, 0x8e, 0xbf, 0x46, 0xe0, 0x73, 0xbf,
  0x46, 0xe0, 0x97, 0xbf, 0x50, 0xe0, 0xa0, 0xbf, 0x5a, 0xe0, 0x10, 0x06,
  0x27, 0xcd, 0x85, 0x80, 0x06, 0x29, 0xcd, 0x85, 0x80, 0x06, 0x2a, 0xcd,
  0x85, 0x80, 0xc9, 0x06, 0x28, 0xcd, 0x85, 0x80, 0x06, 0x25, 0xcd, 0x85,
  0x80, 0x06, 0x26, 0xcd, 0x85, 0x80, 0xc9, 0x06, 0x04, 0xcd, 0x85, 0x80,
  0x06, 0x09, 0xcd, 0x85, 0x80, 0xc9, 0x06, 0x02, 0xcd, 0x85, 0x80, 0x06,
  0x03, 0xcd, 0x85, 0x80, 0xc9, 0x06, 0x05, 0xcd, 0x85, 0x80, 0xc9, 0x06,
  0x08, 0xcd, 0x85, 0x80, 0xc9, 0x06, 0x06, 0xcd, 0x85, 0x80, 0xc9, 0x06,
  0x21, 0xcd, 0x85, 0x80, 0xc9, 0x06, 0x07, 0xcd, 0x85, 0x80, 0xc9, 0x06,
  0x0a, 0xcd, 0x85, 0x80, 0xc9, 0x06, 0x0b, 0xcd, 0x85, 0x80, 0xc9, 0x06,
  0x0c, 0xcd, 0x85, 0x80, 0x06, 0x0d, 0xcd, 0x85, 0x80, 0x06, 0x0e, 0xcd,
  0x85, 0x80, 0xc9, 0x06, 0x15, 0xcd, 0x85, 0x80, 0x06, 0x0f, 0xcd, 0x85,
  0x80, 0x06, 0x10, 0xcd, 0x85, 0x80, 0xc9, 0x06, 0x12, 0xcd, 0x85, 0x80,
  0x06, 0x13, 0xcd, 0x85, 0x80, 0x06, 0x14, 0xcd, 0x85, 0x80, 0xc9, 0x06,
  0x1c, 0xcd, 0x85, 0x80, 0x06, 0x1d, 0xcd, 0x85, 0x80, 0x06, 0x1e, 0xcd,
  0x85, 0x80, 0xc9, 0x06, 0x1f, 0xcd, 0x85, 0x80, 0x06, 0x20, 0xcd, 0x85,
  0x80, 0x06, 0x22, 0xcd, 0x85, 0x80, 0xc9, 0x06, 0x19, 0xcd, 0x85, 0x80,
  0x06, 0x1a, 0xcd, 0x85, 0x80, 0x06, 0x1b, 0xcd, 0x85, 0x80, 0xc9, 0x06,
  0x16, 0xcd, 0x85, 0x80, 0x06, 0x17, 0xcd, 0x85, 0x80, 0x06, 0x18, 0xcd,
  0x85, 0x80, 0xc9, 0x06, 0x24, 0xcd, 0x85, 0x80, 0xc9, 0x06, 0x11, 0xcd,
  0x85, 0x80, 0x06, 0x23, 0xcd, 0x85, 0x80, 0xc9, 0x42, 0xff, 0x21, 0x04,
  0x28, 0x11, 0x42, 0x40, 0x40, 0x04, 0x28, 0x11, 0x42, 0x80, 0x90, 0x04,
  0x14, 0x11, 0x10, 0xc0, 0xff, 0x02, 0x02, 0xe2, 0xc0, 0xf7, 0x42, 0x01,
  0xe3, 0xc0, 0xf7, 0x82, 0x01, 0x10, 0x42, 0x3f, 0x80, 0x10, 0xe4, 0x22,
  0x40, 0x3f, 0x80, 0x08, 0x43, 0x3f, 0x00, 0x02, 0x11, 0x01, 0x1f, 0x11,
  0x10, 0x82, 0x64, 0x80, 0x10, 0xe4, 0x22, 0x80, 0x64, 0x80, 0x08, 0x83,
  0x64, 0x00, 0x02, 0x11, 0x01, 0x1f, 0x11, 0x10, 0xc2, 0x97, 0x80, 0x10,
  0xe4, 0x22, 0xc0, 0x97, 0x80, 0x08, 0xc3, 0x97, 0x00, 0x02, 0x11, 0x01,
  0x1f, 0x11, 0x10, 0x40, 0xfa, 0x22, 0x04, 0x68, 0x40, 0x5c, 0x92, 0x04,
  0x68, 0x40, 0xff, 0x63, 0x04, 0x68, 0x40, 0x8a, 0x93, 0x04, 0x68, 0x18,
  0x81, 0xf9, 0x63, 0xff, 0x22, 0xfc, 0x10, 0xc1, 0x27, 0x63, 0xff, 0x22,
  0xfd, 0x10, 0xc0, 0x22, 0xf0, 0x03, 0xc0, 0xfc, 0x21, 0x03, 0xc0, 0x22,
  0xf0, 0x03, 0x10, 0x40, 0xfe, 0x00, 0x02, 0x63, 0x40, 0xa9, 0x20, 0x01,
  0x63, 0x40, 0x3f, 0x40, 0x01, 0x63, 0x40, 0xa9, 0x10, 0x02, 0x62, 0x40,
  0xc9, 0x30, 0x02, 0x62, 0x40, 0x97, 0x50, 0x02, 0x62, 0x40, 0xa9, 0x70,
  0x03, 0x10, 0x41, 0xfd, 0x40, 0x03, 0x15, 0xc1, 0x10, 0x83, 0xa0, 0xf1,
  0x20, 0x11, 0x10, 0xfd, 0x22, 0x10, 0xc3, 0xdf, 0xf1, 0x20, 0x11, 0x10,
  0xfd, 0x22, 0x10, 0x83, 0xc0, 0xf3, 0x20, 0x22, 0xf0, 0xfd, 0x33, 0x10,
  0xc3, 0xdf, 0xf3, 0x20, 0x22, 0xf0, 0xfd, 0x33, 0x10, 0x81, 0x40, 0x43,
  0x03, 0x11, 0x40, 0x10, 0x81, 0x80, 0x43, 0x04, 0x11, 0x20, 0x10, 0x40,
  0xc0, 0x23, 0x01, 0x7f, 0x70, 0x40, 0xe0, 0x41, 0x01, 0x77, 0x40, 0x78,
  0x40, 0x01, 0x77, 0x40, 0x67, 0x61, 0x01, 0x77, 0x40, 0xe0, 0xa1, 0x01,
  0x6b, 0x40, 0xa6, 0x41, 0x01, 0x6b, 0x40, 0xc0, 0x53, 0x01, 0x6b, 0x78,
  0x40, 0xc0, 0x33, 0x01, 0x6b, 0x18, 0xb8, 0x82, 0x22, 0x36, 0x04, 0x4f,
  0x11, 0x80, 0x00, 0xf0, 0x5c, 0xb8, 0x82, 0x21, 0x26, 0x04, 0x4f, 0x11,
  0x80, 0x00, 0xf0, 0x5c, 0x80, 0x00, 0x14, 0x01, 0x2b, 0x80, 0x00, 0x34,
  0x01, 0x2b, 0x80, 0x00, 0x55, 0x01, 0x2b, 0x80, 0x00, 0xa5, 0x01, 0x2b,
  0xb8, 0x82, 0x50, 0x26, 0x04, 0x4f, 0x11, 0x80, 0x00, 0xf0, 0x5c, 0x18,
  0xc0, 0xff, 0x03, 0x01, 0x3f, 0xec, 0xc2, 0x7f, 0xf0, 0x15, 0xff, 0x1a,
  0x3f, 0xc0, 0x00, 0x23, 0x01, 0x27, 0xc0, 0x40, 0x53, 0x01, 0xe7, 0xc0,
  0x80, 0x83, 0x01, 0xe7, 0xc0, 0xf0, 0xa3, 0x01, 0xe7, 0xc0, 0xff, 0x03,
  0x01, 0x3f, 0xc0, 0x00, 0x23, 0x01, 0xef, 0xc0, 0x00, 0x23, 0x01, 0xe7,
  0xc0, 0xff, 0x43, 0x01, 0xe7, 0xc0, 0xff, 0x03, 0x01, 0xf7, 0xc0, 0xff,
  0x23, 0x01, 0xe7, 0xc0, 0x00, 0x33, 0x01, 0xe7, 0xc0, 0x00, 0x03, 0x01,
  0xe7, 0xc0, 0x00, 0x33, 0x01, 0xe7, 0xc0, 0x00, 0x53, 0x01, 0xe7, 0xc0,
  0xff, 0x13, 0x01, 0x3f, 0xc2, 0x00, 0x23, 0x08, 0x27, 0x11, 0xf8, 0xc0,
  0xff, 0x13, 0x01, 0x3f, 0xc2, 0x00, 0x23, 0x08, 0x27, 0x11, 0xf8, 0xc0,
  0xff, 0x13, 0x01, 0x3f, 0xc2, 0x00, 0x23, 0x08, 0x27, 0x11, 0xf8, 0xc0,
  0xff, 0x13, 0x01, 0xef, 0xc2, 0x00, 0x33, 0x04, 0x44, 0x11, 0xec, 0xc2,
  0x00, 0x33, 0x04, 0x44, 0x11, 0xec, 0xc2, 0x00, 0x03, 0x04, 0x44, 0x11,
  0xe4, 0xc2, 0x00, 0x03, 0x04, 0x44, 0x11, 0xe4, 0x18, 0x80, 0xff, 0x40,
  0x01, 0xaf, 0x80, 0x7f, 0x80, 0x01, 0xaf, 0xb0, 0x18, 0x7f, 0x7f, 0x7f,
  0x7f, 0x64, 0x40, 0xf9, 0x53, 0x06, 0x62, 0x40, 0xf9, 0x53, 0x0c, 0x64,
  0x40, 0xf9, 0x53, 0x04, 0x64, 0x40, 0xfc, 0x51, 0x08, 0x78, 0x40, 0xf9,
  0x33, 0x04, 0x64, 0x40, 0xf9, 0x63, 0x04, 0x64, 0x40, 0xf9, 0x93, 0x04,
  0x64, 0x40, 0xf9, 0xb3, 0x04, 0x64, 0x78, 0x40, 0xf9, 0x43, 0x08, 0x40,
  0x3b, 0x52, 0x04, 0x64, 0x42, 0x3b, 0x42, 0x08, 0x16, 0x21, 0x42, 0x5c,
  0x42, 0x10, 0x16, 0x21, 0x42, 0xa7, 0x52, 0x10, 0x15, 0x21, 0x42, 0xfa,
  0x52, 0x10, 0x15, 0x21, 0x42, 0x27, 0x53, 0x10, 0x1a, 0x21, 0x42, 0xfc,
  0x51, 0x11, 0x13, 0x21, 0x7f, 0x7f, 0x7f, 0x7f, 0x7f, 0x64, 0x18, 0x80,
  0xff, 0x23, 0x01, 0x82, 0xa7, 0x32, 0x05, 0x92, 0x11, 0xaa, 0x82, 0xa7,
  0x62, 0x05, 0x92, 0x11, 0xab, 0x18, 0x40, 0x00, 0xf0, 0x30, 0x40, 0xff,
  0x03, 0x01, 0x67, 0x40, 0xff, 0x03, 0x01, 0x67, 0x40, 0xfc, 0x41, 0x08,
  0x68, 0x40, 0xfc, 0x41, 0x08, 0x68, 0x40, 0x3b, 0x52, 0x08, 0x68, 0x40,
  0xfc, 0x31, 0x0c, 0x64, 0x40, 0x00, 0xf0, 0xc0, 0x40, 0xfc, 0x41, 0x08,
  0x68, 0x40, 0xfc, 0x41, 0x0c, 0x64, 0x40, 0x3b, 0x42, 0x08, 0x68, 0x40,
  0xfc, 0x41, 0x08, 0x68, 0x40, 0x00, 0xf0, 0xc0, 0x40, 0xfc, 0x41, 0x06,
  0x7a, 0x40, 0x00, 0xf0, 0x20, 0x40, 0x93, 0x41, 0x06, 0x6a, 0x40, 0x93,
  0x41, 0x06, 0x6a, 0x40, 0x00, 0xf0, 0x20, 0x40, 0x7d, 0x41, 0x06, 0x7a,
  0x40, 0x00, 0xf0, 0x20, 0x40, 0x53, 0x41, 0x06, 0x6a, 0x40, 0x53, 0x41,
  0x06, 0x6a, 0x40, 0x00, 0xf0, 0x20, 0x18, 0xc0, 0x00, 0xf0, 0x40, 0xc0,
  0xa7, 0x52, 0x08, 0x68, 0xc0, 0xa7, 0x52, 0x08, 0x68, 0xc0, 0xfa, 0x52,
  0x08, 0x68, 0xc0, 0xa7, 0x42, 0x0c, 0x64, 0xc0, 0x00, 0xf0, 0xc0, 0xc0,
  0xa7, 0x52, 0x08, 0x68, 0xc0, 0xa7, 0x52, 0x0c, 0x64, 0xc0, 0xfa, 0x52,
  0x08, 0x68, 0xc0, 0xa7, 0x52, 0x08, 0x68, 0xc0, 0x00, 0xf0, 0xc0, 0xc0,
  0xa7, 0x42, 0x06, 0x7a, 0xc3, 0x20, 0x80, 0x10, 0x22, 0x01, 0x37, 0xf8,
  0xc0, 0xa7, 0x42, 0x06, 0x6a, 0xc0, 0xa7, 0x42, 0x06, 0x6a, 0xc3, 0x40,
  0x60, 0x10, 0x22, 0x01, 0x27, 0xf8, 0xc0, 0x5c, 0x42, 0x06, 0x7a, 0xc3,
  0x80, 0x80, 0x10, 0x22, 0x02, 0x37, 0xf8, 0xc0, 0x1b, 0x42, 0x06, 0x6a,
  0xc0, 0x1b, 0x42, 0x06, 0x6a, 0xc3, 0x00, 0x81, 0x10, 0x22, 0xfd, 0x37,
  0xf8, 0x18, 0x80, 0xff, 0x13, 0x01, 0xb7, 0x82, 0xfc, 0x11, 0x06, 0x35,
  0x11, 0xb2, 0x80, 0xff, 0x13, 0x01, 0xb7, 0x82, 0xfc, 0x31, 0x02, 0x27,
  0x11, 0xaa, 0x80, 0xff, 0x13, 0x01, 0xab, 0x18, 0x42, 0xfa, 0x42, 0x0c,
  0x18, 0x22, 0x6c, 0x40, 0xfa, 0x42, 0x06, 0x72, 0x40, 0xfa, 0x42, 0x06,
  0x66, 0x40, 0xfa, 0x42, 0x06, 0x66, 0x78, 0x40, 0xfa, 0x42, 0x06, 0x66,
  0x6c, 0x6c, 0x40, 0xfa, 0x42, 0x04, 0x68, 0x78, 0x40, 0x57, 0x33, 0x06,
  0x66, 0x40, 0xfa, 0x32, 0x0c, 0x18, 0xc0, 0x00, 0xf0, 0xc0, 0xc0, 0xf7,
  0x42, 0x60, 0xc0, 0x57, 0x43, 0x60, 0xc0, 0x8a, 0x43, 0x60, 0xc0, 0xf9,
  0x43, 0x60, 0xec, 0xc2, 0x2f, 0x60, 0x0c, 0x19, 0x11, 0xec, 0xc2, 0x2f,
  0x60, 0x0c, 0x19, 0x11, 0xec, 0xc2, 0x2f, 0x60, 0x0c, 0x19, 0x11, 0xec,
  0xc2, 0x35, 0x60, 0x0c, 0x19, 0x11, 0x18, 0xc3, 0x00, 0xd0, 0x10, 0x11,
  0x10, 0xff, 0x22, 0x18, 0x83, 0x10, 0xd0, 0x10, 0x11, 0x20, 0xff, 0x22,
  0x18, 0x43, 0x00, 0x41, 0x40, 0x33, 0x01, 0x1c, 0xff, 0x10, 0xc3, 0x00,
  0xd1, 0x0e, 0x11, 0xf0, 0xff, 0x22, 0x18, 0x83, 0x10, 0xd2, 0x0e, 0x11,
  0xe0, 0xff, 0x22, 0x18, 0x43, 0x00, 0xf2, 0x40, 0x33, 0xfe, 0xfc, 0xcc,
  0x10, 0xc1, 0x28, 0x30, 0x02, 0x11, 0x28, 0xe2, 0xc1, 0x32, 0x90, 0x02,
  0x11, 0x32, 0x10, 0x81, 0xc9, 0x60, 0x10, 0x11, 0xf5, 0x82, 0x32, 0x40,
  0x0c, 0x80, 0x11, 0x10, 0xc1, 0xfe, 0x60, 0x10, 0x11, 0xf5, 0xc2, 0x3f,
  0x40, 0x0c, 0x80, 0x11, 0x10, 0x82, 0x5f, 0x00, 0x0a, 0x1f, 0x11, 0xaa,
  0x82, 0x5f, 0x00, 0x0a, 0x1f, 0x11, 0xaa, 0x82, 0x5f, 0x00, 0x0a, 0x1f,
  0x11, 0x10, 0xc2, 0x4b, 0x00, 0x0a, 0x1f, 0x11, 0xea, 0xc2, 0x4b, 0x00,
  0x0a, 0x1f, 0x11, 0xea, 0xc2, 0x4b, 0x00, 0x0a, 0x1f, 0x11, 0x40, 0x00,
  0xf0, 0xff, 0x10, 0x00
};
unsigned int Rock_rom_len = 16384;
