unsigned char Saimazoom_rom[] = {
  0x41, 0x42, 0x0e, 0x40, 0x73, 0x61, 0x69, 0x6d, 0x61, 0x7a, 0x6f, 0x6f,
  0x6d, 0x1a, 0xaf, 0x32, 0xdb, 0xf3, 0xcd, 0xf7, 0x69, 0xcd, 0x41, 0x65,
  0xcd, 0x4a, 0x6d, 0xcd, 0x92, 0x6b, 0xcd, 0xc9, 0x4f, 0xcd, 0xe2, 0x69,
  0xaf, 0x32, 0x18, 0xda, 0xcd, 0xd4, 0x69, 0x76, 0xcd, 0xa9, 0x67, 0xcd,
  0x90, 0x4e, 0xcd, 0x30, 0x4f, 0xcd, 0x7f, 0x6d, 0x21, 0x38, 0x74, 0xcd,
  0x60, 0x6d, 0xcd, 0xa8, 0x6c, 0x76, 0xcd, 0xa9, 0x67, 0xcd, 0xdd, 0x4f,
  0xcd, 0x4a, 0x6d, 0xcd, 0x15, 0x4b, 0xcd, 0xd4, 0x69, 0x76, 0xcd, 0x63,
  0x4e, 0xcd, 0xa9, 0x67, 0xcd, 0x25, 0x6a, 0xcd, 0xfc, 0x64, 0xcd, 0x84,
  0x51, 0xcd, 0xc1, 0x68, 0x21, 0xea, 0x75, 0xcd, 0x60, 0x6d, 0xaf, 0x32,
  0x2c, 0xda, 0xaf, 0x32, 0x43, 0xda, 0x32, 0x44, 0xda, 0x32, 0x46, 0xda,
  0xaf, 0x32, 0x3f, 0xda, 0xaf, 0x32, 0x18, 0xda, 0xcd, 0xd4, 0x69, 0xcd,
  0x96, 0x67, 0xcd, 0x6e, 0x65, 0xcd, 0x70, 0x4e, 0x76, 0xcd, 0x56, 0x4e,
  0xcd, 0xa9, 0x67, 0xcd, 0x4f, 0x49, 0xaf, 0x32, 0x19, 0xda, 0xcd, 0x4b,
  0x61, 0xcd, 0x83, 0x63, 0xcd, 0x2f, 0x61, 0x76, 0xcd, 0xa9, 0x67, 0x3e,
  0x01, 0x32, 0x18, 0xda, 0x76, 0xcd, 0xa9, 0x67, 0x3a, 0x2c, 0xda, 0xfe,
  0x00, 0xcc, 0x6e, 0x65, 0x3a, 0x2c, 0xda, 0xfe, 0x00, 0xcc, 0x4f, 0x5c,
  0x3a, 0x2c, 0xda, 0xfe, 0x01, 0xcc, 0x66, 0x4c, 0x3a, 0x31, 0xda, 0xfe,
  0x01, 0xcc, 0x1b, 0x41, 0x3a, 0x5f, 0xda, 0xfe, 0x01, 0xcc, 0x25, 0x41,
  0xcd, 0x7d, 0x44, 0x3a, 0x2c, 0xda, 0xfe, 0x00, 0xcc, 0x2f, 0x61, 0x3a,
  0x60, 0xda, 0xfe, 0x01, 0xcc, 0xbe, 0x43, 0x3a, 0x67, 0xda, 0xfe, 0x01,
  0xd4, 0x10, 0x61, 0x3a, 0x19, 0xda, 0xb7, 0xc2, 0x6a, 0x40, 0x3a, 0x6c,
  0xda, 0xfe, 0x01, 0xcc, 0xd4, 0x43, 0xcd, 0x6a, 0x4b, 0x76, 0xcd, 0xa9,
  0x67, 0xcd, 0x56, 0x4e, 0xcd, 0x56, 0x43, 0xcd, 0x7b, 0x43, 0xcd, 0x92,
  0x43, 0xc3, 0x2f, 0x41, 0xc3, 0xb0, 0x40, 0xaf, 0x32, 0x18, 0xda, 0xcd,
  0xa1, 0x4a, 0xc3, 0x18, 0x40, 0xaf, 0x32, 0x18, 0xda, 0xcd, 0x2d, 0x4a,
  0xc3, 0x18, 0x40, 0x3a, 0x0a, 0xda, 0xfe, 0x02, 0xca, 0x3a, 0x41, 0xc3,
  0xb0, 0x40, 0x3a, 0x0b, 0xda, 0xfe, 0x43, 0xca, 0x45, 0x41, 0xc3, 0xb0,
  0x40, 0x3a, 0xe8, 0xd9, 0xfe, 0x64, 0xca, 0x50, 0x41, 0xc3, 0xb0, 0x40,
  0x3a, 0xe9, 0xd9, 0xfe, 0x64, 0xca, 0x5b, 0x41, 0xc3, 0xb0, 0x40, 0x3a,
  0xea, 0xd9, 0xfe, 0x64, 0xca, 0x66, 0x41, 0xc3, 0xb0, 0x40, 0x3a, 0xeb,
  0xd9, 0xfe, 0x64, 0xca, 0x71, 0x41, 0xc3, 0xb0, 0x40, 0xaf, 0x32, 0x18,
  0xda, 0xcd, 0x70, 0x4e, 0x76, 0xcd, 0x56, 0x4e, 0x06, 0x3c, 0xc5, 0x76,
  0x21, 0xb0, 0x23, 0x01, 0x08, 0x00, 0x3e, 0x71, 0xcd, 0x56, 0x00, 0x21,
  0xb0, 0x2b, 0x01, 0x08, 0x00, 0x3e, 0x71, 0xcd, 0x56, 0x00, 0x21, 0xb0,
  0x33, 0x01, 0x08, 0x00, 0x3e, 0x71, 0xcd, 0x56, 0x00, 0x76, 0x21, 0xb0,
  0x23, 0x01, 0x08, 0x00, 0x3e, 0x51, 0xcd, 0x56, 0x00, 0x21, 0xb0, 0x2b,
  0x01, 0x08, 0x00, 0x3e, 0x51, 0xcd, 0x56, 0x00, 0x21, 0xb0, 0x33, 0x01,
  0x08, 0x00, 0x3e, 0x51, 0xcd, 0x56, 0x00, 0x76, 0x21, 0xb0, 0x23, 0x01,
  0x08, 0x00, 0x3e, 0x41, 0xcd, 0x56, 0x00, 0x21, 0xb0, 0x2b, 0x01, 0x08,
  0x00, 0x3e, 0x41, 0xcd, 0x56, 0x00, 0x21, 0xb0, 0x33, 0x01, 0x08, 0x00,
  0x3e, 0x41, 0xcd, 0x56, 0x00, 0xc1, 0x10, 0x96, 0x76, 0x21, 0xb0, 0x23,
  0x01, 0x08, 0x00, 0x3e, 0x71, 0xcd, 0x56, 0x00, 0x21, 0xb0, 0x2b, 0x01,
  0x08, 0x00, 0x3e, 0x71, 0xcd, 0x56, 0x00, 0x21, 0xb0, 0x33, 0x01, 0x08,
  0x00, 0x3e, 0x71, 0xcd, 0x56, 0x00, 0x06, 0x32, 0x76, 0x10, 0xfd, 0xcd,
  0xd4, 0x69, 0xcd, 0x70, 0x4e, 0x76, 0xcd, 0x56, 0x4e, 0xcd, 0xa9, 0x67,
  0xcd, 0x4a, 0x6d, 0x21, 0xac, 0xa3, 0x11, 0x00, 0x09, 0x01, 0x70, 0x02,
  0xcd, 0x5c, 0x00, 0x11, 0x00, 0x29, 0x21, 0x2c, 0xae, 0x06, 0x4e, 0xcd,
  0x7c, 0x4e, 0x21, 0xac, 0xa3, 0x11, 0x00, 0x0c, 0x01, 0x70, 0x02, 0xcd,
  0x5c, 0x00, 0x11, 0x00, 0x2c, 0x21, 0x3c, 0xae, 0x06, 0x4e, 0xcd, 0x7c,
  0x4e, 0x3e, 0x00, 0x32, 0xc9, 0xd9, 0x3e, 0x09, 0x32, 0xca, 0xd9, 0x21,
  0x6c, 0xb0, 0x22, 0xc7, 0xd9, 0xcd, 0x5c, 0x69, 0x3e, 0x00, 0x32, 0xc9,
  0xd9, 0x3e, 0x0d, 0x32, 0xca, 0xd9, 0x21, 0xae, 0xb0, 0x22, 0xc7, 0xd9,
  0xcd, 0x5c, 0x69, 0x76, 0xcd, 0xa9, 0x67, 0x21, 0x38, 0x74, 0xcd, 0x60,
  0x6d, 0x06, 0xff, 0x76, 0x76, 0x10, 0xfc, 0xcd, 0xd4, 0x69, 0x76, 0xcd,
  0xa9, 0x67, 0x3e, 0x00, 0x32, 0xc9, 0xd9, 0x3e, 0x09, 0x32, 0xca, 0xd9,
  0x21, 0x32, 0xb1, 0x22, 0xc7, 0xd9, 0xcd, 0x5c, 0x69, 0x76, 0xcd, 0xa9,
  0x67, 0x3e, 0x64, 0x32, 0x76, 0xda, 0x3e, 0x0f, 0x32, 0xc9, 0xd9, 0x3e,
  0x0d, 0x32, 0xca, 0xd9, 0x21, 0xe1, 0xac, 0x22, 0xc7, 0xd9, 0xcd, 0x5c,
  0x69, 0x76, 0x76, 0x76, 0x76, 0x76, 0x76, 0xcd, 0xa9, 0x67, 0x3e, 0x0f,
  0x32, 0xc9, 0xd9, 0x3e, 0x0d, 0x32, 0xca, 0xd9, 0x21, 0xec, 0xac, 0x22,
  0xc7, 0xd9, 0xcd, 0x5c, 0x69, 0x76, 0x76, 0x76, 0x76, 0x76, 0x76, 0xcd,
  0xa9, 0x67, 0x3a, 0x76, 0xda, 0x3d, 0x32, 0x76, 0xda, 0x3a, 0x76, 0xda,
  0xfe, 0x00, 0xca, 0xf0, 0x42, 0xc3, 0xa6, 0x42, 0x3e, 0x00, 0x32, 0xc9,
  0xd9, 0x3e, 0x09, 0x32, 0xca, 0xd9, 0x21, 0xf0, 0xb0, 0x22, 0xc7, 0xd9,
  0xcd, 0x5c, 0x69, 0x76, 0xcd, 0xa9, 0x67, 0x3e, 0x64, 0x32, 0x76, 0xda,
  0x3e, 0x0f, 0x32, 0xc9, 0xd9, 0x3e, 0x0d, 0x32, 0xca, 0xd9, 0x21, 0xe1,
  0xac, 0x22, 0xc7, 0xd9, 0xcd, 0x5c, 0x69, 0x76, 0x76, 0x76, 0x76, 0x76,
  0x76, 0xcd, 0xa9, 0x67, 0x3e, 0x0f, 0x32, 0xc9, 0xd9, 0x3e, 0x0d, 0x32,
  0xca, 0xd9, 0x21, 0xec, 0xac, 0x22, 0xc7, 0xd9, 0xcd, 0x5c, 0x69, 0x76,
  0x76, 0x76, 0x76, 0x76, 0x76, 0xcd, 0xa9, 0x67, 0x3a, 0x76, 0xda, 0x3d,
  0x32, 0x76, 0xda, 0x3a, 0x76, 0xda, 0xfe, 0x00, 0xca, 0x18, 0x40, 0xc3,
  0x0c, 0x43, 0x3a, 0xeb, 0xfb, 0xcb, 0x6f, 0xca, 0x5f, 0x43, 0xc9, 0x3a,
  0xeb, 0xfb, 0xcb, 0x6f, 0xc2, 0x6a, 0x43, 0xc3, 0x5f, 0x43, 0x3a, 0xeb,
  0xfb, 0xcb, 0x6f, 0xca, 0x75, 0x43, 0xc3, 0x6a, 0x43, 0x06, 0x0a, 0x76,
  0x10, 0xfd, 0xc9, 0x3a, 0xec, 0xfb, 0xcb, 0x57, 0xca, 0x84, 0x43, 0xc9,
  0xaf, 0x32, 0xcf, 0xd9, 0x3e, 0x01, 0x32, 0x2c, 0xda, 0xaf, 0x32, 0x2e,
  0xda, 0xc9, 0x3a, 0xeb, 0xfb, 0xcb, 0x77, 0xca, 0x9b, 0x43, 0xc9, 0x3a,
  0x75, 0xda, 0xfe, 0x00, 0xca, 0xb0, 0x43, 0xaf, 0x32, 0x75, 0xda, 0x21,
  0xea, 0x75, 0xcd, 0x60, 0x6d, 0xc3, 0xb8, 0x43, 0x3e, 0x01, 0x32, 0x75,
  0xda, 0xcd, 0x4a, 0x6d, 0x06, 0x0a, 0x76, 0x10, 0xfd, 0xc9, 0x2a, 0x6e,
  0xda, 0x22, 0xc7, 0xd9, 0x3a, 0x64, 0xda, 0x32, 0xc9, 0xd9, 0x3a, 0x65,
  0xda, 0x32, 0xca, 0xd9, 0xcd, 0x5c, 0x69, 0xc9, 0x3a, 0x6d, 0xda, 0x3c,
  0x32, 0x6d, 0xda, 0xfe, 0x04, 0xca, 0xf2, 0x43, 0xfe, 0x07, 0xca, 0x03,
  0x44, 0xfe, 0x09, 0xca, 0x14, 0x44, 0xfe, 0x0b, 0xca, 0x25, 0x44, 0xc3,
  0x54, 0x44, 0x3e, 0x30, 0x32, 0xb3, 0xd9, 0x32, 0xb7, 0xd9, 0x32, 0xbb,
  0xd9, 0x32, 0xbf, 0xd9, 0xc3, 0x54, 0x44, 0x3e, 0x34, 0x32, 0xb3, 0xd9,
  0x32, 0xb7, 0xd9, 0x32, 0xbb, 0xd9, 0x32, 0xbf, 0xd9, 0xc3, 0x54, 0x44,
  0x3e, 0x38, 0x32, 0xb3, 0xd9, 0x32, 0xb7, 0xd9, 0x32, 0xbb, 0xd9, 0x32,
  0xbf, 0xd9, 0xc3, 0x54, 0x44, 0xaf, 0x32, 0x6c, 0xda, 0x32, 0x6d, 0xda,
  0x3e, 0xf7, 0x32, 0xb1, 0xd9, 0x32, 0xb5, 0xd9, 0x32, 0xb9, 0xd9, 0x32,
  0xbd, 0xd9, 0xaf, 0x32, 0xb3, 0xd9, 0x32, 0xb7, 0xd9, 0x32, 0xbb, 0xd9,
  0x32, 0xbf, 0xd9, 0x32, 0xb4, 0xd9, 0x32, 0xb8, 0xd9, 0x32, 0xbc, 0xd9,
  0x32, 0xc0, 0xd9, 0xc9, 0x3a, 0xb2, 0xd9, 0x3d, 0x32, 0xb2, 0xd9, 0x32,
  0xb6, 0xd9, 0x3a, 0xba, 0xd9, 0x3c, 0x32, 0xba, 0xd9, 0x32, 0xbe, 0xd9,
  0x3a, 0xb1, 0xd9, 0x3d, 0x32, 0xb1, 0xd9, 0x32, 0xb9, 0xd9, 0x3a, 0xb5,
  0xd9, 0x3c, 0x32, 0xb5, 0xd9, 0x32, 0xbd, 0xd9, 0xc9, 0xaf, 0x32, 0x70,
  0xda, 0x3a, 0x60, 0xda, 0xfe, 0x00, 0xca, 0x8c, 0x44, 0xc3, 0x90, 0x45,
  0x3a, 0x66, 0xda, 0x3c, 0xe6, 0x0f, 0x32, 0x66, 0xda, 0x3a, 0x66, 0xda,
  0xfe, 0x00, 0xca, 0x9e, 0x44, 0xc9, 0xed, 0x5f, 0xe6, 0x01, 0xfe, 0x00,
  0xca, 0xa8, 0x44, 0xc9, 0x3a, 0xef, 0xd9, 0x32, 0x62, 0xda, 0xed, 0x5f,
  0xe6, 0x07, 0x47, 0x3a, 0x62, 0xda, 0x80, 0x32, 0x62, 0xda, 0x3a, 0xf0,
  0xd9, 0x32, 0x63, 0xda, 0xed, 0x5f, 0xe6, 0x07, 0xfe, 0x07, 0xca, 0xcc,
  0x44, 0xc3, 0xcd, 0x44, 0x3d, 0x47, 0x3a, 0x63, 0xda, 0x80, 0x32, 0x63,
  0xda, 0x01, 0x00, 0x00, 0x21, 0x00, 0xc0, 0x3a, 0x62, 0xda, 0x4f, 0x09,
  0x3a, 0x63, 0xda, 0xfe, 0x00, 0xca, 0xf0, 0x44, 0x01, 0x50, 0x00, 0x09,
  0x3d, 0xc3, 0xe3, 0x44, 0x7e, 0xfe, 0x00, 0xca, 0xf7, 0x44, 0xc9, 0x3a,
  0xef, 0xd9, 0x47, 0x3a, 0x62, 0xda, 0x90, 0x32, 0x64, 0xda, 0x3a, 0x64,
  0xda, 0x47, 0x3e, 0x00, 0x3c, 0x3c, 0x3c, 0x10, 0xfb, 0x32, 0x64, 0xda,
  0x3a, 0xf0, 0xd9, 0x47, 0x3a, 0x63, 0xda, 0x90, 0x32, 0x65, 0xda, 0x3a,
  0x65, 0xda, 0x47, 0x3e, 0x00, 0x3c, 0x3c, 0x3c, 0x10, 0xfb, 0x3c, 0x32,
  0x65, 0xda, 0x3e, 0x01, 0x32, 0x60, 0xda, 0xaf, 0x32, 0x6b, 0xda, 0x32,
  0x69, 0xda, 0x32, 0x66, 0xda, 0x3e, 0x0f, 0x32, 0x67, 0xda, 0x21, 0xe1,
  0xac, 0x22, 0x6e, 0xda, 0x3a, 0x64, 0xda, 0x87, 0x87, 0x87, 0x32, 0xb2,
  0xd9, 0x32, 0xb6, 0xd9, 0xc6, 0x08, 0x32, 0xba, 0xd9, 0x32, 0xbe, 0xd9,
  0x3a, 0x65, 0xda, 0x87, 0x87, 0x87, 0x32, 0xb1, 0xd9, 0x32, 0xb9, 0xd9,
  0xc6, 0x08, 0x32, 0xb5, 0xd9, 0x32, 0xbd, 0xd9, 0x3e, 0x2c, 0x32, 0xb3,
  0xd9, 0x32, 0xb7, 0xd9, 0x32, 0xbb, 0xd9, 0x32, 0xbf, 0xd9, 0x3e, 0x0f,
  0x32, 0xb4, 0xd9, 0x32, 0xb8, 0xd9, 0x32, 0xbc, 0xd9, 0x32, 0xc0, 0xd9,
  0xaf, 0x32, 0x61, 0xda, 0x32, 0x71, 0xda, 0xc9, 0x21, 0x5d, 0xac, 0x22,
  0xc7, 0xd9, 0x3a, 0x64, 0xda, 0x32, 0xc9, 0xd9, 0x3a, 0x65, 0xda, 0x32,
  0xca, 0xd9, 0xcd, 0x5c, 0x69, 0x3a, 0x69, 0xda, 0x3c, 0xe6, 0x03, 0x32,
  0x69, 0xda, 0x3a, 0x69, 0xda, 0xfe, 0x00, 0xc8, 0xfe, 0x02, 0xc8, 0x3a,
  0x67, 0xda, 0xfe, 0x00, 0xca, 0x65, 0x46, 0x3a, 0x67, 0xda, 0xfe, 0x0f,
  0xca, 0x19, 0x46, 0x3a, 0x67, 0xda, 0xe6, 0x01, 0xfe, 0x00, 0xca, 0x19,
  0x46, 0xfe, 0x01, 0xca, 0xd6, 0x45, 0x3a, 0xb2, 0xd9, 0x3d, 0x32, 0xb2,
  0xd9, 0x32, 0xb6, 0xd9, 0x3a, 0xba, 0xd9, 0x3c, 0x32, 0xba, 0xd9, 0x32,
  0xbe, 0xd9, 0x3a, 0xb1, 0xd9, 0x3d, 0x32, 0xb1, 0xd9, 0x32, 0xb9, 0xd9,
  0x3a, 0xb5, 0xd9, 0x3c, 0x32, 0xb5, 0xd9, 0x32, 0xbd, 0xd9, 0x21, 0x5d,
  0xac, 0x22, 0x6e, 0xda, 0x3e, 0x01, 0x32, 0x70, 0xda, 0x3a, 0x67, 0xda,
  0x3d, 0x32, 0x67, 0xda, 0x3a, 0x67, 0xda, 0xfe, 0x00, 0xca, 0x5c, 0x46,
  0xc9, 0x3a, 0xb2, 0xd9, 0x3c, 0x32, 0xb2, 0xd9, 0x32, 0xb6, 0xd9, 0x3a,
  0xba, 0xd9, 0x3d, 0x32, 0xba, 0xd9, 0x32, 0xbe, 0xd9, 0x3a, 0xb1, 0xd9,
  0x3c, 0x32, 0xb1, 0xd9, 0x32, 0xb9, 0xd9, 0x3a, 0xb5, 0xd9, 0x3d, 0x32,
  0xb5, 0xd9, 0x32, 0xbd, 0xd9, 0x21, 0xe1, 0xac, 0x22, 0x6e, 0xda, 0x3e,
  0x01, 0x32, 0x70, 0xda, 0x3a, 0x67, 0xda, 0x3d, 0x32, 0x67, 0xda, 0x3a,
  0x67, 0xda, 0xfe, 0x00, 0xca, 0x5c, 0x46, 0xc9, 0x3e, 0x01, 0x32, 0x6c,
  0xda, 0x32, 0x6d, 0xda, 0xc9, 0x3a, 0x69, 0xda, 0xfe, 0x03, 0xca, 0x6e,
  0x46, 0xc9, 0x3a, 0x6b, 0xda, 0x3c, 0xe6, 0x01, 0x32, 0x6b, 0xda, 0x3a,
  0x6b, 0xda, 0xfe, 0x00, 0xca, 0x88, 0x46, 0x21, 0xec, 0xac, 0x22, 0x6e,
  0xda, 0xc3, 0x8e, 0x46, 0x21, 0xe1, 0xac, 0x22, 0x6e, 0xda, 0x3a, 0x71,
  0xda, 0xfe, 0x00, 0xca, 0x99, 0x46, 0xc3, 0xee, 0x47, 0xed, 0x5f, 0xe6,
  0x03, 0xfe, 0x00, 0xca, 0xb1, 0x46, 0xfe, 0x01, 0xca, 0xc9, 0x46, 0xfe,
  0x02, 0xca, 0xc9, 0x46, 0xfe, 0x03, 0xca, 0xc9, 0x46, 0xed, 0x5f, 0xe6,
  0x03, 0xfe, 0x00, 0xca, 0xfd, 0x46, 0xfe, 0x01, 0xca, 0xa8, 0x47, 0xfe,
  0x02, 0xca, 0x36, 0x47, 0xfe, 0x03, 0xca, 0x6f, 0x47, 0xed, 0x5f, 0xe6,
  0x03, 0xfe, 0x00, 0xca, 0xe1, 0x46, 0xfe, 0x01, 0xca, 0xef, 0x46, 0xfe,
  0x02, 0xca, 0xef, 0x46, 0xfe, 0x03, 0xca, 0xe1, 0x46, 0x3a, 0x0a, 0xda,
  0x47, 0x3a, 0x62, 0xda, 0xb8, 0xd2, 0x6f, 0x47, 0xc3, 0xa8, 0x47, 0x3a,
  0x0b, 0xda, 0x47, 0x3a, 0x63, 0xda, 0xb8, 0xd2, 0xfd, 0x46, 0xc3, 0x36,
  0x47, 0x3a, 0x65, 0xda, 0xfe, 0x01, 0xca, 0xe1, 0x47, 0x3a, 0x62, 0xda,
  0x32, 0x73, 0xda, 0x3a, 0x63, 0xda, 0x3d, 0x32, 0x74, 0xda, 0xcd, 0x78,
  0x52, 0x3a, 0x72, 0xda, 0xfe, 0x01, 0xca, 0xe1, 0x47, 0x3a, 0x73, 0xda,
  0x32, 0x62, 0xda, 0x3a, 0x74, 0xda, 0x32, 0x63, 0xda, 0x3e, 0x01, 0x32,
  0x61, 0xda, 0x3e, 0x03, 0x32, 0x71, 0xda, 0xc3, 0xee, 0x47, 0x3a, 0x65,
  0xda, 0xfe, 0x13, 0xca, 0xe1, 0x47, 0x3a, 0x62, 0xda, 0x32, 0x73, 0xda,
  0x3a, 0x63, 0xda, 0x3c, 0x32, 0x74, 0xda, 0xcd, 0x78, 0x52, 0x3a, 0x72,
  0xda, 0xfe, 0x01, 0xca, 0xe1, 0x47, 0x3a, 0x73, 0xda, 0x32, 0x62, 0xda,
  0x3a, 0x74, 0xda, 0x32, 0x63, 0xda, 0x3e, 0x05, 0x32, 0x61, 0xda, 0x3e,
  0x03, 0x32, 0x71, 0xda, 0xc3, 0xee, 0x47, 0x3a, 0x64, 0xda, 0xfe, 0x00,
  0xca, 0xe1, 0x47, 0x3a, 0x63, 0xda, 0x32, 0x74, 0xda, 0x3a, 0x62, 0xda,
  0x3d, 0x32, 0x73, 0xda, 0xcd, 0x78, 0x52, 0x3a, 0x72, 0xda, 0xfe, 0x01,
  0xca, 0xe1, 0x47, 0x3a, 0x73, 0xda, 0x32, 0x62, 0xda, 0x3a, 0x74, 0xda,
  0x32, 0x63, 0xda, 0x3e, 0x07, 0x32, 0x61, 0xda, 0x3e, 0x03, 0x32, 0x71,
  0xda, 0xc3, 0xee, 0x47, 0x3a, 0x64, 0xda, 0xfe, 0x15, 0xca, 0xe1, 0x47,
  0x3a, 0x63, 0xda, 0x32, 0x74, 0xda, 0x3a, 0x62, 0xda, 0x3c, 0x32, 0x73,
  0xda, 0xcd, 0x78, 0x52, 0x3a, 0x72, 0xda, 0xfe, 0x01, 0xca, 0xe1, 0x47,
  0x3a, 0x73, 0xda, 0x32, 0x62, 0xda, 0x3a, 0x74, 0xda, 0x32, 0x63, 0xda,
  0x3e, 0x03, 0x32, 0x61, 0xda, 0x3e, 0x03, 0x32, 0x71, 0xda, 0xc3, 0xee,
  0x47, 0x3e, 0x00, 0x32, 0x61, 0xda, 0x3e, 0x03, 0x32, 0x71, 0xda, 0xc3,
  0xee, 0x47, 0x3a, 0x61, 0xda, 0xfe, 0x00, 0xca, 0x32, 0x48, 0xfe, 0x01,
  0xca, 0x0a, 0x48, 0xfe, 0x03, 0xca, 0x28, 0x48, 0xfe, 0x05, 0xca, 0x14,
  0x48, 0xfe, 0x07, 0xca, 0x1e, 0x48, 0x3a, 0x65, 0xda, 0x3d, 0x32, 0x65,
  0xda, 0xc3, 0x32, 0x48, 0x3a, 0x65, 0xda, 0x3c, 0x32, 0x65, 0xda, 0xc3,
  0x32, 0x48, 0x3a, 0x64, 0xda, 0x3d, 0x32, 0x64, 0xda, 0xc3, 0x32, 0x48,
  0x3a, 0x64, 0xda, 0x3c, 0x32, 0x64, 0xda, 0xc3, 0x32, 0x48, 0x3a, 0x71,
  0xda, 0x3d, 0x32, 0x71, 0xda, 0x3a, 0x2c, 0xda, 0xfe, 0x00, 0xca, 0x42,
  0x48, 0xc9, 0x3a, 0x0d, 0xda, 0x47, 0x3a, 0x65, 0xda, 0x3d, 0x3d, 0xb8,
  0xca, 0x64, 0x48, 0x3c, 0xb8, 0xca, 0x64, 0x48, 0x3c, 0xb8, 0xca, 0x64,
  0x48, 0x3c, 0xb8, 0xca, 0x64, 0x48, 0x3c, 0xb8, 0xca, 0x64, 0x48, 0xc9,
  0x3a, 0x0c, 0xda, 0x47, 0x3a, 0x64, 0xda, 0x3d, 0x3d, 0xb8, 0xca, 0x86,
  0x48, 0x3c, 0xb8, 0xca, 0x86, 0x48, 0x3c, 0xb8, 0xca, 0x86, 0x48, 0x3c,
  0xb8, 0xca, 0x86, 0x48, 0x3c, 0xb8, 0xca, 0x86, 0x48, 0xc9, 0x3a, 0xe8,
  0xd9, 0xfe, 0x6a, 0xca, 0xb0, 0x48, 0x3a, 0xe9, 0xd9, 0xfe, 0x6a, 0xca,
  0xb8, 0x48, 0x3a, 0xea, 0xd9, 0xfe, 0x6a, 0xca, 0xc0, 0x48, 0x3a, 0xeb,
  0xd9, 0xfe, 0x6a, 0xca, 0xc8, 0x48, 0x3e, 0x01, 0x32, 0x2c, 0xda, 0xaf,
  0x32, 0x2e, 0xda, 0xc9, 0x3e, 0x6b, 0x32, 0xe8, 0xd9, 0xc3, 0xcd, 0x48,
  0x3e, 0x6b, 0x32, 0xe9, 0xd9, 0xc3, 0xcd, 0x48, 0x3e, 0x6b, 0x32, 0xea,
  0xd9, 0xc3, 0xcd, 0x48, 0x3e, 0x6b, 0x32, 0xeb, 0xd9, 0x3e, 0x02, 0x06,
  0x08, 0x0e, 0x18, 0xcd, 0x95, 0x6e, 0x3a, 0x64, 0xda, 0x87, 0x87, 0x87,
  0x32, 0xb2, 0xd9, 0x32, 0xb6, 0xd9, 0xc6, 0x08, 0x32, 0xba, 0xd9, 0x32,
  0xbe, 0xd9, 0x3a, 0x65, 0xda, 0x87, 0x87, 0x87, 0x32, 0xb1, 0xd9, 0x32,
  0xb9, 0xd9, 0xc6, 0x08, 0x32, 0xb5, 0xd9, 0x32, 0xbd, 0xd9, 0x3e, 0x2c,
  0x32, 0xb3, 0xd9, 0x32, 0xb7, 0xd9, 0x32, 0xbb, 0xd9, 0x32, 0xbf, 0xd9,
  0x3e, 0x0f, 0x32, 0xb4, 0xd9, 0x32, 0xb8, 0xd9, 0x32, 0xbc, 0xd9, 0x32,
  0xc0, 0xd9, 0x21, 0x5d, 0xac, 0x22, 0xc7, 0xd9, 0x3a, 0x64, 0xda, 0x32,
  0xc9, 0xd9, 0x3a, 0x65, 0xda, 0x32, 0xca, 0xd9, 0xcd, 0x5c, 0x69, 0xaf,
  0x32, 0x60, 0xda, 0x32, 0x69, 0xda, 0x3e, 0x01, 0x32, 0x6c, 0xda, 0x32,
  0x6d, 0xda, 0x3e, 0x50, 0x32, 0x5d, 0xda, 0xcd, 0x58, 0x65, 0x3e, 0x50,
  0x32, 0x5d, 0xda, 0xcd, 0x58, 0x65, 0xc9, 0x3e, 0xf7, 0x32, 0xb1, 0xd9,
  0x32, 0xb5, 0xd9, 0x32, 0xb9, 0xd9, 0x32, 0xbd, 0xd9, 0xaf, 0x32, 0xb3,
  0xd9, 0x32, 0xb7, 0xd9, 0x32, 0xbb, 0xd9, 0x32, 0xbf, 0xd9, 0x32, 0xb4,
  0xd9, 0x32, 0xb8, 0xd9, 0x32, 0xbc, 0xd9, 0x32, 0xc0, 0xd9, 0xaf, 0x32,
  0x60, 0xda, 0x32, 0x61, 0xda, 0x32, 0x62, 0xda, 0x32, 0x63, 0xda, 0x32,
  0x64, 0xda, 0x32, 0x65, 0xda, 0x32, 0x66, 0xda, 0x32, 0x67, 0xda, 0x32,
  0x68, 0xda, 0xed, 0x5f, 0xe6, 0x01, 0xfe, 0x00, 0xca, 0xe4, 0x49, 0x21,
  0x14, 0x93, 0x11, 0x50, 0x00, 0x01, 0x90, 0x00, 0xcd, 0x5c, 0x00, 0x21,
  0x14, 0x93, 0x11, 0x50, 0x08, 0x01, 0x90, 0x00, 0xcd, 0x5c, 0x00, 0x21,
  0x14, 0x93, 0x11, 0x50, 0x10, 0x01, 0x90, 0x00, 0xcd, 0x5c, 0x00, 0x21,
  0x34, 0x94, 0x11, 0x50, 0x20, 0x01, 0x90, 0x00, 0xcd, 0x5c, 0x00, 0x21,
  0x34, 0x94, 0x11, 0x50, 0x28, 0x01, 0x90, 0x00, 0xcd, 0x5c, 0x00, 0x21,
  0x34, 0x94, 0x11, 0x50, 0x30, 0x01, 0x90, 0x00, 0xcd, 0x5c, 0x00, 0xc9,
  0x21, 0x84, 0x92, 0x11, 0x50, 0x00, 0x01, 0x90, 0x00, 0xcd, 0x5c, 0x00,
  0x21, 0x84, 0x92, 0x11, 0x50, 0x08, 0x01, 0x90, 0x00, 0xcd, 0x5c, 0x00,
  0x21, 0x84, 0x92, 0x11, 0x50, 0x10, 0x01, 0x90, 0x00, 0xcd, 0x5c, 0x00,
  0x21, 0xa4, 0x93, 0x11, 0x50, 0x20, 0x01, 0x90, 0x00, 0xcd, 0x5c, 0x00,
  0x21, 0xa4, 0x93, 0x11, 0x50, 0x28, 0x01, 0x90, 0x00, 0xcd, 0x5c, 0x00,
  0x21, 0xa4, 0x93, 0x11, 0x50, 0x30, 0x01, 0x90, 0x00, 0xcd, 0x5c, 0x00,
  0xc9, 0xcd, 0xd4, 0x69, 0xcd, 0x70, 0x4e, 0x76, 0xcd, 0x56, 0x4e, 0xcd,
  0xa9, 0x67, 0xcd, 0x4a, 0x6d, 0x21, 0xac, 0xa3, 0x11, 0x00, 0x09, 0x01,
  0x70, 0x02, 0xcd, 0x5c, 0x00, 0x11, 0x00, 0x29, 0x21, 0x2c, 0xae, 0x06,
  0x4e, 0xcd, 0x7c, 0x4e, 0x21, 0xac, 0xa3, 0x11, 0x00, 0x0c, 0x01, 0x70,
  0x02, 0xcd, 0x5c, 0x00, 0x11, 0x00, 0x2c, 0x21, 0x3c, 0xae, 0x06, 0x4e,
  0xcd, 0x7c, 0x4e, 0x3e, 0x00, 0x32, 0xc9, 0xd9, 0x3e, 0x09, 0x32, 0xca,
  0xd9, 0x21, 0x2a, 0xb0, 0x22, 0xc7, 0xd9, 0xcd, 0x5c, 0x69, 0x3e, 0x00,
  0x32, 0xc9, 0xd9, 0x3e, 0x0d, 0x32, 0xca, 0xd9, 0x21, 0xa6, 0xaf, 0x22,
  0xc7, 0xd9, 0xcd, 0x5c, 0x69, 0x76, 0xcd, 0xa9, 0x67, 0x21, 0x46, 0x76,
  0xcd, 0x60, 0x6d, 0x06, 0xff, 0x76, 0x10, 0x71, 0xc9, 0xcd, 0xd4, 0x69,
  0xcd, 0x70, 0x4e, 0x76, 0xcd, 0x56, 0x4e, 0xcd, 0xa9, 0x67, 0xcd, 0x4a,
  0x6d, 0x21, 0xac, 0xa3, 0x11, 0x00, 0x09, 0x01, 0x70, 0x02, 0xcd, 0x5c,
  0x00, 0x11, 0x00, 0x29, 0x21, 0x2c, 0xae, 0x06, 0x4e, 0xcd, 0x7c, 0x4e,
  0x21, 0xac, 0xa3, 0x11, 0x00, 0x0c, 0x01, 0x70, 0x02, 0xcd, 0x5c, 0x00,
  0x11, 0x00, 0x2c, 0x21, 0x3c, 0xae, 0x06, 0x4e, 0xcd, 0x7c, 0x4e, 0x3e,
  0x00, 0x32, 0xc9, 0xd9, 0x3e, 0x09, 0x32, 0xca, 0xd9, 0x21, 0x64, 0xaf,
  0x22, 0xc7, 0xd9, 0xcd, 0x5c, 0x69, 0x3e, 0x00, 0x32, 0xc9, 0xd9, 0x3e,
  0x0d, 0x32, 0xca, 0xd9, 0x21, 0xa6, 0xaf, 0x22, 0xc7, 0xd9, 0xcd, 0x5c,
  0x69, 0x76, 0xcd, 0xa9, 0x67, 0x21, 0x46, 0x76, 0xcd, 0x60, 0x6d, 0x06,
  0xff, 0x76, 0x10, 0xfd, 0xc9, 0xcd, 0xd4, 0x69, 0xcd, 0x70, 0x4e, 0x76,
  0xcd, 0xa9, 0x67, 0x21, 0xac, 0xa3, 0x11, 0x00, 0x09, 0x01, 0x70, 0x02,
  0xcd, 0x5c, 0x00, 0x11, 0x00, 0x29, 0x21, 0x2c, 0xae, 0x06, 0x4e, 0xcd,
  0x7c, 0x4e, 0x21, 0xac, 0xa3, 0x11, 0x00, 0x0c, 0x01, 0x70, 0x02, 0xcd,
  0x5c, 0x00, 0x11, 0x00, 0x2c, 0x21, 0x3c, 0xae, 0x06, 0x4e, 0xcd, 0x7c,
  0x4e, 0x3e, 0x00, 0x32, 0xc9, 0xd9, 0x3e, 0x0b, 0x32, 0xca, 0xd9, 0x21,
  0xe8, 0xaf, 0x22, 0xc7, 0xd9, 0xcd, 0x5c, 0x69, 0x76, 0xcd, 0xa9, 0x67,
  0x06, 0x80, 0x76, 0x10, 0xfd, 0xc9, 0x3a, 0x3f, 0xda, 0xfe, 0x01, 0xca,
  0x75, 0x4b, 0xc3, 0xd3, 0x4b, 0x3a, 0x18, 0xda, 0xfe, 0x00, 0xca, 0xd3,
  0x4b, 0x3a, 0x5b, 0xda, 0x3c, 0x32, 0x5b, 0xda, 0x3a, 0x40, 0xda, 0x3c,
  0xe6, 0x03, 0x32, 0x40, 0xda, 0x3a, 0x0c, 0xda, 0x87, 0x87, 0x87, 0x3c,
  0x3c, 0x3c, 0x3c, 0x32, 0x9e, 0xd9, 0x3a, 0x0d, 0xda, 0x87, 0x87, 0x87,
  0x3c, 0x3c, 0x3c, 0x3c, 0x3c, 0x32, 0x9d, 0xd9, 0x3e, 0x07, 0x32, 0xa0,
  0xd9, 0x3a, 0x40, 0xda, 0x87, 0x87, 0x06, 0x3c, 0x80, 0x32, 0x9f, 0xd9,
  0x3a, 0x5b, 0xda, 0xfe, 0x10, 0xca, 0xc3, 0x4b, 0xc3, 0xd3, 0x4b, 0xaf,
  0x32, 0xa0, 0xd9, 0x32, 0x9e, 0xd9, 0x3e, 0xf7, 0x32, 0x9d, 0xd9, 0xaf,
  0x32, 0x3f, 0xda, 0x3a, 0x46, 0xda, 0xfe, 0x00, 0xca, 0x65, 0x4c, 0xfe,
  0x09, 0xca, 0x3d, 0x4c, 0x3a, 0x8a, 0xd9, 0x3c, 0x3c, 0x32, 0x8a, 0xd9,
  0x3a, 0x89, 0xd9, 0x3d, 0x3d, 0x32, 0x89, 0xd9, 0x3a, 0x46, 0xda, 0xfe,
  0x05, 0xca, 0xfb, 0x4b, 0xc3, 0xff, 0x4b, 0xaf, 0x32, 0x8c, 0xd9, 0x21,
  0xb6, 0xb5, 0x01, 0x00, 0x00, 0x3a, 0x46, 0xda, 0x3d, 0x4f, 0x09, 0x7e,
  0x32, 0x47, 0xda, 0x3a, 0x8d, 0xd9, 0x47, 0x3a, 0x47, 0xda, 0x80, 0x32,
  0x8d, 0xd9, 0x3a, 0x91, 0xd9, 0x47, 0x3a, 0x47, 0xda, 0x80, 0x32, 0x91,
  0xd9, 0x3a, 0x8e, 0xd9, 0x3d, 0x32, 0x8e, 0xd9, 0x3a, 0x92, 0xd9, 0x3c,
  0x32, 0x92, 0xd9, 0x3a, 0x46, 0xda, 0x3c, 0x32, 0x46, 0xda, 0xc3, 0x65,
  0x4c, 0xaf, 0x32, 0x8c, 0xd9, 0x32, 0x8a, 0xd9, 0x32, 0x90, 0xd9, 0x32,
  0x8e, 0xd9, 0x32, 0x94, 0xd9, 0x32, 0x92, 0xd9, 0x3e, 0xf7, 0x32, 0x89,
  0xd9, 0x32, 0x8d, 0xd9, 0x32, 0x91, 0xd9, 0xaf, 0x32, 0x43, 0xda, 0x32,
  0x44, 0xda, 0x32, 0x46, 0xda, 0xc9, 0x3a, 0x2e, 0xda, 0xfe, 0x00, 0xca,
  0x79, 0x4c, 0xfe, 0x01, 0xca, 0x56, 0x4d, 0xfe, 0x02, 0xca, 0xf9, 0x4d,
  0xc9, 0x3e, 0x01, 0x32, 0x2e, 0xda, 0x3e, 0xf7, 0x32, 0x9d, 0xd9, 0xaf,
  0x32, 0xa0, 0xd9, 0x76, 0xcd, 0x2f, 0x61, 0x3a, 0x60, 0xda, 0xfe, 0x01,
  0xcc, 0xbe, 0x43, 0xaf, 0x32, 0x18, 0xda, 0xcd, 0xa9, 0x67, 0xaf, 0x32,
  0x30, 0xda, 0x32, 0x2f, 0xda, 0x06, 0x1e, 0x76, 0x10, 0xfd, 0x3a, 0x48,
  0xda, 0xfe, 0x01, 0xca, 0xc6, 0x4c, 0x3a, 0x0c, 0xda, 0x32, 0xc9, 0xd9,
  0x3a, 0x0d, 0xda, 0x32, 0xca, 0xd9, 0x21, 0x5d, 0xac, 0x22, 0xc7, 0xd9,
  0xcd, 0x5c, 0x69, 0xc3, 0x08, 0x4d, 0x3a, 0x50, 0xda, 0x32, 0xc9, 0xd9,
  0x3a, 0x51, 0xda, 0x32, 0xca, 0xd9, 0x2a, 0x52, 0xda, 0x22, 0xc7, 0xd9,
  0xcd, 0x5c, 0x69, 0x3a, 0x4c, 0xda, 0x32, 0xc9, 0xd9, 0x3a, 0x4d, 0xda,
  0x32, 0xca, 0xd9, 0x21, 0x5d, 0xac, 0x22, 0xc7, 0xd9, 0xcd, 0x5c, 0x69,
  0x3a, 0x4e, 0xda, 0x32, 0xc9, 0xd9, 0x3a, 0x4f, 0xda, 0x32, 0xca, 0xd9,
  0x21, 0x5d, 0xac, 0x22, 0xc7, 0xd9, 0xcd, 0x5c, 0x69, 0xc3, 0x08, 0x4d,
  0x3a, 0x0c, 0xda, 0xfe, 0x00, 0xca, 0x13, 0x4d, 0xc3, 0x18, 0x4d, 0x3e,
  0x01, 0xc3, 0x1b, 0x4d, 0x3a, 0x0c, 0xda, 0x87, 0x87, 0x87, 0x3c, 0x32,
  0xa2, 0xd9, 0x32, 0xa6, 0xd9, 0x06, 0x10, 0x80, 0x32, 0xaa, 0xd9, 0x32,
  0xae, 0xd9, 0x3a, 0x0d, 0xda, 0x87, 0x87, 0x87, 0x3d, 0x06, 0x08, 0x90,
  0x32, 0xa1, 0xd9, 0x32, 0xa9, 0xd9, 0x06, 0x10, 0x80, 0x32, 0xa5, 0xd9,
  0x32, 0xad, 0xd9, 0x3e, 0x0f, 0x32, 0xa4, 0xd9, 0x32, 0xa8, 0xd9, 0x32,
  0xac, 0xd9, 0x32, 0xb0, 0xd9, 0xc9, 0x76, 0xaf, 0x32, 0x18, 0xda, 0x3a,
  0xa5, 0xd9, 0xfe, 0xf7, 0xca, 0x66, 0x4d, 0xc3, 0x6c, 0x4d, 0x3e, 0x02,
  0x32, 0x2e, 0xda, 0xc9, 0x3a, 0x2f, 0xda, 0x3c, 0xe6, 0x07, 0x32, 0x2f,
  0xda, 0x3a, 0x2f, 0xda, 0xfe, 0x00, 0xca, 0x85, 0x4d, 0xfe, 0x04, 0xca,
  0x9c, 0x4d, 0xc3, 0xb0, 0x4d, 0x3e, 0x00, 0x32, 0xa3, 0xd9, 0x3e, 0x04,
  0x32, 0xa7, 0xd9, 0x3e, 0x08, 0x32, 0xab, 0xd9, 0x3e, 0x0c, 0x32, 0xaf,
  0xd9, 0xc3, 0xb0, 0x4d, 0x3e, 0x10, 0x32, 0xa3, 0xd9, 0x3e, 0x14, 0x32,
  0xa7, 0xd9, 0x3e, 0x18, 0x32, 0xab, 0xd9, 0x3e, 0x1c, 0x32, 0xaf, 0xd9,
  0x3a, 0xa1, 0xd9, 0x3d, 0x3d, 0x32, 0xa1, 0xd9, 0x32, 0xa9, 0xd9, 0x06,
  0x10, 0x80, 0x32, 0xa5, 0xd9, 0x32, 0xad, 0xd9, 0x21, 0xc4, 0xa8, 0x01,
  0x00, 0x00, 0x3a, 0x30, 0xda, 0x4f, 0x09, 0x7e, 0x47, 0x3a, 0xa2, 0xd9,
  0x80, 0x32, 0xa2, 0xd9, 0x32, 0xa6, 0xd9, 0x06, 0x10, 0x80, 0x32, 0xaa,
  0xd9, 0x32, 0xae, 0xd9, 0x3a, 0x30, 0xda, 0x3c, 0x32, 0x30, 0xda, 0x3a,
  0x30, 0xda, 0xfe, 0x14, 0xca, 0xf4, 0x4d, 0xc9, 0xaf, 0x32, 0x30, 0xda,
  0xc9, 0x3a, 0xd0, 0xd9, 0xfe, 0x99, 0xca, 0x04, 0x4e, 0xc3, 0x15, 0x4e,
  0x3a, 0xd1, 0xd9, 0xfe, 0x99, 0xca, 0x0f, 0x4e, 0xc3, 0x15, 0x4e, 0x3e,
  0x01, 0x32, 0x5f, 0xda, 0xc9, 0x3a, 0xcf, 0xd9, 0x3d, 0x32, 0xcf, 0xd9,
  0x3a, 0xcf, 0xd9, 0xfe, 0xff, 0xca, 0x27, 0x4e, 0xc3, 0x2c, 0x4e, 0x3e,
  0x01, 0x32, 0x31, 0xda, 0x3a, 0xd9, 0xd9, 0xfe, 0x00, 0xca, 0x37, 0x4e,
  0xc3, 0x45, 0x4e, 0x3a, 0xd8, 0xd9, 0xfe, 0x00, 0xca, 0x3f, 0x4e, 0x21,
  0x96, 0x99, 0x22, 0xd8, 0xd9, 0x3e, 0x01, 0x32, 0x19, 0xda, 0xaf, 0x32,
  0x2d, 0xda, 0xaf, 0x32, 0x2e, 0xda, 0x32, 0x2c, 0xda, 0xc9, 0x21, 0x79,
  0xd9, 0x11, 0x00, 0x1b, 0x01, 0x48, 0x00, 0xcd, 0x5c, 0x00, 0xc9, 0x21,
  0x1c, 0xa6, 0x11, 0x00, 0x38, 0x01, 0x60, 0x02, 0xcd, 0x5c, 0x00, 0xc9,
  0x21, 0x7c, 0xa8, 0x11, 0x79, 0xd9, 0x01, 0x48, 0x00, 0xed, 0xb0, 0xc9,
  0xc5, 0xe5, 0xd5, 0x01, 0x10, 0x00, 0xcd, 0x5c, 0x00, 0xe1, 0x01, 0x10,
  0x00, 0x09, 0xeb, 0xe1, 0xc1, 0x10, 0xed, 0xc9, 0x21, 0xca, 0x77, 0x11,
  0x00, 0xc0, 0xcd, 0x26, 0x6c, 0x21, 0x00, 0xc0, 0x11, 0x00, 0x01, 0x01,
  0x40, 0x05, 0xcd, 0x5c, 0x00, 0x21, 0x40, 0xc5, 0x11, 0x00, 0x21, 0x01,
  0x40, 0x05, 0xcd, 0x5c, 0x00, 0x21, 0xac, 0xa3, 0x11, 0x00, 0x09, 0x01,
  0x70, 0x02, 0xcd, 0x5c, 0x00, 0x11, 0x00, 0x29, 0x21, 0x2c, 0xae, 0x06,
  0x4e, 0xcd, 0x7c, 0x4e, 0x21, 0xac, 0xa3, 0x11, 0x00, 0x0c, 0x01, 0x70,
  0x02, 0xcd, 0x5c, 0x00, 0x11, 0x00, 0x2c, 0x21, 0x3c, 0xae, 0x06, 0x4e,
  0xcd, 0x7c, 0x4e, 0x21, 0xac, 0xa3, 0x11, 0x00, 0x11, 0x01, 0x70, 0x02,
  0xcd, 0x5c, 0x00, 0x11, 0x00, 0x31, 0x21, 0x4c, 0xae, 0x06, 0x4e, 0xcd,
  0x7c, 0x4e, 0x21, 0x14, 0x93, 0x11, 0x50, 0x10, 0x01, 0x90, 0x00, 0xcd,
  0x5c, 0x00, 0x21, 0x34, 0x94, 0x11, 0x50, 0x30, 0x01, 0x90, 0x00, 0xcd,
  0x5c, 0x00, 0x21, 0x00, 0x14, 0x01, 0x40, 0x02, 0xaf, 0xcd, 0x56, 0x00,
  0x21, 0x00, 0x34, 0x01, 0x40, 0x02, 0xaf, 0xcd, 0x56, 0x00, 0x01, 0x3f,
  0x02, 0x11, 0x01, 0xc0, 0x21, 0x00, 0xc0, 0x36, 0x00, 0xed, 0xb0, 0xc9,
  0x3e, 0x01, 0x32, 0xc9, 0xd9, 0x3e, 0x10, 0x32, 0xca, 0xd9, 0x21, 0xe1,
  0xac, 0x22, 0xc7, 0xd9, 0xcd, 0x5c, 0x69, 0x3e, 0x1c, 0x32, 0xc9, 0xd9,
  0x3e, 0x10, 0x32, 0xca, 0xd9, 0x21, 0xec, 0xac, 0x22, 0xc7, 0xd9, 0xcd,
  0x5c, 0x69, 0x3e, 0x04, 0x32, 0xc9, 0xd9, 0x3e, 0x10, 0x32, 0xca, 0xd9,
  0x21, 0xf7, 0xac, 0x22, 0xc7, 0xd9, 0xcd, 0x5c, 0x69, 0x3e, 0x02, 0x32,
  0xc9, 0xd9, 0x3e, 0x02, 0x32, 0xca, 0xd9, 0x21, 0x62, 0xad, 0x22, 0xc7,
  0xd9, 0xcd, 0x5c, 0x69, 0x3e, 0x00, 0x32, 0xc9, 0xd9, 0x3e, 0x0a, 0x32,
  0xca, 0xd9, 0x21, 0x5c, 0xae, 0x22, 0xc7, 0xd9, 0xcd, 0x5c, 0x69, 0x3e,
  0x00, 0x32, 0xc9, 0xd9, 0x3e, 0x0c, 0x32, 0xca, 0xd9, 0x21, 0x9e, 0xae,
  0x22, 0xc7, 0xd9, 0xcd, 0x5c, 0x69, 0x3e, 0x00, 0x32, 0xc9, 0xd9, 0x3e,
  0x14, 0x32, 0xca, 0xd9, 0x21, 0xe0, 0xae, 0x22, 0xc7, 0xd9, 0xcd, 0x5c,
  0x69, 0x3e, 0x00, 0x32, 0xc9, 0xd9, 0x3e, 0x16, 0x32, 0xca, 0xd9, 0x21,
  0x22, 0xaf, 0x22, 0xc7, 0xd9, 0xcd, 0x5c, 0x69, 0xc9, 0x21, 0x74, 0xb1,
  0x22, 0x1a, 0xda, 0xaf, 0x32, 0x1c, 0xda, 0x32, 0x21, 0xda, 0x32, 0x2b,
  0xda, 0x32, 0x32, 0xda, 0xc9, 0xcd, 0x08, 0x50, 0xaf, 0xcd, 0xd8, 0x00,
  0xfe, 0xff, 0xca, 0xec, 0x4f, 0xc3, 0xf1, 0x4f, 0xaf, 0x32, 0x77, 0xda,
  0xc8, 0x3e, 0x01, 0xcd, 0xd8, 0x00, 0xfe, 0xff, 0xca, 0xfe, 0x4f, 0xc3,
  0x04, 0x50, 0x3e, 0x01, 0x32, 0x77, 0xda, 0xc8, 0xc3, 0xdd, 0x4f, 0xc9,
  0x3a, 0x1c, 0xda, 0xfe, 0x80, 0xca, 0x13, 0x50, 0xc3, 0x2c, 0x50, 0x2a,
  0x1a, 0xda, 0xaf, 0x47, 0x3e, 0x19, 0x4f, 0x09, 0x22, 0x1a, 0xda, 0x2a,
  0x1a, 0xda, 0x7e, 0xfe, 0xff, 0xca, 0x18, 0x40, 0xaf, 0x32, 0x1c, 0xda,
  0x21, 0x00, 0xc0, 0x22, 0x1d, 0xda, 0x21, 0x41, 0xad, 0xaf, 0x47, 0x3a,
  0x21, 0xda, 0x4f, 0x09, 0x22, 0x1f, 0xda, 0xaf, 0x32, 0x22, 0xda, 0x2a,
  0x1a, 0xda, 0xaf, 0x47, 0x3a, 0x22, 0xda, 0x4f, 0x09, 0x7e, 0xd6, 0x40,
  0x32, 0x23, 0xda, 0x21, 0xac, 0xa3, 0x01, 0x10, 0x00, 0x3a, 0x23, 0xda,
  0xfe, 0x00, 0xca, 0x69, 0x50, 0x09, 0x3d, 0x32, 0x23, 0xda, 0xc3, 0x59,
  0x50, 0x22, 0x24, 0xda, 0x2a, 0x1f, 0xda, 0x7e, 0x32, 0x26, 0xda, 0x2a,
  0x1d, 0xda, 0xaf, 0x47, 0x3a, 0x26, 0xda, 0x4f, 0x09, 0x22, 0x27, 0xda,
  0x2a, 0x24, 0xda, 0xed, 0x5b, 0x27, 0xda, 0x01, 0x10, 0x00, 0xed, 0xb0,
  0x2a, 0x1d, 0xda, 0x01, 0x18, 0x00, 0x09, 0x22, 0x1d, 0xda, 0x2a, 0x1f,
  0xda, 0x23, 0x22, 0x1f, 0xda, 0x3a, 0x22, 0xda, 0x3c, 0x32, 0x22, 0xda,
  0x3a, 0x22, 0xda, 0xfe, 0x18, 0xca, 0xaf, 0x50, 0xc3, 0x43, 0x50, 0x3a,
  0x2b, 0xda, 0xfe, 0x00, 0xca, 0x21, 0x51, 0xfe, 0x03, 0xca, 0x4a, 0x51,
  0x3a, 0x2b, 0xda, 0x3c, 0x32, 0x2b, 0xda, 0x3a, 0x2b, 0xda, 0xfe, 0x06,
  0xcc, 0x73, 0x51, 0x3a, 0x21, 0xda, 0x3c, 0x32, 0x21, 0xda, 0x3a, 0x21,
  0xda, 0xfe, 0x0a, 0xca, 0xdd, 0x50, 0xc3, 0xe1, 0x50, 0xaf, 0x32, 0x21,
  0xda, 0x76, 0x21, 0x00, 0xc0, 0x11, 0x00, 0x14, 0x01, 0x40, 0x02, 0xcd,
  0x5c, 0x00, 0x21, 0xe9, 0xd7, 0x11, 0x00, 0x1a, 0x01, 0x60, 0x00, 0xcd,
  0x5c, 0x00, 0x3a, 0x1c, 0xda, 0xfe, 0x00, 0xca, 0x0a, 0x51, 0x3a, 0x1c,
  0xda, 0x3c, 0x32, 0x1c, 0xda, 0xc9, 0x2a, 0x1a, 0xda, 0x01, 0x18, 0x00,
  0x09, 0x7e, 0x21, 0x00, 0x34, 0x01, 0x40, 0x02, 0xcd, 0x56, 0x00, 0x3e,
  0x01, 0x32, 0x1c, 0xda, 0xc9, 0x3e, 0x01, 0x32, 0xc9, 0xd9, 0x3e, 0x10,
  0x32, 0xca, 0xd9, 0x21, 0xe1, 0xac, 0x22, 0xc7, 0xd9, 0xcd, 0x5c, 0x69,
  0x3e, 0x1c, 0x32, 0xc9, 0xd9, 0x3e, 0x10, 0x32, 0xca, 0xd9, 0x21, 0xec,
  0xac, 0x22, 0xc7, 0xd9, 0xcd, 0x5c, 0x69, 0xc3, 0xbc, 0x50, 0x3e, 0x01,
  0x32, 0xc9, 0xd9, 0x3e, 0x10, 0x32, 0xca, 0xd9, 0x21, 0xec, 0xac, 0x22,
  0xc7, 0xd9, 0xcd, 0x5c, 0x69, 0x3e, 0x1c, 0x32, 0xc9, 0xd9, 0x3e, 0x10,
  0x32, 0xca, 0xd9, 0x21, 0xe1, 0xac, 0x22, 0xc7, 0xd9, 0xcd, 0x5c, 0x69,
  0xc3, 0xbc, 0x50, 0xaf, 0x32, 0x2b, 0xda, 0xc9, 0xed, 0x5f, 0x47, 0xed,
  0x5f, 0x87, 0x4f, 0xed, 0x5f, 0xa8, 0xa9, 0xc9, 0x21, 0x06, 0xb4, 0x22,
  0x33, 0xda, 0x3e, 0x65, 0x32, 0x35, 0xda, 0x3e, 0x10, 0x32, 0x36, 0xda,
  0xcd, 0x0a, 0x52, 0x21, 0x86, 0xb4, 0x22, 0x33, 0xda, 0x3e, 0x67, 0x32,
  0x35, 0xda, 0x3e, 0x06, 0x32, 0x36, 0xda, 0xcd, 0x0a, 0x52, 0x21, 0xb6,
  0xb4, 0x22, 0x33, 0xda, 0x3e, 0x69, 0x32, 0x35, 0xda, 0x3e, 0x06, 0x32,
  0x36, 0xda, 0xcd, 0x0a, 0x52, 0x21, 0xe6, 0xb4, 0x22, 0x33, 0xda, 0x3e,
  0x66, 0x32, 0x35, 0xda, 0x3e, 0x08, 0x32, 0x36, 0xda, 0xcd, 0x0a, 0x52,
  0x21, 0x26, 0xb5, 0x22, 0x33, 0xda, 0x3e, 0x6a, 0x32, 0x35, 0xda, 0x3e,
  0x0c, 0x32, 0x36, 0xda, 0xcd, 0x0a, 0x52, 0x21, 0x86, 0xb5, 0x22, 0x33,
  0xda, 0x3e, 0x64, 0x32, 0x35, 0xda, 0x3e, 0x04, 0x32, 0x36, 0xda, 0xcd,
  0x0a, 0x52, 0x21, 0xa6, 0xb5, 0x22, 0x33, 0xda, 0x3e, 0x68, 0x32, 0x35,
  0xda, 0x3e, 0x02, 0x32, 0x36, 0xda, 0xcd, 0x0a, 0x52, 0xc9, 0x01, 0x00,
  0x00, 0xed, 0x5f, 0xe6, 0x0f, 0x4f, 0x21, 0xe6, 0xb3, 0x09, 0x7e, 0x32,
  0x37, 0xda, 0x3a, 0x37, 0xda, 0xfe, 0x00, 0xca, 0x40, 0x52, 0x2a, 0x33,
  0xda, 0x3a, 0x36, 0xda, 0x87, 0x23, 0x3d, 0xfe, 0x00, 0xca, 0x33, 0x52,
  0xc3, 0x29, 0x52, 0x22, 0x33, 0xda, 0x3a, 0x37, 0xda, 0x3d, 0x32, 0x37,
  0xda, 0xc3, 0x1a, 0x52, 0x3a, 0x36, 0xda, 0x47, 0xc5, 0x2a, 0x33, 0xda,
  0x7e, 0x32, 0x38, 0xda, 0x23, 0x7e, 0x32, 0x39, 0xda, 0x23, 0x22, 0x33,
  0xda, 0x01, 0x00, 0x00, 0x21, 0x00, 0xc0, 0x3a, 0x38, 0xda, 0x4f, 0x09,
  0x3a, 0x39, 0xda, 0xfe, 0x00, 0xca, 0x70, 0x52, 0x01, 0x50, 0x00, 0x09,
  0x3d, 0xc3, 0x63, 0x52, 0x3a, 0x35, 0xda, 0x77, 0xc1, 0x10, 0xcd, 0xc9,
  0x01, 0x00, 0x00, 0x21, 0x00, 0xc0, 0x3a, 0x73, 0xda, 0x4f, 0x09, 0x3a,
  0x74, 0xda, 0xfe, 0x00, 0xca, 0x93, 0x52, 0x01, 0x50, 0x00, 0x09, 0x3d,
  0xc3, 0x86, 0x52, 0x7e, 0xfe, 0x00, 0xca, 0x9f, 0x52, 0x3e, 0x01, 0x32,
  0x72, 0xda, 0xc9, 0xaf, 0x32, 0x72, 0xda, 0xc9, 0x01, 0x00, 0x00, 0x21,
  0x00, 0xc0, 0x3a, 0x16, 0xda, 0x4f, 0x09, 0x3a, 0x15, 0xda, 0xfe, 0x00,
  0xca, 0xbf, 0x52, 0x01, 0x50, 0x00, 0x09, 0x3d, 0xc3, 0xb2, 0x52, 0x22,
  0x3b, 0xda, 0x7e, 0x32, 0x17, 0xda, 0x3a, 0x17, 0xda, 0xfe, 0x00, 0xca,
  0x4a, 0x55, 0xfe, 0x65, 0xca, 0x5b, 0x55, 0xfe, 0x64, 0xca, 0x4e, 0x57,
  0xfe, 0x66, 0xca, 0x4e, 0x57, 0xfe, 0x67, 0xca, 0x4e, 0x57, 0xfe, 0x68,
  0xca, 0x4e, 0x57, 0xfe, 0x69, 0xca, 0x4e, 0x57, 0xfe, 0x6a, 0xca, 0x4e,
  0x57, 0xfe, 0x6b, 0xca, 0x4e, 0x57, 0xfe, 0x01, 0xca, 0x77, 0x57, 0xfe,
  0x02, 0xca, 0x77, 0x57, 0xfe, 0x03, 0xca, 0x77, 0x57, 0xfe, 0x04, 0xca,
  0x77, 0x57, 0xfe, 0x09, 0xca, 0x75, 0x59, 0xfe, 0x0a, 0xca, 0x82, 0x59,
  0x3e, 0x01, 0x32, 0x14, 0xda, 0xc9, 0x3a, 0xe8, 0xd9, 0xfe, 0x68, 0xca,
  0x40, 0x53, 0x3a, 0xe9, 0xd9, 0xfe, 0x68, 0xca, 0x40, 0x53, 0x3a, 0xea,
  0xd9, 0xfe, 0x68, 0xca, 0x40, 0x53, 0x3a, 0xeb, 0xd9, 0xfe, 0x68, 0xca,
  0x40, 0x53, 0x3e, 0x01, 0x32, 0x14, 0xda, 0xc9, 0x3a, 0xef, 0xd9, 0xfe,
  0x28, 0xca, 0x4b, 0x53, 0xc3, 0x84, 0x53, 0x3a, 0xf0, 0xd9, 0xfe, 0x07,
  0xca, 0x56, 0x53, 0xc3, 0x84, 0x53, 0x3e, 0x40, 0x32, 0xef, 0xd9, 0x3e,
  0x15, 0x32, 0xf0, 0xd9, 0x3e, 0x45, 0x32, 0x0a, 0xda, 0x3e, 0x18, 0x32,
  0x0b, 0xda, 0x3e, 0x0f, 0x32, 0x0c, 0xda, 0x3e, 0x0a, 0x32, 0x0d, 0xda,
  0x3e, 0x07, 0x32, 0x13, 0xda, 0x3e, 0x01, 0x32, 0x19, 0xda, 0x3e, 0x01,
  0x32, 0x14, 0xda, 0xc9, 0x3a, 0xef, 0xd9, 0xfe, 0x30, 0xca, 0x8f, 0x53,
  0xc3, 0xc8, 0x53, 0x3a, 0xf0, 0xd9, 0xfe, 0x0e, 0xca, 0x9a, 0x53, 0xc3,
  0xc8, 0x53, 0x3e, 0x48, 0x32, 0xef, 0xd9, 0x3e, 0x15, 0x32, 0xf0, 0xd9,
  0x3e, 0x49, 0x32, 0x0a, 0xda, 0x3e, 0x18, 0x32, 0x0b, 0xda, 0x3e, 0x03,
  0x32, 0x0c, 0xda, 0x3e, 0x0a, 0x32, 0x0d, 0xda, 0x3e, 0x03, 0x32, 0x13,
  0xda, 0x3e, 0x01, 0x32, 0x19, 0xda, 0x3e, 0x01, 0x32, 0x14, 0xda, 0xc9,
  0x3a, 0xef, 0xd9, 0xfe, 0x40, 0xca, 0xd3, 0x53, 0xc3, 0x0c, 0x54, 0x3a,
  0xf0, 0xd9, 0xfe, 0x3f, 0xca, 0xde, 0x53, 0xc3, 0x0c, 0x54, 0x3e, 0x40,
  0x32, 0xef, 0xd9, 0x3e, 0x1c, 0x32, 0xf0, 0xd9, 0x3e, 0x44, 0x32, 0x0a,
  0xda, 0x3e, 0x1d, 0x32, 0x0b, 0xda, 0x3e, 0x0c, 0x32, 0x0c, 0xda, 0x3e,
  0x04, 0x32, 0x0d, 0xda, 0x3e, 0x05, 0x32, 0x13, 0xda, 0x3e, 0x01, 0x32,
  0x19, 0xda, 0x3e, 0x01, 0x32, 0x14, 0xda, 0xc9, 0x3a, 0xef, 0xd9, 0xfe,
  0x48, 0xca, 0x17, 0x54, 0xc3, 0x50, 0x54, 0x3a, 0xf0, 0xd9, 0xfe, 0x3f,
  0xca, 0x22, 0x54, 0xc3, 0x50, 0x54, 0x3e, 0x48, 0x32, 0xef, 0xd9, 0x3e,
  0x1c, 0x32, 0xf0, 0xd9, 0x3e, 0x4e, 0x32, 0x0a, 0xda, 0x3e, 0x20, 0x32,
  0x0b, 0xda, 0x3e, 0x12, 0x32, 0x0c, 0xda, 0x3e, 0x0d, 0x32, 0x0d, 0xda,
  0x3e, 0x01, 0x32, 0x13, 0xda, 0x3e, 0x01, 0x32, 0x19, 0xda, 0x3e, 0x01,
  0x32, 0x14, 0xda, 0xc9, 0x3a, 0xef, 0xd9, 0xfe, 0x40, 0xca, 0x5b, 0x54,
  0xc3, 0x94, 0x54, 0x3a, 0xf0, 0xd9, 0xfe, 0x15, 0xca, 0x66, 0x54, 0xc3,
  0x94, 0x54, 0x3e, 0x28, 0x32, 0xef, 0xd9, 0x3e, 0x07, 0x32, 0xf0, 0xd9,
  0x3e, 0x2c, 0x32, 0x0a, 0xda, 0x3e, 0x0c, 0x32, 0x0b, 0xda, 0x3e, 0x0c,
  0x32, 0x0c, 0xda, 0x3e, 0x10, 0x32, 0x0d, 0xda, 0x3e, 0x03, 0x32, 0x13,
  0xda, 0x3e, 0x01, 0x32, 0x19, 0xda, 0x3e, 0x01, 0x32, 0x14, 0xda, 0xc9,
  0x3a, 0xef, 0xd9, 0xfe, 0x48, 0xca, 0x9f, 0x54, 0xc3, 0xd8, 0x54, 0x3a,
  0xf0, 0xd9, 0xfe, 0x15, 0xca, 0xaa, 0x54, 0xc3, 0xd8, 0x54, 0x3e, 0x30,
  0x32, 0xef, 0xd9, 0x3e, 0x0e, 0x32, 0xf0, 0xd9, 0x3e, 0x34, 0x32, 0x0a,
  0xda, 0x3e, 0x13, 0x32, 0x0b, 0xda, 0x3e, 0x0c, 0x32, 0x0c, 0xda, 0x3e,
  0x10, 0x32, 0x0d, 0xda, 0x3e, 0x07, 0x32, 0x13, 0xda, 0x3e, 0x01, 0x32,
  0x19, 0xda, 0x3e, 0x01, 0x32, 0x14, 0xda, 0xc9, 0x3a, 0xef, 0xd9, 0xfe,
  0x40, 0xca, 0xe3, 0x54, 0xc3, 0x1c, 0x55, 0x3a, 0xf0, 0xd9, 0xfe, 0x1c,
  0xca, 0xee, 0x54, 0xc3, 0x1c, 0x55, 0x3e, 0x40, 0x32, 0xef, 0xd9, 0x3e,
  0x3f, 0x32, 0xf0, 0xd9, 0x3e, 0x41, 0x32, 0x0a, 0xda, 0x3e, 0x40, 0x32,
  0x0b, 0xda, 0x3e, 0x03, 0x32, 0x0c, 0xda, 0x3e, 0x04, 0x32, 0x0d, 0xda,
  0x3e, 0x07, 0x32, 0x13, 0xda, 0x3e, 0x01, 0x32, 0x19, 0xda, 0x3e, 0x01,
  0x32, 0x14, 0xda, 0xc9, 0x3e, 0x48, 0x32, 0xef, 0xd9, 0x3e, 0x3f, 0x32,
  0xf0, 0xd9, 0x3e, 0x4d, 0x32, 0x0a, 0xda, 0x3e, 0x44, 0x32, 0x0b, 0xda,
  0x3e, 0x0f, 0x32, 0x0c, 0xda, 0x3e, 0x10, 0x32, 0x0d, 0xda, 0x3e, 0x05,
  0x32, 0x13, 0xda, 0x3e, 0x01, 0x32, 0x19, 0xda, 0x3e, 0x01, 0x32, 0x14,
  0xda, 0xc9, 0xaf, 0x32, 0x14, 0xda, 0x3a, 0x16, 0xda, 0x32, 0x0a, 0xda,
  0x3a, 0x15, 0xda, 0x32, 0x0b, 0xda, 0xc9, 0x3e, 0x02, 0x06, 0x09, 0x0e,
  0x54, 0xcd, 0x95, 0x6e, 0x21, 0x96, 0x99, 0x22, 0xd8, 0xd9, 0x3a, 0x5e,
  0xda, 0x3c, 0x32, 0x5e, 0xda, 0x3a, 0x5e, 0xda, 0x47, 0x3e, 0x32, 0x32,
  0x5d, 0xda, 0xc5, 0xcd, 0x58, 0x65, 0xc1, 0x10, 0xf4, 0xaf, 0x32, 0x2d,
  0xda, 0x2a, 0x3b, 0xda, 0xaf, 0x77, 0x21, 0x48, 0x2f, 0x01, 0x58, 0x00,
  0x3e, 0xf4, 0xcd, 0x56, 0x00, 0x3e, 0x01, 0x32, 0x14, 0xda, 0x3e, 0x01,
  0x32, 0x3f, 0xda, 0xaf, 0x32, 0x5b, 0xda, 0x32, 0x40, 0xda, 0xc3, 0xa9,
  0x55, 0x3a, 0x13, 0xda, 0xfe, 0x01, 0xca, 0xc0, 0x55, 0xfe, 0x03, 0xca,
  0xf6, 0x55, 0xfe, 0x05, 0xca, 0xd2, 0x55, 0xfe, 0x07, 0xca, 0xe4, 0x55,
  0x3a, 0x0c, 0xda, 0x32, 0x3d, 0xda, 0x3a, 0x0d, 0xda, 0x3d, 0x3d, 0x3d,
  0x32, 0x3e, 0xda, 0xc3, 0x08, 0x56, 0x3a, 0x0c, 0xda, 0x32, 0x3d, 0xda,
  0x3a, 0x0d, 0xda, 0x3c, 0x3c, 0x3c, 0x32, 0x3e, 0xda, 0xc3, 0x08, 0x56,
  0x3a, 0x0d, 0xda, 0x32, 0x3e, 0xda, 0x3a, 0x0c, 0xda, 0x3d, 0x3d, 0x3d,
  0x32, 0x3d, 0xda, 0xc3, 0x08, 0x56, 0x3a, 0x0d, 0xda, 0x32, 0x3e, 0xda,
  0x3a, 0x0c, 0xda, 0x3c, 0x3c, 0x3c, 0x32, 0x3d, 0xda, 0xc3, 0x08, 0x56,
  0x3a, 0x3d, 0xda, 0x32, 0xc9, 0xd9, 0x3a, 0x3e, 0xda, 0x32, 0xca, 0xd9,
  0x2a, 0x3b, 0xda, 0x22, 0xf1, 0xd9, 0xcd, 0x0a, 0x64, 0xcd, 0x5c, 0x69,
  0x3e, 0x01, 0x32, 0x14, 0xda, 0x3a, 0x17, 0xda, 0xfe, 0x65, 0xca, 0x4a,
  0x55, 0x3a, 0x43, 0xda, 0xfe, 0x01, 0xca, 0x3e, 0x56, 0x3a, 0x44, 0xda,
  0xfe, 0x01, 0xca, 0xc6, 0x56, 0xc9, 0x3e, 0x02, 0x06, 0x07, 0x0e, 0x30,
  0xcd, 0x95, 0x6e, 0x3a, 0x3d, 0xda, 0x87, 0x87, 0x87, 0x32, 0x8a, 0xd9,
  0x3a, 0x3e, 0xda, 0x87, 0x87, 0x87, 0x3d, 0xc6, 0x08, 0x32, 0x89, 0xd9,
  0x3e, 0x0a, 0x32, 0x8c, 0xd9, 0x3a, 0x3d, 0xda, 0xfe, 0x00, 0xca, 0x6c,
  0x56, 0xc3, 0x7b, 0x56, 0x3e, 0xf7, 0x32, 0x8d, 0xd9, 0xaf, 0x32, 0x8f,
  0xd9, 0x32, 0x90, 0xd9, 0xc3, 0x9a, 0x56, 0x3a, 0x3d, 0xda, 0x87, 0x87,
  0x87, 0x32, 0x8e, 0xd9, 0x3a, 0x3e, 0xda, 0x87, 0x87, 0x87, 0x3d, 0xc6,
  0x08, 0x32, 0x8d, 0xd9, 0x3e, 0x20, 0x32, 0x8f, 0xd9, 0x3e, 0x02, 0x32,
  0x90, 0xd9, 0x3a, 0x3d, 0xda, 0x87, 0x87, 0x87, 0xc6, 0x08, 0x32, 0x92,
  0xd9, 0x3a, 0x3e, 0xda, 0x87, 0x87, 0x87, 0x3d, 0xc6, 0x08, 0x32, 0x91,
  0xd9, 0x3e, 0x20, 0x32, 0x93, 0xd9, 0x3e, 0x02, 0x32, 0x94, 0xd9, 0x3e,
  0x02, 0x32, 0x45, 0xda, 0x3e, 0x01, 0x32, 0x46, 0xda, 0xc9, 0x3e, 0x02,
  0x06, 0x07, 0x0e, 0x30, 0xcd, 0x95, 0x6e, 0x3a, 0x3d, 0xda, 0x87, 0x87,
  0x87, 0x32, 0x8a, 0xd9, 0x3a, 0x3e, 0xda, 0x87, 0x87, 0x87, 0x3d, 0xc6,
  0x08, 0x32, 0x89, 0xd9, 0x3e, 0x0a, 0x32, 0x8c, 0xd9, 0x3a, 0x3d, 0xda,
  0xfe, 0x00, 0xca, 0xf4, 0x56, 0xc3, 0x03, 0x57, 0x3e, 0xf7, 0x32, 0x8d,
  0xd9, 0xaf, 0x32, 0x8f, 0xd9, 0x32, 0x90, 0xd9, 0xc3, 0x22, 0x57, 0x3a,
  0x3d, 0xda, 0x87, 0x87, 0x87, 0x32, 0x8e, 0xd9, 0x3a, 0x3e, 0xda, 0x87,
  0x87, 0x87, 0x3d, 0xc6, 0x08, 0x32, 0x8d, 0xd9, 0x3e, 0x24, 0x32, 0x8f,
  0xd9, 0x3e, 0x08, 0x32, 0x90, 0xd9, 0x3a, 0x3d, 0xda, 0x87, 0x87, 0x87,
  0xc6, 0x08, 0x32, 0x92, 0xd9, 0x3a, 0x3e, 0xda, 0x87, 0x87, 0x87, 0x3d,
  0xc6, 0x08, 0x32, 0x91, 0xd9, 0x3e, 0x24, 0x32, 0x93, 0xd9, 0x3e, 0x08,
  0x32, 0x94, 0xd9, 0x3e, 0x08, 0x32, 0x45, 0xda, 0x3e, 0x01, 0x32, 0x46,
  0xda, 0xc9, 0x3a, 0xeb, 0xd9, 0x32, 0x41, 0xda, 0x3a, 0xea, 0xd9, 0x32,
  0xeb, 0xd9, 0x3a, 0xe9, 0xd9, 0x32, 0xea, 0xd9, 0x3a, 0xe8, 0xd9, 0x32,
  0xe9, 0xd9, 0x3a, 0x17, 0xda, 0x32, 0xe8, 0xd9, 0x2a, 0x3b, 0xda, 0x3a,
  0x41, 0xda, 0x77, 0xc3, 0xa9, 0x55, 0xc9, 0x01, 0x00, 0x00, 0x21, 0xf7,
  0xd9, 0x3a, 0x17, 0xda, 0x3d, 0x4f, 0x09, 0x7e, 0xfe, 0x01, 0xca, 0xb1,
  0x57, 0xfe, 0x04, 0xca, 0xb1, 0x57, 0xfe, 0x05, 0xca, 0xb1, 0x57, 0xfe,
  0x06, 0xca, 0xb1, 0x57, 0xfe, 0x0b, 0xca, 0xb1, 0x57, 0xfe, 0x02, 0xca,
  0x91, 0x58, 0xfe, 0x0a, 0xca, 0x1a, 0x53, 0x3e, 0x01, 0x32, 0x14, 0xda,
  0xaf, 0x32, 0x43, 0xda, 0xc9, 0x3a, 0xe8, 0xd9, 0xfe, 0x66, 0xca, 0xd7,
  0x57, 0x3a, 0xe9, 0xd9, 0xfe, 0x66, 0xca, 0xe4, 0x57, 0x3a, 0xea, 0xd9,
  0xfe, 0x66, 0xca, 0xf1, 0x57, 0x3a, 0xeb, 0xd9, 0xfe, 0x66, 0xca, 0xfe,
  0x57, 0x3e, 0x01, 0x32, 0x14, 0xda, 0xc9, 0x3e, 0x6b, 0x32, 0xe8, 0xd9,
  0x2a, 0x3b, 0xda, 0xaf, 0x77, 0xc3, 0x0b, 0x58, 0x3e, 0x6b, 0x32, 0xe9,
  0xd9, 0x2a, 0x3b, 0xda, 0xaf, 0x77, 0xc3, 0x0b, 0x58, 0x3e, 0x6b, 0x32,
  0xea, 0xd9, 0x2a, 0x3b, 0xda, 0xaf, 0x77, 0xc3, 0x0b, 0x58, 0x3e, 0x6b,
  0x32, 0xeb, 0xd9, 0x2a, 0x3b, 0xda, 0xaf, 0x77, 0xc3, 0x0b, 0x58, 0x3e,
  0x50, 0x32, 0x5d, 0xda, 0xcd, 0x58, 0x65, 0x3e, 0x50, 0x32, 0x5d, 0xda,
  0xcd, 0x58, 0x65, 0x3e, 0x01, 0x32, 0x43, 0xda, 0x3a, 0x13, 0xda, 0xfe,
  0x01, 0xca, 0x37, 0x58, 0xfe, 0x03, 0xca, 0x7d, 0x58, 0xfe, 0x05, 0xca,
  0x50, 0x58, 0xfe, 0x07, 0xca, 0x69, 0x58, 0x3a, 0x0d, 0xda, 0xfe, 0x04,
  0xca, 0x42, 0x58, 0xc3, 0xa9, 0x55, 0x2a, 0x3b, 0xda, 0x06, 0x50, 0x2b,
  0x10, 0xfd, 0x3e, 0x00, 0x77, 0xc3, 0xa9, 0x55, 0x3a, 0x0d, 0xda, 0xfe,
  0x10, 0xca, 0x5b, 0x58, 0xc3, 0xa9, 0x55, 0x2a, 0x3b, 0xda, 0x06, 0x50,
  0x23, 0x10, 0xfd, 0x3e, 0x00, 0x77, 0xc3, 0xa9, 0x55, 0x3a, 0x0c, 0xda,
  0xfe, 0x03, 0xca, 0x74, 0x58, 0xc3, 0xa9, 0x55, 0x2a, 0x3b, 0xda, 0x2b,
  0xaf, 0x77, 0xc3, 0xa9, 0x55, 0x3a, 0x0c, 0xda, 0xfe, 0x12, 0xca, 0x88,
  0x58, 0xc3, 0xa9, 0x55, 0x2a, 0x3b, 0xda, 0x23, 0xaf, 0x77, 0xc3, 0xa9,
  0x55, 0x3a, 0xe8, 0xd9, 0xfe, 0x67, 0xca, 0xbb, 0x58, 0x3a, 0xe9, 0xd9,
  0xfe, 0x67, 0xca, 0xc8, 0x58, 0x3a, 0xea, 0xd9, 0xfe, 0x67, 0xca, 0xd5,
  0x58, 0x3a, 0xeb, 0xd9, 0xfe, 0x67, 0xca, 0xe2, 0x58, 0x3e, 0x01, 0x32,
  0x14, 0xda, 0xaf, 0x32, 0x44, 0xda, 0xc9, 0x3e, 0x6b, 0x32, 0xe8, 0xd9,
  0x2a, 0x3b, 0xda, 0xaf, 0x77, 0xc3, 0xef, 0x58, 0x3e, 0x6b, 0x32, 0xe9,
  0xd9, 0x2a, 0x3b, 0xda, 0xaf, 0x77, 0xc3, 0xef, 0x58, 0x3e, 0x6b, 0x32,
  0xea, 0xd9, 0x2a, 0x3b, 0xda, 0xaf, 0x77, 0xc3, 0xef, 0x58, 0x3e, 0x6b,
  0x32, 0xeb, 0xd9, 0x2a, 0x3b, 0xda, 0xaf, 0x77, 0xc3, 0xef, 0x58, 0x3e,
  0x50, 0x32, 0x5d, 0xda, 0xcd, 0x58, 0x65, 0x3e, 0x50, 0x32, 0x5d, 0xda,
  0xcd, 0x58, 0x65, 0x3e, 0x01, 0x32, 0x44, 0xda, 0x3a, 0x13, 0xda, 0xfe,
  0x01, 0xca, 0x1b, 0x59, 0xfe, 0x03, 0xca, 0x61, 0x59, 0xfe, 0x05, 0xca,
  0x34, 0x59, 0xfe, 0x07, 0xca, 0x4d, 0x59, 0x3a, 0x0d, 0xda, 0xfe, 0x04,
  0xca, 0x26, 0x59, 0xc3, 0xa9, 0x55, 0x2a, 0x3b, 0xda, 0x06, 0x50, 0x2b,
  0x10, 0xfd, 0x3e, 0x00, 0x77, 0xc3, 0xa9, 0x55, 0x3a, 0x0d, 0xda, 0xfe,
  0x10, 0xca, 0x3f, 0x59, 0xc3, 0xa9, 0x55, 0x2a, 0x3b, 0xda, 0x06, 0x50,
  0x23, 0x10, 0xfd, 0x3e, 0x00, 0x77, 0xc3, 0xa9, 0x55, 0x3a, 0x0c, 0xda,
  0xfe, 0x03, 0xca, 0x58, 0x59, 0xc3, 0xa9, 0x55, 0x2a, 0x3b, 0xda, 0x2b,
  0xaf, 0x77, 0xc3, 0xa9, 0x55, 0x3a, 0x0c, 0xda, 0xfe, 0x12, 0xca, 0x6c,
  0x59, 0xc3, 0xa9, 0x55, 0x2a, 0x3b, 0xda, 0x23, 0xaf, 0x77, 0xc3, 0xa9,
  0x55, 0x3a, 0x13, 0xda, 0xfe, 0x03, 0xca, 0x8f, 0x59, 0xfe, 0x07, 0xca,
  0x3d, 0x5a, 0x3a, 0x13, 0xda, 0xfe, 0x01, 0xca, 0xeb, 0x5a, 0xfe, 0x05,
  0xca, 0x9d, 0x5b, 0x2a, 0x3b, 0xda, 0x23, 0x7e, 0xfe, 0x00, 0xca, 0x9f,
  0x59, 0x3e, 0x01, 0x32, 0x14, 0xda, 0xc9, 0x3a, 0xe8, 0xd9, 0xfe, 0x69,
  0xca, 0xc5, 0x59, 0x3a, 0xe9, 0xd9, 0xfe, 0x69, 0xca, 0xcd, 0x59, 0x3a,
  0xea, 0xd9, 0xfe, 0x69, 0xca, 0xd5, 0x59, 0x3a, 0xeb, 0xd9, 0xfe, 0x69,
  0xca, 0xdd, 0x59, 0x3e, 0x01, 0x32, 0x14, 0xda, 0xc9, 0x3e, 0x6b, 0x32,
  0xe8, 0xd9, 0xc3, 0xe2, 0x59, 0x3e, 0x6b, 0x32, 0xe9, 0xd9, 0xc3, 0xe2,
  0x59, 0x3e, 0x6b, 0x32, 0xea, 0xd9, 0xc3, 0xe2, 0x59, 0x3e, 0x6b, 0x32,
  0xeb, 0xd9, 0x3e, 0x01, 0x32, 0x48, 0xda, 0x3e, 0x03, 0x32, 0x49, 0xda,
  0x21, 0x18, 0xab, 0x22, 0x4a, 0xda, 0x3a, 0x0c, 0xda, 0x32, 0x4e, 0xda,
  0x3c, 0x3c, 0x3c, 0x32, 0x50, 0xda, 0x3c, 0x3c, 0x3c, 0x32, 0x4c, 0xda,
  0x3a, 0x0d, 0xda, 0x32, 0x4f, 0xda, 0x32, 0x51, 0xda, 0x32, 0x4d, 0xda,
  0x21, 0x94, 0xac, 0x22, 0x52, 0xda, 0xaf, 0x32, 0x54, 0xda, 0x32, 0x5c,
  0xda, 0x3e, 0x01, 0x32, 0x14, 0xda, 0x3a, 0x0a, 0xda, 0x3c, 0x3c, 0x32,
  0x0a, 0xda, 0x2a, 0x4a, 0xda, 0x7e, 0x32, 0x55, 0xda, 0x23, 0x7e, 0x32,
  0x56, 0xda, 0x2a, 0x55, 0xda, 0x22, 0x0e, 0xda, 0xc9, 0x2a, 0x3b, 0xda,
  0x2b, 0x7e, 0xfe, 0x00, 0xca, 0x4d, 0x5a, 0x3e, 0x01, 0x32, 0x14, 0xda,
  0xc9, 0x3a, 0xe8, 0xd9, 0xfe, 0x69, 0xca, 0x73, 0x5a, 0x3a, 0xe9, 0xd9,
  0xfe, 0x69, 0xca, 0x7b, 0x5a, 0x3a, 0xea, 0xd9, 0xfe, 0x69, 0xca, 0x83,
  0x5a, 0x3a, 0xeb, 0xd9, 0xfe, 0x69, 0xca, 0x8b, 0x5a, 0x3e, 0x01, 0x32,
  0x14, 0xda, 0xc9, 0x3e, 0x6b, 0x32, 0xe8, 0xd9, 0xc3, 0x90, 0x5a, 0x3e,
  0x6b, 0x32, 0xe9, 0xd9, 0xc3, 0x90, 0x5a, 0x3e, 0x6b, 0x32, 0xea, 0xd9,
  0xc3, 0x90, 0x5a, 0x3e, 0x6b, 0x32, 0xeb, 0xd9, 0x3e, 0x01, 0x32, 0x48,
  0xda, 0x3e, 0x07, 0x32, 0x49, 0xda, 0x21, 0x22, 0xab, 0x22, 0x4a, 0xda,
  0x3a, 0x0c, 0xda, 0x32, 0x4e, 0xda, 0x3d, 0x3d, 0x3d, 0x32, 0x50, 0xda,
  0x3d, 0x3d, 0x3d, 0x32, 0x4c, 0xda, 0x3a, 0x0d, 0xda, 0x32, 0x4f, 0xda,
  0x32, 0x51, 0xda, 0x32, 0x4d, 0xda, 0x21, 0x94, 0xac, 0x22, 0x52, 0xda,
  0xaf, 0x32, 0x54, 0xda, 0x32, 0x5c, 0xda, 0x3e, 0x01, 0x32, 0x14, 0xda,
  0x3a, 0x0a, 0xda, 0x3d, 0x3d, 0x32, 0x0a, 0xda, 0x2a, 0x4a, 0xda, 0x7e,
  0x32, 0x55, 0xda, 0x23, 0x7e, 0x32, 0x56, 0xda, 0x2a, 0x55, 0xda, 0x22,
  0x0e, 0xda, 0xc9, 0x2a, 0x3b, 0xda, 0x06, 0x50, 0x2b, 0x10, 0xfd, 0x7e,
  0xfe, 0x00, 0xca, 0xff, 0x5a, 0x3e, 0x01, 0x32, 0x14, 0xda, 0xc9, 0x3a,
  0xe8, 0xd9, 0xfe, 0x69, 0xca, 0x25, 0x5b, 0x3a, 0xe9, 0xd9, 0xfe, 0x69,
  0xca, 0x2d, 0x5b, 0x3a, 0xea, 0xd9, 0xfe, 0x69, 0xca, 0x35, 0x5b, 0x3a,
  0xeb, 0xd9, 0xfe, 0x69, 0xca, 0x3d, 0x5b, 0x3e, 0x01, 0x32, 0x14, 0xda,
  0xc9, 0x3e, 0x6b, 0x32, 0xe8, 0xd9, 0xc3, 0x42, 0x5b, 0x3e, 0x6b, 0x32,
  0xe9, 0xd9, 0xc3, 0x42, 0x5b, 0x3e, 0x6b, 0x32, 0xea, 0xd9, 0xc3, 0x42,
  0x5b, 0x3e, 0x6b, 0x32, 0xeb, 0xd9, 0x3e, 0x01, 0x32, 0x48, 0xda, 0x3e,
  0x01, 0x32, 0x49, 0xda, 0x21, 0x2c, 0xab, 0x22, 0x4a, 0xda, 0x3a, 0x0d,
  0xda, 0x32, 0x4f, 0xda, 0x3d, 0x3d, 0x3d, 0x32, 0x51, 0xda, 0x3d, 0x3d,
  0x3d, 0x32, 0x4d, 0xda, 0x3a, 0x0c, 0xda, 0x32, 0x4e, 0xda, 0x32, 0x50,
  0xda, 0x32, 0x4c, 0xda, 0x21, 0x9f, 0xac, 0x22, 0x52, 0xda, 0xaf, 0x32,
  0x54, 0xda, 0x32, 0x5c, 0xda, 0x3e, 0x01, 0x32, 0x14, 0xda, 0x3a, 0x0b,
  0xda, 0x3d, 0x3d, 0x32, 0x0b, 0xda, 0x2a, 0x4a, 0xda, 0x7e, 0x32, 0x55,
  0xda, 0x23, 0x7e, 0x32, 0x56, 0xda, 0x2a, 0x55, 0xda, 0x22, 0x0e, 0xda,
  0xc9, 0x2a, 0x3b, 0xda, 0x06, 0x50, 0x23, 0x10, 0xfd, 0x7e, 0xfe, 0x00,
  0xca, 0xb1, 0x5b, 0x3e, 0x01, 0x32, 0x14, 0xda, 0xc9, 0x3a, 0xe8, 0xd9,
  0xfe, 0x69, 0xca, 0xd7, 0x5b, 0x3a, 0xe9, 0xd9, 0xfe, 0x69, 0xca, 0xdf,
  0x5b, 0x3a, 0xea, 0xd9, 0xfe, 0x69, 0xca, 0xe7, 0x5b, 0x3a, 0xeb, 0xd9,
  0xfe, 0x69, 0xca, 0xef, 0x5b, 0x3e, 0x01, 0x32, 0x14, 0xda, 0xc9, 0x3e,
  0x6b, 0x32, 0xe8, 0xd9, 0xc3, 0xf4, 0x5b, 0x3e, 0x6b, 0x32, 0xe9, 0xd9,
  0xc3, 0xf4, 0x5b, 0x3e, 0x6b, 0x32, 0xea, 0xd9, 0xc3, 0xf4, 0x5b, 0x3e,
  0x6b, 0x32, 0xeb, 0xd9, 0x3e, 0x01, 0x32, 0x48, 0xda, 0x3e, 0x05, 0x32,
  0x49, 0xda, 0x21, 0x36, 0xab, 0x22, 0x4a, 0xda, 0x3a, 0x0d, 0xda, 0x32,
  0x4f, 0xda, 0x3c, 0x3c, 0x3c, 0x32, 0x51, 0xda, 0x3c, 0x3c, 0x3c, 0x32,
  0x4d, 0xda, 0x3a, 0x0c, 0xda, 0x32, 0x4e, 0xda, 0x32, 0x50, 0xda, 0x32,
  0x4c, 0xda, 0x21, 0x9f, 0xac, 0x22, 0x52, 0xda, 0xaf, 0x32, 0x54, 0xda,
  0x32, 0x5c, 0xda, 0x3e, 0x01, 0x32, 0x14, 0xda, 0x3a, 0x0b, 0xda, 0x3c,
  0x3c, 0x32, 0x0b, 0xda, 0x2a, 0x4a, 0xda, 0x7e, 0x32, 0x55, 0xda, 0x23,
  0x7e, 0x32, 0x56, 0xda, 0x2a, 0x55, 0xda, 0x22, 0x0e, 0xda, 0xc9, 0x3a,
  0x18, 0xda, 0xfe, 0x00, 0xca, 0x61, 0x5c, 0xfe, 0x01, 0xca, 0x5c, 0x5c,
  0xaf, 0x32, 0x18, 0xda, 0xc9, 0x3e, 0x01, 0x32, 0x18, 0xda, 0x3a, 0x0c,
  0xda, 0x32, 0xc9, 0xd9, 0x3a, 0x0d, 0xda, 0x32, 0xca, 0xd9, 0x21, 0x5d,
  0xac, 0x22, 0xc7, 0xd9, 0xcd, 0x5c, 0x69, 0x3a, 0x11, 0xda, 0xfe, 0x00,
  0xca, 0x86, 0x5c, 0xc3, 0x99, 0x5d, 0x3a, 0x48, 0xda, 0xfe, 0x01, 0xca,
  0xc7, 0x5f, 0x3a, 0x77, 0xda, 0xcd, 0xd5, 0x00, 0xfe, 0x00, 0xca, 0xae,
  0x5c, 0xfe, 0x01, 0xca, 0xe5, 0x5c, 0xfe, 0x03, 0xca, 0x12, 0x5d, 0xfe,
  0x05, 0xca, 0x3f, 0x5d, 0xfe, 0x07, 0xca, 0x6c, 0x5d, 0xc9, 0xaf, 0x32,
  0x10, 0xda, 0x3a, 0x13, 0xda, 0xfe, 0x01, 0xca, 0xc9, 0x5c, 0xfe, 0x03,
  0xca, 0xd0, 0x5c, 0xfe, 0x05, 0xca, 0xd7, 0x5c, 0xfe, 0x07, 0xca, 0xde,
  0x5c, 0x21, 0x7a, 0xa9, 0x22, 0x0e, 0xda, 0xc9, 0x21, 0x0e, 0xa9, 0x22,
  0x0e, 0xda, 0xc9, 0x21, 0x44, 0xa9, 0x22, 0x0e, 0xda, 0xc9, 0x21, 0xd8,
  0xa8, 0x22, 0x0e, 0xda, 0xc9, 0x3a, 0x0a, 0xda, 0x32, 0x16, 0xda, 0x3a,
  0x0b, 0xda, 0x3d, 0x32, 0x15, 0xda, 0x3a, 0x0d, 0xda, 0xfe, 0x01, 0xca,
  0x09, 0x5f, 0x3e, 0x01, 0x32, 0x13, 0xda, 0x3e, 0x03, 0x32, 0x11, 0xda,
  0xcd, 0xa4, 0x52, 0x3a, 0x48, 0xda, 0xfe, 0x01, 0xca, 0xc7, 0x5f, 0xc3,
  0x99, 0x5d, 0x3a, 0x0a, 0xda, 0x3c, 0x32, 0x16, 0xda, 0x3a, 0x0b, 0xda,
  0x32, 0x15, 0xda, 0x3a, 0x0c, 0xda, 0xfe, 0x15, 0xca, 0x38, 0x5f, 0x3e,
  0x03, 0x32, 0x13, 0xda, 0x3e, 0x03, 0x32, 0x11, 0xda, 0xcd, 0xa4, 0x52,
  0x3a, 0x48, 0xda, 0xfe, 0x01, 0xca, 0xc7, 0x5f, 0xc3, 0x99, 0x5d, 0x3a,
  0x0a, 0xda, 0x32, 0x16, 0xda, 0x3a, 0x0b, 0xda, 0x3c, 0x32, 0x15, 0xda,
  0x3a, 0x0d, 0xda, 0xfe, 0x13, 0xca, 0x68, 0x5f, 0x3e, 0x05, 0x32, 0x13,
  0xda, 0x3e, 0x03, 0x32, 0x11, 0xda, 0xcd, 0xa4, 0x52, 0x3a, 0x48, 0xda,
  0xfe, 0x01, 0xca, 0xc7, 0x5f, 0xc3, 0x99, 0x5d, 0x3a, 0x0a, 0xda, 0x3d,
  0x32, 0x16, 0xda, 0x3a, 0x0b, 0xda, 0x32, 0x15, 0xda, 0x3a, 0x0c, 0xda,
  0xfe, 0x00, 0xca, 0x97, 0x5f, 0x3e, 0x07, 0x32, 0x13, 0xda, 0x3e, 0x03,
  0x32, 0x11, 0xda, 0xcd, 0xa4, 0x52, 0x3a, 0x48, 0xda, 0xfe, 0x01, 0xca,
  0xc7, 0x5f, 0xc3, 0x99, 0x5d, 0x3a, 0x48, 0xda, 0xfe, 0x01, 0xca, 0xc7,
  0x5f, 0x3a, 0x13, 0xda, 0xfe, 0x01, 0xca, 0xb8, 0x5d, 0xfe, 0x03, 0xca,
  0x02, 0x5e, 0xfe, 0x05, 0xca, 0x4c, 0x5e, 0xfe, 0x07, 0xca, 0x96, 0x5e,
  0x3a, 0x14, 0xda, 0xfe, 0x01, 0xca, 0xc7, 0x5d, 0x3a, 0x0d, 0xda, 0x3d,
  0x32, 0x0d, 0xda, 0x3a, 0x10, 0xda, 0xfe, 0x00, 0xca, 0xde, 0x5d, 0xfe,
  0x01, 0xca, 0xe7, 0x5d, 0xfe, 0x02, 0xca, 0xf0, 0x5d, 0xfe, 0x03, 0xca,
  0xf9, 0x5d, 0x21, 0x7a, 0xa9, 0x22, 0x0e, 0xda, 0xc3, 0xe0, 0x5e, 0x21,
  0x8c, 0xa9, 0x22, 0x0e, 0xda, 0xc3, 0xe0, 0x5e, 0x21, 0x7a, 0xa9, 0x22,
  0x0e, 0xda, 0xc3, 0xe0, 0x5e, 0x21, 0x9e, 0xa9, 0x22, 0x0e, 0xda, 0xc3,
  0xe0, 0x5e, 0x3a, 0x14, 0xda, 0xfe, 0x01, 0xca, 0x11, 0x5e, 0x3a, 0x0c,
  0xda, 0x3c, 0x32, 0x0c, 0xda, 0x3a, 0x10, 0xda, 0xfe, 0x00, 0xca, 0x28,
  0x5e, 0xfe, 0x01, 0xca, 0x31, 0x5e, 0xfe, 0x02, 0xca, 0x3a, 0x5e, 0xfe,
  0x03, 0xca, 0x43, 0x5e, 0x21, 0x0e, 0xa9, 0x22, 0x0e, 0xda, 0xc3, 0xe0,
  0x5e, 0x21, 0x20, 0xa9, 0x22, 0x0e, 0xda, 0xc3, 0xe0, 0x5e, 0x21, 0x0e,
  0xa9, 0x22, 0x0e, 0xda, 0xc3, 0xe0, 0x5e, 0x21, 0x32, 0xa9, 0x22, 0x0e,
  0xda, 0xc3, 0xe0, 0x5e, 0x3a, 0x14, 0xda, 0xfe, 0x01, 0xca, 0x5b, 0x5e,
  0x3a, 0x0d, 0xda, 0x3c, 0x32, 0x0d, 0xda, 0x3a, 0x10, 0xda, 0xfe, 0x00,
  0xca, 0x72, 0x5e, 0xfe, 0x01, 0xca, 0x7b, 0x5e, 0xfe, 0x02, 0xca, 0x84,
  0x5e, 0xfe, 0x03, 0xca, 0x8d, 0x5e, 0x21, 0x44, 0xa9, 0x22, 0x0e, 0xda,
  0xc3, 0xe0, 0x5e, 0x21, 0x56, 0xa9, 0x22, 0x0e, 0xda, 0xc3, 0xe0, 0x5e,
  0x21, 0x44, 0xa9, 0x22, 0x0e, 0xda, 0xc3, 0xe0, 0x5e, 0x21, 0x68, 0xa9,
  0x22, 0x0e, 0xda, 0xc3, 0xe0, 0x5e, 0x3a, 0x14, 0xda, 0xfe, 0x01, 0xca,
  0xa5, 0x5e, 0x3a, 0x0c, 0xda, 0x3d, 0x32, 0x0c, 0xda, 0x3a, 0x10, 0xda,
  0xfe, 0x00, 0xca, 0xbc, 0x5e, 0xfe, 0x01, 0xca, 0xc5, 0x5e, 0xfe, 0x02,
  0xca, 0xce, 0x5e, 0xfe, 0x03, 0xca, 0xd7, 0x5e, 0x21, 0xd8, 0xa8, 0x22,
  0x0e, 0xda, 0xc3, 0xe0, 0x5e, 0x21, 0xea, 0xa8, 0x22, 0x0e, 0xda, 0xc3,
  0xe0, 0x5e, 0x21, 0xd8, 0xa8, 0x22, 0x0e, 0xda, 0xc3, 0xe0, 0x5e, 0x21,
  0xfc, 0xa8, 0x22, 0x0e, 0xda, 0xc3, 0xe0, 0x5e, 0x3a, 0x10, 0xda, 0x3c,
  0x32, 0x10, 0xda, 0x3a, 0x14, 0xda, 0xfe, 0x00, 0xca, 0xf4, 0x5e, 0x3e,
  0x01, 0x32, 0x11, 0xda, 0x3a, 0x11, 0xda, 0x3d, 0x32, 0x11, 0xda, 0x3a,
  0x10, 0xda, 0xfe, 0x04, 0xca, 0x04, 0x5f, 0xc9, 0xaf, 0x32, 0x10, 0xda,
  0xc9, 0x3a, 0x16, 0xda, 0x32, 0x0a, 0xda, 0x3a, 0x15, 0xda, 0x32, 0x0b,
  0xda, 0x3a, 0xf0, 0xd9, 0x3d, 0x3d, 0x3d, 0x3d, 0x3d, 0x3d, 0x3d, 0x32,
  0xf0, 0xd9, 0x3e, 0x13, 0x32, 0x0d, 0xda, 0x21, 0x7a, 0xa9, 0x22, 0x0e,
  0xda, 0x3e, 0x01, 0x32, 0x13, 0xda, 0x3e, 0x01, 0x32, 0x19, 0xda, 0xc9,
  0x3a, 0x16, 0xda, 0x32, 0x0a, 0xda, 0x3a, 0x15, 0xda, 0x32, 0x0b, 0xda,
  0x3a, 0xef, 0xd9, 0x3c, 0x3c, 0x3c, 0x3c, 0x3c, 0x3c, 0x3c, 0x3c, 0x32,
  0xef, 0xd9, 0x3e, 0x00, 0x32, 0x0c, 0xda, 0x21, 0x0e, 0xa9, 0x22, 0x0e,
  0xda, 0x3e, 0x03, 0x32, 0x13, 0xda, 0x3e, 0x01, 0x32, 0x19, 0xda, 0xc9,
  0x3a, 0x16, 0xda, 0x32, 0x0a, 0xda, 0x3a, 0x15, 0xda, 0x32, 0x0b, 0xda,
  0x3a, 0xf0, 0xd9, 0x3c, 0x3c, 0x3c, 0x3c, 0x3c, 0x3c, 0x3c, 0x32, 0xf0,
  0xd9, 0x3e, 0x01, 0x32, 0x0d, 0xda, 0x21, 0x44, 0xa9, 0x22, 0x0e, 0xda,
  0x3e, 0x05, 0x32, 0x13, 0xda, 0x3e, 0x01, 0x32, 0x19, 0xda, 0xc9, 0x3a,
  0x16, 0xda, 0x32, 0x0a, 0xda, 0x3a, 0x15, 0xda, 0x32, 0x0b, 0xda, 0x3a,
  0xef, 0xd9, 0x3d, 0x3d, 0x3d, 0x3d, 0x3d, 0x3d, 0x3d, 0x3d, 0x32, 0xef,
  0xd9, 0x3e, 0x15, 0x32, 0x0c, 0xda, 0x21, 0xd8, 0xa8, 0x22, 0x0e, 0xda,
  0x3e, 0x07, 0x32, 0x13, 0xda, 0x3e, 0x01, 0x32, 0x19, 0xda, 0xc9, 0x3a,
  0x5c, 0xda, 0x3c, 0xe6, 0x01, 0x32, 0x5c, 0xda, 0x3a, 0x5c, 0xda, 0xfe,
  0x00, 0xc8, 0x3a, 0x50, 0xda, 0x32, 0xc9, 0xd9, 0x3a, 0x51, 0xda, 0x32,
  0xca, 0xd9, 0x2a, 0x52, 0xda, 0x22, 0xc7, 0xd9, 0xcd, 0x5c, 0x69, 0x3a,
  0x4c, 0xda, 0x32, 0xc9, 0xd9, 0x3a, 0x4d, 0xda, 0x32, 0xca, 0xd9, 0x21,
  0x5d, 0xac, 0x22, 0xc7, 0xd9, 0xcd, 0x5c, 0x69, 0x3a, 0x4e, 0xda, 0x32,
  0xc9, 0xd9, 0x3a, 0x4f, 0xda, 0x32, 0xca, 0xd9, 0x21, 0x5d, 0xac, 0x22,
  0xc7, 0xd9, 0xcd, 0x5c, 0x69, 0x2a, 0x4a, 0xda, 0x7e, 0x32, 0x55, 0xda,
  0x23, 0x7e, 0x32, 0x56, 0xda, 0x2a, 0x55, 0xda, 0x22, 0x0e, 0xda, 0x2a,
  0x4a, 0xda, 0x23, 0x23, 0x22, 0x4a, 0xda, 0x3a, 0x54, 0xda, 0xfe, 0x06,
  0xca, 0x76, 0x60, 0x3a, 0x49, 0xda, 0xfe, 0x01, 0xca, 0x4e, 0x60, 0xfe,
  0x03, 0xca, 0x62, 0x60, 0xfe, 0x05, 0xca, 0x58, 0x60, 0xfe, 0x07, 0xca,
  0x6c, 0x60, 0x3a, 0x0d, 0xda, 0x3d, 0x32, 0x0d, 0xda, 0xc3, 0x76, 0x60,
  0x3a, 0x0d, 0xda, 0x3c, 0x32, 0x0d, 0xda, 0xc3, 0x76, 0x60, 0x3a, 0x0c,
  0xda, 0x3c, 0x32, 0x0c, 0xda, 0xc3, 0x76, 0x60, 0x3a, 0x0c, 0xda, 0x3d,
  0x32, 0x0c, 0xda, 0xc3, 0x76, 0x60, 0x3a, 0x0d, 0xda, 0xfe, 0x01, 0xca,
  0x81, 0x60, 0xc3, 0x87, 0x60, 0x21, 0xe9, 0xd5, 0xc3, 0x98, 0x60, 0x3d,
  0x01, 0x20, 0x00, 0x21, 0xe9, 0xd5, 0x09, 0x3d, 0xfe, 0x00, 0xca, 0x98,
  0x60, 0xc3, 0x8e, 0x60, 0x22, 0x57, 0xda, 0x3a, 0x0d, 0xda, 0xfe, 0x01,
  0xca, 0xa6, 0x60, 0xc3, 0xac, 0x60, 0x21, 0x00, 0x18, 0xc3, 0xbd, 0x60,
  0x3d, 0x01, 0x20, 0x00, 0x21, 0x00, 0x18, 0x09, 0x3d, 0xfe, 0x00, 0xca,
  0xbd, 0x60, 0xc3, 0xb3, 0x60, 0x22, 0x59, 0xda, 0x3a, 0x54, 0xda, 0x3c,
  0x32, 0x54, 0xda, 0x3a, 0x54, 0xda, 0xfe, 0x06, 0xca, 0xd5, 0x60, 0xfe,
  0x07, 0xca, 0x08, 0x61, 0xc9, 0x3a, 0x49, 0xda, 0xfe, 0x01, 0xca, 0xec,
  0x60, 0xfe, 0x05, 0xca, 0xf3, 0x60, 0xfe, 0x03, 0xca, 0xfa, 0x60, 0xfe,
  0x07, 0xca, 0x01, 0x61, 0x21, 0x7a, 0xa9, 0x22, 0x0e, 0xda, 0xc9, 0x21,
  0x44, 0xa9, 0x22, 0x0e, 0xda, 0xc9, 0x21, 0x0e, 0xa9, 0x22, 0x0e, 0xda,
  0xc9, 0x21, 0xd8, 0xa8, 0x22, 0x0e, 0xda, 0xc9, 0xaf, 0x32, 0x48, 0xda,
  0x32, 0x18, 0xda, 0xc9, 0x3a, 0x2c, 0xda, 0xfe, 0x00, 0xca, 0x19, 0x61,
  0xc9, 0x3a, 0x0c, 0xda, 0x32, 0xc9, 0xd9, 0x3a, 0x0d, 0xda, 0x32, 0xca,
  0xd9, 0x21, 0xd6, 0xac, 0x22, 0xc7, 0xd9, 0xcd, 0x5c, 0x69, 0xc9, 0x3a,
  0x0c, 0xda, 0x32, 0xc9, 0xd9, 0x3a, 0x0d, 0xda, 0x32, 0xca, 0xd9, 0x21,
  0xd6, 0xac, 0x22, 0xc7, 0xd9, 0xcd, 0x5c, 0x69, 0x2a, 0x0e, 0xda, 0xcd,
  0x30, 0x6b, 0xc9, 0x01, 0x00, 0x00, 0x21, 0x3c, 0x86, 0x3a, 0xef, 0xd9,
  0xcb, 0x3f, 0xcb, 0x3f, 0xcb, 0x3f, 0x4f, 0x09, 0x09, 0x3a, 0xf0, 0xd9,
  0xfe, 0x00, 0xca, 0x73, 0x61, 0x01, 0x14, 0x00, 0x09, 0x3d, 0x3d, 0x3d,
  0x3d, 0x3d, 0x3d, 0x3d, 0xc3, 0x60, 0x61, 0x22, 0x07, 0xda, 0x2a, 0x07,
  0xda, 0x7e, 0x21, 0xf7, 0xd9, 0x4f, 0xcb, 0x3f, 0xcb, 0x3f, 0xcb, 0x3f,
  0xcb, 0x3f, 0x77, 0x23, 0x79, 0xe6, 0x0f, 0x77, 0x2a, 0x07, 0xda, 0x23,
  0x7e, 0x21, 0xf9, 0xd9, 0x4f, 0xcb, 0x3f, 0xcb, 0x3f, 0xcb, 0x3f, 0xcb,
  0x3f, 0x77, 0x23, 0x79, 0xe6, 0x0f, 0x77, 0xaf, 0x32, 0xfb, 0xd9, 0x3a,
  0xfb, 0xd9, 0xfe, 0x00, 0xca, 0xbe, 0x61, 0xfe, 0x01, 0xca, 0xdb, 0x61,
  0xfe, 0x02, 0xca, 0xf8, 0x61, 0xfe, 0x03, 0xca, 0x15, 0x62, 0x21, 0xe0,
  0x00, 0x22, 0xfc, 0xd9, 0x21, 0xe0, 0x20, 0x22, 0xfe, 0xd9, 0x3a, 0xf7,
  0xd9, 0x32, 0x00, 0xda, 0xcd, 0x2b, 0x62, 0x3e, 0x01, 0x32, 0xfb, 0xd9,
  0xc3, 0xa7, 0x61, 0x21, 0x28, 0x01, 0x22, 0xfc, 0xd9, 0x21, 0x28, 0x21,
  0x22, 0xfe, 0xd9, 0x3a, 0xf8, 0xd9, 0x32, 0x00, 0xda, 0xcd, 0x2b, 0x62,
  0x3e, 0x02, 0x32, 0xfb, 0xd9, 0xc3, 0xa7, 0x61, 0x21, 0x70, 0x01, 0x22,
  0xfc, 0xd9, 0x21, 0x70, 0x21, 0x22, 0xfe, 0xd9, 0x3a, 0xf9, 0xd9, 0x32,
  0x00, 0xda, 0xcd, 0x2b, 0x62, 0x3e, 0x03, 0x32, 0xfb, 0xd9, 0xc3, 0xa7,
  0x61, 0x21, 0xb8, 0x01, 0x22, 0xfc, 0xd9, 0x21, 0xb8, 0x21, 0x22, 0xfe,
  0xd9, 0x3a, 0xfa, 0xd9, 0x32, 0x00, 0xda, 0xcd, 0x2b, 0x62, 0xc9, 0x3a,
  0x00, 0xda, 0xfe, 0x01, 0xca, 0x66, 0x62, 0xfe, 0x02, 0xca, 0x75, 0x62,
  0xfe, 0x03, 0xca, 0x84, 0x62, 0xfe, 0x04, 0xca, 0x93, 0x62, 0xfe, 0x05,
  0xca, 0xa2, 0x62, 0xfe, 0x06, 0xca, 0xb1, 0x62, 0xfe, 0x07, 0xca, 0xc0,
  0x62, 0xfe, 0x08, 0xca, 0xcf, 0x62, 0xfe, 0x09, 0xca, 0xde, 0x62, 0xfe,
  0x0a, 0xca, 0xed, 0x62, 0xfe, 0x0b, 0xca, 0xfc, 0x62, 0xc9, 0x21, 0x14,
  0x95, 0x22, 0x03, 0xda, 0x21, 0x2c, 0x98, 0x22, 0x05, 0xda, 0xc3, 0x0b,
  0x63, 0x21, 0x5c, 0x95, 0x22, 0x03, 0xda, 0x21, 0x74, 0x98, 0x22, 0x05,
  0xda, 0xc3, 0x0b, 0x63, 0x21, 0xa4, 0x95, 0x22, 0x03, 0xda, 0x21, 0xbc,
  0x98, 0x22, 0x05, 0xda, 0xc3, 0x0b, 0x63, 0x21, 0xec, 0x95, 0x22, 0x03,
  0xda, 0x21, 0x04, 0x99, 0x22, 0x05, 0xda, 0xc3, 0x0b, 0x63, 0x21, 0x34,
  0x96, 0x22, 0x03, 0xda, 0x21, 0x4c, 0x99, 0x22, 0x05, 0xda, 0xc3, 0x0b,
  0x63, 0x21, 0x7c, 0x96, 0x22, 0x03, 0xda, 0x21, 0x94, 0x99, 0x22, 0x05,
  0xda, 0xc3, 0x0b, 0x63, 0x21, 0xc4, 0x96, 0x22, 0x03, 0xda, 0x21, 0xdc,
  0x99, 0x22, 0x05, 0xda, 0xc3, 0x0b, 0x63, 0x21, 0x0c, 0x97, 0x22, 0x03,
  0xda, 0x21, 0x24, 0x9a, 0x22, 0x05, 0xda, 0xc3, 0x0b, 0x63, 0x21, 0x54,
  0x97, 0x22, 0x03, 0xda, 0x21, 0x6c, 0x9a, 0x22, 0x05, 0xda, 0xc3, 0x0b,
  0x63, 0x21, 0x9c, 0x97, 0x22, 0x03, 0xda, 0x21, 0xb4, 0x9a, 0x22, 0x05,
  0xda, 0xc3, 0x0b, 0x63, 0x21, 0xe4, 0x97, 0x22, 0x03, 0xda, 0x21, 0xfc,
  0x9a, 0x22, 0x05, 0xda, 0xc3, 0x0b, 0x63, 0x76, 0x2a, 0x03, 0xda, 0xed,
  0x5b, 0xfc, 0xd9, 0x01, 0x48, 0x00, 0xcd, 0x5c, 0x00, 0x11, 0x00, 0x08,
  0x2a, 0xfc, 0xd9, 0x19, 0x22, 0xfc, 0xd9, 0x2a, 0x03, 0xda, 0xed, 0x5b,
  0xfc, 0xd9, 0x01, 0x48, 0x00, 0xcd, 0x5c, 0x00, 0x11, 0x00, 0x08, 0x2a,
  0xfc, 0xd9, 0x19, 0x22, 0xfc, 0xd9, 0x2a, 0x03, 0xda, 0xed, 0x5b, 0xfc,
  0xd9, 0x01, 0x48, 0x00, 0xcd, 0x5c, 0x00, 0x2a, 0x05, 0xda, 0xed, 0x5b,
  0xfe, 0xd9, 0x01, 0x48, 0x00, 0xcd, 0x5c, 0x00, 0x11, 0x00, 0x08, 0x2a,
  0xfe, 0xd9, 0x19, 0x22, 0xfe, 0xd9, 0x2a, 0x05, 0xda, 0xed, 0x5b, 0xfe,
  0xd9, 0x01, 0x48, 0x00, 0xcd, 0x5c, 0x00, 0x11, 0x00, 0x08, 0x2a, 0xfe,
  0xd9, 0x19, 0x22, 0xfe, 0xd9, 0x2a, 0x05, 0xda, 0xed, 0x5b, 0xfe, 0xd9,
  0x01, 0x48, 0x00, 0xcd, 0x5c, 0x00, 0xc9, 0x01, 0x00, 0x00, 0x21, 0x00,
  0xc0, 0x3a, 0xef, 0xd9, 0x4f, 0x09, 0x3a, 0xf0, 0xd9, 0xfe, 0x00, 0xca,
  0x9e, 0x63, 0x01, 0x50, 0x00, 0x09, 0x3d, 0xc3, 0x91, 0x63, 0x22, 0xf1,
  0xd9, 0xaf, 0x32, 0xf3, 0xd9, 0x32, 0xf4, 0xd9, 0x3e, 0x01, 0x32, 0xca,
  0xd9, 0xaf, 0x32, 0xc9, 0xd9, 0xaf, 0x32, 0xf3, 0xd9, 0x3a, 0xca, 0xd9,
  0x32, 0xf5, 0xd9, 0xcd, 0x0a, 0x64, 0xcd, 0x5c, 0x69, 0x3a, 0xf5, 0xd9,
  0x32, 0xca, 0xd9, 0x2a, 0xf1, 0xd9, 0x23, 0x22, 0xf1, 0xd9, 0x3a, 0xf3,
  0xd9, 0x3c, 0x32, 0xf3, 0xd9, 0x3a, 0xf3, 0xd9, 0xfe, 0x08, 0xca, 0xe8,
  0x63, 0x3a, 0xc9, 0xd9, 0xc6, 0x03, 0x32, 0xc9, 0xd9, 0xc3, 0xb5, 0x63,
  0x3a, 0xf4, 0xd9, 0x3c, 0x32, 0xf4, 0xd9, 0x3a, 0xf4, 0xd9, 0xfe, 0x07,
  0xc8, 0x2a, 0xf1, 0xd9, 0x01, 0x48, 0x00, 0x09, 0x22, 0xf1, 0xd9, 0x3a,
  0xca, 0xd9, 0xc6, 0x03, 0x32, 0xca, 0xd9, 0xc3, 0xad, 0x63, 0x2a, 0xf1,
  0xd9, 0x7e, 0xfe, 0x0b, 0xca, 0xa8, 0x64, 0xfe, 0x05, 0xca, 0xaf, 0x64,
  0xfe, 0x06, 0xca, 0xb6, 0x64, 0xfe, 0x07, 0xca, 0xbd, 0x64, 0xfe, 0x08,
  0xca, 0xc4, 0x64, 0xfe, 0x09, 0xca, 0xcb, 0x64, 0xfe, 0x0a, 0xca, 0xd2,
  0x64, 0xfe, 0x65, 0xca, 0x77, 0x64, 0xfe, 0x66, 0xca, 0x7e, 0x64, 0xfe,
  0x67, 0xca, 0x85, 0x64, 0xfe, 0x68, 0xca, 0x8c, 0x64, 0xfe, 0x69, 0xca,
  0x93, 0x64, 0xfe, 0x6a, 0xca, 0x9a, 0x64, 0xfe, 0x6b, 0xca, 0xa1, 0x64,
  0xfe, 0x64, 0xca, 0x70, 0x64, 0xfe, 0x01, 0xca, 0xe0, 0x64, 0xfe, 0x02,
  0xca, 0xe7, 0x64, 0xfe, 0x03, 0xca, 0xee, 0x64, 0xfe, 0x04, 0xca, 0xf5,
  0x64, 0xc3, 0xd9, 0x64, 0x21, 0xfa, 0xab, 0x22, 0xc7, 0xd9, 0xc9, 0x21,
  0x05, 0xac, 0x22, 0xc7, 0xd9, 0xc9, 0x21, 0x10, 0xac, 0x22, 0xc7, 0xd9,
  0xc9, 0x21, 0x1b, 0xac, 0x22, 0xc7, 0xd9, 0xc9, 0x21, 0x26, 0xac, 0x22,
  0xc7, 0xd9, 0xc9, 0x21, 0x31, 0xac, 0x22, 0xc7, 0xd9, 0xc9, 0x21, 0x3c,
  0xac, 0x22, 0xc7, 0xd9, 0xc9, 0x21, 0x47, 0xac, 0x22, 0xc7, 0xd9, 0xc9,
  0x21, 0x52, 0xac, 0x22, 0xc7, 0xd9, 0xc9, 0x21, 0x68, 0xac, 0x22, 0xc7,
  0xd9, 0xc9, 0x21, 0x73, 0xac, 0x22, 0xc7, 0xd9, 0xc9, 0x21, 0x7e, 0xac,
  0x22, 0xc7, 0xd9, 0xc9, 0x21, 0x89, 0xac, 0x22, 0xc7, 0xd9, 0xc9, 0x21,
  0x94, 0xac, 0x22, 0xc7, 0xd9, 0xc9, 0x21, 0x9f, 0xac, 0x22, 0xc7, 0xd9,
  0xc9, 0x21, 0x5d, 0xac, 0x22, 0xc7, 0xd9, 0xc9, 0x21, 0xaa, 0xac, 0x22,
  0xc7, 0xd9, 0xc9, 0x21, 0xb5, 0xac, 0x22, 0xc7, 0xd9, 0xc9, 0x21, 0xc0,
  0xac, 0x22, 0xc7, 0xd9, 0xc9, 0x21, 0xcb, 0xac, 0x22, 0xc7, 0xd9, 0xc9,
  0x21, 0x00, 0x00, 0x22, 0xc5, 0xd9, 0x21, 0x4b, 0x7b, 0x22, 0xc1, 0xd9,
  0x21, 0x00, 0xc0, 0x22, 0xc3, 0xd9, 0x2a, 0xc1, 0xd9, 0x7e, 0xfe, 0xff,
  0xc8, 0x2a, 0xc1, 0xd9, 0x7e, 0x2a, 0xc3, 0xd9, 0x4f, 0xcb, 0x3f, 0xcb,
  0x3f, 0xcb, 0x3f, 0xcb, 0x3f, 0x77, 0x23, 0x79, 0xe6, 0x0f, 0x77, 0x23,
  0x22, 0xc3, 0xd9, 0x2a, 0xc1, 0xd9, 0x23, 0x22, 0xc1, 0xd9, 0x2a, 0xc5,
  0xd9, 0x23, 0x23, 0x22, 0xc5, 0xd9, 0xc3, 0x0e, 0x65, 0x3a, 0x2d, 0x00,
  0xb7, 0xc8, 0x3e, 0x00, 0xd3, 0x99, 0x3e, 0x90, 0xd3, 0x99, 0x06, 0x20,
  0x0e, 0x9a, 0x21, 0x0c, 0xae, 0xed, 0xb3, 0xc9, 0x3a, 0x5d, 0xda, 0x21,
  0xe0, 0xd9, 0x06, 0x02, 0x05, 0x86, 0x27, 0x77, 0x23, 0x7e, 0xce, 0x00,
  0x27, 0x77, 0x23, 0x10, 0xf8, 0xc9, 0x3a, 0xe8, 0xd9, 0x32, 0xee, 0xd9,
  0xcd, 0x33, 0x67, 0x2a, 0xec, 0xd9, 0x22, 0xc7, 0xd9, 0x3e, 0x19, 0x32,
  0xc9, 0xd9, 0x3e, 0x10, 0x32, 0xca, 0xd9, 0xcd, 0x5c, 0x69, 0x3a, 0xe9,
  0xd9, 0x32, 0xee, 0xd9, 0xcd, 0x33, 0x67, 0x2a, 0xec, 0xd9, 0x22, 0xc7,
  0xd9, 0x3e, 0x1c, 0x32, 0xc9, 0xd9, 0x3e, 0x10, 0x32, 0xca, 0xd9, 0xcd,
  0x5c, 0x69, 0x3a, 0xea, 0xd9, 0x32, 0xee, 0xd9, 0xcd, 0x33, 0x67, 0x2a,
  0xec, 0xd9, 0x22, 0xc7, 0xd9, 0x3e, 0x19, 0x32, 0xc9, 0xd9, 0x3e, 0x13,
  0x32, 0xca, 0xd9, 0xcd, 0x5c, 0x69, 0x3a, 0xeb, 0xd9, 0x32, 0xee, 0xd9,
  0xcd, 0x33, 0x67, 0x2a, 0xec, 0xd9, 0x22, 0xc7, 0xd9, 0x3e, 0x1c, 0x32,
  0xc9, 0xd9, 0x3e, 0x13, 0x32, 0xca, 0xd9, 0xcd, 0x5c, 0x69, 0x3a, 0xcf,
  0xd9, 0x06, 0xe3, 0x80, 0x32, 0x46, 0xd6, 0x06, 0x02, 0x11, 0xe1, 0xd9,
  0x21, 0xe4, 0xd9, 0xcd, 0x16, 0x67, 0x21, 0xe2, 0xd9, 0x22, 0xc7, 0xd9,
  0x3e, 0x1a, 0x32, 0xc9, 0xd9, 0x3e, 0x08, 0x32, 0xca, 0xd9, 0xcd, 0x5c,
  0x69, 0x3e, 0x01, 0x21, 0xd0, 0xd9, 0x06, 0x02, 0x05, 0x86, 0x27, 0x77,
  0x23, 0x7e, 0xce, 0x00, 0x27, 0x77, 0x23, 0x10, 0xf8, 0x06, 0x02, 0x11,
  0xd1, 0xd9, 0x21, 0xd4, 0xd9, 0xcd, 0xdc, 0x66, 0x21, 0xd2, 0xd9, 0x22,
  0xc7, 0xd9, 0x3e, 0x1a, 0x32, 0xc9, 0xd9, 0x3e, 0x0b, 0x32, 0xca, 0xd9,
  0xcd, 0x5c, 0x69, 0x3a, 0xd0, 0xd9, 0xfe, 0x99, 0xca, 0x42, 0x66, 0xc3,
  0x57, 0x66, 0x3a, 0xd1, 0xd9, 0xfe, 0x99, 0xca, 0x4d, 0x66, 0xc3, 0x57,
  0x66, 0x3e, 0x01, 0x32, 0x2c, 0xda, 0xaf, 0x32, 0x2e, 0xda, 0xc9, 0x21,
  0xd8, 0xd9, 0x06, 0x06, 0x7e, 0x90, 0x27, 0x77, 0x23, 0x7e, 0xde, 0x00,
  0x27, 0x77, 0x06, 0x02, 0x11, 0xd9, 0xd9, 0x21, 0xdc, 0xd9, 0xcd, 0xf9,
  0x66, 0x21, 0xda, 0xd9, 0x22, 0xc7, 0xd9, 0x3e, 0x1a, 0x32, 0xc9, 0xd9,
  0x3e, 0x0e, 0x32, 0xca, 0xd9, 0xcd, 0x5c, 0x69, 0x3a, 0xd9, 0xd9, 0xfe,
  0x00, 0xca, 0x97, 0x66, 0x3a, 0xd9, 0xd9, 0xfe, 0x10, 0xda, 0x9f, 0x66,
  0xc3, 0xd1, 0x66, 0x3a, 0xd8, 0xd9, 0xfe, 0x00, 0xca, 0xd2, 0x66, 0x3a,
  0x2d, 0xda, 0x3c, 0x32, 0x2d, 0xda, 0x3a, 0x2d, 0xda, 0xe6, 0x03, 0xfe,
  0x00, 0xca, 0xc6, 0x66, 0xfe, 0x02, 0xca, 0xb8, 0x66, 0xc3, 0xd1, 0x66,
  0x21, 0x48, 0x2f, 0x01, 0x58, 0x00, 0x3e, 0xf4, 0xcd, 0x56, 0x00, 0xc3,
  0xd1, 0x66, 0x21, 0x48, 0x2f, 0x01, 0x58, 0x00, 0x3e, 0x64, 0xcd, 0x56,
  0x00, 0xc9, 0x3e, 0x01, 0x32, 0x2c, 0xda, 0xaf, 0x32, 0x2e, 0xda, 0xc9,
  0x1a, 0x1b, 0xcd, 0xe4, 0x66, 0x10, 0xf9, 0xc9, 0x4f, 0xcb, 0x3f, 0xcb,
  0x3f, 0xcb, 0x3f, 0xcb, 0x3f, 0xc6, 0xde, 0x77, 0x23, 0x79, 0xe6, 0x0f,
  0xc6, 0xde, 0x77, 0x23, 0xc9, 0x1a, 0x1b, 0xcd, 0x01, 0x67, 0x10, 0xf9,
  0xc9, 0x4f, 0xcb, 0x3f, 0xcb, 0x3f, 0xcb, 0x3f, 0xcb, 0x3f, 0xc6, 0xe9,
  0x77, 0x23, 0x79, 0xe6, 0x0f, 0xc6, 0xe9, 0x77, 0x23, 0xc9, 0x1a, 0x1b,
  0xcd, 0x1e, 0x67, 0x10, 0xf9, 0xc9, 0x4f, 0xcb, 0x3f, 0xcb, 0x3f, 0xcb,
  0x3f, 0xcb, 0x3f, 0xc6, 0xf4, 0x77, 0x23, 0x79, 0xe6, 0x0f, 0xc6, 0xf4,
  0x77, 0x23, 0xc9, 0x3a, 0xee, 0xd9, 0xfe, 0x64, 0xca, 0x5e, 0x67, 0xfe,
  0x65, 0xca, 0x65, 0x67, 0xfe, 0x66, 0xca, 0x6c, 0x67, 0xfe, 0x67, 0xca,
  0x73, 0x67, 0xfe, 0x68, 0xca, 0x7a, 0x67, 0xfe, 0x69, 0xca, 0x81, 0x67,
  0xfe, 0x6a, 0xca, 0x88, 0x67, 0xfe, 0x6b, 0xca, 0x8f, 0x67, 0x21, 0xfa,
  0xab, 0x22, 0xec, 0xd9, 0xc9, 0x21, 0x05, 0xac, 0x22, 0xec, 0xd9, 0xc9,
  0x21, 0x10, 0xac, 0x22, 0xec, 0xd9, 0xc9, 0x21, 0x1b, 0xac, 0x22, 0xec,
  0xd9, 0xc9, 0x21, 0x26, 0xac, 0x22, 0xec, 0xd9, 0xc9, 0x21, 0x31, 0xac,
  0x22, 0xec, 0xd9, 0xc9, 0x21, 0x3c, 0xac, 0x22, 0xec, 0xd9, 0xc9, 0x21,
  0x47, 0xac, 0x22, 0xec, 0xd9, 0xc9, 0x21, 0x40, 0xab, 0x22, 0xc7, 0xd9,
  0x3e, 0x18, 0x32, 0xc9, 0xd9, 0xaf, 0x32, 0xca, 0xd9, 0xcd, 0x5c, 0x69,
  0xc9, 0x3a, 0x18, 0xda, 0xfe, 0x01, 0xca, 0xb6, 0x67, 0xfe, 0x00, 0xca,
  0xb4, 0x68, 0x3a, 0x48, 0xda, 0xfe, 0x01, 0xca, 0xc1, 0x67, 0xc3, 0xce,
  0x67, 0x2a, 0x57, 0xda, 0xed, 0x5b, 0x59, 0xda, 0x01, 0xa0, 0x00, 0xcd,
  0x5c, 0x00, 0x3a, 0x0d, 0xda, 0xfe, 0x09, 0xd2, 0x09, 0x68, 0x21, 0xe9,
  0xd8, 0x11, 0x08, 0x00, 0x01, 0x48, 0x00, 0xcd, 0x5c, 0x00, 0x21, 0x31,
  0xd9, 0x11, 0x08, 0x20, 0x01, 0x48, 0x00, 0xcd, 0x5c, 0x00, 0x21, 0xe9,
  0xd8, 0x11, 0x08, 0x08, 0x01, 0x48, 0x00, 0xcd, 0x5c, 0x00, 0x21, 0x31,
  0xd9, 0x11, 0x08, 0x28, 0x01, 0x48, 0x00, 0xcd, 0x5c, 0x00, 0xc3, 0x39,
  0x68, 0x21, 0xe9, 0xd8, 0x11, 0x08, 0x10, 0x01, 0x48, 0x00, 0xcd, 0x5c,
  0x00, 0x21, 0x31, 0xd9, 0x11, 0x08, 0x30, 0x01, 0x48, 0x00, 0xcd, 0x5c,
  0x00, 0x21, 0xe9, 0xd8, 0x11, 0x08, 0x08, 0x01, 0x48, 0x00, 0xcd, 0x5c,
  0x00, 0x21, 0x31, 0xd9, 0x11, 0x08, 0x28, 0x01, 0x48, 0x00, 0xcd, 0x5c,
  0x00, 0x3a, 0x32, 0xda, 0xfe, 0x00, 0xc8, 0x3a, 0x09, 0xda, 0x3c, 0x32,
  0x09, 0xda, 0x3a, 0x09, 0xda, 0xfe, 0x08, 0xca, 0x4f, 0x68, 0xc9, 0x3e,
  0x00, 0x32, 0x09, 0xda, 0x3a, 0xf6, 0xd9, 0xfe, 0x00, 0xca, 0x61, 0x68,
  0xfe, 0x01, 0xca, 0x8b, 0x68, 0x21, 0x44, 0x9b, 0x11, 0xb0, 0x23, 0x01,
  0x08, 0x00, 0xcd, 0x5c, 0x00, 0x21, 0x44, 0x9b, 0x11, 0xb0, 0x2b, 0x01,
  0x08, 0x00, 0xcd, 0x5c, 0x00, 0x21, 0x44, 0x9b, 0x11, 0xb0, 0x33, 0x01,
  0x08, 0x00, 0xcd, 0x5c, 0x00, 0x3e, 0x01, 0x32, 0xf6, 0xd9, 0xc9, 0x21,
  0xe4, 0x8c, 0x11, 0xb0, 0x23, 0x01, 0x08, 0x00, 0xcd, 0x5c, 0x00, 0x21,
  0xe4, 0x8c, 0x11, 0xb0, 0x2b, 0x01, 0x08, 0x00, 0xcd, 0x5c, 0x00, 0x21,
  0xe4, 0x8c, 0x11, 0xb0, 0x33, 0x01, 0x08, 0x00, 0xcd, 0x5c, 0x00, 0xaf,
  0x32, 0xf6, 0xd9, 0xc9, 0x21, 0xe9, 0xd5, 0x11, 0x00, 0x18, 0x01, 0x00,
  0x03, 0xcd, 0x5c, 0x00, 0xc9, 0x3e, 0x03, 0x32, 0xcf, 0xd9, 0x21, 0x00,
  0x00, 0x22, 0xd0, 0xd9, 0x3e, 0x04, 0x32, 0xd2, 0xd9, 0x3e, 0x01, 0x32,
  0xd3, 0xd9, 0x21, 0x96, 0x99, 0x22, 0xd8, 0xd9, 0x3e, 0x04, 0x32, 0xda,
  0xd9, 0x3e, 0x01, 0x32, 0xdb, 0xd9, 0x21, 0x00, 0x00, 0x22, 0xe0, 0xd9,
  0x3e, 0x04, 0x32, 0xe2, 0xd9, 0x3e, 0x01, 0x32, 0xe3, 0xd9, 0x3e, 0x02,
  0x32, 0x0a, 0xda, 0x3e, 0x43, 0x32, 0x0b, 0xda, 0x3e, 0x06, 0x32, 0x0c,
  0xda, 0x3e, 0x0d, 0x32, 0x0d, 0xda, 0x3e, 0x05, 0x32, 0x13, 0xda, 0x21,
  0x44, 0xa9, 0x22, 0x0e, 0xda, 0xaf, 0x32, 0x10, 0xda, 0x32, 0x11, 0xda,
  0x32, 0x12, 0xda, 0x3e, 0x6b, 0x32, 0xe8, 0xd9, 0x3e, 0x6b, 0x32, 0xe9,
  0xd9, 0x3e, 0x6b, 0x32, 0xea, 0xd9, 0x3e, 0x6b, 0x32, 0xeb, 0xd9, 0x3e,
  0x00, 0x32, 0xef, 0xd9, 0x3e, 0x3f, 0x32, 0xf0, 0xd9, 0xaf, 0x32, 0xf6,
  0xd9, 0x32, 0x09, 0xda, 0x32, 0x2d, 0xda, 0x32, 0x31, 0xda, 0x32, 0x5f,
  0xda, 0x32, 0x19, 0xda, 0x32, 0x75, 0xda, 0x32, 0x5e, 0xda, 0x3e, 0x01,
  0x32, 0x32, 0xda, 0xc9, 0x2a, 0xc7, 0xd9, 0x7e, 0x32, 0xcb, 0xd9, 0x23,
  0x7e, 0x32, 0xcc, 0xd9, 0x23, 0x22, 0xc7, 0xd9, 0x21, 0xe9, 0xd5, 0x22,
  0xcd, 0xd9, 0x3a, 0xca, 0xd9, 0xfe, 0x00, 0xca, 0x8e, 0x69, 0x01, 0x20,
  0x00, 0x2a, 0xcd, 0xd9, 0x09, 0x22, 0xcd, 0xd9, 0x3a, 0xca, 0xd9, 0x3d,
  0x32, 0xca, 0xd9, 0xc3, 0x72, 0x69, 0x01, 0x00, 0x00, 0x3a, 0xc9, 0xd9,
  0x4f, 0x2a, 0xcd, 0xd9, 0x09, 0x22, 0xcd, 0xd9, 0x2a, 0xc7, 0xd9, 0xed,
  0x5b, 0xcd, 0xd9, 0x01, 0x00, 0x00, 0x3a, 0xcb, 0xd9, 0x4f, 0xed, 0xb0,
  0x3a, 0xcc, 0xd9, 0xfe, 0x01, 0xc8, 0x3a, 0xcc, 0xd9, 0x3d, 0x32, 0xcc,
  0xd9, 0x2a, 0xcd, 0xd9, 0x01, 0x20, 0x00, 0x09, 0x22, 0xcd, 0xd9, 0x2a,
  0xc7, 0xd9, 0x01, 0x00, 0x00, 0x3a, 0xcb, 0xd9, 0x4f, 0x09, 0x22, 0xc7,
  0xd9, 0xc3, 0x9c, 0x69, 0x01, 0xff, 0x02, 0x11, 0xea, 0xd5, 0x21, 0xe9,
  0xd5, 0x36, 0x00, 0xed, 0xb0, 0xc9, 0x21, 0xe9, 0xf3, 0x36, 0x0f, 0x23,
  0x36, 0x01, 0x23, 0x36, 0x01, 0xcd, 0x72, 0x00, 0x01, 0x01, 0xe2, 0xcd,
  0x47, 0x00, 0xc9, 0x21, 0x00, 0x40, 0x46, 0xaf, 0x77, 0x7e, 0xb7, 0x20,
  0x02, 0x70, 0xc9, 0xf3, 0xcd, 0x38, 0x01, 0x0f, 0x0f, 0xe6, 0x03, 0x4f,
  0x21, 0xc1, 0xfc, 0x85, 0x6f, 0x7e, 0xe6, 0x80, 0xb1, 0x4f, 0x2c, 0x2c,
  0x2c, 0x2c, 0x7e, 0xe6, 0x0c, 0xb1, 0x26, 0x80, 0xcd, 0x24, 0x00, 0xfb,
  0xc9, 0x21, 0x04, 0x87, 0x11, 0x00, 0x02, 0x01, 0x30, 0x04, 0xcd, 0x5c,
  0x00, 0x21, 0x34, 0x8b, 0x11, 0x00, 0x22, 0x01, 0x30, 0x04, 0xcd, 0x5c,
  0x00, 0x21, 0x04, 0x87, 0x11, 0x00, 0x0a, 0x01, 0x30, 0x04, 0xcd, 0x5c,
  0x00, 0x21, 0x34, 0x8b, 0x11, 0x00, 0x2a, 0x01, 0x30, 0x04, 0xcd, 0x5c,
  0x00, 0x21, 0x04, 0x87, 0x11, 0x00, 0x12, 0x01, 0x30, 0x04, 0xcd, 0x5c,
  0x00, 0x21, 0x34, 0x8b, 0x11, 0x00, 0x32, 0x01, 0x30, 0x04, 0xcd, 0x5c,
  0x00, 0x21, 0x64, 0x8f, 0x11, 0x30, 0x06, 0x01, 0xa0, 0x00, 0xcd, 0x5c,
  0x00, 0x21, 0x04, 0x90, 0x11, 0x30, 0x26, 0x01, 0xa0, 0x00, 0xcd, 0x5c,
  0x00, 0x21, 0xa4, 0x90, 0x11, 0x00, 0x0e, 0x01, 0xf0, 0x00, 0xcd, 0x5c,
  0x00, 0x21, 0x94, 0x91, 0x11, 0x00, 0x2e, 0x01, 0xf0, 0x00, 0xcd, 0x5c,
  0x00, 0x21, 0x0c, 0x8b, 0x11, 0xf0, 0x0d, 0x01, 0x10, 0x00, 0xcd, 0x5c,
  0x00, 0x21, 0x3c, 0x8f, 0x11, 0xf0, 0x2d, 0x01, 0x10, 0x00, 0xcd, 0x5c,
  0x00, 0x21, 0xc4, 0x94, 0x11, 0x18, 0x07, 0x01, 0x50, 0x00, 0xcd, 0x5c,
  0x00, 0x21, 0x18, 0x27, 0x01, 0x58, 0x00, 0x3e, 0x12, 0xcd, 0x56, 0x00,
  0x21, 0xc4, 0x94, 0x11, 0xf0, 0x0e, 0x01, 0x50, 0x00, 0xcd, 0x5c, 0x00,
  0x21, 0xf0, 0x2e, 0x01, 0x58, 0x00, 0x3e, 0x1f, 0xcd, 0x56, 0x00, 0x21,
  0xc4, 0x94, 0x11, 0x48, 0x0f, 0x01, 0x50, 0x00, 0xcd, 0x5c, 0x00, 0x21,
  0x48, 0x2f, 0x01, 0x58, 0x00, 0x3e, 0xf4, 0xcd, 0x56, 0x00, 0x21, 0xc4,
  0x94, 0x11, 0xa0, 0x0f, 0x01, 0x50, 0x00, 0xcd, 0x5c, 0x00, 0x21, 0xa0,
  0x2f, 0x01, 0x58, 0x00, 0x3e, 0xf8, 0xcd, 0x56, 0x00, 0x21, 0xd8, 0xa8,
  0xcd, 0x30, 0x6b, 0x21, 0xe9, 0xd8, 0x11, 0xd0, 0x06, 0x01, 0x48, 0x00,
  0xcd, 0x5c, 0x00, 0x21, 0x31, 0xd9, 0x11, 0xd0, 0x26, 0x01, 0x48, 0x00,
  0xcd, 0x5c, 0x00, 0xc9, 0x22, 0xe0, 0xd5, 0x21, 0xe9, 0xd8, 0x22, 0xe2,
  0xd5, 0x21, 0x31, 0xd9, 0x22, 0xe4, 0xd5, 0xaf, 0x32, 0xe8, 0xd5, 0x2a,
  0xe0, 0xd5, 0x7e, 0x23, 0x66, 0x6f, 0x22, 0xe6, 0xd5, 0x2a, 0xe6, 0xd5,
  0xed, 0x5b, 0xe2, 0xd5, 0x01, 0x08, 0x00, 0xed, 0xb0, 0x2a, 0xe6, 0xd5,
  0x01, 0x08, 0x00, 0x09, 0xed, 0x5b, 0xe4, 0xd5, 0x01, 0x08, 0x00, 0xed,
  0xb0, 0x2a, 0xe0, 0xd5, 0x23, 0x23, 0x22, 0xe0, 0xd5, 0x01, 0x08, 0x00,
  0x2a, 0xe2, 0xd5, 0x09, 0x22, 0xe2, 0xd5, 0x2a, 0xe4, 0xd5, 0x09, 0x22,
  0xe4, 0xd5, 0x3a, 0xe8, 0xd5, 0x3c, 0x32, 0xe8, 0xd5, 0x3a, 0xe8, 0xd5,
  0xfe, 0x09, 0xc8, 0xc3, 0x43, 0x6b, 0xcd, 0xcc, 0x00, 0xcd, 0x41, 0x00,
  0x21, 0xe9, 0xf3, 0x36, 0x01, 0x3e, 0x0f, 0x23, 0x77, 0x23, 0x3e, 0x0f,
  0x77, 0x01, 0x01, 0xe0, 0xcd, 0x47, 0x00, 0xcd, 0x6f, 0x00, 0x21, 0x4c,
  0x76, 0x11, 0x00, 0xc0, 0xcd, 0x26, 0x6c, 0x21, 0x00, 0xc0, 0x11, 0x00,
  0x04, 0x01, 0x00, 0x02, 0xcd, 0x5c, 0x00, 0x21, 0x48, 0x19, 0x06, 0x04,
  0x3e, 0x80, 0xc5, 0xe5, 0xf5, 0xcd, 0x53, 0x00, 0xf1, 0x06, 0x10, 0xd3,
  0x98, 0x3c, 0x10, 0xfb, 0xe1, 0x11, 0x20, 0x00, 0x19, 0xc1, 0x10, 0xea,
  0x21, 0x00, 0xc2, 0x11, 0x00, 0x38, 0x01, 0x18, 0x00, 0xcd, 0x5c, 0x00,
  0x21, 0x18, 0xc2, 0x11, 0x00, 0x1b, 0x01, 0x0c, 0x00, 0xcd, 0x5c, 0x00,
  0xcd, 0x44, 0x00, 0x06, 0xc8, 0x76, 0xaf, 0x50, 0xcd, 0xd8, 0x00, 0xb7,
  0x20, 0x0b, 0x3e, 0x01, 0xcd, 0xd8, 0x00, 0xb7, 0x20, 0x03, 0x42, 0x10,
  0xec, 0x76, 0xaf, 0xcd, 0xd8, 0x00, 0xb7, 0x20, 0xf8, 0x3e, 0x01, 0xcd,
  0xd8, 0x00, 0xb7, 0x20, 0xf0, 0x76, 0xcd, 0x41, 0x00, 0xc9, 0x3e, 0x80,
  0xd9, 0x11, 0x01, 0x00, 0xd9, 0xcd, 0xa2, 0x6c, 0xda, 0x48, 0x6c, 0xed,
  0xa0, 0xcd, 0xa2, 0x6c, 0xda, 0x48, 0x6c, 0xed, 0xa0, 0xcd, 0xa2, 0x6c,
  0xda, 0x48, 0x6c, 0xed, 0xa0, 0xc3, 0x2d, 0x6c, 0x4e, 0x23, 0x06, 0x00,
  0xcb, 0x79, 0x28, 0x17, 0xcd, 0xa2, 0x6c, 0xcb, 0x10, 0xcd, 0xa2, 0x6c,
  0xcb, 0x10, 0xcd, 0xa2, 0x6c, 0xcb, 0x10, 0xcd, 0xa2, 0x6c, 0xda, 0x67,
  0x6c, 0xcb, 0xb9, 0x03, 0xd9, 0x62, 0x6b, 0x43, 0xd9, 0xcd, 0xa2, 0x6c,
  0xd9, 0x30, 0x0b, 0x04, 0xc3, 0x6c, 0x6c, 0xd9, 0xcd, 0xa2, 0x6c, 0xd9,
  0xed, 0x6a, 0x10, 0xf7, 0x23, 0xd9, 0xd8, 0xe5, 0xd9, 0xe5, 0xd9, 0x62,
  0x6b, 0xed, 0x42, 0xc1, 0xed, 0xb0, 0xe1, 0xcd, 0xa2, 0x6c, 0xda, 0x48,
  0x6c, 0xed, 0xa0, 0xcd, 0xa2, 0x6c, 0xda, 0x48, 0x6c, 0xed, 0xa0, 0xc3,
  0x2d, 0x6c, 0x87, 0xc0, 0x7e, 0x23, 0x17, 0xc9, 0x21, 0x9f, 0xfd, 0x01,
  0xb5, 0x6c, 0x36, 0xc3, 0x23, 0x71, 0x23, 0x70, 0xc9, 0xf5, 0xc5, 0xd5,
  0xe5, 0xdd, 0xe5, 0xfd, 0xe5, 0xcd, 0x96, 0x6d, 0xcd, 0xe1, 0x6c, 0xdd,
  0x21, 0x80, 0xda, 0xcd, 0x01, 0x6e, 0xdd, 0x21, 0x8c, 0xda, 0xcd, 0x01,
  0x6e, 0xdd, 0x21, 0x98, 0xda, 0xcd, 0x01, 0x6e, 0xfd, 0xe1, 0xdd, 0xe1,
  0xe1, 0xd1, 0xc1, 0xf1, 0xc9, 0x3a, 0x78, 0xda, 0xb7, 0xc8, 0x21, 0x7a,
  0xda, 0x34, 0x3a, 0x79, 0xda, 0xbe, 0xc0, 0xaf, 0x32, 0x7a, 0xda, 0x2a,
  0x7e, 0xda, 0x3a, 0x7b, 0xda, 0x57, 0x1e, 0x00, 0x7e, 0x23, 0xcb, 0x7f,
  0x28, 0x34, 0xfe, 0x80, 0x20, 0x04, 0x06, 0x00, 0x18, 0x2f, 0xfe, 0xff,
  0x20, 0x26, 0x2a, 0x7c, 0xda, 0x5e, 0x23, 0x56, 0x23, 0x7b, 0xb2, 0x20,
  0x09, 0x5e, 0x23, 0x56, 0xeb, 0x22, 0x7c, 0xda, 0x18, 0xec, 0x13, 0x7a,
  0xb3, 0x1b, 0x20, 0x03, 0xc3, 0x4a, 0x6d, 0x22, 0x7c, 0xda, 0xeb, 0x22,
  0x7e, 0xda, 0x18, 0xc2, 0x18, 0x0b, 0x4f, 0x46, 0x23, 0x7b, 0xe5, 0xd5,
  0xcd, 0x95, 0x6e, 0xd1, 0xe1, 0x1c, 0x7a, 0xbb, 0x20, 0xb6, 0x22, 0x7e,
  0xda, 0xc9, 0xaf, 0x32, 0x78, 0xda, 0x3a, 0x7b, 0xda, 0x47, 0x0e, 0x00,
  0xc5, 0x79, 0x06, 0x00, 0xcd, 0x95, 0x6e, 0xc1, 0x0c, 0x10, 0xf5, 0xc9,
  0x7e, 0x23, 0x32, 0x79, 0xda, 0x3d, 0x32, 0x7a, 0xda, 0x7e, 0x23, 0x32,
  0x7b, 0xda, 0x5e, 0x23, 0x56, 0x23, 0x22, 0x7c, 0xda, 0xeb, 0x22, 0x7e,
  0xda, 0x3e, 0x01, 0x32, 0x78, 0xda, 0xc9, 0xaf, 0x32, 0x78, 0xda, 0x47,
  0xcd, 0x95, 0x6e, 0x3e, 0x01, 0x06, 0x00, 0xcd, 0x95, 0x6e, 0x3e, 0x02,
  0x06, 0x00, 0xcd, 0x95, 0x6e, 0xc9, 0x2a, 0x87, 0xda, 0x22, 0xa4, 0xda,
  0x3a, 0x89, 0xda, 0x32, 0xac, 0xda, 0x3a, 0x8b, 0xda, 0x47, 0xcb, 0x5f,
  0x28, 0x06, 0x3a, 0x8a, 0xda, 0x32, 0xaa, 0xda, 0x2a, 0x93, 0xda, 0x22,
  0xa6, 0xda, 0x3a, 0x95, 0xda, 0x32, 0xad, 0xda, 0x3a, 0x97, 0xda, 0xcb,
  0x27, 0x4f, 0xcb, 0x67, 0x28, 0x06, 0x3a, 0x96, 0xda, 0x32, 0xaa, 0xda,
  0x2a, 0x9f, 0xda, 0x22, 0xa8, 0xda, 0x3a, 0xa1, 0xda, 0x32, 0xae, 0xda,
  0x3a, 0xa3, 0xda, 0xcb, 0x27, 0xcb, 0x27, 0x57, 0xcb, 0x6f, 0x28, 0x06,
  0x3a, 0xa2, 0xda, 0x32, 0xaa, 0xda, 0x7a, 0xb1, 0xb0, 0xee, 0xbf, 0x32,
  0xab, 0xda, 0x21, 0xa4, 0xda, 0x06, 0x0e, 0xaf, 0x5e, 0x23, 0xcd, 0x93,
  0x00, 0x3c, 0x10, 0xf8, 0xc9, 0xdd, 0x6e, 0x00, 0xdd, 0x66, 0x01, 0x7e,
  0x23, 0xfe, 0x80, 0x20, 0x0a, 0x7e, 0x87, 0x3c, 0x4f, 0x06, 0x00, 0xed,
  0x42, 0x18, 0xf0, 0x47, 0xe6, 0x0f, 0xdd, 0x77, 0x09, 0x78, 0xcb, 0x3f,
  0xcb, 0x3f, 0xcb, 0x3f, 0xe6, 0x1e, 0xdd, 0x77, 0x0a, 0x7e, 0x23, 0xdd,
  0x75, 0x00, 0xdd, 0x74, 0x01, 0x06, 0x00, 0xcb, 0x7f, 0x28, 0x02, 0xcb,
  0xc0, 0xcb, 0x77, 0x28, 0x02, 0xcb, 0xd8, 0xdd, 0x70, 0x0b, 0xdd, 0x6e,
  0x05, 0xdd, 0x66, 0x06, 0x47, 0xe6, 0x1f, 0x16, 0x00, 0xcb, 0x67, 0x28,
  0x04, 0x16, 0xff, 0xf6, 0xe0, 0x5f, 0x19, 0xe5, 0x78, 0xcb, 0x6f, 0x28,
  0x06, 0xdd, 0x75, 0x05, 0xdd, 0x74, 0x06, 0xdd, 0x6e, 0x02, 0xdd, 0x66,
  0x03, 0x7e, 0x23, 0xfe, 0x80, 0x20, 0x09, 0x7e, 0x3c, 0x5f, 0x16, 0x00,
  0xed, 0x52, 0x18, 0xf1, 0xdd, 0x75, 0x02, 0xdd, 0x74, 0x03, 0xdd, 0x86,
  0x04, 0x87, 0x5f, 0x16, 0x00, 0x21, 0xd1, 0x6e, 0x19, 0x5e, 0x23, 0x56,
  0xe1, 0x19, 0xdd, 0x75, 0x07, 0xdd, 0x74, 0x08, 0xc9, 0x87, 0x87, 0x5f,
  0x87, 0x83, 0x5f, 0x16, 0x00, 0x21, 0x80, 0xda, 0x19, 0xe5, 0x78, 0xe6,
  0x1f, 0x87, 0x5f, 0x21, 0x81, 0x71, 0x19, 0x5e, 0x23, 0x56, 0xe1, 0x73,
  0x23, 0x72, 0x23, 0xe5, 0x78, 0x07, 0x07, 0x07, 0xe6, 0x07, 0x87, 0x21,
  0xa2, 0x71, 0x5f, 0x16, 0x00, 0x19, 0x5e, 0x23, 0x56, 0xe1, 0x73, 0x23,
  0x72, 0x23, 0x71, 0x23, 0xaf, 0x77, 0x23, 0x77, 0xc9, 0x5d, 0x0d, 0x9c,
  0x0c, 0xe7, 0x0b, 0x3c, 0x0b, 0x9b, 0x0a, 0x02, 0x0a, 0x73, 0x09, 0xeb,
  0x08, 0x8b, 0x08, 0xf2, 0x07, 0x80, 0x07, 0x14, 0x07, 0xaf, 0x06, 0x4e,
  0x06, 0xf4, 0x05, 0x9e, 0x05, 0x4e, 0x05, 0x01, 0x05, 0xba, 0x04, 0x76,
  0x04, 0x36, 0x04, 0xf9, 0x03, 0xc0, 0x03, 0x8a, 0x03, 0x57, 0x03, 0x27,
  0x03, 0xfa, 0x02, 0xcf, 0x02, 0xa7, 0x02, 0x81, 0x02, 0x5d, 0x02, 0x3b,
  0x02, 0x1b, 0x02, 0xfd, 0x01, 0xe0, 0x01, 0xc5, 0x01, 0xac, 0x01, 0x94,
  0x01, 0x7d, 0x01, 0x68, 0x01, 0x53, 0x01, 0x40, 0x01, 0x2e, 0x01, 0x1d,
  0x01, 0x0d, 0x01, 0xfe, 0x00, 0xf0, 0x00, 0xe3, 0x00, 0xd6, 0x00, 0xca,
  0x00, 0xbe, 0x00, 0xb4, 0x00, 0xaa, 0x00, 0xa0, 0x00, 0x97, 0x00, 0x8f,
  0x00, 0x87, 0x00, 0x7f, 0x00, 0x78, 0x00, 0x71, 0x00, 0x6b, 0x00, 0x65,
  0x00, 0x5f, 0x00, 0x5a, 0x00, 0x55, 0x00, 0x50, 0x00, 0x4c, 0x00, 0x47,
  0x00, 0x43, 0x00, 0x40, 0x00, 0x3c, 0x00, 0x39, 0x00, 0x35, 0x00, 0x32,
  0x00, 0x30, 0x00, 0x2d, 0x00, 0x2a, 0x00, 0x28, 0x00, 0x26, 0x00, 0x24,
  0x00, 0x22, 0x00, 0x20, 0x00, 0x1e, 0x00, 0x1c, 0x00, 0x1b, 0x00, 0x19,
  0x00, 0x18, 0x00, 0x16, 0x00, 0x15, 0x00, 0x14, 0x00, 0x13, 0x00, 0x12,
  0x00, 0x11, 0x00, 0x10, 0x00, 0x0f, 0x00, 0x0e, 0x00, 0x00, 0x00, 0x80,
  0x01, 0x0a, 0x80, 0x0c, 0x80, 0x0d, 0x80, 0x0d, 0x80, 0x0c, 0x80, 0x0a,
  0x80, 0x05, 0x80, 0x07, 0x80, 0x08, 0x80, 0x08, 0x80, 0x07, 0x80, 0x05,
  0x80, 0x02, 0x80, 0x00, 0x00, 0x00, 0x00, 0x00, 0x00, 0x00, 0x00, 0x00,
  0x00, 0x00, 0x00, 0x00, 0x00, 0x00, 0x00, 0x00, 0x00, 0x00, 0x00, 0x00,
  0x00, 0x00, 0x00, 0x00, 0x00, 0x00, 0x00, 0x00, 0x00, 0x00, 0x00, 0x00,
  0x00, 0x00, 0x00, 0x80, 0x01, 0xca, 0xc0, 0x4c, 0xc0, 0x0d, 0xc0, 0x8d,
  0xc0, 0xcc, 0xc0, 0xba, 0xc0, 0x65, 0xc0, 0x07, 0x80, 0x38, 0xc0, 0x28,
  0xc0, 0x07, 0xc0, 0x25, 0xc0, 0x12, 0xc0, 0x00, 0x00, 0x00, 0x00, 0x00,
  0x00, 0x00, 0x00, 0x00, 0x00, 0x00, 0x00, 0x00, 0x00, 0x00, 0x00, 0x00,
  0x00, 0x00, 0x00, 0x00, 0x00, 0x00, 0x00, 0x00, 0x00, 0x00, 0x00, 0x00,
  0x00, 0x00, 0x00, 0x00, 0x00, 0x00, 0x00, 0x80, 0x01, 0x2a, 0xc0, 0x0c,
  0xc0, 0x0d, 0xc0, 0x0d, 0xc0, 0x0c, 0x80, 0x0a, 0x80, 0x05, 0x80, 0x07,
  0x80, 0x08, 0x80, 0x08, 0x80, 0x07, 0x80, 0x05, 0x80, 0x02, 0x80, 0x00,
  0x00, 0x00, 0x00, 0x00, 0x00, 0x00, 0x00, 0x00, 0x00, 0x00, 0x00, 0x00,
  0x00, 0x00, 0x00, 0x00, 0x00, 0x00, 0x00, 0x00, 0x00, 0x00, 0x00, 0x00,
  0x00, 0x00, 0x00, 0x00, 0x00, 0x00, 0x00, 0x00, 0x00, 0x00, 0x00, 0x80,
  0x01, 0x0b, 0x80, 0x08, 0x80, 0x0a, 0x80, 0x00, 0x00, 0x0a, 0x80, 0x06,
  0x80, 0x08, 0x80, 0x00, 0x00, 0x09, 0x80, 0x05, 0x80, 0x07, 0x80, 0x00,
  0x00, 0x08, 0x80, 0x05, 0x80, 0x07, 0x80, 0x00, 0x00, 0x07, 0x80, 0x00,
  0x80, 0x07, 0x80, 0x00, 0x00, 0x08, 0x80, 0x00, 0x00, 0x07, 0x80, 0x00,
  0x00, 0x08, 0x80, 0x00, 0x80, 0x08, 0x80, 0x00, 0x80, 0x07, 0x80, 0x80,
  0x08, 0x0c, 0x80, 0x0c, 0x80, 0x0b, 0x80, 0x0b, 0x80, 0x0a, 0x80, 0x09,
  0x80, 0x08, 0x80, 0x06, 0x80, 0x09, 0x80, 0x07, 0x80, 0x04, 0x80, 0x01,
  0x80, 0x00, 0x80, 0x00, 0x80, 0x80, 0x01, 0x0c, 0x80, 0x09, 0x80, 0x06,
  0x80, 0x0a, 0x80, 0x07, 0x80, 0x02, 0x80, 0x00, 0x80, 0x00, 0x80, 0x80,
  0x01, 0x55, 0xc0, 0x7b, 0xc0, 0xc0, 0xc0, 0xf0, 0x40, 0x00, 0x00, 0x00,
  0x80, 0x00, 0x80, 0x00, 0x00, 0x00, 0x00, 0x00, 0x00, 0x00, 0x00, 0x00,
  0x00, 0x00, 0x00, 0x00, 0x00, 0x00, 0x00, 0x00, 0x00, 0x00, 0x00, 0x00,
  0x00, 0x00, 0x00, 0x00, 0x00, 0x00, 0x00, 0x00, 0x00, 0x00, 0x00, 0x00,
  0x00, 0x00, 0x00, 0x00, 0x00, 0x00, 0x00, 0x00, 0x00, 0x00, 0x00, 0x00,
  0x00, 0x00, 0x00, 0x80, 0x01, 0xad, 0xc0, 0xe9, 0xc0, 0x00, 0xc0, 0x00,
  0x80, 0x00, 0x80, 0x00, 0x80, 0x00, 0x00, 0x00, 0x00, 0x00, 0x00, 0x00,
  0x00, 0x00, 0x00, 0x00, 0x00, 0x00, 0x00, 0x00, 0x00, 0x00, 0x00, 0x00,
  0x00, 0x00, 0x00, 0x00, 0x00, 0x00, 0x00, 0x00, 0x00, 0x00, 0x00, 0x00,
  0x00, 0x00, 0x00, 0x00, 0x00, 0x00, 0x00, 0x00, 0x00, 0x00, 0x00, 0x00,
  0x00, 0x00, 0x00, 0x00, 0x00, 0x00, 0x00, 0x80, 0x01, 0x0a, 0x80, 0x00,
  0x80, 0x07, 0x80, 0x00, 0x00, 0x03, 0x80, 0x00, 0x00, 0x08, 0x80, 0x00,
  0x00, 0x04, 0x80, 0x00, 0x80, 0x02, 0x80, 0x00, 0x00, 0x05, 0x80, 0x00,
  0x00, 0x03, 0x80, 0x00, 0x00, 0x01, 0x80, 0x00, 0x00, 0x03, 0x80, 0x00,
  0x00, 0x02, 0x80, 0x00, 0x00, 0x01, 0x80, 0x00, 0x00, 0x00, 0x00, 0x00,
  0x00, 0x00, 0x00, 0x00, 0x00, 0x00, 0x00, 0x00, 0x00, 0x00, 0x00, 0x80,
  0x01, 0x91, 0x6f, 0x95, 0x6f, 0xd5, 0x6f, 0x15, 0x70, 0x55, 0x70, 0x91,
  0x70, 0xaf, 0x70, 0xc1, 0x70, 0x01, 0x71, 0x41, 0x71, 0x00, 0x80, 0x01,
  0xfe, 0xfc, 0xfa, 0xfa, 0xfc, 0xfe, 0xff, 0xff, 0x80, 0x08, 0x95, 0x71,
  0x98, 0x71, 0x15, 0x03, 0xf0, 0x39, 0x04, 0x15, 0x01, 0xf0, 0x3c, 0x04,
  0xf0, 0x21, 0x01, 0x39, 0x04, 0x15, 0x01, 0x21, 0x01, 0x37, 0x04, 0x15,
  0x02, 0xf0, 0x39, 0x04, 0x15, 0x01, 0xf0, 0xf0, 0x15, 0x01, 0x21, 0x01,
  0xf0, 0x15, 0x01, 0x21, 0x01, 0xf0, 0xff, 0x15, 0x03, 0xf0, 0x39, 0x04,
  0x15, 0x01, 0xf0, 0x3c, 0x04, 0xf0, 0x21, 0x01, 0x39, 0x04, 0x15, 0x01,
  0x21, 0x01, 0x37, 0x04, 0x15, 0x02, 0xf0, 0x39, 0x04, 0x15, 0x01, 0xf0,
  0xf0, 0x15, 0x01, 0x21, 0x01, 0x37, 0x04, 0x15, 0x01, 0x21, 0x01, 0xf0,
  0xff, 0x11, 0x03, 0xf0, 0x39, 0x04, 0x11, 0x03, 0xf0, 0xf0, 0xf0, 0x1d,
  0x01, 0xf0, 0x11, 0x03, 0x1d, 0x01, 0xf0, 0x13, 0x02, 0xf0, 0xf0, 0x13,
  0x01, 0xf0, 0xf0, 0x13, 0x02, 0x1f, 0x01, 0xf0, 0x13, 0x02, 0x1f, 0x01,
  0xf0, 0xff, 0x15, 0x03, 0xf0, 0x39, 0x04, 0x15, 0x01, 0xf0, 0x3c, 0x04,
  0xf0, 0x21, 0x01, 0x39, 0x04, 0x15, 0x01, 0x21, 0x01, 0x37, 0x04, 0x15,
  0x02, 0xf0, 0x39, 0x04, 0x15, 0x01, 0xf0, 0xf0, 0x15, 0x01, 0x21, 0x01,
  0x39, 0x04, 0x15, 0x01, 0x21, 0x01, 0x3c, 0x04, 0xff, 0x15, 0x03, 0xf0,
  0x3e, 0x04, 0x15, 0x01, 0xf0, 0x40, 0x04, 0xf0, 0x21, 0x01, 0x3e, 0x04,
  0x15, 0x01, 0x21, 0x01, 0x3b, 0x04, 0x15, 0x02, 0xf0, 0x3c, 0x04, 0x15,
  0x01, 0xf0, 0xf0, 0x15, 0x01, 0x21, 0x01, 0x39, 0x04, 0x15, 0x01, 0x21,
  0x01, 0x3b, 0x04, 0xff, 0x11, 0x03, 0xf0, 0x3c, 0x04, 0x11, 0x01, 0xf0,
  0xf0, 0xf0, 0x21, 0x01, 0x3e, 0x04, 0x11, 0x01, 0x21, 0x01, 0x3c, 0x04,
  0x13, 0x02, 0xf0, 0x3b, 0x04, 0x13, 0x01, 0xf0, 0x39, 0x04, 0x13, 0x01,
  0x21, 0x01, 0x37, 0x04, 0x13, 0x01, 0x21, 0x01, 0xf0, 0xff, 0x15, 0x03,
  0xf0, 0x39, 0x04, 0x15, 0x03, 0xf0, 0xf0, 0xf0, 0x1d, 0x01, 0xf0, 0x15,
  0x03, 0x1d, 0x01, 0xf0, 0x13, 0x02, 0xf0, 0xf0, 0x13, 0x01, 0xf0, 0xf0,
  0x13, 0x02, 0x1f, 0x01, 0xf0, 0x13, 0x02, 0x1f, 0x01, 0xf0, 0xff, 0x15,
  0x03, 0xf0, 0x39, 0x04, 0x15, 0x03, 0xf0, 0xf0, 0xf0, 0x21, 0x01, 0xf0,
  0x15, 0x03, 0x21, 0x01, 0xf0, 0x15, 0x02, 0xf0, 0xf0, 0x15, 0x01, 0xf0,
  0xf0, 0x15, 0x02, 0x21, 0x01, 0x39, 0x04, 0x15, 0x02, 0x21, 0x01, 0x3b,
  0x04, 0xff, 0x11, 0x03, 0x1d, 0x01, 0x3c, 0x04, 0x11, 0x03, 0x21, 0x01,
  0xf0, 0xf0, 0x29, 0x01, 0x39, 0x04, 0x11, 0x03, 0x2d, 0x01, 0x2d, 0x04,
  0x11, 0x02, 0x1d, 0x01, 0xf0, 0x11, 0x01, 0x21, 0x01, 0xf0, 0x11, 0x01,
  0x29, 0x01, 0x2d, 0x04, 0x11, 0x01, 0x2d, 0x01, 0x2d, 0x04, 0xff, 0x11,
  0x03, 0x1d, 0x01, 0xf0, 0x11, 0x01, 0x21, 0x01, 0xf0, 0x11, 0x03, 0x29,
  0x01, 0x39, 0x01, 0x11, 0x01, 0x2d, 0x01, 0xf0, 0x11, 0x02, 0x1d, 0x01,
  0xf0, 0x11, 0x01, 0x21, 0x01, 0xf0, 0x11, 0x01, 0x29, 0x01, 0x39, 0x01,
  0x11, 0x01, 0x2d, 0x01, 0xf0, 0xff, 0x18, 0x03, 0x1f, 0x01, 0xf0, 0x18,
  0x03, 0x1c, 0x01, 0xf0, 0xf0, 0x2b, 0x01, 0x34, 0x04, 0x18, 0x03, 0x28,
  0x01, 0xf0, 0x18, 0x02, 0x1f, 0x01, 0xf0, 0x18, 0x01, 0x1c, 0x01, 0xf0,
  0x18, 0x01, 0x2b, 0x01, 0x34, 0x04, 0x18, 0x01, 0x28, 0x01, 0xf0, 0xff,
  0x18, 0x03, 0x1f, 0x01, 0xf0, 0x18, 0x01, 0x1c, 0x01, 0xf0, 0x18, 0x03,
  0x2b, 0x01, 0x34, 0x04, 0x18, 0x01, 0x28, 0x01, 0xf0, 0x18, 0x02, 0x1f,
  0x01, 0xf0, 0x18, 0x01, 0x1c, 0x01, 0xf0, 0x18, 0x01, 0x2b, 0x01, 0x34,
  0x04, 0x18, 0x01, 0x28, 0x01, 0xf0, 0xff, 0x11, 0x03, 0x1d, 0x01, 0xf0,
  0x11, 0x03, 0x21, 0x01, 0xf0, 0x11, 0x01, 0x29, 0x01, 0x39, 0x01, 0x11,
  0x03, 0x2d, 0x01, 0xf0, 0x11, 0x02, 0x1d, 0x01, 0xf0, 0x11, 0x01, 0x21,
  0x01, 0xf0, 0x11, 0x01, 0x29, 0x01, 0x39, 0x01, 0x11, 0x01, 0x2d, 0x01,
  0xf0, 0xff, 0x11, 0x03, 0x29, 0x01, 0xf0, 0x11, 0x01, 0xf0, 0xf0, 0x11,
  0x03, 0x1d, 0x01, 0x39, 0x04, 0x11, 0x01, 0x1d, 0x01, 0xf0, 0x13, 0x02,
  0xf0, 0x3b, 0x04, 0x13, 0x01, 0xf0, 0x3c, 0x04, 0x13, 0x01, 0x1d, 0x01,
  0x3e, 0x04, 0x13, 0x01, 0x1d, 0x01, 0x3f, 0x04, 0xff, 0x10, 0x03, 0x1c,
  0x01, 0x40, 0x04, 0x10, 0x03, 0x1c, 0x01, 0xf0, 0xf0, 0xf0, 0xf0, 0x10,
  0x03, 0x1c, 0x01, 0xf0, 0x10, 0x02, 0x1c, 0x01, 0xf0, 0x10, 0x01, 0xf0,
  0xf0, 0x10, 0x02, 0x1c, 0x01, 0xf0, 0x10, 0x02, 0x1c, 0x01, 0x80, 0xff,
  0x11, 0x02, 0xf0, 0xf0, 0x11, 0x02, 0xf0, 0xf0, 0xf0, 0x1d, 0x01, 0xf0,
  0x11, 0x02, 0x1d, 0x01, 0xf0, 0x13, 0x02, 0xf0, 0xf0, 0x13, 0x02, 0xf0,
  0xf0, 0x13, 0x02, 0x1f, 0x01, 0xf0, 0x13, 0x02, 0x1f, 0x01, 0xf0, 0xff,
  0x08, 0x03, 0xa6, 0x71, 0xa6, 0x71, 0xcf, 0x71, 0xf9, 0x71, 0x1e, 0x72,
  0x49, 0x72, 0x74, 0x72, 0x9e, 0x72, 0xa6, 0x71, 0xa6, 0x71, 0xcf, 0x71,
  0xf9, 0x71, 0x1e, 0x72, 0x49, 0x72, 0x74, 0x72, 0xc3, 0x72, 0xea, 0x72,
  0x17, 0x73, 0x42, 0x73, 0x6c, 0x73, 0x97, 0x73, 0xc2, 0x73, 0xed, 0x73,
  0x14, 0x74, 0x00, 0x00, 0x3a, 0x74, 0x18, 0x05, 0x37, 0x06, 0xf0, 0x80,
  0x18, 0x05, 0x37, 0x06, 0xf0, 0x37, 0x06, 0x18, 0x05, 0x35, 0x06, 0xf0,
  0x80, 0x18, 0x05, 0x34, 0x06, 0xf0, 0x80, 0xff, 0x11, 0x05, 0x35, 0x06,
  0xf0, 0x80, 0x11, 0x05, 0x35, 0x06, 0xf0, 0x35, 0x06, 0x13, 0x05, 0x34,
  0x06, 0xf0, 0x80, 0x13, 0x05, 0x32, 0x06, 0xf0, 0x80, 0xff, 0x18, 0x05,
  0x34, 0x06, 0xf0, 0x80, 0x18, 0x05, 0xf0, 0xf0, 0x30, 0x06, 0x18, 0x05,
  0x2b, 0x06, 0xf0, 0xf0, 0x18, 0x05, 0x80, 0xf0, 0xf0, 0xff, 0x11, 0x05,
  0xf0, 0xf0, 0xf0, 0x11, 0x05, 0xf0, 0xf0, 0xf0, 0x13, 0x05, 0xf0, 0xf0,
  0xf0, 0x13, 0x05, 0xf0, 0xf0, 0xf0, 0xff, 0x11, 0x05, 0x35, 0x06, 0xf0,
  0x80, 0x11, 0x05, 0x35, 0x06, 0xf0, 0x35, 0x06, 0x11, 0x05, 0x35, 0x06,
  0xf0, 0x80, 0x11, 0x05, 0x39, 0x06, 0xf0, 0x80, 0xff, 0x13, 0x05, 0x37,
  0x06, 0xf0, 0xf0, 0x13, 0x05, 0xf0, 0xf0, 0xf0, 0x13, 0x05, 0x80, 0xf0,
  0xf0, 0x13, 0x05, 0x32, 0x06, 0xf0, 0x80, 0xff, 0x18, 0x05, 0x34, 0x06,
  0xf0, 0x80, 0x18, 0x05, 0xf0, 0xf0, 0x35, 0x06, 0x18, 0x05, 0x37, 0x06,
  0xf0, 0xf0, 0x18, 0x05, 0xf0, 0xf0, 0x80, 0xff, 0x18, 0x05, 0xf0, 0xf0,
  0xf0, 0x18, 0x05, 0xf0, 0xf0, 0xf0, 0x18, 0x05, 0xf0, 0xf0, 0xf0, 0x18,
  0x05, 0xf0, 0xf0, 0xf0, 0xff, 0x11, 0x05, 0x35, 0x06, 0xf0, 0xf0, 0x11,
  0x05, 0x35, 0x06, 0xf0, 0x35, 0x06, 0x11, 0x05, 0x35, 0x06, 0xf0, 0xf0,
  0x11, 0x05, 0x39, 0x06, 0xf0, 0x80, 0xff, 0x13, 0x05, 0x37, 0x06, 0xf0,
  0xf0, 0x13, 0x05, 0xf0, 0xf0, 0xf0, 0x13, 0x05, 0x80, 0xf0, 0xf0, 0x13,
  0x05, 0x32, 0x06, 0xf0, 0x80, 0xff, 0x10, 0x05, 0x34, 0x06, 0xf0, 0xf0,
  0x10, 0x05, 0xf0, 0xf0, 0x35, 0x06, 0x0b, 0x05, 0x34, 0x06, 0xf0, 0xf0,
  0x0b, 0x05, 0x32, 0x06, 0xf0, 0x80, 0xff, 0x15, 0x05, 0x30, 0x06, 0xf0,
  0xf0, 0x15, 0x05, 0xf0, 0xf0, 0xf0, 0x15, 0x05, 0xf0, 0xf0, 0xf0, 0x17,
  0x05, 0x2d, 0x06, 0xf0, 0x2f, 0x06, 0xff, 0x11, 0x05, 0x30, 0x06, 0xf0,
  0xf0, 0x11, 0x05, 0xf0, 0xf0, 0xf0, 0x11, 0x05, 0xf0, 0xf0, 0xf0, 0x11,
  0x05, 0x2d, 0x06, 0xf0, 0x2f, 0x06, 0xff, 0x13, 0x05, 0x30, 0x06, 0xf0,
  0xf0, 0x13, 0x05, 0xf0, 0xf0, 0xf0, 0x13, 0x05, 0xf0, 0xf0, 0xf0, 0x17,
  0x05, 0x2d, 0x06, 0xf0, 0x2f, 0x06, 0xff, 0x18, 0x05, 0x30, 0x06, 0xf0,
  0xf0, 0x18, 0x05, 0xf0, 0xf0, 0xf0, 0x18, 0x05, 0xf0, 0xf0, 0xf0, 0x18,
  0x05, 0xf0, 0xf0, 0x80, 0xff, 0x1d, 0x05, 0xf0, 0xf0, 0xf0, 0x1a, 0x05,
  0xf0, 0xf0, 0xf0, 0x1f, 0x05, 0xf0, 0xf0, 0xf0, 0x13, 0x05, 0xf0, 0xf0,
  0xf0, 0xff, 0x06, 0x02, 0x6e, 0x74, 0x88, 0x74, 0xa2, 0x74, 0xba, 0x74,
  0xcf, 0x74, 0xe9, 0x74, 0x00, 0x75, 0x18, 0x75, 0x2d, 0x75, 0x47, 0x75,
  0x5e, 0x75, 0x77, 0x75, 0x8f, 0x75, 0xa7, 0x75, 0xbf, 0x75, 0xd5, 0x75,
  0x18, 0x75, 0xba, 0x74, 0x18, 0x75, 0xd5, 0x75, 0x18, 0x75, 0xba, 0x74,
  0x18, 0x75, 0xd5, 0x75, 0x00, 0x00, 0xec, 0x75, 0x15, 0x02, 0x17, 0x01,
  0x39, 0x24, 0xf0, 0x16, 0x01, 0x38, 0x24, 0x13, 0x02, 0x15, 0x01, 0x37,
  0x24, 0xf0, 0x14, 0x01, 0x36, 0x24, 0x11, 0x02, 0x2b, 0x24, 0x35, 0x24,
  0xf0, 0xf0, 0xf0, 0xf0, 0xf0, 0xf0, 0xf0, 0x80, 0x80, 0xff, 0x08, 0x03,
  0x20, 0x76, 0xff, 0xff, 0x18, 0x00, 0x70, 0xf8, 0x00, 0xf9, 0x00, 0xfb,
  0x00, 0x0e, 0x1f, 0x3f, 0x7f, 0xfe, 0xfc, 0x3b, 0xf8, 0x00, 0x00, 0x01,
  0x1c, 0x3e, 0x3e, 0x7f, 0x7f, 0xff, 0xff, 0x0c, 0xc8, 0x80, 0x80, 0x00,
  0xb2, 0x1e, 0x00, 0x13, 0x28, 0x00, 0xfe, 0x13, 0x00, 0x07, 0x03, 0xc0,
  0x13, 0xc0, 0xc1, 0xe3, 0xe3, 0x4c, 0xe7, 0x17, 0x7f, 0x0f, 0x40, 0xf0,
  0x07, 0xc0, 0xf0, 0xf8, 0xfc, 0xfe, 0x03, 0x7e, 0x3f, 0x00, 0x03, 0x0f,
  0x1f, 0x2a, 0x2d, 0x27, 0x26, 0xdc, 0x3d, 0x24, 0x11, 0xe3, 0xc3, 0x03,
  0x2f, 0xcf, 0xef, 0x00, 0xc0, 0x00, 0xce, 0xdf, 0xe3, 0x00, 0x6f, 0x38,
  0x00, 0x70, 0xff, 0x00, 0xfb, 0x03, 0xf9, 0xf0, 0xe0, 0xc0, 0xc0, 0xe0,
  0x42, 0x08, 0x01, 0x01, 0x2b, 0x07, 0x07, 0x00, 0x0f, 0x0f, 0xff, 0xf7,
  0xe3, 0xeb, 0xc9, 0xdd, 0x32, 0x9c, 0xbe, 0x15, 0x16, 0x87, 0x17, 0xf8,
  0x3e, 0x3f, 0x7f, 0x2d, 0x07, 0x2e, 0x00, 0xfe, 0x7f, 0x3f, 0xe7, 0xc7,
  0xc7, 0x87, 0x07, 0x8d, 0x00, 0x83, 0xcf, 0x4c, 0x0d, 0xcf, 0xe7, 0xf0,
  0x9f, 0x07, 0x22, 0x9f, 0x3f, 0x80, 0x88, 0x52, 0x0f, 0x03, 0xb2, 0xd4,
  0xfe, 0xa6, 0x70, 0x07, 0x84, 0x4d, 0x83, 0xc3, 0xc3, 0x82, 0x63, 0xe0,
  0x67, 0x8b, 0x4b, 0x70, 0x97, 0x1f, 0x00, 0x84, 0xfd, 0x6b, 0x70, 0x2e,
  0x63, 0x52, 0x1f, 0x0e, 0x07, 0x29, 0x11, 0x63, 0x1c, 0x07, 0x91, 0xfc,
  0x47, 0xf9, 0x27, 0x7c, 0x7c, 0x0f, 0x4e, 0x3e, 0x07, 0x69, 0x5d, 0x52,
  0x01, 0x07, 0x84, 0xc3, 0xe1, 0x4b, 0xc0, 0xcc, 0x07, 0x4c, 0x36, 0x7f,
  0x1f, 0x3f, 0xba, 0x46, 0xf0, 0x0f, 0xca, 0xa6, 0xec, 0x0f, 0xa6, 0x71,
  0x07, 0x89, 0xe3, 0x7d, 0x83, 0x2f, 0xb7, 0x2d, 0x2f, 0x3a, 0x73, 0x0e,
  0xf2, 0x07, 0x90, 0xff, 0xd8, 0xc0, 0x89, 0x00, 0xd8, 0x70, 0xb7, 0x08,
  0x06, 0x0c, 0x00, 0x06, 0x03, 0x94, 0xd6, 0x49, 0x60, 0x00, 0xc0, 0xef,
  0x06, 0x3c, 0x36, 0x36, 0x02, 0x2e, 0x36, 0x17, 0x00, 0x59, 0x00, 0x16,
  0x3f, 0xb2, 0xb7, 0x13, 0x1b, 0x31, 0x00, 0x1b, 0x3a, 0x66, 0x94, 0xa1,
  0x25, 0x00, 0xf0, 0xd8, 0xd8, 0x02, 0x8c, 0xd8, 0x3f, 0x20, 0x06, 0x07,
  0x02, 0x06, 0x00, 0x81, 0xc0, 0xe0, 0x00, 0x00, 0xf8, 0xcc, 0x46, 0x00,
  0x39, 0x00, 0x0c, 0x00, 0x49, 0x00, 0xd7, 0x1d, 0x91, 0xba, 0x92, 0x47,
  0x30, 0x00, 0xc0, 0x4a, 0x33, 0x3b, 0x3b, 0x3f, 0x01, 0x37, 0x37, 0x33,
  0x10, 0x10, 0x38, 0x38, 0xe3, 0x14, 0xa9, 0x4b, 0x38, 0x03, 0x00, 0x07,
  0x7c, 0x38, 0xfc, 0x00, 0x20, 0x00, 0x5a, 0x59, 0x00, 0x08, 0x44, 0x56,
  0xb9, 0x02, 0x0f, 0x50, 0xac, 0x02, 0x04, 0x00, 0xff, 0xf8, 0x80, 0x0a,
  0x00, 0x00, 0x00, 0x00, 0x00, 0x01, 0x07, 0x0f, 0x1f, 0x3f, 0x3f, 0x00,
  0x00, 0x7c, 0xff, 0xc1, 0x0f, 0x3f, 0xff, 0xff, 0x80, 0x0f, 0x80, 0xe0,
  0xf0, 0xf8, 0xf8, 0xfc, 0x98, 0x07, 0x03, 0x16, 0x7f, 0x7a, 0x7f, 0x17,
  0xa6, 0xfc, 0x17, 0x07, 0x15, 0x86, 0xdf, 0x9f, 0x00, 0xc0, 0x0d, 0x9c,
  0xfe, 0xfe, 0x3e, 0x6a, 0x3f, 0xf0, 0x0c, 0x0a, 0xf7, 0xf3, 0xf9, 0xf8,
  0x27, 0x11, 0x0c, 0x03, 0x03, 0x83, 0xc7, 0x37, 0x04, 0xfe, 0xfd, 0xfb,
  0xfb, 0xf7, 0x2f, 0x3f, 0x04, 0xf1, 0xc7, 0x9f, 0xbf, 0xff, 0x2f, 0xf8,
  0x59, 0xfe, 0x45, 0x47, 0x56, 0xac, 0xbf, 0x57, 0xdd, 0x0c, 0x0f, 0x17,
  0xfc, 0xff, 0xf1, 0x02, 0x5f, 0x42, 0xf0, 0xf1, 0xf9, 0x3d, 0x45, 0x0f,
  0x5f, 0xe3, 0x8f, 0x4f, 0x14, 0xae, 0xff, 0x77, 0xdf, 0xfd, 0x17, 0x39,
  0xfd, 0x00, 0x16, 0x9c, 0x0f, 0x81, 0xc0, 0xe0, 0x70, 0x30, 0x98, 0x8c,
  0xb7, 0x19, 0x90, 0x14, 0x91, 0x62, 0x00, 0x1c, 0x11, 0xec, 0xee, 0xf6,
  0x91, 0x4e, 0x69, 0xff, 0x00, 0xc0, 0xcf, 0x98, 0xa0, 0x20, 0x20, 0xfc,
  0x89, 0xdb, 0xf1, 0xa0, 0x18, 0x03, 0x7a, 0xff, 0x00, 0x9b, 0x87, 0xfe,
  0x00, 0x08, 0x81, 0xbf, 0xbf, 0x9f, 0xdf, 0x33, 0x00, 0x3f, 0x8f, 0xfe,
  0xf6, 0xf6, 0xe6, 0xcc, 0x1d, 0x9d, 0xf9, 0xe3, 0x3f, 0xc7, 0xec, 0x18,
  0x20, 0xc7, 0x14, 0x67, 0x2f, 0x3f, 0x5d, 0x61, 0xf7, 0x24, 0xef, 0xcf,
  0x84, 0xa2, 0x2c, 0xd8, 0xeb, 0x1e, 0x07, 0xa5, 0x7f, 0x00, 0x13, 0x01,
  0xcf, 0xf7, 0xf0, 0xf2, 0xff, 0x81, 0xe1, 0x12, 0x80, 0x8c, 0x53, 0x14,
  0x42, 0x3f, 0x0f, 0x07, 0x07, 0x8a, 0x53, 0x00, 0x87, 0x7f, 0x77, 0xaa,
  0x0f, 0x17, 0x7c, 0xf3, 0x17, 0x87, 0xf9, 0xfb, 0x19, 0x3d, 0x10, 0x81,
  0x8c, 0xc6, 0xc2, 0xe3, 0xe1, 0xe1, 0xa1, 0x24, 0xea, 0xa4, 0xf0, 0x70,
  0xfb, 0xeb, 0x00, 0x74, 0xa0, 0x3f, 0xa0, 0x9e, 0xc3, 0xe2, 0x27, 0xfd,
  0x20, 0x87, 0xc7, 0xe7, 0xe7, 0xc8, 0x37, 0xac, 0xa2, 0xb1, 0x8c, 0xb3,
  0x09, 0x03, 0x01, 0x01, 0x00, 0x93, 0xdc, 0x0f, 0xe1, 0x00, 0x60, 0x4f,
  0xd3, 0x0d, 0x0f, 0xa9, 0x87, 0x76, 0x38, 0xfb, 0x9f, 0x06, 0xa7, 0x3f,
  0xe4, 0x38, 0x00, 0x0c, 0xf0, 0xe0, 0xe0, 0xc0, 0x00, 0x47, 0xe0, 0xf4,
  0x12, 0xd8, 0x93, 0xa1, 0x72, 0x00, 0x00, 0xe9, 0x00, 0x07, 0xed, 0x2b,
  0x91, 0x19, 0xdd, 0x1c, 0xe4, 0x76, 0x73, 0xf8, 0xd3, 0x00, 0x07, 0x03,
  0x79, 0x33, 0x00, 0x17, 0xa7, 0xf7, 0x17, 0xcf, 0x78, 0xdb, 0xf9, 0x06,
  0x94, 0xbf, 0xc6, 0xb7, 0xdf, 0x1d, 0xa6, 0x3f, 0x76, 0x03, 0x67, 0xee,
  0x15, 0x3b, 0x3c, 0x03, 0x4f, 0x3a, 0x37, 0x99, 0xcb, 0x87, 0x07, 0xc2,
  0xfe, 0xcf, 0x3d, 0xbd, 0x0f, 0xc3, 0xfb, 0xf1, 0xf1, 0xf0, 0x00, 0x52,
  0xf7, 0x9c, 0x09, 0xdf, 0x77, 0x07, 0x00, 0x7f, 0x00, 0xd5, 0xc4, 0x27,
  0x1f, 0x11, 0xc3, 0xb1, 0x87, 0xc7, 0x00, 0x2a, 0xf8, 0x57, 0x96, 0xd7,
  0x13, 0x6a, 0xc6, 0x00, 0xfa, 0xf4, 0xec, 0xc8, 0xaf, 0x4f, 0x8f, 0x0f,
  0xd8, 0x00, 0xc4, 0xe2, 0x9f, 0xd1, 0x01, 0x00, 0xcc, 0x8f, 0x78, 0x7c,
  0x17, 0xfd, 0x7f, 0x83, 0xbf, 0x1e, 0x1e, 0x1d, 0x0f, 0x7f, 0x32, 0x72,
  0xaf, 0x76, 0xdf, 0x3c, 0x09, 0x00, 0x1f, 0xe9, 0x64, 0x03, 0xcf, 0x47,
  0x7b, 0xc8, 0x1e, 0x37, 0xf1, 0xcf, 0xf3, 0xfb, 0x0f, 0xba, 0xf0, 0x00,
  0x75, 0x07, 0x00, 0xdf, 0x1d, 0xfb, 0x46, 0xd1, 0xd7, 0xb9, 0x52, 0xdf,
  0xff, 0xce, 0x41, 0x34, 0x10, 0x98, 0x10, 0x02, 0x18, 0x0c, 0x07, 0xc1,
  0xf0, 0xfe, 0xdb, 0x36, 0xba, 0x81, 0x67, 0x33, 0xfc, 0x51, 0xd4, 0xfe,
  0x62, 0xff, 0x8f, 0x3c, 0x11, 0xf3, 0xa7, 0x7c, 0x17, 0x91, 0xa7, 0xe5,
  0x7f, 0xdf, 0x77, 0x73, 0xbf, 0xe1, 0x00, 0x27, 0x1f, 0xc2, 0x6d, 0x85,
  0x2c, 0xe3, 0x98, 0xe4, 0x78, 0xf7, 0x04, 0xdb, 0xd3, 0x33, 0x61, 0xc1,
  0xcf, 0xf1, 0x96, 0x62, 0xc1, 0x03, 0xb0, 0xc6, 0x9f, 0x97, 0x28, 0x37,
  0xe3, 0x10, 0xcc, 0xe0, 0x9f, 0xfe, 0x41, 0x78, 0x16, 0x9f, 0x87, 0xe0,
  0x7f, 0x1a, 0x5a, 0xff, 0x87, 0xcd, 0x9e, 0xfc, 0xf0, 0x0f, 0x12, 0xb1,
  0x39, 0x1f, 0x5d, 0x14, 0xe0, 0xfe, 0x07, 0x84, 0xb5, 0xd3, 0x8b, 0x3f,
  0xa8, 0xdb, 0xe8, 0x14, 0xfb, 0xd7, 0x4c, 0xac, 0xf3, 0xa2, 0x04, 0xc0,
  0xc0, 0x8a, 0x7d, 0x7e, 0x5c, 0x7f, 0x6b, 0x3f, 0xd1, 0x1a, 0xf5, 0xe8,
  0xf8, 0x22, 0xf3, 0xff, 0xc2, 0x03, 0xf9, 0xd9, 0x18, 0x78, 0xf0, 0x80,
  0x1f, 0x95, 0x1f, 0xff, 0xf8, 0x41, 0x16, 0xfd, 0xf3, 0xc6, 0x9c, 0x17,
  0xf0, 0xc6, 0xda, 0x22, 0xe7, 0x9a, 0xa2, 0xb5, 0xb6, 0x5a, 0x8e, 0xdf,
  0xee, 0x22, 0x00, 0x28, 0x67, 0xd9, 0x82, 0xeb, 0xcb, 0x9f, 0x37, 0x78,
  0xc3, 0xd1, 0x00, 0xa1, 0xc0, 0x20, 0x23, 0x00, 0x3e, 0x20, 0x00, 0x1f,
  0x17, 0x76, 0xc0, 0x04, 0xe3, 0x11, 0xc0, 0x0f, 0xcf, 0x07, 0xcb, 0x27,
  0xc5, 0x2c, 0x00, 0xbc, 0x3f, 0xfb, 0x2f, 0xf1, 0x17, 0x5f, 0xe2, 0x20,
  0xf6, 0x5f, 0xf3, 0x2f, 0x79, 0x20, 0x2f, 0x7c, 0x17, 0xff, 0x00, 0x1f,
  0x17, 0xc3, 0x2b, 0x7d, 0x00, 0x34, 0x1b, 0xac, 0x71, 0x62, 0xc3, 0x23,
  0x0a, 0xaf, 0x33, 0xb1, 0x2c, 0x00, 0xf7, 0x47, 0xf3, 0x1f, 0x31, 0x17,
  0x14, 0xc9, 0x17, 0xf5, 0x77, 0x00, 0x7f, 0xee, 0x21, 0xf5, 0x17, 0x95,
  0xed, 0x9f, 0x8d, 0x8f, 0x07, 0xc3, 0x2e, 0xaf, 0x07, 0xc0, 0x7b, 0x20,
  0x0f, 0xfc, 0x47, 0xda, 0xbf, 0xdf, 0x17, 0xbf, 0x2f, 0xcf, 0x17, 0xf9,
  0xfd, 0x07, 0x9c, 0x40, 0x50, 0x00, 0xf8, 0x07, 0x39, 0x54, 0x00, 0xf1,
  0x17, 0x7c, 0x54, 0x17, 0xbf, 0x0f, 0x3e, 0x03, 0x7a, 0x1f, 0xfb, 0x07,
  0x7c, 0x5f, 0x1f, 0x07, 0x77, 0x2f, 0xcf, 0x7f, 0xf1, 0xb3, 0x40, 0x00,
  0x7e, 0x9f, 0x1f, 0x07, 0x50, 0x00, 0x87, 0x0b, 0x2f, 0x54, 0x00, 0xde,
  0xf1, 0x4d, 0xfc, 0x27, 0x5f, 0x00, 0xa5, 0x54, 0x47, 0xe9, 0x17, 0xf3,
  0xf6, 0x00, 0x40, 0xeb, 0x00, 0x7f, 0xde, 0x96, 0x5c, 0x48, 0x57, 0x57,
  0xf6, 0xe2, 0xa6, 0x5c, 0x64, 0x10, 0x57, 0xae, 0xbb, 0xf2, 0x27, 0x57,
  0xf2, 0x0f, 0xcf, 0x0d, 0x0f, 0x27, 0x54, 0x5f, 0xbf, 0x17, 0x3d, 0x1f,
  0xba, 0x50, 0x2f, 0x9f, 0xbe, 0xb3, 0x4f, 0x9f, 0x77, 0x2f, 0x17, 0x9f,
  0x6f, 0xca, 0xde, 0x3c, 0x23, 0xaf, 0xe0, 0xff, 0x00, 0xff, 0x80, 0xbb,
  0xbb, 0xbb, 0xbb, 0xbb, 0xbb, 0xbb, 0xbb, 0xbb, 0xbb, 0xbb, 0xbb, 0xbb,
  0xbb, 0xbb, 0xbb, 0xbb, 0xbb, 0xbb, 0xbb, 0xbb, 0xbb, 0xbb, 0xbb, 0xbb,
  0xbb, 0xbb, 0xbb, 0xbb, 0xbb, 0xbb, 0xbb, 0xbb, 0xbb, 0xbb, 0xbb, 0xbb,
  0xbb, 0xbb, 0xbb, 0xb1, 0x00, 0x10, 0x01, 0x11, 0x01, 0x00, 0x00, 0x01,
  0x00, 0x00, 0x00, 0x00, 0x10, 0x00, 0x00, 0x00, 0x10, 0x00, 0x00, 0x00,
  0x10, 0x00, 0x00, 0x00, 0x00, 0x00, 0x00, 0x01, 0x00, 0x00, 0x00, 0x00,
  0x00, 0x01, 0x00, 0x00, 0x01, 0x00, 0x0b, 0xb0, 0x00, 0x01, 0x00, 0x01,
  0x10, 0x00, 0x02, 0x10, 0x10, 0x10, 0x15, 0x61, 0x00, 0x10, 0x10, 0x01,
  0x02, 0x00, 0x20, 0x00, 0x05, 0x60, 0x10, 0x00, 0x00, 0x00, 0x10, 0x00,
  0x00, 0x02, 0x00, 0x00, 0x10, 0x10, 0x01, 0x10, 0x00, 0x01, 0x0b, 0xb5,
  0x60, 0x00, 0x11, 0x10, 0x10, 0x10, 0x22, 0x10, 0x05, 0x60, 0x07, 0x80,
  0x10, 0x00, 0x00, 0x00, 0x20, 0x10, 0x00, 0x01, 0x07, 0x80, 0x00, 0x02,
  0x00, 0x20, 0x00, 0x00, 0x00, 0x00, 0x00, 0x00, 0x05, 0x60, 0x10, 0x05,
  0x61, 0x00, 0x0b, 0xb7, 0x80, 0x20, 0x20, 0x03, 0x33, 0x02, 0x00, 0x01,
  0x17, 0x80, 0x00, 0x00, 0x05, 0x61, 0x00, 0x01, 0x02, 0x00, 0x00, 0x01,
  0x00, 0x00, 0x10, 0x00, 0x20, 0x00, 0x00, 0x00, 0x00, 0x10, 0x00, 0x00,
  0x19, 0x96, 0x00, 0x09, 0x90, 0x10, 0x0b, 0xb0, 0x02, 0x02, 0x02, 0x35,
  0x80, 0x00, 0x20, 0x00, 0x10, 0x01, 0x01, 0x10, 0x07, 0x80, 0x10, 0x00,
  0x21, 0x20, 0x00, 0x00, 0x10, 0x00, 0x00, 0x00, 0x00, 0x02, 0x00, 0x02,
  0x00, 0x00, 0x20, 0x01, 0x07, 0x98, 0x20, 0x09, 0x80, 0x00, 0x0b, 0xb0,
  0x00, 0x29, 0x20, 0x09, 0x30, 0x00, 0x22, 0x10, 0x01, 0x00, 0x10, 0x00,
  0x10, 0x00, 0x00, 0x00, 0x22, 0x02, 0x20, 0x00, 0x01, 0x00, 0x00, 0x02,
  0x00, 0x00, 0x00, 0x00, 0x00, 0x00, 0x00, 0x00, 0x00, 0x90, 0x00, 0x09,
  0x00, 0x01, 0x0b, 0xb0, 0x00, 0x19, 0x10, 0x09, 0x10, 0x00, 0x22, 0x10,
  0x01, 0x00, 0x10, 0x00, 0x10, 0x00, 0x00, 0x00, 0x11, 0x01, 0x10, 0x00,
  0x01, 0x00, 0x00, 0x01, 0x00, 0x00, 0x00, 0x00, 0x00, 0x00, 0x00, 0x00,
  0x00, 0x90, 0x00, 0x09, 0x00, 0x01, 0x0b, 0xb0, 0x00, 0x07, 0x60, 0x09,
  0x00, 0x00, 0x00, 0x00, 0x00, 0x00, 0x00, 0x05, 0x60, 0x00, 0x01, 0x11,
  0x00, 0x00, 0x00, 0x02, 0x00, 0x10, 0x00, 0x01, 0x01, 0x00, 0x20, 0x01,
  0x00, 0x00, 0x20, 0x00, 0x10, 0x90, 0x5a, 0xa8, 0x01, 0x00, 0x0b, 0xb0,
  0x20, 0x00, 0x9a, 0xa8, 0x30, 0x00, 0x30, 0x00, 0x00, 0x00, 0x10, 0x07,
  0x81, 0x00, 0x00, 0x00, 0x01, 0x01, 0x00, 0x00, 0x10, 0x03, 0x00, 0x00,
  0x30, 0x00, 0x00, 0x00, 0x02, 0x00, 0x00, 0x01, 0x05, 0x9a, 0x80, 0x00,
  0x00, 0x01, 0x0b, 0xb0, 0x00, 0x00, 0x90, 0x00, 0x00, 0x10, 0x00, 0x00,
  0x00, 0x00, 0x01, 0x10, 0x00, 0x56, 0x00, 0x01, 0x00, 0x00, 0x00, 0x03,
  0x01, 0x00, 0x10, 0x00, 0x01, 0x01, 0x00, 0x00, 0x00, 0x01, 0x00, 0x00,
  0x59, 0x80, 0x10, 0x01, 0x05, 0x60, 0x0b, 0xb0, 0x02, 0x05, 0x80, 0x03,
  0x00, 0x00, 0x01, 0x20, 0x20, 0x00, 0x00, 0x00, 0x00, 0x78, 0x00, 0x00,
  0x01, 0x00, 0x00, 0x00, 0x10, 0x03, 0x00, 0x01, 0x40, 0x00, 0x00, 0x00,
  0x20, 0x00, 0x00, 0x01, 0x98, 0x01, 0x00, 0x00, 0x07, 0x80, 0x0b, 0xba,
  0xaa, 0xa8, 0x00, 0x00, 0x01, 0x11, 0x10, 0x02, 0x02, 0x00, 0x00, 0x00,
  0x20, 0x00, 0x00, 0x00, 0x00, 0x00, 0x00, 0x00, 0x04, 0x00, 0x11, 0x10,
  0x04, 0x02, 0x00, 0x00, 0x00, 0x00, 0x30, 0x00, 0x92, 0x00, 0x00, 0x01,
  0x00, 0x00, 0x0b, 0xb0, 0x00, 0x00, 0x21, 0x10, 0x10, 0x00, 0x00, 0x00,
  0x00, 0x22, 0x00, 0x02, 0x00, 0x00, 0x00, 0x00, 0x00, 0x00, 0x00, 0x00,
  0x10, 0x01, 0x10, 0x00, 0x00, 0x00, 0x00, 0x00, 0x00, 0x30, 0x30, 0x00,
  0x90, 0x30, 0x30, 0x00, 0x56, 0x00, 0x0b, 0xb0, 0x00, 0x00, 0x12, 0x10,
  0x10, 0x00, 0x00, 0x00, 0x00, 0x11, 0x00, 0x01, 0x00, 0x00, 0x00, 0x00,
  0x00, 0x00, 0x00, 0x00, 0x10, 0x01, 0x10, 0x00, 0x00, 0x00, 0x00, 0x00,
  0x00, 0x10, 0x10, 0x00, 0x90, 0x10, 0x10, 0x00, 0x78, 0x00, 0x0b, 0xb0,
  0x01, 0x00, 0x20, 0x01, 0x00, 0x02, 0x00, 0x00, 0x20, 0x00, 0x10, 0x00,
  0x01, 0x01, 0x00, 0x01, 0x00, 0x00, 0x00, 0x00, 0x00, 0x20, 0x02, 0x10,
  0x20, 0x01, 0x00, 0x00, 0x10, 0x01, 0x12, 0x20, 0x90, 0x01, 0x00, 0x00,
  0x10, 0x10, 0x0b, 0xb0, 0x00, 0x00, 0x20, 0x00, 0x00, 0x00, 0x00, 0x03,
  0x00, 0x00, 0x01, 0x20, 0x00, 0x00, 0x10, 0x00, 0x02, 0x00, 0x00, 0x00,
  0x10, 0x01, 0x00, 0x03, 0x01, 0x00, 0x00, 0x00, 0x01, 0x58, 0x00, 0x00,
  0x95, 0xa8, 0x10, 0x00, 0x00, 0x00, 0x0b, 0xb0, 0x10, 0x01, 0x02, 0x10,
  0x00, 0x30, 0x00, 0x00, 0x00, 0x00, 0x00, 0x02, 0x00, 0x10, 0x00, 0x00,
  0x00, 0x02, 0x20, 0x00, 0x05, 0x60, 0x00, 0x00, 0x10, 0x30, 0x20, 0x00,
  0x00, 0x90, 0x00, 0x05, 0x98, 0x01, 0x00, 0x01, 0x00, 0x10, 0x0b, 0xb0,
  0x00, 0x00, 0x20, 0x00, 0x30, 0x00, 0x00, 0x00, 0x02, 0x00, 0x00, 0x00,
  0x20, 0x00, 0x10, 0x00, 0x20, 0x29, 0x00, 0x02, 0x07, 0x80, 0x10, 0x01,
  0x00, 0x00, 0x00, 0x02, 0x00, 0x90, 0x00, 0x09, 0x80, 0x00, 0x00, 0x00,
  0x00, 0x00, 0x0b, 0xb0, 0x10, 0x10, 0x02, 0x10, 0x00, 0x02, 0x00, 0x03,
  0x00, 0x00, 0x20, 0x00, 0x20, 0x00, 0x00, 0x01, 0x00, 0x09, 0x20, 0x00,
  0x20, 0x10, 0x00, 0x01, 0x03, 0x04, 0x00, 0x00, 0x25, 0xaa, 0xaa, 0xa8,
  0x02, 0x00, 0x00, 0x00, 0x00, 0x00, 0x0b, 0xb0, 0x00, 0x00, 0x20, 0x00,
  0x00, 0x00, 0x00, 0x00, 0x00, 0x00, 0x00, 0x02, 0x00, 0x00, 0x00, 0x00,
  0x02, 0x09, 0x00, 0x00, 0x00, 0x00, 0x00, 0x01, 0x02, 0x00, 0x00, 0x00,
  0x59, 0x90, 0x0b, 0xbb, 0xbb, 0xbb, 0xbb, 0xbb, 0xbb, 0xbb, 0xbb, 0xb0,
  0x00, 0x00, 0x10, 0x00, 0x00, 0x00, 0x00, 0x00, 0x00, 0x00, 0x00, 0x01,
  0x00, 0x00, 0x00, 0x00, 0x01, 0x09, 0x00, 0x00, 0x00, 0x00, 0x00, 0x01,
  0x02, 0x00, 0x00, 0x00, 0x99, 0x80, 0x0b, 0x00, 0x11, 0x10, 0x00, 0x11,
  0x11, 0x11, 0x1b, 0xb0, 0x20, 0x00, 0x01, 0x10, 0x02, 0x00, 0x00, 0x01,
  0x00, 0x02, 0x22, 0x10, 0x02, 0x00, 0x03, 0x20, 0x00, 0x07, 0xaa, 0x60,
  0x10, 0x00, 0x20, 0x00, 0x10, 0x30, 0x00, 0x01, 0x99, 0x00, 0x0b, 0x01,
  0x01, 0x01, 0x00, 0x10, 0x20, 0x00, 0x0b, 0xb0, 0x00, 0x20, 0x00, 0x01,
  0x00, 0x00, 0x00, 0x00, 0x00, 0x20, 0x00, 0x01, 0x00, 0x00, 0x00, 0x00,
  0x00, 0x00, 0x7a, 0xa6, 0x00, 0x20, 0x00, 0x00, 0x01, 0x01, 0x00, 0x05,
  0x98, 0x10, 0x0b, 0x01, 0x00, 0x00, 0x10, 0x10, 0x02, 0x00, 0x0b, 0xb0,
  0x00, 0x02, 0x00, 0x00, 0x10, 0x11, 0x00, 0x02, 0x22, 0x03, 0x00, 0x00,
  0x00, 0x40, 0x00, 0x02, 0x56, 0x02, 0x00, 0x07, 0x60, 0x01, 0x00, 0x02,
  0x00, 0x10, 0x11, 0x29, 0x90, 0x00, 0x0b, 0x01, 0x20, 0x20, 0x30, 0x30,
  0x00, 0x00, 0x0b, 0xb0, 0x02, 0x00, 0x00, 0x00, 0x01, 0x00, 0x11, 0x20,
  0x00, 0x00, 0x00, 0x00, 0x20, 0x00, 0x00, 0x00, 0x78, 0x20, 0x23, 0x10,
  0x76, 0x00, 0x20, 0x00, 0x00, 0x00, 0x00, 0x09, 0x90, 0x20, 0x0b, 0x00,
  0x10, 0x02, 0x10, 0x10, 0x20, 0x02, 0x0b, 0xb0, 0x00, 0x00, 0x00, 0x00,
  0x00, 0x13, 0x00, 0x00, 0x30, 0x01, 0x00, 0x00, 0x00, 0x00, 0x00, 0x00,
  0x00, 0x03, 0x00, 0x02, 0x09, 0x02, 0x00, 0x00, 0x20, 0x00, 0x20, 0x09,
  0x90, 0x00, 0x0b, 0x01, 0x20, 0x11, 0x00, 0x10, 0x02, 0x00, 0x0b, 0xb0,
  0x00, 0x00, 0x00, 0x00, 0x00, 0x00, 0x00, 0x00, 0x00, 0x00, 0x00, 0x00,
  0x00, 0x03, 0x00, 0x00, 0x00, 0x00, 0x00, 0x00, 0x09, 0x00, 0x00, 0x00,
  0x00, 0x20, 0x00, 0x09, 0x90, 0x00, 0x0b, 0x00, 0x11, 0x00, 0x00, 0x11,
  0x11, 0x11, 0x1b, 0xb0, 0x00, 0x00, 0x00, 0x00, 0x00, 0x00, 0x00, 0x00,
  0x00, 0x00, 0x00, 0x00, 0x00, 0x01, 0x00, 0x00, 0x00, 0x00, 0x00, 0x00,
  0x09, 0x00, 0x00, 0x00, 0x00, 0x10, 0x00, 0x09, 0x90, 0x00, 0x0b, 0x00,
  0x01, 0x20, 0x00, 0x00, 0x11, 0x11, 0x0b, 0xb0, 0x10, 0x00, 0x20, 0x00,
  0x10, 0x00, 0x00, 0x00, 0x10, 0x00, 0x00, 0x00, 0x20, 0x30, 0x20, 0x00,
  0x10, 0x02, 0x00, 0x00, 0x17, 0x61, 0x02, 0x10, 0x15, 0xaa, 0xaa, 0xaa,
  0x90, 0x10, 0x0b, 0x00, 0x10, 0x01, 0x00, 0x01, 0x00, 0x00, 0x1b, 0xb0,
  0x00, 0x10, 0x00, 0x00, 0x01, 0x00, 0x20, 0x00, 0x00, 0x00, 0x20, 0x02,
  0x00, 0x03, 0x00, 0x03, 0x00, 0x10, 0x00, 0x02, 0x00, 0x76, 0x00, 0x00,
  0x5a, 0xaa, 0xaa, 0xaa, 0x80, 0x00, 0x0b, 0x01, 0x03, 0x00, 0x10, 0x10,
  0x02, 0x20, 0x0b, 0xb0, 0x00, 0x02, 0x00, 0x00, 0x10, 0x10, 0x00, 0x00,
  0x03, 0x00, 0x00, 0x00, 0x02, 0x05, 0x60, 0x00, 0x30, 0x00, 0x00, 0x00,
  0x00, 0x09, 0x00, 0x05, 0xaa, 0xaa, 0x90, 0x00, 0x02, 0x00, 0x0b, 0x13,
  0x00, 0x00, 0x31, 0x10, 0x02, 0x20, 0x0b, 0xb0, 0x00, 0x00, 0x00, 0x01,
  0x01, 0x00, 0x00, 0x01, 0x00, 0x00, 0x00, 0x03, 0x00, 0x37, 0x80, 0x01,
  0x00, 0x21, 0x10, 0x00, 0x20, 0x5a, 0xaa, 0xaa, 0x87, 0xaa, 0x80, 0x00,
  0x00, 0x00, 0x2b, 0x01, 0x03, 0x03, 0x10, 0x10, 0x02, 0x20, 0x0b, 0xb0,
  0x01, 0x00, 0x20, 0x02, 0x00, 0x20, 0x00, 0x00, 0x00, 0x01, 0x00, 0x00,
  0x10, 0x00, 0x00, 0x00, 0x02, 0x19, 0x00, 0x00, 0x05, 0x80, 0x00, 0x00,
  0x01, 0x78, 0x10, 0x00, 0x20, 0x00, 0x0b, 0x00, 0x10, 0x01, 0x00, 0x03,
  0x00, 0x00, 0x3b, 0xb0, 0x00, 0x00, 0x00, 0x00, 0x00, 0x00, 0x00, 0x00,
  0x00, 0x00, 0x00, 0x00, 0x00, 0x00, 0x00, 0x00, 0x00, 0x09, 0x00, 0x00,
  0x09, 0x00, 0x00, 0x00, 0x00, 0x00, 0x00, 0x00, 0x00, 0x00, 0x0b, 0x00,
  0x02, 0x10, 0x00, 0x00, 0x11, 0x11, 0x0b, 0xb0, 0x00, 0x00, 0x00, 0x00,
  0x00, 0x00, 0x00, 0x00, 0x00, 0x00, 0x00, 0x00, 0x00, 0x00, 0x00, 0x00,
  0x00, 0x09, 0x00, 0x00, 0x09, 0x00, 0x00, 0x00, 0x00, 0x00, 0x00, 0x00,
  0x00, 0x00, 0x0b, 0xbb, 0xbb, 0xbb, 0xbb, 0xbb, 0xbb, 0xbb, 0xbb, 0xb0,
  0x10, 0x00, 0x00, 0x01, 0x01, 0x01, 0x00, 0x01, 0x00, 0x00, 0x00, 0x00,
  0x10, 0x00, 0x02, 0x10, 0x00, 0x09, 0x00, 0x01, 0x09, 0x00, 0x00, 0x00,
  0x00, 0x00, 0x00, 0x00, 0x00, 0x00, 0x00, 0x00, 0x00, 0x00, 0x00, 0x00,
  0x00, 0x00, 0x0b, 0xb0, 0x00, 0x00, 0x20, 0x00, 0x00, 0x01, 0x00, 0x00,
  0x10, 0x00, 0x00, 0x00, 0x00, 0x02, 0x02, 0x11, 0x02, 0x09, 0x00, 0x00,
  0x58, 0x00, 0x00, 0x00, 0x00, 0x00, 0x10, 0x00, 0x01, 0x00, 0x00, 0x00,
  0x00, 0x01, 0x00, 0x00, 0x00, 0x10, 0x0b, 0xb0, 0x00, 0x00, 0x00, 0x00,
  0x10, 0x10, 0x10, 0x02, 0x00, 0x20, 0x00, 0x00, 0x10, 0x00, 0x00, 0x01,
  0x00, 0x59, 0x5a, 0xaa, 0x80, 0x01, 0x00, 0x00, 0x00, 0x00, 0x00, 0x01,
  0x00, 0x00, 0x00, 0x00, 0x20, 0x00, 0x00, 0x00, 0x10, 0x00, 0x0b, 0xb0,
  0x00, 0x01, 0x00, 0x00, 0x01, 0x01, 0x00, 0x00, 0x00, 0x00, 0x00, 0x00,
  0x00, 0x00, 0x02, 0x19, 0x05, 0x99, 0x80, 0x00, 0x00, 0x00, 0x00, 0x00,
  0x10, 0x00, 0x00, 0x00, 0x00, 0x00, 0x00, 0x00, 0x00, 0x00, 0x00, 0x00,
  0x00, 0x00, 0x0b, 0xb0, 0x00, 0x00, 0x00, 0x00, 0x00, 0x07, 0xaa, 0xa6,
  0x02, 0x00, 0x00, 0x00, 0x00, 0x01, 0x00, 0x09, 0x5a, 0xa8, 0x00, 0x00,
  0x01, 0x00, 0x00, 0x00, 0x00, 0x02, 0x00, 0x00, 0x20, 0x00, 0x00, 0x02,
  0x00, 0x10, 0x00, 0x00, 0x10, 0x20, 0x0b, 0xb0, 0x00, 0x00, 0x10, 0x00,
  0x00, 0x00, 0x00, 0x09, 0x00, 0x00, 0x00, 0x00, 0x00, 0x00, 0x00, 0x09,
  0x90, 0x30, 0x00, 0x00, 0x00, 0x00, 0x00, 0x00, 0x00, 0x00, 0x00, 0x00,
  0x00, 0x00, 0x00, 0x00, 0x00, 0x00, 0x00, 0x00, 0x00, 0x00, 0x0b, 0xb0,
  0x00, 0x00, 0x10, 0x00, 0x00, 0x00, 0x00, 0x09, 0x00, 0x00, 0x00, 0x00,
  0x00, 0x00, 0x00, 0x09, 0x80, 0x10, 0x00, 0x00, 0x00, 0x00, 0x00, 0x00,
  0x00, 0x00, 0x00, 0x00, 0x00, 0x00, 0x00, 0x00, 0x00, 0x00, 0x00, 0x00,
  0x00, 0x00, 0x0b, 0xb0, 0x00, 0x00, 0x02, 0x10, 0x00, 0x20, 0x10, 0x07,
  0x60, 0x01, 0x00, 0x00, 0x01, 0x00, 0x10, 0x09, 0x11, 0x00, 0x00, 0x00,
  0x10, 0x00, 0x00, 0x00, 0x00, 0x01, 0x00, 0x00, 0x00, 0x10, 0x00, 0x00,
  0x00, 0x10, 0x02, 0x10, 0x00, 0x01, 0x1b, 0xb0, 0x00, 0x00, 0x10, 0x00,
  0x10, 0x10, 0x00, 0x00, 0x90, 0x00, 0x00, 0x01, 0x01, 0x11, 0x5a, 0xa8,
  0x00, 0x00, 0x00, 0x00, 0x00, 0x01, 0x00, 0x00, 0x10, 0x00, 0x00, 0x00,
  0x11, 0x01, 0x01, 0x20, 0x00, 0x00, 0x20, 0x01, 0x00, 0x10, 0x0b, 0xb0,
  0x00, 0x00, 0x00, 0x02, 0x00, 0x01, 0x00, 0x00, 0x76, 0x00, 0x00, 0x00,
  0x00, 0x15, 0x81, 0x11, 0x10, 0x20, 0x00, 0x00, 0x00, 0x00, 0x00, 0x00,
  0x02, 0x00, 0x00, 0x01, 0x00, 0x00, 0x10, 0x02, 0x00, 0x02, 0x00, 0x00,
  0x11, 0x00, 0x0b, 0xb0, 0x00, 0x01, 0x02, 0x10, 0x01, 0x00, 0x00, 0x00,
  0x07, 0x61, 0x00, 0x00, 0x10, 0x58, 0x11, 0x10, 0x01, 0x02, 0x00, 0x00,
  0x10, 0x00, 0x00, 0x00, 0x00, 0x00, 0x22, 0x10, 0x10, 0x10, 0x00, 0x00,
  0x22, 0x20, 0x00, 0x00, 0x00, 0x02, 0x0b, 0xb0, 0x00, 0x10, 0x20, 0x01,
  0x00, 0x01, 0x00, 0x01, 0x00, 0x90, 0x00, 0x01, 0x05, 0x80, 0x01, 0x11,
  0x00, 0x00, 0x00, 0x00, 0x00, 0x00, 0x00, 0x00, 0x20, 0x02, 0x00, 0x00,
  0x00, 0x00, 0x00, 0x00, 0x00, 0x00, 0x30, 0x02, 0x00, 0x20, 0x0b, 0xb0,
  0x00, 0x00, 0x00, 0x00, 0x01, 0x00, 0x00, 0x00, 0x00, 0x90, 0x00, 0x00,
  0x09, 0x01, 0x00, 0x01, 0x00, 0x00, 0x00, 0x00, 0x00, 0x00, 0x00, 0x00,
  0x00, 0x20, 0x00, 0x00, 0x00, 0x00, 0x00, 0x00, 0x00, 0x00, 0x00, 0x00,
  0x00, 0x00, 0x0b, 0xb0, 0x00, 0x00, 0x00, 0x00, 0x01, 0x00, 0x00, 0x00,
  0x00, 0x90, 0x00, 0x00, 0x09, 0x01, 0x00, 0x01, 0x00, 0x00, 0x00, 0x00,
  0x00, 0x00, 0x00, 0x00, 0x00, 0x10, 0x00, 0x00, 0x00, 0x00, 0x00, 0x00,
  0x00, 0x00, 0x00, 0x00, 0x00, 0x00, 0x0b, 0xb0, 0x01, 0x20, 0x20, 0x01,
  0x00, 0x02, 0x10, 0x00, 0x10, 0x90, 0x00, 0x01, 0x58, 0x10, 0x11, 0x10,
  0x01, 0x00, 0x20, 0x01, 0x01, 0x10, 0x00, 0x02, 0x01, 0x01, 0x00, 0x00,
  0x10, 0x00, 0x00, 0x01, 0x00, 0x00, 0x00, 0x00, 0x00, 0x10, 0x0b, 0xb0,
  0x00, 0x00, 0x00, 0x00, 0x01, 0x10, 0x00, 0x00, 0x00, 0x76, 0x00, 0x00,
  0x90, 0x10, 0x00, 0x00, 0x20, 0x20, 0x00, 0x00, 0x20, 0x20, 0x00, 0x02,
  0x10, 0x00, 0x00, 0x00, 0x00, 0x02, 0x00, 0x00, 0x00, 0x20, 0x00, 0x00,
  0x10, 0x00, 0x0b, 0xb0, 0x20, 0x10, 0x01, 0x20, 0x10, 0x00, 0x20, 0x01,
  0x00, 0x07, 0x60, 0x05, 0x80, 0x00, 0x10, 0x01, 0x00, 0x02, 0x00, 0x01,
  0x00, 0x00, 0x20, 0x01, 0x01, 0x02, 0x00, 0x03, 0x02, 0x00, 0x00, 0x00,
  0x20, 0x00, 0x00, 0x01, 0x00, 0x20, 0x0b, 0xb0, 0x00, 0x00, 0x00, 0x00,
  0x00, 0x20, 0x00, 0x00, 0x12, 0x00, 0x90, 0x09, 0x01, 0x00, 0x00, 0x00,
  0x10, 0x00, 0x02, 0x30, 0x01, 0x00, 0x04, 0x10, 0x01, 0x10, 0x00, 0x00,
  0x02, 0x20, 0x20, 0x00, 0x00, 0x00, 0x00, 0x00, 0x10, 0x02, 0x0b, 0xb0,
  0x01, 0x00, 0x00, 0x00, 0x02, 0x00, 0x00, 0x02, 0x10, 0x00, 0x9a, 0xa8,
  0x00, 0x10, 0x10, 0x01, 0x00, 0x20, 0x00, 0x00, 0x00, 0x10, 0x40, 0x00,
  0x20, 0x02, 0x00, 0x00, 0x00, 0x00, 0x00, 0x03, 0x00, 0x30, 0x00, 0x00,
  0x00, 0x00, 0x0b, 0xb0, 0x00, 0x00, 0x00, 0x00, 0x00, 0x00, 0x00, 0x00,
  0x00, 0x00, 0x90, 0x00, 0x00, 0x00, 0x00, 0x00, 0x00, 0x00, 0x00, 0x00,
  0x00, 0x04, 0x00, 0x00, 0x00, 0x00, 0x00, 0x00, 0x02, 0x00, 0x00, 0x00,
  0x00, 0x00, 0x30, 0x00, 0x20, 0x00, 0x0b, 0xb0, 0x00, 0x00, 0x00, 0x00,
  0x00, 0x00, 0x00, 0x00, 0x00, 0x00, 0x90, 0x00, 0x00, 0x00, 0x00, 0x00,
  0x00, 0x00, 0x00, 0x00, 0x00, 0x01, 0x00, 0x00, 0x00, 0x00, 0x00, 0x00,
  0x01, 0x00, 0x00, 0x00, 0x00, 0x00, 0x10, 0x00, 0x10, 0x00, 0x0b, 0xb0,
  0x10, 0x02, 0x00, 0x00, 0x10, 0x00, 0x00, 0x00, 0x00, 0x01, 0x90, 0x01,
  0x00, 0x00, 0x10, 0x00, 0x10, 0x00, 0x00, 0x00, 0x00, 0x00, 0x10, 0x00,
  0x01, 0x00, 0x00, 0x00, 0x00, 0x05, 0x60, 0x01, 0x00, 0x00, 0x00, 0x00,
  0x00, 0x01, 0x0b, 0xb0, 0x00, 0x00, 0x00, 0x00, 0x00, 0x10, 0x00, 0x00,
  0x10, 0x05, 0x80, 0x00, 0x01, 0x00, 0x00, 0x00, 0x00, 0x02, 0x00, 0x00,
  0x00, 0x01, 0x00, 0x00, 0x00, 0x00, 0x00, 0x00, 0x00, 0x07, 0x80, 0x00,
  0x01, 0x00, 0x00, 0x00, 0x20, 0x00, 0x0b, 0xb0, 0x02, 0x00, 0x00, 0x00,
  0x00, 0x00, 0x00, 0x00, 0x00, 0x58, 0x00, 0x00, 0x00, 0x00, 0x00, 0x00,
  0x00, 0x00, 0x00, 0x00, 0x01, 0x10, 0x00, 0x02, 0x00, 0x01, 0x00, 0x00,
  0x01, 0x00, 0x00, 0x00, 0x05, 0x61, 0x02, 0x30, 0x05, 0x60, 0x0b, 0xb0,
  0x00, 0x00, 0x00, 0x01, 0x00, 0x00, 0x10, 0x01, 0x05, 0x80, 0x00, 0x01,
  0x00, 0x00, 0x20, 0x00, 0x20, 0x00, 0x03, 0x10, 0x10, 0x00, 0x20, 0x00,
  0x00, 0x00, 0x00, 0x00, 0x00, 0x00, 0x10, 0x00, 0x07, 0x80, 0x00, 0x00,
  0x07, 0x80, 0x0b, 0xb0, 0x00, 0x00, 0x20, 0x00, 0x00, 0x00, 0x5a, 0xaa,
  0xa8, 0x00, 0x10, 0x00, 0x00, 0x02, 0x00, 0x00, 0x00, 0x00, 0x30, 0x01,
  0x01, 0x03, 0x00, 0x00, 0x10, 0x00, 0x20, 0x00, 0x10, 0x01, 0x00, 0x02,
  0x01, 0x00, 0x30, 0x02, 0x00, 0x00, 0x2b, 0xb0, 0x00, 0x00, 0x00, 0x00,
  0x00, 0x00, 0x90, 0x00, 0x00, 0x00, 0x00, 0x00, 0x00, 0x00, 0x00, 0x00,
  0x00, 0x00, 0x33, 0x11, 0x00, 0x00, 0x00, 0x00, 0x00, 0x00, 0x00, 0x00,
  0x00, 0x00, 0x00, 0x00, 0x00, 0x00, 0x00, 0x00, 0x00, 0x03, 0x0b, 0xb0,
  0x00, 0x00, 0x00, 0x00, 0x00, 0x00, 0x90, 0x00, 0x00, 0x00, 0x00, 0x00,
  0x00, 0x00, 0x00, 0x00, 0x00, 0x00, 0x11, 0x11, 0x00, 0x00, 0x00, 0x00,
  0x00, 0x00, 0x00, 0x00, 0x00, 0x00, 0x00, 0x00, 0x00, 0x00, 0x00, 0x00,
  0x00, 0x01, 0x0b, 0xb1, 0x01, 0x00, 0x00, 0x00, 0x01, 0x00, 0x90, 0x00,
  0x10, 0x00, 0x20, 0x01, 0x00, 0x00, 0x00, 0x00, 0x20, 0x11, 0x10, 0x00,
  0x10, 0x02, 0x00, 0x01, 0x00, 0x01, 0x00, 0x00, 0x01, 0x05, 0x60, 0x00,
  0x12, 0x03, 0x00, 0x02, 0x10, 0x02, 0x0b, 0xbb, 0x0b, 0xb0, 0x00, 0x00,
  0x00, 0x5a, 0x80, 0x00, 0x00, 0x10, 0x00, 0x00, 0x02, 0x01, 0x00, 0x00,
  0x00, 0x10, 0x00, 0x00, 0x10, 0x10, 0x00, 0x00, 0x20, 0x00, 0x20, 0x00,
  0x00, 0x07, 0x80, 0x00, 0x30, 0x00, 0x00, 0x00, 0x00, 0x10, 0x2b, 0xb0,
  0x00, 0xb0, 0x00, 0x01, 0x05, 0x80, 0x00, 0x01, 0x00, 0x00, 0x20, 0x02,
  0x00, 0x00, 0x00, 0x02, 0x01, 0x01, 0x10, 0x01, 0x00, 0x00, 0x00, 0x00,
  0x00, 0x00, 0x00, 0x00, 0x00, 0x10, 0x10, 0x02, 0x03, 0x00, 0x00, 0x01,
  0x00, 0x22, 0x0b, 0xb0, 0x00, 0xb0, 0x10, 0x00, 0x58, 0x00, 0x10, 0x00,
  0x00, 0x20, 0x00, 0x00, 0x01, 0x02, 0x00, 0x00, 0x00, 0x00, 0x11, 0x10,
  0x10, 0x00, 0x30, 0x02, 0x01, 0x00, 0x00, 0x00, 0x00, 0x00, 0x00, 0x00,
  0x30, 0x02, 0x30, 0x00, 0x02, 0x03, 0x0b, 0xb0, 0x00, 0xb0, 0x00, 0x05,
  0x80, 0x00, 0x00, 0x00, 0x20, 0x00, 0x00, 0x00, 0x00, 0x00, 0x00, 0x00,
  0x01, 0x01, 0x01, 0x11, 0x10, 0x00, 0x00, 0x00, 0x00, 0x00, 0x20, 0x00,
  0x00, 0x01, 0x00, 0x00, 0x04, 0x00, 0x00, 0x00, 0x02, 0x00, 0x0b, 0xbb,
  0xbb, 0xbb, 0xbb, 0xbb, 0xbb, 0xbb, 0xbb, 0xbb, 0xbb, 0xbb, 0xbb, 0xbb,
  0xbb, 0xbb, 0xbb, 0xbb, 0xbb, 0xbb, 0xbb, 0xbb, 0xbb, 0xbb, 0xbb, 0xbb,
  0xbb, 0xbb, 0xbb, 0xbb, 0xbb, 0xbb, 0xbb, 0xbb, 0xbb, 0xbb, 0xbb, 0xbb,
  0xbb, 0xbb, 0xbb, 0xff, 0x12, 0x00, 0x16, 0x20, 0x60, 0x00, 0x60, 0x00,
  0x36, 0x00, 0x60, 0x00, 0x16, 0x00, 0x54, 0x00, 0xb6, 0x00, 0xb0, 0x00,
  0x21, 0x00, 0x26, 0x10, 0x62, 0x00, 0x61, 0x00, 0x60, 0x00, 0x62, 0x7a,
  0x61, 0x72, 0x45, 0x20, 0xb6, 0x20, 0xb0, 0x00, 0x12, 0x00, 0x25, 0x40,
  0x25, 0x40, 0x12, 0x00, 0x12, 0x00, 0x62, 0x00, 0x21, 0x7a, 0x21, 0x00,
  0x21, 0x00, 0xb0, 0x00, 0x21, 0x00, 0x25, 0x10, 0x42, 0x50, 0x24, 0x15,
  0x21, 0x30, 0x31, 0x00, 0x21, 0x70, 0xb2, 0x00, 0x89, 0xa0, 0x89, 0xa0,
  0x12, 0x00, 0x12, 0x00, 0x54, 0x10, 0x13, 0x20, 0x21, 0x30, 0x21, 0x00,
  0x10, 0x00, 0xb2, 0x00, 0x8a, 0x90, 0x89, 0xa0, 0x12, 0x00, 0x20, 0x00,
  0x21, 0x00, 0x12, 0x00, 0x21, 0x60, 0x10, 0x00, 0x12, 0x00, 0x21, 0x00,
  0x12, 0x00, 0x21, 0x00, 0x13, 0x00, 0x31, 0x00, 0x10, 0x00, 0x60, 0x00,
  0x61, 0x00, 0x10, 0x00, 0x12, 0x00, 0x20, 0x00, 0x12, 0x50, 0x25, 0x00,
  0x13, 0x00, 0x31, 0x00, 0x16, 0x00, 0x60, 0x00, 0x61, 0x00, 0x54, 0x12,
  0x24, 0x00, 0x4b, 0x50, 0x45, 0xb0, 0x52, 0x00, 0x21, 0x00, 0x10, 0x00,
  0x60, 0x00, 0x62, 0x00, 0x61, 0x20, 0x25, 0x40, 0x45, 0x00, 0xb0, 0x00,
  0xb7, 0x90, 0x2b, 0x70, 0x10, 0x00, 0x10, 0x00, 0x12, 0x00, 0x21, 0x00,
  0x21, 0x00, 0x24, 0x50, 0x54, 0x00, 0xb0, 0x00, 0xa7, 0xb9, 0x7b, 0xa0,
  0x00, 0x00, 0x00, 0x00, 0x00, 0x01, 0x03, 0x07, 0x00, 0x01, 0x0f, 0x3f,
  0x7f, 0xfc, 0xfb, 0xf7, 0x1f, 0xf8, 0xe7, 0xff, 0xff, 0xf0, 0xef, 0xff,
  0x07, 0x0f, 0x1f, 0x1f, 0x3f, 0x3f, 0x3f, 0x7f, 0xff, 0xfe, 0xf9, 0xf7,
  0xef, 0xef, 0xff, 0xff, 0xff, 0xf9, 0xe7, 0xdf, 0xbf, 0xfb, 0xf7, 0xef,
  0x7f, 0x7f, 0x7f, 0xf7, 0xf7, 0xef, 0xef, 0xef, 0xdd, 0xdd, 0xfd, 0xfb,
  0xfb, 0x7b, 0x7b, 0x7f, 0xfe, 0xdd, 0xdf, 0xbf, 0xbf, 0xbb, 0xfb, 0xfb,
  0xf8, 0x1f, 0xe7, 0xff, 0xff, 0x0f, 0xf7, 0xff, 0x00, 0x80, 0xf0, 0xfc,
  0xfe, 0x3f, 0xdf, 0xef, 0x00, 0x00, 0x00, 0x00, 0x00, 0x80, 0xc0, 0xe0,
  0xff, 0x9f, 0xe7, 0xfb, 0xfd, 0xdf, 0xef, 0xf7, 0xff, 0x7f, 0x9f, 0xef,
  0xf7, 0xf7, 0xff, 0xff, 0xe0, 0xf0, 0xf8, 0xf8, 0xfc, 0xfc, 0xfc, 0xfe,
  0x7f, 0xbb, 0xfb, 0xfd, 0xfd, 0xdd, 0xdf, 0xdf, 0xbb, 0xbb, 0xbf, 0xdf,
  0xdf, 0xde, 0xde, 0xfe, 0xfe, 0xfe, 0xfe, 0xef, 0xef, 0xf7, 0xf7, 0xf7,
  0xef, 0xef, 0xef, 0xf7, 0xf7, 0x7f, 0x7f, 0x7f, 0x7f, 0x7b, 0x7b, 0xfb,
  0xfb, 0xfd, 0xdd, 0xdd, 0xfb, 0xfb, 0xbb, 0xbf, 0xbf, 0xdf, 0xdd, 0xfe,
  0x7f, 0x3f, 0x3f, 0x3f, 0x1f, 0x1f, 0x0f, 0x07, 0xff, 0xff, 0xef, 0xef,
  0xf7, 0xf9, 0xfe, 0xff, 0xef, 0xf7, 0xfb, 0xbf, 0xdf, 0xe7, 0xf9, 0xff,
  0x07, 0x03, 0x01, 0x00, 0x00, 0x00, 0x00, 0x00, 0xf7, 0xfb, 0xfc, 0x7f,
  0x3f, 0x0f, 0x01, 0x00, 0xff, 0xef, 0xf0, 0xff, 0xff, 0xe7, 0xf8, 0x1f,
  0xdf, 0xdf, 0xdd, 0xfd, 0xfd, 0xfb, 0xbb, 0x7f, 0xfe, 0xde, 0xde, 0xdf,
  0xdf, 0xbf, 0xbb, 0xbb, 0xf7, 0xf7, 0xf7, 0xef, 0xef, 0xfe, 0xfe, 0xfe,
  0xf7, 0xef, 0xdf, 0xfd, 0xfb, 0xe7, 0x9f, 0xff, 0xff, 0xff, 0xf7, 0xf7,
  0xef, 0x9f, 0x7f, 0xff, 0xfe, 0xfc, 0xfc, 0xfc, 0xf8, 0xf8, 0xf0, 0xe0,
  0xff, 0xf7, 0x0f, 0xff, 0xff, 0xe7, 0x1f, 0xf8, 0xef, 0xdf, 0x3f, 0xfe,
  0xfc, 0xf0, 0x80, 0x00, 0xe0, 0xc0, 0x80, 0x00, 0x00, 0x00, 0x00, 0x00,
  0x08, 0x08, 0x08, 0x08, 0x08, 0x00, 0x02, 0x02, 0x01, 0x21, 0x21, 0x20,
  0x20, 0x20, 0x04, 0x04, 0x08, 0x08, 0x08, 0x00, 0x40, 0x40, 0x44, 0x04,
  0x20, 0x20, 0x20, 0x24, 0x24, 0x04, 0x04, 0x00, 0x20, 0x20, 0x02, 0x04,
  0x04, 0x04, 0x24, 0x20, 0x04, 0x04, 0x00, 0x20, 0x24, 0x20, 0x24, 0x04,
  0x41, 0x41, 0x41, 0x00, 0x00, 0x10, 0x10, 0x10, 0x20, 0x20, 0x02, 0x04,
  0x04, 0x84, 0x84, 0x80, 0x00, 0x02, 0x02, 0x12, 0x10, 0x10, 0x10, 0x10,
  0x00, 0x00, 0x03, 0xe0, 0x00, 0x00, 0x0e, 0x00, 0x00, 0x00, 0xcb, 0x00,
  0x00, 0x1e, 0x00, 0x00, 0x00, 0x70, 0x00, 0x00, 0x1f, 0x00, 0x00, 0x00,
  0xe0, 0x00, 0x03, 0x00, 0x00, 0x7c, 0x00, 0x00, 0x00, 0x20, 0x1e, 0x00,
  0x00, 0xc3, 0x00, 0x00, 0x00, 0x20, 0x1e, 0x00, 0x00, 0xc0, 0x00, 0x07,
  0x00, 0x03, 0x00, 0xf8, 0x00, 0x00, 0x00, 0x00, 0x00, 0x00, 0x1e, 0x00,
  0x00, 0xf8, 0x00, 0x00, 0xe0, 0x00, 0x00, 0x00, 0x07, 0x00, 0xe0, 0x00,
  0x66, 0xcc, 0x99, 0x33, 0x66, 0xcc, 0x99, 0x33, 0x30, 0x7b, 0x7f, 0x7f,
  0x1f, 0x1f, 0x1f, 0x3f, 0x7e, 0xf0, 0xff, 0xff, 0xff, 0xff, 0xff, 0xff,
  0x0c, 0xde, 0xfe, 0x3e, 0x18, 0x98, 0x98, 0xdc, 0x3f, 0x7f, 0x79, 0x7e,
  0x7f, 0x79, 0x7e, 0x7f, 0xff, 0xff, 0xff, 0xff, 0xff, 0xff, 0x1e, 0xff,
  0xfc, 0xfe, 0x9e, 0x7e, 0xfe, 0x9e, 0x7e, 0xfe, 0x7f, 0x3f, 0x3b, 0x3c,
  0x77, 0x79, 0x7f, 0x31, 0xff, 0x7f, 0x9d, 0xf3, 0xbf, 0xce, 0xf9, 0xff,
  0xfe, 0xfc, 0xfc, 0xfc, 0xfe, 0xfe, 0xfe, 0x8c, 0x00, 0x00, 0x00, 0x00,
  0x00, 0x00, 0x00, 0x00, 0x00, 0x00, 0x00, 0x00, 0x00, 0x8f, 0xff, 0x7e,
  0x00, 0x00, 0x00, 0x00, 0x00, 0x00, 0x00, 0x00, 0x00, 0x00, 0x03, 0x07,
  0x0f, 0x1f, 0x3f, 0x3f, 0xfb, 0xfb, 0xfd, 0x3e, 0x1c, 0x99, 0x89, 0xcb,
  0x00, 0x00, 0xc0, 0xe0, 0xf0, 0xf8, 0xfc, 0xfc, 0x3f, 0x3f, 0x1f, 0x1f,
  0x0f, 0x07, 0x01, 0x00, 0xe7, 0xe3, 0xd3, 0xd1, 0x89, 0x1c, 0x7e, 0x00,
  0xf4, 0xe4, 0xc8, 0x98, 0xf0, 0xe0, 0x80, 0x00, 0xc0, 0xe0, 0xb0, 0xb8,
  0x5c, 0x4e, 0x4f, 0x27, 0x80, 0x80, 0x80, 0x80, 0x80, 0xa0, 0xc0, 0xf8,
  0x00, 0x00, 0x00, 0x00, 0x00, 0x00, 0x00, 0x00, 0x31, 0x18, 0x0c, 0x07,
  0x01, 0x00, 0x00, 0x00, 0x80, 0xc0, 0x60, 0x70, 0xb8, 0x7c, 0x1e, 0x0f,
  0x00, 0x00, 0x00, 0x00, 0x00, 0x00, 0x00, 0x00, 0x00, 0x00, 0x00, 0x00,
  0x00, 0x00, 0x00, 0x00, 0x03, 0x01, 0x00, 0x00, 0x00, 0x00, 0x00, 0x00,
  0x80, 0x30, 0x7c, 0x7e, 0x37, 0x1b, 0x0f, 0x03, 0x00, 0x00, 0x00, 0x00,
  0x02, 0x07, 0x03, 0x06, 0x00, 0x00, 0x0c, 0x1e, 0x7e, 0xff, 0xfe, 0xf8,
  0x00, 0x00, 0x00, 0x00, 0x00, 0x00, 0x00, 0x00, 0x07, 0x0e, 0x0f, 0x1e,
  0x1e, 0x1c, 0x1c, 0x18, 0x60, 0xc0, 0xa0, 0x50, 0x28, 0x1c, 0x0e, 0x07,
  0x00, 0x00, 0x00, 0x00, 0x00, 0x00, 0x00, 0x00, 0x18, 0x08, 0x00, 0x00,
  0x00, 0x00, 0x00, 0x00, 0x03, 0x01, 0x00, 0x00, 0x00, 0x00, 0x00, 0x00,
  0x80, 0xc0, 0xe0, 0x50, 0x28, 0x10, 0x00, 0x00, 0x00, 0x07, 0x18, 0x37,
  0x38, 0x70, 0x70, 0x70, 0x00, 0x80, 0x60, 0xb0, 0x50, 0x28, 0x28, 0x38,
  0x00, 0x00, 0x00, 0x00, 0x00, 0x00, 0x00, 0x00, 0x70, 0x38, 0x3f, 0x1f,
  0x07, 0x00, 0x00, 0x00, 0x38, 0x70, 0xf8, 0xfc, 0xbe, 0x1f, 0x0f, 0x07,
  0x00, 0x00, 0x00, 0x00, 0x00, 0x00, 0x80, 0xc0, 0x00, 0x00, 0x00, 0x00,
  0x00, 0x00, 0x00, 0x00, 0x03, 0x03, 0x07, 0x07, 0x00, 0x00, 0x00, 0x00,
  0xa0, 0xd0, 0xe8, 0x74, 0x7a, 0xfc, 0xe8, 0x00, 0xe0, 0xf8, 0xfe, 0x6f,
  0x73, 0x31, 0x39, 0x1f, 0x00, 0x00, 0x00, 0x80, 0xe0, 0xf0, 0xfc, 0xfe,
  0x00, 0x00, 0x00, 0x00, 0x00, 0x00, 0x00, 0x00, 0x1f, 0x0f, 0x0f, 0x07,
  0x03, 0x03, 0x01, 0x00, 0x83, 0x47, 0x8e, 0x1c, 0x38, 0x70, 0xe0, 0xc1,
  0x00, 0x80, 0xc0, 0xc0, 0xe0, 0xf0, 0xb0, 0x78, 0x00, 0x00, 0x00, 0x00,
  0x00, 0x00, 0x00, 0x00, 0x7e, 0x3d, 0x0f, 0x07, 0x01, 0x00, 0x00, 0x00,
  0xf8, 0x98, 0x98, 0xfa, 0xf7, 0x0f, 0x1f, 0x0e, 0x00, 0x00, 0x00, 0x00,
  0x00, 0x00, 0x00, 0x00, 0x00, 0x00, 0x00, 0x00, 0x03, 0x0f, 0x3f, 0xfc,
  0x00, 0x20, 0x30, 0xe8, 0xc8, 0xe8, 0x70, 0xc0, 0x07, 0xdf, 0x6e, 0x1d,
  0x3b, 0x1b, 0x33, 0x37, 0xf0, 0x3e, 0xe4, 0x64, 0x34, 0x08, 0x30, 0xc0,
  0x67, 0x5f, 0xfe, 0xc1, 0x3e, 0x78, 0x00, 0x00, 0x40, 0x40, 0x80, 0x00,
  0x00, 0x00, 0x00, 0x00, 0x00, 0x00, 0x00, 0x00, 0x00, 0x00, 0x00, 0x00,
  0x00, 0x7f, 0x40, 0x40, 0x40, 0x40, 0x40, 0x40, 0x00, 0xff, 0x00, 0x00,
  0x00, 0x00, 0x00, 0x00, 0x00, 0xfe, 0x02, 0x02, 0x02, 0x02, 0x02, 0x02,
  0x40, 0x5a, 0x53, 0x5b, 0x52, 0x52, 0x5a, 0x40, 0x00, 0xb3, 0xa9, 0xa9,
  0xa9, 0xb1, 0xa1, 0x00, 0x02, 0xaa, 0x2a, 0x2a, 0x12, 0x12, 0x12, 0x02,
  0x40, 0x40, 0x40, 0x40, 0x40, 0x40, 0x7f, 0x00, 0x00, 0x00, 0x00, 0x00,
  0x00, 0x00, 0xff, 0x00, 0x02, 0x02, 0x02, 0x02, 0x02, 0x02, 0xfe, 0x00,
  0x00, 0x1f, 0x0f, 0x47, 0x63, 0x71, 0x78, 0x7c, 0x00, 0xff, 0xff, 0xff,
  0xff, 0xff, 0x00, 0x00, 0x00, 0xf8, 0xf0, 0xe2, 0xc6, 0x8e, 0x1e, 0x3e,
  0x7c, 0x7c, 0x7c, 0x7c, 0x7c, 0x7c, 0x7c, 0x7c, 0x3e, 0x3e, 0x3e, 0x3e,
  0x3e, 0x3e, 0x3e, 0x3e, 0x7c, 0x78, 0x71, 0x63, 0x47, 0x0f, 0x1f, 0x00,
  0x00, 0x00, 0xff, 0xff, 0xff, 0xff, 0xff, 0x00, 0x3e, 0x1e, 0x8e, 0xc6,
  0xe2, 0xf0, 0xf8, 0x00, 0x40, 0x40, 0x40, 0x40, 0x40, 0x40, 0x40, 0x40,
  0x40, 0x40, 0x40, 0x40, 0x40, 0x47, 0x47, 0x47, 0x40, 0x47, 0x47, 0x47,
  0x47, 0x45, 0x45, 0x45, 0x40, 0x40, 0x40, 0x40, 0x40, 0x40, 0x40, 0x40,
  0x40, 0x45, 0x45, 0x45, 0x45, 0x45, 0x40, 0x40, 0x40, 0x45, 0x45, 0x45,
  0x45, 0x47, 0x47, 0x47, 0x40, 0x40, 0x40, 0x47, 0x47, 0x47, 0x47, 0x47,
  0x45, 0x45, 0x45, 0x45, 0x45, 0x45, 0x45, 0x45, 0x47, 0x47, 0x47, 0x47,
  0x47, 0x47, 0x47, 0x47, 0x40, 0x47, 0x47, 0x47, 0x47, 0x45, 0x45, 0x45,
  0x40, 0x40, 0x40, 0x40, 0x40, 0x47, 0x47, 0x47, 0x40, 0x40, 0x40, 0x40,
  0x40, 0x40, 0x40, 0x40, 0x40, 0x45, 0x45, 0x45, 0x45, 0x47, 0x47, 0x47,
  0x40, 0x45, 0x45, 0x45, 0x45, 0x45, 0x40, 0x40, 0x40, 0x40, 0x40, 0x40,
  0x40, 0x40, 0x40, 0x40, 0x47, 0x47, 0x47, 0x47, 0x47, 0x47, 0x47, 0x47,
  0x45, 0x45, 0x45, 0x45, 0x45, 0x45, 0x45, 0x45, 0x40, 0x40, 0x40, 0x47,
  0x47, 0x47, 0x47, 0x47, 0x47, 0x47, 0x47, 0x47, 0x47, 0x40, 0x40, 0x40,
  0x45, 0x45, 0x45, 0x45, 0x45, 0x45, 0x45, 0x45, 0x47, 0x47, 0x47, 0x47,
  0x47, 0x47, 0x47, 0x47, 0x40, 0x40, 0x40, 0x40, 0x40, 0x40, 0x40, 0x40,
  0x40, 0x40, 0x45, 0x45, 0x45, 0x45, 0x45, 0x40, 0x47, 0x47, 0x47, 0x45,
  0x45, 0x45, 0x45, 0x40, 0x40, 0x40, 0x40, 0x40, 0x40, 0x40, 0x40, 0x40,
  0x47, 0x47, 0x47, 0x40, 0x40, 0x40, 0x40, 0x40, 0x45, 0x45, 0x45, 0x47,
  0x47, 0x47, 0x47, 0x40, 0x47, 0x47, 0x47, 0x47, 0x47, 0x47, 0x47, 0x47,
  0x45, 0x45, 0x45, 0x45, 0x45, 0x45, 0x45, 0x45, 0x47, 0x47, 0x47, 0x47,
  0x47, 0x40, 0x40, 0x40, 0x47, 0x47, 0x47, 0x45, 0x45, 0x45, 0x45, 0x40,
  0x40, 0x40, 0x45, 0x45, 0x45, 0x45, 0x45, 0x40, 0x40, 0x40, 0x40, 0x40,
  0x40, 0x40, 0x40, 0x40, 0x45, 0x45, 0x45, 0x47, 0x47, 0x47, 0x47, 0x40,
  0x47, 0x47, 0x47, 0x40, 0x40, 0x40, 0x40, 0x40, 0x40, 0x40, 0x40, 0x40,
  0x40, 0x40, 0x40, 0x40, 0x74, 0x74, 0x74, 0x74, 0x74, 0x74, 0x74, 0x74,
  0x54, 0x54, 0x54, 0x54, 0x54, 0x54, 0x54, 0x54, 0x74, 0x74, 0x74, 0x74,
  0x74, 0x74, 0x74, 0x74, 0x74, 0x74, 0x74, 0x74, 0x74, 0x74, 0x74, 0x74,
  0x54, 0x54, 0x54, 0x54, 0x54, 0x54, 0x54, 0x54, 0x74, 0x74, 0x74, 0x74,
  0x74, 0x74, 0x74, 0x74, 0x74, 0x74, 0x74, 0x74, 0x74, 0x74, 0x74, 0x74,
  0x54, 0x54, 0x54, 0x54, 0x54, 0x54, 0x54, 0x54, 0x74, 0x74, 0x74, 0x74,
  0x74, 0x74, 0x74, 0x74, 0x74, 0x74, 0x74, 0x74, 0x74, 0x74, 0x74, 0x74,
  0x74, 0x74, 0x74, 0x74, 0x74, 0x74, 0x74, 0x74, 0x74, 0x74, 0x74, 0x74,
  0x74, 0x74, 0x74, 0x74, 0x54, 0x54, 0x54, 0x54, 0x54, 0x54, 0x54, 0x54,
  0x54, 0x54, 0x54, 0x54, 0x54, 0x54, 0x54, 0x54, 0x54, 0x54, 0x54, 0x54,
  0x54, 0x54, 0x54, 0x54, 0x74, 0x74, 0x74, 0x74, 0x74, 0x74, 0x74, 0x74,
  0x74, 0x74, 0x74, 0x74, 0x74, 0x74, 0x74, 0x74, 0x74, 0x74, 0x74, 0x74,
  0x74, 0x74, 0x74, 0x74, 0xa0, 0xa0, 0xa0, 0xa0, 0xa0, 0xa0, 0xa0, 0xa0,
  0xe0, 0xb0, 0xb0, 0xb0, 0xb0, 0xb0, 0xb0, 0xb0, 0xe0, 0xbe, 0xb0, 0xb0,
  0xb0, 0xb0, 0xb0, 0xb0, 0xe0, 0xe0, 0xe0, 0xe0, 0xe0, 0xb0, 0xb0, 0xb0,
  0xb0, 0xb0, 0xb0, 0xb0, 0xb0, 0xb0, 0xb0, 0xb0, 0xb0, 0xb0, 0xb0, 0x60,
  0xb0, 0xb0, 0x60, 0xb0, 0xb0, 0xb0, 0xb0, 0xb0, 0xb0, 0xb0, 0xb0, 0xb0,
  0xb0, 0xb0, 0xb0, 0xb0, 0xb0, 0xb0, 0xe0, 0xe0, 0xb0, 0xb6, 0xb6, 0xb6,
  0xb6, 0xb6, 0xb6, 0xe0, 0xb0, 0xb0, 0xb0, 0xb0, 0xb0, 0xb0, 0xb0, 0xb0,
  0x00, 0x00, 0x00, 0x00, 0x00, 0x00, 0x00, 0x00, 0x00, 0x00, 0x00, 0x00,
  0x68, 0x68, 0x60, 0x90, 0x00, 0x00, 0x00, 0x00, 0x00, 0x00, 0x00, 0x00,
  0x60, 0x60, 0xa0, 0xa0, 0x60, 0x60, 0x60, 0x60, 0x69, 0x69, 0x69, 0x6a,
  0x6a, 0x6a, 0x6a, 0x6a, 0x60, 0x60, 0xa0, 0xa0, 0x60, 0x60, 0x60, 0x60,
  0x60, 0x60, 0x60, 0x60, 0x60, 0x60, 0xa0, 0x60, 0x6a, 0x6a, 0x6a, 0x6a,
  0x6a, 0x6a, 0x6a, 0x68, 0x60, 0x60, 0x60, 0x60, 0x60, 0x60, 0xa0, 0x60,
  0x70, 0x70, 0x70, 0x70, 0x70, 0x70, 0x70, 0xf0, 0xf0, 0xf0, 0xf0, 0xf0,
  0xf0, 0xf0, 0xf0, 0xf0, 0x00, 0x00, 0x00, 0x00, 0x00, 0x00, 0x00, 0x00,
  0x70, 0x70, 0x70, 0x70, 0x70, 0x70, 0x70, 0x70, 0xf0, 0xf0, 0xf0, 0x70,
  0x70, 0x70, 0x70, 0x70, 0x00, 0x00, 0x00, 0x00, 0x00, 0x00, 0x00, 0x00,
  0x00, 0x00, 0x00, 0x00, 0x00, 0x00, 0x00, 0x00, 0x70, 0x70, 0x70, 0x70,
  0x70, 0x70, 0x70, 0x70, 0x70, 0x80, 0x80, 0x60, 0x60, 0x60, 0x60, 0x80,
  0x60, 0x60, 0x60, 0x60, 0x60, 0x60, 0xe0, 0xe0, 0xe0, 0xe0, 0xe0, 0xe0,
  0xe0, 0xe0, 0xe0, 0xe0, 0x00, 0x00, 0x00, 0x00, 0x00, 0x00, 0x00, 0x00,
  0xe0, 0xe0, 0xe0, 0xe0, 0xe0, 0xe0, 0xe0, 0xe0, 0xe0, 0xe0, 0x60, 0x60,
  0x60, 0x60, 0x60, 0x60, 0x00, 0x00, 0x00, 0x00, 0x00, 0x00, 0x00, 0x00,
  0xe0, 0xe0, 0xe0, 0xe0, 0xe0, 0xe0, 0xe0, 0xe0, 0x60, 0x60, 0x60, 0x60,
  0x60, 0x60, 0x60, 0x60, 0x60, 0x60, 0x60, 0x60, 0x90, 0x90, 0x90, 0x90,
  0x90, 0x90, 0x90, 0x90, 0xd0, 0xd0, 0xd0, 0xd0, 0x90, 0x90, 0x90, 0xd0,
  0xd0, 0xd0, 0xd0, 0xd0, 0x00, 0x00, 0x00, 0x00, 0x00, 0x00, 0x00, 0x00,
  0xd0, 0xd0, 0xd0, 0xd0, 0xd0, 0xd0, 0xd0, 0xd0, 0xd0, 0xd0, 0xd0, 0xd0,
  0xd0, 0xd0, 0xd0, 0xd0, 0xd0, 0xd0, 0xd0, 0xd0, 0xd0, 0xd0, 0xd0, 0xd0,
  0x00, 0x00, 0x00, 0x00, 0x00, 0x00, 0x00, 0x00, 0xd0, 0xd0, 0xd0, 0x90,
  0x90, 0x90, 0x90, 0x90, 0xd0, 0xd0, 0xd0, 0xd0, 0xd0, 0xd0, 0x90, 0x90,
  0x80, 0x60, 0x60, 0x60, 0x60, 0x60, 0x60, 0x60, 0x60, 0x60, 0x60, 0x60,
  0x60, 0x60, 0x60, 0x60, 0x00, 0x00, 0x00, 0x00, 0x00, 0x00, 0x00, 0x00,
  0x60, 0x60, 0x60, 0x60, 0x60, 0x60, 0x60, 0x60, 0x69, 0x69, 0x69, 0x69,
  0x69, 0x69, 0x69, 0x69, 0x60, 0x60, 0x60, 0x60, 0x60, 0x60, 0x60, 0x60,
  0x00, 0x00, 0x00, 0x00, 0x00, 0x00, 0x00, 0x00, 0x60, 0x60, 0x60, 0x60,
  0x60, 0x60, 0x60, 0x60, 0x60, 0x60, 0x60, 0x60, 0x60, 0x60, 0x80, 0x80,
  0x00, 0x00, 0x00, 0x00, 0x00, 0x00, 0x00, 0x00, 0x70, 0x70, 0x70, 0x70,
  0x70, 0xe0, 0xe0, 0xe0, 0x70, 0x70, 0x70, 0x70, 0xe0, 0xe0, 0x60, 0x60,
  0xe0, 0xe0, 0xe0, 0x60, 0x60, 0x60, 0x60, 0x60, 0xe6, 0x60, 0x60, 0xe0,
  0xe0, 0x70, 0x70, 0x70, 0x60, 0x60, 0x60, 0x60, 0x90, 0x90, 0x90, 0x90,
  0x90, 0x90, 0x90, 0x90, 0x90, 0x90, 0x90, 0x90, 0x00, 0x00, 0x00, 0x00,
  0x00, 0x00, 0x00, 0x00, 0xa0, 0xa0, 0xa0, 0xa0, 0xa0, 0xa0, 0xa0, 0xa0,
  0xa0, 0xa0, 0xa0, 0xa0, 0xa0, 0xa0, 0xa0, 0xa0, 0xa0, 0xa0, 0xa0, 0xa0,
  0xa0, 0xa0, 0xa0, 0xa0, 0xa0, 0xa0, 0xa0, 0xa0, 0xa0, 0xa0, 0xa0, 0xa0,
  0xa0, 0xa0, 0xa0, 0xa0, 0xa0, 0xa0, 0xa0, 0xa0, 0xa0, 0xa0, 0xa0, 0xa0,
  0xa0, 0xa0, 0xa0, 0xa0, 0xa0, 0xa0, 0xa0, 0xa0, 0xa0, 0xa0, 0xa0, 0xa0,
  0xa0, 0xa0, 0xa0, 0xa0, 0xa0, 0xa0, 0xa0, 0xa0, 0xa0, 0xa0, 0xa0, 0xa0,
  0xa0, 0xa0, 0xa0, 0xa0, 0xf0, 0xe0, 0x70, 0xb0, 0xb0, 0xb0, 0xb0, 0xb0,
  0xf0, 0xe0, 0x70, 0xb0, 0xb0, 0xb0, 0xb0, 0xb0, 0xf0, 0xe0, 0x70, 0xb0,
  0xb0, 0xb0, 0xb0, 0xb0, 0xb0, 0xb0, 0xb0, 0xb0, 0xb0, 0xb0, 0xb0, 0xb0,
  0xb0, 0xb0, 0xb0, 0xb0, 0xb0, 0xb0, 0xb0, 0xb0, 0xb0, 0xb0, 0xb0, 0xb0,
  0xb0, 0x70, 0xe0, 0xf0, 0xb0, 0xb0, 0xb0, 0xb0, 0xb0, 0x70, 0xe0, 0xf0,
  0xb0, 0xb0, 0xb0, 0xb0, 0xb0, 0x70, 0xe0, 0xf0, 0x00, 0x03, 0x0f, 0x1f,
  0x3f, 0x3f, 0x7f, 0x7f, 0x7e, 0xff, 0xff, 0xff, 0xff, 0xff, 0xff, 0xff,
  0x00, 0xc0, 0xf0, 0xf8, 0xfc, 0xfc, 0xfe, 0xfe, 0x7f, 0xff, 0xff, 0xff,
  0xff, 0xff, 0xff, 0x7f, 0xfe, 0xff, 0xff, 0xff, 0xff, 0xff, 0xff, 0xfe,
  0x7f, 0x7f, 0x3f, 0x3f, 0x1f, 0x0f, 0x03, 0x00, 0xff, 0xff, 0xff, 0xff,
  0xff, 0xff, 0xff, 0x7e, 0xfe, 0xfe, 0xfc, 0xfc, 0xf8, 0xf0, 0xc0, 0x00,
  0x00, 0x00, 0x00, 0x07, 0x0f, 0x0f, 0x0e, 0x07, 0x00, 0x00, 0x00, 0xc7,
  0xef, 0xef, 0x6e, 0x0e, 0x00, 0x00, 0x00, 0xc7, 0xef, 0xef, 0x6e, 0x0e,
  0x00, 0x00, 0x00, 0xc7, 0xef, 0xef, 0x6e, 0x6e, 0x00, 0x00, 0x00, 0xc7,
  0xef, 0xef, 0x6e, 0x6f, 0x00, 0x00, 0x00, 0xc0, 0xe0, 0xc0, 0x00, 0xc0,
  0x01, 0x0c, 0x0f, 0x0f, 0x07, 0x00, 0x00, 0x00, 0xce, 0x6e, 0xef, 0xef,
  0xc7, 0x00, 0x00, 0x00, 0x0e, 0x6e, 0xef, 0xef, 0xc7, 0x00, 0x00, 0x00,
  0x6f, 0x6e, 0xee, 0xee, 0xc4, 0x00, 0x00, 0x00, 0xcf, 0xee, 0xef, 0xef,
  0x67, 0x00, 0x00, 0x00, 0xc0, 0x00, 0xc0, 0xe0, 0xc0, 0x00, 0x00, 0x00,
  0x20, 0x20, 0x20, 0x20, 0x20, 0x20, 0x20, 0x20, 0x2c, 0x20, 0x20, 0x20,
  0x20, 0x20, 0x20, 0x20, 0x20, 0x20, 0x20, 0x20, 0x20, 0x20, 0x20, 0x20,
  0x2c, 0x20, 0x20, 0x20, 0x20, 0x20, 0x20, 0x2c, 0x2c, 0x20, 0x20, 0x20,
  0x20, 0x20, 0x20, 0x2c, 0x20, 0x20, 0x20, 0x20, 0x20, 0x20, 0x20, 0x20,
  0x20, 0x20, 0x20, 0x20, 0x20, 0x20, 0x20, 0x2c, 0x20, 0x20, 0x20, 0x20,
  0x20, 0x20, 0x20, 0x20, 0xa0, 0xa9, 0xa8, 0xa8, 0xa8, 0xa8, 0xa8, 0xe8,
  0xa0, 0xa9, 0xa8, 0xa8, 0xa8, 0xa8, 0xa8, 0xe8, 0xa0, 0xa9, 0xa8, 0xa8,
  0xa8, 0xa8, 0xa8, 0xe8, 0xa0, 0xa9, 0xa8, 0xa8, 0xa8, 0xa8, 0xa8, 0xe8,
  0xa0, 0xa9, 0xa8, 0xa8, 0xa8, 0xa8, 0xa8, 0xe8, 0xa0, 0xa9, 0xa8, 0xa8,
  0xa8, 0xa8, 0xa8, 0xe8, 0x78, 0xf8, 0xf8, 0xf8, 0xf8, 0xf8, 0xf8, 0xf8,
  0x78, 0xf8, 0xf8, 0xf8, 0xf8, 0xf8, 0xf8, 0xf8, 0x78, 0xf8, 0xf8, 0xf8,
  0xf8, 0xf8, 0xf8, 0xf8, 0x78, 0xf8, 0xf8, 0xf8, 0xf8, 0xf8, 0xf8, 0xf8,
  0x78, 0xf8, 0xf8, 0xf8, 0xf8, 0xf8, 0xf8, 0xf8, 0x78, 0xf8, 0xf8, 0xf8,
  0xf8, 0xf8, 0xf8, 0xf8, 0x00, 0x00, 0x00, 0x00, 0x00, 0x00, 0x00, 0x00,
  0x00, 0x00, 0x00, 0xfe, 0xfe, 0xfe, 0x7c, 0x7c, 0x00, 0x00, 0x00, 0x38,
  0x7c, 0x38, 0x7c, 0x7c, 0x00, 0x00, 0x00, 0xc6, 0xc6, 0xee, 0xfe, 0xfe,
  0x00, 0x00, 0x00, 0x7c, 0xfe, 0xfc, 0xf0, 0xfc, 0x00, 0x00, 0x00, 0x00,
  0x00, 0x00, 0x00, 0x00, 0x00, 0x00, 0x00, 0x00, 0x00, 0x00, 0x00, 0x00,
  0x7c, 0x7c, 0x7c, 0x7c, 0x38, 0x00, 0x00, 0x00, 0x7c, 0x7c, 0x7c, 0x7c,
  0x38, 0x00, 0x00, 0x00, 0xfe, 0xfe, 0xd6, 0xd6, 0x44, 0x00, 0x00, 0x00,
  0xfc, 0xf0, 0xfc, 0xfe, 0x7c, 0x00, 0x00, 0x00, 0x00, 0x00, 0x00, 0x00,
  0x00, 0x00, 0x00, 0x00, 0x00, 0x00, 0x00, 0x0c, 0x0c, 0x0c, 0x0c, 0x0d,
  0x00, 0x00, 0x00, 0x67, 0x6f, 0x6f, 0x6e, 0x6e, 0x00, 0x00, 0x00, 0xcf,
  0xef, 0xef, 0x67, 0x67, 0x00, 0x00, 0x00, 0xe7, 0xef, 0xef, 0xce, 0xcf,
  0x00, 0x00, 0x00, 0xc7, 0xef, 0xcf, 0x0e, 0xce, 0x00, 0x00, 0x00, 0xc0,
  0xe0, 0xe0, 0x60, 0x60, 0x0d, 0x0d, 0x0f, 0x0f, 0x07, 0x00, 0x00, 0x00,
  0x6f, 0x6f, 0xee, 0xee, 0xce, 0x00, 0x00, 0x00, 0xe7, 0xe7, 0x67, 0x67,
  0x67, 0x00, 0x00, 0x00, 0xcf, 0xce, 0xcf, 0xcf, 0xc7, 0x00, 0x00, 0x00,
  0xcf, 0x0e, 0xce, 0xee, 0xc4, 0x00, 0x00, 0x00, 0xc0, 0xe0, 0xe0, 0xe0,
  0x60, 0x00, 0x00, 0x00, 0x00, 0x00, 0x00, 0x00, 0x00, 0x00, 0x00, 0x00,
  0x00, 0x00, 0xcf, 0xc3, 0xc3, 0xc3, 0xc3, 0xc3, 0x00, 0x00, 0xcf, 0x0c,
  0x0f, 0x0c, 0x0f, 0x0f, 0x00, 0x00, 0x9f, 0x1a, 0x9a, 0x1a, 0x9a, 0x9a,
  0x00, 0x00, 0x0f, 0x98, 0x9e, 0x83, 0x83, 0x9e, 0x00, 0x00, 0x00, 0x00,
  0x00, 0x00, 0x00, 0x00, 0x29, 0x20, 0x2b, 0x2f, 0x2f, 0x2f, 0x2f, 0xcf,
  0x29, 0x20, 0x2b, 0x2f, 0x2f, 0x2f, 0x2f, 0xcf, 0x29, 0x20, 0x2b, 0x2f,
  0x2f, 0x2f, 0x2f, 0xcf, 0x29, 0x20, 0x2b, 0x2f, 0x2f, 0x2f, 0x2f, 0xcf,
  0x29, 0x20, 0x2b, 0x2f, 0x2f, 0x2f, 0x2f, 0xcf, 0x29, 0x20, 0x2b, 0x2f,
  0x2f, 0x2f, 0x2f, 0xcf, 0x5f, 0x4f, 0x4f, 0x4f, 0x4f, 0x4f, 0x4f, 0x4f,
  0x5f, 0x4f, 0x4f, 0x4f, 0x4f, 0x4f, 0x4f, 0x4f, 0x5f, 0x4f, 0x4f, 0x4f,
  0x4f, 0x4f, 0x4f, 0x4f, 0x5f, 0x4f, 0x4f, 0x4f, 0x4f, 0x4f, 0x4f, 0x4f,
  0x5f, 0x4f, 0x4f, 0x4f, 0x4f, 0x4f, 0x4f, 0x4f, 0x5f, 0x4f, 0x4f, 0x4f,
  0x4f, 0x4f, 0x4f, 0x4f, 0xfb, 0xf0, 0xf5, 0xf4, 0xf4, 0xf4, 0xf4, 0xb4,
  0xfb, 0xf0, 0xf5, 0xf4, 0xf4, 0xf4, 0xf4, 0xb4, 0xfb, 0xf0, 0xf5, 0xf4,
  0xf4, 0xf4, 0xf4, 0xb4, 0xfb, 0xf0, 0xf5, 0xf4, 0xf4, 0xf4, 0xf4, 0xb4,
  0xfb, 0xf0, 0xf5, 0xf4, 0xf4, 0xf4, 0xf4, 0xb4, 0xfb, 0xf0, 0xf5, 0xf4,
  0xf4, 0xf4, 0xf4, 0xb4, 0xe4, 0x74, 0x74, 0x74, 0x74, 0x74, 0x74, 0x74,
  0xe4, 0x74, 0x74, 0x74, 0x74, 0x74, 0x74, 0x74, 0xe4, 0x74, 0x74, 0x74,
  0x74, 0x74, 0x74, 0x74, 0xe4, 0x74, 0x74, 0x74, 0x74, 0x74, 0x74, 0x74,
  0xe4, 0x74, 0x74, 0x74, 0x74, 0x74, 0x74, 0x74, 0xe4, 0x74, 0x74, 0x74,
  0x74, 0x74, 0x74, 0x74, 0xa5, 0xa0, 0xac, 0xac, 0xec, 0x7c, 0xfc, 0xfc,
  0xa5, 0xa0, 0xac, 0xac, 0xec, 0x7c, 0xfc, 0xfc, 0xa5, 0xa0, 0xac, 0xac,
  0xec, 0x7c, 0xfc, 0xfc, 0xa5, 0xa0, 0xac, 0xac, 0xec, 0x7c, 0xfc, 0xfc,
  0xa5, 0xa0, 0xac, 0xac, 0xec, 0x7c, 0xfc, 0xfc, 0xa5, 0xa0, 0xac, 0xac,
  0xec, 0x7c, 0xfc, 0xfc, 0x00, 0x00, 0x00, 0x00, 0x00, 0x03, 0x05, 0x05,
  0x0e, 0x11, 0x20, 0x26, 0x2f, 0x2b, 0x90, 0xdf, 0x38, 0x44, 0x82, 0x32,
  0x7a, 0x5a, 0x86, 0xfc, 0x0c, 0x0e, 0x0f, 0x07, 0x0b, 0x05, 0x06, 0x03,
  0xcf, 0x6f, 0x0f, 0xe6, 0xf3, 0xf1, 0x78, 0x86, 0xfc, 0xfc, 0xf8, 0xd8,
  0xf0, 0xe0, 0xcc, 0x70, 0x21, 0x70, 0x68, 0x4d, 0x59, 0x3b, 0x1f, 0x03,
  0xff, 0xff, 0x4f, 0x60, 0x3f, 0x9f, 0xcf, 0xff, 0x18, 0x80, 0x80, 0x40,
  0xc0, 0xc0, 0x80, 0x00, 0x1c, 0x22, 0x41, 0x4c, 0x5e, 0x5a, 0x61, 0x3f,
  0x70, 0x88, 0x04, 0x64, 0xf4, 0xd4, 0x09, 0xfb, 0x00, 0x00, 0x00, 0x00,
  0x00, 0xc0, 0xa0, 0xa0, 0x3f, 0x3f, 0x1f, 0x1b, 0x0f, 0x07, 0x33, 0x0e,
  0xf3, 0xf6, 0xf0, 0x67, 0xcf, 0x8f, 0x1e, 0x61, 0x30, 0x70, 0xf0, 0xe0,
  0xd0, 0xa0, 0x60, 0xc0, 0x18, 0x01, 0x01, 0x02, 0x03, 0x03, 0x01, 0x00,
  0xff, 0xff, 0xf2, 0x06, 0xfc, 0xf9, 0xf3, 0xff, 0x84, 0x0e, 0x16, 0xb2,
  0x9a, 0xdc, 0xf8, 0xc0, 0x00, 0x03, 0x07, 0x0f, 0x1f, 0x1f, 0x1e, 0x1c,
  0x7e, 0xbd, 0x5a, 0x3c, 0x99, 0xff, 0x18, 0x66, 0x00, 0xc0, 0xe0, 0xf0,
  0xf8, 0xf8, 0x78, 0x38, 0x2c, 0x1e, 0x37, 0x2f, 0x1b, 0x17, 0x07, 0x3f,
  0x42, 0x18, 0xff, 0x81, 0x00, 0x00, 0x66, 0xe7, 0x34, 0x78, 0xec, 0xf4,
  0xd8, 0xe8, 0xe0, 0xfc, 0x72, 0xe3, 0x71, 0x38, 0x1c, 0x0f, 0x7e, 0xaf,
  0x7e, 0x3c, 0x81, 0xc3, 0x7e, 0x00, 0x81, 0x81, 0x4e, 0xc7, 0x8e, 0x1c,
  0x38, 0xf0, 0x7e, 0xf5, 0x00, 0x00, 0x03, 0x07, 0x0f, 0x1f, 0x1f, 0x1e,
  0x00, 0x7e, 0xbd, 0x5a, 0x3c, 0x99, 0xff, 0x18, 0x00, 0x00, 0xc0, 0xe0,
  0xf0, 0xf8, 0xf8, 0x78, 0x3c, 0x2c, 0x1e, 0x37, 0x2f, 0x1b, 0x17, 0x07,
  0x66, 0x42, 0x18, 0xff, 0x81, 0x00, 0x00, 0x66, 0x3c, 0x34, 0x78, 0xec,
  0xf4, 0xd8, 0xe8, 0xe0, 0x1f, 0x3e, 0x73, 0xe1, 0x7c, 0x1f, 0x7e, 0xaf,
  0xe7, 0x7e, 0x3c, 0x81, 0xc3, 0x7e, 0x81, 0x81, 0xf8, 0x7c, 0xce, 0x87,
  0x3e, 0xf8, 0x7e, 0xf5, 0xc0, 0xc0, 0xc0, 0xc0, 0xc0, 0xc0, 0xc0, 0xc0,
  0xe0, 0xf0, 0xf0, 0xf0, 0xf0, 0xf0, 0xc0, 0xc0, 0xe0, 0xe0, 0xf0, 0xf0,
  0xf0, 0xf0, 0xc0, 0xc0, 0x20, 0x20, 0x20, 0x20, 0x20, 0x20, 0x20, 0x20,
  0x20, 0x20, 0x20, 0x20, 0x2c, 0x2c, 0x2c, 0x2c, 0x20, 0x20, 0x20, 0x20,
  0x20, 0x20, 0x80, 0x80, 0xc0, 0xc0, 0xc0, 0xc0, 0xc0, 0xc0, 0x20, 0xc0,
  0x20, 0x20, 0x2c, 0x2c, 0x2c, 0x20, 0x20, 0xc0, 0x80, 0x20, 0x20, 0x20,
  0x20, 0x20, 0xc0, 0xc0, 0xe0, 0xe0, 0xf0, 0xf0, 0xf0, 0xf0, 0xc0, 0xc0,
  0xe0, 0xf0, 0xf0, 0xf0, 0xf0, 0xf0, 0xc0, 0xc0, 0xc0, 0xc0, 0xc0, 0xc0,
  0xc0, 0xc0, 0xc0, 0xc0, 0x20, 0x20, 0x20, 0x20, 0x20, 0x20, 0x80, 0x80,
  0x20, 0x20, 0x20, 0x20, 0x2c, 0x2c, 0x2c, 0x2c, 0x20, 0x20, 0x20, 0x20,
  0x20, 0x20, 0x20, 0x20, 0x80, 0x20, 0x20, 0x20, 0x20, 0x20, 0xc0, 0xc0,
  0x20, 0x20, 0x2c, 0x2c, 0x2c, 0x20, 0x20, 0xc0, 0xc0, 0xc0, 0xc0, 0xc0,
  0xc0, 0xc0, 0x20, 0xc0, 0x80, 0x80, 0x80, 0x80, 0x80, 0x80, 0x80, 0x80,
  0x86, 0x85, 0x85, 0x87, 0x87, 0x87, 0x80, 0xf0, 0x80, 0x80, 0x80, 0x80,
  0x80, 0x80, 0x80, 0x80, 0xc0, 0x80, 0xc0, 0x80, 0xc0, 0x80, 0xc0, 0x60,
  0xf0, 0x80, 0x80, 0x80, 0x80, 0x80, 0x80, 0x80, 0xc0, 0x80, 0xc0, 0x80,
  0xc0, 0x80, 0xc0, 0x60, 0x60, 0x60, 0x60, 0x60, 0x60, 0x60, 0x60, 0x6f,
  0x86, 0x80, 0x60, 0x60, 0x60, 0x60, 0x60, 0x60, 0x60, 0x60, 0x60, 0x60,
  0x60, 0x60, 0x60, 0x6f, 0x80, 0x80, 0x80, 0x80, 0x80, 0x80, 0x80, 0x80,
  0x80, 0x86, 0x85, 0x85, 0x87, 0x87, 0x87, 0x80, 0x80, 0x80, 0x80, 0x80,
  0x80, 0x80, 0x80, 0x80, 0x80, 0xc0, 0x80, 0xc0, 0x80, 0xc0, 0x80, 0xc0,
  0xf0, 0xf0, 0x80, 0x80, 0x80, 0x80, 0x80, 0x80, 0x80, 0xc0, 0x80, 0xc0,
  0x80, 0xc0, 0x80, 0xc0, 0x60, 0x60, 0x60, 0x60, 0x60, 0x60, 0x60, 0x6f,
  0x80, 0x86, 0x80, 0x60, 0x60, 0x60, 0x60, 0x60, 0x60, 0x60, 0x60, 0x60,
  0x60, 0x60, 0x60, 0x6f, 0x7c, 0xfe, 0xc6, 0xce, 0xda, 0xf2, 0xfe, 0x7c,
  0x38, 0x78, 0xf8, 0xd8, 0x18, 0x18, 0xfe, 0xfe, 0x7c, 0xfe, 0xc6, 0x06,
  0x7c, 0xe0, 0xfe, 0xfe, 0x7c, 0xfe, 0xc6, 0x1e, 0x1e, 0xc6, 0xfe, 0x7c,
  0x0c, 0x1c, 0x3c, 0x6c, 0xcc, 0xfe, 0xfe, 0x1c, 0xfe, 0xfe, 0xc0, 0xfc,
  0x06, 0xc6, 0xfe, 0x7c, 0x7c, 0xfc, 0xc0, 0xfc, 0xc6, 0xc6, 0xfe, 0x7c,
  0xfe, 0xfe, 0x06, 0x0e, 0x1c, 0x38, 0x38, 0x38, 0x7c, 0xfe, 0xc6, 0x7c,
  0xc6, 0xc6, 0xfe, 0x7c, 0x7c, 0xfe, 0xc6, 0xc6, 0x7e, 0x06, 0x7e, 0x7c,
  0x00, 0x02, 0x0d, 0x1b, 0x15, 0x3d, 0x37, 0x2f, 0xbe, 0xd7, 0xb2, 0x45,
  0xe7, 0x65, 0xa6, 0xc7, 0x00, 0x40, 0xb0, 0xd8, 0xa8, 0xdc, 0xac, 0xf4,
  0x7f, 0xa4, 0xbe, 0x15, 0xcf, 0xa7, 0xf1, 0xb8, 0x66, 0x41, 0x47, 0x26,
  0x06, 0x84, 0x40, 0xe7, 0xf6, 0xfa, 0x4f, 0x9a, 0x3f, 0x35, 0xda, 0xb7,
  0xa6, 0xe7, 0x7f, 0x75, 0x3e, 0x17, 0x0f, 0x03, 0x26, 0x05, 0xc6, 0x60,
  0x01, 0x83, 0x42, 0x81, 0x8f, 0x3f, 0xfa, 0xd6, 0x6c, 0xd4, 0xb8, 0xe0,
  0x00, 0x00, 0x00, 0x00, 0x00, 0x00, 0x00, 0x00, 0x00, 0x00, 0x00, 0x00,
  0x38, 0x7c, 0xfe, 0xe7, 0x00, 0x00, 0x00, 0x00, 0x00, 0x00, 0x00, 0x00,
  0x00, 0x01, 0x07, 0x09, 0x11, 0x13, 0x27, 0x7f, 0xe3, 0xf1, 0xfb, 0xeb,
  0xe7, 0xef, 0xf7, 0xff, 0x80, 0x80, 0xc0, 0x60, 0x20, 0x20, 0x90, 0xf0,
  0xf6, 0xfc, 0xec, 0xc4, 0x8e, 0x8f, 0x9f, 0xff, 0x3f, 0x36, 0x3f, 0x74,
  0xf8, 0xe8, 0xd9, 0xff, 0xec, 0xe6, 0x3f, 0x9f, 0x7f, 0x79, 0xf5, 0xff,
  0x00, 0x00, 0x00, 0x00, 0x01, 0x06, 0x1e, 0x24, 0x18, 0x18, 0x24, 0x5a,
  0xa5, 0x5a, 0xdb, 0xa5, 0x00, 0x00, 0x00, 0x00, 0x80, 0x60, 0x78, 0x24,
  0x49, 0xb2, 0xb6, 0xd9, 0x7f, 0x77, 0x55, 0x7d, 0x2a, 0x55, 0xd5, 0x3c,
  0x77, 0xfd, 0xdd, 0xd7, 0x92, 0x4d, 0x6d, 0x9b, 0xfe, 0xee, 0xaa, 0xbe,
  0x7d, 0x5f, 0x77, 0x77, 0x75, 0x5d, 0x5d, 0x3d, 0x7e, 0xc3, 0x81, 0x81,
  0x81, 0x81, 0x81, 0xaa, 0xbe, 0xfa, 0xee, 0xee, 0xae, 0xba, 0xba, 0xbc,
  0x00, 0x00, 0x00, 0x12, 0x5c, 0x2e, 0x3a, 0x5f, 0x00, 0x00, 0x00, 0x08,
  0x2a, 0x3c, 0x6f, 0xbe, 0x00, 0x00, 0x00, 0x00, 0x00, 0x00, 0x00, 0x00,
  0x05, 0x01, 0x03, 0x07, 0x03, 0x06, 0x0b, 0x03, 0xef, 0xbf, 0xf7, 0x5f,
  0xff, 0xdf, 0x77, 0xff, 0x84, 0x95, 0xde, 0xde, 0xfb, 0xee, 0xfc, 0xc2,
  0x06, 0x03, 0x05, 0x01, 0x01, 0x02, 0x00, 0x00, 0xaf, 0xff, 0xdf, 0x7f,
  0xf7, 0xdf, 0xfb, 0x5e, 0xe0, 0xc0, 0xa0, 0xc0, 0x80, 0x40, 0x00, 0x00,
  0x00, 0x00, 0x00, 0x00, 0x00, 0x01, 0x00, 0x00, 0x00, 0x52, 0x7e, 0x7e,
  0x7a, 0xdf, 0xf7, 0xbd, 0x00, 0x00, 0x00, 0x00, 0x12, 0x5c, 0x37, 0x5a,
  0x01, 0x00, 0x01, 0x00, 0x48, 0x3a, 0xec, 0x5a, 0xef, 0xbf, 0xed, 0xff,
  0xb7, 0xfd, 0xef, 0x7b, 0x2e, 0x3b, 0xee, 0xbd, 0xf4, 0xda, 0x78, 0xe8,
  0x74, 0xdc, 0x77, 0xbd, 0x2f, 0x5b, 0x1e, 0x07, 0xee, 0xbf, 0xed, 0xff,
  0xb7, 0xfe, 0xee, 0x7c, 0xc0, 0xa0, 0x00, 0x80, 0x00, 0x80, 0x00, 0x00,
  0x00, 0x00, 0x00, 0x00, 0x0e, 0x33, 0x41, 0x01, 0x00, 0x60, 0x30, 0x39,
  0x1b, 0x9e, 0xdc, 0xf0, 0x00, 0x40, 0x80, 0x08, 0x3c, 0x74, 0xc4, 0x80,
  0xc0, 0xb0, 0xdc, 0xee, 0x73, 0x7d, 0x3f, 0x0f, 0x59, 0x7f, 0x56, 0x77,
  0x5e, 0xdc, 0xdd, 0xd7, 0x8f, 0x39, 0x7a, 0x66, 0xec, 0xdc, 0xb8, 0xe0,
  0x00, 0x07, 0x1f, 0x38, 0x67, 0x5f, 0xbc, 0xe0, 0xd2, 0xf9, 0x7b, 0x5e,
  0x57, 0xf7, 0x56, 0x7f, 0x00, 0xe0, 0xf8, 0x1c, 0xe6, 0xfa, 0x3d, 0x07,
  0x06, 0x07, 0x07, 0x07, 0x07, 0x07, 0x07, 0x03, 0x78, 0xa7, 0x4d, 0xe2,
  0x76, 0x7e, 0x76, 0x76, 0xe0, 0xe0, 0xe0, 0xe0, 0xe0, 0xe0, 0xe0, 0xe0,
  0x01, 0x03, 0x07, 0x07, 0x07, 0x07, 0x07, 0x07, 0x76, 0x72, 0x72, 0x70,
  0x76, 0x76, 0x36, 0x56, 0xe0, 0xe0, 0xe0, 0xe0, 0xc0, 0x80, 0xc0, 0xe0,
  0x07, 0x07, 0x07, 0x1f, 0x37, 0x23, 0x68, 0x7f, 0x76, 0x76, 0x76, 0x4c,
  0xff, 0xff, 0x3f, 0xff, 0xe0, 0xe0, 0xe0, 0xf8, 0xfc, 0xfc, 0xfe, 0xfe,
  0x1f, 0x7b, 0x67, 0xcf, 0xcf, 0xdf, 0xdf, 0xff, 0xff, 0xff, 0xe7, 0xe7,
  0x81, 0xf7, 0xef, 0xf7, 0xf8, 0xfe, 0xfe, 0xff, 0xff, 0xff, 0xff, 0xff,
  0xff, 0xef, 0xd7, 0xeb, 0xfb, 0xfb, 0xf7, 0xf9, 0xff, 0xff, 0xaa, 0x55,
  0xff, 0xff, 0xff, 0xff, 0xf7, 0xeb, 0xf7, 0xeb, 0xf7, 0xeb, 0xf7, 0xeb,
  0xff, 0xff, 0xef, 0xf7, 0xfb, 0x7f, 0x7f, 0x1f, 0xe7, 0xff, 0xff, 0xbf,
  0xfb, 0xdd, 0xff, 0xff, 0xff, 0xff, 0xff, 0xff, 0xff, 0xfe, 0xfe, 0xf8,
  0x1f, 0x7b, 0x67, 0xcf, 0xcf, 0xde, 0xdf, 0xff, 0xff, 0xdb, 0x6a, 0xa1,
  0x1e, 0x71, 0x10, 0xe1, 0xf8, 0xfe, 0xbe, 0x7f, 0x9f, 0x7f, 0xff, 0xff,
  0xfd, 0xfd, 0xfb, 0xfb, 0xff, 0xff, 0xff, 0xff, 0x7f, 0xbf, 0xb7, 0xd7,
  0xdf, 0xaf, 0xa1, 0xff, 0xc7, 0xbb, 0xbb, 0xdb, 0xfb, 0xf7, 0xf7, 0xf7,
  0xff, 0xfd, 0xfb, 0xf5, 0xfe, 0x7f, 0x7f, 0x1f, 0xff, 0xab, 0x57, 0xef,
  0x9f, 0x7f, 0x7f, 0xff, 0xf7, 0xf7, 0xf7, 0xf7, 0xff, 0xfe, 0xfe, 0xf8,
  0x80, 0x3f, 0x5f, 0x60, 0x6f, 0x6f, 0x6f, 0x6f, 0x00, 0xff, 0xe7, 0x00,
  0x81, 0xe7, 0xc3, 0xe7, 0x01, 0xfc, 0xfa, 0x06, 0xf6, 0xf6, 0xf6, 0xf6,
  0x6f, 0x6f, 0x6f, 0x6f, 0x6f, 0x6f, 0x6f, 0x6f, 0x81, 0x00, 0x00, 0x00,
  0x81, 0xc3, 0x81, 0x81, 0xf6, 0xf6, 0xf6, 0xf6, 0xf6, 0xf6, 0xf6, 0xf6,
  0x6f, 0x6f, 0x6f, 0x6f, 0x60, 0x5f, 0x3f, 0x80, 0x00, 0x00, 0x00, 0xc3,
  0x00, 0xe7, 0xff, 0x00, 0xf6, 0xf6, 0xf6, 0xf6, 0x06, 0xfa, 0xfc, 0x01,
  0x00, 0x00, 0x00, 0x00, 0x78, 0xfe, 0x1f, 0x0f, 0x02, 0x0e, 0x1c, 0x3c,
  0x38, 0x79, 0x7b, 0xff, 0x00, 0x00, 0x00, 0x00, 0x70, 0xfc, 0x7f, 0x3f,
  0x07, 0x7f, 0x7f, 0xfe, 0xfd, 0xfd, 0xfd, 0x79, 0xff, 0xfe, 0xfe, 0xc0,
  0x07, 0x0d, 0x07, 0x0e, 0x0f, 0x07, 0x03, 0x01, 0x00, 0xc0, 0xe0, 0xb0,
  0x79, 0x39, 0x38, 0x18, 0x08, 0x00, 0x00, 0x00, 0xf2, 0xf1, 0xe0, 0xe0,
  0x60, 0x20, 0x00, 0x00, 0xf8, 0xf8, 0xec, 0xfc, 0x76, 0x5e, 0x7e, 0x3c,
  0x20, 0x20, 0x20, 0xc0, 0xc0, 0xc0, 0xc0, 0xc0, 0x20, 0x28, 0x26, 0x26,
  0xc6, 0xc6, 0xc6, 0xc6, 0x20, 0x20, 0x20, 0x20, 0x20, 0xc0, 0xc0, 0xc0,
  0xc0, 0xc6, 0xc8, 0xc6, 0xc6, 0xc6, 0xc6, 0xc6, 0xc6, 0xc6, 0xc6, 0xc6,
  0xc6, 0xc6, 0xc6, 0xc6, 0xc0, 0xc0, 0xc6, 0xc6, 0xc6, 0xc6, 0xc6, 0xc8,
  0xc6, 0xc8, 0xc0, 0xc0, 0xc0, 0xc0, 0xc0, 0xc0, 0xc6, 0xc6, 0xc6, 0xc6,
  0xc6, 0xc6, 0xc6, 0xc6, 0xc6, 0xc6, 0xc0, 0xc0, 0xc0, 0xc0, 0xc0, 0xc0,
  0x60, 0x60, 0x60, 0x60, 0x60, 0x60, 0x60, 0x60, 0x60, 0x60, 0x60, 0x60,
  0x60, 0x60, 0x60, 0x69, 0x60, 0x60, 0x60, 0x60, 0x60, 0x60, 0x60, 0x60,
  0x60, 0x60, 0x60, 0x60, 0x60, 0x60, 0x60, 0x60, 0x69, 0x69, 0x69, 0x69,
  0x69, 0x69, 0x69, 0x69, 0x60, 0x60, 0x60, 0x60, 0x60, 0x60, 0x60, 0x60,
  0x69, 0x69, 0x69, 0x69, 0x69, 0x69, 0x69, 0x69, 0x69, 0x69, 0x69, 0x69,
  0x69, 0x69, 0x69, 0x69, 0x60, 0x60, 0x69, 0x69, 0x69, 0x69, 0x69, 0x69,
  0xa0, 0xa0, 0xa0, 0xa0, 0xa0, 0xa0, 0xa0, 0xa0, 0xa0, 0xa0, 0xa0, 0xa0,
  0xa6, 0xa6, 0xa6, 0xa6, 0xa0, 0xa0, 0xa0, 0xa0, 0xa0, 0xa0, 0xa0, 0xa0,
  0xa0, 0xa6, 0xa6, 0xa0, 0x60, 0x80, 0x90, 0x90, 0xa0, 0xa0, 0xa0, 0xa0,
  0xa0, 0x60, 0x80, 0x90, 0xa0, 0xa6, 0xa6, 0xa0, 0x60, 0x80, 0x90, 0x90,
  0x90, 0x90, 0x90, 0x90, 0x90, 0x90, 0x90, 0x60, 0x90, 0x96, 0x96, 0x96,
  0x95, 0x95, 0x94, 0x40, 0x90, 0x90, 0x90, 0x90, 0x90, 0x90, 0x90, 0x60,
  0xc0, 0xc0, 0xc0, 0xe0, 0xc0, 0xc0, 0xc0, 0xc0, 0xc0, 0xc0, 0xc0, 0xf0,
  0x20, 0x20, 0x20, 0x20, 0x00, 0x00, 0x00, 0x00, 0x00, 0x00, 0x00, 0x00,
  0xc0, 0x20, 0x20, 0x20, 0x20, 0x20, 0x20, 0x20, 0x2e, 0x2e, 0x2e, 0x2e,
  0x2e, 0x2e, 0x2f, 0x2f, 0xe0, 0x20, 0x20, 0x20, 0x2f, 0x2e, 0x20, 0x20,
  0x20, 0x20, 0x20, 0x20, 0x20, 0x20, 0x20, 0x20, 0x2f, 0x2f, 0x2f, 0x2f,
  0x2f, 0x2e, 0x2e, 0xc0, 0x20, 0x20, 0x20, 0x20, 0x20, 0x20, 0x20, 0xc0,
  0x20, 0x20, 0x20, 0x20, 0x20, 0x20, 0x20, 0x20, 0x20, 0xf0, 0xc0, 0x2c,
  0x2f, 0x2e, 0x2f, 0x2f, 0xe0, 0xe0, 0xe0, 0xe0, 0xe0, 0xc0, 0xc0, 0xc0,
  0x20, 0x20, 0x20, 0x20, 0xf0, 0xc0, 0x20, 0x20, 0x2e, 0x2e, 0x2f, 0x2e,
  0x2e, 0x2f, 0x2e, 0x2f, 0xc0, 0xc0, 0xce, 0xce, 0xc0, 0xc0, 0xc0, 0xc0,
  0x20, 0x20, 0x2e, 0x20, 0x20, 0x20, 0x20, 0xc0, 0x2e, 0x2f, 0x2e, 0x2f,
  0x2f, 0x20, 0x20, 0xc0, 0xc0, 0xe0, 0x20, 0x20, 0x20, 0x20, 0x20, 0x20,
  0x20, 0x20, 0x20, 0x20, 0xc0, 0xc0, 0xc0, 0x20, 0x20, 0x20, 0x20, 0x20,
  0x20, 0x20, 0x20, 0x2c, 0x20, 0x20, 0x20, 0xc0, 0xc0, 0xc0, 0xc0, 0xc0,
  0xc0, 0xc0, 0xc0, 0xc0, 0xc0, 0xc0, 0xc0, 0xc0, 0xac, 0xac, 0xac, 0xac,
  0xac, 0xac, 0xac, 0xac, 0xc0, 0x20, 0x20, 0x20, 0x20, 0x20, 0xc0, 0xc0,
  0xc0, 0xc0, 0x20, 0x20, 0x20, 0x20, 0x20, 0xc0, 0xac, 0xac, 0xac, 0xac,
  0xac, 0xac, 0xac, 0xac, 0x20, 0x20, 0x20, 0x20, 0x20, 0xc0, 0xc0, 0xc0,
  0xc0, 0x50, 0xe0, 0xe0, 0xe0, 0xe0, 0xe0, 0xe0, 0x40, 0x45, 0x75, 0xef,
  0xef, 0xef, 0xef, 0xef, 0xc0, 0x50, 0xe0, 0xe0, 0xe0, 0xe0, 0xe0, 0xe0,
  0xe0, 0xe0, 0xe0, 0xe0, 0xe0, 0xe0, 0xe0, 0xe0, 0xef, 0xef, 0xef, 0xef,
  0xef, 0xef, 0xef, 0xef, 0xe0, 0xe0, 0xe0, 0xe0, 0xe0, 0xe0, 0xe0, 0xe0,
  0xe0, 0x50, 0x40, 0xe0, 0xe0, 0xe0, 0xe0, 0xe0, 0xef, 0x57, 0x45, 0xec,
  0xe4, 0xe4, 0xe4, 0xe0, 0xe0, 0x50, 0x40, 0xc0, 0xe0, 0xe0, 0xe0, 0xe0,
  0xb0, 0xb0, 0xe0, 0xe0, 0xe0, 0xe0, 0xe0, 0xe0, 0xbd, 0xed, 0xed, 0xed,
  0xed, 0xed, 0xed, 0xed, 0xb0, 0xe0, 0xe0, 0xe0, 0xe0, 0xe0, 0xe0, 0xe0,
  0xec, 0xec, 0xec, 0xec, 0xec, 0xec, 0xec, 0xec, 0xe4, 0xe4, 0xe4, 0xe4,
  0xe4, 0xe4, 0xe4, 0xe4, 0xe6, 0xe6, 0xe6, 0xe6, 0xe6, 0xe6, 0xe6, 0xe6,
  0xe4, 0xe4, 0xe4, 0xe4, 0xe4, 0xe0, 0xe0, 0xb0, 0xe5, 0xe5, 0xe5, 0xe8,
  0xe8, 0xe8, 0xe8, 0xb8, 0xe0, 0xe0, 0xe0, 0xe0, 0xe0, 0xe0, 0xb0, 0xb0,
  0x50, 0x50, 0x70, 0x70, 0x70, 0x70, 0x70, 0x70, 0x50, 0x70, 0x70, 0x74,
  0xf4, 0xf4, 0xf4, 0x74, 0x50, 0x70, 0x70, 0x70, 0x70, 0x70, 0x70, 0x70,
  0x76, 0x76, 0x76, 0x76, 0x76, 0x76, 0x76, 0x76, 0x79, 0x79, 0x79, 0x79,
  0x7d, 0x7d, 0x7d, 0x7d, 0x76, 0x76, 0x76, 0x76, 0x76, 0x76, 0x76, 0x76,
  0x7c, 0x7c, 0x7c, 0x7c, 0x7c, 0x70, 0x70, 0x50, 0x7c, 0x7c, 0x7c, 0x7c,
  0x7c, 0x7c, 0x7c, 0x5c, 0x76, 0x76, 0x76, 0x76, 0x76, 0x70, 0x50, 0x50,
  0x09, 0x69, 0xd9, 0xd9, 0xd9, 0xd9, 0xd9, 0xd9, 0x09, 0x69, 0xd6, 0xd9,
  0xd6, 0xd6, 0xd6, 0x60, 0x09, 0x69, 0xd9, 0xd9, 0xd9, 0xd9, 0xd9, 0xd9,
  0xd9, 0xd9, 0xd9, 0xd9, 0xd9, 0xd9, 0xd9, 0xd9, 0x60, 0xd0, 0xd0, 0xd0,
  0xd0, 0xd0, 0xd0, 0xd0, 0xd9, 0xd9, 0xd9, 0xd9, 0xd9, 0xd9, 0xd9, 0xd9,
  0xd9, 0xd9, 0xd9, 0xd9, 0xd9, 0xd9, 0x69, 0x09, 0x60, 0xd0, 0xd6, 0xd6,
  0xd9, 0xd6, 0x69, 0x09, 0xd9, 0xd9, 0xd9, 0xd9, 0xd9, 0xd9, 0x69, 0x09,
  0xc0, 0xc0, 0xc0, 0xc0, 0xc0, 0xc0, 0xc0, 0x20, 0xc0, 0xc0, 0x20, 0x20,
  0x20, 0x20, 0x20, 0x20, 0xc0, 0xc0, 0xc0, 0xc0, 0xc0, 0xc0, 0xc2, 0xc2,
  0x20, 0x20, 0x20, 0x20, 0x20, 0x20, 0xc0, 0xc0, 0x20, 0x20, 0x20, 0x2c,
  0x9c, 0x6c, 0x6c, 0x6c, 0xc0, 0xc0, 0xc0, 0xc0, 0x60, 0x60, 0x60, 0x60,
  0xc0, 0xc0, 0xc0, 0xc0, 0xc0, 0xc0, 0xc0, 0xc0, 0xc0, 0xc0, 0xc0, 0xc0,
  0xc0, 0xc0, 0xc0, 0xc0, 0x60, 0x60, 0x60, 0x60, 0x60, 0x60, 0x60, 0x90,
  0x0a, 0x0a, 0x0a, 0x0a, 0x0a, 0x0a, 0x0a, 0x0a, 0x1e, 0x1e, 0x1e, 0x0f,
  0x0f, 0x1f, 0x1f, 0x1f, 0x60, 0x60, 0x60, 0x60, 0x80, 0x80, 0x60, 0xa0,
  0x06, 0x0d, 0x06, 0x80, 0x80, 0xc0, 0xf8, 0x07, 0xf9, 0xf9, 0xf9, 0x09,
  0x89, 0x89, 0x89, 0x86, 0xf8, 0xfc, 0xfc, 0xfc, 0xfc, 0x78, 0x80, 0xc0,
  0x90, 0x90, 0x90, 0x90, 0x90, 0x90, 0x90, 0x80, 0x1f, 0x1e, 0x1e, 0x1e,
  0x0f, 0x0f, 0x1f, 0x1f, 0x60, 0x60, 0x60, 0x60, 0x60, 0x80, 0x80, 0x60,
  0x80, 0x06, 0x0d, 0x06, 0x80, 0x80, 0xc0, 0xf8, 0x06, 0xf9, 0xf9, 0xf9,
  0x09, 0x89, 0x89, 0x89, 0xf0, 0xf8, 0xfc, 0xfc, 0xfc, 0xfc, 0x78, 0x80,
  0x60, 0x90, 0x90, 0x90, 0x90, 0x90, 0x90, 0x90, 0x1f, 0x3f, 0x3f, 0x3f,
  0x3f, 0x1e, 0x01, 0x03, 0x90, 0x90, 0x90, 0x90, 0x90, 0x90, 0x90, 0x80,
  0x60, 0xb0, 0x60, 0x01, 0x01, 0x03, 0x1f, 0xe0, 0xf9, 0xf9, 0xf9, 0x09,
  0x89, 0x89, 0x89, 0x86, 0x78, 0x78, 0x78, 0xf0, 0xf0, 0xf8, 0xf8, 0xf8,
  0x60, 0x60, 0x60, 0x60, 0x80, 0x80, 0x60, 0xa0, 0x0f, 0x1f, 0x3f, 0x3f,
  0x3f, 0x3f, 0x1e, 0x01, 0x60, 0x90, 0x90, 0x90, 0x90, 0x90, 0x90, 0x90,
  0x01, 0x60, 0xb0, 0x60, 0x01, 0x01, 0x03, 0x1f, 0x06, 0xf9, 0xf9, 0xf9,
  0x09, 0x89, 0x89, 0x89, 0xf8, 0x78, 0x78, 0x78, 0xf0, 0xf0, 0xf8, 0xf8,
  0x60, 0x60, 0x60, 0x60, 0x60, 0x80, 0x80, 0x60, 0xfe, 0xfc, 0xfe, 0x6f,
  0x0f, 0x07, 0x1f, 0x3f, 0x9f, 0x9f, 0x9f, 0x90, 0x90, 0x90, 0x80, 0x80,
  0x7e, 0xbd, 0x7e, 0x7e, 0x7e, 0x7e, 0xbd, 0x42, 0x9f, 0x96, 0x96, 0x96,
  0x96, 0x96, 0x96, 0x96, 0x7f, 0x3f, 0x7f, 0xf6, 0xf0, 0xe0, 0xf8, 0xfc,
  0x9f, 0x9f, 0x9f, 0x90, 0x90, 0x90, 0x80, 0x80, 0x6f, 0xfe, 0xfc, 0xfe,
  0x6f, 0x0f, 0x07, 0x1f, 0x60, 0x9f, 0x9f, 0x9f, 0x90, 0x90, 0x90, 0x80,
  0x00, 0x7e, 0xbd, 0x7e, 0x7e, 0x7e, 0x7e, 0xbd, 0x96, 0x9f, 0x96, 0x96,
  0x96, 0x96, 0x96, 0x96, 0xf6, 0x7f, 0x3f, 0x7f, 0xf6, 0xf0, 0xe0, 0xf8,
  0x60, 0x9f, 0x9f, 0x9f, 0x90, 0x90, 0x90, 0x80, 0xe0, 0xe0, 0xe0, 0x60,
  0x0f, 0x07, 0x1f, 0x3f, 0x96, 0x96, 0x96, 0x96, 0x60, 0x60, 0x80, 0x80,
  0xff, 0xff, 0xff, 0xff, 0xff, 0xff, 0xff, 0xff, 0x60, 0x60, 0x60, 0x60,
  0x60, 0x80, 0x80, 0x80, 0x07, 0x07, 0x07, 0x06, 0xf0, 0xe0, 0xf8, 0xfc,
  0x96, 0x96, 0x96, 0x96, 0x60, 0x60, 0x80, 0x80, 0x6f, 0xe0, 0xe0, 0xe0,
  0x60, 0x0f, 0x07, 0x1f, 0x60, 0x96, 0x96, 0x96, 0x96, 0x60, 0x60, 0x80,
  0xff, 0xff, 0xff, 0xff, 0xff, 0xff, 0xff, 0xff, 0x60, 0x60, 0x60, 0x60,
  0x60, 0x60, 0x80, 0x80, 0xf6, 0x07, 0x07, 0x07, 0x06, 0xf0, 0xe0, 0xf8,
  0x60, 0x96, 0x96, 0x96, 0x96, 0x60, 0x60, 0x80, 0x1e, 0x1e, 0x1e, 0x0f,
  0x0f, 0x1f, 0x1f, 0x1f, 0x64, 0x64, 0x64, 0x64, 0x84, 0x84, 0x64, 0xa4,
  0xf8, 0xfc, 0xfc, 0xfc, 0xfc, 0x78, 0x80, 0xc0, 0x94, 0x94, 0x94, 0x94,
  0x94, 0x94, 0x94, 0x84, 0x1f, 0x1e, 0x1e, 0x1e, 0x0f, 0x0f, 0x1f, 0x1f,
  0x64, 0x64, 0x64, 0x64, 0x64, 0x84, 0x84, 0x64, 0xf0, 0xf8, 0xfc, 0xfc,
  0xfc, 0xfc, 0x78, 0x80, 0x64, 0x94, 0x94, 0x94, 0x94, 0x94, 0x94, 0x94,
  0x1f, 0x3f, 0x3f, 0x3f, 0x3f, 0x1e, 0x01, 0x03, 0x94, 0x94, 0x94, 0x94,
  0x94, 0x94, 0x94, 0x84, 0x78, 0x78, 0x78, 0xf0, 0xf0, 0xf8, 0xf8, 0xf8,
  0x64, 0x64, 0x64, 0x64, 0x84, 0x84, 0x64, 0xa4, 0x0f, 0x1f, 0x3f, 0x3f,
  0x3f, 0x3f, 0x1e, 0x01, 0x64, 0x94, 0x94, 0x94, 0x94, 0x94, 0x94, 0x94,
  0xf8, 0x78, 0x78, 0x78, 0xf0, 0xf0, 0xf8, 0xf8, 0x64, 0x64, 0x64, 0x64,
  0x64, 0x84, 0x84, 0x64, 0xfe, 0xfc, 0xfe, 0x6f, 0x0f, 0x07, 0x1f, 0x3f,
  0x9f, 0x9f, 0x9f, 0x94, 0x94, 0x94, 0x84, 0x84, 0x7f, 0x3f, 0x7f, 0xf6,
  0xf0, 0xe0, 0xf8, 0xfc, 0x9f, 0x9f, 0x9f, 0x94, 0x94, 0x94, 0x84, 0x84,
  0x6f, 0xfe, 0xfc, 0xfe, 0x6f, 0x0f, 0x07, 0x1f, 0x64, 0x9f, 0x9f, 0x9f,
  0x94, 0x94, 0x94, 0x84, 0xf6, 0x7f, 0x3f, 0x7f, 0xf6, 0xf0, 0xe0, 0xf8,
  0x64, 0x9f, 0x9f, 0x9f, 0x94, 0x94, 0x94, 0x84, 0xe0, 0xe0, 0xe0, 0x60,
  0x0f, 0x07, 0x1f, 0x3f, 0x96, 0x96, 0x96, 0x96, 0x64, 0x64, 0x84, 0x84,
  0x07, 0x07, 0x07, 0x06, 0xf0, 0xe0, 0xf8, 0xfc, 0x96, 0x96, 0x96, 0x96,
  0x64, 0x64, 0x84, 0x84, 0x6f, 0xe0, 0xe0, 0xe0, 0x60, 0x0f, 0x07, 0x1f,
  0x64, 0x96, 0x96, 0x96, 0x96, 0x64, 0x64, 0x84, 0xf6, 0x07, 0x07, 0x07,
  0x06, 0xf0, 0xe0, 0xf8, 0x64, 0x96, 0x96, 0x96, 0x96, 0x64, 0x64, 0x84,
  0x1f, 0x0f, 0x03, 0x03, 0x07, 0x0f, 0x0f, 0x0f, 0xa0, 0xa0, 0x60, 0xf0,
  0x90, 0xe0, 0xe0, 0x60, 0x70, 0x78, 0x70, 0xfb, 0xfb, 0xfd, 0xfe, 0xfe,
  0x96, 0x9a, 0x96, 0xf0, 0x90, 0xe0, 0xe0, 0x60, 0xe0, 0xe0, 0xc0, 0x80,
  0xc0, 0xe0, 0xf0, 0xf0, 0x80, 0x80, 0x80, 0x60, 0x90, 0xe0, 0xe0, 0x60,
  0x1f, 0x1f, 0x0f, 0x03, 0x1f, 0x3f, 0x1f, 0x0f, 0xa0, 0xa0, 0xa0, 0x60,
  0xe0, 0xe0, 0xe0, 0x60, 0x70, 0x78, 0x70, 0xff, 0xf7, 0xf7, 0xfb, 0xfb,
  0x98, 0x96, 0x9a, 0x60, 0x90, 0xe0, 0xe0, 0x60, 0xc0, 0xe0, 0xe0, 0xc0,
  0xf8, 0xfc, 0xf8, 0xf0, 0x80, 0x80, 0x80, 0x80, 0xe0, 0xe0, 0xe0, 0x60,
  0x1f, 0x1f, 0x0f, 0x03, 0x05, 0x0d, 0x06, 0x06, 0xa0, 0xa0, 0xa0, 0x60,
  0xe0, 0xe0, 0xe0, 0x60, 0x70, 0x78, 0x70, 0xff, 0xff, 0xff, 0xff, 0xf7,
  0x98, 0x96, 0x9a, 0x60, 0x90, 0xe0, 0xe0, 0x60, 0xc0, 0xe0, 0xe0, 0xc0,
  0xc0, 0xe0, 0xc0, 0x80, 0x80, 0x80, 0x80, 0x80, 0xe0, 0xe0, 0xe0, 0x60,
  0x07, 0x07, 0x03, 0x01, 0x03, 0x07, 0x0f, 0x0f, 0x80, 0x80, 0x80, 0x60,
  0x90, 0xe0, 0xe0, 0x60, 0x0e, 0x1e, 0x0e, 0xdf, 0xdf, 0xbf, 0x7f, 0x7f,
  0x96, 0x9a, 0x96, 0xf0, 0x90, 0xe0, 0xe0, 0x60, 0xf8, 0xf0, 0xc0, 0xc0,
  0xe0, 0xf0, 0xf0, 0xf0, 0xa0, 0xa0, 0x60, 0xf0, 0x90, 0xe0, 0xe0, 0x60,
  0x03, 0x07, 0x07, 0x03, 0x1f, 0x3f, 0x1f, 0x0f, 0x80, 0x80, 0x80, 0x80,
  0xe0, 0xe0, 0xe0, 0x60, 0x0e, 0x1e, 0x0e, 0xff, 0xef, 0xef, 0xdf, 0xdf,
  0x98, 0x96, 0x9a, 0x60, 0x90, 0xe0, 0xe0, 0x60, 0xf8, 0xf8, 0xf0, 0xc0,
  0xf8, 0xfc, 0xf8, 0xf0, 0xa0, 0xa0, 0xa0, 0x60, 0xe0, 0xe0, 0xe0, 0x60,
  0x03, 0x07, 0x07, 0x03, 0x03, 0x07, 0x03, 0x01, 0x80, 0x80, 0x80, 0x80,
  0xe0, 0xe0, 0xe0, 0x60, 0x0e, 0x1e, 0x0e, 0xff, 0xff, 0xff, 0xff, 0xef,
  0x98, 0x96, 0x9a, 0x60, 0x90, 0xe0, 0xe0, 0x60, 0xf8, 0xf8, 0xf0, 0xc0,
  0xa0, 0xb0, 0x60, 0x60, 0xa0, 0xa0, 0xa0, 0x60, 0xe0, 0xe0, 0xe0, 0x60,
  0x7f, 0x3f, 0x1f, 0x0f, 0x0f, 0x0f, 0x1f, 0x1f, 0x60, 0xa9, 0xa9, 0xf0,
  0x90, 0xe0, 0xe0, 0x60, 0xff, 0x18, 0x3c, 0x24, 0xe7, 0xe7, 0xe7, 0xe7,
  0x80, 0x86, 0x8a, 0x8f, 0x90, 0xe0, 0xe0, 0x60, 0xfe, 0xfc, 0xf8, 0xf0,
  0xf0, 0xf0, 0xf8, 0xf8, 0x60, 0xa9, 0xa9, 0xf0, 0x90, 0xe0, 0xe0, 0x60,
  0x3f, 0x7f, 0x3f, 0x1f, 0x0f, 0x1f, 0x1f, 0x0f, 0x80, 0x60, 0xa9, 0xa9,
  0x60, 0x60, 0x60, 0x60, 0xbd, 0xff, 0x18, 0x3c, 0xa4, 0xc0, 0xe0, 0xc0,
  0x69, 0x80, 0x86, 0x8a, 0x8f, 0x60, 0x60, 0x60, 0xfc, 0xfe, 0xfc, 0xf8,
  0xf0, 0xf0, 0x60, 0x00, 0x80, 0x60, 0xa9, 0xa9, 0xf0, 0xe0, 0xe0, 0xe0,
  0x3f, 0x7f, 0x3f, 0x1f, 0x0f, 0x0f, 0x06, 0x00, 0x80, 0x60, 0xa9, 0xa9,
  0xf0, 0xe0, 0xe0, 0xe0, 0xbd, 0xff, 0x18, 0x3c, 0x25, 0x03, 0x07, 0x03,
  0x69, 0x80, 0x86, 0x8a, 0x8f, 0x60, 0x60, 0x60, 0xfc, 0xfe, 0xfc, 0xf8,
  0xf0, 0xf8, 0xf8, 0xf0, 0x80, 0x60, 0xa9, 0xa9, 0x60, 0x60, 0x60, 0x60,
  0xff, 0x18, 0x18, 0x00, 0xe7, 0xe7, 0xe7, 0xe7, 0x80, 0x86, 0x6a, 0x8f,
  0x90, 0xe0, 0xe0, 0x60, 0xff, 0xff, 0x18, 0x18, 0x80, 0xc0, 0xe0, 0xc0,
  0x80, 0x80, 0x86, 0x6a, 0x8f, 0x60, 0x60, 0x60, 0xff, 0xff, 0x18, 0x18,
  0x01, 0x03, 0x07, 0x03, 0x80, 0x80, 0x86, 0x6a, 0x8f, 0x60, 0x60, 0x60,
  0x1f, 0x0f, 0xff, 0xbf, 0x7f, 0x1f, 0x3f, 0x01, 0xa4, 0x04, 0x64, 0x69,
  0x64, 0x64, 0x54, 0x54, 0x70, 0x78, 0x70, 0x00, 0x07, 0x00, 0x7e, 0x18,
  0x96, 0x9a, 0x90, 0x96, 0x96, 0x96, 0x75, 0x75, 0xe0, 0xe0, 0xf4, 0xff,
  0xfe, 0xf8, 0xfc, 0x80, 0x84, 0x04, 0x69, 0x64, 0x64, 0x64, 0x54, 0x54,
  0x0f, 0x0f, 0xff, 0xbf, 0x7f, 0x1f, 0xfe, 0x07, 0xa4, 0x04, 0x64, 0x69,
  0x64, 0x64, 0x57, 0x54, 0x07, 0x70, 0x78, 0x70, 0x07, 0x00, 0xff, 0x3c,
  0x86, 0x96, 0x90, 0x96, 0x96, 0x96, 0x75, 0x75, 0xc0, 0xe0, 0xf4, 0xff,
  0xfe, 0xf8, 0x7f, 0xe0, 0x84, 0x04, 0x69, 0x64, 0x64, 0x64, 0x57, 0x54,
  0x07, 0x07, 0x2f, 0xff, 0x7f, 0x1f, 0x3f, 0x01, 0x84, 0x04, 0x69, 0x64,
  0x64, 0x64, 0x54, 0x54, 0x0e, 0x1e, 0x0e, 0x00, 0xe0, 0x00, 0x7e, 0x18,
  0x96, 0x9a, 0x90, 0x96, 0x96, 0x96, 0x75, 0x75, 0xf8, 0xf0, 0xff, 0xfd,
  0xfe, 0xf8, 0xfc, 0x80, 0xa4, 0x04, 0x64, 0x69, 0x64, 0x64, 0x54, 0x54,
  0x03, 0x07, 0x2f, 0xff, 0x7f, 0x1f, 0xfe, 0x07, 0x84, 0x04, 0x69, 0x64,
  0x64, 0x64, 0x57, 0x54, 0xe0, 0x0e, 0x1e, 0x0e, 0xe0, 0x00, 0xff, 0x3c,
  0x86, 0x96, 0x90, 0x96, 0x96, 0x96, 0x75, 0x75, 0xf0, 0xf0, 0xff, 0xfd,
  0xfe, 0xf8, 0x7f, 0xe0, 0xa4, 0x04, 0x64, 0x69, 0x64, 0x64, 0x57, 0x54,
  0x7f, 0x3f, 0x1f, 0x1f, 0x07, 0x01, 0x07, 0x00, 0x64, 0xa9, 0x09, 0x64,
  0x64, 0x64, 0x54, 0x64, 0xff, 0xe7, 0xc3, 0xff, 0xfc, 0x33, 0x81, 0xe7,
  0x84, 0x68, 0xa8, 0x04, 0x69, 0x69, 0x57, 0x57, 0xfe, 0xfc, 0xf8, 0xf8,
  0xe0, 0x80, 0xe0, 0x00, 0x64, 0xa9, 0x09, 0x64, 0x64, 0x64, 0x54, 0x64,
  0x3f, 0x3f, 0x3f, 0x1f, 0x07, 0x01, 0x1f, 0x01, 0x84, 0xa4, 0x09, 0x69,
  0x64, 0x64, 0x54, 0x54, 0xbd, 0x00, 0xc3, 0xff, 0xfc, 0x33, 0x00, 0xc3,
  0x69, 0x68, 0xa8, 0x04, 0x69, 0x69, 0x57, 0x57, 0xfc, 0xfc, 0xfc, 0xf8,
  0xe0, 0x80, 0xf8, 0x80, 0x84, 0xa4, 0x09, 0x69, 0x64, 0x64, 0x54, 0x54,
  0xff, 0xe7, 0xe7, 0xff, 0xfc, 0x33, 0x81, 0xe7, 0x84, 0x68, 0xa6, 0x04,
  0x69, 0x69, 0x57, 0x57, 0xff, 0xe7, 0xe7, 0xff, 0xfc, 0x33, 0x00, 0xc3,
  0x84, 0x88, 0xa8, 0x04, 0x69, 0x69, 0x57, 0x57, 0x1f, 0x0f, 0xff, 0xbf,
  0x7f, 0x1f, 0x3f, 0x01, 0xa1, 0x01, 0x61, 0x69, 0x61, 0x61, 0x11, 0x11,
  0x70, 0x78, 0x70, 0x00, 0x07, 0x00, 0x7e, 0x18, 0x96, 0x9a, 0x90, 0x96,
  0x96, 0x96, 0x11, 0x11, 0xe0, 0xe0, 0xf4, 0xff, 0xfe, 0xf8, 0xfc, 0x80,
  0x81, 0x01, 0x69, 0x61, 0x61, 0x61, 0x11, 0x11, 0x0f, 0x0f, 0xff, 0xbf,
  0x7f, 0x1f, 0xfe, 0x07, 0xa1, 0x01, 0x61, 0x69, 0x61, 0x61, 0x11, 0x01,
  0x07, 0x70, 0x78, 0x70, 0x07, 0x00, 0xff, 0x3c, 0x86, 0x96, 0x90, 0x96,
  0x96, 0x96, 0x11, 0x11, 0xc0, 0xe0, 0xf4, 0xff, 0xfe, 0xf8, 0x7f, 0xe0,
  0x81, 0x01, 0x69, 0x61, 0x61, 0x61, 0x11, 0x11, 0x07, 0x07, 0x2f, 0xff,
  0x7f, 0x1f, 0x3f, 0x01, 0x81, 0x01, 0x69, 0x61, 0x61, 0x61, 0x11, 0x11,
  0x0e, 0x1e, 0x0e, 0x00, 0xe0, 0x00, 0x7e, 0x18, 0x96, 0x9a, 0x90, 0x96,
  0x96, 0x96, 0x11, 0x11, 0xf8, 0xf0, 0xff, 0xfd, 0xfe, 0xf8, 0xfc, 0x80,
  0xa1, 0x01, 0x61, 0x69, 0x61, 0x61, 0x11, 0x11, 0x03, 0x07, 0x2f, 0xff,
  0x7f, 0x1f, 0xfe, 0x07, 0x81, 0x01, 0x69, 0x61, 0x61, 0x61, 0x11, 0x11,
  0xe0, 0x0e, 0x1e, 0x0e, 0xe0, 0x00, 0xff, 0x3c, 0x86, 0x96, 0x90, 0x96,
  0x96, 0x96, 0x11, 0x11, 0xf0, 0xf0, 0xff, 0xfd, 0xfe, 0xf8, 0x7f, 0xe0,
  0xa1, 0x01, 0x61, 0x69, 0x61, 0x61, 0x11, 0x11, 0x7f, 0x3f, 0x1f, 0x1f,
  0x07, 0x01, 0x07, 0x00, 0x64, 0xa9, 0x09, 0x64, 0x64, 0x64, 0x54, 0x64,
  0xff, 0xe7, 0xc3, 0xff, 0xfc, 0x33, 0x81, 0xe7, 0x84, 0x68, 0xa8, 0x04,
  0x69, 0x69, 0x57, 0x57, 0xfe, 0xfc, 0xf8, 0xf8, 0xe0, 0x80, 0xe0, 0x00,
  0x64, 0xa9, 0x09, 0x64, 0x64, 0x64, 0x54, 0x64, 0x3f, 0x3f, 0x3f, 0x1f,
  0x07, 0x01, 0x1f, 0x01, 0x84, 0xa4, 0x09, 0x69, 0x64, 0x64, 0x54, 0x54,
  0xbd, 0x00, 0xc3, 0xff, 0xfc, 0x33, 0x00, 0xc3, 0x69, 0x68, 0xa8, 0x04,
  0x69, 0x69, 0x57, 0x57, 0xfc, 0xfc, 0xfc, 0xf8, 0xe0, 0x80, 0xf8, 0x80,
  0x84, 0xa4, 0x09, 0x69, 0x64, 0x64, 0x54, 0x54, 0xff, 0xe7, 0xe7, 0xff,
  0xfc, 0x33, 0x81, 0xe7, 0x84, 0x68, 0xa6, 0x04, 0x69, 0x69, 0x57, 0x57,
  0xff, 0xe7, 0xe7, 0xff, 0xfc, 0x33, 0x00, 0xc3, 0x84, 0x88, 0xa8, 0x04,
  0x69, 0x69, 0x57, 0x57, 0x00, 0x01, 0x06, 0x0b, 0x15, 0x1b, 0x7f, 0x1f,
  0xe0, 0xe0, 0xe0, 0xe0, 0xe0, 0xe0, 0xe0, 0x60, 0x18, 0xf8, 0xe4, 0xc2,
  0x81, 0x81, 0xff, 0x7f, 0xb0, 0xef, 0xef, 0xef, 0xef, 0xef, 0xef, 0x60,
  0x00, 0x80, 0xe0, 0xf0, 0xf8, 0xf8, 0xfe, 0xf0, 0xf0, 0xf0, 0xf0, 0xf0,
  0xf0, 0xf0, 0xe0, 0x60, 0x00, 0x01, 0x06, 0x0b, 0x15, 0x1b, 0x7f, 0x0f,
  0xe0, 0xe0, 0xe0, 0xe0, 0xe0, 0xe0, 0xe0, 0x60, 0x18, 0xf8, 0xe4, 0xc2,
  0x81, 0x81, 0xff, 0xfe, 0xb0, 0xef, 0xef, 0xef, 0xef, 0xef, 0xef, 0x60,
  0x00, 0x80, 0xe0, 0xf0, 0xf8, 0xf8, 0xfe, 0xf8, 0xf0, 0xf0, 0xf0, 0xf0,
  0xf0, 0xf0, 0xe0, 0x60, 0x00, 0x01, 0x06, 0x0b, 0x15, 0x1b, 0x7f, 0x6f,
  0xe0, 0xe0, 0xe0, 0xe0, 0xe0, 0xe0, 0xe0, 0x60, 0x18, 0xf8, 0xe4, 0xc2,
  0x81, 0x81, 0xff, 0xff, 0xb0, 0xef, 0xef, 0xef, 0xef, 0xef, 0xef, 0x60,
  0x00, 0x80, 0xe0, 0xf0, 0xf8, 0xf8, 0xfe, 0xf6, 0xf0, 0xf0, 0xf0, 0xf0,
  0xf0, 0xf0, 0xe0, 0x60, 0x00, 0x00, 0x01, 0x06, 0x0b, 0x15, 0x1b, 0x7f,
  0x60, 0xe0, 0xe0, 0xe0, 0xe0, 0xe0, 0xe0, 0xe0, 0x00, 0x18, 0xf8, 0xe4,
  0xc2, 0x81, 0x81, 0xff, 0x60, 0xb0, 0xef, 0xef, 0xef, 0xef, 0xef, 0xef,
  0x00, 0x00, 0x80, 0xe0, 0xf0, 0xf8, 0xf8, 0xfe, 0x60, 0xf0, 0xf0, 0xf0,
  0xf0, 0xf0, 0xf0, 0xe0, 0x00, 0x01, 0x06, 0x0b, 0x15, 0x1b, 0x7f, 0x1f,
  0xe4, 0xe4, 0xe4, 0xe4, 0xe4, 0xe4, 0xe4, 0x64, 0x18, 0xf8, 0xe4, 0xc2,
  0x81, 0x81, 0xff, 0x7f, 0xb4, 0xef, 0xef, 0xef, 0xef, 0xef, 0xef, 0x64,
  0x00, 0x80, 0xe0, 0xf0, 0xf8, 0xf8, 0xfe, 0xf0, 0xf4, 0xf4, 0xf4, 0xf4,
  0xf4, 0xf4, 0xe4, 0x64, 0x00, 0x01, 0x06, 0x0b, 0x15, 0x1b, 0x7f, 0x0f,
  0xe4, 0xe4, 0xe4, 0xe4, 0xe4, 0xe4, 0xe4, 0x64, 0x18, 0xf8, 0xe4, 0xc2,
  0x81, 0x81, 0xff, 0xfe, 0xb4, 0xef, 0xef, 0xef, 0xef, 0xef, 0xef, 0x64,
  0x00, 0x80, 0xe0, 0xf0, 0xf8, 0xf8, 0xfe, 0xf8, 0xf4, 0xf4, 0xf4, 0xf4,
  0xf4, 0xf4, 0xe4, 0x64, 0x00, 0x01, 0x06, 0x0b, 0x15, 0x1b, 0x7f, 0x6f,
  0xe4, 0xe4, 0xe4, 0xe4, 0xe4, 0xe4, 0xe4, 0x64, 0x18, 0xf8, 0xe4, 0xc2,
  0x81, 0x81, 0xff, 0xff, 0xb4, 0xef, 0xef, 0xef, 0xef, 0xef, 0xef, 0x64,
  0x00, 0x80, 0xe0, 0xf0, 0xf8, 0xf8, 0xfe, 0xf6, 0xf4, 0xf4, 0xf4, 0xf4,
  0xf4, 0xf4, 0xe4, 0x64, 0x00, 0x00, 0x01, 0x06, 0x0b, 0x15, 0x1b, 0x7f,
  0x64, 0xe4, 0xe4, 0xe4, 0xe4, 0xe4, 0xe4, 0xe4, 0x00, 0x18, 0xf8, 0xe4,
  0xc2, 0x81, 0x81, 0xff, 0x64, 0xb4, 0xef, 0xef, 0xef, 0xef, 0xef, 0xef,
  0x00, 0x00, 0x80, 0xe0, 0xf0, 0xf8, 0xf8, 0xfe, 0x64, 0xf4, 0xf4, 0xf4,
  0xf4, 0xf4, 0xf4, 0xe4, 0x00, 0x00, 0x00, 0x00, 0x7c, 0xc6, 0x92, 0xaa,
  0xa2, 0xaa, 0x92, 0xc6, 0x7c, 0x00, 0x00, 0x00, 0x00, 0x00, 0x00, 0x7c,
  0xfe, 0xfe, 0xe6, 0xe6, 0xfe, 0xfe, 0xe6, 0xe6, 0xe6, 0x00, 0x00, 0x00,
  0x00, 0x00, 0x00, 0x7c, 0xfe, 0xfe, 0xe6, 0xec, 0xec, 0xe6, 0xfe, 0xfe,
  0x7c, 0x00, 0x00, 0x00, 0x00, 0x00, 0x00, 0x7c, 0xfe, 0xfe, 0xe6, 0xe0,
  0xe0, 0xe6, 0xfe, 0xfe, 0x7c, 0x00, 0x00, 0x00, 0x00, 0x00, 0x00, 0xfc,
  0xfe, 0xfe, 0xe6, 0xe6, 0xe6, 0xe6, 0xfe, 0xfe, 0xfc, 0x00, 0x00, 0x00,
  0x00, 0x00, 0x00, 0x7c, 0xfe, 0xfc, 0xf0, 0xfc, 0xfc, 0xf0, 0xfc, 0xfe,
  0x7c, 0x00, 0x00, 0x00, 0x00, 0x00, 0x00, 0x7c, 0xfe, 0xfc, 0xe0, 0xf8,
  0xfc, 0xf0, 0xf0, 0xf0, 0x60, 0x00, 0x00, 0x00, 0x00, 0x00, 0x00, 0x7c,
  0xfe, 0xfe, 0xe6, 0xe0, 0xec, 0xe6, 0xfe, 0xfe, 0x7c, 0x00, 0x00, 0x00,
  0x00, 0x00, 0x00, 0x44, 0xee, 0xee, 0xee, 0xfe, 0xfe, 0xee, 0xee, 0xee,
  0x44, 0x00, 0x00, 0x00, 0x00, 0x00, 0x00, 0x38, 0x7c, 0x38, 0x7c, 0x7c,
  0x7c, 0x7c, 0x7c, 0x7c, 0x38, 0x00, 0x00, 0x00, 0x00, 0x00, 0x00, 0x1c,
  0x3e, 0x1c, 0x3e, 0x3e, 0x3e, 0xbe, 0xfe, 0xfe, 0x7c, 0x00, 0x00, 0x00,
  0x00, 0x00, 0x00, 0x40, 0xe6, 0xee, 0xfe, 0xfc, 0xfc, 0xfe, 0xee, 0xee,
  0x46, 0x00, 0x00, 0x00, 0x00, 0x00, 0x00, 0x60, 0xf0, 0xf0, 0xf0, 0xf0,
  0xf0, 0xf0, 0xfc, 0xfe, 0x7c, 0x00, 0x00, 0x00, 0x00, 0x00, 0x00, 0xc6,
  0xc6, 0xee, 0xfe, 0xfe, 0xfe, 0xfe, 0xd6, 0xd6, 0x44, 0x00, 0x00, 0x00,
  0x00, 0x00, 0x00, 0xce, 0xee, 0xfe, 0xfe, 0xfe, 0xfe, 0xfe, 0xfe, 0xee,
  0xe6, 0x00, 0x00, 0x00, 0x00, 0x00, 0x00, 0x7c, 0xfe, 0xfe, 0xe6, 0xe6,
  0xe6, 0xe6, 0xfe, 0xfe, 0x7c, 0x00, 0x00, 0x00, 0x00, 0x00, 0x00, 0x7c,
  0xfe, 0xfe, 0xe6, 0xe6, 0xfc, 0xf0, 0xe0, 0xe0, 0x60, 0x00, 0x00, 0x00,
  0x00, 0x00, 0x00, 0x7c, 0xfe, 0xfe, 0xe6, 0xe6, 0xe6, 0xe6, 0xee, 0xfc,
  0x7a, 0x00, 0x00, 0x00, 0x00, 0x00, 0x00, 0x7c, 0xfe, 0xfe, 0xe6, 0xe6,
  0xfc, 0xfe, 0xee, 0xee, 0x46, 0x00, 0x00, 0x00, 0x00, 0x00, 0x00, 0x7c,
  0xfe, 0xfe, 0xe6, 0x70, 0x1c, 0xc6, 0xfe, 0xfe, 0x7c, 0x00, 0x00, 0x00,
  0x00, 0x00, 0x00, 0xfe, 0xfe, 0xfe, 0x7c, 0x7c, 0x7c, 0x7c, 0x7c, 0x7c,
  0x38, 0x00, 0x00, 0x00, 0x00, 0x00, 0x00, 0xe6, 0xe6, 0xe6, 0xe6, 0xe6,
  0xe6, 0xe6, 0xfe, 0xfe, 0x7c, 0x00, 0x00, 0x00, 0x00, 0x00, 0x00, 0xc6,
  0xc6, 0xc6, 0xc6, 0xc6, 0xc6, 0xee, 0x7c, 0x7c, 0x38, 0x00, 0x00, 0x00,
  0x00, 0x00, 0x00, 0xc6, 0xc6, 0xc6, 0xc6, 0xd6, 0xd6, 0xd6, 0xfe, 0xfe,
  0x7c, 0x00, 0x00, 0x00, 0x00, 0x00, 0x00, 0xc6, 0xc6, 0xee, 0xfe, 0x7c,
  0x7c, 0xfe, 0xee, 0xc6, 0xc6, 0x00, 0x00, 0x00, 0x00, 0x00, 0x00, 0xc6,
  0xc6, 0xee, 0xfe, 0x7c, 0x7c, 0x7c, 0x7c, 0x7c, 0x38, 0x00, 0x00, 0x00,
  0x00, 0x00, 0x00, 0x7c, 0xfe, 0xfe, 0x0e, 0x1c, 0x38, 0x70, 0xff, 0xff,
  0x3e, 0x00, 0x00, 0x00, 0x00, 0x00, 0x00, 0x18, 0x3c, 0x7c, 0x1c, 0x1c,
  0x1c, 0x1c, 0x1c, 0x1c, 0x08, 0x00, 0x00, 0x00, 0x00, 0x00, 0x00, 0x7c,
  0xfe, 0xfe, 0xc6, 0x1e, 0x3c, 0x70, 0xfc, 0xfe, 0xfc, 0x00, 0x00, 0x00,
  0x00, 0x00, 0x00, 0x44, 0xee, 0xee, 0xfe, 0xfe, 0xfe, 0x7e, 0x1e, 0x1e,
  0x0c, 0x00, 0x00, 0x00, 0x00, 0x00, 0x00, 0xfc, 0xfe, 0xfc, 0xe0, 0xfc,
  0xfe, 0x06, 0x7e, 0xfe, 0x7c, 0x00, 0x00, 0x00, 0x00, 0x00, 0x00, 0x7c,
  0xfe, 0xfe, 0xe6, 0x7c, 0x7c, 0xe6, 0xfe, 0xfe, 0x7c, 0x00, 0x00, 0x00,
  0x00, 0x00, 0x00, 0x7c, 0xfe, 0xfe, 0xe6, 0xfe, 0x7e, 0x0e, 0x7e, 0xfc,
  0x78, 0x00, 0x00, 0x00, 0x00, 0x00, 0x00, 0x00, 0x00, 0x00, 0x00, 0x00,
  0x00, 0x00, 0x18, 0x3c, 0x18, 0x00, 0x00, 0x00, 0x00, 0x00, 0x00, 0x00,
  0x00, 0x00, 0x00, 0x00, 0x00, 0x00, 0x18, 0x3c, 0x1c, 0x38, 0x00, 0x00,
  0x00, 0x00, 0x00, 0x38, 0x7c, 0x7c, 0x7c, 0x7c, 0x7c, 0x7c, 0x38, 0x7c,
  0x38, 0x00, 0x00, 0x00, 0x00, 0x00, 0x00, 0x7c, 0xfe, 0xce, 0x1e, 0x3c,
  0x78, 0x78, 0x30, 0x78, 0x30, 0x00, 0x00, 0x00, 0x00, 0x00, 0x00, 0x00,
  0x00, 0x18, 0x3c, 0x18, 0x00, 0x00, 0x18, 0x3c, 0x18, 0x00, 0x00, 0x00,
  0x00, 0x00, 0x00, 0x00, 0x00, 0x00, 0x00, 0x00, 0x00, 0x00, 0x00, 0x00,
  0x00, 0x00, 0x00, 0x00, 0x00, 0x00, 0x00, 0x00, 0x00, 0x03, 0x04, 0x03,
  0x00, 0x01, 0x06, 0x08, 0x10, 0x10, 0x7f, 0x50, 0x00, 0x00, 0x00, 0x00,
  0xff, 0x81, 0x00, 0x00, 0x18, 0xff, 0x24, 0x42, 0x42, 0x81, 0xff, 0x00,
  0x82, 0x81, 0x40, 0x30, 0x10, 0x08, 0x36, 0x4b, 0xb3, 0x84, 0xb7, 0x47,
  0x2b, 0x10, 0x09, 0x00, 0x42, 0xa5, 0x42, 0x81, 0x81, 0x81, 0x42, 0x3c,
  0x81, 0x52, 0xad, 0xb5, 0xa5, 0x18, 0xe7, 0xe7, 0x00, 0x00, 0x00, 0x00,
  0x00, 0xc0, 0x20, 0xc0, 0x00, 0x80, 0x60, 0x10, 0x08, 0x08, 0xfe, 0x0a,
  0x00, 0x00, 0x00, 0x00, 0x00, 0x00, 0x00, 0x00, 0x00, 0x00, 0x00, 0x00,
  0x00, 0x00, 0x00, 0x00, 0x41, 0x81, 0x02, 0x0c, 0x08, 0x10, 0x6c, 0xd2,
  0xcd, 0x21, 0xed, 0xe2, 0xd4, 0x08, 0x90, 0x00, 0x00, 0x00, 0x00, 0x00,
  0x00, 0x00, 0x00, 0x00, 0x00, 0x00, 0x00, 0x00, 0x00, 0x00, 0x00, 0x00,
  0x00, 0x00, 0x00, 0x00, 0x00, 0x03, 0x04, 0x03, 0x00, 0x01, 0x06, 0x08,
  0x10, 0x10, 0x7f, 0x50, 0x00, 0x00, 0x00, 0x00, 0xff, 0x81, 0x00, 0x00,
  0x18, 0xff, 0x24, 0x42, 0x42, 0x81, 0xff, 0x00, 0x82, 0x81, 0x40, 0x30,
  0x10, 0x08, 0x16, 0x2b, 0x2b, 0x34, 0x17, 0x17, 0x1b, 0x08, 0x01, 0x00,
  0x42, 0xa5, 0x42, 0x81, 0x81, 0x81, 0x42, 0x3c, 0x81, 0x52, 0xad, 0xb5,
  0xa5, 0x18, 0xe7, 0xe7, 0x00, 0x00, 0x00, 0x00, 0x00, 0xc0, 0x20, 0xc0,
  0x00, 0x80, 0x60, 0x10, 0x08, 0x08, 0xfe, 0x0a, 0x00, 0x00, 0x00, 0x00,
  0x00, 0x00, 0x00, 0x00, 0x00, 0x00, 0x00, 0x00, 0x00, 0x00, 0x00, 0x00,
  0x41, 0x81, 0x02, 0x0c, 0x08, 0x10, 0x68, 0xd4, 0xd4, 0x2c, 0xe8, 0xe8,
  0xd8, 0x10, 0x80, 0x00, 0x00, 0x00, 0x00, 0x00, 0x00, 0x00, 0x00, 0x00,
  0x00, 0x00, 0x00, 0x00, 0x00, 0x00, 0x00, 0x00, 0x00, 0x00, 0x00, 0x04,
  0xc6, 0xb0, 0xdc, 0xee, 0x73, 0x7d, 0x3f, 0x0f, 0x00, 0x00, 0x00, 0x00,
  0x00, 0x00, 0x70, 0x58, 0x5c, 0x6e, 0x32, 0x0e, 0x02, 0x00, 0x00, 0x80,
  0xc0, 0x60, 0x00, 0x00, 0x00, 0x00, 0x00, 0x00, 0x01, 0x01, 0x00, 0x00,
  0x1e, 0x73, 0xc6, 0x87, 0x8d, 0xfe, 0x78, 0x00, 0x00, 0x00, 0xf0, 0x88,
  0x18, 0xf0, 0xe0, 0x00, 0x00, 0x00, 0x80, 0x80, 0x00, 0x00, 0x00, 0x00,
  0x00, 0x00, 0x00, 0x00, 0x00, 0x00, 0x00, 0x00, 0x01, 0x03, 0x06, 0x0c,
  0x18, 0x20, 0x40, 0x00, 0x00, 0x02, 0x04, 0x08, 0x10, 0x20, 0x60, 0xc0,
  0x82, 0x04, 0x08, 0x10, 0x20, 0x00, 0x00, 0x00, 0x00, 0x00, 0x00, 0x03,
  0x07, 0x07, 0x0f, 0x0f, 0x0f, 0x1f, 0x1f, 0x0f, 0x07, 0x00, 0x00, 0x00,
  0x00, 0x00, 0xf0, 0xf8, 0xfc, 0xfc, 0xfc, 0xfc, 0xf8, 0xf0, 0xe0, 0xc0,
  0x00, 0x00, 0x00, 0x00, 0x00, 0x00, 0x00, 0x00, 0x01, 0x03, 0x07, 0x07,
  0x07, 0x07, 0x07, 0x03, 0x00, 0x00, 0x00, 0x00, 0x00, 0x00, 0x00, 0x00,
  0xc0, 0xe0, 0xf0, 0xf0, 0xe0, 0xc0, 0xc0, 0x80, 0x00, 0x00, 0x00, 0x00,
  0x00, 0x00, 0x00, 0x00, 0x00, 0x01, 0x03, 0x07, 0x07, 0x03, 0x03, 0x01,
  0x00, 0x00, 0x00, 0x00, 0x00, 0x00, 0x00, 0x00, 0x00, 0x80, 0xc0, 0xe0,
  0xe0, 0xc0, 0xc0, 0x80, 0x00, 0x00, 0x00, 0x00, 0x00, 0x00, 0x00, 0x00,
  0x00, 0x00, 0x03, 0x07, 0x03, 0x00, 0x00, 0x00, 0x00, 0x00, 0x00, 0x00,
  0x00, 0x00, 0x00, 0x00, 0x00, 0x00, 0x00, 0x80, 0x80, 0x00, 0x00, 0x00,
  0x00, 0x00, 0x00, 0x00, 0x00, 0x00, 0x10, 0x10, 0x7c, 0x10, 0x10, 0x00,
  0x00, 0x00, 0x00, 0x00, 0x00, 0x08, 0x00, 0x00, 0x00, 0x00, 0x00, 0x00,
  0x10, 0x00, 0x00, 0x00, 0x08, 0x08, 0x3e, 0x08, 0x08, 0x00, 0x00, 0x00,
  0x00, 0x00, 0x00, 0x10, 0x38, 0x10, 0x00, 0x00, 0x00, 0x00, 0x00, 0x00,
  0x08, 0x1c, 0x08, 0x00, 0x00, 0x00, 0x00, 0x10, 0x38, 0x10, 0x00, 0x00,
  0x00, 0x08, 0x1c, 0x08, 0x00, 0x00, 0x00, 0x00, 0x00, 0x00, 0x00, 0x00,
  0x10, 0x00, 0x00, 0x00, 0x00, 0x00, 0x00, 0x08, 0x08, 0x3e, 0x08, 0x08,
  0x00, 0x00, 0x10, 0x10, 0x7c, 0x10, 0x10, 0x00, 0x00, 0x00, 0x08, 0x00,
  0x00, 0x00, 0x00, 0x00, 0x00, 0x00, 0x00, 0x10, 0x38, 0x10, 0x00, 0x00,
  0x00, 0x00, 0x00, 0x00, 0x08, 0x1c, 0x08, 0x00, 0x00, 0x00, 0x00, 0x10,
  0x38, 0x10, 0x00, 0x00, 0x00, 0x08, 0x1c, 0x08, 0x00, 0x00, 0x00, 0x00,
  0xf7, 0x00, 0x2c, 0x00, 0xf7, 0x00, 0x2c, 0x00, 0xf7, 0x00, 0x2c, 0x00,
  0xf7, 0x00, 0x2c, 0x00, 0xf7, 0x00, 0x28, 0x00, 0xf7, 0x00, 0x20, 0x00,
  0xf7, 0x00, 0x20, 0x00, 0xf7, 0x00, 0x24, 0x00, 0xf7, 0x00, 0x24, 0x00,
  0xf7, 0x00, 0x2c, 0x00, 0xf7, 0x00, 0x00, 0x00, 0xf7, 0x00, 0x04, 0x00,
  0xf7, 0x00, 0x08, 0x00, 0xf7, 0x00, 0x0c, 0x00, 0xf7, 0x00, 0x00, 0x00,
  0xf7, 0x00, 0x04, 0x00, 0xf7, 0x00, 0x08, 0x00, 0xf7, 0x00, 0x0c, 0x00,
  0x03, 0x02, 0x02, 0x01, 0x01, 0xff, 0xff, 0xfe, 0xfe, 0xfd, 0xfd, 0xfe,
  0xfe, 0xff, 0xff, 0x01, 0x01, 0x02, 0x02, 0x03, 0x5c, 0xa2, 0x6c, 0xa2,
  0x7c, 0xa2, 0xac, 0x9b, 0xbc, 0x9b, 0xcc, 0x9b, 0x5c, 0x9e, 0x6c, 0x9e,
  0x7c, 0x9e, 0xbc, 0xa2, 0xcc, 0xa2, 0xdc, 0xa2, 0xdc, 0x9b, 0xec, 0x9b,
  0xfc, 0x9b, 0x8c, 0x9e, 0x9c, 0x9e, 0xac, 0x9e, 0xbc, 0xa2, 0xcc, 0xa2,
  0xdc, 0xa2, 0xdc, 0x9b, 0xec, 0x9b, 0xfc, 0x9b, 0xbc, 0x9e, 0xcc, 0x9e,
  0xdc, 0x9e, 0x2c, 0xa2, 0x3c, 0xa2, 0x4c, 0xa2, 0x4c, 0x9b, 0x5c, 0x9b,
  0x6c, 0x9b, 0xcc, 0x9d, 0xdc, 0x9d, 0xec, 0x9d, 0xbc, 0xa2, 0xcc, 0xa2,
  0xdc, 0xa2, 0x7c, 0x9b, 0x8c, 0x9b, 0x9c, 0x9b, 0xfc, 0x9d, 0x0c, 0x9e,
  0x1c, 0x9e, 0xbc, 0xa2, 0xcc, 0xa2, 0xdc, 0xa2, 0x7c, 0x9b, 0x8c, 0x9b,
  0x9c, 0x9b, 0x2c, 0x9e, 0x3c, 0x9e, 0x4c, 0x9e, 0x8c, 0xa2, 0x9c, 0xa2,
  0xac, 0xa2, 0x0c, 0x9c, 0x1c, 0x9c, 0x2c, 0x9c, 0xec, 0x9e, 0xfc, 0x9e,
  0x0c, 0x9f, 0xbc, 0xa2, 0xcc, 0xa2, 0xdc, 0xa2, 0x3c, 0x9c, 0x4c, 0x9c,
  0x5c, 0x9c, 0x1c, 0x9f, 0x2c, 0x9f, 0x3c, 0x9f, 0xbc, 0xa2, 0xcc, 0xa2,
  0xdc, 0xa2, 0x3c, 0x9c, 0x4c, 0x9c, 0x5c, 0x9c, 0x4c, 0x9f, 0x5c, 0x9f,
  0x6c, 0x9f, 0x8c, 0xa2, 0x9c, 0xa2, 0xac, 0xa2, 0x6c, 0x9c, 0x7c, 0x9c,
  0x8c, 0x9c, 0xec, 0x9e, 0x7c, 0x9f, 0x0c, 0x9f, 0xbc, 0xa2, 0xcc, 0xa2,
  0xdc, 0xa2, 0x9c, 0x9c, 0xac, 0x9c, 0xbc, 0x9c, 0x1c, 0x9f, 0x8c, 0x9f,
  0x3c, 0x9f, 0xbc, 0xa2, 0xcc, 0xa2, 0xdc, 0xa2, 0x9c, 0x9c, 0xac, 0x9c,
  0xbc, 0x9c, 0x4c, 0x9f, 0x9c, 0x9f, 0x6c, 0x9f, 0x2c, 0xa2, 0x3c, 0xa2,
  0x0c, 0xa3, 0x4c, 0x9b, 0x5c, 0x9b, 0xdc, 0x9c, 0xec, 0xa0, 0xfc, 0xa0,
  0xcc, 0x9f, 0xbc, 0xa2, 0x8c, 0xa3, 0x9c, 0xa3, 0x7c, 0x9b, 0x8c, 0x9b,
  0xfc, 0x9c, 0x1c, 0xa1, 0xec, 0x9f, 0xfc, 0x9f, 0xec, 0xa2, 0xfc, 0xa2,
  0x0c, 0xa3, 0xcc, 0x9c, 0x5c, 0x9b, 0xdc, 0x9c, 0xac, 0x9f, 0xbc, 0x9f,
  0xcc, 0x9f, 0x7c, 0xa3, 0x8c, 0xa3, 0xdc, 0xa2, 0xec, 0x9c, 0x8c, 0x9b,
  0x9c, 0x9b, 0xdc, 0x9f, 0xec, 0x9f, 0x3c, 0xa1, 0xec, 0xa2, 0x3c, 0xa2,
  0x4c, 0xa2, 0xcc, 0x9c, 0x5c, 0x9b, 0x6c, 0x9b, 0xac, 0x9f, 0xfc, 0xa0,
  0x0c, 0xa1, 0x1c, 0xa3, 0x6c, 0xa2, 0x7c, 0xa2, 0x0c, 0x9d, 0xbc, 0x9b,
  0xcc, 0x9b, 0x0c, 0xa0, 0x5c, 0xa1, 0x6c, 0xa1, 0x7c, 0xa3, 0x8c, 0xa3,
  0xdc, 0xa2, 0x2c, 0x9d, 0xec, 0x9b, 0xfc, 0x9b, 0x3c, 0xa0, 0x4c, 0xa0,
  0x9c, 0xa1, 0x1c, 0xa3, 0x2c, 0xa3, 0x3c, 0xa3, 0x0c, 0x9d, 0xbc, 0x9b,
  0x1c, 0x9d, 0x0c, 0xa0, 0x1c, 0xa0, 0x2c, 0xa0, 0xbc, 0xa2, 0x8c, 0xa3,
  0x9c, 0xa3, 0xdc, 0x9b, 0xec, 0x9b, 0x3c, 0x9d, 0x7c, 0xa1, 0x4c, 0xa0,
  0x5c, 0xa0, 0x5c, 0xa2, 0x6c, 0xa2, 0x3c, 0xa3, 0xac, 0x9b, 0xbc, 0x9b,
  0x1c, 0x9d, 0x4c, 0xa1, 0x5c, 0xa1, 0x2c, 0xa0, 0x4c, 0xa3, 0x5c, 0xa3,
  0x6c, 0xa3, 0x6c, 0x9c, 0x7c, 0x9c, 0x8c, 0x9c, 0xec, 0x9e, 0x7c, 0x9f,
  0x0c, 0x9f, 0x7c, 0xa3, 0x8c, 0xa3, 0x9c, 0xa3, 0xac, 0x9d, 0xac, 0x9c,
  0xbc, 0x9d, 0x1c, 0x9f, 0x8c, 0x9f, 0x3c, 0x9f, 0x4c, 0xa3, 0x5c, 0xa3,
  0x6c, 0xa3, 0x8c, 0x9d, 0x7c, 0x9c, 0x9c, 0x9d, 0x6c, 0xa0, 0xcc, 0xa0,
  0x8c, 0xa0, 0xbc, 0xa2, 0xcc, 0xa2, 0xdc, 0xa2, 0xac, 0x9d, 0xac, 0x9c,
  0xbc, 0x9d, 0x9c, 0xa0, 0xdc, 0xa0, 0xbc, 0xa0, 0x8c, 0xa2, 0x9c, 0xa2,
  0xac, 0xa2, 0x6c, 0x9c, 0x7c, 0x9c, 0x8c, 0x9c, 0x6c, 0xa0, 0xcc, 0xa0,
  0x8c, 0xa0, 0x4c, 0xa3, 0x5c, 0xa3, 0x6c, 0xa3, 0x0c, 0x9c, 0x1c, 0x9c,
  0x2c, 0x9c, 0xec, 0x9e, 0xfc, 0x9e, 0x0c, 0x9f, 0x7c, 0xa3, 0x8c, 0xa3,
  0x9c, 0xa3, 0x6c, 0x9d, 0x4c, 0x9c, 0x7c, 0x9d, 0x1c, 0x9f, 0x2c, 0x9f,
  0x3c, 0x9f, 0x4c, 0xa3, 0x5c, 0xa3, 0x6c, 0xa3, 0x4c, 0x9d, 0x1c, 0x9c,
  0x5c, 0x9d, 0x6c, 0xa0, 0x7c, 0xa0, 0x8c, 0xa0, 0xbc, 0xa2, 0xcc, 0xa2,
  0xdc, 0xa2, 0x6c, 0x9d, 0x4c, 0x9c, 0x7c, 0x9d, 0x9c, 0xa0, 0xac, 0xa0,
  0xbc, 0xa0, 0x8c, 0xa2, 0x9c, 0xa2, 0xac, 0xa2, 0x0c, 0x9c, 0x1c, 0x9c,
  0x2c, 0x9c, 0x6c, 0xa0, 0x7c, 0xa0, 0x8c, 0xa0, 0xb0, 0xa9, 0xc2, 0xa9,
  0xd4, 0xa9, 0xe6, 0xa9, 0xf8, 0xa9, 0x0a, 0xaa, 0x1c, 0xaa, 0x2e, 0xaa,
  0x40, 0xaa, 0x52, 0xaa, 0x64, 0xaa, 0x76, 0xaa, 0x88, 0xaa, 0x9a, 0xaa,
  0xac, 0xaa, 0x06, 0xab, 0xf4, 0xaa, 0xe2, 0xaa, 0xd0, 0xaa, 0xbe, 0xaa,
  0x08, 0x17, 0xbe, 0xbf, 0xbf, 0xbf, 0xbf, 0xbf, 0xbf, 0xc0, 0xc1, 0xda,
  0xdb, 0xdc, 0xc6, 0xc7, 0xc8, 0xc2, 0xc1, 0xdd, 0xde, 0xdf, 0xc9, 0xed,
  0xca, 0xc2, 0xc1, 0xe0, 0xe1, 0xe2, 0xcb, 0xcc, 0xcd, 0xc2, 0xc3, 0xc4,
  0xc4, 0xc4, 0xc4, 0xc4, 0xc4, 0xc5, 0xbe, 0xbf, 0xbf, 0xbf, 0xbf, 0xbf,
  0xbf, 0xc0, 0xc1, 0xce, 0xcf, 0xd0, 0xd1, 0xd2, 0xd3, 0xc2, 0xc1, 0xd4,
  0xd5, 0xd6, 0xd7, 0xd8, 0xd9, 0xc2, 0xbe, 0xfe, 0xfe, 0xfe, 0xfe, 0xfe,
  0xfe, 0xbf, 0xbe, 0xc0, 0xc1, 0xc2, 0xc3, 0xc4, 0xc5, 0xbf, 0xbe, 0xc6,
  0xc7, 0xc8, 0xc9, 0xca, 0xcb, 0xbf, 0xbe, 0xe8, 0xe8, 0xe8, 0xe8, 0xe8,
  0xe8, 0xbf, 0xbe, 0xcc, 0xcd, 0xce, 0xcf, 0xd0, 0xd1, 0xbf, 0xbe, 0xd2,
  0xd3, 0xd4, 0xd5, 0xd6, 0xd7, 0xbf, 0xbe, 0xf3, 0xf3, 0xf3, 0xf3, 0xf3,
  0xf3, 0xbf, 0xbe, 0xd8, 0xd9, 0xda, 0xdb, 0xdc, 0xdd, 0xbf, 0xc1, 0x00,
  0x00, 0x00, 0x00, 0x00, 0x00, 0xc2, 0xc1, 0x00, 0x00, 0x00, 0x00, 0x00,
  0x00, 0xc2, 0xc1, 0x00, 0x00, 0x00, 0x00, 0x00, 0x00, 0xc2, 0xc1, 0x00,
  0x00, 0x00, 0x00, 0x00, 0x00, 0xc2, 0xc1, 0x00, 0x00, 0x00, 0x00, 0x00,
  0x00, 0xc2, 0xc1, 0x00, 0x00, 0x00, 0x00, 0x00, 0x00, 0xc2, 0xc3, 0xc4,
  0xc4, 0xc4, 0xc4, 0xc4, 0xc4, 0xc5, 0x03, 0x03, 0x77, 0x78, 0x79, 0x7a,
  0x7b, 0x7c, 0x7d, 0x7e, 0x7f, 0x03, 0x03, 0x80, 0x81, 0x82, 0x83, 0x84,
  0x85, 0x86, 0x87, 0x88, 0x03, 0x03, 0x89, 0x8a, 0x8b, 0x8c, 0x8d, 0x8e,
  0x8f, 0x90, 0x91, 0x03, 0x03, 0x92, 0x93, 0x94, 0x95, 0x96, 0x97, 0x98,
  0x99, 0x9a, 0x03, 0x03, 0x9b, 0x9c, 0x9d, 0x9e, 0x9f, 0xa0, 0xa1, 0xa2,
  0xa3, 0x03, 0x03, 0xa4, 0xa5, 0xa6, 0xa7, 0xa8, 0xa9, 0xaa, 0xab, 0xac,
  0x03, 0x03, 0xad, 0xae, 0xaf, 0xb0, 0xb1, 0x00, 0xb2, 0xb3, 0xb4, 0x03,
  0x03, 0xb5, 0xb6, 0xb7, 0xb8, 0xb9, 0xba, 0xbb, 0xbc, 0xbd, 0x03, 0x03,
  0x76, 0x76, 0x76, 0x76, 0x76, 0x76, 0x76, 0x76, 0x76, 0x03, 0x03, 0x00,
  0x00, 0x00, 0x00, 0x00, 0x00, 0x00, 0x00, 0x00, 0x03, 0x03, 0x40, 0x41,
  0x42, 0x43, 0x44, 0x45, 0x46, 0x47, 0x48, 0x03, 0x03, 0x49, 0x4a, 0x4b,
  0x4c, 0x4d, 0x4e, 0x4f, 0x50, 0x51, 0x03, 0x03, 0x52, 0x53, 0x54, 0x55,
  0x56, 0x57, 0x58, 0x59, 0x5a, 0x03, 0x03, 0x5b, 0x5c, 0x5d, 0x5e, 0x5f,
  0x60, 0x61, 0x62, 0x63, 0x03, 0x03, 0x64, 0x65, 0x66, 0x67, 0x68, 0x69,
  0x6a, 0x6b, 0x6c, 0x03, 0x03, 0x6d, 0x6e, 0x6f, 0x70, 0x71, 0x72, 0x73,
  0x74, 0x75, 0x03, 0x03, 0x1c, 0x1d, 0x1e, 0x1f, 0x20, 0x21, 0x22, 0x23,
  0x24, 0x03, 0x03, 0x25, 0x26, 0x27, 0x28, 0x29, 0x2a, 0x2b, 0x2c, 0x2d,
  0x03, 0x03, 0x2e, 0x2f, 0x30, 0x31, 0x32, 0x33, 0x34, 0x35, 0x36, 0x03,
  0x03, 0x37, 0x38, 0x39, 0x3a, 0x3b, 0x3c, 0x3d, 0x3e, 0x3f, 0x03, 0x03,
  0x01, 0x02, 0x03, 0x04, 0x05, 0x06, 0x07, 0x08, 0x09, 0x03, 0x03, 0x0a,
  0x0b, 0x0c, 0x0d, 0x0e, 0x0f, 0x10, 0x11, 0x12, 0x03, 0x03, 0x13, 0x14,
  0x15, 0x16, 0x17, 0x18, 0x19, 0x1a, 0x1b, 0x18, 0x03, 0x80, 0x83, 0x86,
  0x89, 0x8c, 0x8f, 0x92, 0x95, 0x98, 0x9b, 0x9e, 0xa1, 0xa4, 0xa7, 0xaa,
  0xad, 0xb0, 0xb3, 0xb6, 0xb9, 0xbc, 0xbf, 0xc2, 0xc5, 0x81, 0x84, 0x87,
  0x8a, 0x8d, 0x90, 0x93, 0x96, 0x99, 0x9c, 0x9f, 0xa2, 0xa5, 0xa8, 0xab,
  0xae, 0xb1, 0xb4, 0xb7, 0xba, 0xbd, 0xc0, 0xc3, 0xc6, 0x82, 0x85, 0x88,
  0x8b, 0x8e, 0x91, 0x94, 0x97, 0x9a, 0x9d, 0xa0, 0xa3, 0xa6, 0xa9, 0xac,
  0xaf, 0xb2, 0xb5, 0xb8, 0xbb, 0xbe, 0xc1, 0xc4, 0xc7, 0x01, 0x02, 0x04,
  0x06, 0x07, 0x07, 0x06, 0x04, 0x02, 0x01, 0x01, 0x02, 0x04, 0x06, 0x07,
  0x07, 0x06, 0x04, 0x02, 0x01, 0x01, 0x02, 0x04, 0x06, 0x07, 0x07, 0x06,
  0x04, 0x02, 0x01, 0x01, 0x02, 0x04, 0x1c, 0x06, 0x20, 0x21, 0x22, 0x23,
  0x24, 0x25, 0x26, 0x27, 0x28, 0x29, 0x2a, 0x2b, 0x2c, 0x2d, 0x2e, 0x2f,
  0x30, 0x31, 0x32, 0x33, 0x34, 0x35, 0x36, 0x37, 0x38, 0x39, 0x3a, 0x3b,
  0x3c, 0x3d, 0x3e, 0x3f, 0x40, 0x41, 0x42, 0x43, 0x44, 0x45, 0x46, 0x47,
  0x48, 0x49, 0x4a, 0x4b, 0x4c, 0x4d, 0x4e, 0x4f, 0x50, 0x51, 0x52, 0x53,
  0x54, 0x55, 0x56, 0x57, 0x58, 0x59, 0x5a, 0x5b, 0x5c, 0x5d, 0x5e, 0x5f,
  0x60, 0x61, 0x62, 0x63, 0x64, 0x65, 0x66, 0x67, 0x68, 0x69, 0x6a, 0x6b,
  0x6c, 0x6d, 0x6e, 0x6f, 0x70, 0x71, 0x72, 0x73, 0x74, 0x75, 0x76, 0x77,
  0x78, 0x79, 0x7a, 0x7b, 0x7c, 0x7d, 0x7e, 0x7f, 0x80, 0x81, 0x82, 0x83,
  0x84, 0x85, 0x86, 0x87, 0x88, 0x89, 0x8a, 0x8b, 0x8c, 0x8d, 0x8e, 0x8f,
  0x90, 0x91, 0x92, 0x93, 0x94, 0x95, 0x96, 0x97, 0x98, 0x99, 0x9a, 0x9b,
  0x9c, 0x9d, 0x9e, 0x9f, 0xa0, 0xa1, 0xa2, 0xa3, 0xa4, 0xa5, 0xa6, 0xa7,
  0xa8, 0xa9, 0xaa, 0xab, 0xac, 0xad, 0xae, 0xaf, 0xb0, 0xb1, 0xb2, 0xb3,
  0xb4, 0xb5, 0xb6, 0xb7, 0xb8, 0xb9, 0xba, 0xbb, 0xbc, 0xbd, 0xbe, 0xbf,
  0xc0, 0xc1, 0xc2, 0xc3, 0xc4, 0xc5, 0xc6, 0xc7, 0x00, 0x00, 0x00, 0x00,
  0x11, 0x05, 0x34, 0x05, 0x17, 0x01, 0x27, 0x03, 0x51, 0x01, 0x27, 0x06,
  0x71, 0x01, 0x74, 0x04, 0x61, 0x05, 0x64, 0x06, 0x11, 0x04, 0x65, 0x02,
  0x55, 0x05, 0x77, 0x07, 0x00, 0x00, 0x00, 0xa0, 0xa0, 0xa0, 0xa0, 0xe0,
  0x70, 0xf0, 0xf0, 0xf0, 0xf0, 0x00, 0x00, 0x00, 0x00, 0x00, 0x00, 0x20,
  0x20, 0x20, 0x20, 0xc0, 0x80, 0xd0, 0xd0, 0xd0, 0xd0, 0x00, 0x00, 0x00,
  0x00, 0x00, 0x00, 0xf0, 0xf0, 0xf0, 0xf0, 0xe0, 0x50, 0x70, 0x70, 0x70,
  0x70, 0x00, 0x00, 0x00, 0x20, 0x02, 0x6c, 0x46, 0x40, 0x22, 0x26, 0x2a,
  0x6c, 0x48, 0x3e, 0x6c, 0x40, 0x38, 0x22, 0x52, 0x6c, 0x4e, 0x32, 0x48,
  0x30, 0x6c, 0x26, 0x4a, 0x44, 0x46, 0x3e, 0x44, 0x6c, 0x36, 0x2a, 0x52,
  0x46, 0x6c, 0x6d, 0x47, 0x41, 0x23, 0x27, 0x2b, 0x6d, 0x49, 0x3f, 0x6d,
  0x41, 0x39, 0x23, 0x53, 0x6d, 0x4f, 0x33, 0x49, 0x31, 0x6d, 0x27, 0x4b,
  0x45, 0x47, 0x3f, 0x45, 0x6d, 0x37, 0x2b, 0x53, 0x47, 0x6d, 0x20, 0x02,
  0xcc, 0xcc, 0x84, 0xaa, 0xa8, 0xa8, 0x9e, 0x9c, 0xcc, 0xa8, 0x9e, 0xcc,
  0xa0, 0x98, 0x82, 0xb2, 0xcc, 0xae, 0x92, 0xa8, 0x90, 0xcc, 0x94, 0x9e,
  0xb2, 0xa6, 0xa8, 0x92, 0x86, 0x96, 0xcc, 0xcc, 0xcd, 0xcd, 0x85, 0xab,
  0xa9, 0xa9, 0x9f, 0x9d, 0xcd, 0xa9, 0x9f, 0xcd, 0xa1, 0x99, 0x83, 0xb3,
  0xcd, 0xaf, 0x93, 0xa9, 0x91, 0xcd, 0x95, 0x9f, 0xb3, 0xa7, 0xa9, 0x93,
  0x87, 0x97, 0xcd, 0xcd, 0x20, 0x02, 0x6c, 0x6c, 0x6c, 0x6c, 0x6c, 0x26,
  0x3e, 0x40, 0x52, 0x44, 0x32, 0x2e, 0x30, 0x48, 0x6c, 0x56, 0x60, 0x5e,
  0x5a, 0x6c, 0x28, 0x32, 0x3c, 0x22, 0x3a, 0x32, 0x26, 0x6c, 0x6c, 0x6c,
  0x6c, 0x6c, 0x6d, 0x6d, 0x6d, 0x6d, 0x6d, 0x27, 0x3f, 0x41, 0x53, 0x45,
  0x33, 0x2f, 0x31, 0x49, 0x6d, 0x57, 0x61, 0x5f, 0x5b, 0x6d, 0x29, 0x33,
  0x3d, 0x23, 0x3b, 0x33, 0x27, 0x6d, 0x6d, 0x6d, 0x6d, 0x6d, 0x20, 0x02,
  0x6c, 0x3a, 0x46, 0x50, 0x6c, 0x4c, 0x2a, 0x44, 0x46, 0x32, 0x3e, 0x3c,
  0x6c, 0x20, 0x58, 0x3e, 0x3e, 0x5c, 0x6c, 0x36, 0x22, 0x44, 0x3e, 0x46,
  0x30, 0x32, 0x6c, 0x26, 0x3e, 0x44, 0x40, 0x62, 0x6d, 0x3b, 0x47, 0x51,
  0x6d, 0x4d, 0x2b, 0x45, 0x47, 0x33, 0x3f, 0x3d, 0x6d, 0x21, 0x59, 0x3f,
  0x3f, 0x5d, 0x6d, 0x37, 0x23, 0x45, 0x3f, 0x47, 0x31, 0x33, 0x6d, 0x27,
  0x3f, 0x45, 0x41, 0x63, 0x20, 0x02, 0xcc, 0xcc, 0xcc, 0xcc, 0xcc, 0xcc,
  0xcc, 0xcc, 0xcc, 0xcc, 0xb2, 0x9e, 0xaa, 0xcc, 0x82, 0xa4, 0x8a, 0xcc,
  0x88, 0x8a, 0x82, 0x88, 0xcc, 0xcc, 0xcc, 0xcc, 0xcc, 0xcc, 0xcc, 0xcc,
  0xcc, 0xcc, 0xcd, 0xcd, 0xcd, 0xcd, 0xcd, 0xcd, 0xcd, 0xcd, 0xcd, 0xcd,
  0xb3, 0x9f, 0xab, 0xcd, 0x83, 0xa5, 0x8b, 0xcd, 0x89, 0x8b, 0x83, 0x89,
  0xcd, 0xcd, 0xcd, 0xcd, 0xcd, 0xcd, 0xcd, 0xcd, 0xcd, 0xcd, 0x20, 0x02,
  0x6c, 0x6c, 0x6c, 0x6c, 0x6c, 0x36, 0x2a, 0x2a, 0x40, 0x6c, 0x3e, 0x3c,
  0x6c, 0x48, 0x44, 0x52, 0x32, 0x3c, 0x2e, 0x64, 0x6c, 0x34, 0x3e, 0x30,
  0x3c, 0x52, 0x66, 0x6c, 0x6c, 0x6c, 0x6c, 0x6c, 0x6d, 0x6d, 0x6d, 0x6d,
  0x6d, 0x37, 0x2b, 0x2b, 0x41, 0x6d, 0x3f, 0x3d, 0x6d, 0x49, 0x45, 0x53,
  0x33, 0x3d, 0x2f, 0x65, 0x6d, 0x35, 0x3f, 0x31, 0x3d, 0x53, 0x67, 0x6d,
  0x6d, 0x6d, 0x6d, 0x6d, 0x20, 0x02, 0xcc, 0xcc, 0xcc, 0xcc, 0xcc, 0xcc,
  0xcc, 0xcc, 0xcc, 0x82, 0xa4, 0x8a, 0xcc, 0xb2, 0x9e, 0xaa, 0xcc, 0xa4,
  0x8a, 0x82, 0x88, 0xb2, 0xc8, 0xcc, 0xcc, 0xcc, 0xcc, 0xcc, 0xcc, 0xcc,
  0xcc, 0xcc, 0xcd, 0xcd, 0xcd, 0xcd, 0xcd, 0xcd, 0xcd, 0xcd, 0xcd, 0x83,
  0xa5, 0x8b, 0xcd, 0xb3, 0x9f, 0xab, 0xcd, 0xa5, 0x8b, 0x83, 0x89, 0xb3,
  0xc9, 0xcd, 0xcd, 0xcd, 0xcd, 0xcd, 0xcd, 0xcd, 0xcd, 0xcd, 0x20, 0x02,
  0xcc, 0xcc, 0xcc, 0xcc, 0xcc, 0xcc, 0xcc, 0xcc, 0xcc, 0xcc, 0xa8, 0x92,
  0x9a, 0x8a, 0xcc, 0x92, 0xa6, 0xcc, 0x9e, 0xac, 0x8a, 0xa4, 0xcc, 0xcc,
  0xcc, 0xcc, 0xcc, 0xcc, 0xcc, 0xcc, 0xcc, 0xcc, 0xcd, 0xcd, 0xcd, 0xcd,
  0xcd, 0xcd, 0xcd, 0xcd, 0xcd, 0xcd, 0xa9, 0x93, 0x9b, 0x8b, 0xcd, 0x93,
  0xa7, 0xcd, 0x9f, 0xad, 0x8b, 0xa5, 0xcd, 0xcd, 0xcd, 0xcd, 0xcd, 0xcd,
  0xcd, 0xcd, 0xcd, 0xcd, 0x20, 0x02, 0xcc, 0xcc, 0xcc, 0xcc, 0xcc, 0x86,
  0x9e, 0x9c, 0x8e, 0xa4, 0x82, 0xa8, 0xaa, 0x98, 0x82, 0xa8, 0x92, 0x9e,
  0x9c, 0xa6, 0xcc, 0x94, 0x9e, 0x90, 0x9c, 0xb2, 0xc6, 0xcc, 0xcc, 0xcc,
  0xcc, 0xcc, 0xcd, 0xcd, 0xcd, 0xcd, 0xcd, 0x87, 0x9f, 0x9d, 0x8f, 0xa5,
  0x83, 0xa9, 0xab, 0x99, 0x83, 0xa9, 0x93, 0x9f, 0x9d, 0xa7, 0xcd, 0x95,
  0x9f, 0x91, 0x9d, 0xb3, 0xc7, 0xcd, 0xcd, 0xcd, 0xcd, 0xcd, 0x20, 0x02,
  0xcc, 0xcc, 0xcc, 0xcc, 0x9c, 0x9e, 0xae, 0xcc, 0xb2, 0x9e, 0xaa, 0xcc,
  0x82, 0xa4, 0x8a, 0xcc, 0x82, 0xcc, 0xa4, 0x8a, 0x82, 0x98, 0xcc, 0x90,
  0x8a, 0xa4, 0x9e, 0xc6, 0xcc, 0xcc, 0xcc, 0xcc, 0xcd, 0xcd, 0xcd, 0xcd,
  0x9d, 0x9f, 0xaf, 0xcd, 0xb3, 0x9f, 0xab, 0xcd, 0x83, 0xa5, 0x8b, 0xcd,
  0x83, 0xcd, 0xa5, 0x8b, 0x83, 0x99, 0xcd, 0x91, 0x8b, 0xa5, 0x9f, 0xc7,
  0xcd, 0xcd, 0xcd, 0xcd, 0x20, 0x02, 0x6c, 0x6c, 0x6c, 0x46, 0x2a, 0x2a,
  0x6c, 0x52, 0x3e, 0x4a, 0x6c, 0x22, 0x2e, 0x22, 0x32, 0x3c, 0x6c, 0x32,
  0x3c, 0x6c, 0x24, 0x22, 0x24, 0x22, 0x38, 0x32, 0x24, 0x22, 0x66, 0x6c,
  0x6c, 0x6c, 0x6d, 0x6d, 0x6d, 0x47, 0x2b, 0x2b, 0x6d, 0x53, 0x3f, 0x4b,
  0x6d, 0x23, 0x2f, 0x23, 0x33, 0x3d, 0x6d, 0x33, 0x3d, 0x6d, 0x25, 0x23,
  0x25, 0x23, 0x39, 0x33, 0x25, 0x23, 0x67, 0x6d, 0x6d, 0x6d, 0x20, 0x02,
  0x6c, 0x6c, 0x6c, 0x6c, 0x6c, 0x48, 0x30, 0x22, 0x3c, 0x36, 0x6c, 0x52,
  0x3e, 0x4a, 0x6c, 0x2c, 0x3e, 0x44, 0x6c, 0x40, 0x38, 0x22, 0x52, 0x32,
  0x3c, 0x2e, 0x66, 0x6c, 0x6c, 0x6c, 0x6c, 0x6c, 0x6d, 0x6d, 0x6d, 0x6d,
  0x6d, 0x49, 0x31, 0x23, 0x3d, 0x37, 0x6d, 0x53, 0x3f, 0x4b, 0x6d, 0x2d,
  0x3f, 0x45, 0x6d, 0x41, 0x39, 0x23, 0x53, 0x33, 0x3d, 0x2f, 0x67, 0x6d,
  0x6d, 0x6d, 0x6d, 0x6d, 0x66, 0x66, 0x53, 0x41, 0x49, 0x4d, 0x41, 0x5a,
  0x4f, 0x4f, 0x4d, 0x66, 0x42, 0x59, 0x66, 0x44, 0x49, 0x4e, 0x41, 0x4d,
  0x49, 0x43, 0x66, 0x66, 0xa1, 0x66, 0x66, 0x66, 0x66, 0x66, 0x66, 0x66,
  0x66, 0x53, 0x54, 0x41, 0x52, 0x52, 0x49, 0x4e, 0x47, 0x66, 0x66, 0x66,
  0x66, 0x66, 0x66, 0x66, 0x66, 0x21, 0x66, 0x66, 0x66, 0x66, 0x66, 0x66,
  0x4a, 0x4f, 0x48, 0x4e, 0x59, 0x66, 0x66, 0x4a, 0x4f, 0x4e, 0x45, 0x53,
  0x66, 0x66, 0x66, 0x66, 0x66, 0x66, 0x31, 0x66, 0x66, 0x4f, 0x52, 0x49,
  0x47, 0x49, 0x4e, 0x41, 0x4c, 0x66, 0x56, 0x45, 0x52, 0x53, 0x49, 0x4f,
  0x4e, 0x66, 0x42, 0x59, 0x66, 0x66, 0x66, 0x61, 0x66, 0x66, 0x66, 0x66,
  0x66, 0x66, 0x56, 0x49, 0x43, 0x54, 0x4f, 0x52, 0x66, 0x52, 0x55, 0x49,
  0x5a, 0x66, 0x66, 0x66, 0x66, 0x66, 0x66, 0x66, 0x91, 0x66, 0x66, 0x66,
  0x4d, 0x53, 0x58, 0x66, 0x43, 0x4f, 0x4e, 0x56, 0x45, 0x52, 0x53, 0x49,
  0x4f, 0x4e, 0x66, 0x42, 0x59, 0x66, 0x66, 0x66, 0x66, 0xb1, 0x66, 0x66,
  0x4b, 0x41, 0x52, 0x4f, 0x53, 0x48, 0x49, 0x66, 0x43, 0x4f, 0x52, 0x50,
  0x4f, 0x52, 0x41, 0x54, 0x49, 0x4f, 0x4e, 0x66, 0x66, 0x66, 0xe1, 0x66,
  0x43, 0x4f, 0x44, 0x45, 0x62, 0x47, 0x46, 0x58, 0x66, 0x41, 0x4e, 0x44,
  0x66, 0x4d, 0x55, 0x53, 0x49, 0x43, 0x53, 0x66, 0x42, 0x59, 0x66, 0xd1,
  0x66, 0x66, 0x4a, 0x4f, 0x4e, 0x66, 0x43, 0x4f, 0x52, 0x54, 0x41, 0x5a,
  0x41, 0x52, 0x66, 0x41, 0x42, 0x52, 0x41, 0x49, 0x44, 0x4f, 0x66, 0x66,
  0x21, 0x66, 0x66, 0x66, 0x41, 0x44, 0x44, 0x49, 0x54, 0x49, 0x4f, 0x4e,
  0x41, 0x4c, 0x66, 0x43, 0x4f, 0x44, 0x45, 0x66, 0x42, 0x59, 0x66, 0x66,
  0x66, 0x51, 0x66, 0x45, 0x44, 0x55, 0x41, 0x52, 0x44, 0x4f, 0x66, 0x41,
  0x66, 0x52, 0x4f, 0x42, 0x53, 0x59, 0x66, 0x50, 0x45, 0x54, 0x52, 0x55,
  0x53, 0x66, 0x71, 0x66, 0x43, 0x52, 0x45, 0x44, 0x49, 0x54, 0x53, 0x66,
  0x41, 0x4e, 0x44, 0x66, 0x45, 0x46, 0x46, 0x45, 0x43, 0x54, 0x53, 0x66,
  0x42, 0x59, 0x66, 0xa1, 0x66, 0x66, 0x4a, 0x4f, 0x4e, 0x66, 0x43, 0x4f,
  0x52, 0x54, 0x41, 0x5a, 0x41, 0x52, 0x66, 0x41, 0x42, 0x52, 0x41, 0x49,
  0x44, 0x4f, 0x66, 0x66, 0x21, 0x66, 0x66, 0x66, 0x66, 0x66, 0x66, 0x66,
  0x4d, 0x41, 0x49, 0x4e, 0x66, 0x54, 0x45, 0x53, 0x54, 0x45, 0x52, 0x66,
  0x66, 0x66, 0x66, 0x66, 0x66, 0x61, 0x66, 0x66, 0x66, 0x53, 0x41, 0x4c,
  0x56, 0x41, 0x44, 0x4f, 0x52, 0x66, 0x50, 0x45, 0x52, 0x55, 0x47, 0x4f,
  0x52, 0x52, 0x49, 0x41, 0x66, 0x66, 0x91, 0x66, 0x66, 0x66, 0x57, 0x45,
  0x66, 0x57, 0x41, 0x4e, 0x54, 0x66, 0x54, 0x4f, 0x66, 0x54, 0x48, 0x41,
  0x4e, 0x4b, 0x61, 0x61, 0x61, 0x66, 0x66, 0x51, 0x66, 0x52, 0x45, 0x42,
  0x45, 0x43, 0x41, 0x66, 0x4c, 0x4c, 0x41, 0x47, 0x55, 0x4e, 0x4f, 0x66,
  0x46, 0x55, 0x45, 0x4e, 0x54, 0x45, 0x53, 0x66, 0x71, 0x66, 0x66, 0x49,
  0x42, 0x41, 0x4e, 0x66, 0x4e, 0x49, 0x45, 0x54, 0x4f, 0x66, 0x43, 0x41,
  0x53, 0x54, 0x49, 0x4c, 0x4c, 0x45, 0x52, 0x4f, 0x66, 0x71, 0x66, 0x66,
  0x66, 0x66, 0x66, 0x41, 0x4e, 0x44, 0x4f, 0x4e, 0x49, 0x66, 0x56, 0x45,
  0x4c, 0x41, 0x53, 0x43, 0x4f, 0x66, 0x66, 0x66, 0x66, 0x66, 0x71, 0x66,
  0x66, 0x66, 0x66, 0x50, 0x41, 0x54, 0x52, 0x49, 0x45, 0x4b, 0x66, 0x4c,
  0x45, 0x53, 0x50, 0x41, 0x52, 0x52, 0x45, 0x66, 0x66, 0x66, 0x66, 0x71,
  0x66, 0x66, 0x66, 0x4d, 0x41, 0x41, 0x52, 0x54, 0x45, 0x4e, 0x66, 0x56,
  0x41, 0x4e, 0x66, 0x53, 0x54, 0x52, 0x49, 0x45, 0x4e, 0x66, 0x66, 0x66,
  0x71, 0x66, 0x66, 0x66, 0x66, 0x66, 0x53, 0x50, 0x45, 0x43, 0x49, 0x41,
  0x4c, 0x66, 0x54, 0x48, 0x41, 0x4e, 0x4b, 0x53, 0x66, 0x66, 0x66, 0x66,
  0x66, 0x51, 0x66, 0x66, 0x66, 0x66, 0x41, 0x4c, 0x42, 0x45, 0x52, 0x54,
  0x66, 0x42, 0x45, 0x45, 0x56, 0x45, 0x4e, 0x44, 0x4f, 0x52, 0x50, 0x66,
  0x66, 0x66, 0x71, 0x66, 0x66, 0x66, 0x66, 0x66, 0x66, 0x66, 0x56, 0x49,
  0x53, 0x49, 0x54, 0x66, 0x55, 0x53, 0x66, 0x41, 0x54, 0x66, 0x66, 0x66,
  0x66, 0x66, 0x66, 0xa1, 0x66, 0x66, 0x66, 0x57, 0x57, 0x57, 0x61, 0x4b,
  0x41, 0x52, 0x4f, 0x53, 0x48, 0x49, 0x43, 0x4f, 0x52, 0x50, 0x61, 0x43,
  0x4f, 0x4d, 0x66, 0x66, 0x41, 0xff, 0x00, 0x01, 0x02, 0x03, 0x02, 0x01,
  0x03, 0x00, 0x03, 0x03, 0x00, 0x02, 0x00, 0x02, 0x01, 0x00, 0x01, 0x03,
  0x02, 0x01, 0x00, 0x01, 0x02, 0x02, 0x00, 0x02, 0x01, 0x03, 0x03, 0x01,
  0x02, 0x00, 0x09, 0x01, 0x23, 0x0b, 0x4c, 0x0f, 0x02, 0x16, 0x32, 0x27,
  0x15, 0x2b, 0x25, 0x3a, 0x3e, 0x3c, 0x12, 0x02, 0x05, 0x12, 0x0c, 0x1f,
  0x23, 0x25, 0x3a, 0x21, 0x49, 0x2f, 0x03, 0x36, 0x22, 0x42, 0x39, 0x05,
  0x0d, 0x13, 0x49, 0x11, 0x36, 0x25, 0x4c, 0x28, 0x12, 0x32, 0x1b, 0x3a,
  0x36, 0x41, 0x26, 0x02, 0x03, 0x0f, 0x2e, 0x12, 0x1a, 0x26, 0x45, 0x25,
  0x26, 0x2f, 0x06, 0x43, 0x2e, 0x3c, 0x12, 0x02, 0x05, 0x12, 0x0c, 0x1f,
  0x23, 0x25, 0x3a, 0x21, 0x49, 0x2f, 0x03, 0x36, 0x22, 0x42, 0x09, 0x01,
  0x23, 0x0b, 0x4c, 0x0f, 0x02, 0x16, 0x32, 0x27, 0x15, 0x2b, 0x25, 0x3a,
  0x3e, 0x3c, 0x26, 0x02, 0x03, 0x0f, 0x2e, 0x12, 0x1a, 0x26, 0x45, 0x25,
  0x26, 0x2f, 0x06, 0x43, 0x2e, 0x3c, 0x39, 0x05, 0x0d, 0x13, 0x49, 0x11,
  0x36, 0x25, 0x4c, 0x28, 0x12, 0x32, 0x1b, 0x3a, 0x36, 0x41, 0x3e, 0x08,
  0x1a, 0x19, 0x4c, 0x32, 0x22, 0x3c, 0x06, 0x2f, 0x4a, 0x40, 0x4c, 0x32,
  0x22, 0x3c, 0x2a, 0x05, 0x36, 0x25, 0x06, 0x2f, 0x4a, 0x40, 0x2e, 0x0a,
  0x0b, 0x19, 0x22, 0x40, 0x36, 0x3d, 0x0e, 0x09, 0x11, 0x2f, 0x22, 0x40,
  0x36, 0x3d, 0x0e, 0x09, 0x11, 0x2f, 0x2d, 0x2c, 0x33, 0x43, 0x24, 0x05,
  0x4c, 0x25, 0x06, 0x2c, 0x42, 0x43, 0x4c, 0x11, 0x1d, 0x17, 0x4c, 0x11,
  0x1d, 0x17, 0x23, 0x32, 0x4c, 0x34, 0x02, 0x11, 0x35, 0x0a, 0x02, 0x11,
  0x35, 0x0a, 0x3b, 0x3b, 0x1d, 0x43, 0x0a, 0x09, 0x4d, 0x02, 0x0a, 0x09,
  0x4d, 0x02, 0x4a, 0x28, 0x4b, 0x43, 0x24, 0x05, 0x4c, 0x25, 0x21, 0x18,
  0x36, 0x1a, 0x3c, 0x1d, 0x19, 0x2c, 0x22, 0x39, 0x4a, 0x33, 0x23, 0x04,
  0x06, 0x43, 0x23, 0x04, 0x25, 0x1d, 0x05, 0x2e, 0x44, 0x2b, 0x22, 0x35,
  0x3b, 0x35, 0x33, 0x08, 0x2c, 0x17, 0x33, 0x08, 0x2c, 0x17, 0x11, 0x20,
  0x44, 0x28, 0x4a, 0x35, 0x19, 0x42, 0x33, 0x08, 0x2c, 0x17, 0x0e, 0x03,
  0x3c, 0x17, 0x02, 0x24, 0x35, 0x2b, 0x0c, 0x3a, 0x2e, 0x43, 0x0e, 0x03,
  0x3c, 0x17, 0x16, 0x09, 0x4b, 0x03, 0x02, 0x1d, 0x1b, 0x2b, 0x32, 0x2c,
  0x44, 0x33, 0x29, 0x03, 0x14, 0x26, 0x3a, 0x28, 0x0b, 0x36, 0x1e, 0x34,
  0x43, 0x42, 0x29, 0x03, 0x14, 0x26, 0x3a, 0x28, 0x0b, 0x36, 0x1e, 0x34,
  0x43, 0x42, 0x3c, 0x04, 0x05, 0x11, 0x0c, 0x2b, 0x4d, 0x2e, 0x12, 0x36,
  0x29, 0x34, 0x3c, 0x04, 0x05, 0x11, 0x0c, 0x2b, 0x4d, 0x2e, 0x12, 0x36,
  0x29, 0x34, 0x1a, 0x03, 0x4b, 0x01, 0x13, 0x12, 0x03, 0x32, 0x35, 0x36,
  0x2c, 0x41, 0x1a, 0x03, 0x4b, 0x01, 0x13, 0x12, 0x03, 0x32, 0x35, 0x36,
  0x2c, 0x41, 0x16, 0x09, 0x4b, 0x03, 0x02, 0x1d, 0x1b, 0x2b, 0x32, 0x2c,
  0x44, 0x33, 0x34, 0x03, 0x4d, 0x19, 0x0b, 0x1e, 0x2c, 0x36, 0x42, 0x02,
  0x12, 0x0f, 0x4c, 0x1f, 0x45, 0x3b, 0x45, 0x11, 0x1b, 0x16, 0x42, 0x1a,
  0x1b, 0x2c, 0x1a, 0x0c, 0x43, 0x1e, 0x4a, 0x3a, 0x1b, 0x41, 0x2c, 0x08,
  0x19, 0x3c, 0x04, 0x17, 0x42, 0x26, 0x45, 0x01, 0x0b, 0x16, 0x40, 0x0f,
  0x22, 0x1f, 0xfe, 0xfe, 0xff, 0x00, 0x00, 0x01, 0x02, 0x02, 0x00, 0x00,
  0x00, 0x00, 0x00, 0x00, 0x00, 0x00, 0x00, 0x00, 0x00, 0x00, 0x00, 0x00,
  0x00, 0x00, 0x00, 0x00, 0x00, 0x00, 0x00, 0x00, 0x00, 0x00, 0x00, 0x00,
  0x00, 0x00, 0x00, 0x00, 0x00, 0x00, 0x00, 0x00, 0x00, 0x00, 0x00, 0x00,
  0x00, 0x00, 0x00, 0x00, 0x00, 0x00, 0x00, 0x00, 0x00, 0x00, 0x00, 0x00,
  0x00, 0x00, 0x00, 0x00, 0x00, 0x00, 0x00, 0x00, 0x00, 0x00, 0x00, 0x00,
  0x00, 0x00, 0x00, 0x00, 0x00, 0x00, 0x00, 0x00, 0x00, 0x00, 0x00, 0x00,
  0x00, 0x00, 0x00, 0x00, 0x00, 0x00, 0x00, 0x00, 0x00, 0x00, 0x00, 0x00,
  0x00, 0x00, 0x00, 0x00, 0x00, 0x00, 0x00, 0x00, 0x00, 0x00, 0x00, 0x00,
  0x00, 0x00, 0x00, 0x00, 0x00, 0x00, 0x00, 0x00, 0x00, 0x00, 0x00, 0x00,
  0x00, 0x00, 0x00, 0x00, 0x00, 0x00, 0x00, 0x00, 0x00, 0x00, 0x00, 0x00,
  0x00, 0x00, 0x00, 0x00, 0x00, 0x00, 0x00, 0x00, 0x00, 0x00, 0x00, 0x00,
  0x00, 0x00, 0x00, 0x00, 0x00, 0x00, 0x00, 0x00, 0x00, 0x00, 0x00, 0x00,
  0x00, 0x00, 0x00, 0x00, 0x00, 0x00, 0x00, 0x00, 0x00, 0x00, 0x00, 0x00,
  0x00, 0x00, 0x00, 0x00, 0x00, 0x00, 0x00, 0x00, 0x00, 0x00, 0x00, 0x00,
  0x00, 0x00, 0x00, 0x00, 0x00, 0x00, 0x00, 0x00, 0x00, 0x00, 0x00, 0x00,
  0x00, 0x00, 0x00, 0x00, 0x00, 0x00, 0x00, 0x00, 0x00, 0x00, 0x00, 0x00,
  0x00, 0x00, 0x00, 0x00, 0x00, 0x00, 0x00, 0x00, 0x00, 0x00, 0x00, 0x00,
  0x00, 0x00, 0x00, 0x00, 0x00, 0x00, 0x00, 0x00, 0x00, 0x00, 0x00, 0x00,
  0x00, 0x00, 0x00, 0x00, 0x00, 0x00, 0x00, 0x00, 0x00, 0x00, 0x00, 0x00,
  0x00, 0x00, 0x00, 0x00, 0x00, 0x00, 0x00, 0x00, 0x00, 0x00, 0x00, 0x00,
  0x00, 0x00, 0x00, 0x00, 0x00, 0x00, 0x00, 0x00, 0x00, 0x00, 0x00, 0x00,
  0x00, 0x00, 0x00, 0x00, 0x00, 0x00, 0x00, 0x00, 0x00, 0x00, 0x00, 0x00,
  0x00, 0x00, 0x00, 0x00, 0x00, 0x00, 0x00, 0x00, 0x00, 0x00, 0x00, 0x00,
  0x00, 0x00, 0x00, 0x00, 0x00, 0x00, 0x00, 0x00, 0x00, 0x00, 0x00, 0x00,
  0x00, 0x00, 0x00, 0x00, 0x00, 0x00, 0x00, 0x00, 0x00, 0x00, 0x00, 0x00,
  0x00, 0x00, 0x00, 0x00, 0x00, 0x00, 0x00, 0x00, 0x00, 0x00, 0x00, 0x00,
  0x00, 0x00, 0x00, 0x00, 0x00, 0x00, 0x00, 0x00, 0x00, 0x00, 0x00, 0x00,
  0x00, 0x00, 0x00, 0x00, 0x00, 0x00, 0x00, 0x00, 0x00, 0x00, 0x00, 0x00,
  0x00, 0x00, 0x00, 0x00, 0x00, 0x00, 0x00, 0x00, 0x00, 0x00, 0x00, 0x00,
  0x00, 0x00, 0x00, 0x00, 0x00, 0x00, 0x00, 0x00, 0x00, 0x00, 0x00, 0x00,
  0x00, 0x00, 0x00, 0x00, 0x00, 0x00, 0x00, 0x00, 0x00, 0x00, 0x00, 0x00,
  0x00, 0x00, 0x00, 0x00, 0x00, 0x00, 0x00, 0x00, 0x00, 0x00, 0x00, 0x00,
  0x00, 0x00, 0x00, 0x00, 0x00, 0x00, 0x00, 0x00, 0x00, 0x00, 0x00, 0x00,
  0x00, 0x00, 0x00, 0x00, 0x00, 0x00, 0x00, 0x00, 0x00, 0x00, 0x00, 0x00,
  0x00, 0x00, 0x00, 0x00, 0x00, 0x00, 0x00, 0x00, 0x00, 0x00, 0x00, 0x00,
  0x00, 0x00, 0x00, 0x00, 0x00, 0x00, 0x00, 0x00, 0x00, 0x00, 0x00, 0x00,
  0x00, 0x00, 0x00, 0x00, 0x00, 0x00, 0x00, 0x00, 0x00, 0x00, 0x00, 0x00,
  0x00, 0x00, 0x00, 0x00, 0x00, 0x00, 0x00, 0x00, 0x00, 0x00, 0x00, 0x00,
  0x00, 0x00, 0x00, 0x00, 0x00, 0x00, 0x00, 0x00, 0x00, 0x00, 0x00, 0x00,
  0x00, 0x00, 0x00, 0x00, 0x00, 0x00, 0x00, 0x00, 0x00, 0x00, 0x00, 0x00,
  0x00, 0x00, 0x00, 0x00, 0x00, 0x00, 0x00, 0x00, 0x00, 0x00, 0x00, 0x00,
  0x00, 0x00, 0x00, 0x00, 0x00, 0x00, 0x00, 0x00, 0x00, 0x00, 0x00, 0x00,
  0x00, 0x00, 0x00, 0x00, 0x00, 0x00, 0x00, 0x00, 0x00, 0x00, 0x00, 0x00,
  0x00, 0x00, 0x00, 0x00, 0x00, 0x00, 0x00, 0x00, 0x00, 0x00, 0x00, 0x00,
  0x00, 0x00, 0x00, 0x00, 0x00, 0x00, 0x00, 0x00, 0x00, 0x00, 0x00, 0x00,
  0x00, 0x00, 0x00, 0x00, 0x00, 0x00, 0x00, 0x00, 0x00, 0x00, 0x00, 0x00,
  0x00, 0x00, 0x00, 0x00, 0x00, 0x00, 0x00, 0x00, 0x00, 0x00, 0x00, 0x00,
  0x00, 0x00, 0x00, 0x00, 0x00, 0x00, 0x00, 0x00, 0x00, 0x00, 0x00, 0x00,
  0x00, 0x00, 0x00, 0x00, 0x00, 0x00, 0x00, 0x00, 0x00, 0x00, 0x00, 0x00,
  0x00, 0x00, 0x00, 0x00, 0x00, 0x00, 0x00, 0x00, 0x00, 0x00, 0x00, 0x00,
  0x00, 0x00, 0x00, 0x00, 0x00, 0x00, 0x00, 0x00, 0x00, 0x00, 0x00, 0x00,
  0x00, 0x00, 0x00, 0x00, 0x00, 0x00, 0x00, 0x00, 0x00, 0x00, 0x00, 0x00,
  0x00, 0x00, 0x00, 0x00, 0x00, 0x00, 0x00, 0x00, 0x00, 0x00, 0x00, 0x00,
  0x00, 0x00, 0x00, 0x00, 0x00, 0x00, 0x00, 0x00, 0x00, 0x00, 0x00, 0x00,
  0x00, 0x00, 0x00, 0x00, 0x00, 0x00, 0x00, 0x00, 0x00, 0x00, 0x00, 0x00,
  0x00, 0x00, 0x00, 0x00, 0x00, 0x00, 0x00, 0x00, 0x00, 0x00, 0x00, 0x00,
  0x00, 0x00, 0x00, 0x00, 0x00, 0x00, 0x00, 0x00, 0x00, 0x00, 0x00, 0x00,
  0x00, 0x00, 0x00, 0x00, 0x00, 0x00, 0x00, 0x00, 0x00, 0x00, 0x00, 0x00,
  0x00, 0x00, 0x00, 0x00, 0x00, 0x00, 0x00, 0x00, 0x00, 0x00, 0x00, 0x00,
  0x00, 0x00, 0x00, 0x00, 0x00, 0x00, 0x00, 0x00, 0x00, 0x00, 0x00, 0x00,
  0x00, 0x00, 0x00, 0x00, 0x00, 0x00, 0x00, 0x00, 0x00, 0x00, 0x00, 0x00,
  0x00, 0x00, 0x00, 0x00, 0x00, 0x00, 0x00, 0x00, 0x00, 0x00, 0x00, 0x00,
  0x00, 0x00, 0x00, 0x00, 0x00, 0x00, 0x00, 0x00, 0x00, 0x00, 0x00, 0x00,
  0x00, 0x00, 0x00, 0x00, 0x00, 0x00, 0x00, 0x00, 0x00, 0x00, 0x00, 0x00,
  0x00, 0x00, 0x00, 0x00, 0x00, 0x00, 0x00, 0x00, 0x00, 0x00, 0x00, 0x00,
  0x00, 0x00, 0x00, 0x00, 0x00, 0x00, 0x00, 0x00, 0x00, 0x00, 0x00, 0x00,
  0x00, 0x00, 0x00, 0x00, 0x00, 0x00, 0x00, 0x00, 0x00, 0x00, 0x00, 0x00,
  0x00, 0x00, 0x00, 0x00, 0x00, 0x00, 0x00, 0x00, 0x00, 0x00, 0x00, 0x00,
  0x00, 0x00, 0x00, 0x00, 0x00, 0x00, 0x00, 0x00, 0x00, 0x00, 0x00, 0x00,
  0x00, 0x00, 0x00, 0x00, 0x00, 0x00, 0x00, 0x00, 0x00, 0x00, 0x00, 0x00,
  0x00, 0x00, 0x00, 0x00, 0x00, 0x00, 0x00, 0x00, 0x00, 0x00, 0x00, 0x00,
  0x00, 0x00, 0x00, 0x00, 0x00, 0x00, 0x00, 0x00, 0x00, 0x00, 0x00, 0x00,
  0x00, 0x00, 0x00, 0x00, 0x00, 0x00, 0x00, 0x00, 0x00, 0x00, 0x00, 0x00,
  0x00, 0x00, 0x00, 0x00, 0x00, 0x00, 0x00, 0x00, 0x00, 0x00, 0x00, 0x00,
  0x00, 0x00, 0x00, 0x00, 0x00, 0x00, 0x00, 0x00, 0x00, 0x00, 0x00, 0x00,
  0x00, 0x00, 0x00, 0x00, 0x00, 0x00, 0x00, 0x00, 0x00, 0x00, 0x00, 0x00,
  0x00, 0x00, 0x00, 0x00, 0x00, 0x00, 0x00, 0x00, 0x00, 0x00, 0x00, 0x00,
  0x00, 0x00, 0x00, 0x00, 0x00, 0x00, 0x00, 0x00, 0x00, 0x00, 0x00, 0x00,
  0x00, 0x00, 0x00, 0x00, 0x00, 0x00, 0x00, 0x00, 0x00, 0x00, 0x00, 0x00,
  0x00, 0x00, 0x00, 0x00, 0x00, 0x00, 0x00, 0x00, 0x00, 0x00, 0x00, 0x00,
  0x00, 0x00, 0x00, 0x00, 0x00, 0x00, 0x00, 0x00, 0x00, 0x00, 0x00, 0x00,
  0x00, 0x00, 0x00, 0x00, 0x00, 0x00, 0x00, 0x00, 0x00, 0x00, 0x00, 0x00,
  0x00, 0x00, 0x00, 0x00, 0x00, 0x00, 0x00, 0x00, 0x00, 0x00, 0x00, 0x00,
  0x00, 0x00, 0x00, 0x00, 0x00, 0x00, 0x00, 0x00, 0x00, 0x00, 0x00, 0x00,
  0x00, 0x00, 0x00, 0x00, 0x00, 0x00, 0x00, 0x00, 0x00, 0x00, 0x00, 0x00,
  0x00, 0x00, 0x00, 0x00, 0x00, 0x00, 0x00, 0x00, 0x00, 0x00, 0x00, 0x00,
  0x00, 0x00, 0x00, 0x00, 0x00, 0x00, 0x00, 0x00, 0x00, 0x00, 0x00, 0x00,
  0x00, 0x00, 0x00, 0x00, 0x00, 0x00, 0x00, 0x00, 0x00, 0x00, 0x00, 0x00,
  0x00, 0x00, 0x00, 0x00, 0x00, 0x00, 0x00, 0x00, 0x00, 0x00, 0x00, 0x00,
  0x00, 0x00, 0x00, 0x00, 0x00, 0x00, 0x00, 0x00, 0x00, 0x00, 0x00, 0x00,
  0x00, 0x00, 0x00, 0x00, 0x00, 0x00, 0x00, 0x00, 0x00, 0x00, 0x00, 0x00,
  0x00, 0x00, 0x00, 0x00, 0x00, 0x00, 0x00, 0x00, 0x00, 0x00, 0x00, 0x00,
  0x00, 0x00, 0x00, 0x00, 0x00, 0x00, 0x00, 0x00, 0x00, 0x00, 0x00, 0x00,
  0x00, 0x00, 0x00, 0x00, 0x00, 0x00, 0x00, 0x00, 0x00, 0x00, 0x00, 0x00,
  0x00, 0x00, 0x00, 0x00, 0x00, 0x00, 0x00, 0x00, 0x00, 0x00, 0x00, 0x00,
  0x00, 0x00, 0x00, 0x00, 0x00, 0x00, 0x00, 0x00, 0x00, 0x00, 0x00, 0x00,
  0x00, 0x00, 0x00, 0x00, 0x00, 0x00, 0x00, 0x00, 0x00, 0x00, 0x00, 0x00,
  0x00, 0x00, 0x00, 0x00, 0x00, 0x00, 0x00, 0x00, 0x00, 0x00, 0x00, 0x00,
  0x00, 0x00, 0x00, 0x00, 0x00, 0x00, 0x00, 0x00, 0x00, 0x00, 0x00, 0x00,
  0x00, 0x00, 0x00, 0x00, 0x00, 0x00, 0x00, 0x00, 0x00, 0x00, 0x00, 0x00,
  0x00, 0x00, 0x00, 0x00, 0x00, 0x00, 0x00, 0x00, 0x00, 0x00, 0x00, 0x00,
  0x00, 0x00, 0x00, 0x00, 0x00, 0x00, 0x00, 0x00, 0x00, 0x00, 0x00, 0x00,
  0x00, 0x00, 0x00, 0x00, 0x00, 0x00, 0x00, 0x00, 0x00, 0x00, 0x00, 0x00,
  0x00, 0x00, 0x00, 0x00, 0x00, 0x00, 0x00, 0x00, 0x00, 0x00, 0x00, 0x00,
  0x00, 0x00, 0x00, 0x00, 0x00, 0x00, 0x00, 0x00, 0x00, 0x00, 0x00, 0x00,
  0x00, 0x00, 0x00, 0x00, 0x00, 0x00, 0x00, 0x00, 0x00, 0x00, 0x00, 0x00,
  0x00, 0x00, 0x00, 0x00, 0x00, 0x00, 0x00, 0x00, 0x00, 0x00, 0x00, 0x00,
  0x00, 0x00, 0x00, 0x00, 0x00, 0x00, 0x00, 0x00, 0x00, 0x00, 0x00, 0x00,
  0x00, 0x00, 0x00, 0x00, 0x00, 0x00, 0x00, 0x00, 0x00, 0x00, 0x00, 0x00,
  0x00, 0x00, 0x00, 0x00, 0x00, 0x00, 0x00, 0x00, 0x00, 0x00, 0x00, 0x00,
  0x00, 0x00, 0x00, 0x00, 0x00, 0x00, 0x00, 0x00, 0x00, 0x00, 0x00, 0x00,
  0x00, 0x00, 0x00, 0x00, 0x00, 0x00, 0x00, 0x00, 0x00, 0x00, 0x00, 0x00,
  0x00, 0x00, 0x00, 0x00, 0x00, 0x00, 0x00, 0x00, 0x00, 0x00, 0x00, 0x00,
  0x00, 0x00, 0x00, 0x00, 0x00, 0x00, 0x00, 0x00, 0x00, 0x00, 0x00, 0x00,
  0x00, 0x00, 0x00, 0x00, 0x00, 0x00, 0x00, 0x00, 0x00, 0x00, 0x00, 0x00,
  0x00, 0x00, 0x00, 0x00, 0x00, 0x00, 0x00, 0x00, 0x00, 0x00, 0x00, 0x00,
  0x00, 0x00, 0x00, 0x00, 0x00, 0x00, 0x00, 0x00, 0x00, 0x00, 0x00, 0x00,
  0x00, 0x00, 0x00, 0x00, 0x00, 0x00, 0x00, 0x00, 0x00, 0x00, 0x00, 0x00,
  0x00, 0x00, 0x00, 0x00, 0x00, 0x00, 0x00, 0x00, 0x00, 0x00, 0x00, 0x00,
  0x00, 0x00, 0x00, 0x00, 0x00, 0x00, 0x00, 0x00, 0x00, 0x00, 0x00, 0x00,
  0x00, 0x00, 0x00, 0x00, 0x00, 0x00, 0x00, 0x00, 0x00, 0x00, 0x00, 0x00,
  0x00, 0x00, 0x00, 0x00, 0x00, 0x00, 0x00, 0x00, 0x00, 0x00, 0x00, 0x00,
  0x00, 0x00, 0x00, 0x00, 0x00, 0x00, 0x00, 0x00, 0x00, 0x00, 0x00, 0x00,
  0x00, 0x00, 0x00, 0x00, 0x00, 0x00, 0x00, 0x00, 0x00, 0x00, 0x00, 0x00,
  0x00, 0x00, 0x00, 0x00, 0x00, 0x00, 0x00, 0x00, 0x00, 0x00, 0x00, 0x00,
  0x00, 0x00, 0x00, 0x00, 0x00, 0x00, 0x00, 0x00, 0x00, 0x00, 0x00, 0x00,
  0x00, 0x00, 0x00, 0x00, 0x00, 0x00, 0x00, 0x00, 0x00, 0x00, 0x00, 0x00,
  0x00, 0x00, 0x00, 0x00, 0x00, 0x00, 0x00, 0x00, 0x00, 0x00, 0x00, 0x00,
  0x00, 0x00, 0x00, 0x00, 0x00, 0x00, 0x00, 0x00, 0x00, 0x00, 0x00, 0x00,
  0x00, 0x00, 0x00, 0x00, 0x00, 0x00, 0x00, 0x00, 0x00, 0x00, 0x00, 0x00,
  0x00, 0x00, 0x00, 0x00, 0x00, 0x00, 0x00, 0x00, 0x00, 0x00, 0x00, 0x00,
  0x00, 0x00, 0x00, 0x00, 0x00, 0x00, 0x00, 0x00, 0x00, 0x00, 0x00, 0x00,
  0x00, 0x00, 0x00, 0x00, 0x00, 0x00, 0x00, 0x00, 0x00, 0x00, 0x00, 0x00,
  0x00, 0x00, 0x00, 0x00, 0x00, 0x00, 0x00, 0x00, 0x00, 0x00, 0x00, 0x00,
  0x00, 0x00, 0x00, 0x00, 0x00, 0x00, 0x00, 0x00, 0x00, 0x00, 0x00, 0x00,
  0x00, 0x00, 0x00, 0x00, 0x00, 0x00, 0x00, 0x00, 0x00, 0x00, 0x00, 0x00,
  0x00, 0x00, 0x00, 0x00, 0x00, 0x00, 0x00, 0x00, 0x00, 0x00, 0x00, 0x00,
  0x00, 0x00, 0x00, 0x00, 0x00, 0x00, 0x00, 0x00, 0x00, 0x00, 0x00, 0x00,
  0x00, 0x00, 0x00, 0x00, 0x00, 0x00, 0x00, 0x00, 0x00, 0x00, 0x00, 0x00,
  0x00, 0x00, 0x00, 0x00, 0x00, 0x00, 0x00, 0x00, 0x00, 0x00, 0x00, 0x00,
  0x00, 0x00, 0x00, 0x00, 0x00, 0x00, 0x00, 0x00, 0x00, 0x00, 0x00, 0x00,
  0x00, 0x00, 0x00, 0x00, 0x00, 0x00, 0x00, 0x00, 0x00, 0x00, 0x00, 0x00,
  0x00, 0x00, 0x00, 0x00, 0x00, 0x00, 0x00, 0x00, 0x00, 0x00, 0x00, 0x00,
  0x00, 0x00, 0x00, 0x00, 0x00, 0x00, 0x00, 0x00, 0x00, 0x00, 0x00, 0x00,
  0x00, 0x00, 0x00, 0x00, 0x00, 0x00, 0x00, 0x00, 0x00, 0x00, 0x00, 0x00,
  0x00, 0x00, 0x00, 0x00, 0x00, 0x00, 0x00, 0x00, 0x00, 0x00, 0x00, 0x00,
  0x00, 0x00, 0x00, 0x00, 0x00, 0x00, 0x00, 0x00, 0x00, 0x00, 0x00, 0x00,
  0x00, 0x00, 0x00, 0x00, 0x00, 0x00, 0x00, 0x00, 0x00, 0x00, 0x00, 0x00,
  0x00, 0x00, 0x00, 0x00, 0x00, 0x00, 0x00, 0x00, 0x00, 0x00, 0x00, 0x00,
  0x00, 0x00, 0x00, 0x00, 0x00, 0x00, 0x00, 0x00, 0x00, 0x00, 0x00, 0x00,
  0x00, 0x00, 0x00, 0x00, 0x00, 0x00, 0x00, 0x00, 0x00, 0x00, 0x00, 0x00,
  0x00, 0x00, 0x00, 0x00, 0x00, 0x00, 0x00, 0x00, 0x00, 0x00, 0x00, 0x00,
  0x00, 0x00, 0x00, 0x00, 0x00, 0x00, 0x00, 0x00, 0x00, 0x00, 0x00, 0x00,
  0x00, 0x00, 0x00, 0x00, 0x00, 0x00, 0x00, 0x00, 0x00, 0x00, 0x00, 0x00,
  0x00, 0x00, 0x00, 0x00, 0x00, 0x00, 0x00, 0x00, 0x00, 0x00, 0x00, 0x00,
  0x00, 0x00, 0x00, 0x00, 0x00, 0x00, 0x00, 0x00, 0x00, 0x00, 0x00, 0x00,
  0x00, 0x00, 0x00, 0x00, 0x00, 0x00, 0x00, 0x00, 0x00, 0x00, 0x00, 0x00,
  0x00, 0x00, 0x00, 0x00, 0x00, 0x00, 0x00, 0x00, 0x00, 0x00, 0x00, 0x00,
  0x00, 0x00, 0x00, 0x00, 0x00, 0x00, 0x00, 0x00, 0x00, 0x00, 0x00, 0x00,
  0x00, 0x00, 0x00, 0x00, 0x00, 0x00, 0x00, 0x00, 0x00, 0x00, 0x00, 0x00,
  0x00, 0x00, 0x00, 0x00, 0x00, 0x00, 0x00, 0x00, 0x00, 0x00, 0x00, 0x00,
  0x00, 0x00, 0x00, 0x00, 0x00, 0x00, 0x00, 0x00, 0x00, 0x00, 0x00, 0x00,
  0x00, 0x00, 0x00, 0x00, 0x00, 0x00, 0x00, 0x00, 0x00, 0x00, 0x00, 0x00,
  0x00, 0x00, 0x00, 0x00, 0x00, 0x00, 0x00, 0x00, 0x00, 0x00, 0x00, 0x00,
  0x00, 0x00, 0x00, 0x00, 0x00, 0x00, 0x00, 0x00, 0x00, 0x00, 0x00, 0x00,
  0x00, 0x00, 0x00, 0x00, 0x00, 0x00, 0x00, 0x00, 0x00, 0x00, 0x00, 0x00,
  0x00, 0x00, 0x00, 0x00, 0x00, 0x00, 0x00, 0x00, 0x00, 0x00, 0x00, 0x00,
  0x00, 0x00, 0x00, 0x00, 0x00, 0x00, 0x00, 0x00, 0x00, 0x00, 0x00, 0x00,
  0x00, 0x00, 0x00, 0x00, 0x00, 0x00, 0x00, 0x00, 0x00, 0x00, 0x00, 0x00,
  0x00, 0x00, 0x00, 0x00, 0x00, 0x00, 0x00, 0x00, 0x00, 0x00, 0x00, 0x00,
  0x00, 0x00, 0x00, 0x00, 0x00, 0x00, 0x00, 0x00, 0x00, 0x00, 0x00, 0x00,
  0x00, 0x00, 0x00, 0x00, 0x00, 0x00, 0x00, 0x00, 0x00, 0x00, 0x00, 0x00,
  0x00, 0x00, 0x00, 0x00, 0x00, 0x00, 0x00, 0x00, 0x00, 0x00, 0x00, 0x00,
  0x00, 0x00, 0x00, 0x00, 0x00, 0x00, 0x00, 0x00, 0x00, 0x00, 0x00, 0x00,
  0x00, 0x00, 0x00, 0x00, 0x00, 0x00, 0x00, 0x00, 0x00, 0x00, 0x00, 0x00,
  0x00, 0x00, 0x00, 0x00, 0x00, 0x00, 0x00, 0x00, 0x00, 0x00, 0x00, 0x00,
  0x00, 0x00, 0x00, 0x00, 0x00, 0x00, 0x00, 0x00, 0x00, 0x00, 0x00, 0x00,
  0x00, 0x00, 0x00, 0x00, 0x00, 0x00, 0x00, 0x00, 0x00, 0x00, 0x00, 0x00,
  0x00, 0x00, 0x00, 0x00, 0x00, 0x00, 0x00, 0x00, 0x00, 0x00, 0x00, 0x00,
  0x00, 0x00, 0x00, 0x00, 0x00, 0x00, 0x00, 0x00, 0x00, 0x00, 0x00, 0x00,
  0x00, 0x00, 0x00, 0x00, 0x00, 0x00, 0x00, 0x00, 0x00, 0x00, 0x00, 0x00,
  0x00, 0x00, 0x00, 0x00, 0x00, 0x00, 0x00, 0x00, 0x00, 0x00, 0x00, 0x00,
  0x00, 0x00, 0x00, 0x00, 0x00, 0x00, 0x00, 0x00, 0x00, 0x00, 0x00, 0x00,
  0x00, 0x00, 0x00, 0x00, 0x00, 0x00, 0x00, 0x00, 0x00, 0x00, 0x00, 0x00,
  0x00, 0x00, 0x00, 0x00, 0x00, 0x00, 0x00, 0x00, 0x00, 0x00, 0x00, 0x00,
  0x00, 0x00, 0x00, 0x00, 0x00, 0x00, 0x00, 0x00, 0x00, 0x00, 0x00, 0x00,
  0x00, 0x00, 0x00, 0x00, 0x00, 0x00, 0x00, 0x00, 0x00, 0x00, 0x00, 0x00,
  0x00, 0x00, 0x00, 0x00, 0x00, 0x00, 0x00, 0x00, 0x00, 0x00, 0x00, 0x00,
  0x00, 0x00, 0x00, 0x00, 0x00, 0x00, 0x00, 0x00, 0x00, 0x00, 0x00, 0x00,
  0x00, 0x00, 0x00, 0x00, 0x00, 0x00, 0x00, 0x00, 0x00, 0x00, 0x00, 0x00,
  0x00, 0x00, 0x00, 0x00, 0x00, 0x00, 0x00, 0x00, 0x00, 0x00, 0x00, 0x00,
  0x00, 0x00, 0x00, 0x00, 0x00, 0x00, 0x00, 0x00, 0x00, 0x00, 0x00, 0x00,
  0x00, 0x00, 0x00, 0x00, 0x00, 0x00, 0x00, 0x00, 0x00, 0x00, 0x00, 0x00,
  0x00, 0x00, 0x00, 0x00, 0x00, 0x00, 0x00, 0x00, 0x00, 0x00, 0x00, 0x00,
  0x00, 0x00, 0x00, 0x00, 0x00, 0x00, 0x00, 0x00, 0x00, 0x00, 0x00, 0x00,
  0x00, 0x00, 0x00, 0x00, 0x00, 0x00, 0x00, 0x00, 0x00, 0x00, 0x00, 0x00,
  0x00, 0x00, 0x00, 0x00, 0x00, 0x00, 0x00, 0x00, 0x00, 0x00, 0x00, 0x00,
  0x00, 0x00, 0x00, 0x00, 0x00, 0x00, 0x00, 0x00, 0x00, 0x00, 0x00, 0x00,
  0x00, 0x00, 0x00, 0x00, 0x00, 0x00, 0x00, 0x00, 0x00, 0x00, 0x00, 0x00,
  0x00, 0x00, 0x00, 0x00, 0x00, 0x00, 0x00, 0x00, 0x00, 0x00, 0x00, 0x00,
  0x00, 0x00, 0x00, 0x00, 0x00, 0x00, 0x00, 0x00, 0x00, 0x00, 0x00, 0x00,
  0x00, 0x00, 0x00, 0x00, 0x00, 0x00, 0x00, 0x00, 0x00, 0x00, 0x00, 0x00,
  0x00, 0x00, 0x00, 0x00, 0x00, 0x00, 0x00, 0x00, 0x00, 0x00, 0x00, 0x00,
  0x00, 0x00, 0x00, 0x00, 0x00, 0x00, 0x00, 0x00, 0x00, 0x00, 0x00, 0x00,
  0x00, 0x00, 0x00, 0x00, 0x00, 0x00, 0x00, 0x00, 0x00, 0x00, 0x00, 0x00,
  0x00, 0x00, 0x00, 0x00, 0x00, 0x00, 0x00, 0x00, 0x00, 0x00, 0x00, 0x00,
  0x00, 0x00, 0x00, 0x00, 0x00, 0x00, 0x00, 0x00, 0x00, 0x00, 0x00, 0x00,
  0x00, 0x00, 0x00, 0x00, 0x00, 0x00, 0x00, 0x00, 0x00, 0x00, 0x00, 0x00,
  0x00, 0x00, 0x00, 0x00, 0x00, 0x00, 0x00, 0x00, 0x00, 0x00, 0x00, 0x00,
  0x00, 0x00, 0x00, 0x00, 0x00, 0x00, 0x00, 0x00, 0x00, 0x00, 0x00, 0x00,
  0x00, 0x00, 0x00, 0x00, 0x00, 0x00, 0x00, 0x00, 0x00, 0x00, 0x00, 0x00,
  0x00, 0x00, 0x00, 0x00, 0x00, 0x00, 0x00, 0x00, 0x00, 0x00, 0x00, 0x00,
  0x00, 0x00, 0x00, 0x00, 0x00, 0x00, 0x00, 0x00, 0x00, 0x00, 0x00, 0x00,
  0x00, 0x00, 0x00, 0x00, 0x00, 0x00, 0x00, 0x00, 0x00, 0x00, 0x00, 0x00,
  0x00, 0x00, 0x00, 0x00, 0x00, 0x00, 0x00, 0x00, 0x00, 0x00, 0x00, 0x00,
  0x00, 0x00, 0x00, 0x00, 0x00, 0x00, 0x00, 0x00, 0x00, 0x00, 0x00, 0x00,
  0x00, 0x00, 0x00, 0x00, 0x00, 0x00, 0x00, 0x00, 0x00, 0x00, 0x00, 0x00,
  0x00, 0x00, 0x00, 0x00, 0x00, 0x00, 0x00, 0x00, 0x00, 0x00, 0x00, 0x00,
  0x00, 0x00, 0x00, 0x00, 0x00, 0x00, 0x00, 0xff
};
unsigned int Saimazoom_rom_len = 32768;
