unsigned char Skooter_rom[] = {
  0x41, 0x42, 0x06, 0x40, 0x00, 0x00, 0xf3, 0xdb, 0xa8, 0x07, 0x07, 0xe6,
  0x30, 0x47, 0xdb, 0xa8, 0xe6, 0xcf, 0xb0, 0xd3, 0xa8, 0x31, 0x00, 0xf0,
  0xcd, 0x12, 0x44, 0xcd, 0x29, 0x43, 0xcd, 0x22, 0x48, 0xcd, 0x66, 0x4e,
  0xcd, 0x34, 0x53, 0xcd, 0x53, 0x5a, 0x11, 0xb9, 0xc5, 0x21, 0x00, 0xa2,
  0x01, 0x00, 0x04, 0xed, 0xb0, 0x21, 0x00, 0x00, 0x22, 0xba, 0xc3, 0x22,
  0xb8, 0xc3, 0x2b, 0x22, 0x03, 0xc0, 0xaf, 0x32, 0x01, 0xc0, 0x3e, 0x01,
  0x32, 0x06, 0xc0, 0xcd, 0x3a, 0x43, 0xcd, 0x1e, 0x53, 0x3e, 0x3c, 0x32,
  0x00, 0xc0, 0xcd, 0xd2, 0x5a, 0xcd, 0x8c, 0x5a, 0xcd, 0x7d, 0x45, 0xcd,
  0x3f, 0x48, 0xfb, 0x76, 0xcd, 0xe0, 0x40, 0x3e, 0x03, 0xcd, 0x08, 0x44,
  0xcb, 0x4f, 0xc2, 0x76, 0x40, 0xcd, 0x71, 0x42, 0x18, 0xdb, 0x21, 0x00,
  0xc0, 0x46, 0x3a, 0x09, 0xc0, 0x80, 0x77, 0x28, 0xf0, 0xf3, 0xcd, 0x64,
  0x5e, 0xfb, 0x30, 0xda, 0xcd, 0xb2, 0x41, 0x18, 0xc1, 0x3e, 0x07, 0xcd,
  0x08, 0x44, 0xfb, 0xcb, 0x4f, 0xca, 0x0a, 0x43, 0x47, 0x3a, 0x01, 0xc0,
  0xa7, 0x28, 0x2e, 0x78, 0xcb, 0x57, 0xca, 0x04, 0x41, 0xcb, 0x7f, 0xca,
  0xfa, 0x42, 0x3e, 0x08, 0xcd, 0x08, 0x44, 0xfb, 0xcb, 0x57, 0x20, 0x05,
  0x21, 0xbc, 0xc3, 0x36, 0x04, 0x3e, 0x05, 0xcd, 0x08, 0x44, 0xfb, 0x0f,
  0x38, 0x0b, 0x21, 0xb9, 0xc5, 0x11, 0x00, 0xa2, 0x01, 0x00, 0x04, 0xed,
  0xb0, 0x3e, 0x07, 0xcd, 0x08, 0x44, 0x0f, 0xd2, 0xe0, 0x40, 0x3e, 0x06,
  0xcd, 0x08, 0x44, 0xfb, 0xa7, 0xf2, 0x0b, 0x41, 0x3a, 0x02, 0xc0, 0x5f,
  0x3e, 0x06, 0xcd, 0x08, 0x44, 0xfb, 0x32, 0x02, 0xc0, 0x2f, 0xa3, 0x21,
  0x03, 0xc0, 0xcb, 0x6f, 0xc4, 0xfe, 0x40, 0x23, 0xcb, 0x77, 0xc4, 0xfe,
  0x40, 0xc9, 0x08, 0x7e, 0x2f, 0x77, 0x08, 0xc9, 0xcd, 0x90, 0x00, 0xcd,
  0xe4, 0xf6, 0xc9, 0xcd, 0x90, 0x00, 0xf3, 0x11, 0x42, 0x41, 0x01, 0x17,
  0x08, 0xcd, 0xe3, 0x49, 0xcd, 0x39, 0x41, 0x11, 0x4b, 0x41, 0x01, 0x17,
  0x08, 0xcd, 0xe3, 0x49, 0xcd, 0x39, 0x41, 0x3e, 0x07, 0xcd, 0x08, 0x44,
  0x0f, 0xda, 0x0f, 0x41, 0x11, 0x54, 0x41, 0x01, 0x17, 0x08, 0xc3, 0xe3,
  0x49, 0x21, 0x98, 0x3a, 0x2b, 0x7c, 0xb5, 0x20, 0xfb, 0xc9, 0x20, 0x50,
  0x41, 0x55, 0x53, 0x45, 0x44, 0x20, 0x00, 0x20, 0x20, 0x20, 0x20, 0x20,
  0x20, 0x20, 0x20, 0x00, 0x8c, 0x8c, 0x8c, 0x8c, 0x8c, 0x8c, 0x8c, 0x8c,
  0x00, 0x3a, 0x2b, 0x00, 0xa7, 0xfa, 0x6e, 0x41, 0x21, 0x06, 0xc0, 0x35,
  0xc2, 0x6e, 0x41, 0x36, 0x06, 0xc9, 0xcd, 0x8c, 0x5a, 0xcd, 0x05, 0x48,
  0xcd, 0x3e, 0x59, 0xcd, 0xc4, 0x4b, 0x3a, 0x0a, 0xc0, 0xa7, 0xc4, 0x4f,
  0x4b, 0x3a, 0x0c, 0xc0, 0xa7, 0xc4, 0x9e, 0x64, 0x3a, 0x0e, 0xc0, 0xa7,
  0xc4, 0xd2, 0x5f, 0x3a, 0x0f, 0xc0, 0xa7, 0xc4, 0xb1, 0x62, 0x3a, 0x0d,
  0xc0, 0xa7, 0xc4, 0x16, 0x5b, 0x3a, 0x10, 0xc0, 0xa7, 0xc4, 0x29, 0x5d,
  0x21, 0x08, 0xc0, 0x35, 0x23, 0x36, 0x00, 0xc0, 0x36, 0xff, 0x2b, 0x36,
  0x32, 0xc9, 0xf3, 0xcd, 0xff, 0x5d, 0xfe, 0x02, 0xc2, 0xc0, 0x41, 0x3e,
  0xff, 0x32, 0x01, 0xc0, 0xcd, 0x34, 0x53, 0xcd, 0x7d, 0x45, 0xcd, 0xaf,
  0x42, 0x06, 0x32, 0xcd, 0xca, 0x42, 0xfb, 0x76, 0xf3, 0x3a, 0xb9, 0xc5,
  0x47, 0x3a, 0xbd, 0xc3, 0xb8, 0xd4, 0xdf, 0x5e, 0x3e, 0x04, 0xcd, 0x08,
  0x44, 0xa7, 0xf4, 0xdf, 0x5e, 0xcd, 0x29, 0x53, 0xcd, 0x87, 0x42, 0x3a,
  0x10, 0xc0, 0xa7, 0x20, 0x3c, 0xcd, 0x29, 0x43, 0xcd, 0x34, 0x53, 0x06,
  0x32, 0xcd, 0xca, 0x42, 0xcd, 0xd2, 0x5a, 0xcd, 0x1c, 0x46, 0xcd, 0x50,
  0x42, 0x3a, 0xbd, 0xc3, 0x3c, 0x32, 0xbd, 0xc3, 0xfe, 0x10, 0x38, 0x0e,
  0x06, 0x00, 0xcd, 0x65, 0x42, 0xcd, 0x65, 0x42, 0xcd, 0x65, 0x42, 0xc3,
  0x1c, 0x46, 0xf5, 0xcd, 0x1c, 0x46, 0xf1, 0xe6, 0x03, 0x20, 0xa7, 0x21,
  0xbc, 0xc3, 0x34, 0x18, 0xa1, 0x21, 0xbc, 0xc3, 0x35, 0xf2, 0xce, 0x41,
  0x34, 0xcd, 0x1c, 0x46, 0x11, 0x46, 0x42, 0x01, 0x0b, 0x0c, 0xcd, 0xe3,
  0x49, 0x06, 0x96, 0xc3, 0xca, 0x42, 0x47, 0x41, 0x4d, 0x45, 0x20, 0x4f,
  0x56, 0x45, 0x52, 0x00, 0xed, 0x5b, 0x16, 0xc1, 0x1a, 0xa7, 0x06, 0xfa,
  0xfa, 0x65, 0x42, 0x13, 0x47, 0x1a, 0x13, 0x4f, 0xcd, 0xe3, 0x49, 0x18,
  0xef, 0xfb, 0x76, 0xf3, 0xc5, 0xcd, 0x64, 0x5e, 0xc1, 0xd8, 0x10, 0xf5,
  0xc9, 0xcd, 0x7d, 0x45, 0x3e, 0xff, 0x32, 0x0b, 0xc0, 0xfb, 0x76, 0xf3,
  0xcd, 0x31, 0x5f, 0xcd, 0x87, 0x42, 0xaf, 0x32, 0x0b, 0xc0, 0xc9, 0xcd,
  0xcf, 0x42, 0xcd, 0xf5, 0x42, 0xfb, 0xcd, 0x8d, 0x40, 0x3a, 0x0b, 0xc0,
  0xa7, 0xca, 0xa0, 0x42, 0xf3, 0xcd, 0x64, 0x5e, 0xfb, 0xdc, 0xfa, 0x42,
  0x3a, 0x11, 0xc0, 0xa7, 0x28, 0xe7, 0x06, 0x19, 0xcd, 0xca, 0x42, 0xaf,
  0xc3, 0x2d, 0x43, 0xcd, 0x29, 0x43, 0x21, 0x00, 0x00, 0x22, 0xb8, 0xc3,
  0xaf, 0x32, 0xbd, 0xc3, 0x32, 0x0b, 0xc0, 0x3e, 0x03, 0x32, 0xbc, 0xc3,
  0xcd, 0x2a, 0x5f, 0xc3, 0xda, 0x5e, 0xfb, 0x76, 0x10, 0xfc, 0xc9, 0xf3,
  0xaf, 0x32, 0x09, 0xc0, 0x3e, 0x32, 0x32, 0x08, 0xc0, 0xcd, 0x47, 0x46,
  0xcd, 0x0d, 0x64, 0xcd, 0xd2, 0x5a, 0xcd, 0x43, 0x5f, 0xcd, 0x54, 0x62,
  0xcd, 0xe4, 0x5a, 0xcd, 0xcc, 0x49, 0xaf, 0x32, 0x11, 0xc0, 0xc3, 0x29,
  0x43, 0x3e, 0xff, 0xc3, 0x2d, 0x43, 0x3e, 0xff, 0x32, 0x11, 0xc0, 0xaf,
  0x32, 0x0e, 0xc0, 0x32, 0x0f, 0xc0, 0x32, 0x0c, 0xc0, 0xc9, 0x3a, 0x0b,
  0xc0, 0xa7, 0xcc, 0x34, 0x53, 0x3e, 0xc8, 0x32, 0xad, 0xc5, 0x3e, 0xff,
  0x32, 0x10, 0xc0, 0x11, 0x00, 0x00, 0x21, 0xd8, 0x52, 0xaf, 0xcd, 0x18,
  0x51, 0xaf, 0xc3, 0x2d, 0x43, 0xaf, 0x32, 0x10, 0xc0, 0x32, 0x0e, 0xc0,
  0x32, 0x0f, 0xc0, 0x32, 0x0d, 0xc0, 0x32, 0x0c, 0xc0, 0xc9, 0xf3, 0xcd,
  0x7d, 0x45, 0xf3, 0xcd, 0x1c, 0x46, 0x11, 0x67, 0x43, 0x01, 0x09, 0x00,
  0xcd, 0xe3, 0x49, 0x3e, 0x02, 0x32, 0x05, 0xc0, 0xcd, 0x64, 0x5e, 0xda,
  0x7d, 0x45, 0x3e, 0x0e, 0x32, 0x05, 0xc0, 0x3e, 0x07, 0xcd, 0x08, 0x44,
  0xcb, 0x77, 0xca, 0x1c, 0x46, 0x18, 0xe4, 0x20, 0x20, 0x20, 0x50, 0x55,
  0x53, 0x48, 0x20, 0x46, 0x49, 0x52, 0x45, 0x20, 0x42, 0x55, 0x54, 0x54,
  0x4f, 0x4e, 0x20, 0x54, 0x4f, 0x20, 0x53, 0x54, 0x41, 0x52, 0x54, 0x2d,
  0x20, 0x20, 0x20, 0x20, 0x20, 0x20, 0x20, 0x20, 0x20, 0x20, 0x20, 0x20,
  0x20, 0x20, 0x20, 0x20, 0x20, 0x20, 0x20, 0x20, 0x20, 0x20, 0x20, 0x20,
  0x20, 0x20, 0x20, 0x20, 0x20, 0x20, 0x20, 0x20, 0x20, 0x20, 0x20, 0x20,
  0x20, 0x20, 0x50, 0x52, 0x45, 0x53, 0x53, 0x20, 0x5b, 0x53, 0x45, 0x4c,
  0x45, 0x43, 0x54, 0x5d, 0x20, 0x20, 0x49, 0x46, 0x20, 0x59, 0x4f, 0x55,
  0x20, 0x41, 0x52, 0x45, 0x20, 0x20, 0x20, 0x20, 0x20, 0x20, 0x20, 0x20,
  0x20, 0x20, 0x20, 0x20, 0x20, 0x20, 0x20, 0x20, 0x20, 0x20, 0x20, 0x20,
  0x20, 0x20, 0x20, 0x20, 0x20, 0x20, 0x20, 0x20, 0x20, 0x20, 0x20, 0x20,
  0x20, 0x20, 0x20, 0x20, 0x20, 0x20, 0x55, 0x53, 0x49, 0x4e, 0x47, 0x20,
  0x41, 0x20, 0x4d, 0x4f, 0x4e, 0x4f, 0x43, 0x48, 0x52, 0x4f, 0x4d, 0x45,
  0x20, 0x4d, 0x4f, 0x4e, 0x49, 0x54, 0x4f, 0x52, 0x20, 0x20, 0x20, 0x00,
  0xf3, 0xe6, 0x0f, 0xf6, 0x50, 0xd3, 0xaa, 0xdb, 0xa9, 0xc9, 0x3a, 0x07,
  0x00, 0x32, 0x12, 0xc0, 0x3c, 0x32, 0x13, 0xc0, 0x3a, 0x06, 0x00, 0x32,
  0x14, 0xc0, 0xc9, 0x08, 0xf5, 0xed, 0x5f, 0x08, 0xf3, 0xcd, 0x34, 0x44,
  0x08, 0xe2, 0x31, 0x44, 0xfb, 0xf1, 0x08, 0xc9, 0xf5, 0xc5, 0x3a, 0x13,
  0xc0, 0x4f, 0x7d, 0xed, 0x79, 0x7c, 0xe6, 0x3f, 0xed, 0x79, 0xc1, 0xf1,
  0xc9, 0x08, 0xf5, 0xed, 0x5f, 0x08, 0xf3, 0xcd, 0x56, 0x44, 0x08, 0xe2,
  0x53, 0x44, 0xfb, 0xf1, 0x08, 0xc9, 0xf5, 0xc5, 0x3a, 0x13, 0xc0, 0x4f,
  0x7d, 0xed, 0x79, 0x7c, 0xe6, 0x3f, 0xf6, 0x40, 0xed, 0x79, 0xc1, 0xf1,
  0xc9, 0x08, 0xf5, 0xed, 0x5f, 0x08, 0xf3, 0xf5, 0xc5, 0xd5, 0xcd, 0x56,
  0x44, 0x58, 0x41, 0x57, 0x3a, 0x12, 0xc0, 0x4f, 0x1c, 0x04, 0x18, 0x03,
  0xed, 0x51, 0x00, 0x10, 0xfb, 0x1d, 0x20, 0xf8, 0xd1, 0xc1, 0xf1, 0x08,
  0xe2, 0x90, 0x44, 0xfb, 0xf1, 0x08, 0xc9, 0x08, 0xf5, 0xed, 0x5f, 0x08,
  0xf3, 0xcd, 0x56, 0x44, 0xc5, 0xf5, 0x3a, 0x12, 0xc0, 0x4f, 0xf1, 0xed,
  0x79, 0xc1, 0x08, 0xe2, 0xab, 0x44, 0xfb, 0xf1, 0x08, 0xc9, 0x08, 0xf5,
  0xed, 0x5f, 0x08, 0xf3, 0xcd, 0x34, 0x44, 0xc5, 0x3a, 0x14, 0xc0, 0x4f,
  0xed, 0x78, 0xc1, 0x08, 0xe2, 0xc4, 0x44, 0xfb, 0xf1, 0x08, 0xc9, 0x08,
  0xf5, 0xed, 0x5f, 0x08, 0xf3, 0xd5, 0x50, 0x59, 0x3a, 0x13, 0xc0, 0x4f,
  0xed, 0x51, 0x7b, 0xf6, 0x80, 0xed, 0x79, 0xe5, 0x7a, 0x16, 0x00, 0x21,
  0xdf, 0xf3, 0x19, 0x77, 0xe1, 0xd1, 0x08, 0xe2, 0xeb, 0x44, 0xfb, 0xf1,
  0x08, 0xc9, 0xc3, 0x3e, 0x01, 0x08, 0xf5, 0xed, 0x5f, 0x08, 0xf3, 0xf5,
  0xc5, 0xd5, 0xe5, 0xcd, 0x34, 0x44, 0xeb, 0x58, 0x41, 0x3a, 0x14, 0xc0,
  0x4f, 0x1c, 0x04, 0x05, 0x28, 0x06, 0xed, 0xa2, 0x00, 0xc2, 0x0a, 0x45,
  0x1d, 0x20, 0xf7, 0xe1, 0xd1, 0xc1, 0xf1, 0x08, 0xe2, 0x1c, 0x45, 0xfb,
  0xf1, 0x08, 0xc9, 0x08, 0xf5, 0xed, 0x5f, 0x08, 0xf3, 0xf5, 0xc5, 0xd5,
  0xe5, 0xeb, 0xcd, 0x56, 0x44, 0xeb, 0x58, 0x41, 0x3a, 0x12, 0xc0, 0x4f,
  0x1c, 0x04, 0x05, 0x28, 0x06, 0xed, 0xa3, 0x00, 0xc2, 0x39, 0x45, 0x1d,
  0x20, 0xf7, 0xe1, 0xd1, 0xc1, 0xf1, 0x08, 0xe2, 0x4b, 0x45, 0xfb, 0xf1,
  0x08, 0xc9, 0x08, 0xf5, 0xed, 0x5f, 0x08, 0xf3, 0xf5, 0xc5, 0xd5, 0xe5,
  0xeb, 0xcd, 0x56, 0x44, 0xeb, 0x58, 0x41, 0x3a, 0x12, 0xc0, 0x4f, 0x1c,
  0x04, 0x05, 0x28, 0x06, 0xed, 0xab, 0x00, 0xc2, 0x68, 0x45, 0x1d, 0x20,
  0xf7, 0xe1, 0xd1, 0xc1, 0xf1, 0x08, 0xe2, 0x7a, 0x45, 0xfb, 0xf1, 0x08,
  0xc9, 0x3e, 0xe2, 0x32, 0xe0, 0xf3, 0xcd, 0x7e, 0x00, 0x21, 0x01, 0x01,
  0x22, 0xea, 0xf3, 0x3e, 0x0f, 0x32, 0xe9, 0xf3, 0xcd, 0x62, 0x00, 0xcd,
  0x1c, 0x46, 0x21, 0x00, 0x80, 0x01, 0x00, 0x08, 0x11, 0x00, 0x00, 0xcd,
  0xd8, 0x45, 0x21, 0x00, 0x88, 0x11, 0x00, 0x20, 0xcd, 0xd8, 0x45, 0x21,
  0x00, 0x9a, 0x11, 0x00, 0x38, 0xcd, 0x1f, 0x45, 0x3a, 0x05, 0xc0, 0xfe,
  0x02, 0xc8, 0x11, 0x10, 0x26, 0x21, 0xee, 0x45, 0xcd, 0xc9, 0x45, 0x11,
  0x10, 0x27, 0x21, 0xf6, 0x45, 0x3e, 0x0c, 0x01, 0x08, 0x00, 0xcd, 0xd8,
  0x45, 0xeb, 0x09, 0xeb, 0x3d, 0x20, 0xf7, 0xc9, 0xf5, 0xd5, 0xcd, 0x1f,
  0x45, 0x7a, 0xc6, 0x08, 0x57, 0xcd, 0x1f, 0x45, 0x7a, 0xc6, 0x08, 0x57,
  0xcd, 0x1f, 0x45, 0xd1, 0xf1, 0xc9, 0xf0, 0xf0, 0xe0, 0xe0, 0xe0, 0xe0,
  0xe0, 0xe0, 0xe0, 0xe0, 0xe0, 0xe0, 0xe0, 0xe0, 0xe0, 0x50, 0x11, 0x00,
  0x3f, 0x21, 0x00, 0x86, 0x3e, 0x10, 0x01, 0x08, 0x00, 0xcd, 0x1f, 0x45,
  0xeb, 0x09, 0xeb, 0x24, 0xcd, 0x1f, 0x45, 0xeb, 0x09, 0xeb, 0x25, 0x09,
  0x3d, 0x20, 0xee, 0xc9, 0x21, 0x00, 0x18, 0x01, 0x00, 0x03, 0xaf, 0xcd,
  0x69, 0x44, 0x21, 0x00, 0x1b, 0x01, 0x80, 0x00, 0x3e, 0xd1, 0xc3, 0x69,
  0x44, 0x3a, 0xe0, 0xf3, 0xcb, 0xf7, 0x47, 0x0e, 0x01, 0xc3, 0xc7, 0x44,
  0x3a, 0xe0, 0xf3, 0xcb, 0xb7, 0x47, 0x0e, 0x01, 0xc3, 0xc7, 0x44, 0x3e,
  0xff, 0x32, 0x0a, 0xc0, 0x21, 0x9f, 0x65, 0x3a, 0xbd, 0xc3, 0x47, 0x04,
  0x18, 0x04, 0x5e, 0x23, 0x56, 0xeb, 0x10, 0xfa, 0x23, 0x23, 0xe5, 0x21,
  0x18, 0xc2, 0x11, 0x19, 0xc2, 0x01, 0x9a, 0x00, 0x36, 0x8e, 0xed, 0xb0,
  0xe1, 0x11, 0x24, 0xc1, 0x0e, 0x0b, 0x06, 0x0b, 0x7e, 0xe6, 0x0f, 0x12,
  0xae, 0xca, 0x82, 0x46, 0x0f, 0x0f, 0x0f, 0x0f, 0xf6, 0x80, 0x14, 0x12,
  0x15, 0x13, 0x23, 0x10, 0xeb, 0x13, 0x0d, 0x20, 0xe5, 0x46, 0x23, 0x4e,
  0x23, 0xed, 0x43, 0x95, 0xc5, 0x1e, 0x04, 0x46, 0x23, 0x4e, 0x23, 0xe5,
  0xcd, 0x27, 0x48, 0x7b, 0xc6, 0x1f, 0x77, 0xe1, 0x1d, 0x20, 0xf0, 0x1e,
  0x04, 0x46, 0x23, 0x4e, 0x23, 0x04, 0x28, 0x08, 0x05, 0xe5, 0xcd, 0x27,
  0x48, 0xcb, 0xe6, 0xe1, 0x1d, 0x20, 0xee, 0x11, 0xb9, 0xc9, 0x01, 0x08,
  0x00, 0xed, 0xb0, 0x7e, 0x32, 0xb6, 0xc3, 0x23, 0x22, 0x16, 0xc1, 0x3e,
  0x01, 0x32, 0xb7, 0xc3, 0x21, 0x18, 0xc3, 0x11, 0x19, 0xc3, 0x01, 0x9a,
  0x00, 0x36, 0xff, 0xed, 0xb0, 0xcd, 0x54, 0x47, 0xcd, 0x72, 0x47, 0xcd,
  0x0f, 0x47, 0xcd, 0xb1, 0x4a, 0x0e, 0x0b, 0x06, 0x0b, 0xc5, 0x05, 0x0d,
  0xcd, 0xab, 0x47, 0xc1, 0x10, 0xf7, 0x0d, 0x20, 0xf2, 0x1e, 0x04, 0xd5,
  0x06, 0x1d, 0x7b, 0x87, 0x83, 0xc6, 0x09, 0x4f, 0x7b, 0xc6, 0x07, 0xcd,
  0xcb, 0x47, 0xd1, 0x1d, 0x20, 0xed, 0xc9, 0x21, 0x00, 0x18, 0x3e, 0x8a,
  0xcd, 0x93, 0x44, 0x23, 0x3e, 0x8c, 0x01, 0x16, 0x00, 0xcd, 0x69, 0x44,
  0x09, 0x3e, 0x8b, 0xcd, 0x93, 0x44, 0x21, 0xe0, 0x1a, 0x3e, 0xaa, 0xcd,
  0x93, 0x44, 0x23, 0x3e, 0x8c, 0x01, 0x16, 0x00, 0xcd, 0x69, 0x44, 0x09,
  0x3e, 0xab, 0xcd, 0x93, 0x44, 0x3e, 0xac, 0x21, 0x20, 0x18, 0xcd, 0x48,
  0x47, 0x21, 0x37, 0x18, 0x11, 0x20, 0x00, 0x06, 0x16, 0xcd, 0x93, 0x44,
  0x19, 0x10, 0xfa, 0xc9, 0x3a, 0xbd, 0xc3, 0x87, 0x87, 0x87, 0x87, 0x6f,
  0x26, 0x00, 0x11, 0x00, 0x98, 0x19, 0x01, 0x10, 0x00, 0x11, 0x00, 0x04,
  0xcd, 0xd8, 0x45, 0x24, 0x11, 0x00, 0x05, 0xc3, 0xd8, 0x45, 0x3a, 0xbd,
  0xc3, 0xcb, 0x2f, 0xfe, 0x04, 0xda, 0x7e, 0x47, 0xc6, 0x04, 0x87, 0x87,
  0x87, 0x6f, 0x26, 0x00, 0x29, 0x29, 0x29, 0x11, 0x00, 0x90, 0x19, 0x01,
  0x40, 0x00, 0x11, 0x80, 0x04, 0xcd, 0xd8, 0x45, 0x24, 0x11, 0x80, 0x05,
  0xcd, 0xd8, 0x45, 0x24, 0x24, 0x24, 0x11, 0x80, 0x24, 0xcd, 0xd8, 0x45,
  0x24, 0x11, 0x80, 0x25, 0xc3, 0xd8, 0x45, 0xcd, 0x27, 0x48, 0x7e, 0xd6,
  0x20, 0xd2, 0xb9, 0x47, 0x25, 0x7e, 0xc3, 0xc4, 0x47, 0xcb, 0xa7, 0xd6,
  0x60, 0xd2, 0xc2, 0x47, 0xc6, 0x48, 0xc6, 0x20, 0xcb, 0x20, 0xcb, 0x21,
  0xc3, 0xcb, 0x47, 0x87, 0xc6, 0x80, 0x04, 0x0c, 0xf5, 0xcd, 0x1d, 0x4a,
  0xf1, 0xcd, 0xdd, 0x47, 0x11, 0x1f, 0x00, 0x19, 0x83, 0xcd, 0x93, 0x44,
  0x23, 0x3c, 0xcd, 0x93, 0x44, 0xc9, 0xcd, 0x2d, 0x48, 0x7e, 0xcb, 0x20,
  0xcb, 0x21, 0xf5, 0x21, 0x15, 0xc1, 0x7e, 0x34, 0x6f, 0x85, 0x85, 0x6f,
  0x26, 0x00, 0x11, 0x15, 0xc0, 0x19, 0x70, 0x23, 0x71, 0x23, 0xf1, 0x77,
  0xc9, 0x21, 0x15, 0xc1, 0x46, 0x04, 0x36, 0x00, 0x21, 0x15, 0xc0, 0xc3,
  0x1f, 0x48, 0xc5, 0x46, 0x23, 0x4e, 0x23, 0x7e, 0x23, 0xe5, 0xcd, 0xcb,
  0x47, 0xe1, 0xc1, 0x10, 0xf1, 0xc9, 0xaf, 0x32, 0x15, 0xc1, 0xc9, 0x21,
  0x17, 0xc2, 0xc3, 0x30, 0x48, 0x21, 0x17, 0xc1, 0x04, 0x0c, 0x79, 0x87,
  0x81, 0x87, 0x87, 0x80, 0x05, 0x0d, 0x85, 0x6f, 0xd0, 0x24, 0xc9, 0xcd,
  0x3c, 0x46, 0xaf, 0x32, 0x0a, 0xc0, 0x21, 0x00, 0x18, 0xaf, 0xcd, 0xcb,
  0x48, 0xcd, 0xcb, 0x48, 0x11, 0x00, 0xa6, 0x21, 0x00, 0x00, 0x1a, 0x13,
  0xa7, 0xca, 0xbc, 0x48, 0xfe, 0xff, 0xca, 0xbc, 0x48, 0xcd, 0x93, 0x44,
  0x23, 0x7c, 0xfe, 0x10, 0xda, 0x56, 0x48, 0x21, 0x00, 0x20, 0x01, 0x00,
  0x10, 0x3e, 0xa1, 0xcd, 0x69, 0x44, 0x21, 0xa8, 0x2b, 0x01, 0x48, 0x00,
  0x3e, 0x71, 0xcd, 0x69, 0x44, 0x21, 0x78, 0x2d, 0x01, 0x78, 0x00, 0xcd,
  0x69, 0x44, 0x21, 0x68, 0x2f, 0x01, 0x88, 0x00, 0x3e, 0x51, 0xcd, 0x69,
  0x44, 0x01, 0x13, 0x02, 0x11, 0xd4, 0x48, 0xcd, 0xe3, 0x49, 0x01, 0x15,
  0x02, 0x11, 0xf1, 0x48, 0xcd, 0xe3, 0x49, 0x11, 0xa9, 0x1a, 0x2a, 0xb8,
  0xc3, 0xcd, 0xf2, 0x49, 0x11, 0xb8, 0x1a, 0x2a, 0xba, 0xc3, 0xcd, 0xf2,
  0x49, 0xc3, 0x31, 0x46, 0xeb, 0x4e, 0x23, 0xeb, 0x06, 0x00, 0x0d, 0x03,
  0xcd, 0x69, 0x44, 0x09, 0xc3, 0x65, 0x48, 0xcd, 0x93, 0x44, 0x23, 0x3c,
  0xc2, 0xcb, 0x48, 0xc9, 0x50, 0x52, 0x45, 0x53, 0x53, 0x20, 0x46, 0x49,
  0x52, 0x45, 0x20, 0x42, 0x55, 0x54, 0x54, 0x4f, 0x4e, 0x20, 0x54, 0x4f,
  0x20, 0x53, 0x54, 0x41, 0x52, 0x54, 0x2e, 0x2e, 0x00, 0x53, 0x43, 0x4f,
  0x52, 0x45, 0x3a, 0x20, 0x30, 0x30, 0x30, 0x30, 0x30, 0x30, 0x20, 0x20,
  0x20, 0x20, 0x54, 0x4f, 0x50, 0x3a, 0x20, 0x30, 0x30, 0x30, 0x30, 0x30,
  0x30, 0x00, 0x85, 0x6f, 0xd0, 0x24, 0xc9, 0x6f, 0x07, 0x9f, 0x67, 0xc9,
  0xcb, 0x7c, 0xc8, 0xf5, 0x7d, 0x2f, 0x6f, 0x7c, 0x2f, 0x67, 0x23, 0xf1,
  0xc9, 0xeb, 0xcd, 0x1b, 0x49, 0xeb, 0xc9, 0xf5, 0xc5, 0xd5, 0x4a, 0x7b,
  0xeb, 0x06, 0x10, 0x21, 0x00, 0x00, 0xcb, 0x39, 0x1f, 0x30, 0x01, 0x19,
  0xcb, 0x23, 0xcb, 0x12, 0x10, 0xf4, 0xd1, 0xc1, 0xf1, 0xc9, 0xf5, 0xc5,
  0xd5, 0xeb, 0x21, 0x00, 0x00, 0x54, 0x06, 0x08, 0x1f, 0x30, 0x01, 0x19,
  0xcb, 0x23, 0xcb, 0x12, 0x10, 0xf6, 0xd1, 0xc1, 0xf1, 0xc9, 0xd5, 0x54,
  0x5d, 0xcd, 0x2b, 0x49, 0xd1, 0xc9, 0xf5, 0xc5, 0x7c, 0x4d, 0x21, 0x00,
  0x00, 0x06, 0x10, 0xcb, 0x11, 0x17, 0xed, 0x6a, 0xed, 0x52, 0x30, 0x01,
  0x19, 0x3f, 0x10, 0xf3, 0xcb, 0x11, 0x17, 0x59, 0x57, 0xeb, 0xc1, 0xf1,
  0xc9, 0xf5, 0xc5, 0x42, 0x4c, 0xd5, 0xcd, 0x18, 0x49, 0xeb, 0xcd, 0x18,
  0x49, 0xeb, 0xcd, 0x66, 0x49, 0x79, 0xb7, 0xfc, 0x25, 0x49, 0xa8, 0xc1,
  0xf2, 0xaa, 0x49, 0xcd, 0x1b, 0x49, 0x7b, 0xb2, 0x28, 0x04, 0x2b, 0xeb,
  0x09, 0xeb, 0xc1, 0xf1, 0xc9, 0xf5, 0xc5, 0xd5, 0x44, 0x4d, 0x23, 0xcb,
  0x3c, 0xcb, 0x1d, 0xeb, 0x60, 0x69, 0xd5, 0xcd, 0x66, 0x49, 0xd1, 0x19,
  0x23, 0xcb, 0x3c, 0xcb, 0x1d, 0xe7, 0x20, 0xef, 0xd1, 0xc1, 0xf1, 0xc9,
  0x21, 0xe8, 0x03, 0x22, 0xb4, 0xc3, 0xc9, 0x2a, 0xb4, 0xc3, 0x7c, 0x0f,
  0xac, 0x07, 0xcb, 0x1d, 0xcb, 0x14, 0x22, 0xb4, 0xc3, 0x9d, 0xc9, 0xd5,
  0xcd, 0x1d, 0x4a, 0xd1, 0x1a, 0x13, 0xb7, 0xc8, 0xcd, 0x93, 0x44, 0x23,
  0x18, 0xf6, 0x01, 0x10, 0x27, 0xcd, 0x0d, 0x4a, 0x01, 0xe8, 0x03, 0xcd,
  0x0d, 0x4a, 0x01, 0x64, 0x00, 0xcd, 0x0d, 0x4a, 0x01, 0x0a, 0x00, 0xcd,
  0x0d, 0x4a, 0x01, 0x01, 0x00, 0x3e, 0x2f, 0xa7, 0x3c, 0xed, 0x42, 0x30,
  0xfb, 0x09, 0xeb, 0xcd, 0x93, 0x44, 0xeb, 0x13, 0xc9, 0x79, 0x87, 0x87,
  0x87, 0x6f, 0x26, 0x00, 0x54, 0x29, 0x29, 0x58, 0x19, 0x11, 0x00, 0x18,
  0x19, 0xc9, 0x6f, 0x3a, 0x0b, 0xc0, 0xa7, 0xc0, 0x7d, 0x2a, 0xb8, 0xc3,
  0x85, 0x6f, 0xd2, 0x3e, 0x4a, 0x24, 0x22, 0xb8, 0xc3, 0xed, 0x5b, 0xba,
  0xc3, 0xe7, 0xda, 0x4f, 0x4a, 0x22, 0xba, 0xc3, 0xcd, 0x64, 0x4a, 0x01,
  0x01, 0x1a, 0x2a, 0xb8, 0xc3, 0xe5, 0xcd, 0x1d, 0x4a, 0xeb, 0xe1, 0xcd,
  0xf2, 0x49, 0xeb, 0x3e, 0x30, 0xc3, 0x93, 0x44, 0x01, 0x04, 0x1a, 0x2a,
  0xba, 0xc3, 0xc3, 0x55, 0x4a, 0xf5, 0x47, 0x3a, 0xb6, 0xc3, 0x04, 0xc6,
  0x05, 0x10, 0xfc, 0x21, 0xb7, 0xc3, 0x34, 0x46, 0x4f, 0xaf, 0x81, 0x10,
  0xfd, 0xcd, 0x2e, 0x4a, 0xf1, 0x4f, 0x87, 0x81, 0xc6, 0x0e, 0x4f, 0x06,
  0x1c, 0xcd, 0x1d, 0x4a, 0x3e, 0x10, 0xcd, 0x93, 0x44, 0x23, 0x3a, 0xb7,
  0xc3, 0xc6, 0x10, 0xcd, 0x93, 0x44, 0x11, 0x00, 0x00, 0x21, 0x5a, 0x52,
  0xaf, 0xcd, 0x18, 0x51, 0x3a, 0xb7, 0xc3, 0xfe, 0x04, 0xd2, 0xfa, 0x42,
  0xc9, 0xaf, 0x32, 0xb7, 0xc3, 0x01, 0x00, 0x19, 0x11, 0x2f, 0x4b, 0xcd,
  0xe3, 0x49, 0xcd, 0x4f, 0x4a, 0x01, 0x03, 0x19, 0x11, 0x37, 0x4b, 0xcd,
  0xe3, 0x49, 0xcd, 0x64, 0x4a, 0x01, 0x06, 0x19, 0x11, 0x3f, 0x4b, 0xcd,
  0xe3, 0x49, 0x01, 0x07, 0x1e, 0xcd, 0x1d, 0x4a, 0xeb, 0x2a, 0xbc, 0xc3,
  0x26, 0x00, 0xcd, 0x04, 0x4a, 0x01, 0x09, 0x19, 0x11, 0x47, 0x4b, 0xcd,
  0xe3, 0x49, 0x01, 0x0a, 0x1e, 0xcd, 0x1d, 0x4a, 0xeb, 0x2a, 0xbd, 0xc3,
  0x26, 0x00, 0x23, 0xcd, 0x04, 0x4a, 0x3a, 0xb6, 0xc3, 0x4f, 0x06, 0x04,
  0x11, 0xd9, 0x19, 0x79, 0xc6, 0x05, 0x4f, 0xc5, 0x6f, 0x26, 0x00, 0xcd,
  0x04, 0x4a, 0xc1, 0x3e, 0x30, 0xeb, 0xcd, 0x93, 0x44, 0x23, 0x3e, 0x20,
  0xcd, 0x93, 0x44, 0x23, 0xcd, 0x93, 0x44, 0x23, 0x11, 0x5b, 0x00, 0x19,
  0xeb, 0x10, 0xdc, 0x32, 0xbe, 0xc3, 0xc9, 0x2d, 0x53, 0x43, 0x4f, 0x52,
  0x45, 0x2d, 0x00, 0x2d, 0x20, 0x54, 0x4f, 0x50, 0x20, 0x2d, 0x00, 0x2d,
  0x4c, 0x49, 0x56, 0x45, 0x53, 0x2d, 0x00, 0x2d, 0x53, 0x48, 0x45, 0x45,
  0x54, 0x2d, 0x00, 0x21, 0xbe, 0xc3, 0x35, 0x7e, 0xe6, 0x03, 0xc0, 0xcd,
  0xd3, 0x49, 0xe6, 0xf0, 0x3c, 0xfe, 0x20, 0xd2, 0x64, 0x4b, 0xc6, 0x50,
  0x21, 0x80, 0x20, 0x01, 0x28, 0x00, 0xcd, 0x69, 0x44, 0x11, 0x00, 0x08,
  0x19, 0xcd, 0x69, 0x44, 0x19, 0xc3, 0x69, 0x44, 0xed, 0x53, 0x0c, 0xc4,
  0x32, 0xbf, 0xc3, 0xed, 0x57, 0xf5, 0xf3, 0xe5, 0x7e, 0xcd, 0x86, 0x4e,
  0xe1, 0xe5, 0xd4, 0xae, 0x4e, 0xe1, 0x23, 0x7e, 0x23, 0x66, 0x6f, 0xb4,
  0x20, 0xed, 0xf1, 0xe0, 0xfb, 0xc9, 0x4f, 0x3a, 0xd5, 0xc3, 0x91, 0xc2,
  0xa8, 0x4b, 0x32, 0xc1, 0xc3, 0x32, 0x08, 0xc4, 0x3a, 0xea, 0xc3, 0x91,
  0xc2, 0xb5, 0x4b, 0x32, 0xd6, 0xc3, 0x32, 0x09, 0xc4, 0x3a, 0xff, 0xc3,
  0x91, 0xc2, 0xc2, 0x4b, 0x32, 0xeb, 0xc3, 0x32, 0x0a, 0xc4, 0x79, 0xc9,
  0x3a, 0xc1, 0xc3, 0xb7, 0xca, 0x9d, 0x4c, 0x21, 0xc2, 0xc3, 0x7e, 0xa7,
  0xca, 0xd4, 0x4b, 0x35, 0x21, 0xc5, 0xc3, 0x35, 0xc2, 0x1e, 0x4c, 0x3a,
  0xc4, 0xc3, 0x77, 0x2a, 0xc6, 0xc3, 0x7e, 0x23, 0xfe, 0x80, 0xc2, 0xf8,
  0x4b, 0x7e, 0x23, 0x66, 0x6f, 0x7e, 0x23, 0x32, 0xc4, 0xc3, 0x32, 0xc5,
  0xc3, 0xc3, 0xe2, 0x4b, 0xfe, 0x7f, 0xc2, 0x07, 0x4c, 0xaf, 0x32, 0xc1,
  0xc3, 0x32, 0x08, 0xc4, 0xc3, 0x9d, 0x4c, 0x22, 0xc6, 0xc3, 0x4f, 0x3a,
  0xc3, 0xc3, 0xcd, 0x4f, 0x4f, 0x4f, 0x3a, 0xc0, 0xc3, 0xcd, 0x4f, 0x4f,
  0x32, 0x08, 0xc4, 0xca, 0x9d, 0x4c, 0x3a, 0xc8, 0xc3, 0xb7, 0xca, 0x6c,
  0x4c, 0x21, 0xcc, 0xc3, 0x35, 0xc2, 0x6c, 0x4c, 0x3a, 0xcb, 0xc3, 0x77,
  0x2a, 0xce, 0xc3, 0x7e, 0x23, 0xfe, 0x80, 0xc2, 0x4e, 0x4c, 0x7e, 0x23,
  0x66, 0x6f, 0x7e, 0x23, 0x32, 0xcb, 0xc3, 0x32, 0xcc, 0xc3, 0x7e, 0x23,
  0x32, 0xcd, 0xc3, 0xc3, 0x33, 0x4c, 0x22, 0xce, 0xc3, 0x6f, 0x07, 0x9f,
  0x67, 0x3a, 0xcd, 0xc3, 0xc3, 0x5c, 0x4c, 0x29, 0x3d, 0xc2, 0x5b, 0x4c,
  0xed, 0x5b, 0xc9, 0xc3, 0x19, 0xcd, 0x6b, 0x4f, 0xed, 0x53, 0x00, 0xc4,
  0x3a, 0xd0, 0xc3, 0xb7, 0xca, 0x9d, 0x4c, 0x21, 0xd2, 0xc3, 0x35, 0xc2,
  0x9d, 0x4c, 0x3a, 0xd1, 0xc3, 0x77, 0x2a, 0xd3, 0xc3, 0x7e, 0x23, 0xfe,
  0x80, 0xc2, 0x97, 0x4c, 0x7e, 0x23, 0x66, 0x6f, 0x7e, 0x23, 0x32, 0xd1,
  0xc3, 0x32, 0xd2, 0xc3, 0xc3, 0x81, 0x4c, 0x22, 0xd3, 0xc3, 0x32, 0x06,
  0xc4, 0x3a, 0xd6, 0xc3, 0xb7, 0xca, 0x76, 0x4d, 0x21, 0xd7, 0xc3, 0x7e,
  0xa7, 0xca, 0xad, 0x4c, 0x35, 0x21, 0xda, 0xc3, 0x35, 0xc2, 0xf7, 0x4c,
  0x3a, 0xd9, 0xc3, 0x77, 0x2a, 0xdb, 0xc3, 0x7e, 0x23, 0xfe, 0x80, 0xc2,
  0xd1, 0x4c, 0x7e, 0x23, 0x66, 0x6f, 0x7e, 0x23, 0x32, 0xd9, 0xc3, 0x32,
  0xda, 0xc3, 0xc3, 0xbb, 0x4c, 0xfe, 0x7f, 0xc2, 0xe0, 0x4c, 0xaf, 0x32,
  0xd6, 0xc3, 0x32, 0x09, 0xc4, 0xc3, 0x76, 0x4d, 0x22, 0xdb, 0xc3, 0x4f,
  0x3a, 0xd8, 0xc3, 0xcd, 0x4f, 0x4f, 0x4f, 0x3a, 0xc0, 0xc3, 0xcd, 0x4f,
  0x4f, 0x32, 0x09, 0xc4, 0xca, 0x76, 0x4d, 0x3a, 0xdd, 0xc3, 0xb7, 0xca,
  0x45, 0x4d, 0x21, 0xe1, 0xc3, 0x35, 0xc2, 0x45, 0x4d, 0x3a, 0xe0, 0xc3,
  0x77, 0x2a, 0xe3, 0xc3, 0x7e, 0x23, 0xfe, 0x80, 0xc2, 0x27, 0x4d, 0x7e,
  0x23, 0x66, 0x6f, 0x7e, 0x23, 0x32, 0xe0, 0xc3, 0x32, 0xe1, 0xc3, 0x7e,
  0x23, 0x32, 0xe2, 0xc3, 0xc3, 0x0c, 0x4d, 0x22, 0xe3, 0xc3, 0x6f, 0x07,
  0x9f, 0x67, 0x3a, 0xe2, 0xc3, 0xc3, 0x35, 0x4d, 0x29, 0x3d, 0xc2, 0x34,
  0x4d, 0xed, 0x5b, 0xde, 0xc3, 0x19, 0xcd, 0x6b, 0x4f, 0xed, 0x53, 0x02,
  0xc4, 0x3a, 0xe5, 0xc3, 0xb7, 0xca, 0x76, 0x4d, 0x21, 0xe7, 0xc3, 0x35,
  0xc2, 0x76, 0x4d, 0x3a, 0xe6, 0xc3, 0x77, 0x2a, 0xe8, 0xc3, 0x7e, 0x23,
  0xfe, 0x80, 0xc2, 0x70, 0x4d, 0x7e, 0x23, 0x66, 0x6f, 0x7e, 0x23, 0x32,
  0xe6, 0xc3, 0x32, 0xe7, 0xc3, 0xc3, 0x5a, 0x4d, 0x22, 0xe8, 0xc3, 0x32,
  0x06, 0xc4, 0x3a, 0xeb, 0xc3, 0xb7, 0xca, 0x4f, 0x4e, 0x21, 0xec, 0xc3,
  0x7e, 0xa7, 0xca, 0x86, 0x4d, 0x35, 0x21, 0xef, 0xc3, 0x35, 0xc2, 0xd0,
  0x4d, 0x3a, 0xee, 0xc3, 0x77, 0x2a, 0xf0, 0xc3, 0x7e, 0x23, 0xfe, 0x80,
  0xc2, 0xaa, 0x4d, 0x7e, 0x23, 0x66, 0x6f, 0x7e, 0x23, 0x32, 0xee, 0xc3,
  0x32, 0xef, 0xc3, 0xc3, 0x94, 0x4d, 0xfe, 0x7f, 0xc2, 0xb9, 0x4d, 0xaf,
  0x32, 0xeb, 0xc3, 0x32, 0x0a, 0xc4, 0xc3, 0x4f, 0x4e, 0x22, 0xf0, 0xc3,
  0x4f, 0x3a, 0xed, 0xc3, 0xcd, 0x4f, 0x4f, 0x4f, 0x3a, 0xc0, 0xc3, 0xcd,
  0x4f, 0x4f, 0x32, 0x0a, 0xc4, 0xca, 0x4f, 0x4e, 0x3a, 0xf2, 0xc3, 0xb7,
  0xca, 0x1e, 0x4e, 0x21, 0xf6, 0xc3, 0x35, 0xc2, 0x1e, 0x4e, 0x3a, 0xf5,
  0xc3, 0x77, 0x2a, 0xf8, 0xc3, 0x7e, 0x23, 0xfe, 0x80, 0xc2, 0x00, 0x4e,
  0x7e, 0x23, 0x66, 0x6f, 0x7e, 0x23, 0x32, 0xf5, 0xc3, 0x32, 0xf6, 0xc3,
  0x7e, 0x23, 0x32, 0xf7, 0xc3, 0xc3, 0xe5, 0x4d, 0x22, 0xf8, 0xc3, 0x6f,
  0x07, 0x9f, 0x67, 0x3a, 0xf7, 0xc3, 0xc3, 0x0e, 0x4e, 0x29, 0x3d, 0xc2,
  0x0d, 0x4e, 0xed, 0x5b, 0xf3, 0xc3, 0x19, 0xcd, 0x6b, 0x4f, 0xed, 0x53,
  0x04, 0xc4, 0x3a, 0xfa, 0xc3, 0xb7, 0xca, 0x4f, 0x4e, 0x21, 0xfc, 0xc3,
  0x35, 0xc2, 0x4f, 0x4e, 0x3a, 0xfb, 0xc3, 0x77, 0x2a, 0xfd, 0xc3, 0x7e,
  0x23, 0xfe, 0x80, 0xc2, 0x49, 0x4e, 0x7e, 0x23, 0x66, 0x6f, 0x7e, 0x23,
  0x32, 0xfb, 0xc3, 0x32, 0xfc, 0xc3, 0xc3, 0x33, 0x4e, 0x22, 0xfd, 0xc3,
  0x32, 0x06, 0xc4, 0x21, 0x07, 0xc4, 0xcb, 0xfe, 0xcb, 0xb6, 0x21, 0x0a,
  0xc4, 0x06, 0x0b, 0x78, 0x3d, 0xd3, 0xa0, 0x7e, 0x2b, 0xd3, 0xa1, 0x10,
  0xf6, 0xc9, 0x21, 0xc1, 0xc3, 0x11, 0xc2, 0xc3, 0x01, 0x3e, 0x00, 0x70,
  0xed, 0xb0, 0x21, 0x00, 0xc4, 0x11, 0x01, 0xc4, 0x01, 0x0a, 0x00, 0x70,
  0xed, 0xb0, 0x21, 0x07, 0xc4, 0x36, 0xff, 0xc3, 0x4f, 0x4e, 0x4f, 0x06,
  0x03, 0x11, 0xff, 0x01, 0x21, 0xc1, 0xc3, 0x7e, 0xa7, 0x20, 0x04, 0x3e,
  0x03, 0x90, 0xc9, 0x23, 0x7e, 0xbb, 0x30, 0x02, 0x5f, 0x50, 0xc5, 0x01,
  0x14, 0x00, 0x09, 0xc1, 0x10, 0xe9, 0x3e, 0x03, 0x92, 0x57, 0x79, 0xbb,
  0x7a, 0xc9, 0xe5, 0x21, 0xac, 0xc3, 0x47, 0x04, 0xc5, 0x11, 0x15, 0x00,
  0x19, 0x10, 0xfd, 0xeb, 0xe1, 0xe3, 0xdd, 0x21, 0x0b, 0xc4, 0xaf, 0x32,
  0x0b, 0xc4, 0x3d, 0x12, 0x13, 0x7e, 0x23, 0x23, 0x23, 0x12, 0x13, 0x7e,
  0x23, 0x12, 0x13, 0x4e, 0x23, 0x46, 0x23, 0x0a, 0x03, 0x12, 0x13, 0x3e,
  0x01, 0x12, 0x13, 0x79, 0x12, 0x13, 0x78, 0x12, 0x13, 0x7e, 0x23, 0x12,
  0x13, 0xa7, 0xc2, 0xf1, 0x4e, 0xdd, 0xcb, 0x00, 0xc6, 0x3a, 0x0c, 0xc4,
  0x86, 0x23, 0x12, 0x13, 0x3a, 0x0d, 0xc4, 0x8e, 0x23, 0x12, 0x13, 0x4e,
  0x23, 0x46, 0x23, 0x0a, 0x03, 0x12, 0x13, 0x3e, 0x01, 0x12, 0x13, 0x0a,
  0x03, 0x12, 0x13, 0x79, 0x12, 0x13, 0x78, 0x12, 0x13, 0x7e, 0x23, 0x12,
  0x13, 0xa7, 0xc2, 0x21, 0x4f, 0xdd, 0xcb, 0x00, 0xde, 0x4e, 0x23, 0x46,
  0x23, 0x0a, 0x03, 0x12, 0x13, 0x3e, 0x01, 0x12, 0x13, 0x79, 0x12, 0x13,
  0x78, 0x12, 0x13, 0x3a, 0xbf, 0xc3, 0x12, 0x3a, 0x0b, 0xc4, 0x5f, 0x16,
  0xf6, 0xf1, 0x18, 0x04, 0xcb, 0x03, 0xcb, 0x02, 0x3d, 0x20, 0xf9, 0x21,
  0x07, 0xc4, 0x7e, 0xa2, 0xb3, 0x77, 0xc9, 0x0c, 0x87, 0x87, 0x87, 0x87,
  0x87, 0x30, 0x01, 0x81, 0x87, 0x30, 0x01, 0x81, 0x87, 0x30, 0x01, 0x81,
  0x87, 0x30, 0x01, 0x81, 0x07, 0x07, 0x07, 0x07, 0xe6, 0x0f, 0xc9, 0x11,
  0x00, 0x00, 0x7c, 0xfe, 0x08, 0xd0, 0xaf, 0x11, 0xc0, 0x00, 0x3c, 0xed,
  0x52, 0xd2, 0x76, 0x4f, 0x19, 0x29, 0x11, 0x91, 0x4f, 0x19, 0x5e, 0x23,
  0x56, 0xc3, 0x8c, 0x4f, 0xcb, 0x3a, 0xcb, 0x1b, 0x3d, 0xc2, 0x88, 0x4f,
  0xc9, 0xe4, 0x0f, 0xd5, 0x0f, 0xc6, 0x0f, 0xb8, 0x0f, 0xa9, 0x0f, 0x9b,
  0x0f, 0x8d, 0x0f, 0x7e, 0x0f, 0x70, 0x0f, 0x62, 0x0f, 0x53, 0x0f, 0x45,
  0x0f, 0x37, 0x0f, 0x29, 0x0f, 0x1b, 0x0f, 0x0d, 0x0f, 0xff, 0x0e, 0xf2,
  0x0e, 0xe4, 0x0e, 0xd6, 0x0e, 0xc8, 0x0e, 0xbb, 0x0e, 0xad, 0x0e, 0xa0,
  0x0e, 0x92, 0x0e, 0x85, 0x0e, 0x77, 0x0e, 0x6a, 0x0e, 0x5d, 0x0e, 0x4f,
  0x0e, 0x42, 0x0e, 0x35, 0x0e, 0x28, 0x0e, 0x1b, 0x0e, 0x0e, 0x0e, 0x01,
  0x0e, 0xf4, 0x0d, 0xe7, 0x0d, 0xda, 0x0d, 0xcd, 0x0d, 0xc1, 0x0d, 0xb4,
  0x0d, 0xa7, 0x0d, 0x9b, 0x0d, 0x8e, 0x0d, 0x82, 0x0d, 0x75, 0x0d, 0x69,
  0x0d, 0x5c, 0x0d, 0x50, 0x0d, 0x44, 0x0d, 0x38, 0x0d, 0x2b, 0x0d, 0x1f,
  0x0d, 0x13, 0x0d, 0x07, 0x0d, 0xfb, 0x0c, 0xef, 0x0c, 0xe3, 0x0c, 0xd7,
  0x0c, 0xcb, 0x0c, 0xc0, 0x0c, 0xb4, 0x0c, 0xa8, 0x0c, 0x9d, 0x0c, 0x91,
  0x0c, 0x85, 0x0c, 0x7a, 0x0c, 0x6e, 0x0c, 0x63, 0x0c, 0x57, 0x0c, 0x4c,
  0x0c, 0x41, 0x0c, 0x35, 0x0c, 0x2a, 0x0c, 0x1f, 0x0c, 0x14, 0x0c, 0x08,
  0x0c, 0xfd, 0x0b, 0xf2, 0x0b, 0xe7, 0x0b, 0xdc, 0x0b, 0xd1, 0x0b, 0xc6,
  0x0b, 0xbc, 0x0b, 0xb1, 0x0b, 0xa6, 0x0b, 0x9b, 0x0b, 0x91, 0x0b, 0x86,
  0x0b, 0x7b, 0x0b, 0x71, 0x0b, 0x66, 0x0b, 0x5c, 0x0b, 0x51, 0x0b, 0x47,
  0x0b, 0x3c, 0x0b, 0x32, 0x0b, 0x28, 0x0b, 0x1d, 0x0b, 0x13, 0x0b, 0x09,
  0x0b, 0xff, 0x0a, 0xf4, 0x0a, 0xea, 0x0a, 0xe0, 0x0a, 0xd6, 0x0a, 0xcc,
  0x0a, 0xc2, 0x0a, 0xb8, 0x0a, 0xaf, 0x0a, 0xa5, 0x0a, 0x9b, 0x0a, 0x91,
  0x0a, 0x87, 0x0a, 0x7e, 0x0a, 0x74, 0x0a, 0x6a, 0x0a, 0x61, 0x0a, 0x57,
  0x0a, 0x4e, 0x0a, 0x44, 0x0a, 0x3b, 0x0a, 0x31, 0x0a, 0x28, 0x0a, 0x1e,
  0x0a, 0x15, 0x0a, 0x0c, 0x0a, 0x02, 0x0a, 0xf9, 0x09, 0xf0, 0x09, 0xe7,
  0x09, 0xde, 0x09, 0xd5, 0x09, 0xcc, 0x09, 0xc3, 0x09, 0xba, 0x09, 0xb1,
  0x09, 0xa8, 0x09, 0x9f, 0x09, 0x96, 0x09, 0x8d, 0x09, 0x84, 0x09, 0x7b,
  0x09, 0x73, 0x09, 0x6a, 0x09, 0x61, 0x09, 0x59, 0x09, 0x50, 0x09, 0x47,
  0x09, 0x3f, 0x09, 0x36, 0x09, 0x2e, 0x09, 0x25, 0x09, 0x1d, 0x09, 0x14,
  0x09, 0x0c, 0x09, 0x04, 0x09, 0xfb, 0x08, 0xf3, 0x08, 0xeb, 0x08, 0xe3,
  0x08, 0xda, 0x08, 0xd2, 0x08, 0xca, 0x08, 0xc2, 0x08, 0xba, 0x08, 0xb2,
  0x08, 0xaa, 0x08, 0xa2, 0x08, 0x9a, 0x08, 0x92, 0x08, 0x8a, 0x08, 0x82,
  0x08, 0x7a, 0x08, 0x73, 0x08, 0x6b, 0x08, 0x63, 0x08, 0x5b, 0x08, 0x54,
  0x08, 0x4c, 0x08, 0x44, 0x08, 0x3d, 0x08, 0x35, 0x08, 0x2d, 0x08, 0x26,
  0x08, 0x1e, 0x08, 0x17, 0x08, 0x0f, 0x08, 0x08, 0x08, 0x01, 0x08, 0xf9,
  0x07, 0x08, 0x3a, 0x03, 0xc0, 0xc3, 0x21, 0x51, 0x08, 0x3a, 0x0b, 0xc0,
  0xa7, 0xc0, 0x3a, 0x04, 0xc0, 0xa7, 0xc8, 0x08, 0xc3, 0x78, 0x4b, 0x02,
  0x0f, 0x0e, 0x0d, 0x0c, 0x0b, 0x0a, 0x09, 0x09, 0x08, 0x08, 0x07, 0x07,
  0x06, 0x06, 0x06, 0x05, 0x05, 0x05, 0x04, 0x04, 0x04, 0x03, 0x03, 0x03,
  0x02, 0x02, 0x02, 0x01, 0x01, 0x01, 0x7f, 0xff, 0x01, 0x00, 0x80, 0x47,
  0x51, 0x03, 0x0b, 0x0c, 0x0d, 0x0e, 0x0f, 0x0e, 0x0d, 0x0c, 0x0b, 0x0a,
  0x09, 0x08, 0x07, 0x06, 0x05, 0x04, 0x03, 0x02, 0x7f, 0x04, 0x05, 0x00,
  0x07, 0x02, 0x09, 0x04, 0x0c, 0x80, 0x61, 0x51, 0x05, 0x0f, 0x7f, 0x01,
  0x05, 0x0c, 0x13, 0x80, 0x6f, 0x51, 0x01, 0x1f, 0x00, 0x80, 0x65, 0x03,
  0x0f, 0x00, 0x0f, 0x0e, 0x0d, 0x0c, 0x0b, 0x0a, 0x09, 0x08, 0x07, 0x06,
  0x05, 0x04, 0x03, 0x7f, 0x03, 0x05, 0x07, 0x80, 0x47, 0x51, 0x01, 0x09,
  0x0b, 0x0d, 0x0f, 0x0d, 0x0b, 0x09, 0x07, 0x7f, 0x01, 0x05, 0x01, 0x02,
  0x03, 0x04, 0x03, 0x02, 0x01, 0x00, 0x80, 0x9c, 0x51, 0x19, 0x00, 0x00,
  0x0f, 0x0f, 0x0f, 0x7f, 0x32, 0x01, 0x00, 0x80, 0xb6, 0x51, 0x02, 0x05,
  0x10, 0x0f, 0x0e, 0x0d, 0x0c, 0x0b, 0x0a, 0x09, 0x0c, 0x0b, 0x0a, 0x09,
  0x08, 0x07, 0x06, 0x05, 0x08, 0x07, 0x06, 0x05, 0x04, 0x03, 0x02, 0x01,
  0x04, 0x03, 0x02, 0x01, 0x00, 0xff, 0xfe, 0xfd, 0xfc, 0xfb, 0xfa, 0xf9,
  0xf8, 0xf7, 0xf6, 0xf5, 0xf4, 0xf3, 0x80, 0x47, 0x51, 0x01, 0x09, 0x0a,
  0x0b, 0x0c, 0x0d, 0x0e, 0x0f, 0x80, 0xf0, 0x51, 0x08, 0x0f, 0x0e, 0x0d,
  0x0c, 0x0a, 0x09, 0x08, 0x07, 0x06, 0x05, 0x04, 0x03, 0x02, 0x01, 0x7f,
  0x01, 0x06, 0x00, 0x01, 0x02, 0x03, 0x04, 0x05, 0x06, 0x07, 0x08, 0x09,
  0x0a, 0x0b, 0x0c, 0x0b, 0x0a, 0x09, 0x08, 0x07, 0x06, 0x05, 0x04, 0x03,
  0x02, 0x01, 0x80, 0x00, 0x52, 0x03, 0x0f, 0x0e, 0x0d, 0x0c, 0x0a, 0x09,
  0x08, 0x07, 0x06, 0x05, 0x04, 0x03, 0x02, 0x01, 0x7f, 0x01, 0x05, 0x00,
  0x02, 0x04, 0x06, 0x08, 0x0a, 0x0c, 0x0a, 0x08, 0x06, 0x04, 0x02, 0x80,
  0x2d, 0x52, 0x32, 0x00, 0x00, 0x0c, 0x27, 0x51, 0xff, 0xc0, 0x00, 0x47,
  0x51, 0x00, 0x00, 0x00, 0x32, 0x00, 0x00, 0x0d, 0x27, 0x51, 0xff, 0x00,
  0x00, 0x47, 0x51, 0x00, 0x00, 0x00, 0x96, 0x68, 0x52, 0x0f, 0x4d, 0x51,
  0xff, 0x00, 0x03, 0x61, 0x51, 0x00, 0x00, 0x00, 0x41, 0x76, 0x52, 0x0f,
  0x4d, 0x51, 0xff, 0x40, 0x03, 0x61, 0x51, 0x00, 0x00, 0x00, 0x3c, 0x00,
  0x00, 0x0f, 0x4d, 0x51, 0xff, 0x70, 0x03, 0x61, 0x51, 0x00, 0x00, 0x00,
  0x4b, 0x00, 0x00, 0x0d, 0x6c, 0x51, 0xff, 0xc0, 0x03, 0x6f, 0x51, 0xff,
  0x76, 0x51, 0x64, 0xa0, 0x52, 0x0e, 0x7b, 0x51, 0xff, 0x00, 0x03, 0x8c,
  0x51, 0x00, 0x00, 0x00, 0x46, 0xae, 0x52, 0x0e, 0x7b, 0x51, 0xff, 0x02,
  0x03, 0x8c, 0x51, 0x00, 0x00, 0x00, 0x37, 0x00, 0x00, 0x0e, 0x7b, 0x51,
  0xff, 0x04, 0x03, 0x8c, 0x51, 0x00, 0x00, 0x00, 0x37, 0xca, 0x52, 0x0e,
  0x92, 0x51, 0xff, 0xc0, 0x03, 0x9c, 0x51, 0x00, 0x00, 0x00, 0x2d, 0x00,
  0x00, 0x0e, 0x92, 0x51, 0xff, 0xd8, 0x03, 0x9c, 0x51, 0x00, 0x00, 0x00,
  0xff, 0xe6, 0x52, 0x0f, 0xa9, 0x51, 0xff, 0xe0, 0x03, 0xb0, 0x51, 0x00,
  0x00, 0x00, 0xff, 0xf4, 0x52, 0x0f, 0xa9, 0x51, 0xff, 0x64, 0x02, 0xb0,
  0x51, 0x00, 0x00, 0x00, 0xff, 0x00, 0x00, 0x0f, 0xa9, 0x51, 0xff, 0xa8,
  0x01, 0xb0, 0x51, 0x00, 0x00, 0x00, 0x96, 0x00, 0x00, 0x0f, 0xe5, 0x51,
  0xff, 0x00, 0x03, 0x00, 0x52, 0x00, 0x00, 0x00, 0x96, 0x00, 0x00, 0x0f,
  0x1d, 0x52, 0xff, 0x00, 0x03, 0x2d, 0x52, 0x00, 0x00, 0x00, 0x3e, 0x0f,
  0x32, 0xc0, 0xc3, 0x21, 0x47, 0x53, 0xc3, 0x06, 0x59, 0x3e, 0x0f, 0x32,
  0xc0, 0xc3, 0x21, 0x3f, 0x53, 0xc3, 0x06, 0x59, 0x3e, 0x0f, 0x32, 0xc0,
  0xc3, 0x21, 0x4f, 0x53, 0xc3, 0x06, 0x59, 0xd9, 0x55, 0x64, 0x57, 0x2f,
  0x58, 0x36, 0x12, 0x5d, 0x53, 0x35, 0x54, 0x07, 0x55, 0x32, 0x14, 0x57,
  0x53, 0x57, 0x53, 0x57, 0x53, 0xff, 0x00, 0x81, 0xff, 0x85, 0x82, 0x57,
  0x53, 0x80, 0x3e, 0x52, 0x81, 0x60, 0x85, 0x81, 0x18, 0x82, 0xb7, 0x53,
  0x28, 0x29, 0x2b, 0x2d, 0x2d, 0x84, 0x84, 0x84, 0x84, 0x84, 0x84, 0x84,
  0x84, 0x84, 0x84, 0x84, 0x2e, 0x2f, 0x2d, 0x26, 0x26, 0x84, 0x84, 0x84,
  0x84, 0x84, 0x84, 0x84, 0x84, 0x84, 0x84, 0x85, 0x81, 0x0c, 0x26, 0x28,
  0x84, 0x26, 0x81, 0x18, 0x28, 0x2b, 0x2b, 0x84, 0x84, 0x84, 0x84, 0x84,
  0x84, 0x84, 0x84, 0x84, 0x84, 0x84, 0x2d, 0x2b, 0x28, 0x24, 0x24, 0x24,
  0x24, 0x84, 0x84, 0x84, 0x84, 0x85, 0x30, 0x30, 0x30, 0x30, 0x30, 0x30,
  0x30, 0x82, 0xb7, 0x53, 0x82, 0x57, 0x53, 0x35, 0x84, 0x35, 0x35, 0x35,
  0x84, 0x35, 0x35, 0x35, 0x35, 0x84, 0x35, 0x35, 0x84, 0x84, 0x84, 0x35,
  0x84, 0x35, 0x35, 0x35, 0x84, 0x35, 0x35, 0x35, 0x35, 0x84, 0x35, 0x84,
  0x84, 0x84, 0x84, 0x39, 0x84, 0x35, 0x35, 0x84, 0x35, 0x35, 0x35, 0x35,
  0x35, 0x84, 0x35, 0x84, 0x84, 0x84, 0x84, 0x37, 0x84, 0x85, 0x3c, 0x3c,
  0x3c, 0x3c, 0x3c, 0x3c, 0x84, 0x35, 0x37, 0x34, 0x30, 0x2f, 0x2e, 0x2d,
  0x84, 0x29, 0x84, 0x84, 0x2d, 0x30, 0x2d, 0x33, 0x84, 0x30, 0x2d, 0x29,
  0x2b, 0x27, 0x29, 0x26, 0x84, 0x29, 0x84, 0x84, 0x84, 0x2c, 0x29, 0x32,
  0x84, 0x85, 0x84, 0x2e, 0x2c, 0x29, 0x26, 0x29, 0x84, 0x35, 0x84, 0x84,
  0x84, 0x33, 0x32, 0x30, 0x84, 0x32, 0x84, 0x30, 0x84, 0x2e, 0x84, 0x2d,
  0x84, 0x2d, 0x2d, 0x2e, 0x32, 0x84, 0x84, 0x35, 0x84, 0x84, 0x84, 0x85,
  0x83, 0x80, 0x3e, 0x52, 0x81, 0x60, 0x85, 0x81, 0x18, 0x82, 0x89, 0x54,
  0x85, 0x85, 0x85, 0x2c, 0x2c, 0x85, 0x85, 0x85, 0x85, 0x85, 0x85, 0x85,
  0x85, 0x85, 0x85, 0x85, 0x85, 0x85, 0x85, 0x85, 0x25, 0x85, 0x85, 0x85,
  0x85, 0x85, 0x85, 0x85, 0x85, 0x85, 0x85, 0x85, 0x85, 0x85, 0x85, 0x2a,
  0x2a, 0x85, 0x85, 0x85, 0x85, 0x85, 0x85, 0x85, 0x85, 0x85, 0x85, 0x85,
  0x85, 0x85, 0x85, 0x22, 0x22, 0x22, 0x22, 0x84, 0x84, 0x84, 0x84, 0x85,
  0x2e, 0x2e, 0x2e, 0x2e, 0x2e, 0x2e, 0x2e, 0x82, 0x89, 0x54, 0x82, 0x57,
  0x53, 0x30, 0x84, 0x30, 0x30, 0x30, 0x84, 0x30, 0x30, 0x30, 0x30, 0x84,
  0x30, 0x30, 0x84, 0x84, 0x84, 0x30, 0x84, 0x30, 0x30, 0x30, 0x84, 0x30,
  0x30, 0x30, 0x30, 0x84, 0x30, 0x84, 0x84, 0x84, 0x84, 0x35, 0x84, 0x30,
  0x30, 0x84, 0x30, 0x30, 0x30, 0x32, 0x32, 0x84, 0x32, 0x84, 0x84, 0x84,
  0x84, 0x30, 0x84, 0x85, 0x30, 0x33, 0x34, 0x35, 0x36, 0x37, 0x84, 0x85,
  0x84, 0x33, 0x85, 0x84, 0x84, 0x85, 0x85, 0x85, 0x85, 0x85, 0x85, 0x85,
  0x85, 0x85, 0x85, 0x85, 0x85, 0x85, 0x85, 0x85, 0x85, 0x85, 0x85, 0x85,
  0x85, 0x85, 0x85, 0x2b, 0x85, 0x30, 0x84, 0x85, 0x85, 0x85, 0x85, 0x85,
  0x85, 0x85, 0x85, 0x30, 0x84, 0x84, 0x84, 0x85, 0x85, 0x85, 0x85, 0x2e,
  0x84, 0x2d, 0x84, 0x2b, 0x84, 0x29, 0x84, 0x29, 0x29, 0x29, 0x2c, 0x84,
  0x84, 0x2d, 0x84, 0x84, 0x84, 0x85, 0x83, 0x80, 0x4c, 0x52, 0x81, 0x60,
  0x85, 0x81, 0x18, 0x82, 0x5b, 0x55, 0x84, 0x84, 0x84, 0x85, 0x84, 0x85,
  0x15, 0x18, 0x19, 0x1c, 0x1e, 0x1f, 0x84, 0x1e, 0x1c, 0x84, 0x84, 0x84,
  0x84, 0x85, 0x84, 0x85, 0x0e, 0x11, 0x12, 0x15, 0x17, 0x18, 0x84, 0x17,
  0x15, 0x84, 0x84, 0x84, 0x84, 0x85, 0x84, 0x85, 0x13, 0x16, 0x17, 0x1a,
  0x1c, 0x1d, 0x1c, 0x84, 0x1a, 0x84, 0x84, 0x84, 0x84, 0x85, 0x84, 0x85,
  0x0c, 0x0f, 0x10, 0x13, 0x15, 0x16, 0x84, 0x0c, 0x84, 0x0e, 0x84, 0x10,
  0x84, 0x82, 0x5b, 0x55, 0x82, 0x57, 0x53, 0x11, 0x84, 0x15, 0x18, 0x1a,
  0x18, 0x15, 0x18, 0x16, 0x84, 0x1a, 0x1d, 0x20, 0x84, 0x1d, 0x1a, 0x11,
  0x84, 0x15, 0x18, 0x1a, 0x18, 0x15, 0x18, 0x16, 0x84, 0x1a, 0x1d, 0x20,
  0x84, 0x1d, 0x1a, 0x11, 0x84, 0x15, 0x18, 0x1a, 0x18, 0x15, 0x18, 0x16,
  0x84, 0x1a, 0x1d, 0x20, 0x84, 0x1d, 0x1a, 0x1c, 0x84, 0x0c, 0x84, 0x84,
  0x84, 0x84, 0x84, 0x84, 0x84, 0x84, 0x84, 0x84, 0x0c, 0x0e, 0x10, 0x11,
  0x84, 0x15, 0x18, 0x1a, 0x18, 0x15, 0x18, 0x11, 0x84, 0x15, 0x18, 0x1b,
  0x18, 0x15, 0x18, 0x16, 0x84, 0x1a, 0x1d, 0x20, 0x1d, 0x1a, 0x1d, 0x16,
  0x84, 0x1a, 0x1d, 0x20, 0x1d, 0x1a, 0x1d, 0x11, 0x84, 0x15, 0x18, 0x1a,
  0x18, 0x15, 0x18, 0x0c, 0x84, 0x10, 0x13, 0x15, 0x13, 0x10, 0x13, 0x11,
  0x84, 0x15, 0x18, 0x1a, 0x16, 0x84, 0x84, 0x18, 0x84, 0x84, 0x84, 0x85,
  0x83, 0x80, 0x3e, 0x52, 0x81, 0x60, 0x85, 0x81, 0x18, 0x85, 0x30, 0x37,
  0x30, 0x34, 0x37, 0x84, 0x2f, 0x37, 0x2f, 0x32, 0x37, 0x84, 0x84, 0x84,
  0x84, 0x85, 0x30, 0x37, 0x30, 0x34, 0x37, 0x84, 0x2f, 0x37, 0x2f, 0x32,
  0x37, 0x84, 0x84, 0x84, 0x37, 0x85, 0x30, 0x33, 0x38, 0x85, 0x37, 0x85,
  0x37, 0x85, 0x24, 0x27, 0x2c, 0x85, 0x2b, 0x85, 0x84, 0x85, 0x24, 0x27,
  0x2b, 0x85, 0x27, 0x2b, 0x30, 0x85, 0x2b, 0x30, 0x33, 0x85, 0x30, 0x33,
  0x37, 0x3c, 0x84, 0x3c, 0x84, 0x3c, 0x84, 0x3c, 0x3c, 0x84, 0x37, 0x39,
  0x34, 0x37, 0x39, 0x84, 0x30, 0x30, 0x32, 0x33, 0x30, 0x32, 0x34, 0x84,
  0x30, 0x34, 0x30, 0x32, 0x84, 0x30, 0x84, 0x85, 0x30, 0x84, 0x84, 0x30,
  0x84, 0x30, 0x84, 0x30, 0x30, 0x84, 0x2b, 0x2d, 0x28, 0x2b, 0x2d, 0x84,
  0x24, 0x84, 0x26, 0x27, 0x24, 0x26, 0x28, 0x84, 0x24, 0x28, 0x24, 0x26,
  0x84, 0x24, 0x84, 0x85, 0x84, 0x85, 0x2f, 0x37, 0x2f, 0x32, 0x36, 0x84,
  0x2f, 0x35, 0x2b, 0x2f, 0x34, 0x84, 0x2b, 0x32, 0x2b, 0x85, 0x28, 0x30,
  0x28, 0x2b, 0x2d, 0x84, 0x28, 0x30, 0x28, 0x2b, 0x2d, 0x84, 0x28, 0x2d,
  0x84, 0x85, 0x2b, 0x2f, 0x26, 0x29, 0x2d, 0x84, 0x2b, 0x2f, 0x26, 0x29,
  0x2d, 0x84, 0x29, 0x2d, 0x84, 0x85, 0x28, 0x30, 0x28, 0x2b, 0x2d, 0x84,
  0x28, 0x30, 0x28, 0x2b, 0x2d, 0x84, 0x28, 0x2d, 0x84, 0x85, 0x2f, 0x37,
  0x2f, 0x32, 0x36, 0x84, 0x32, 0x35, 0x2b, 0x2f, 0x34, 0x84, 0x2b, 0x32,
  0x2b, 0x85, 0x28, 0x30, 0x28, 0x2b, 0x2d, 0x84, 0x28, 0x30, 0x84, 0x30,
  0x84, 0x2f, 0x84, 0x2e, 0x84, 0x85, 0x2d, 0x31, 0x34, 0x39, 0x34, 0x31,
  0x2d, 0x85, 0x2d, 0x32, 0x35, 0x39, 0x84, 0x35, 0x84, 0x34, 0x84, 0x84,
  0x34, 0x85, 0x32, 0x84, 0x2b, 0x30, 0x84, 0x37, 0x84, 0x3c, 0x84, 0x84,
  0x84, 0x30, 0x84, 0x84, 0x32, 0x84, 0x34, 0x32, 0x84, 0x30, 0x84, 0x84,
  0x32, 0x84, 0x34, 0x32, 0x34, 0x30, 0x35, 0x32, 0x35, 0x39, 0x30, 0x35,
  0x39, 0x32, 0x35, 0x39, 0x30, 0x84, 0x39, 0x32, 0x39, 0x30, 0x84, 0x84,
  0x32, 0x84, 0x34, 0x32, 0x84, 0x30, 0x84, 0x84, 0x32, 0x84, 0x34, 0x32,
  0x34, 0x30, 0x35, 0x32, 0x35, 0x39, 0x30, 0x35, 0x39, 0x32, 0x35, 0x39,
  0x30, 0x84, 0x39, 0x31, 0x39, 0x32, 0x84, 0x84, 0x34, 0x84, 0x36, 0x34,
  0x84, 0x32, 0x84, 0x84, 0x34, 0x84, 0x36, 0x34, 0x36, 0x85, 0x2b, 0x32,
  0x2b, 0x2e, 0x34, 0x84, 0x2b, 0x32, 0x2b, 0x2e, 0x34, 0x84, 0x2b, 0x32,
  0x84, 0x35, 0x84, 0x35, 0x84, 0x34, 0x84, 0x32, 0x84, 0x2d, 0x29, 0x2b,
  0x2e, 0x84, 0x26, 0x2d, 0x84, 0x2d, 0x29, 0x2b, 0x2d, 0x84, 0x28, 0x2b,
  0x29, 0x84, 0x29, 0x2d, 0x30, 0x35, 0x84, 0x85, 0x84, 0x82, 0xdf, 0x55,
  0x80, 0x4c, 0x52, 0x81, 0x60, 0x85, 0x81, 0x30, 0x85, 0x84, 0x84, 0x84,
  0x85, 0x1f, 0x1f, 0x85, 0x85, 0x84, 0x84, 0x84, 0x84, 0x1f, 0x1f, 0x85,
  0x85, 0x84, 0x84, 0x84, 0x85, 0x84, 0x84, 0x84, 0x85, 0x84, 0x84, 0x84,
  0x85, 0x84, 0x84, 0x84, 0x85, 0x27, 0x27, 0x27, 0x85, 0x28, 0x28, 0x28,
  0x85, 0x27, 0x85, 0x28, 0x85, 0x29, 0x28, 0x85, 0x85, 0x27, 0x27, 0x27,
  0x28, 0x85, 0x84, 0x84, 0x85, 0x1b, 0x84, 0x1c, 0x85, 0x1d, 0x1c, 0x84,
  0x85, 0x1f, 0x85, 0x1f, 0x85, 0x1f, 0x85, 0x1f, 0x85, 0x1f, 0x85, 0x1f,
  0x85, 0x1f, 0x85, 0x85, 0x85, 0x1f, 0x85, 0x1f, 0x85, 0x1f, 0x85, 0x1f,
  0x85, 0x1f, 0x85, 0x1f, 0x85, 0x1f, 0x85, 0x85, 0x85, 0x1f, 0x85, 0x1f,
  0x85, 0x1f, 0x85, 0x1f, 0x85, 0x1f, 0x85, 0x1f, 0x85, 0x85, 0x85, 0x85,
  0x85, 0x85, 0x85, 0x85, 0x85, 0x21, 0x21, 0x85, 0x85, 0x28, 0x29, 0x1f,
  0x28, 0x2f, 0x34, 0x85, 0x3a, 0x24, 0x85, 0x24, 0x3a, 0x24, 0x85, 0x24,
  0x85, 0x24, 0x85, 0x24, 0x85, 0x24, 0x85, 0x85, 0x3a, 0x24, 0x85, 0x24,
  0x3a, 0x24, 0x85, 0x24, 0x85, 0x24, 0x85, 0x24, 0x85, 0x24, 0x85, 0x85,
  0x3c, 0x24, 0x85, 0x24, 0x3c, 0x24, 0x85, 0x24, 0x85, 0x26, 0x85, 0x26,
  0x85, 0x26, 0x85, 0x1f, 0x1a, 0x84, 0x84, 0x84, 0x1d, 0x85, 0x1e, 0x84,
  0x85, 0x1f, 0x85, 0x22, 0x21, 0x85, 0x2d, 0x85, 0x82, 0x6a, 0x57, 0x80,
  0x4c, 0x52, 0x81, 0x60, 0x85, 0x81, 0x30, 0x18, 0x1c, 0x1f, 0x19, 0x1a,
  0x1d, 0x1d, 0x13, 0x18, 0x1c, 0x1f, 0x19, 0x1a, 0x1d, 0x1d, 0x13, 0x14,
  0x84, 0x13, 0x13, 0x14, 0x84, 0x13, 0x1f, 0x81, 0x18, 0x18, 0x85, 0x84,
  0x84, 0x1b, 0x85, 0x84, 0x84, 0x1f, 0x85, 0x84, 0x84, 0x24, 0x85, 0x84,
  0x84, 0x81, 0x30, 0x1e, 0x21, 0x21, 0x21, 0x1f, 0x24, 0x24, 0x24, 0x20,
  0x24, 0x1f, 0x24, 0x1f, 0x23, 0x24, 0x84, 0x1e, 0x21, 0x21, 0x21, 0x1f,
  0x84, 0x13, 0x1c, 0x14, 0x84, 0x13, 0x18, 0x13, 0x84, 0x18, 0x19, 0x1a,
  0x1d, 0x13, 0x1d, 0x1a, 0x1d, 0x13, 0x1d, 0x18, 0x1c, 0x13, 0x1c, 0x18,
  0x1c, 0x18, 0x19, 0x1a, 0x1d, 0x13, 0x1d, 0x1a, 0x1d, 0x13, 0x1d, 0x18,
  0x1c, 0x13, 0x1c, 0x18, 0x1c, 0x18, 0x19, 0x1a, 0x1d, 0x13, 0x1d, 0x1a,
  0x1d, 0x13, 0x1d, 0x18, 0x1c, 0x13, 0x1c, 0x18, 0x24, 0x23, 0x22, 0x21,
  0x1c, 0x19, 0x15, 0x1a, 0x1d, 0x1d, 0x15, 0x1a, 0x1e, 0x13, 0x1e, 0x18,
  0x13, 0x0c, 0x85, 0x1f, 0x22, 0x18, 0x22, 0x1f, 0x22, 0x18, 0x22, 0x1d,
  0x21, 0x18, 0x21, 0x1d, 0x21, 0x1d, 0x1e, 0x1f, 0x22, 0x18, 0x22, 0x1f,
  0x22, 0x18, 0x22, 0x1d, 0x21, 0x18, 0x21, 0x1d, 0x21, 0x1d, 0x1c, 0x1a,
  0x1e, 0x15, 0x1e, 0x1a, 0x1e, 0x15, 0x1e, 0x1f, 0x22, 0x16, 0x22, 0x1f,
  0x22, 0x16, 0x84, 0x17, 0x84, 0x84, 0x84, 0x18, 0x85, 0x1a, 0x84, 0x1a,
  0x1d, 0x18, 0x1c, 0x1d, 0x18, 0x11, 0x85, 0x82, 0x35, 0x58, 0xed, 0x57,
  0x08, 0xf3, 0xdd, 0x21, 0x0e, 0xc4, 0x06, 0x03, 0x7e, 0x23, 0xdd, 0x77,
  0x00, 0x7e, 0x23, 0xdd, 0x77, 0x08, 0xdd, 0x36, 0x28, 0x00, 0xdd, 0x36,
  0x20, 0x00, 0xdd, 0x23, 0x10, 0xea, 0x7e, 0x23, 0x32, 0x0e, 0xc5, 0x7e,
  0x32, 0x0f, 0xc5, 0x21, 0x00, 0x00, 0x22, 0x11, 0xc5, 0x3e, 0x01, 0x32,
  0x10, 0xc5, 0x08, 0xe0, 0xfb, 0xc9, 0x2a, 0x11, 0xc5, 0x3a, 0x10, 0xc5,
  0x4f, 0xaf, 0x47, 0xed, 0x42, 0xd2, 0x60, 0x59, 0xeb, 0x21, 0x0f, 0xc5,
  0x7e, 0xed, 0x44, 0x77, 0x4f, 0x3a, 0x0e, 0xc5, 0x81, 0x32, 0x10, 0xc5,
  0x21, 0x80, 0x01, 0x19, 0x22, 0x11, 0xc5, 0x3e, 0x03, 0xdd, 0x21, 0x0e,
  0xc4, 0xdd, 0xe5, 0x32, 0x13, 0xc5, 0xdd, 0x6e, 0x20, 0xdd, 0x66, 0x28,
  0x3a, 0x10, 0xc5, 0x4f, 0xaf, 0x47, 0xed, 0x42, 0xdd, 0x75, 0x20, 0xdd,
  0x74, 0x28, 0xd2, 0xde, 0x59, 0xdd, 0x4e, 0x30, 0xdd, 0x46, 0x38, 0x09,
  0xdd, 0x75, 0x20, 0xdd, 0x74, 0x28, 0xdd, 0x6e, 0x00, 0xdd, 0x66, 0x08,
  0x7e, 0x23, 0xfe, 0x81, 0xca, 0xea, 0x59, 0xfe, 0x80, 0xca, 0x16, 0x5a,
  0xfe, 0x82, 0xca, 0x23, 0x5a, 0xfe, 0x83, 0xca, 0x31, 0x5a, 0xdd, 0x75,
  0x00, 0xdd, 0x74, 0x08, 0xfe, 0x84, 0xca, 0xde, 0x59, 0xf5, 0x3a, 0x13,
  0xc5, 0xcd, 0x9a, 0x4b, 0xf1, 0xfe, 0x85, 0xca, 0xde, 0x59, 0x6f, 0x26,
  0x00, 0x29, 0x29, 0x29, 0x29, 0x3a, 0x13, 0xc5, 0x5f, 0x16, 0x00, 0x19,
  0xeb, 0xdd, 0x6e, 0x10, 0xdd, 0x66, 0x18, 0xcd, 0x11, 0x51, 0x3a, 0x13,
  0xc5, 0xdd, 0xe1, 0xdd, 0x23, 0x3d, 0xc2, 0x69, 0x59, 0xc9, 0x7e, 0x23,
  0xeb, 0xdd, 0x4e, 0x30, 0xdd, 0x46, 0x38, 0xdd, 0x6e, 0x20, 0xdd, 0x66,
  0x28, 0xa7, 0xed, 0x42, 0x44, 0x4d, 0x6f, 0x26, 0x00, 0x29, 0x29, 0x29,
  0x29, 0xdd, 0x75, 0x30, 0xdd, 0x74, 0x38, 0x09, 0xdd, 0x75, 0x20, 0xdd,
  0x74, 0x28, 0xeb, 0xc3, 0x98, 0x59, 0x7e, 0x23, 0xdd, 0x77, 0x10, 0x7e,
  0x23, 0xdd, 0x77, 0x18, 0xc3, 0x98, 0x59, 0x5e, 0x23, 0x56, 0x23, 0xdd,
  0x75, 0x40, 0xdd, 0x74, 0x48, 0xeb, 0xc3, 0x98, 0x59, 0xdd, 0x6e, 0x40,
  0xdd, 0x66, 0x48, 0xc3, 0x98, 0x59, 0xdb, 0x99, 0x32, 0xe7, 0xf3, 0xf1,
  0xcd, 0x5d, 0x41, 0xdd, 0xe1, 0xfd, 0xe1, 0xf1, 0xc1, 0xd1, 0xe1, 0x08,
  0xd9, 0xf1, 0xc1, 0xd1, 0xe1, 0xfb, 0xc9, 0xcd, 0x64, 0x5a, 0x21, 0x3a,
  0x5a, 0x22, 0x9b, 0xfd, 0x3e, 0xc3, 0x32, 0x9a, 0xfd, 0xed, 0x56, 0xc9,
  0x3e, 0xc9, 0x32, 0x9a, 0xfd, 0xc9, 0x26, 0x00, 0x6b, 0x29, 0x29, 0xd5,
  0x11, 0x15, 0xc5, 0x19, 0xd1, 0x0d, 0x71, 0x23, 0x70, 0x23, 0x87, 0x87,
  0x77, 0x23, 0x72, 0xc9, 0x87, 0x87, 0x5f, 0x16, 0x00, 0x21, 0x15, 0xc5,
  0x19, 0x36, 0xd1, 0xc9, 0x3a, 0xe7, 0xf3, 0xcb, 0x77, 0xca, 0xc6, 0x5a,
  0x21, 0x14, 0xc5, 0x7e, 0xee, 0xff, 0x77, 0x28, 0x29, 0x21, 0x15, 0xc5,
  0x11, 0x3c, 0x1b, 0x3e, 0x10, 0x01, 0x04, 0x00, 0xcd, 0x1f, 0x45, 0x09,
  0x1d, 0x1d, 0x1d, 0x1d, 0x3d, 0xc2, 0xa8, 0x5a, 0x11, 0x7c, 0x1b, 0x3e,
  0x10, 0xcd, 0x1f, 0x45, 0x09, 0x1d, 0x1d, 0x1d, 0x1d, 0x3d, 0xc2, 0xb9,
  0x5a, 0xc9, 0x21, 0x15, 0xc5, 0x11, 0x00, 0x1b, 0x01, 0x80, 0x00, 0xc3,
  0x1f, 0x45, 0x21, 0x15, 0xc5, 0x11, 0x16, 0xc5, 0x01, 0x7f, 0x00, 0x36,
  0xd1, 0xed, 0xb0, 0xaf, 0x32, 0x14, 0xc5, 0xc9, 0xed, 0x4b, 0x95, 0xc5,
  0xed, 0x43, 0x9a, 0xc5, 0xc5, 0xcd, 0x27, 0x48, 0xc1, 0x36, 0x41, 0x22,
  0x9c, 0xc5, 0xcd, 0x8e, 0x65, 0xed, 0x43, 0x98, 0xc5, 0xaf, 0x32, 0xab,
  0xc5, 0x32, 0xa0, 0xc5, 0x32, 0xb2, 0xc5, 0x3d, 0x32, 0xac, 0xc5, 0x3e,
  0x03, 0x32, 0xa3, 0xc5, 0x3e, 0x01, 0x32, 0xa1, 0xc5, 0xc9, 0xcd, 0x8f,
  0x5e, 0xcd, 0x6d, 0x5d, 0x3a, 0xa1, 0xc5, 0x5f, 0x21, 0xa0, 0xc5, 0x7e,
  0x93, 0xfa, 0x76, 0x5b, 0x77, 0xfe, 0x08, 0xc2, 0x62, 0x5b, 0x2a, 0x9c,
  0xc5, 0x7e, 0xd6, 0x41, 0x20, 0x01, 0x77, 0x3a, 0xa2, 0xc5, 0x24, 0x77,
  0x25, 0x57, 0xcd, 0xed, 0x5d, 0x22, 0x9c, 0xc5, 0x7a, 0xed, 0x4b, 0x9a,
  0xc5, 0xcd, 0xdf, 0x5d, 0xed, 0x43, 0x9a, 0xc5, 0x21, 0xac, 0xc5, 0x7e,
  0xa7, 0xfa, 0x62, 0x5b, 0x36, 0xff, 0xc5, 0xcd, 0x6d, 0x4a, 0xc1, 0xcd,
  0xe6, 0x47, 0xed, 0x4b, 0x98, 0xc5, 0x2a, 0x9e, 0xc5, 0x78, 0x84, 0x47,
  0x79, 0x85, 0x4f, 0xed, 0x43, 0x98, 0xc5, 0xc3, 0x98, 0x5c, 0x21, 0xab,
  0xc5, 0x7e, 0xa7, 0xca, 0xa9, 0x5b, 0x36, 0x00, 0x3a, 0xaa, 0xc5, 0x2a,
  0xa8, 0xc5, 0xf6, 0x80, 0x77, 0xed, 0x4b, 0x9a, 0xc5, 0x3a, 0xa2, 0xc5,
  0xcd, 0xdf, 0x5d, 0xcb, 0x20, 0xcb, 0x21, 0x3a, 0xaa, 0xc5, 0xc6, 0x20,
  0xcd, 0xee, 0x47, 0x3e, 0x03, 0xcd, 0x80, 0x5a, 0x3e, 0x10, 0xcd, 0x80,
  0x5a, 0x2a, 0x9c, 0xc5, 0x25, 0x7e, 0x24, 0x3d, 0xfa, 0xf9, 0x5b, 0x57,
  0x3a, 0xb4, 0xc5, 0xee, 0x03, 0xba, 0xca, 0x98, 0x5c, 0x7a, 0xcd, 0xed,
  0x5d, 0x7e, 0xa7, 0xfa, 0xf9, 0x5b, 0xcb, 0x6f, 0xc2, 0xf9, 0x5b, 0x36,
  0x41, 0x7a, 0x32, 0xa2, 0xc5, 0xcd, 0xdc, 0x5d, 0xcb, 0x20, 0xcb, 0x21,
  0xed, 0x43, 0x9e, 0xc5, 0x3e, 0x02, 0x32, 0xa1, 0xc5, 0x3e, 0x0e, 0x32,
  0xa0, 0xc5, 0x3e, 0x04, 0xcd, 0x9a, 0x4b, 0x11, 0x00, 0x00, 0x21, 0xbc,
  0x52, 0x3e, 0x04, 0xcd, 0x18, 0x51, 0xc3, 0x62, 0x5b, 0x3a, 0xb4, 0xc5,
  0xa7, 0xfa, 0x98, 0x5c, 0x2a, 0x9c, 0xc5, 0x57, 0xcd, 0xed, 0x5d, 0x7e,
  0xa7, 0xfa, 0x30, 0x5c, 0xcb, 0x6f, 0xca, 0x16, 0x5c, 0xcb, 0xaf, 0x32,
  0xac, 0xc5, 0x36, 0x41, 0x7a, 0x32, 0xa2, 0xc5, 0xcd, 0xdc, 0x5d, 0xed,
  0x43, 0x9e, 0xc5, 0x3e, 0x01, 0x32, 0xa1, 0xc5, 0x3e, 0x0f, 0x32, 0xa0,
  0xc5, 0xc3, 0x62, 0x5b, 0xe6, 0x0f, 0x5f, 0xe6, 0x07, 0xfe, 0x06, 0xd2,
  0x98, 0x5c, 0x7a, 0xe5, 0xcd, 0xed, 0x5d, 0xc1, 0x7e, 0xb7, 0xc2, 0x98,
  0x5c, 0xc5, 0xd5, 0xe5, 0xed, 0x4b, 0x9a, 0xc5, 0x7a, 0xcd, 0xdf, 0x5d,
  0xcd, 0x64, 0x62, 0xe1, 0xd1, 0x36, 0x8f, 0x22, 0xa8, 0xc5, 0x7a, 0xcd,
  0xdc, 0x5d, 0x78, 0x87, 0x87, 0x87, 0x87, 0x67, 0x79, 0x87, 0x87, 0x87,
  0x87, 0x6f, 0x22, 0xa6, 0xc5, 0x7b, 0x32, 0xaa, 0xc5, 0x2a, 0x05, 0xc0,
  0x65, 0xfe, 0x08, 0x38, 0x03, 0x26, 0x08, 0x94, 0xc6, 0x38, 0x6f, 0x22,
  0xa4, 0xc5, 0x3e, 0xff, 0x32, 0xab, 0xc5, 0xed, 0x4b, 0x9a, 0xc5, 0x7a,
  0xcd, 0xdf, 0x5d, 0xd5, 0xcd, 0xe6, 0x47, 0xd1, 0xe1, 0xc3, 0x16, 0x5c,
  0x3a, 0xb4, 0xc5, 0xa7, 0xfa, 0xa2, 0x5c, 0x32, 0xa3, 0xc5, 0x3a, 0xab,
  0xc5, 0xa7, 0xca, 0xcb, 0x5c, 0xed, 0x4b, 0x98, 0xc5, 0x2a, 0xa6, 0xc5,
  0x78, 0x84, 0x47, 0x79, 0x85, 0x4f, 0xed, 0x5b, 0xa4, 0xc5, 0x7b, 0x1e,
  0x03, 0xc5, 0xcd, 0x6a, 0x5a, 0xc1, 0x3e, 0x3f, 0x16, 0x01, 0x1e, 0x10,
  0xcd, 0x6a, 0x5a, 0xed, 0x4b, 0x98, 0xc5, 0x79, 0xd6, 0x06, 0x4f, 0x21,
  0x97, 0xc5, 0x7e, 0x35, 0x0f, 0x0f, 0xe6, 0x03, 0x20, 0x02, 0x3e, 0x02,
  0x3d, 0x87, 0x87, 0x57, 0x3a, 0xa3, 0xc5, 0x82, 0x16, 0x0f, 0x1e, 0x00,
  0x08, 0x3a, 0x18, 0xca, 0xfe, 0x03, 0xda, 0xff, 0x5c, 0x3a, 0x97, 0xc5,
  0x0f, 0x0f, 0xd2, 0xff, 0x5c, 0x16, 0x09, 0x08, 0xf5, 0xc5, 0xcd, 0x6a,
  0x5a, 0xc1, 0x79, 0xc6, 0x10, 0x4f, 0xf1, 0xe6, 0x03, 0xc6, 0x0c, 0x1e,
  0x01, 0x16, 0x0e, 0x08, 0x3a, 0x18, 0xca, 0xfe, 0x03, 0xda, 0x25, 0x5d,
  0x3a, 0x97, 0xc5, 0x0f, 0xd2, 0x25, 0x5d, 0x16, 0x06, 0x08, 0xc3, 0x6a,
  0x5a, 0x21, 0xad, 0xc5, 0x7e, 0xa7, 0xca, 0xfa, 0x42, 0x35, 0xfe, 0xaa,
  0xc2, 0x45, 0x5d, 0xf5, 0x06, 0x05, 0xc5, 0x3e, 0x03, 0x80, 0xcd, 0x80,
  0x5a, 0xc1, 0x10, 0xf6, 0xf1, 0x4f, 0xfe, 0x96, 0x3e, 0x03, 0xd2, 0x67,
  0x5d, 0x79, 0xfe, 0x32, 0xd2, 0x5c, 0x5d, 0xaf, 0xcd, 0x80, 0x5a, 0x3e,
  0x01, 0xc3, 0x80, 0x5a, 0x3a, 0x97, 0xc5, 0x0f, 0x0f, 0xe6, 0x03, 0x4f,
  0xcb, 0x2f, 0xa9, 0x32, 0xa3, 0xc5, 0xc3, 0xcb, 0x5c, 0x3a, 0xb2, 0xc5,
  0x3d, 0xf2, 0xbc, 0x5d, 0x3a, 0xa0, 0xc5, 0xa7, 0xc0, 0x3a, 0xb3, 0xc5,
  0xa7, 0xc8, 0xed, 0x4b, 0x9a, 0xc5, 0x3a, 0xa3, 0xc5, 0xcd, 0xdf, 0x5d,
  0xcd, 0x27, 0x48, 0x7e, 0xa7, 0xf0, 0xe6, 0x0f, 0xfe, 0x08, 0xd0, 0xc5,
  0xe5, 0xcd, 0x64, 0x62, 0xe1, 0xc1, 0x22, 0xb0, 0xc5, 0x36, 0x8f, 0xc5,
  0xcd, 0xe6, 0x47, 0xc1, 0xcd, 0x8e, 0x65, 0xed, 0x43, 0xae, 0xc5, 0x3e,
  0x01, 0xcd, 0x2e, 0x4a, 0x11, 0x00, 0x00, 0x21, 0x84, 0x52, 0xaf, 0xcd,
  0x18, 0x51, 0x3e, 0x08, 0x32, 0xb2, 0xc5, 0xa7, 0xc2, 0xcc, 0x5d, 0x2a,
  0xb0, 0xc5, 0x77, 0x3e, 0x02, 0xc3, 0x80, 0x5a, 0xc6, 0x2f, 0xed, 0x5b,
  0x05, 0xc0, 0x53, 0x1e, 0x02, 0xed, 0x4b, 0xae, 0xc5, 0xc3, 0x6a, 0x5a,
  0x01, 0x00, 0x00, 0x04, 0x3d, 0xc8, 0x05, 0x05, 0x3d, 0xc8, 0x04, 0x0c,
  0x3d, 0xc8, 0x0d, 0x0d, 0xc9, 0x23, 0x3d, 0xc8, 0x2b, 0x2b, 0x3d, 0xc8,
  0x01, 0x0d, 0x00, 0x09, 0x3d, 0xc8, 0x01, 0xe8, 0xff, 0x09, 0xc9, 0xa7,
  0xcd, 0x22, 0x5e, 0xd6, 0x01, 0xd0, 0xcd, 0x22, 0x5e, 0xd6, 0x01, 0xd0,
  0xcd, 0x12, 0x5e, 0xd6, 0x01, 0xc9, 0x3e, 0x58, 0xd3, 0xaa, 0xdb, 0xa9,
  0x0f, 0x0f, 0x0f, 0x0f, 0x21, 0x54, 0x5e, 0xc3, 0x39, 0x5e, 0x3e, 0x0f,
  0xd3, 0xa0, 0xdb, 0xa2, 0xcb, 0xb7, 0x38, 0x02, 0xcb, 0xf7, 0xd3, 0xa1,
  0x3e, 0x0e, 0xd3, 0xa0, 0xdb, 0xa2, 0x21, 0x44, 0x5e, 0x2f, 0xe6, 0x0f,
  0xc8, 0x5f, 0x16, 0x00, 0x19, 0x7e, 0xa7, 0xc9, 0x00, 0x01, 0x04, 0x00,
  0x03, 0x00, 0x00, 0x00, 0x02, 0x00, 0x00, 0x00, 0x00, 0x00, 0x00, 0x00,
  0x00, 0x03, 0x01, 0x00, 0x04, 0x00, 0x00, 0x00, 0x02, 0x00, 0x00, 0x00,
  0x00, 0x00, 0x00, 0x00, 0x37, 0xcd, 0x76, 0x5e, 0xd8, 0xcd, 0x76, 0x5e,
  0xd8, 0x3e, 0x58, 0xd3, 0xaa, 0xdb, 0xa9, 0x2f, 0x0f, 0xc9, 0x3e, 0x0f,
  0xd3, 0xa0, 0xdb, 0xa2, 0xcb, 0xb7, 0x38, 0x02, 0xcb, 0xf7, 0xd3, 0xa1,
  0x3e, 0x0e, 0xd3, 0xa0, 0xdb, 0xa2, 0xf6, 0xcf, 0xd6, 0xff, 0xc9, 0x3a,
  0xb5, 0xc5, 0xa7, 0xc2, 0xf1, 0x5e, 0xcd, 0xff, 0x5d, 0x32, 0xb4, 0xc5,
  0xcd, 0x64, 0x5e, 0x9f, 0x32, 0xb3, 0xc5, 0x3a, 0xb6, 0xc5, 0xa7, 0xc8,
  0x3a, 0xb3, 0xc5, 0xe6, 0x08, 0x47, 0x3a, 0xb4, 0xc5, 0xe6, 0x07, 0xb0,
  0x47, 0x0e, 0xf0, 0x2a, 0xb7, 0xc5, 0xe5, 0xcb, 0x3c, 0xcb, 0x1d, 0xd2,
  0xc9, 0x5e, 0x0f, 0x0f, 0x0f, 0x0f, 0x47, 0x0e, 0x0f, 0x11, 0xb9, 0xc5,
  0x19, 0x7e, 0xa1, 0xb0, 0x77, 0xe1, 0x23, 0x22, 0xb7, 0xc5, 0x7c, 0xfe,
  0x08, 0xd8, 0xaf, 0x32, 0xb6, 0xc5, 0xc9, 0x3e, 0xff, 0x32, 0xb6, 0xc5,
  0x3a, 0xbd, 0xc3, 0x32, 0xb9, 0xc5, 0x21, 0x02, 0x00, 0x22, 0xb7, 0xc5,
  0xc9, 0x2a, 0xb7, 0xc5, 0xe5, 0xcb, 0x3c, 0xcb, 0x1d, 0x08, 0x11, 0xb9,
  0xc5, 0x19, 0x08, 0x7e, 0xd2, 0x07, 0x5f, 0x0f, 0x0f, 0x0f, 0x0f, 0xe6,
  0x0f, 0x4f, 0xe6, 0x07, 0x47, 0xa9, 0xca, 0x13, 0x5f, 0x3e, 0xff, 0x32,
  0xb3, 0xc5, 0x78, 0xfe, 0x04, 0xda, 0x1e, 0x5f, 0x3e, 0xff, 0x32, 0xb4,
  0xc5, 0xe1, 0x23, 0x22, 0xb7, 0xc5, 0x7c, 0xfe, 0x08, 0xd8, 0xaf, 0x32,
  0xb5, 0xc5, 0xc3, 0xfa, 0x42, 0x3e, 0xff, 0x32, 0xb5, 0xc5, 0x3a, 0xb9,
  0xc5, 0x32, 0xbd, 0xc3, 0x21, 0x02, 0x00, 0x22, 0xb7, 0xc5, 0xc9, 0xdd,
  0x21, 0xb9, 0xc9, 0xfd, 0x21, 0xc2, 0x5f, 0x3e, 0x04, 0x21, 0xc3, 0xc9,
  0xf5, 0x11, 0x07, 0xca, 0x01, 0x11, 0x00, 0xe5, 0xed, 0xb0, 0xcd, 0x80,
  0x5f, 0xd1, 0x21, 0x07, 0xca, 0x01, 0x11, 0x00, 0xed, 0xb0, 0xeb, 0xdd,
  0x23, 0xdd, 0x23, 0xfd, 0x23, 0xfd, 0x23, 0xfd, 0x23, 0xfd, 0x23, 0xf1,
  0x3d, 0x20, 0xd9, 0x32, 0xc1, 0xc9, 0x3e, 0x06, 0x32, 0xc2, 0xc9, 0xc9,
  0xdd, 0x46, 0x00, 0xdd, 0x4e, 0x01, 0xed, 0x43, 0x0b, 0xca, 0xc5, 0xcd,
  0x27, 0x48, 0xc1, 0x36, 0x42, 0x22, 0x0d, 0xca, 0xcd, 0x8e, 0x65, 0xed,
  0x43, 0x07, 0xca, 0xaf, 0x32, 0x10, 0xca, 0x3e, 0x03, 0x32, 0x0f, 0xca,
  0x3e, 0xff, 0x32, 0x17, 0xca, 0x32, 0x16, 0xca, 0xfd, 0x6e, 0x00, 0xfd,
  0x66, 0x01, 0x22, 0x14, 0xca, 0xfd, 0x7e, 0x02, 0x32, 0x11, 0xca, 0xfd,
  0x7e, 0x03, 0x32, 0x13, 0xca, 0xc9, 0x05, 0x0a, 0x01, 0x04, 0x06, 0x0d,
  0xff, 0x04, 0x07, 0x05, 0x01, 0x05, 0x08, 0x03, 0xff, 0x05, 0x3a, 0x09,
  0xc0, 0x5f, 0x21, 0xc2, 0xc9, 0x7e, 0xa7, 0xca, 0xe0, 0x5f, 0x83, 0x77,
  0x21, 0xc1, 0xc9, 0x7e, 0xee, 0xff, 0x77, 0x3e, 0x02, 0x21, 0xe5, 0xc9,
  0x20, 0x03, 0x21, 0xc3, 0xc9, 0xf5, 0x11, 0x07, 0xca, 0x01, 0x11, 0x00,
  0xe5, 0xed, 0xb0, 0xcd, 0x0d, 0x60, 0xd1, 0x21, 0x07, 0xca, 0x01, 0x11,
  0x00, 0xed, 0xb0, 0xeb, 0xf1, 0x3d, 0x20, 0xe5, 0xc9, 0x3a, 0x17, 0xca,
  0xa7, 0xc8, 0x3a, 0xc2, 0xc9, 0xfe, 0x04, 0xd2, 0xae, 0x61, 0x21, 0x10,
  0xca, 0x7e, 0x3d, 0xfa, 0x5b, 0x60, 0x77, 0xfe, 0x08, 0xc2, 0x47, 0x60,
  0x2a, 0x0d, 0xca, 0x7e, 0xd6, 0x42, 0x20, 0x01, 0x77, 0x3a, 0x0f, 0xca,
  0x57, 0xcd, 0xed, 0x5d, 0x22, 0x0d, 0xca, 0x7a, 0xed, 0x4b, 0x0b, 0xca,
  0xcd, 0xdf, 0x5d, 0xed, 0x43, 0x0b, 0xca, 0xed, 0x4b, 0x07, 0xca, 0x2a,
  0x09, 0xca, 0x78, 0x84, 0x47, 0x79, 0x85, 0x4f, 0xed, 0x43, 0x07, 0xca,
  0xc3, 0xae, 0x61, 0x3a, 0x16, 0xca, 0xa7, 0xca, 0x6f, 0x60, 0xcd, 0xd3,
  0x49, 0xfe, 0x0c, 0xd2, 0x6f, 0x60, 0xe6, 0x03, 0x32, 0x0f, 0xca, 0x3a,
  0x13, 0xca, 0x5f, 0x3a, 0xc2, 0xc9, 0xa7, 0xca, 0x7c, 0x60, 0x1e, 0x07,
  0x3a, 0x18, 0xca, 0xa7, 0xca, 0x85, 0x60, 0x1e, 0x08, 0xcd, 0xad, 0x60,
  0xfe, 0x04, 0xd2, 0xae, 0x61, 0x32, 0x0f, 0xca, 0x2a, 0x0d, 0xca, 0x57,
  0xcd, 0xed, 0x5d, 0x7a, 0x36, 0x42, 0xcd, 0xdc, 0x5d, 0xed, 0x43, 0x09,
  0xca, 0x3e, 0x0f, 0x32, 0x10, 0xca, 0xaf, 0x32, 0x16, 0xca, 0xc3, 0x47,
  0x60, 0xd5, 0xcd, 0xbf, 0x60, 0xd1, 0xfe, 0x04, 0xd8, 0x1d, 0xf2, 0xad,
  0x60, 0xcd, 0x68, 0x61, 0xc3, 0x1d, 0x61, 0x7b, 0x87, 0x21, 0xcf, 0x60,
  0x85, 0x6f, 0xd2, 0xca, 0x60, 0x24, 0x5e, 0x23, 0x56, 0xeb, 0xe9, 0x44,
  0x61, 0x58, 0x61, 0x58, 0x61, 0x3c, 0x61, 0xed, 0x60, 0x12, 0x61, 0x0a,
  0x61, 0x02, 0x61, 0xe1, 0x60, 0xed, 0x4b, 0x07, 0xca, 0xcd, 0x26, 0x62,
  0xee, 0x03, 0xc3, 0xf4, 0x60, 0xed, 0x4b, 0x07, 0xca, 0xcd, 0x26, 0x62,
  0x57, 0x3a, 0x0f, 0xca, 0xee, 0x03, 0xba, 0xca, 0x39, 0x61, 0x7a, 0xc3,
  0x1d, 0x61, 0xcd, 0xd3, 0x49, 0xe6, 0x03, 0xc3, 0xf4, 0x60, 0xcd, 0xd3,
  0x49, 0xe6, 0x03, 0xc3, 0x1d, 0x61, 0x2a, 0x0d, 0xca, 0x24, 0x7e, 0xa7,
  0xfa, 0x39, 0x61, 0x36, 0xff, 0x2a, 0x0d, 0xca, 0x57, 0xcd, 0xed, 0x5d,
  0x7e, 0xa7, 0xfa, 0x39, 0x61, 0xfe, 0x42, 0xca, 0x39, 0x61, 0xcb, 0x6f,
  0xc2, 0x39, 0x61, 0x25, 0x7e, 0x24, 0xa7, 0x7a, 0xc8, 0x3e, 0xff, 0xc9,
  0x3a, 0x0f, 0xca, 0xee, 0x03, 0xc3, 0x5b, 0x61, 0x3a, 0x0f, 0xca, 0x4f,
  0x3a, 0x11, 0xca, 0x81, 0xe6, 0x03, 0x4f, 0xee, 0x03, 0x32, 0x0f, 0xca,
  0x79, 0xc3, 0x1d, 0x61, 0x3a, 0x0f, 0xca, 0x4f, 0x3a, 0x11, 0xca, 0x81,
  0xe6, 0x03, 0x32, 0x0f, 0xca, 0xc3, 0x1d, 0x61, 0x3a, 0x16, 0xca, 0xa7,
  0xc0, 0xcd, 0xd3, 0x49, 0x5f, 0x2a, 0x0d, 0xca, 0xcd, 0x8c, 0x61, 0x7b,
  0xe6, 0x03, 0x15, 0xf0, 0x3e, 0x96, 0xcd, 0x2e, 0x4a, 0x3e, 0x02, 0x32,
  0x0f, 0xca, 0x3e, 0xff, 0x32, 0x16, 0xca, 0xc9, 0x16, 0x04, 0x1c, 0x7b,
  0xe6, 0x03, 0xcd, 0x9a, 0x61, 0xc8, 0x15, 0x20, 0xf5, 0xc9, 0x2a, 0x0d,
  0xca, 0xcd, 0xed, 0x5d, 0x7e, 0xfe, 0x8f, 0xc8, 0xcb, 0x7f, 0xc0, 0xcb,
  0x6f, 0xc0, 0x25, 0x7e, 0xa7, 0xc9, 0xed, 0x4b, 0x07, 0xca, 0x21, 0x12,
  0xca, 0x7e, 0x35, 0xcb, 0x2f, 0xcb, 0x2f, 0xe6, 0x03, 0x20, 0x02, 0x3e,
  0x02, 0x3d, 0x87, 0x87, 0x57, 0x3a, 0x0f, 0xca, 0x82, 0xc6, 0x18, 0xed,
  0x5b, 0x14, 0xca, 0xcd, 0x6a, 0x5a, 0x2a, 0x98, 0xc5, 0xed, 0x4b, 0x07,
  0xca, 0x78, 0x94, 0xf2, 0xe0, 0x61, 0xed, 0x44, 0xfe, 0x08, 0xd0, 0x79,
  0x95, 0xf2, 0xea, 0x61, 0xed, 0x44, 0xfe, 0x08, 0xd0, 0x3a, 0x18, 0xca,
  0xa7, 0xca, 0x0a, 0x43, 0x3e, 0x32, 0xcd, 0x2e, 0x4a, 0x11, 0x00, 0x00,
  0x21, 0x92, 0x52, 0xaf, 0xcd, 0x18, 0x51, 0xaf, 0x32, 0x17, 0xca, 0x2a,
  0x0d, 0xca, 0x7e, 0xfe, 0x42, 0xc2, 0x12, 0x62, 0x36, 0x00, 0x3a, 0x0f,
  0xca, 0xcd, 0xed, 0x5d, 0x7e, 0xfe, 0x42, 0xc2, 0x20, 0x62, 0x36, 0x00,
  0x3a, 0x14, 0xca, 0xc3, 0x80, 0x5a, 0xed, 0x5b, 0x98, 0xc5, 0xcd, 0xd3,
  0x49, 0xeb, 0x0f, 0xda, 0x43, 0x62, 0x78, 0x94, 0xca, 0x3c, 0x62, 0x3e,
  0x01, 0xf8, 0x3c, 0xc9, 0x79, 0x95, 0x3e, 0x03, 0xf8, 0xaf, 0xc9, 0x79,
  0x95, 0xca, 0x4d, 0x62, 0x3e, 0x03, 0xf8, 0xaf, 0xc9, 0x78, 0x94, 0x3e,
  0x01, 0xf8, 0x3c, 0xc9, 0xaf, 0x32, 0x18, 0xca, 0x32, 0x19, 0xca, 0x32,
  0x25, 0xca, 0x3e, 0x01, 0x32, 0x26, 0xca, 0xc9, 0x3a, 0x19, 0xca, 0xa7,
  0xc0, 0x3a, 0x18, 0xca, 0xa7, 0xc0, 0xcd, 0x27, 0x48, 0x7e, 0xcb, 0x67,
  0xc8, 0xcb, 0xa7, 0x77, 0xed, 0x43, 0x20, 0xca, 0xcd, 0x8e, 0x65, 0xed,
  0x43, 0x1c, 0xca, 0x3e, 0x19, 0x32, 0x19, 0xca, 0xaf, 0x32, 0xc2, 0xc9,
  0x11, 0x00, 0x00, 0x21, 0x02, 0x53, 0xaf, 0xcd, 0x18, 0x51, 0xc3, 0x65,
  0x63, 0xf5, 0x0f, 0x0f, 0x0f, 0x0f, 0xcd, 0xa2, 0x62, 0xf1, 0xe6, 0x0f,
  0xfe, 0x0a, 0x38, 0x02, 0xc6, 0x07, 0xc6, 0x30, 0xcd, 0x93, 0x44, 0x23,
  0xc9, 0x3a, 0x18, 0xca, 0xa7, 0x3a, 0x09, 0xc0, 0x5f, 0xca, 0xc3, 0x62,
  0x21, 0x18, 0xca, 0x7e, 0x83, 0x77, 0xc9, 0x21, 0x19, 0xca, 0x7e, 0xa7,
  0xc8, 0x83, 0x77, 0x3e, 0x04, 0xca, 0x80, 0x5a, 0x3a, 0x1a, 0xca, 0x5f,
  0x3d, 0xc2, 0xe4, 0x62, 0x21, 0x26, 0xca, 0x35, 0xc2, 0xe4, 0x62, 0x36,
  0x04, 0xc3, 0x9c, 0x63, 0x21, 0x23, 0xca, 0x7e, 0x93, 0xfa, 0x1d, 0x63,
  0x77, 0xfe, 0x07, 0xc2, 0x01, 0x63, 0x3a, 0x22, 0xca, 0x57, 0xed, 0x4b,
  0x20, 0xca, 0xcd, 0xdf, 0x5d, 0xed, 0x43, 0x20, 0xca, 0xed, 0x4b, 0x1c,
  0xca, 0x2a, 0x1e, 0xca, 0x78, 0x84, 0x47, 0x79, 0x85, 0x4f, 0xed, 0x43,
  0x1c, 0xca, 0xc3, 0x9c, 0x63, 0xcd, 0xd3, 0x49, 0xe6, 0x03, 0xc3, 0x33,
  0x63, 0x3a, 0x19, 0xca, 0xfe, 0x18, 0xd2, 0x65, 0x63, 0xfe, 0x04, 0xda,
  0x9c, 0x63, 0xed, 0x4b, 0x1c, 0xca, 0xcd, 0x26, 0x62, 0xee, 0x03, 0xed,
  0x4b, 0x20, 0xca, 0x57, 0xcd, 0xdf, 0x5d, 0x3e, 0x0a, 0xb8, 0xda, 0x15,
  0x63, 0xb9, 0xda, 0x15, 0x63, 0x7a, 0x32, 0x22, 0xca, 0xcd, 0xdc, 0x5d,
  0xed, 0x43, 0x1e, 0xca, 0x3e, 0x0f, 0x32, 0x23, 0xca, 0x3e, 0x01, 0x32,
  0x1a, 0xca, 0xc3, 0x01, 0x63, 0xcd, 0xd3, 0x49, 0xe6, 0x03, 0xc3, 0x6e,
  0x63, 0xed, 0x4b, 0x1c, 0xca, 0xcd, 0x26, 0x62, 0xee, 0x03, 0xed, 0x4b,
  0x20, 0xca, 0x57, 0xcd, 0xdf, 0x5d, 0x3e, 0x0a, 0xb8, 0xda, 0x5d, 0x63,
  0xb9, 0xda, 0x5d, 0x63, 0x7a, 0x32, 0x22, 0xca, 0xcd, 0xdc, 0x5d, 0xcb,
  0x20, 0xcb, 0x21, 0xed, 0x43, 0x1e, 0xca, 0x3e, 0x0f, 0x32, 0x23, 0xca,
  0x3e, 0x02, 0x32, 0x1a, 0xca, 0xc3, 0x01, 0x63, 0xed, 0x4b, 0x1c, 0xca,
  0x21, 0x24, 0xca, 0x7e, 0x35, 0x0f, 0xe6, 0x0f, 0xfe, 0x08, 0xda, 0xb1,
  0x63, 0xd6, 0x0f, 0xed, 0x44, 0xc6, 0x28, 0x16, 0x09, 0x1e, 0x04, 0xcd,
  0x6a, 0x5a, 0x3a, 0x19, 0xca, 0xfe, 0x18, 0xd0, 0x2a, 0x98, 0xc5, 0xed,
  0x4b, 0x1c, 0xca, 0x78, 0x94, 0xf2, 0xce, 0x63, 0xed, 0x44, 0xfe, 0x08,
  0xd0, 0x79, 0x95, 0xf2, 0xd8, 0x63, 0xed, 0x44, 0xfe, 0x08, 0xd0, 0x11,
  0x00, 0x00, 0x21, 0x10, 0x53, 0xaf, 0xcd, 0x18, 0x51, 0x3e, 0x19, 0xcd,
  0x2e, 0x4a, 0x3e, 0x0c, 0x32, 0x18, 0xca, 0xaf, 0x32, 0x19, 0xca, 0x3e,
  0x04, 0xcd, 0x80, 0x5a, 0x78, 0xfe, 0x05, 0x79, 0x0e, 0x08, 0xda, 0x03,
  0x64, 0x0e, 0x02, 0xfe, 0x05, 0x06, 0x02, 0xda, 0x0c, 0x64, 0x06, 0x08,
  0xc9, 0x21, 0x27, 0xca, 0x11, 0x28, 0xca, 0x01, 0x50, 0x00, 0x70, 0xed,
  0xb0, 0xc9, 0x06, 0x0a, 0x0e, 0x0a, 0xcd, 0x27, 0x48, 0x06, 0x0a, 0xc5,
  0xe5, 0xcd, 0x35, 0x64, 0xe1, 0x2b, 0xc1, 0x05, 0xf2, 0x23, 0x64, 0x2b,
  0x0d, 0xf2, 0x21, 0x64, 0xc9, 0x7e, 0xa7, 0xf0, 0xe6, 0x0f, 0xfe, 0x0f,
  0xc8, 0xed, 0x43, 0x78, 0xca, 0xe6, 0x07, 0x3d, 0x57, 0x25, 0x7e, 0x24,
  0x3d, 0xfa, 0x5d, 0x64, 0x5f, 0xee, 0x03, 0xba, 0xc8, 0x7b, 0xe5, 0xcd,
  0xed, 0x5d, 0x7e, 0xa7, 0xe1, 0x7b, 0xca, 0x68, 0x64, 0x7a, 0xfe, 0x04,
  0xd0, 0xcd, 0xed, 0x5d, 0x7e, 0xa7, 0x7a, 0xc0, 0xed, 0x4b, 0x78, 0xca,
  0x57, 0x21, 0x27, 0xca, 0x1e, 0x10, 0x7e, 0xa7, 0x20, 0x1d, 0x36, 0x04,
  0x23, 0x70, 0x23, 0x71, 0x23, 0x72, 0x23, 0xe5, 0xcd, 0x27, 0x48, 0x7e,
  0xe6, 0x0f, 0x36, 0x8f, 0xe3, 0x77, 0xe1, 0x7a, 0xcd, 0xed, 0x5d, 0x36,
  0x8f, 0xa7, 0xc9, 0xd5, 0x11, 0x05, 0x00, 0x19, 0xd1, 0x1d, 0x20, 0xd6,
  0x37, 0xc9, 0x21, 0x77, 0xca, 0x7e, 0xee, 0xff, 0x77, 0xca, 0x1a, 0x64,
  0xdd, 0x21, 0x27, 0xca, 0x3e, 0x10, 0x32, 0x7a, 0xca, 0xcd, 0xc1, 0x64,
  0x11, 0x05, 0x00, 0xdd, 0x19, 0x3a, 0x7a, 0xca, 0x3d, 0xc2, 0xae, 0x64,
  0xc9, 0xdd, 0x7e, 0x00, 0x3d, 0xf8, 0xdd, 0x35, 0x00, 0xdd, 0x46, 0x01,
  0xdd, 0x4e, 0x02, 0x87, 0x21, 0xdb, 0x64, 0xcd, 0x0e, 0x49, 0x7e, 0x23,
  0x66, 0x6f, 0xe9, 0x78, 0x65, 0x52, 0x65, 0x2c, 0x65, 0xe3, 0x64, 0xc5,
  0xcd, 0xe6, 0x47, 0xc1, 0xcd, 0x8e, 0x65, 0x59, 0x50, 0xdd, 0x7e, 0x03,
  0xcd, 0xdc, 0x5d, 0x78, 0x87, 0x87, 0x82, 0x47, 0x79, 0x87, 0x87, 0x83,
  0x4f, 0x3a, 0x7a, 0xca, 0xed, 0x44, 0xc6, 0x19, 0x5f, 0xdd, 0x7e, 0x04,
  0xc6, 0x38, 0x08, 0x3a, 0x05, 0xc0, 0x57, 0x08, 0xfe, 0x40, 0x38, 0x03,
  0x16, 0x08, 0x92, 0xc5, 0xd5, 0xcd, 0x6a, 0x5a, 0xd1, 0xc1, 0x7b, 0xc6,
  0x10, 0xfe, 0x20, 0xd0, 0x5f, 0x16, 0x01, 0x3e, 0x3f, 0xc3, 0x6a, 0x5a,
  0xcb, 0x20, 0xcb, 0x21, 0xdd, 0x7e, 0x03, 0xcd, 0xdf, 0x5d, 0xdd, 0x7e,
  0x04, 0xc6, 0x20, 0xcd, 0xee, 0x47, 0x3a, 0x7a, 0xca, 0xed, 0x44, 0xc6,
  0x19, 0xf5, 0xcd, 0x80, 0x5a, 0xf1, 0xc6, 0x10, 0xfe, 0x20, 0xd0, 0xc3,
  0x80, 0x5a, 0xcd, 0x27, 0x48, 0x36, 0x00, 0xc5, 0xcd, 0xe6, 0x47, 0xc1,
  0xcd, 0x8e, 0x65, 0x59, 0x50, 0xdd, 0x7e, 0x03, 0xcd, 0xdc, 0x5d, 0x78,
  0x87, 0x80, 0x87, 0x87, 0x82, 0x47, 0x79, 0x87, 0x81, 0x87, 0x87, 0x83,
  0x4f, 0xc3, 0xfd, 0x64, 0xdd, 0x7e, 0x03, 0xcd, 0xdf, 0x5d, 0xcd, 0x27,
  0x48, 0xdd, 0x7e, 0x04, 0xf6, 0x80, 0x77, 0xcb, 0x20, 0xcb, 0x21, 0xc3,
  0x36, 0x65, 0x78, 0x87, 0x87, 0x87, 0x87, 0xc6, 0x08, 0x47, 0x79, 0x87,
  0x87, 0x87, 0x87, 0xc6, 0x08, 0x4f, 0xc9, 0xbb, 0x66, 0x00, 0x50, 0x00,
  0x00, 0x00, 0x50, 0x00, 0x00, 0x00, 0x00, 0x00, 0x00, 0xe0, 0x50, 0xe0,
  0x00, 0xe0, 0x00, 0xe0, 0x50, 0xe0, 0x50, 0x00, 0x50, 0x00, 0x00, 0x00,
  0x50, 0x00, 0x00, 0x00, 0x00, 0x00, 0x50, 0xe0, 0x00, 0xe0, 0x00, 0xe0,
  0x00, 0xe0, 0x50, 0xe0, 0x00, 0x00, 0x50, 0x00, 0x00, 0x00, 0x00, 0x00,
  0x00, 0x00, 0x50, 0x00, 0x00, 0xe0, 0x50, 0xe0, 0x00, 0xe0, 0x50, 0xe0,
  0x00, 0xe0, 0x00, 0x00, 0x00, 0x00, 0x00, 0x00, 0x50, 0x00, 0x50, 0x00,
  0x00, 0x00, 0x00, 0xe0, 0x00, 0xe0, 0x00, 0xe0, 0x00, 0xe0, 0x50, 0xe0,
  0x50, 0x00, 0x00, 0x00, 0x50, 0x00, 0x00, 0x00, 0x00, 0x00, 0x50, 0x00,
  0x50, 0xe0, 0x50, 0xe0, 0x00, 0xe0, 0x50, 0xe0, 0x50, 0xe0, 0x00, 0x00,
  0x00, 0x00, 0x00, 0x00, 0x00, 0x00, 0x50, 0x00, 0x00, 0x00, 0x04, 0x04,
  0x00, 0x00, 0x0a, 0x0a, 0x0a, 0x00, 0x00, 0x0a, 0x00, 0x09, 0x09, 0x04,
  0xff, 0xff, 0xff, 0xff, 0x00, 0x02, 0x09, 0x00, 0x01, 0x0a, 0x09, 0x0a,
  0x05, 0x00, 0x08, 0x20, 0x22, 0x42, 0x65, 0x67, 0x69, 0x6e, 0x20, 0x61,
  0x74, 0x20, 0x74, 0x68, 0x65, 0x20, 0x62, 0x65, 0x67, 0x69, 0x6e, 0x6e,
  0x69, 0x6e, 0x67, 0x2c, 0x22, 0x20, 0x74, 0x68, 0x65, 0x00, 0x00, 0x0a,
  0x20, 0x4b, 0x69, 0x6e, 0x67, 0x20, 0x73, 0x61, 0x69, 0x64, 0x2c, 0x20,
  0x22, 0x61, 0x6e, 0x64, 0x20, 0x67, 0x6f, 0x20, 0x6f, 0x6e, 0x20, 0x74,
  0x69, 0x6c, 0x6c, 0x20, 0x79, 0x6f, 0x75, 0x00, 0x00, 0x0c, 0x20, 0x63,
  0x6f, 0x6d, 0x65, 0x20, 0x74, 0x6f, 0x20, 0x74, 0x68, 0x65, 0x20, 0x65,
  0x6e, 0x64, 0x3a, 0x20, 0x74, 0x68, 0x65, 0x6e, 0x20, 0x73, 0x74, 0x6f,
  0x70, 0x2e, 0x22, 0x00, 0x00, 0x17, 0x20, 0x20, 0x20, 0x20, 0x20, 0x20,
  0x20, 0x20, 0x20, 0x20, 0x20, 0x20, 0x20, 0x20, 0x28, 0x20, 0x4c, 0x65,
  0x77, 0x69, 0x73, 0x20, 0x43, 0x61, 0x72, 0x72, 0x6f, 0x6c, 0x6c, 0x20,
  0x29, 0x00, 0xff, 0xca, 0x67, 0x00, 0x00, 0x00, 0x02, 0x00, 0x00, 0x00,
  0x02, 0x00, 0x00, 0x00, 0x00, 0x00, 0x00, 0xe0, 0x00, 0x00, 0x00, 0xe0,
  0x00, 0x00, 0x00, 0x00, 0x00, 0x00, 0x02, 0x04, 0x03, 0x03, 0x03, 0x00,
  0x00, 0x00, 0x01, 0xe0, 0x04, 0xe0, 0x04, 0xe0, 0x01, 0xe0, 0x01, 0xe0,
  0x04, 0x01, 0x00, 0x00, 0x02, 0x00, 0x00, 0x00, 0x02, 0x01, 0x03, 0x03,
  0x01, 0x00, 0x00, 0xe0, 0x00, 0x00, 0x00, 0xe0, 0x00, 0x00, 0x00, 0x01,
  0x00, 0x00, 0x02, 0x00, 0x00, 0x00, 0x03, 0x00, 0x00, 0x00, 0x01, 0xe0,
  0x04, 0xe0, 0x04, 0xe0, 0x01, 0xe0, 0x01, 0xe0, 0x01, 0x00, 0x00, 0x00,
  0x02, 0x00, 0x00, 0x00, 0x02, 0x00, 0x00, 0x00, 0x00, 0x00, 0x00, 0xe0,
  0x00, 0x00, 0x00, 0xe0, 0x00, 0x00, 0x00, 0x00, 0x00, 0x00, 0x03, 0x00,
  0x00, 0x00, 0x02, 0x00, 0x00, 0x00, 0x05, 0x05, 0x05, 0x01, 0x05, 0x09,
  0x01, 0x05, 0x09, 0x05, 0xff, 0xff, 0xff, 0xff, 0xff, 0xff, 0xff, 0xff,
  0x01, 0x01, 0x01, 0x09, 0x09, 0x09, 0x09, 0x01, 0x05, 0x00, 0x08, 0x20,
  0x20, 0x54, 0x68, 0x69, 0x6e, 0x67, 0x73, 0x20, 0x61, 0x20, 0x6d, 0x69,
  0x63, 0x72, 0x6f, 0x63, 0x68, 0x69, 0x70, 0x20, 0x63, 0x61, 0x6e, 0x27,
  0x74, 0x20, 0x64, 0x6f, 0x3a, 0x00, 0x00, 0x0a, 0x20, 0x20, 0x55, 0x6e,
  0x64, 0x65, 0x72, 0x73, 0x74, 0x61, 0x6e, 0x64, 0x20, 0x77, 0x68, 0x61,
  0x74, 0x20, 0x70, 0x65, 0x6f, 0x70, 0x6c, 0x65, 0x20, 0x73, 0x65, 0x65,
  0x00, 0x00, 0x0c, 0x20, 0x20, 0x69, 0x6e, 0x20, 0x42, 0x61, 0x72, 0x72,
  0x79, 0x20, 0x4d, 0x61, 0x6e, 0x69, 0x6c, 0x6f, 0x77, 0x2e, 0x00, 0x00,
  0x17, 0x20, 0x20, 0x20, 0x20, 0x20, 0x20, 0x20, 0x20, 0x20, 0x20, 0x28,
  0x20, 0x4f, 0x62, 0x73, 0x63, 0x75, 0x72, 0x65, 0x20, 0x54, 0x72, 0x75,
  0x65, 0x20, 0x46, 0x61, 0x63, 0x74, 0x20, 0x29, 0x00, 0xff, 0xbf, 0x68,
  0x00, 0x00, 0x00, 0x00, 0x00, 0x00, 0x00, 0x00, 0x00, 0x00, 0x00, 0x00,
  0xd0, 0xd0, 0xd0, 0xd0, 0xd0, 0xd0, 0xd0, 0xd0, 0xd0, 0x00, 0x00, 0xd0,
  0x00, 0x00, 0x00, 0x00, 0x00, 0x00, 0x00, 0xd0, 0x00, 0x00, 0xd0, 0x00,
  0xd0, 0xd0, 0xd0, 0xd0, 0xd0, 0x00, 0xd0, 0x00, 0x00, 0xd0, 0x00, 0xd0,
  0x00, 0x00, 0x00, 0xd0, 0x00, 0xd0, 0x00, 0x00, 0xd0, 0x00, 0xd0, 0x00,
  0x00, 0x00, 0xd0, 0x00, 0xd0, 0x00, 0x00, 0xd0, 0x00, 0xd0, 0x00, 0x00,
  0x00, 0xd0, 0x00, 0xd0, 0x00, 0x00, 0xd0, 0x00, 0xd0, 0xd0, 0xd0, 0xd0,
  0xd0, 0x00, 0xd0, 0x00, 0x00, 0xd0, 0x00, 0x00, 0x00, 0x00, 0x00, 0x00,
  0x00, 0xd0, 0x00, 0x00, 0xd0, 0xd0, 0xd0, 0xd0, 0xd0, 0xd0, 0xd0, 0xd0,
  0xd0, 0x00, 0x00, 0x00, 0x00, 0x00, 0x00, 0x00, 0x00, 0x00, 0x00, 0x00,
  0x00, 0x05, 0x05, 0x00, 0x05, 0x0a, 0x05, 0x08, 0x05, 0x02, 0x05, 0xff,
  0xff, 0xff, 0xff, 0xff, 0xff, 0xff, 0xff, 0x05, 0x00, 0x05, 0x02, 0x05,
  0x08, 0x05, 0x0a, 0x05, 0x00, 0x08, 0x20, 0x48, 0x65, 0x20, 0x68, 0x61,
  0x64, 0x20, 0x64, 0x65, 0x63, 0x69, 0x64, 0x65, 0x64, 0x20, 0x74, 0x6f,
  0x20, 0x6c, 0x69, 0x76, 0x65, 0x20, 0x66, 0x6f, 0x72, 0x65, 0x76, 0x65,
  0x72, 0x00, 0x00, 0x0a, 0x20, 0x6f, 0x72, 0x20, 0x64, 0x69, 0x65, 0x20,
  0x69, 0x6e, 0x20, 0x74, 0x68, 0x65, 0x20, 0x61, 0x74, 0x74, 0x65, 0x6d,
  0x70, 0x74, 0x2e, 0x00, 0x00, 0x17, 0x20, 0x20, 0x20, 0x20, 0x20, 0x20,
  0x20, 0x20, 0x20, 0x20, 0x20, 0x20, 0x20, 0x20, 0x28, 0x20, 0x4a, 0x6f,
  0x73, 0x65, 0x70, 0x68, 0x20, 0x48, 0x65, 0x6c, 0x6c, 0x65, 0x72, 0x20,
  0x29, 0x00, 0xff, 0xa9, 0x69, 0x00, 0x00, 0x00, 0xe0, 0x00, 0x00, 0x00,
  0xe0, 0x00, 0x00, 0x00, 0xe0, 0x60, 0x00, 0x60, 0x00, 0x60, 0x00, 0x60,
  0xe0, 0x60, 0x00, 0x00, 0x00, 0x60, 0x00, 0x60, 0xe0, 0x60, 0x00, 0x60,
  0x00, 0x00, 0x00, 0x60, 0xe0, 0x60, 0x00, 0x60, 0x00, 0x60, 0x00, 0x60,
  0xe0, 0x00, 0x00, 0x60, 0x00, 0x60, 0x00, 0x60, 0x00, 0x60, 0x00, 0x00,
  0x00, 0x60, 0xe0, 0x60, 0x00, 0x60, 0x00, 0x60, 0xe0, 0x60, 0x00, 0x00,
  0x00, 0x60, 0xe0, 0x60, 0x00, 0x60, 0x00, 0x60, 0x00, 0x00, 0xe0, 0x60,
  0x00, 0x60, 0x00, 0x60, 0x00, 0x60, 0x00, 0x60, 0x00, 0x00, 0xe0, 0x60,
  0x00, 0x60, 0x00, 0x60, 0xe0, 0x60, 0x00, 0xe0, 0x00, 0x60, 0x00, 0x60,
  0x00, 0x60, 0x00, 0x60, 0x00, 0x60, 0x00, 0x00, 0xe0, 0x00, 0x00, 0x00,
  0x00, 0x00, 0x00, 0x00, 0x00, 0x00, 0x05, 0x04, 0x00, 0x00, 0x0a, 0x0a,
  0x0a, 0x00, 0x00, 0x0a, 0xff, 0xff, 0xff, 0xff, 0xff, 0xff, 0xff, 0xff,
  0x05, 0x00, 0x05, 0x0a, 0x0a, 0x05, 0x00, 0x05, 0x05, 0x00, 0x08, 0x20,
  0x20, 0x20, 0x20, 0x20, 0x53, 0x61, 0x76, 0x65, 0x20, 0x61, 0x20, 0x74,
  0x72, 0x65, 0x65, 0x3a, 0x00, 0x00, 0x0a, 0x20, 0x20, 0x20, 0x20, 0x20,
  0x45, 0x61, 0x74, 0x20, 0x6d, 0x6f, 0x72, 0x65, 0x20, 0x77, 0x6f, 0x6f,
  0x64, 0x70, 0x65, 0x63, 0x6b, 0x65, 0x72, 0x73, 0x2e, 0x00, 0x00, 0x17,
  0x20, 0x20, 0x20, 0x20, 0x20, 0x28, 0x20, 0x56, 0x65, 0x72, 0x79, 0x20,
  0x57, 0x69, 0x73, 0x65, 0x20, 0x53, 0x61, 0x79, 0x69, 0x6e, 0x67, 0x73,
  0x20, 0x23, 0x31, 0x38, 0x38, 0x20, 0x29, 0x00, 0xff, 0x95, 0x6a, 0x00,
  0x00, 0x00, 0x00, 0x00, 0xe0, 0x00, 0x04, 0x00, 0x00, 0x00, 0x00, 0x00,
  0x00, 0x00, 0x00, 0xe0, 0x04, 0x00, 0x00, 0x00, 0x00, 0x00, 0x00, 0x00,
  0x00, 0x00, 0xe0, 0x00, 0x00, 0x00, 0x00, 0x00, 0x00, 0x00, 0x00, 0xe0,
  0x00, 0x04, 0x63, 0xe0, 0x00, 0x00, 0x03, 0x00, 0x00, 0x00, 0x62, 0x04,
  0x02, 0x61, 0x00, 0x00, 0x01, 0x00, 0xe0, 0xe0, 0xe0, 0x01, 0x63, 0xe0,
  0x02, 0x64, 0xe0, 0xe0, 0xe0, 0x00, 0x04, 0x00, 0x00, 0x64, 0x03, 0x61,
  0x03, 0x00, 0x00, 0x00, 0x04, 0x00, 0x00, 0xe0, 0x62, 0x01, 0x00, 0xe0,
  0x00, 0xd0, 0x00, 0x00, 0x00, 0x00, 0x00, 0x00, 0xe0, 0x00, 0x00, 0x00,
  0x00, 0x00, 0x00, 0x00, 0x00, 0x00, 0x03, 0xe0, 0x00, 0xd0, 0x00, 0xd0,
  0x00, 0x00, 0x00, 0x00, 0x03, 0x00, 0xe0, 0x00, 0x00, 0x00, 0x00, 0x00,
  0x08, 0x02, 0x06, 0x00, 0x0a, 0x04, 0x00, 0x06, 0x04, 0x0a, 0xff, 0xff,
  0xff, 0xff, 0xff, 0xff, 0xff, 0xff, 0x00, 0x00, 0x00, 0x01, 0x01, 0x00,
  0x01, 0x01, 0x0a, 0x00, 0x08, 0x20, 0x20, 0x20, 0x20, 0x49, 0x66, 0x20,
  0x69, 0x74, 0x27, 0x73, 0x20, 0x54, 0x75, 0x65, 0x73, 0x64, 0x61, 0x79,
  0x2c, 0x00, 0x00, 0x0a, 0x20, 0x20, 0x20, 0x20, 0x74, 0x68, 0x69, 0x73,
  0x20, 0x6d, 0x75, 0x73, 0x74, 0x20, 0x62, 0x65, 0x20, 0x42, 0x65, 0x6c,
  0x67, 0x69, 0x75, 0x6d, 0x2e, 0x00, 0x00, 0x17, 0x20, 0x20, 0x20, 0x20,
  0x20, 0x20, 0x20, 0x20, 0x20, 0x20, 0x20, 0x20, 0x20, 0x20, 0x20, 0x20,
  0x20, 0x28, 0x20, 0x4d, 0x65, 0x6c, 0x20, 0x42, 0x72, 0x6f, 0x6f, 0x6b,
  0x73, 0x20, 0x29, 0x00, 0xff, 0x80, 0x6b, 0x04, 0x00, 0x00, 0x00, 0x00,
  0x00, 0x00, 0x00, 0x00, 0x00, 0x00, 0x04, 0x20, 0x20, 0x20, 0x20, 0x20,
  0x20, 0x20, 0x20, 0x20, 0x20, 0x04, 0x00, 0x00, 0x00, 0x00, 0x00, 0x00,
  0x00, 0x00, 0x00, 0x00, 0x04, 0x00, 0x00, 0x00, 0x02, 0x02, 0x02, 0x02,
  0x02, 0x02, 0x00, 0x04, 0x00, 0x00, 0x04, 0x00, 0x00, 0x00, 0x00, 0x00,
  0x00, 0x03, 0x04, 0x00, 0x00, 0x04, 0xd0, 0x00, 0x00, 0x00, 0x00, 0x00,
  0x03, 0x04, 0x00, 0x00, 0x04, 0x00, 0xd0, 0x00, 0x00, 0x00, 0x00, 0x03,
  0x04, 0x00, 0x00, 0x04, 0xd0, 0x00, 0xe0, 0x00, 0x00, 0x00, 0x03, 0x04,
  0x00, 0x00, 0x04, 0x00, 0xd0, 0x00, 0xd0, 0x00, 0x00, 0x03, 0x00, 0x00,
  0x00, 0x00, 0x02, 0x02, 0x02, 0x02, 0x02, 0x02, 0x00, 0x00, 0x00, 0x00,
  0x00, 0x00, 0x00, 0x00, 0x00, 0x00, 0x00, 0x00, 0x02, 0x06, 0x04, 0x06,
  0x05, 0x07, 0x06, 0x08, 0x04, 0x08, 0xff, 0xff, 0xff, 0xff, 0xff, 0xff,
  0xff, 0xff, 0x06, 0x04, 0x07, 0x05, 0x08, 0x06, 0x08, 0x0a, 0x0a, 0x00,
  0x08, 0x20, 0x20, 0x20, 0x20, 0x20, 0x57, 0x68, 0x79, 0x20, 0x69, 0x73,
  0x20, 0x61, 0x20, 0x72, 0x61, 0x76, 0x65, 0x6e, 0x00, 0x00, 0x0a, 0x20,
  0x20, 0x20, 0x20, 0x20, 0x6c, 0x69, 0x6b, 0x65, 0x20, 0x61, 0x20, 0x77,
  0x72, 0x69, 0x74, 0x69, 0x6e, 0x67, 0x2d, 0x64, 0x65, 0x73, 0x6b, 0x3f,
  0x00, 0x00, 0x17, 0x20, 0x20, 0x20, 0x20, 0x20, 0x20, 0x20, 0x20, 0x20,
  0x20, 0x20, 0x20, 0x20, 0x20, 0x28, 0x20, 0x4c, 0x65, 0x77, 0x69, 0x73,
  0x20, 0x43, 0x61, 0x72, 0x72, 0x6f, 0x6c, 0x6c, 0x20, 0x29, 0x00, 0xff,
  0x69, 0x6c, 0xe0, 0x04, 0x00, 0x04, 0x00, 0xe0, 0x00, 0x00, 0x00, 0x00,
  0xe0, 0x00, 0x00, 0xe0, 0x00, 0x40, 0x00, 0x00, 0xe0, 0x00, 0x00, 0x03,
  0x00, 0x00, 0x00, 0x00, 0xe0, 0x00, 0x00, 0x00, 0x00, 0xe0, 0x00, 0x00,
  0xe0, 0x00, 0x00, 0x00, 0x00, 0xe0, 0x00, 0x00, 0x00, 0x03, 0x00, 0x00,
  0x00, 0xe0, 0x00, 0x00, 0x00, 0x00, 0xe0, 0x30, 0x00, 0xe0, 0x00, 0x00,
  0x00, 0x00, 0xe0, 0x00, 0x00, 0x00, 0x00, 0xe0, 0x00, 0x20, 0xe0, 0x00,
  0x00, 0x00, 0x00, 0xe0, 0x00, 0x00, 0x00, 0x02, 0x00, 0x00, 0x00, 0xe0,
  0x00, 0x00, 0x00, 0x00, 0xe0, 0x00, 0x00, 0xe0, 0x00, 0x00, 0x00, 0x00,
  0xe0, 0x00, 0x00, 0x00, 0x00, 0x02, 0x00, 0x00, 0xe0, 0x00, 0x00, 0x10,
  0x00, 0xe0, 0x00, 0x00, 0xe0, 0x00, 0x00, 0x00, 0x00, 0xe0, 0x00, 0x01,
  0x00, 0x01, 0xe0, 0x09, 0x01, 0x00, 0x08, 0x02, 0x00, 0x0a, 0x02, 0x08,
  0x0a, 0x09, 0x04, 0xff, 0xff, 0xff, 0xff, 0xff, 0xff, 0x01, 0x0a, 0x02,
  0x0a, 0x03, 0x0a, 0x04, 0x0a, 0x0a, 0x00, 0x08, 0x20, 0x20, 0x20, 0x20,
  0x2e, 0x2e, 0x42, 0x65, 0x63, 0x61, 0x75, 0x73, 0x65, 0x20, 0x74, 0x68,
  0x65, 0x72, 0x65, 0x20, 0x69, 0x73, 0x00, 0x00, 0x0a, 0x20, 0x20, 0x20,
  0x20, 0x20, 0x20, 0x61, 0x20, 0x42, 0x20, 0x69, 0x6e, 0x20, 0x27, 0x62,
  0x6f, 0x74, 0x68, 0x27, 0x2e, 0x00, 0x00, 0x17, 0x20, 0x20, 0x20, 0x20,
  0x20, 0x20, 0x20, 0x20, 0x20, 0x20, 0x20, 0x20, 0x20, 0x20, 0x28, 0x20,
  0x44, 0x72, 0x2e, 0x20, 0x45, 0x2e, 0x56, 0x2e, 0x20, 0x52, 0x69, 0x65,
  0x6e, 0x20, 0x29, 0x00, 0xff, 0x56, 0x6d, 0x00, 0xd0, 0x00, 0x00, 0x00,
  0xd0, 0x00, 0x00, 0x00, 0x00, 0x00, 0x00, 0x02, 0x02, 0x04, 0x00, 0x02,
  0x02, 0x04, 0x00, 0x01, 0x00, 0x00, 0x01, 0x00, 0x04, 0x00, 0x01, 0x00,
  0x04, 0x00, 0x01, 0x00, 0x00, 0x01, 0x00, 0x04, 0x00, 0x01, 0x00, 0x04,
  0x00, 0x01, 0x00, 0x00, 0x01, 0x00, 0x04, 0xc0, 0x01, 0x00, 0x04, 0xc0,
  0x01, 0x00, 0x00, 0x01, 0x50, 0x04, 0x50, 0x01, 0x50, 0x04, 0x50, 0x01,
  0x00, 0x00, 0x01, 0x90, 0x04, 0x00, 0x01, 0x90, 0x04, 0x00, 0x01, 0x00,
  0x00, 0x01, 0x00, 0x04, 0x00, 0x01, 0x00, 0x04, 0x00, 0x01, 0x00, 0x00,
  0x01, 0x00, 0x04, 0x00, 0x01, 0x00, 0x04, 0x00, 0x01, 0x00, 0x00, 0x01,
  0x00, 0x02, 0x02, 0x01, 0x00, 0x02, 0x02, 0x01, 0x00, 0x00, 0x00, 0x00,
  0xd0, 0x00, 0x00, 0x00, 0xd0, 0x00, 0x00, 0x00, 0x00, 0x05, 0x02, 0x00,
  0x04, 0x0a, 0x06, 0x00, 0x08, 0x0a, 0xff, 0xff, 0xff, 0xff, 0xff, 0xff,
  0xff, 0xff, 0x0a, 0x02, 0x0a, 0x04, 0x0a, 0x06, 0x0a, 0x08, 0x0a, 0x00,
  0x08, 0x20, 0x20, 0x20, 0x20, 0x53, 0x68, 0x7b, 0x6b, 0x61, 0x20, 0x6e,
  0x6f, 0x20, 0x77, 0x61, 0x72, 0x75, 0x69, 0x6d, 0x6f, 0x6e, 0x6f, 0x20,
  0x6f, 0x00, 0x00, 0x0a, 0x20, 0x20, 0x20, 0x20, 0x74, 0x61, 0x62, 0x65,
  0x6e, 0x61, 0x69, 0x64, 0x65, 0x20, 0x6b, 0x75, 0x64, 0x61, 0x73, 0x61,
  0x69, 0x2e, 0x00, 0x00, 0x17, 0x20, 0x20, 0x20, 0x20, 0x28, 0x20, 0x41,
  0x6e, 0x63, 0x69, 0x65, 0x6e, 0x74, 0x20, 0x4a, 0x61, 0x70, 0x61, 0x6e,
  0x65, 0x73, 0x65, 0x20, 0x53, 0x61, 0x79, 0x69, 0x6e, 0x67, 0x20, 0x29,
  0x00, 0xff, 0x6b, 0x6e, 0x00, 0x03, 0x00, 0x01, 0x00, 0x04, 0x00, 0x03,
  0x00, 0x04, 0x00, 0x01, 0xe0, 0x04, 0xe0, 0x04, 0xe0, 0x01, 0xe0, 0x01,
  0xe0, 0x03, 0x00, 0x02, 0x00, 0x02, 0x00, 0x00, 0x00, 0x02, 0x00, 0x02,
  0x00, 0x04, 0xe0, 0x04, 0xe0, 0x01, 0xe0, 0x03, 0xe0, 0x04, 0xe0, 0x01,
  0x00, 0x03, 0x00, 0x03, 0x00, 0x03, 0x00, 0x04, 0x00, 0x03, 0x00, 0x02,
  0xe0, 0x00, 0xe0, 0x01, 0xe0, 0x04, 0xe0, 0x00, 0xe0, 0x02, 0x00, 0x03,
  0x00, 0x03, 0x00, 0x02, 0x00, 0x02, 0x00, 0x03, 0x00, 0x01, 0xe0, 0x04,
  0xe0, 0x01, 0xe0, 0x01, 0xe0, 0x04, 0xe0, 0x01, 0x00, 0x02, 0x00, 0x02,
  0x00, 0x00, 0x00, 0x02, 0x00, 0x03, 0x00, 0x04, 0xe0, 0x01, 0xe0, 0x04,
  0xe0, 0x04, 0xe0, 0x04, 0xe0, 0x03, 0x00, 0x01, 0x00, 0x03, 0x00, 0x02,
  0x00, 0x03, 0x00, 0x02, 0x00, 0x04, 0x06, 0x02, 0x02, 0x08, 0x02, 0x08,
  0x08, 0x02, 0x08, 0xff, 0xff, 0xff, 0xff, 0xff, 0xff, 0xff, 0xff, 0x05,
  0x02, 0x02, 0x05, 0x05, 0x08, 0x08, 0x05, 0x0f, 0x00, 0x08, 0x20, 0x54,
  0x68, 0x65, 0x20, 0x6d, 0x61, 0x6e, 0x20, 0x77, 0x68, 0x6f, 0x20, 0x73,
  0x6d, 0x69, 0x6c, 0x65, 0x73, 0x20, 0x77, 0x68, 0x65, 0x6e, 0x20, 0x74,
  0x68, 0x69, 0x6e, 0x67, 0x73, 0x00, 0x00, 0x0a, 0x20, 0x67, 0x6f, 0x20,
  0x77, 0x72, 0x6f, 0x6e, 0x67, 0x20, 0x68, 0x61, 0x73, 0x20, 0x74, 0x68,
  0x6f, 0x75, 0x67, 0x68, 0x74, 0x20, 0x6f, 0x66, 0x20, 0x73, 0x6f, 0x6d,
  0x65, 0x6f, 0x6e, 0x65, 0x00, 0x00, 0x0c, 0x20, 0x68, 0x65, 0x20, 0x63,
  0x61, 0x6e, 0x20, 0x62, 0x6c, 0x61, 0x6d, 0x65, 0x20, 0x69, 0x74, 0x20,
  0x6f, 0x6e, 0x2e, 0x00, 0x00, 0x17, 0x20, 0x20, 0x20, 0x20, 0x20, 0x20,
  0x20, 0x20, 0x20, 0x20, 0x20, 0x20, 0x28, 0x20, 0x4e, 0x69, 0x78, 0x6f,
  0x6e, 0x27, 0x73, 0x20, 0x54, 0x68, 0x65, 0x6f, 0x72, 0x65, 0x6d, 0x20,
  0x29, 0x00, 0xff, 0x57, 0x6f, 0x00, 0x00, 0x00, 0xe0, 0x00, 0x00, 0x00,
  0xe0, 0x00, 0x00, 0x00, 0x00, 0x00, 0x04, 0x00, 0x00, 0x00, 0x00, 0x00,
  0x03, 0x00, 0x00, 0x00, 0x04, 0x00, 0x00, 0x00, 0x00, 0x00, 0x00, 0x00,
  0x03, 0x00, 0xe0, 0x00, 0x00, 0x00, 0x00, 0x00, 0x00, 0x00, 0x00, 0x00,
  0xe0, 0x00, 0x00, 0x00, 0x00, 0x40, 0x30, 0x30, 0x00, 0x00, 0x00, 0x00,
  0x00, 0x00, 0x00, 0x00, 0x40, 0x00, 0x10, 0x00, 0x00, 0x00, 0x00, 0x00,
  0x00, 0x00, 0x00, 0x20, 0x20, 0x10, 0x00, 0x00, 0x00, 0x00, 0xe0, 0x00,
  0x00, 0x00, 0x00, 0x00, 0x00, 0x00, 0x00, 0x00, 0xe0, 0x00, 0x02, 0x00,
  0x00, 0x00, 0x00, 0x00, 0x00, 0x00, 0x01, 0x00, 0x00, 0x00, 0x02, 0x00,
  0x00, 0x60, 0x00, 0x00, 0x01, 0x00, 0x00, 0x00, 0x00, 0x00, 0xe0, 0x00,
  0x00, 0x00, 0xe0, 0x00, 0x00, 0x00, 0x05, 0x02, 0x00, 0x00, 0x0a, 0x0a,
  0x0a, 0x00, 0x00, 0x0a, 0x05, 0x09, 0xff, 0xff, 0xff, 0xff, 0xff, 0xff,
  0x02, 0x08, 0x04, 0x08, 0x06, 0x08, 0x08, 0x08, 0x0f, 0x00, 0x08, 0x20,
  0x20, 0x20, 0x20, 0x20, 0x20, 0x4b, 0x61, 0x6e, 0x67, 0x61, 0x72, 0x6f,
  0x6f, 0x73, 0x20, 0x63, 0x61, 0x6e, 0x6e, 0x6f, 0x74, 0x00, 0x00, 0x0a,
  0x20, 0x20, 0x20, 0x20, 0x20, 0x20, 0x77, 0x61, 0x6c, 0x6b, 0x20, 0x64,
  0x6f, 0x77, 0x6e, 0x20, 0x73, 0x74, 0x61, 0x69, 0x72, 0x73, 0x2e, 0x00,
  0x00, 0x17, 0x20, 0x20, 0x20, 0x20, 0x20, 0x20, 0x20, 0x20, 0x20, 0x20,
  0x28, 0x20, 0x4f, 0x62, 0x73, 0x63, 0x75, 0x72, 0x65, 0x20, 0x54, 0x72,
  0x75, 0x65, 0x20, 0x46, 0x61, 0x63, 0x74, 0x20, 0x29, 0x00, 0xff, 0x50,
  0x70, 0xd4, 0xd3, 0xd3, 0xd3, 0xd3, 0xd3, 0xd3, 0xd3, 0x03, 0xd3, 0xd3,
  0xd4, 0x00, 0x00, 0x00, 0x00, 0x00, 0x00, 0x00, 0x00, 0x00, 0xd1, 0xd4,
  0x00, 0xe0, 0xe0, 0xe0, 0xe0, 0xe0, 0xe0, 0xe0, 0x00, 0xd1, 0xd4, 0x00,
  0xe0, 0x00, 0x50, 0x00, 0x50, 0x00, 0xe0, 0x00, 0xd1, 0xd4, 0x00, 0xe0,
  0x00, 0xe0, 0x00, 0xe0, 0x00, 0xe0, 0x00, 0xd1, 0x04, 0x50, 0x04, 0x00,
  0x00, 0x00, 0x00, 0x00, 0x04, 0x50, 0xd1, 0xd4, 0x00, 0xe0, 0x00, 0xe0,
  0x00, 0xe0, 0x00, 0xe0, 0x00, 0xd1, 0xd4, 0x00, 0xe0, 0x00, 0x50, 0x00,
  0x50, 0x00, 0xe0, 0x00, 0xd1, 0xd4, 0x00, 0xe0, 0xe0, 0xe0, 0xe0, 0xe0,
  0xe0, 0xe0, 0x00, 0xd1, 0xd4, 0x00, 0x00, 0x00, 0x00, 0x00, 0x00, 0x00,
  0x00, 0x00, 0xd1, 0xd2, 0xd2, 0xd2, 0xd2, 0xd2, 0xd2, 0xd2, 0xd2, 0xd2,
  0x02, 0xd1, 0x01, 0x01, 0x03, 0x03, 0x07, 0x07, 0x03, 0x07, 0x07, 0x03,
  0xff, 0xff, 0xff, 0xff, 0xff, 0xff, 0xff, 0xff, 0x05, 0x04, 0x04, 0x05,
  0x06, 0x05, 0x05, 0x06, 0x0f, 0x00, 0x08, 0x20, 0x54, 0x6f, 0x6d, 0x6f,
  0x72, 0x72, 0x6f, 0x77, 0x20, 0x77, 0x69, 0x6c, 0x6c, 0x20, 0x62, 0x65,
  0x20, 0x61, 0x20, 0x6c, 0x6f, 0x76, 0x65, 0x6c, 0x79, 0x20, 0x64, 0x61,
  0x79, 0x2c, 0x00, 0x00, 0x0a, 0x20, 0x61, 0x6e, 0x64, 0x20, 0x69, 0x66,
  0x20, 0x69, 0x74, 0x20, 0x69, 0x73, 0x6e, 0x27, 0x74, 0x2c, 0x20, 0x69,
  0x74, 0x20, 0x69, 0x73, 0x6e, 0x27, 0x74, 0x2e, 0x00, 0x00, 0x17, 0x20,
  0x20, 0x20, 0x20, 0x20, 0x20, 0x20, 0x20, 0x20, 0x20, 0x20, 0x20, 0x28,
  0x20, 0x4a, 0x61, 0x70, 0x61, 0x6e, 0x65, 0x73, 0x65, 0x20, 0x53, 0x61,
  0x79, 0x69, 0x6e, 0x67, 0x20, 0x29, 0x00, 0xff, 0x3e, 0x71, 0x00, 0x00,
  0x00, 0x00, 0x00, 0x00, 0x00, 0x00, 0x00, 0x00, 0x00, 0x00, 0x50, 0x50,
  0x50, 0x00, 0x00, 0x00, 0x03, 0xd0, 0x01, 0x00, 0x00, 0x50, 0x00, 0x50,
  0x00, 0x00, 0x00, 0xd0, 0x00, 0xd0, 0x00, 0x00, 0x50, 0x50, 0x50, 0x00,
  0x00, 0x00, 0x04, 0xd0, 0x02, 0x00, 0x00, 0x00, 0x00, 0x00, 0x00, 0x00,
  0x00, 0x00, 0x00, 0x00, 0x00, 0x00, 0x00, 0x00, 0x00, 0x00, 0x00, 0x00,
  0x00, 0x00, 0x00, 0x00, 0x00, 0x00, 0x00, 0x00, 0x00, 0x00, 0x00, 0x00,
  0x00, 0x00, 0x00, 0x00, 0x02, 0x04, 0x04, 0x00, 0x00, 0x00, 0x02, 0x02,
  0x04, 0x00, 0x00, 0x02, 0x00, 0x03, 0x00, 0x00, 0x00, 0x01, 0x00, 0x04,
  0x00, 0x00, 0x01, 0x01, 0x03, 0x00, 0x00, 0x00, 0x01, 0x03, 0x03, 0x00,
  0x00, 0x00, 0x00, 0x00, 0x00, 0x00, 0x00, 0x00, 0x00, 0x00, 0x00, 0x05,
  0x05, 0x08, 0x08, 0x02, 0x02, 0x08, 0x02, 0x02, 0x08, 0x08, 0x01, 0x08,
  0x01, 0x08, 0x01, 0x08, 0x01, 0x08, 0x05, 0x02, 0x05, 0x05, 0x02, 0x05,
  0x08, 0x0f, 0x00, 0x08, 0x20, 0x20, 0x20, 0x20, 0x20, 0x20, 0x57, 0x68,
  0x65, 0x6e, 0x20, 0x6d, 0x75, 0x74, 0x61, 0x6e, 0x74, 0x73, 0x20, 0x6d,
  0x65, 0x65, 0x74, 0x00, 0x00, 0x0a, 0x20, 0x20, 0x20, 0x20, 0x20, 0x20,
  0x6f, 0x6e, 0x6c, 0x79, 0x20, 0x6f, 0x6e, 0x65, 0x20, 0x77, 0x69, 0x6c,
  0x6c, 0x20, 0x65, 0x61, 0x74, 0x2e, 0x00, 0x00, 0x17, 0x20, 0x20, 0x20,
  0x20, 0x20, 0x20, 0x20, 0x20, 0x20, 0x20, 0x20, 0x20, 0x20, 0x20, 0x20,
  0x20, 0x28, 0x20, 0x42, 0x61, 0x72, 0x74, 0x20, 0x43, 0x68, 0x61, 0x62,
  0x6f, 0x74, 0x20, 0x29, 0x00, 0xff, 0x3a, 0x72, 0x00, 0x00, 0x00, 0x00,
  0x00, 0x00, 0x00, 0x00, 0x00, 0x00, 0x00, 0x01, 0xe0, 0xd3, 0xe0, 0x53,
  0xe0, 0xd3, 0xe0, 0xd3, 0xe0, 0x01, 0x50, 0x00, 0x00, 0x00, 0x00, 0x00,
  0x00, 0x00, 0x00, 0x00, 0x50, 0x01, 0xe0, 0xd3, 0xe0, 0xd3, 0xe0, 0xd3,
  0xe0, 0x53, 0xe0, 0x01, 0x50, 0x00, 0x00, 0x00, 0x00, 0x00, 0x00, 0x00,
  0x00, 0x00, 0x50, 0x01, 0xe0, 0x53, 0xe0, 0xd3, 0xe0, 0xd3, 0xe0, 0xd3,
  0xe0, 0x01, 0x50, 0x00, 0x00, 0x00, 0x00, 0x00, 0x00, 0x00, 0x00, 0x00,
  0x50, 0x01, 0xe0, 0xd3, 0xe0, 0xd3, 0xe0, 0xd3, 0xe0, 0x53, 0xe0, 0x01,
  0x50, 0x00, 0x00, 0x00, 0x00, 0x00, 0x00, 0x00, 0x00, 0x00, 0x50, 0x01,
  0xe0, 0x53, 0xe0, 0x53, 0xe0, 0x53, 0xe0, 0x53, 0xe0, 0x01, 0x00, 0x00,
  0x00, 0x00, 0x00, 0x00, 0x00, 0x00, 0x00, 0x00, 0x00, 0x05, 0x00, 0x02,
  0x0a, 0x06, 0x0a, 0x04, 0x0a, 0x08, 0x0a, 0xff, 0xff, 0xff, 0xff, 0xff,
  0xff, 0xff, 0xff, 0x08, 0x08, 0x06, 0x06, 0x04, 0x04, 0x02, 0x02, 0x14,
  0x00, 0x08, 0x20, 0x49, 0x66, 0x20, 0x42, 0x2e, 0x55, 0x2e, 0x52, 0x2e,
  0x44, 0x2e, 0x20, 0x64, 0x6f, 0x65, 0x73, 0x6e, 0x27, 0x74, 0x20, 0x73,
  0x70, 0x65, 0x6c, 0x6c, 0x20, 0x62, 0x69, 0x72, 0x64, 0x2c, 0x00, 0x00,
  0x0a, 0x20, 0x77, 0x68, 0x61, 0x74, 0x20, 0x74, 0x68, 0x65, 0x20, 0x68,
  0x65, 0x6c, 0x6c, 0x20, 0x64, 0x6f, 0x65, 0x73, 0x20, 0x69, 0x74, 0x20,
  0x73, 0x70, 0x65, 0x6c, 0x6c, 0x3f, 0x00, 0x00, 0x17, 0x20, 0x20, 0x20,
  0x20, 0x20, 0x20, 0x20, 0x20, 0x20, 0x20, 0x20, 0x20, 0x20, 0x20, 0x20,
  0x20, 0x20, 0x28, 0x20, 0x57, 0x2e, 0x52, 0x2e, 0x20, 0x48, 0x65, 0x61,
  0x72, 0x73, 0x74, 0x29, 0x00, 0xff, 0x22, 0x73, 0x50, 0x50, 0x50, 0x50,
  0x50, 0x50, 0x50, 0x50, 0x50, 0x50, 0x50, 0x50, 0x00, 0x50, 0x50, 0x50,
  0x50, 0xe0, 0x50, 0x50, 0x50, 0x50, 0x50, 0xe0, 0x50, 0x50, 0x50, 0x50,
  0x50, 0xd0, 0x50, 0x50, 0x50, 0x50, 0x50, 0x50, 0x00, 0x00, 0x00, 0x50,
  0xd0, 0x50, 0xe0, 0xe0, 0x50, 0x50, 0x50, 0x00, 0x00, 0x00, 0x50, 0xd0,
  0xd0, 0x50, 0x50, 0x50, 0x50, 0x50, 0x00, 0x00, 0x00, 0x50, 0x50, 0x50,
  0x50, 0x50, 0x50, 0xe0, 0x50, 0x50, 0x50, 0x50, 0x50, 0x50, 0xa0, 0x50,
  0xe0, 0x50, 0xe0, 0xe0, 0x50, 0x50, 0x50, 0x50, 0x50, 0xe0, 0x50, 0x00,
  0xd0, 0xe0, 0x50, 0x50, 0xb0, 0xc0, 0x50, 0xe0, 0x50, 0x90, 0xe0, 0x50,
  0x50, 0x50, 0xe0, 0x50, 0x50, 0xc0, 0xe0, 0x50, 0x50, 0x50, 0x50, 0x50,
  0x50, 0x00, 0xe0, 0x50, 0x50, 0x00, 0xe0, 0x50, 0x00, 0x01, 0x01, 0x03,
  0x0a, 0x0a, 0x07, 0x07, 0x0a, 0x0a, 0x0a, 0x0a, 0x00, 0x00, 0x0a, 0xff,
  0xff, 0xff, 0xff, 0x03, 0x03, 0x03, 0x04, 0x04, 0x03, 0x04, 0x04, 0x14,
  0x00, 0x08, 0x20, 0x20, 0x20, 0x20, 0x20, 0x57, 0x68, 0x79, 0x20, 0x64,
  0x6f, 0x20, 0x74, 0x72, 0x6f, 0x6d, 0x62, 0x6f, 0x6e, 0x69, 0x73, 0x74,
  0x73, 0x00, 0x00, 0x0a, 0x20, 0x20, 0x20, 0x20, 0x20, 0x77, 0x65, 0x61,
  0x72, 0x20, 0x73, 0x61, 0x6e, 0x64, 0x61, 0x6c, 0x73, 0x3f, 0x00, 0x00,
  0x17, 0x20, 0x20, 0x20, 0x20, 0x20, 0x20, 0x20, 0x28, 0x20, 0x55, 0x6e,
  0x73, 0x6f, 0x6c, 0x76, 0x65, 0x64, 0x20, 0x4d, 0x79, 0x73, 0x74, 0x65,
  0x72, 0x79, 0x20, 0x23, 0x39, 0x31, 0x20, 0x29, 0x00, 0xff, 0x0c, 0x74,
  0x04, 0x00, 0x00, 0x00, 0x00, 0x00, 0x00, 0x00, 0x00, 0x00, 0x04, 0x04,
  0x00, 0xc0, 0x03, 0xe0, 0x04, 0xe0, 0x02, 0xc0, 0x00, 0x04, 0x04, 0x00,
  0xe0, 0x00, 0x00, 0x00, 0x00, 0x00, 0xe0, 0x00, 0x04, 0x04, 0x00, 0xe0,
  0x00, 0x00, 0x00, 0x00, 0x00, 0xe0, 0x00, 0x04, 0x04, 0x00, 0xe0, 0x00,
  0x00, 0x00, 0x00, 0x00, 0xe0, 0x00, 0x04, 0x02, 0x00, 0xe0, 0xe0, 0xe0,
  0x00, 0xe0, 0xe0, 0xe0, 0x00, 0x04, 0x02, 0x00, 0x04, 0x00, 0x00, 0x03,
  0x00, 0x00, 0x04, 0x00, 0x04, 0x02, 0x00, 0xe0, 0xe0, 0xe0, 0x00, 0xe0,
  0xe0, 0xe0, 0x00, 0x04, 0x04, 0x00, 0xe0, 0x00, 0x00, 0x00, 0x00, 0x00,
  0xe0, 0x00, 0x04, 0x04, 0x00, 0xe0, 0x00, 0x00, 0x00, 0x00, 0x00, 0xe0,
  0x00, 0x04, 0x04, 0x00, 0xe0, 0x00, 0x00, 0x00, 0x00, 0x00, 0xe0, 0x00,
  0x04, 0x05, 0x03, 0x03, 0x08, 0x06, 0x08, 0x05, 0x09, 0x07, 0x0a, 0x02,
  0x01, 0x08, 0x01, 0xff, 0xff, 0xff, 0xff, 0x01, 0x09, 0x01, 0x0a, 0x09,
  0x09, 0x09, 0x0a, 0x14, 0x00, 0x08, 0x20, 0x20, 0x20, 0x20, 0x20, 0x49,
  0x74, 0x20, 0x77, 0x6f, 0x72, 0x6b, 0x73, 0x20, 0x62, 0x65, 0x74, 0x74,
  0x65, 0x72, 0x20, 0x69, 0x66, 0x00, 0x00, 0x0a, 0x20, 0x20, 0x20, 0x20,
  0x20, 0x79, 0x6f, 0x75, 0x20, 0x70, 0x6c, 0x75, 0x67, 0x20, 0x69, 0x74,
  0x20, 0x69, 0x6e, 0x2e, 0x00, 0x00, 0x17, 0x20, 0x20, 0x20, 0x20, 0x20,
  0x20, 0x20, 0x20, 0x20, 0x20, 0x20, 0x20, 0x28, 0x20, 0x53, 0x61, 0x74,
  0x74, 0x69, 0x6e, 0x67, 0x65, 0x72, 0x27, 0x73, 0x20, 0x4c, 0x61, 0x77,
  0x20, 0x29, 0x00, 0xff, 0xc0, 0x75, 0x00, 0x04, 0x04, 0x00, 0x00, 0x00,
  0x00, 0x00, 0x00, 0x50, 0x00, 0x00, 0x04, 0x04, 0x00, 0x00, 0x00, 0x00,
  0x01, 0x01, 0x50, 0x50, 0x04, 0x04, 0x04, 0x00, 0x00, 0x00, 0x00, 0x00,
  0x00, 0x02, 0x00, 0x50, 0x00, 0x00, 0x00, 0x00, 0x00, 0x00, 0x00, 0x00,
  0x02, 0x00, 0xd0, 0x04, 0x04, 0x50, 0x00, 0x00, 0x00, 0x00, 0x00, 0x00,
  0x00, 0x00, 0xc0, 0x02, 0x00, 0x00, 0x00, 0x00, 0x00, 0x00, 0x00, 0x00,
  0x00, 0xc0, 0x04, 0x00, 0x00, 0x00, 0x00, 0x00, 0x00, 0x00, 0x00, 0x00,
  0xc0, 0x04, 0x00, 0x00, 0x00, 0x00, 0x00, 0x00, 0x00, 0x00, 0x00, 0xc0,
  0x04, 0xe0, 0x03, 0x03, 0x03, 0x03, 0x03, 0x03, 0x03, 0x00, 0x50, 0x04,
  0x00, 0x00, 0x00, 0x00, 0x00, 0x00, 0x01, 0x01, 0x00, 0xe0, 0x04, 0x00,
  0x00, 0x00, 0x00, 0x00, 0x00, 0x01, 0x00, 0x05, 0x03, 0x00, 0x00, 0x0a,
  0x00, 0x0a, 0x0a, 0x00, 0x0a, 0x01, 0x09, 0x09, 0x00, 0x0a, 0x01, 0x00,
  0x03, 0x05, 0x06, 0x06, 0x06, 0x07, 0x06, 0x08, 0x06, 0x14, 0x00, 0x02,
  0x20, 0x43, 0x20, 0x4f, 0x20, 0x4e, 0x20, 0x47, 0x20, 0x52, 0x20, 0x41,
  0x20, 0x54, 0x20, 0x55, 0x20, 0x4c, 0x20, 0x41, 0x20, 0x54, 0x20, 0x49,
  0x20, 0x4f, 0x20, 0x4e, 0x20, 0x53, 0x20, 0x21, 0x00, 0x00, 0x04, 0x20,
  0x59, 0x6f, 0x75, 0x27, 0x76, 0x65, 0x20, 0x63, 0x6f, 0x6d, 0x70, 0x6c,
  0x65, 0x74, 0x65, 0x64, 0x20, 0x74, 0x68, 0x65, 0x20, 0x67, 0x61, 0x6d,
  0x65, 0x21, 0x00, 0x00, 0x09, 0x20, 0x22, 0x49, 0x20, 0x63, 0x61, 0x6e,
  0x27, 0x74, 0x20, 0x62, 0x65, 0x6c, 0x69, 0x65, 0x76, 0x65, 0x20, 0x54,
  0x48, 0x41, 0x54, 0x21, 0x22, 0x2c, 0x20, 0x73, 0x61, 0x69, 0x64, 0x00,
  0x00, 0x0b, 0x20, 0x41, 0x6c, 0x69, 0x63, 0x65, 0x2e, 0x20, 0x22, 0x43,
  0x61, 0x6e, 0x27, 0x74, 0x20, 0x79, 0x6f, 0x75, 0x3f, 0x22, 0x2c, 0x20,
  0x74, 0x68, 0x65, 0x20, 0x51, 0x75, 0x65, 0x65, 0x6e, 0x00, 0x00, 0x0d,
  0x20, 0x73, 0x61, 0x69, 0x64, 0x20, 0x69, 0x6e, 0x20, 0x61, 0x20, 0x70,
  0x69, 0x74, 0x79, 0x69, 0x6e, 0x67, 0x20, 0x74, 0x6f, 0x6e, 0x65, 0x2e,
  0x20, 0x22, 0x57, 0x68, 0x79, 0x2c, 0x00, 0x00, 0x0f, 0x20, 0x73, 0x6f,
  0x6d, 0x65, 0x74, 0x69, 0x6d, 0x65, 0x73, 0x20, 0x49, 0x27, 0x76, 0x65,
  0x20, 0x62, 0x65, 0x6c, 0x69, 0x65, 0x76, 0x65, 0x64, 0x20, 0x61, 0x73,
  0x20, 0x6d, 0x61, 0x6e, 0x79, 0x00, 0x00, 0x11, 0x20, 0x61, 0x73, 0x20,
  0x53, 0x49, 0x58, 0x20, 0x69, 0x6d, 0x70, 0x6f, 0x73, 0x73, 0x69, 0x62,
  0x6c, 0x65, 0x20, 0x74, 0x68, 0x69, 0x6e, 0x67, 0x73, 0x20, 0x62, 0x65,
  0x66, 0x6f, 0x72, 0x65, 0x00, 0x00, 0x13, 0x20, 0x62, 0x72, 0x65, 0x61,
  0x6b, 0x66, 0x61, 0x73, 0x74, 0x21, 0x22, 0x00, 0x00, 0x17, 0x20, 0x20,
  0x20, 0x20, 0x20, 0x20, 0x20, 0x20, 0x20, 0x20, 0x20, 0x20, 0x20, 0x20,
  0x20, 0x28, 0x20, 0x4c, 0x65, 0x77, 0x69, 0x73, 0x20, 0x43, 0x61, 0x72,
  0x72, 0x6f, 0x6c, 0x6c, 0x20, 0x29, 0x00, 0xff, 0xcd, 0xc9, 0x45, 0x11,
  0x10, 0x27, 0x21, 0xf6, 0x45, 0x3e, 0x0c, 0x01, 0x08, 0x00, 0xcd, 0xd8,
  0x45, 0xeb, 0x09, 0xeb, 0x3d, 0x20, 0xf7, 0xc9, 0xf5, 0xd5, 0xcd, 0x1f,
  0x45, 0x7a, 0xc6, 0x08, 0x57, 0xcd, 0x1f, 0x45, 0x7a, 0xc6, 0x08, 0x57,
  0xcd, 0x1f, 0x45, 0xd1, 0xf1, 0xc9, 0xf0, 0xf0, 0xe0, 0xe0, 0xe0, 0xe0,
  0xe0, 0xe0, 0xe0, 0xe0, 0xe0, 0xe0, 0xe0, 0xe0, 0xe0, 0x50, 0x11, 0x00,
  0x00, 0x00, 0x00, 0x00, 0x00, 0x00, 0x00, 0x00, 0x00, 0x00, 0x00, 0x00,
  0x00, 0x00, 0x00, 0x00, 0x00, 0x00, 0x00, 0x00, 0x00, 0x00, 0x00, 0x00,
  0x00, 0x00, 0x00, 0x00, 0x00, 0x00, 0x00, 0x00, 0x00, 0x00, 0x00, 0x00,
  0x00, 0x00, 0x00, 0x00, 0x00, 0x00, 0x00, 0x00, 0x00, 0x00, 0x00, 0x00,
  0x00, 0x00, 0x00, 0x00, 0x00, 0x00, 0x00, 0x00, 0x00, 0x00, 0x00, 0x00,
  0x00, 0x00, 0x00, 0x00, 0x00, 0x00, 0x00, 0x00, 0x00, 0x00, 0x00, 0x00,
  0x00, 0x00, 0x00, 0x00, 0x00, 0x00, 0x00, 0x00, 0x00, 0x00, 0x00, 0x00,
  0x00, 0x00, 0x00, 0x00, 0x00, 0x00, 0x00, 0x00, 0x00, 0x00, 0x00, 0x00,
  0x00, 0x00, 0x00, 0x00, 0x00, 0x00, 0x00, 0x00, 0x00, 0x00, 0x00, 0x00,
  0x00, 0x00, 0x00, 0x00, 0x00, 0x00, 0x00, 0x00, 0x00, 0x00, 0x00, 0x00,
  0x00, 0x00, 0x00, 0x00, 0x00, 0x00, 0x00, 0x00, 0xff, 0xff, 0xff, 0xff,
  0xff, 0xff, 0xff, 0xff, 0xff, 0xff, 0xff, 0xff, 0xff, 0xff, 0xff, 0xff,
  0xff, 0xff, 0xff, 0xff, 0xff, 0xff, 0xff, 0xff, 0xff, 0xff, 0xff, 0xff,
  0xff, 0xff, 0xff, 0xff, 0xff, 0xff, 0xff, 0xff, 0xff, 0xff, 0xff, 0xff,
  0xff, 0xff, 0xff, 0xff, 0xff, 0xff, 0xff, 0xff, 0xff, 0xff, 0xff, 0xff,
  0xff, 0xff, 0xff, 0xff, 0xff, 0xff, 0xff, 0xff, 0xff, 0xff, 0xff, 0xff,
  0xff, 0xff, 0xff, 0xff, 0xff, 0xff, 0xff, 0xff, 0xff, 0xff, 0xff, 0xff,
  0xff, 0xff, 0xff, 0xff, 0xff, 0xff, 0xff, 0xff, 0xff, 0xff, 0xff, 0xff,
  0xff, 0xff, 0xff, 0xff, 0xff, 0xff, 0xff, 0xff, 0xff, 0xff, 0xff, 0xff,
  0xff, 0xff, 0xff, 0xff, 0xff, 0xff, 0xff, 0xff, 0xff, 0xff, 0xff, 0xff,
  0xff, 0xff, 0xff, 0xff, 0xff, 0xff, 0xff, 0xff, 0xff, 0xff, 0xff, 0xff,
  0xff, 0xff, 0xff, 0xff, 0x00, 0x00, 0x00, 0x00, 0x00, 0x00, 0x00, 0x00,
  0x00, 0x00, 0x00, 0x00, 0x00, 0x00, 0x00, 0x00, 0x00, 0x00, 0x00, 0x00,
  0x00, 0x00, 0x00, 0x00, 0x00, 0x00, 0x00, 0x00, 0x00, 0x00, 0x00, 0x00,
  0x00, 0x00, 0x00, 0x00, 0x00, 0x00, 0x00, 0x00, 0x00, 0x00, 0x00, 0x00,
  0x00, 0x00, 0x00, 0x00, 0x00, 0x00, 0x00, 0x00, 0x00, 0x00, 0x00, 0x00,
  0x00, 0x00, 0x00, 0x00, 0x00, 0x00, 0x00, 0x00, 0x00, 0x00, 0x00, 0x00,
  0x00, 0x00, 0x00, 0x00, 0x00, 0x00, 0x00, 0x00, 0x00, 0x00, 0x00, 0x00,
  0x00, 0x00, 0x00, 0x00, 0x00, 0x00, 0x00, 0x00, 0x00, 0x00, 0x00, 0x00,
  0x00, 0x00, 0x00, 0x00, 0x00, 0x00, 0x00, 0x00, 0x00, 0x00, 0x00, 0x00,
  0x00, 0x00, 0x00, 0x00, 0x00, 0x00, 0x00, 0x00, 0x00, 0x00, 0x00, 0x00,
  0x00, 0x00, 0x00, 0x00, 0x00, 0x00, 0x00, 0x00, 0x00, 0x00, 0x00, 0x00,
  0xff, 0xff, 0xff, 0xff, 0xff, 0xff, 0xff, 0xff, 0xff, 0xff, 0xff, 0xff,
  0xff, 0xff, 0xff, 0xff, 0xff, 0xff, 0xff, 0xff, 0xff, 0xff, 0xff, 0xff,
  0xff, 0xff, 0xff, 0xff, 0xff, 0xff, 0xff, 0xff, 0xff, 0xff, 0xff, 0xff,
  0xff, 0xff, 0xff, 0xff, 0xff, 0xff, 0xff, 0xff, 0xff, 0xff, 0xff, 0xff,
  0xff, 0xff, 0xff, 0xff, 0xff, 0xff, 0xff, 0xff, 0xff, 0xff, 0xff, 0xff,
  0xff, 0xff, 0xff, 0xff, 0xff, 0xff, 0xff, 0xff, 0xff, 0xff, 0xff, 0xff,
  0xff, 0xff, 0xff, 0xff, 0xff, 0xff, 0xff, 0xff, 0xff, 0xff, 0xff, 0xff,
  0xff, 0xff, 0xff, 0xff, 0xff, 0xff, 0xff, 0xff, 0xff, 0xff, 0xff, 0xff,
  0xff, 0xff, 0xff, 0xff, 0xff, 0xff, 0xff, 0xff, 0xff, 0xff, 0xff, 0xff,
  0xff, 0xff, 0xff, 0xff, 0xff, 0xff, 0xff, 0xff, 0xff, 0xff, 0xff, 0xff,
  0xff, 0xff, 0xff, 0xff, 0xff, 0xff, 0xff, 0xff, 0x00, 0x00, 0x00, 0x00,
  0x00, 0x00, 0x00, 0x00, 0x00, 0x00, 0x00, 0x00, 0x00, 0x00, 0x00, 0x00,
  0x00, 0x00, 0x00, 0x00, 0x00, 0x00, 0x00, 0x00, 0x00, 0x00, 0x00, 0x00,
  0x00, 0x00, 0x00, 0x00, 0x00, 0x00, 0x00, 0x00, 0x00, 0x00, 0x00, 0x00,
  0x00, 0x00, 0x00, 0x00, 0x00, 0x00, 0x00, 0x00, 0x00, 0x00, 0x00, 0x00,
  0x00, 0x00, 0x00, 0x00, 0x00, 0x00, 0x00, 0x00, 0x00, 0x00, 0x00, 0x00,
  0x00, 0x00, 0x00, 0x00, 0x00, 0x00, 0x00, 0x00, 0x00, 0x00, 0x00, 0x00,
  0x00, 0x00, 0x00, 0x00, 0x00, 0x00, 0x00, 0x00, 0x00, 0x00, 0x00, 0x00,
  0x00, 0x00, 0x00, 0x00, 0x00, 0x00, 0x00, 0x00, 0x00, 0x00, 0x00, 0x00,
  0x00, 0x00, 0x00, 0x00, 0x00, 0x00, 0x00, 0x00, 0x00, 0x00, 0x00, 0x00,
  0x00, 0x00, 0x00, 0x00, 0x00, 0x00, 0x00, 0x00, 0x00, 0x00, 0x00, 0x00,
  0x00, 0x00, 0x00, 0x00, 0xff, 0xff, 0xff, 0xff, 0xff, 0xff, 0xff, 0xff,
  0xff, 0xff, 0xff, 0xff, 0xff, 0xff, 0xff, 0xff, 0xff, 0xff, 0xff, 0xff,
  0xff, 0xff, 0xff, 0xff, 0xff, 0xff, 0xff, 0xff, 0xff, 0xff, 0xff, 0xff,
  0xff, 0xff, 0xff, 0xff, 0xff, 0xff, 0xff, 0xff, 0xff, 0xff, 0xff, 0xff,
  0xff, 0xff, 0xff, 0xff, 0xff, 0xff, 0xff, 0xff, 0xff, 0xff, 0xff, 0xff,
  0xff, 0xff, 0xff, 0xff, 0xff, 0xff, 0xff, 0xff, 0xff, 0xff, 0xff, 0xff,
  0xff, 0xff, 0xff, 0xff, 0xff, 0xff, 0xff, 0xff, 0xff, 0xff, 0xff, 0xff,
  0xff, 0xff, 0xff, 0xff, 0xff, 0xff, 0xff, 0xff, 0xff, 0xff, 0xff, 0xff,
  0xff, 0xff, 0xff, 0xff, 0xff, 0xff, 0xff, 0xff, 0xff, 0xff, 0xff, 0xff,
  0xff, 0xff, 0xff, 0xff, 0xff, 0xff, 0xff, 0xff, 0xff, 0xff, 0xff, 0xff,
  0xff, 0xff, 0xff, 0xff, 0xff, 0xff, 0xff, 0xff, 0xff, 0xff, 0xff, 0xff,
  0x00, 0x00, 0x00, 0x00, 0x00, 0x00, 0x00, 0x00, 0x00, 0x00, 0x00, 0x00,
  0x00, 0x00, 0x00, 0x00, 0x00, 0x00, 0x00, 0x00, 0x00, 0x00, 0x00, 0x00,
  0x00, 0x00, 0x00, 0x00, 0x00, 0x00, 0x00, 0x00, 0x00, 0x00, 0x00, 0x00,
  0x00, 0x00, 0x00, 0x00, 0x00, 0x00, 0x00, 0x00, 0x00, 0x00, 0x00, 0x00,
  0x00, 0x00, 0x00, 0x00, 0x00, 0x00, 0x00, 0x00, 0x00, 0x00, 0x00, 0x00,
  0x00, 0x00, 0x00, 0x00, 0x00, 0x00, 0x00, 0x00, 0x00, 0x00, 0x00, 0x00,
  0x00, 0x00, 0x00, 0x00, 0x00, 0x00, 0x00, 0x00, 0x00, 0x00, 0x00, 0x00,
  0x00, 0x00, 0x00, 0x00, 0x00, 0x00, 0x00, 0x00, 0x00, 0x00, 0x00, 0x00,
  0x00, 0x00, 0x00, 0x00, 0x00, 0x00, 0x00, 0x00, 0x00, 0x00, 0x00, 0x00,
  0x00, 0x00, 0x00, 0x00, 0x00, 0x00, 0x00, 0x00, 0x00, 0x00, 0x00, 0x00,
  0x00, 0x00, 0x00, 0x00, 0x00, 0x00, 0x00, 0x00, 0xff, 0xff, 0xff, 0xff,
  0xff, 0xff, 0xff, 0xff, 0xff, 0xff, 0xff, 0xff, 0xff, 0xff, 0xff, 0xff,
  0xff, 0xff, 0xff, 0xff, 0xff, 0xff, 0xff, 0xff, 0xff, 0xff, 0xff, 0xff,
  0xff, 0xff, 0xff, 0xff, 0xff, 0xff, 0xff, 0xff, 0xff, 0xff, 0xff, 0xff,
  0xff, 0xff, 0xff, 0xff, 0xff, 0xff, 0xff, 0xff, 0xff, 0xff, 0xff, 0xff,
  0xff, 0xff, 0xff, 0xff, 0xff, 0xff, 0xff, 0xff, 0xff, 0xff, 0xff, 0xff,
  0xff, 0xff, 0xff, 0xff, 0xff, 0xff, 0xff, 0xff, 0xff, 0xff, 0xff, 0xff,
  0xff, 0xff, 0xff, 0xff, 0xff, 0xff, 0xff, 0xff, 0xff, 0xff, 0xff, 0xff,
  0xff, 0xff, 0xff, 0xff, 0xff, 0xff, 0xff, 0xff, 0xff, 0xff, 0xff, 0xff,
  0xff, 0xff, 0xff, 0xff, 0xff, 0xff, 0xff, 0xff, 0xff, 0xff, 0xff, 0xff,
  0xff, 0xff, 0xff, 0xff, 0xff, 0xff, 0xff, 0xff, 0xff, 0xff, 0xff, 0xff,
  0xff, 0xff, 0xff, 0xff, 0x00, 0x00, 0x00, 0x00, 0x00, 0x00, 0x00, 0x00,
  0x00, 0x00, 0x00, 0x00, 0x00, 0x00, 0x00, 0x00, 0x00, 0x00, 0x00, 0x00,
  0x00, 0x00, 0x00, 0x00, 0x00, 0x00, 0x00, 0x00, 0x00, 0x00, 0x00, 0x00,
  0x00, 0x00, 0x00, 0x00, 0x00, 0x00, 0x00, 0x00, 0x00, 0x00, 0x00, 0x00,
  0x00, 0x00, 0x00, 0x00, 0x00, 0x00, 0x00, 0x00, 0x00, 0x00, 0x00, 0x00,
  0x00, 0x00, 0x00, 0x00, 0x00, 0x00, 0x00, 0x00, 0x00, 0x00, 0x00, 0x00,
  0x00, 0x00, 0x00, 0x00, 0x00, 0x00, 0x00, 0x00, 0x00, 0x00, 0x00, 0x00,
  0x00, 0x00, 0x00, 0x00, 0x00, 0x00, 0x00, 0x00, 0x00, 0x00, 0x00, 0x00,
  0x00, 0x00, 0x00, 0x00, 0x00, 0x00, 0x00, 0x00, 0x00, 0x00, 0x00, 0x00,
  0x00, 0x00, 0x00, 0x00, 0x00, 0x00, 0x00, 0x00, 0x00, 0x00, 0x00, 0x00,
  0x00, 0x00, 0x00, 0x00, 0x00, 0x00, 0x00, 0x00, 0x00, 0x00, 0x00, 0x00,
  0xff, 0xff, 0xff, 0xff, 0xff, 0xff, 0xff, 0xff, 0xff, 0xff, 0xff, 0xff,
  0xff, 0xff, 0xff, 0xff, 0xff, 0xff, 0xff, 0xff, 0xff, 0xff, 0xff, 0xff,
  0xff, 0xff, 0xff, 0xff, 0xff, 0xff, 0xff, 0xff, 0xff, 0xff, 0xff, 0xff,
  0xff, 0xff, 0xff, 0xff, 0xff, 0xff, 0xff, 0xff, 0xff, 0xff, 0xff, 0xff,
  0xff, 0xff, 0xff, 0xff, 0xff, 0xff, 0xff, 0xff, 0xff, 0xff, 0xff, 0xff,
  0xff, 0xff, 0xff, 0xff, 0xff, 0xff, 0xff, 0xff, 0xff, 0xff, 0xff, 0xff,
  0xff, 0xff, 0xff, 0xff, 0xff, 0xff, 0xff, 0xff, 0xff, 0xff, 0xff, 0xff,
  0xff, 0xff, 0xff, 0xff, 0xff, 0xff, 0xff, 0xff, 0xff, 0xff, 0xff, 0xff,
  0xff, 0xff, 0xff, 0xff, 0xff, 0xff, 0xff, 0xff, 0xff, 0xff, 0xff, 0xff,
  0xff, 0xff, 0xff, 0xff, 0xff, 0xff, 0xff, 0xff, 0xff, 0xff, 0xff, 0xff,
  0xff, 0xff, 0xff, 0xff, 0xff, 0xff, 0xff, 0xff, 0x00, 0x00, 0x00, 0x00,
  0x00, 0x00, 0x00, 0x00, 0x00, 0x00, 0x00, 0x00, 0x00, 0x00, 0x00, 0x00,
  0x00, 0x00, 0x00, 0x00, 0x00, 0x00, 0x00, 0x00, 0x00, 0x00, 0x00, 0x00,
  0x00, 0x00, 0x00, 0x00, 0x00, 0x00, 0x00, 0x00, 0x00, 0x00, 0x00, 0x00,
  0x00, 0x00, 0x00, 0x00, 0x00, 0x00, 0x00, 0x00, 0x00, 0x00, 0x00, 0x00,
  0x00, 0x00, 0x00, 0x00, 0x00, 0x00, 0x00, 0x00, 0x00, 0x00, 0x00, 0x00,
  0x00, 0x00, 0x00, 0x00, 0x00, 0x00, 0x00, 0x00, 0x00, 0x00, 0x00, 0x00,
  0x00, 0x00, 0x00, 0x00, 0x00, 0x00, 0x00, 0x00, 0x00, 0x00, 0x00, 0x00,
  0x00, 0x00, 0x00, 0x00, 0x00, 0x00, 0x00, 0x00, 0x00, 0x00, 0x00, 0x00,
  0x00, 0x00, 0x00, 0x00, 0x00, 0x00, 0x00, 0x00, 0x00, 0x00, 0x00, 0x00,
  0x00, 0x00, 0x00, 0x00, 0x00, 0x00, 0x00, 0x00, 0x00, 0x00, 0x00, 0x00,
  0x00, 0x00, 0x00, 0x00, 0xff, 0xff, 0xff, 0xff, 0xff, 0xff, 0xff, 0xff,
  0xff, 0xff, 0xff, 0xff, 0xff, 0xff, 0xff, 0xff, 0xff, 0xff, 0xff, 0xff,
  0xff, 0xff, 0xff, 0xff, 0xff, 0xff, 0xff, 0xff, 0xff, 0xff, 0xff, 0xff,
  0xff, 0xff, 0xff, 0xff, 0xff, 0xff, 0xff, 0xff, 0xff, 0xff, 0xff, 0xff,
  0xff, 0xff, 0xff, 0xff, 0xff, 0xff, 0xff, 0xff, 0xff, 0xff, 0xff, 0xff,
  0xff, 0xff, 0xff, 0xff, 0xff, 0xff, 0xff, 0xff, 0xff, 0xff, 0xff, 0xff,
  0xff, 0xff, 0xff, 0xff, 0xff, 0xff, 0xff, 0xff, 0xff, 0xff, 0xff, 0xff,
  0xff, 0xff, 0xff, 0xff, 0xff, 0xff, 0xff, 0xff, 0xff, 0xff, 0xff, 0xff,
  0xff, 0xff, 0xff, 0xff, 0xff, 0xff, 0xff, 0xff, 0xff, 0xff, 0xff, 0xff,
  0xff, 0xff, 0xff, 0xff, 0xff, 0xff, 0xff, 0xff, 0xff, 0xff, 0xff, 0xff,
  0xff, 0xff, 0xff, 0xff, 0xff, 0xff, 0xff, 0xff, 0xff, 0xff, 0xff, 0xff,
  0x00, 0x00, 0x00, 0x00, 0x00, 0x00, 0x00, 0x00, 0x00, 0x00, 0x00, 0x00,
  0x00, 0x00, 0x00, 0x00, 0x00, 0x00, 0x00, 0x00, 0x00, 0x00, 0x00, 0x00,
  0x00, 0x00, 0x00, 0x00, 0x00, 0x00, 0x00, 0x00, 0x00, 0x00, 0x00, 0x00,
  0x00, 0x00, 0x00, 0x00, 0x00, 0x00, 0x00, 0x00, 0x00, 0x00, 0x00, 0x00,
  0x00, 0x00, 0x00, 0x00, 0x00, 0x00, 0x00, 0x00, 0x00, 0x00, 0x00, 0x00,
  0x00, 0x00, 0x00, 0x00, 0x00, 0x00, 0x00, 0x00, 0x00, 0x00, 0x00, 0x00,
  0x00, 0x00, 0x00, 0x00, 0x00, 0x00, 0x00, 0x00, 0x00, 0x00, 0x00, 0x00,
  0x00, 0x00, 0x00, 0x00, 0x00, 0x00, 0x00, 0x00, 0x00, 0x00, 0x00, 0x00,
  0x00, 0x00, 0x00, 0x00, 0x00, 0x00, 0x00, 0x00, 0x00, 0x00, 0x00, 0x00,
  0x00, 0x00, 0x00, 0x00, 0x00, 0x00, 0x00, 0x00, 0x00, 0x00, 0x00, 0x00,
  0x00, 0x00, 0x00, 0x00, 0x00, 0x00, 0x00, 0x00, 0xff, 0xff, 0xff, 0xff,
  0xff, 0xff, 0xff, 0xff, 0xff, 0xff, 0xff, 0xff, 0xff, 0xff, 0xff, 0xff,
  0xff, 0xff, 0xff, 0xff, 0xff, 0xff, 0xff, 0xff, 0xff, 0xff, 0xff, 0xff,
  0xff, 0xff, 0xff, 0xff, 0xff, 0xff, 0xff, 0xff, 0xff, 0xff, 0xff, 0xff,
  0xff, 0xff, 0xff, 0xff, 0xff, 0xff, 0xff, 0xff, 0xff, 0xff, 0xff, 0xff,
  0xff, 0xff, 0xff, 0xff, 0xff, 0xff, 0xff, 0xff, 0xff, 0xff, 0xff, 0xff,
  0xff, 0xff, 0xff, 0xff, 0xff, 0xff, 0xff, 0xff, 0xff, 0xff, 0xff, 0xff,
  0xff, 0xff, 0xff, 0xff, 0xff, 0xff, 0xff, 0xff, 0xff, 0xff, 0xff, 0xff,
  0xff, 0xff, 0xff, 0xff, 0xff, 0xff, 0xff, 0xff, 0xff, 0xff, 0xff, 0xff,
  0xff, 0xff, 0xff, 0xff, 0xff, 0xff, 0xff, 0xff, 0xff, 0xff, 0xff, 0xff,
  0xff, 0xff, 0xff, 0xff, 0xff, 0xff, 0xff, 0xff, 0xff, 0xff, 0xff, 0xff,
  0xff, 0xff, 0xff, 0xff, 0x00, 0x00, 0x00, 0x00, 0x00, 0x00, 0x00, 0x00,
  0x00, 0x00, 0x00, 0x00, 0x00, 0x00, 0x00, 0x00, 0x00, 0x00, 0x00, 0x00,
  0x00, 0x00, 0x00, 0x00, 0x00, 0x00, 0x00, 0x00, 0x00, 0x00, 0x00, 0x00,
  0x00, 0x00, 0x00, 0x00, 0x00, 0x00, 0x00, 0x00, 0x00, 0x00, 0x00, 0x00,
  0x00, 0x00, 0x00, 0x00, 0x00, 0x00, 0x00, 0x00, 0x00, 0x00, 0x00, 0x00,
  0x00, 0x00, 0x00, 0x00, 0x00, 0x00, 0x00, 0x00, 0x00, 0x00, 0x00, 0x00,
  0x00, 0x00, 0x00, 0x00, 0x00, 0x00, 0x00, 0x00, 0x00, 0x00, 0x00, 0x00,
  0x00, 0x00, 0x00, 0x00, 0x00, 0x00, 0x00, 0x00, 0x00, 0x00, 0x00, 0x00,
  0x00, 0x00, 0x00, 0x00, 0x00, 0x00, 0x00, 0x00, 0x00, 0x00, 0x00, 0x00,
  0x00, 0x00, 0x00, 0x00, 0x00, 0x00, 0x00, 0x00, 0x00, 0x00, 0x00, 0x00,
  0x00, 0x00, 0x00, 0x00, 0x00, 0x00, 0x00, 0x00, 0x00, 0x00, 0x00, 0x00,
  0xff, 0xff, 0xff, 0xff, 0xff, 0xff, 0xff, 0xff, 0xff, 0xff, 0xff, 0xff,
  0xff, 0xff, 0xff, 0xff, 0xff, 0xff, 0xff, 0xff, 0xff, 0xff, 0xff, 0xff,
  0xff, 0xff, 0xff, 0xff, 0xff, 0xff, 0xff, 0xff, 0xff, 0xff, 0xff, 0xff,
  0xff, 0xff, 0xff, 0xff, 0xff, 0xff, 0xff, 0xff, 0xff, 0xff, 0xff, 0xff,
  0xff, 0xff, 0xff, 0xff, 0xff, 0xff, 0xff, 0xff, 0xff, 0xff, 0xff, 0xff,
  0xff, 0xff, 0xff, 0xff, 0xff, 0xff, 0xff, 0xff, 0xff, 0xff, 0xff, 0xff,
  0xff, 0xff, 0xff, 0xff, 0xff, 0xff, 0xff, 0xff, 0xff, 0xff, 0xff, 0xff,
  0xff, 0xff, 0xff, 0xff, 0xff, 0xff, 0xff, 0xff, 0xff, 0xff, 0xff, 0xff,
  0xff, 0xff, 0xff, 0xff, 0xff, 0xff, 0xff, 0xff, 0xff, 0xff, 0xff, 0xff,
  0xff, 0xff, 0xff, 0xff, 0xff, 0xff, 0xff, 0xff, 0xff, 0xff, 0xff, 0xff,
  0xff, 0xff, 0xff, 0xff, 0xff, 0xff, 0xff, 0xff, 0x00, 0x00, 0x00, 0x00,
  0x00, 0x00, 0x00, 0x00, 0x00, 0x00, 0x00, 0x00, 0x00, 0x00, 0x00, 0x00,
  0x00, 0x00, 0x00, 0x00, 0x00, 0x00, 0x00, 0x00, 0x00, 0x00, 0x00, 0x00,
  0x00, 0x00, 0x00, 0x00, 0x00, 0x00, 0x00, 0x00, 0x00, 0x00, 0x00, 0x00,
  0x00, 0x00, 0x00, 0x00, 0x00, 0x00, 0x00, 0x00, 0x00, 0x00, 0x00, 0x00,
  0x00, 0x00, 0x00, 0x00, 0x00, 0x00, 0x00, 0x00, 0x00, 0x00, 0x00, 0x00,
  0x00, 0x00, 0x00, 0x00, 0x00, 0x00, 0x00, 0x00, 0x00, 0x00, 0x00, 0x00,
  0x00, 0x00, 0x00, 0x00, 0x00, 0x00, 0x00, 0x00, 0x00, 0x00, 0x00, 0x00,
  0x00, 0x00, 0x00, 0x00, 0x00, 0x00, 0x00, 0x00, 0x00, 0x00, 0x00, 0x00,
  0x00, 0x00, 0x00, 0x00, 0x00, 0x00, 0x00, 0x00, 0x00, 0x00, 0x00, 0x00,
  0x00, 0x00, 0x00, 0x00, 0x00, 0x00, 0x00, 0x00, 0x00, 0x00, 0x00, 0x00,
  0x00, 0x00, 0x00, 0x00, 0xff, 0xff, 0xff, 0xff, 0xff, 0xff, 0xff, 0xff,
  0xff, 0xff, 0xff, 0xff, 0xff, 0xff, 0xff, 0xff, 0xff, 0xff, 0xff, 0xff,
  0xff, 0xff, 0xff, 0xff, 0xff, 0xff, 0xff, 0xff, 0xff, 0xff, 0xff, 0xff,
  0xff, 0xff, 0xff, 0xff, 0xff, 0xff, 0xff, 0xff, 0xff, 0xff, 0xff, 0xff,
  0xff, 0xff, 0xff, 0xff, 0xff, 0xff, 0xff, 0xff, 0xff, 0xff, 0xff, 0xff,
  0xff, 0xff, 0xff, 0xff, 0xff, 0xff, 0xff, 0xff, 0xff, 0xff, 0xff, 0xff,
  0xff, 0xff, 0xff, 0xff, 0xff, 0xff, 0xff, 0xff, 0xff, 0xff, 0xff, 0xff,
  0xff, 0xff, 0xff, 0xff, 0xff, 0xff, 0xff, 0xff, 0xff, 0xff, 0xff, 0xff,
  0xff, 0xff, 0xff, 0xff, 0xff, 0xff, 0xff, 0xff, 0xff, 0xff, 0xff, 0xff,
  0xff, 0xff, 0xff, 0xff, 0xff, 0xff, 0xff, 0xff, 0xff, 0xff, 0xff, 0xff,
  0xff, 0xff, 0xff, 0xff, 0xff, 0xff, 0xff, 0xff, 0xff, 0xff, 0xff, 0xff,
  0x00, 0x00, 0x00, 0x00, 0x00, 0x00, 0x00, 0x00, 0x00, 0x00, 0x00, 0x00,
  0x00, 0x00, 0x00, 0x00, 0x00, 0x00, 0x00, 0x00, 0x00, 0x00, 0x00, 0x00,
  0x00, 0x00, 0x00, 0x00, 0x00, 0x00, 0x00, 0x00, 0x00, 0x00, 0x00, 0x00,
  0x00, 0x00, 0x00, 0x00, 0x00, 0x00, 0x00, 0x00, 0x00, 0x00, 0x00, 0x00,
  0x00, 0x00, 0x00, 0x00, 0x00, 0x00, 0x00, 0x00, 0x00, 0x00, 0x00, 0x00,
  0x00, 0x00, 0x00, 0x00, 0x00, 0x00, 0x00, 0x00, 0x00, 0x00, 0x00, 0x00,
  0x00, 0x00, 0x00, 0x00, 0x00, 0x00, 0x00, 0x00, 0x00, 0x00, 0x00, 0x00,
  0x00, 0x00, 0x00, 0x00, 0x00, 0x00, 0x00, 0x00, 0x00, 0x00, 0x00, 0x00,
  0x00, 0x00, 0x00, 0x00, 0x00, 0x00, 0x00, 0x00, 0x00, 0x00, 0x00, 0x00,
  0x00, 0x00, 0x00, 0x00, 0x00, 0x00, 0x00, 0x00, 0x00, 0x00, 0x00, 0x00,
  0x00, 0x00, 0x00, 0x00, 0x00, 0x00, 0x00, 0x00, 0xff, 0xff, 0xff, 0xff,
  0xff, 0xff, 0xff, 0xff, 0xff, 0xff, 0xff, 0xff, 0xff, 0xff, 0xff, 0xff,
  0xff, 0xff, 0xff, 0xff, 0xff, 0xff, 0xff, 0xff, 0xff, 0xff, 0xff, 0xff,
  0xff, 0xff, 0xff, 0xff, 0xff, 0xff, 0xff, 0xff, 0xff, 0xff, 0xff, 0xff,
  0xff, 0xff, 0xff, 0xff, 0xff, 0xff, 0xff, 0xff, 0xff, 0xff, 0xff, 0xff,
  0xff, 0xff, 0xff, 0xff, 0xff, 0xff, 0xff, 0xff, 0xff, 0xff, 0xff, 0xff,
  0xff, 0xff, 0xff, 0xff, 0xff, 0xff, 0xff, 0xff, 0xff, 0xff, 0xff, 0xff,
  0xff, 0xff, 0xff, 0xff, 0xff, 0xff, 0xff, 0xff, 0xff, 0xff, 0xff, 0xff,
  0xff, 0xff, 0xff, 0xff, 0xff, 0xff, 0xff, 0xff, 0xff, 0xff, 0xff, 0xff,
  0xff, 0xff, 0xff, 0xff, 0xff, 0xff, 0xff, 0xff, 0xff, 0xff, 0xff, 0xff,
  0xff, 0xff, 0xff, 0xff, 0xff, 0xff, 0xff, 0xff, 0xff, 0xff, 0xff, 0xff,
  0xff, 0xff, 0xff, 0xff, 0x00, 0x00, 0x00, 0x00, 0x00, 0x00, 0x00, 0x00,
  0x00, 0x00, 0x00, 0x00, 0x00, 0x00, 0x00, 0x00, 0x00, 0x00, 0x00, 0x00,
  0x00, 0x00, 0x00, 0x00, 0x00, 0x00, 0x00, 0x00, 0x00, 0x00, 0x00, 0x00,
  0x00, 0x00, 0x00, 0x00, 0x00, 0x00, 0x00, 0x00, 0x00, 0x00, 0x00, 0x00,
  0x00, 0x00, 0x00, 0x00, 0x00, 0x00, 0x00, 0x00, 0x00, 0x00, 0x00, 0x00,
  0x00, 0x00, 0x00, 0x00, 0x00, 0x00, 0x00, 0x00, 0x00, 0x00, 0x00, 0x00,
  0x00, 0x00, 0x00, 0x00, 0x00, 0x00, 0x00, 0x00, 0x00, 0x00, 0x00, 0x00,
  0x00, 0x00, 0x00, 0x00, 0x00, 0x00, 0x00, 0x00, 0x00, 0x00, 0x00, 0x00,
  0x00, 0x00, 0x00, 0x00, 0x00, 0x00, 0x00, 0x00, 0x00, 0x00, 0x00, 0x00,
  0x00, 0x00, 0x00, 0x00, 0x00, 0x00, 0x00, 0x00, 0x00, 0x00, 0x00, 0x00,
  0x00, 0x00, 0x00, 0x00, 0x00, 0x00, 0x00, 0x00, 0x00, 0x00, 0x00, 0x00,
  0x00, 0x44, 0x28, 0x10, 0x28, 0x44, 0x00, 0x00, 0x38, 0x78, 0x38, 0x38,
  0x38, 0x38, 0x7c, 0x00, 0x7c, 0x8e, 0x1e, 0x7c, 0xf0, 0xe0, 0xfe, 0x00,
  0x7c, 0x8e, 0x0e, 0x3c, 0x0e, 0x8e, 0x7c, 0x00, 0x1c, 0x38, 0x70, 0xe0,
  0xe4, 0xfe, 0x04, 0x00, 0x00, 0x00, 0x00, 0x00, 0x00, 0x00, 0x00, 0x00,
  0x00, 0x00, 0x00, 0x00, 0x00, 0x00, 0x00, 0x00, 0x00, 0x00, 0x00, 0x00,
  0x00, 0x00, 0x00, 0x00, 0x00, 0x00, 0x00, 0x00, 0x00, 0x00, 0x00, 0x00,
  0x00, 0x00, 0x00, 0x00, 0x00, 0x00, 0x00, 0x00, 0x00, 0x00, 0x00, 0x00,
  0x00, 0x00, 0x00, 0x00, 0x00, 0x00, 0x00, 0x00, 0x00, 0x00, 0x00, 0x00,
  0x00, 0x00, 0x00, 0x00, 0x00, 0x00, 0x00, 0x00, 0x00, 0x00, 0x00, 0x00,
  0x00, 0x00, 0x00, 0x00, 0x00, 0x00, 0x00, 0x00, 0x00, 0x00, 0x00, 0x00,
  0x00, 0x00, 0x00, 0x00, 0x00, 0x00, 0x00, 0x00, 0x00, 0x00, 0x00, 0x00,
  0x00, 0x00, 0x00, 0x00, 0x38, 0x38, 0x38, 0x38, 0x00, 0x38, 0x38, 0x00,
  0xee, 0xee, 0x88, 0x00, 0x00, 0x00, 0x00, 0x00, 0x74, 0x74, 0xfe, 0x74,
  0xfe, 0x74, 0x74, 0x00, 0x38, 0xfc, 0xe0, 0xfe, 0x0e, 0xfe, 0x38, 0x00,
  0xc6, 0xce, 0x1c, 0x38, 0x70, 0xe6, 0xc6, 0x00, 0x78, 0xe4, 0xf0, 0x7a,
  0xbc, 0x9c, 0x7a, 0x00, 0x38, 0x38, 0x20, 0x00, 0x00, 0x00, 0x00, 0x00,
  0x1c, 0x38, 0x38, 0x38, 0x38, 0x38, 0x1c, 0x00, 0x38, 0x1c, 0x1c, 0x1c,
  0x1c, 0x1c, 0x38, 0x00, 0x38, 0xba, 0x7c, 0x38, 0x7c, 0xba, 0x38, 0x00,
  0x00, 0x38, 0x38, 0xfe, 0x38, 0x38, 0x00, 0x00, 0x00, 0x00, 0x00, 0x00,
  0x00, 0x70, 0x60, 0x40, 0x00, 0x00, 0x00, 0xfe, 0x00, 0x00, 0x00, 0x00,
  0x00, 0x00, 0x00, 0x00, 0x00, 0x70, 0x70, 0x00, 0x06, 0x0e, 0x1c, 0x38,
  0x70, 0xe0, 0xc0, 0x00, 0x38, 0x64, 0xe2, 0xe2, 0xe2, 0x64, 0x38, 0x00,
  0x38, 0x78, 0x38, 0x38, 0x38, 0x38, 0x7c, 0x00, 0x7c, 0x8e, 0x1e, 0x7c,
  0xf0, 0xe0, 0xfe, 0x00, 0x7c, 0x8e, 0x0e, 0x3c, 0x0e, 0x8e, 0x7c, 0x00,
  0x1c, 0x38, 0x70, 0xe0, 0xe4, 0xfe, 0x04, 0x00, 0x7c, 0x40, 0x7c, 0x0e,
  0x0e, 0x8e, 0x7c, 0x00, 0x7c, 0xe0, 0xfc, 0xe2, 0xe2, 0xe2, 0x7c, 0x00,
  0xfe, 0x0e, 0x1c, 0x38, 0x38, 0x38, 0x38, 0x00, 0x7c, 0xe2, 0xe2, 0x7c,
  0xe2, 0xe2, 0x7c, 0x00, 0x7c, 0xe2, 0xe2, 0xe2, 0x7e, 0x02, 0x7c, 0x00,
  0x00, 0x00, 0x38, 0x38, 0x00, 0x38, 0x38, 0x00, 0x00, 0x00, 0x38, 0x38,
  0x00, 0x38, 0x38, 0x20, 0x1c, 0x38, 0x70, 0xe0, 0x70, 0x38, 0x1c, 0x00,
  0x00, 0x00, 0x00, 0xfe, 0x00, 0xfe, 0x00, 0x00, 0x70, 0x38, 0x1c, 0x0e,
  0x1c, 0x38, 0x70, 0x00, 0x7c, 0x8e, 0x0e, 0x1c, 0x38, 0x00, 0x38, 0x00,
  0x38, 0x44, 0x9a, 0xa2, 0x9a, 0x44, 0x38, 0x00, 0x38, 0x74, 0xe2, 0xe2,
  0xfe, 0xe2, 0xe2, 0x00, 0xfc, 0xe2, 0xe2, 0xfc, 0xe2, 0xe2, 0xfc, 0x00,
  0x38, 0x64, 0xe2, 0xe0, 0xe2, 0x64, 0x38, 0x00, 0xf8, 0xe4, 0xe2, 0xe2,
  0xe2, 0xe4, 0xf8, 0x00, 0xfe, 0xe0, 0xe0, 0xfc, 0xe0, 0xe0, 0xfe, 0x00,
  0xfe, 0xe0, 0xe0, 0xfc, 0xe0, 0xe0, 0xe0, 0x00, 0x38, 0x64, 0xe2, 0xe0,
  0xe6, 0x62, 0x3e, 0x00, 0xe2, 0xe2, 0xe2, 0xfe, 0xe2, 0xe2, 0xe2, 0x00,
  0x7c, 0x38, 0x38, 0x38, 0x38, 0x38, 0x7c, 0x00, 0x7e, 0x0e, 0x0e, 0x0e,
  0x8e, 0x4c, 0x38, 0x00, 0xe2, 0xe4, 0xe8, 0xf0, 0xe8, 0xe4, 0xe2, 0x00,
  0xe0, 0xe0, 0xe0, 0xe0, 0xe0, 0xe0, 0xfe, 0x00, 0xe2, 0xf6, 0xea, 0xea,
  0xe2, 0xe2, 0xe2, 0x00, 0xc2, 0xe2, 0xf2, 0xea, 0xe6, 0xe2, 0xe2, 0x00,
  0x38, 0x64, 0xe2, 0xe2, 0xe2, 0x64, 0x38, 0x00, 0xf8, 0xe4, 0xe2, 0xe4,
  0xf8, 0xe0, 0xe0, 0x00, 0x38, 0x64, 0xe2, 0xe2, 0xea, 0x64, 0x3a, 0x00,
  0xf8, 0xe4, 0xe2, 0xe4, 0xf8, 0xe4, 0xe2, 0x00, 0x78, 0xe4, 0xf0, 0x7c,
  0x1e, 0x8e, 0x7c, 0x00, 0xfe, 0x38, 0x38, 0x38, 0x38, 0x38, 0x38, 0x00,
  0xe2, 0xe2, 0xe2, 0xe2, 0xe2, 0xe2, 0x7c, 0x00, 0xe2, 0xe2, 0xe2, 0xe2,
  0x74, 0x38, 0x10, 0x00, 0xe2, 0xe2, 0xe2, 0xea, 0xea, 0xf6, 0xe2, 0x00,
  0xe2, 0xe2, 0x74, 0x38, 0x74, 0xe2, 0xe2, 0x00, 0xe2, 0xe2, 0x74, 0x38,
  0x38, 0x38, 0x38, 0x00, 0xfe, 0x1c, 0x38, 0x70, 0xe0, 0xe0, 0xfe, 0x00,
  0x7c, 0x70, 0x70, 0x70, 0x70, 0x70, 0x7c, 0x00, 0xc0, 0xe0, 0x70, 0x38,
  0x1c, 0x0e, 0x06, 0x00, 0x7c, 0x1c, 0x1c, 0x1c, 0x1c, 0x1c, 0x7c, 0x00,
  0x38, 0x74, 0xe2, 0x00, 0x00, 0x00, 0x00, 0x00, 0x00, 0x44, 0x28, 0x10,
  0x28, 0x44, 0x00, 0x00, 0x00, 0x00, 0x00, 0x00, 0x00, 0x00, 0x00, 0x00,
  0x00, 0x00, 0x3c, 0x0e, 0x7e, 0x8e, 0x7e, 0x00, 0xe0, 0xe0, 0xfc, 0xe2,
  0xe2, 0xe2, 0xfc, 0x00, 0x00, 0x00, 0x7c, 0xe2, 0xe0, 0xe2, 0x7c, 0x00,
  0x0e, 0x0e, 0x7e, 0x8e, 0x8e, 0x8e, 0x7e, 0x00, 0x00, 0x00, 0x7c, 0xe2,
  0xfe, 0xe0, 0x7c, 0x00, 0x00, 0x00, 0x3c, 0x72, 0x70, 0xfc, 0x70, 0x70,
  0x00, 0x00, 0x7e, 0x8e, 0x8e, 0x7e, 0x0e, 0x7c, 0xe0, 0xe0, 0xfc, 0xe2,
  0xe2, 0xe2, 0xe2, 0x00, 0x38, 0x00, 0xf8, 0x38, 0x38, 0x38, 0xfe, 0x00,
  0x0e, 0x00, 0x1e, 0x0e, 0x0e, 0x0e, 0x8e, 0x7c, 0xe0, 0xe0, 0xe2, 0xe4,
  0xe8, 0xf4, 0xe2, 0x00, 0xf8, 0x38, 0x38, 0x38, 0x38, 0x38, 0xfe, 0x00,
  0x00, 0x00, 0xf4, 0xea, 0xea, 0xea, 0xea, 0x00, 0x00, 0x00, 0xfc, 0xe2,
  0xe2, 0xe2, 0xe2, 0x00, 0x00, 0x00, 0x7c, 0xe2, 0xe2, 0xe2, 0x7c, 0x00,
  0x00, 0x00, 0xfc, 0xe2, 0xe2, 0xfc, 0xe0, 0xe0, 0x00, 0x00, 0x7e, 0x8e,
  0x8e, 0x7e, 0x0e, 0x0e, 0x00, 0x00, 0xfc, 0xe2, 0xe0, 0xe0, 0xe0, 0x00,
  0x00, 0x00, 0x7c, 0xe0, 0x7c, 0x0e, 0xfc, 0x00, 0x70, 0x70, 0xfc, 0x70,
  0x70, 0x72, 0x3c, 0x00, 0x00, 0x00, 0xe2, 0xe2, 0xe2, 0xe2, 0x7c, 0x00,
  0x00, 0x00, 0xe2, 0xe2, 0x74, 0x38, 0x10, 0x00, 0x00, 0x00, 0xe2, 0xe2,
  0xea, 0xf6, 0xe2, 0x00, 0x00, 0x00, 0xe2, 0x74, 0x38, 0x74, 0xe2, 0x00,
  0x00, 0x00, 0x8e, 0x8e, 0x8e, 0x7e, 0x0e, 0x7c, 0x00, 0x00, 0xfe, 0x1c,
  0x38, 0x70, 0xfe, 0x00, 0x7c, 0x00, 0x7c, 0xe2, 0xe2, 0xe2, 0x7c, 0x00,
  0x00, 0x00, 0x00, 0x00, 0x00, 0x00, 0x00, 0x00, 0x00, 0x00, 0x00, 0x00,
  0x00, 0x00, 0x00, 0x00, 0x00, 0x00, 0x00, 0x00, 0x00, 0x00, 0x00, 0x00,
  0x00, 0x00, 0x00, 0x00, 0x00, 0x00, 0x00, 0x00, 0x00, 0x00, 0x00, 0x00,
  0x00, 0x00, 0x00, 0x00, 0x00, 0x00, 0x00, 0x00, 0x00, 0x00, 0x00, 0x00,
  0x00, 0x7f, 0x40, 0x40, 0x41, 0x43, 0x47, 0x4f, 0x00, 0xff, 0x01, 0x81,
  0xc1, 0xe1, 0xf1, 0xf9, 0x00, 0x7f, 0x40, 0x40, 0x40, 0x40, 0x5f, 0x5f,
  0x00, 0xff, 0x01, 0x81, 0xc1, 0xe1, 0xf1, 0xf9, 0x00, 0x7f, 0x40, 0x40,
  0x41, 0x43, 0x47, 0x4f, 0x00, 0xff, 0x01, 0x81, 0x81, 0x81, 0xfd, 0xfd,
  0x00, 0x7f, 0x40, 0x43, 0x43, 0x43, 0x43, 0x43, 0x00, 0xff, 0x01, 0xe1,
  0xe1, 0xe1, 0xe1, 0xe1, 0x00, 0x00, 0x3f, 0x3f, 0x3f, 0x3f, 0x3f, 0x3e,
  0x00, 0x00, 0xfe, 0xfe, 0xfe, 0xfe, 0xfe, 0x3e, 0x00, 0x00, 0xff, 0xff,
  0xff, 0xff, 0xff, 0x00, 0x00, 0x00, 0x00, 0x00, 0x00, 0x00, 0x00, 0x00,
  0x00, 0x00, 0x00, 0x00, 0x00, 0x00, 0x00, 0x00, 0x00, 0x00, 0x00, 0x00,
  0x00, 0x00, 0x00, 0x00, 0x06, 0x05, 0x03, 0x0f, 0x1f, 0x3f, 0x3f, 0x3f,
  0xa0, 0xe0, 0xc0, 0xf0, 0x58, 0xac, 0xd4, 0xec, 0x00, 0x00, 0x03, 0x07,
  0x0f, 0x1f, 0x1f, 0x1f, 0x0c, 0xfe, 0xfa, 0xf4, 0xec, 0xf4, 0xec, 0xd4,
  0x70, 0x7c, 0x2b, 0x64, 0x44, 0x42, 0x22, 0x0f, 0x00, 0x00, 0x00, 0xc0,
  0x20, 0x10, 0x3c, 0x7e, 0x70, 0xfc, 0x88, 0x14, 0x01, 0x19, 0x1e, 0x07,
  0x00, 0x00, 0xc0, 0xf0, 0xbc, 0x8c, 0x30, 0xbc, 0x00, 0x00, 0x00, 0x00,
  0x00, 0x00, 0x00, 0x00, 0x00, 0x00, 0x00, 0x00, 0x00, 0x00, 0x00, 0x00,
  0x00, 0x00, 0x00, 0x00, 0x00, 0x00, 0x00, 0x00, 0x00, 0x00, 0x00, 0x00,
  0x00, 0x00, 0x00, 0x00, 0x00, 0x00, 0x00, 0x00, 0x00, 0x00, 0x00, 0x00,
  0x00, 0x00, 0x00, 0x00, 0x00, 0x00, 0x00, 0x00, 0x00, 0x00, 0x00, 0x00,
  0x00, 0x00, 0x00, 0x00, 0x00, 0x00, 0x00, 0x00, 0x00, 0x00, 0x00, 0x00,
  0x00, 0x00, 0x00, 0x00, 0x00, 0x00, 0x00, 0x00, 0x00, 0x00, 0x00, 0x00,
  0x00, 0x00, 0x00, 0x00, 0x5f, 0x43, 0x43, 0x43, 0x43, 0x43, 0x40, 0x7f,
  0xfd, 0xe1, 0xe1, 0xe1, 0xe1, 0xe1, 0x01, 0xff, 0x5f, 0x5f, 0x5f, 0x40,
  0x40, 0x40, 0x40, 0x7f, 0xfd, 0xf9, 0xf1, 0xe1, 0xc1, 0x81, 0x01, 0xff,
  0x5f, 0x4f, 0x47, 0x43, 0x41, 0x40, 0x40, 0x7f, 0xfd, 0xfd, 0xfd, 0x81,
  0x81, 0x81, 0x01, 0xff, 0x5f, 0x4f, 0x47, 0x43, 0x41, 0x40, 0x40, 0x7f,
  0xfd, 0xf9, 0xf1, 0xe1, 0xc1, 0x81, 0x01, 0xff, 0x3e, 0x3e, 0x3f, 0x3f,
  0x3f, 0x3f, 0x3f, 0x00, 0x3e, 0x3e, 0xfe, 0xfe, 0xfe, 0xfe, 0xfe, 0x00,
  0x3e, 0x3e, 0x3e, 0x3e, 0x3e, 0x3e, 0x3e, 0x3e, 0x00, 0x00, 0x00, 0x00,
  0x00, 0x00, 0x00, 0x00, 0x00, 0x00, 0x00, 0x00, 0x00, 0x00, 0x00, 0x00,
  0x00, 0x00, 0x00, 0x00, 0x00, 0x00, 0x00, 0x00, 0x3f, 0x3f, 0x1f, 0x1f,
  0x0f, 0x0a, 0x05, 0x03, 0xd4, 0xac, 0xd8, 0xa8, 0x50, 0xb0, 0x60, 0xc0,
  0x3f, 0x3f, 0x3f, 0x3f, 0x3e, 0x7d, 0x7f, 0x30, 0xa8, 0xd8, 0xa8, 0x50,
  0xa0, 0xc0, 0x00, 0x00, 0x1f, 0x3f, 0x3f, 0x3f, 0x3f, 0x3e, 0x1d, 0x0f,
  0xbf, 0xdd, 0x5f, 0xdd, 0x5b, 0xd6, 0xbc, 0x00, 0x31, 0x3c, 0x0f, 0x1b,
  0x18, 0x03, 0x03, 0x00, 0x8c, 0x66, 0x66, 0x18, 0xdb, 0xf3, 0x36, 0x06,
  0x00, 0x00, 0x00, 0x00, 0x00, 0x00, 0x00, 0x00, 0x00, 0x00, 0x00, 0x00,
  0x00, 0x00, 0x00, 0x00, 0x00, 0x00, 0x00, 0x00, 0x00, 0x00, 0x00, 0x00,
  0x00, 0x00, 0x00, 0x00, 0x00, 0x00, 0x00, 0x00, 0x00, 0x00, 0x00, 0x00,
  0x00, 0x00, 0x00, 0x00, 0x00, 0x00, 0x00, 0x00, 0x00, 0x00, 0x00, 0x00,
  0x00, 0x00, 0x00, 0x00, 0x00, 0x00, 0x00, 0x00, 0x00, 0x00, 0x00, 0x00,
  0x00, 0x00, 0x00, 0x00, 0x00, 0x00, 0x00, 0x00, 0x00, 0x00, 0x00, 0x00,
  0x00, 0x00, 0x00, 0x00, 0x00, 0x00, 0x00, 0x00, 0x00, 0x7f, 0x7f, 0x7f,
  0x7e, 0x7c, 0x78, 0x70, 0x00, 0xff, 0xff, 0x7f, 0x3f, 0x1f, 0x0f, 0x07,
  0x00, 0x7f, 0x7f, 0x7f, 0x7f, 0x7f, 0x60, 0x60, 0x00, 0xff, 0xff, 0x7f,
  0x3f, 0x1f, 0x0f, 0x07, 0x00, 0x7f, 0x7f, 0x7f, 0x7e, 0x7c, 0x78, 0x70,
  0x00, 0xff, 0xff, 0x7f, 0x7f, 0x7f, 0x03, 0x03, 0x00, 0x7f, 0x7f, 0x7c,
  0x7c, 0x7c, 0x7c, 0x7c, 0x00, 0xff, 0xff, 0x1f, 0x1f, 0x1f, 0x1f, 0x1f,
  0x00, 0x7f, 0x7f, 0x7f, 0x7f, 0x7e, 0x7c, 0x78, 0x00, 0xff, 0xff, 0xff,
  0x7f, 0x3f, 0x1f, 0x0f, 0x00, 0x7f, 0x7f, 0x7f, 0x7f, 0x7f, 0x7f, 0x7f,
  0x00, 0xff, 0xff, 0xff, 0xff, 0xff, 0xff, 0xff, 0xff, 0xff, 0xff, 0xff,
  0xff, 0xff, 0xff, 0xff, 0xff, 0xff, 0xff, 0xff, 0xff, 0xff, 0xff, 0xff,
  0x00, 0x00, 0x00, 0x00, 0x00, 0x00, 0x00, 0x00, 0x00, 0x00, 0x00, 0x00,
  0x00, 0x00, 0x00, 0x00, 0x00, 0x7f, 0x7f, 0x7f, 0x7e, 0x7c, 0x78, 0x70,
  0x00, 0xff, 0xff, 0x7f, 0x3f, 0x1f, 0x0f, 0x07, 0x00, 0x7f, 0x7f, 0x7f,
  0x7f, 0x7f, 0x60, 0x60, 0x00, 0xff, 0xff, 0x7f, 0x3f, 0x1f, 0x0f, 0x07,
  0x00, 0x7f, 0x7f, 0x7f, 0x7e, 0x7c, 0x78, 0x70, 0x00, 0xff, 0xff, 0x7f,
  0x7f, 0x7f, 0x03, 0x03, 0x00, 0x7f, 0x7f, 0x7c, 0x7c, 0x7c, 0x7c, 0x7c,
  0x00, 0xff, 0xff, 0x1f, 0x1f, 0x1f, 0x1f, 0x1f, 0x00, 0x7f, 0x7f, 0x7f,
  0x7f, 0x7e, 0x7c, 0x78, 0x00, 0xff, 0xff, 0xff, 0x7f, 0x3f, 0x1f, 0x0f,
  0x00, 0x7f, 0x7f, 0x7f, 0x7f, 0x7f, 0x7f, 0x7f, 0x00, 0xff, 0xff, 0xff,
  0xff, 0xff, 0xff, 0xff, 0xff, 0xff, 0xff, 0xff, 0xff, 0xff, 0xff, 0xff,
  0xff, 0xff, 0xff, 0xff, 0xff, 0xff, 0xff, 0xff, 0x00, 0x00, 0x00, 0x00,
  0x00, 0x00, 0x00, 0x00, 0x00, 0x00, 0x00, 0x00, 0x00, 0x00, 0x00, 0x00,
  0x60, 0x7c, 0x7c, 0x7c, 0x7c, 0x7c, 0x7f, 0x7f, 0x03, 0x1f, 0x1f, 0x1f,
  0x1f, 0x1f, 0xff, 0xff, 0x60, 0x60, 0x60, 0x7f, 0x7f, 0x7f, 0x7f, 0x7f,
  0x03, 0x07, 0x0f, 0x1f, 0x3f, 0x7f, 0xff, 0xff, 0x60, 0x70, 0x78, 0x7c,
  0x7e, 0x7f, 0x7f, 0x7f, 0x03, 0x03, 0x03, 0x7f, 0x7f, 0x7f, 0xff, 0xff,
  0x60, 0x70, 0x78, 0x7c, 0x7e, 0x7f, 0x7f, 0x7f, 0x03, 0x07, 0x0f, 0x1f,
  0x3f, 0x7f, 0xff, 0xff, 0x70, 0x78, 0x7c, 0x7e, 0x7f, 0x7f, 0x7f, 0x7f,
  0x07, 0x0f, 0x1f, 0x3f, 0x7f, 0xff, 0xff, 0xff, 0x7f, 0x7f, 0x7f, 0x7f,
  0x7f, 0x7f, 0x7f, 0x7f, 0xff, 0xff, 0xff, 0xff, 0xff, 0xff, 0xff, 0xff,
  0xff, 0xff, 0xff, 0xff, 0xff, 0xff, 0xff, 0xff, 0xff, 0xff, 0xff, 0xff,
  0xff, 0xff, 0xff, 0xff, 0x00, 0x00, 0x00, 0x00, 0x00, 0x00, 0x00, 0x00,
  0x00, 0x00, 0x00, 0x00, 0x00, 0x00, 0x00, 0x00, 0x60, 0x7c, 0x7c, 0x7c,
  0x7c, 0x7c, 0x7f, 0x7f, 0x03, 0x1f, 0x1f, 0x1f, 0x1f, 0x1f, 0xff, 0xff,
  0x60, 0x60, 0x60, 0x7f, 0x7f, 0x7f, 0x7f, 0x7f, 0x03, 0x07, 0x0f, 0x1f,
  0x3f, 0x7f, 0xff, 0xff, 0x60, 0x70, 0x78, 0x7c, 0x7e, 0x7f, 0x7f, 0x7f,
  0x03, 0x03, 0x03, 0x7f, 0x7f, 0x7f, 0xff, 0xff, 0x60, 0x70, 0x78, 0x7c,
  0x7e, 0x7f, 0x7f, 0x7f, 0x03, 0x07, 0x0f, 0x1f, 0x3f, 0x7f, 0xff, 0xff,
  0x70, 0x78, 0x7c, 0x7e, 0x7f, 0x7f, 0x7f, 0x7f, 0x07, 0x0f, 0x1f, 0x3f,
  0x7f, 0xff, 0xff, 0xff, 0x7f, 0x7f, 0x7f, 0x7f, 0x7f, 0x7f, 0x7f, 0x7f,
  0xff, 0xff, 0xff, 0xff, 0xff, 0xff, 0xff, 0xff, 0xff, 0xff, 0xff, 0xff,
  0xff, 0xff, 0xff, 0xff, 0xff, 0xff, 0xff, 0xff, 0xff, 0xff, 0xff, 0xff,
  0xf1, 0xf1, 0xf1, 0xf1, 0xf1, 0xf1, 0xf1, 0xf1, 0xf1, 0xf1, 0xf1, 0xf1,
  0xf1, 0xf1, 0xf1, 0xf1, 0xf1, 0xf1, 0xf1, 0xf1, 0xf1, 0xf1, 0xf1, 0xf1,
  0xf1, 0xf1, 0xf1, 0xf1, 0xf1, 0xf1, 0xf1, 0xf1, 0xf1, 0xf1, 0xf1, 0xf1,
  0xf1, 0xf1, 0xf1, 0xf1, 0xf1, 0xf1, 0xf1, 0xf1, 0xf1, 0xf1, 0xf1, 0xf1,
  0xf1, 0xf1, 0xf1, 0xf1, 0xf1, 0xf1, 0xf1, 0xf1, 0xf1, 0xf1, 0xf1, 0xf1,
  0xf1, 0xf1, 0xf1, 0xf1, 0xf1, 0xf1, 0xf1, 0xf1, 0xf1, 0xf1, 0xf1, 0xf1,
  0xf1, 0xf1, 0xf1, 0xf1, 0xf1, 0xf1, 0xf1, 0xf1, 0xf1, 0xf1, 0xf1, 0xf1,
  0xf1, 0xf1, 0xf1, 0xf1, 0xf1, 0xf1, 0xf1, 0xf1, 0xf1, 0xf1, 0xf1, 0xf1,
  0xf1, 0xf1, 0xf1, 0xf1, 0xf1, 0xf1, 0xf1, 0xf1, 0xf1, 0xf1, 0xf1, 0xf1,
  0xf1, 0xf1, 0xf1, 0xf1, 0xf1, 0xf1, 0xf1, 0xf1, 0xf1, 0xf1, 0xf1, 0xf1,
  0xf1, 0xf1, 0xf1, 0xf1, 0xf1, 0xf1, 0xf1, 0xf1, 0xa1, 0xa1, 0xa1, 0xa1,
  0xa1, 0xa1, 0xa1, 0xa1, 0xa1, 0xa1, 0xa1, 0xa1, 0xa1, 0xa1, 0xa1, 0xa1,
  0xa1, 0xa1, 0xa1, 0xa1, 0xa1, 0xa1, 0xa1, 0xa1, 0xa1, 0xa1, 0xa1, 0xa1,
  0xa1, 0xa1, 0xa1, 0xa1, 0xa1, 0xa1, 0xa1, 0xa1, 0xa1, 0xa1, 0xa1, 0xa1,
  0xf1, 0xf1, 0xf1, 0xf1, 0xf1, 0xf1, 0xf1, 0xf1, 0xf1, 0xf1, 0xf1, 0xf1,
  0xf1, 0xf1, 0xf1, 0xf1, 0xf1, 0xf1, 0xf1, 0xf1, 0xf1, 0xf1, 0xf1, 0xf1,
  0xf1, 0xf1, 0xf1, 0xf1, 0xf1, 0xf1, 0xf1, 0xf1, 0xf1, 0xf1, 0xf1, 0xf1,
  0xf1, 0xf1, 0xf1, 0xf1, 0xf1, 0xf1, 0xf1, 0xf1, 0xf1, 0xf1, 0xf1, 0xf1,
  0xf1, 0xf1, 0xf1, 0xf1, 0xf1, 0xf1, 0xf1, 0xf1, 0xf1, 0xf1, 0xf1, 0xf1,
  0xf1, 0xf1, 0xf1, 0xf1, 0xf1, 0xf1, 0xf1, 0xf1, 0xf1, 0xf1, 0xf1, 0xf1,
  0xf1, 0xf1, 0xf1, 0xf1, 0xf1, 0xf1, 0xf1, 0xf1, 0xf1, 0xf1, 0xf1, 0xf1,
  0xf1, 0xf1, 0xf1, 0xf1, 0xf1, 0xf1, 0xf1, 0xf1, 0xf1, 0xe1, 0xe1, 0xe1,
  0xf1, 0xf1, 0xf1, 0xf1, 0xf1, 0xe1, 0xe1, 0xe1, 0xf1, 0xf1, 0xf1, 0xf1,
  0xf1, 0xe1, 0xe1, 0xe1, 0xf1, 0xf1, 0xf1, 0xf1, 0xf1, 0xe1, 0xe1, 0xe1,
  0xf1, 0xf1, 0xf1, 0xf1, 0xf1, 0xe1, 0xe1, 0xe1, 0xf1, 0xf1, 0xf1, 0xf1,
  0xf1, 0xe1, 0xe1, 0xe1, 0xf1, 0xf1, 0xf1, 0xf1, 0xf1, 0xe1, 0xe1, 0xe1,
  0xf1, 0xf1, 0xf1, 0xf1, 0xf1, 0xe1, 0xe1, 0xe1, 0xf1, 0xf1, 0xf1, 0xf1,
  0xf1, 0xe1, 0xe1, 0xe1, 0xf1, 0xf1, 0xf1, 0xf1, 0xf1, 0xe1, 0xe1, 0xe1,
  0xf1, 0xf1, 0xf1, 0xf1, 0xf1, 0xe1, 0xe1, 0xe1, 0xf1, 0xf1, 0xf1, 0xf1,
  0xf1, 0xe1, 0xe1, 0xe1, 0xf1, 0xf1, 0xf1, 0xf1, 0xf1, 0xe1, 0xe1, 0xe1,
  0xf1, 0xf1, 0xf1, 0xf1, 0xf1, 0xe1, 0xe1, 0xe1, 0xf1, 0xf1, 0xf1, 0xf1,
  0xf1, 0xe1, 0xe1, 0xe1, 0xf1, 0xf1, 0xf1, 0xf1, 0xf1, 0xe1, 0xe1, 0xe1,
  0xf1, 0xf1, 0xf1, 0xf1, 0xf1, 0xe1, 0xe1, 0xe1, 0xf1, 0xf1, 0xf1, 0xf1,
  0xf1, 0xe1, 0xe1, 0xe1, 0xf1, 0xf1, 0xf1, 0xf1, 0xf1, 0xe1, 0xe1, 0xe1,
  0xf1, 0xf1, 0xf1, 0xf1, 0xf1, 0xe1, 0xe1, 0xe1, 0xf1, 0xf1, 0xf1, 0xf1,
  0xf1, 0xe1, 0xe1, 0xe1, 0xf1, 0xf1, 0xf1, 0xf1, 0xf1, 0xe1, 0xe1, 0xe1,
  0xf1, 0xf1, 0xf1, 0xf1, 0xf1, 0xe1, 0xe1, 0xe1, 0xf1, 0xf1, 0xf1, 0xf1,
  0xf1, 0xe1, 0xe1, 0xe1, 0xf1, 0xf1, 0xf1, 0xf1, 0xf1, 0xe1, 0xe1, 0xe1,
  0xf1, 0xf1, 0xf1, 0xf1, 0xf1, 0xe1, 0xe1, 0xe1, 0xf1, 0xf1, 0xf1, 0xf1,
  0xf1, 0xe1, 0xe1, 0xe1, 0xf1, 0xf1, 0xf1, 0xf1, 0xf1, 0xe1, 0xe1, 0xe1,
  0xf1, 0xf1, 0xf1, 0xf1, 0xf1, 0xe1, 0xe1, 0xe1, 0xf1, 0xf1, 0xf1, 0xf1,
  0xf1, 0xe1, 0xe1, 0xe1, 0xf1, 0xf1, 0xf1, 0xf1, 0xf1, 0xe1, 0xe1, 0xe1,
  0xf1, 0xf1, 0xf1, 0xf1, 0xf1, 0xe1, 0xe1, 0xe1, 0xf1, 0xf1, 0xf1, 0xf1,
  0xf1, 0xe1, 0xe1, 0xe1, 0xf1, 0xf1, 0xf1, 0xf1, 0xf1, 0xe1, 0xe1, 0xe1,
  0xf1, 0xf1, 0xf1, 0xf1, 0xf1, 0xe1, 0xe1, 0xe1, 0xf1, 0xf1, 0xf1, 0xf1,
  0xf1, 0xe1, 0xe1, 0xe1, 0xf1, 0xf1, 0xf1, 0xf1, 0xf1, 0xe1, 0xe1, 0xe1,
  0xf1, 0xf1, 0xf1, 0xf1, 0xf1, 0xe1, 0xe1, 0xe1, 0xf1, 0xf1, 0xf1, 0xf1,
  0xf1, 0xe1, 0xe1, 0xe1, 0xf1, 0xf1, 0xf1, 0xf1, 0xf1, 0xe1, 0xe1, 0xe1,
  0xf1, 0xf1, 0xf1, 0xf1, 0xf1, 0xe1, 0xe1, 0xe1, 0xf1, 0xf1, 0xf1, 0xf1,
  0xf1, 0xe1, 0xe1, 0xe1, 0xf1, 0xf1, 0xf1, 0xf1, 0xf1, 0xe1, 0xe1, 0xe1,
  0xf1, 0xf1, 0xf1, 0xf1, 0xf1, 0xe1, 0xe1, 0xe1, 0xf1, 0xf1, 0xf1, 0xf1,
  0xf1, 0xe1, 0xe1, 0xe1, 0xf1, 0xf1, 0xf1, 0xf1, 0xf1, 0xe1, 0xe1, 0xe1,
  0xf1, 0xf1, 0xf1, 0xf1, 0xf1, 0xe1, 0xe1, 0xe1, 0xf1, 0xf1, 0xf1, 0xf1,
  0xf1, 0xe1, 0xe1, 0xe1, 0xf1, 0xf1, 0xf1, 0xf1, 0xf1, 0xe1, 0xe1, 0xe1,
  0xf1, 0xf1, 0xf1, 0xf1, 0xf1, 0xe1, 0xe1, 0xe1, 0xf1, 0xf1, 0xf1, 0xf1,
  0xf1, 0xe1, 0xe1, 0xe1, 0xf1, 0xf1, 0xf1, 0xf1, 0xf1, 0xe1, 0xe1, 0xe1,
  0xf1, 0xf1, 0xf1, 0xf1, 0xf1, 0xe1, 0xe1, 0xe1, 0xf1, 0xf1, 0xf1, 0xf1,
  0xf1, 0xe1, 0xe1, 0xe1, 0xf1, 0xf1, 0xf1, 0xf1, 0xf1, 0xe1, 0xe1, 0xe1,
  0xf1, 0xf1, 0xf1, 0xf1, 0xf1, 0xe1, 0xe1, 0xe1, 0xf1, 0xf1, 0xf1, 0xf1,
  0xf1, 0xe1, 0xe1, 0xe1, 0xf1, 0xf1, 0xf1, 0xf1, 0xf1, 0xe1, 0xe1, 0xe1,
  0xf1, 0xf1, 0xf1, 0xf1, 0xf1, 0xe1, 0xe1, 0xe1, 0xf1, 0xf1, 0xf1, 0xf1,
  0xf1, 0xe1, 0xe1, 0xe1, 0xf1, 0xf1, 0xf1, 0xf1, 0xf1, 0xe1, 0xe1, 0xe1,
  0xf1, 0xf1, 0xf1, 0xf1, 0xf1, 0xe1, 0xe1, 0xe1, 0xf1, 0xf1, 0xf1, 0xf1,
  0xf1, 0xe1, 0xe1, 0xe1, 0xf1, 0xf1, 0xf1, 0xf1, 0xf1, 0xe1, 0xe1, 0xe1,
  0xf1, 0xf1, 0xf1, 0xf1, 0xf1, 0xe1, 0xe1, 0xe1, 0xf1, 0xf1, 0xf1, 0xf1,
  0xf1, 0xe1, 0xe1, 0xe1, 0xf1, 0xf1, 0xf1, 0xf1, 0xf1, 0xe1, 0xe1, 0xe1,
  0xf1, 0xf1, 0xf1, 0xf1, 0xf1, 0xe1, 0xe1, 0xe1, 0xf1, 0xf1, 0xf1, 0xf1,
  0xf1, 0xe1, 0xe1, 0xe1, 0xf1, 0xf1, 0xf1, 0xf1, 0xf1, 0xe1, 0xe1, 0xe1,
  0xf1, 0xf1, 0xf1, 0xf1, 0xf1, 0xe1, 0xe1, 0xe1, 0xf1, 0xf1, 0xf1, 0xf1,
  0xf1, 0xe1, 0xe1, 0xe1, 0xf1, 0xf1, 0xf1, 0xf1, 0xf1, 0xe1, 0xe1, 0xe1,
  0xf1, 0xf1, 0xf1, 0xf1, 0xf1, 0xe1, 0xe1, 0xe1, 0xf1, 0xf1, 0xf1, 0xf1,
  0xf1, 0xe1, 0xe1, 0xe1, 0xf1, 0xf1, 0xf1, 0xf1, 0xf1, 0xe1, 0xe1, 0xe1,
  0xf1, 0xf1, 0xf1, 0xf1, 0xf1, 0xe1, 0xe1, 0xe1, 0xf1, 0xf1, 0xf1, 0xf1,
  0xf1, 0xe1, 0xe1, 0xe1, 0xf1, 0xf1, 0xf1, 0xf1, 0xf1, 0xe1, 0xe1, 0xe1,
  0xf1, 0xf1, 0xf1, 0xf1, 0xf1, 0xe1, 0xe1, 0xe1, 0xf1, 0xf1, 0xf1, 0xf1,
  0xf1, 0xe1, 0xe1, 0xe1, 0xf1, 0xf1, 0xf1, 0xf1, 0xf1, 0xe1, 0xe1, 0xe1,
  0xf1, 0xf1, 0xf1, 0xf1, 0xf1, 0xe1, 0xe1, 0xe1, 0xf1, 0xf1, 0xf1, 0xf1,
  0xf1, 0xe1, 0xe1, 0xe1, 0xf1, 0xf1, 0xf1, 0xf1, 0xf1, 0xe1, 0xe1, 0xe1,
  0xf1, 0xf1, 0xf1, 0xf1, 0xf1, 0xe1, 0xe1, 0xe1, 0xf1, 0xf1, 0xf1, 0xf1,
  0xf1, 0xe1, 0xe1, 0xe1, 0xf1, 0xf1, 0xf1, 0xf1, 0xf1, 0xe1, 0xe1, 0xe1,
  0xf1, 0xf1, 0xf1, 0xf1, 0xf1, 0xe1, 0xe1, 0xe1, 0xf1, 0xf1, 0xf1, 0xf1,
  0xf1, 0xe1, 0xe1, 0xe1, 0xf1, 0xf1, 0xf1, 0xf1, 0xf1, 0xe1, 0xe1, 0xe1,
  0xf1, 0xf1, 0xf1, 0xf1, 0xf1, 0xe1, 0xe1, 0xe1, 0xf1, 0xf1, 0xf1, 0xf1,
  0xf1, 0xe1, 0xe1, 0xe1, 0xf1, 0xf1, 0xf1, 0xf1, 0xf1, 0xe1, 0xe1, 0xe1,
  0xf1, 0xf1, 0xf1, 0xf1, 0xf1, 0xe1, 0xe1, 0xe1, 0xf1, 0xf1, 0xf1, 0xf1,
  0xf1, 0xe1, 0xe1, 0xe1, 0x41, 0x41, 0x41, 0x41, 0x41, 0x41, 0x41, 0x41,
  0x41, 0x41, 0x41, 0x41, 0x41, 0x41, 0x41, 0x41, 0x41, 0x41, 0x41, 0x41,
  0x41, 0x41, 0x41, 0x41, 0x41, 0x41, 0x41, 0x41, 0x41, 0x41, 0x41, 0x41,
  0x41, 0x41, 0x41, 0x41, 0x41, 0x41, 0x41, 0x41, 0x41, 0x41, 0x41, 0x41,
  0x41, 0x41, 0x41, 0x41, 0x41, 0x41, 0x41, 0x41, 0x41, 0x41, 0x41, 0x41,
  0x41, 0x41, 0x41, 0x41, 0x41, 0x41, 0x41, 0x41, 0x41, 0x41, 0x41, 0x41,
  0x41, 0x41, 0x41, 0x41, 0x41, 0x41, 0x41, 0x41, 0x41, 0x41, 0x41, 0x41,
  0x41, 0x41, 0x41, 0x41, 0x41, 0x41, 0x41, 0x41, 0x41, 0x41, 0x41, 0x41,
  0x41, 0x41, 0x41, 0x41, 0x41, 0x41, 0x41, 0x41, 0x41, 0x41, 0x41, 0x41,
  0x41, 0x41, 0x41, 0x41, 0x41, 0x41, 0x41, 0x41, 0x41, 0x41, 0x41, 0x41,
  0x41, 0x41, 0x41, 0x41, 0x41, 0x41, 0x41, 0x41, 0x41, 0x41, 0x41, 0x41,
  0xc1, 0xc1, 0xc1, 0x81, 0x81, 0x81, 0x81, 0x81, 0xc1, 0xc1, 0xc1, 0x81,
  0x81, 0x81, 0x81, 0x81, 0xa1, 0xa1, 0xa1, 0xa1, 0xa1, 0xa1, 0xa1, 0xa1,
  0xa1, 0xa1, 0xa1, 0xa1, 0xa1, 0xa1, 0xa1, 0xa1, 0x21, 0x21, 0x21, 0x21,
  0x21, 0x21, 0x21, 0x81, 0x21, 0x21, 0x21, 0x21, 0x21, 0x21, 0x81, 0x81,
  0xc1, 0xc1, 0xc1, 0xc1, 0xd1, 0xd1, 0xd1, 0xd1, 0xd1, 0xd1, 0xd1, 0xd1,
  0xd1, 0xd1, 0xd1, 0xd1, 0x41, 0x41, 0x41, 0x41, 0x41, 0x41, 0x41, 0x41,
  0x41, 0x41, 0x41, 0x41, 0x41, 0x41, 0x41, 0x41, 0x41, 0x41, 0x41, 0x41,
  0x41, 0x41, 0x41, 0x41, 0x41, 0x41, 0x41, 0x41, 0x41, 0x41, 0x41, 0x41,
  0x41, 0x41, 0x41, 0x41, 0x41, 0x41, 0x41, 0x41, 0x41, 0x41, 0x41, 0x41,
  0x41, 0x41, 0x41, 0x41, 0x41, 0x41, 0x41, 0x41, 0x41, 0x41, 0x41, 0x41,
  0x41, 0x41, 0x41, 0x41, 0x41, 0x41, 0x41, 0x41, 0x41, 0x41, 0x41, 0x41,
  0x41, 0x41, 0x41, 0x41, 0x41, 0x41, 0x41, 0x41, 0x41, 0x41, 0x41, 0x41,
  0x41, 0x41, 0x41, 0x41, 0x41, 0x41, 0x41, 0x41, 0x41, 0x41, 0x41, 0x41,
  0x41, 0x41, 0x41, 0x41, 0x41, 0x41, 0x41, 0x41, 0x41, 0x41, 0x41, 0x41,
  0x41, 0x41, 0x41, 0x41, 0x41, 0x41, 0x41, 0x41, 0x41, 0x41, 0x41, 0x41,
  0x41, 0x41, 0x41, 0x41, 0x41, 0x41, 0x41, 0x41, 0x41, 0x41, 0x41, 0x41,
  0x41, 0x41, 0x41, 0x41, 0x41, 0x41, 0x41, 0x41, 0x41, 0x41, 0x41, 0x41,
  0x41, 0x41, 0x41, 0x41, 0x41, 0x41, 0x41, 0x41, 0x41, 0x41, 0x41, 0x41,
  0x41, 0x41, 0x41, 0x41, 0x41, 0x41, 0x41, 0x41, 0x41, 0x41, 0x41, 0x41,
  0x41, 0x41, 0x41, 0x41, 0x41, 0x41, 0x41, 0x41, 0x41, 0x41, 0x41, 0x41,
  0x41, 0x41, 0x41, 0x41, 0x41, 0x41, 0x41, 0x41, 0x41, 0x41, 0x41, 0x41,
  0x41, 0x41, 0x41, 0x41, 0x81, 0x81, 0x81, 0x81, 0x81, 0x81, 0x81, 0x81,
  0x81, 0x81, 0x81, 0x81, 0x81, 0x81, 0x81, 0x81, 0xa1, 0xa1, 0xa1, 0xa1,
  0xa1, 0xa1, 0xa1, 0xa1, 0xa1, 0xa1, 0xa1, 0xa1, 0xa1, 0xa1, 0xa1, 0xa1,
  0x81, 0x81, 0x81, 0x81, 0x81, 0x81, 0x81, 0x81, 0x81, 0x81, 0x81, 0x81,
  0x81, 0x81, 0x81, 0x81, 0xd1, 0xd1, 0xd1, 0xd1, 0xd1, 0xd1, 0xd1, 0xd1,
  0xd1, 0xd1, 0xd1, 0xd1, 0xd1, 0xd1, 0xd1, 0xd1, 0x41, 0x41, 0x41, 0x41,
  0x41, 0x41, 0x41, 0x41, 0x41, 0x41, 0x41, 0x41, 0x41, 0x41, 0x41, 0x41,
  0x41, 0x41, 0x41, 0x41, 0x41, 0x41, 0x41, 0x41, 0x41, 0x41, 0x41, 0x41,
  0x41, 0x41, 0x41, 0x41, 0x41, 0x41, 0x41, 0x41, 0x41, 0x41, 0x41, 0x41,
  0x41, 0x41, 0x41, 0x41, 0x41, 0x41, 0x41, 0x41, 0x41, 0x41, 0x41, 0x41,
  0x41, 0x41, 0x41, 0x41, 0x41, 0x41, 0x41, 0x41, 0x41, 0x41, 0x41, 0x41,
  0x21, 0x31, 0x21, 0x21, 0x21, 0x21, 0x21, 0x21, 0x21, 0x31, 0x21, 0x21,
  0x21, 0x21, 0x21, 0x21, 0x21, 0x31, 0x21, 0x21, 0x21, 0x21, 0x21, 0x21,
  0x21, 0x31, 0x21, 0x21, 0x21, 0x21, 0x21, 0x21, 0x21, 0x31, 0x21, 0x21,
  0x21, 0x21, 0x21, 0x21, 0x21, 0x31, 0x21, 0x21, 0x21, 0x21, 0x21, 0x21,
  0x21, 0x31, 0x21, 0x21, 0x21, 0x21, 0x21, 0x21, 0x21, 0x31, 0x21, 0x21,
  0x21, 0x21, 0x21, 0x21, 0x21, 0x31, 0x21, 0x21, 0x21, 0x21, 0x21, 0x21,
  0x21, 0x31, 0x21, 0x21, 0x21, 0x21, 0x21, 0x21, 0x21, 0x31, 0x21, 0x21,
  0x21, 0x21, 0x21, 0x21, 0x21, 0x31, 0x21, 0x21, 0x21, 0x21, 0x21, 0x21,
  0x21, 0x31, 0x21, 0x21, 0x21, 0x21, 0x21, 0x21, 0x21, 0x31, 0x21, 0x21,
  0x21, 0x21, 0x21, 0x21, 0xf1, 0xf1, 0xf1, 0xf1, 0xf1, 0xf1, 0xf1, 0xf1,
  0xf1, 0xf1, 0xf1, 0xf1, 0xf1, 0xf1, 0xf1, 0xf1, 0x81, 0x91, 0x81, 0x81,
  0x81, 0x81, 0x81, 0x81, 0x81, 0x91, 0x81, 0x81, 0x81, 0x81, 0x81, 0x81,
  0x81, 0x91, 0x81, 0x81, 0x81, 0x81, 0x81, 0x81, 0x81, 0x91, 0x81, 0x81,
  0x81, 0x81, 0x81, 0x81, 0x81, 0x91, 0x81, 0x81, 0x81, 0x81, 0x81, 0x81,
  0x81, 0x91, 0x81, 0x81, 0x81, 0x81, 0x81, 0x81, 0x81, 0x91, 0x81, 0x81,
  0x81, 0x81, 0x81, 0x81, 0x81, 0x91, 0x81, 0x81, 0x81, 0x81, 0x81, 0x81,
  0x81, 0x91, 0x81, 0x81, 0x81, 0x81, 0x81, 0x81, 0x81, 0x91, 0x81, 0x81,
  0x81, 0x81, 0x81, 0x81, 0x81, 0x91, 0x81, 0x81, 0x81, 0x81, 0x81, 0x81,
  0x81, 0x91, 0x81, 0x81, 0x81, 0x81, 0x81, 0x81, 0x81, 0x91, 0x81, 0x81,
  0x81, 0x81, 0x81, 0x81, 0x81, 0x91, 0x81, 0x81, 0x81, 0x81, 0x81, 0x81,
  0xf1, 0xf1, 0xf1, 0xf1, 0xf1, 0xf1, 0xf1, 0xf1, 0xf1, 0xf1, 0xf1, 0xf1,
  0xf1, 0xf1, 0xf1, 0xf1, 0x21, 0x21, 0x21, 0x21, 0x21, 0x21, 0x21, 0xc1,
  0x21, 0x21, 0x21, 0x21, 0x21, 0x21, 0x21, 0xc1, 0x21, 0x21, 0x21, 0x21,
  0x21, 0x21, 0x21, 0xc1, 0x21, 0x21, 0x21, 0x21, 0x21, 0x21, 0x21, 0xc1,
  0x21, 0x21, 0x21, 0x21, 0x21, 0x21, 0x21, 0xc1, 0x21, 0x21, 0x21, 0x21,
  0x21, 0x21, 0x21, 0xc1, 0x21, 0x21, 0x21, 0x21, 0x21, 0x21, 0x21, 0xc1,
  0x21, 0x21, 0x21, 0x21, 0x21, 0x21, 0x21, 0xc1, 0x21, 0x21, 0x21, 0x21,
  0x21, 0x21, 0x21, 0xc1, 0x21, 0x21, 0x21, 0x21, 0x21, 0x21, 0x21, 0xc1,
  0x21, 0x21, 0x21, 0x21, 0x21, 0x21, 0x21, 0xc1, 0x21, 0x21, 0x21, 0x21,
  0x21, 0x21, 0x21, 0xc1, 0x21, 0x21, 0x21, 0x21, 0x21, 0x21, 0x21, 0xc1,
  0x21, 0x21, 0x21, 0x21, 0x21, 0x21, 0x21, 0xc1, 0xf1, 0xf1, 0xf1, 0xf1,
  0xf1, 0xf1, 0xf1, 0xf1, 0xf1, 0xf1, 0xf1, 0xf1, 0xf1, 0xf1, 0xf1, 0xf1,
  0x81, 0x81, 0x81, 0x81, 0x81, 0x81, 0x81, 0x61, 0x81, 0x81, 0x81, 0x81,
  0x81, 0x81, 0x81, 0x61, 0x81, 0x81, 0x81, 0x81, 0x81, 0x81, 0x81, 0x61,
  0x81, 0x81, 0x81, 0x81, 0x81, 0x81, 0x81, 0x61, 0x81, 0x81, 0x81, 0x81,
  0x81, 0x81, 0x81, 0x61, 0x81, 0x81, 0x81, 0x81, 0x81, 0x81, 0x81, 0x61,
  0x81, 0x81, 0x81, 0x81, 0x81, 0x81, 0x81, 0x61, 0x81, 0x81, 0x81, 0x81,
  0x81, 0x81, 0x81, 0x61, 0x81, 0x81, 0x81, 0x81, 0x81, 0x81, 0x81, 0x61,
  0x81, 0x81, 0x81, 0x81, 0x81, 0x81, 0x81, 0x61, 0x81, 0x81, 0x81, 0x81,
  0x81, 0x81, 0x81, 0x61, 0x81, 0x81, 0x81, 0x81, 0x81, 0x81, 0x81, 0x61,
  0x81, 0x81, 0x81, 0x81, 0x81, 0x81, 0x81, 0x61, 0x81, 0x81, 0x81, 0x81,
  0x81, 0x81, 0x81, 0x61, 0xf1, 0xf1, 0xf1, 0xf1, 0xf1, 0xf1, 0xf1, 0xf1,
  0xf1, 0xf1, 0xf1, 0xf1, 0xf1, 0xf1, 0xf1, 0xf1, 0x06, 0x05, 0x03, 0x0f,
  0x1f, 0x3f, 0x3f, 0x3f, 0xa0, 0xe0, 0xc0, 0xf0, 0x58, 0xac, 0xd4, 0xec,
  0x00, 0x00, 0x03, 0x07, 0x0f, 0x1f, 0x1f, 0x1f, 0x0c, 0xfe, 0xfa, 0xf4,
  0xec, 0xf4, 0xec, 0xd4, 0x70, 0x7c, 0x2b, 0x64, 0x44, 0x42, 0x22, 0x0f,
  0x00, 0x00, 0x00, 0xc0, 0x20, 0x10, 0x3c, 0x7e, 0x70, 0xfc, 0x88, 0x14,
  0x01, 0x19, 0x1e, 0x07, 0x00, 0x00, 0xc0, 0xf0, 0xbc, 0x8c, 0x30, 0xbc,
  0x01, 0x03, 0x03, 0x03, 0x01, 0x01, 0x00, 0x07, 0x00, 0x00, 0x80, 0x80,
  0x80, 0x20, 0xe0, 0xe0, 0x03, 0x04, 0x08, 0x10, 0x10, 0x13, 0x11, 0x09,
  0xe0, 0x10, 0x08, 0x04, 0x04, 0x64, 0x44, 0x48, 0x00, 0x06, 0x0b, 0x15,
  0x2d, 0x7e, 0x7b, 0x3d, 0x00, 0x00, 0x00, 0x00, 0x00, 0x80, 0x40, 0xa0,
  0x00, 0x00, 0x20, 0x11, 0x07, 0x0f, 0x08, 0x10, 0x00, 0x80, 0x82, 0xc4,
  0xf0, 0xf8, 0x88, 0x04, 0x00, 0x00, 0x00, 0x00, 0xb6, 0xb4, 0xb2, 0xb6,
  0x00, 0x00, 0x00, 0x00, 0xda, 0xd3, 0x92, 0xd3, 0x00, 0x07, 0x07, 0x1f,
  0x1f, 0x79, 0x79, 0x79, 0x00, 0xf0, 0xf0, 0xfc, 0xfc, 0xcf, 0xcf, 0xcf,
  0x00, 0x31, 0x33, 0x67, 0x69, 0x6b, 0x7f, 0x3f, 0x00, 0xc6, 0xe6, 0xf3,
  0xcb, 0xeb, 0xff, 0xfe, 0x00, 0x03, 0x0f, 0x1f, 0x3f, 0x3f, 0x7f, 0x7f,
  0x00, 0xe0, 0xf8, 0xf0, 0xe0, 0xc0, 0x80, 0x0f, 0x00, 0x00, 0x0f, 0x3f,
  0x7c, 0x7b, 0x7b, 0x36, 0x00, 0x00, 0xf8, 0xfe, 0x1f, 0xef, 0xef, 0x36,
  0x0c, 0x17, 0x23, 0x23, 0x41, 0x41, 0x41, 0x23, 0x00, 0x00, 0xc0, 0xf0,
  0xfc, 0xfe, 0xff, 0xf3, 0x00, 0x7f, 0x60, 0x4e, 0x50, 0x50, 0x40, 0x40,
  0x00, 0xff, 0x03, 0x01, 0x01, 0x01, 0x01, 0x01, 0x00, 0x07, 0x1d, 0x3a,
  0x35, 0x6a, 0x75, 0x6a, 0x00, 0xf0, 0x5c, 0xae, 0x56, 0xab, 0x57, 0xab,
  0x3f, 0x3f, 0x1f, 0x1f, 0x0f, 0x0a, 0x05, 0x03, 0xd4, 0xac, 0xd8, 0xa8,
  0x50, 0xb0, 0x60, 0xc0, 0x3f, 0x3f, 0x3f, 0x3f, 0x3e, 0x7d, 0x7f, 0x30,
  0xa8, 0xd8, 0xa8, 0x50, 0xa0, 0xc0, 0x00, 0x00, 0x1f, 0x3f, 0x3f, 0x3f,
  0x3f, 0x3e, 0x1d, 0x0f, 0xbf, 0xdd, 0x5f, 0xdd, 0x5b, 0xd6, 0xbc, 0x00,
  0x31, 0x3c, 0x0f, 0x1b, 0x18, 0x03, 0x03, 0x00, 0x8c, 0x66, 0x66, 0x18,
  0xdb, 0xf3, 0x36, 0x06, 0x07, 0x0f, 0x0f, 0x07, 0x07, 0x3f, 0x3f, 0x1f,
  0xe0, 0xe0, 0xe0, 0xe0, 0xe0, 0xfc, 0xfc, 0xf8, 0x05, 0x05, 0x03, 0x03,
  0x03, 0x03, 0x03, 0x01, 0x50, 0x50, 0xe0, 0xe0, 0xe0, 0xe0, 0xe0, 0xc0,
  0x07, 0x03, 0x01, 0x00, 0x00, 0x00, 0x00, 0x00, 0xd0, 0x68, 0xf4, 0xda,
  0x7d, 0x37, 0x1e, 0x0c, 0x78, 0x1f, 0x0d, 0x0e, 0x07, 0x11, 0x20, 0x00,
  0x8f, 0xfc, 0xd8, 0x38, 0xf0, 0xc4, 0x82, 0x80, 0x00, 0x00, 0x37, 0x25,
  0x25, 0x37, 0x00, 0x00, 0x00, 0x00, 0x5c, 0x54, 0x54, 0x54, 0x00, 0x00,
  0x79, 0x7f, 0x7f, 0x06, 0x06, 0x06, 0x18, 0x18, 0xcf, 0xff, 0xff, 0x30,
  0x30, 0x30, 0x0c, 0x0c, 0x1f, 0x6f, 0x77, 0x77, 0x77, 0x3f, 0x1e, 0x0c,
  0xfc, 0xfb, 0xf7, 0xf7, 0xf7, 0x7e, 0x3c, 0x18, 0x7e, 0x7f, 0x7f, 0x3f,
  0x3f, 0x1f, 0x0f, 0x03, 0x0f, 0x0f, 0x80, 0xc0, 0xe0, 0xf0, 0xf8, 0xe0,
  0x0d, 0x1b, 0x3b, 0x3b, 0x3d, 0x3e, 0x3f, 0x00, 0xd8, 0xec, 0xee, 0xae,
  0xde, 0x3e, 0xfe, 0x00, 0x23, 0x17, 0x0c, 0x00, 0x0f, 0x0f, 0x0f, 0x0f,
  0xc3, 0x06, 0xfc, 0x8c, 0xfe, 0xfe, 0xfe, 0xfe, 0x40, 0x40, 0x40, 0x60,
  0x7f, 0x6a, 0x7f, 0x30, 0x01, 0x01, 0x01, 0x03, 0xff, 0xa9, 0xff, 0x06,
  0x75, 0x6a, 0x75, 0x7a, 0x7d, 0x67, 0x67, 0x7f, 0x57, 0xab, 0x57, 0xaf,
  0x5f, 0xf3, 0xf3, 0xff, 0x00, 0x03, 0x06, 0x0c, 0x0c, 0x18, 0x18, 0x18,
  0x00, 0x00, 0x80, 0x40, 0x20, 0x10, 0x08, 0x04, 0x00, 0x01, 0x03, 0x07,
  0x07, 0x03, 0x07, 0x0e, 0x00, 0x30, 0xf0, 0xe0, 0xfc, 0xfc, 0xfc, 0xf8,
  0x00, 0x00, 0x30, 0x7f, 0x7f, 0x7f, 0x7f, 0x01, 0x00, 0x01, 0x02, 0xfe,
  0xfc, 0xfc, 0xfc, 0x3e, 0x03, 0x0f, 0x1f, 0x7f, 0x7f, 0x7d, 0x3c, 0x01,
  0xe0, 0xf8, 0xfc, 0xff, 0xff, 0xff, 0x1e, 0xc0, 0x00, 0x00, 0x03, 0x0f,
  0x1f, 0x1f, 0x3f, 0x3f, 0x00, 0x00, 0xe0, 0x78, 0xac, 0xf4, 0xea, 0xfe,
  0x00, 0x00, 0x00, 0x00, 0x1f, 0x3f, 0x1f, 0x1f, 0x40, 0x44, 0x4a, 0x51,
  0xd8, 0xec, 0xe8, 0xe8, 0x00, 0x08, 0x00, 0x00, 0x04, 0x00, 0x10, 0x48,
  0x20, 0x00, 0x00, 0x40, 0x00, 0x20, 0x00, 0x7c, 0x00, 0x07, 0x0f, 0x1f,
  0x1f, 0x1f, 0x07, 0x07, 0x00, 0x00, 0x08, 0x14, 0x20, 0xe0, 0xe0, 0xe0,
  0x00, 0x00, 0x00, 0x00, 0x00, 0x00, 0x01, 0x03, 0x00, 0x0c, 0x1e, 0x3f,
  0x7f, 0xfe, 0xfc, 0xf8, 0x00, 0x01, 0x07, 0x0f, 0x0f, 0x1f, 0x1f, 0x1f,
  0x00, 0xc0, 0xf0, 0xf8, 0xf8, 0xfc, 0xfc, 0xec, 0x00, 0x08, 0x18, 0x38,
  0x7b, 0x07, 0x0f, 0x0f, 0x00, 0x00, 0x00, 0x00, 0xe0, 0xf0, 0xf8, 0xe8,
  0x00, 0x00, 0x00, 0x01, 0x03, 0x03, 0x03, 0x01, 0x00, 0x00, 0x00, 0xc0,
  0xe0, 0xa0, 0x20, 0xce, 0x00, 0x7f, 0x1e, 0x1e, 0x1e, 0x1e, 0x1e, 0x1e,
  0x00, 0xfe, 0x02, 0x02, 0x02, 0x00, 0x20, 0x20, 0x00, 0x0f, 0x1c, 0x38,
  0x38, 0x00, 0x00, 0x0f, 0x00, 0xf8, 0x3c, 0x1c, 0x1e, 0x1e, 0x1e, 0xde,
  0x00, 0x1f, 0x1f, 0x60, 0x60, 0x60, 0x60, 0x1f, 0x00, 0x7c, 0x7c, 0x00,
  0x00, 0x00, 0x00, 0x7c, 0x00, 0x18, 0x3c, 0x7e, 0x7f, 0x3f, 0x1f, 0x0f,
  0x00, 0x0c, 0x1e, 0x3f, 0x7f, 0xfe, 0xfc, 0xf8, 0x18, 0x18, 0x18, 0x18,
  0x0c, 0x0c, 0x06, 0x03, 0x02, 0x04, 0x08, 0x10, 0x20, 0x40, 0x80, 0x00,
  0x1c, 0x38, 0x70, 0xe0, 0x40, 0x00, 0x00, 0x00, 0xf0, 0xe0, 0x00, 0x20,
  0x20, 0x00, 0x00, 0x00, 0x01, 0x00, 0x00, 0x00, 0x00, 0x00, 0x00, 0x00,
  0x3e, 0xfe, 0x3e, 0x3e, 0x1c, 0x00, 0x00, 0x00, 0x01, 0x03, 0x01, 0x01,
  0x11, 0x06, 0x0f, 0x0f, 0xc0, 0xe0, 0xc0, 0xc0, 0xc0, 0xd4, 0xf8, 0xf8,
  0x3f, 0x7f, 0x7f, 0x3f, 0x3f, 0x3f, 0x1f, 0x00, 0xfe, 0xfe, 0xd0, 0xfe,
  0xf6, 0xaa, 0xfc, 0x00, 0x1f, 0x0f, 0x0f, 0x0f, 0x0f, 0x07, 0x07, 0x07,
  0xe8, 0xd0, 0xd0, 0xd0, 0xd0, 0xa0, 0xa0, 0xa0, 0x3f, 0x6f, 0xfd, 0x3f,
  0x3f, 0x3f, 0x1f, 0x00, 0x01, 0xec, 0x9f, 0xfe, 0xfe, 0xfe, 0xfc, 0x00,
  0x07, 0x07, 0x07, 0x03, 0x03, 0x01, 0x01, 0x0f, 0xe0, 0xe0, 0xe0, 0xc0,
  0xc0, 0x80, 0x80, 0xf0, 0x07, 0x0f, 0x1f, 0x3f, 0x7f, 0x7e, 0x3c, 0x18,
  0xf0, 0xe0, 0xc0, 0x80, 0x00, 0x00, 0x00, 0x00, 0x0f, 0x0f, 0x07, 0x01,
  0x00, 0x00, 0x00, 0x00, 0xe8, 0xd8, 0xf0, 0xc0, 0x80, 0x80, 0x80, 0x80,
  0x0f, 0x0f, 0x0f, 0x06, 0x03, 0x00, 0x00, 0x00, 0xd8, 0xa8, 0xd8, 0xb0,
  0xef, 0x0e, 0x0c, 0x08, 0x00, 0x38, 0x7c, 0x75, 0x65, 0x39, 0x00, 0x00,
  0x1f, 0x1d, 0xe9, 0xf6, 0xd0, 0x90, 0xe0, 0x00, 0x1f, 0x1e, 0x1e, 0x1e,
  0x1e, 0x1e, 0x1e, 0x7f, 0xe0, 0x20, 0x20, 0x02, 0x02, 0x02, 0x02, 0xfe,
  0x3e, 0x7c, 0x78, 0x78, 0x78, 0x7c, 0x3e, 0x0f, 0x3e, 0x1e, 0x1e, 0x1e,
  0x1e, 0x1e, 0x3e, 0xcf, 0x1f, 0x00, 0x00, 0x00, 0x60, 0x60, 0x1f, 0x1f,
  0x7c, 0x03, 0x03, 0x03, 0x03, 0x03, 0x7c, 0x7c, 0x07, 0x03, 0x03, 0x03,
  0x03, 0x03, 0x03, 0x01, 0xf0, 0xe0, 0xe0, 0xe0, 0xe0, 0xe0, 0xe0, 0xc0,
  0xc1, 0xc1, 0xc1, 0x81, 0x81, 0x81, 0x81, 0x81, 0xc1, 0xc1, 0xc1, 0x81,
  0x81, 0x81, 0x81, 0x81, 0xa1, 0xa1, 0xa1, 0xa1, 0xa1, 0xa1, 0xa1, 0xa1,
  0xa1, 0xa1, 0xa1, 0xa1, 0xa1, 0xa1, 0xa1, 0xa1, 0x21, 0x21, 0x21, 0x21,
  0x21, 0x21, 0x21, 0x81, 0x21, 0x21, 0x21, 0x21, 0x21, 0x21, 0x81, 0x81,
  0xc1, 0xc1, 0xc1, 0xc1, 0xd1, 0xd1, 0xd1, 0xd1, 0xd1, 0xd1, 0xd1, 0xd1,
  0xd1, 0xd1, 0xd1, 0xd1, 0xa1, 0xa1, 0xa1, 0x81, 0x81, 0x81, 0xf1, 0xf1,
  0xa1, 0xa1, 0xa1, 0xa1, 0xa1, 0xf1, 0xf1, 0xf1, 0x71, 0x71, 0x71, 0x71,
  0x71, 0x71, 0x71, 0x71, 0x71, 0x71, 0x71, 0x71, 0x71, 0x71, 0x71, 0x71,
  0xf1, 0xf1, 0xf1, 0xf1, 0xf1, 0xf1, 0xf1, 0xf1, 0xf1, 0xf1, 0xf1, 0xf1,
  0xf1, 0xf1, 0xf1, 0xf1, 0xa1, 0xa1, 0xa1, 0xa1, 0xa1, 0xa1, 0xa1, 0xa1,
  0xa1, 0xa1, 0xa1, 0xa1, 0xa1, 0xa1, 0xa1, 0xa1, 0xf1, 0xf1, 0xf1, 0xf1,
  0xf1, 0xf1, 0xf1, 0xf1, 0xf1, 0xf1, 0xf1, 0xf1, 0xf1, 0xf1, 0xf1, 0xf1,
  0xd1, 0xd1, 0xd1, 0xd1, 0xd1, 0xd1, 0xd1, 0xd1, 0xd1, 0xd1, 0xd1, 0xd1,
  0xd1, 0xd1, 0xd1, 0xd1, 0xc1, 0xc1, 0xc1, 0xc1, 0xc1, 0xc1, 0xc1, 0xc1,
  0xc1, 0xc1, 0xc1, 0xc1, 0xc1, 0xc1, 0xc1, 0xc1, 0xa1, 0xa1, 0xa1, 0xa1,
  0xa1, 0xa1, 0xa1, 0xa1, 0xa1, 0xa1, 0xa1, 0xa1, 0xa1, 0xa1, 0xa1, 0xf1,
  0x21, 0x21, 0x21, 0x21, 0x21, 0x21, 0x21, 0x21, 0x21, 0x21, 0x21, 0x21,
  0x21, 0x21, 0x21, 0x21, 0x71, 0x71, 0x71, 0x71, 0x71, 0x71, 0x71, 0x71,
  0x71, 0x71, 0x71, 0x71, 0x71, 0x71, 0x71, 0x71, 0x91, 0x91, 0x91, 0x91,
  0x91, 0x91, 0x91, 0x91, 0x91, 0x91, 0x91, 0x91, 0x91, 0x91, 0x91, 0x91,
  0xa1, 0xa1, 0xa1, 0xa1, 0xa1, 0xa1, 0xa1, 0xa1, 0xa1, 0xa1, 0xa1, 0xa1,
  0xa1, 0xa1, 0xa1, 0xa1, 0x81, 0x81, 0x81, 0x81, 0x81, 0x81, 0x81, 0x81,
  0x81, 0x81, 0x81, 0x81, 0x81, 0x81, 0x81, 0x81, 0xa1, 0xa1, 0xa1, 0xa1,
  0xa1, 0xa1, 0xa1, 0xa1, 0xa1, 0xa1, 0xa1, 0xa1, 0xa1, 0xa1, 0xa1, 0xa1,
  0x81, 0x81, 0x81, 0x81, 0x81, 0x81, 0x81, 0x81, 0x81, 0x81, 0x81, 0x81,
  0x81, 0x81, 0x81, 0x81, 0xd1, 0xd1, 0xd1, 0xd1, 0xd1, 0xd1, 0xd1, 0xd1,
  0xd1, 0xd1, 0xd1, 0xd1, 0xd1, 0xd1, 0xd1, 0xd1, 0xf1, 0xf1, 0xf1, 0xf1,
  0xf1, 0x51, 0x51, 0x41, 0xf1, 0xf1, 0xf1, 0xf1, 0xf1, 0x51, 0x51, 0x41,
  0x71, 0x71, 0x71, 0x71, 0x71, 0x71, 0x71, 0x71, 0x71, 0x71, 0x51, 0x71,
  0x51, 0x71, 0x51, 0x71, 0xf1, 0xf1, 0xf1, 0xf1, 0xf1, 0xf1, 0xf1, 0xf1,
  0xf1, 0xf1, 0xf1, 0xf1, 0xf1, 0xf1, 0xf1, 0xf1, 0xa1, 0xa1, 0xa1, 0xa1,
  0xa1, 0xa1, 0xa1, 0xa1, 0xa1, 0xa1, 0xa1, 0xa1, 0xa1, 0xa1, 0xa1, 0xa1,
  0xf1, 0xf1, 0xf1, 0xf1, 0xf1, 0xf1, 0xf1, 0xf1, 0xf1, 0xf1, 0xf1, 0xf1,
  0xf1, 0xf1, 0xf1, 0xf1, 0xd1, 0xd1, 0xd1, 0xd1, 0xd1, 0xd1, 0xd1, 0xd1,
  0xd1, 0xd1, 0xd1, 0xd1, 0xd1, 0xd1, 0xd1, 0xd1, 0xc1, 0xc1, 0xc1, 0xc1,
  0xc1, 0xc1, 0xc1, 0xc1, 0xc1, 0xc1, 0xc1, 0xc1, 0xc1, 0xc1, 0xc1, 0xc1,
  0xa1, 0xa1, 0xa1, 0xa1, 0xa1, 0xa1, 0xa1, 0xa1, 0xf1, 0xf1, 0xa1, 0xa1,
  0xa1, 0xa1, 0xa1, 0xa1, 0x21, 0x21, 0x21, 0x21, 0x21, 0x21, 0x21, 0x21,
  0x21, 0x21, 0x21, 0x21, 0x21, 0x21, 0x21, 0x21, 0x71, 0x71, 0x71, 0x71,
  0x51, 0x41, 0x51, 0x41, 0x71, 0x71, 0x71, 0x71, 0x41, 0x51, 0x41, 0x51,
  0x91, 0x91, 0x91, 0x91, 0x91, 0x91, 0x91, 0x91, 0x91, 0x91, 0x91, 0x91,
  0x91, 0x91, 0x91, 0x91, 0xa1, 0xa1, 0xa1, 0xa1, 0xa1, 0xa1, 0xa1, 0xa1,
  0xa1, 0xa1, 0xa1, 0xa1, 0xa1, 0xa1, 0xa1, 0xa1, 0x21, 0x21, 0x21, 0x21,
  0x21, 0x21, 0x21, 0x21, 0x21, 0x21, 0x21, 0x21, 0x21, 0x21, 0x21, 0x21,
  0x71, 0x71, 0x71, 0x71, 0x71, 0x51, 0x51, 0x51, 0x71, 0x51, 0x51, 0x51,
  0x71, 0x71, 0x71, 0x71, 0xe1, 0xe1, 0xe1, 0xe1, 0xf1, 0xe1, 0xe1, 0xe1,
  0xe1, 0xe1, 0xe1, 0xe1, 0xf1, 0xe1, 0xe1, 0xe1, 0xe1, 0xe1, 0xe1, 0xe1,
  0xe1, 0xe1, 0xe1, 0xe1, 0xe1, 0xe1, 0xe1, 0xe1, 0xe1, 0xe1, 0xe1, 0xe1,
  0xa1, 0xa1, 0xa1, 0xa1, 0xa1, 0xa1, 0xa1, 0xa1, 0xa1, 0xa1, 0xa1, 0xa1,
  0xa1, 0xa1, 0xa1, 0xa1, 0xf1, 0xf1, 0xf1, 0xf1, 0x51, 0x51, 0x91, 0x81,
  0xf1, 0xf1, 0xf1, 0xf1, 0x51, 0x51, 0x91, 0x91, 0xe1, 0xe1, 0xe1, 0xe1,
  0xe1, 0xe1, 0xa1, 0xa1, 0xe1, 0xe1, 0xe1, 0xe1, 0xe1, 0xe1, 0xf1, 0x81,
  0x71, 0xa1, 0xa1, 0xa1, 0xa1, 0xa1, 0x91, 0x91, 0x71, 0xf1, 0xf1, 0xf1,
  0xf1, 0x81, 0x81, 0x81, 0xb1, 0xb1, 0xb1, 0xb1, 0xb1, 0xb1, 0xb1, 0x21,
  0xb1, 0xb1, 0xb1, 0x21, 0x21, 0xb1, 0xb1, 0x21, 0xa1, 0x81, 0x81, 0x81,
  0x81, 0x81, 0x81, 0x81, 0xa1, 0x61, 0x61, 0x61, 0x61, 0x61, 0x61, 0x61,
  0xf1, 0xd1, 0xd1, 0xd1, 0xd1, 0x91, 0xd1, 0x91, 0xf1, 0xf1, 0xf1, 0xf1,
  0xd1, 0x91, 0xd1, 0x91, 0x21, 0x21, 0x21, 0x21, 0x21, 0x21, 0x21, 0x21,
  0x21, 0x21, 0x21, 0x21, 0x21, 0x21, 0x21, 0x21, 0x31, 0x31, 0x31, 0x31,
  0x31, 0x31, 0x31, 0x31, 0x31, 0x31, 0x31, 0x31, 0x31, 0x31, 0x31, 0x31,
  0x91, 0x91, 0x91, 0x91, 0x91, 0x91, 0x91, 0x91, 0x91, 0x91, 0x91, 0x91,
  0x91, 0x91, 0x91, 0x91, 0xb1, 0xb1, 0xb1, 0xb1, 0xb1, 0xb1, 0xb1, 0xb1,
  0xb1, 0xb1, 0xb1, 0xb1, 0xb1, 0xb1, 0xb1, 0xb1, 0x71, 0x71, 0x71, 0x71,
  0x71, 0x71, 0x71, 0x71, 0x71, 0x71, 0x71, 0x71, 0x71, 0x71, 0x71, 0x71,
  0x29, 0x21, 0x21, 0x21, 0x21, 0x21, 0x21, 0x21, 0x29, 0x21, 0x21, 0x21,
  0x21, 0x21, 0x21, 0x21, 0x51, 0x51, 0x51, 0x51, 0x51, 0x51, 0x71, 0x71,
  0x71, 0x71, 0x71, 0x81, 0x81, 0x81, 0x71, 0x71, 0xe1, 0xe1, 0xe1, 0xe1,
  0xe1, 0xe1, 0xe1, 0xe1, 0xe1, 0xe1, 0xe1, 0xe1, 0xe1, 0xe1, 0xe1, 0xe1,
  0xe1, 0xe1, 0xe1, 0xe1, 0xe1, 0x91, 0x81, 0x61, 0xe1, 0xe1, 0xe1, 0xe1,
  0xe1, 0x91, 0x81, 0x61, 0x21, 0x61, 0x91, 0x21, 0xa1, 0xa1, 0xa1, 0xa1,
  0x21, 0x61, 0x28, 0xa8, 0xa1, 0xa1, 0xa1, 0xa1, 0x91, 0x81, 0x91, 0x81,
  0x91, 0x81, 0x91, 0x81, 0x91, 0x91, 0x91, 0x91, 0x91, 0x91, 0x91, 0x91,
  0xa1, 0xa1, 0xa8, 0xf1, 0xf1, 0xe1, 0xe1, 0xf1, 0xa8, 0xa8, 0xa8, 0xf1,
  0xf1, 0xe1, 0xe1, 0xf1, 0xf1, 0xf1, 0xf1, 0xf1, 0xf1, 0xf1, 0xf1, 0x71,
  0xf1, 0x71, 0x71, 0x71, 0x71, 0x71, 0x71, 0x71, 0x21, 0xb1, 0xb1, 0x21,
  0x21, 0xb1, 0xb1, 0x21, 0x21, 0xb1, 0xb1, 0x21, 0x21, 0xb1, 0xb1, 0xb1,
  0x81, 0x81, 0x81, 0x81, 0xf1, 0xf1, 0xf1, 0xf1, 0x61, 0x61, 0x61, 0x61,
  0xa1, 0xa1, 0xa1, 0xa1, 0xd1, 0x91, 0xd1, 0x91, 0xd1, 0xf1, 0xf1, 0xf1,
  0xd1, 0x91, 0xd1, 0x91, 0xd1, 0xd1, 0xd1, 0xd1, 0x21, 0x21, 0x21, 0x21,
  0x21, 0x21, 0x21, 0x21, 0x21, 0x21, 0x21, 0x21, 0x21, 0x21, 0x21, 0x21,
  0x31, 0x31, 0x31, 0x31, 0x31, 0x31, 0x31, 0x31, 0x31, 0x31, 0x31, 0x31,
  0x31, 0x31, 0x31, 0x31, 0x91, 0x91, 0x91, 0x91, 0x91, 0x91, 0x91, 0x91,
  0x91, 0x91, 0x91, 0x91, 0x91, 0x91, 0x91, 0x91, 0xb1, 0xb1, 0xb1, 0xb1,
  0xb1, 0xb1, 0xb1, 0xb1, 0xb1, 0xb1, 0xb1, 0xb1, 0xb1, 0xb1, 0xb1, 0xb1,
  0x71, 0x71, 0x71, 0x71, 0x71, 0x71, 0x71, 0x71, 0x71, 0x71, 0x71, 0x71,
  0x71, 0x71, 0x71, 0x71, 0x00, 0x90, 0x05, 0x40, 0x10, 0x04, 0x01, 0x48,
  0x02, 0x40, 0x04, 0x10, 0x81, 0x24, 0x00, 0x09, 0x80, 0x00, 0x40, 0x00,
  0x22, 0x08, 0x30, 0x80, 0x82, 0x08, 0x60, 0x80, 0x20, 0x00, 0x10, 0x00,
  0x44, 0x44, 0xfc, 0x04, 0x07, 0x04, 0xfc, 0x40, 0x08, 0x08, 0x7f, 0x41,
  0xc1, 0x41, 0x47, 0x44, 0x10, 0x20, 0x40, 0x80, 0x01, 0x02, 0x04, 0x08,
  0x10, 0x20, 0x40, 0x80, 0x01, 0x02, 0x04, 0x08, 0x00, 0x00, 0x00, 0x00,
  0xff, 0x10, 0x10, 0x10, 0x10, 0x10, 0x10, 0x10, 0xff, 0x00, 0x00, 0x00,
  0x00, 0x00, 0x00, 0x00, 0x00, 0x00, 0x00, 0x00, 0x00, 0x00, 0x00, 0x00,
  0x00, 0x00, 0x00, 0x00, 0x10, 0x10, 0x10, 0xf0, 0x0f, 0x08, 0x08, 0x08,
  0x08, 0x08, 0x08, 0x0f, 0xf0, 0x10, 0x10, 0x10, 0x02, 0x01, 0x81, 0x42,
  0x24, 0x18, 0x10, 0x20, 0x42, 0x81, 0x80, 0x40, 0x20, 0x10, 0x18, 0x24,
  0x08, 0x04, 0x02, 0x01, 0x00, 0x00, 0x00, 0x80, 0x10, 0x08, 0x08, 0x04,
  0x84, 0x42, 0x41, 0x20, 0x07, 0x0e, 0x0c, 0x0c, 0x6d, 0xed, 0xcc, 0x8c,
  0x00, 0x00, 0x00, 0x00, 0x80, 0xc0, 0xe1, 0x63, 0x00, 0x00, 0x08, 0x10,
  0x21, 0x02, 0x10, 0x20, 0x04, 0x08, 0x00, 0x80, 0x00, 0x04, 0x08, 0x10,
  0x44, 0x11, 0x44, 0x11, 0x44, 0x11, 0x44, 0x11, 0x44, 0x11, 0x44, 0x11,
  0x44, 0x11, 0x44, 0x11, 0x10, 0x8a, 0x05, 0x08, 0x11, 0x22, 0x11, 0xa8,
  0x45, 0x08, 0x11, 0xa2, 0x44, 0x0a, 0x11, 0xa0, 0xc0, 0x30, 0x0c, 0x03,
  0x00, 0x03, 0x0c, 0x30, 0x00, 0x00, 0x00, 0x00, 0xc0, 0x00, 0x00, 0x00,
  0x00, 0x00, 0x00, 0x0c, 0x0c, 0x00, 0x00, 0x00, 0x00, 0x00, 0x00, 0x00,
  0x00, 0x0c, 0x0c, 0x00, 0x06, 0x00, 0x10, 0x08, 0x84, 0x01, 0x09, 0x30,
  0x02, 0x00, 0xe0, 0x08, 0x8c, 0x01, 0x02, 0x20, 0x00, 0x21, 0x84, 0x00,
  0x11, 0x40, 0x04, 0x11, 0x20, 0x02, 0x08, 0x40, 0x11, 0x04, 0x40, 0x11,
  0x08, 0x00, 0x04, 0x00, 0x02, 0x08, 0x21, 0x80, 0x0a, 0x08, 0x24, 0x80,
  0x02, 0x00, 0x01, 0x00, 0x40, 0x40, 0x7f, 0x40, 0x40, 0xff, 0x44, 0x44,
  0x44, 0x44, 0xfc, 0x48, 0x48, 0xcf, 0x48, 0x78, 0x10, 0x20, 0x40, 0x80,
  0x01, 0x02, 0x04, 0x08, 0x10, 0x20, 0x40, 0x80, 0x01, 0x02, 0x04, 0x08,
  0x10, 0x10, 0x10, 0x10, 0xff, 0x00, 0x00, 0x00, 0x00, 0x00, 0x00, 0x00,
  0xff, 0x10, 0x10, 0x10, 0x00, 0x00, 0x00, 0x00, 0x00, 0x00, 0x00, 0x00,
  0x00, 0x00, 0x00, 0x00, 0x00, 0x00, 0x00, 0x00, 0x08, 0x08, 0x08, 0x0f,
  0xf0, 0x10, 0x10, 0x10, 0x10, 0x10, 0x10, 0xf0, 0x0f, 0x08, 0x08, 0x08,
  0x40, 0x80, 0x81, 0x42, 0x24, 0x18, 0x08, 0x04, 0x42, 0x81, 0x01, 0x02,
  0x04, 0x08, 0x18, 0x24, 0x40, 0x20, 0x20, 0x20, 0x10, 0x10, 0x10, 0x08,
  0x20, 0x20, 0x10, 0x10, 0x10, 0x10, 0x10, 0x10, 0x0e, 0x07, 0x03, 0x00,
  0x00, 0x00, 0x01, 0x03, 0x67, 0x6e, 0x6c, 0x60, 0x60, 0xe0, 0xc0, 0x80,
  0x40, 0x00, 0x02, 0x84, 0x08, 0x00, 0x01, 0x02, 0x00, 0x04, 0x08, 0x10,
  0x01, 0x82, 0x00, 0x02, 0x44, 0x11, 0x44, 0x11, 0x44, 0x11, 0x44, 0x11,
  0x44, 0x11, 0x44, 0x11, 0x44, 0x11, 0x44, 0x11, 0x45, 0x02, 0x41, 0xa0,
  0x14, 0x0a, 0x11, 0x20, 0x10, 0x08, 0x04, 0x82, 0x41, 0x20, 0x10, 0xa2,
  0xc0, 0x00, 0x00, 0x00, 0x00, 0x00, 0x00, 0x00, 0x00, 0x03, 0x0c, 0x30,
  0xc0, 0x30, 0x0c, 0x03, 0x00, 0x00, 0x00, 0x30, 0x30, 0x00, 0x00, 0x00,
  0x00, 0x00, 0x00, 0x00, 0x00, 0x30, 0x30, 0x00, 0x00, 0x10, 0x10, 0x91,
  0x01, 0x00, 0x00, 0x39, 0x41, 0x86, 0x00, 0x19, 0x22, 0x80, 0x08, 0x04,
  0x00, 0x00, 0x00, 0x00, 0x00, 0x03, 0x0f, 0x1f, 0x1f, 0x3f, 0x3f, 0x3f,
  0x3f, 0x3f, 0x3f, 0x3f, 0x00, 0x30, 0x30, 0x40, 0x80, 0xe0, 0xf8, 0xfc,
  0xfc, 0xfe, 0xfe, 0xfe, 0xfe, 0xfe, 0xfe, 0xfe, 0x00, 0x00, 0x00, 0x00,
  0x00, 0x03, 0x0f, 0x1f, 0x1f, 0x3f, 0x3f, 0x3f, 0x3f, 0x3f, 0x3f, 0x3f,
  0x00, 0x30, 0x30, 0x40, 0x80, 0xe0, 0xf8, 0xfc, 0xcc, 0xbe, 0xa6, 0xe6,
  0xe6, 0xe6, 0xfe, 0xfe, 0x00, 0x00, 0x00, 0x00, 0x00, 0x03, 0x0f, 0x1f,
  0x19, 0x3e, 0x32, 0x33, 0x33, 0x33, 0x3f, 0x3f, 0x00, 0x30, 0x30, 0x40,
  0x80, 0xe0, 0xf8, 0xfc, 0xfc, 0xfe, 0xfe, 0xfe, 0xfe, 0xfe, 0xfe, 0xfe,
  0x00, 0x00, 0x00, 0x00, 0x00, 0x03, 0x0f, 0x1f, 0x19, 0x37, 0x34, 0x3c,
  0x3c, 0x3c, 0x3f, 0x3f, 0x00, 0x30, 0x30, 0x40, 0x80, 0xe0, 0xf8, 0xfc,
  0xcc, 0xf6, 0x96, 0x9e, 0x9e, 0x9e, 0xfe, 0xfe, 0x01, 0x01, 0x00, 0x00,
  0x00, 0x03, 0x0f, 0x1f, 0x1f, 0x3f, 0x3f, 0x3f, 0x3f, 0x3f, 0x3f, 0x3f,
  0x80, 0x80, 0x80, 0x80, 0x80, 0xe0, 0xf8, 0xfc, 0xfc, 0xfe, 0xfe, 0xfe,
  0xfe, 0xfe, 0xfe, 0xfe, 0x01, 0x01, 0x00, 0x00, 0x00, 0x03, 0x0f, 0x1f,
  0x1f, 0x3f, 0x3f, 0x3f, 0x3f, 0x3f, 0x3f, 0x3f, 0x80, 0x80, 0x80, 0x80,
  0x80, 0xe0, 0xf8, 0xfc, 0xcc, 0xbe, 0xa6, 0xe6, 0xe6, 0xe6, 0xfe, 0xfe,
  0x01, 0x01, 0x00, 0x00, 0x00, 0x03, 0x0f, 0x1f, 0x19, 0x3e, 0x32, 0x33,
  0x33, 0x33, 0x3f, 0x3f, 0x80, 0x80, 0x80, 0x80, 0x80, 0xe0, 0xf8, 0xfc,
  0xfc, 0xfe, 0xfe, 0xfe, 0xfe, 0xfe, 0xfe, 0xfe, 0x01, 0x01, 0x00, 0x00,
  0x00, 0x03, 0x0f, 0x1f, 0x19, 0x37, 0x34, 0x3c, 0x3c, 0x3c, 0x3f, 0x3f,
  0x80, 0x80, 0x80, 0x80, 0x80, 0xe0, 0xf8, 0xfc, 0xcc, 0xf6, 0x96, 0x9e,
  0x9e, 0x9e, 0xfe, 0xfe, 0x00, 0x06, 0x06, 0x01, 0x00, 0x03, 0x0f, 0x1f,
  0x1f, 0x3f, 0x3f, 0x3f, 0x3f, 0x3f, 0x3f, 0x3f, 0x00, 0x00, 0x00, 0x00,
  0x80, 0xe0, 0xf8, 0xfc, 0xfc, 0xfe, 0xfe, 0xfe, 0xfe, 0xfe, 0xfe, 0xfe,
  0x00, 0x06, 0x06, 0x01, 0x00, 0x03, 0x0f, 0x1f, 0x1f, 0x3f, 0x3f, 0x3f,
  0x3f, 0x3f, 0x3f, 0x3f, 0x00, 0x00, 0x00, 0x00, 0x80, 0xe0, 0xf8, 0xfc,
  0xcc, 0xbe, 0xa6, 0xe6, 0xe6, 0xe6, 0xfe, 0xfe, 0x00, 0x06, 0x06, 0x01,
  0x00, 0x03, 0x0f, 0x1f, 0x19, 0x3e, 0x32, 0x33, 0x33, 0x33, 0x3f, 0x3f,
  0x00, 0x00, 0x00, 0x00, 0x80, 0xe0, 0xf8, 0xfc, 0xfc, 0xfe, 0xfe, 0xfe,
  0xfe, 0xfe, 0xfe, 0xfe, 0x00, 0x06, 0x06, 0x01, 0x00, 0x03, 0x0f, 0x1f,
  0x19, 0x37, 0x34, 0x3c, 0x3c, 0x3c, 0x3f, 0x3f, 0x00, 0x00, 0x00, 0x00,
  0x80, 0xe0, 0xf8, 0xfc, 0xcc, 0xf6, 0x96, 0x9e, 0x9e, 0x9e, 0xfe, 0xfe,
  0x3f, 0x1f, 0x00, 0x01, 0x01, 0x01, 0x00, 0x00, 0x00, 0x00, 0x00, 0x00,
  0x00, 0x00, 0x00, 0x00, 0xfe, 0xfc, 0x00, 0xc0, 0xc0, 0xc0, 0x00, 0x00,
  0x00, 0x00, 0x00, 0x00, 0x00, 0x00, 0x00, 0x00, 0x3f, 0x1f, 0x00, 0x03,
  0x03, 0x01, 0x00, 0x00, 0x00, 0x00, 0x00, 0x00, 0x00, 0x00, 0x00, 0x00,
  0xfe, 0xfc, 0x00, 0x60, 0xe0, 0xc0, 0x00, 0x00, 0x00, 0x00, 0x00, 0x00,
  0x00, 0x00, 0x00, 0x00, 0x3f, 0x1f, 0x00, 0x03, 0x03, 0x01, 0x00, 0x00,
  0x00, 0x00, 0x00, 0x00, 0x00, 0x00, 0x00, 0x00, 0xfe, 0xfc, 0x00, 0x60,
  0xe0, 0xc0, 0x00, 0x00, 0x00, 0x00, 0x00, 0x00, 0x00, 0x00, 0x00, 0x00,
  0x3f, 0x1f, 0x00, 0x01, 0x01, 0x01, 0x00, 0x00, 0x00, 0x00, 0x00, 0x00,
  0x00, 0x00, 0x00, 0x00, 0xfe, 0xfc, 0x00, 0xc0, 0xc0, 0xc0, 0x00, 0x00,
  0x00, 0x00, 0x00, 0x00, 0x00, 0x00, 0x00, 0x00, 0x00, 0x00, 0x00, 0x00,
  0x00, 0x00, 0x00, 0x00, 0x00, 0x00, 0x00, 0x00, 0x00, 0x00, 0x00, 0x00,
  0x00, 0x00, 0x00, 0x00, 0x00, 0x00, 0x00, 0x00, 0x00, 0x00, 0x00, 0x00,
  0x00, 0x00, 0x00, 0x00, 0x00, 0x00, 0x00, 0x00, 0x00, 0x00, 0x00, 0x00,
  0x00, 0x00, 0x00, 0x00, 0x00, 0x00, 0x00, 0x00, 0x00, 0x00, 0x00, 0x00,
  0x00, 0x00, 0x00, 0x00, 0x00, 0x00, 0x00, 0x00, 0x00, 0x00, 0x00, 0x00,
  0x00, 0x00, 0x00, 0x00, 0x00, 0x00, 0x00, 0x00, 0x00, 0x00, 0x00, 0x00,
  0x00, 0x00, 0x00, 0x00, 0x00, 0x00, 0x00, 0x00, 0x00, 0x00, 0x00, 0x00,
  0x00, 0x00, 0x00, 0x00, 0x00, 0x00, 0x00, 0x00, 0x00, 0x00, 0x00, 0x00,
  0x00, 0x00, 0x00, 0x00, 0x00, 0x00, 0x00, 0x00, 0x00, 0x00, 0x00, 0x00,
  0x00, 0x00, 0x00, 0x00, 0x00, 0x00, 0x00, 0x00, 0x00, 0x00, 0x00, 0x00,
  0x00, 0x00, 0x00, 0x00, 0x00, 0x00, 0x00, 0x00, 0x00, 0x00, 0x00, 0x00,
  0x00, 0x00, 0x00, 0x00, 0x00, 0x00, 0x00, 0x00, 0x00, 0x00, 0x00, 0x00,
  0x00, 0x00, 0x00, 0x00, 0x00, 0x00, 0x00, 0x00, 0x00, 0x00, 0x00, 0x00,
  0x00, 0x00, 0x00, 0x00, 0x00, 0x00, 0x00, 0x00, 0x00, 0x00, 0x00, 0x00,
  0x00, 0x00, 0x00, 0x00, 0x00, 0x00, 0x00, 0x00, 0x00, 0x00, 0x00, 0x00,
  0x00, 0x00, 0x00, 0x00, 0x00, 0x00, 0x00, 0x00, 0x00, 0x00, 0x00, 0x00,
  0x00, 0x00, 0x00, 0x00, 0x00, 0x00, 0x00, 0x00, 0x00, 0x00, 0x00, 0x00,
  0x00, 0x00, 0x00, 0x00, 0x00, 0x00, 0x00, 0x00, 0x00, 0x00, 0x00, 0x00,
  0x00, 0x00, 0x00, 0x00, 0x00, 0x00, 0x00, 0x00, 0x00, 0x00, 0x00, 0x00,
  0x00, 0x00, 0x00, 0x00, 0x00, 0x00, 0x00, 0x00, 0x00, 0x00, 0x00, 0x00,
  0x00, 0x00, 0x00, 0x00, 0x00, 0x00, 0x00, 0x00, 0x00, 0x00, 0x00, 0x00,
  0x04, 0x04, 0x04, 0x3f, 0x3f, 0x3f, 0x3f, 0x3f, 0x3f, 0x3f, 0x3f, 0x3f,
  0x3f, 0x21, 0x1e, 0x1e, 0x10, 0x10, 0x10, 0xfe, 0xfe, 0xfe, 0xfe, 0xfe,
  0xfe, 0xfe, 0xfe, 0xfe, 0xfe, 0xc2, 0x3c, 0x3c, 0x08, 0x08, 0x08, 0x3f,
  0x3f, 0x3f, 0x3e, 0x3e, 0x3e, 0x3e, 0x3f, 0x3f, 0x30, 0x2f, 0x1a, 0x0f,
  0x10, 0x10, 0x10, 0xfc, 0xfc, 0xfc, 0x04, 0xf4, 0xf4, 0x04, 0xfc, 0xfc,
  0x0c, 0xf4, 0x58, 0xf0, 0x08, 0x08, 0x08, 0x3f, 0x3f, 0x3f, 0x20, 0x2f,
  0x2f, 0x20, 0x3f, 0x3f, 0x30, 0x2f, 0x1a, 0x0f, 0x10, 0x10, 0x10, 0xfc,
  0xfc, 0xfc, 0x7c, 0x7c, 0x7c, 0x7c, 0xfc, 0xfc, 0x0c, 0xf4, 0x58, 0xf0,
  0x04, 0x04, 0x04, 0x3f, 0x3f, 0x3f, 0x20, 0x2f, 0x2f, 0x20, 0x3f, 0x3f,
  0x3f, 0x21, 0x1e, 0x1e, 0x10, 0x10, 0x10, 0xfe, 0xfe, 0xfe, 0x02, 0x7a,
  0x7a, 0x02, 0xfe, 0xfe, 0xfe, 0xc2, 0x3c, 0x3c, 0x02, 0x02, 0x02, 0x3f,
  0x3f, 0x3f, 0x3f, 0x3f, 0x3f, 0x3f, 0x3f, 0x3f, 0x3f, 0x21, 0x1e, 0x1e,
  0x20, 0x20, 0x20, 0xfe, 0xfe, 0xfe, 0xfe, 0xfe, 0xfe, 0xfe, 0xfe, 0xfe,
  0xfe, 0xc2, 0x3c, 0x3c, 0x04, 0x04, 0x04, 0x3f, 0x3f, 0x3f, 0x3e, 0x3e,
  0x3e, 0x3e, 0x3f, 0x3f, 0x30, 0x2f, 0x1a, 0x0f, 0x20, 0x20, 0x20, 0xfc,
  0xfc, 0xfc, 0x04, 0xf4, 0xf4, 0x04, 0xfc, 0xfc, 0x0c, 0xf4, 0x58, 0xf0,
  0x04, 0x04, 0x04, 0x3f, 0x3f, 0x3f, 0x20, 0x2f, 0x2f, 0x20, 0x3f, 0x3f,
  0x30, 0x2f, 0x1a, 0x0f, 0x20, 0x20, 0x20, 0xfc, 0xfc, 0xfc, 0x7c, 0x7c,
  0x7c, 0x7c, 0xfc, 0xfc, 0x0c, 0xf4, 0x58, 0xf0, 0x02, 0x02, 0x02, 0x3f,
  0x3f, 0x3f, 0x20, 0x2f, 0x2f, 0x20, 0x3f, 0x3f, 0x3f, 0x21, 0x1e, 0x1e,
  0x20, 0x20, 0x20, 0xfe, 0xfe, 0xfe, 0x02, 0x7a, 0x7a, 0x02, 0xfe, 0xfe,
  0xfe, 0xc2, 0x3c, 0x3c, 0x00, 0x00, 0x00, 0x3f, 0x3f, 0x3f, 0x3f, 0x3f,
  0x3f, 0x3f, 0x3f, 0x3f, 0x3f, 0x21, 0x1e, 0x1e, 0x80, 0x80, 0x80, 0xfe,
  0xfe, 0xfe, 0xfe, 0xfe, 0xfe, 0xfe, 0xfe, 0xfe, 0xfe, 0xc2, 0x3c, 0x3c,
  0x01, 0x01, 0x01, 0x3f, 0x3f, 0x3f, 0x3e, 0x3e, 0x3e, 0x3e, 0x3f, 0x3f,
  0x30, 0x2f, 0x1a, 0x0f, 0x80, 0x80, 0x80, 0xfc, 0xfc, 0xfc, 0x04, 0xf4,
  0xf4, 0x04, 0xfc, 0xfc, 0x0c, 0xf4, 0x58, 0xf0, 0x01, 0x01, 0x01, 0x3f,
  0x3f, 0x3f, 0x20, 0x2f, 0x2f, 0x20, 0x3f, 0x3f, 0x30, 0x2f, 0x1a, 0x0f,
  0x80, 0x80, 0x80, 0xfc, 0xfc, 0xfc, 0x7c, 0x7c, 0x7c, 0x7c, 0xfc, 0xfc,
  0x0c, 0xf4, 0x58, 0xf0, 0x00, 0x00, 0x00, 0x3f, 0x3f, 0x3f, 0x20, 0x2f,
  0x2f, 0x20, 0x3f, 0x3f, 0x3f, 0x21, 0x1e, 0x1e, 0x80, 0x80, 0x80, 0xfe,
  0xfe, 0xfe, 0x02, 0x7a, 0x7a, 0x02, 0xfe, 0xfe, 0xfe, 0xc2, 0x3c, 0x3c,
  0x00, 0x00, 0x00, 0x00, 0x00, 0x00, 0x00, 0x00, 0x00, 0x00, 0x00, 0x00,
  0x00, 0x00, 0x00, 0x00, 0x00, 0x00, 0x00, 0x00, 0x00, 0x00, 0x00, 0x00,
  0x00, 0x00, 0x00, 0x00, 0x00, 0x00, 0x00, 0x00, 0x00, 0x00, 0x00, 0x00,
  0x00, 0x00, 0x00, 0x00, 0x00, 0x00, 0x00, 0x00, 0x00, 0x00, 0x00, 0x00,
  0x00, 0x00, 0x00, 0x00, 0x00, 0x00, 0x00, 0x00, 0x00, 0x00, 0x00, 0x00,
  0x00, 0x00, 0x00, 0x00, 0x00, 0x00, 0x00, 0x00, 0x00, 0x00, 0x00, 0x00,
  0x00, 0x00, 0x00, 0x00, 0x00, 0x00, 0x00, 0x00, 0x00, 0x00, 0x00, 0x00,
  0x00, 0x00, 0x00, 0x00, 0x00, 0x00, 0x00, 0x00, 0x00, 0x00, 0x00, 0x00,
  0x00, 0x00, 0x00, 0x00, 0x00, 0x00, 0x00, 0x00, 0x00, 0x00, 0x00, 0x00,
  0x00, 0x00, 0x00, 0x00, 0x00, 0x00, 0x00, 0x00, 0x00, 0x00, 0x00, 0x00,
  0x00, 0x00, 0x00, 0x00, 0x00, 0x00, 0x00, 0x00, 0x00, 0x1e, 0x3f, 0x3f,
  0x7f, 0x7f, 0x7f, 0x7f, 0x3f, 0x3f, 0x1f, 0x0f, 0x07, 0x03, 0x01, 0x00,
  0x00, 0x3c, 0x7e, 0xfe, 0xff, 0xff, 0xff, 0xff, 0xfe, 0xfe, 0xfc, 0xf8,
  0xf0, 0xe0, 0xc0, 0x80, 0x00, 0x00, 0x0e, 0x1f, 0x3f, 0x3f, 0x3f, 0x3f,
  0x1f, 0x1f, 0x0f, 0x07, 0x03, 0x01, 0x00, 0x00, 0x00, 0x00, 0x38, 0x7c,
  0xfe, 0xfe, 0xfe, 0xfe, 0xfc, 0xfc, 0xf8, 0xf0, 0xe0, 0xc0, 0x80, 0x00,
  0x00, 0x00, 0x00, 0x06, 0x0f, 0x1f, 0x1f, 0x1f, 0x0f, 0x0f, 0x07, 0x03,
  0x01, 0x00, 0x00, 0x00, 0x00, 0x00, 0x00, 0x30, 0x78, 0xfc, 0xfc, 0xfc,
  0xf8, 0xf8, 0xf0, 0xe0, 0xc0, 0x80, 0x00, 0x00, 0x00, 0x00, 0x00, 0x00,
  0x07, 0x0f, 0x0f, 0x0f, 0x0f, 0x07, 0x03, 0x01, 0x00, 0x00, 0x00, 0x00,
  0x00, 0x00, 0x00, 0x00, 0x70, 0xf8, 0xf8, 0xf8, 0xf8, 0xf0, 0xe0, 0xc0,
  0x80, 0x00, 0x00, 0x00, 0x00, 0x00, 0x00, 0x00, 0x00, 0x03, 0x07, 0x07,
  0x07, 0x03, 0x01, 0x00, 0x00, 0x00, 0x00, 0x00, 0x00, 0x00, 0x00, 0x00,
  0x00, 0x60, 0xf0, 0xf0, 0xf0, 0xe0, 0xc0, 0x80, 0x00, 0x00, 0x00, 0x00,
  0x00, 0x00, 0x00, 0x00, 0x00, 0x00, 0x03, 0x03, 0x03, 0x01, 0x00, 0x00,
  0x00, 0x00, 0x00, 0x00, 0x00, 0x00, 0x00, 0x00, 0x00, 0x00, 0x60, 0xe0,
  0xe0, 0xc0, 0x80, 0x00, 0x00, 0x00, 0x00, 0x00, 0x00, 0x00, 0x00, 0x00,
  0x00, 0x00, 0x00, 0x01, 0x01, 0x00, 0x00, 0x00, 0x00, 0x00, 0x00, 0x00,
  0x00, 0x00, 0x00, 0x00, 0x00, 0x00, 0x00, 0xc0, 0xc0, 0x80, 0x00, 0x00,
  0x00, 0x00, 0x00, 0x00, 0x00, 0x00, 0x00, 0x00, 0x00, 0x00, 0x00, 0x00,
  0x00, 0x00, 0x00, 0x00, 0x00, 0x00, 0x00, 0x00, 0x00, 0x00, 0x00, 0x00,
  0x00, 0x00, 0x00, 0x00, 0x80, 0x00, 0x00, 0x00, 0x00, 0x00, 0x00, 0x00,
  0x00, 0x00, 0x08, 0x00, 0x40, 0x00, 0x22, 0x10, 0x00, 0x00, 0x00, 0x42,
  0x04, 0x00, 0x10, 0x00, 0x00, 0x00, 0x00, 0x08, 0x00, 0x00, 0x04, 0x00,
  0x90, 0x01, 0x40, 0x00, 0x09, 0x40, 0x08, 0x80, 0x00, 0x04, 0x40, 0x20,
  0x00, 0x08, 0x04, 0x00, 0x40, 0x12, 0x00, 0x00, 0x28, 0x02, 0x00, 0x49,
  0x00, 0x08, 0x20, 0x40, 0x12, 0x00, 0x20, 0x08, 0x84, 0x00, 0x22, 0x80,
  0x04, 0x20, 0x00, 0x04, 0x00, 0x42, 0x08, 0x01, 0x48, 0x00, 0x15, 0x40,
  0x0c, 0x00, 0x52, 0x09, 0x00, 0x48, 0x22, 0x10, 0x00, 0x82, 0x24, 0x00,
  0x10, 0x21, 0x00, 0x88, 0x20, 0x04, 0x22, 0x08, 0x45, 0x80, 0x08, 0x21,
  0x00, 0x14, 0x0a, 0x21, 0x48, 0x44, 0x01, 0x40, 0x04, 0x08, 0x14, 0x40,
  0x2b, 0x02, 0x0c, 0x01, 0x00, 0xc0, 0x14, 0x02, 0x44, 0x21, 0x06, 0x21,
  0x91, 0x0c, 0x2a, 0x9c, 0x21, 0x92, 0x8c, 0x40, 0x00, 0x15, 0x52, 0x2a,
  0x61, 0x22, 0x55, 0x68, 0x50, 0x1a, 0x28, 0x54, 0x2b, 0x4d, 0x5a, 0x2d,
  0x00, 0xaa, 0x25, 0xdb, 0x72, 0x96, 0x2a, 0x05, 0x96, 0x49, 0x1e, 0xa2,
  0x4f, 0x29, 0x0c, 0x34, 0x00, 0x31, 0x5f, 0x35, 0x52, 0x5c, 0x6a, 0x39,
  0x54, 0x6a, 0x34, 0x56, 0x51, 0x76, 0x3d, 0x2b, 0x00, 0xdc, 0xbd, 0xab,
  0x7e, 0xa3, 0x1d, 0x4a, 0x93, 0x1d, 0x4a, 0x1d, 0x6f, 0xda, 0x6b, 0x96,
  0x00, 0x3e, 0x1d, 0x6b, 0x7b, 0x6e, 0x3c, 0x69, 0x70, 0x71, 0x6a, 0x3c,
  0x2f, 0x7d, 0x5b, 0x3e, 0x00, 0xfe, 0xbf, 0xd9, 0x7f, 0xd5, 0x0f, 0x2f,
  0x85, 0x0f, 0x57, 0xbe, 0x4b, 0xbf, 0xe7, 0xfc, 0x00, 0x7f, 0x7f, 0x77,
  0x5d, 0x7e, 0x74, 0x6a, 0x74, 0x79, 0x7a, 0x5c, 0x7f, 0x7d, 0x5f, 0x7b,
  0x00, 0xff, 0x7f, 0xfb, 0x6f, 0x3f, 0x4f, 0x1f, 0x97, 0x4f, 0x1f, 0x77,
  0x7f, 0xef, 0xfd, 0xff, 0x00, 0x00, 0x00, 0x00, 0x00, 0x00, 0x00, 0x00,
  0x00, 0x00, 0x00, 0x00, 0x00, 0x00, 0x00, 0x00, 0x00, 0x00, 0x00, 0x00,
  0x00, 0x00, 0x00, 0x00, 0x00, 0x00, 0x00, 0x00, 0x00, 0x00, 0x00, 0x00,
  0x00, 0x7f, 0x7f, 0x7f, 0x7e, 0x7c, 0x78, 0x70, 0x60, 0x7c, 0x7c, 0x7c,
  0x7c, 0x7c, 0x7f, 0x7f, 0x00, 0xff, 0xff, 0x7f, 0x3f, 0x1f, 0x0f, 0x07,
  0x03, 0x1f, 0x1f, 0x1f, 0x1f, 0x1f, 0xff, 0xff, 0x00, 0x7f, 0x7f, 0x7f,
  0x7f, 0x7f, 0x60, 0x60, 0x60, 0x60, 0x60, 0x7f, 0x7f, 0x7f, 0x7f, 0x7f,
  0x00, 0xff, 0xff, 0x7f, 0x3f, 0x1f, 0x0f, 0x07, 0x03, 0x07, 0x0f, 0x1f,
  0x3f, 0x7f, 0xff, 0xff, 0x00, 0x7f, 0x7f, 0x7f, 0x7e, 0x7c, 0x78, 0x70,
  0x60, 0x70, 0x78, 0x7c, 0x7e, 0x7f, 0x7f, 0x7f, 0x00, 0xff, 0xff, 0x7f,
  0x7f, 0x7f, 0x03, 0x03, 0x03, 0x03, 0x03, 0x7f, 0x7f, 0x7f, 0xff, 0xff,
  0x00, 0x7f, 0x7f, 0x7c, 0x7c, 0x7c, 0x7c, 0x7c, 0x60, 0x70, 0x78, 0x7c,
  0x7e, 0x7f, 0x7f, 0x7f, 0x00, 0xff, 0xff, 0x1f, 0x1f, 0x1f, 0x1f, 0x1f,
  0x03, 0x07, 0x0f, 0x1f, 0x3f, 0x7f, 0xff, 0xff, 0x00, 0x7f, 0x7f, 0x7f,
  0x7f, 0x7e, 0x7c, 0x78, 0x70, 0x78, 0x7c, 0x7e, 0x7f, 0x7f, 0x7f, 0x7f,
  0x00, 0xff, 0xff, 0xff, 0x7f, 0x3f, 0x1f, 0x0f, 0x07, 0x0f, 0x1f, 0x3f,
  0x7f, 0xff, 0xff, 0xff, 0x00, 0x7f, 0x7f, 0x7f, 0x7f, 0x7f, 0x7f, 0x7f,
  0x7f, 0x7f, 0x7f, 0x7f, 0x7f, 0x7f, 0x7f, 0x7f, 0x00, 0xff, 0xff, 0xff,
  0xff, 0xff, 0xff, 0xff, 0xff, 0xff, 0xff, 0xff, 0xff, 0xff, 0xff, 0xff,
  0xff, 0xff, 0xff, 0xff, 0xff, 0xff, 0xff, 0xff, 0xff, 0xff, 0xff, 0xff,
  0xff, 0xff, 0xff, 0xff, 0xff, 0xff, 0xff, 0xff, 0xff, 0xff, 0xff, 0xff,
  0xff, 0xff, 0xff, 0xff, 0xff, 0xff, 0xff, 0xff, 0x06, 0x77, 0x77, 0x77,
  0x77, 0x77, 0x77, 0x77, 0x77, 0x77, 0x77, 0x77, 0x77, 0x77, 0x77, 0x77,
  0x77, 0x77, 0x77, 0x77, 0x77, 0x77, 0x77, 0x77, 0x77, 0x77, 0x77, 0x77,
  0x77, 0x77, 0x77, 0x77, 0x27, 0x22, 0x22, 0x22, 0x22, 0x22, 0x32, 0x33,
  0x33, 0x33, 0x33, 0x33, 0x33, 0x33, 0x73, 0x22, 0x22, 0x22, 0x22, 0x22,
  0x22, 0x22, 0x22, 0x22, 0x22, 0x22, 0x22, 0x22, 0x22, 0x22, 0x22, 0x22,
  0x22, 0x22, 0x22, 0x22, 0x72, 0x37, 0x33, 0x33, 0x33, 0x33, 0x33, 0x33,
  0x33, 0x33, 0x27, 0x22, 0x22, 0x22, 0x22, 0x22, 0x22, 0x22, 0x22, 0x22,
  0x22, 0x22, 0x22, 0x22, 0x22, 0x22, 0x22, 0x22, 0x22, 0x22, 0x22, 0x72,
  0x37, 0x33, 0x33, 0x33, 0x33, 0x33, 0x33, 0x33, 0x33, 0x33, 0x33, 0x33,
  0x33, 0x33, 0x33, 0x33, 0x33, 0x33, 0x73, 0x27, 0x22, 0x22, 0x22, 0x22,
  0x22, 0x22, 0x32, 0x33, 0x33, 0x33, 0x33, 0x33, 0x33, 0x77, 0x27, 0x22,
  0x22, 0x22, 0x22, 0x22, 0x22, 0x22, 0x22, 0x72, 0x37, 0x33, 0x33, 0x33,
  0x33, 0x73, 0x77, 0x77, 0x77, 0x77, 0x77, 0x77, 0x77, 0x77, 0x77, 0x77,
  0x77, 0x77, 0x77, 0x77, 0x77, 0x77, 0x07, 0x00, 0x00, 0x00, 0x00, 0x00,
  0x77, 0x22, 0x22, 0x22, 0x22, 0x22, 0x22, 0x22, 0x72, 0x37, 0x33, 0x33,
  0x33, 0x33, 0x33, 0x33, 0x77, 0x77, 0x77, 0x77, 0x77, 0x77, 0x77, 0x77,
  0x77, 0x77, 0x77, 0x77, 0x77, 0x77, 0x77, 0x77, 0x00, 0x00, 0x00, 0x00,
  0x00, 0x00, 0x00, 0x00, 0x00, 0x00, 0x00, 0x00, 0x00, 0x00, 0x00, 0x00,
  0x00, 0x00, 0x00, 0x00, 0x00, 0x00, 0x11, 0x11, 0x11, 0x11, 0x11, 0x11,
  0x11, 0x11, 0x71, 0x00, 0x00, 0x00, 0x00, 0x00, 0x00, 0x00, 0x00, 0x00,
  0x00, 0x00, 0x00, 0x00, 0x00, 0x70, 0x11, 0x11, 0x11, 0x11, 0x11, 0x71,
  0x33, 0x33, 0x33, 0x33, 0x33, 0x33, 0x33, 0x33, 0x33, 0x33, 0x33, 0x33,
  0x73, 0x17, 0x11, 0x11, 0x11, 0x11, 0x11, 0x11, 0x11, 0x11, 0x11, 0x11,
  0x11, 0x11, 0x71, 0x07, 0x00, 0x00, 0x00, 0x00, 0x00, 0x00, 0x00, 0x00,
  0x00, 0x00, 0x00, 0x00, 0x00, 0x70, 0x27, 0x22, 0x22, 0x22, 0x22, 0x22,
  0x22, 0x22, 0x72, 0x77, 0x11, 0x11, 0x11, 0x11, 0x11, 0x11, 0x11, 0x11,
  0x31, 0x33, 0x33, 0x33, 0x33, 0x33, 0x33, 0x33, 0x33, 0x33, 0x33, 0x33,
  0x33, 0x33, 0x33, 0x33, 0x33, 0x33, 0x27, 0x22, 0x22, 0x22, 0x22, 0x22,
  0x22, 0x22, 0x22, 0x22, 0x00, 0x00, 0x00, 0x00, 0x00, 0x00, 0x00, 0x00,
  0x00, 0x00, 0x00, 0x20, 0x22, 0x22, 0x22, 0x22, 0x22, 0x72, 0x77, 0x11,
  0x11, 0x11, 0x11, 0x11, 0x11, 0x11, 0x11, 0x11, 0x31, 0x33, 0x33, 0x33,
  0x33, 0x33, 0x33, 0x33, 0x33, 0x33, 0x33, 0x33, 0x73, 0x22, 0x22, 0x22,
  0x22, 0x22, 0x22, 0x22, 0x22, 0x22, 0x22, 0x22, 0x22, 0x22, 0x22, 0x22,
  0x22, 0x22, 0x72, 0x77, 0x77, 0x77, 0x77, 0x77, 0x77, 0x77, 0x77, 0x27,
  0x22, 0x22, 0x22, 0x22, 0x22, 0x72, 0x33, 0x33, 0x33, 0x33, 0x33, 0x33,
  0x33, 0x73, 0x22, 0x22, 0x22, 0x22, 0x22, 0x22, 0x22, 0x37, 0x33, 0x33,
  0x33, 0x33, 0x33, 0x77, 0x77, 0x77, 0x77, 0x77, 0x77, 0x77, 0x77, 0x77,
  0x77, 0x77, 0x77, 0x77, 0x77, 0x77, 0x77, 0x77, 0x77, 0x77, 0x33, 0x33,
  0x33, 0x73, 0x77, 0x77, 0x77, 0x77, 0x77, 0x77, 0x77, 0x77, 0x77, 0x77,
  0x77, 0x77, 0x77, 0x77, 0x77, 0x77, 0x77, 0x77, 0x77, 0x77, 0x77, 0x77,
  0x77, 0x37, 0x33, 0x33, 0x33, 0x73, 0x77, 0x77, 0x77, 0x77, 0x17, 0x11,
  0x11, 0x11, 0x11, 0x11, 0x11, 0x11, 0x11, 0x11, 0x77, 0x37, 0x33, 0x33,
  0x33, 0x33, 0x33, 0x33, 0x33, 0x33, 0x73, 0x77, 0x11, 0x11, 0x11, 0x11,
  0x11, 0x11, 0x11, 0x11, 0x11, 0x11, 0x11, 0x11, 0x11, 0x11, 0x11, 0x11,
  0x11, 0x77, 0x77, 0x00, 0x00, 0x00, 0x00, 0x00, 0x10, 0x11, 0x11, 0x11,
  0x11, 0x11, 0x11, 0x11, 0x11, 0x11, 0x11, 0x11, 0x11, 0x11, 0x11, 0x71,
  0x77, 0x77, 0x77, 0x77, 0x22, 0x22, 0x22, 0x22, 0x22, 0x72, 0x07, 0x00,
  0x00, 0x00, 0x00, 0x00, 0x00, 0x00, 0x00, 0x00, 0x00, 0x00, 0x00, 0x00,
  0x10, 0x11, 0x11, 0x11, 0x11, 0x11, 0x11, 0x11, 0x11, 0x11, 0x11, 0x11,
  0x11, 0x11, 0x11, 0x11, 0x11, 0x11, 0x11, 0x11, 0x11, 0x11, 0x11, 0x11,
  0x11, 0x11, 0x11, 0x11, 0x11, 0x11, 0x11, 0x11, 0x01, 0x00, 0x00, 0x00,
  0x00, 0x00, 0x00, 0x00, 0x00, 0x10, 0x11, 0x11, 0x11, 0x11, 0x11, 0x11,
  0x07, 0x00, 0x00, 0x00, 0x00, 0x00, 0x00, 0x00, 0x00, 0x00, 0x77, 0x77,
  0x77, 0x77, 0x77, 0x77, 0x77, 0x77, 0x77, 0x77, 0x77, 0x77, 0x77, 0x77,
  0x77, 0x77, 0x77, 0x77, 0x77, 0x77, 0x77, 0x77, 0x00, 0x00, 0x00, 0x00,
  0x00, 0x70, 0x77, 0x27, 0x22, 0x22, 0x22, 0x22, 0x22, 0x07, 0x00, 0x00,
  0x00, 0x00, 0x00, 0x00, 0x00, 0x00, 0x00, 0x70, 0x22, 0x22, 0x22, 0x22,
  0x22, 0x22, 0x22, 0x22, 0x22, 0x22, 0x22, 0x22, 0x22, 0x22, 0x72, 0x77,
  0x33, 0x33, 0x33, 0x33, 0x33, 0x33, 0x33, 0x33, 0x33, 0x33, 0x33, 0x33,
  0x33, 0x33, 0x33, 0x33, 0x33, 0x73, 0x17, 0x11, 0x11, 0x11, 0x11, 0x11,
  0x11, 0x11, 0x11, 0x11, 0x11, 0x11, 0x11, 0x71, 0x37, 0x33, 0x33, 0x33,
  0x33, 0x33, 0x33, 0x33, 0x33, 0x33, 0x33, 0x13, 0x11, 0x11, 0x11, 0x11,
  0x11, 0x11, 0x11, 0x33, 0x33, 0x33, 0x33, 0x33, 0x33, 0x33, 0x33, 0x33,
  0x33, 0x33, 0x33, 0x33, 0x33, 0x33, 0x33, 0x33, 0x33, 0x33, 0x33, 0x33,
  0x33, 0x33, 0x33, 0x33, 0x33, 0x33, 0x33, 0x33, 0x33, 0x73, 0x27, 0x22,
  0x22, 0x22, 0x22, 0x22, 0x22, 0x22, 0x22, 0x22, 0x22, 0x02, 0x00, 0x00,
  0x00, 0x00, 0x00, 0x00, 0x00, 0x00, 0x22, 0x22, 0x22, 0x22, 0x22, 0x22,
  0x22, 0x22, 0x22, 0x22, 0x22, 0x22, 0x22, 0x72, 0x77, 0x17, 0x11, 0x11,
  0x11, 0x11, 0x11, 0x11, 0x11, 0x11, 0x11, 0x11, 0x11, 0x11, 0x11, 0x11,
  0x11, 0x11, 0x11, 0x11, 0x11, 0x11, 0x71, 0x33, 0x33, 0x33, 0x33, 0x33,
  0x33, 0x33, 0x33, 0x33, 0x33, 0x33, 0x33, 0x33, 0x13, 0x11, 0x11, 0x11,
  0x11, 0x11, 0x71, 0x33, 0x33, 0x33, 0x33, 0x33, 0x33, 0x33, 0x33, 0x33,
  0x33, 0x33, 0x33, 0x33, 0x33, 0x33, 0x33, 0x33, 0x33, 0x33, 0x33, 0x33,
  0x33, 0x33, 0x33, 0x33, 0x33, 0x33, 0x33, 0x33, 0x33, 0x27, 0x22, 0x22,
  0x22, 0x22, 0x22, 0x37, 0x33, 0x33, 0x33, 0x33, 0x33, 0x33, 0x33, 0x33,
  0x33, 0x33, 0x33, 0x33, 0x33, 0x33, 0x33, 0x33, 0x17, 0x11, 0x11, 0x11,
  0x11, 0x11, 0x11, 0x11, 0x11, 0x11, 0x11, 0x11, 0x11, 0x11, 0x11, 0x11,
  0x11, 0x11, 0x11, 0x11, 0x11, 0x71, 0x77, 0x77, 0x77, 0x77, 0x77, 0x77,
  0x77, 0x77, 0x77, 0x77, 0x77, 0x77, 0x77, 0x77, 0x77, 0x77, 0x77, 0x77,
  0x77, 0xff, 0xff, 0xff, 0xff, 0xff, 0xff, 0xff, 0xff, 0xff, 0xff, 0xff,
  0xff, 0xff, 0xff, 0xff, 0xff, 0xff, 0xff, 0xff, 0xff, 0xff, 0xff, 0xff,
  0xff, 0xff, 0xff, 0xff, 0xff, 0xff, 0xff, 0xff, 0xff, 0xff, 0xff, 0xff,
  0xff, 0xff, 0xff, 0xff, 0xff, 0xff, 0xff, 0xff, 0xff, 0xff, 0xff, 0xff,
  0xff, 0xff, 0xff, 0xff, 0xff, 0xff, 0xff, 0xff, 0xff, 0xff, 0xff, 0xff,
  0xff, 0xff, 0xff, 0xff, 0xff, 0xff, 0xff, 0xff, 0xff, 0xff, 0xff, 0xff,
  0x00, 0x37, 0x01, 0x00, 0x07, 0xff, 0x01, 0x00, 0x07, 0xc0, 0x00, 0x38,
  0x01, 0x03, 0x03, 0x05, 0x08, 0x10, 0x20, 0x20, 0x80, 0xc0, 0xc0, 0x80,
  0x00, 0x9e, 0x01, 0x03, 0x0f, 0x1f, 0x3f, 0x7f, 0x0f, 0x7f, 0xff, 0x0e,
  0xf8, 0xff, 0x07, 0x00, 0x02, 0xc0, 0xe0, 0xf8, 0xfc, 0xfe, 0xfe, 0x00,
  0x2d, 0x01, 0x01, 0x01, 0x40, 0x40, 0x80, 0x80, 0x80, 0x80, 0x00, 0x14,
  0x01, 0x06, 0x18, 0x30, 0x60, 0xc0, 0x01, 0x3b, 0xc3, 0x01, 0x00, 0x04,
  0x80, 0xc0, 0xc0, 0x80, 0x00, 0x75, 0x01, 0x03, 0x03, 0x07, 0x0f, 0x8f,
  0x1f, 0xff, 0x1f, 0xfe, 0xfc, 0xf8, 0xf0, 0xe0, 0xc0, 0xbf, 0x7f, 0xff,
  0x01, 0x00, 0x05, 0xe0, 0xe0, 0xe0, 0x00, 0x0d, 0x7f, 0x7f, 0xff, 0x01,
  0x00, 0x05, 0xff, 0x03, 0x00, 0x04, 0x01, 0xc7, 0x9f, 0xbf, 0x03, 0x03,
  0x00, 0x01, 0x3f, 0xff, 0x04, 0x00, 0x03, 0xe0, 0xfc, 0xff, 0x03, 0x00,
  0x06, 0xc3, 0xf7, 0x01, 0x01, 0x00, 0x01, 0x07, 0x3f, 0xff, 0x03, 0x80,
  0x80, 0x00, 0x01, 0xf0, 0xfe, 0xff, 0x03, 0x00, 0x05, 0xdf, 0xef, 0xfb,
  0x00, 0x05, 0xff, 0x03, 0x00, 0x05, 0xff, 0x03, 0x00, 0x05, 0xff, 0x03,
  0x00, 0x05, 0xfd, 0xfd, 0xfd, 0x00, 0x05, 0xff, 0x03, 0x00, 0x05, 0xfd,
  0xfd, 0xfd, 0x00, 0x05, 0xff, 0x03, 0x00, 0x05, 0xff, 0x03, 0x00, 0x06,
  0xe0, 0xf8, 0x00, 0x29, 0x02, 0x00, 0x01, 0x04, 0x04, 0x00, 0x01, 0x08,
  0x08, 0x1f, 0x1f, 0x3f, 0x3f, 0x3f, 0x7f, 0x7f, 0x7f, 0xff, 0x09, 0xfe,
  0xfc, 0xfb, 0xf0, 0xe0, 0xe0, 0xc0, 0x80, 0x00, 0x02, 0xe0, 0x38, 0x09,
  0x01, 0x01, 0xfd, 0x3b, 0x17, 0x1f, 0x1f, 0x1f, 0x1f, 0x1f, 0xff, 0x08,
  0xe0, 0xe0, 0xe0, 0xe0, 0xe0, 0xe0, 0xe0, 0xe0, 0x00, 0x01, 0x05, 0x01,
  0x0b, 0x03, 0x17, 0x07, 0x2f, 0xff, 0x0a, 0xfe, 0xfe, 0xfd, 0xfd, 0xfb,
  0xfb, 0x7f, 0x7f, 0xff, 0x16, 0xfb, 0xfd, 0xfe, 0xfe, 0xff, 0x08, 0x7f,
  0xbf, 0xbf, 0xdf, 0xff, 0x08, 0xfd, 0xfe, 0xff, 0x08, 0x7f, 0xbf, 0xbf,
  0xdf, 0xdf, 0xef, 0xff, 0x10, 0xfd, 0xfd, 0xfd, 0xfd, 0xfd, 0xfd, 0xfd,
  0xfd, 0xff, 0x08, 0xfd, 0xfd, 0xfd, 0xfd, 0xfd, 0xfd, 0xfd, 0xfd, 0xff,
  0x10, 0xfc, 0xfe, 0xff, 0x06, 0x00, 0x03, 0x80, 0xc0, 0xc0, 0xe0, 0xe0,
  0x00, 0x21, 0x10, 0x10, 0x10, 0x10, 0x10, 0x10, 0x10, 0x7f, 0x7f, 0x7f,
  0x7f, 0x7f, 0x7f, 0x7f, 0x7f, 0xff, 0x08, 0xc0, 0xc0, 0xc0, 0xc0, 0xc0,
  0xe0, 0xe0, 0xf0, 0x01, 0x01, 0x01, 0x01, 0x01, 0x01, 0x01, 0x01, 0x1f,
  0x1f, 0x1f, 0x1f, 0x1f, 0x1f, 0x1f, 0x1f, 0xff, 0x08, 0xe0, 0xe0, 0xe0,
  0xe0, 0xe0, 0xe1, 0xe0, 0xe2, 0x0f, 0x5f, 0x1f, 0xbf, 0x3f, 0x7f, 0x7f,
  0xff, 0x09, 0xf7, 0xf7, 0xef, 0xef, 0xdf, 0xdf, 0xbf, 0xbf, 0xff, 0x0d,
  0xfc, 0xe0, 0xc0, 0xff, 0x06, 0x3f, 0x1f, 0xff, 0x08, 0xdf, 0xef, 0xef,
  0xef, 0xf7, 0xf6, 0xf0, 0xf7, 0xff, 0x05, 0x3f, 0x0f, 0x07, 0xff, 0x08,
  0xef, 0xf7, 0xf7, 0xf7, 0xfb, 0xfb, 0xfb, 0xfb, 0xff, 0x0d, 0xe0, 0xe3,
  0xe3, 0xfd, 0xfd, 0xfd, 0xfd, 0xfd, 0x01, 0xff, 0x03, 0x80, 0x80, 0xbe,
  0x80, 0x82, 0x80, 0xfc, 0xfd, 0x01, 0x7f, 0x7f, 0x7f, 0x7f, 0x7f, 0x7f,
  0xf8, 0xf8, 0xfb, 0xf9, 0xf8, 0xf8, 0xf8, 0xf8, 0x3f, 0x0f, 0x07, 0xc3,
  0x63, 0x33, 0x17, 0x0f, 0xff, 0x08, 0xe0, 0xf0, 0xf0, 0xf0, 0xf0, 0xf0,
  0xf0, 0xf0, 0x00, 0x20, 0x10, 0x10, 0x10, 0x18, 0x08, 0x08, 0x0c, 0x04,
  0x3f, 0x3f, 0x3f, 0x1f, 0x1f, 0x0f, 0x0f, 0x07, 0xff, 0x08, 0xf8, 0xfc,
  0xfe, 0xff, 0x05, 0x01, 0x01, 0x01, 0x81, 0xe1, 0xfc, 0xff, 0x02, 0x1f,
  0x1f, 0x1f, 0x1f, 0x1f, 0x1f, 0x9f, 0xf7, 0xff, 0x08, 0xe0, 0xe5, 0xe1,
  0xeb, 0xe3, 0xe7, 0xe7, 0xef, 0xff, 0x0a, 0xfe, 0xfe, 0xfc, 0xfc, 0xf8,
  0xf8, 0x7f, 0x7f, 0xff, 0x0b, 0xfe, 0xfe, 0xfe, 0x98, 0x4e, 0x03, 0x01,
  0x00, 0x02, 0x01, 0x01, 0x0f, 0x0f, 0x17, 0x97, 0x97, 0x5b, 0x5b, 0x5b,
  0xff, 0x08, 0xf1, 0xf8, 0xf8, 0xf8, 0xf8, 0xf8, 0xf8, 0xf8, 0xc7, 0x63,
  0x23, 0x33, 0x11, 0x11, 0x19, 0x09, 0xff, 0x08, 0xfb, 0xfd, 0xfd, 0xfd,
  0xfd, 0xfd, 0xfd, 0xfd, 0xff, 0x08, 0xe3, 0xe3, 0xe3, 0xe3, 0xe3, 0xe3,
  0xe3, 0xe3, 0xff, 0x08, 0xfc, 0xfc, 0xfc, 0xfc, 0xfc, 0xfc, 0xfc, 0xfc,
  0x7f, 0x7f, 0x7f, 0x7f, 0x7f, 0x7f, 0x7f, 0x7f, 0xf8, 0xff, 0x07, 0x3f,
  0xff, 0x0e, 0xfe, 0xe0, 0xe0, 0xe0, 0xc0, 0xc0, 0x80, 0x00, 0x22, 0x06,
  0x02, 0x03, 0x01, 0x00, 0x04, 0x03, 0x01, 0x00, 0x01, 0x80, 0xc0, 0x60,
  0x30, 0x18, 0xff, 0x03, 0x7f, 0x3f, 0x1f, 0x0f, 0x03, 0xff, 0x10, 0xfe,
  0xff, 0x08, 0xbf, 0xef, 0xfb, 0xfd, 0xff, 0x03, 0xef, 0xff, 0x04, 0x7f,
  0xbf, 0xdf, 0xff, 0x08, 0xf0, 0xf0, 0xe8, 0xe8, 0xc8, 0xc8, 0x88, 0x88,
  0xff, 0x08, 0xfe, 0xfe, 0xfe, 0xfe, 0xfe, 0xfe, 0xfe, 0xfe, 0x01, 0x01,
  0x01, 0x01, 0x01, 0x01, 0x01, 0x01, 0x1b, 0x1b, 0x1b, 0x1b, 0x1b, 0x1b,
  0x1b, 0x1b, 0xff, 0x08, 0xf8, 0xf8, 0xf8, 0xf8, 0xf8, 0xf8, 0xf8, 0xf8,
  0x09, 0x09, 0x09, 0x09, 0x09, 0x09, 0x0b, 0x0b, 0xff, 0x08, 0xfd, 0xfd,
  0xfd, 0xfd, 0xfd, 0xfd, 0xfd, 0xfd, 0xff, 0x08, 0xe3, 0xe3, 0xe3, 0xe3,
  0xe3, 0xe3, 0xe3, 0xe3, 0xff, 0x08, 0xfc, 0x82, 0x82, 0xa2, 0x82, 0x82,
  0x80, 0xff, 0x01, 0x7f, 0x7f, 0x7f, 0x7f, 0x7f, 0x7f, 0x01, 0xfd, 0xff,
  0x05, 0xfb, 0xf9, 0xf9, 0xff, 0x08, 0xfc, 0xf0, 0xe0, 0xf0, 0xf8, 0xfc,
  0xfe, 0xff, 0x01, 0x00, 0x30, 0x0c, 0x06, 0x03, 0x00, 0x05, 0x01, 0x00,
  0x01, 0x80, 0xc0, 0x70, 0x1c, 0x07, 0x01, 0xff, 0x01, 0x7f, 0x1f, 0x07,
  0x00, 0x03, 0xe0, 0xff, 0x05, 0x3f, 0x0f, 0x03, 0xff, 0x10, 0xef, 0xf7,
  0xfb, 0xfd, 0xfe, 0xff, 0x05, 0xfe, 0xfe, 0xfc, 0x7e, 0xbf, 0xbf, 0x08,
  0x08, 0x08, 0x08, 0x08, 0x08, 0x08, 0x88, 0xff, 0x08, 0xfe, 0xfe, 0xfe,
  0xfe, 0xfe, 0xff, 0x03, 0x01, 0x01, 0x01, 0x01, 0x01, 0x00, 0x03, 0x1b,
  0x0b, 0x2b, 0x2b, 0xab, 0xa3, 0xa7, 0xa7, 0xff, 0x08, 0xf8, 0xf8, 0xf8,
  0xf8, 0xfa, 0xfb, 0xfb, 0xfb, 0x03, 0x17, 0x17, 0x0f, 0x3f, 0xff, 0x0b,
  0xfd, 0xfd, 0xfb, 0xfb, 0xfb, 0xf3, 0xf3, 0xf3, 0xff, 0x08, 0xe3, 0xe3,
  0xe3, 0xe3, 0xe3, 0xe3, 0xe3, 0xe3, 0xff, 0x10, 0xfd, 0xfd, 0xfd, 0xfd,
  0xfd, 0xfd, 0xfd, 0xfd, 0xf8, 0xf8, 0xf8, 0xfa, 0xfb, 0xf9, 0xf8, 0xf8,
  0xff, 0x01, 0x7f, 0x3f, 0x1f, 0x1f, 0x8f, 0x87, 0xc3, 0xff, 0x08, 0x80,
  0xc0, 0xe0, 0xf0, 0xf8, 0xfc, 0xfe, 0xff, 0x01, 0x00, 0x38, 0x38, 0x0e,
  0x03, 0x00, 0x07, 0x80, 0xf0, 0x1c, 0x07, 0x00, 0x01, 0x01, 0x7f, 0x1f,
  0x0f, 0x1b, 0x1d, 0x1e, 0x9e, 0x1f, 0xff, 0x07, 0x7f, 0xff, 0x08, 0xdf,
  0xef, 0xef, 0xf7, 0xf7, 0xfb, 0xfb, 0xfd, 0xe8, 0xf0, 0xfc, 0xff, 0x06,
  0x7f, 0x7f, 0x7f, 0xbf, 0xdf, 0xf7, 0xfb, 0xff, 0x08, 0x80, 0x80, 0xc0,
  0xe0, 0xf8, 0xff, 0x03, 0xaf, 0x0f, 0x5f, 0x3f, 0xff, 0x0c, 0xfb, 0xf7,
  0xf7, 0xf7, 0xf7, 0xef, 0xef, 0xef, 0xff, 0x0f, 0xfe, 0xe3, 0xe3, 0xd3,
  0xd3, 0x93, 0x10, 0x10, 0x1f, 0xff, 0x04, 0xf8, 0x00, 0x01, 0x1f, 0xc0,
  0xe3, 0xe3, 0xe0, 0xe0, 0x1f, 0x00, 0x03, 0xff, 0x02, 0x00, 0x02, 0xff,
  0x01, 0x00, 0x03, 0xff, 0x02, 0x00, 0x02, 0xff, 0x01, 0x00, 0x03, 0xfd,
  0xfd, 0x00, 0x02, 0xef, 0x00, 0x03, 0xf8, 0xf8, 0x00, 0x02, 0xc0, 0x00,
  0x03, 0x63, 0x31, 0x10, 0x18, 0x0c, 0x07, 0x00, 0x02, 0xff, 0x03, 0x1f,
  0x01, 0x80, 0xf8, 0x0f, 0xff, 0x05, 0x0f, 0x00, 0x01, 0xc0, 0x80, 0xc0,
  0xe0, 0xf0, 0xf8, 0xfc, 0x7e, 0x07, 0x00, 0x38, 0x01, 0x01, 0x01, 0x01,
  0x01, 0x01, 0x01, 0x01, 0x1f, 0x1f, 0x1f, 0x1f, 0x1f, 0x1f, 0x1f, 0x1f,
  0xbf, 0xbf, 0xdf, 0xdf, 0xdf, 0xef, 0xef, 0xef, 0xff, 0x08, 0xfd, 0xfd,
  0xfe, 0xfe, 0xfe, 0xfe, 0xfe, 0xff, 0x08, 0x7f, 0xfe, 0xff, 0x08, 0x7f,
  0xdf, 0xef, 0xfb, 0xfd, 0xff, 0x08, 0x7f, 0xbf, 0xff, 0x0d, 0xfe, 0xfc,
  0xfb, 0xdf, 0xdf, 0xbf, 0x3f, 0x7f, 0x3f, 0x07, 0x00, 0x01, 0xff, 0x05,
  0xfe, 0xf0, 0x04, 0xfc, 0xf8, 0xf0, 0xc0, 0x80, 0x00, 0x4b, 0x7e, 0x03,
  0x00, 0x07, 0xe0, 0x38, 0x00, 0x1c, 0x01, 0x00, 0x05, 0x03, 0x1f, 0xff,
  0x01, 0x00, 0x03, 0x03, 0x3f, 0xff, 0x03, 0x00, 0x05, 0x80, 0x80, 0xc0,
  0x00, 0x08, 0x01, 0x01, 0x01, 0x01, 0x01, 0x01, 0x01, 0x01, 0x1f, 0x1f,
  0x1f, 0x1f, 0x1f, 0x1f, 0x1f, 0x1f, 0xef, 0xef, 0xdf, 0xdf, 0xdf, 0xbf,
  0xbf, 0x7f, 0xff, 0x10, 0x7f, 0x7f, 0x3f, 0x1f, 0x07, 0x03, 0x00, 0x02,
  0xff, 0x07, 0x7f, 0xff, 0x08, 0xef, 0xf7, 0xfd, 0xfe, 0xff, 0x08, 0xbc,
  0xc2, 0xf0, 0xf8, 0xf1, 0xe0, 0x80, 0x00, 0x05, 0xe0, 0x3f, 0x00, 0x06,
  0x30, 0x80, 0x00, 0x6c, 0x02, 0x02, 0x00, 0x02, 0x0f, 0x0f, 0x0f, 0x07,
  0x07, 0x07, 0x1f, 0xff, 0x17, 0xe0, 0xe0, 0xf0, 0xf8, 0xfe, 0xff, 0x03,
  0x00, 0x06, 0xc0, 0xfc, 0x01, 0x01, 0x01, 0x01, 0x01, 0x01, 0x00, 0x01,
  0x03, 0x1e, 0x1e, 0x1d, 0x1b, 0x1f, 0x1f, 0x7f, 0xff, 0x11, 0xfe, 0xfe,
  0xfe, 0xfe, 0xfe, 0xfc, 0xfc, 0xfc, 0x60, 0x30, 0x1c, 0x06, 0x03, 0x00,
  0x03, 0x1f, 0x0f, 0x03, 0x01, 0x80, 0xc0, 0x70, 0x19, 0xff, 0x03, 0xfc,
  0xc0, 0x01, 0x1c, 0xc0, 0xff, 0x01, 0xfc, 0xc0, 0x01, 0x1c, 0xc0, 0x00,
  0x02, 0xc0, 0x00, 0x02, 0x80, 0x00, 0x24, 0xfc, 0xe2, 0xe2, 0xfc, 0xe2,
  0xe2, 0xfc, 0x00, 0x01, 0xe2, 0xe2, 0x74, 0x38, 0x38, 0x38, 0x38, 0x00,
  0x09, 0xf8, 0xe4, 0xe2, 0xe4, 0xf8, 0xe4, 0xe2, 0x00, 0x01, 0x38, 0x64,
  0xe2, 0xe2, 0xe2, 0x64, 0x38, 0x00, 0x01, 0xc2, 0xe2, 0xf2, 0xea, 0xe6,
  0xe2, 0xe2, 0x00, 0x01, 0x38, 0x74, 0xe2, 0xe2, 0xfe, 0xe2, 0xe2, 0x00,
  0x01, 0xe0, 0xe0, 0xe0, 0xe0, 0xe0, 0xe0, 0xfe, 0x00, 0x01, 0xf8, 0xe4,
  0xe2, 0xe2, 0xe2, 0xe4, 0xf8, 0x00, 0x11, 0x03, 0x01, 0x01, 0x01, 0x00,
  0x04, 0x03, 0x03, 0x01, 0x81, 0x80, 0xc0, 0x40, 0x60, 0xff, 0x06, 0x7f,
  0x7f, 0xff, 0x40, 0xf8, 0xf8, 0xf0, 0xf0, 0xe0, 0xe0, 0xc0, 0xc0, 0x00,
  0x08, 0x0c, 0x00, 0x9f, 0x20, 0x30, 0x10, 0x18, 0x0c, 0x04, 0x06, 0x03,
  0x3f, 0x1f, 0x1f, 0x0f, 0x07, 0x03, 0x01, 0x00, 0x01, 0xff, 0x3b, 0xfe,
  0xfc, 0xf8, 0xf0, 0xe0, 0x80, 0x00, 0x1f, 0xf8, 0xe4, 0xe2, 0xe4, 0xf8,
  0xe0, 0xe0, 0x00, 0x01, 0x7c, 0x38, 0x38, 0x38, 0x38, 0x38, 0x7c, 0x00,
  0x01, 0xfe, 0xe0, 0xe0, 0xfc, 0xe0, 0xe0, 0xfe, 0x00, 0x01, 0xe2, 0xe4,
  0xe8, 0xf0, 0xe8, 0xe4, 0xe2, 0x00, 0x01, 0xfe, 0xe0, 0xe0, 0xfc, 0xe0,
  0xe0, 0xfe, 0x00, 0x01, 0xfe, 0x38, 0x38, 0x38, 0x38, 0x38, 0x38, 0x00,
  0x09, 0xe2, 0xe2, 0xe2, 0xea, 0xea, 0xf6, 0xe2, 0x00, 0x01, 0xfe, 0xe0,
  0xe0, 0xfc, 0xe0, 0xe0, 0xfe, 0x00, 0x01, 0xfe, 0xe0, 0xe0, 0xfc, 0xe0,
  0xe0, 0xfe, 0x00, 0x01, 0x78, 0xe4, 0xf0, 0x7c, 0x1e, 0x8e, 0x7c, 0x00,
  0x01, 0xfe, 0xe0, 0xe0, 0xfc, 0xe0, 0xe0, 0xfe, 0x00, 0x01, 0xf8, 0xe4,
  0xe2, 0xe4, 0xf8, 0xe4, 0xe2, 0x00, 0x01, 0x7c, 0x38, 0x38, 0x38, 0x38,
  0x38, 0x7c, 0x00, 0x01, 0xe2, 0xe4, 0xe8, 0xf0, 0xe8, 0xe4, 0xe2, 0x00,
  0x19, 0x01, 0x00, 0x07, 0x80, 0xc0, 0x60, 0x30, 0x18, 0x0c, 0x06, 0x03,
  0x7f, 0x3f, 0x1f, 0x0f, 0x03, 0x01, 0x00, 0x01, 0x80, 0xff, 0x06, 0x7f,
  0x1f, 0xff, 0x23, 0xfe, 0xf8, 0xf0, 0xc0, 0x20, 0xc0, 0x80, 0x00, 0xc6,
  0xc0, 0x70, 0x1c, 0x07, 0x01, 0x00, 0x03, 0x07, 0x01, 0x00, 0x02, 0xc0,
  0x78, 0x0f, 0x00, 0x01, 0xff, 0x02, 0x3f, 0x01, 0x00, 0x02, 0xc0, 0x7f,
  0xff, 0x04, 0x00, 0x02, 0x01, 0xfc, 0xff, 0x03, 0xf0, 0x00, 0x01, 0x0e,
  0xe0, 0x00, 0x01, 0xfc, 0xf1, 0x04, 0x10, 0xc0, 0x00, 0x23, 0x38, 0x44,
  0x9a, 0xa2, 0x9a, 0x44, 0x38, 0x00, 0x01, 0x38, 0x78, 0x38, 0x38, 0x38,
  0x38, 0x7c, 0x00, 0x01, 0x7c, 0xe2, 0xe2, 0xe2, 0x7e, 0x02, 0x7c, 0x00,
  0x01, 0x7c, 0xe2, 0xe2, 0x7c, 0xe2, 0xe2, 0x7c, 0x00, 0x01, 0xfe, 0x0e,
  0x1c, 0x38, 0x38, 0x38, 0x38, 0x00, 0x09, 0xfc, 0xe2, 0xe2, 0xfc, 0xe2,
  0xe2, 0xfc, 0x00, 0x01, 0xe2, 0xe2, 0x74, 0x38, 0x38, 0x38, 0x38, 0x00,
  0x01, 0xfe, 0x38, 0x38, 0x38, 0x38, 0x38, 0x38, 0x00, 0x01, 0xfe, 0xe0,
  0xe0, 0xfc, 0xe0, 0xe0, 0xfe, 0x00, 0x01, 0xfc, 0xe2, 0xe2, 0xfc, 0xe2,
  0xe2, 0xfc, 0x00, 0x01, 0xe2, 0xe2, 0xe2, 0xe2, 0xe2, 0xe2, 0x7c, 0x00,
  0x01, 0x78, 0xe4, 0xf0, 0x7c, 0x1e, 0x8e, 0x7c, 0x00, 0x01, 0xfe, 0x38,
  0x38, 0x38, 0x38, 0x38, 0x38, 0x00, 0x01, 0xfe, 0xe0, 0xe0, 0xfc, 0xe0,
  0xe0, 0xfe, 0x00, 0x01, 0xf8, 0xe4, 0xe2, 0xe4, 0xf8, 0xe4, 0xe2, 0x00,
  0x01, 0x78, 0xe4, 0xf0, 0x7c, 0x1e, 0x8e, 0x7c, 0x00, 0x11, 0x00, 0x00,
  0x00, 0x00, 0x00, 0x00, 0x00, 0x00, 0x00, 0x00, 0x00, 0x00, 0x00, 0x00,
  0x00, 0x00, 0x00, 0x00, 0x00, 0x00, 0x00, 0x00, 0x00, 0x00, 0x00, 0x00,
  0x00, 0x00, 0x00, 0x00, 0x00, 0x00, 0x00, 0x00, 0x00, 0x00, 0x00, 0x00,
  0x00, 0x00, 0x00, 0x00, 0x00, 0x00, 0x00, 0x00, 0x00, 0x00, 0x00, 0x00,
  0x00, 0x00, 0x00, 0x00, 0x00, 0x00, 0x00, 0x00, 0x00, 0x00, 0x00, 0x00,
  0x00, 0x00, 0x00, 0x00, 0x00, 0x00, 0x00, 0x00, 0x00, 0x00, 0x00, 0x00,
  0x00, 0x00, 0x00, 0x00, 0x00, 0x00, 0x00, 0x00, 0x00, 0x00, 0x00, 0x00,
  0x00, 0x00, 0x00, 0x00, 0x00, 0x00, 0x00, 0x00, 0x00, 0x00, 0x00, 0x00,
  0xff, 0xff, 0xff, 0xff, 0xff, 0xff, 0xff, 0xff, 0xff, 0xff, 0xff, 0xff,
  0xff, 0xff, 0xff, 0xff, 0xff, 0xff, 0xff, 0xff, 0xff, 0xff, 0xff, 0xff,
  0xff, 0xff, 0xff, 0xff, 0xff, 0xff, 0xff, 0xff, 0xff, 0xff, 0xff, 0xff,
  0xff, 0xff, 0xff, 0xff, 0xff, 0xff, 0xff, 0xff, 0xff, 0xff, 0xff, 0xff,
  0xff, 0xff, 0xff, 0xff, 0xff, 0xff, 0xff, 0xff, 0xff, 0xff, 0xff, 0xff,
  0xff, 0xff, 0xff, 0xff, 0xff, 0xff, 0xff, 0xff, 0xff, 0xff, 0xff, 0xff,
  0xff, 0xff, 0xff, 0xff, 0xff, 0xff, 0xff, 0xff, 0xff, 0xff, 0xff, 0xff,
  0xff, 0xff, 0xff, 0xff, 0xff, 0xff, 0xff, 0xff, 0xff, 0xff, 0xff, 0xff,
  0xff, 0xff, 0xff, 0xff, 0xff, 0xff, 0xff, 0xff, 0xff, 0xff, 0xff, 0xff,
  0xff, 0xff, 0xff, 0xff, 0xff, 0xff, 0xff, 0xff, 0xff, 0xff, 0xff, 0xff,
  0xff, 0xff, 0xff, 0xff, 0xff, 0xff, 0xff, 0xff, 0x00, 0x00, 0x00, 0x00,
  0x00, 0x00, 0x00, 0x00, 0x00, 0x00, 0x00, 0x00, 0x00, 0x00, 0x00, 0x00,
  0x00, 0x00, 0x00, 0x00, 0x00, 0x00, 0x00, 0x00, 0x00, 0x00, 0x00, 0x00,
  0x00, 0x00, 0x00, 0x00, 0x00, 0x00, 0x00, 0x00, 0x00, 0x00, 0x00, 0x00,
  0x00, 0x00, 0x00, 0x00, 0x00, 0x00, 0x00, 0x00, 0x00, 0x00, 0x00, 0x00,
  0x00, 0x00, 0x00, 0x00, 0x00, 0x00, 0x00, 0x00, 0x00, 0x00, 0x00, 0x00,
  0x00, 0x00, 0x00, 0x00, 0x00, 0x00, 0x00, 0x00, 0x00, 0x00, 0x00, 0x00,
  0x00, 0x00, 0x00, 0x00, 0x00, 0x00, 0x00, 0x00, 0x00, 0x00, 0x00, 0x00,
  0x00, 0x00, 0x00, 0x00, 0x00, 0x00, 0x00, 0x00, 0x00, 0x00, 0x00, 0x00,
  0x00, 0x00, 0x00, 0x00, 0x00, 0x00, 0x00, 0x00, 0x00, 0x00, 0x00, 0x00,
  0x00, 0x00, 0x00, 0x00, 0x00, 0x00, 0x00, 0x00, 0x00, 0x00, 0x00, 0x00,
  0x00, 0x00, 0x00, 0x00, 0xff, 0xff, 0xff, 0xff, 0xff, 0xff, 0xff, 0xff,
  0xff, 0xff, 0xff, 0xff, 0xff, 0xff, 0xff, 0xff, 0xff, 0xff, 0xff, 0xff,
  0xff, 0xff, 0xff, 0xff, 0xff, 0xff, 0xff, 0xff, 0xff, 0xff, 0xff, 0xff,
  0xff, 0xff, 0xff, 0xff, 0xff, 0xff, 0xff, 0xff, 0xff, 0xff, 0xff, 0xff,
  0xff, 0xff, 0xff, 0xff, 0xff, 0xff, 0xff, 0xff, 0xff, 0xff, 0xff, 0xff,
  0xff, 0xff, 0xff, 0xff, 0xff, 0xff, 0xff, 0xff, 0xff, 0xff, 0xff, 0xff,
  0xff, 0xff, 0xff, 0xff, 0xff, 0xff, 0xff, 0xff, 0xff, 0xff, 0xff, 0xff,
  0xff, 0xff, 0xff, 0xff, 0xff, 0xff, 0xff, 0xff, 0xff, 0xff, 0xff, 0xff,
  0xff, 0xff, 0xff, 0xff, 0xff, 0xff, 0xff, 0xff, 0xff, 0xff, 0xff, 0xff,
  0xff, 0xff, 0xff, 0xff, 0xff, 0xff, 0xff, 0xff, 0xff, 0xff, 0xff, 0xff,
  0xff, 0xff, 0xff, 0xff, 0xff, 0xff, 0xff, 0xff, 0xff, 0xff, 0xff, 0xff,
  0x00, 0x00, 0x00, 0x00, 0x00, 0x00, 0x00, 0x00, 0x00, 0x00, 0x00, 0x00,
  0x00, 0x00, 0x00, 0x00, 0x00, 0x00, 0x00, 0x00, 0x00, 0x00, 0x00, 0x00,
  0x00, 0x00, 0x00, 0x00, 0x00, 0x00, 0x00, 0x00, 0x00, 0x00, 0x00, 0x00,
  0x00, 0x00, 0x00, 0x00, 0x00, 0x00, 0x00, 0x00, 0x00, 0x00, 0x00, 0x00,
  0x00, 0x00, 0x00, 0x00, 0x00, 0x00, 0x00, 0x00, 0x00, 0x00, 0x00, 0x00,
  0x00, 0x00, 0x00, 0x00, 0x00, 0x00, 0x00, 0x00, 0x00, 0x00, 0x00, 0x00,
  0x00, 0x00, 0x00, 0x00, 0x00, 0x00, 0x00, 0x00, 0x00, 0x00, 0x00, 0x00,
  0x00, 0x00, 0x00, 0x00, 0x00, 0x00, 0x00, 0x00, 0x00, 0x00, 0x00, 0x00,
  0x00, 0x00, 0x00, 0x00, 0x00, 0x00, 0x00, 0x00, 0x00, 0x00, 0x00, 0x00,
  0x00, 0x00, 0x00, 0x00, 0x00, 0x00, 0x00, 0x00, 0x00, 0x00, 0x00, 0x00,
  0x00, 0x00, 0x00, 0x00, 0x00, 0x00, 0x00, 0x00, 0xff, 0xff, 0xff, 0xff,
  0xff, 0xff, 0xff, 0xff, 0xff, 0xff, 0xff, 0xff, 0xff, 0xff, 0xff, 0xff,
  0xff, 0xff, 0xff, 0xff, 0xff, 0xff, 0xff, 0xff, 0xff, 0xff, 0xff, 0xff,
  0xff, 0xff, 0xff, 0xff, 0xff, 0xff, 0xff, 0xff, 0xff, 0xff, 0xff, 0xff,
  0xff, 0xff, 0xff, 0xff, 0xff, 0xff, 0xff, 0xff, 0xff, 0xff, 0xff, 0xff,
  0xff, 0xff, 0xff, 0xff, 0xff, 0xff, 0xff, 0xff, 0xff, 0xff, 0xff, 0xff,
  0xff, 0xff, 0xff, 0xff, 0xff, 0xff, 0xff, 0xff, 0xff, 0xff, 0xff, 0xff,
  0xff, 0xff, 0xff, 0xff, 0xff, 0xff, 0xff, 0xff, 0xff, 0xff, 0xff, 0xff,
  0xff, 0xff, 0xff, 0xff, 0xff, 0xff, 0xff, 0xff, 0xff, 0xff, 0xff, 0xff,
  0xff, 0xff, 0xff, 0xff, 0xff, 0xff, 0xff, 0xff, 0xff, 0xff, 0xff, 0xff,
  0xff, 0xff, 0xff, 0xff, 0xff, 0xff, 0xff, 0xff, 0xff, 0xff, 0xff, 0xff,
  0xff, 0xff, 0xff, 0xff, 0x00, 0x00, 0x00, 0x00, 0x00, 0x00, 0x00, 0x00,
  0x00, 0x00, 0x00, 0x00, 0x00, 0x00, 0x00, 0x00, 0x00, 0x00, 0x00, 0x00,
  0x00, 0x00, 0x00, 0x00, 0x00, 0x00, 0x00, 0x00, 0x00, 0x00, 0x00, 0x00,
  0x00, 0x00, 0x00, 0x00, 0x00, 0x00, 0x00, 0x00, 0x00, 0x00, 0x00, 0x00,
  0x00, 0x00, 0x00, 0x00, 0x00, 0x00, 0x00, 0x00, 0x00, 0x00, 0x00, 0x00,
  0x00, 0x00, 0x00, 0x00, 0x00, 0x00, 0x00, 0x00, 0x00, 0x00, 0x00, 0x00,
  0x00, 0x00, 0x00, 0x00, 0x00, 0x00, 0x00, 0x00, 0x00, 0x00, 0x00, 0x00,
  0x00, 0x00, 0x00, 0x00, 0x00, 0x00, 0x00, 0x00, 0x00, 0x00, 0x00, 0x00,
  0x00, 0x00, 0x00, 0x00, 0x00, 0x00, 0x00, 0x00, 0x00, 0x00, 0x00, 0x00,
  0x00, 0x00, 0x00, 0x00, 0x00, 0x00, 0x00, 0x00, 0x00, 0x00, 0x00, 0x00,
  0x00, 0x00, 0x00, 0x00, 0x00, 0x00, 0x00, 0x00, 0x00, 0x00, 0x00, 0x00,
  0xff, 0xff, 0xff, 0xff, 0xff, 0xff, 0xff, 0xff, 0xff, 0xff, 0xff, 0xff,
  0xff, 0xff, 0xff, 0xff, 0xff, 0xff, 0xff, 0xff, 0xff, 0xff, 0xff, 0xff,
  0xff, 0xff, 0xff, 0xff, 0xff, 0xff, 0xff, 0xff, 0xff, 0xff, 0xff, 0xff,
  0xff, 0xff, 0xff, 0xff, 0xff, 0xff, 0xff, 0xff, 0xff, 0xff, 0xff, 0xff,
  0xff, 0xff, 0xff, 0xff, 0xff, 0xff, 0xff, 0xff, 0xff, 0xff, 0xff, 0xff,
  0xff, 0xff, 0xff, 0xff, 0xff, 0xff, 0xff, 0xff, 0xff, 0xff, 0xff, 0xff,
  0xff, 0xff, 0xff, 0xff, 0xff, 0xff, 0xff, 0xff, 0xff, 0xff, 0xff, 0xff,
  0xff, 0xff, 0xff, 0xff, 0xff, 0xff, 0xff, 0xff, 0xff, 0xff, 0xff, 0xff,
  0xff, 0xff, 0xff, 0xff, 0xff, 0xff, 0xff, 0xff, 0xff, 0xff, 0xff, 0xff,
  0xff, 0xff, 0xff, 0xff, 0xff, 0xff, 0xff, 0xff, 0xff, 0xff, 0xff, 0xff,
  0xff, 0xff, 0xff, 0xff, 0xff, 0xff, 0xff, 0xff, 0x00, 0x00, 0x00, 0x00,
  0x00, 0x00, 0x00, 0x00, 0x00, 0x00, 0x00, 0x00, 0x00, 0x00, 0x00, 0x00,
  0x00, 0x00, 0x00, 0x00, 0x00, 0x00, 0x00, 0x00, 0x00, 0x00, 0x00, 0x00,
  0x00, 0x00, 0x00, 0x00, 0x00, 0x00, 0x00, 0x00, 0x00, 0x00, 0x00, 0x00,
  0x00, 0x00, 0x00, 0x00, 0x00, 0x00, 0x00, 0x00, 0x00, 0x00, 0x00, 0x00,
  0x00, 0x00, 0x00, 0x00, 0x00, 0x00, 0x00, 0x00, 0x00, 0x00, 0x00, 0x00,
  0x00, 0x00, 0x00, 0x00, 0x00, 0x00, 0x00, 0x00, 0x00, 0x00, 0x00, 0x00,
  0x00, 0x00, 0x00, 0x00, 0x00, 0x00, 0x00, 0x00, 0x00, 0x00, 0x00, 0x00,
  0x00, 0x00, 0x00, 0x00, 0x00, 0x00, 0x00, 0x00, 0x00, 0x00, 0x00, 0x00,
  0x00, 0x00, 0x00, 0x00, 0x00, 0x00, 0x00, 0x00, 0x00, 0x00, 0x00, 0x00,
  0x00, 0x00, 0x00, 0x00, 0x00, 0x00, 0x00, 0x00, 0x00, 0x00, 0x00, 0x00,
  0x00, 0x00, 0x00, 0x00, 0xff, 0xff, 0xff, 0xff, 0xff, 0xff, 0xff, 0xff,
  0xff, 0xff, 0xff, 0xff, 0xff, 0xff, 0xff, 0xff, 0xff, 0xff, 0xff, 0xff,
  0xff, 0xff, 0xff, 0xff, 0xff, 0xff, 0xff, 0xff, 0xff, 0xff, 0xff, 0xff,
  0xff, 0xff, 0xff, 0xff, 0xff, 0xff, 0xff, 0xff, 0xff, 0xff, 0xff, 0xff,
  0xff, 0xff, 0xff, 0xff, 0xff, 0xff, 0xff, 0xff, 0xff, 0xff, 0xff, 0xff,
  0xff, 0xff, 0xff, 0xff, 0xff, 0xff, 0xff, 0xff, 0xff, 0xff, 0xff, 0xff,
  0xff, 0xff, 0xff, 0xff, 0xff, 0xff, 0xff, 0xff, 0xff, 0xff, 0xff, 0xff,
  0xff, 0xff, 0xff, 0xff, 0xff, 0xff, 0xff, 0xff, 0xff, 0xff, 0xff, 0xff,
  0xff, 0xff, 0xff, 0xff, 0xff, 0xff, 0xff, 0xff, 0xff, 0xff, 0xff, 0xff,
  0xff, 0xff, 0xff, 0xff, 0xff, 0xff, 0xff, 0xff, 0xff, 0xff, 0xff, 0xff,
  0xff, 0xff, 0xff, 0xff, 0xff, 0xff, 0xff, 0xff, 0xff, 0xff, 0xff, 0xff,
  0x00, 0x00, 0x00, 0x00, 0x00, 0x00, 0x00, 0x00, 0x00, 0x00, 0x00, 0x00,
  0x00, 0x00, 0x00, 0x00, 0x00, 0x00, 0x00, 0x00, 0x00, 0x00, 0x00, 0x00,
  0x00, 0x00, 0x00, 0x00, 0x00, 0x00, 0x00, 0x00, 0x00, 0x00, 0x00, 0x00,
  0x00, 0x00, 0x00, 0x00, 0x00, 0x00, 0x00, 0x00, 0x00, 0x00, 0x00, 0x00,
  0x00, 0x00, 0x00, 0x00, 0x00, 0x00, 0x00, 0x00, 0x00, 0x00, 0x00, 0x00,
  0x00, 0x00, 0x00, 0x00, 0x00, 0x00, 0x00, 0x00, 0x00, 0x00, 0x00, 0x00,
  0x00, 0x00, 0x00, 0x00, 0x00, 0x00, 0x00, 0x00, 0x00, 0x00, 0x00, 0x00,
  0x00, 0x00, 0x00, 0x00, 0x00, 0x00, 0x00, 0x00, 0x00, 0x00, 0x00, 0x00,
  0x00, 0x00, 0x00, 0x00, 0x00, 0x00, 0x00, 0x00, 0x00, 0x00, 0x00, 0x00,
  0x00, 0x00, 0x00, 0x00, 0x00, 0x00, 0x00, 0x00, 0x00, 0x00, 0x00, 0x00,
  0x00, 0x00, 0x00, 0x00, 0x00, 0x00, 0x00, 0x00, 0xff, 0xff, 0xff, 0xff,
  0xff, 0xff, 0xff, 0xff, 0xff, 0xff, 0xff, 0xff, 0xff, 0xff, 0xff, 0xff,
  0xff, 0xff, 0xff, 0xff, 0xff, 0xff, 0xff, 0xff, 0xff, 0xff, 0xff, 0xff,
  0xff, 0xff, 0xff, 0xff, 0xff, 0xff, 0xff, 0xff, 0xff, 0xff, 0xff, 0xff,
  0xff, 0xff, 0xff, 0xff, 0xff, 0xff, 0xff, 0xff, 0xff, 0xff, 0xff, 0xff,
  0xff, 0xff, 0xff, 0xff, 0xff, 0xff, 0xff, 0xff, 0xff, 0xff, 0xff, 0xff,
  0xff, 0xff, 0xff, 0xff, 0xff, 0xff, 0xff, 0xff, 0xff, 0xff, 0xff, 0xff,
  0xff, 0xff, 0xff, 0xff, 0xff, 0xff, 0xff, 0xff, 0xff, 0xff, 0xff, 0xff,
  0xff, 0xff, 0xff, 0xff, 0xff, 0xff, 0xff, 0xff, 0xff, 0xff, 0xff, 0xff,
  0xff, 0xff, 0xff, 0xff, 0xff, 0xff, 0xff, 0xff, 0xff, 0xff, 0xff, 0xff,
  0xff, 0xff, 0xff, 0xff, 0xff, 0xff, 0xff, 0xff, 0xff, 0xff, 0xff, 0xff,
  0xff, 0xff, 0xff, 0xff, 0x00, 0x00, 0x00, 0x00, 0x00, 0x00, 0x00, 0x00,
  0x00, 0x00, 0x00, 0x00, 0x00, 0x00, 0x00, 0x00, 0x00, 0x00, 0x00, 0x00,
  0x00, 0x00, 0x00, 0x00, 0x00, 0x00, 0x00, 0x00, 0x00, 0x00, 0x00, 0x00,
  0x00, 0x00, 0x00, 0x00, 0x00, 0x00, 0x00, 0x00, 0x00, 0x00, 0x00, 0x00,
  0x00, 0x00, 0x00, 0x00, 0x00, 0x00, 0x00, 0x00, 0x00, 0x00, 0x00, 0x00,
  0x00, 0x00, 0x00, 0x00, 0x00, 0x00, 0x00, 0x00, 0x00, 0x00, 0x00, 0x00,
  0x00, 0x00, 0x00, 0x00, 0x00, 0x00, 0x00, 0x00, 0x00, 0x00, 0x00, 0x00,
  0x00, 0x00, 0x00, 0x00, 0x00, 0x00, 0x00, 0x00, 0x00, 0x00, 0x00, 0x00,
  0x00, 0x00, 0x00, 0x00, 0x00, 0x00, 0x00, 0x00, 0x00, 0x00, 0x00, 0x00,
  0x00, 0x00, 0x00, 0x00, 0x00, 0x00, 0x00, 0x00, 0x00, 0x00, 0x00, 0x00,
  0x00, 0x00, 0x00, 0x00, 0x00, 0x00, 0x00, 0x00, 0x00, 0x00, 0x00, 0x00,
  0xff, 0xff, 0xff, 0xff, 0xff, 0xff, 0xff, 0xff, 0xff, 0xff, 0xff, 0xff,
  0xff, 0xff, 0xff, 0xff, 0xff, 0xff, 0xff, 0xff, 0xff, 0xff, 0xff, 0xff,
  0xff, 0xff, 0xff, 0xff, 0xff, 0xff, 0xff, 0xff, 0xff, 0xff, 0xff, 0xff,
  0xff, 0xff, 0xff, 0xff, 0xff, 0xff, 0xff, 0xff, 0xff, 0xff, 0xff, 0xff,
  0xff, 0xff, 0xff, 0xff, 0xff, 0xff, 0xff, 0xff, 0xff, 0xff, 0xff, 0xff,
  0xff, 0xff, 0xff, 0xff, 0xff, 0xff, 0xff, 0xff, 0xff, 0xff, 0xff, 0xff,
  0xff, 0xff, 0xff, 0xff, 0xff, 0xff, 0xff, 0xff, 0xff, 0xff, 0xff, 0xff,
  0xff, 0xff, 0xff, 0xff, 0xff, 0xff, 0xff, 0xff, 0xff, 0xff, 0xff, 0xff,
  0xff, 0xff, 0xff, 0xff, 0xff, 0xff, 0xff, 0xff, 0xff, 0xff, 0xff, 0xff,
  0xff, 0xff, 0xff, 0xff, 0xff, 0xff, 0xff, 0xff, 0xff, 0xff, 0xff, 0xff,
  0xff, 0xff, 0xff, 0xff, 0xff, 0xff, 0xff, 0xff, 0x00, 0x00, 0x00, 0x00,
  0x00, 0x00, 0x00, 0x00, 0x00, 0x00, 0x00, 0x00, 0x00, 0x00, 0x00, 0x00,
  0x00, 0x00, 0x00, 0x00, 0x00, 0x00, 0x00, 0x00, 0x00, 0x00, 0x00, 0x00,
  0x00, 0x00, 0x00, 0x00, 0x00, 0x00, 0x00, 0x00, 0x00, 0x00, 0x00, 0x00,
  0x00, 0x00, 0x00, 0x00, 0x00, 0x00, 0x00, 0x00, 0x00, 0x00, 0x00, 0x00,
  0x00, 0x00, 0x00, 0x00, 0x00, 0x00, 0x00, 0x00, 0x00, 0x00, 0x00, 0x00,
  0x00, 0x00, 0x00, 0x00, 0x00, 0x00, 0x00, 0x00, 0x00, 0x00, 0x00, 0x00,
  0x00, 0x00, 0x00, 0x00, 0x00, 0x00, 0x00, 0x00, 0x00, 0x00, 0x00, 0x00,
  0x00, 0x00, 0x00, 0x00, 0x00, 0x00, 0x00, 0x00, 0x00, 0x00, 0x00, 0x00,
  0x00, 0x00, 0x00, 0x00, 0x00, 0x00, 0x00, 0x00, 0x00, 0x00, 0x00, 0x00,
  0x00, 0x00, 0x00, 0x00, 0x00, 0x00, 0x00, 0x00, 0x00, 0x00, 0x00, 0x00,
  0x00, 0x00, 0x00, 0x00, 0xff, 0xff, 0xff, 0xff, 0xff, 0xff, 0xff, 0xff,
  0xff, 0xff, 0xff, 0xff, 0xff, 0xff, 0xff, 0xff, 0xff, 0xff, 0xff, 0xff,
  0xff, 0xff, 0xff, 0xff, 0xff, 0xff, 0xff, 0xff, 0xff, 0xff, 0xff, 0xff,
  0xff, 0xff, 0xff, 0xff, 0xff, 0xff, 0xff, 0xff, 0xff, 0xff, 0xff, 0xff,
  0xff, 0xff, 0xff, 0xff, 0xff, 0xff, 0xff, 0xff, 0xff, 0xff, 0xff, 0xff,
  0xff, 0xff, 0xff, 0xff, 0xff, 0xff, 0xff, 0xff, 0xff, 0xff, 0xff, 0xff,
  0xff, 0xff, 0xff, 0xff, 0xff, 0xff, 0xff, 0xff, 0xff, 0xff, 0xff, 0xff,
  0xff, 0xff, 0xff, 0xff, 0xff, 0xff, 0xff, 0xff, 0xff, 0xff, 0xff, 0xff,
  0xff, 0xff, 0xff, 0xff, 0xff, 0xff, 0xff, 0xff, 0xff, 0xff, 0xff, 0xff,
  0xff, 0xff, 0xff, 0xff, 0xff, 0xff, 0xff, 0xff, 0xff, 0xff, 0xff, 0xff,
  0xff, 0xff, 0xff, 0xff, 0xff, 0xff, 0xff, 0xff, 0xff, 0xff, 0xff, 0xff,
  0x00, 0x00, 0x00, 0x00, 0x00, 0x00, 0x00, 0x00, 0x00, 0x00, 0x00, 0x00,
  0x00, 0x00, 0x00, 0x00, 0x00, 0x00, 0x00, 0x00, 0x00, 0x00, 0x00, 0x00,
  0x00, 0x00, 0x00, 0x00, 0x00, 0x00, 0x00, 0x00, 0x00, 0x00, 0x00, 0x00,
  0x00, 0x00, 0x00, 0x00, 0x00, 0x00, 0x00, 0x00, 0x00, 0x00, 0x00, 0x00,
  0x00, 0x00, 0x00, 0x00, 0x00, 0x00, 0x00, 0x00, 0x00, 0x00, 0x00, 0x00,
  0x00, 0x00, 0x00, 0x00, 0x00, 0x00, 0x00, 0x00, 0x00, 0x00, 0x00, 0x00,
  0x00, 0x00, 0x00, 0x00, 0x00, 0x00, 0x00, 0x00, 0x00, 0x00, 0x00, 0x00,
  0x00, 0x00, 0x00, 0x00, 0x00, 0x00, 0x00, 0x00, 0x00, 0x00, 0x00, 0x00,
  0x00, 0x00, 0x00, 0x00, 0x00, 0x00, 0x00, 0x00, 0x00, 0x00, 0x00, 0x00,
  0x00, 0x00, 0x00, 0x00, 0x00, 0x00, 0x00, 0x00, 0x00, 0x00, 0x00, 0x00,
  0x00, 0x00, 0x00, 0x00, 0x00, 0x00, 0x00, 0x00, 0xff, 0xff, 0xff, 0xff,
  0xff, 0xff, 0xff, 0xff, 0xff, 0xff, 0xff, 0xff, 0xff, 0xff, 0xff, 0xff,
  0xff, 0xff, 0xff, 0xff, 0xff, 0xff, 0xff, 0xff, 0xff, 0xff, 0xff, 0xff,
  0xff, 0xff, 0xff, 0xff, 0xff, 0xff, 0xff, 0xff, 0xff, 0xff, 0xff, 0xff,
  0xff, 0xff, 0xff, 0xff, 0xff, 0xff, 0xff, 0xff, 0xff, 0xff, 0xff, 0xff,
  0xff, 0xff, 0xff, 0xff, 0xff, 0xff, 0xff, 0xff, 0xff, 0xff, 0xff, 0xff,
  0xff, 0xff, 0xff, 0xff, 0xff, 0xff, 0xff, 0xff, 0xff, 0xff, 0xff, 0xff,
  0xff, 0xff, 0xff, 0xff, 0xff, 0xff, 0xff, 0xff, 0xff, 0xff, 0xff, 0xff,
  0xff, 0xff, 0xff, 0xff, 0xff, 0xff, 0xff, 0xff, 0xff, 0xff, 0xff, 0xff,
  0xff, 0xff, 0xff, 0xff, 0xff, 0xff, 0xff, 0xff, 0xff, 0xff, 0xff, 0xff,
  0xff, 0xff, 0xff, 0xff, 0xff, 0xff, 0xff, 0xff, 0xff, 0xff, 0xff, 0xff,
  0xff, 0xff, 0xff, 0xff, 0x00, 0x00, 0x00, 0x00, 0x00, 0x00, 0x00, 0x00,
  0x00, 0x00, 0x00, 0x00, 0x00, 0x00, 0x00, 0x00, 0x00, 0x00, 0x00, 0x00,
  0x00, 0x00, 0x00, 0x00, 0x00, 0x00, 0x00, 0x00, 0x00, 0x00, 0x00, 0x00,
  0x00, 0x00, 0x00, 0x00, 0x00, 0x00, 0x00, 0x00, 0x00, 0x00, 0x00, 0x00,
  0x00, 0x00, 0x00, 0x00, 0x00, 0x00, 0x00, 0x00, 0x00, 0x00, 0x00, 0x00,
  0x00, 0x00, 0x00, 0x00, 0x00, 0x00, 0x00, 0x00, 0x00, 0x00, 0x00, 0x00,
  0x00, 0x00, 0x00, 0x00, 0x00, 0x00, 0x00, 0x00, 0x00, 0x00, 0x00, 0x00,
  0x00, 0x00, 0x00, 0x00, 0x00, 0x00, 0x00, 0x00, 0x00, 0x00, 0x00, 0x00,
  0x00, 0x00, 0x00, 0x00, 0x00, 0x00, 0x00, 0x00, 0x00, 0x00, 0x00, 0x00,
  0x00, 0x00, 0x00, 0x00, 0x00, 0x00, 0x00, 0x00, 0x00, 0x00, 0x00, 0x00,
  0x00, 0x00, 0x00, 0x00, 0x00, 0x00, 0x00, 0x00, 0x00, 0x00, 0x00, 0x00,
  0xff, 0xff, 0xff, 0xff, 0xff, 0xff, 0xff, 0xff, 0xff, 0xff, 0xff, 0xff,
  0xff, 0xff, 0xff, 0xff, 0xff, 0xff, 0xff, 0xff, 0xff, 0xff, 0xff, 0xff,
  0xff, 0xff, 0xff, 0xff, 0xff, 0xff, 0xff, 0xff, 0xff, 0xff, 0xff, 0xff,
  0xff, 0xff, 0xff, 0xff, 0xff, 0xff, 0xff, 0xff, 0xff, 0xff, 0xff, 0xff,
  0xff, 0xff, 0xff, 0xff, 0xff, 0xff, 0xff, 0xff, 0xff, 0xff, 0xff, 0xff,
  0xff, 0xff, 0xff, 0xff, 0xff, 0xff, 0xff, 0xff, 0xff, 0xff, 0xff, 0xff,
  0xff, 0xff, 0xff, 0xff, 0xff, 0xff, 0xff, 0xff, 0xff, 0xff, 0xff, 0xff,
  0xff, 0xff, 0xff, 0xff, 0xff, 0xff, 0xff, 0xff, 0xff, 0xff, 0xff, 0xff,
  0xff, 0xff, 0xff, 0xff, 0xff, 0xff, 0xff, 0xff, 0xff, 0xff, 0xff, 0xff,
  0xff, 0xff, 0xff, 0xff, 0xff, 0xff, 0xff, 0xff, 0xff, 0xff, 0xff, 0xff,
  0xff, 0xff, 0xff, 0xff, 0xff, 0xff, 0xff, 0xff, 0x00, 0x00, 0x00, 0x00,
  0x00, 0x00, 0x00, 0x00, 0x00, 0x00, 0x00, 0x00, 0x00, 0x00, 0x00, 0x00,
  0x00, 0x00, 0x00, 0x00, 0x00, 0x00, 0x00, 0x00, 0x00, 0x00, 0x00, 0x00,
  0x00, 0x00, 0x00, 0x00, 0x00, 0x00, 0x00, 0x00, 0x00, 0x00, 0x00, 0x00,
  0x00, 0x00, 0x00, 0x00, 0x00, 0x00, 0x00, 0x00, 0x00, 0x00, 0x00, 0x00,
  0x00, 0x00, 0x00, 0x00, 0x00, 0x00, 0x00, 0x00, 0x00, 0x00, 0x00, 0x00,
  0x00, 0x00, 0x00, 0x00, 0x00, 0x00, 0x00, 0x00, 0x00, 0x00, 0x00, 0x00,
  0x00, 0x00, 0x00, 0x00, 0x00, 0x00, 0x00, 0x00, 0x00, 0x00, 0x00, 0x00,
  0x00, 0x00, 0x00, 0x00, 0x00, 0x00, 0x00, 0x00, 0x00, 0x00, 0x00, 0x00,
  0x00, 0x00, 0x00, 0x00, 0x00, 0x00, 0x00, 0x00, 0x00, 0x00, 0x00, 0x00,
  0x00, 0x00, 0x00, 0x00, 0x00, 0x00, 0x00, 0x00, 0x00, 0x00, 0x00, 0x00,
  0x00, 0x00, 0x00, 0x00, 0xff, 0xff, 0xff, 0xff, 0xff, 0xff, 0xff, 0xff,
  0xff, 0xff, 0xff, 0xff, 0xff, 0xff, 0xff, 0xff, 0xff, 0xff, 0xff, 0xff,
  0xff, 0xff, 0xff, 0xff, 0xff, 0xff, 0xff, 0xff, 0xff, 0xff, 0xff, 0xff,
  0xff, 0xff, 0xff, 0xff, 0xff, 0xff, 0xff, 0xff, 0xff, 0xff, 0xff, 0xff,
  0xff, 0xff, 0xff, 0xff, 0xff, 0xff, 0xff, 0xff, 0xff, 0xff, 0xff, 0xff,
  0xff, 0xff, 0xff, 0xff, 0xff, 0xff, 0xff, 0xff, 0xff, 0xff, 0xff, 0xff,
  0xff, 0xff, 0xff, 0xff, 0xff, 0xff, 0xff, 0xff, 0xff, 0xff, 0xff, 0xff,
  0xff, 0xff, 0xff, 0xff, 0xff, 0xff, 0xff, 0xff, 0xff, 0xff, 0xff, 0xff,
  0xff, 0xff, 0xff, 0xff, 0xff, 0xff, 0xff, 0xff, 0xff, 0xff, 0xff, 0xff,
  0xff, 0xff, 0xff, 0xff, 0xff, 0xff, 0xff, 0xff, 0xff, 0xff, 0xff, 0xff,
  0xff, 0xff, 0xff, 0xff, 0xff, 0xff, 0xff, 0xff, 0xff, 0xff, 0xff, 0xff,
  0x00, 0x00, 0x00, 0x00, 0x00, 0x00, 0x00, 0x00, 0x00, 0x00, 0x00, 0x00,
  0x00, 0x00, 0x00, 0x00, 0x00, 0x00, 0x00, 0x00, 0x00, 0x00, 0x00, 0x00,
  0x00, 0x00, 0x00, 0x00, 0x00, 0x00, 0x00, 0x00, 0x00, 0x00, 0x00, 0x00,
  0x00, 0x00, 0x00, 0x00, 0x00, 0x00, 0x00, 0x00, 0x00, 0x00, 0x00, 0x00,
  0x00, 0x00, 0x00, 0x00, 0x00, 0x00, 0x00, 0x00, 0x00, 0x00, 0x00, 0x00,
  0x00, 0x00, 0x00, 0x00, 0x00, 0x00, 0x00, 0x00, 0x00, 0x00, 0x00, 0x00,
  0x00, 0x00, 0x00, 0x00, 0x00, 0x00, 0x00, 0x00, 0x00, 0x00, 0x00, 0x00,
  0x00, 0x00, 0x00, 0x00, 0x00, 0x00, 0x00, 0x00, 0x00, 0x00, 0x00, 0x00,
  0x00, 0x00, 0x00, 0x00, 0x00, 0x00, 0x00, 0x00, 0x00, 0x00, 0x00, 0x00,
  0x00, 0x00, 0x00, 0x00, 0x00, 0x00, 0x00, 0x00, 0x00, 0x00, 0x00, 0x00,
  0x00, 0x00, 0x00, 0x00, 0x00, 0x00, 0x00, 0x00, 0xff, 0xff, 0xff, 0xff,
  0xff, 0xff, 0xff, 0xff, 0xff, 0xff, 0xff, 0xff, 0xff, 0xff, 0xff, 0xff,
  0xff, 0xff, 0xff, 0xff, 0xff, 0xff, 0xff, 0xff, 0xff, 0xff, 0xff, 0xff,
  0xff, 0xff, 0xff, 0xff, 0xff, 0xff, 0xff, 0xff, 0xff, 0xff, 0xff, 0xff,
  0xff, 0xff, 0xff, 0xff, 0xff, 0xff, 0xff, 0xff, 0xff, 0xff, 0xff, 0xff,
  0xff, 0xff, 0xff, 0xff, 0xff, 0xff, 0xff, 0xff, 0xff, 0xff, 0xff, 0xff,
  0xff, 0xff, 0xff, 0xff, 0xff, 0xff, 0xff, 0xff, 0xff, 0xff, 0xff, 0xff,
  0xff, 0xff, 0xff, 0xff, 0xff, 0xff, 0xff, 0xff, 0xff, 0xff, 0xff, 0xff,
  0xff, 0xff, 0xff, 0xff, 0xff, 0xff, 0xff, 0xff, 0xff, 0xff, 0xff, 0xff,
  0xff, 0xff, 0xff, 0xff, 0xff, 0xff, 0xff, 0xff, 0xff, 0xff, 0xff, 0xff,
  0xff, 0xff, 0xff, 0xff, 0xff, 0xff, 0xff, 0xff, 0xff, 0xff, 0xff, 0xff,
  0xff, 0xff, 0xff, 0xff, 0x00, 0x00, 0x00, 0x00, 0x00, 0x00, 0x00, 0x00,
  0x00, 0x00, 0x00, 0x00, 0x00, 0x00, 0x00, 0x00, 0x00, 0x00, 0x00, 0x00,
  0x00, 0x00, 0x00, 0x00, 0x00, 0x00, 0x00, 0x00, 0x00, 0x00, 0x00, 0x00,
  0x00, 0x00, 0x00, 0x00, 0x00, 0x00, 0x00, 0x00, 0x00, 0x00, 0x00, 0x00,
  0x00, 0x00, 0x00, 0x00, 0x00, 0x00, 0x00, 0x00, 0x00, 0x00, 0x00, 0x00,
  0x00, 0x00, 0x00, 0x00, 0x00, 0x00, 0x00, 0x00, 0x00, 0x00, 0x00, 0x00,
  0x00, 0x00, 0x00, 0x00, 0x00, 0x00, 0x00, 0x00, 0x00, 0x00, 0x00, 0x00,
  0x00, 0x00, 0x00, 0x00, 0x00, 0x00, 0x00, 0x00, 0x00, 0x00, 0x00, 0x00,
  0x00, 0x00, 0x00, 0x00, 0x00, 0x00, 0x00, 0x00, 0x00, 0x00, 0x00, 0x00,
  0x00, 0x00, 0x00, 0x00, 0x00, 0x00, 0x00, 0x00, 0x00, 0x00, 0x00, 0x00,
  0x00, 0x00, 0x00, 0x00, 0x00, 0x00, 0x00, 0x00, 0x00, 0x00, 0x00, 0x00,
  0xff, 0xff, 0xff, 0xff, 0xff, 0xff, 0xff, 0xff, 0xff, 0xff, 0xff, 0xff,
  0xff, 0xff, 0xff, 0xff, 0xff, 0xff, 0xff, 0xff, 0xff, 0xff, 0xff, 0xff,
  0xff, 0xff, 0xff, 0xff, 0xff, 0xff, 0xff, 0xff, 0xff, 0xff, 0xff, 0xff,
  0xff, 0xff, 0xff, 0xff, 0xff, 0xff, 0xff, 0xff, 0xff, 0xff, 0xff, 0xff,
  0xff, 0xff, 0xff, 0xff, 0xff, 0xff, 0xff, 0xff, 0xff, 0xff, 0xff, 0xff,
  0xff, 0xff, 0xff, 0xff, 0xff, 0xff, 0xff, 0xff, 0xff, 0xff, 0xff, 0xff,
  0xff, 0xff, 0xff, 0xff, 0xff, 0xff, 0xff, 0xff, 0xff, 0xff, 0xff, 0xff,
  0xff, 0xff, 0xff, 0xff, 0xff, 0xff, 0xff, 0xff, 0xff, 0xff, 0xff, 0xff,
  0xff, 0xff, 0xff, 0xff, 0xff, 0xff, 0xff, 0xff, 0xff, 0xff, 0xff, 0xff,
  0xff, 0xff, 0xff, 0xff, 0xff, 0xff, 0xff, 0xff, 0xff, 0xff, 0xff, 0xff,
  0xff, 0xff, 0xff, 0xff, 0xff, 0xff, 0xff, 0xff, 0x00, 0x00, 0x00, 0x00,
  0x00, 0x00, 0x00, 0x00, 0x00, 0x00, 0x00, 0x00, 0x00, 0x00, 0x00, 0x00,
  0x00, 0x00, 0x00, 0x00, 0x00, 0x00, 0x00, 0x00, 0x00, 0x00, 0x00, 0x00,
  0x00, 0x00, 0x00, 0x00, 0x00, 0x00, 0x00, 0x00, 0x00, 0x00, 0x00, 0x00,
  0x00, 0x00, 0x00, 0x00, 0x00, 0x00, 0x00, 0x00, 0x00, 0x00, 0x00, 0x00,
  0x00, 0x00, 0x00, 0x00, 0x00, 0x00, 0x00, 0x00, 0x00, 0x00, 0x00, 0x00,
  0x00, 0x00, 0x00, 0x00, 0x00, 0x00, 0x00, 0x00, 0x00, 0x00, 0x00, 0x00,
  0x00, 0x00, 0x00, 0x00, 0x00, 0x00, 0x00, 0x00, 0x00, 0x00, 0x00, 0x00,
  0x00, 0x00, 0x00, 0x00, 0x00, 0x00, 0x00, 0x00, 0x00, 0x00, 0x00, 0x00,
  0x00, 0x00, 0x00, 0x00, 0x00, 0x00, 0x00, 0x00, 0x00, 0x00, 0x00, 0x00,
  0x00, 0x00, 0x00, 0x00, 0x00, 0x00, 0x00, 0x00, 0x00, 0x00, 0x00, 0x00,
  0x00, 0x00, 0x00, 0x00, 0xff, 0xff, 0xff, 0xff, 0xff, 0xff, 0xff, 0xff,
  0xff, 0xff, 0xff, 0xff, 0xff, 0xff, 0xff, 0xff, 0xff, 0xff, 0xff, 0xff,
  0xff, 0xff, 0xff, 0xff, 0xff, 0xff, 0xff, 0xff, 0xff, 0xff, 0xff, 0xff,
  0xff, 0xff, 0xff, 0xff, 0xff, 0xff, 0xff, 0xff, 0xff, 0xff, 0xff, 0xff,
  0xff, 0xff, 0xff, 0xff, 0xff, 0xff, 0xff, 0xff, 0xff, 0xff, 0xff, 0xff,
  0xff, 0xff, 0xff, 0xff, 0xff, 0xff, 0xff, 0xff, 0xff, 0xff, 0xff, 0xff,
  0xff, 0xff, 0xff, 0xff, 0xff, 0xff, 0xff, 0xff, 0xff, 0xff, 0xff, 0xff,
  0xff, 0xff, 0xff, 0xff, 0xff, 0xff, 0xff, 0xff, 0xff, 0xff, 0xff, 0xff,
  0xff, 0xff, 0xff, 0xff, 0xff, 0xff, 0xff, 0xff, 0xff, 0xff, 0xff, 0xff,
  0xff, 0xff, 0xff, 0xff, 0xff, 0xff, 0xff, 0xff, 0xff, 0xff, 0xff, 0xff,
  0xff, 0xff, 0xff, 0xff, 0xff, 0xff, 0xff, 0xff, 0xff, 0xff, 0xff, 0xff,
  0x00, 0x00, 0x00, 0x00, 0x00, 0x00, 0x00, 0x00, 0x00, 0x00, 0x00, 0x00,
  0x00, 0x00, 0x00, 0x00, 0x00, 0x00, 0x00, 0x00, 0x00, 0x00, 0x00, 0x00,
  0x00, 0x00, 0x00, 0x00, 0x00, 0x00, 0x00, 0x00, 0x00, 0x00, 0x00, 0x00,
  0x00, 0x00, 0x00, 0x00, 0x00, 0x00, 0x00, 0x00, 0x00, 0x00, 0x00, 0x00,
  0x00, 0x00, 0x00, 0x00, 0x00, 0x00, 0x00, 0x00, 0x00, 0x00, 0x00, 0x00,
  0x00, 0x00, 0x00, 0x00, 0x00, 0x00, 0x00, 0x00, 0x00, 0x00, 0x00, 0x00,
  0x00, 0x00, 0x00, 0x00, 0x00, 0x00, 0x00, 0x00, 0x00, 0x00, 0x00, 0x00,
  0x00, 0x00, 0x00, 0x00, 0x00, 0x00, 0x00, 0x00, 0x00, 0x00, 0x00, 0x00,
  0x00, 0x00, 0x00, 0x00, 0x00, 0x00, 0x00, 0x00, 0x00, 0x00, 0x00, 0x00,
  0x00, 0x00, 0x00, 0x00, 0x00, 0x00, 0x00, 0x00, 0x00, 0x00, 0x00, 0x00,
  0x00, 0x00, 0x00, 0x00, 0x00, 0x00, 0x00, 0x00, 0xff, 0xff, 0xff, 0xff,
  0xff, 0xff, 0xff, 0xff, 0xff, 0xff, 0xff, 0xff, 0xff, 0xff, 0xff, 0xff,
  0xff, 0xff, 0xff, 0xff, 0xff, 0xff, 0xff, 0xff, 0xff, 0xff, 0xff, 0xff,
  0xff, 0xff, 0xff, 0xff, 0xff, 0xff, 0xff, 0xff, 0xff, 0xff, 0xff, 0xff,
  0xff, 0xff, 0xff, 0xff, 0xff, 0xff, 0xff, 0xff, 0xff, 0xff, 0xff, 0xff,
  0xff, 0xff, 0xff, 0xff, 0xff, 0xff, 0xff, 0xff, 0xff, 0xff, 0xff, 0xff,
  0xff, 0xff, 0xff, 0xff, 0xff, 0xff, 0xff, 0xff, 0xff, 0xff, 0xff, 0xff,
  0xff, 0xff, 0xff, 0xff, 0xff, 0xff, 0xff, 0xff, 0xff, 0xff, 0xff, 0xff,
  0xff, 0xff, 0xff, 0xff, 0xff, 0xff, 0xff, 0xff, 0xff, 0xff, 0xff, 0xff,
  0xff, 0xff, 0xff, 0xff, 0xff, 0xff, 0xff, 0xff, 0xff, 0xff, 0xff, 0xff,
  0xff, 0xff, 0xff, 0xff, 0xff, 0xff, 0xff, 0xff, 0xff, 0xff, 0xff, 0xff,
  0xff, 0xff, 0xff, 0xff, 0x00, 0x00, 0x00, 0x00, 0x00, 0x00, 0x00, 0x00,
  0x00, 0x00, 0x00, 0x00, 0x00, 0x00, 0x00, 0x00, 0x00, 0x00, 0x00, 0x00,
  0x00, 0x00, 0x00, 0x00, 0x00, 0x00, 0x00, 0x00, 0x00, 0x00, 0x00, 0x00,
  0x00, 0x00, 0x00, 0x00, 0x00, 0x00, 0x00, 0x00, 0x00, 0x00, 0x00, 0x00,
  0x00, 0x00, 0x00, 0x00, 0x00, 0x00, 0x00, 0x00, 0x00, 0x00, 0x00, 0x00,
  0x00, 0x00, 0x00, 0x00, 0x00, 0x00, 0x00, 0x00, 0x00, 0x00, 0x00, 0x00,
  0x00, 0x00, 0x00, 0x00, 0x00, 0x00, 0x00, 0x00, 0x00, 0x00, 0x00, 0x00,
  0x00, 0x00, 0x00, 0x00, 0x00, 0x00, 0x00, 0x00, 0x00, 0x00, 0x00, 0x00,
  0x00, 0x00, 0x00, 0x00, 0x00, 0x00, 0x00, 0x00, 0x00, 0x00, 0x00, 0x00,
  0x00, 0x00, 0x00, 0x00, 0x00, 0x00, 0x00, 0x00, 0x00, 0x00, 0x00, 0x00,
  0x00, 0x00, 0x00, 0x00, 0x00, 0x00, 0x00, 0x00, 0x00, 0x00, 0x00, 0x00,
  0xff, 0xff, 0xff, 0xff, 0xff, 0xff, 0xff, 0xff, 0xff, 0xff, 0xff, 0xff,
  0xff, 0xff, 0xff, 0xff, 0xff, 0xff, 0xff, 0xff, 0xff, 0xff, 0xff, 0xff,
  0xff, 0xff, 0xff, 0xff, 0xff, 0xff, 0xff, 0xff, 0xff, 0xff, 0xff, 0xff,
  0xff, 0xff, 0xff, 0xff, 0xff, 0xff, 0xff, 0xff, 0xff, 0xff, 0xff, 0xff,
  0xff, 0xff, 0xff, 0xff, 0xff, 0xff, 0xff, 0xff, 0xff, 0xff, 0xff, 0xff,
  0xff, 0xff, 0xff, 0xff, 0xff, 0xff, 0xff, 0xff, 0xff, 0xff, 0xff, 0xff,
  0xff, 0xff, 0xff, 0xff, 0xff, 0xff, 0xff, 0xff, 0xff, 0xff, 0xff, 0xff,
  0xff, 0xff, 0xff, 0xff, 0xff, 0xff, 0xff, 0xff, 0xff, 0xff, 0xff, 0xff,
  0xff, 0xff, 0xff, 0xff, 0xff, 0xff, 0xff, 0xff, 0xff, 0xff, 0xff, 0xff,
  0xff, 0xff, 0xff, 0xff, 0xff, 0xff, 0xff, 0xff, 0xff, 0xff, 0xff, 0xff,
  0xff, 0xff, 0xff, 0xff, 0xff, 0xff, 0xff, 0xff, 0x00, 0x00, 0x00, 0x00,
  0x00, 0x00, 0x00, 0x00, 0x00, 0x00, 0x00, 0x00, 0x00, 0x00, 0x00, 0x00,
  0x00, 0x00, 0x00, 0x00, 0x00, 0x00, 0x00, 0x00, 0x00, 0x00, 0x00, 0x00,
  0x00, 0x00, 0x00, 0x00, 0x00, 0x00, 0x00, 0x00, 0x00, 0x00, 0x00, 0x00,
  0x00, 0x00, 0x00, 0x00, 0x00, 0x00, 0x00, 0x00, 0x00, 0x00, 0x00, 0x00,
  0x00, 0x00, 0x00, 0x00, 0x00, 0x00, 0x00, 0x00, 0x00, 0x00, 0x00, 0x00,
  0x00, 0x00, 0x00, 0x00, 0x00, 0x00, 0x00, 0x00, 0x00, 0x00, 0x00, 0x00,
  0x00, 0x00, 0x00, 0x00, 0x00, 0x00, 0x00, 0x00, 0x00, 0x00, 0x00, 0x00,
  0x00, 0x00, 0x00, 0x00, 0x00, 0x00, 0x00, 0x00, 0x00, 0x00, 0x00, 0x00,
  0x00, 0x00, 0x00, 0x00, 0x00, 0x00, 0x00, 0x00, 0x00, 0x00, 0x00, 0x00,
  0x00, 0x00, 0x00, 0x00, 0x00, 0x00, 0x00, 0x00, 0x00, 0x00, 0x00, 0x00,
  0x00, 0x00, 0x00, 0x00, 0xff, 0xff, 0xff, 0xff, 0xff, 0xff, 0xff, 0xff,
  0xff, 0xff, 0xff, 0xff, 0xff, 0xff, 0xff, 0xff, 0xff, 0xff, 0xff, 0xff,
  0xff, 0xff, 0xff, 0xff, 0xff, 0xff, 0xff, 0xff, 0xff, 0xff, 0xff, 0xff,
  0xff, 0xff, 0xff, 0xff, 0xff, 0xff, 0xff, 0xff, 0xff, 0xff, 0xff, 0xff,
  0xff, 0xff, 0xff, 0xff, 0xff, 0xff, 0xff, 0xff, 0xff, 0xff, 0xff, 0xff,
  0xff, 0xff, 0xff, 0xff, 0xff, 0xff, 0xff, 0xff, 0xff, 0xff, 0xff, 0xff,
  0xff, 0xff, 0xff, 0xff, 0xff, 0xff, 0xff, 0xff, 0xff, 0xff, 0xff, 0xff,
  0xff, 0xff, 0xff, 0xff, 0xff, 0xff, 0xff, 0xff, 0xff, 0xff, 0xff, 0xff,
  0xff, 0xff, 0xff, 0xff, 0xff, 0xff, 0xff, 0xff, 0xff, 0xff, 0xff, 0xff,
  0xff, 0xff, 0xff, 0xff, 0xff, 0xff, 0xff, 0xff, 0xff, 0xff, 0xff, 0xff,
  0xff, 0xff, 0xff, 0xff, 0xff, 0xff, 0xff, 0xff, 0xff, 0xff, 0xff, 0xff,
  0x00, 0x00, 0x00, 0x00, 0x00, 0x00, 0x00, 0x00, 0x00, 0x00, 0x00, 0x00,
  0x00, 0x00, 0x00, 0x00, 0x00, 0x00, 0x00, 0x00, 0x00, 0x00, 0x00, 0x00,
  0x00, 0x00, 0x00, 0x00, 0x00, 0x00, 0x00, 0x00, 0x00, 0x00, 0x00, 0x00,
  0x00, 0x00, 0x00, 0x00, 0x00, 0x00, 0x00, 0x00, 0x00, 0x00, 0x00, 0x00,
  0x00, 0x00, 0x00, 0x00, 0x00, 0x00, 0x00, 0x00, 0x00, 0x00, 0x00, 0x00,
  0x00, 0x00, 0x00, 0x00, 0x00, 0x00, 0x00, 0x00, 0x00, 0x00, 0x00, 0x00,
  0x00, 0x00, 0x00, 0x00, 0x00, 0x00, 0x00, 0x00, 0x00, 0x00, 0x00, 0x00,
  0x00, 0x00, 0x00, 0x00, 0x00, 0x00, 0x00, 0x00, 0x00, 0x00, 0x00, 0x00,
  0x00, 0x00, 0x00, 0x00, 0x00, 0x00, 0x00, 0x00, 0x00, 0x00, 0x00, 0x00,
  0x00, 0x00, 0x00, 0x00, 0x00, 0x00, 0x00, 0x00, 0x00, 0x00, 0x00, 0x00,
  0x00, 0x00, 0x00, 0x00, 0x00, 0x00, 0x00, 0x00, 0xff, 0xff, 0xff, 0xff,
  0xff, 0xff, 0xff, 0xff, 0xff, 0xff, 0xff, 0xff, 0xff, 0xff, 0xff, 0xff,
  0xff, 0xff, 0xff, 0xff, 0xff, 0xff, 0xff, 0xff, 0xff, 0xff, 0xff, 0xff,
  0xff, 0xff, 0xff, 0xff, 0xff, 0xff, 0xff, 0xff, 0xff, 0xff, 0xff, 0xff,
  0xff, 0xff, 0xff, 0xff, 0xff, 0xff, 0xff, 0xff, 0xff, 0xff, 0xff, 0xff,
  0xff, 0xff, 0xff, 0xff, 0xff, 0xff, 0xff, 0xff, 0xff, 0xff, 0xff, 0xff,
  0xff, 0xff, 0xff, 0xff, 0xff, 0xff, 0xff, 0xff, 0xff, 0xff, 0xff, 0xff,
  0xff, 0xff, 0xff, 0xff, 0xff, 0xff, 0xff, 0xff, 0xff, 0xff, 0xff, 0xff,
  0xff, 0xff, 0xff, 0xff, 0xff, 0xff, 0xff, 0xff, 0xff, 0xff, 0xff, 0xff,
  0xff, 0xff, 0xff, 0xff, 0xff, 0xff, 0xff, 0xff, 0xff, 0xff, 0xff, 0xff,
  0xff, 0xff, 0xff, 0xff, 0xff, 0xff, 0xff, 0xff, 0xff, 0xff, 0xff, 0xff,
  0xff, 0xff, 0xff, 0xff, 0x00, 0x00, 0x00, 0x00, 0x00, 0x00, 0x00, 0x00,
  0x00, 0x00, 0x00, 0x00, 0x00, 0x00, 0x00, 0x00, 0x00, 0x00, 0x00, 0x00,
  0x00, 0x00, 0x00, 0x00, 0x00, 0x00, 0x00, 0x00, 0x00, 0x00, 0x00, 0x00,
  0x00, 0x00, 0x00, 0x00, 0x00, 0x00, 0x00, 0x00, 0x00, 0x00, 0x00, 0x00,
  0x00, 0x00, 0x00, 0x00, 0x00, 0x00, 0x00, 0x00, 0x00, 0x00, 0x00, 0x00,
  0x00, 0x00, 0x00, 0x00, 0x00, 0x00, 0x00, 0x00, 0x00, 0x00, 0x00, 0x00,
  0x00, 0x00, 0x00, 0x00, 0x00, 0x00, 0x00, 0x00, 0x00, 0x00, 0x00, 0x00,
  0x00, 0x00, 0x00, 0x00, 0x00, 0x00, 0x00, 0x00, 0x00, 0x00, 0x00, 0x00,
  0x00, 0x00, 0x00, 0x00, 0x00, 0x00, 0x00, 0x00, 0x00, 0x00, 0x00, 0x00,
  0x00, 0x00, 0x00, 0x00, 0x00, 0x00, 0x00, 0x00, 0x00, 0x00, 0x00, 0x00,
  0x00, 0x00, 0x00, 0x00, 0x00, 0x00, 0x00, 0x00, 0x00, 0x00, 0x00, 0x00,
  0xff, 0xff, 0xff, 0xff, 0xff, 0xff, 0xff, 0xff, 0xff, 0xff, 0xff, 0xff,
  0xff, 0xff, 0xff, 0xff, 0xff, 0xff, 0xff, 0xff, 0xff, 0xff, 0xff, 0xff,
  0xff, 0xff, 0xff, 0xff, 0xff, 0xff, 0xff, 0xff, 0xff, 0xff, 0xff, 0xff,
  0xff, 0xff, 0xff, 0xff, 0xff, 0xff, 0xff, 0xff, 0xff, 0xff, 0xff, 0xff,
  0xff, 0xff, 0xff, 0xff, 0xff, 0xff, 0xff, 0xff, 0xff, 0xff, 0xff, 0xff,
  0xff, 0xff, 0xff, 0xff, 0xff, 0xff, 0xff, 0xff, 0xff, 0xff, 0xff, 0xff,
  0xff, 0xff, 0xff, 0xff, 0xff, 0xff, 0xff, 0xff, 0xff, 0xff, 0xff, 0xff,
  0xff, 0xff, 0xff, 0xff, 0xff, 0xff, 0xff, 0xff, 0xff, 0xff, 0xff, 0xff,
  0xff, 0xff, 0xff, 0xff, 0xff, 0xff, 0xff, 0xff, 0xff, 0xff, 0xff, 0xff,
  0xff, 0xff, 0xff, 0xff, 0xff, 0xff, 0xff, 0xff, 0xff, 0xff, 0xff, 0xff,
  0xff, 0xff, 0xff, 0xff, 0xff, 0xff, 0xff, 0xff
};
unsigned int Skooter_rom_len = 32768;
