unsigned char Valley_rom[] = {
  0x41, 0x42, 0x6c, 0x40, 0x00, 0x00, 0x00, 0x00, 0x00, 0x00, 0x00, 0x00,
  0x00, 0x00, 0x00, 0x00, 0x85, 0x6f, 0xd0, 0x24, 0xc9, 0x83, 0x5f, 0xd0,
  0x14, 0xc9, 0xcd, 0x3e, 0x01, 0xf3, 0xcd, 0x36, 0x7b, 0x21, 0x05, 0xe0,
  0xcb, 0x46, 0x20, 0x0c, 0x34, 0xfb, 0xcd, 0xc8, 0x45, 0xcd, 0xa3, 0x40,
  0xaf, 0x32, 0x05, 0xe0, 0xcd, 0x3e, 0x01, 0xb7, 0xf3, 0xfc, 0x36, 0x7b,
  0xfb, 0xc9, 0x21, 0xe4, 0x80, 0x3a, 0x4c, 0x40, 0x77, 0x23, 0x36, 0xc9,
  0xc3, 0xe8, 0x45, 0x87, 0xe1, 0xcd, 0x49, 0x6d, 0xe9, 0x0e, 0x00, 0x18,
  0x02, 0x0e, 0xff, 0xeb, 0x5e, 0x23, 0x56, 0xeb, 0x13, 0x1a, 0x13, 0x47,
  0x04, 0xc8, 0x04, 0x28, 0xf2, 0xa1, 0xcd, 0x4d, 0x00, 0x23, 0x18, 0xf1,
  0xf3, 0xed, 0x56, 0x3e, 0xc3, 0x32, 0x9a, 0xfd, 0x21, 0x1a, 0x40, 0x22,
  0x9b, 0xfd, 0x31, 0x00, 0xe7, 0x21, 0x00, 0xe0, 0x11, 0x01, 0xe0, 0x01,
  0xff, 0x06, 0x36, 0x00, 0xed, 0xb0, 0x3e, 0x01, 0x32, 0x05, 0xe0, 0xcd,
  0x9b, 0x45, 0xaf, 0x32, 0x05, 0xe0, 0xcd, 0x3e, 0x01, 0xfb, 0x18, 0xfe,
  0xed, 0x53, 0xc0, 0x83, 0xc3, 0xab, 0x44, 0x21, 0x03, 0xe0, 0x34, 0xed,
  0x4b, 0x00, 0xe0, 0x3a, 0x02, 0xe0, 0xcb, 0x77, 0x20, 0x04, 0x21, 0x44,
  0x46, 0xe5, 0x79, 0xcd, 0x4b, 0x40, 0xd0, 0x40, 0x0d, 0x41, 0x15, 0x41,
  0x9f, 0x42, 0x41, 0x41, 0xd5, 0x41, 0xf5, 0x41, 0x43, 0x42, 0x66, 0x42,
  0x7b, 0x42, 0x9c, 0x42, 0x10, 0x12, 0x3a, 0x03, 0xe0, 0x1f, 0xd0, 0xcd,
  0x42, 0x48, 0xc0, 0x11, 0xfe, 0x47, 0xcd, 0x14, 0x45, 0xaf, 0x18, 0x55,
  0x10, 0x11, 0x21, 0x04, 0xe0, 0x35, 0xc0, 0xcd, 0xa1, 0x44, 0xcd, 0xc5,
  0x42, 0xaf, 0x32, 0x0a, 0xe0, 0x18, 0x13, 0x10, 0x08, 0xcd, 0xb8, 0x43,
  0xd8, 0xaf, 0xc3, 0xad, 0x41, 0xcd, 0xa1, 0x44, 0xcd, 0xcc, 0x42, 0xcd,
  0xaf, 0x45, 0xc3, 0x3c, 0x41, 0x21, 0x04, 0xe0, 0x35, 0xc0, 0xc3, 0xab,
  0x41, 0x21, 0x04, 0x00, 0x22, 0x00, 0xe0, 0x2e, 0x00, 0x22, 0x62, 0xe0,
  0x7d, 0x32, 0x58, 0xe0, 0xcd, 0x17, 0x43, 0x21, 0x05, 0x08, 0x22, 0x55,
  0xe0, 0x21, 0xce, 0x4a, 0x22, 0x80, 0xe0, 0x3e, 0x08, 0x32, 0x82, 0xe0,
  0xc9, 0x32, 0x04, 0xe0, 0x21, 0x01, 0xe0, 0x34, 0xc9, 0x3a, 0x51, 0xe0,
  0x1f, 0xd2, 0xb9, 0x41, 0x78, 0xb7, 0x28, 0x05, 0xc5, 0xcd, 0xe4, 0x4b,
  0xc1, 0x10, 0x07, 0x21, 0x04, 0xe0, 0x35, 0xc0, 0x18, 0xdf, 0x10, 0x30,
  0xcd, 0x75, 0x4b, 0xc3, 0xf0, 0x6d, 0xcd, 0x30, 0x43, 0xf0, 0xcd, 0x56,
  0x43, 0x21, 0x50, 0xe0, 0x35, 0x3a, 0x5e, 0xe0, 0xb7, 0x20, 0x00, 0xcd,
  0x2a, 0x43, 0xcd, 0xea, 0x65, 0xcd, 0xcb, 0x6e, 0xcd, 0xfa, 0x4c, 0xcd,
  0x75, 0x4b, 0xcd, 0xcb, 0x6c, 0xcd, 0x04, 0x44, 0x3e, 0x10, 0x18, 0xad,
  0x10, 0xd4, 0x21, 0x04, 0xe0, 0x35, 0xc0, 0xaf, 0x32, 0x33, 0xe1, 0xcd,
  0xea, 0x65, 0x3a, 0x02, 0xe0, 0xcb, 0x77, 0x28, 0x05, 0x3e, 0x8b, 0xcd,
  0xa9, 0x7a, 0x21, 0x53, 0xe0, 0x36, 0x01, 0x3e, 0x20, 0x32, 0x04, 0xe0,
  0x21, 0x00, 0xe0, 0x34, 0xaf, 0x32, 0x01, 0xe0, 0xc9, 0x10, 0x0d, 0x21,
  0x04, 0xe0, 0x35, 0xc0, 0xcd, 0x07, 0x44, 0xcd, 0x48, 0x77, 0x18, 0xde,
  0xcd, 0x30, 0x43, 0xf0, 0x21, 0x50, 0xe0, 0x35, 0x3e, 0x01, 0xc3, 0x39,
  0x41, 0x3a, 0x51, 0xe0, 0x1f, 0xf5, 0xdc, 0x0c, 0x4b, 0xf1, 0xd4, 0xc3,
  0x77, 0x3a, 0x0d, 0xe0, 0xb7, 0x28, 0x07, 0x3e, 0x07, 0x32, 0x00, 0xe0,
  0x18, 0xc2, 0x3a, 0x53, 0xe0, 0xb7, 0xc0, 0x18, 0xb6, 0x3a, 0x10, 0xe0,
  0xb7, 0xc0, 0x3a, 0x02, 0xe0, 0xcb, 0x77, 0x20, 0x04, 0xaf, 0xc3, 0x38,
  0x42, 0x3a, 0x50, 0xe0, 0xb7, 0x20, 0x2b, 0xaf, 0x21, 0x29, 0x39, 0x06,
  0x05, 0xc5, 0xaf, 0x01, 0x0c, 0x00, 0xcd, 0xab, 0x44, 0x3e, 0x20, 0xcd,
  0x10, 0x40, 0xc1, 0x10, 0xf0, 0x3e, 0x9a, 0xcd, 0xa9, 0x7a, 0x11, 0xf2,
  0x47, 0xcd, 0x55, 0x40, 0x3e, 0x06, 0x32, 0x00, 0xe0, 0x3e, 0xb8, 0xc3,
  0xad, 0x41, 0x3e, 0x04, 0x32, 0x00, 0xe0, 0x3e, 0x20, 0x32, 0x04, 0xe0,
  0xc3, 0xb4, 0x41, 0x21, 0x03, 0xe0, 0x7e, 0xe6, 0x01, 0xc8, 0x23, 0x35,
  0xc0, 0xcd, 0x44, 0x46, 0x3a, 0x00, 0xe0, 0xfe, 0x07, 0x11, 0x02, 0xe0,
  0x28, 0x05, 0x1a, 0xe6, 0xbf, 0x12, 0xc9, 0x1a, 0xe6, 0xbf, 0x12, 0xaf,
  0x18, 0xd2, 0x3e, 0x20, 0xcd, 0xa9, 0x7a, 0x21, 0x50, 0xe0, 0x34, 0x23,
  0x7e, 0xc6, 0x01, 0x27, 0x77, 0xaf, 0x32, 0x0d, 0xe0, 0x18, 0xbb, 0xcd,
  0x19, 0x5d, 0xd8, 0x21, 0x00, 0xe0, 0x36, 0x05, 0x3a, 0x36, 0xe1, 0x1f,
  0x3a, 0x3a, 0xe1, 0x0e, 0xf0, 0x47, 0x05, 0x38, 0x04, 0x04, 0x04, 0x0e,
  0x04, 0xed, 0x43, 0x39, 0xe1, 0xc3, 0xfa, 0x4c, 0xc3, 0xbd, 0x75, 0x10,
  0x17, 0x21, 0x04, 0xe0, 0x35, 0x28, 0x0b, 0xcb, 0x56, 0x11, 0xe1, 0x47,
  0xc2, 0x51, 0x40, 0xc3, 0x55, 0x40, 0xcd, 0x0a, 0x43, 0xc3, 0xab, 0x41,
  0x3e, 0x97, 0xcd, 0xa9, 0x7a, 0x3e, 0x50, 0x32, 0x04, 0xe0, 0xc3, 0x3c,
  0x41, 0x06, 0xe0, 0x0e, 0x07, 0xc3, 0x47, 0x00, 0xcd, 0x23, 0x48, 0xcd,
  0xcf, 0x44, 0x21, 0x08, 0x00, 0x11, 0xa7, 0x47, 0xcd, 0xf1, 0x44, 0x11,
  0x0b, 0x49, 0x21, 0x80, 0x24, 0xcd, 0xf1, 0x44, 0x11, 0x97, 0x4a, 0x21,
  0x80, 0x04, 0xcd, 0xf1, 0x44, 0x21, 0xd8, 0x44, 0x06, 0x16, 0xc5, 0xe5,
  0x11, 0xab, 0x4a, 0xcd, 0xf1, 0x44, 0xe1, 0x01, 0x10, 0x00, 0x09, 0xc1,
  0x10, 0xf0, 0x3e, 0x40, 0x01, 0x10, 0x00, 0xc3, 0xe0, 0x44, 0x21, 0x49,
  0xe0, 0x01, 0xe7, 0x00, 0x54, 0x5d, 0x1c, 0x36, 0x00, 0xed, 0xb0, 0x21,
  0x23, 0x43, 0x11, 0x50, 0xe0, 0x01, 0x07, 0x00, 0xed, 0xb0, 0xc9, 0x05,
  0x01, 0x00, 0x02, 0x01, 0x01, 0x08, 0xcd, 0xee, 0x4f, 0xc3, 0xa3, 0x6a,
  0x21, 0x03, 0xe0, 0x35, 0x23, 0x35, 0xf8, 0x7e, 0x26, 0x38, 0xee, 0x1f,
  0x6f, 0x06, 0x18, 0xaf, 0xcd, 0x4d, 0x00, 0x11, 0x20, 0x00, 0x19, 0x10,
  0xf7, 0x21, 0x00, 0x3b, 0x01, 0x80, 0x00, 0x3e, 0xc3, 0xcd, 0xab, 0x44,
  0xaf, 0xc9, 0x06, 0x20, 0x21, 0xb0, 0xe0, 0x36, 0xe1, 0x23, 0x23, 0x23,
  0x23, 0x10, 0xf8, 0xc9, 0x21, 0xc8, 0xe0, 0x06, 0x0a, 0x18, 0xf0, 0x11,
  0x0e, 0x48, 0xcd, 0x55, 0x40, 0x3a, 0x58, 0xe0, 0x47, 0x87, 0x87, 0x87,
  0x87, 0x90, 0x47, 0x3a, 0x54, 0xe0, 0x80, 0x21, 0xf3, 0x3a, 0xc3, 0x8b,
  0x43, 0x21, 0x1d, 0x38, 0x3a, 0x50, 0xe0, 0xcd, 0x93, 0x43, 0x06, 0x01,
  0xc3, 0x7d, 0x44, 0x47, 0xd6, 0x64, 0x30, 0xfb, 0x0e, 0x00, 0x78, 0xd6,
  0x0a, 0x38, 0x09, 0xf5, 0x79, 0xc6, 0x10, 0x4f, 0xf1, 0x47, 0x20, 0xf2,
  0x79, 0xb0, 0xc9, 0xcd, 0xdb, 0x42, 0xaf, 0x32, 0x0a, 0xe0, 0xcd, 0xb8,
  0x43, 0x38, 0xfb, 0xc9, 0x21, 0x0a, 0xe0, 0x7e, 0x34, 0xfe, 0x16, 0xd2,
  0xf0, 0x43, 0x21, 0xa7, 0x38, 0xfe, 0x09, 0x38, 0x03, 0x21, 0x04, 0x39,
  0x4f, 0x85, 0x6f, 0x79, 0x87, 0xc6, 0x9b, 0x4f, 0x06, 0x02, 0x79, 0xcd,
  0x4d, 0x00, 0x3e, 0x20, 0xcd, 0x10, 0x40, 0x0c, 0x10, 0xf4, 0x7d, 0xd6,
  0xec, 0xfe, 0x02, 0x30, 0x05, 0xc6, 0xc7, 0xcd, 0x4d, 0x00, 0x37, 0xc9,
  0x11, 0xc1, 0x47, 0xcd, 0x55, 0x40, 0x11, 0xbc, 0x4a, 0x21, 0x92, 0x38,
  0x01, 0x06, 0x03, 0xcd, 0xc8, 0x65, 0xaf, 0xc9, 0xcd, 0x6b, 0x43, 0x11,
  0xaa, 0x47, 0xcd, 0x55, 0x40, 0xcd, 0x85, 0x43, 0x18, 0x59, 0x3a, 0x02,
  0xe0, 0x87, 0xf0, 0x21, 0x49, 0xe0, 0x7e, 0x83, 0x27, 0x77, 0x5f, 0x2c,
  0x7e, 0x8a, 0x27, 0x77, 0x57, 0x23, 0x30, 0x2b, 0x7e, 0xc6, 0x01, 0x27,
  0x77, 0x30, 0x0d, 0x01, 0x99, 0x99, 0xed, 0x43, 0x43, 0xe0, 0xed, 0x43,
  0x44, 0xe0, 0x18, 0x2f, 0x3a, 0x52, 0xe0, 0xbe, 0x30, 0x11, 0xd5, 0xe5,
  0xc6, 0x02, 0x27, 0x30, 0x02, 0x3e, 0xff, 0x32, 0x52, 0xe0, 0xcd, 0xac,
  0x6e, 0xe1, 0xd1, 0x3a, 0x45, 0xe0, 0x46, 0x90, 0x38, 0x09, 0x20, 0x18,
  0x2a, 0x43, 0xe0, 0xed, 0x52, 0x30, 0x11, 0xed, 0x53, 0x43, 0xe0, 0x78,
  0x32, 0x45, 0xe0, 0x11, 0x45, 0xe0, 0x21, 0x11, 0x38, 0xcd, 0x7a, 0x44,
  0x21, 0x07, 0x38, 0x11, 0x4b, 0xe0, 0x06, 0x03, 0x1a, 0xc5, 0xcd, 0x94,
  0x44, 0x78, 0xc6, 0x10, 0xcd, 0x4d, 0x00, 0x23, 0x79, 0xc6, 0x10, 0xcd,
  0x4d, 0x00, 0x1b, 0x23, 0xc1, 0x10, 0xe9, 0xc9, 0xf5, 0x1f, 0x1f, 0x1f,
  0x1f, 0xe6, 0x0f, 0x47, 0xf1, 0xe6, 0x0f, 0x4f, 0xc9, 0xcd, 0x49, 0x43,
  0x21, 0x00, 0x78, 0x01, 0x00, 0x03, 0xaf, 0xcd, 0x36, 0x45, 0x08, 0x08,
  0xd9, 0xed, 0x79, 0xd9, 0x08, 0x0b, 0x78, 0xb1, 0x20, 0xf5, 0x08, 0xc9,
  0x1a, 0x13, 0x18, 0xee, 0xcd, 0x36, 0x45, 0x1a, 0xd9, 0xed, 0x79, 0xd9,
  0x13, 0x0b, 0x78, 0xb1, 0x20, 0xf5, 0xc9, 0x11, 0x7d, 0x46, 0x21, 0x80,
  0x20, 0xcd, 0xf1, 0x44, 0x3e, 0xf0, 0x21, 0x80, 0x00, 0x01, 0x80, 0x01,
  0x16, 0x03, 0xc5, 0xd5, 0xcd, 0xab, 0x44, 0x11, 0x00, 0x08, 0x19, 0xd1,
  0xc1, 0x15, 0x20, 0xf2, 0xc9, 0x06, 0x03, 0xc5, 0xd5, 0xcd, 0x1a, 0x45,
  0x11, 0x00, 0x08, 0x19, 0xd1, 0xc1, 0x10, 0xf3, 0xc9, 0xd9, 0x06, 0x03,
  0xd9, 0xc5, 0xd5, 0xcd, 0xc0, 0x44, 0x11, 0x00, 0x08, 0x19, 0xd1, 0xc1,
  0xd9, 0x10, 0xf1, 0xc9, 0xeb, 0x5e, 0x23, 0x56, 0xeb, 0x13, 0xcd, 0x36,
  0x45, 0x1a, 0xe6, 0x7f, 0x4f, 0x1a, 0x13, 0x20, 0x04, 0xb9, 0x20, 0xec,
  0xc9, 0x06, 0x00, 0xb9, 0xf5, 0xc4, 0xc3, 0x44, 0xf1, 0xcc, 0xbc, 0x44,
  0x18, 0xe7, 0x08, 0xcd, 0x53, 0x00, 0xd9, 0x3a, 0x06, 0x00, 0x4f, 0xd9,
  0x08, 0xc9, 0xcd, 0x50, 0x00, 0xd9, 0x3a, 0x07, 0x00, 0x4f, 0xd9, 0xc9,
  0xd5, 0x06, 0x10, 0xcd, 0x8f, 0x45, 0x23, 0x1c, 0x10, 0xf9, 0x7b, 0xd6,
  0x20, 0x5f, 0xcb, 0x63, 0x28, 0xef, 0xd1, 0x3e, 0x20, 0xcd, 0x15, 0x40,
  0x0d, 0x20, 0xe5, 0xc9, 0x06, 0x03, 0xc5, 0xe5, 0xd5, 0x06, 0x08, 0xcd,
  0x8f, 0x45, 0x23, 0x13, 0x10, 0xf9, 0x0d, 0x20, 0xf4, 0xe1, 0x11, 0x00,
  0x08, 0x19, 0xeb, 0xe1, 0xc1, 0x10, 0xe7, 0xc9, 0xc5, 0x4f, 0x06, 0x08,
  0xcb, 0x19, 0x17, 0x10, 0xfb, 0xc1, 0xc9, 0xcd, 0x4a, 0x00, 0xcd, 0x84,
  0x45, 0xeb, 0xcd, 0x4d, 0x00, 0xeb, 0xc9, 0x3e, 0xb8, 0xcd, 0x2d, 0x7b,
  0x3e, 0x20, 0xcd, 0xa9, 0x7a, 0x11, 0x00, 0x00, 0x01, 0x00, 0x40, 0xaf,
  0xcd, 0x9c, 0x40, 0x21, 0xc0, 0x45, 0x16, 0x08, 0x0e, 0x00, 0x46, 0xcd,
  0x47, 0x00, 0x23, 0x0c, 0x15, 0x20, 0xf7, 0xc9, 0x02, 0xe2, 0x0e, 0x7f,
  0x07, 0x76, 0x03, 0xe4, 0x21, 0x02, 0xe0, 0xcb, 0x76, 0x20, 0x0c, 0x3a,
  0x00, 0xe0, 0xfe, 0x05, 0x20, 0x05, 0xcd, 0x21, 0x46, 0x18, 0x03, 0xcd,
  0xe8, 0x45, 0x21, 0x09, 0xe0, 0x4e, 0x77, 0xa9, 0xa6, 0x2b, 0x77, 0xc9,
  0x1e, 0x8f, 0x3e, 0x0f, 0xcd, 0x93, 0x00, 0x3e, 0x0e, 0xf3, 0xcd, 0x96,
  0x00, 0xfb, 0x2f, 0xe6, 0x3f, 0xf5, 0x3e, 0x07, 0xcd, 0x41, 0x01, 0x2f,
  0x0f, 0xe6, 0x20, 0x5f, 0x3e, 0x08, 0xcd, 0x41, 0x01, 0x2f, 0x0f, 0x0f,
  0x47, 0xe6, 0x04, 0xb3, 0x4f, 0x78, 0x0f, 0x0f, 0x47, 0xe6, 0x18, 0xb1,
  0x4f, 0x78, 0x0f, 0xe6, 0x03, 0xb1, 0xc1, 0xb0, 0xc9, 0x21, 0x82, 0xe0,
  0x35, 0x46, 0x2a, 0x80, 0xe0, 0x7e, 0xf5, 0x78, 0xb7, 0x20, 0x13, 0x23,
  0x7e, 0xfe, 0xff, 0x20, 0x06, 0xaf, 0x32, 0x53, 0xe0, 0x18, 0x07, 0x32,
  0x82, 0xe0, 0x23, 0x22, 0x80, 0xe0, 0xf1, 0xc9, 0xcd, 0x3e, 0x40, 0x21,
  0x41, 0xe0, 0xcd, 0xe1, 0x45, 0xb7, 0xc8, 0xf5, 0x3e, 0x20, 0xcd, 0xa9,
  0x7a, 0xf1, 0x47, 0xaf, 0x32, 0x04, 0xe0, 0x3e, 0x01, 0x21, 0x00, 0xe0,
  0xbe, 0x28, 0x0a, 0x77, 0xcd, 0xa1, 0x44, 0xcd, 0xc5, 0x42, 0xc3, 0xab,
  0x43, 0x78, 0xe6, 0x30, 0xc8, 0x21, 0x02, 0xe0, 0xcb, 0xf6, 0x21, 0x03,
  0x00, 0x22, 0x00, 0xe0, 0xc9, 0x8b, 0x00, 0x1c, 0x22, 0x63, 0x63, 0x63,
  0x22, 0x1c, 0x00, 0x18, 0x38, 0x04, 0x18, 0xce, 0x7e, 0x00, 0x3e, 0x63,
  0x03, 0x0e, 0x3c, 0x70, 0x7f, 0x00, 0x3e, 0x63, 0x03, 0x0e, 0x03, 0x63,
  0x3e, 0x00, 0x0e, 0x1e, 0x36, 0x66, 0x66, 0x7f, 0x06, 0x00, 0x7f, 0x60,
  0x7e, 0x63, 0x03, 0x63, 0x3e, 0x00, 0x3e, 0x63, 0x60, 0x7e, 0x63, 0x63,
  0x3e, 0x00, 0x7f, 0x63, 0x06, 0x0c, 0x18, 0x18, 0x18, 0x00, 0x3e, 0x63,
  0x63, 0x3e, 0x63, 0x63, 0x3e, 0x00, 0x3e, 0x63, 0x63, 0x3f, 0x03, 0x63,
  0x3e, 0x3c, 0x42, 0x99, 0xa1, 0xa1, 0x99, 0x42, 0x3c, 0x18, 0x3c, 0x18,
  0x08, 0x10, 0x27, 0x00, 0x01, 0x7e, 0x04, 0x00, 0xc1, 0x1c, 0x36, 0x63,
  0x63, 0x7f, 0x63, 0x63, 0x00, 0x7e, 0x63, 0x63, 0x7e, 0x63, 0x63, 0x7e,
  0x00, 0x3e, 0x63, 0x60, 0x60, 0x60, 0x63, 0x3e, 0x00, 0x7c, 0x66, 0x63,
  0x63, 0x63, 0x66, 0x7c, 0x00, 0x7f, 0x60, 0x60, 0x7e, 0x60, 0x60, 0x7f,
  0x00, 0x7f, 0x60, 0x60, 0x7e, 0x60, 0x60, 0x60, 0x00, 0x3e, 0x63, 0x60,
  0x67, 0x63, 0x63, 0x3f, 0x00, 0x63, 0x63, 0x63, 0x7f, 0x63, 0x63, 0x63,
  0x00, 0x3c, 0x05, 0x18, 0x83, 0x3c, 0x00, 0x1f, 0x04, 0x06, 0x8b, 0x66,
  0x3c, 0x00, 0x63, 0x66, 0x6c, 0x78, 0x7c, 0x6e, 0x67, 0x00, 0x06, 0x60,
  0x93, 0x7f, 0x00, 0x63, 0x77, 0x7f, 0x7f, 0x6b, 0x63, 0x63, 0x00, 0x63,
  0x73, 0x7b, 0x7f, 0x6f, 0x67, 0x63, 0x00, 0x3e, 0x05, 0x63, 0xa3, 0x3e,
  0x00, 0x7e, 0x63, 0x63, 0x63, 0x7e, 0x60, 0x60, 0x00, 0x3e, 0x63, 0x63,
  0x63, 0x6f, 0x66, 0x3d, 0x00, 0x7e, 0x63, 0x63, 0x62, 0x7c, 0x66, 0x63,
  0x00, 0x3e, 0x63, 0x60, 0x3e, 0x03, 0x63, 0x3e, 0x00, 0x7e, 0x06, 0x18,
  0x01, 0x00, 0x06, 0x63, 0x82, 0x3e, 0x00, 0x04, 0x63, 0xa4, 0x36, 0x1c,
  0x08, 0x00, 0x63, 0x63, 0x6b, 0x6b, 0x7f, 0x77, 0x22, 0x00, 0x63, 0x76,
  0x3c, 0x1c, 0x1e, 0x37, 0x63, 0x00, 0x66, 0x66, 0x7e, 0x3c, 0x18, 0x18,
  0x18, 0x00, 0x7f, 0x07, 0x0e, 0x1c, 0x38, 0x70, 0x7f, 0x00, 0x03, 0x24,
  0x04, 0x00, 0x00, 0x08, 0xff, 0x00, 0x18, 0x38, 0x32, 0x25, 0x33, 0x34,
  0x20, 0xfe, 0x01, 0x38, 0x33, 0x23, 0x2f, 0x32, 0x25, 0x20, 0xfe, 0x0e,
  0x38, 0x28, 0x29, 0x20, 0xff, 0xaa, 0x39, 0x1a, 0x2b, 0x2f, 0x2e, 0x21,
  0x2d, 0x29, 0x00, 0x11, 0x19, 0x18, 0x15, 0xfe, 0x49, 0x3a, 0x30, 0x35,
  0x33, 0x28, 0x00, 0x33, 0x30, 0x21, 0x23, 0x25, 0x00, 0x2b, 0x25, 0x39,
  0xff, 0x49, 0x3a, 0x00, 0x00, 0x30, 0x2c, 0x21, 0x39, 0x00, 0x33, 0x34,
  0x21, 0x32, 0x34, 0x00, 0x00, 0xff, 0x6b, 0x39, 0x27, 0x21, 0x2d, 0x25,
  0x00, 0x2f, 0x36, 0x25, 0x32, 0xff, 0x4a, 0x39, 0x0c, 0x7a, 0x16, 0x00,
  0x88, 0x33, 0x2f, 0x26, 0x34, 0x37, 0x21, 0x32, 0x25, 0x00, 0xe1, 0x3a,
  0x1a, 0x2b, 0x2f, 0x2e, 0x21, 0x2d, 0x29, 0xfe, 0xeb, 0x3a, 0x30, 0x39,
  0x32, 0x21, 0x2d, 0x29, 0x24, 0x20, 0xff, 0x3e, 0x0e, 0x32, 0x0a, 0xe0,
  0x21, 0xaa, 0x3a, 0x22, 0x0e, 0xe0, 0x11, 0x74, 0x48, 0x21, 0x00, 0x63,
  0xcd, 0xf1, 0x44, 0x21, 0x00, 0x03, 0x01, 0xd8, 0x00, 0x3e, 0xf0, 0xc3,
  0xe0, 0x44, 0x2a, 0x0e, 0xe0, 0x11, 0xe0, 0xff, 0x19, 0x22, 0x0e, 0xe0,
  0x3e, 0x60, 0x06, 0x03, 0xcd, 0x66, 0x48, 0x01, 0x0c, 0x0b, 0xcd, 0x66,
  0x48, 0x41, 0xcd, 0x66, 0x48, 0xaf, 0xcd, 0xab, 0x44, 0x21, 0x0a, 0xe0,
  0x35, 0xc9, 0xe5, 0xcd, 0x4d, 0x00, 0x23, 0x3c, 0x10, 0xf9, 0xd1, 0x21,
  0x20, 0x00, 0x19, 0xc9, 0x0f, 0x00, 0x01, 0x01, 0x06, 0x00, 0x82, 0xff,
  0xfe, 0x08, 0x0f, 0x84, 0xc3, 0xc7, 0xcf, 0xdf, 0x03, 0xff, 0x89, 0xfe,
  0xfc, 0xf8, 0xf0, 0xe0, 0xc0, 0x80, 0x07, 0x07, 0x05, 0x00, 0x83, 0x03,
  0xcf, 0xdf, 0x05, 0x00, 0x83, 0xe1, 0xf9, 0x7d, 0x05, 0x00, 0x83, 0xef,
  0xff, 0xf7, 0x05, 0x00, 0x83, 0x07, 0x8f, 0x9e, 0x05, 0x00, 0x83, 0xf0,
  0xf8, 0x78, 0x05, 0x00, 0x83, 0xf7, 0xff, 0xfb, 0x05, 0x00, 0x8b, 0x8f,
  0xdf, 0xf7, 0x0c, 0x1e, 0x1e, 0x0c, 0x00, 0x1e, 0x9e, 0x9e, 0x08, 0x0f,
  0x90, 0xff, 0xff, 0xdf, 0xcf, 0xc7, 0xc3, 0xc1, 0xc0, 0x07, 0x87, 0xc7,
  0xef, 0xff, 0xff, 0xff, 0xfc, 0x04, 0xde, 0x84, 0x9e, 0x9f, 0x0f, 0x03,
  0x05, 0x3d, 0x83, 0x7d, 0xf9, 0xe1, 0x08, 0xe3, 0x90, 0xdc, 0xc0, 0xc7,
  0xde, 0xdc, 0xde, 0xcf, 0xc3, 0x3c, 0x7c, 0xfc, 0x3c, 0x3c, 0x7c, 0xfc,
  0xde, 0x08, 0xf1, 0x08, 0xe3, 0x08, 0xde, 0x88, 0x38, 0x44, 0xba, 0xaa,
  0xb2, 0xaa, 0x44, 0x38, 0x03, 0x00, 0x01, 0xff, 0x04, 0x00, 0x00, 0xac,
  0x00, 0x03, 0x07, 0x00, 0x1f, 0x3f, 0x7f, 0x00, 0x00, 0x03, 0x07, 0x0f,
  0x00, 0x00, 0x00, 0xff, 0x00, 0xff, 0xff, 0xff, 0x00, 0x00, 0x01, 0xff,
  0x01, 0x03, 0x01, 0x0e, 0x03, 0x3e, 0x07, 0xfc, 0x0f, 0xfc, 0xf8, 0x1f,
  0xf0, 0xf0, 0xe0, 0x3f, 0x7f, 0xc0, 0xc0, 0x80, 0x04, 0xff, 0x94, 0x80,
  0xc0, 0xe0, 0x00, 0xf8, 0x00, 0xfe, 0x00, 0xff, 0x00, 0x00, 0xff, 0x00,
  0x00, 0x00, 0xff, 0x80, 0x00, 0x00, 0xf0, 0x03, 0x00, 0x02, 0xff, 0x03,
  0x00, 0x04, 0xff, 0x8d, 0x80, 0x00, 0x00, 0x00, 0xf8, 0xfc, 0xfe, 0xff,
  0x3f, 0x6f, 0x37, 0x17, 0x0f, 0x09, 0x07, 0x97, 0x0f, 0x1f, 0xc7, 0x83,
  0x07, 0x0e, 0x3c, 0xf8, 0xf0, 0x7c, 0x1e, 0x1e, 0x0e, 0x0f, 0x0f, 0x0f,
  0x8f, 0xc7, 0x87, 0x0f, 0x07, 0x00, 0x0f, 0x08, 0x07, 0x88, 0x87, 0xef,
  0xcf, 0x00, 0x80, 0x00, 0x1f, 0x9e, 0x03, 0x0f, 0x06, 0x0e, 0x89, 0x8f,
  0x9f, 0x00, 0x00, 0x00, 0x78, 0xfc, 0xde, 0x8e, 0x07, 0x0e, 0x89, 0x1f,
  0xbf, 0x00, 0x00, 0x00, 0x0f, 0x1f, 0x38, 0x30, 0x04, 0x60, 0x8e, 0x70,
  0x70, 0x3f, 0x1f, 0x0f, 0x00, 0x00, 0x00, 0xf9, 0xf3, 0xf3, 0x71, 0x70,
  0x71, 0x03, 0x70, 0x03, 0xf0, 0xad, 0xe0, 0x00, 0x00, 0x03, 0x8f, 0xde,
  0xdf, 0x8f, 0x87, 0x01, 0x00, 0x38, 0x1c, 0x3e, 0x3f, 0x1f, 0x0f, 0x00,
  0x00, 0xf0, 0xfc, 0x0e, 0x06, 0xc0, 0xf0, 0xf8, 0x7c, 0x1c, 0x1e, 0x3e,
  0xfe, 0xfc, 0xf8, 0x7f, 0xf1, 0x7b, 0x11, 0x07, 0x1f, 0x07, 0x07, 0x03,
  0x03, 0x01, 0x01, 0x04, 0x00, 0xa9, 0xc3, 0x8f, 0x3b, 0x61, 0x01, 0x03,
  0x03, 0x86, 0x86, 0xcc, 0xd8, 0xf8, 0xf0, 0xf0, 0x60, 0x60, 0x8f, 0xdb,
  0xdf, 0x87, 0x8e, 0x0e, 0x1f, 0x1e, 0x38, 0x30, 0x30, 0x74, 0x7c, 0x7c,
  0x3c, 0x18, 0xfe, 0xf3, 0x77, 0x3e, 0x7c, 0xfc, 0x9e, 0x1e, 0x1e, 0x03,
  0x0f, 0x03, 0x07, 0x83, 0x0f, 0x07, 0x03, 0x09, 0x01, 0x86, 0x03, 0x87,
  0x8c, 0xcd, 0xe7, 0xe0, 0x06, 0xc0, 0x03, 0xc3, 0x88, 0xe1, 0xc0, 0x8e,
  0x3f, 0xff, 0xff, 0x0f, 0x07, 0x08, 0x03, 0x87, 0x83, 0x87, 0xcf, 0xc8,
  0xcb, 0x8f, 0xc0, 0x06, 0x80, 0x03, 0x86, 0xae, 0xc3, 0x81, 0x1d, 0x7f,
  0xff, 0xff, 0x3f, 0x1f, 0x0f, 0x0f, 0x0f, 0x0e, 0x0d, 0x0d, 0x0e, 0x0f,
  0x0f, 0x0f, 0x8f, 0x9f, 0xbf, 0x1f, 0xff, 0x07, 0x1e, 0x38, 0x60, 0xc0,
  0x18, 0x7c, 0xcc, 0x00, 0x00, 0x01, 0x83, 0xff, 0xff, 0xfe, 0x3f, 0x73,
  0x2f, 0x0f, 0x07, 0x03, 0x01, 0x01, 0x04, 0x00, 0x8c, 0x80, 0x80, 0x01,
  0x03, 0x8f, 0x7b, 0x03, 0x87, 0xce, 0xdc, 0xf8, 0xf8, 0x06, 0xf0, 0x85,
  0xf8, 0xfc, 0x80, 0xc0, 0x80, 0x0e, 0x00, 0x84, 0x60, 0x70, 0x3f, 0x3f,
  0x03, 0x00, 0x85, 0x70, 0x70, 0xf0, 0xe0, 0xc0, 0x03, 0x00, 0x00, 0x1c,
  0xe0, 0x88, 0xf0, 0xe0, 0xf0, 0xe0, 0xf0, 0xe0, 0xe0, 0xf0, 0x03, 0xe0,
  0x02, 0xf0, 0x03, 0xe0, 0x2c, 0xf0, 0x00, 0x03, 0x60, 0x8d, 0x80, 0x80,
  0x90, 0x90, 0xa0, 0xb0, 0xe0, 0x30, 0x70, 0x50, 0x50, 0x40, 0x40, 0x00,
  0x00, 0x00, 0x93, 0x96, 0x00, 0x00, 0x00, 0x90, 0x94, 0x97, 0x98, 0x00,
  0x91, 0x92, 0x95, 0x99, 0x99, 0x9a, 0x08, 0x98, 0x06, 0x38, 0x08, 0x68,
  0x05, 0x08, 0x14, 0x80, 0x04, 0x08, 0x14, 0x48, 0x08, 0x48, 0x05, 0x30,
  0x08, 0x40, 0x05, 0x30, 0x08, 0x40, 0x05, 0x90, 0x09, 0x38, 0x04, 0x08,
  0x14, 0x68, 0x04, 0x08, 0x14, 0x10, 0x04, 0x08, 0x14, 0x48, 0x08, 0x48,
  0x05, 0xa0, 0x09, 0x08, 0x18, 0x40, 0x08, 0x08, 0x18, 0x90, 0x09, 0x48,
  0x04, 0x58, 0x08, 0x08, 0x18, 0x80, 0x06, 0xff, 0x21, 0x33, 0xe1, 0x7e,
  0xb7, 0x28, 0x10, 0x3a, 0x12, 0xe0, 0x47, 0x3a, 0x20, 0xe0, 0xb0, 0x20,
  0x06, 0x77, 0x3e, 0x8b, 0xcd, 0xa9, 0x7a, 0xcd, 0x75, 0x4b, 0xcd, 0xbc,
  0x4b, 0xcd, 0xe4, 0x4b, 0x3a, 0x32, 0xe1, 0xa7, 0xc2, 0xf0, 0x6d, 0xcd,
  0x11, 0x4c, 0xcd, 0x64, 0x6f, 0xcd, 0x32, 0x65, 0xcd, 0x59, 0x4c, 0xcd,
  0xff, 0x57, 0xcd, 0xad, 0x5b, 0xcd, 0x1f, 0x5c, 0xcd, 0xea, 0x65, 0xcd,
  0x0b, 0x68, 0xcd, 0x51, 0x5c, 0xcd, 0xa8, 0x5c, 0xcd, 0x4b, 0x69, 0x3a,
  0x02, 0xe0, 0xcb, 0x77, 0xc8, 0x3e, 0x06, 0xcd, 0x41, 0x01, 0x2f, 0xcb,
  0x77, 0x28, 0x0d, 0xaf, 0x32, 0x53, 0xe0, 0x3c, 0x32, 0x5e, 0xe0, 0x3e,
  0x1d, 0xcd, 0xa9, 0x7a, 0xc9, 0x11, 0xb0, 0xe0, 0x21, 0x00, 0x3b, 0x01,
  0x18, 0x00, 0xcd, 0xc0, 0x44, 0x21, 0x61, 0xe0, 0x34, 0x7e, 0xe6, 0x03,
  0x4f, 0x87, 0x87, 0x11, 0xc8, 0xe0, 0xcd, 0x15, 0x40, 0x21, 0x18, 0x3b,
  0x06, 0x04, 0xc5, 0x01, 0x04, 0x00, 0xcd, 0xc0, 0x44, 0xc1, 0x3e, 0x04,
  0xcd, 0x10, 0x40, 0x0c, 0x79, 0xfe, 0x04, 0x20, 0x05, 0x11, 0xc8, 0xe0,
  0x0e, 0x00, 0x10, 0xe6, 0x11, 0xd8, 0xe0, 0x21, 0x28, 0x3b, 0x01, 0x58,
  0x00, 0xc3, 0xc0, 0x44, 0x3a, 0x36, 0xe1, 0x1f, 0x3a, 0x39, 0xe1, 0x30,
  0x05, 0xfe, 0x02, 0xd0, 0x38, 0x03, 0xfe, 0xf4, 0xd8, 0x3e, 0x20, 0x32,
  0x04, 0xe0, 0x3e, 0x01, 0x32, 0x47, 0xe1, 0xcd, 0x49, 0x43, 0xcd, 0x56,
  0x43, 0x3e, 0x09, 0x32, 0x00, 0xe0, 0xe1, 0xc9, 0x3a, 0x03, 0xe0, 0x1f,
  0xe6, 0x03, 0xf5, 0x21, 0x09, 0x4c, 0x11, 0x88, 0x02, 0x01, 0x18, 0x00,
  0xcd, 0x01, 0x4c, 0xf1, 0x01, 0x03, 0x00, 0x11, 0xe5, 0x02, 0x21, 0x0d,
  0x4c, 0xcd, 0x10, 0x40, 0x7e, 0xeb, 0xc3, 0xe0, 0x44, 0x10, 0xf0, 0xa0,
  0xa0, 0x16, 0xf6, 0xa6, 0xa6, 0x3a, 0x02, 0xe0, 0xcb, 0x77, 0xc8, 0x3e,
  0x06, 0xcd, 0x41, 0x01, 0x2f, 0x21, 0x65, 0xe0, 0xcd, 0xe1, 0x45, 0xcb,
  0x6f, 0x23, 0x23, 0x7e, 0x20, 0x07, 0xa7, 0xc8, 0xcd, 0x38, 0x4c, 0xe1,
  0xc9, 0xee, 0x01, 0x77, 0xa7, 0x28, 0x0f, 0xc9, 0x3a, 0x03, 0xe0, 0x47,
  0xe6, 0x07, 0xc0, 0xcb, 0x60, 0x11, 0x52, 0x4c, 0x28, 0x03, 0x11, 0x8a,
  0x65, 0x21, 0xf6, 0x3a, 0x01, 0x07, 0x00, 0xc3, 0xc0, 0x44, 0x30, 0x21,
  0x35, 0x33, 0x29, 0x2e, 0x27, 0x21, 0xfa, 0x4c, 0xe5, 0x3a, 0x34, 0xe1,
  0xa7, 0x28, 0x04, 0xfe, 0x03, 0x20, 0x12, 0x21, 0x35, 0xe1, 0x3a, 0x09,
  0xe0, 0x77, 0xa7, 0x28, 0x08, 0x1f, 0x1f, 0xe6, 0x03, 0x28, 0x02, 0x23,
  0x77, 0x3a, 0x34, 0xe1, 0xcd, 0x4b, 0x40, 0x8d, 0x4c, 0x6d, 0x4d, 0x97,
  0x4d, 0xa1, 0x4d, 0x1e, 0x4e, 0x78, 0x4e, 0xb8, 0x4f, 0x3a, 0x08, 0xe0,
  0xcb, 0x67, 0x28, 0x10, 0x3a, 0x44, 0xe1, 0xe6, 0xf0, 0xca, 0x50, 0x4d,
  0xfe, 0x10, 0xc2, 0xc1, 0x4e, 0xc3, 0xbf, 0x4d, 0xcd, 0x95, 0x50, 0xda,
  0x8e, 0x4d, 0xaf, 0x32, 0x4d, 0xe1, 0xcd, 0x30, 0x51, 0xc8, 0x21, 0x35,
  0xe1, 0x7e, 0xe6, 0x0c, 0xca, 0x39, 0x4d, 0x21, 0x3e, 0xe1, 0x34, 0xcd,
  0xd2, 0x51, 0x30, 0x2c, 0x7e, 0xe6, 0xf0, 0xfe, 0x50, 0x20, 0x2c, 0x7e,
  0xe6, 0x0f, 0xd6, 0x01, 0xfe, 0x02, 0x38, 0x23, 0x21, 0x46, 0xe1, 0x34,
  0x3e, 0x10, 0xbe, 0xc2, 0xf7, 0x4c, 0x3e, 0x06, 0x32, 0x34, 0xe1, 0x3e,
  0x20, 0x32, 0x45, 0xe1, 0x3e, 0x03, 0xcd, 0xa9, 0x7a, 0xc3, 0xdc, 0x69,
  0xaf, 0x32, 0x46, 0xe1, 0xcd, 0xfb, 0x73, 0xc3, 0x2e, 0x4d, 0x21, 0x37,
  0xe1, 0x4e, 0x23, 0x23, 0x46, 0x3a, 0x3f, 0xe1, 0x21, 0xc0, 0xe0, 0x0d,
  0x0d, 0xcb, 0x47, 0x28, 0x01, 0x0c, 0x11, 0x46, 0x4d, 0xcd, 0x15, 0x40,
  0x1a, 0x57, 0xcd, 0x19, 0x4d, 0x71, 0x23, 0x70, 0x23, 0x3a, 0x36, 0xe1,
  0x1f, 0x7a, 0x30, 0x02, 0xc6, 0x60, 0x77, 0x7a, 0xc6, 0x04, 0x57, 0x23,
  0x23, 0xc9, 0x21, 0x3e, 0xe1, 0x7e, 0x1f, 0x1f, 0xe6, 0x07, 0x23, 0x77,
  0xc9, 0xaf, 0x32, 0x45, 0xe1, 0x3c, 0x18, 0x02, 0x3e, 0x02, 0x32, 0x3f,
  0xe1, 0xc9, 0x08, 0x00, 0x10, 0x08, 0x00, 0x10, 0x00, 0x10, 0x18, 0x20,
  0x21, 0x37, 0xe1, 0x7e, 0xa7, 0xc8, 0xcd, 0x34, 0x74, 0xd0, 0xeb, 0x7e,
  0xe6, 0xf0, 0xfe, 0x10, 0xc8, 0x3a, 0x09, 0xe0, 0x32, 0x43, 0xe1, 0x21,
  0x34, 0xe1, 0xc3, 0xd7, 0x70, 0x21, 0x36, 0xe1, 0xcd, 0xf4, 0x74, 0x21,
  0x34, 0xe1, 0xe5, 0xdd, 0xe1, 0xcd, 0x84, 0x74, 0xc0, 0x3e, 0x03, 0x32,
  0x34, 0xe1, 0x18, 0x13, 0x3e, 0x02, 0xcd, 0xa9, 0x7a, 0xaf, 0x32, 0x34,
  0xe1, 0xc9, 0xaf, 0x32, 0x3b, 0xe0, 0x3e, 0x01, 0xcd, 0xa9, 0x7a, 0x21,
  0x34, 0xe1, 0xcd, 0x64, 0x75, 0xd2, 0x84, 0x4d, 0xc9, 0x21, 0x35, 0xe1,
  0x7e, 0xe6, 0x0c, 0xc8, 0x06, 0x01, 0xaf, 0x32, 0x5f, 0xe0, 0xcd, 0x7d,
  0x75, 0x28, 0x03, 0xc3, 0x2e, 0x4d, 0xaf, 0x18, 0x02, 0x3e, 0x03, 0x32,
  0x34, 0xe1, 0xc9, 0xaf, 0x21, 0xf4, 0xe1, 0x77, 0xe5, 0x3e, 0x04, 0xcd,
  0x5b, 0x67, 0xe6, 0xf0, 0xfe, 0x30, 0xe1, 0xc8, 0x34, 0x3e, 0x04, 0xbe,
  0x20, 0xee, 0xaf, 0x32, 0x31, 0xe1, 0x21, 0x36, 0xe1, 0x7e, 0x23, 0x1f,
  0x01, 0x00, 0xff, 0x38, 0x02, 0x06, 0x12, 0xc5, 0xcd, 0xb7, 0x50, 0xc1,
  0x28, 0x15, 0xc5, 0x1a, 0xcd, 0xc8, 0x5a, 0xc1, 0x28, 0x0d, 0x3e, 0x15,
  0x32, 0x45, 0xe1, 0x3e, 0x04, 0x32, 0x34, 0xe1, 0xc3, 0x67, 0x4e, 0xfe,
  0x10, 0xc0, 0x0d, 0x21, 0x39, 0xe1, 0x7e, 0xe6, 0x07, 0xfe, 0x04, 0xc0,
  0x2b, 0x2b, 0xcd, 0xb7, 0x50, 0x79, 0xb7, 0xc0, 0x21, 0x31, 0xe1, 0x34,
  0x18, 0xd8, 0x21, 0x45, 0xe1, 0xcb, 0x66, 0x28, 0x48, 0x35, 0x7e, 0xe6,
  0x0f, 0xc0, 0x21, 0x61, 0xe2, 0x7e, 0x23, 0x77, 0xaf, 0xcd, 0x17, 0x5b,
  0x36, 0x04, 0x3a, 0x36, 0xe1, 0xe6, 0x03, 0x23, 0x77, 0x3a, 0x31, 0xe1,
  0xb7, 0x28, 0x1f, 0x2b, 0x36, 0x07, 0x23, 0x23, 0x11, 0x37, 0xe1, 0x1a,
  0xd6, 0x08, 0x77, 0x23, 0x23, 0x13, 0x13, 0x1a, 0xc6, 0x04, 0x77, 0x23,
  0x13, 0x1a, 0x77, 0x3e, 0x04, 0xcd, 0x10, 0x40, 0x36, 0x00, 0x3e, 0x09,
  0xc3, 0x69, 0x4e, 0x3e, 0x08, 0x32, 0x3f, 0xe1, 0xc9, 0x21, 0x45, 0xe1,
  0x35, 0xc0, 0xaf, 0x32, 0x34, 0xe1, 0x18, 0x42, 0x21, 0x45, 0xe1, 0x35,
  0x7e, 0xe6, 0x0f, 0x28, 0x0b, 0x7e, 0xcb, 0x67, 0x3e, 0x09, 0x28, 0x01,
  0x3d, 0xc3, 0x42, 0x4d, 0x7e, 0xcb, 0x67, 0x06, 0x04, 0x20, 0x0f, 0x06,
  0x08, 0xc5, 0xe5, 0x21, 0x48, 0xe1, 0x35, 0x35, 0x35, 0xcd, 0xf7, 0x68,
  0xe1, 0xc1, 0x7e, 0xe6, 0xf0, 0xb0, 0xee, 0x10, 0x77, 0x3a, 0x48, 0xe1,
  0xa7, 0xc0, 0xcd, 0xcf, 0x4f, 0x3e, 0x01, 0xcd, 0x42, 0x4d, 0xaf, 0x32,
  0x34, 0xe1, 0xaf, 0x32, 0x44, 0xe1, 0xc3, 0x56, 0x50, 0x21, 0x37, 0xe1,
  0xcd, 0xad, 0x50, 0xc0, 0x2b, 0xe5, 0xcd, 0xda, 0x51, 0xe1, 0x30, 0x0c,
  0x7e, 0xee, 0x03, 0x47, 0xe5, 0xcd, 0xdb, 0x51, 0xe1, 0xda, 0x6c, 0x4f,
  0x5e, 0x23, 0x7e, 0xc6, 0x10, 0x57, 0x23, 0x23, 0x7e, 0x01, 0x10, 0x00,
  0xe6, 0x07, 0xfe, 0x05, 0x38, 0x02, 0x06, 0x08, 0x7b, 0x1f, 0x78, 0x38,
  0x01, 0x79, 0x86, 0x5f, 0xe6, 0xf8, 0xc8, 0xfe, 0xf8, 0xc8, 0x21, 0x49,
  0xe1, 0xe5, 0x72, 0x23, 0x23, 0x73, 0x13, 0x23, 0x3a, 0x3a, 0xe1, 0x77,
  0xe1, 0xcd, 0xd6, 0x50, 0xe6, 0xf0, 0xfe, 0x10, 0xc0, 0x7e, 0xe6, 0x0f,
  0xfe, 0x04, 0x38, 0x03, 0xfe, 0x09, 0xc0, 0x3e, 0x60, 0xcd, 0x10, 0x40,
  0x7e, 0xe6, 0xf0, 0xfe, 0x50, 0xc8, 0x01, 0x40, 0xff, 0x09, 0x7e, 0xe6,
  0xf0, 0x28, 0x01, 0xfe, 0x20, 0xc0, 0x21, 0x34, 0xe1, 0x36, 0x05, 0x23,
  0x23, 0x7e, 0x1f, 0x23, 0x23, 0x23, 0x7e, 0x30, 0x10, 0xe6, 0x07, 0xfe,
  0x05, 0x7e, 0x38, 0x06, 0xc6, 0x04, 0xe6, 0xf8, 0xc6, 0x02, 0x77, 0x18,
  0x0c, 0xe6, 0x07, 0xd6, 0x01, 0xfe, 0x03, 0x7e, 0x38, 0x02, 0xe6, 0xfc,
  0x77, 0x3e, 0x15, 0x32, 0x48, 0xe1, 0x3e, 0x05, 0x32, 0x34, 0xe1, 0xc9,
  0x11, 0x49, 0xe1, 0x23, 0x7e, 0x12, 0x23, 0x13, 0x13, 0x23, 0x3a, 0x36,
  0xe1, 0x1f, 0x7e, 0x38, 0x02, 0xc6, 0x10, 0x12, 0xe6, 0xf8, 0xc8, 0xfe,
  0xf8, 0xc8, 0x23, 0x13, 0x7e, 0x12, 0xcd, 0x61, 0x4f, 0x3e, 0x02, 0x32,
  0x45, 0xe1, 0x21, 0x37, 0xe1, 0xcd, 0xd6, 0x50, 0x3a, 0x36, 0xe1, 0x1f,
  0x38, 0x02, 0x23, 0x23, 0x7e, 0xe6, 0xf0, 0xfe, 0x10, 0x28, 0x0c, 0x21,
  0x49, 0xe1, 0x7e, 0xc6, 0x08, 0x77, 0x3e, 0x09, 0x32, 0x48, 0xe1, 0x3e,
  0x45, 0xc3, 0xa9, 0x7a, 0x3a, 0x03, 0xe0, 0xe6, 0x01, 0xc0, 0x21, 0x45,
  0xe1, 0x35, 0x28, 0x07, 0x21, 0x3e, 0xe1, 0x34, 0xc3, 0xf4, 0x4c, 0x32,
  0x34, 0xe1, 0xc9, 0x21, 0x37, 0xe1, 0x01, 0x0c, 0x04, 0xcd, 0x4d, 0x74,
  0x06, 0x04, 0x30, 0x09, 0x01, 0x0c, 0x0b, 0xcd, 0x4d, 0x74, 0xd8, 0x06,
  0x00, 0x21, 0x39, 0xe1, 0x7e, 0x80, 0xe6, 0xfc, 0x77, 0xc9, 0x21, 0x30,
  0xe1, 0x11, 0x31, 0xe1, 0x01, 0x00, 0x05, 0xaf, 0x77, 0xed, 0xb0, 0x21,
  0x00, 0x22, 0x11, 0x38, 0x56, 0xcd, 0xf1, 0x44, 0x21, 0x28, 0x02, 0x11,
  0x79, 0x57, 0xcd, 0xf1, 0x44, 0x21, 0x40, 0x23, 0x11, 0xb8, 0x23, 0x0e,
  0x0f, 0xcd, 0x68, 0x45, 0x11, 0xdd, 0x57, 0x21, 0xb8, 0x03, 0xcd, 0xf1,
  0x44, 0x06, 0x06, 0x21, 0x30, 0x24, 0x11, 0x6f, 0x57, 0xe5, 0xc5, 0xcd,
  0xf1, 0x44, 0xc1, 0xe1, 0x11, 0x08, 0x00, 0x19, 0x10, 0xf0, 0x11, 0xf2,
  0x57, 0x21, 0x30, 0x04, 0xcd, 0xf1, 0x44, 0x11, 0x96, 0x55, 0xcd, 0x14,
  0x45, 0x11, 0x36, 0x55, 0xcd, 0x14, 0x45, 0x21, 0x40, 0x19, 0x11, 0x50,
  0x1c, 0x0e, 0x03, 0xcd, 0x4c, 0x45, 0x3a, 0x44, 0xe1, 0x1f, 0x1f, 0x1f,
  0xe6, 0x1e, 0x21, 0x75, 0x50, 0xcd, 0x49, 0x6d, 0xeb, 0x21, 0x00, 0x18,
  0xe5, 0xcd, 0x14, 0x45, 0xe1, 0x11, 0x10, 0x1b, 0x0e, 0x0a, 0xc3, 0x4c,
  0x45, 0x0e, 0x52, 0xca, 0x52, 0xfd, 0x53, 0x21, 0x37, 0xe1, 0xe5, 0x2b,
  0x7e, 0x23, 0x01, 0x0f, 0x05, 0x1f, 0x38, 0x02, 0x06, 0x0b, 0xcd, 0xe1,
  0x50, 0xe1, 0xe6, 0xf0, 0xfe, 0x10, 0xc8, 0x37, 0xc9, 0x21, 0x37, 0xe1,
  0xcd, 0xad, 0x50, 0xc8, 0x23, 0x23, 0x7e, 0xe6, 0x07, 0xfe, 0x04, 0x7e,
  0x30, 0x02, 0xc6, 0x04, 0xe6, 0xfc, 0x77, 0x37, 0xc9, 0x01, 0x11, 0x06,
  0xcd, 0xb7, 0x50, 0xc8, 0x01, 0x11, 0x0a, 0xe5, 0xcd, 0xe1, 0x50, 0xeb,
  0xe1, 0x2b, 0x2b, 0x2b, 0x46, 0x23, 0x23, 0x23, 0xe6, 0xf0, 0x4f, 0xfe,
  0x10, 0xc8, 0x78, 0xfe, 0x02, 0x79, 0x28, 0x03, 0xfe, 0x50, 0xc9, 0x79,
  0x05, 0xc9, 0xd5, 0xc5, 0x01, 0x00, 0x00, 0xcd, 0xe1, 0x50, 0xc1, 0xd1,
  0xc9, 0x7e, 0x81, 0x1f, 0x1f, 0x1f, 0xe6, 0x1f, 0x5f, 0x16, 0x00, 0xeb,
  0x29, 0x29, 0x29, 0x29, 0x29, 0xc5, 0x44, 0x4d, 0x29, 0x09, 0xc1, 0xeb,
  0x23, 0x23, 0x7e, 0x23, 0x66, 0x6f, 0xc5, 0x48, 0x06, 0x00, 0xcb, 0x79,
  0x28, 0x01, 0x05, 0x09, 0x7d, 0xc1, 0xcb, 0x3c, 0x1f, 0xcb, 0x3c, 0x1f,
  0xcb, 0x3c, 0x1f, 0x6f, 0x19, 0x11, 0x00, 0xe7, 0x19, 0x7e, 0xc9, 0x37,
  0xc9, 0x7e, 0xe6, 0x07, 0xc0, 0xc5, 0x01, 0x10, 0x08, 0xcd, 0xe1, 0x50,
  0xe6, 0xf0, 0xfe, 0x10, 0xc1, 0xc8, 0xa7, 0xc9, 0x21, 0x35, 0xe1, 0x7e,
  0xe6, 0x03, 0x28, 0x5d, 0x1f, 0x30, 0x5d, 0x23, 0x23, 0x23, 0x23, 0x7e,
  0xe6, 0x07, 0x28, 0x51, 0xd6, 0x05, 0x06, 0x22, 0x38, 0x01, 0x05, 0x2b,
  0x2b, 0xe5, 0xcd, 0xd6, 0x50, 0x3e, 0x61, 0xcd, 0x10, 0x40, 0x7e, 0x4f,
  0xe1, 0xb8, 0x28, 0x09, 0xf5, 0x78, 0xc6, 0x10, 0x47, 0xf1, 0xb8, 0x20,
  0x30, 0xe6, 0x01, 0xee, 0x01, 0x47, 0x3a, 0x4d, 0xe1, 0xa7, 0x20, 0x04,
  0x78, 0x32, 0x43, 0xe1, 0x23, 0x23, 0x7e, 0x2b, 0x2b, 0x11, 0x8d, 0x51,
  0xe6, 0x07, 0xcd, 0x15, 0x40, 0x1a, 0x86, 0x77, 0x2b, 0x2b, 0x2b, 0x36,
  0x03, 0xaf, 0xfe, 0x00, 0xc9, 0x00, 0xff, 0xfe, 0xfd, 0xfc, 0xfd, 0xfe,
  0xff, 0xaf, 0x3d, 0xc9, 0x23, 0x23, 0x23, 0x23, 0x7e, 0xe6, 0x07, 0xfe,
  0x04, 0x20, 0xf2, 0x2b, 0x2b, 0xe5, 0xcd, 0xd6, 0x50, 0x3e, 0xc1, 0xcd,
  0x10, 0x40, 0x7e, 0x4f, 0xe1, 0xfe, 0x16, 0x28, 0x04, 0xfe, 0x17, 0x20,
  0xdc, 0x3a, 0x4d, 0xe1, 0xa7, 0x20, 0x06, 0x79, 0xe6, 0x01, 0x32, 0x43,
  0xe1, 0x7e, 0xc6, 0x04, 0x77, 0x2b, 0x2b, 0x2b, 0x36, 0x03, 0xaf, 0xfe,
  0x00, 0xc9, 0x21, 0x35, 0xe1, 0x7e, 0xe6, 0x0c, 0xc8, 0x23, 0x46, 0x23,
  0x54, 0x5d, 0xcd, 0xd6, 0x50, 0x13, 0x13, 0x1a, 0xe6, 0x07, 0x0e, 0x50,
  0x28, 0x06, 0xfe, 0x04, 0x0e, 0x10, 0x20, 0x1c, 0xcb, 0x40, 0x20, 0x05,
  0x23, 0xa7, 0x28, 0x01, 0x23, 0x7e, 0xe6, 0xf0, 0xb9, 0x28, 0x0b, 0x3e,
  0x60, 0xcd, 0x10, 0x40, 0x7e, 0xe6, 0xf0, 0xb9, 0x20, 0x02, 0x37, 0xc9,
  0xa7, 0xc9, 0x00, 0x18, 0x86, 0x00, 0x01, 0x03, 0x00, 0x07, 0x08, 0x03,
  0x00, 0x8d, 0x01, 0x02, 0x02, 0x01, 0x00, 0x00, 0x01, 0x00, 0xc0, 0xe0,
  0x00, 0xf0, 0x08, 0x03, 0x00, 0x87, 0xc0, 0x60, 0x00, 0xc0, 0x00, 0x00,
  0xc0, 0x03, 0x00, 0x8c, 0x03, 0x00, 0x03, 0x07, 0x03, 0x01, 0x00, 0x01,
  0x01, 0x00, 0x01, 0x01, 0x04, 0x00, 0x93, 0xe0, 0x00, 0xf0, 0xe0, 0xf0,
  0xc0, 0x00, 0x80, 0xe0, 0x00, 0x80, 0x80, 0x00, 0x00, 0x01, 0x03, 0x00,
  0x07, 0x08, 0x03, 0x00, 0x03, 0x03, 0x02, 0x09, 0x03, 0x00, 0x85, 0xc0,
  0xe0, 0x00, 0xf0, 0x08, 0x03, 0x00, 0x87, 0xc0, 0x00, 0xc0, 0xc0, 0x00,
  0x00, 0xe0, 0x03, 0x00, 0x86, 0x03, 0x00, 0x03, 0x07, 0x03, 0x01, 0x03,
  0x00, 0x02, 0x06, 0x05, 0x00, 0x93, 0xe0, 0x00, 0xf0, 0xf0, 0xe0, 0xc0,
  0x00, 0xe0, 0x00, 0x00, 0xc0, 0xc0, 0x00, 0x00, 0x01, 0x03, 0x00, 0x07,
  0x08, 0x03, 0x00, 0x02, 0x03, 0x02, 0x01, 0x89, 0x00, 0x0c, 0x08, 0x00,
  0xc0, 0xe0, 0x00, 0xf0, 0x08, 0x03, 0x00, 0x86, 0x60, 0xc0, 0xc0, 0xc8,
  0x88, 0x18, 0x04, 0x00, 0x8c, 0x03, 0x00, 0x03, 0x07, 0x03, 0x01, 0x04,
  0x0c, 0x04, 0x02, 0x07, 0x02, 0x04, 0x00, 0x8b, 0xe0, 0x00, 0xf0, 0xf0,
  0xe0, 0xc0, 0x80, 0x30, 0x20, 0x00, 0x70, 0x01, 0x00, 0x00, 0x00, 0x18,
  0x86, 0x00, 0x01, 0x03, 0x00, 0x07, 0x08, 0x03, 0x00, 0x8c, 0x01, 0x03,
  0x03, 0x01, 0x00, 0x00, 0x01, 0x00, 0xc0, 0xe4, 0x0c, 0xfc, 0x04, 0x0c,
  0x87, 0xd6, 0xf0, 0x84, 0xca, 0x00, 0x00, 0xc0, 0x03, 0x00, 0x86, 0x03,
  0x00, 0x03, 0x07, 0x03, 0x01, 0x04, 0x00, 0x02, 0x01, 0x04, 0x00, 0x93,
  0xe0, 0x00, 0xf0, 0xf0, 0xe0, 0xc0, 0x08, 0x0c, 0x70, 0x00, 0x80, 0x80,
  0x00, 0x00, 0x01, 0x03, 0x00, 0x07, 0x08, 0x03, 0x00, 0x03, 0x03, 0x02,
  0x09, 0x03, 0x00, 0x84, 0xc8, 0xd8, 0x18, 0xf8, 0x04, 0x18, 0x87, 0x7c,
  0x00, 0xd4, 0xc0, 0x00, 0x00, 0xe0, 0x03, 0x00, 0x86, 0x03, 0x00, 0x03,
  0x07, 0x03, 0x01, 0x03, 0x00, 0x02, 0x06, 0x05, 0x00, 0x82, 0xe0, 0x00,
  0x03, 0xe0, 0x8e, 0xc0, 0x80, 0xf8, 0x00, 0x00, 0xc0, 0xc0, 0x00, 0x00,
  0x01, 0x03, 0x00, 0x07, 0x08, 0x03, 0x00, 0x02, 0x03, 0x02, 0x01, 0x92,
  0x00, 0x0c, 0x08, 0x00, 0xc2, 0xe6, 0x06, 0xf6, 0x0e, 0x06, 0x06, 0x0f,
  0x60, 0xe5, 0xc0, 0xc8, 0x88, 0x18, 0x04, 0x00, 0x8c, 0x03, 0x00, 0x03,
  0x07, 0x03, 0x01, 0x04, 0x0c, 0x08, 0x02, 0x07, 0x02, 0x04, 0x00, 0x96,
  0xe0, 0x00, 0xf0, 0xf0, 0xe0, 0xc0, 0x9e, 0x18, 0x00, 0x00, 0x70, 0x00,
  0x00, 0xc0, 0xe1, 0x77, 0x30, 0x03, 0x20, 0x04, 0x02, 0x01, 0x03, 0x03,
  0x03, 0x00, 0x91, 0x0e, 0x00, 0xc0, 0xe0, 0x00, 0xf0, 0x88, 0x50, 0x20,
  0x00, 0xe0, 0xc0, 0x80, 0x80, 0x00, 0x00, 0x38, 0x03, 0x00, 0x86, 0x0b,
  0x1c, 0x0f, 0x1b, 0x1d, 0x0e, 0x03, 0x00, 0x83, 0x03, 0x07, 0x06, 0x04,
  0x00, 0x8c, 0xe0, 0x00, 0x70, 0xa0, 0xc0, 0xe0, 0x00, 0x00, 0x60, 0x70,
  0x30, 0x30, 0x03, 0x00, 0x8a, 0x01, 0x03, 0x04, 0x08, 0x04, 0x00, 0x03,
  0x02, 0x07, 0x03, 0x03, 0x00, 0x8d, 0x0e, 0x00, 0x00, 0xc0, 0xe0, 0x10,
  0x08, 0x10, 0x20, 0x40, 0x00, 0x80, 0x40, 0x03, 0x00, 0x81, 0x70, 0x04,
  0x00, 0x8b, 0x03, 0x07, 0x03, 0x01, 0x00, 0x01, 0x00, 0x04, 0x06, 0x06,
  0x0c, 0x05, 0x00, 0x8c, 0xe0, 0xf0, 0xe0, 0xc0, 0x80, 0xe0, 0x70, 0x90,
  0xe0, 0x60, 0x60, 0x00, 0x00, 0x00, 0x18, 0x96, 0x00, 0x01, 0x03, 0x00,
  0x67, 0x04, 0x18, 0x0c, 0x06, 0x01, 0x03, 0x03, 0x01, 0x00, 0x00, 0x01,
  0x00, 0xc0, 0xe0, 0x00, 0xf0, 0x08, 0x03, 0x00, 0x02, 0xc0, 0x8f, 0x80,
  0xc0, 0x00, 0x00, 0xc0, 0x00, 0x08, 0x10, 0x03, 0x10, 0x33, 0x27, 0x23,
  0x21, 0x02, 0x03, 0x00, 0x02, 0x01, 0x04, 0x00, 0x96, 0xe0, 0x00, 0xf0,
  0xf0, 0xe0, 0xc0, 0x20, 0x10, 0x78, 0x00, 0x80, 0x80, 0x00, 0x00, 0x01,
  0x03, 0x00, 0x07, 0x60, 0x20, 0x08, 0x04, 0x03, 0x03, 0x02, 0x09, 0x03,
  0x00, 0x85, 0xc0, 0xe0, 0x00, 0xf0, 0x08, 0x03, 0x00, 0x95, 0xc0, 0x00,
  0xc0, 0xc0, 0x00, 0x00, 0xe0, 0x00, 0x00, 0x08, 0x1b, 0x10, 0x13, 0x17,
  0x63, 0x41, 0x40, 0x00, 0x00, 0x06, 0x06, 0x05, 0x00, 0x97, 0xe0, 0x00,
  0xf0, 0xf0, 0xe0, 0xc0, 0x00, 0xe0, 0x00, 0x00, 0xc0, 0xc0, 0x00, 0x00,
  0x01, 0x03, 0x00, 0x07, 0x48, 0x80, 0x18, 0x0e, 0x03, 0x03, 0x01, 0x89,
  0x00, 0x0c, 0x08, 0x00, 0xc0, 0xe0, 0x00, 0xf0, 0x08, 0x03, 0x00, 0x86,
  0x60, 0xe8, 0xc0, 0xc8, 0x88, 0x18, 0x03, 0x00, 0x8d, 0x10, 0x33, 0x20,
  0x23, 0x67, 0xe3, 0x81, 0x84, 0x8c, 0x08, 0x02, 0x07, 0x02, 0x04, 0x00,
  0x8b, 0xe0, 0x00, 0xf0, 0xf0, 0xe0, 0xc0, 0x90, 0x10, 0x00, 0x00, 0x70,
  0x03, 0x00, 0x85, 0x01, 0x03, 0x00, 0x07, 0x08, 0x03, 0x00, 0x03, 0x03,
  0x03, 0x00, 0x91, 0x0e, 0x00, 0x00, 0xf0, 0x10, 0xf0, 0x10, 0x10, 0x00,
  0x20, 0xa0, 0x40, 0x80, 0x80, 0x00, 0x00, 0x1c, 0x03, 0x00, 0x86, 0x03,
  0x00, 0x03, 0x0f, 0x07, 0x03, 0x03, 0x00, 0x93, 0x03, 0x07, 0x06, 0x00,
  0x10, 0xf8, 0x04, 0xe2, 0x00, 0xe0, 0xe0, 0xf0, 0xd0, 0x40, 0x80, 0x60,
  0x60, 0x30, 0x18, 0x03, 0x00, 0x9e, 0x01, 0x03, 0x04, 0x08, 0x04, 0x00,
  0x03, 0x02, 0x07, 0x03, 0x00, 0x00, 0x08, 0x0e, 0x00, 0x00, 0xc0, 0xe0,
  0x10, 0x08, 0x10, 0x20, 0x80, 0x40, 0xa0, 0x50, 0x18, 0x08, 0x00, 0x60,
  0x04, 0x00, 0x8b, 0x03, 0x07, 0x03, 0x01, 0x00, 0x01, 0x00, 0x04, 0x06,
  0x04, 0x04, 0x05, 0x00, 0x8c, 0xe0, 0xf0, 0xe0, 0xc0, 0x00, 0x80, 0x40,
  0xa2, 0xc2, 0x42, 0x46, 0x0c, 0x00, 0x40, 0x19, 0x82, 0x00, 0x03, 0x04,
  0x07, 0x86, 0x03, 0x03, 0x07, 0x04, 0x07, 0x07, 0x04, 0x03, 0x92, 0x00,
  0xc0, 0xe0, 0x40, 0xe0, 0xe0, 0xc0, 0x80, 0xe0, 0x80, 0x60, 0x80, 0x80,
  0x00, 0x00, 0x80, 0x00, 0x03, 0x04, 0x07, 0x8e, 0x03, 0x03, 0x07, 0x04,
  0x07, 0x07, 0x1f, 0x1e, 0x11, 0x01, 0x00, 0xc0, 0xe0, 0x40, 0x03, 0xe0,
  0x8b, 0xc0, 0x80, 0xe0, 0xb0, 0xc0, 0xc0, 0x80, 0x80, 0xc0, 0x00, 0x03,
  0x04, 0x07, 0x9a, 0x03, 0x03, 0x07, 0x06, 0x05, 0x01, 0x03, 0x07, 0x0e,
  0x08, 0x00, 0xc0, 0xe0, 0x40, 0xe0, 0x00, 0xe0, 0xc0, 0xe0, 0x78, 0x48,
  0xc0, 0xe8, 0xf8, 0x18, 0x00, 0x00, 0xa0, 0x1e, 0x02, 0x00, 0x8d, 0x20,
  0x00, 0x08, 0x04, 0x00, 0x00, 0xb0, 0x00, 0x00, 0x04, 0x08, 0x00, 0x20,
  0x03, 0x00, 0x8d, 0x82, 0x00, 0x88, 0x90, 0x00, 0x00, 0x0d, 0x00, 0x00,
  0x90, 0x88, 0x00, 0x82, 0x0a, 0x00, 0x02, 0x44, 0x85, 0x7e, 0x10, 0x10,
  0x7e, 0x44, 0x18, 0x00, 0x08, 0xff, 0x10, 0x00, 0x8f, 0x44, 0x7e, 0x10,
  0x10, 0x7e, 0x44, 0x44, 0x7e, 0x10, 0x10, 0x7e, 0x44, 0x44, 0x7e, 0x10,
  0x11, 0x00, 0x10, 0xff, 0x12, 0x00, 0x8c, 0x01, 0x0a, 0x1f, 0x1f, 0x0f,
  0x17, 0x3f, 0x1f, 0x07, 0x0f, 0x0b, 0x06, 0x04, 0x00, 0x8c, 0x80, 0xe0,
  0xf0, 0xf0, 0xe0, 0xf0, 0xe8, 0xf8, 0xf8, 0xd0, 0xf0, 0xc0, 0x06, 0x00,
  0x87, 0x02, 0x07, 0x03, 0x05, 0x07, 0x03, 0x01, 0x09, 0x00, 0x86, 0xc0,
  0xa0, 0xf0, 0xd0, 0xe0, 0xa0, 0x06, 0x00, 0x87, 0xc0, 0xe0, 0x74, 0x38,
  0x1c, 0x2e, 0x04, 0x19, 0x00, 0x87, 0x03, 0x07, 0x2e, 0x1c, 0x38, 0x74,
  0x20, 0x19, 0x00, 0x87, 0x40, 0xe8, 0x70, 0x38, 0x5c, 0x0e, 0x06, 0x19,
  0x00, 0x87, 0x02, 0x17, 0x0e, 0x1c, 0x3a, 0x70, 0x60, 0x19, 0x00, 0x00,
  0x03, 0xfe, 0x81, 0x00, 0x03, 0xef, 0x83, 0x00, 0xff, 0xff, 0x06, 0x00,
  0x03, 0xff, 0x05, 0x00, 0x84, 0x80, 0xc1, 0x63, 0x00, 0x03, 0xf7, 0x82,
  0x00, 0x81, 0x04, 0x00, 0x89, 0xc1, 0xe3, 0x00, 0xc0, 0xe0, 0x74, 0x38,
  0x1c, 0x28, 0x06, 0x00, 0x92, 0x05, 0x03, 0x07, 0x02, 0x00, 0x00, 0x60,
  0xe0, 0xc0, 0x80, 0x00, 0x80, 0x50, 0xe0, 0x70, 0xb8, 0x1c, 0x0c, 0x04,
  0x00, 0x8c, 0x01, 0x00, 0x01, 0x03, 0x07, 0x06, 0x00, 0x00, 0x40, 0xe0,
  0xc0, 0xa0, 0x03, 0x00, 0x84, 0x24, 0x18, 0x18, 0x7e, 0x03, 0x18, 0x88,
  0x20, 0x18, 0x0c, 0x0c, 0x1a, 0x33, 0x61, 0xc0, 0x26, 0x00, 0xa2, 0x49,
  0x2a, 0x02, 0x01, 0x04, 0x02, 0x00, 0x06, 0x00, 0x00, 0x40, 0x80, 0x20,
  0x40, 0x00, 0x60, 0x00, 0x00, 0xff, 0x80, 0xee, 0xee, 0x80, 0xbb, 0xbb,
  0x80, 0xff, 0x01, 0xef, 0xef, 0x01, 0xbb, 0xbb, 0x01, 0x30, 0x00, 0x82,
  0x7e, 0x81, 0x03, 0x18, 0x02, 0x3c, 0x85, 0x18, 0x7e, 0xe7, 0xc3, 0xc3,
  0x03, 0xe7, 0x83, 0xff, 0x81, 0x7e, 0x06, 0x00, 0x05, 0xf0, 0x83, 0xb0,
  0x10, 0xd0, 0x04, 0x0f, 0x02, 0x0e, 0x84, 0x08, 0x0b, 0x70, 0x70, 0x06,
  0xf0, 0x08, 0x0f, 0x81, 0xff, 0x04, 0x00, 0x87, 0xfc, 0xf0, 0xc0, 0xff,
  0xfc, 0xf0, 0xc0, 0x08, 0x00, 0x02, 0x01, 0x02, 0x0f, 0x02, 0x00, 0x03,
  0x1f, 0x8d, 0xff, 0x00, 0x00, 0xff, 0x00, 0xff, 0x00, 0x00, 0xff, 0x00,
  0x00, 0x0a, 0x0a, 0x04, 0x0e, 0x02, 0x0a, 0x02, 0xe0, 0x04, 0xa0, 0x02,
  0xe0, 0x08, 0x3f, 0x08, 0x70, 0xb0, 0xff, 0xdd, 0xdd, 0x81, 0xf7, 0xf7,
  0x81, 0xdd, 0xdd, 0x81, 0xf7, 0xf7, 0x81, 0xdd, 0xdd, 0x81, 0xf7, 0xf7,
  0x81, 0xdd, 0xdd, 0x81, 0xf7, 0xff, 0x0f, 0x0d, 0x0d, 0x08, 0x0f, 0x0f,
  0x08, 0x0d, 0x0d, 0x08, 0x0f, 0x0f, 0x08, 0x0d, 0x0d, 0x08, 0xd0, 0x10,
  0x70, 0x70, 0x10, 0xd0, 0xd0, 0x10, 0x03, 0x0f, 0x9d, 0x08, 0x0d, 0x0d,
  0x08, 0x0f, 0xf9, 0x03, 0x00, 0x6e, 0x2e, 0x00, 0x0e, 0x06, 0xf9, 0x03,
  0x00, 0xf0, 0x00, 0xe0, 0xe0, 0xef, 0x00, 0xee, 0x6e, 0x2e, 0x00, 0x0e,
  0x06, 0x02, 0x03, 0x00, 0x85, 0xf0, 0x00, 0xe0, 0xe0, 0xef, 0x00, 0x88,
  0x00, 0x3c, 0x7e, 0xbf, 0x9f, 0xdf, 0x7e, 0x3c, 0x00, 0x03, 0xf0, 0x05,
  0xa0, 0x05, 0xf0, 0x03, 0xa0, 0x07, 0xf0, 0x04, 0xa0, 0x05, 0xf0, 0x05,
  0xa0, 0x03, 0xf0, 0x05, 0xa0, 0x03, 0xf0, 0x05, 0xa0, 0x03, 0xf0, 0x04,
  0x90, 0x04, 0x60, 0x20, 0x00, 0x18, 0xa0, 0x40, 0x50, 0x82, 0x90, 0x96,
  0x03, 0xf6, 0x03, 0xa6, 0x81, 0x60, 0x03, 0x6a, 0x04, 0x6f, 0x81, 0x96,
  0x07, 0x90, 0x81, 0x3e, 0x04, 0x3a, 0x03, 0x30, 0x81, 0x3e, 0x03, 0x3a,
  0x06, 0x30, 0x8e, 0x3e, 0x3f, 0x3f, 0x3e, 0x3f, 0x3f, 0x3e, 0x3f, 0x3e,
  0x3f, 0x3f, 0x3e, 0x3f, 0x3f, 0x05, 0xea, 0x03, 0xa0, 0x81, 0xea, 0x07,
  0xa0, 0x05, 0xf0, 0x83, 0xe0, 0xf0, 0xe0, 0x03, 0xf0, 0x02, 0xe0, 0x0b,
  0xfe, 0x08, 0x50, 0x08, 0xf0, 0x08, 0x50, 0x08, 0xf0, 0x38, 0x30, 0x82,
  0xea, 0xf9, 0x06, 0xf0, 0x82, 0xea, 0xef, 0x16, 0xf0, 0x00, 0x08, 0x40,
  0x08, 0x70, 0x08, 0xd0, 0x08, 0xa0, 0x08, 0x20, 0x08, 0xe0, 0x00, 0xaf,
  0x32, 0x62, 0xe2, 0x21, 0x00, 0x5b, 0xe5, 0xaf, 0xcd, 0x17, 0x5b, 0xcd,
  0x4b, 0x40, 0x20, 0x58, 0x59, 0x58, 0x59, 0x58, 0x59, 0x58, 0x5a, 0x58,
  0xb6, 0x58, 0xe8, 0x59, 0x04, 0x5a, 0x6b, 0x5a, 0xaf, 0xcd, 0x17, 0x5b,
  0x34, 0x23, 0x23, 0xcd, 0xd6, 0x50, 0xeb, 0x3e, 0x0a, 0xcd, 0x17, 0x5b,
  0x1a, 0x47, 0xe6, 0xf0, 0xfe, 0x30, 0x28, 0x01, 0x70, 0x78, 0xd6, 0x31,
  0xfe, 0x02, 0x78, 0x38, 0x0e, 0x78, 0xd6, 0x21, 0xfe, 0x02, 0x30, 0x05,
  0x78, 0xc6, 0x10, 0x18, 0x02, 0x3e, 0x30, 0x12, 0xaf, 0xcd, 0x17, 0x5b,
  0x3e, 0x4b, 0xc3, 0x11, 0x5c, 0xc9, 0x3e, 0x06, 0xcd, 0xa9, 0x7a, 0x3e,
  0x06, 0xcd, 0x17, 0x5b, 0xeb, 0x21, 0x88, 0x65, 0x01, 0x0b, 0x00, 0xed,
  0xb0, 0xcd, 0x11, 0x5b, 0x23, 0x11, 0x36, 0xe1, 0xeb, 0x7e, 0x01, 0x05,
  0x00, 0xed, 0xb0, 0x1b, 0x1b, 0x2b, 0x2b, 0x06, 0x08, 0xcb, 0x1f, 0x30,
  0x02, 0x06, 0x00, 0x7e, 0x80, 0xe6, 0xf8, 0xcb, 0xd7, 0x12, 0x1b, 0x1b,
  0xeb, 0xcd, 0xd6, 0x50, 0xeb, 0x3e, 0x0a, 0xcd, 0x17, 0x5b, 0xeb, 0xed,
  0xa0, 0xed, 0xa0, 0xc9, 0x3e, 0x04, 0xcd, 0x17, 0x5b, 0x1f, 0x1f, 0xe6,
  0x03, 0x11, 0xb1, 0x58, 0xcd, 0x15, 0x40, 0x1a, 0xc9, 0x45, 0x46, 0x48,
  0x49, 0x4b, 0x3e, 0x06, 0xcd, 0x17, 0x5b, 0x5e, 0x23, 0x56, 0x3e, 0x03,
  0xcd, 0x17, 0x5b, 0xcd, 0x02, 0x74, 0x7a, 0xe6, 0x03, 0xc0, 0x7a, 0xe6,
  0x07, 0x28, 0x4c, 0x7a, 0xfe, 0x08, 0xd8, 0xfe, 0xfc, 0xd0, 0xcd, 0xa0,
  0x58, 0x2b, 0x2b, 0x2b, 0x2b, 0xcd, 0x11, 0x5c, 0x20, 0x05, 0x3c, 0x23,
  0xcd, 0x4d, 0x00, 0x3e, 0x01, 0xcd, 0x17, 0x5b, 0xe5, 0x7e, 0x23, 0xf5,
  0xcd, 0xd6, 0x50, 0xf1, 0x1f, 0x38, 0x01, 0x23, 0x7e, 0xe6, 0xf0, 0xfe,
  0x50, 0xe1, 0xc0, 0x2b, 0x34, 0xe5, 0x3e, 0x0a, 0xcd, 0x17, 0x5b, 0xeb,
  0xe1, 0xd5, 0xcd, 0x75, 0x5d, 0xcd, 0x11, 0x5c, 0xd1, 0xc0, 0x23, 0x13,
  0x1a, 0xcd, 0x75, 0x5d, 0xc3, 0x4d, 0x00, 0x3e, 0x01, 0xcd, 0x17, 0x5b,
  0xe5, 0xdd, 0xe1, 0xcd, 0xa0, 0x58, 0x47, 0xaf, 0xcd, 0x17, 0x5b, 0x78,
  0xcd, 0x11, 0x5c, 0x3e, 0x02, 0xcd, 0x17, 0x5b, 0xcd, 0xd6, 0x50, 0xdd,
  0x7e, 0x00, 0x23, 0xcb, 0x1f, 0xf5, 0x30, 0x02, 0x2b, 0x2b, 0xf1, 0x7e,
  0x30, 0x0e, 0xdd, 0x56, 0x0a, 0xdd, 0x4e, 0x09, 0xdd, 0x71, 0x0a, 0xdd,
  0x77, 0x09, 0x18, 0x0c, 0xdd, 0x56, 0x09, 0xdd, 0x4e, 0x0a, 0xdd, 0x71,
  0x09, 0xdd, 0x77, 0x0a, 0xdd, 0x46, 0x04, 0x3a, 0x3a, 0xe1, 0xb8, 0x20,
  0x1e, 0x7a, 0xcd, 0x75, 0x5d, 0xf5, 0x3e, 0x02, 0xcd, 0x17, 0x5b, 0x56,
  0x23, 0x23, 0x5e, 0xcd, 0x28, 0x5b, 0x2b, 0xdd, 0x7e, 0x00, 0x1f, 0x30,
  0x02, 0x23, 0x23, 0xf1, 0xcd, 0x4d, 0x00, 0xdd, 0xe5, 0xd5, 0xcd, 0x48,
  0x5b, 0xd1, 0xdd, 0xe1, 0x30, 0x06, 0xaf, 0xcd, 0x17, 0x5b, 0x18, 0x21,
  0x3e, 0x02, 0xcd, 0x17, 0x5b, 0xe5, 0xcd, 0xd6, 0x50, 0x2b, 0xdd, 0x7e,
  0x00, 0x1f, 0x38, 0x02, 0x23, 0x23, 0x7e, 0x47, 0xe1, 0xcd, 0xc8, 0x5a,
  0x20, 0x27, 0x78, 0xfe, 0x40, 0x28, 0x22, 0x2b, 0x2b, 0x34, 0x23, 0x46,
  0x23, 0x23, 0x23, 0x23, 0x3a, 0x3a, 0xe1, 0xbe, 0xc0, 0x3e, 0x05, 0xcd,
  0x10, 0x40, 0xcb, 0x18, 0x30, 0x01, 0x23, 0x7e, 0xcd, 0x75, 0x5d, 0xcd,
  0x28, 0x5b, 0xc3, 0x4d, 0x00, 0x2b, 0x46, 0x23, 0x23, 0x23, 0xaf, 0xbe,
  0x28, 0xdd, 0x3e, 0xf8, 0xbe, 0x28, 0xd8, 0xc9, 0xcd, 0x11, 0x5b, 0x23,
  0x7e, 0xee, 0x03, 0x77, 0x23, 0x23, 0x23, 0x1f, 0x7e, 0x38, 0x02, 0xc6,
  0x04, 0xe6, 0xf8, 0x77, 0x3e, 0x05, 0xcd, 0x10, 0x40, 0x36, 0x00, 0xc9,
  0x3a, 0x03, 0xe0, 0xe6, 0x03, 0xc2, 0xd7, 0x5a, 0x3e, 0x01, 0xcd, 0x17,
  0x5b, 0xe5, 0x7e, 0x23, 0x23, 0x23, 0x34, 0x1f, 0x30, 0x02, 0x35, 0x35,
  0xe1, 0xcd, 0x0b, 0x71, 0x3e, 0x09, 0xcd, 0x17, 0x5b, 0x7e, 0x21, 0x63,
  0x5a, 0xcd, 0x10, 0x40, 0x46, 0x3e, 0x02, 0xcd, 0x17, 0x5b, 0x7e, 0x80,
  0x77, 0xe5, 0x01, 0x08, 0x04, 0xcd, 0xe1, 0x50, 0x7e, 0xcd, 0xc8, 0x5a,
  0xe1, 0x20, 0x11, 0x78, 0xfe, 0x41, 0x28, 0x0c, 0xfe, 0x42, 0x28, 0x08,
  0xe6, 0xf0, 0xfe, 0x10, 0x20, 0x5a, 0x18, 0x4f, 0x3e, 0x07, 0xcd, 0x10,
  0x40, 0x34, 0x7e, 0xfe, 0x08, 0xca, 0x11, 0x5b, 0xc3, 0xd7, 0x5a, 0xfb,
  0xfe, 0xff, 0x00, 0x00, 0x01, 0x02, 0x05, 0x3a, 0x03, 0xe0, 0xe6, 0x03,
  0xc2, 0xd7, 0x5a, 0x3e, 0x02, 0xcd, 0x17, 0x5b, 0x7e, 0xe6, 0xfc, 0x77,
  0x56, 0x7a, 0xe6, 0x03, 0xc2, 0xba, 0x5a, 0xcd, 0xd6, 0x50, 0x3e, 0x60,
  0xcd, 0x10, 0x40, 0x7e, 0xcd, 0xc8, 0x5a, 0xc2, 0xba, 0x5a, 0x78, 0xfe,
  0x41, 0xca, 0xba, 0x5a, 0xfe, 0x42, 0xca, 0xba, 0x5a, 0xe6, 0xf0, 0xfe,
  0x10, 0x20, 0x09, 0xcd, 0x0b, 0x5b, 0xaf, 0xcd, 0x17, 0x5b, 0x18, 0x0b,
  0xaf, 0xcd, 0x17, 0x5b, 0x36, 0x07, 0x3e, 0x09, 0xcd, 0x10, 0x40, 0x36,
  0x00, 0xc9, 0x3e, 0x02, 0xcd, 0x17, 0x5b, 0x7e, 0xc6, 0x04, 0xe6, 0xfc,
  0x77, 0xc3, 0xd7, 0x5a, 0x47, 0xe6, 0xf0, 0xfe, 0x10, 0xc8, 0xfe, 0x30,
  0xc8, 0xfe, 0x80, 0xc8, 0xfe, 0x40, 0xc9, 0x3e, 0x05, 0xcd, 0x17, 0x5b,
  0x3a, 0x3a, 0xe1, 0xbe, 0x20, 0x29, 0x2b, 0x2b, 0x2b, 0xe5, 0xcd, 0x3f,
  0x5b, 0xeb, 0xe1, 0x7e, 0x12, 0x23, 0x23, 0x7e, 0x13, 0x12, 0x13, 0x3a,
  0x03, 0xe0, 0xe6, 0x0c, 0xc6, 0xf0, 0xeb, 0x77, 0x23, 0x36, 0x0f, 0xc9,
  0x21, 0x62, 0xe2, 0x34, 0x7e, 0x23, 0xbe, 0xc2, 0x03, 0x58, 0xc9, 0xcd,
  0x3f, 0x5b, 0x36, 0xe0, 0xc9, 0xaf, 0xcd, 0x17, 0x5b, 0x34, 0xc9, 0xc5,
  0x21, 0x64, 0xe2, 0xcd, 0x10, 0x40, 0x3a, 0x62, 0xe2, 0x47, 0x87, 0xcd,
  0xbf, 0x65, 0xc1, 0xc9, 0xf5, 0x62, 0x6b, 0x7c, 0x1f, 0x1f, 0x1f, 0x1f,
  0xcb, 0x1d, 0x1f, 0xcb, 0x1d, 0x1f, 0xcb, 0x1d, 0xe6, 0x03, 0xc6, 0x38,
  0x67, 0xf1, 0xc9, 0x3a, 0x62, 0xe2, 0x21, 0xec, 0xe0, 0xc3, 0xf9, 0x71,
  0x0e, 0x00, 0x79, 0xcd, 0xdf, 0x73, 0xdd, 0x7e, 0x00, 0xfe, 0x04, 0x38,
  0x04, 0xfe, 0x07, 0x20, 0x20, 0x3e, 0x02, 0xcd, 0x17, 0x5b, 0x56, 0x23,
  0x23, 0x5e, 0x23, 0x7e, 0xdd, 0xbe, 0x06, 0x20, 0x10, 0xc5, 0xdd, 0x4e,
  0x03, 0xdd, 0x46, 0x05, 0x21, 0xa9, 0x5b, 0xcd, 0x0b, 0x5d, 0xc1, 0x38,
  0x0b, 0x0c, 0x21, 0x64, 0xe1, 0x79, 0xbe, 0xc2, 0x4a, 0x5b, 0xa7, 0xc9,
  0xdd, 0xe5, 0x11, 0x00, 0x01, 0xcd, 0x12, 0x44, 0x3e, 0x08, 0xcd, 0xa9,
  0x7a, 0xdd, 0xe1, 0xdd, 0x36, 0x00, 0x06, 0xdd, 0x36, 0x01, 0x04, 0xdd,
  0x7e, 0x03, 0xe6, 0xf8, 0xdd, 0x77, 0x03, 0xdd, 0x36, 0x11, 0x22, 0x37,
  0xc9, 0x08, 0x18, 0x08, 0x18, 0x3a, 0x44, 0xe1, 0xa7, 0xc0, 0x21, 0x62,
  0xe2, 0x77, 0x23, 0xbe, 0xc8, 0xaf, 0xcd, 0x17, 0x5b, 0xcd, 0x02, 0x5c,
  0x20, 0x09, 0xfe, 0x01, 0x20, 0x05, 0xcd, 0xfa, 0x5c, 0x38, 0x0a, 0x21,
  0x62, 0xe2, 0x34, 0x7e, 0x23, 0xbe, 0x20, 0xe5, 0xc9, 0x3a, 0x62, 0xe2,
  0x32, 0x61, 0xe2, 0x3e, 0x04, 0xcd, 0xa9, 0x7a, 0x3e, 0x10, 0xcd, 0xbb,
  0x4e, 0xaf, 0xcd, 0x17, 0x5b, 0x34, 0x54, 0x5d, 0xe5, 0x01, 0x0a, 0x00,
  0x09, 0x46, 0xe1, 0x23, 0x23, 0xcd, 0xd6, 0x50, 0x70, 0x62, 0x6b, 0x78,
  0xcd, 0x75, 0x5d, 0xc3, 0x11, 0x5c, 0x23, 0x23, 0x56, 0x23, 0x23, 0x5e,
  0x23, 0x47, 0x4e, 0x3a, 0x3a, 0xe1, 0xb9, 0x78, 0xc9, 0xcd, 0x02, 0x5c,
  0xc0, 0xcd, 0x28, 0x5b, 0xcd, 0x4d, 0x00, 0x06, 0x01, 0x05, 0xc9, 0xaf,
  0x32, 0xf4, 0xe1, 0xaf, 0xcd, 0xb5, 0x65, 0xcd, 0x02, 0x5c, 0x20, 0x1b,
  0xe6, 0x0f, 0x28, 0x17, 0xcd, 0xfa, 0x5c, 0x30, 0x12, 0x11, 0x00, 0x05,
  0xcd, 0x12, 0x44, 0x3e, 0x09, 0xcd, 0xa9, 0x7a, 0x3e, 0x01, 0xcd, 0xb5,
  0x65, 0x36, 0x02, 0xcd, 0xad, 0x65, 0x20, 0xd7, 0xc9, 0x05, 0x11, 0x01,
  0x09, 0x3a, 0x44, 0xe1, 0xa7, 0xc0, 0x21, 0xcb, 0xe2, 0x7e, 0xb7, 0xc8,
  0xaf, 0x32, 0xf4, 0xe1, 0xaf, 0xcd, 0x9e, 0x5c, 0xcd, 0x03, 0x5c, 0x20,
  0x2a, 0xa7, 0x28, 0x27, 0xcd, 0xfa, 0x5c, 0x30, 0x22, 0x3e, 0x04, 0xcd,
  0xa9, 0x7a, 0xaf, 0xcd, 0x9e, 0x5c, 0x36, 0x00, 0xe5, 0x23, 0xcd, 0xd6,
  0x50, 0xaf, 0x77, 0xe1, 0x2b, 0xcd, 0x11, 0x5c, 0x3a, 0xf4, 0xe1, 0x32,
  0xca, 0xe2, 0x3e, 0x20, 0xc3, 0xbb, 0x4e, 0x21, 0xf4, 0xe1, 0x34, 0x3a,
  0xcb, 0xe2, 0xbe, 0x20, 0xc3, 0xc9, 0x3a, 0xf4, 0xe1, 0x21, 0xcc, 0xe2,
  0x47, 0xc3, 0xc0, 0x65, 0x0e, 0x00, 0x79, 0xcd, 0xdf, 0x73, 0x2a, 0x62,
  0xe1, 0x7e, 0xfe, 0x04, 0x38, 0x04, 0xfe, 0x07, 0x20, 0x27, 0x3a, 0x34,
  0xe1, 0x47, 0xfe, 0x03, 0x28, 0x05, 0x7e, 0xfe, 0x03, 0x20, 0x04, 0x78,
  0xbe, 0x20, 0x16, 0x3a, 0x3a, 0xe1, 0xdd, 0xbe, 0x06, 0x20, 0x0e, 0xdd,
  0x56, 0x03, 0xdd, 0x5e, 0x05, 0x21, 0xf6, 0x5c, 0xcd, 0xfd, 0x5c, 0x38,
  0x0b, 0x0c, 0x21, 0x64, 0xe1, 0x79, 0xbe, 0xc2, 0xaa, 0x5c, 0xa7, 0xc9,
  0x3e, 0x1d, 0xcd, 0xa9, 0x7a, 0xaf, 0x32, 0x53, 0xe0, 0xc9, 0x05, 0x0a,
  0x08, 0x10, 0x21, 0x4d, 0x5c, 0xc5, 0x3a, 0x37, 0xe1, 0x4f, 0x3a, 0x39,
  0xe1, 0x47, 0xcd, 0x0b, 0x5d, 0xc1, 0xc9, 0x78, 0x93, 0x96, 0x23, 0x86,
  0x30, 0x06, 0x79, 0x92, 0x23, 0x96, 0x23, 0x86, 0xc9, 0x21, 0x04, 0xe0,
  0x7e, 0xd6, 0x04, 0x77, 0xfe, 0xfc, 0xc8, 0x3a, 0x36, 0xe1, 0x1f, 0x7e,
  0x38, 0x04, 0xd6, 0x20, 0xed, 0x44, 0xcd, 0x38, 0x5d, 0x3a, 0x47, 0xe1,
  0xa7, 0xc8, 0x37, 0xc9, 0x47, 0x21, 0x3a, 0xe1, 0x3a, 0x36, 0xe1, 0xfe,
  0x03, 0x20, 0x02, 0x3e, 0x01, 0x86, 0xfe, 0x03, 0x3e, 0x20, 0x28, 0x01,
  0xaf, 0x80, 0x11, 0x60, 0xe7, 0xcd, 0x15, 0x40, 0x21, 0x20, 0x38, 0xcd,
  0x36, 0x45, 0x06, 0x16, 0xc5, 0xd5, 0x06, 0x20, 0x1a, 0xcd, 0x75, 0x5d,
  0xd9, 0xed, 0x79, 0xd9, 0x13, 0x10, 0xf5, 0xd1, 0x3e, 0x60, 0xcd, 0x15,
  0x40, 0xc1, 0x10, 0xe8, 0xc9, 0xe5, 0x4f, 0x1f, 0x1f, 0x1f, 0xe6, 0x1e,
  0x21, 0x8b, 0x5d, 0xcd, 0x49, 0x6d, 0x79, 0xe6, 0x0f, 0xcd, 0x10, 0x40,
  0x7e, 0xe1, 0xc9, 0x9f, 0x5d, 0xa1, 0x5d, 0xaf, 0x5d, 0xb3, 0x5d, 0xb6,
  0x5d, 0xbf, 0x5d, 0xc3, 0x5d, 0xd3, 0x5d, 0xdd, 0x5d, 0xde, 0x5d, 0x00,
  0x00, 0x00, 0x00, 0x40, 0x40, 0x41, 0x73, 0x74, 0x83, 0x82, 0x40, 0x42,
  0x43, 0x44, 0x44, 0x75, 0x76, 0x85, 0x84, 0x4b, 0x4b, 0x4b, 0x51, 0x52,
  0x53, 0x86, 0x87, 0x88, 0x89, 0x8a, 0x8b, 0x68, 0x69, 0x78, 0x77, 0x6c,
  0x7b, 0x6d, 0x7c, 0x6e, 0x7d, 0x63, 0x64, 0x65, 0x66, 0x67, 0x6f, 0x5f,
  0x60, 0x7e, 0x70, 0x71, 0x80, 0x7f, 0x72, 0x61, 0x62, 0x81, 0x5c, 0x5d,
  0x5e, 0x4c, 0x4e, 0xc0, 0x00, 0x80, 0x00, 0x80, 0x00, 0x81, 0xff, 0xff,
  0x00, 0x80, 0x00, 0x80, 0x00, 0xff, 0xc0, 0x80, 0x00, 0x80, 0x00, 0x80,
  0x00, 0x9f, 0xff, 0x80, 0x00, 0x80, 0x00, 0x80, 0x00, 0x80, 0x00, 0x8f,
  0xf0, 0x80, 0x03, 0x80, 0x00, 0xf0, 0x00, 0xfc, 0x00, 0xff, 0xff, 0xc0,
  0x00, 0x80, 0x00, 0x80, 0x00, 0xff, 0xff, 0xc0, 0x00, 0xc0, 0x00, 0xc0,
  0xff, 0xf8, 0xff, 0x80, 0x0f, 0x80, 0x0f, 0x80, 0xf1, 0x80, 0xf1, 0x80,
  0x0f, 0x80, 0x0f, 0x80, 0xff, 0x80, 0xff, 0x80, 0xf8, 0xfc, 0xf8, 0x80,
  0xff, 0x80, 0x00, 0x80, 0x00, 0x80, 0x00, 0xc0, 0x00, 0x80, 0x00, 0x80,
  0x00, 0xff, 0xf8, 0x80, 0x00, 0x80, 0x00, 0xfc, 0x00, 0x80, 0x00, 0x80,
  0xff, 0x80, 0xff, 0xff, 0xff, 0x80, 0xff, 0x80, 0xf0, 0x80, 0xf0, 0xff,
  0xff, 0x80, 0x00, 0x80, 0x00, 0x80, 0x00, 0xff, 0xff, 0x80, 0x00, 0x80,
  0x00, 0x80, 0x00, 0xc0, 0x00, 0x80, 0x00, 0x80, 0x00, 0xff, 0xff, 0xc0,
  0x00, 0xc0, 0x00, 0xc0, 0x00, 0xff, 0xf0, 0x80, 0x00, 0x80, 0x00, 0xf0,
  0x00, 0x80, 0x00, 0x80, 0x00, 0x80, 0x00, 0xff, 0xff, 0xff, 0x80, 0x80,
  0x80, 0x80, 0x80, 0x9c, 0xff, 0x80, 0x00, 0x80, 0x00, 0xf0, 0x00, 0x00,
  0x00, 0x00, 0x00, 0x00, 0x00, 0xff, 0xc0, 0x00, 0x00, 0x00, 0x0f, 0xfe,
  0x00, 0xc0, 0x00, 0xc0, 0x00, 0xff, 0xff, 0x00, 0x00, 0x00, 0x00, 0x00,
  0x00, 0x00, 0x00, 0xff, 0xf0, 0x00, 0x00, 0x00, 0x00, 0x0f, 0xff, 0x00,
  0x00, 0x00, 0x00, 0x00, 0x00, 0x0f, 0xff, 0x00, 0x00, 0x00, 0x00, 0x00,
  0x00, 0xff, 0x00, 0x03, 0xc0, 0x03, 0xff, 0x00, 0x80, 0x00, 0x80, 0xf0,
  0x80, 0xf0, 0xff, 0xf0, 0x00, 0xf0, 0x00, 0xf0, 0x00, 0xf3, 0xf0, 0xf0,
  0x00, 0x00, 0x00, 0x00, 0x00, 0x00, 0x1f, 0xff, 0x80, 0x00, 0x00, 0x00,
  0x00, 0x01, 0xff, 0x00, 0x00, 0x00, 0x00, 0x00, 0x00, 0x00, 0x00, 0x00,
  0x00, 0x03, 0xff, 0xfc, 0x00, 0xfc, 0x00, 0xfc, 0x00, 0xfc, 0xff, 0x00,
  0xfc, 0x00, 0xfc, 0xfc, 0xfc, 0xfc, 0xfc, 0xfc, 0x00, 0xfc, 0x00, 0x00,
  0x00, 0x00, 0x7f, 0xff, 0xc0, 0x00, 0x00, 0x00, 0x00, 0x00, 0x0f, 0x00,
  0x00, 0x00, 0x00, 0x00, 0x00, 0x00, 0x00, 0x00, 0x00, 0xff, 0xfc, 0x00,
  0x00, 0x00, 0x00, 0x00, 0x00, 0xff, 0xff, 0x00, 0x00, 0x00, 0x00, 0x3c,
  0x0f, 0x00, 0x3f, 0x00, 0xff, 0x03, 0xf1, 0x0f, 0xf1, 0xff, 0xff, 0x00,
  0x00, 0x00, 0x00, 0x00, 0x00, 0xff, 0xff, 0x00, 0x00, 0x00, 0x00, 0x00,
  0x00, 0x00, 0x0f, 0x00, 0xf0, 0xff, 0x00, 0x00, 0x00, 0x00, 0x1f, 0x01,
  0xf8, 0xff, 0xf8, 0x0f, 0xff, 0x0c, 0x00, 0x0c, 0x00, 0x0c, 0x00, 0x0f,
  0xff, 0x03, 0xff, 0x00, 0x03, 0xf0, 0x03, 0x03, 0xf0, 0x00, 0x00, 0x00,
  0x00, 0xff, 0xff, 0x00, 0x00, 0x00, 0x00, 0x00, 0x00, 0x01, 0xff, 0x01,
  0x00, 0xff, 0x00, 0x00, 0x1f, 0x00, 0x00, 0x00, 0x00, 0xf0, 0x00, 0x03,
  0xff, 0x00, 0x00, 0x00, 0x00, 0x00, 0x00, 0x07, 0xff, 0x00, 0x00, 0x00,
  0x00, 0xfc, 0x00, 0x00, 0xff, 0x00, 0x00, 0x00, 0x00, 0xff, 0xf8, 0x00,
  0x03, 0x00, 0x01, 0x00, 0x01, 0x00, 0x01, 0x07, 0xff, 0x00, 0x01, 0x00,
  0x01, 0x00, 0x01, 0x00, 0x01, 0xff, 0xff, 0x00, 0x01, 0x00, 0x01, 0x00,
  0x01, 0x00, 0x01, 0x00, 0x01, 0x00, 0x01, 0x00, 0x01, 0xff, 0xff, 0x00,
  0x01, 0x00, 0x01, 0x00, 0x01, 0xff, 0xff, 0x00, 0x03, 0x00, 0x01, 0x00,
  0x01, 0xff, 0xff, 0x00, 0x01, 0x00, 0x01, 0xff, 0xf1, 0x00, 0x01, 0x00,
  0x01, 0x00, 0x01, 0xff, 0xff, 0x00, 0x01, 0x00, 0x01, 0x00, 0x01, 0x00,
  0x01, 0x00, 0x01, 0x3f, 0xff, 0x00, 0x01, 0x00, 0x01, 0x00, 0x01, 0x00,
  0x01, 0xff, 0xff, 0x00, 0x03, 0x00, 0x01, 0x00, 0x01, 0xff, 0xf1, 0x00,
  0x21, 0x00, 0x21, 0xff, 0xf9, 0x00, 0x11, 0x00, 0x11, 0x00, 0x11, 0xff,
  0xf1, 0x00, 0x11, 0x00, 0x11, 0x00, 0x11, 0xff, 0xf1, 0x00, 0x11, 0x00,
  0x11, 0x00, 0x11, 0xff, 0x91, 0x00, 0x1f, 0x00, 0x1f, 0x00, 0x1f, 0x00,
  0x03, 0x00, 0x01, 0x00, 0x01, 0xff, 0x81, 0x00, 0xff, 0x00, 0x01, 0x00,
  0x01, 0x03, 0xff, 0x00, 0x01, 0x00, 0x01, 0x00, 0x01, 0xff, 0xf9, 0x00,
  0x01, 0x00, 0x01, 0x00, 0x01, 0x00, 0x01, 0x0f, 0xf1, 0xc0, 0x01, 0x00,
  0x01, 0x00, 0x0f, 0x00, 0x3f, 0xff, 0xff, 0x00, 0x33, 0xff, 0xff, 0xff,
  0x48, 0x78, 0x24, 0x02, 0x48, 0x48, 0x00, 0x48, 0xb0, 0x02, 0x04, 0x70,
  0x18, 0x18, 0x31, 0x18, 0xe0, 0x42, 0xa0, 0x10, 0x54, 0x78, 0xd0, 0x01,
  0x80, 0x78, 0x00, 0x00, 0x00, 0x08, 0x30, 0x28, 0x30, 0xc9, 0x50, 0x28,
  0x50, 0xc9, 0x78, 0x41, 0x78, 0xb0, 0xa0, 0x50, 0xa0, 0xa1, 0x00, 0x11,
  0x21, 0x30, 0xff, 0xff, 0x70, 0x30, 0x18, 0x78, 0xd1, 0x34, 0x03, 0x18,
  0xd0, 0x00, 0x30, 0x88, 0x04, 0x60, 0x61, 0x01, 0x05, 0x55, 0x50, 0x90,
  0x77, 0x60, 0xb8, 0x88, 0x18, 0x49, 0x69, 0x30, 0x61, 0x43, 0x68, 0x51,
  0x03, 0x10, 0x38, 0xa0, 0xc0, 0x18, 0xd1, 0x07, 0x10, 0xb8, 0x40, 0x18,
  0x40, 0xc8, 0x80, 0x70, 0x90, 0x08, 0x48, 0x69, 0x90, 0xd1, 0x02, 0x02,
  0x20, 0x76, 0x02, 0x28, 0x46, 0x02, 0x78, 0x79, 0x80, 0x91, 0x0d, 0x30,
  0x41, 0x50, 0x30, 0x60, 0xd1, 0x78, 0x51, 0x80, 0xe0, 0xa0, 0x50, 0xa8,
  0x91, 0x40, 0x13, 0x40, 0xd2, 0x80, 0x93, 0xa0, 0x22, 0xa0, 0x52, 0xa0,
  0xb3, 0x02, 0x30, 0xff, 0xff, 0xa0, 0x68, 0x68, 0x78, 0xe0, 0x44, 0x02,
  0x10, 0xb8, 0x03, 0x80, 0x38, 0x00, 0x04, 0x30, 0x18, 0xd8, 0x87, 0x50,
  0x48, 0x79, 0x50, 0x78, 0x48, 0x68, 0x70, 0x01, 0xa0, 0x80, 0x05, 0x18,
  0xf0, 0x38, 0x10, 0x78, 0x10, 0x90, 0xe8, 0xa8, 0x08, 0x00, 0x01, 0xa0,
  0x18, 0x0a, 0x28, 0x19, 0x40, 0x99, 0x48, 0x28, 0x68, 0x28, 0x80, 0xa9,
  0x88, 0x28, 0x88, 0x51, 0xa0, 0xa0, 0xa0, 0xc9, 0xa8, 0x31, 0x00, 0x10,
  0x20, 0x30, 0x38, 0x51, 0x38, 0xff, 0x98, 0xd8, 0x58, 0xff, 0x02, 0x10,
  0x18, 0x00, 0x78, 0xd9, 0x01, 0x06, 0x30, 0x30, 0x10, 0x52, 0x80, 0x78,
  0x77, 0x98, 0x10, 0x48, 0x18, 0xe1, 0x61, 0x78, 0x51, 0x53, 0x80, 0x69,
  0x03, 0x68, 0xb0, 0x18, 0xa9, 0x80, 0xb9, 0x09, 0x40, 0x38, 0x40, 0x90,
  0x50, 0x78, 0x68, 0x28, 0x18, 0xf1, 0x58, 0x29, 0x70, 0xb9, 0x90, 0x11,
  0x90, 0xe9, 0x01, 0x00, 0x28, 0x22, 0x00, 0x10, 0x28, 0x98, 0x30, 0x41,
  0x40, 0xd1, 0x50, 0x50, 0x68, 0x89, 0x78, 0x40, 0x80, 0xd0, 0xa0, 0x48,
  0xa8, 0x89, 0x40, 0x1b, 0x40, 0xab, 0x58, 0x1b, 0x58, 0x62, 0x80, 0x9b,
  0xa0, 0x2a, 0xa0, 0xcb, 0x03, 0x33, 0xff, 0xff, 0x60, 0x28, 0x28, 0x48,
  0xb0, 0x41, 0x02, 0x08, 0x90, 0x00, 0x60, 0x10, 0x02, 0x05, 0x34, 0x18,
  0xd8, 0x47, 0x50, 0xe0, 0x78, 0x48, 0x10, 0x86, 0x88, 0x58, 0x75, 0xa8,
  0x18, 0x02, 0x30, 0xb0, 0x78, 0xa0, 0x03, 0x10, 0x08, 0x20, 0x10, 0x58,
  0x08, 0x00, 0x01, 0x78, 0x80, 0x07, 0x30, 0x19, 0x30, 0xc9, 0x50, 0x90,
  0x50, 0xc9, 0x68, 0x50, 0x78, 0xc8, 0xa0, 0x89, 0x02, 0x11, 0x22, 0x32,
  0xff, 0xff, 0x80, 0x58, 0x74, 0x80, 0xa1, 0x54, 0x03, 0x10, 0xc0, 0x02,
  0x78, 0xe0, 0x01, 0x40, 0x39, 0x00, 0x06, 0x33, 0x20, 0xd8, 0x48, 0x40,
  0xd8, 0x56, 0x58, 0x58, 0x70, 0x68, 0x68, 0x64, 0x28, 0xe1, 0x75, 0x48,
  0x91, 0x02, 0xa8, 0x08, 0x68, 0x29, 0x0a, 0x10, 0x08, 0x38, 0x08, 0x58,
  0x08, 0x60, 0x78, 0x78, 0x30, 0x98, 0x40, 0x58, 0x39, 0x68, 0xc9, 0x90,
  0xe1, 0xa8, 0xe1, 0x01, 0x02, 0x58, 0x7e, 0x02, 0xa0, 0x18, 0x80, 0xa0,
  0x10, 0x28, 0x19, 0x38, 0x60, 0x38, 0x71, 0x48, 0x28, 0x60, 0xc1, 0x68,
  0x11, 0x88, 0x11, 0xa0, 0xc9, 0xa8, 0x58, 0x28, 0x6a, 0x48, 0xab, 0x68,
  0x52, 0x68, 0xb3, 0x88, 0x5a, 0xa0, 0x3b, 0xa8, 0xa2, 0x00, 0x12, 0x22,
  0x31, 0xff, 0xff, 0xa0, 0x98, 0x78, 0x98, 0xd1, 0x91, 0x03, 0x18, 0xb0,
  0x04, 0x98, 0xe0, 0x02, 0x60, 0x71, 0x00, 0x05, 0x30, 0x58, 0xa0, 0x45,
  0x80, 0x70, 0x57, 0x18, 0x18, 0x79, 0x40, 0x11, 0x83, 0x68, 0x59, 0x04,
  0x10, 0x70, 0x78, 0x58, 0x48, 0xb1, 0x88, 0x41, 0x07, 0x40, 0x20, 0x40,
  0xe0, 0x68, 0x28, 0x20, 0x31, 0x38, 0x69, 0x38, 0xb1, 0x90, 0xb1, 0x01,
  0x02, 0x58, 0x36, 0x03, 0x48, 0x50, 0x70, 0xa1, 0x78, 0x21, 0x0c, 0x30,
  0x11, 0x50, 0x38, 0x78, 0x40, 0xa0, 0x48, 0xa8, 0xc1, 0x28, 0xca, 0x48,
  0x4b, 0x48, 0x93, 0x78, 0xe2, 0xa0, 0x2a, 0xa0, 0x93, 0xa8, 0x6a, 0x03,
  0x32, 0xff, 0xff, 0xa0, 0x38, 0xc4, 0xa0, 0x98, 0xa4, 0x02, 0x20, 0xa0,
  0x02, 0xa0, 0x78, 0x03, 0x05, 0x52, 0x28, 0xe0, 0x68, 0x30, 0x58, 0x86,
  0x68, 0x58, 0x40, 0x90, 0xe8, 0x35, 0xa0, 0x10, 0x01, 0x68, 0x38, 0x04,
  0x38, 0xb8, 0x58, 0x08, 0x58, 0x98, 0xa8, 0xe0, 0x02, 0x02, 0x78, 0x62,
  0x02, 0x78, 0x9a, 0x00, 0x0a, 0x28, 0x88, 0x30, 0x41, 0x48, 0x11, 0x48,
  0x99, 0x68, 0x20, 0x68, 0x79, 0x68, 0xb8, 0x88, 0x79, 0xa8, 0x60, 0xa8,
  0xc0, 0x03, 0x30, 0xff, 0xff, 0x60, 0x48, 0x64, 0x78, 0xd0, 0x84, 0x02,
  0x10, 0xa8, 0x02, 0x28, 0x18, 0x00, 0x05, 0x30, 0x18, 0xd8, 0x45, 0x30,
  0x48, 0x69, 0x48, 0x10, 0x52, 0x88, 0x20, 0x71, 0x88, 0x58, 0x02, 0x10,
  0x70, 0x80, 0xe8, 0x03, 0x10, 0x08, 0x18, 0xf0, 0x58, 0x30, 0x00, 0x00,
  0x08, 0x30, 0x31, 0x40, 0xe0, 0x68, 0x11, 0x68, 0x69, 0x80, 0x91, 0x88,
  0x68, 0xa0, 0xd8, 0xa8, 0x31, 0x01, 0x32, 0x40, 0xb8, 0x88, 0xff, 0xa0,
  0x20, 0xa8, 0xff, 0x01, 0x20, 0x90, 0x02, 0x04, 0x61, 0x48, 0x50, 0x42,
  0x68, 0x98, 0x57, 0x80, 0x18, 0x74, 0x88, 0x50, 0x02, 0x30, 0x18, 0x88,
  0x88, 0x06, 0x10, 0xd8, 0x48, 0xd0, 0x58, 0x68, 0x58, 0x70, 0x58, 0xa8,
  0x98, 0x78, 0x00, 0x00, 0x07, 0x28, 0x58, 0x28, 0xb8, 0x48, 0x89, 0x68,
  0xc0, 0x88, 0xa0, 0xa8, 0x59, 0xa8, 0xc0, 0x02, 0x12, 0x20, 0x31, 0xff,
  0xff, 0xa0, 0x70, 0xb8, 0x98, 0xb1, 0x94, 0x03, 0x78, 0x90, 0x03, 0x18,
  0x49, 0x03, 0x98, 0x91, 0x04, 0x06, 0x41, 0x40, 0x88, 0x53, 0x68, 0x18,
  0x37, 0x68, 0x68, 0x64, 0x10, 0xe1, 0x75, 0x40, 0x11, 0x86, 0x58, 0x71,
  0x03, 0xa8, 0x08, 0x48, 0xe9, 0x80, 0x69, 0x06, 0x10, 0x10, 0x30, 0xe8,
  0x58, 0x08, 0x78, 0x28, 0x30, 0x31, 0x38, 0xb1, 0x00, 0x03, 0xa0, 0x18,
  0x38, 0x21, 0x40, 0xe1, 0x0d, 0x38, 0x40, 0x40, 0xc9, 0x48, 0x20, 0x88,
  0x40, 0xa8, 0x38, 0xa8, 0xc1, 0x28, 0xca, 0x40, 0x4a, 0x48, 0x93, 0x58,
  0x1b, 0x78, 0x9b, 0xa0, 0x2a, 0xa0, 0xe2, 0x01, 0x31, 0x40, 0xb8, 0xe2,
  0xff, 0x78, 0x18, 0x18, 0xff, 0x02, 0x20, 0x90, 0x00, 0x78, 0x10, 0x03,
  0x06, 0x30, 0x30, 0x18, 0x45, 0x40, 0x60, 0x69, 0x58, 0x68, 0x78, 0x78,
  0x60, 0x61, 0x80, 0x48, 0x34, 0x88, 0x70, 0x02, 0x28, 0xc0, 0xa8, 0x10,
  0x06, 0x10, 0x08, 0x10, 0xf0, 0x28, 0x40, 0x48, 0x40, 0x50, 0x70, 0x68,
  0xd8, 0x00, 0x00, 0x08, 0x28, 0x68, 0x28, 0xa9, 0x48, 0x98, 0x48, 0xe0,
  0x78, 0xb9, 0xa0, 0xb8, 0xa8, 0x30, 0xa8, 0x51, 0x03, 0x10, 0x21, 0x31,
  0xff, 0xff, 0x60, 0xa0, 0xb4, 0x70, 0xe1, 0xd4, 0x03, 0x18, 0xe0, 0x02,
  0x28, 0x50, 0x04, 0x98, 0x89, 0x00, 0x06, 0x30, 0x40, 0x98, 0x45, 0x48,
  0x10, 0x69, 0x88, 0x20, 0x78, 0x18, 0x49, 0x71, 0x68, 0x39, 0x54, 0x80,
  0x71, 0x03, 0x68, 0xd0, 0x88, 0x31, 0x10, 0xa1, 0x08, 0x10, 0xf1, 0x20,
  0x10, 0x20, 0x48, 0x68, 0x40, 0xa0, 0x18, 0x38, 0x91, 0x88, 0x59, 0xa0,
  0xf1, 0x02, 0x00, 0x38, 0xaa, 0x02, 0x58, 0x5e, 0x01, 0x98, 0xe9, 0x0c,
  0x30, 0x29, 0x40, 0xd0, 0x68, 0x19, 0x80, 0xc0, 0x88, 0x71, 0xa0, 0xc1,
  0xa8, 0x70, 0x28, 0xbb, 0x48, 0xaa, 0x78, 0xb3, 0xa0, 0x52, 0xa0, 0xbb,
  0x02, 0x33, 0xff, 0xff, 0x80, 0x18, 0xc8, 0x70, 0xc8, 0xe4, 0x02, 0x28,
  0xd0, 0x03, 0x80, 0x60, 0x01, 0x05, 0x30, 0x18, 0xd8, 0x42, 0x28, 0x28,
  0x57, 0x50, 0x68, 0x68, 0x58, 0x50, 0x74, 0x68, 0x68, 0x01, 0xa8, 0x40,
  0x08, 0x10, 0x08, 0x20, 0x08, 0x38, 0x10, 0x58, 0x08, 0x78, 0x30, 0x88,
  0xd0, 0x98, 0x08, 0x98, 0x50, 0x00, 0x00, 0x0a, 0x28, 0x11, 0x30, 0xb0,
  0x48, 0x28, 0x50, 0xd1, 0x68, 0x19, 0x78, 0xa0, 0x88, 0x48, 0xa0, 0xa9,
  0xa8, 0x20, 0xa8, 0x68, 0x01, 0x12, 0x21, 0x33, 0xff, 0x98, 0x71, 0xf1,
  0x38, 0xd8, 0xd8, 0xff, 0x02, 0xa0, 0x80, 0x03, 0x20, 0x10, 0x02, 0x06,
  0x30, 0x48, 0x50, 0x43, 0x68, 0x50, 0x68, 0x88, 0x80, 0x81, 0x38, 0x49,
  0x44, 0x68, 0x49, 0x57, 0x88, 0x49, 0x02, 0xa8, 0x48, 0x80, 0x89, 0x0c,
  0x10, 0x08, 0x10, 0x10, 0x10, 0x18, 0x10, 0x68, 0x28, 0xa0, 0x30, 0x10,
  0x58, 0x60, 0x40, 0x40, 0x10, 0xb1, 0x30, 0x31, 0x48, 0x69, 0x68, 0xa9,
  0x01, 0x00, 0x80, 0xa2, 0x00, 0x0b, 0x28, 0x68, 0x30, 0x19, 0xa8, 0x30,
  0xa8, 0xc9, 0x30, 0x6b, 0x30, 0xc3, 0x40, 0x13, 0x50, 0xcb, 0x78, 0xc2,
  0xa0, 0x2a, 0xa0, 0x8b, 0x4e, 0x23, 0x46, 0x78, 0xb2, 0x77, 0x2b, 0x79,
  0xb3, 0x77, 0xc9, 0x11, 0x01, 0x00, 0x3a, 0x54, 0xe0, 0x47, 0x05, 0xc8,
  0xcb, 0x23, 0xcb, 0x12, 0x18, 0xf8, 0xaf, 0x32, 0xf4, 0xe1, 0xaf, 0xcd,
  0xb5, 0x65, 0x23, 0x7e, 0xcd, 0x4b, 0x40, 0x47, 0x65, 0x47, 0x65, 0x4a,
  0x65, 0x47, 0x65, 0xc3, 0xa6, 0x65, 0xaf, 0xcd, 0xb5, 0x65, 0x7e, 0xe6,
  0xf0, 0x77, 0x23, 0x34, 0x23, 0x7e, 0xd6, 0x08, 0x57, 0x23, 0x23, 0x5e,
  0xcd, 0x28, 0x5b, 0xaf, 0xcd, 0x4d, 0x00, 0x01, 0x1f, 0x00, 0x09, 0x11,
  0x8a, 0x65, 0x01, 0x03, 0x01, 0xcd, 0xc8, 0x65, 0x3e, 0x02, 0xcd, 0xb5,
  0x65, 0xcd, 0xd6, 0x50, 0x11, 0x8a, 0x65, 0xcd, 0xd7, 0x65, 0x21, 0xf2,
  0xe1, 0x34, 0xcd, 0x53, 0x66, 0xc3, 0xa6, 0x65, 0x00, 0x02, 0x00, 0x00,
  0x00, 0x00, 0x00, 0x00, 0x00, 0x00, 0x00, 0x00, 0x00, 0x00, 0x00, 0x00,
  0x00, 0x44, 0x00, 0x00, 0x43, 0x00, 0x00, 0x00, 0x00, 0x00, 0x44, 0x00,
  0x00, 0x43, 0xcd, 0xad, 0x65, 0xc8, 0xc3, 0x36, 0x65, 0x21, 0xf4, 0xe1,
  0x34, 0x7e, 0x2b, 0xbe, 0xc9, 0x21, 0xf5, 0xe1, 0xcd, 0x10, 0x40, 0x3a,
  0xf4, 0xe1, 0x47, 0x87, 0x87, 0x87, 0x80, 0xcd, 0x10, 0x40, 0x7e, 0xc9,
  0xc5, 0x06, 0x00, 0xcd, 0xc0, 0x44, 0x3e, 0x20, 0xcd, 0x10, 0x40, 0xc1,
  0x10, 0xf2, 0xc9, 0x01, 0xa0, 0xff, 0x09, 0xeb, 0xed, 0xa0, 0x01, 0x5e,
  0x00, 0xeb, 0x09, 0xeb, 0x0e, 0x03, 0xed, 0xb0, 0xeb, 0xc9, 0xaf, 0x32,
  0xf4, 0xe1, 0x32, 0xc2, 0xe1, 0x21, 0x67, 0x67, 0xe5, 0xaf, 0xcd, 0x5b,
  0x67, 0x3c, 0xc8, 0x23, 0x23, 0x23, 0x23, 0x7e, 0x1f, 0x1f, 0x1f, 0x1f,
  0xe6, 0x0f, 0xcd, 0x4b, 0x40, 0x1b, 0x66, 0x37, 0x66, 0x6a, 0x66, 0x94,
  0x66, 0xe0, 0x66, 0x94, 0x66, 0x36, 0x66, 0x45, 0x67, 0x42, 0x66, 0x21,
  0xf2, 0xe1, 0x7e, 0x23, 0xbe, 0xc0, 0x3e, 0x01, 0x32, 0x33, 0xe1, 0x3e,
  0x94, 0xcd, 0xa9, 0x7a, 0xcd, 0x31, 0x6a, 0x3e, 0x04, 0xcd, 0x5b, 0x67,
  0x36, 0x10, 0xc9, 0x3a, 0x00, 0xe0, 0xfe, 0x04, 0xf5, 0x3e, 0x02, 0x28,
  0x03, 0xf1, 0xf5, 0xaf, 0xcd, 0xc7, 0x67, 0x3e, 0x04, 0xcd, 0x5b, 0x67,
  0x36, 0x20, 0xcd, 0x72, 0x67, 0xf1, 0xc8, 0x21, 0x62, 0xe2, 0x36, 0x00,
  0x23, 0x46, 0xaf, 0xcd, 0x17, 0x5b, 0x7e, 0x3d, 0x20, 0x01, 0x77, 0x21,
  0x62, 0xe2, 0x34, 0x10, 0xf1, 0xc9, 0x3a, 0x34, 0xe1, 0xfe, 0x01, 0xc0,
  0xcd, 0xbf, 0x67, 0xc0, 0x7a, 0xd6, 0x08, 0x57, 0x7b, 0xd6, 0x10, 0x5f,
  0xe5, 0x21, 0xd0, 0x67, 0xcd, 0xfd, 0x5c, 0xe1, 0xd0, 0x3e, 0x01, 0x32,
  0x33, 0xe1, 0x3e, 0x14, 0x32, 0x03, 0xe0, 0x23, 0x36, 0x30, 0x18, 0x06,
  0x3a, 0x03, 0xe0, 0xe6, 0x1f, 0xc0, 0xcd, 0x53, 0x66, 0x3e, 0x04, 0xcd,
  0x5b, 0x67, 0x34, 0x7e, 0xe6, 0x0f, 0xfe, 0x04, 0x20, 0x14, 0x3a, 0x00,
  0xe0, 0xfe, 0x04, 0x20, 0x04, 0x36, 0x70, 0x18, 0x04, 0x7e, 0xc6, 0x10,
  0x77, 0x21, 0xc2, 0xe1, 0x34, 0xc9, 0x7e, 0xe6, 0xf0, 0xfe, 0x50, 0x7e,
  0x20, 0x06, 0xe6, 0x0f, 0xd6, 0x04, 0xed, 0x44, 0xe6, 0x0f, 0x3d, 0xfe,
  0x01, 0x20, 0x07, 0xf5, 0x3e, 0x8d, 0xcd, 0xa9, 0x7a, 0xf1, 0xcd, 0xc7,
  0x67, 0xc3, 0x72, 0x67, 0xcd, 0xbf, 0x67, 0xc0, 0x21, 0xd4, 0x67, 0xcd,
  0xfd, 0x5c, 0xd0, 0xcd, 0x64, 0x43, 0xd9, 0x3e, 0x04, 0xcd, 0x5b, 0x67,
  0x36, 0x50, 0x23, 0x01, 0x02, 0x00, 0x11, 0x55, 0xe0, 0xed, 0xb0, 0xd9,
  0x3a, 0xf4, 0xe1, 0x3c, 0xfe, 0x01, 0x28, 0x08, 0x3d, 0x87, 0xfe, 0x06,
  0x20, 0x02, 0x3e, 0x08, 0x32, 0x57, 0xe0, 0x21, 0xb0, 0xe0, 0x3e, 0x10,
  0x83, 0x5f, 0x7a, 0xd6, 0x11, 0x57, 0x06, 0x02, 0x0e, 0x02, 0x72, 0x23,
  0x73, 0x23, 0x23, 0x23, 0x0d, 0x20, 0xf7, 0x7a, 0xc6, 0x10, 0x57, 0x10,
  0xef, 0x3e, 0x20, 0xcd, 0xa9, 0x7a, 0xaf, 0x32, 0x30, 0xe1, 0x3c, 0x32,
  0x32, 0xe1, 0x3c, 0x32, 0x36, 0xe1, 0xe1, 0xe1, 0xc9, 0xcd, 0x51, 0x6d,
  0xf5, 0x3e, 0x04, 0xcd, 0x5b, 0x67, 0xf1, 0x36, 0x00, 0x28, 0x03, 0x36,
  0x20, 0xc9, 0x11, 0x8a, 0x65, 0x18, 0x17, 0x21, 0xc5, 0xe1, 0xcd, 0x10,
  0x40, 0x3a, 0xf4, 0xe1, 0xc3, 0x25, 0x6a, 0x21, 0xf4, 0xe1, 0x34, 0x3e,
  0x04, 0xbe, 0xc2, 0xf1, 0x65, 0xc9, 0xaf, 0xcd, 0x5b, 0x67, 0x01, 0xf8,
  0xf0, 0xd5, 0xcd, 0xe1, 0x50, 0xd1, 0xeb, 0xe5, 0x06, 0x03, 0xc5, 0x01,
  0x05, 0x00, 0xed, 0xb0, 0x3e, 0x5b, 0xcd, 0x15, 0x40, 0xc1, 0x10, 0xf2,
  0xaf, 0xcd, 0x5b, 0x67, 0x2b, 0xcd, 0x03, 0x5c, 0xe1, 0xc0, 0xe5, 0xcd,
  0x28, 0x5b, 0xd1, 0x01, 0xde, 0xff, 0x09, 0x06, 0x03, 0x0e, 0x05, 0xc5,
  0x1a, 0xcd, 0x75, 0x5d, 0xcd, 0x4d, 0x00, 0x23, 0x13, 0xc1, 0x0d, 0x0d,
  0x0c, 0x20, 0xf0, 0x3e, 0x1b, 0xcd, 0x10, 0x40, 0x10, 0xe7, 0xc9, 0xaf,
  0xcd, 0x5b, 0x67, 0x2b, 0xc3, 0x03, 0x5c, 0x87, 0x21, 0xd8, 0x67, 0xcd,
  0x49, 0x6d, 0xeb, 0xc9, 0x08, 0x10, 0x03, 0x05, 0x01, 0x02, 0x04, 0x06,
  0xde, 0x67, 0xed, 0x67, 0xfc, 0x67, 0x77, 0x00, 0x60, 0x61, 0x00, 0x79,
  0x00, 0x62, 0x63, 0x00, 0x00, 0x00, 0x64, 0x65, 0x00, 0x78, 0x6b, 0x6c,
  0x6d, 0x6e, 0x79, 0x6f, 0x70, 0x71, 0x72, 0x00, 0x73, 0x74, 0x75, 0x76,
  0x78, 0x60, 0x66, 0x67, 0x61, 0x79, 0x62, 0x00, 0x68, 0x63, 0x00, 0x64,
  0x69, 0x6a, 0x65, 0x21, 0xfd, 0xe3, 0x36, 0x00, 0x23, 0x7e, 0xb7, 0xc8,
  0x21, 0xe1, 0x68, 0xe5, 0xaf, 0xcd, 0xd4, 0x68, 0xa7, 0xca, 0x8f, 0x68,
  0x3d, 0xc0, 0x3a, 0x03, 0xe0, 0xe6, 0x1f, 0xc0, 0x23, 0x7e, 0xc6, 0x04,
  0x77, 0xe6, 0x07, 0x0e, 0x19, 0x20, 0x01, 0x0c, 0xe5, 0xcd, 0xd6, 0x50,
  0xeb, 0xe1, 0x7e, 0xe6, 0x07, 0x20, 0x04, 0x1a, 0xa7, 0x20, 0x24, 0xcd,
  0x82, 0x68, 0x21, 0x34, 0xe1, 0x7e, 0xb7, 0xc0, 0x21, 0x37, 0xe1, 0x01,
  0x00, 0x05, 0xcd, 0xec, 0x68, 0x38, 0x06, 0x06, 0x0b, 0xcd, 0xec, 0x68,
  0xd0, 0x3e, 0x1d, 0xcd, 0xa9, 0x7a, 0xaf, 0x32, 0x53, 0xe0, 0xc9, 0x1a,
  0xfe, 0x01, 0x28, 0x0b, 0xe6, 0xf0, 0xfe, 0x10, 0x28, 0x05, 0x7e, 0xd6,
  0x04, 0x77, 0xc9, 0x2b, 0x34, 0x23, 0x1a, 0xfe, 0x14, 0x0e, 0x13, 0x20,
  0x01, 0x0c, 0x79, 0x12, 0xe5, 0xcd, 0x75, 0x5d, 0x2b, 0x2b, 0xcd, 0x11,
  0x5c, 0xe1, 0xc9, 0x23, 0x54, 0x5d, 0x23, 0x23, 0x4e, 0x23, 0x46, 0x2a,
  0x39, 0xe1, 0xa7, 0xed, 0x42, 0xc0, 0x1a, 0x21, 0x37, 0xe1, 0xbe, 0xc0,
  0x62, 0x6b, 0xcd, 0xd6, 0x50, 0x06, 0x00, 0xe5, 0xd5, 0xa7, 0x11, 0x60,
  0xe7, 0xed, 0x52, 0xd1, 0x38, 0x0f, 0xe1, 0x7e, 0xa7, 0x20, 0x0d, 0x04,
  0x7d, 0xd6, 0x60, 0x6f, 0x30, 0x01, 0x25, 0x18, 0xe6, 0xe1, 0x36, 0x12,
  0x78, 0x87, 0x87, 0x87, 0x47, 0xeb, 0x7e, 0x90, 0x77, 0x2b, 0x34, 0xc9,
  0x21, 0xff, 0xe3, 0xcd, 0x10, 0x40, 0x3a, 0xfd, 0xe3, 0x47, 0xc3, 0xc0,
  0x65, 0x21, 0xfd, 0xe3, 0x34, 0x7e, 0x23, 0xbe, 0xc2, 0x14, 0x68, 0xc9,
  0xc5, 0xcd, 0xb7, 0x50, 0x1a, 0xd6, 0x19, 0xfe, 0x02, 0xc1, 0xc9, 0x21,
  0x48, 0xe1, 0x7e, 0xa7, 0xc8, 0x7e, 0xfe, 0x12, 0x23, 0x28, 0x03, 0x34,
  0x34, 0x34, 0x47, 0xe5, 0xcd, 0xd6, 0x50, 0xeb, 0xe1, 0x78, 0xfe, 0x09,
  0x20, 0x12, 0x1a, 0xcd, 0x94, 0x44, 0x78, 0xfe, 0x01, 0x20, 0x2b, 0x79,
  0xfe, 0x04, 0x38, 0x04, 0xfe, 0x09, 0x20, 0x22, 0x2b, 0x7e, 0x23, 0xfe,
  0x0c, 0x28, 0x04, 0xfe, 0x03, 0x20, 0x03, 0x3e, 0x01, 0x12, 0x3a, 0x48,
  0xe1, 0x11, 0x93, 0x65, 0xcd, 0x15, 0x40, 0x1a, 0x2b, 0x2b, 0xcd, 0x11,
  0x5c, 0x3e, 0x45, 0xc3, 0xa9, 0x7a, 0xaf, 0x32, 0x48, 0xe1, 0xc9, 0x21,
  0x1e, 0xe3, 0x3a, 0x1d, 0xe3, 0x47, 0xb7, 0xc8, 0xcb, 0x46, 0x20, 0x07,
  0x11, 0x07, 0x00, 0x19, 0x10, 0xf6, 0xc9, 0x3a, 0x03, 0xe0, 0xe6, 0x07,
  0xc0, 0xe5, 0xdd, 0xe1, 0xdd, 0x7e, 0x06, 0xdd, 0x34, 0x06, 0xfe, 0x05,
  0x28, 0x31, 0x87, 0x87, 0x87, 0x47, 0xdd, 0x7e, 0x05, 0xfe, 0x08, 0x78,
  0x28, 0x03, 0x3e, 0x20, 0x90, 0x11, 0x7b, 0x6a, 0xcd, 0x15, 0x40, 0x0e,
  0x02, 0xdd, 0x7e, 0x00, 0xcb, 0x3f, 0x81, 0x47, 0xdd, 0x66, 0x03, 0xdd,
  0x6e, 0x01, 0x3a, 0x3a, 0xe1, 0xdd, 0xbe, 0x04, 0xc0, 0xcd, 0x71, 0x6a,
  0xc3, 0xc8, 0x65, 0xdd, 0xcb, 0x00, 0x86, 0x3e, 0x0c, 0xdd, 0xae, 0x05,
  0xdd, 0x77, 0x05, 0xdd, 0xe5, 0xe1, 0x23, 0xe5, 0xd1, 0xcd, 0xd6, 0x50,
  0x1b, 0x1a, 0x1f, 0xe6, 0x03, 0xc6, 0x02, 0x47, 0x3e, 0x05, 0xcd, 0x15,
  0x40, 0x1a, 0xcb, 0x57, 0x3e, 0x50, 0x28, 0x02, 0x3c, 0x3c, 0x4f, 0x71,
  0x23, 0x0c, 0x71, 0x3e, 0x5f, 0xcd, 0x10, 0x40, 0x0d, 0x10, 0xf4, 0xc9,
  0xaf, 0x32, 0x1c, 0xe3, 0xaf, 0xcd, 0x1c, 0x6a, 0xe5, 0x23, 0x87, 0x87,
  0xe6, 0x18, 0x86, 0x57, 0x3a, 0x36, 0xe1, 0x1f, 0x3e, 0x08, 0x38, 0x02,
  0xed, 0x44, 0x23, 0x23, 0x86, 0x5f, 0x21, 0x37, 0xe1, 0x7e, 0x23, 0x23,
  0x6e, 0x67, 0xa7, 0xed, 0x52, 0xe1, 0x20, 0x0a, 0xcb, 0xc6, 0x3e, 0x06,
  0xcd, 0x10, 0x40, 0x36, 0x00, 0xc9, 0x21, 0x1c, 0xe3, 0x34, 0x7e, 0x23,
  0xbe, 0x20, 0xc5, 0xc9, 0x21, 0x1e, 0xe3, 0xcd, 0x10, 0x40, 0x3a, 0x1c,
  0xe3, 0x47, 0xcb, 0x20, 0x80, 0xcb, 0x20, 0x80, 0xcd, 0x10, 0x40, 0x7e,
  0xc9, 0xaf, 0x21, 0x1d, 0xe3, 0xbe, 0xc8, 0x32, 0x1c, 0xe3, 0x23, 0xe5,
  0x7e, 0x1f, 0xe6, 0x03, 0xc6, 0x02, 0x47, 0xc5, 0x23, 0xe5, 0xcd, 0xd6,
  0x50, 0x0e, 0x00, 0xcd, 0xcf, 0x69, 0xe1, 0xcd, 0x04, 0x5c, 0xc1, 0x0e,
  0x02, 0x20, 0x09, 0xcd, 0x28, 0x5b, 0x11, 0x8a, 0x65, 0xcd, 0xc8, 0x65,
  0xe1, 0x11, 0x07, 0x00, 0x19, 0xd9, 0x21, 0x1c, 0xe3, 0x34, 0x7e, 0x23,
  0xbe, 0xd9, 0x20, 0xcb, 0xc9, 0xd5, 0xeb, 0x7a, 0x53, 0x5f, 0xcd, 0x28,
  0x5b, 0xd1, 0xc9, 0x68, 0x69, 0x68, 0x69, 0x68, 0x69, 0x68, 0x69, 0x6a,
  0x6b, 0x6a, 0x6b, 0x6a, 0x6b, 0x6a, 0x6b, 0x54, 0x55, 0x54, 0x55, 0x54,
  0x55, 0x54, 0x55, 0x7a, 0x79, 0x7a, 0x79, 0x7a, 0x79, 0x7a, 0x79, 0x78,
  0x77, 0x78, 0x77, 0x78, 0x77, 0x78, 0x77, 0xaf, 0x32, 0x5e, 0xe0, 0x32,
  0x5b, 0xe0, 0xcd, 0x9a, 0x6d, 0x3c, 0x32, 0x53, 0xe0, 0xcd, 0x56, 0x43,
  0x21, 0x55, 0xe0, 0x7e, 0x2b, 0x77, 0xcd, 0xa8, 0x6d, 0x21, 0x70, 0x6d,
  0x3a, 0x54, 0xe0, 0x3d, 0x87, 0xcd, 0x49, 0x6d, 0xeb, 0x06, 0x04, 0xdd,
  0x21, 0x00, 0xe7, 0x1a, 0xc5, 0xd5, 0x21, 0x8e, 0x6d, 0x4f, 0x1f, 0x1f,
  0x1f, 0xe6, 0x1e, 0xcd, 0x49, 0x6d, 0x79, 0xe6, 0x0f, 0xe5, 0x26, 0x00,
  0x6f, 0x29, 0x29, 0x54, 0x5d, 0x29, 0x29, 0x44, 0x4d, 0x29, 0x09, 0x44,
  0x4d, 0xe1, 0x09, 0xa7, 0xed, 0x52, 0xdd, 0xe5, 0xd1, 0xd9, 0x06, 0x16,
  0xd9, 0x06, 0x02, 0xc5, 0x06, 0x08, 0x4e, 0xcb, 0x11, 0x3e, 0x00, 0x30,
  0x02, 0x3e, 0x12, 0x12, 0x13, 0x10, 0xf4, 0x23, 0xc1, 0x10, 0xec, 0x3e,
  0x50, 0xcd, 0x15, 0x40, 0xd9, 0x10, 0xe1, 0xd9, 0x01, 0x10, 0x00, 0xdd,
  0x09, 0xd1, 0xc1, 0x1a, 0x13, 0xe6, 0xf0, 0xfe, 0x30, 0x28, 0x02, 0x10,
  0xa2, 0x21, 0xc4, 0xe1, 0x36, 0x04, 0x23, 0xeb, 0xd9, 0x06, 0x00, 0xd9,
  0x7e, 0x3c, 0x20, 0x0a, 0x3d, 0x12, 0x23, 0x3e, 0x07, 0xcd, 0x15, 0x40,
  0x18, 0x2c, 0xcd, 0x61, 0x6d, 0x3a, 0x56, 0xe0, 0xcb, 0x3f, 0xfe, 0x04,
  0x20, 0x01, 0x3d, 0xd9, 0xb8, 0xd9, 0x3e, 0x10, 0x28, 0x0b, 0xd5, 0xcd,
  0x51, 0x6d, 0x3e, 0x00, 0x28, 0x02, 0x3e, 0x80, 0xd1, 0x12, 0x13, 0x7e,
  0xcd, 0x94, 0x44, 0x78, 0x12, 0x13, 0x79, 0x12, 0x13, 0x23, 0xd9, 0x04,
  0x3e, 0x04, 0xb8, 0x20, 0xbe, 0xd9, 0x7e, 0x32, 0x64, 0xe1, 0x23, 0x47,
  0x87, 0x80, 0x06, 0x00, 0x4f, 0x11, 0x4e, 0xe1, 0xed, 0xb0, 0x11, 0xf3,
  0xe1, 0x7e, 0xed, 0xa0, 0x13, 0x47, 0xc5, 0x7e, 0xe6, 0xf0, 0xf6, 0x01,
  0x12, 0x23, 0x13, 0x3e, 0x01, 0x12, 0x13, 0xcd, 0x61, 0x6d, 0x13, 0x13,
  0x13, 0xc1, 0x10, 0xea, 0xe5, 0xaf, 0x32, 0xf4, 0xe1, 0xaf, 0xcd, 0xb5,
  0x65, 0xcd, 0x51, 0x6d, 0x28, 0x09, 0x7e, 0xe6, 0xf0, 0x77, 0x23, 0x36,
  0x03, 0x18, 0x18, 0x23, 0x23, 0xcd, 0xd6, 0x50, 0xe5, 0x11, 0x96, 0x6d,
  0xcd, 0xd7, 0x65, 0xaf, 0xcd, 0xb5, 0x65, 0xcd, 0x94, 0x44, 0x78, 0xc6,
  0x40, 0xe1, 0x77, 0x21, 0xf4, 0xe1, 0x34, 0x7e, 0x2b, 0xbe, 0x20, 0xcd,
  0xe1, 0x11, 0x63, 0xe2, 0x7e, 0x12, 0x23, 0x13, 0xb7, 0x28, 0x0f, 0x47,
  0xc5, 0x13, 0x13, 0xcd, 0x61, 0x6d, 0x3e, 0x0b, 0xcd, 0x15, 0x40, 0xc1,
  0x10, 0xf2, 0x11, 0xcb, 0xe2, 0x7e, 0x12, 0x13, 0x23, 0xa7, 0x28, 0x24,
  0x47, 0xc5, 0x3e, 0x01, 0x12, 0x13, 0xcd, 0x61, 0x6d, 0xc1, 0x10, 0xf5,
  0xe5, 0x21, 0xcb, 0xe2, 0x46, 0x23, 0x23, 0xc5, 0xe5, 0xcd, 0xd6, 0x50,
  0x36, 0x80, 0xe1, 0x3e, 0x05, 0xcd, 0x10, 0x40, 0xc1, 0x10, 0xf0, 0xe1,
  0x7e, 0x23, 0x11, 0x1d, 0xe3, 0x12, 0xb7, 0x28, 0x37, 0x13, 0x47, 0xc5,
  0xed, 0xa0, 0xed, 0xa0, 0x13, 0x7e, 0xe6, 0xf8, 0x12, 0x13, 0x7e, 0x1f,
  0x1f, 0xe6, 0x01, 0x12, 0x13, 0x7e, 0x17, 0x17, 0xe6, 0x0c, 0x12, 0x13,
  0x13, 0x23, 0xc1, 0x10, 0xe2, 0xe5, 0xdd, 0x21, 0x1e, 0xe3, 0xcd, 0xaf,
  0x69, 0x11, 0x07, 0x00, 0xdd, 0x19, 0x21, 0x1c, 0xe3, 0x34, 0x7e, 0x23,
  0xbe, 0x20, 0xef, 0xe1, 0x11, 0xfe, 0xe3, 0x7e, 0xed, 0xa0, 0xb7, 0x28,
  0x09, 0x47, 0xc5, 0x13, 0xcd, 0x61, 0x6d, 0xc1, 0x10, 0xf8, 0xeb, 0x1a,
  0x47, 0x13, 0xa7, 0xc8, 0xc5, 0x21, 0x83, 0xe0, 0xeb, 0xd5, 0xed, 0xa0,
  0xaf, 0x12, 0x13, 0x7e, 0xe6, 0xf8, 0x12, 0x7e, 0xe6, 0x01, 0x47, 0x13,
  0x7e, 0x1f, 0xe6, 0x01, 0x12, 0xd1, 0xeb, 0xd5, 0xcd, 0xd6, 0x50, 0x7e,
  0xa7, 0x20, 0x12, 0x0e, 0x20, 0xcd, 0xc0, 0x6c, 0xa7, 0xc5, 0x01, 0x9e,
  0xff, 0x28, 0x02, 0x03, 0x03, 0x09, 0xc1, 0x18, 0xea, 0x0e, 0x15, 0xcd,
  0xc0, 0x6c, 0xd1, 0x13, 0xc1, 0x10, 0xc1, 0xc9, 0x78, 0xa7, 0x28, 0x02,
  0x0c, 0x0c, 0x71, 0x0c, 0x23, 0x71, 0xc9, 0x3e, 0x01, 0x32, 0x47, 0xe1,
  0x3a, 0x3a, 0xe1, 0x87, 0x87, 0x87, 0x87, 0x87, 0x11, 0x60, 0xe7, 0xcd,
  0x15, 0x40, 0xcd, 0x54, 0x5d, 0xcd, 0x75, 0x4b, 0xcd, 0xff, 0x57, 0xaf,
  0x32, 0x65, 0xe1, 0xcd, 0xf8, 0x6c, 0x21, 0x65, 0xe1, 0x34, 0x7e, 0x2b,
  0xbe, 0x20, 0xf4, 0xc9, 0xcd, 0xdb, 0x73, 0xdd, 0xe5, 0xe1, 0x36, 0x04,
  0x23, 0x23, 0x23, 0x11, 0x4e, 0xe1, 0x3a, 0x65, 0xe1, 0x4f, 0x87, 0x81,
  0xcd, 0x15, 0x40, 0xeb, 0xcd, 0x61, 0x6d, 0x7e, 0x4f, 0x3a, 0x58, 0xe0,
  0x81, 0xfe, 0x05, 0x38, 0x02, 0x3e, 0x04, 0x4f, 0xeb, 0x11, 0x44, 0x6d,
  0xcd, 0x15, 0x40, 0x1a, 0x47, 0xe6, 0xf0, 0x77, 0x3e, 0x0a, 0xcd, 0x10,
  0x40, 0x36, 0x10, 0x23, 0x23, 0x23, 0x71, 0x13, 0xcd, 0xf3, 0x71, 0x23,
  0x23, 0x23, 0x78, 0xcd, 0x94, 0x44, 0x71, 0xc9, 0x5f, 0x59, 0xa4, 0xa8,
  0xba, 0xcd, 0x10, 0x40, 0x7e, 0x23, 0x66, 0x6f, 0xc9, 0xed, 0x4b, 0x62,
  0xe0, 0xc5, 0xcd, 0x23, 0x65, 0xc1, 0x78, 0xa2, 0x47, 0x79, 0xa3, 0x80,
  0xc9, 0xed, 0xa0, 0x13, 0x7e, 0xe6, 0xf8, 0x12, 0x13, 0x7e, 0xe6, 0x01,
  0x12, 0x13, 0x23, 0xc9, 0x47, 0x60, 0x7a, 0x60, 0x88, 0x61, 0x22, 0x61,
  0xdd, 0x60, 0xc8, 0x61, 0xe1, 0x62, 0x35, 0x62, 0x21, 0x63, 0x5f, 0x63,
  0x97, 0x62, 0x08, 0x64, 0x6c, 0x64, 0xb8, 0x64, 0xbf, 0x63, 0xdf, 0x5d,
  0x8f, 0x5e, 0x13, 0x5f, 0x97, 0x5f, 0x40, 0x41, 0x00, 0x42, 0x21, 0x60,
  0xe7, 0x11, 0x61, 0xe7, 0x01, 0xa0, 0x08, 0x36, 0x14, 0xed, 0xb0, 0xc9,
  0x3a, 0x54, 0xe0, 0x3d, 0x1f, 0x1f, 0xe6, 0x03, 0x21, 0xcc, 0x6d, 0xcd,
  0xbe, 0x65, 0xeb, 0x21, 0x00, 0x02, 0x06, 0x05, 0xc5, 0xd5, 0xe5, 0xcd,
  0xf1, 0x44, 0xe1, 0x11, 0x08, 0x00, 0x19, 0xd1, 0xc1, 0x10, 0xf1, 0xc9,
  0x02, 0xa0, 0x02, 0x60, 0x02, 0xa0, 0x02, 0x60, 0x00, 0x02, 0x40, 0x02,
  0x70, 0x02, 0x40, 0x02, 0x70, 0x00, 0x02, 0x60, 0x02, 0xa0, 0x02, 0x60,
  0x02, 0xa0, 0x00, 0x02, 0xc0, 0x02, 0xb0, 0x02, 0xc0, 0x02, 0x30, 0x00,
  0x3a, 0x30, 0xe1, 0xcd, 0x4b, 0x40, 0xfe, 0x6d, 0x5e, 0x6e, 0x85, 0x6e,
  0xb8, 0x6e, 0x21, 0x3e, 0xe1, 0x3a, 0x03, 0xe0, 0xe6, 0x03, 0xc0, 0x21,
  0xe0, 0x01, 0x22, 0x3b, 0xe1, 0xcd, 0xfb, 0x73, 0x3a, 0x00, 0xe0, 0xfe,
  0x04, 0x20, 0x13, 0x21, 0x37, 0xe1, 0x34, 0x7e, 0xe6, 0x07, 0x20, 0x1e,
  0x3e, 0x01, 0x32, 0x3f, 0xe1, 0xcd, 0xfa, 0x4c, 0x18, 0x1e, 0x21, 0x37,
  0xe1, 0x35, 0x23, 0x23, 0x7e, 0xc6, 0x08, 0x21, 0xb1, 0xe0, 0xbe, 0x38,
  0x05, 0xcd, 0x56, 0x43, 0x18, 0x0a, 0x21, 0x3f, 0xe1, 0x34, 0xe6, 0x07,
  0x77, 0xc3, 0xfa, 0x4c, 0x01, 0xa8, 0x00, 0xed, 0x43, 0x3b, 0xe1, 0x06,
  0x04, 0xcd, 0x58, 0x43, 0x21, 0x30, 0xe1, 0x34, 0x3e, 0x20, 0x32, 0x03,
  0xe0, 0xc9, 0xcd, 0xea, 0x65, 0x3a, 0xc2, 0xe1, 0xb7, 0xc8, 0x3a, 0x00,
  0xe0, 0xfe, 0x04, 0x28, 0x0e, 0x3e, 0x20, 0xcd, 0xa9, 0x7a, 0x21, 0x30,
  0xe1, 0x34, 0xaf, 0x32, 0xf4, 0xe1, 0xc9, 0x3e, 0x28, 0x32, 0x04, 0xe0,
  0x21, 0x01, 0xe0, 0x34, 0xc9, 0x21, 0x04, 0xe0, 0x35, 0xf0, 0xcd, 0x51,
  0x6d, 0x20, 0x0b, 0x11, 0x00, 0x20, 0xcd, 0x12, 0x44, 0x3e, 0x8f, 0xcd,
  0xa9, 0x7a, 0x21, 0x30, 0xe1, 0x34, 0x3e, 0x70, 0x32, 0x04, 0xe0, 0xcd,
  0x23, 0x65, 0x21, 0x62, 0xe0, 0xc3, 0x18, 0x65, 0x21, 0x50, 0xe0, 0x34,
  0x3e, 0x8a, 0xcd, 0xa9, 0x7a, 0xc3, 0x85, 0x43, 0x21, 0x03, 0xe0, 0x7e,
  0xe6, 0x03, 0x23, 0x35, 0xc0, 0xaf, 0x32, 0x32, 0xe1, 0x3e, 0x08, 0x32,
  0x00, 0xe0, 0xc9, 0x11, 0xb0, 0xe0, 0x21, 0x54, 0x6f, 0x01, 0x10, 0x00,
  0xed, 0xb0, 0x3e, 0x0e, 0x32, 0xc3, 0xe0, 0x3e, 0x06, 0x32, 0xc7, 0xe0,
  0x3a, 0x56, 0xe0, 0xcb, 0x3f, 0xfe, 0x04, 0x20, 0x01, 0x3d, 0x21, 0xc5,
  0xe1, 0xcd, 0x25, 0x6a, 0xe5, 0x11, 0x37, 0xe1, 0x7e, 0xd6, 0x08, 0x12,
  0x13, 0x23, 0xed, 0xa0, 0x7e, 0xc6, 0x08, 0x12, 0x13, 0x23, 0xed, 0xa0,
  0x01, 0x05, 0x00, 0x21, 0x4f, 0x6f, 0xed, 0xb0, 0xcd, 0xfa, 0x4c, 0x3a,
  0x56, 0xe0, 0xcb, 0x3f, 0xfe, 0x04, 0x20, 0x01, 0x3d, 0x32, 0xf4, 0xe1,
  0x3e, 0x04, 0xcd, 0x5b, 0x67, 0x36, 0x50, 0xe1, 0x56, 0x23, 0x23, 0x5e,
  0x21, 0xb0, 0xe0, 0x3e, 0x10, 0x83, 0x5f, 0x7a, 0xd6, 0x11, 0x57, 0x06,
  0x02, 0x0e, 0x02, 0x72, 0x23, 0x73, 0x23, 0x23, 0x23, 0x0d, 0x20, 0xf7,
  0x7a, 0xc6, 0x10, 0x57, 0x10, 0xef, 0xaf, 0x32, 0x30, 0xe1, 0x3c, 0x32,
  0x36, 0xe1, 0xc9, 0xc8, 0x00, 0x00, 0x01, 0x01, 0xe0, 0xb0, 0xd8, 0x01,
  0xe0, 0xb0, 0xdc, 0x03, 0xe0, 0xb0, 0xe0, 0x01, 0xe0, 0xb0, 0xe4, 0x03,
  0xaf, 0x32, 0x65, 0xe1, 0xcd, 0xdb, 0x73, 0xd9, 0x62, 0x6b, 0x46, 0x23,
  0x7e, 0xcb, 0x3f, 0xcb, 0x3f, 0x23, 0x77, 0x78, 0xd9, 0x21, 0x7d, 0x70,
  0xe5, 0xcd, 0x4b, 0x40, 0x92, 0x6f, 0xee, 0x70, 0x3e, 0x71, 0x48, 0x71,
  0x7e, 0x71, 0x9c, 0x71, 0xc4, 0x71, 0x08, 0x72, 0x61, 0x72, 0xdd, 0x7e,
  0x11, 0xb7, 0x20, 0x12, 0xdd, 0x36, 0x00, 0x07, 0xdd, 0x7e, 0x14, 0x11,
  0x78, 0x70, 0xcd, 0x15, 0x40, 0x1a, 0xdd, 0x77, 0x11, 0xc9, 0x3a, 0x03,
  0xe0, 0xe6, 0x0f, 0x20, 0x03, 0xdd, 0x35, 0x11, 0xe1, 0xcd, 0x84, 0x72,
  0x21, 0x7d, 0x70, 0xe5, 0xdd, 0x7e, 0x01, 0xcb, 0x67, 0xc2, 0xc9, 0x70,
  0xdd, 0xe5, 0xe1, 0x23, 0xe5, 0x23, 0x23, 0xcd, 0x98, 0x50, 0xe1, 0xda,
  0x1f, 0x71, 0xe5, 0x3e, 0x01, 0x32, 0x4d, 0xe1, 0xcd, 0x33, 0x51, 0xe1,
  0xca, 0x5c, 0x70, 0xcd, 0xd5, 0x51, 0xf5, 0x3e, 0x15, 0xcd, 0x00, 0x72,
  0xf1, 0x7e, 0x30, 0x16, 0xe6, 0xf0, 0xc6, 0x1f, 0x77, 0xfe, 0xaf, 0x20,
  0x2d, 0xdd, 0x36, 0x00, 0x08, 0xdd, 0x36, 0x01, 0x04, 0xdd, 0x36, 0x11,
  0x22, 0xc9, 0xfe, 0xf0, 0x28, 0x0a, 0x3a, 0x03, 0xe0, 0xe6, 0x1f, 0x20,
  0x03, 0x35, 0x20, 0x00, 0xdd, 0x5e, 0x07, 0xdd, 0x56, 0x08, 0x3e, 0x04,
  0xcd, 0x00, 0x72, 0xcd, 0x02, 0x74, 0xcd, 0x53, 0x70, 0xc9, 0x2b, 0x7e,
  0xb7, 0x20, 0x16, 0xcd, 0xfe, 0x71, 0x2b, 0x7e, 0xee, 0x03, 0x47, 0xcd,
  0xdb, 0x51, 0x30, 0x09, 0xdd, 0x36, 0x11, 0xff, 0xdd, 0x36, 0x00, 0x07,
  0xc9, 0xcd, 0xfe, 0x71, 0xfe, 0x08, 0x38, 0x06, 0xcd, 0x34, 0x74, 0xda,
  0xd4, 0x70, 0xdd, 0x7e, 0x01, 0xee, 0x0c, 0xdd, 0x77, 0x01, 0xc9, 0x3e,
  0x0a, 0xcd, 0x00, 0x72, 0x34, 0xc3, 0x31, 0x4d, 0xdd, 0x7e, 0x01, 0x1f,
  0x79, 0x06, 0x08, 0x30, 0x04, 0x06, 0x04, 0xee, 0x01, 0xe6, 0x01, 0xdd,
  0x77, 0x0f, 0xa7, 0x78, 0x28, 0x02, 0xee, 0x0c, 0xdd, 0x77, 0x01, 0xc9,
  0x03, 0x03, 0x00, 0x00, 0x03, 0xdd, 0x4e, 0x03, 0xdd, 0x46, 0x05, 0xcd,
  0xf3, 0x71, 0x3a, 0x3a, 0xe1, 0xdd, 0xbe, 0x06, 0x20, 0x23, 0x0d, 0x0d,
  0xdd, 0x7e, 0x0b, 0xf5, 0x1f, 0x38, 0x01, 0x0c, 0xf1, 0x11, 0xbe, 0x70,
  0xcd, 0x15, 0x40, 0x1a, 0x57, 0x71, 0x23, 0x70, 0x23, 0xdd, 0x7e, 0x02,
  0x1f, 0x7a, 0x30, 0x02, 0xc6, 0x60, 0x77, 0x18, 0x02, 0x36, 0xe0, 0x21,
  0x65, 0xe1, 0x34, 0x7e, 0x2b, 0xbe, 0xd0, 0xc3, 0x68, 0x6f, 0x2c, 0x28,
  0x30, 0x2c, 0x28, 0x30, 0x28, 0x30, 0xe8, 0xec, 0xd4, 0xcd, 0xfe, 0x71,
  0x7e, 0xfe, 0x08, 0xd8, 0xcd, 0x34, 0x74, 0xd0, 0xdd, 0xe5, 0xe1, 0x36,
  0x01, 0x23, 0xcb, 0xa6, 0x3e, 0x0a, 0xcd, 0x10, 0x40, 0x36, 0x02, 0x23,
  0x11, 0x57, 0x75, 0x73, 0x23, 0x72, 0x23, 0x36, 0x00, 0xc9, 0xcd, 0xfe,
  0x71, 0x2b, 0xe5, 0xdd, 0xe5, 0xcd, 0xf4, 0x74, 0xdd, 0xe1, 0xe1, 0xcd,
  0x0b, 0x71, 0xdd, 0xe5, 0xe1, 0x23, 0xaf, 0xfe, 0x01, 0xcd, 0x8a, 0x74,
  0x28, 0x34, 0xc9, 0x7e, 0x23, 0x23, 0x23, 0x06, 0x00, 0x1f, 0x30, 0x01,
  0x05, 0x78, 0xbe, 0x23, 0xc0, 0x34, 0xa7, 0xc8, 0x35, 0x35, 0xc9, 0xdd,
  0x7e, 0x14, 0xa7, 0x28, 0x19, 0xfe, 0x03, 0x28, 0x15, 0xdd, 0x7e, 0x10,
  0xfe, 0x01, 0x28, 0x0e, 0xcd, 0xfe, 0x71, 0x7e, 0xfe, 0x08, 0x38, 0x06,
  0xcd, 0x34, 0x74, 0xda, 0xd4, 0x70, 0xdd, 0xe5, 0xe1, 0xcd, 0x64, 0x75,
  0xd2, 0x70, 0x71, 0xc9, 0xdd, 0xe5, 0xe1, 0x23, 0x7e, 0xe6, 0x0c, 0xc8,
  0xdd, 0x7e, 0x14, 0x11, 0x79, 0x71, 0xcd, 0x15, 0x40, 0x1a, 0x47, 0x3e,
  0x01, 0x32, 0x5f, 0xe0, 0x32, 0x5f, 0xe0, 0xcd, 0x7d, 0x75, 0x28, 0x04,
  0xcd, 0x53, 0x70, 0xc9, 0xdd, 0x36, 0x11, 0x00, 0xaf, 0x18, 0x02, 0x3e,
  0x03, 0xdd, 0x77, 0x00, 0xc9, 0x03, 0x00, 0x01, 0x00, 0x03, 0xe1, 0x3a,
  0x03, 0xe0, 0xe6, 0x01, 0xc2, 0xb3, 0x70, 0xdd, 0x35, 0x11, 0xc2, 0xb3,
  0x70, 0xdd, 0x34, 0x00, 0xdd, 0x36, 0x11, 0x82, 0x3e, 0x87, 0xcd, 0xa9,
  0x7a, 0xc3, 0xb3, 0x70, 0xdd, 0x36, 0x01, 0x08, 0xdd, 0x35, 0x11, 0xca,
  0xbc, 0x71, 0xdd, 0x7e, 0x11, 0xfe, 0x07, 0x38, 0x12, 0x47, 0xe6, 0x1f,
  0xc0, 0xcb, 0x68, 0x3e, 0x08, 0x28, 0x01, 0x3c, 0xdd, 0x77, 0x0b, 0xc9,
  0xcd, 0x70, 0x71, 0xdd, 0x36, 0x0b, 0x02, 0xc9, 0xdd, 0x36, 0x01, 0x08,
  0xdd, 0x35, 0x11, 0xdd, 0x7e, 0x11, 0x47, 0x28, 0x09, 0xe6, 0x1f, 0xc0,
  0x3e, 0x0a, 0xdd, 0x77, 0x0b, 0xc9, 0xcd, 0xe1, 0x71, 0xe1, 0xc3, 0xb3,
  0x70, 0xcd, 0xf3, 0x71, 0x36, 0xe0, 0xdd, 0x36, 0x00, 0x04, 0xdd, 0x36,
  0x11, 0x80, 0xdd, 0x36, 0x0b, 0x09, 0xc9, 0x3a, 0x65, 0xe1, 0x21, 0xc8,
  0xe0, 0x87, 0x87, 0xc3, 0x10, 0x40, 0x3e, 0x03, 0x2a, 0x62, 0xe1, 0xcd,
  0x10, 0x40, 0x7e, 0xc9, 0xdd, 0x7e, 0x11, 0xb7, 0x28, 0x17, 0xfe, 0xe0,
  0x28, 0x1b, 0xdd, 0x36, 0x0b, 0x02, 0xe6, 0x03, 0xdd, 0x77, 0x02, 0x3a,
  0x03, 0xe0, 0xe6, 0x1f, 0xc0, 0xdd, 0x35, 0x11, 0xc0, 0xcd, 0xc8, 0x72,
  0xdd, 0x36, 0x00, 0x00, 0xc9, 0xdd, 0x7e, 0x01, 0xee, 0x0c, 0xdd, 0x77,
  0x01, 0x1f, 0x1f, 0xe6, 0x03, 0xdd, 0x77, 0x02, 0xcd, 0xfe, 0x71, 0x01,
  0xfc, 0x00, 0xcd, 0xe1, 0x50, 0x47, 0xe6, 0xf0, 0xfe, 0x10, 0xc2, 0xc9,
  0x70, 0xcd, 0xfe, 0x71, 0x01, 0xfc, 0x10, 0xcd, 0xe1, 0x50, 0x47, 0xe6,
  0xf0, 0xfe, 0x10, 0xc2, 0xc9, 0x70, 0xc3, 0xf5, 0x6f, 0xdd, 0x36, 0x01,
  0x08, 0xdd, 0x35, 0x11, 0xdd, 0x7e, 0x11, 0x47, 0x28, 0x08, 0xe6, 0x1f,
  0xc0, 0xdd, 0x36, 0x0b, 0x0a, 0xc9, 0xcd, 0xe1, 0x71, 0xdd, 0x36, 0x11,
  0xff, 0xcd, 0xf8, 0x6c, 0xe1, 0xc3, 0xb3, 0x70, 0xd9, 0x21, 0x06, 0x00,
  0x19, 0x3a, 0x3a, 0xe1, 0x46, 0xbe, 0x28, 0x36, 0x2b, 0x7e, 0x0e, 0x50,
  0xb9, 0x38, 0x07, 0x0e, 0xb0, 0xb9, 0x38, 0x2a, 0x04, 0x04, 0x05, 0x3a,
  0x3a, 0xe1, 0xb8, 0x20, 0x21, 0xaf, 0x91, 0x4f, 0xfe, 0x50, 0x3a, 0x39,
  0xe1, 0x28, 0x14, 0xb9, 0x38, 0x14, 0x23, 0x3a, 0x3a, 0xe1, 0xbe, 0x3e,
  0x08, 0x38, 0x02, 0x3e, 0x04, 0x62, 0x6b, 0x23, 0x77, 0xd9, 0xc9, 0xb9,
  0x38, 0xec, 0xd9, 0xc9, 0x3e, 0x05, 0xdd, 0x77, 0x11, 0xcd, 0x56, 0x73,
  0xcd, 0x33, 0x73, 0xa7, 0x28, 0x06, 0x3d, 0x28, 0x49, 0x3d, 0x28, 0x50,
  0x3a, 0x3a, 0xe1, 0xdd, 0xbe, 0x06, 0x20, 0x06, 0x3a, 0x39, 0xe1, 0xdd,
  0xbe, 0x05, 0x3e, 0x08, 0x30, 0x02, 0x3e, 0x04, 0xdd, 0x77, 0x01, 0x4f,
  0x21, 0x37, 0xe1, 0xcd, 0xd6, 0x50, 0xeb, 0xcd, 0xfe, 0x71, 0xcd, 0xd6,
  0x50, 0x06, 0x20, 0xa7, 0xe5, 0xed, 0x52, 0xe1, 0xc8, 0x7e, 0xe6, 0xf0,
  0xfe, 0x10, 0x28, 0x0a, 0x2b, 0xcb, 0x51, 0x20, 0x02, 0x23, 0x23, 0x10,
  0xea, 0xc9, 0xed, 0x57, 0x1f, 0xb1, 0x1f, 0xdc, 0x2c, 0x73, 0x21, 0x68,
  0xe1, 0x7e, 0xa7, 0xc8, 0xdd, 0x77, 0x01, 0xc9, 0x21, 0x66, 0xe1, 0x7e,
  0xa7, 0x18, 0xf4, 0x06, 0x00, 0x11, 0x37, 0xe1, 0xcd, 0xfe, 0x71, 0x3a,
  0x34, 0xe1, 0xfe, 0x03, 0x28, 0x09, 0x1a, 0x96, 0x4f, 0xd6, 0x0a, 0xc6,
  0x12, 0x38, 0x06, 0x04, 0x1a, 0x96, 0x30, 0x01, 0x04, 0x78, 0xdd, 0x77,
  0x10, 0xc9, 0x06, 0x04, 0x21, 0x66, 0xe1, 0x36, 0x00, 0x23, 0x10, 0xfb,
  0xdd, 0xe5, 0xe1, 0x23, 0x08, 0x7e, 0x08, 0x23, 0x23, 0xe5, 0xcd, 0x72,
  0x73, 0xe1, 0x08, 0xee, 0x0c, 0x08, 0xcd, 0xfe, 0x71, 0x01, 0x08, 0x00,
  0x41, 0xcd, 0xe1, 0x50, 0x08, 0x2b, 0xcb, 0x57, 0x20, 0x02, 0x23, 0x23,
  0x08, 0x06, 0x00, 0x08, 0x2b, 0xcb, 0x57, 0x20, 0x02, 0x23, 0x23, 0x08,
  0x7e, 0xe6, 0xf0, 0xfe, 0x10, 0xc8, 0xfe, 0x20, 0x28, 0x09, 0xfe, 0x30,
  0x20, 0x0d, 0x7e, 0xfe, 0x30, 0x28, 0x08, 0x0e, 0x01, 0x11, 0x67, 0xe1,
  0xcd, 0xcc, 0x73, 0xe5, 0x3e, 0x60, 0xcd, 0x10, 0x40, 0x7e, 0x4f, 0xe1,
  0xe6, 0xf0, 0x28, 0x0f, 0x79, 0xe6, 0x0f, 0xfe, 0x05, 0xd4, 0xc7, 0x73,
  0x04, 0x3e, 0x05, 0xb8, 0x20, 0xc1, 0xc9, 0x0e, 0x02, 0x11, 0x69, 0xe1,
  0x1a, 0xb8, 0xd0, 0x78, 0x12, 0x1b, 0x08, 0xf5, 0xe6, 0xfc, 0xb1, 0x12,
  0xf1, 0x08, 0xc9, 0x21, 0x65, 0xe1, 0x7e, 0x47, 0xcb, 0x20, 0x78, 0xcb,
  0x20, 0x80, 0xcb, 0x20, 0xcb, 0x20, 0x80, 0xd9, 0x21, 0x6a, 0xe1, 0xcd,
  0x10, 0x40, 0xe5, 0x22, 0x62, 0xe1, 0xdd, 0xe1, 0xeb, 0xd9, 0xc9, 0x21,
  0x38, 0xe1, 0xed, 0x5b, 0x3b, 0xe1, 0xdd, 0xe5, 0xe5, 0xe5, 0x7e, 0x23,
  0x66, 0x6f, 0xdd, 0xe1, 0xdd, 0x46, 0x02, 0xdd, 0x4e, 0x05, 0xdd, 0x7e,
  0xfe, 0x1f, 0x30, 0x0a, 0x79, 0x2f, 0x4f, 0x7a, 0x2f, 0x57, 0x7b, 0x2f,
  0x5f, 0x13, 0x19, 0x78, 0x89, 0x47, 0xdd, 0x7e, 0x01, 0xeb, 0xe1, 0x73,
  0x23, 0x72, 0xdd, 0x70, 0x02, 0xdd, 0xe1, 0xc9, 0xe5, 0x2b, 0x2b, 0x7e,
  0xe1, 0xfe, 0x10, 0x28, 0x2d, 0xcd, 0x6a, 0x74, 0xd0, 0x2b, 0x7e, 0x23,
  0x01, 0x04, 0x03, 0xcb, 0x1f, 0x38, 0x02, 0x06, 0x0c, 0xc5, 0xcd, 0xb7,
  0x50, 0xc1, 0x28, 0x06, 0xcd, 0x7a, 0x74, 0xc8, 0x37, 0xc9, 0xcd, 0x7a,
  0x74, 0xc8, 0xcd, 0x7a, 0x74, 0xc8, 0x06, 0x08, 0xcd, 0xb7, 0x50, 0xc8,
  0x37, 0xc9, 0x01, 0xfe, 0x04, 0xcd, 0xb7, 0x50, 0xc8, 0x01, 0xfe, 0x0a,
  0xcd, 0xb7, 0x50, 0xc8, 0x37, 0xc9, 0x79, 0xd6, 0x08, 0x4f, 0xc5, 0xcd,
  0xb7, 0x50, 0xc1, 0xc9, 0x23, 0x3a, 0x43, 0xe1, 0xfe, 0x10, 0x23, 0x56,
  0x23, 0x28, 0x37, 0xdd, 0x7e, 0x05, 0xe6, 0x07, 0xfe, 0x04, 0x20, 0x2e,
  0x7a, 0x1f, 0x01, 0x00, 0x03, 0x38, 0x02, 0x06, 0x0c, 0xd5, 0xcd, 0xb7,
  0x50, 0xd1, 0x28, 0x3a, 0x7a, 0x01, 0x08, 0x03, 0x1f, 0x38, 0x02, 0x06,
  0x0c, 0xd5, 0xcd, 0xb7, 0x50, 0xd1, 0x28, 0x1a, 0x7a, 0x1f, 0x01, 0x0e,
  0x03, 0x38, 0x02, 0x06, 0x0c, 0xcd, 0xb7, 0x50, 0x28, 0x0c, 0xdd, 0x7e,
  0x0e, 0xa7, 0x28, 0x12, 0xcd, 0x7e, 0x50, 0xda, 0xd9, 0x74, 0x7e, 0xe6,
  0xf8, 0x77, 0xaf, 0xa7, 0xc9, 0xcd, 0xad, 0x50, 0x28, 0xf4, 0xaf, 0xfe,
  0x01, 0xc9, 0x7a, 0x01, 0x14, 0x03, 0x1f, 0x38, 0x02, 0x06, 0x0c, 0xd5,
  0xcd, 0xb7, 0x50, 0xd1, 0x28, 0xe0, 0x18, 0xb4, 0x3a, 0x00, 0xe0, 0xfe,
  0x0a, 0x28, 0x04, 0xaf, 0x32, 0x04, 0xe0, 0xe5, 0xe5, 0x3e, 0x0a, 0xcd,
  0x10, 0x40, 0x5e, 0x23, 0x56, 0x23, 0x46, 0xe1, 0xdd, 0xe1, 0x2b, 0x7e,
  0x23, 0x23, 0x23, 0x23, 0xe6, 0x0c, 0x28, 0x07, 0x35, 0xcb, 0x57, 0x20,
  0x02, 0x34, 0x34, 0x1a, 0x3c, 0x28, 0x2c, 0x3d, 0x4f, 0x3a, 0x04, 0xe0,
  0x3d, 0x3d, 0x79, 0x20, 0x02, 0x87, 0x87, 0x05, 0x04, 0x20, 0x02, 0xed,
  0x44, 0xcd, 0x51, 0x75, 0x13, 0x78, 0xa7, 0x28, 0x02, 0x1b, 0x1b, 0xdd,
  0x73, 0x0a, 0xdd, 0x72, 0x0b, 0x1a, 0xfe, 0xfe, 0xc0, 0xdd, 0x36, 0x0c,
  0x01, 0x18, 0xef, 0x3e, 0x04, 0x2b, 0x2b, 0x86, 0x77, 0xc9, 0xff, 0x04,
  0x02, 0x02, 0x02, 0x01, 0x01, 0x02, 0x00, 0x01, 0x01, 0x00, 0x00, 0xfe,
  0x36, 0x02, 0x23, 0x23, 0x23, 0x7e, 0xe6, 0xfc, 0x77, 0xe5, 0xcd, 0x98,
  0x50, 0xe1, 0xd0, 0x7e, 0xc6, 0x04, 0xe6, 0xfc, 0x77, 0xaf, 0xd6, 0x01,
  0xc9, 0x3a, 0x03, 0xe0, 0xa0, 0xc0, 0x23, 0x4e, 0x23, 0x23, 0x23, 0x7e,
  0x2b, 0x2b, 0xe6, 0x03, 0x20, 0x06, 0xe5, 0xcd, 0x1d, 0x51, 0xe1, 0xc8,
  0x79, 0x23, 0x23, 0x34, 0x1f, 0x30, 0x02, 0x35, 0x35, 0xe5, 0x3e, 0x0a,
  0xcd, 0x10, 0x40, 0x7e, 0x2b, 0x2b, 0x2b, 0x2b, 0x2b, 0x34, 0xe1, 0x81,
  0x06, 0x01, 0xcb, 0x47, 0x28, 0x02, 0x06, 0xff, 0x2b, 0x2b, 0x7e, 0x80,
  0x77, 0xaf, 0xfe, 0x01, 0xc9, 0xc5, 0xcd, 0x75, 0x4b, 0xc1, 0x10, 0x20,
  0x21, 0x3c, 0x77, 0x11, 0x34, 0xe1, 0x01, 0x0c, 0x00, 0xed, 0xb0, 0xcd,
  0xfa, 0x4c, 0x21, 0xe0, 0x75, 0x22, 0x80, 0xe0, 0x3e, 0x88, 0x32, 0x82,
  0xe0, 0xc3, 0x3c, 0x41, 0x04, 0x1b, 0x14, 0xff, 0x10, 0x1c, 0xcd, 0xd6,
  0x45, 0xcd, 0x59, 0x4c, 0x3a, 0x53, 0xe0, 0xa7, 0xc0, 0xcd, 0x61, 0x4d,
  0x21, 0x36, 0xe1, 0x77, 0x3d, 0x2b, 0x77, 0x3e, 0x02, 0x32, 0x04, 0xe0,
  0x18, 0xdb, 0x10, 0x0a, 0xcd, 0x59, 0x4c, 0x3a, 0x42, 0xe1, 0xb7, 0xc8,
  0x18, 0xcf, 0x10, 0x0d, 0xcd, 0xac, 0x6e, 0xcd, 0x1d, 0x78, 0x3e, 0xd0,
  0x32, 0x04, 0xe0, 0x18, 0xc0, 0x10, 0x0b, 0x21, 0x04, 0xe0, 0x35, 0xc0,
  0x3e, 0x08, 0x32, 0x00, 0xe0, 0xc9, 0xcd, 0x56, 0x43, 0xcd, 0x30, 0x43,
  0xf0, 0x3e, 0x20, 0xcd, 0xbb, 0x4e, 0x3e, 0x8b, 0xcd, 0xa9, 0x7a, 0xcd,
  0x9a, 0x6d, 0x21, 0x00, 0xe7, 0x11, 0x01, 0xe7, 0x01, 0x20, 0x07, 0x36,
  0x00, 0xed, 0xb0, 0x21, 0x80, 0x24, 0x11, 0xe2, 0x76, 0xcd, 0xf1, 0x44,
  0x21, 0x80, 0x04, 0x11, 0x13, 0x77, 0xcd, 0xf1, 0x44, 0x21, 0x1f, 0x39,
  0x0e, 0x90, 0xaf, 0xcd, 0xb3, 0x76, 0x21, 0x03, 0x3a, 0x0e, 0x92, 0xcd,
  0xb3, 0x76, 0x21, 0x2b, 0x3a, 0xcd, 0xb3, 0x76, 0x21, 0x04, 0x3a, 0x0e,
  0x94, 0x3c, 0xcd, 0xb3, 0x76, 0x21, 0x2c, 0x3a, 0xcd, 0xb3, 0x76, 0x11,
  0x2f, 0x77, 0x01, 0x02, 0x03, 0x21, 0x1e, 0x3a, 0xcd, 0xc8, 0x65, 0x3e,
  0x96, 0x21, 0x60, 0x3a, 0x01, 0x20, 0x00, 0xcd, 0xab, 0x44, 0xcd, 0x07,
  0x44, 0x11, 0x35, 0x77, 0x06, 0x06, 0x1a, 0x6f, 0x26, 0x39, 0x3e, 0x97,
  0xcd, 0x4d, 0x00, 0x13, 0x10, 0xf4, 0x21, 0x01, 0xe0, 0x34, 0xc9, 0x06,
  0x00, 0xe5, 0xc5, 0x05, 0x04, 0x28, 0x0f, 0x08, 0x79, 0x3c, 0xcd, 0x4d,
  0x00, 0x08, 0x2b, 0xa7, 0x28, 0x02, 0x23, 0x23, 0x10, 0xf1, 0xc1, 0x04,
  0x08, 0x79, 0xcd, 0x4d, 0x00, 0x08, 0xe1, 0x11, 0x20, 0x00, 0x19, 0xe5,
  0xa7, 0x11, 0x80, 0x3a, 0xed, 0x52, 0xe1, 0x38, 0xd4, 0xc9, 0x88, 0x00,
  0x02, 0x06, 0x00, 0x0f, 0x2f, 0x6f, 0x00, 0x03, 0xfe, 0x81, 0x00, 0x03,
  0xef, 0x88, 0x00, 0x01, 0x03, 0x07, 0x0f, 0x1f, 0x3f, 0x7f, 0x09, 0xff,
  0x87, 0x80, 0xc0, 0xe0, 0xf0, 0xf8, 0xfc, 0xfe, 0x09, 0xff, 0x87, 0x55,
  0xaa, 0x55, 0xaa, 0x66, 0x99, 0x66, 0x08, 0x00, 0x81, 0xc0, 0x00, 0x88,
  0x60, 0x60, 0xa0, 0xa0, 0x60, 0x60, 0xa0, 0xa0, 0x02, 0x60, 0x02, 0xa0,
  0x02, 0x60, 0x02, 0xa0, 0x10, 0x80, 0x10, 0x60, 0x04, 0x8a, 0x04, 0x6a,
  0x08, 0x50, 0x00, 0x63, 0x64, 0x00, 0x65, 0x66, 0x67, 0x09, 0x16, 0x38,
  0x67, 0x74, 0x8e, 0xa9, 0x00, 0x04, 0x01, 0x88, 0x00, 0xf0, 0x00, 0xc0,
  0x00, 0x00, 0x00, 0x00, 0xcd, 0x56, 0x43, 0x11, 0x41, 0x78, 0x21, 0x00,
  0x26, 0xcd, 0xf1, 0x44, 0x11, 0xea, 0x78, 0x21, 0x00, 0x06, 0xcd, 0xf1,
  0x44, 0x11, 0x13, 0x79, 0xcd, 0x14, 0x45, 0xaf, 0x32, 0x30, 0xe1, 0x32,
  0x40, 0xe1, 0x3e, 0x91, 0xcd, 0xa9, 0x7a, 0x3a, 0x54, 0xe0, 0xcd, 0x2e,
  0x78, 0x3a, 0x57, 0xe0, 0x11, 0x79, 0x7a, 0xd5, 0xcb, 0x3f, 0xfe, 0x04,
  0x20, 0x01, 0x3d, 0xf5, 0x87, 0x21, 0x71, 0x7a, 0xcd, 0x10, 0x40, 0x11,
  0xfc, 0xe0, 0x01, 0x00, 0xe1, 0x1a, 0x86, 0x02, 0x23, 0x13, 0x03, 0x1a,
  0x86, 0x02, 0x03, 0xf1, 0xd1, 0xcd, 0x15, 0x40, 0x1a, 0x02, 0xc9, 0x21,
  0xfc, 0xe0, 0xe5, 0x36, 0x97, 0x23, 0x36, 0x7b, 0x3e, 0x01, 0xcd, 0xbe,
  0x77, 0xe1, 0x36, 0xc3, 0xc9, 0x3a, 0x55, 0xe0, 0xcd, 0x2e, 0x78, 0x3a,
  0x56, 0xe0, 0x11, 0x7d, 0x7a, 0x18, 0xb8, 0x3a, 0x03, 0xe0, 0xe6, 0x07,
  0x21, 0x4b, 0x7a, 0xcd, 0x10, 0x40, 0x7e, 0x32, 0xff, 0xe0, 0x32, 0x03,
  0xe1, 0xcd, 0x75, 0x4b, 0xcd, 0x11, 0x4c, 0x21, 0x54, 0xe0, 0x7e, 0x23,
  0x96, 0x21, 0x30, 0xe1, 0x34, 0xfe, 0x0e, 0x7e, 0x28, 0x0c, 0xfe, 0x58,
  0x28, 0xc7, 0xfe, 0xe0, 0xc0, 0x3c, 0x32, 0x0d, 0xe0, 0xc9, 0xfe, 0x58,
  0x28, 0xa9, 0x3a, 0x10, 0xe0, 0xb7, 0xc0, 0x21, 0x40, 0xe1, 0x7e, 0x34,
  0xfe, 0x80, 0xc0, 0x21, 0x58, 0xe0, 0x34, 0xaf, 0x23, 0x77, 0x54, 0x5d,
  0x13, 0x01, 0x0a, 0x00, 0x79, 0xed, 0xb0, 0xcd, 0x38, 0x42, 0xc3, 0xb4,
  0x41, 0x11, 0x81, 0x7a, 0xcd, 0x14, 0x45, 0x11, 0x00, 0x50, 0xd5, 0xcd,
  0x12, 0x44, 0xd1, 0xc3, 0x12, 0x44, 0x3d, 0x87, 0x21, 0x53, 0x7a, 0xcd,
  0x10, 0x40, 0x11, 0xfc, 0xe0, 0xed, 0xa0, 0xed, 0xa0, 0xeb, 0x36, 0xe4,
  0xc9, 0xa0, 0x01, 0x03, 0x07, 0x0f, 0x1f, 0x3f, 0x0f, 0x03, 0x80, 0xc0,
  0xe0, 0xf0, 0xf8, 0xfc, 0xf0, 0xc0, 0x01, 0x03, 0x07, 0x0f, 0x1f, 0x3f,
  0x0f, 0x03, 0x80, 0xc0, 0xe0, 0xf0, 0xf8, 0xfc, 0xf0, 0xc0, 0x05, 0x00,
  0x81, 0xff, 0x0f, 0x80, 0x81, 0xff, 0x07, 0x00, 0x81, 0xff, 0x07, 0x00,
  0x81, 0xff, 0x0a, 0x01, 0x08, 0x03, 0x08, 0xc0, 0xa3, 0xff, 0x38, 0x49,
  0x81, 0x9d, 0x49, 0x38, 0xff, 0xff, 0xe1, 0x13, 0x12, 0x13, 0x12, 0xe2,
  0xff, 0xff, 0xc8, 0x68, 0x28, 0xe8, 0x28, 0x2f, 0xff, 0x01, 0x03, 0x07,
  0x0f, 0x1f, 0x3f, 0x7f, 0x7f, 0xf0, 0xf9, 0xfd, 0x07, 0xff, 0x03, 0xdf,
  0x91, 0xcb, 0x89, 0x80, 0x00, 0x81, 0xd1, 0xf3, 0xf3, 0xfb, 0xff, 0xff,
  0x0f, 0x1f, 0x3f, 0x3f, 0x7f, 0x7f, 0x05, 0xff, 0x8a, 0xf7, 0xf3, 0xd7,
  0x83, 0x85, 0xf8, 0xf8, 0xf0, 0xfa, 0xfe, 0x05, 0xff, 0x04, 0x7f, 0x07,
  0x3f, 0x07, 0x7f, 0x04, 0x3f, 0x0b, 0x0f, 0x0d, 0x1f, 0x04, 0x80, 0x0c,
  0xc0, 0x03, 0xf0, 0x0c, 0xe0, 0x0b, 0xf0, 0x06, 0xe0, 0x06, 0x80, 0x04,
  0x00, 0x07, 0x80, 0x0c, 0xc0, 0x07, 0x80, 0x06, 0x00, 0x04, 0x80, 0x02,
  0xc0, 0x00, 0x05, 0x8f, 0x03, 0x6f, 0x05, 0x9f, 0x08, 0x8f, 0x83, 0x61,
  0x6f, 0x6f, 0x05, 0x9f, 0x83, 0x81, 0x8f, 0x8f, 0x30, 0x1f, 0x11, 0x6f,
  0x06, 0x4f, 0x02, 0x6f, 0x06, 0x4f, 0x02, 0x6f, 0x06, 0x4f, 0x81, 0x6f,
  0x08, 0xe0, 0x78, 0xf0, 0x48, 0xf0, 0x00, 0x20, 0x1f, 0x88, 0x06, 0x09,
  0x10, 0x20, 0x40, 0xc0, 0x30, 0x0f, 0x0a, 0x00, 0x85, 0x80, 0x40, 0x20,
  0x30, 0xc0, 0x09, 0x00, 0x84, 0x10, 0x38, 0x7c, 0xfe, 0x03, 0x38, 0x32,
  0x00, 0x87, 0x10, 0x18, 0xfc, 0xfe, 0xfc, 0x18, 0x10, 0x03, 0x38, 0x84,
  0xfe, 0x7c, 0x38, 0x10, 0x32, 0x00, 0x87, 0x10, 0x30, 0x7e, 0xfe, 0x7e,
  0x30, 0x10, 0x80, 0x67, 0x38, 0x91, 0x20, 0x00, 0x30, 0x39, 0x32, 0x21,
  0x2d, 0x29, 0x24, 0x1b, 0x33, 0x00, 0x2d, 0x21, 0x30, 0x00, 0x20, 0x4f,
  0x00, 0x85, 0xcf, 0xd0, 0x01, 0x01, 0xd2, 0x04, 0x01, 0x88, 0xd0, 0xd3,
  0x01, 0x01, 0x01, 0xd2, 0xd0, 0xd5, 0x0f, 0x00, 0x81, 0xd8, 0x10, 0x01,
  0x81, 0xdc, 0x0e, 0x00, 0x92, 0xdb, 0x01, 0xc0, 0xc3, 0xc7, 0xc7, 0xc2,
  0xc3, 0xc7, 0xc7, 0xc2, 0xc3, 0xc7, 0xc8, 0x01, 0x01, 0x01, 0xdf, 0x0e,
  0x00, 0x81, 0xd9, 0x0c, 0x01, 0x85, 0xc9, 0x01, 0x01, 0x01, 0xe0, 0x0e,
  0x00, 0x92, 0xda, 0x01, 0x01, 0xc4, 0xc7, 0xc2, 0xc3, 0xc7, 0xc7, 0xc7,
  0xc2, 0xc3, 0xc7, 0xc2, 0xc1, 0x01, 0x01, 0xe1, 0x0e, 0x00, 0x84, 0xd7,
  0x01, 0x01, 0xc5, 0x0d, 0x01, 0x81, 0xdd, 0x0e, 0x00, 0x03, 0x01, 0x89,
  0xc6, 0xc2, 0xc3, 0xc7, 0xc7, 0xc2, 0xc3, 0xc7, 0xc8, 0x05, 0x01, 0x81,
  0xe2, 0x0e, 0x00, 0x81, 0xd6, 0x0a, 0x01, 0x81, 0xc9, 0x05, 0x01, 0x81,
  0xe3, 0x0e, 0x00, 0x8d, 0xd8, 0x01, 0xc4, 0xc2, 0xc3, 0xc7, 0xc2, 0xc3,
  0xc7, 0xc7, 0xc7, 0xc2, 0xc1, 0x04, 0x01, 0x81, 0xe4, 0x0e, 0x00, 0x83,
  0xdb, 0x01, 0xc5, 0x0e, 0x01, 0x81, 0xdf, 0x0e, 0x00, 0x92, 0xd9, 0x01,
  0xc6, 0xc7, 0xc7, 0xc7, 0xc2, 0xc3, 0xc7, 0xc2, 0xc3, 0xc7, 0xc7, 0xc2,
  0xc1, 0x01, 0x01, 0xe0, 0x0e, 0x00, 0x81, 0xda, 0x0c, 0x01, 0x85, 0xc9,
  0x01, 0x01, 0x01, 0xde, 0x0e, 0x00, 0x81, 0xd7, 0x08, 0x01, 0x89, 0xc4,
  0xc7, 0xc7, 0xc7, 0xc2, 0xc1, 0x01, 0x01, 0xe5, 0x0e, 0x00, 0x07, 0x01,
  0x85, 0xca, 0xcc, 0xcd, 0xce, 0xcb, 0x05, 0x01, 0x81, 0xe6, 0x0e, 0x00,
  0x84, 0xd6, 0xd1, 0xd4, 0xd1, 0x04, 0x01, 0x8a, 0xd4, 0x01, 0x01, 0x01,
  0xd1, 0xd1, 0x01, 0x01, 0xd1, 0xe7, 0x00, 0x01, 0x06, 0x06, 0x0a, 0x0a,
  0x06, 0x06, 0x06, 0x3f, 0x4a, 0x3f, 0x6a, 0x3f, 0x8a, 0x4f, 0xa2, 0x4f,
  0x8a, 0x4f, 0x62, 0x5f, 0x5a, 0x5f, 0x7a, 0x6f, 0x92, 0x6f, 0x6a, 0x6f,
  0x52, 0x7f, 0x6a, 0x7f, 0x82, 0x7f, 0xa2, 0x8f, 0xa2, 0xf9, 0x02, 0x08,
  0x02, 0xf9, 0xf1, 0xf9, 0x04, 0xe8, 0xf0, 0xf4, 0xec, 0xf0, 0xe8, 0xec,
  0xf4, 0xc9, 0x38, 0x8f, 0x23, 0x2f, 0x2e, 0x27, 0x32, 0x21, 0x34, 0x35,
  0x2c, 0x21, 0x34, 0x29, 0x2f, 0x2e, 0x33, 0x2e, 0x00, 0x90, 0x33, 0x30,
  0x25, 0x23, 0x29, 0x21, 0x2c, 0x00, 0x22, 0x2f, 0x2e, 0x35, 0x33, 0x00,
  0x00, 0x11, 0x04, 0x10, 0x00, 0xf3, 0xcd, 0xaf, 0x7a, 0xfb, 0xc9, 0x4f,
  0xe6, 0x3f, 0x06, 0x02, 0x21, 0x12, 0xe0, 0xfe, 0x0b, 0x38, 0x07, 0xfe,
  0x11, 0x38, 0x07, 0x04, 0x18, 0x04, 0x05, 0x21, 0x2e, 0xe0, 0x7e, 0xe6,
  0x3f, 0x5f, 0x79, 0xe6, 0x3f, 0xbb, 0xd8, 0x87, 0x11, 0xf3, 0x7c, 0xcd,
  0x15, 0x40, 0x2b, 0x2b, 0xe5, 0xdd, 0xe1, 0x36, 0x01, 0x23, 0x36, 0x01,
  0x23, 0x71, 0x23, 0x1a, 0x77, 0x23, 0x13, 0x1a, 0x77, 0xdd, 0x36, 0x09,
  0x00, 0x3e, 0x0a, 0xcd, 0x10, 0x40, 0x13, 0x10, 0xe3, 0xc9, 0x23, 0xdd,
  0x7e, 0x09, 0x3c, 0xbe, 0x28, 0x13, 0xfa, 0x02, 0x7b, 0x3d, 0xdd, 0x77,
  0x09, 0x23, 0x7e, 0xdd, 0x77, 0x03, 0x23, 0x7e, 0xdd, 0x77, 0x04, 0x18,
  0x09, 0x23, 0x23, 0xaf, 0xdd, 0x77, 0x09, 0xcd, 0xe1, 0x7c, 0xdd, 0x34,
  0x00, 0xc3, 0x91, 0x7b, 0x79, 0xfe, 0x05, 0xc0, 0x15, 0x28, 0x04, 0x3e,
  0x9c, 0x18, 0x02, 0x3e, 0xb8, 0x32, 0x3a, 0xe0, 0x5f, 0x3e, 0x07, 0xc3,
  0x93, 0x00, 0x3a, 0x3a, 0xe0, 0xcd, 0x2d, 0x7b, 0x0e, 0x01, 0xdd, 0x21,
  0x10, 0xe0, 0xd9, 0x06, 0x03, 0x11, 0x0e, 0x00, 0xd9, 0xdd, 0x7e, 0x02,
  0xf5, 0x3d, 0xcc, 0x5e, 0x7b, 0xf1, 0xb7, 0xc4, 0x91, 0x7b, 0x0c, 0x0c,
  0xd9, 0xdd, 0x19, 0x10, 0xeb, 0xc9, 0x79, 0xfe, 0x05, 0xd8, 0x21, 0x3e,
  0xe0, 0x11, 0x90, 0x7b, 0x3a, 0x3b, 0xe0, 0xfe, 0x01, 0x38, 0x10, 0x3e,
  0x08, 0x86, 0x77, 0x2b, 0x30, 0x01, 0x34, 0x2b, 0xdd, 0x75, 0x03, 0xdd,
  0x74, 0x04, 0xc9, 0xc5, 0xeb, 0x01, 0x04, 0x00, 0xed, 0xb8, 0xeb, 0xc1,
  0x23, 0x23, 0x23, 0x18, 0xea, 0x01, 0x21, 0xb0, 0x61, 0xcb, 0x77, 0x16,
  0x01, 0xcc, 0x20, 0x7b, 0xdd, 0x7e, 0x02, 0xb7, 0xfa, 0x2c, 0x7c, 0xdd,
  0x35, 0x00, 0xc0, 0xdd, 0x6e, 0x03, 0xdd, 0x66, 0x04, 0x7e, 0xfe, 0xfe,
  0xca, 0xf6, 0x7a, 0x30, 0x68, 0xdd, 0xcb, 0x02, 0x7e, 0xc2, 0x5a, 0x7c,
  0xe6, 0xf0, 0xfe, 0x20, 0x7e, 0x20, 0x07, 0xe6, 0x0f, 0xdd, 0x77, 0x01,
  0x23, 0x7e, 0x47, 0xe6, 0xf0, 0xfe, 0x10, 0x20, 0x1c, 0x7e, 0xe6, 0x1f,
  0x5f, 0x23, 0xcb, 0x66, 0x46, 0x20, 0x04, 0x7b, 0xd6, 0x10, 0x5f, 0xcb,
  0xa0, 0x2b, 0x3e, 0x06, 0xcd, 0x93, 0x00, 0x16, 0x00, 0xcd, 0x20, 0x7b,
  0x23, 0xdd, 0xcb, 0x02, 0x76, 0x28, 0x07, 0x7e, 0xcd, 0xe1, 0x7c, 0x78,
  0x18, 0x13, 0xe6, 0xf0, 0x47, 0xae, 0x57, 0x23, 0x5e, 0xcd, 0xe1, 0x7c,
  0xeb, 0xcd, 0xd6, 0x7c, 0x78, 0x0f, 0x0f, 0x0f, 0x0f, 0x67, 0xdd, 0x5e,
  0x01, 0xdd, 0x73, 0x00, 0xdd, 0x7e, 0x0c, 0x83, 0xdd, 0x77, 0x08, 0x18,
  0x39, 0xaf, 0xdd, 0x77, 0x09, 0xdd, 0x77, 0x0b, 0x16, 0x01, 0xcd, 0x20,
  0x7b, 0xaf, 0xdd, 0x77, 0x02, 0x67, 0x18, 0x26, 0xdd, 0x35, 0x00, 0xca,
  0xa3, 0x7b, 0xdd, 0x35, 0x08, 0xdd, 0x7e, 0x08, 0xdd, 0xbe, 0x00, 0x20,
  0x09, 0x5f, 0xdd, 0x7e, 0x0d, 0xbb, 0x7b, 0x30, 0x04, 0xc9, 0xdd, 0x35,
  0x08, 0xdd, 0x7e, 0x07, 0x3d, 0xf8, 0xdd, 0x77, 0x07, 0x67, 0x79, 0x0f,
  0xc6, 0x88, 0x5c, 0xc3, 0x93, 0x00, 0x7e, 0xe6, 0xf0, 0xfe, 0xd0, 0x7e,
  0x20, 0x07, 0xe6, 0x0f, 0xdd, 0x77, 0x0a, 0x23, 0x7e, 0xfe, 0xf0, 0x38,
  0x11, 0xe6, 0x0f, 0xdd, 0x77, 0x06, 0x23, 0x7e, 0xdd, 0x77, 0x0c, 0x23,
  0x7e, 0xdd, 0x77, 0x0d, 0x23, 0x7e, 0xfe, 0xe0, 0x38, 0x11, 0xe6, 0x0f,
  0xcb, 0x5f, 0x28, 0x06, 0xdd, 0x77, 0x0b, 0x23, 0x18, 0xcc, 0xdd, 0x77,
  0x05, 0x23, 0x7e, 0xe6, 0x0f, 0x47, 0xdd, 0x7e, 0x0a, 0x28, 0x05, 0xdd,
  0x86, 0x0a, 0x10, 0xfb, 0xdd, 0x77, 0x01, 0x7e, 0xcd, 0xe1, 0x7c, 0xe6,
  0xf0, 0x0f, 0x0f, 0x0f, 0x0f, 0x47, 0xd6, 0x0c, 0x28, 0x03, 0xdd, 0x7e,
  0x06, 0xdd, 0x77, 0x07, 0xcd, 0x09, 0x7c, 0x78, 0x21, 0xe9, 0x7c, 0xcd,
  0x10, 0x40, 0x6e, 0x26, 0x00, 0xdd, 0x7e, 0x05, 0xb7, 0x28, 0x04, 0x47,
  0x29, 0x10, 0xfd, 0xdd, 0x7e, 0x0b, 0xb7, 0x28, 0x01, 0x23, 0x79, 0x5c,
  0xcd, 0x93, 0x00, 0x79, 0x3d, 0x5d, 0xc3, 0x93, 0x00, 0x23, 0xdd, 0x75,
  0x03, 0xdd, 0x74, 0x04, 0xc9, 0x6a, 0x64, 0x5f, 0x59, 0x54, 0x50, 0x4b,
  0x47, 0x43, 0x3f, 0x3c, 0x38, 0x39, 0x7d, 0x39, 0x7d, 0xb2, 0x7d, 0x8b,
  0x7d, 0x97, 0x7d, 0x9e, 0x7d, 0x3a, 0x7d, 0x61, 0x7d, 0x77, 0x7d, 0x54,
  0x7f, 0x04, 0x7e, 0x5b, 0x7e, 0x61, 0x7f, 0x7d, 0x7f, 0xde, 0x7f, 0xea,
  0x7f, 0x99, 0x7f, 0xaf, 0x7f, 0xc7, 0x7f, 0x99, 0x7e, 0x9a, 0x7e, 0xb3,
  0x7e, 0x07, 0x7f, 0x08, 0x7f, 0x2d, 0x7f, 0xcd, 0x7e, 0xce, 0x7e, 0xe5,
  0x7e, 0xce, 0x7d, 0xe0, 0x7d, 0xf2, 0x7d, 0x39, 0x7d, 0x39, 0x7d, 0x39,
  0x7d, 0xff, 0xd1, 0xfc, 0x03, 0x03, 0xe2, 0x00, 0xc0, 0x10, 0xc0, 0x20,
  0xc0, 0x20, 0xc0, 0x40, 0x80, 0x40, 0x80, 0xce, 0xfd, 0x00, 0xc0, 0x10,
  0xc0, 0x20, 0xc0, 0x20, 0xc0, 0x40, 0x80, 0x40, 0x80, 0xce, 0xd2, 0xc6,
  0xfe, 0x02, 0x3a, 0x7d, 0xff, 0x21, 0xe0, 0xa0, 0xe0, 0xc0, 0xe0, 0xe0,
  0xd0, 0x60, 0xd0, 0x80, 0xd0, 0xa0, 0xd0, 0x20, 0xc0, 0x40, 0xc0, 0x60,
  0xc0, 0x80, 0xff, 0x22, 0xd0, 0x54, 0x00, 0x00, 0xd0, 0x50, 0x00, 0x00,
  0xd0, 0x47, 0xd0, 0x42, 0x00, 0x00, 0xd0, 0x38, 0xd0, 0x33, 0xff, 0x22,
  0xc1, 0x52, 0xe0, 0x74, 0xc0, 0x91, 0xf0, 0x74, 0xd0, 0x75, 0xff, 0x22,
  0x1c, 0x1f, 0x08, 0x16, 0x0c, 0xff, 0x21, 0xe0, 0x78, 0xc0, 0x70, 0xc0,
  0x68, 0xe0, 0x63, 0xd0, 0x5a, 0xd0, 0x53, 0xb0, 0x53, 0x90, 0x53, 0x50,
  0x53, 0xff, 0x26, 0xf6, 0x94, 0xf6, 0x8f, 0xf6, 0x8f, 0xf6, 0x8a, 0xe6,
  0x85, 0xe6, 0x80, 0xd6, 0x7a, 0xd6, 0x75, 0xc6, 0x70, 0xc6, 0x6a, 0xb6,
  0x85, 0xa6, 0x70, 0x96, 0x6a, 0xff, 0x26, 0xe1, 0x80, 0xe2, 0x80, 0xd2,
  0x00, 0xd3, 0x00, 0xc2, 0x80, 0xc3, 0x80, 0xb3, 0x00, 0xb4, 0x00, 0xff,
  0x26, 0xe0, 0x80, 0xe1, 0x80, 0xd1, 0x00, 0xd2, 0x00, 0xc1, 0x80, 0xc2,
  0x80, 0xb2, 0x00, 0xb3, 0x00, 0xff, 0x26, 0xe1, 0x00, 0xe1, 0x00, 0xd1,
  0x80, 0xd2, 0x80, 0xc2, 0x00, 0xc3, 0x00, 0xb2, 0x80, 0xb3, 0x80, 0xff,
  0xd8, 0xfc, 0x03, 0x03, 0xe2, 0x42, 0x50, 0x42, 0x50, 0x80, 0xc0, 0x90,
  0xc0, 0xb0, 0x90, 0x80, 0x50, 0x42, 0x50, 0x41, 0x21, 0x11, 0x21, 0x43,
  0x82, 0x90, 0x82, 0x90, 0xb0, 0xc0, 0xe1, 0x00, 0xc0, 0x30, 0x00, 0xe2,
  0xb0, 0x90, 0x80, 0x90, 0xb0, 0x90, 0x80, 0xc0, 0x50, 0xc0, 0x42, 0x50,
  0x41, 0xb0, 0x90, 0xb0, 0xe1, 0x00, 0x30, 0x40, 0x30, 0xc0, 0x00, 0xc0,
  0xe2, 0xb2, 0xe1, 0x00, 0xe2, 0xb1, 0xb0, 0x90, 0xb0, 0xe1, 0x00, 0x30,
  0x40, 0x60, 0x40, 0x30, 0x00, 0xe2, 0xb2, 0xe1, 0x00, 0xe2, 0xb3, 0xfe,
  0xff, 0x04, 0x7e, 0xd8, 0xfc, 0x03, 0x03, 0xe3, 0x41, 0x80, 0x80, 0x40,
  0xc0, 0x81, 0xfe, 0x04, 0x60, 0x7e, 0x51, 0x90, 0x90, 0x50, 0xc0, 0x91,
  0xfe, 0x02, 0x6a, 0x7e, 0x41, 0x80, 0x80, 0x40, 0xc0, 0x81, 0xfe, 0x02,
  0x74, 0x7e, 0x31, 0x90, 0x90, 0xe4, 0xb0, 0xc0, 0xe3, 0x91, 0xfe, 0x03,
  0x7e, 0x7e, 0x31, 0x90, 0x90, 0xe4, 0xb0, 0xe3, 0x30, 0x60, 0xb0, 0xfe,
  0xff, 0x5b, 0x7e, 0xfe, 0xff, 0xe8, 0xd6, 0xfc, 0x01, 0x01, 0xe1, 0x01,
  0x11, 0x41, 0x51, 0x41, 0x11, 0x01, 0xe2, 0xa1, 0xe1, 0x00, 0x10, 0x00,
  0x10, 0x00, 0x10, 0x00, 0x10, 0x03, 0xff, 0xd6, 0xfb, 0x01, 0x01, 0xe3,
  0xb1, 0xe2, 0x11, 0x41, 0x51, 0x41, 0x11, 0x01, 0xe3, 0xa1, 0xe2, 0x00,
  0x10, 0x00, 0x10, 0x00, 0x10, 0x00, 0x10, 0x03, 0xff, 0xe8, 0xda, 0xfc,
  0x02, 0x02, 0xe1, 0x73, 0xb3, 0xa3, 0x83, 0x80, 0x70, 0x40, 0x30, 0x40,
  0xc0, 0x70, 0xc0, 0xd5, 0x80, 0xa0, 0xda, 0x83, 0xff, 0xda, 0xfd, 0x02,
  0x02, 0xe2, 0x70, 0x80, 0xa0, 0xb0, 0xe1, 0x20, 0xc0, 0xe2, 0xb0, 0xc0,
  0xa0, 0xc0, 0x80, 0xc0, 0xd5, 0xa0, 0xb0, 0xda, 0xa2, 0x80, 0x70, 0x40,
  0x30, 0x40, 0xc0, 0x70, 0xc0, 0x84, 0xff, 0xe8, 0xd4, 0xfc, 0x01, 0x01,
  0xe0, 0x21, 0xc1, 0xe1, 0x91, 0xc1, 0xe0, 0x01, 0xe1, 0xa1, 0x91, 0xc1,
  0x71, 0xa1, 0xe0, 0x11, 0xe1, 0xa1, 0x97, 0x31, 0x21, 0x31, 0x61, 0x91,
  0x71, 0x91, 0xa1, 0x91, 0x71, 0x61, 0x31, 0x27, 0xff, 0xd3, 0xfb, 0x01,
  0x01, 0xe1, 0xc0, 0xd4, 0x21, 0xc1, 0xe2, 0x91, 0xc1, 0xe1, 0x01, 0xe2,
  0xa1, 0x91, 0xc1, 0x71, 0xa1, 0xe1, 0x11, 0xe2, 0xa1, 0x97, 0x31, 0x21,
  0x31, 0x61, 0x91, 0x71, 0x91, 0xa1, 0x91, 0x71, 0x61, 0x31, 0x27, 0xff,
  0xd4, 0xfd, 0x03, 0x03, 0xe2, 0x70, 0x60, 0x70, 0xe1, 0x70, 0x60, 0x71,
  0xff, 0xd1, 0xfc, 0x01, 0x01, 0xe3, 0x01, 0x01, 0x51, 0x51, 0x21, 0x21,
  0x71, 0x71, 0xce, 0x51, 0x51, 0x91, 0x91, 0x71, 0x71, 0xb1, 0xb1, 0x91,
  0x91, 0xe3, 0x01, 0x01, 0xff, 0xd1, 0xfc, 0x01, 0x01, 0xe2, 0x01, 0x01,
  0x51, 0x51, 0x21, 0x21, 0x71, 0x71, 0xcf, 0x51, 0x51, 0x91, 0x91, 0x71,
  0x71, 0xb1, 0xb1, 0x91, 0x91, 0xe1, 0x01, 0x01, 0xff, 0xd6, 0xfc, 0x03,
  0x03, 0xe2, 0xb2, 0xb0, 0xd7, 0xb0, 0x70, 0xd8, 0x90, 0xd6, 0xb1, 0xe1,
  0x20, 0x20, 0x41, 0x00, 0x40, 0x7b, 0xff, 0xd6, 0xfc, 0x03, 0x03, 0xe2,
  0x72, 0x70, 0xd7, 0x70, 0x20, 0xd8, 0x50, 0xd6, 0x71, 0xb0, 0xb0, 0xe1,
  0x01, 0xe2, 0x90, 0xe2, 0x00, 0x2b, 0xff, 0xd6, 0xfc, 0x03, 0x03, 0xe2,
  0x22, 0x20, 0xd7, 0x20, 0xe3, 0xb0, 0xd8, 0xe2, 0x20, 0xd6, 0x21, 0x70,
  0x70, 0x91, 0x50, 0x90, 0xbb, 0xff, 0xd4, 0xfc, 0x03, 0x03, 0xe1, 0x70,
  0xe0, 0x40, 0x70, 0x40, 0x70, 0xff, 0xd4, 0xfc, 0x03, 0x03, 0xe1, 0x40,
  0xe0, 0x00, 0x40, 0x00, 0x40, 0xff, 0xff, 0x95, 0x8f, 0x98, 0x88, 0x82,
  0x84, 0x06, 0x27, 0xaa
};
unsigned int Valley_rom_len = 16384;
