unsigned char Viking_rom[] = {
  0x41, 0x42, 0x00, 0x00, 0x00, 0x00, 0x00, 0x00, 0x10, 0x80, 0x00, 0x00,
  0x00, 0x00, 0x00, 0x00, 0x00, 0x5f, 0x80, 0x00, 0x00, 0x20, 0x98, 0x0c,
  0xb0, 0xfb, 0x2c, 0x11, 0x3a, 0x98, 0x0c, 0xb1, 0xfb, 0x2c, 0x12, 0x3a,
  0x98, 0x0c, 0xab, 0xfc, 0x2c, 0x0f, 0xff, 0x3a, 0x9c, 0x0c, 0xaa, 0x00,
  0x2c, 0xff, 0x90, 0x28, 0x0c, 0xaa, 0x00, 0x29, 0xf6, 0x0c, 0xbf, 0x00,
  0x3a, 0x95, 0xa6, 0x89, 0x0e, 0xb9, 0x00, 0x3a, 0x92, 0x0f, 0xc8, 0x2c,
  0x0c, 0xff, 0xc7, 0x3a, 0xcd, 0xb7, 0xef, 0x11, 0x3a, 0x97, 0xdd, 0xef,
  0x0c, 0x00, 0xb9, 0x3a, 0x41, 0xef, 0xdd, 0x28, 0x11, 0x29, 0x00, 0xe7,
  0x80, 0x01, 0x00, 0x84, 0x20, 0x53, 0x45, 0x5c, 0x4f, 0x52, 0x41, 0x2c,
  0x42, 0x41, 0x52, 0x4f, 0x4e, 0x45, 0x53, 0x41, 0x2c, 0x43, 0x4f, 0x4e,
  0x44, 0x45, 0x53, 0x41, 0x2c, 0x4d, 0x41, 0x52, 0x51, 0x55, 0x45, 0x53,
  0x41, 0x2c, 0x44, 0x55, 0x51, 0x55, 0x45, 0x53, 0x41, 0x2c, 0x50, 0x52,
  0x49, 0x4e, 0x43, 0x45, 0x53, 0x41, 0x2c, 0x52, 0x45, 0x49, 0x4e, 0x41,
  0x2c, 0x53, 0x45, 0x5c, 0x4f, 0x52, 0x2c, 0x42, 0x41, 0x52, 0x4f, 0x4e,
  0x2c, 0x43, 0x4f, 0x4e, 0x44, 0x45, 0x2c, 0x4d, 0x41, 0x52, 0x51, 0x55,
  0x45, 0x53, 0x2c, 0x44, 0x55, 0x51, 0x55, 0x45, 0x2c, 0x50, 0x52, 0x49,
  0x4e, 0x43, 0x49, 0x50, 0x45, 0x2c, 0x52, 0x45, 0x59, 0x2c, 0x43, 0x41,
  0x53, 0x54, 0x49, 0x4c, 0x4c, 0x41, 0x2c, 0x41, 0x52, 0x41, 0x47, 0x4f,
  0x4e, 0x2c, 0x4e, 0x41, 0x56, 0x41, 0x52, 0x52, 0x41, 0x2c, 0x4c, 0x45,
  0x4f, 0x4e, 0x00, 0x35, 0x81, 0x02, 0x00, 0x97, 0xdd, 0xef, 0x0c, 0x00,
  0xc8, 0x3a, 0x97, 0xdd, 0x12, 0xef, 0x0c, 0x2a, 0xc8, 0x3a, 0x97, 0xdd,
  0x13, 0xef, 0x0c, 0x88, 0xc8, 0x3a, 0x97, 0xdd, 0x14, 0xef, 0x0c, 0x9a,
  0xc8, 0x3a, 0x52, 0xef, 0xff, 0x88, 0x28, 0xf2, 0xcb, 0x29, 0x3a, 0xc5,
  0x12, 0x2c, 0x11, 0x2c, 0x11, 0x3a, 0xa0, 0x0f, 0x20, 0x3a, 0xbd, 0x0f,
  0x0f, 0x2c, 0x12, 0x2c, 0x12, 0x3a, 0xcc, 0xeb, 0x3a, 0x41, 0xef, 0xdd,
  0x28, 0x11, 0x29, 0x3a, 0x8d, 0x0e, 0xb7, 0x00, 0x00, 0x6f, 0x81, 0x03,
  0x00, 0x9f, 0x3a, 0x41, 0x24, 0xef, 0xdd, 0x12, 0x28, 0x22, 0x60, 0x61,
  0x62, 0x63, 0x64, 0x65, 0x66, 0x67, 0x22, 0x29, 0x3a, 0xd8, 0x13, 0x2c,
  0x14, 0x3a, 0x91, 0x22, 0x43, 0x55, 0x41, 0x4e, 0x54, 0x4f, 0x53, 0x20,
  0x4a, 0x55, 0x47, 0x41, 0x44, 0x4f, 0x52, 0x45, 0x53, 0x20, 0x28, 0x31,
  0x2d, 0x34, 0x29, 0x3f, 0x22, 0x3b, 0x00, 0xc4, 0x81, 0x04, 0x00, 0x4b,
  0x24, 0xef, 0xec, 0x3a, 0x4b, 0xef, 0xff, 0x94, 0x28, 0x4b, 0x24, 0x29,
  0x3a, 0x8b, 0x4b, 0xf0, 0x12, 0xf7, 0x4b, 0xee, 0x15, 0xda, 0x0e, 0x04,
  0x00, 0x3a, 0xa1, 0x4e, 0x50, 0xef, 0x4b, 0x3a, 0xc1, 0x22, 0x56, 0x31,
  0x32, 0x54, 0x32, 0x35, 0x35, 0x4f, 0x35, 0x4c, 0x36, 0x34, 0x44, 0x22,
  0x3a, 0xd8, 0x13, 0x2c, 0x16, 0x3a, 0x91, 0x22, 0x4e, 0x49, 0x56, 0x45,
  0x4c, 0x20, 0x44, 0x45, 0x20, 0x4a, 0x55, 0x45, 0x47, 0x4f, 0x20, 0x28,
  0x31, 0x2d, 0x39, 0x29, 0x3f, 0x22, 0x3b, 0x00, 0xec, 0x81, 0x05, 0x00,
  0x4b, 0x24, 0xef, 0xec, 0x3a, 0x4b, 0xef, 0xff, 0x94, 0x28, 0x4b, 0x24,
  0x29, 0x3a, 0x8b, 0x4b, 0xf0, 0x12, 0xf7, 0x4b, 0xee, 0x1a, 0xda, 0x58,
  0xef, 0xff, 0x88, 0x28, 0x12, 0x29, 0x3a, 0x89, 0x0e, 0x05, 0x00, 0x00,
  0x05, 0x82, 0x06, 0x00, 0x4c, 0x50, 0xef, 0x4b, 0xf1, 0x19, 0x3a, 0xc1,
  0x22, 0x54, 0x32, 0x35, 0x35, 0x4f, 0x35, 0x4c, 0x36, 0x34, 0x44, 0x22,
  0x00, 0x2a, 0x82, 0x07, 0x00, 0x86, 0x4d, 0x28, 0x4e, 0x50, 0x2c, 0x0f,
  0x17, 0x29, 0x2c, 0x50, 0x4e, 0x24, 0x28, 0x4e, 0x50, 0x29, 0x2c, 0x50,
  0x54, 0x24, 0x28, 0x4e, 0x50, 0x29, 0x2c, 0x4a, 0x24, 0x28, 0x4e, 0x50,
  0x29, 0x00, 0xc0, 0x82, 0x08, 0x00, 0x9f, 0x3a, 0x82, 0x58, 0xef, 0x12,
  0xd9, 0x0f, 0x0e, 0x3a, 0x87, 0x58, 0x24, 0x3a, 0x83, 0x3a, 0x82, 0x58,
  0xef, 0x12, 0xd9, 0x4e, 0x50, 0x3a, 0x87, 0x58, 0x24, 0x3a, 0xd8, 0x12,
  0x2c, 0x16, 0x3a, 0x91, 0x22, 0x51, 0x55, 0x49, 0x45, 0x4e, 0x20, 0x56,
  0x49, 0x56, 0x45, 0x20, 0x45, 0x4e, 0x20, 0x22, 0x3b, 0x58, 0x24, 0x3b,
  0x3a, 0x85, 0x59, 0x24, 0x3a, 0xc1, 0x22, 0x54, 0x32, 0x35, 0x35, 0x4f,
  0x35, 0x4c, 0x36, 0x34, 0x44, 0x22, 0x3a, 0x50, 0x4e, 0x24, 0x28, 0x58,
  0x29, 0xef, 0x22, 0x20, 0x22, 0xf1, 0x59, 0x24, 0xf1, 0x22, 0x20, 0x44,
  0x45, 0x20, 0x22, 0xf1, 0x58, 0x24, 0x3a, 0x9f, 0x3a, 0xd8, 0x12, 0x2c,
  0x16, 0x3a, 0x91, 0x50, 0x4e, 0x24, 0x28, 0x58, 0x29, 0x22, 0x2c, 0x20,
  0x45, 0x52, 0x45, 0x53, 0x22, 0x3b, 0x3a, 0xd8, 0x13, 0x2c, 0x18, 0x3a,
  0x91, 0x22, 0x48, 0x4f, 0x4d, 0x42, 0x52, 0x45, 0x20, 0x4f, 0x20, 0x4d,
  0x55, 0x4a, 0x45, 0x52, 0x3f, 0x22, 0x3b, 0x00, 0x03, 0x83, 0x09, 0x00,
  0x4b, 0x24, 0xef, 0xec, 0x3a, 0x8b, 0x4b, 0x24, 0xef, 0x22, 0x22, 0x89,
  0x0e, 0x09, 0x00, 0x3a, 0xa1, 0x8b, 0x4b, 0x24, 0xef, 0x22, 0x4d, 0x22,
  0xf7, 0x4b, 0x24, 0xef, 0x22, 0x77, 0x22, 0xda, 0x4d, 0x28, 0x58, 0x2c,
  0x19, 0x29, 0xef, 0x12, 0x3a, 0xa1, 0x8b, 0x4b, 0x24, 0xf0, 0xee, 0x22,
  0x48, 0x22, 0xf6, 0x4b, 0x24, 0xf0, 0xee, 0x22, 0x68, 0x22, 0x89, 0x0e,
  0x09, 0x00, 0x00, 0x66, 0x83, 0x0a, 0x00, 0x9f, 0x3a, 0x83, 0x3a, 0xc1,
  0x22, 0x56, 0x31, 0x32, 0x54, 0x31, 0x35, 0x30, 0x4c, 0x34, 0x4f, 0x35,
  0x43, 0x45, 0x47, 0x22, 0x2c, 0x22, 0x56, 0x31, 0x32, 0x54, 0x31, 0x35,
  0x30, 0x4c, 0x34, 0x45, 0x47, 0x4f, 0x35, 0x43, 0x22, 0x2c, 0x22, 0x56,
  0x31, 0x32, 0x54, 0x31, 0x35, 0x30, 0x4c, 0x34, 0x4f, 0x32, 0x47, 0x4f,
  0x33, 0x43, 0x45, 0x22, 0x3a, 0x8c, 0x3a, 0x82, 0x58, 0xef, 0x12, 0xd9,
  0x4e, 0x50, 0x3a, 0x54, 0xef, 0x58, 0x3a, 0x8d, 0x0e, 0xaf, 0x00, 0x3a,
  0x87, 0x58, 0x24, 0x3a, 0x50, 0x54, 0x24, 0x28, 0x58, 0x29, 0xef, 0x58,
  0x24, 0x3a, 0x8c, 0x3a, 0x83, 0x00, 0x4c, 0x84, 0x0b, 0x00, 0x82, 0x58,
  0xef, 0x12, 0xd9, 0x4e, 0x50, 0x3a, 0x4d, 0x28, 0x58, 0x2c, 0x0f, 0x17,
  0x29, 0xef, 0x13, 0x3a, 0x4d, 0x28, 0x58, 0x2c, 0x0f, 0x16, 0x29, 0xef,
  0x12, 0x3a, 0x4d, 0x28, 0x58, 0x2c, 0x11, 0x29, 0xef, 0x1c, 0xdc, 0x05,
  0x3a, 0x4d, 0x28, 0x58, 0x2c, 0x16, 0x29, 0xef, 0x13, 0x3a, 0x4d, 0x28,
  0x58, 0x2c, 0x1a, 0x29, 0xef, 0x0f, 0xc8, 0x3a, 0x4d, 0x28, 0x58, 0x2c,
  0x0f, 0x0a, 0x29, 0xef, 0x1c, 0xe8, 0x03, 0x3a, 0x4d, 0x28, 0x58, 0x2c,
  0x12, 0x29, 0xef, 0x13, 0x3a, 0x4d, 0x28, 0x58, 0x2c, 0x13, 0x29, 0xef,
  0x12, 0x3a, 0x4d, 0x28, 0x58, 0x2c, 0x0f, 0x0b, 0x29, 0xef, 0x0f, 0x32,
  0x3a, 0x4d, 0x28, 0x58, 0x2c, 0x0f, 0x0f, 0x29, 0xef, 0x13, 0x3a, 0x4d,
  0x28, 0x58, 0x2c, 0x0f, 0x10, 0x29, 0xef, 0x12, 0x3a, 0x4d, 0x28, 0x58,
  0x2c, 0x0f, 0x11, 0x29, 0xef, 0x0f, 0x32, 0x3a, 0x4d, 0x28, 0x58, 0x2c,
  0x0f, 0x12, 0x29, 0xef, 0x0f, 0x19, 0x3a, 0x4d, 0x28, 0x58, 0x2c, 0x0f,
  0x13, 0x29, 0xef, 0x0f, 0x0a, 0x3a, 0x4d, 0x28, 0x58, 0x2c, 0x0f, 0x14,
  0x29, 0xef, 0x13, 0x3a, 0x4a, 0x24, 0x28, 0x58, 0x29, 0xef, 0x22, 0x4a,
  0x55, 0x53, 0x54, 0x41, 0x22, 0x3a, 0x4d, 0x28, 0x58, 0x2c, 0x0f, 0x15,
  0x29, 0xef, 0x1d, 0x40, 0x50, 0x00, 0x00, 0x3a, 0x83, 0x3a, 0x54, 0xef,
  0xff, 0x85, 0x28, 0xff, 0x88, 0x28, 0x12, 0x29, 0xf3, 0x4e, 0x50, 0xf1,
  0x12, 0x29, 0x3a, 0x44, 0x54, 0xef, 0x1c, 0xee, 0x02, 0x3a, 0x50, 0x50,
  0xef, 0x11, 0x3a, 0x89, 0x0e, 0x0d, 0x00, 0x00, 0x60, 0x84, 0x0c, 0x00,
  0x54, 0xef, 0x54, 0xf1, 0x12, 0x3a, 0x8b, 0x54, 0xee, 0x4e, 0x50, 0xda,
  0x54, 0xef, 0x12, 0x00, 0x69, 0x84, 0x0d, 0x00, 0x89, 0x0e, 0x15, 0x00,
  0x00, 0x72, 0x84, 0x0e, 0x00, 0x89, 0x0e, 0x32, 0x00, 0x00, 0x7b, 0x84,
  0x0f, 0x00, 0x89, 0x0e, 0x47, 0x00, 0x00, 0x84, 0x84, 0x10, 0x00, 0x8d,
  0x0e, 0x61, 0x00, 0x00, 0x8d, 0x84, 0x11, 0x00, 0x89, 0x0e, 0x83, 0x00,
  0x00, 0x96, 0x84, 0x12, 0x00, 0x89, 0x0e, 0xa4, 0x00, 0x00, 0xbb, 0x84,
  0x13, 0x00, 0x50, 0x50, 0xef, 0x50, 0x50, 0xf1, 0x12, 0x3a, 0x8b, 0x50,
  0x50, 0xef, 0x4e, 0x50, 0xda, 0x50, 0x50, 0xef, 0x11, 0x3a, 0x8d, 0x0e,
  0x5c, 0x00, 0x3a, 0x44, 0x54, 0xef, 0x44, 0x54, 0xf1, 0x12, 0x00, 0xc4,
  0x84, 0x14, 0x00, 0x89, 0x0e, 0x0c, 0x00, 0x00, 0x6d, 0x85, 0x15, 0x00,
  0x50, 0x42, 0xef, 0x11, 0x3a, 0x50, 0x44, 0xef, 0x11, 0x3a, 0x4d, 0x4f,
  0xef, 0x11, 0x3a, 0x4d, 0x49, 0xef, 0x11, 0x3a, 0x50, 0x46, 0xef, 0x11,
  0x3a, 0x52, 0x52, 0xef, 0xff, 0x85, 0x28, 0xff, 0x88, 0x28, 0x12, 0x29,
  0xf3, 0x0f, 0x64, 0xf1, 0x12, 0x29, 0xf2, 0x4d, 0x28, 0x54, 0x2c, 0x12,
  0x29, 0x3a, 0x8b, 0x52, 0x52, 0xf0, 0xef, 0x11, 0x89, 0x0e, 0x18, 0x00,
  0x3a, 0xa1, 0x5a, 0x24, 0xef, 0x22, 0x68, 0x69, 0x6a, 0x6b, 0x6c, 0x6d,
  0x6e, 0x6f, 0x22, 0x3a, 0x8d, 0x0e, 0xb5, 0x00, 0x3a, 0xd8, 0x12, 0x2c,
  0x13, 0x3a, 0x91, 0xe3, 0x28, 0x0f, 0x1e, 0x2c, 0x0f, 0x70, 0x29, 0x3b,
  0x3a, 0xd8, 0x0f, 0x0b, 0x2c, 0x14, 0x3a, 0x91, 0x22, 0x41, 0x5c, 0x4f,
  0x22, 0x3b, 0x44, 0x54, 0x3b, 0x3a, 0xd8, 0x12, 0x2c, 0x15, 0x3a, 0x91,
  0xe3, 0x28, 0x0f, 0x1e, 0x2c, 0x0f, 0x70, 0x29, 0x3b, 0x3a, 0xd8, 0x13,
  0x2c, 0x17, 0x3a, 0x91, 0x22, 0x54, 0x55, 0x20, 0x41, 0x4c, 0x4d, 0x41,
  0x43, 0x45, 0x4e, 0x49, 0x53, 0x54, 0x41, 0x20, 0x54, 0x45, 0x20, 0x43,
  0x4f, 0x4d, 0x55, 0x4e, 0x49, 0x43, 0x41, 0x22, 0x00, 0x22, 0x86, 0x16,
  0x00, 0xd8, 0x13, 0x2c, 0x18, 0x3a, 0x91, 0x22, 0x51, 0x55, 0x45, 0x20,
  0x4c, 0x41, 0x53, 0x20, 0x52, 0x41, 0x54, 0x41, 0x53, 0x20, 0x44, 0x45,
  0x56, 0x4f, 0x52, 0x41, 0x52, 0x4f, 0x4e, 0x20, 0x45, 0x4c, 0x20, 0x22,
  0x3a, 0xd8, 0x13, 0x2c, 0x19, 0x3a, 0x91, 0xe4, 0x22, 0x23, 0x23, 0x23,
  0x22, 0x3b, 0x52, 0x52, 0x3b, 0x3a, 0x91, 0x22, 0x25, 0x22, 0x3b, 0x3a,
  0x91, 0x22, 0x20, 0x44, 0x45, 0x4c, 0x20, 0x47, 0x52, 0x41, 0x4e, 0x4f,
  0x20, 0x41, 0x4c, 0x4d, 0x41, 0x43, 0x45, 0x4e, 0x41, 0x44, 0x4f, 0x2e,
  0x22, 0x3b, 0x3a, 0x8b, 0x52, 0x52, 0xee, 0x0f, 0x19, 0xda, 0xd8, 0x13,
  0x2c, 0x0f, 0x0a, 0x3a, 0x91, 0x22, 0x44, 0x49, 0x43, 0x45, 0x20, 0x51,
  0x55, 0x45, 0x20, 0x4e, 0x45, 0x43, 0x45, 0x53, 0x49, 0x54, 0x41, 0x20,
  0x4d, 0x41, 0x53, 0x22, 0x3b, 0x3a, 0xd8, 0x13, 0x2c, 0x0f, 0x0b, 0x3a,
  0x91, 0x22, 0x48, 0x55, 0x52, 0x4f, 0x4e, 0x45, 0x53, 0x20, 0x50, 0x41,
  0x52, 0x41, 0x20, 0x43, 0x4f, 0x4e, 0x54, 0x52, 0x4f, 0x4c, 0x41, 0x52,
  0x22, 0x3a, 0xd8, 0x13, 0x2c, 0x0f, 0x0c, 0x3a, 0x91, 0x22, 0x4c, 0x41,
  0x53, 0x20, 0x52, 0x41, 0x54, 0x41, 0x53, 0x2e, 0x22, 0x00, 0x4b, 0x86,
  0x17, 0x00, 0x4d, 0x28, 0x54, 0x2c, 0x0f, 0x0a, 0x29, 0xef, 0x4d, 0x28,
  0x54, 0x2c, 0x0f, 0x0a, 0x29, 0xf2, 0x28, 0x4d, 0x28, 0x54, 0x2c, 0x0f,
  0x0a, 0x29, 0xf4, 0x0f, 0x64, 0x29, 0xf3, 0x52, 0x52, 0x3a, 0x8d, 0x0e,
  0xad, 0x00, 0x00, 0x26, 0x87, 0x18, 0x00, 0x58, 0x31, 0xef, 0xff, 0x85,
  0x28, 0xff, 0x88, 0x28, 0x12, 0x29, 0xf3, 0x4d, 0x28, 0x54, 0x2c, 0x0f,
  0x0b, 0x29, 0xf1, 0x12, 0x29, 0x3a, 0x58, 0x31, 0xef, 0x58, 0x31, 0xf4,
  0x0f, 0x1e, 0x3a, 0x50, 0x44, 0xef, 0xff, 0xa1, 0x28, 0x58, 0x31, 0xf3,
  0x4d, 0x28, 0x54, 0x2c, 0x0f, 0x17, 0x29, 0x29, 0xf1, 0xff, 0x85, 0x28,
  0xff, 0x88, 0x28, 0x12, 0x29, 0xf3, 0x13, 0xf1, 0x12, 0x29, 0x3a, 0x58,
  0x31, 0xef, 0xff, 0x85, 0x28, 0xff, 0x88, 0x28, 0x12, 0x29, 0xf3, 0x4d,
  0x28, 0x54, 0x2c, 0x0f, 0x0b, 0x29, 0xf1, 0x12, 0x29, 0x3a, 0x58, 0x31,
  0xef, 0x58, 0x31, 0xf4, 0x14, 0x3a, 0x50, 0x42, 0xef, 0xff, 0xa1, 0x28,
  0x58, 0x31, 0xf3, 0x28, 0x12, 0xf4, 0x4d, 0x28, 0x54, 0x2c, 0x0f, 0x17,
  0x29, 0x29, 0x29, 0xf1, 0xff, 0x85, 0x28, 0xff, 0x88, 0x28, 0x12, 0x29,
  0xf3, 0x13, 0xf1, 0x12, 0x29, 0x3a, 0x58, 0x31, 0xef, 0x4d, 0x28, 0x54,
  0x2c, 0x0f, 0x10, 0x29, 0xf3, 0x0f, 0x0a, 0xf1, 0x4d, 0x28, 0x54, 0x2c,
  0x0f, 0x11, 0x29, 0xf1, 0x4d, 0x28, 0x54, 0x2c, 0x0f, 0x12, 0x29, 0xf1,
  0x4d, 0x28, 0x54, 0x2c, 0x0f, 0x13, 0x29, 0xf1, 0x4d, 0x28, 0x54, 0x2c,
  0x0f, 0x14, 0x29, 0xf3, 0x0f, 0x0a, 0x3a, 0x5a, 0x24, 0xef, 0x22, 0x68,
  0x69, 0x6a, 0x6b, 0x6c, 0x6d, 0x6e, 0x6f, 0x22, 0x3a, 0x8d, 0x0e, 0xb5,
  0x00, 0x3a, 0xd8, 0x12, 0x2c, 0x13, 0x3a, 0x91, 0xe3, 0x28, 0x0f, 0x1e,
  0x2c, 0x0f, 0x70, 0x29, 0x3b, 0x00, 0xa5, 0x87, 0x19, 0x00, 0xd8, 0x0f,
  0x0b, 0x2c, 0x14, 0x3a, 0x91, 0x22, 0x41, 0x5c, 0x4f, 0x22, 0x3b, 0x44,
  0x54, 0x3b, 0x3a, 0xd8, 0x12, 0x2c, 0x15, 0x3a, 0x91, 0xe3, 0x28, 0x0f,
  0x1e, 0x2c, 0x0f, 0x70, 0x29, 0x3b, 0x3a, 0xd8, 0x13, 0x2c, 0x17, 0x3a,
  0x91, 0xe4, 0x22, 0x23, 0x23, 0x23, 0x23, 0x22, 0x3b, 0x50, 0x42, 0x3b,
  0x3a, 0x91, 0x22, 0x20, 0x4e, 0x41, 0x43, 0x49, 0x4d, 0x49, 0x45, 0x4e,
  0x54, 0x4f, 0x28, 0x53, 0x29, 0x2e, 0x22, 0x3b, 0x3a, 0xd8, 0x13, 0x2c,
  0x18, 0x3a, 0x91, 0xe4, 0x22, 0x23, 0x23, 0x23, 0x23, 0x22, 0x3b, 0x50,
  0x44, 0x3b, 0x3a, 0x91, 0x22, 0x20, 0x46, 0x41, 0x4c, 0x4c, 0x45, 0x43,
  0x49, 0x4d, 0x49, 0x45, 0x4e, 0x54, 0x4f, 0x28, 0x53, 0x29, 0x2e, 0x22,
  0x3b, 0x3a, 0x8b, 0x58, 0x31, 0xee, 0x0f, 0x96, 0x89, 0x0e, 0x1b, 0x00,
  0x00, 0x1a, 0x88, 0x1a, 0x00, 0x8b, 0x58, 0x31, 0xee, 0x0f, 0x64, 0x89,
  0x0e, 0x1c, 0x00, 0x3a, 0xa1, 0x8b, 0x4d, 0x28, 0x54, 0x2c, 0x0f, 0x14,
  0x29, 0xee, 0x14, 0x89, 0x0e, 0x1c, 0x00, 0x3a, 0xa1, 0x4d, 0x49, 0xef,
  0xff, 0xa1, 0x28, 0x28, 0xff, 0x85, 0x28, 0xff, 0x88, 0x28, 0x12, 0x29,
  0xf3, 0x28, 0x4d, 0x28, 0x54, 0x2c, 0x0f, 0x0b, 0x29, 0xf4, 0x0f, 0x14,
  0x29, 0xf1, 0x12, 0x29, 0xf3, 0x0f, 0x64, 0x29, 0xf4, 0x28, 0x58, 0x31,
  0xf1, 0x16, 0x29, 0x29, 0x3a, 0xd8, 0x13, 0x2c, 0x19, 0x3a, 0x91, 0xe4,
  0x22, 0x23, 0x23, 0x23, 0x23, 0x22, 0x3b, 0x4d, 0x49, 0x3b, 0x3a, 0x91,
  0x22, 0x20, 0x49, 0x4e, 0x4d, 0x49, 0x47, 0x52, 0x41, 0x4e, 0x54, 0x45,
  0x53, 0x2e, 0x22, 0x3b, 0x3a, 0x89, 0x0e, 0x1c, 0x00, 0x00, 0x79, 0x88,
  0x1b, 0x00, 0x4d, 0x4f, 0xef, 0xff, 0xa1, 0x28, 0xff, 0x85, 0x28, 0xff,
  0x88, 0x28, 0x12, 0x29, 0xf3, 0x28, 0x4d, 0x28, 0x54, 0x2c, 0x0f, 0x0b,
  0x29, 0xf4, 0x0f, 0x14, 0x29, 0xf1, 0x12, 0x29, 0xf3, 0x28, 0x58, 0x31,
  0xf4, 0x0f, 0x0f, 0x29, 0x29, 0x3a, 0x8d, 0x0e, 0x2d, 0x00, 0x3a, 0xd8,
  0x13, 0x2c, 0x19, 0x3a, 0x91, 0xe4, 0x22, 0x23, 0x23, 0x23, 0x23, 0x22,
  0x3b, 0x4d, 0x4f, 0x3b, 0x3a, 0x91, 0x22, 0x20, 0x48, 0x55, 0x59, 0x45,
  0x52, 0x4f, 0x4e, 0x20, 0x50, 0x4f, 0x52, 0x20, 0x49, 0x4d, 0x50, 0x55,
  0x45, 0x53, 0x54, 0x4f, 0x53, 0x21, 0x22, 0x3b, 0x00, 0xd0, 0x88, 0x1c,
  0x00, 0x8b, 0x4d, 0x28, 0x54, 0x2c, 0x0f, 0x14, 0x29, 0xee, 0x14, 0xda,
  0x50, 0x46, 0xef, 0xff, 0xa1, 0x28, 0xff, 0x88, 0x28, 0x12, 0x29, 0xf3,
  0x28, 0x4d, 0x28, 0x54, 0x2c, 0x0f, 0x0b, 0x29, 0xf4, 0x19, 0x29, 0xf1,
  0x12, 0x29, 0x3a, 0xd8, 0x13, 0x2c, 0x1a, 0x3a, 0x91, 0xe4, 0x22, 0x23,
  0x23, 0x23, 0x23, 0x22, 0x3b, 0x50, 0x46, 0x3b, 0x3a, 0x91, 0x22, 0x20,
  0x48, 0x55, 0x59, 0x45, 0x52, 0x4f, 0x4e, 0x20, 0x50, 0x4f, 0x52, 0x20,
  0x43, 0x52, 0x55, 0x45, 0x4c, 0x44, 0x41, 0x44, 0x21, 0x22, 0x3b, 0x00,
  0x1e, 0x89, 0x1d, 0x00, 0x58, 0x31, 0xef, 0x50, 0x42, 0xf2, 0x50, 0x44,
  0xf1, 0x4d, 0x49, 0xf2, 0x4d, 0x4f, 0xf2, 0x50, 0x46, 0x3a, 0x4d, 0x28,
  0x54, 0x2c, 0x0f, 0x0b, 0x29, 0xef, 0x4d, 0x28, 0x54, 0x2c, 0x0f, 0x0b,
  0x29, 0xf1, 0x58, 0x31, 0x3a, 0x8b, 0x4d, 0x28, 0x54, 0x2c, 0x0f, 0x0b,
  0x29, 0xf0, 0x12, 0x89, 0x0e, 0x82, 0x00, 0x3a, 0xa1, 0x8b, 0x58, 0x31,
  0xef, 0x11, 0x89, 0x0e, 0x20, 0x00, 0x3a, 0xa1, 0x8b, 0x58, 0x31, 0xf0,
  0x11, 0x89, 0x0e, 0x1f, 0x00, 0x00, 0x55, 0x89, 0x1e, 0x00, 0xd8, 0x13,
  0x2c, 0x0f, 0x0a, 0x3a, 0x91, 0xe4, 0x22, 0x23, 0x23, 0x23, 0x23, 0x22,
  0x3b, 0x58, 0x31, 0x3b, 0x3a, 0x91, 0x22, 0x20, 0x56, 0x41, 0x53, 0x41,
  0x4c, 0x4c, 0x4f, 0x28, 0x53, 0x29, 0x20, 0x47, 0x41, 0x4e, 0x41, 0x44,
  0x4f, 0x28, 0x53, 0x29, 0x2e, 0x22, 0x3b, 0x3a, 0x89, 0x0e, 0x21, 0x00,
  0x00, 0x92, 0x89, 0x1f, 0x00, 0xd8, 0x13, 0x2c, 0x0f, 0x0a, 0x3a, 0x91,
  0xe4, 0x22, 0x23, 0x23, 0x23, 0x23, 0x22, 0x3b, 0xff, 0x86, 0x28, 0x58,
  0x31, 0x29, 0x3b, 0x3a, 0x91, 0x22, 0x20, 0x56, 0x41, 0x53, 0x41, 0x4c,
  0x4c, 0x4f, 0x28, 0x53, 0x29, 0x20, 0x50, 0x45, 0x52, 0x44, 0x49, 0x44,
  0x4f, 0x28, 0x53, 0x29, 0x2e, 0x22, 0x3b, 0x3a, 0x89, 0x20, 0x0e, 0x21,
  0x00, 0x00, 0xb9, 0x89, 0x20, 0x00, 0xd8, 0x13, 0x2c, 0x0f, 0x0a, 0x3a,
  0x91, 0x22, 0x45, 0x53, 0x54, 0x45, 0x20, 0x41, 0x5c, 0x4f, 0x20, 0x4e,
  0x4f, 0x20, 0x48, 0x41, 0x59, 0x20, 0x43, 0x41, 0x4d, 0x42, 0x49, 0x4f,
  0x53, 0x2e, 0x22, 0x3b, 0x00, 0xd5, 0x89, 0x21, 0x00, 0x8d, 0x0e, 0xad,
  0x00, 0x3a, 0x8b, 0x52, 0x52, 0xee, 0x0f, 0x19, 0xf6, 0x44, 0x54, 0xee,
  0x1c, 0xf2, 0x02, 0xda, 0x8d, 0x0e, 0x2f, 0x00, 0x00, 0x8c, 0x8a, 0x22,
  0x00, 0x5a, 0x24, 0xef, 0x22, 0x68, 0x69, 0x6a, 0x6b, 0x6c, 0x6d, 0x6e,
  0x6f, 0x22, 0x3a, 0x8d, 0x0e, 0xb5, 0x00, 0x3a, 0xd8, 0x12, 0x2c, 0x13,
  0x3a, 0x91, 0xe3, 0x28, 0x0f, 0x1e, 0x2c, 0x0f, 0x70, 0x29, 0x3b, 0x3a,
  0xd8, 0x13, 0x2c, 0x15, 0x3a, 0x91, 0x22, 0x50, 0x4f, 0x53, 0x45, 0x45,
  0x53, 0x22, 0x3b, 0x4d, 0x28, 0x54, 0x2c, 0x13, 0x29, 0x3b, 0x22, 0x42,
  0x41, 0x52, 0x43, 0x4f, 0x28, 0x53, 0x29, 0x20, 0x44, 0x45, 0x20, 0x50,
  0x45, 0x53, 0x43, 0x41, 0x2e, 0x22, 0x3b, 0x3a, 0x58, 0x31, 0xef, 0x28,
  0x20, 0x4d, 0x28, 0x54, 0x2c, 0x13, 0x29, 0x20, 0xf3, 0x20, 0xff, 0x85,
  0x28, 0xff, 0x88, 0x28, 0x12, 0x29, 0xf3, 0x28, 0x0f, 0x64, 0xf2, 0x4d,
  0x28, 0x54, 0x2c, 0x0f, 0x13, 0x29, 0x29, 0xf1, 0x12, 0x29, 0x20, 0x29,
  0x20, 0xf3, 0x14, 0x3a, 0x8d, 0x0e, 0x2a, 0x00, 0x3a, 0xd8, 0x13, 0x2c,
  0x16, 0x3a, 0x91, 0x22, 0x51, 0x55, 0x45, 0x20, 0x50, 0x52, 0x4f, 0x44,
  0x55, 0x43, 0x45, 0x28, 0x4e, 0x29, 0x20, 0x22, 0x3b, 0x3a, 0xd8, 0x0f,
  0x14, 0x2c, 0x16, 0x3a, 0x91, 0xe4, 0x22, 0x24, 0x24, 0x23, 0x23, 0x23,
  0x23, 0x23, 0x2e, 0x23, 0x23, 0x2d, 0x22, 0x3b, 0x58, 0x31, 0x3b, 0x00,
  0x4a, 0x8b, 0x23, 0x00, 0x8b, 0x4d, 0x28, 0x54, 0x2c, 0x14, 0x29, 0xee,
  0x11, 0xda, 0xd8, 0x13, 0x2c, 0x18, 0x3a, 0x91, 0x22, 0x50, 0x4f, 0x53,
  0x45, 0x45, 0x53, 0x22, 0x3b, 0x4d, 0x28, 0x54, 0x2c, 0x14, 0x29, 0x3b,
  0x22, 0x43, 0x55, 0x41, 0x52, 0x54, 0x45, 0x4c, 0x28, 0x45, 0x53, 0x29,
  0x2c, 0x22, 0x3b, 0x3a, 0x58, 0x31, 0xef, 0x28, 0x20, 0x4d, 0x28, 0x54,
  0x2c, 0x14, 0x29, 0xf3, 0x20, 0x28, 0xff, 0x85, 0x28, 0xff, 0x88, 0x28,
  0x12, 0x29, 0xf3, 0x0f, 0x64, 0xf1, 0x12, 0x29, 0x20, 0xf1, 0x20, 0xff,
  0x85, 0x28, 0xff, 0x88, 0x28, 0x12, 0x29, 0xf3, 0x0f, 0x64, 0xf1, 0x12,
  0x29, 0x20, 0xf1, 0x20, 0x4d, 0x28, 0x54, 0x2c, 0x0f, 0x11, 0x29, 0xf2,
  0x4d, 0x28, 0x54, 0x2c, 0x0f, 0x12, 0x29, 0xf3, 0x13, 0xf2, 0x4d, 0x28,
  0x54, 0x2c, 0x0f, 0x13, 0x29, 0xf3, 0x15, 0x29, 0x20, 0x29, 0x20, 0xf3,
  0x14, 0x3a, 0xd8, 0x13, 0x2c, 0x19, 0x3a, 0x91, 0x22, 0x51, 0x55, 0x45,
  0x20, 0x50, 0x52, 0x4f, 0x44, 0x55, 0x43, 0x45, 0x28, 0x4e, 0x29, 0x20,
  0x22, 0x3b, 0x3a, 0xd8, 0x0f, 0x14, 0x2c, 0x19, 0x3a, 0x91, 0xe4, 0x22,
  0x24, 0x24, 0x23, 0x23, 0x23, 0x23, 0x23, 0x2e, 0x23, 0x23, 0x2d, 0x22,
  0x3b, 0x58, 0x31, 0x3b, 0x3a, 0x8d, 0x0e, 0x2a, 0x00, 0x00, 0x1d, 0x8c,
  0x24, 0x00, 0x8b, 0x4d, 0x28, 0x54, 0x2c, 0x15, 0x29, 0xef, 0x11, 0x89,
  0x0e, 0x26, 0x00, 0x3a, 0xa1, 0xd8, 0x13, 0x2c, 0x0f, 0x0a, 0x3a, 0x91,
  0x22, 0x41, 0x4c, 0x51, 0x55, 0x49, 0x4c, 0x41, 0x53, 0x22, 0x3b, 0x4d,
  0x28, 0x54, 0x2c, 0x15, 0x29, 0x3b, 0x22, 0x4d, 0x45, 0x52, 0x43, 0x41,
  0x44, 0x4f, 0x28, 0x53, 0x29, 0x2e, 0x22, 0x3b, 0x3a, 0xd8, 0x13, 0x2c,
  0x0f, 0x0b, 0x3a, 0x91, 0x22, 0x54, 0x55, 0x20, 0x50, 0x41, 0x52, 0x54,
  0x45, 0x20, 0x44, 0x45, 0x20, 0x4c, 0x4f, 0x53, 0x22, 0x3b, 0x3a, 0x58,
  0x31, 0xef, 0x28, 0x20, 0x4d, 0x28, 0x54, 0x2c, 0x15, 0x29, 0x20, 0xf3,
  0x20, 0x28, 0x20, 0xff, 0x85, 0x28, 0xff, 0x88, 0x28, 0x12, 0x29, 0xf3,
  0x0f, 0x64, 0xf1, 0x12, 0x29, 0x20, 0xf1, 0x20, 0xff, 0x85, 0x28, 0xff,
  0x88, 0x28, 0x12, 0x29, 0xf3, 0x0f, 0x64, 0xf1, 0x12, 0x29, 0x20, 0xf2,
  0x4d, 0x28, 0x54, 0x2c, 0x0f, 0x13, 0x29, 0xf3, 0x14, 0xf2, 0x4d, 0x28,
  0x54, 0x2c, 0x0f, 0x12, 0x29, 0xf1, 0x4d, 0x28, 0x54, 0x2c, 0x0f, 0x11,
  0x29, 0xf2, 0x4d, 0x28, 0x54, 0x2c, 0x0f, 0x10, 0x29, 0xf3, 0x0f, 0x0a,
  0x29, 0x29, 0xf3, 0x14, 0x3a, 0x8d, 0x0e, 0x2b, 0x00, 0x3a, 0x8d, 0x0e,
  0x2a, 0x00, 0x3a, 0xd8, 0x13, 0x2c, 0x0f, 0x0c, 0x3a, 0x91, 0x22, 0x42,
  0x45, 0x4e, 0x45, 0x46, 0x49, 0x43, 0x49, 0x4f, 0x53, 0x20, 0x46, 0x55,
  0x45, 0x20, 0x22, 0x3b, 0x00, 0x3b, 0x8c, 0x25, 0x00, 0xd8, 0x0f, 0x14,
  0x2c, 0x0f, 0x0c, 0x3a, 0x91, 0xe4, 0x22, 0x24, 0x24, 0x23, 0x23, 0x23,
  0x23, 0x23, 0x2e, 0x23, 0x23, 0x22, 0x3b, 0x58, 0x31, 0x3b, 0x00, 0xbd,
  0x8c, 0x26, 0x00, 0xd8, 0x13, 0x2c, 0x0f, 0x0e, 0x3a, 0x91, 0x22, 0x50,
  0x4f, 0x53, 0x45, 0x45, 0x53, 0x22, 0x3b, 0x4d, 0x28, 0x54, 0x2c, 0x16,
  0x29, 0x3b, 0x22, 0x53, 0x4f, 0x4c, 0x44, 0x41, 0x44, 0x4f, 0x28, 0x53,
  0x29, 0x2e, 0x22, 0x3b, 0x3a, 0xd8, 0x13, 0x2c, 0x0f, 0x0f, 0x3a, 0x91,
  0x22, 0x54, 0x4f, 0x54, 0x41, 0x4c, 0x20, 0x50, 0x41, 0x47, 0x41, 0x28,
  0x53, 0x29, 0x22, 0x3b, 0x3a, 0x58, 0x31, 0xef, 0x4d, 0x28, 0x54, 0x2c,
  0x16, 0x29, 0xf3, 0x0f, 0x0a, 0x3a, 0x58, 0x31, 0xef, 0x58, 0x31, 0xf2,
  0x58, 0x31, 0xf3, 0x13, 0x3a, 0x8d, 0x0e, 0x2a, 0x00, 0x3a, 0xd8, 0x0f,
  0x14, 0x2c, 0x0f, 0x0f, 0x3a, 0x91, 0xe4, 0x22, 0x24, 0x24, 0x23, 0x23,
  0x23, 0x23, 0x23, 0x2e, 0x23, 0x23, 0x22, 0x3b, 0xff, 0x86, 0x28, 0x58,
  0x31, 0x29, 0x3b, 0x3a, 0x8d, 0x0e, 0xad, 0x00, 0x00, 0x5d, 0x8d, 0x27,
  0x00, 0x5a, 0x24, 0xef, 0x22, 0x68, 0x69, 0x6a, 0x6b, 0x6c, 0x6d, 0x6e,
  0x6f, 0x22, 0x3a, 0x8d, 0x0e, 0xb5, 0x00, 0x3a, 0xd8, 0x12, 0x2c, 0x13,
  0x3a, 0x91, 0xe3, 0x28, 0x0f, 0x1e, 0x2c, 0x0f, 0x70, 0x29, 0x3b, 0x3a,
  0xd8, 0x0f, 0x0b, 0x2c, 0x14, 0x3a, 0x91, 0x22, 0x41, 0x5c, 0x4f, 0x22,
  0x3b, 0x44, 0x54, 0x3b, 0x3a, 0xd8, 0x12, 0x2c, 0x15, 0x3a, 0x91, 0xe3,
  0x28, 0x0f, 0x1e, 0x2c, 0x0f, 0x70, 0x29, 0x3b, 0x3a, 0xd8, 0x13, 0x2c,
  0x17, 0x3a, 0x91, 0x22, 0x50, 0x4f, 0x53, 0x45, 0x45, 0x53, 0x22, 0x3b,
  0x4d, 0x28, 0x54, 0x2c, 0x12, 0x29, 0x3b, 0x22, 0x48, 0x55, 0x52, 0x4f,
  0x4e, 0x45, 0x53, 0x2e, 0x22, 0x3b, 0x3a, 0x8b, 0x4d, 0x28, 0x54, 0x2c,
  0x17, 0x29, 0xee, 0x11, 0xda, 0xd8, 0x13, 0x2c, 0x19, 0x3a, 0x91, 0x22,
  0x54, 0x55, 0x20, 0x43, 0x41, 0x53, 0x54, 0x49, 0x4c, 0x4c, 0x4f, 0x20,
  0x54, 0x49, 0x45, 0x4e, 0x45, 0x22, 0x3b, 0x4d, 0x28, 0x54, 0x2c, 0x17,
  0x29, 0x3b, 0x22, 0x54, 0x4f, 0x52, 0x52, 0x45, 0x53, 0x2e, 0x22, 0x3b,
  0x00, 0x99, 0x8d, 0x28, 0x00, 0x8b, 0x4d, 0x28, 0x54, 0x2c, 0x18, 0x29,
  0xee, 0x11, 0xda, 0xd8, 0x13, 0x2c, 0x0f, 0x0a, 0x3a, 0x91, 0x22, 0x48,
  0x41, 0x53, 0x20, 0x43, 0x4f, 0x4e, 0x53, 0x54, 0x52, 0x55, 0x49, 0x44,
  0x4f, 0x22, 0x3b, 0x4d, 0x28, 0x54, 0x2c, 0x18, 0x29, 0x3b, 0x22, 0x43,
  0x41, 0x54, 0x45, 0x44, 0x52, 0x41, 0x4c, 0x45, 0x53, 0x2e, 0x22, 0x3b,
  0x00, 0xa7, 0x8d, 0x29, 0x00, 0x8d, 0x0e, 0xad, 0x00, 0x3a, 0x89, 0x0e,
  0x0e, 0x00, 0x00, 0xbe, 0x8d, 0x2a, 0x00, 0x4d, 0x28, 0x54, 0x2c, 0x11,
  0x29, 0xef, 0x4d, 0x28, 0x54, 0x2c, 0x11, 0x29, 0xf1, 0x58, 0x31, 0x3a,
  0x8e, 0x00, 0xcd, 0x8d, 0x2b, 0x00, 0x8b, 0x58, 0x31, 0xf0, 0x11, 0xda,
  0x58, 0x31, 0xef, 0x11, 0x00, 0xd3, 0x8d, 0x2c, 0x00, 0x8e, 0x00, 0xf6,
  0x8d, 0x2d, 0x00, 0x8b, 0x4d, 0x4f, 0xee, 0x4d, 0x28, 0x54, 0x2c, 0x0f,
  0x0b, 0x29, 0xf4, 0x13, 0xda, 0x4d, 0x4f, 0xef, 0xff, 0xa1, 0x28, 0x4d,
  0x28, 0x54, 0x2c, 0x0f, 0x0b, 0x29, 0xf4, 0x13, 0x29, 0x00, 0xfc, 0x8d,
  0x2e, 0x00, 0x8e, 0x00, 0x4a, 0x8e, 0x2f, 0x00, 0x58, 0x35, 0xef, 0xff,
  0xa1, 0x28, 0xff, 0x88, 0x28, 0x12, 0x29, 0xf3, 0x0f, 0x4a, 0xf1, 0x0f,
  0x1a, 0x29, 0x3a, 0x8b, 0x58, 0x35, 0xee, 0x52, 0x52, 0x20, 0xda, 0x8e,
  0x3a, 0xa1, 0x58, 0x33, 0xef, 0x11, 0x3a, 0x58, 0x24, 0xef, 0x22, 0x5f,
  0x5f, 0x5f, 0x5f, 0x4c, 0x41, 0x5f, 0x50, 0x4c, 0x41, 0x47, 0x41, 0x5f,
  0x53, 0x45, 0x5f, 0x45, 0x58, 0x54, 0x49, 0x45, 0x4e, 0x44, 0x45, 0x5f,
  0x5f, 0x5f, 0x5f, 0x22, 0x3a, 0x8d, 0x0e, 0xac, 0x00, 0x00, 0x85, 0x8e,
  0x30, 0x00, 0x82, 0x59, 0xef, 0x12, 0xd9, 0x1c, 0xe8, 0x03, 0x3a, 0x83,
  0x3a, 0x8b, 0x4d, 0x28, 0x54, 0x2c, 0x0f, 0x0b, 0x29, 0xee, 0x11, 0xda,
  0x58, 0x35, 0xef, 0xff, 0x85, 0x28, 0xff, 0x88, 0x28, 0x12, 0x29, 0xf3,
  0x28, 0x4d, 0x28, 0x54, 0x2c, 0x0f, 0x0b, 0x29, 0xf4, 0x13, 0x29, 0xf1,
  0x12, 0x29, 0x3a, 0xa1, 0x58, 0x35, 0xef, 0x11, 0x00, 0x39, 0x8f, 0x31,
  0x00, 0xd8, 0x14, 0x2c, 0x15, 0x3a, 0x91, 0x22, 0x48, 0x41, 0x4e, 0x20,
  0x4d, 0x55, 0x45, 0x52, 0x54, 0x4f, 0x20, 0x22, 0x3b, 0x58, 0x35, 0x3b,
  0x3a, 0x91, 0x22, 0x20, 0x56, 0x41, 0x53, 0x41, 0x4c, 0x4c, 0x4f, 0x53,
  0x21, 0x21, 0x22, 0x3b, 0x3a, 0x82, 0x59, 0xef, 0x12, 0xd9, 0x1c, 0xe8,
  0x03, 0x3a, 0x83, 0x3a, 0xd8, 0x14, 0x2c, 0x0f, 0x0a, 0x3a, 0x91, 0x22,
  0x45, 0x4c, 0x20, 0x43, 0x4f, 0x4e, 0x53, 0x45, 0x4a, 0x45, 0x52, 0x4f,
  0x20, 0x44, 0x45, 0x20, 0x53, 0x41, 0x4c, 0x55, 0x44, 0x20, 0x44, 0x49,
  0x43, 0x45, 0x20, 0x20, 0x20, 0x20, 0x51, 0x55, 0x45, 0x20, 0x53, 0x45,
  0x20, 0x44, 0x45, 0x42, 0x45, 0x20, 0x48, 0x41, 0x43, 0x45, 0x52, 0x20,
  0x41, 0x4c, 0x47, 0x4f, 0x20, 0x43, 0x4f, 0x4e, 0x20, 0x45, 0x53, 0x41,
  0x53, 0x20, 0x20, 0x20, 0x52, 0x41, 0x54, 0x41, 0x53, 0x20, 0x49, 0x4e,
  0x46, 0x45, 0x53, 0x54, 0x41, 0x44, 0x41, 0x53, 0x20, 0x44, 0x45, 0x20,
  0x54, 0x49, 0x46, 0x55, 0x53, 0x21, 0x21, 0x22, 0x3a, 0x4d, 0x28, 0x54,
  0x2c, 0x0f, 0x0b, 0x29, 0xef, 0x4d, 0x28, 0x54, 0x2c, 0x0f, 0x0b, 0x29,
  0xf2, 0x58, 0x35, 0x3a, 0x89, 0x0e, 0xad, 0x00, 0x00, 0xc8, 0x8f, 0x32,
  0x00, 0x47, 0x44, 0xef, 0x4d, 0x28, 0x54, 0x2c, 0x0f, 0x0b, 0x29, 0xf3,
  0x0f, 0x19, 0xf1, 0x4d, 0x28, 0x54, 0x2c, 0x16, 0x29, 0xf3, 0x0f, 0x23,
  0xf1, 0x4d, 0x28, 0x54, 0x2c, 0x0f, 0x0c, 0x29, 0xf3, 0x0f, 0x23, 0xf1,
  0x4d, 0x28, 0x54, 0x2c, 0x0f, 0x0d, 0x29, 0xf3, 0x0f, 0x32, 0xf1, 0x4d,
  0x28, 0x54, 0x2c, 0x0f, 0x0e, 0x29, 0xf3, 0x0f, 0x32, 0xf1, 0x4d, 0x28,
  0x54, 0x2c, 0x0f, 0x0f, 0x29, 0xf3, 0x0f, 0x23, 0x3a, 0x57, 0x57, 0xef,
  0xff, 0x85, 0x28, 0xff, 0x88, 0x28, 0x12, 0x29, 0xf3, 0x13, 0xf1, 0x12,
  0x29, 0x20, 0xf1, 0x20, 0xff, 0x85, 0x28, 0xff, 0x88, 0x28, 0x12, 0x29,
  0xf3, 0x13, 0xf1, 0x12, 0x29, 0x20, 0xf1, 0x20, 0xff, 0x85, 0x28, 0xff,
  0x88, 0x28, 0x12, 0x29, 0xf3, 0x13, 0xf1, 0x12, 0x29, 0xf2, 0x13, 0x3a,
  0x95, 0x57, 0x57, 0x89, 0x0e, 0x33, 0x00, 0x2c, 0x0e, 0x34, 0x00, 0x2c,
  0x0e, 0x35, 0x00, 0x2c, 0x0e, 0x36, 0x00, 0x00, 0x4d, 0x90, 0x33, 0x00,
  0x57, 0x57, 0x24, 0xef, 0x22, 0x4d, 0x41, 0x4c, 0x4f, 0x22, 0x3a, 0x4c,
  0x43, 0xef, 0x28, 0x20, 0xff, 0x85, 0x28, 0xff, 0x88, 0x28, 0x12, 0x29,
  0xf3, 0x13, 0xf1, 0x12, 0x29, 0x20, 0xf1, 0x20, 0xff, 0x85, 0x28, 0xff,
  0x88, 0x28, 0x12, 0x29, 0xf3, 0x13, 0xf1, 0x12, 0x29, 0x20, 0xf1, 0x20,
  0xff, 0x85, 0x28, 0xff, 0x88, 0x28, 0x12, 0x29, 0xf3, 0x13, 0xf1, 0x12,
  0x29, 0x20, 0x29, 0xf4, 0x14, 0x3a, 0x47, 0x43, 0xef, 0x28, 0x20, 0xff,
  0x85, 0x28, 0xff, 0x88, 0x28, 0x12, 0x29, 0xf3, 0x0f, 0x32, 0xf1, 0x12,
  0x29, 0x20, 0xf1, 0x20, 0xff, 0x85, 0x28, 0xff, 0x88, 0x28, 0x12, 0x29,
  0xf3, 0x0f, 0x32, 0xf1, 0x12, 0x29, 0x20, 0xf1, 0x20, 0xff, 0x85, 0x28,
  0xff, 0x88, 0x28, 0x12, 0x29, 0xf3, 0x0f, 0x32, 0xf1, 0x12, 0x29, 0x20,
  0x29, 0xf4, 0x14, 0x3a, 0x89, 0x0e, 0x37, 0x00, 0x00, 0xd6, 0x90, 0x34,
  0x00, 0x57, 0x57, 0x24, 0xef, 0x22, 0x4d, 0x45, 0x44, 0x49, 0x4f, 0x43,
  0x52, 0x45, 0x22, 0x3a, 0x4c, 0x43, 0xef, 0x28, 0x20, 0xff, 0x85, 0x28,
  0xff, 0x88, 0x28, 0x12, 0x29, 0xf3, 0x14, 0xf1, 0x12, 0x29, 0x20, 0xf1,
  0x20, 0xff, 0x85, 0x28, 0xff, 0x88, 0x28, 0x12, 0x29, 0xf3, 0x14, 0xf1,
  0x12, 0x29, 0x20, 0xf1, 0x20, 0xff, 0x85, 0x28, 0xff, 0x88, 0x28, 0x12,
  0x29, 0xf3, 0x14, 0xf1, 0x12, 0x29, 0x20, 0x29, 0xf4, 0x14, 0x3a, 0x47,
  0x43, 0xef, 0x28, 0x20, 0xff, 0x85, 0x28, 0xff, 0x88, 0x28, 0x12, 0x29,
  0xf3, 0x0f, 0x28, 0xf1, 0x12, 0x29, 0x20, 0xf1, 0x20, 0xff, 0x85, 0x28,
  0xff, 0x88, 0x28, 0x12, 0x29, 0xf3, 0x0f, 0x28, 0xf1, 0x12, 0x29, 0x20,
  0xf1, 0x20, 0xff, 0x85, 0x28, 0xff, 0x88, 0x28, 0x12, 0x29, 0xf3, 0x0f,
  0x28, 0xf1, 0x12, 0x29, 0x20, 0x29, 0xf4, 0x14, 0x3a, 0x89, 0x0e, 0x37,
  0x00, 0x00, 0x5c, 0x91, 0x35, 0x00, 0x57, 0x57, 0x24, 0xef, 0x22, 0x42,
  0x55, 0x45, 0x4e, 0x4f, 0x22, 0x3a, 0x4c, 0x43, 0xef, 0x28, 0x20, 0xff,
  0x85, 0x28, 0xff, 0x88, 0x28, 0x12, 0x29, 0xf3, 0x15, 0xf1, 0x12, 0x29,
  0x20, 0xf1, 0x20, 0xff, 0x85, 0x28, 0xff, 0x88, 0x28, 0x12, 0x29, 0xf3,
  0x15, 0xf1, 0x12, 0x29, 0x20, 0xf1, 0x20, 0xff, 0x85, 0x28, 0xff, 0x88,
  0x28, 0x12, 0x29, 0xf3, 0x15, 0xf1, 0x12, 0x29, 0x20, 0x29, 0xf4, 0x14,
  0x3a, 0x47, 0x43, 0xef, 0x28, 0x20, 0xff, 0x85, 0x28, 0xff, 0x88, 0x28,
  0x12, 0x29, 0xf3, 0x0f, 0x1e, 0xf1, 0x12, 0x29, 0x20, 0xf1, 0x20, 0xff,
  0x85, 0x28, 0xff, 0x88, 0x28, 0x12, 0x29, 0xf3, 0x0f, 0x1e, 0xf1, 0x12,
  0x29, 0x20, 0xf1, 0x20, 0xff, 0x85, 0x28, 0xff, 0x88, 0x28, 0x12, 0x29,
  0xf3, 0x0f, 0x1e, 0xf1, 0x12, 0x29, 0x20, 0x29, 0xf4, 0x14, 0x3a, 0x89,
  0x0e, 0x37, 0x00, 0x00, 0xe1, 0x91, 0x36, 0x00, 0x57, 0x57, 0x24, 0xef,
  0x22, 0x4d, 0x41, 0x47, 0x4e, 0x49, 0x46, 0x49, 0x43, 0x4f, 0x22, 0x3a,
  0x4c, 0x43, 0xef, 0x28, 0x20, 0xff, 0x85, 0x28, 0xff, 0x88, 0x28, 0x12,
  0x29, 0xf3, 0x16, 0xf1, 0x12, 0x29, 0x20, 0xf1, 0x20, 0xff, 0x85, 0x28,
  0xff, 0x88, 0x28, 0x12, 0x29, 0xf3, 0x16, 0xf1, 0x12, 0x29, 0x20, 0xf1,
  0x20, 0xff, 0x85, 0x28, 0xff, 0x88, 0x28, 0x12, 0x29, 0xf3, 0x16, 0xf1,
  0x12, 0x29, 0x20, 0x29, 0xf4, 0x14, 0x3a, 0x47, 0x43, 0xef, 0x28, 0x20,
  0xff, 0x85, 0x28, 0xff, 0x88, 0x28, 0x12, 0x29, 0xf3, 0x0f, 0x14, 0xf1,
  0x12, 0x29, 0x20, 0xf1, 0x20, 0xff, 0x85, 0x28, 0xff, 0x88, 0x28, 0x12,
  0x29, 0xf3, 0x0f, 0x14, 0xf1, 0x12, 0x29, 0x20, 0xf1, 0x20, 0xff, 0x85,
  0x28, 0xff, 0x88, 0x28, 0x12, 0x29, 0xf3, 0x0f, 0x14, 0xf1, 0x12, 0x29,
  0x20, 0x29, 0xf4, 0x14, 0x00, 0x08, 0x92, 0x37, 0x00, 0x46, 0x46, 0xef,
  0x4d, 0x28, 0x54, 0x2c, 0x0f, 0x0b, 0x29, 0xf3, 0x0f, 0x0f, 0x3a, 0x8b,
  0x4d, 0x28, 0x54, 0x2c, 0x1a, 0x29, 0xf0, 0x46, 0x46, 0xda, 0x46, 0x46,
  0xef, 0x4d, 0x28, 0x54, 0x2c, 0x1a, 0x29, 0x00, 0x58, 0x92, 0x38, 0x00,
  0x47, 0x48, 0xef, 0x46, 0x46, 0xf3, 0x14, 0xf3, 0x57, 0x57, 0x3a, 0x4d,
  0x28, 0x54, 0x2c, 0x0f, 0x0a, 0x29, 0xef, 0x4d, 0x28, 0x54, 0x2c, 0x0f,
  0x0a, 0x29, 0xf1, 0x47, 0x48, 0x3a, 0x47, 0x43, 0xef, 0x47, 0x43, 0xf3,
  0x4d, 0x28, 0x54, 0x2c, 0x0f, 0x15, 0x29, 0xf3, 0x13, 0x3a, 0x4c, 0x43,
  0xef, 0x4c, 0x43, 0xf3, 0x4d, 0x28, 0x54, 0x2c, 0x0f, 0x15, 0x29, 0xf3,
  0x13, 0x3a, 0x8b, 0x20, 0x4c, 0x43, 0xf0, 0x12, 0x20, 0xda, 0x20, 0x4c,
  0x43, 0xef, 0x12, 0x00, 0x0c, 0x93, 0x39, 0x00, 0x5a, 0x24, 0xef, 0x22,
  0x60, 0x61, 0x62, 0x63, 0x64, 0x65, 0x66, 0x67, 0x22, 0x3a, 0x8d, 0x0e,
  0xb5, 0x00, 0x3a, 0xd8, 0x12, 0x2c, 0x13, 0x3a, 0x91, 0xe3, 0x28, 0x0f,
  0x1e, 0x2c, 0x0f, 0x70, 0x29, 0x3b, 0x3a, 0xd8, 0x13, 0x2c, 0x15, 0x3a,
  0x91, 0x22, 0x45, 0x4c, 0x20, 0x54, 0x49, 0x45, 0x4d, 0x50, 0x4f, 0x20,
  0x48, 0x41, 0x20, 0x53, 0x49, 0x44, 0x4f, 0x20, 0x22, 0x3b, 0x57, 0x57,
  0x24, 0x3b, 0x3a, 0xd8, 0x13, 0x2c, 0x17, 0x3a, 0x91, 0x22, 0x54, 0x55,
  0x20, 0x43, 0x4f, 0x53, 0x45, 0x43, 0x48, 0x41, 0x20, 0x46, 0x55, 0x45,
  0x20, 0x44, 0x45, 0x22, 0x3b, 0x3a, 0xd8, 0x0f, 0x17, 0x2c, 0x17, 0x3a,
  0x91, 0xe4, 0x22, 0x23, 0x23, 0x23, 0x23, 0x23, 0x23, 0x23, 0x22, 0x3b,
  0x47, 0x48, 0x3b, 0x3a, 0xd8, 0x13, 0x2c, 0x18, 0x3a, 0x91, 0x22, 0x54,
  0x55, 0x20, 0x41, 0x4c, 0x4d, 0x41, 0x43, 0x45, 0x4e, 0x20, 0x43, 0x4f,
  0x4e, 0x54, 0x49, 0x45, 0x4e, 0x45, 0x22, 0x3b, 0x3a, 0xd8, 0x0f, 0x17,
  0x2c, 0x18, 0x3a, 0x91, 0xe4, 0x22, 0x23, 0x23, 0x23, 0x23, 0x23, 0x23,
  0x23, 0x22, 0x3b, 0xff, 0xa1, 0x28, 0x4d, 0x28, 0x54, 0x2c, 0x0f, 0x0a,
  0x29, 0x29, 0x3b, 0x00, 0xa5, 0x93, 0x3a, 0x00, 0xd8, 0x13, 0x2c, 0x19,
  0x3a, 0x91, 0x22, 0x54, 0x55, 0x20, 0x54, 0x45, 0x53, 0x4f, 0x52, 0x4f,
  0x20, 0x45, 0x53, 0x20, 0x20, 0x22, 0x3b, 0x3a, 0x91, 0xe4, 0x22, 0x24,
  0x24, 0x23, 0x2c, 0x23, 0x23, 0x23, 0x2c, 0x23, 0x23, 0x23, 0x2e, 0x23,
  0x23, 0x2d, 0x22, 0x3b, 0x4d, 0x28, 0x54, 0x2c, 0x11, 0x29, 0x3b, 0x3a,
  0xd8, 0x13, 0x2c, 0x1a, 0x3a, 0x91, 0x22, 0x47, 0x52, 0x41, 0x4e, 0x4f,
  0x20, 0x28, 0x50, 0x4f, 0x52, 0x20, 0x31, 0x30, 0x30, 0x20, 0x43, 0x45,
  0x4c, 0x2e, 0x29, 0x22, 0x3b, 0x3a, 0xd8, 0x0f, 0x17, 0x2c, 0x1a, 0x3a,
  0x91, 0xe4, 0x22, 0x24, 0x24, 0x23, 0x23, 0x2e, 0x23, 0x23, 0x22, 0x3b,
  0x47, 0x43, 0x3b, 0x3a, 0xd8, 0x13, 0x2c, 0x0f, 0x0b, 0x3a, 0x91, 0x22,
  0x4e, 0x45, 0x43, 0x45, 0x53, 0x49, 0x54, 0x41, 0x52, 0x41, 0x53, 0x20,
  0x41, 0x4c, 0x20, 0x4d, 0x45, 0x4e, 0x4f, 0x53, 0x22, 0x3b, 0x3a, 0x91,
  0xe4, 0x22, 0x23, 0x23, 0x23, 0x23, 0x23, 0x23, 0x22, 0x3b, 0x47, 0x44,
  0x00, 0x53, 0x94, 0x3b, 0x00, 0xd8, 0x13, 0x2c, 0x0f, 0x0c, 0x3a, 0x91,
  0x22, 0x43, 0x45, 0x4c, 0x45, 0x4d, 0x49, 0x4e, 0x45, 0x53, 0x20, 0x44,
  0x45, 0x20, 0x47, 0x52, 0x41, 0x4e, 0x4f, 0x20, 0x50, 0x41, 0x52, 0x41,
  0x22, 0x3b, 0x3a, 0xd8, 0x13, 0x2c, 0x0f, 0x0d, 0x3a, 0x91, 0x22, 0x41,
  0x4c, 0x49, 0x4d, 0x45, 0x4e, 0x54, 0x41, 0x52, 0x20, 0x41, 0x20, 0x54,
  0x55, 0x20, 0x47, 0x45, 0x4e, 0x54, 0x45, 0x2e, 0x22, 0x3b, 0x3a, 0xd8,
  0x13, 0x2c, 0x0f, 0x0f, 0x3a, 0x91, 0x22, 0x51, 0x55, 0x45, 0x20, 0x44,
  0x45, 0x53, 0x45, 0x41, 0x53, 0x20, 0x48, 0x41, 0x43, 0x45, 0x52, 0x3a,
  0x22, 0x3b, 0x3a, 0xd8, 0x15, 0x2c, 0x0f, 0x11, 0x3a, 0x91, 0x22, 0x31,
  0x2e, 0x20, 0x43, 0x4f, 0x4d, 0x50, 0x52, 0x41, 0x52, 0x20, 0x47, 0x52,
  0x41, 0x4e, 0x4f, 0x22, 0x3b, 0x3a, 0xd8, 0x15, 0x2c, 0x0f, 0x12, 0x3a,
  0x91, 0x22, 0x32, 0x2e, 0x20, 0x56, 0x45, 0x4e, 0x44, 0x45, 0x52, 0x20,
  0x47, 0x52, 0x41, 0x4e, 0x4f, 0x22, 0x3b, 0x3a, 0xd8, 0x15, 0x2c, 0x0f,
  0x13, 0x3a, 0x91, 0x22, 0x33, 0x2e, 0x20, 0x43, 0x4f, 0x4e, 0x54, 0x49,
  0x4e, 0x55, 0x41, 0x52, 0x22, 0x3b, 0x00, 0x90, 0x94, 0x3c, 0x00, 0x4b,
  0x24, 0xef, 0xec, 0x3a, 0x4b, 0xef, 0xff, 0x94, 0x28, 0x4b, 0x24, 0x29,
  0x3a, 0x8b, 0x4b, 0xf0, 0x12, 0xf7, 0x4b, 0xee, 0x14, 0x89, 0x0e, 0x3c,
  0x00, 0x3a, 0xa1, 0xc1, 0x22, 0x54, 0x32, 0x35, 0x35, 0x4f, 0x35, 0x4c,
  0x36, 0x34, 0x44, 0x22, 0x3a, 0x95, 0x4b, 0x89, 0x0e, 0x3d, 0x00, 0x2c,
  0x0e, 0x3e, 0x00, 0x2c, 0x0e, 0x41, 0x00, 0x00, 0x4a, 0x95, 0x3d, 0x00,
  0x9f, 0x3a, 0xd8, 0x13, 0x2c, 0x14, 0x3a, 0x91, 0x22, 0x43, 0x55, 0x41,
  0x4e, 0x54, 0x4f, 0x20, 0x47, 0x52, 0x41, 0x4e, 0x4f, 0x20, 0x51, 0x55,
  0x49, 0x45, 0x52, 0x45, 0x53, 0x20, 0x43, 0x4f, 0x4d, 0x50, 0x52, 0x41,
  0x52, 0x22, 0x3b, 0x3a, 0xd8, 0x13, 0x2c, 0x1a, 0x3a, 0x91, 0x22, 0x43,
  0x4f, 0x53, 0x54, 0x45, 0x20, 0x3a, 0x20, 0x22, 0x3b, 0x3a, 0x91, 0xe4,
  0x22, 0x24, 0x24, 0x23, 0x2e, 0x23, 0x23, 0x22, 0x3b, 0x47, 0x43, 0x3b,
  0x3a, 0x91, 0x22, 0x20, 0x50, 0x4f, 0x52, 0x20, 0x31, 0x30, 0x30, 0x20,
  0x43, 0x45, 0x4c, 0x2e, 0x22, 0x3b, 0x3a, 0xd8, 0x13, 0x2c, 0x15, 0x3a,
  0x91, 0x22, 0x22, 0x3b, 0x3a, 0x85, 0x22, 0x28, 0x45, 0x4e, 0x20, 0x43,
  0x45, 0x4c, 0x45, 0x4d, 0x49, 0x4e, 0x45, 0x53, 0x29, 0x22, 0x3b, 0x58,
  0x3a, 0xc1, 0x22, 0x54, 0x32, 0x35, 0x35, 0x4f, 0x35, 0x4c, 0x36, 0x34,
  0x44, 0x22, 0x3a, 0x4d, 0x28, 0x54, 0x2c, 0x0f, 0x0a, 0x29, 0xef, 0x4d,
  0x28, 0x54, 0x2c, 0x0f, 0x0a, 0x29, 0xf1, 0x58, 0x3a, 0x4d, 0x28, 0x54,
  0x2c, 0x11, 0x29, 0xef, 0x4d, 0x28, 0x54, 0x2c, 0x11, 0x29, 0xf2, 0x28,
  0x58, 0xf4, 0x0f, 0x64, 0x29, 0xf3, 0x47, 0x43, 0x3a, 0x89, 0x0e, 0x39,
  0x00, 0x00, 0xe3, 0x95, 0x3e, 0x00, 0x9f, 0x3a, 0xd8, 0x13, 0x2c, 0x14,
  0x3a, 0x91, 0x22, 0x43, 0x55, 0x41, 0x4e, 0x54, 0x4f, 0x20, 0x47, 0x52,
  0x41, 0x4e, 0x4f, 0x20, 0x51, 0x55, 0x49, 0x45, 0x52, 0x45, 0x53, 0x20,
  0x56, 0x45, 0x4e, 0x44, 0x45, 0x52, 0x22, 0x3b, 0x3a, 0xd8, 0x13, 0x2c,
  0x1a, 0x3a, 0x91, 0x22, 0x43, 0x4f, 0x53, 0x54, 0x45, 0x20, 0x3a, 0x20,
  0x22, 0x3b, 0x3a, 0x91, 0xe4, 0x22, 0x24, 0x24, 0x23, 0x2e, 0x23, 0x23,
  0x22, 0x3b, 0x47, 0x43, 0x3b, 0x3a, 0x91, 0x22, 0x20, 0x50, 0x4f, 0x52,
  0x20, 0x31, 0x30, 0x30, 0x20, 0x43, 0x45, 0x4c, 0x2e, 0x22, 0x3b, 0x3a,
  0xd8, 0x13, 0x2c, 0x15, 0x3a, 0x91, 0x22, 0x22, 0x3b, 0x3a, 0x85, 0x22,
  0x28, 0x45, 0x4e, 0x20, 0x43, 0x45, 0x4c, 0x45, 0x4d, 0x49, 0x4e, 0x45,
  0x53, 0x29, 0x22, 0x3b, 0x58, 0x3a, 0xc1, 0x22, 0x54, 0x32, 0x35, 0x35,
  0x4f, 0x35, 0x4c, 0x36, 0x34, 0x44, 0x22, 0x3a, 0x8b, 0x58, 0xee, 0x4d,
  0x28, 0x54, 0x2c, 0x0f, 0x0a, 0x29, 0x89, 0x0e, 0x40, 0x00, 0x00, 0x16,
  0x96, 0x3f, 0x00, 0x4d, 0x28, 0x54, 0x2c, 0x0f, 0x0a, 0x29, 0xef, 0x4d,
  0x28, 0x54, 0x2c, 0x0f, 0x0a, 0x29, 0xf2, 0x58, 0x3a, 0x4d, 0x28, 0x54,
  0x2c, 0x11, 0x29, 0xef, 0x4d, 0x28, 0x54, 0x2c, 0x11, 0x29, 0xf1, 0x28,
  0x58, 0xf4, 0x0f, 0x64, 0x29, 0xf3, 0x47, 0x43, 0x3a, 0x89, 0x0e, 0x39,
  0x00, 0x00, 0x4b, 0x96, 0x40, 0x00, 0x9f, 0x3a, 0xd8, 0x14, 0x2c, 0x14,
  0x3a, 0x91, 0x22, 0x4e, 0x4f, 0x20, 0x54, 0x49, 0x45, 0x4e, 0x45, 0x53,
  0x20, 0x53, 0x55, 0x46, 0x49, 0x43, 0x49, 0x45, 0x4e, 0x54, 0x45, 0x21,
  0x21, 0x22, 0x3a, 0x82, 0x58, 0xef, 0x12, 0xd9, 0x1c, 0xe8, 0x03, 0x3a,
  0x83, 0x3a, 0x89, 0x0e, 0x3e, 0x00, 0x00, 0x2b, 0x97, 0x41, 0x00, 0x8b,
  0x4d, 0x28, 0x54, 0x2c, 0x1a, 0x29, 0xf4, 0x0f, 0x96, 0xef, 0xf0, 0x4d,
  0x28, 0x54, 0x2c, 0x16, 0x29, 0x89, 0x0e, 0x0f, 0x00, 0x3a, 0xa1, 0x59,
  0x32, 0xef, 0x4d, 0x28, 0x54, 0x2c, 0x1a, 0x29, 0xf4, 0x0f, 0x96, 0xf2,
  0x4d, 0x28, 0x54, 0x2c, 0x16, 0x29, 0x3a, 0x8b, 0x28, 0xff, 0x85, 0x28,
  0xff, 0x88, 0x28, 0x12, 0x29, 0xf3, 0x14, 0xf1, 0x12, 0x29, 0x29, 0xee,
  0x59, 0x32, 0x89, 0x0e, 0x0f, 0x00, 0x3a, 0xa1, 0x58, 0x33, 0xef, 0x13,
  0x3a, 0x58, 0x24, 0xef, 0x22, 0x5f, 0x5f, 0x5f, 0x5f, 0x5f, 0x41, 0x54,
  0x41, 0x51, 0x55, 0x45, 0x5f, 0x44, 0x45, 0x5f, 0x42, 0x41, 0x4e, 0x44,
  0x49, 0x44, 0x4f, 0x53, 0x5f, 0x5f, 0x5f, 0x5f, 0x5f, 0x22, 0x3a, 0x8d,
  0x0e, 0xac, 0x00, 0x3a, 0x9f, 0x3a, 0xd8, 0x11, 0x2c, 0x13, 0x3a, 0x91,
  0x22, 0x48, 0x41, 0x53, 0x20, 0x53, 0x49, 0x44, 0x4f, 0x20, 0x41, 0x54,
  0x41, 0x43, 0x41, 0x44, 0x4f, 0x20, 0x50, 0x4f, 0x52, 0x20, 0x42, 0x41,
  0x4e, 0x44, 0x49, 0x44, 0x4f, 0x53, 0x20, 0x20, 0x20, 0x53, 0x41, 0x52,
  0x52, 0x41, 0x43, 0x45, 0x4e, 0x4f, 0x53, 0x2e, 0x20, 0x4c, 0x4f, 0x53,
  0x20, 0x48, 0x41, 0x53, 0x20, 0x52, 0x45, 0x43, 0x48, 0x41, 0x5a, 0x41,
  0x44, 0x4f, 0x20, 0x20, 0x20, 0x50, 0x45, 0x52, 0x4f, 0x20, 0x53, 0x55,
  0x46, 0x52, 0x49, 0x45, 0x4e, 0x44, 0x4f, 0x20, 0x47, 0x52, 0x41, 0x4e,
  0x44, 0x45, 0x53, 0x20, 0x50, 0x45, 0x52, 0x44, 0x49, 0x44, 0x41, 0x53,
  0x2e, 0x22, 0x00, 0x8d, 0x97, 0x42, 0x00, 0x91, 0x22, 0x54, 0x55, 0x20,
  0x43, 0x4f, 0x4e, 0x53, 0x45, 0x4a, 0x45, 0x52, 0x4f, 0x20, 0x44, 0x45,
  0x20, 0x44, 0x45, 0x46, 0x45, 0x4e, 0x53, 0x41, 0x20, 0x44, 0x49, 0x43,
  0x45, 0x20, 0x20, 0x20, 0x20, 0x51, 0x55, 0x45, 0x20, 0x4e, 0x45, 0x43,
  0x45, 0x53, 0x49, 0x54, 0x41, 0x20, 0x4d, 0x41, 0x53, 0x20, 0x53, 0x4f,
  0x4c, 0x44, 0x41, 0x44, 0x4f, 0x53, 0x20, 0x20, 0x20, 0x20, 0x20, 0x20,
  0x20, 0x50, 0x41, 0x52, 0x41, 0x20, 0x50, 0x52, 0x4f, 0x54, 0x45, 0x47,
  0x45, 0x52, 0x20, 0x54, 0x41, 0x4e, 0x54, 0x41, 0x20, 0x54, 0x49, 0x45,
  0x52, 0x52, 0x41, 0x22, 0x00, 0x9b, 0x97, 0x43, 0x00, 0x8d, 0x0e, 0xad,
  0x00, 0x3a, 0x8d, 0x0e, 0xc3, 0x00, 0x00, 0xa4, 0x97, 0x46, 0x00, 0x89,
  0x0e, 0x0f, 0x00, 0x00, 0x50, 0x98, 0x47, 0x00, 0x5a, 0x24, 0xef, 0x22,
  0x60, 0x61, 0x62, 0x63, 0x64, 0x65, 0x66, 0x67, 0x22, 0x3a, 0x8d, 0x0e,
  0xb5, 0x00, 0x3a, 0xd8, 0x13, 0x2c, 0x13, 0x3a, 0x91, 0x22, 0x54, 0x49,
  0x45, 0x4e, 0x45, 0x53, 0x20, 0x20, 0x22, 0x3b, 0x3a, 0x91, 0xe4, 0x22,
  0x24, 0x24, 0x23, 0x2c, 0x23, 0x23, 0x23, 0x2c, 0x23, 0x23, 0x23, 0x2e,
  0x23, 0x23, 0x2d, 0x22, 0x3b, 0x4d, 0x28, 0x54, 0x2c, 0x11, 0x29, 0x3b,
  0x3a, 0xd8, 0x12, 0x2c, 0x14, 0x3a, 0x91, 0xe3, 0x28, 0x0f, 0x1e, 0x2c,
  0x0f, 0x70, 0x29, 0x3b, 0x3a, 0xd8, 0x14, 0x2c, 0x15, 0x3a, 0x91, 0x22,
  0x50, 0x4f, 0x53, 0x49, 0x42, 0x49, 0x4c, 0x49, 0x44, 0x41, 0x44, 0x45,
  0x53, 0x20, 0x44, 0x45, 0x20, 0x49, 0x4e, 0x56, 0x45, 0x52, 0x53, 0x49,
  0x4f, 0x4e, 0x22, 0x3b, 0x3a, 0xd8, 0x12, 0x2c, 0x16, 0x3a, 0x91, 0xe3,
  0x28, 0x0f, 0x1e, 0x2c, 0x0f, 0x70, 0x29, 0x3b, 0x3a, 0xd8, 0x13, 0x2c,
  0x18, 0x3a, 0x91, 0x22, 0x31, 0x2e, 0x20, 0x48, 0x55, 0x52, 0x4f, 0x4e,
  0x22, 0x3b, 0x3a, 0xd8, 0x0f, 0x18, 0x2c, 0x18, 0x3a, 0x91, 0x22, 0x24,
  0x35, 0x30, 0x2e, 0x30, 0x30, 0x22, 0x3b, 0x00, 0x03, 0x99, 0x48, 0x00,
  0xd8, 0x13, 0x2c, 0x19, 0x3a, 0x91, 0x22, 0x32, 0x2e, 0x20, 0x42, 0x41,
  0x52, 0x43, 0x4f, 0x20, 0x44, 0x45, 0x20, 0x50, 0x45, 0x53, 0x43, 0x41,
  0x22, 0x3b, 0x3a, 0xd8, 0x0f, 0x17, 0x2c, 0x19, 0x3a, 0x91, 0x22, 0x24,
  0x35, 0x30, 0x30, 0x2e, 0x30, 0x30, 0x22, 0x3b, 0x3a, 0xd8, 0x13, 0x2c,
  0x1a, 0x3a, 0x91, 0x22, 0x33, 0x2e, 0x20, 0x43, 0x55, 0x41, 0x52, 0x54,
  0x45, 0x4c, 0x22, 0x3b, 0x3a, 0xd8, 0x0f, 0x15, 0x2c, 0x1a, 0x3a, 0x91,
  0x22, 0x24, 0x32, 0x2c, 0x35, 0x30, 0x30, 0x2e, 0x30, 0x30, 0x22, 0x3b,
  0x3a, 0xd8, 0x13, 0x2c, 0x0f, 0x0a, 0x3a, 0x91, 0x22, 0x34, 0x2e, 0x20,
  0x4d, 0x45, 0x52, 0x43, 0x41, 0x44, 0x4f, 0x22, 0x3b, 0x3a, 0xd8, 0x0f,
  0x15, 0x2c, 0x0f, 0x0a, 0x3a, 0x91, 0x22, 0x24, 0x31, 0x2c, 0x32, 0x35,
  0x30, 0x2e, 0x30, 0x30, 0x22, 0x3b, 0x3a, 0xd8, 0x13, 0x2c, 0x0f, 0x0b,
  0x3a, 0x91, 0x22, 0x35, 0x2e, 0x20, 0x45, 0x4e, 0x54, 0x52, 0x45, 0x4e,
  0x41, 0x52, 0x20, 0x54, 0x52, 0x4f, 0x50, 0x41, 0x53, 0x22, 0x3b, 0x3a,
  0xd8, 0x0f, 0x17, 0x2c, 0x0f, 0x0b, 0x3a, 0x91, 0x22, 0x24, 0x33, 0x30,
  0x30, 0x2e, 0x30, 0x30, 0x22, 0x3b, 0x00, 0xb2, 0x99, 0x49, 0x00, 0xd8,
  0x13, 0x2c, 0x0f, 0x0c, 0x3a, 0x91, 0x22, 0x36, 0x2e, 0x20, 0x43, 0x4f,
  0x4e, 0x53, 0x54, 0x52, 0x55, 0x49, 0x52, 0x20, 0x54, 0x4f, 0x52, 0x52,
  0x45, 0x22, 0x3b, 0x3a, 0xd8, 0x0f, 0x15, 0x2c, 0x0f, 0x0c, 0x3a, 0x91,
  0x22, 0x24, 0x38, 0x2c, 0x30, 0x30, 0x30, 0x2e, 0x30, 0x30, 0x22, 0x3b,
  0x3a, 0xd8, 0x13, 0x2c, 0x0f, 0x0d, 0x3a, 0x91, 0x22, 0x37, 0x2e, 0x20,
  0x43, 0x41, 0x54, 0x45, 0x44, 0x52, 0x41, 0x4c, 0x22, 0x3b, 0x3a, 0xd8,
  0x0f, 0x14, 0x2c, 0x0f, 0x0d, 0x3a, 0x91, 0x22, 0x24, 0x31, 0x34, 0x2c,
  0x30, 0x30, 0x30, 0x2e, 0x30, 0x30, 0x22, 0x3b, 0x3a, 0xd8, 0x13, 0x2c,
  0x0f, 0x0e, 0x3a, 0x91, 0x22, 0x38, 0x2e, 0x20, 0x54, 0x49, 0x45, 0x52,
  0x52, 0x41, 0x20, 0x28, 0x50, 0x4f, 0x52, 0x20, 0x41, 0x43, 0x52, 0x45,
  0x29, 0x22, 0x3b, 0x3a, 0xd8, 0x0f, 0x17, 0x2c, 0x0f, 0x0e, 0x3a, 0x91,
  0xe4, 0x22, 0x24, 0x24, 0x23, 0x23, 0x2e, 0x23, 0x23, 0x22, 0x3b, 0x4c,
  0x43, 0x3b, 0x3a, 0xd8, 0x13, 0x2c, 0x0f, 0x0f, 0x3a, 0x91, 0x22, 0x39,
  0x2e, 0x20, 0x43, 0x4f, 0x4e, 0x54, 0x49, 0x4e, 0x55, 0x41, 0x52, 0x22,
  0x3b, 0x00, 0x0d, 0x9a, 0x4a, 0x00, 0x4b, 0x24, 0xef, 0xec, 0x3a, 0x4b,
  0xef, 0xff, 0x94, 0x28, 0x4b, 0x24, 0x29, 0x3a, 0x8b, 0x4b, 0xf0, 0x12,
  0xf7, 0x4b, 0xee, 0x1a, 0x89, 0x0e, 0x4a, 0x00, 0x3a, 0xa1, 0xc1, 0x22,
  0x54, 0x32, 0x35, 0x35, 0x4f, 0x35, 0x4c, 0x36, 0x34, 0x44, 0x22, 0x3a,
  0x8b, 0x4b, 0xef, 0x1a, 0x89, 0x0e, 0x10, 0x00, 0x3a, 0xa1, 0x95, 0x4b,
  0x89, 0x0e, 0x4b, 0x00, 0x2c, 0x0e, 0x4c, 0x00, 0x2c, 0x0e, 0x4d, 0x00,
  0x2c, 0x0e, 0x4e, 0x00, 0x2c, 0x0e, 0x4f, 0x00, 0x2c, 0x0e, 0x50, 0x00,
  0x2c, 0x0e, 0x51, 0x00, 0x2c, 0x0e, 0x55, 0x00, 0x00, 0x37, 0x9a, 0x4b,
  0x00, 0x4d, 0x28, 0x54, 0x2c, 0x12, 0x29, 0xef, 0x4d, 0x28, 0x54, 0x2c,
  0x12, 0x29, 0xf1, 0x12, 0x3a, 0x4d, 0x28, 0x54, 0x2c, 0x11, 0x29, 0xef,
  0x4d, 0x28, 0x54, 0x2c, 0x11, 0x29, 0xf2, 0x0f, 0x32, 0x3a, 0x89, 0x0e,
  0x52, 0x00, 0x00, 0x80, 0x9a, 0x4c, 0x00, 0x4d, 0x28, 0x54, 0x2c, 0x0f,
  0x0f, 0x29, 0xef, 0x4d, 0x28, 0x54, 0x2c, 0x0f, 0x0f, 0x29, 0xf1, 0xff,
  0x85, 0x28, 0xff, 0x88, 0x28, 0x12, 0x29, 0xf3, 0x14, 0xf1, 0x12, 0x29,
  0x3a, 0x4d, 0x28, 0x54, 0x2c, 0x13, 0x29, 0xef, 0x4d, 0x28, 0x54, 0x2c,
  0x13, 0x29, 0xf1, 0x12, 0x3a, 0x4d, 0x28, 0x54, 0x2c, 0x11, 0x29, 0xef,
  0x4d, 0x28, 0x54, 0x2c, 0x11, 0x29, 0xf2, 0x1c, 0xf4, 0x01, 0x3a, 0x89,
  0x0e, 0x52, 0x00, 0x00, 0xe7, 0x9a, 0x4d, 0x00, 0x4d, 0x28, 0x54, 0x2c,
  0x0f, 0x0d, 0x29, 0xef, 0x4d, 0x28, 0x54, 0x2c, 0x0f, 0x0d, 0x29, 0xf1,
  0xff, 0x85, 0x28, 0xff, 0x88, 0x28, 0x12, 0x29, 0xf3, 0x13, 0xf1, 0x12,
  0x29, 0x3a, 0x4d, 0x28, 0x54, 0x2c, 0x0f, 0x0e, 0x29, 0xef, 0x4d, 0x28,
  0x54, 0x2c, 0x0f, 0x0e, 0x29, 0xf1, 0xff, 0x85, 0x28, 0xff, 0x88, 0x28,
  0x12, 0x29, 0xf3, 0x14, 0xf1, 0x12, 0x29, 0x3a, 0x4d, 0x28, 0x54, 0x2c,
  0x14, 0x29, 0xef, 0x4d, 0x28, 0x54, 0x2c, 0x14, 0x29, 0xf1, 0x12, 0x3a,
  0x4d, 0x28, 0x54, 0x2c, 0x11, 0x29, 0xef, 0x4d, 0x28, 0x54, 0x2c, 0x11,
  0x29, 0xf2, 0x1c, 0xc4, 0x09, 0x3a, 0x89, 0x0e, 0x52, 0x00, 0x00, 0x30,
  0x9b, 0x4e, 0x00, 0x4d, 0x28, 0x54, 0x2c, 0x0f, 0x0e, 0x29, 0xef, 0x4d,
  0x28, 0x54, 0x2c, 0x0f, 0x0e, 0x29, 0xf1, 0xff, 0x85, 0x28, 0xff, 0x88,
  0x28, 0x12, 0x29, 0xf3, 0x15, 0xf1, 0x12, 0x29, 0x3a, 0x4d, 0x28, 0x54,
  0x2c, 0x15, 0x29, 0xef, 0x4d, 0x28, 0x54, 0x2c, 0x15, 0x29, 0xf1, 0x12,
  0x3a, 0x4d, 0x28, 0x54, 0x2c, 0x11, 0x29, 0xef, 0x4d, 0x28, 0x54, 0x2c,
  0x11, 0x29, 0xf2, 0x1c, 0xe2, 0x04, 0x3a, 0x89, 0x0e, 0x52, 0x00, 0x00,
  0x7d, 0x9b, 0x4f, 0x00, 0x8b, 0x4d, 0x28, 0x54, 0x2c, 0x0f, 0x0b, 0x29,
  0xf0, 0x17, 0x89, 0x0e, 0x53, 0x00, 0x3a, 0xa1, 0x4d, 0x28, 0x54, 0x2c,
  0x16, 0x29, 0xef, 0x4d, 0x28, 0x54, 0x2c, 0x16, 0x29, 0xf1, 0x16, 0x3a,
  0x4d, 0x28, 0x54, 0x2c, 0x11, 0x29, 0xef, 0x4d, 0x28, 0x54, 0x2c, 0x11,
  0x29, 0xf2, 0x1c, 0x2c, 0x01, 0x3a, 0x4d, 0x28, 0x54, 0x2c, 0x0f, 0x0b,
  0x29, 0xef, 0x4d, 0x28, 0x54, 0x2c, 0x0f, 0x0b, 0x29, 0xf2, 0x16, 0x3a,
  0x89, 0x0e, 0x52, 0x00, 0x00, 0xf8, 0x9b, 0x50, 0x00, 0x8b, 0x4d, 0x28,
  0x54, 0x2c, 0x0f, 0x16, 0x29, 0xf0, 0x14, 0x89, 0x0e, 0x54, 0x00, 0x3a,
  0xa1, 0x4d, 0x28, 0x54, 0x2c, 0x0f, 0x0d, 0x29, 0xef, 0x4d, 0x28, 0x54,
  0x2c, 0x0f, 0x0d, 0x29, 0xf1, 0xff, 0x85, 0x28, 0xff, 0x88, 0x28, 0x12,
  0x29, 0xf3, 0x15, 0xf1, 0x12, 0x29, 0x3a, 0x4d, 0x28, 0x54, 0x2c, 0x0f,
  0x0c, 0x29, 0xef, 0x4d, 0x28, 0x54, 0x2c, 0x0f, 0x0c, 0x29, 0xf1, 0x20,
  0xff, 0x85, 0x28, 0xff, 0x88, 0x28, 0x12, 0x29, 0xf3, 0x14, 0xf1, 0x12,
  0x29, 0x20, 0xf2, 0x12, 0x3a, 0x4d, 0x28, 0x54, 0x2c, 0x17, 0x29, 0xef,
  0x4d, 0x28, 0x54, 0x2c, 0x17, 0x29, 0xf1, 0x12, 0x3a, 0x4d, 0x28, 0x54,
  0x2c, 0x11, 0x29, 0xef, 0x4d, 0x28, 0x54, 0x2c, 0x11, 0x29, 0xf2, 0x1c,
  0x40, 0x1f, 0x3a, 0x89, 0x0e, 0x52, 0x00, 0x00, 0x51, 0x9c, 0x51, 0x00,
  0x8b, 0x4d, 0x28, 0x54, 0x2c, 0x0f, 0x16, 0x29, 0xf0, 0x16, 0x89, 0x0e,
  0x54, 0x00, 0x3a, 0xa1, 0x4d, 0x28, 0x54, 0x2c, 0x18, 0x29, 0xef, 0x4d,
  0x28, 0x54, 0x2c, 0x18, 0x29, 0xf1, 0x12, 0x3a, 0x4d, 0x28, 0x54, 0x2c,
  0x0f, 0x0c, 0x29, 0xef, 0x4d, 0x28, 0x54, 0x2c, 0x0f, 0x0c, 0x29, 0xf1,
  0xff, 0x85, 0x28, 0xff, 0x88, 0x28, 0x12, 0x29, 0xf3, 0x15, 0xf1, 0x12,
  0x29, 0x3a, 0x4d, 0x28, 0x54, 0x2c, 0x11, 0x29, 0xef, 0x4d, 0x28, 0x54,
  0x2c, 0x11, 0x29, 0xf2, 0x1c, 0xb0, 0x36, 0x3a, 0x89, 0x0e, 0x52, 0x00,
  0x00, 0x8d, 0x9c, 0x52, 0x00, 0xd8, 0x13, 0x2c, 0x13, 0x3a, 0x91, 0x22,
  0x54, 0x49, 0x45, 0x4e, 0x45, 0x53, 0x20, 0x20, 0x22, 0x3b, 0x3a, 0x91,
  0xe4, 0x22, 0x24, 0x24, 0x23, 0x2c, 0x23, 0x23, 0x23, 0x2c, 0x23, 0x23,
  0x23, 0x2e, 0x23, 0x23, 0x2d, 0x22, 0x3b, 0x4d, 0x28, 0x54, 0x2c, 0x11,
  0x29, 0x3b, 0x3a, 0x4b, 0x24, 0xef, 0xec, 0x3a, 0x89, 0x0e, 0x4a, 0x00,
  0x00, 0xcb, 0x9c, 0x53, 0x00, 0x9f, 0x3a, 0xd8, 0x12, 0x2c, 0x16, 0x3a,
  0x91, 0x22, 0x4e, 0x4f, 0x20, 0x54, 0x49, 0x45, 0x4e, 0x45, 0x53, 0x20,
  0x53, 0x55, 0x46, 0x49, 0x43, 0x49, 0x45, 0x4e, 0x54, 0x45, 0x53, 0x20,
  0x56, 0x41, 0x53, 0x41, 0x4c, 0x4c, 0x4f, 0x53, 0x21, 0x22, 0x3a, 0x82,
  0x58, 0xef, 0x12, 0xd9, 0x1c, 0xe8, 0x03, 0x3a, 0x83, 0x3a, 0x89, 0x0e,
  0x47, 0x00, 0x00, 0x05, 0x9d, 0x54, 0x00, 0x9f, 0x3a, 0xd8, 0x13, 0x2c,
  0x16, 0x3a, 0x91, 0x22, 0x4e, 0x4f, 0x20, 0x54, 0x49, 0x45, 0x4e, 0x45,
  0x53, 0x20, 0x53, 0x55, 0x46, 0x49, 0x43, 0x49, 0x45, 0x4e, 0x54, 0x45,
  0x20, 0x52, 0x41, 0x4e, 0x47, 0x4f, 0x21, 0x22, 0x3a, 0x82, 0x58, 0xef,
  0x12, 0xd9, 0x1c, 0xe8, 0x03, 0x3a, 0x83, 0x3a, 0x89, 0x0e, 0x47, 0x00,
  0x00, 0x59, 0x9d, 0x55, 0x00, 0x9f, 0x3a, 0xd8, 0x13, 0x2c, 0x14, 0x3a,
  0x91, 0x22, 0x4d, 0x45, 0x52, 0x43, 0x41, 0x44, 0x4f, 0x20, 0x44, 0x45,
  0x20, 0x54, 0x49, 0x45, 0x52, 0x52, 0x41, 0x53, 0x20, 0x2d, 0x20, 0x45,
  0x53, 0x54, 0x41, 0x53, 0x3a, 0x22, 0x3a, 0xd8, 0x17, 0x2c, 0x16, 0x3a,
  0x91, 0x22, 0x31, 0x2e, 0x20, 0x43, 0x4f, 0x4d, 0x50, 0x52, 0x41, 0x4e,
  0x44, 0x4f, 0x22, 0x3a, 0xd8, 0x17, 0x2c, 0x17, 0x3a, 0x91, 0x22, 0x32,
  0x2e, 0x20, 0x56, 0x45, 0x4e, 0x44, 0x49, 0x45, 0x4e, 0x44, 0x4f, 0x22,
  0x00, 0x93, 0x9d, 0x56, 0x00, 0x4b, 0x24, 0xef, 0xec, 0x3a, 0x4b, 0xef,
  0xff, 0x94, 0x28, 0x4b, 0x24, 0x29, 0x3a, 0x8b, 0x4b, 0xf0, 0x12, 0xf7,
  0x4b, 0xee, 0x13, 0x89, 0x0e, 0x56, 0x00, 0x3a, 0xa1, 0xc1, 0x22, 0x54,
  0x32, 0x35, 0x35, 0x4f, 0x35, 0x4c, 0x36, 0x34, 0x44, 0x22, 0x3a, 0x95,
  0x4b, 0x20, 0x89, 0x0e, 0x57, 0x00, 0x2c, 0x0e, 0x58, 0x00, 0x00, 0x3b,
  0x9e, 0x57, 0x00, 0x9f, 0x3a, 0xd8, 0x13, 0x2c, 0x14, 0x3a, 0x91, 0x22,
  0x4c, 0x41, 0x20, 0x54, 0x49, 0x45, 0x52, 0x52, 0x41, 0x20, 0x43, 0x55,
  0x45, 0x53, 0x54, 0x41, 0x20, 0x22, 0x3b, 0x3a, 0x91, 0xe4, 0x22, 0x24,
  0x24, 0x23, 0x23, 0x2e, 0x23, 0x23, 0x22, 0x3b, 0x4c, 0x43, 0x3a, 0xd8,
  0x13, 0x2c, 0x16, 0x3a, 0x91, 0x22, 0x22, 0x3b, 0x3a, 0x85, 0x22, 0x43,
  0x55, 0x41, 0x4e, 0x54, 0x4f, 0x53, 0x20, 0x41, 0x43, 0x52, 0x45, 0x53,
  0x20, 0x43, 0x4f, 0x4d, 0x50, 0x52, 0x41, 0x53, 0x22, 0x3b, 0x4b, 0x3a,
  0xc1, 0x22, 0x54, 0x32, 0x35, 0x35, 0x4f, 0x35, 0x4c, 0x36, 0x34, 0x44,
  0x22, 0x3a, 0x4d, 0x28, 0x54, 0x2c, 0x11, 0x29, 0xef, 0x4d, 0x28, 0x54,
  0x2c, 0x11, 0x29, 0xf2, 0x28, 0x4c, 0x43, 0xf3, 0x4b, 0x29, 0x3a, 0x4d,
  0x28, 0x54, 0x2c, 0x1a, 0x29, 0xef, 0x4d, 0x28, 0x54, 0x2c, 0x1a, 0x29,
  0xf1, 0x4b, 0x3a, 0x4d, 0x28, 0x54, 0x2c, 0x0f, 0x0b, 0x29, 0xef, 0x4d,
  0x28, 0x54, 0x2c, 0x0f, 0x0b, 0x29, 0xf1, 0x28, 0xff, 0xa1, 0x28, 0x4b,
  0xf4, 0x0f, 0x19, 0x29, 0x29, 0x3a, 0x89, 0x0e, 0x47, 0x00, 0x00, 0xf5,
  0x9e, 0x58, 0x00, 0x9f, 0x3a, 0xd8, 0x13, 0x2c, 0x14, 0x3a, 0x91, 0x22,
  0x4c, 0x41, 0x20, 0x54, 0x49, 0x45, 0x52, 0x52, 0x41, 0x20, 0x43, 0x55,
  0x45, 0x53, 0x54, 0x41, 0x20, 0x22, 0x3b, 0x3a, 0x91, 0xe4, 0x22, 0x24,
  0x24, 0x23, 0x23, 0x2e, 0x23, 0x23, 0x22, 0x3b, 0x4c, 0x43, 0x3a, 0xd8,
  0x13, 0x2c, 0x16, 0x3a, 0x91, 0x22, 0x22, 0x3b, 0x3a, 0x85, 0x22, 0x43,
  0x55, 0x41, 0x4e, 0x54, 0x4f, 0x53, 0x20, 0x41, 0x43, 0x52, 0x45, 0x53,
  0x20, 0x56, 0x45, 0x4e, 0x44, 0x45, 0x53, 0x22, 0x3b, 0x4b, 0x3a, 0xc1,
  0x22, 0x54, 0x32, 0x35, 0x35, 0x4f, 0x35, 0x4c, 0x36, 0x34, 0x44, 0x22,
  0x3a, 0x8b, 0x4d, 0x28, 0x54, 0x2c, 0x1a, 0x29, 0xf2, 0x28, 0x0f, 0x64,
  0xf3, 0x28, 0x4d, 0x28, 0x54, 0x2c, 0x0f, 0x16, 0x29, 0xf3, 0x4d, 0x28,
  0x54, 0x2c, 0x0f, 0x16, 0x29, 0x29, 0x29, 0xf0, 0x4b, 0xda, 0xd8, 0x13,
  0x2c, 0x0f, 0x0a, 0x3a, 0x91, 0x22, 0x4e, 0x4f, 0x20, 0x54, 0x49, 0x45,
  0x4e, 0x45, 0x53, 0x20, 0x53, 0x55, 0x46, 0x49, 0x43, 0x49, 0x45, 0x4e,
  0x54, 0x45, 0x20, 0x54, 0x49, 0x45, 0x52, 0x52, 0x41, 0x21, 0x21, 0x22,
  0x3a, 0x82, 0x58, 0xef, 0x12, 0xd9, 0x1c, 0xe8, 0x03, 0x3a, 0x83, 0x3a,
  0x89, 0x0e, 0x58, 0x00, 0x00, 0x39, 0x9f, 0x59, 0x00, 0x4d, 0x28, 0x54,
  0x2c, 0x1a, 0x29, 0xef, 0x4d, 0x28, 0x54, 0x2c, 0x1a, 0x29, 0xf2, 0x4b,
  0x3a, 0x4d, 0x28, 0x54, 0x2c, 0x11, 0x29, 0xef, 0x4d, 0x28, 0x54, 0x2c,
  0x11, 0x29, 0xf1, 0x28, 0x4c, 0x43, 0xf3, 0x4b, 0x29, 0x3a, 0x4d, 0x28,
  0x54, 0x2c, 0x0f, 0x0b, 0x29, 0xef, 0x4d, 0x28, 0x54, 0x2c, 0x0f, 0x0b,
  0x29, 0xf2, 0x28, 0xff, 0xa1, 0x28, 0x4b, 0xf4, 0x0f, 0x19, 0x29, 0x29,
  0x00, 0x54, 0x9f, 0x5a, 0x00, 0x8b, 0x4d, 0x28, 0x54, 0x2c, 0x0f, 0x0b,
  0x29, 0xf0, 0x0f, 0x0a, 0xda, 0x4d, 0x28, 0x54, 0x2c, 0x0f, 0x0b, 0x29,
  0xef, 0x0f, 0x0a, 0x00, 0x5d, 0x9f, 0x5b, 0x00, 0x89, 0x0e, 0x47, 0x00,
  0x00, 0xb7, 0x9f, 0x5c, 0x00, 0x9f, 0x3a, 0x91, 0x22, 0x20, 0x20, 0x20,
  0x20, 0x20, 0x20, 0x20, 0x42, 0x41, 0x4c, 0x41, 0x4e, 0x43, 0x45, 0x20,
  0x2d, 0x20, 0x41, 0x5c, 0x4f, 0x22, 0x3b, 0x44, 0x54, 0x3a, 0x91, 0xe3,
  0x28, 0x0f, 0x20, 0x2c, 0x0f, 0x70, 0x29, 0x3b, 0x3a, 0x91, 0x22, 0x20,
  0x20, 0x20, 0x54, 0x45, 0x53, 0x4f, 0x52, 0x4f, 0x20, 0x20, 0x20, 0x20,
  0x20, 0x20, 0x54, 0x49, 0x45, 0x52, 0x52, 0x41, 0x20, 0x20, 0x53, 0x4f,
  0x4c, 0x44, 0x41, 0x44, 0x4f, 0x53, 0x22, 0x3a, 0x91, 0xe3, 0x28, 0x0f,
  0x20, 0x2c, 0x0f, 0x70, 0x29, 0x3b, 0x00, 0x27, 0xa0, 0x5d, 0x00, 0x82,
  0x58, 0xef, 0x12, 0xd9, 0x4e, 0x50, 0x3a, 0x91, 0x22, 0x20, 0x22, 0x3b,
  0x50, 0x54, 0x24, 0x28, 0x58, 0x29, 0x3b, 0x50, 0x4e, 0x24, 0x28, 0x58,
  0x29, 0x3a, 0x91, 0xe4, 0x22, 0x24, 0x24, 0x23, 0x2c, 0x23, 0x23, 0x23,
  0x2c, 0x23, 0x23, 0x23, 0x2e, 0x23, 0x23, 0x2d, 0x22, 0x3b, 0x4d, 0x28,
  0x58, 0x2c, 0x11, 0x29, 0x3b, 0x3a, 0x91, 0x22, 0x20, 0x22, 0x3b, 0x3a,
  0x91, 0xe4, 0x22, 0x23, 0x23, 0x23, 0x23, 0x23, 0x22, 0x3b, 0x4d, 0x28,
  0x58, 0x2c, 0x1a, 0x29, 0x3b, 0x3a, 0x91, 0x22, 0x20, 0x20, 0x20, 0x20,
  0x20, 0x20, 0x22, 0x3b, 0x3a, 0x91, 0xe4, 0x22, 0x23, 0x23, 0x23, 0x23,
  0x22, 0x3b, 0x4d, 0x28, 0x58, 0x2c, 0x16, 0x29, 0x3a, 0x83, 0x00, 0xd0,
  0xa0, 0x5e, 0x00, 0x8d, 0x0e, 0xad, 0x00, 0x3a, 0x9f, 0x3a, 0x91, 0x22,
  0x20, 0x56, 0x41, 0x53, 0x41, 0x4c, 0x4c, 0x4f, 0x53, 0x20, 0x20, 0x20,
  0x4d, 0x41, 0x52, 0x49, 0x4e, 0x4f, 0x53, 0x20, 0x20, 0x20, 0x4d, 0x45,
  0x52, 0x43, 0x41, 0x44, 0x45, 0x52, 0x45, 0x53, 0x22, 0x3a, 0x91, 0xe3,
  0x28, 0x0f, 0x20, 0x2c, 0x0f, 0x70, 0x29, 0x3b, 0x3a, 0x82, 0x58, 0xef,
  0x12, 0xd9, 0x4e, 0x50, 0x3a, 0x91, 0x50, 0x54, 0x24, 0x28, 0x58, 0x29,
  0x3b, 0x50, 0x4e, 0x24, 0x28, 0x58, 0x29, 0x3a, 0x91, 0x22, 0x20, 0x20,
  0x20, 0x20, 0x22, 0x3b, 0x3a, 0x91, 0xe4, 0x22, 0x23, 0x23, 0x23, 0x23,
  0x23, 0x22, 0x3b, 0x4d, 0x28, 0x58, 0x2c, 0x0f, 0x0b, 0x29, 0x3b, 0x3a,
  0x91, 0x22, 0x20, 0x20, 0x20, 0x20, 0x20, 0x20, 0x22, 0x3b, 0x3a, 0x91,
  0xe4, 0x22, 0x23, 0x23, 0x23, 0x23, 0x22, 0x3b, 0x4d, 0x28, 0x58, 0x2c,
  0x0f, 0x0f, 0x29, 0x3b, 0x3a, 0x91, 0x22, 0x20, 0x20, 0x20, 0x20, 0x20,
  0x20, 0x20, 0x20, 0x20, 0x22, 0x3b, 0x3a, 0x91, 0xe4, 0x22, 0x23, 0x23,
  0x23, 0x23, 0x22, 0x3b, 0x4d, 0x28, 0x58, 0x2c, 0x0f, 0x0e, 0x29, 0x00,
  0x5c, 0xa1, 0x5f, 0x00, 0x83, 0x3a, 0x8d, 0x0e, 0xad, 0x00, 0x3a, 0x9f,
  0x3a, 0x91, 0x22, 0x20, 0x20, 0x20, 0x20, 0x20, 0x4e, 0x4f, 0x42, 0x4c,
  0x45, 0x53, 0x20, 0x20, 0x20, 0x20, 0x20, 0x20, 0x43, 0x4c, 0x45, 0x52,
  0x49, 0x47, 0x4f, 0x53, 0x22, 0x3a, 0x91, 0xe3, 0x28, 0x0f, 0x20, 0x2c,
  0x0f, 0x70, 0x29, 0x3b, 0x3a, 0x82, 0x58, 0xef, 0x12, 0xd9, 0x4e, 0x50,
  0x3a, 0x91, 0x50, 0x54, 0x24, 0x28, 0x58, 0x29, 0x3b, 0x50, 0x4e, 0x24,
  0x28, 0x58, 0x29, 0x3a, 0x91, 0x22, 0x20, 0x20, 0x20, 0x20, 0x20, 0x20,
  0x20, 0x22, 0x3b, 0x3a, 0x91, 0xe4, 0x22, 0x23, 0x23, 0x23, 0x23, 0x22,
  0x3b, 0x4d, 0x28, 0x58, 0x2c, 0x0f, 0x0d, 0x29, 0x3b, 0x3a, 0x91, 0x22,
  0x20, 0x20, 0x20, 0x20, 0x20, 0x20, 0x20, 0x20, 0x20, 0x20, 0x22, 0x3b,
  0x3a, 0x91, 0xe4, 0x22, 0x23, 0x23, 0x23, 0x23, 0x22, 0x3b, 0x4d, 0x28,
  0x58, 0x2c, 0x0f, 0x0c, 0x29, 0x3a, 0x83, 0x00, 0x67, 0xa1, 0x60, 0x00,
  0x8d, 0x0e, 0xad, 0x00, 0x3a, 0x8e, 0x00, 0x73, 0xa1, 0x61, 0x00, 0x41,
  0xef, 0xdd, 0x13, 0x28, 0x11, 0x29, 0x00, 0x96, 0xa1, 0x63, 0x00, 0x59,
  0xef, 0x4d, 0x28, 0x54, 0x2c, 0x1a, 0x29, 0x3a, 0x59, 0x31, 0xef, 0x59,
  0xf4, 0x1c, 0xf4, 0x01, 0x3a, 0x8b, 0x59, 0x31, 0xee, 0x0f, 0x3a, 0xda,
  0x59, 0x31, 0xef, 0x0f, 0x3a, 0x00, 0xaa, 0xa1, 0x64, 0x00, 0xd8, 0x15,
  0x2c, 0x0f, 0x15, 0x3a, 0x53, 0xef, 0x17, 0x3a, 0x8d, 0x20, 0x0e, 0xb8,
  0x00, 0x00, 0xe9, 0xa1, 0x65, 0x00, 0x8b, 0x59, 0x31, 0xee, 0x0f, 0x1d,
  0xda, 0xd8, 0x13, 0x2c, 0x0f, 0x10, 0x3a, 0x91, 0xe3, 0x28, 0x0f, 0x1d,
  0x2c, 0x0f, 0x91, 0x29, 0x3a, 0xd8, 0x13, 0x2c, 0x0f, 0x11, 0x3a, 0x91,
  0xe3, 0x28, 0x59, 0x31, 0xf2, 0x0f, 0x1d, 0x2c, 0x0f, 0x91, 0x29, 0x3a,
  0xa1, 0xd8, 0x13, 0x2c, 0x0f, 0x10, 0x3a, 0x91, 0xe3, 0x28, 0x59, 0x31,
  0x2c, 0x0f, 0x91, 0x29, 0x00, 0x17, 0xa2, 0x6d, 0x00, 0x8b, 0x4d, 0x28,
  0x54, 0x2c, 0x13, 0x29, 0xef, 0x11, 0x89, 0x0e, 0x6f, 0x00, 0x3a, 0xa1,
  0x59, 0xef, 0x4d, 0x28, 0x54, 0x2c, 0x13, 0x29, 0x3a, 0x59, 0x31, 0xef,
  0x59, 0x3a, 0x8b, 0x59, 0x31, 0xee, 0x0f, 0x0f, 0xda, 0x59, 0x31, 0xef,
  0x0f, 0x0f, 0x00, 0x48, 0xa2, 0x6e, 0x00, 0x82, 0x58, 0xef, 0x12, 0xd9,
  0x59, 0x31, 0x3a, 0xd8, 0x58, 0xf3, 0x13, 0xf2, 0x12, 0x2c, 0x0f, 0x13,
  0x3a, 0x91, 0xff, 0x96, 0x28, 0x0f, 0xab, 0x29, 0x3a, 0x83, 0x3a, 0xd8,
  0x0f, 0x0d, 0x2c, 0x0f, 0x15, 0x3a, 0x53, 0xef, 0x13, 0x3a, 0x8d, 0x20,
  0x0e, 0xb8, 0x00, 0x00, 0x6f, 0xa2, 0x6f, 0x00, 0x8b, 0x4d, 0x28, 0x54,
  0x2c, 0x15, 0x29, 0xef, 0x11, 0x89, 0x0e, 0x71, 0x00, 0x3a, 0xa1, 0x59,
  0xef, 0x4d, 0x28, 0x54, 0x2c, 0x15, 0x29, 0x3a, 0x8b, 0x59, 0xee, 0x0f,
  0x63, 0xda, 0x59, 0xef, 0x0f, 0x63, 0x00, 0x84, 0xa2, 0x70, 0x00, 0xd8,
  0x0f, 0x12, 0x2c, 0x0f, 0x15, 0x3a, 0x53, 0xef, 0x13, 0x3a, 0x8d, 0x20,
  0x0e, 0xb8, 0x00, 0x00, 0xab, 0xa2, 0x71, 0x00, 0x8b, 0x4d, 0x28, 0x54,
  0x2c, 0x14, 0x29, 0xef, 0x11, 0x89, 0x0e, 0x73, 0x00, 0x3a, 0xa1, 0x59,
  0xef, 0x4d, 0x28, 0x54, 0x2c, 0x14, 0x29, 0x3a, 0x8b, 0x59, 0xee, 0x0f,
  0x63, 0xda, 0x59, 0xef, 0x0f, 0x63, 0x00, 0xc0, 0xa2, 0x72, 0x00, 0xd8,
  0x0f, 0x17, 0x2c, 0x0f, 0x15, 0x3a, 0x53, 0xef, 0x13, 0x3a, 0x8d, 0x20,
  0x0e, 0xb8, 0x00, 0x00, 0xe7, 0xa2, 0x73, 0x00, 0x8b, 0x4d, 0x28, 0x54,
  0x2c, 0x18, 0x29, 0xef, 0x11, 0x89, 0x0e, 0x75, 0x00, 0x3a, 0xa1, 0x59,
  0xef, 0x4d, 0x28, 0x54, 0x2c, 0x18, 0x29, 0x3a, 0x8b, 0x59, 0xee, 0x0f,
  0x63, 0xda, 0x59, 0xef, 0x0f, 0x63, 0x00, 0xfc, 0xa2, 0x74, 0x00, 0xd8,
  0x0f, 0x1c, 0x2c, 0x0f, 0x15, 0x3a, 0x53, 0xef, 0x13, 0x3a, 0x8d, 0x20,
  0x0e, 0xb8, 0x00, 0x00, 0x21, 0xa3, 0x75, 0x00, 0x8b, 0x4d, 0x28, 0x54,
  0x2c, 0x17, 0x29, 0xef, 0x11, 0x89, 0x0e, 0x80, 0x00, 0x3a, 0xa1, 0x59,
  0xef, 0x4d, 0x28, 0x54, 0x2c, 0x17, 0x29, 0x3a, 0x8b, 0x59, 0xee, 0x1a,
  0xda, 0x59, 0xef, 0x1a, 0x00, 0x34, 0xa3, 0x76, 0x00, 0x5a, 0x25, 0xef,
  0x59, 0x3a, 0x5a, 0x25, 0xef, 0xdd, 0x14, 0x28, 0x5a, 0x25, 0x29, 0x00,
  0x3d, 0xa3, 0x80, 0x00, 0x8d, 0x0e, 0xb7, 0x00, 0x00, 0x51, 0xa3, 0x81,
  0x00, 0xc1, 0x22, 0x54, 0x32, 0x35, 0x35, 0x4f, 0x35, 0x4c, 0x36, 0x34,
  0x45, 0x22, 0x3a, 0x8e, 0x00, 0x23, 0xa4, 0x82, 0x00, 0x58, 0x24, 0xef,
  0x22, 0x5f, 0x5f, 0x45, 0x4c, 0x5f, 0x52, 0x45, 0x49, 0x4e, 0x4f, 0x5f,
  0x53, 0x45, 0x5f, 0x48, 0x41, 0x5f, 0x43, 0x4f, 0x4c, 0x41, 0x50, 0x53,
  0x41, 0x44, 0x4f, 0x5f, 0x5f, 0x22, 0x3a, 0x8d, 0x0e, 0xac, 0x00, 0x3a,
  0x82, 0x59, 0xef, 0x12, 0xd9, 0x1c, 0xe8, 0x03, 0x3a, 0x83, 0x3a, 0xd8,
  0x15, 0x2c, 0x0f, 0x0a, 0x3a, 0x91, 0x22, 0x54, 0x55, 0x20, 0x52, 0x45,
  0x53, 0x50, 0x4f, 0x4e, 0x53, 0x41, 0x42, 0x49, 0x4c, 0x49, 0x44, 0x41,
  0x44, 0x20, 0x41, 0x43, 0x41, 0x42, 0x41, 0x20, 0x20, 0x20, 0x20, 0x20,
  0x20, 0x20, 0x20, 0x41, 0x51, 0x55, 0x49, 0x2c, 0x20, 0x4f, 0x48, 0x2c,
  0x20, 0x4d, 0x49, 0x20, 0x53, 0x45, 0x5c, 0x4f, 0x52, 0x21, 0x20, 0x54,
  0x4f, 0x44, 0x4f, 0x53, 0x20, 0x20, 0x20, 0x20, 0x20, 0x20, 0x20, 0x54,
  0x55, 0x53, 0x20, 0x56, 0x41, 0x53, 0x41, 0x4c, 0x4c, 0x4f, 0x53, 0x20,
  0x48, 0x41, 0x4e, 0x20, 0x50, 0x45, 0x52, 0x45, 0x43, 0x49, 0x44, 0x4f,
  0x20, 0x20, 0x20, 0x20, 0x20, 0x20, 0x20, 0x59, 0x20, 0x48, 0x41, 0x53,
  0x20, 0x44, 0x45, 0x4d, 0x4f, 0x53, 0x54, 0x52, 0x41, 0x44, 0x4f, 0x20,
  0x53, 0x45, 0x52, 0x20, 0x55, 0x4e, 0x20, 0x20, 0x20, 0x20, 0x20, 0x20,
  0x20, 0x20, 0x20, 0x4d, 0x41, 0x4c, 0x20, 0x52, 0x45, 0x59, 0x21, 0x22,
  0x3a, 0x8d, 0x0e, 0xad, 0x00, 0x3a, 0x8a, 0x0e, 0x02, 0x00, 0x00, 0xd7,
  0xa4, 0x83, 0x00, 0x8d, 0x0e, 0xb1, 0x00, 0x3a, 0x5a, 0x24, 0xef, 0x22,
  0x60, 0x61, 0x62, 0x63, 0x64, 0x65, 0x66, 0x67, 0x22, 0x3a, 0x8d, 0x0e,
  0xb5, 0x00, 0x3a, 0xd8, 0x0f, 0x0b, 0x2c, 0x13, 0x3a, 0x91, 0x22, 0x41,
  0x5c, 0x4f, 0x22, 0x3b, 0x44, 0x54, 0x3b, 0x3a, 0xd8, 0x12, 0x2c, 0x14,
  0x3a, 0x91, 0xe3, 0x28, 0x0f, 0x1e, 0x2c, 0x0f, 0x70, 0x29, 0x3b, 0x3a,
  0xd8, 0x13, 0x2c, 0x15, 0x3a, 0x91, 0x22, 0x54, 0x49, 0x50, 0x4f, 0x20,
  0x54, 0x41, 0x53, 0x41, 0x20, 0x20, 0x20, 0x20, 0x20, 0x4e, 0x49, 0x56,
  0x45, 0x4c, 0x20, 0x20, 0x52, 0x45, 0x43, 0x41, 0x55, 0x44, 0x4f, 0x22,
  0x3b, 0x3a, 0xd8, 0x12, 0x2c, 0x16, 0x3a, 0x91, 0xe3, 0x28, 0x0f, 0x1e,
  0x2c, 0x0f, 0x70, 0x29, 0x3b, 0x3a, 0xd8, 0x13, 0x2c, 0x18, 0x3a, 0x91,
  0x22, 0x31, 0x2e, 0x20, 0x50, 0x45, 0x52, 0x53, 0x4f, 0x4e, 0x41, 0x4c,
  0x22, 0x3b, 0x3a, 0xd8, 0x0f, 0x11, 0x2c, 0x18, 0x3a, 0x91, 0xe4, 0x22,
  0x23, 0x23, 0x23, 0x22, 0x3b, 0x4d, 0x28, 0x54, 0x2c, 0x0f, 0x10, 0x29,
  0x3b, 0x3a, 0xd8, 0x0f, 0x18, 0x2c, 0x18, 0x3a, 0x91, 0xe4, 0x22, 0x23,
  0x23, 0x23, 0x23, 0x23, 0x23, 0x22, 0x3b, 0x48, 0x54, 0x3b, 0x00, 0x82,
  0xa5, 0x84, 0x00, 0xd8, 0x13, 0x2c, 0x19, 0x3a, 0x91, 0x22, 0x32, 0x2e,
  0x20, 0x49, 0x4d, 0x50, 0x4f, 0x52, 0x54, 0x41, 0x43, 0x49, 0x4f, 0x4e,
  0x22, 0x3b, 0x3a, 0xd8, 0x0f, 0x11, 0x2c, 0x19, 0x3a, 0x91, 0xe4, 0x22,
  0x23, 0x23, 0x23, 0x22, 0x3b, 0x4d, 0x28, 0x54, 0x2c, 0x0f, 0x11, 0x29,
  0x3b, 0x3a, 0x91, 0x22, 0x25, 0x22, 0x3b, 0x3a, 0xd8, 0x0f, 0x18, 0x2c,
  0x19, 0x3a, 0x91, 0xe4, 0x22, 0x23, 0x23, 0x23, 0x23, 0x23, 0x23, 0x22,
  0x3b, 0x49, 0x54, 0x3b, 0x3a, 0xd8, 0x13, 0x2c, 0x1a, 0x3a, 0x91, 0x22,
  0x33, 0x2e, 0x20, 0x42, 0x45, 0x4e, 0x45, 0x46, 0x49, 0x43, 0x49, 0x4f,
  0x53, 0x22, 0x3b, 0x3a, 0xd8, 0x0f, 0x11, 0x2c, 0x1a, 0x3a, 0x91, 0xe4,
  0x22, 0x23, 0x23, 0x23, 0x22, 0x3b, 0x4d, 0x28, 0x54, 0x2c, 0x0f, 0x12,
  0x29, 0x3b, 0x3a, 0x91, 0x22, 0x25, 0x22, 0x3b, 0x3a, 0xd8, 0x0f, 0x18,
  0x2c, 0x1a, 0x3a, 0x91, 0xe4, 0x22, 0x23, 0x23, 0x23, 0x23, 0x23, 0x23,
  0x22, 0x3b, 0x50, 0x54, 0x3b, 0x3a, 0xd8, 0x13, 0x2c, 0x0f, 0x0a, 0x3a,
  0x91, 0x22, 0x34, 0x2e, 0x20, 0x56, 0x45, 0x4e, 0x54, 0x41, 0x53, 0x22,
  0x3b, 0x00, 0x37, 0xa6, 0x85, 0x00, 0xd8, 0x0f, 0x11, 0x2c, 0x0f, 0x0a,
  0x3a, 0x91, 0xe4, 0x22, 0x23, 0x23, 0x23, 0x22, 0x3b, 0x4d, 0x28, 0x54,
  0x2c, 0x0f, 0x13, 0x29, 0x3b, 0x3a, 0x91, 0x22, 0x25, 0x22, 0x3b, 0x3a,
  0xd8, 0x0f, 0x18, 0x2c, 0x0f, 0x0a, 0x3a, 0x91, 0xe4, 0x22, 0x23, 0x23,
  0x23, 0x23, 0x23, 0x23, 0x22, 0x3b, 0x53, 0x54, 0x3b, 0x3a, 0xd8, 0x13,
  0x2c, 0x0f, 0x0b, 0x3a, 0x91, 0x22, 0x35, 0x2e, 0x20, 0x4a, 0x55, 0x5a,
  0x47, 0x41, 0x44, 0x4f, 0x53, 0x22, 0x3b, 0x3a, 0xd8, 0x0f, 0x10, 0x2c,
  0x0f, 0x0b, 0x3a, 0x91, 0x4a, 0x24, 0x28, 0x54, 0x29, 0x3b, 0x3a, 0xd8,
  0x0f, 0x18, 0x2c, 0x0f, 0x0b, 0x3a, 0x91, 0xe4, 0x22, 0x23, 0x23, 0x23,
  0x23, 0x23, 0x23, 0x22, 0x3b, 0x43, 0x54, 0x3b, 0x3a, 0x54, 0x52, 0xef,
  0x48, 0x54, 0xf1, 0x49, 0x54, 0xf1, 0x50, 0x54, 0xf1, 0x53, 0x54, 0xf1,
  0x43, 0x54, 0x3a, 0xd8, 0x13, 0x2c, 0x0f, 0x0c, 0x3a, 0x91, 0x22, 0x54,
  0x4f, 0x54, 0x41, 0x4c, 0x20, 0x52, 0x45, 0x43, 0x41, 0x55, 0x44, 0x41,
  0x44, 0x4f, 0x22, 0x3b, 0x3a, 0xd8, 0x0f, 0x18, 0x2c, 0x0f, 0x0c, 0x3a,
  0x91, 0xe4, 0x22, 0x23, 0x23, 0x23, 0x23, 0x23, 0x23, 0x22, 0x3b, 0x54,
  0x52, 0x3b, 0x00, 0xa0, 0xa6, 0x86, 0x00, 0xd8, 0x13, 0x2c, 0x0f, 0x0e,
  0x3a, 0x91, 0x22, 0x50, 0x41, 0x52, 0x41, 0x20, 0x43, 0x41, 0x4d, 0x42,
  0x49, 0x41, 0x52, 0x20, 0x41, 0x4c, 0x47, 0x4f, 0x2c, 0x20, 0x50, 0x55,
  0x4c, 0x53, 0x41, 0x22, 0x3b, 0x3a, 0xd8, 0x13, 0x2c, 0x0f, 0x0f, 0x3a,
  0x91, 0x22, 0x4c, 0x41, 0x20, 0x4f, 0x50, 0x43, 0x49, 0x4f, 0x4e, 0x20,
  0x43, 0x4f, 0x52, 0x52, 0x45, 0x53, 0x50, 0x4f, 0x4e, 0x44, 0x49, 0x45,
  0x4e, 0x54, 0x45, 0x22, 0x3a, 0xd8, 0x13, 0x2c, 0x0f, 0x10, 0x3a, 0x91,
  0x22, 0x4f, 0x20, 0x3c, 0x36, 0x3e, 0x20, 0x50, 0x41, 0x52, 0x41, 0x20,
  0x43, 0x4f, 0x4e, 0x54, 0x49, 0x4e, 0x55, 0x41, 0x52, 0x22, 0x3b, 0x00,
  0xea, 0xa6, 0x87, 0x00, 0x4b, 0x24, 0xef, 0xec, 0x3a, 0x4b, 0xef, 0xff,
  0x94, 0x28, 0x4b, 0x24, 0x29, 0x3a, 0x8b, 0x4b, 0xf0, 0x12, 0xf7, 0x4b,
  0xee, 0x17, 0x89, 0x0e, 0x87, 0x00, 0x3a, 0x3a, 0xa1, 0xc1, 0x22, 0x54,
  0x32, 0x35, 0x35, 0x4f, 0x35, 0x4c, 0x36, 0x34, 0x44, 0x22, 0x3a, 0x95,
  0x4b, 0x89, 0x0e, 0x89, 0x00, 0x2c, 0x0e, 0x8b, 0x00, 0x2c, 0x0e, 0x8c,
  0x00, 0x2c, 0x0e, 0x8d, 0x00, 0x2c, 0x0e, 0x8e, 0x00, 0x2c, 0x0e, 0x88,
  0x00, 0x00, 0x7b, 0xa7, 0x88, 0x00, 0x4d, 0x28, 0x54, 0x2c, 0x11, 0x29,
  0xef, 0x4d, 0x28, 0x54, 0x2c, 0x11, 0x29, 0xf1, 0x54, 0x52, 0x3a, 0x58,
  0x35, 0xef, 0x28, 0x4d, 0x28, 0x54, 0x2c, 0x0f, 0x10, 0x29, 0xf3, 0x0f,
  0x0a, 0xf1, 0x4d, 0x28, 0x54, 0x2c, 0x0f, 0x11, 0x29, 0xf1, 0x4d, 0x28,
  0x54, 0x2c, 0x0f, 0x12, 0x29, 0xf1, 0x4d, 0x28, 0x54, 0x2c, 0x0f, 0x13,
  0x29, 0xf1, 0x28, 0x4d, 0x28, 0x54, 0x2c, 0x0f, 0x14, 0x29, 0xf2, 0x12,
  0x29, 0xf3, 0x0f, 0x0a, 0x29, 0x3a, 0x4d, 0x28, 0x54, 0x2c, 0x0f, 0x15,
  0x29, 0xef, 0x4d, 0x28, 0x54, 0x2c, 0x0f, 0x15, 0x29, 0xf1, 0x28, 0x1d,
  0x40, 0x10, 0x00, 0x00, 0xf2, 0x28, 0x58, 0x35, 0xf4, 0x1c, 0x14, 0x05,
  0x29, 0x29, 0x3a, 0x8d, 0x0e, 0x98, 0x00, 0x3a, 0x58, 0x35, 0xef, 0x58,
  0x35, 0xf1, 0x4d, 0x28, 0x54, 0x2c, 0x0f, 0x17, 0x29, 0xf3, 0x18, 0x3a,
  0x8d, 0x0e, 0xa1, 0x00, 0x3a, 0x8d, 0x0e, 0x94, 0x00, 0x3a, 0x89, 0x0e,
  0x12, 0x00, 0x00, 0x9f, 0xa7, 0x89, 0x00, 0x9f, 0x3a, 0xd8, 0x13, 0x2c,
  0x14, 0x3a, 0x91, 0x22, 0x54, 0x41, 0x53, 0x41, 0x20, 0x50, 0x45, 0x52,
  0x53, 0x4f, 0x4e, 0x41, 0x4c, 0x3f, 0x20, 0x28, 0x31, 0x2d, 0x36, 0x29,
  0x22, 0x3b, 0x00, 0xdc, 0xa7, 0x8a, 0x00, 0x4b, 0x24, 0xef, 0xec, 0x3a,
  0x4b, 0xef, 0xff, 0x94, 0x28, 0x4b, 0x24, 0x29, 0x3a, 0x8b, 0x4b, 0xf0,
  0x12, 0xf7, 0x4b, 0xee, 0x17, 0x89, 0x0e, 0x8a, 0x00, 0x3a, 0xa1, 0xc1,
  0x22, 0x54, 0x32, 0x35, 0x35, 0x4f, 0x35, 0x4c, 0x36, 0x34, 0x44, 0x22,
  0x3a, 0x4d, 0x28, 0x54, 0x2c, 0x0f, 0x10, 0x29, 0xef, 0x4b, 0x3a, 0x89,
  0x0e, 0x83, 0x00, 0x00, 0x32, 0xa8, 0x8b, 0x00, 0x9f, 0x3a, 0xd8, 0x13,
  0x2c, 0x14, 0x3a, 0x91, 0x22, 0x22, 0x3b, 0x3a, 0x85, 0x22, 0x54, 0x41,
  0x53, 0x41, 0x20, 0x49, 0x4d, 0x50, 0x4f, 0x52, 0x54, 0x41, 0x43, 0x49,
  0x4f, 0x4e, 0x20, 0x28, 0x30, 0x2d, 0x31, 0x30, 0x30, 0x29, 0x22, 0x3b,
  0x4b, 0x3a, 0x8b, 0x4b, 0xee, 0x0f, 0x64, 0x89, 0x0e, 0x8b, 0x00, 0x3a,
  0xa1, 0xc1, 0x22, 0x54, 0x32, 0x35, 0x35, 0x4f, 0x35, 0x4c, 0x36, 0x34,
  0x44, 0x22, 0x3a, 0x4d, 0x28, 0x54, 0x2c, 0x0f, 0x11, 0x29, 0xef, 0x4b,
  0x3a, 0x89, 0x0e, 0x83, 0x00, 0x00, 0x86, 0xa8, 0x8c, 0x00, 0x9f, 0x3a,
  0xd8, 0x13, 0x2c, 0x14, 0x3a, 0x91, 0x22, 0x22, 0x3b, 0x3a, 0x85, 0x22,
  0x54, 0x41, 0x53, 0x41, 0x20, 0x42, 0x45, 0x4e, 0x45, 0x46, 0x49, 0x43,
  0x49, 0x4f, 0x53, 0x20, 0x28, 0x30, 0x2d, 0x35, 0x30, 0x29, 0x22, 0x3b,
  0x4b, 0x3a, 0x8b, 0x4b, 0xee, 0x0f, 0x32, 0x89, 0x0e, 0x8c, 0x00, 0x3a,
  0xa1, 0xc1, 0x22, 0x54, 0x32, 0x35, 0x35, 0x4f, 0x35, 0x4c, 0x36, 0x34,
  0x44, 0x22, 0x3a, 0x4d, 0x28, 0x54, 0x2c, 0x0f, 0x12, 0x29, 0xef, 0x4b,
  0x3a, 0x89, 0x0e, 0x83, 0x00, 0x00, 0xd6, 0xa8, 0x8d, 0x00, 0x9f, 0x3a,
  0xd8, 0x13, 0x2c, 0x14, 0x3a, 0x91, 0x22, 0x22, 0x3b, 0x3a, 0x85, 0x22,
  0x54, 0x41, 0x53, 0x41, 0x20, 0x56, 0x45, 0x4e, 0x54, 0x41, 0x53, 0x20,
  0x28, 0x30, 0x2d, 0x32, 0x35, 0x29, 0x22, 0x3b, 0x4b, 0x3a, 0x8b, 0x4b,
  0xee, 0x0f, 0x19, 0x89, 0x0e, 0x8d, 0x00, 0x3a, 0xa1, 0xc1, 0x22, 0x54,
  0x32, 0x35, 0x35, 0x4f, 0x35, 0x4c, 0x36, 0x34, 0x44, 0x22, 0x3a, 0x4d,
  0x28, 0x54, 0x2c, 0x0f, 0x13, 0x29, 0xef, 0x4b, 0x3a, 0x89, 0x0e, 0x83,
  0x00, 0x00, 0x76, 0xa9, 0x8e, 0x00, 0x9f, 0x3a, 0xd8, 0x13, 0x2c, 0x14,
  0x3a, 0x91, 0x22, 0x45, 0x53, 0x43, 0x4f, 0x47, 0x45, 0x20, 0x45, 0x4c,
  0x20, 0x54, 0x49, 0x50, 0x4f, 0x20, 0x44, 0x45, 0x20, 0x4a, 0x55, 0x53,
  0x54, 0x49, 0x43, 0x49, 0x41, 0x20, 0x20, 0x20, 0x20, 0x20, 0x20, 0x51,
  0x55, 0x45, 0x20, 0x56, 0x41, 0x4e, 0x20, 0x41, 0x20, 0x41, 0x44, 0x4d,
  0x49, 0x4e, 0x49, 0x53, 0x54, 0x52, 0x41, 0x52, 0x20, 0x54, 0x55, 0x53,
  0x20, 0x20, 0x20, 0x20, 0x20, 0x20, 0x20, 0x4a, 0x55, 0x5a, 0x47, 0x41,
  0x44, 0x4f, 0x53, 0x2e, 0x22, 0x3a, 0xd8, 0x17, 0x2c, 0x18, 0x3a, 0x91,
  0x22, 0x31, 0x2e, 0x20, 0x43, 0x4c, 0x45, 0x4d, 0x45, 0x4e, 0x54, 0x45,
  0x22, 0x3a, 0xd8, 0x17, 0x2c, 0x19, 0x3a, 0x91, 0x22, 0x32, 0x2e, 0x20,
  0x4a, 0x55, 0x53, 0x54, 0x41, 0x22, 0x3a, 0xd8, 0x17, 0x2c, 0x1a, 0x3a,
  0x91, 0x22, 0x33, 0x2e, 0x20, 0x46, 0x49, 0x52, 0x4d, 0x45, 0x22, 0x3a,
  0xd8, 0x17, 0x2c, 0x0f, 0x0a, 0x3a, 0x91, 0x22, 0x34, 0x2e, 0x20, 0x43,
  0x52, 0x55, 0x45, 0x4c, 0x22, 0x00, 0xc1, 0xa9, 0x8f, 0x00, 0x4b, 0x24,
  0xef, 0xec, 0x3a, 0x4b, 0xef, 0xff, 0x94, 0x28, 0x4b, 0x24, 0x29, 0x3a,
  0x8b, 0x4b, 0xf0, 0x12, 0xf7, 0x4b, 0xee, 0x15, 0x89, 0x0e, 0x8f, 0x00,
  0x3a, 0xa1, 0xc1, 0x22, 0x54, 0x32, 0x35, 0x35, 0x4f, 0x35, 0x4c, 0x36,
  0x34, 0x44, 0x22, 0x3a, 0x4d, 0x28, 0x54, 0x2c, 0x0f, 0x14, 0x29, 0xef,
  0x4b, 0x3a, 0x95, 0x4b, 0x89, 0x0e, 0x90, 0x00, 0x2c, 0x0e, 0x91, 0x00,
  0x2c, 0x0e, 0x92, 0x00, 0x2c, 0x0e, 0x93, 0x00, 0x00, 0xdb, 0xa9, 0x90,
  0x00, 0x4a, 0x24, 0x28, 0x54, 0x29, 0xef, 0x22, 0x43, 0x4c, 0x45, 0x4d,
  0x45, 0x4e, 0x54, 0x45, 0x22, 0x3a, 0x89, 0x0e, 0x83, 0x00, 0x00, 0xf2,
  0xa9, 0x91, 0x00, 0x4a, 0x24, 0x28, 0x54, 0x29, 0xef, 0x22, 0x4a, 0x55,
  0x53, 0x54, 0x41, 0x22, 0x3a, 0x89, 0x0e, 0x83, 0x00, 0x00, 0x09, 0xaa,
  0x92, 0x00, 0x4a, 0x24, 0x28, 0x54, 0x29, 0xef, 0x22, 0x46, 0x49, 0x52,
  0x4d, 0x45, 0x22, 0x3a, 0x89, 0x0e, 0x83, 0x00, 0x00, 0x20, 0xaa, 0x93,
  0x00, 0x4a, 0x24, 0x28, 0x54, 0x29, 0xef, 0x22, 0x43, 0x52, 0x55, 0x45,
  0x4c, 0x22, 0x3a, 0x89, 0x0e, 0x83, 0x00, 0x00, 0xf0, 0xaa, 0x94, 0x00,
  0x8b, 0x58, 0x35, 0xf0, 0x0f, 0xa0, 0xda, 0x8e, 0x3a, 0xa1, 0x58, 0x36,
  0xef, 0xff, 0x85, 0x28, 0xff, 0x88, 0x28, 0x12, 0x29, 0xf3, 0x1c, 0x11,
  0x01, 0xf1, 0x12, 0x29, 0x3a, 0x8b, 0x58, 0x35, 0xf0, 0x58, 0x36, 0xda,
  0x8e, 0x3a, 0xa1, 0x58, 0x33, 0xef, 0x14, 0x3a, 0x58, 0x24, 0xef, 0x22,
  0x5f, 0x5f, 0x48, 0x41, 0x5f, 0x45, 0x53, 0x54, 0x41, 0x4c, 0x4c, 0x41,
  0x44, 0x4f, 0x5f, 0x55, 0x4e, 0x41, 0x5f, 0x52, 0x45, 0x56, 0x55, 0x45,
  0x4c, 0x54, 0x41, 0x5f, 0x22, 0x3a, 0x8d, 0x0e, 0xac, 0x00, 0x3a, 0x9f,
  0x3a, 0xd8, 0x11, 0x2c, 0x14, 0x3a, 0x91, 0x22, 0x20, 0x45, 0x53, 0x20,
  0x55, 0x4e, 0x41, 0x20, 0x52, 0x45, 0x56, 0x55, 0x45, 0x4c, 0x54, 0x41,
  0x20, 0x50, 0x4f, 0x50, 0x55, 0x4c, 0x41, 0x52, 0x21, 0x21, 0x21, 0x20,
  0x20, 0x20, 0x20, 0x20, 0x20, 0x53, 0x4f, 0x46, 0x4f, 0x43, 0x41, 0x53,
  0x20, 0x4c, 0x41, 0x20, 0x52, 0x45, 0x56, 0x55, 0x45, 0x4c, 0x54, 0x41,
  0x20, 0x50, 0x45, 0x52, 0x4f, 0x20, 0x4e, 0x4f, 0x20, 0x20, 0x20, 0x20,
  0x20, 0x53, 0x49, 0x4e, 0x20, 0x47, 0x52, 0x41, 0x4e, 0x44, 0x45, 0x53,
  0x20, 0x50, 0x45, 0x52, 0x44, 0x49, 0x44, 0x41, 0x53, 0x20, 0x48, 0x55,
  0x4d, 0x41, 0x4e, 0x41, 0x53, 0x20, 0x20, 0x20, 0x20, 0x59, 0x20, 0x4d,
  0x41, 0x54, 0x45, 0x52, 0x49, 0x41, 0x4c, 0x45, 0x53, 0x2e, 0x22, 0x00,
  0x5f, 0xab, 0x95, 0x00, 0xd8, 0x11, 0x2c, 0x19, 0x3a, 0x91, 0x22, 0x20,
  0x54, 0x55, 0x53, 0x20, 0x45, 0x58, 0x50, 0x45, 0x52, 0x54, 0x4f, 0x53,
  0x20, 0x54, 0x45, 0x20, 0x41, 0x44, 0x56, 0x49, 0x45, 0x52, 0x54, 0x45,
  0x4e, 0x20, 0x51, 0x55, 0x45, 0x20, 0x20, 0x20, 0x45, 0x4c, 0x20, 0x50,
  0x55, 0x45, 0x42, 0x4c, 0x4f, 0x20, 0x4e, 0x4f, 0x20, 0x54, 0x4f, 0x4c,
  0x45, 0x52, 0x41, 0x52, 0x41, 0x20, 0x45, 0x53, 0x54, 0x4f, 0x53, 0x20,
  0x20, 0x20, 0x20, 0x20, 0x44, 0x45, 0x53, 0x4d, 0x45, 0x53, 0x55, 0x52,
  0x41, 0x44, 0x4f, 0x53, 0x20, 0x49, 0x4d, 0x50, 0x55, 0x45, 0x53, 0x54,
  0x4f, 0x53, 0x21, 0x22, 0x3a, 0x8d, 0x0e, 0xbe, 0x00, 0x3a, 0x89, 0x0e,
  0xad, 0x00, 0x00, 0xef, 0xab, 0x97, 0x00, 0xd8, 0x14, 0x2c, 0x18, 0x3a,
  0x91, 0x22, 0x4e, 0x4f, 0x20, 0x50, 0x55, 0x45, 0x44, 0x45, 0x53, 0x20,
  0x50, 0x52, 0x4f, 0x56, 0x45, 0x45, 0x52, 0x20, 0x41, 0x20, 0x4c, 0x41,
  0x20, 0x20, 0x20, 0x20, 0x20, 0x20, 0x20, 0x20, 0x47, 0x45, 0x4e, 0x54,
  0x45, 0x20, 0x43, 0x4f, 0x4e, 0x20, 0x55, 0x4e, 0x41, 0x20, 0x44, 0x49,
  0x45, 0x54, 0x41, 0x20, 0x44, 0x45, 0x20, 0x20, 0x20, 0x20, 0x20, 0x20,
  0x20, 0x20, 0x53, 0x55, 0x42, 0x53, 0x49, 0x53, 0x54, 0x45, 0x4e, 0x43,
  0x49, 0x41, 0x2e, 0x22, 0x3b, 0x3a, 0xd8, 0x12, 0x2c, 0x0f, 0x0b, 0x3a,
  0x91, 0x22, 0x54, 0x55, 0x20, 0x52, 0x45, 0x49, 0x4e, 0x4f, 0x20, 0x53,
  0x45, 0x20, 0x4d, 0x55, 0x45, 0x52, 0x45, 0x20, 0x44, 0x45, 0x20, 0x48,
  0x41, 0x4d, 0x42, 0x52, 0x45, 0x20, 0x20, 0x20, 0x20, 0x20, 0x20, 0x4c,
  0x45, 0x4e, 0x54, 0x41, 0x4d, 0x45, 0x4e, 0x54, 0x45, 0x21, 0x22, 0x3b,
  0x3a, 0x8e, 0x00, 0x84, 0xac, 0x98, 0x00, 0xa0, 0x0f, 0x1e, 0x3a, 0x41,
  0x24, 0xef, 0xdd, 0x12, 0x28, 0x22, 0x60, 0x61, 0x62, 0x63, 0x64, 0x65,
  0x66, 0x67, 0x22, 0x29, 0x3a, 0xd8, 0x11, 0x2c, 0x14, 0x3a, 0x91, 0xe3,
  0x28, 0x0f, 0x1e, 0x2c, 0x0f, 0x70, 0x29, 0x3b, 0x3a, 0xd8, 0x12, 0x2c,
  0x15, 0x3a, 0x91, 0x50, 0x54, 0x24, 0x28, 0x54, 0x29, 0x3b, 0x50, 0x4e,
  0x24, 0x28, 0x54, 0x29, 0x3b, 0x3a, 0xd8, 0x11, 0x2c, 0x16, 0x3a, 0x91,
  0xe3, 0x28, 0x0f, 0x1e, 0x2c, 0x0f, 0x70, 0x29, 0x3b, 0x3a, 0xd8, 0x0f,
  0x0a, 0x2c, 0x13, 0x3a, 0x91, 0x22, 0x41, 0x5c, 0x4f, 0x22, 0x3b, 0x44,
  0x54, 0x3b, 0x3a, 0x8b, 0x4d, 0x28, 0x54, 0x2c, 0x0f, 0x0a, 0x29, 0xf0,
  0x12, 0xda, 0x58, 0x38, 0xef, 0x12, 0x3a, 0x8d, 0x0e, 0x97, 0x00, 0x3a,
  0x8d, 0x0e, 0x9c, 0x00, 0x3a, 0x8d, 0x0e, 0xad, 0x00, 0x3a, 0xc1, 0x22,
  0x54, 0x32, 0x35, 0x35, 0x4f, 0x35, 0x4c, 0x36, 0x34, 0x44, 0x22, 0x3a,
  0xa0, 0x0f, 0x20, 0x3a, 0x9f, 0x3a, 0x8e, 0x00, 0x37, 0xad, 0x99, 0x00,
  0xd8, 0x12, 0x2c, 0x18, 0x3a, 0x91, 0x22, 0x50, 0x41, 0x52, 0x41, 0x20,
  0x50, 0x52, 0x4f, 0x56, 0x45, 0x45, 0x52, 0x20, 0x41, 0x20, 0x54, 0x55,
  0x20, 0x50, 0x55, 0x45, 0x42, 0x4c, 0x4f, 0x20, 0x43, 0x4f, 0x4e, 0x22,
  0x3b, 0x3a, 0xd8, 0x12, 0x2c, 0x19, 0x3a, 0x91, 0x22, 0x55, 0x4e, 0x41,
  0x20, 0x44, 0x49, 0x45, 0x54, 0x41, 0x20, 0x44, 0x45, 0x20, 0x53, 0x55,
  0x42, 0x53, 0x49, 0x53, 0x54, 0x45, 0x4e, 0x43, 0x49, 0x41, 0x2c, 0x22,
  0x3b, 0x3a, 0xd8, 0x12, 0x2c, 0x1a, 0x3a, 0x91, 0x22, 0x44, 0x45, 0x42,
  0x45, 0x53, 0x20, 0x44, 0x49, 0x53, 0x54, 0x52, 0x49, 0x42, 0x55, 0x49,
  0x52, 0x20, 0x41, 0x4c, 0x20, 0x4d, 0x45, 0x4e, 0x4f, 0x53, 0x22, 0x3b,
  0x3a, 0xd8, 0x12, 0x2c, 0x0f, 0x0a, 0x3a, 0x91, 0xe4, 0x22, 0x23, 0x2c,
  0x23, 0x23, 0x23, 0x2c, 0x23, 0x23, 0x23, 0x22, 0x3b, 0x47, 0x44, 0x3b,
  0x3a, 0x91, 0x22, 0x20, 0x43, 0x45, 0x4c, 0x45, 0x4d, 0x49, 0x4e, 0x45,
  0x53, 0x20, 0x44, 0x45, 0x20, 0x47, 0x52, 0x41, 0x4e, 0x4f, 0x22, 0x3b,
  0x3a, 0xd8, 0x12, 0x2c, 0x0f, 0x0b, 0x3a, 0x91, 0x22, 0x54, 0x49, 0x45,
  0x4e, 0x45, 0x53, 0x20, 0x22, 0x3b, 0x00, 0xf4, 0xad, 0x9a, 0x00, 0x91,
  0xe4, 0x22, 0x23, 0x2c, 0x23, 0x23, 0x23, 0x2c, 0x23, 0x23, 0x23, 0x22,
  0x3b, 0xff, 0xa1, 0x28, 0x4d, 0x28, 0x54, 0x2c, 0x0f, 0x0a, 0x29, 0x29,
  0x3b, 0x3a, 0x58, 0x53, 0xef, 0xff, 0xa1, 0x28, 0x4d, 0x28, 0x54, 0x2c,
  0x0f, 0x0a, 0x29, 0xf4, 0x0f, 0x0a, 0x29, 0x3a, 0x58, 0x38, 0xef, 0x11,
  0x3a, 0x58, 0x37, 0xef, 0x11, 0x3a, 0x91, 0x22, 0x20, 0x43, 0x45, 0x4c,
  0x45, 0x4d, 0x49, 0x4e, 0x45, 0x53, 0x2c, 0x22, 0x3b, 0x3a, 0xd8, 0x12,
  0x2c, 0x0f, 0x0c, 0x3a, 0x91, 0x22, 0x50, 0x45, 0x52, 0x4f, 0x20, 0x44,
  0x45, 0x42, 0x45, 0x53, 0x20, 0x43, 0x4f, 0x4e, 0x53, 0x45, 0x52, 0x56,
  0x41, 0x52, 0x20, 0x22, 0x3b, 0x58, 0x53, 0x3b, 0x3a, 0xd8, 0x12, 0x2c,
  0x0f, 0x0d, 0x3a, 0x91, 0x22, 0x43, 0x4f, 0x4d, 0x4f, 0x20, 0x53, 0x49,
  0x4d, 0x49, 0x45, 0x4e, 0x54, 0x45, 0x2e, 0x20, 0x43, 0x55, 0x41, 0x4e,
  0x54, 0x4f, 0x20, 0x47, 0x52, 0x41, 0x4e, 0x4f, 0x22, 0x3b, 0x3a, 0xd8,
  0x12, 0x2c, 0x0f, 0x0e, 0x3a, 0x85, 0x22, 0x56, 0x41, 0x53, 0x20, 0x41,
  0x20, 0x44, 0x49, 0x53, 0x54, 0x52, 0x49, 0x42, 0x55, 0x49, 0x52, 0x22,
  0x3b, 0x58, 0x38, 0x3a, 0x8b, 0x58, 0x38, 0xf0, 0xef, 0x11, 0xda, 0x58,
  0x38, 0xef, 0x12, 0x00, 0x11, 0xae, 0x9b, 0x00, 0xc1, 0x22, 0x54, 0x32,
  0x35, 0x35, 0x4f, 0x35, 0x4c, 0x36, 0x34, 0x44, 0x22, 0x3a, 0xa0, 0x0f,
  0x20, 0x3a, 0x9f, 0x3a, 0x89, 0x0e, 0x9f, 0x00, 0x00, 0x2b, 0xae, 0x9c,
  0x00, 0x58, 0x37, 0xef, 0x47, 0x44, 0xf4, 0x58, 0x38, 0xf3, 0x13, 0x3a,
  0x8b, 0x58, 0x37, 0xee, 0x16, 0xda, 0x58, 0x37, 0xef, 0x16, 0x00, 0x42,
  0xae, 0x9d, 0x00, 0x8b, 0x58, 0x37, 0xf0, 0x1d, 0x40, 0x50, 0x00, 0x00,
  0xda, 0x58, 0x37, 0xef, 0x1d, 0x40, 0x50, 0x00, 0x00, 0x00, 0x66, 0xae,
  0x9e, 0x00, 0x4d, 0x28, 0x54, 0x2c, 0x0f, 0x0a, 0x29, 0xef, 0x4d, 0x28,
  0x54, 0x2c, 0x0f, 0x0a, 0x29, 0xf2, 0x58, 0x38, 0x3a, 0x4d, 0x28, 0x54,
  0x2c, 0x0f, 0x17, 0x29, 0xef, 0x58, 0x37, 0x3a, 0x8e, 0x00, 0xd8, 0xae,
  0x9f, 0x00, 0x8b, 0x58, 0x38, 0xf1, 0x58, 0x53, 0xf2, 0x12, 0xef, 0xf0,
  0x4d, 0x28, 0x54, 0x2c, 0x0f, 0x0a, 0x29, 0x89, 0x0e, 0x9c, 0x00, 0x3a,
  0xa1, 0x9f, 0x3a, 0x8b, 0x58, 0x38, 0xf2, 0x12, 0xee, 0x4d, 0x28, 0x54,
  0x2c, 0x0f, 0x0a, 0x29, 0xda, 0xd8, 0x13, 0x2c, 0x14, 0x3a, 0x91, 0x22,
  0x4e, 0x4f, 0x20, 0x54, 0x49, 0x45, 0x4e, 0x45, 0x53, 0x20, 0x53, 0x55,
  0x46, 0x49, 0x43, 0x49, 0x45, 0x4e, 0x54, 0x45, 0x21, 0x21, 0x21, 0x22,
  0x3a, 0xa1, 0xd8, 0x13, 0x2c, 0x14, 0x3a, 0x20, 0x91, 0x20, 0x22, 0x44,
  0x45, 0x42, 0x45, 0x53, 0x20, 0x43, 0x4f, 0x4e, 0x53, 0x45, 0x52, 0x56,
  0x41, 0x52, 0x20, 0x41, 0x4c, 0x20, 0x4d, 0x45, 0x4e, 0x4f, 0x53, 0x22,
  0x3b, 0x58, 0x53, 0x00, 0xec, 0xae, 0xa0, 0x00, 0x82, 0x58, 0xef, 0x12,
  0xd9, 0x1c, 0xe8, 0x03, 0x3a, 0x83, 0x3a, 0x89, 0x0e, 0x98, 0x00, 0x00,
  0x51, 0xaf, 0xa1, 0x00, 0x58, 0x34, 0xef, 0x4d, 0x28, 0x54, 0x2c, 0x0f,
  0x16, 0x29, 0xf3, 0x1c, 0xb8, 0x0b, 0xf3, 0xf2, 0x12, 0x3a, 0x8b, 0x4d,
  0x28, 0x54, 0x2c, 0x11, 0x29, 0xef, 0xee, 0x58, 0x34, 0x89, 0x0e, 0xa2,
  0x00, 0x3a, 0xa1, 0x9f, 0x3a, 0x58, 0x33, 0xef, 0x18, 0x3a, 0x58, 0x24,
  0xef, 0x22, 0x5f, 0x45, 0x4c, 0x5f, 0x52, 0x45, 0x49, 0x4e, 0x4f, 0x5f,
  0x45, 0x53, 0x54, 0x41, 0x5f, 0x45, 0x4e, 0x5f, 0x42, 0x41, 0x4e, 0x43,
  0x41, 0x52, 0x4f, 0x54, 0x41, 0x5f, 0x22, 0x3a, 0x8d, 0x0e, 0xac, 0x00,
  0x3a, 0x82, 0x59, 0xef, 0x12, 0xd9, 0x1c, 0xc4, 0x09, 0x3a, 0x83, 0x3a,
  0x8a, 0x0e, 0x02, 0x00, 0x00, 0x73, 0xaf, 0xa2, 0x00, 0x8b, 0x4d, 0x28,
  0x54, 0x2c, 0x11, 0x29, 0xf0, 0x11, 0xda, 0x4d, 0x28, 0x54, 0x2c, 0x11,
  0x29, 0xef, 0x4d, 0x28, 0x54, 0x2c, 0x11, 0x29, 0xf3, 0x1d, 0x41, 0x12,
  0x50, 0x00, 0x00, 0x79, 0xaf, 0xa3, 0x00, 0x8e, 0x00, 0x29, 0xb0, 0xa4,
  0x00, 0x5a, 0x35, 0xef, 0x11, 0x3a, 0x5a, 0x5a, 0xef, 0xff, 0x85, 0x28,
  0x4d, 0x28, 0x54, 0x2c, 0x11, 0x29, 0xf4, 0x1c, 0xb8, 0x0b, 0x29, 0x3a,
  0x8d, 0x0e, 0xa9, 0x00, 0x3a, 0x5a, 0x5a, 0xef, 0x4d, 0x28, 0x54, 0x2c,
  0x13, 0x29, 0x3a, 0x8d, 0x0e, 0xa9, 0x00, 0x3a, 0x5a, 0x5a, 0xef, 0x4d,
  0x28, 0x54, 0x2c, 0x14, 0x29, 0x3a, 0x8d, 0x0e, 0xa9, 0x00, 0x3a, 0x5a,
  0x5a, 0xef, 0x4d, 0x28, 0x54, 0x2c, 0x15, 0x29, 0x3a, 0x8d, 0x0e, 0xa9,
  0x00, 0x3a, 0x5a, 0x5a, 0xef, 0xff, 0x85, 0x28, 0x4d, 0x28, 0x54, 0x2c,
  0x16, 0x29, 0xf4, 0x0f, 0x1e, 0x29, 0x3a, 0x8d, 0x0e, 0xa9, 0x00, 0x3a,
  0x5a, 0x5a, 0xef, 0x4d, 0x28, 0x54, 0x2c, 0x17, 0x29, 0x3a, 0x8d, 0x0e,
  0xa9, 0x00, 0x3a, 0x5a, 0x5a, 0xef, 0x4d, 0x28, 0x54, 0x2c, 0x18, 0x29,
  0x3a, 0x8d, 0x0e, 0xa9, 0x00, 0x3a, 0x5a, 0x5a, 0xef, 0xff, 0x85, 0x28,
  0x4d, 0x28, 0x54, 0x2c, 0x1a, 0x29, 0xf4, 0x1c, 0xa0, 0x0f, 0x29, 0x3a,
  0x8d, 0x0e, 0xa9, 0x00, 0x3a, 0x5a, 0x5a, 0xef, 0xff, 0x85, 0x28, 0x4d,
  0x28, 0x54, 0x2c, 0x0f, 0x0b, 0x29, 0xf4, 0x1c, 0x90, 0x01, 0x29, 0x3a,
  0x8d, 0x0e, 0xa9, 0x00, 0x00, 0x91, 0xb0, 0xa5, 0x00, 0x5a, 0x36, 0xef,
  0xff, 0x85, 0x28, 0x5a, 0x35, 0xf4, 0x4c, 0x50, 0x29, 0x3a, 0x8b, 0x4d,
  0x28, 0x54, 0x2c, 0x0f, 0x16, 0x29, 0xef, 0xee, 0x5a, 0x36, 0x89, 0x0e,
  0x13, 0x00, 0x3a, 0xa1, 0x8d, 0x0e, 0xaf, 0x00, 0x3a, 0x82, 0x58, 0xef,
  0x12, 0xd9, 0x5a, 0x36, 0x3a, 0x87, 0x50, 0x54, 0x24, 0x28, 0x54, 0x29,
  0x3a, 0x83, 0x3a, 0x8c, 0x3a, 0x4d, 0x28, 0x54, 0x2c, 0x0f, 0x16, 0x29,
  0xef, 0x5a, 0x36, 0x3a, 0x8b, 0x5a, 0x36, 0xf0, 0x18, 0xda, 0xc1, 0x22,
  0x54, 0x36, 0x34, 0x4f, 0x33, 0x4c, 0x32, 0x34, 0x43, 0x52, 0x36, 0x34,
  0x2e, 0x46, 0x43, 0x4c, 0x38, 0x41, 0x22, 0x3a, 0x89, 0x0e, 0x13, 0x00,
  0x00, 0x06, 0xb1, 0xa6, 0x00, 0x58, 0x33, 0xef, 0x19, 0x3a, 0x58, 0x24,
  0xef, 0x22, 0x5f, 0x5f, 0x5f, 0x5f, 0x5f, 0x5f, 0x5f, 0x46, 0x49, 0x4e,
  0x5f, 0x44, 0x45, 0x4c, 0x5f, 0x4a, 0x55, 0x45, 0x47, 0x4f, 0x5f, 0x5f,
  0x5f, 0x5f, 0x5f, 0x5f, 0x5f, 0x5f, 0x22, 0x3a, 0x8d, 0x0e, 0xac, 0x00,
  0x3a, 0x82, 0x58, 0xef, 0x12, 0xd9, 0x1c, 0x2c, 0x01, 0x3a, 0x83, 0x3a,
  0x9f, 0x3a, 0xd8, 0x13, 0x2c, 0x0f, 0x0b, 0x3a, 0x91, 0x50, 0x54, 0x24,
  0x28, 0x54, 0x29, 0x3b, 0x50, 0x4e, 0x24, 0x28, 0x54, 0x29, 0x3b, 0x22,
  0x20, 0x56, 0x49, 0x43, 0x54, 0x4f, 0x52, 0x49, 0x41, 0x21, 0x21, 0x22,
  0x3b, 0x3a, 0x8d, 0x0e, 0xba, 0x00, 0x3a, 0x8d, 0x0e, 0x5c, 0x00, 0x3a,
  0x8d, 0x0e, 0x61, 0x00, 0x3a, 0x8a, 0x0e, 0x02, 0x00, 0x00, 0x17, 0xb1,
  0xa9, 0x00, 0x8b, 0x5a, 0x5a, 0xee, 0x4c, 0x50, 0xda, 0x5a, 0x5a, 0xef,
  0x4c, 0x50, 0x00, 0x26, 0xb1, 0xaa, 0x00, 0x5a, 0x35, 0xef, 0x5a, 0x35,
  0xf1, 0x5a, 0x5a, 0x3a, 0x8e, 0x00, 0x7d, 0xb1, 0xac, 0x00, 0x9f, 0x3a,
  0x41, 0xef, 0xff, 0x98, 0x28, 0x0c, 0x04, 0x20, 0x29, 0x3a, 0xd8, 0x13,
  0x2c, 0x17, 0x3a, 0x91, 0x58, 0x24, 0x3b, 0x3a, 0x82, 0x58, 0xef, 0x12,
  0xd9, 0x19, 0x3a, 0xc1, 0x22, 0x54, 0x31, 0x35, 0x30, 0x4f, 0x34, 0x42,
  0x43, 0x22, 0x3a, 0xc6, 0x0c, 0x04, 0x20, 0x2c, 0x0f, 0xf0, 0xf1, 0xff,
  0xa1, 0x28, 0xff, 0x88, 0x28, 0x12, 0x29, 0xf3, 0x0f, 0x10, 0x29, 0x3a,
  0x82, 0x59, 0xef, 0x12, 0xd9, 0x0f, 0xc8, 0x3a, 0x83, 0x3a, 0x83, 0x3a,
  0xc6, 0x0c, 0x04, 0x20, 0x2c, 0x41, 0x3a, 0x8e, 0x00, 0xa6, 0xb1, 0xad,
  0x00, 0x4b, 0x24, 0xef, 0xec, 0x3a, 0xd8, 0x1a, 0x2c, 0x0f, 0x15, 0x3a,
  0x91, 0x22, 0x50, 0x55, 0x4c, 0x53, 0x41, 0x20, 0x55, 0x4e, 0x41, 0x20,
  0x54, 0x45, 0x43, 0x4c, 0x41, 0x22, 0x3b, 0x3a, 0x8d, 0x20, 0x0e, 0xb7,
  0x00, 0x00, 0xbb, 0xb1, 0xae, 0x00, 0xc1, 0x22, 0x54, 0x32, 0x35, 0x35,
  0x4f, 0x34, 0x4c, 0x36, 0x34, 0x42, 0x43, 0x22, 0x3a, 0x8e, 0x00, 0xca,
  0xb1, 0xaf, 0x00, 0x8b, 0x5a, 0x36, 0xee, 0x18, 0xda, 0x5a, 0x36, 0xef,
  0x18, 0x00, 0xea, 0xb1, 0xb0, 0x00, 0x8b, 0x4d, 0x28, 0x54, 0x2c, 0x19,
  0x29, 0xef, 0x12, 0xda, 0x8e, 0x3a, 0xa1, 0x82, 0x59, 0xef, 0x12, 0xd9,
  0x18, 0x3a, 0x87, 0x58, 0x24, 0x3a, 0x83, 0x3a, 0x8e, 0x00, 0xb7, 0xb2,
  0xb1, 0x00, 0x48, 0x54, 0xef, 0x28, 0x4d, 0x28, 0x54, 0x2c, 0x0f, 0x0b,
  0x29, 0xf1, 0x4d, 0x28, 0x54, 0x2c, 0x0f, 0x0d, 0x29, 0xf1, 0x4d, 0x28,
  0x54, 0x2c, 0x0f, 0x0e, 0x29, 0xf1, 0x4d, 0x28, 0x54, 0x2c, 0x0f, 0x0f,
  0x29, 0xf1, 0x4d, 0x28, 0x54, 0x2c, 0x16, 0x29, 0x29, 0xf3, 0x4d, 0x28,
  0x54, 0x2c, 0x0f, 0x10, 0x29, 0x3a, 0x49, 0x54, 0xef, 0x28, 0x4d, 0x28,
  0x54, 0x2c, 0x15, 0x29, 0xf3, 0x1c, 0x2c, 0x01, 0xf1, 0x4d, 0x28, 0x54,
  0x2c, 0x0f, 0x0e, 0x29, 0xf3, 0x0f, 0x1e, 0xf1, 0x4d, 0x28, 0x54, 0x2c,
  0x0f, 0x0d, 0x29, 0xf3, 0x1a, 0xf1, 0x4d, 0x28, 0x54, 0x2c, 0x0f, 0x0c,
  0x29, 0xf3, 0x1a, 0x29, 0xf3, 0x28, 0x4d, 0x28, 0x54, 0x2c, 0x0f, 0x11,
  0x29, 0xf4, 0x0f, 0x64, 0x29, 0xf3, 0x28, 0x4d, 0x28, 0x54, 0x2c, 0x0f,
  0x15, 0x29, 0x29, 0x3a, 0x50, 0x54, 0xef, 0x28, 0x4d, 0x28, 0x54, 0x2c,
  0x13, 0x29, 0xf3, 0x1c, 0x2c, 0x01, 0xf1, 0x4d, 0x28, 0x54, 0x2c, 0x14,
  0x29, 0xf3, 0x1c, 0x84, 0x03, 0xf1, 0x4d, 0x28, 0x54, 0x2c, 0x15, 0x29,
  0xf3, 0x28, 0x4d, 0x28, 0x54, 0x2c, 0x0f, 0x0b, 0x29, 0xf1, 0x28, 0x4d,
  0x28, 0x54, 0x2c, 0x0f, 0x0b, 0x29, 0xf4, 0x19, 0x29, 0x29, 0x29, 0xf3,
  0x28, 0x4d, 0x28, 0x54, 0x2c, 0x0f, 0x12, 0x29, 0xf4, 0x0f, 0x64, 0x29,
  0xf3, 0x28, 0x4d, 0x28, 0x54, 0x2c, 0x0f, 0x15, 0x29, 0x29, 0x00, 0x1d,
  0xb3, 0xb2, 0x00, 0x53, 0x54, 0xef, 0x28, 0x4d, 0x28, 0x54, 0x2c, 0x13,
  0x29, 0xf3, 0x0f, 0x50, 0xf1, 0x4d, 0x28, 0x54, 0x2c, 0x14, 0x29, 0xf3,
  0x0f, 0x5a, 0xf1, 0x4d, 0x28, 0x54, 0x2c, 0x15, 0x29, 0xf3, 0x28, 0x4d,
  0x28, 0x54, 0x2c, 0x0f, 0x0b, 0x29, 0xf1, 0x4d, 0x28, 0x54, 0x2c, 0x0f,
  0x0b, 0x29, 0xf4, 0x19, 0x29, 0x29, 0xf3, 0x28, 0x4d, 0x28, 0x54, 0x2c,
  0x0f, 0x13, 0x29, 0xf4, 0x0f, 0x64, 0x29, 0xf3, 0x28, 0x4d, 0x28, 0x54,
  0x2c, 0x0f, 0x15, 0x29, 0x29, 0x3a, 0x43, 0x54, 0xef, 0x28, 0x4d, 0x28,
  0x54, 0x2c, 0x0f, 0x0b, 0x29, 0xf3, 0x4d, 0x28, 0x54, 0x2c, 0x0f, 0x14,
  0x29, 0x29, 0xf3, 0x13, 0x00, 0x34, 0xb3, 0xb3, 0x00, 0x8b, 0x4d, 0x28,
  0x54, 0x2c, 0x0f, 0x14, 0x29, 0xef, 0x15, 0xda, 0x43, 0x54, 0xef, 0x43,
  0x54, 0xf3, 0x13, 0x00, 0x3a, 0xb3, 0xb4, 0x00, 0x8e, 0x00, 0x61, 0xb3,
  0xb5, 0x00, 0x9f, 0x3a, 0x41, 0x24, 0xef, 0xdd, 0x12, 0x28, 0x5a, 0x24,
  0x29, 0x3a, 0xd8, 0x13, 0x2c, 0x12, 0x3a, 0x91, 0x50, 0x54, 0x24, 0x28,
  0x54, 0x29, 0x3b, 0x50, 0x4e, 0x24, 0x28, 0x54, 0x29, 0x3b, 0x3a, 0x8e,
  0x00, 0x9d, 0xb3, 0xb6, 0x00, 0xc1, 0x22, 0x54, 0x31, 0x30, 0x30, 0x4c,
  0x36, 0x4f, 0x33, 0x43, 0x2e, 0x4c, 0x36, 0x44, 0x4c, 0x36, 0x45, 0x2e,
  0x4c, 0x31, 0x34, 0x44, 0x4c, 0x36, 0x43, 0x4f, 0x32, 0x41, 0x41, 0x47,
  0x4f, 0x33, 0x4c, 0x36, 0x44, 0x2e, 0x4c, 0x31, 0x34, 0x43, 0x4c, 0x36,
  0x4f, 0x32, 0x42, 0x4f, 0x33, 0x43, 0x4c, 0x34, 0x44, 0x22, 0x3a, 0x8e,
  0x00, 0xaf, 0xb3, 0xb7, 0x00, 0x8b, 0x20, 0xec, 0xef, 0x22, 0x22, 0x89,
  0x0e, 0xb7, 0x00, 0x3a, 0xa1, 0x8e, 0x00, 0xd8, 0xb3, 0xb8, 0x00, 0x59,
  0x24, 0xef, 0xff, 0x83, 0x28, 0xff, 0x93, 0x28, 0x59, 0x29, 0x2c, 0x13,
  0x29, 0x3a, 0x91, 0xe3, 0x28, 0x53, 0xf2, 0xff, 0x92, 0x28, 0x59, 0x24,
  0x29, 0x2c, 0x22, 0x30, 0x22, 0x29, 0x3b, 0x59, 0x24, 0x3a, 0x8e, 0x00,
  0xe0, 0xb3, 0xb9, 0x00, 0xa7, 0x20, 0x83, 0x00, 0x98, 0xb4, 0xba, 0x00,
  0x41, 0x24, 0xef, 0x22, 0x54, 0x31, 0x30, 0x30, 0x4f, 0x32, 0x4c, 0x35,
  0x47, 0x4c, 0x37, 0x41, 0x2e, 0x4c, 0x31, 0x31, 0x42, 0x4f, 0x33, 0x4c,
  0x35, 0x43, 0x4f, 0x32, 0x4c, 0x37, 0x42, 0x2e, 0x4c, 0x31, 0x31, 0x41,
  0x4c, 0x37, 0x47, 0x2e, 0x4c, 0x31, 0x31, 0x41, 0x4c, 0x37, 0x47, 0x45,
  0x4c, 0x34, 0x44, 0x43, 0x2e, 0x47, 0x4f, 0x33, 0x4c, 0x37, 0x43, 0x2e,
  0x4c, 0x31, 0x31, 0x44, 0x4c, 0x35, 0x45, 0x4c, 0x37, 0x44, 0x2e, 0x4c,
  0x31, 0x31, 0x43, 0x4c, 0x37, 0x44, 0x2e, 0x4c, 0x31, 0x31, 0x43, 0x4c,
  0x37, 0x44, 0x2e, 0x4c, 0x31, 0x31, 0x45, 0x4c, 0x34, 0x44, 0x4f, 0x32,
  0x4c, 0x35, 0x47, 0x4c, 0x37, 0x41, 0x2e, 0x4c, 0x31, 0x31, 0x42, 0x4f,
  0x33, 0x4c, 0x35, 0x43, 0x4f, 0x32, 0x4c, 0x37, 0x42, 0x2e, 0x4c, 0x31,
  0x31, 0x41, 0x4c, 0x37, 0x47, 0x2e, 0x4c, 0x31, 0x31, 0x41, 0x4c, 0x37,
  0x47, 0x45, 0x4c, 0x34, 0x44, 0x43, 0x2e, 0x47, 0x4f, 0x33, 0x4c, 0x37,
  0x43, 0x2e, 0x4f, 0x32, 0x4c, 0x31, 0x31, 0x42, 0x4c, 0x37, 0x41, 0x4f,
  0x33, 0x43, 0x4f, 0x32, 0x47, 0x45, 0x4c, 0x35, 0x47, 0x4f, 0x33, 0x4c,
  0x37, 0x43, 0x2e, 0x4c, 0x31, 0x31, 0x44, 0x4c, 0x34, 0x43, 0x22, 0x00,
  0x50, 0xb5, 0xbb, 0x00, 0x42, 0x24, 0xef, 0x22, 0x54, 0x31, 0x30, 0x30,
  0x4f, 0x33, 0x4c, 0x35, 0x47, 0x4c, 0x37, 0x41, 0x2e, 0x4c, 0x31, 0x31,
  0x42, 0x4f, 0x34, 0x4c, 0x35, 0x43, 0x4f, 0x33, 0x4c, 0x37, 0x42, 0x2e,
  0x4c, 0x31, 0x31, 0x41, 0x4c, 0x37, 0x47, 0x2e, 0x4c, 0x31, 0x31, 0x41,
  0x4c, 0x37, 0x47, 0x45, 0x4c, 0x34, 0x44, 0x43, 0x2e, 0x47, 0x4f, 0x34,
  0x4c, 0x37, 0x43, 0x2e, 0x4c, 0x31, 0x31, 0x44, 0x4c, 0x35, 0x45, 0x4c,
  0x37, 0x44, 0x2e, 0x4c, 0x31, 0x31, 0x43, 0x4c, 0x37, 0x44, 0x2e, 0x4c,
  0x31, 0x31, 0x43, 0x4c, 0x37, 0x44, 0x2e, 0x4c, 0x31, 0x31, 0x45, 0x4c,
  0x34, 0x44, 0x4f, 0x33, 0x4c, 0x35, 0x47, 0x4c, 0x37, 0x41, 0x2e, 0x4c,
  0x31, 0x31, 0x42, 0x4f, 0x34, 0x4c, 0x35, 0x43, 0x4f, 0x33, 0x4c, 0x37,
  0x42, 0x2e, 0x4c, 0x31, 0x31, 0x41, 0x4c, 0x37, 0x47, 0x2e, 0x4c, 0x31,
  0x31, 0x41, 0x4c, 0x37, 0x47, 0x45, 0x4c, 0x34, 0x44, 0x43, 0x2e, 0x47,
  0x4f, 0x34, 0x4c, 0x37, 0x43, 0x2e, 0x4f, 0x33, 0x4c, 0x31, 0x31, 0x42,
  0x4c, 0x37, 0x41, 0x4f, 0x34, 0x43, 0x4f, 0x33, 0x47, 0x45, 0x4c, 0x35,
  0x47, 0x4f, 0x34, 0x4c, 0x37, 0x43, 0x2e, 0x4c, 0x31, 0x31, 0x44, 0x4c,
  0x34, 0x43, 0x22, 0x00, 0x08, 0xb6, 0xbc, 0x00, 0x43, 0x24, 0xef, 0x22,
  0x54, 0x31, 0x30, 0x30, 0x4f, 0x34, 0x4c, 0x35, 0x47, 0x4c, 0x37, 0x41,
  0x2e, 0x4c, 0x31, 0x31, 0x42, 0x4f, 0x35, 0x4c, 0x35, 0x43, 0x4f, 0x34,
  0x4c, 0x37, 0x42, 0x2e, 0x4c, 0x31, 0x31, 0x41, 0x4c, 0x37, 0x47, 0x2e,
  0x4c, 0x31, 0x31, 0x41, 0x4c, 0x37, 0x47, 0x45, 0x4c, 0x34, 0x44, 0x43,
  0x2e, 0x47, 0x4f, 0x35, 0x4c, 0x37, 0x43, 0x2e, 0x4c, 0x31, 0x31, 0x44,
  0x4c, 0x35, 0x45, 0x4c, 0x37, 0x44, 0x2e, 0x4c, 0x31, 0x31, 0x43, 0x4c,
  0x37, 0x44, 0x2e, 0x4c, 0x31, 0x31, 0x43, 0x4c, 0x37, 0x44, 0x2e, 0x4c,
  0x31, 0x31, 0x45, 0x4c, 0x34, 0x44, 0x4f, 0x34, 0x4c, 0x35, 0x47, 0x4c,
  0x37, 0x41, 0x2e, 0x4c, 0x31, 0x31, 0x42, 0x4f, 0x35, 0x4c, 0x35, 0x43,
  0x4f, 0x34, 0x4c, 0x37, 0x42, 0x2e, 0x4c, 0x31, 0x31, 0x41, 0x4c, 0x37,
  0x47, 0x2e, 0x4c, 0x31, 0x31, 0x41, 0x4c, 0x37, 0x47, 0x45, 0x4c, 0x34,
  0x44, 0x43, 0x2e, 0x47, 0x4f, 0x35, 0x4c, 0x37, 0x43, 0x2e, 0x4f, 0x34,
  0x4c, 0x31, 0x31, 0x42, 0x4c, 0x37, 0x41, 0x4f, 0x35, 0x43, 0x4f, 0x34,
  0x47, 0x45, 0x4c, 0x35, 0x47, 0x4f, 0x35, 0x4c, 0x37, 0x43, 0x2e, 0x4c,
  0x31, 0x31, 0x44, 0x4c, 0x34, 0x43, 0x22, 0x00, 0x19, 0xb6, 0xbd, 0x00,
  0xc1, 0x20, 0x41, 0x24, 0x2c, 0x42, 0x24, 0x2c, 0x43, 0x24, 0x3a, 0x8e,
  0x00, 0x4c, 0xb6, 0xbe, 0x00, 0x8b, 0x4d, 0x28, 0x54, 0x2c, 0x14, 0x29,
  0xee, 0x11, 0xda, 0x4d, 0x28, 0x54, 0x2c, 0x14, 0x29, 0xef, 0xff, 0xa1,
  0x28, 0x4d, 0x28, 0x54, 0x2c, 0x14, 0x29, 0xf2, 0xff, 0xa1, 0x28, 0xff,
  0x88, 0x28, 0x12, 0x29, 0xf3, 0x4d, 0x28, 0x54, 0x2c, 0x14, 0x29, 0xf1,
  0x12, 0x29, 0x29, 0x00, 0x7b, 0xb6, 0xbf, 0x00, 0x8b, 0x4d, 0x28, 0x54,
  0x2c, 0x15, 0x29, 0xee, 0x11, 0xda, 0x4d, 0x28, 0x54, 0x2c, 0x15, 0x29,
  0xef, 0x4d, 0x28, 0x54, 0x2c, 0x15, 0x29, 0xf2, 0xff, 0xa1, 0x28, 0xff,
  0x88, 0x28, 0x12, 0x29, 0xf3, 0x4d, 0x28, 0x54, 0x2c, 0x15, 0x29, 0xf1,
  0x12, 0x29, 0x00, 0xaa, 0xb6, 0xc0, 0x00, 0x8b, 0x4d, 0x28, 0x54, 0x2c,
  0x16, 0x29, 0xee, 0x11, 0xda, 0x4d, 0x28, 0x54, 0x2c, 0x16, 0x29, 0xef,
  0x4d, 0x28, 0x54, 0x2c, 0x16, 0x29, 0xf2, 0xff, 0xa1, 0x28, 0xff, 0x88,
  0x28, 0x12, 0x29, 0xf3, 0x4d, 0x28, 0x54, 0x2c, 0x16, 0x29, 0xf1, 0x12,
  0x29, 0x00, 0xe2, 0xb6, 0xc1, 0x00, 0x8b, 0x4d, 0x28, 0x54, 0x2c, 0x0f,
  0x0b, 0x29, 0xee, 0x11, 0xda, 0x4d, 0x28, 0x54, 0x2c, 0x0f, 0x0b, 0x29,
  0xef, 0x4d, 0x28, 0x54, 0x2c, 0x0f, 0x0b, 0x29, 0xf2, 0xff, 0xa1, 0x28,
  0xff, 0x88, 0x28, 0x12, 0x29, 0xf3, 0x28, 0x4d, 0x28, 0x54, 0x2c, 0x0f,
  0x0b, 0x29, 0xf4, 0x13, 0x29, 0xf1, 0x12, 0x29, 0x3a, 0x00, 0xe8, 0xb6,
  0xc2, 0x00, 0x8e, 0x00, 0x17, 0xb7, 0xc3, 0x00, 0x8b, 0x4d, 0x28, 0x54,
  0x2c, 0x14, 0x29, 0xee, 0x12, 0xda, 0x4d, 0x28, 0x54, 0x2c, 0x14, 0x29,
  0xef, 0x4d, 0x28, 0x54, 0x2c, 0x14, 0x29, 0xf2, 0xff, 0xa1, 0x28, 0xff,
  0x88, 0x28, 0x12, 0x29, 0xf3, 0x4d, 0x28, 0x54, 0x2c, 0x14, 0x29, 0xf1,
  0x12, 0x29, 0x00, 0x46, 0xb7, 0xc4, 0x00, 0x8b, 0x4d, 0x28, 0x54, 0x2c,
  0x15, 0x29, 0xee, 0x13, 0xda, 0x4d, 0x28, 0x54, 0x2c, 0x15, 0x29, 0xef,
  0x4d, 0x28, 0x54, 0x2c, 0x15, 0x29, 0xf2, 0xff, 0xa1, 0x28, 0xff, 0x88,
  0x28, 0x12, 0x29, 0xf3, 0x4d, 0x28, 0x54, 0x2c, 0x15, 0x29, 0xf1, 0x12,
  0x29, 0x00, 0x73, 0xb7, 0xc5, 0x00, 0x4d, 0x28, 0x54, 0x2c, 0x16, 0x29,
  0xef, 0x28, 0x4d, 0x28, 0x54, 0x2c, 0x16, 0x29, 0xf1, 0x12, 0x29, 0xf2,
  0xff, 0x85, 0x28, 0xff, 0x88, 0x28, 0x12, 0x29, 0xf3, 0x28, 0x4d, 0x28,
  0x54, 0x2c, 0x16, 0x29, 0xf1, 0x12, 0x29, 0xf1, 0x12, 0x29, 0x00, 0xa2,
  0xb7, 0xc6, 0x00, 0x8b, 0x4d, 0x28, 0x54, 0x2c, 0x17, 0x29, 0xee, 0x13,
  0xda, 0x4d, 0x28, 0x54, 0x2c, 0x17, 0x29, 0xef, 0x4d, 0x28, 0x54, 0x2c,
  0x17, 0x29, 0xf2, 0xff, 0xa1, 0x28, 0xff, 0x88, 0x28, 0x12, 0x29, 0xf3,
  0x4d, 0x28, 0x54, 0x2c, 0x17, 0x29, 0xf1, 0x12, 0x29, 0x00, 0xd5, 0xb7,
  0xc7, 0x00, 0x8b, 0x4d, 0x28, 0x54, 0x2c, 0x0f, 0x0a, 0x29, 0xee, 0x11,
  0xda, 0x4d, 0x28, 0x54, 0x2c, 0x0f, 0x0a, 0x29, 0xef, 0x4d, 0x28, 0x54,
  0x2c, 0x0f, 0x0a, 0x29, 0xf2, 0xff, 0xa1, 0x28, 0xff, 0x88, 0x28, 0x12,
  0x29, 0xf3, 0x4d, 0x28, 0x54, 0x2c, 0x0f, 0x0a, 0x29, 0xf1, 0x12, 0x29,
  0x00, 0x0c, 0xb8, 0xc8, 0x00, 0x8b, 0x4d, 0x28, 0x54, 0x2c, 0x0f, 0x0b,
  0x29, 0xee, 0x11, 0xda, 0x4d, 0x28, 0x54, 0x2c, 0x0f, 0x0b, 0x29, 0xef,
  0x4d, 0x28, 0x54, 0x2c, 0x0f, 0x0b, 0x29, 0xf2, 0xff, 0xa1, 0x28, 0xff,
  0x88, 0x28, 0x12, 0x29, 0xf3, 0x28, 0x4d, 0x28, 0x54, 0x2c, 0x0f, 0x0b,
  0x29, 0xf4, 0x15, 0x29, 0xf1, 0x12, 0x29, 0x00, 0x12, 0xb8, 0xc9, 0x00,
  0x8e, 0x00, 0x00, 0x00, 0xff, 0xff, 0xff, 0xff, 0xff, 0xff, 0xff, 0xff,
  0xff, 0xff, 0xff, 0xff, 0xff, 0xff, 0xff, 0xff, 0xff, 0xff, 0xff, 0xff,
  0xff, 0xff, 0xff, 0xff, 0xff, 0xff, 0xff, 0xff, 0xff, 0xff, 0xff, 0xff,
  0xff, 0xff, 0xff, 0xff, 0xff, 0xff, 0xff, 0xff, 0xff, 0xff, 0xff, 0xff,
  0xff, 0xff, 0xff, 0xff, 0xff, 0xff, 0xff, 0xff, 0xff, 0xff, 0xff, 0xff,
  0xff, 0xff, 0xff, 0xff, 0xff, 0xff, 0xff, 0xff, 0xff, 0xff, 0xff, 0xff,
  0xff, 0xff, 0xff, 0xff, 0xff, 0xff, 0xff, 0xff, 0xff, 0xff, 0xff, 0xff,
  0xff, 0xff, 0xff, 0xff, 0xff, 0xff, 0xff, 0xff, 0xff, 0xff, 0xff, 0xff,
  0xff, 0xff, 0xff, 0xff, 0xff, 0xff, 0xff, 0xff, 0xff, 0xff, 0xff, 0xff,
  0xff, 0xff, 0xff, 0xff, 0xff, 0xff, 0xff, 0xff, 0xff, 0xff, 0xff, 0xff,
  0xff, 0xff, 0xff, 0xff, 0xff, 0xff, 0xff, 0xff, 0xff, 0xff, 0xff, 0xff,
  0xff, 0xff, 0xff, 0xff, 0xff, 0xff, 0xff, 0xff, 0xff, 0xff, 0xff, 0xff,
  0xff, 0xff, 0xff, 0xff, 0xff, 0xff, 0xff, 0xff, 0xff, 0xff, 0xff, 0xff,
  0xff, 0xff, 0xff, 0xff, 0xff, 0xff, 0xff, 0xff, 0xff, 0xff, 0xff, 0xff,
  0xff, 0xff, 0xff, 0xff, 0xff, 0xff, 0xff, 0xff, 0xff, 0xff, 0xff, 0xff,
  0xff, 0xff, 0xff, 0xff, 0xff, 0xff, 0xff, 0xff, 0xff, 0xff, 0xff, 0xff,
  0xff, 0xff, 0xff, 0xff, 0xff, 0xff, 0xff, 0xff, 0xff, 0xff, 0xff, 0xff,
  0xff, 0xff, 0xff, 0xff, 0xff, 0xff, 0xff, 0xff, 0xff, 0xff, 0xff, 0xff,
  0xff, 0xff, 0xff, 0xff, 0xff, 0xff, 0xff, 0xff, 0xff, 0xff, 0xff, 0xff,
  0xff, 0xff, 0xff, 0xff, 0xff, 0xff, 0xff, 0xff, 0xff, 0xff, 0xff, 0xff,
  0x21, 0x5f, 0xb9, 0x11, 0x00, 0xc8, 0x3e, 0x80, 0xd9, 0x11, 0x01, 0x00,
  0xd9, 0xcd, 0x59, 0xb9, 0x38, 0x04, 0xed, 0xa0, 0x18, 0xf7, 0x4e, 0x23,
  0x06, 0x00, 0xcb, 0x79, 0x28, 0x10, 0xcd, 0x59, 0xb9, 0xcd, 0x57, 0xb9,
  0xcd, 0x57, 0xb9, 0xcd, 0x57, 0xb9, 0x38, 0x02, 0xcb, 0xb9, 0x03, 0xd9,
  0x62, 0x6b, 0x43, 0xd9, 0xcd, 0x59, 0xb9, 0xd9, 0x30, 0x0a, 0x04, 0x18,
  0xf6, 0xd9, 0xcd, 0x59, 0xb9, 0xd9, 0xed, 0x6a, 0x10, 0xf7, 0x23, 0xd9,
  0xd8, 0xe5, 0xd9, 0xe5, 0xd9, 0x62, 0x6b, 0xed, 0x42, 0xc1, 0xed, 0xb0,
  0xe1, 0x18, 0xb6, 0xcb, 0x10, 0x87, 0xc0, 0x7e, 0x23, 0x17, 0xc9, 0x00,
  0xcd, 0x41, 0x00, 0x21, 0xe5, 0xcf, 0x11, 0x00, 0x03, 0x00, 0x01, 0x00,
  0x08, 0xcd, 0x5c, 0x0b, 0x10, 0xd7, 0x0b, 0x20, 0x01, 0x20, 0x69, 0x00,
  0x0b, 0xc5, 0xc8, 0x0b, 0x26, 0x18, 0x17, 0x03, 0x0b, 0x00, 0xc3, 0x44,
  0x00, 0xfe, 0x03, 0xc0, 0xeb, 0x00, 0x7e, 0xfe, 0x08, 0xc0, 0x23, 0x5e,
  0x23, 0x56, 0x20, 0x1a, 0x21, 0x18, 0xcd, 0x4d, 0x00, 0x13, 0x92, 0x07,
  0x01, 0x20, 0x1e, 0x2c, 0x6b, 0x56, 0x0a, 0x1f, 0x12, 0x80, 0x06, 0x16,
  0x21, 0x20, 0x30, 0x18, 0x1a, 0x09, 0x3e, 0x1f, 0x03, 0x85, 0x30, 0x01,
  0x24, 0x6f, 0x13, 0x0b, 0x41, 0x23, 0x1b, 0x10, 0xec, 0x13, 0x22, 0x87,
  0xe0, 0x1a, 0x35, 0x27, 0xe1, 0x1a, 0x35, 0x83, 0xff, 0x12, 0x48, 0xaf,
  0xc9, 0x87, 0xd3, 0xc5, 0xcb, 0x6f, 0xd1, 0x02, 0x6a, 0x00, 0x23, 0x7e,
  0x4f, 0x3e, 0x0a, 0x91, 0x6f, 0x1a, 0x26, 0x00, 0x29, 0x00, 0xe5, 0xc0,
  0x1e, 0x19, 0xeb, 0xc1, 0x21, 0x00, 0x40, 0x01, 0xed, 0x42, 0xc5, 0x44,
  0x4d, 0xe1, 0x01, 0xd5, 0x11, 0xa5, 0xce, 0x19, 0xd1, 0xc3, 0x2d, 0x3f,
  0x20, 0x00, 0x7d, 0x71, 0x00, 0xf6, 0x7d, 0x1e, 0xda, 0x21, 0x91, 0x2c,
  0x91, 0x71, 0x02, 0x05, 0xcd, 0x07, 0x0c, 0xde, 0x09, 0x16, 0x3a, 0x08,
  0xde, 0x05, 0x16, 0x5e, 0x20, 0x08, 0x9c, 0x0a, 0xf3, 0x3f, 0x16, 0xdf,
  0x0b, 0xbf, 0x5f, 0x7d, 0x13, 0xf9, 0x62, 0x78, 0x21, 0xfc, 0x53, 0x1e,
  0x6d, 0x7c, 0x1f, 0xf1, 0x42, 0x48, 0xe1, 0x08, 0xcf, 0x7f, 0x7e, 0x51,
  0x3e, 0x0a, 0x1c, 0x08, 0x75, 0x37, 0xec, 0x1f, 0x0f, 0x08, 0x5e, 0x0d,
  0x72, 0xc0, 0xfa, 0x60, 0xa0, 0xa1, 0xa2, 0xa3, 0xa4, 0xbe, 0x1e, 0x00,
  0x80, 0xa5, 0xa6, 0xa7, 0xa8, 0x3f, 0xa9, 0x20, 0x00, 0x88, 0x00, 0x50,
  0x55, 0x4c, 0x53, 0x41, 0x20, 0x55, 0x4e, 0x80, 0x03, 0x54, 0x45, 0x43,
  0x4c, 0x41, 0x21, 0xfe, 0x58, 0x20, 0x28, 0x43, 0x02, 0x29, 0x20, 0x31,
  0x39, 0x38, 0x32, 0x61, 0x00, 0x52, 0x49, 0x43, 0x4b, 0x4c, 0x59, 0x2d,
  0x50, 0x00, 0x45, 0x41, 0x52, 0x20, 0x53, 0x4f, 0x46, 0x54, 0x4f, 0x57,
  0x07, 0x45, 0x40, 0xc6, 0x00, 0x32, 0x30, 0x30, 0x35, 0x20, 0x43, 0x4f,
  0x4e, 0x05, 0x56, 0x45, 0x52, 0x53, 0x49, 0x06, 0x4b, 0x20, 0x4f, 0x42,
  0x4a, 0x4c, 0x54, 0x53, 0xfc, 0x3d, 0x17, 0x81, 0x00, 0xfc, 0x42, 0xb0,
  0xf4, 0x01, 0x7a, 0xb3, 0x01, 0x69, 0x00, 0xb4, 0xb2, 0x00, 0xf3, 0xa5,
  0xb5, 0x1c, 0xaa, 0xa9, 0x43, 0xb4, 0x7b, 0xb1, 0x01, 0xb0, 0xb1, 0x79,
  0x20, 0x7a, 0xbc, 0x04, 0x0f, 0x15, 0xb5, 0x1c, 0x1f, 0x3f, 0x3c, 0xb1,
  0x00, 0x67, 0x91, 0x3c, 0x0d, 0xaf, 0x3f, 0x1f, 0xc3, 0xf3, 0x00, 0xcf,
  0x14, 0x0f, 0x4c, 0x1f, 0xf4, 0x00, 0xcf, 0x1f, 0x10, 0x5a, 0x1f, 0x83,
  0xfe, 0xdf, 0x3f, 0x6f, 0x1f, 0xd1, 0xfb, 0x00, 0xab, 0xa1, 0xf0, 0x70,
  0xd1, 0xab, 0xdc, 0x00, 0x46, 0x20, 0x80, 0x20, 0x04, 0x35, 0x88, 0x04,
  0x98, 0x04, 0xad, 0x78, 0x04, 0xbf, 0xbf, 0xd7, 0xaf, 0xff, 0x98, 0xb8,
  0x91, 0x14, 0x89, 0x91, 0xb9, 0x89, 0xf4, 0xda, 0x1e, 0x00, 0xb9, 0xfb,
  0x1e, 0x7e, 0x20, 0x2a, 0xb7, 0x67, 0x07, 0x27, 0xb5, 0x87, 0xb3, 0x11,
  0x97, 0x1f, 0x5d, 0x15, 0xb5, 0x7b, 0x00, 0xb3, 0x11, 0xe5, 0x76, 0xeb,
  0x3f, 0xe1, 0x88, 0x1e, 0xd5, 0x37, 0xcb, 0x0e, 0xb3, 0x07, 0xbc, 0x09,
  0x7e, 0x5f, 0x2f, 0x7f, 0x1f, 0x5f, 0x26, 0xb0, 0x0d, 0x67, 0x01, 0x07,
  0x4c, 0xb3, 0x17, 0xce, 0x01, 0x07, 0x9f, 0x81, 0xdd, 0x7f, 0x00, 0xc0,
  0xa0, 0x18, 0x38, 0x18, 0x18, 0x30, 0x43, 0x00, 0x01, 0x66, 0xee, 0x66,
  0x17, 0xd0, 0x0a, 0x3e, 0x00, 0x55, 0x74, 0x1c, 0xd6, 0x7c, 0x28, 0x73,
  0xdb, 0x03, 0x76, 0x0c, 0x38, 0x6e, 0xdb, 0xce, 0x17, 0xba, 0x2e, 0x2b,
  0xd5, 0x00, 0x0c, 0x07, 0x00, 0x15, 0x18, 0x0c, 0x39, 0x03, 0x00, 0x60,
  0x13, 0x18, 0x3c, 0x7e, 0x02, 0xff, 0xff, 0x7e, 0x3c, 0x18, 0x00, 0x4e,
  0x5e, 0x7e, 0x02, 0x2c, 0x87, 0x3e, 0x7c, 0x6c, 0x86, 0x18, 0x18, 0x03,
  0x06, 0x2e, 0x60, 0x00, 0x00, 0x7c, 0x66, 0xce, 0xf6, 0xc6, 0xcc, 0x78,
  0x96, 0x12, 0x78, 0x14, 0x32, 0x40, 0x0f, 0xc6, 0x66, 0x0c, 0x30, 0x66,
  0x60, 0xfc, 0x07, 0x06, 0x3c, 0x06, 0x40, 0xc6, 0x31, 0x06, 0x0e, 0x1e,
  0x36, 0x7f, 0x41, 0x06, 0x2b, 0xfe, 0xc6, 0xc0, 0x7c, 0x0f, 0xa2, 0x7c,
  0xe6, 0x60, 0x1a, 0xc1, 0x07, 0x7e, 0xc6, 0x0c, 0x5f, 0x49, 0x3f, 0x60,
  0x0f, 0x66, 0x0f, 0xc6, 0x07, 0x19, 0x3e, 0x06, 0x47, 0x5c, 0x9c, 0x5e,
  0x6e, 0x07, 0x08, 0x04, 0x10, 0x04, 0x08, 0x10, 0x9a, 0x63, 0x04, 0x0f,
  0x12, 0x7e, 0x01, 0x7e, 0x05, 0x18, 0x20, 0x10, 0x08, 0x77, 0x20, 0x83,
  0x0b, 0x42, 0x02, 0x1e, 0x18, 0x23, 0x00, 0x3c, 0x66, 0x6e, 0x6e, 0x60,
  0x62, 0x44, 0x3c, 0xbf, 0x78, 0x53, 0xec, 0x62, 0x7b, 0x06, 0x47, 0x1b,
  0xfc, 0x4f, 0x17, 0x0d, 0xcc, 0xc0, 0xc0, 0x57, 0x13, 0xf6, 0x66, 0x66,
  0x0a, 0xf8, 0x0f, 0x0d, 0xc0, 0xf8, 0x0f, 0x8a, 0x07, 0x60, 0x78, 0x75,
  0x1a, 0xc5, 0x07, 0xcc, 0x2e, 0x72, 0x20, 0xe6, 0x1d, 0x7e, 0x66, 0xc6,
  0xce, 0x89, 0x9c, 0xd8, 0xbf, 0x29, 0x44, 0x46, 0x97, 0x45, 0xab, 0x60,
  0x10, 0xd8, 0x70, 0x17, 0x6c, 0x78, 0x6c, 0x04, 0x66, 0xe6, 0x06, 0x30,
  0xf0, 0xa4, 0x62, 0xc6, 0xcf, 0x20, 0xc3, 0xe7, 0x7f, 0x6b, 0x08, 0x63,
  0x63, 0x67, 0xc0, 0x17, 0x76, 0x7e, 0x54, 0x6e, 0x33, 0x2f, 0x34, 0xc6,
  0x8d, 0xf7, 0x4a, 0xf8, 0x24, 0x7c, 0x20, 0x50, 0xd1, 0x0f, 0xde, 0xcc,
  0x7e, 0x7f, 0x96, 0x37, 0x38, 0x01, 0xc0, 0x3e, 0x63, 0xc6, 0x70, 0x1c,
  0xe7, 0x1b, 0x57, 0x99, 0x00, 0x92, 0x26, 0x68, 0x46, 0x97, 0xb1, 0x6c,
  0x07, 0x36, 0xde, 0x28, 0x63, 0x00, 0xe3, 0x63, 0x6b, 0x7f, 0x77, 0x63,
  0xc0, 0xcc, 0x51, 0x66, 0x0c, 0xab, 0x8c, 0x00, 0x1f, 0x46, 0x3c, 0xd8,
  0x25, 0xe0, 0x97, 0x31, 0x2c, 0xfe, 0xa7, 0x16, 0xd3, 0x30, 0x3c, 0x88,
  0xbf, 0xf8, 0x02, 0x62, 0xf6, 0x70, 0x44, 0x1c, 0xda, 0x00, 0x0f, 0xa0,
  0x77, 0x4f, 0x27, 0xdf, 0xc0, 0x1f, 0x1f, 0x13, 0xd8, 0xd8, 0x03, 0xb1,
  0x00, 0xc0, 0xef, 0xef, 0x6c, 0x6c, 0x63, 0x7f, 0x00, 0x7f, 0x00, 0xe0,
  0xec, 0x6c, 0x60, 0x67, 0x67, 0xb8, 0xa4, 0xc0, 0xfe, 0x01, 0xfe, 0x06,
  0xf6, 0xf6, 0xce, 0xce, 0x03, 0x13, 0x01, 0x60, 0x6f, 0x6f, 0x73, 0x73,
  0xc0, 0x23, 0x29, 0x03, 0x29, 0x2d, 0x00, 0x0f, 0x2a, 0x63, 0x29, 0x2d,
  0x21, 0x83, 0x25, 0x60, 0x6c, 0xec, 0xe0, 0x3f, 0xf7, 0xc0, 0x00, 0x99,
  0x26, 0x24, 0x42, 0x4a, 0x2e, 0xb1, 0x00, 0x1e, 0x00, 0x6b, 0xb7, 0xf3,
  0xc0, 0x34, 0x31, 0xfd, 0xfd, 0x30, 0x34, 0x80, 0x00, 0xfc, 0xf0, 0xe0,
  0xc0, 0x80, 0x80, 0x80, 0x0f, 0x3f, 0x0f, 0x07, 0x03, 0x01, 0x01, 0x46,
  0x00, 0x4f, 0xe7, 0xc3, 0x00, 0xfe, 0x4f, 0x00, 0x1e, 0x3c, 0xbc, 0x15,
  0x5e, 0x48, 0xc9, 0xb1, 0x7e, 0x7f, 0xb9, 0xbd, 0x7e, 0x00, 0xc2, 0xbd,
  0xc7, 0x21, 0x99, 0xdb, 0xdb, 0x3f, 0xfa, 0x48, 0xef, 0x00, 0x00, 0xfe,
  0xa2, 0x00, 0xaf, 0x01, 0xbf, 0xfd, 0xdf, 0xfb, 0xff, 0xb7, 0xfe, 0x3f,
  0xf9, 0xe0, 0x40, 0x5c, 0x5e, 0x5f, 0x5f, 0x17, 0xef, 0x5e, 0x5c, 0xf8,
  0xfb, 0x09, 0x01, 0x00, 0x03, 0x00, 0x09, 0x07, 0x00, 0xce, 0x00, 0xcf,
  0xbf, 0x1a, 0x1f, 0x00, 0x3f, 0x7f, 0x70, 0x70, 0x7f, 0x3f, 0x00, 0xfc,
  0x12, 0xfc, 0xfe, 0x0e, 0xcb, 0x04, 0x87, 0x00, 0x78, 0x70, 0xd9, 0x8a,
  0xe0, 0xef, 0x92, 0x07, 0x00, 0x0e, 0x00, 0xb7, 0x2e, 0xbf, 0x14, 0x31,
  0x00, 0x07, 0x9f, 0xd2, 0xba, 0xed, 0x38, 0x82, 0x35, 0xdc, 0xdc, 0xb8,
  0x38, 0x07, 0xa6, 0x23, 0x35, 0x38, 0x07, 0x60, 0x90, 0x33, 0x89, 0x03,
  0x60, 0x99, 0xd7, 0x70, 0xfb, 0x7e, 0xdd, 0xd0, 0x00, 0x77, 0x0f, 0xc0,
  0x2d, 0xba, 0x0b, 0x00, 0x75, 0x80, 0x00, 0xa6, 0x19, 0x00, 0xc4, 0xbe,
  0x7c, 0x11, 0xba, 0x23, 0x0f, 0xb2, 0x00, 0xff, 0x80, 0xc0, 0xe0, 0xf0,
  0xf8, 0x8a, 0xb2, 0xff, 0x5f, 0x43, 0x00, 0xfe, 0xff, 0x63, 0x41, 0x00,
  0xf1, 0x00, 0xa0, 0x81, 0xc1, 0x21, 0xe1, 0x00, 0x71, 0xb1, 0x69, 0x41,
  0xf4, 0xf4, 0xfe, 0x67, 0x75, 0x41, 0x00, 0x00, 0xff, 0xff, 0x00, 0xff,
  0xff, 0xff, 0xff, 0xff, 0xff, 0xff, 0xff, 0xff, 0xff, 0xff, 0xff, 0xff,
  0xff, 0xff, 0xff, 0xff, 0xff, 0xff, 0xff, 0xff, 0xff, 0xff, 0xff, 0xff,
  0xff, 0xff, 0xff, 0xff, 0xff, 0xff, 0xff, 0xff, 0xff, 0xff, 0xff, 0xff,
  0xff, 0xff, 0xff, 0xff, 0xff, 0xff, 0xff, 0xff, 0xff, 0xff, 0xff, 0xff,
  0xff, 0xff, 0xff, 0xff, 0xff, 0xff, 0xff, 0xff, 0xff, 0xff, 0xff, 0xff,
  0xff, 0xff, 0xff, 0xff, 0xff, 0xff, 0xff, 0xff, 0xff, 0xff, 0xff, 0xff,
  0xff, 0xff, 0xff, 0xff, 0xff, 0xff, 0xff, 0xff, 0xff, 0xff, 0xff, 0xff,
  0xff, 0xff, 0xff, 0xff, 0xff, 0xff, 0xff, 0xff, 0xff, 0xff, 0xff, 0xff,
  0xff, 0xff, 0xff, 0xff, 0xff, 0xff, 0xff, 0xff, 0xff, 0xff, 0xff, 0xff,
  0xff, 0xff, 0xff, 0xff, 0xff, 0xff, 0xff, 0xff, 0xff, 0xff, 0xff, 0xff,
  0xff, 0xff, 0xff, 0xff, 0xff, 0xff, 0xff, 0xff, 0xff, 0xff, 0xff, 0xff,
  0xff, 0xff, 0xff, 0xff, 0xff, 0xff, 0xff, 0xff, 0xff, 0xff, 0xff, 0xff,
  0xff, 0xff, 0xff, 0xff, 0xff, 0xff, 0xff, 0xff, 0xff, 0xff, 0xff, 0xff,
  0xff, 0xff, 0xff, 0xff, 0xff, 0xff, 0xff, 0xff, 0xff, 0xff, 0xff, 0xff,
  0xff, 0xff, 0xff, 0xff, 0xff, 0xff, 0xff, 0xff, 0xff, 0xff, 0xff, 0xff,
  0xff, 0xff, 0xff, 0xff, 0xff, 0xff, 0xff, 0xff, 0xff, 0xff, 0xff, 0xff,
  0xff, 0xff, 0xff, 0xff, 0xff, 0xff, 0xff, 0xff, 0xff, 0xff, 0xff, 0xff,
  0xff, 0xff, 0xff, 0xff, 0xff, 0xff, 0xff, 0xff, 0xff, 0xff, 0xff, 0xff,
  0xff, 0xff, 0xff, 0xff, 0xff, 0xff, 0xff, 0xff, 0xff, 0xff, 0xff, 0xff,
  0xff, 0xff, 0xff, 0xff, 0xff, 0xff, 0xff, 0xff, 0xff, 0xff, 0xff, 0xff,
  0xff, 0xff, 0xff, 0xff, 0xff, 0xff, 0xff, 0xff, 0xff, 0xff, 0xff, 0xff,
  0xff, 0xff, 0xff, 0xff, 0xff, 0xff, 0xff, 0xff, 0xff, 0xff, 0xff, 0xff,
  0xff, 0xff, 0xff, 0xff, 0xff, 0xff, 0xff, 0xff, 0xff, 0xff, 0xff, 0xff,
  0xff, 0xff, 0xff, 0xff, 0xff, 0xff, 0xff, 0xff, 0xff, 0xff, 0xff, 0xff,
  0xff, 0xff, 0xff, 0xff, 0xff, 0xff, 0xff, 0xff, 0xff, 0xff, 0xff, 0xff,
  0xff, 0xff, 0xff, 0xff, 0xff, 0xff, 0xff, 0xff, 0xff, 0xff, 0xff, 0xff,
  0xff, 0xff, 0xff, 0xff, 0xff, 0xff, 0xff, 0xff, 0xff, 0xff, 0xff, 0xff,
  0xff, 0xff, 0xff, 0xff, 0xff, 0xff, 0xff, 0xff, 0xff, 0xff, 0xff, 0xff,
  0xff, 0xff, 0xff, 0xff, 0xff, 0xff, 0xff, 0xff, 0xff, 0xff, 0xff, 0xff,
  0xff, 0xff, 0xff, 0xff, 0xff, 0xff, 0xff, 0xff, 0xff, 0xff, 0xff, 0xff,
  0xff, 0xff, 0xff, 0xff, 0xff, 0xff, 0xff, 0xff, 0xff, 0xff, 0xff, 0xff,
  0xff, 0xff, 0xff, 0xff, 0xff, 0xff, 0xff, 0xff, 0xff, 0xff, 0xff, 0xff,
  0xff, 0xff, 0xff, 0xff, 0xff, 0xff, 0xff, 0xff, 0xff, 0xff, 0xff, 0xff,
  0xff, 0xff, 0xff, 0xff, 0xff, 0xff, 0xff, 0xff, 0xff, 0xff, 0xff, 0xff,
  0xff, 0xff, 0xff, 0xff, 0xff, 0xff, 0xff, 0xff, 0xff, 0xff, 0xff, 0xff,
  0xff, 0xff, 0xff, 0xff, 0xff, 0xff, 0xff, 0xff, 0xff, 0xff, 0xff, 0xff,
  0xff, 0xff, 0xff, 0xff, 0xff, 0xff, 0xff, 0xff, 0xff, 0xff, 0xff, 0xff,
  0xff, 0xff, 0xff, 0xff, 0xff, 0xff, 0xff, 0xff, 0xff, 0xff, 0xff, 0xff,
  0xff, 0xff, 0xff, 0xff, 0xff, 0xff, 0xff, 0xff, 0xff, 0xff, 0xff, 0xff,
  0xff, 0xff, 0xff, 0xff, 0xff, 0xff, 0xff, 0xff, 0xff, 0xff, 0xff, 0xff,
  0xff, 0xff, 0xff, 0xff, 0xff, 0xff, 0xff, 0xff, 0xff, 0xff, 0xff, 0xff,
  0xff, 0xff, 0xff, 0xff, 0xff, 0xff, 0xff, 0xff, 0xff, 0xff, 0xff, 0xff,
  0xff, 0xff, 0xff, 0xff, 0xff, 0xff, 0xff, 0xff, 0xff, 0xff, 0xff, 0xff,
  0xff, 0xff, 0xff, 0xff
};
unsigned int Viking_rom_len = 16384;
