unsigned char yamaha_msx1_diag_rom[] = {
  0x41, 0x42, 0x10, 0x40, 0x00, 0x00, 0x00, 0x00, 0x00, 0x00, 0x00, 0x00,
  0x00, 0x00, 0x00, 0x00, 0xf3, 0x3e, 0xfe, 0xd3, 0x01, 0x21, 0x00, 0xc0,
  0xaf, 0x47, 0x77, 0x23, 0x10, 0xfc, 0xdb, 0x21, 0xfe, 0x55, 0x20, 0x05,
  0x3e, 0xff, 0x32, 0x00, 0xc0, 0x21, 0xc6, 0x52, 0xcd, 0xab, 0x52, 0x21,
  0x02, 0x05, 0x11, 0x03, 0xc0, 0x06, 0x0c, 0x22, 0x0f, 0xc0, 0x1a, 0xb7,
  0x3e, 0x20, 0x28, 0x02, 0x3e, 0x2a, 0xe5, 0xd5, 0xc5, 0xcd, 0x4f, 0x52,
  0xc1, 0xd1, 0xe1, 0x24, 0x13, 0x10, 0xe8, 0xcd, 0xf7, 0x4e, 0x21, 0x5b,
  0x40, 0xcd, 0xe3, 0x4e, 0x38, 0xf5, 0xe9, 0x61, 0x80, 0x40, 0x62, 0x03,
  0x42, 0x63, 0x9c, 0x44, 0x64, 0xd3, 0x45, 0x65, 0xc9, 0x46, 0x66, 0x58,
  0x48, 0x67, 0xa2, 0x48, 0x68, 0xbf, 0x49, 0x69, 0x45, 0x4b, 0x6a, 0x2c,
  0x4c, 0x6b, 0x2d, 0x4e, 0x6c, 0xce, 0x4e, 0xff, 0x21, 0xdc, 0x40, 0xcd,
  0xab, 0x52, 0x21, 0x97, 0x41, 0x11, 0x00, 0x80, 0x01, 0x20, 0x00, 0xed,
  0xb0, 0xcd, 0x00, 0x80, 0x21, 0x09, 0x41, 0x7a, 0xfe, 0x12, 0x20, 0x08,
  0x7b, 0xfe, 0x3c, 0x20, 0x03, 0x21, 0x19, 0x41, 0xcd, 0x2c, 0x52, 0x21,
  0xb7, 0x41, 0x11, 0x00, 0x80, 0x01, 0x4c, 0x00, 0xed, 0xb0, 0xcd, 0x00,
  0x80, 0x21, 0x29, 0x41, 0x38, 0x10, 0x21, 0x4e, 0x41, 0x7a, 0xfe, 0x89,
  0x20, 0x08, 0x7b, 0xfe, 0xb9, 0x20, 0x03, 0x21, 0x72, 0x41, 0xcd, 0x2c,
  0x52, 0xcd, 0xf7, 0x4e, 0xfe, 0x01, 0x20, 0xf9, 0x3e, 0xff, 0x32, 0x03,
  0xc0, 0xc3, 0x29, 0x40, 0x04, 0x06, 0x12, 0x42, 0x41, 0x53, 0x49, 0x43,
  0x20, 0x26, 0x20, 0x53, 0x45, 0x52, 0x49, 0x41, 0x4c, 0x20, 0x49, 0x2f,
  0x4f, 0x08, 0x07, 0x08, 0x52, 0x4f, 0x4d, 0x20, 0x54, 0x45, 0x53, 0x54,
  0x04, 0x15, 0x09, 0x46, 0x31, 0x20, 0x3a, 0x20, 0x4d, 0x45, 0x4e, 0x55,
  0xff, 0x04, 0x09, 0x0c, 0x42, 0x41, 0x53, 0x49, 0x43, 0x20, 0x52, 0x4f,
  0x4d, 0x20, 0x4e, 0x47, 0xff, 0x04, 0x09, 0x0c, 0x42, 0x41, 0x53, 0x49,
  0x43, 0x20, 0x52, 0x4f, 0x4d, 0x20, 0x4f, 0x4b, 0xff, 0x04, 0x0b, 0x14,
  0x49, 0x6e, 0x73, 0x65, 0x72, 0x74, 0x20, 0x52, 0x65, 0x66, 0x65, 0x72,
  0x65, 0x6e, 0x63, 0x65, 0x20, 0x52, 0x4f, 0x4d, 0x08, 0x0c, 0x0a, 0x63,
  0x61, 0x72, 0x74, 0x72, 0x69, 0x64, 0x67, 0x65, 0x21, 0xff, 0x04, 0x0b,
  0x11, 0x53, 0x45, 0x52, 0x49, 0x41, 0x4c, 0x20, 0x49, 0x2f, 0x4f, 0x20,
  0x52, 0x4f, 0x4d, 0x20, 0x4e, 0x47, 0x04, 0x0e, 0x0c, 0x52, 0x4f, 0x4d,
  0x20, 0x54, 0x45, 0x53, 0x54, 0x20, 0x45, 0x4e, 0x44, 0xff, 0x04, 0x0b,
  0x11, 0x53, 0x45, 0x52, 0x49, 0x41, 0x4c, 0x20, 0x49, 0x2f, 0x4f, 0x20,
  0x52, 0x4f, 0x4d, 0x20, 0x4f, 0x4b, 0xff, 0x04, 0x0e, 0x0c, 0x52, 0x4f,
  0x4d, 0x20, 0x54, 0x45, 0x53, 0x54, 0x20, 0x45, 0x4e, 0x44, 0xff, 0xdb,
  0xa8, 0xf5, 0xe6, 0xf0, 0xd3, 0xa8, 0x21, 0x00, 0x00, 0x01, 0x00, 0x80,
  0x11, 0x00, 0x00, 0x7e, 0x82, 0x57, 0x7e, 0xab, 0x5f, 0x23, 0x0b, 0x78,
  0xb1, 0x20, 0xf4, 0xf1, 0xd3, 0xa8, 0xc9, 0xdb, 0xa8, 0x47, 0x3a, 0xff,
  0xff, 0x2f, 0x4f, 0xc5, 0x78, 0xf6, 0x0f, 0xd3, 0xa8, 0x79, 0xe6, 0xf0,
  0xf6, 0x05, 0x32, 0xff, 0xff, 0x2a, 0x00, 0x40, 0x7d, 0xfe, 0x41, 0x20,
  0x05, 0x7c, 0xfe, 0x42, 0x28, 0x0a, 0xc1, 0x78, 0xd3, 0xa8, 0x79, 0x32,
  0xff, 0xff, 0x37, 0xc9, 0x21, 0x00, 0x40, 0x01, 0x00, 0x40, 0x11, 0x00,
  0x00, 0x7e, 0x82, 0x57, 0x7e, 0xab, 0x5f, 0x23, 0x0b, 0x78, 0xb1, 0x20,
  0xf4, 0xc1, 0x78, 0xd3, 0xa8, 0x79, 0x32, 0xff, 0xff, 0xb7, 0xc9, 0x21,
  0xee, 0x42, 0xcd, 0xab, 0x52, 0x3e, 0xff, 0x32, 0x04, 0xc0, 0x21, 0x00,
  0x80, 0x01, 0x00, 0x40, 0xcd, 0x5a, 0x44, 0x20, 0x5b, 0x21, 0x37, 0x44,
  0x01, 0x65, 0x00, 0x11, 0x00, 0x80, 0xed, 0xb0, 0xcd, 0x00, 0x80, 0x20,
  0x4b, 0xed, 0x73, 0x11, 0xc0, 0x21, 0x00, 0xc0, 0x11, 0x00, 0x80, 0x01,
  0xff, 0x3f, 0xed, 0xb0, 0x2a, 0x11, 0xc0, 0xcb, 0xb4, 0xf9, 0x21, 0x00,
  0xc0, 0x01, 0xff, 0x3f, 0xcd, 0x5a, 0x44, 0xf5, 0xd5, 0xe5, 0x21, 0x00,
  0x80, 0x11, 0x00, 0xc0, 0x01, 0xff, 0x3f, 0xed, 0xb0, 0xed, 0x73, 0x11,
  0xc0, 0x2a, 0x11, 0xc0, 0xcb, 0xf4, 0xf9, 0xe1, 0xd1, 0xf1, 0x20, 0x10,
  0x21, 0x06, 0x43, 0xcd, 0xab, 0x52, 0xcd, 0xf7, 0x4e, 0xfe, 0x01, 0x20,
  0xf9, 0xc3, 0x29, 0x40, 0xaa, 0xcb, 0x47, 0x21, 0x27, 0x43, 0x20, 0x03,
  0x21, 0x38, 0x43, 0xf5, 0xcd, 0x2c, 0x52, 0xf1, 0xcb, 0x4f, 0x21, 0x49,
  0x43, 0x20, 0x03, 0x21, 0x5a, 0x43, 0xf5, 0xcd, 0x2c, 0x52, 0xf1, 0xcb,
  0x57, 0x21, 0x6b, 0x43, 0x20, 0x03, 0x21, 0x7c, 0x43, 0xf5, 0xcd, 0x2c,
  0x52, 0xf1, 0xcb, 0x5f, 0x21, 0x8d, 0x43, 0x20, 0x03, 0x21, 0x9e, 0x43,
  0xf5, 0xcd, 0x2c, 0x52, 0xf1, 0xcb, 0x67, 0x21, 0xaf, 0x43, 0x20, 0x03,
  0x21, 0xc0, 0x43, 0xf5, 0xcd, 0x2c, 0x52, 0xf1, 0xcb, 0x6f, 0x21, 0xd1,
  0x43, 0x20, 0x03, 0x21, 0xe2, 0x43, 0xf5, 0xcd, 0x2c, 0x52, 0xf1, 0xcb,
  0x77, 0x21, 0xf3, 0x43, 0x20, 0x03, 0x21, 0x04, 0x44, 0xf5, 0xcd, 0x2c,
  0x52, 0xf1, 0xcb, 0x7f, 0x21, 0x15, 0x44, 0x20, 0x03, 0x21, 0x26, 0x44,
  0xcd, 0x2c, 0x52, 0xc3, 0x6a, 0x42, 0x04, 0x06, 0x08, 0x52, 0x41, 0x4d,
  0x20, 0x54, 0x45, 0x53, 0x54, 0x04, 0x15, 0x09, 0x46, 0x31, 0x20, 0x3a,
  0x20, 0x4d, 0x45, 0x4e, 0x55, 0xff, 0x04, 0x06, 0x08, 0x52, 0x41, 0x4d,
  0x20, 0x54, 0x45, 0x53, 0x54, 0x04, 0x07, 0x06, 0x52, 0x41, 0x4d, 0x20,
  0x4f, 0x4b, 0x04, 0x15, 0x09, 0x46, 0x31, 0x20, 0x3a, 0x20, 0x4d, 0x45,
  0x4e, 0x55, 0xff, 0x04, 0x09, 0x0d, 0x49, 0x43, 0x20, 0x4e, 0x4f, 0x2e,
  0x34, 0x30, 0x37, 0x20, 0x20, 0x4e, 0x47, 0xff, 0x04, 0x09, 0x0d, 0x49,
  0x43, 0x20, 0x4e, 0x4f, 0x2e, 0x34, 0x30, 0x37, 0x20, 0x20, 0x4f, 0x4b,
  0xff, 0x04, 0x0a, 0x0d, 0x49, 0x43, 0x20, 0x4e, 0x4f, 0x2e, 0x34, 0x30,
  0x39, 0x20, 0x20, 0x4e, 0x47, 0xff, 0x04, 0x0a, 0x0d, 0x49, 0x43, 0x20,
  0x4e, 0x4f, 0x2e, 0x34, 0x30, 0x39, 0x20, 0x20, 0x4f, 0x4b, 0xff, 0x04,
  0x0b, 0x0d, 0x49, 0x43, 0x20, 0x4e, 0x4f, 0x2e, 0x34, 0x30, 0x36, 0x20,
  0x20, 0x4e, 0x47, 0xff, 0x04, 0x0b, 0x0d, 0x49, 0x43, 0x20, 0x4e, 0x4f,
  0x2e, 0x34, 0x30, 0x36, 0x20, 0x20, 0x4f, 0x4b, 0xff, 0x04, 0x0c, 0x0d,
  0x49, 0x43, 0x20, 0x4e, 0x4f, 0x2e, 0x34, 0x30, 0x38, 0x20, 0x20, 0x4e,
  0x47, 0xff, 0x04, 0x0c, 0x0d, 0x49, 0x43, 0x20, 0x4e, 0x4f, 0x2e, 0x34,
  0x30, 0x38, 0x20, 0x20, 0x4f, 0x4b, 0xff, 0x04, 0x0d, 0x0d, 0x49, 0x43,
  0x20, 0x4e, 0x4f, 0x2e, 0x34, 0x31, 0x30, 0x20, 0x20, 0x4e, 0x47, 0xff,
  0x04, 0x0d, 0x0d, 0x49, 0x43, 0x20, 0x4e, 0x4f, 0x2e, 0x34, 0x31, 0x30,
  0x20, 0x20, 0x4f, 0x4b, 0xff, 0x04, 0x0e, 0x0d, 0x49, 0x43, 0x20, 0x4e,
  0x4f, 0x2e, 0x34, 0x31, 0x32, 0x20, 0x20, 0x4e, 0x47, 0xff, 0x04, 0x0e,
  0x0d, 0x49, 0x43, 0x20, 0x4e, 0x4f, 0x2e, 0x34, 0x31, 0x32, 0x20, 0x20,
  0x4f, 0x4b, 0xff, 0x04, 0x0f, 0x0d, 0x49, 0x43, 0x20, 0x4e, 0x4f, 0x2e,
  0x34, 0x31, 0x33, 0x20, 0x20, 0x4e, 0x47, 0xff, 0x04, 0x0f, 0x0d, 0x49,
  0x43, 0x20, 0x4e, 0x4f, 0x2e, 0x34, 0x31, 0x33, 0x20, 0x20, 0x4f, 0x4b,
  0xff, 0x04, 0x10, 0x0d, 0x49, 0x43, 0x20, 0x4e, 0x4f, 0x2e, 0x34, 0x31,
  0x31, 0x20, 0x20, 0x4e, 0x47, 0xff, 0x04, 0x10, 0x0d, 0x49, 0x43, 0x20,
  0x4e, 0x4f, 0x2e, 0x34, 0x31, 0x31, 0x20, 0x20, 0x4f, 0x4b, 0xff, 0xdb,
  0xa8, 0xf5, 0xf6, 0x0f, 0xd3, 0xa8, 0x3a, 0xff, 0xff, 0x2f, 0xe6, 0xf0,
  0xf6, 0x0a, 0x32, 0xff, 0xff, 0x21, 0x00, 0x00, 0x01, 0x00, 0x80, 0xcd,
  0x23, 0x80, 0xc1, 0xf5, 0xc5, 0xf1, 0xd3, 0xa8, 0xf1, 0xc9, 0x54, 0x5d,
  0xc5, 0xdd, 0xe1, 0x7c, 0x85, 0x77, 0x23, 0x0b, 0x78, 0xb1, 0x20, 0xf7,
  0x62, 0x6b, 0xdd, 0xe5, 0xc1, 0x7c, 0x85, 0xbe, 0x20, 0x27, 0x23, 0x0b,
  0x78, 0xb1, 0x20, 0xf5, 0x62, 0x6b, 0xdd, 0xe5, 0xc1, 0x7c, 0x85, 0x2f,
  0x77, 0x23, 0x0b, 0x78, 0xb1, 0x20, 0xf6, 0x62, 0x6b, 0xdd, 0xe5, 0xc1,
  0x7c, 0x85, 0x2f, 0xbe, 0x20, 0x07, 0x23, 0x0b, 0x78, 0xb1, 0x20, 0xf4,
  0xc9, 0x57, 0x7e, 0xc9, 0xcd, 0x81, 0x45, 0x20, 0x15, 0x21, 0xe0, 0x44,
  0xcd, 0xab, 0x52, 0xcd, 0xf7, 0x4e, 0xfe, 0x01, 0x20, 0xf9, 0x3e, 0xff,
  0x32, 0x05, 0xc0, 0xc3, 0x29, 0x40, 0xaa, 0xf5, 0x21, 0x0f, 0x45, 0xcd,
  0xab, 0x52, 0xf1, 0x47, 0xe6, 0xf0, 0x21, 0x2d, 0x45, 0x20, 0x03, 0x21,
  0x42, 0x45, 0xc5, 0xcd, 0x2c, 0x52, 0xc1, 0x78, 0xe6, 0x0f, 0x21, 0x57,
  0x45, 0x20, 0x03, 0x21, 0x6c, 0x45, 0xcd, 0x2c, 0x52, 0xc3, 0xa7, 0x44,
  0x04, 0x06, 0x0e, 0x56, 0x69, 0x64, 0x65, 0x6f, 0x20, 0x52, 0x41, 0x4d,
  0x20, 0x54, 0x45, 0x53, 0x54, 0x04, 0x0a, 0x0e, 0x56, 0x69, 0x64, 0x65,
  0x6f, 0x20, 0x52, 0x41, 0x4d, 0x20, 0x4f, 0x4b, 0x20, 0x20, 0x04, 0x15,
  0x09, 0x46, 0x31, 0x20, 0x3a, 0x20, 0x4d, 0x45, 0x4e, 0x55, 0xff, 0x04,
  0x06, 0x0e, 0x56, 0x69, 0x64, 0x65, 0x6f, 0x20, 0x52, 0x41, 0x4d, 0x20,
  0x54, 0x45, 0x53, 0x54, 0x04, 0x15, 0x09, 0x46, 0x31, 0x20, 0x3a, 0x20,
  0x4d, 0x45, 0x4e, 0x55, 0xff, 0x04, 0x0a, 0x11, 0x56, 0x69, 0x64, 0x65,
  0x6f, 0x20, 0x52, 0x41, 0x4d, 0x20, 0x68, 0x69, 0x67, 0x68, 0x20, 0x4e,
  0x47, 0xff, 0x04, 0x0a, 0x11, 0x56, 0x69, 0x64, 0x65, 0x6f, 0x20, 0x52,
  0x41, 0x4d, 0x20, 0x68, 0x69, 0x67, 0x68, 0x20, 0x4f, 0x4b, 0xff, 0x04,
  0x0b, 0x11, 0x56, 0x69, 0x64, 0x65, 0x6f, 0x20, 0x52, 0x41, 0x4d, 0x20,
  0x6c, 0x6f, 0x77, 0x20, 0x20, 0x4e, 0x47, 0xff, 0x04, 0x0b, 0x11, 0x56,
  0x69, 0x64, 0x65, 0x6f, 0x20, 0x52, 0x41, 0x4d, 0x20, 0x6c, 0x6f, 0x77,
  0x20, 0x20, 0x4f, 0x4b, 0xff, 0x21, 0x00, 0x00, 0x01, 0x00, 0x40, 0xcd,
  0x7b, 0x52, 0x7c, 0x85, 0xd3, 0x98, 0x23, 0x0b, 0x78, 0xb1, 0x20, 0xf6,
  0x21, 0x00, 0x00, 0x06, 0x40, 0xcd, 0x84, 0x52, 0x7c, 0x85, 0x57, 0xdb,
  0x98, 0xba, 0xc0, 0x23, 0x0b, 0x78, 0xb1, 0x20, 0xf3, 0x21, 0x00, 0x00,
  0x06, 0x40, 0xcd, 0x7b, 0x52, 0x7c, 0x85, 0x2f, 0xd3, 0x98, 0x23, 0x0b,
  0x78, 0xb1, 0x20, 0xf5, 0x21, 0x00, 0x00, 0x06, 0x40, 0xcd, 0x84, 0x52,
  0x7c, 0x85, 0x2f, 0x57, 0xdb, 0x98, 0xba, 0xc0, 0x23, 0x0b, 0x78, 0xb1,
  0x20, 0xf2, 0xc9, 0x21, 0xa6, 0x53, 0xcd, 0xab, 0x52, 0x06, 0x07, 0x3a,
  0x06, 0xc0, 0x4f, 0x21, 0x04, 0x07, 0x22, 0x0f, 0xc0, 0xcb, 0x09, 0xc5,
  0xe5, 0x3e, 0x20, 0x30, 0x02, 0x3e, 0x2a, 0xcd, 0x4f, 0x52, 0xe1, 0xc1,
  0x24, 0x10, 0xeb, 0xcd, 0xf7, 0x4e, 0x21, 0x03, 0x46, 0xcd, 0xe3, 0x4e,
  0x38, 0xf5, 0xe9, 0x31, 0x1c, 0x46, 0x32, 0x23, 0x46, 0x33, 0x2a, 0x46,
  0x34, 0x31, 0x46, 0x35, 0x38, 0x46, 0x36, 0x3f, 0x46, 0x37, 0x53, 0x46,
  0x01, 0x29, 0x40, 0xff, 0xcd, 0x5e, 0x5b, 0x3e, 0x01, 0x18, 0x21, 0xcd,
  0x77, 0x5b, 0x3e, 0x02, 0x18, 0x1a, 0xcd, 0x52, 0x5b, 0x3e, 0x04, 0x18,
  0x13, 0xcd, 0x8c, 0x5b, 0x3e, 0x08, 0x18, 0x0c, 0xcd, 0x9c, 0x5b, 0x3e,
  0x10, 0x18, 0x05, 0xcd, 0xcb, 0x5b, 0x3e, 0x20, 0x21, 0x06, 0xc0, 0xb6,
  0x77, 0xcd, 0xf7, 0x4e, 0xfe, 0x01, 0x20, 0xf9, 0xc3, 0xd3, 0x45, 0x21,
  0xa8, 0x46, 0xcd, 0xab, 0x52, 0x21, 0x00, 0x1c, 0x11, 0x8f, 0x46, 0x06,
  0x15, 0xcd, 0x8b, 0x52, 0x3e, 0x00, 0xd3, 0x99, 0x3e, 0x8f, 0xd3, 0x99,
  0xdb, 0x99, 0xe6, 0x20, 0xfe, 0x20, 0x11, 0xa6, 0x46, 0x20, 0x03, 0x11,
  0xa4, 0x46, 0x21, 0x08, 0x08, 0x22, 0x0f, 0xc0, 0xd5, 0x1a, 0xcd, 0x4f,
  0x52, 0xd1, 0x13, 0x1a, 0xcd, 0x4f, 0x52, 0x3e, 0x40, 0x18, 0xb5, 0x05,
  0x0a, 0x00, 0x02, 0x05, 0x0c, 0x01, 0x03, 0x05, 0x0e, 0x02, 0x04, 0x05,
  0x10, 0x03, 0x05, 0x05, 0x12, 0x04, 0x06, 0xd0, 0x4f, 0x4b, 0x4e, 0x47,
  0x06, 0x06, 0x11, 0x56, 0x44, 0x50, 0x20, 0x52, 0x65, 0x67, 0x69, 0x73,
  0x74, 0x65, 0x72, 0x20, 0x54, 0x45, 0x53, 0x54, 0x04, 0x15, 0x09, 0x46,
  0x31, 0x20, 0x3a, 0x20, 0x4d, 0x45, 0x4e, 0x55, 0xff, 0x3a, 0x00, 0xc0,
  0xb7, 0x21, 0x87, 0x56, 0x28, 0x03, 0x21, 0x47, 0x54, 0xcd, 0xab, 0x52,
  0x06, 0x06, 0x3a, 0x07, 0xc0, 0x4f, 0x21, 0x04, 0x07, 0x22, 0x0f, 0xc0,
  0xcb, 0x09, 0xc5, 0xe5, 0x3e, 0x20, 0x30, 0x02, 0x3e, 0x2a, 0xcd, 0x4f,
  0x52, 0xe1, 0xc1, 0x24, 0x10, 0xeb, 0xcd, 0xf7, 0x4e, 0x21, 0x0a, 0x47,
  0xcd, 0xe3, 0x4e, 0x38, 0xf5, 0x11, 0xc9, 0x46, 0xd5, 0xe9, 0xe1, 0xc3,
  0x29, 0x40, 0x31, 0x20, 0x47, 0x32, 0x81, 0x47, 0x33, 0x88, 0x47, 0x34,
  0x8f, 0x47, 0x35, 0x96, 0x47, 0x36, 0x9d, 0x47, 0x01, 0x06, 0x47, 0xff,
  0x3a, 0x00, 0xc0, 0xb7, 0x21, 0x2b, 0x57, 0x28, 0x03, 0x21, 0xda, 0x54,
  0xcd, 0xab, 0x52, 0x16, 0x80, 0x3e, 0x0f, 0xcd, 0x5f, 0x47, 0x16, 0x00,
  0x3e, 0x0e, 0xcd, 0x5f, 0x47, 0x21, 0x07, 0xc0, 0xcb, 0xc6, 0xdb, 0xaa,
  0xe6, 0xf0, 0xf6, 0x06, 0xd3, 0xaa, 0x3e, 0x0e, 0xd3, 0xab, 0xee, 0x01,
  0x2e, 0xfa, 0x2d, 0x20, 0xfd, 0x4f, 0xdb, 0xa9, 0x07, 0x07, 0x07, 0x79,
  0x38, 0xee, 0xc9, 0xd3, 0xab, 0xdb, 0xaa, 0xe6, 0x80, 0xba, 0xc8, 0x21,
  0x06, 0x0f, 0x22, 0x0f, 0xc0, 0x21, 0x76, 0x47, 0x3e, 0x0b, 0xcd, 0x1f,
  0x52, 0xc9, 0x50, 0x50, 0x49, 0x20, 0x64, 0x61, 0x74, 0x61, 0x20, 0x4e,
  0x47, 0x06, 0x02, 0x21, 0x1d, 0x48, 0x18, 0x1a, 0x06, 0x04, 0x21, 0x26,
  0x48, 0x18, 0x13, 0x06, 0x08, 0x21, 0x2f, 0x48, 0x18, 0x0c, 0x06, 0x10,
  0x21, 0x38, 0x48, 0x18, 0x05, 0x06, 0x20, 0x21, 0x4d, 0x48, 0x3a, 0x07,
  0xc0, 0xb0, 0x32, 0x07, 0xc0, 0xe5, 0x3a, 0x00, 0xc0, 0xb7, 0x21, 0x68,
  0x57, 0x28, 0x03, 0x21, 0x22, 0x55, 0xcd, 0xab, 0x52, 0xe1, 0xcd, 0xcb,
  0x47, 0xcd, 0xf7, 0x4e, 0xfe, 0x01, 0x20, 0xf9, 0x21, 0x00, 0x48, 0xcd,
  0xcb, 0x47, 0xc9, 0x0e, 0xa1, 0x7e, 0x47, 0xfe, 0xff, 0xc8, 0xd3, 0xa0,
  0x23, 0x56, 0xed, 0x51, 0xdb, 0xa2, 0x23, 0xba, 0x28, 0xef, 0xe5, 0xd5,
  0xc5, 0xf5, 0x21, 0x06, 0x0f, 0x22, 0x0f, 0xc0, 0x21, 0xf5, 0x47, 0x3e,
  0x0b, 0xcd, 0x1f, 0x52, 0xf1, 0xc1, 0xd1, 0xe1, 0xc9, 0x53, 0x53, 0x47,
  0x20, 0x64, 0x61, 0x74, 0x61, 0x20, 0x4e, 0x47, 0x00, 0x00, 0x01, 0x00,
  0x02, 0x00, 0x03, 0x00, 0x04, 0x00, 0x05, 0x00, 0x06, 0x00, 0x07, 0xbf,
  0x08, 0x00, 0x09, 0x00, 0x0a, 0x00, 0x0b, 0x00, 0x0c, 0x00, 0x0d, 0x00,
  0xff, 0x00, 0xac, 0x01, 0x01, 0x07, 0xb8, 0x08, 0x0f, 0xff, 0x02, 0x53,
  0x03, 0x01, 0x07, 0xb8, 0x09, 0x0f, 0xff, 0x04, 0x1d, 0x05, 0x01, 0x07,
  0xb8, 0x0a, 0x0f, 0xff, 0x00, 0xac, 0x01, 0x01, 0x02, 0x53, 0x03, 0x01,
  0x04, 0x1d, 0x05, 0x01, 0x07, 0xb8, 0x08, 0x0f, 0x09, 0x0f, 0x0a, 0x0f,
  0xff, 0x06, 0x1f, 0x07, 0x87, 0x08, 0x0f, 0x09, 0x0f, 0x0a, 0x0f, 0xff,
  0x21, 0x6b, 0x55, 0xcd, 0xab, 0x52, 0x21, 0x02, 0x0d, 0x22, 0x0f, 0xc0,
  0xcd, 0x79, 0x4f, 0xf5, 0xcd, 0x4f, 0x52, 0xf1, 0xfe, 0x01, 0x28, 0x14,
  0x2a, 0x0f, 0xc0, 0x7d, 0xfe, 0x1f, 0x38, 0xec, 0x2e, 0x02, 0x24, 0x7c,
  0xfe, 0x13, 0x20, 0xe1, 0x26, 0x0d, 0x18, 0xdd, 0xdb, 0xaa, 0xe6, 0xf0,
  0xf6, 0x06, 0xd3, 0xaa, 0x11, 0x00, 0x80, 0xdb, 0xa9, 0xcb, 0x6f, 0x20,
  0xcf, 0x1b, 0x7a, 0xb3, 0x20, 0xf5, 0x3e, 0xff, 0x32, 0x08, 0xc0, 0xc3,
  0x29, 0x40, 0x21, 0xb6, 0x55, 0xcd, 0xab, 0x52, 0xcd, 0x54, 0x49, 0xcd,
  0x40, 0x49, 0x16, 0x40, 0xcd, 0x2e, 0x49, 0xcc, 0x6f, 0x49, 0x16, 0x80,
  0xcd, 0x33, 0x49, 0xcc, 0x6f, 0x49, 0xcd, 0x50, 0x49, 0x16, 0x00, 0xcd,
  0x2e, 0x49, 0xc4, 0x6f, 0x49, 0x16, 0x80, 0xcd, 0x33, 0x49, 0xcc, 0x6f,
  0x49, 0xcd, 0x54, 0x49, 0xcd, 0x3c, 0x49, 0x16, 0x40, 0xcd, 0x2e, 0x49,
  0xcc, 0x6f, 0x49, 0x16, 0x00, 0xcd, 0x33, 0x49, 0xc4, 0x6f, 0x49, 0xcd,
  0x50, 0x49, 0x16, 0x00, 0xcd, 0x2e, 0x49, 0xc4, 0x6f, 0x49, 0x16, 0x00,
  0xcd, 0x33, 0x49, 0xc4, 0x6f, 0x49, 0xdb, 0xaa, 0xe6, 0xf0, 0xf6, 0x06,
  0xd3, 0xaa, 0xcd, 0x50, 0x49, 0xcd, 0x3c, 0x49, 0xcd, 0x69, 0x49, 0x30,
  0x13, 0xcd, 0x59, 0x49, 0xcd, 0x54, 0x49, 0xcd, 0x40, 0x49, 0xcd, 0x69,
  0x49, 0x30, 0x05, 0xcd, 0x59, 0x49, 0x18, 0xe2, 0xcd, 0x54, 0x49, 0xcd,
  0x40, 0x49, 0x3e, 0xff, 0x32, 0x09, 0xc0, 0xc3, 0x29, 0x40, 0xdb, 0xaa,
  0xe6, 0x40, 0xc9, 0x3e, 0x0f, 0xd3, 0xa0, 0xdb, 0xa2, 0xe6, 0x80, 0xc9,
  0x0e, 0x00, 0x18, 0x04, 0x0e, 0x80, 0x18, 0x00, 0x3e, 0x0f, 0xd3, 0xa0,
  0xdb, 0xa2, 0xe6, 0x7f, 0xb1, 0xd3, 0xa1, 0xc9, 0x3e, 0x0c, 0x18, 0x02,
  0x3e, 0x0d, 0xd3, 0xab, 0xc9, 0x06, 0xc8, 0x0e, 0xdf, 0x0d, 0x20, 0xfd,
  0x10, 0xf9, 0xc9, 0x16, 0xdf, 0x15, 0x20, 0xfd, 0xc9, 0xdb, 0xa9, 0x07,
  0x07, 0x07, 0xc9, 0xf5, 0x7a, 0xfe, 0x00, 0x28, 0x0e, 0xfe, 0x40, 0x28,
  0x0a, 0xfe, 0x00, 0x28, 0x0c, 0xfe, 0x80, 0x28, 0x08, 0xf1, 0xc9, 0xe5,
  0x21, 0xa1, 0x49, 0x18, 0x04, 0xe5, 0x21, 0xb0, 0x49, 0xd5, 0xc5, 0x5e,
  0x23, 0x56, 0x23, 0x7e, 0x23, 0xed, 0x53, 0x0f, 0xc0, 0xcd, 0x1f, 0x52,
  0xc1, 0xd1, 0xe1, 0xf1, 0xc9, 0x07, 0x10, 0x0c, 0x43, 0x41, 0x50, 0x53,
  0x20, 0x4c, 0x45, 0x44, 0x20, 0x20, 0x4e, 0x47, 0x07, 0x11, 0x0c, 0x50,
  0x59, 0x43, 0x20, 0x20, 0x4c, 0x45, 0x44, 0x20, 0x20, 0x4e, 0x47, 0x3a,
  0x00, 0xc0, 0xb7, 0x28, 0x05, 0xcd, 0xdc, 0x49, 0x18, 0x03, 0xcd, 0xf4,
  0x4a, 0xcd, 0xf7, 0x4e, 0xfe, 0x01, 0x20, 0xf9, 0x3e, 0xff, 0x32, 0x0a,
  0xc0, 0xc3, 0x29, 0x40, 0x21, 0xfe, 0x55, 0xcd, 0xab, 0x52, 0x3e, 0x00,
  0xcd, 0x30, 0x4a, 0x3e, 0x00, 0xd3, 0x20, 0x3e, 0x55, 0xd3, 0x91, 0xdb,
  0x20, 0xfe, 0x00, 0xcd, 0x3c, 0x4a, 0x3e, 0x01, 0xd3, 0x20, 0xcd, 0x2a,
  0x4a, 0xdb, 0x90, 0xcb, 0x4f, 0x28, 0x0d, 0x3e, 0x00, 0xd3, 0x20, 0xcd,
  0x2a, 0x4a, 0xdb, 0x90, 0xee, 0x02, 0xcb, 0x4f, 0xcd, 0x48, 0x4a, 0xaf,
  0xd3, 0x20, 0x3e, 0x55, 0xcd, 0x30, 0x4a, 0xfe, 0x55, 0x20, 0x07, 0x3e,
  0xaa, 0xcd, 0x30, 0x4a, 0xfe, 0xaa, 0xcd, 0x54, 0x4a, 0xc9, 0x06, 0x00,
  0x00, 0x10, 0xfd, 0xc9, 0xd3, 0x91, 0x3e, 0xff, 0xd3, 0x90, 0x2f, 0xd3,
  0x90, 0xdb, 0x20, 0xc9, 0x21, 0x60, 0x4a, 0x20, 0x03, 0x21, 0x75, 0x4a,
  0xcd, 0x2c, 0x52, 0xc9, 0x21, 0x8a, 0x4a, 0x28, 0x03, 0x21, 0x9f, 0x4a,
  0xcd, 0x2c, 0x52, 0xc9, 0x21, 0xb4, 0x4a, 0x20, 0x03, 0x21, 0xd4, 0x4a,
  0xcd, 0x2c, 0x52, 0xc9, 0x06, 0x0a, 0x11, 0x53, 0x74, 0x72, 0x6f, 0x62,
  0x65, 0x20, 0x63, 0x69, 0x72, 0x63, 0x75, 0x69, 0x74, 0x20, 0x4e, 0x47,
  0xff, 0x06, 0x0a, 0x11, 0x53, 0x74, 0x72, 0x6f, 0x62, 0x65, 0x20, 0x63,
  0x69, 0x72, 0x63, 0x75, 0x69, 0x74, 0x20, 0x4f, 0x4b, 0xff, 0x06, 0x0b,
  0x11, 0x42, 0x75, 0x73, 0x79, 0x20, 0x20, 0x20, 0x63, 0x69, 0x72, 0x63,
  0x75, 0x69, 0x74, 0x20, 0x4e, 0x47, 0xff, 0x06, 0x0b, 0x11, 0x42, 0x75,
  0x73, 0x79, 0x20, 0x20, 0x20, 0x63, 0x69, 0x72, 0x63, 0x75, 0x69, 0x74,
  0x20, 0x4f, 0x4b, 0xff, 0x06, 0x0c, 0x11, 0x44, 0x61, 0x74, 0x61, 0x20,
  0x20, 0x42, 0x75, 0x73, 0x20, 0x20, 0x20, 0x20, 0x20, 0x20, 0x4e, 0x47,
  0x06, 0x0d, 0x08, 0x54, 0x65, 0x73, 0x74, 0x20, 0x65, 0x6e, 0x64, 0xff,
  0x06, 0x0c, 0x11, 0x44, 0x61, 0x74, 0x61, 0x20, 0x20, 0x42, 0x75, 0x73,
  0x20, 0x20, 0x20, 0x20, 0x20, 0x20, 0x4f, 0x4b, 0x06, 0x0d, 0x08, 0x54,
  0x65, 0x73, 0x74, 0x20, 0x65, 0x6e, 0x64, 0xff, 0x21, 0xa5, 0x57, 0xcd,
  0xab, 0x52, 0x21, 0x0b, 0x4b, 0x06, 0x1c, 0x7e, 0xc5, 0xcd, 0x27, 0x4b,
  0xc1, 0x38, 0x03, 0x23, 0x10, 0xf5, 0xc9, 0x41, 0x42, 0x43, 0x44, 0x45,
  0x46, 0x47, 0x48, 0x49, 0x4a, 0x4b, 0x4c, 0x4d, 0x4e, 0x4f, 0x50, 0x51,
  0x52, 0x53, 0x54, 0x55, 0x56, 0x57, 0x58, 0x59, 0x5a, 0x0d, 0x0a, 0xf5,
  0x01, 0x00, 0x80, 0xdb, 0x90, 0xcb, 0x4f, 0x28, 0x08, 0x0b, 0x78, 0xb1,
  0x20, 0xf5, 0xf1, 0x37, 0xc9, 0xf1, 0xd3, 0x91, 0x3e, 0xff, 0xd3, 0x90,
  0x2f, 0xd3, 0x90, 0xb7, 0xc9, 0x3a, 0x00, 0xc0, 0xb7, 0xca, 0xd8, 0x4b,
  0x21, 0x25, 0x56, 0xcd, 0xab, 0x52, 0xcd, 0x64, 0x4b, 0xcd, 0xf7, 0x4e,
  0xfe, 0x01, 0x20, 0xf9, 0x3e, 0xff, 0x32, 0x0b, 0xc0, 0xc3, 0x29, 0x40,
  0x21, 0x80, 0x00, 0x06, 0x14, 0xcb, 0x40, 0x3e, 0x0b, 0x4c, 0x28, 0x03,
  0x3e, 0x0a, 0x4d, 0xd3, 0xab, 0x16, 0x65, 0xcd, 0xca, 0x4b, 0x3e, 0x10,
  0xb8, 0x38, 0x05, 0xcd, 0xce, 0x4b, 0x20, 0x11, 0x16, 0x79, 0xcd, 0xca,
  0x4b, 0x10, 0xde, 0x21, 0xb3, 0x4b, 0xcd, 0x2c, 0x52, 0xcd, 0xe9, 0x4b,
  0xc9, 0x21, 0x9c, 0x4b, 0xcd, 0x2c, 0x52, 0xc9, 0x06, 0x0b, 0x08, 0x52,
  0x65, 0x61, 0x64, 0x20, 0x20, 0x4e, 0x47, 0x06, 0x0c, 0x08, 0x57, 0x72,
  0x69, 0x74, 0x65, 0x20, 0x4e, 0x47, 0xff, 0x06, 0x0b, 0x08, 0x52, 0x65,
  0x61, 0x64, 0x20, 0x20, 0x4f, 0x4b, 0x06, 0x0c, 0x08, 0x57, 0x72, 0x69,
  0x74, 0x65, 0x20, 0x4f, 0x4b, 0xff, 0x15, 0x20, 0xfd, 0xc9, 0x3e, 0x0e,
  0xd3, 0xa0, 0xdb, 0xa2, 0xe6, 0x80, 0xb9, 0xc9, 0x21, 0x36, 0x58, 0xcd,
  0xab, 0x52, 0xcd, 0xe9, 0x4b, 0x3e, 0xff, 0x32, 0x0b, 0xc0, 0xc3, 0x29,
  0x40, 0xdb, 0xaa, 0xe6, 0xf0, 0xf6, 0x06, 0xd3, 0xaa, 0xcd, 0x22, 0x4c,
  0xcd, 0x05, 0x4c, 0xcd, 0x27, 0x4c, 0x30, 0x05, 0xcd, 0x05, 0x4c, 0x38,
  0xf0, 0xcd, 0x27, 0x4c, 0xc9, 0x01, 0xc8, 0x00, 0xcd, 0x17, 0x4c, 0xdb,
  0xa9, 0xcb, 0x6f, 0xc8, 0x0b, 0x78, 0xb1, 0x20, 0xf3, 0x37, 0xc9, 0x16,
  0xff, 0xdb, 0xa9, 0xcb, 0x6f, 0xc8, 0x15, 0x20, 0xf8, 0xc9, 0x3e, 0x08,
  0xd3, 0xab, 0xc9, 0x3e, 0x09, 0xd3, 0xab, 0xc9, 0x3a, 0x00, 0xc0, 0xb7,
  0x28, 0x05, 0xcd, 0x49, 0x4c, 0x18, 0x03, 0xcd, 0x07, 0x4d, 0xcd, 0xf7,
  0x4e, 0xfe, 0x01, 0x20, 0xf9, 0x3e, 0xff, 0x32, 0x0c, 0xc0, 0xc3, 0x29,
  0x40, 0x21, 0x5d, 0x56, 0xcd, 0xab, 0x52, 0x21, 0xe7, 0x4c, 0x01, 0xa1,
  0x08, 0xcd, 0x78, 0x4c, 0x21, 0xa7, 0x4c, 0x38, 0x03, 0x21, 0xb7, 0x4c,
  0xcd, 0x2c, 0x52, 0x21, 0xf7, 0x4c, 0x01, 0xa1, 0x08, 0xcd, 0x78, 0x4c,
  0x21, 0xc7, 0x4c, 0x38, 0x03, 0x21, 0xd7, 0x4c, 0xcd, 0x2c, 0x52, 0xc9,
  0xcd, 0xa2, 0x4c, 0xdb, 0xa2, 0xf5, 0xcd, 0xa2, 0x4c, 0xed, 0xa3, 0x04,
  0x3e, 0x0e, 0xd3, 0xa0, 0xdb, 0xa2, 0xe6, 0x7f, 0xbe, 0x20, 0x0b, 0x23,
  0x10, 0xec, 0xcd, 0xa2, 0x4c, 0xf1, 0xd3, 0xa1, 0xb7, 0xc9, 0xcd, 0xa2,
  0x4c, 0xf1, 0xd3, 0xa1, 0x37, 0xc9, 0x3e, 0x0f, 0xd3, 0xa0, 0xc9, 0x06,
  0x0a, 0x0c, 0x63, 0x68, 0x61, 0x6e, 0x6e, 0x65, 0x6c, 0x20, 0x31, 0x20,
  0x4e, 0x47, 0xff, 0x06, 0x0a, 0x0c, 0x63, 0x68, 0x61, 0x6e, 0x6e, 0x65,
  0x6c, 0x20, 0x31, 0x20, 0x4f, 0x4b, 0xff, 0x06, 0x0b, 0x0c, 0x63, 0x68,
  0x61, 0x6e, 0x6e, 0x65, 0x6c, 0x20, 0x32, 0x20, 0x4e, 0x47, 0xff, 0x06,
  0x0b, 0x0c, 0x63, 0x68, 0x61, 0x6e, 0x6e, 0x65, 0x6c, 0x20, 0x32, 0x20,
  0x4f, 0x4b, 0xff, 0x20, 0x0e, 0x21, 0x1d, 0x22, 0x2b, 0x23, 0x37, 0x30,
  0x0f, 0x1d, 0x1f, 0x36, 0x2f, 0x13, 0x3f, 0x50, 0x0e, 0x54, 0x1d, 0x58,
  0x2b, 0x5c, 0x37, 0x72, 0x0f, 0x67, 0x1f, 0x79, 0x2f, 0x6c, 0x3f, 0x21,
  0x0e, 0x59, 0xcd, 0xab, 0x52, 0xdb, 0xaa, 0xe6, 0xf0, 0xf6, 0x06, 0xd3,
  0xaa, 0xdb, 0xa9, 0xcb, 0x6f, 0xc8, 0xcd, 0xa2, 0x4c, 0x3e, 0xa0, 0xd3,
  0xa1, 0x3e, 0x0e, 0xd3, 0xa0, 0xdb, 0xa2, 0xf5, 0xcd, 0xa2, 0x4c, 0x3e,
  0x80, 0xd3, 0xa1, 0xf1, 0x21, 0xbd, 0x4d, 0xcb, 0x5f, 0x20, 0x03, 0x21,
  0xc4, 0x4d, 0xf5, 0xcd, 0x2c, 0x52, 0xf1, 0x21, 0xcb, 0x4d, 0xcb, 0x57,
  0x20, 0x03, 0x21, 0xd2, 0x4d, 0xf5, 0xcd, 0x2c, 0x52, 0xf1, 0x21, 0xd9,
  0x4d, 0xcb, 0x47, 0x20, 0x03, 0x21, 0xe0, 0x4d, 0xf5, 0xcd, 0x2c, 0x52,
  0xf1, 0x21, 0xe7, 0x4d, 0xcb, 0x4f, 0x20, 0x03, 0x21, 0xee, 0x4d, 0xcd,
  0x2c, 0x52, 0xcd, 0xa2, 0x4c, 0x3e, 0xd0, 0xd3, 0xa1, 0x3e, 0x0e, 0xd3,
  0xa0, 0xdb, 0xa2, 0xf5, 0xcd, 0xa2, 0x4c, 0x3e, 0x80, 0xd3, 0xa1, 0xf1,
  0x21, 0xf5, 0x4d, 0xcb, 0x5f, 0x20, 0x03, 0x21, 0xfc, 0x4d, 0xf5, 0xcd,
  0x2c, 0x52, 0xf1, 0x21, 0x03, 0x4e, 0xcb, 0x57, 0x20, 0x03, 0x21, 0x0a,
  0x4e, 0xf5, 0xcd, 0x2c, 0x52, 0xf1, 0x21, 0x11, 0x4e, 0xcb, 0x47, 0x20,
  0x03, 0x21, 0x18, 0x4e, 0xf5, 0xcd, 0x2c, 0x52, 0xf1, 0x21, 0x1f, 0x4e,
  0xcb, 0x4f, 0x20, 0x03, 0x21, 0x26, 0x4e, 0xcd, 0x2c, 0x52, 0xc3, 0x15,
  0x4d, 0x19, 0x06, 0x03, 0x4f, 0x46, 0x46, 0xff, 0x19, 0x06, 0x03, 0x4f,
  0x4e, 0x20, 0xff, 0x19, 0x07, 0x03, 0x4f, 0x46, 0x46, 0xff, 0x19, 0x07,
  0x03, 0x4f, 0x4e, 0x20, 0xff, 0x19, 0x08, 0x03, 0x4f, 0x46, 0x46, 0xff,
  0x19, 0x08, 0x03, 0x4f, 0x4e, 0x20, 0xff, 0x19, 0x09, 0x03, 0x4f, 0x46,
  0x46, 0xff, 0x19, 0x09, 0x03, 0x4f, 0x4e, 0x20, 0xff, 0x19, 0x0a, 0x03,
  0x4f, 0x46, 0x46, 0xff, 0x19, 0x0a, 0x03, 0x4f, 0x4e, 0x20, 0xff, 0x19,
  0x0b, 0x03, 0x4f, 0x46, 0x46, 0xff, 0x19, 0x0b, 0x03, 0x4f, 0x4e, 0x20,
  0xff, 0x19, 0x0c, 0x03, 0x4f, 0x46, 0x46, 0xff, 0x19, 0x0c, 0x03, 0x4f,
  0x4e, 0x20, 0xff, 0x19, 0x0d, 0x03, 0x4f, 0x46, 0x46, 0xff, 0x19, 0x0d,
  0x03, 0x4f, 0x4e, 0x20, 0xff, 0x21, 0x7f, 0x5a, 0xcd, 0xab, 0x52, 0x21,
  0x80, 0x4e, 0x06, 0x09, 0x4e, 0x23, 0xed, 0xa3, 0x18, 0x00, 0x20, 0xf8,
  0x3e, 0xaa, 0xd3, 0x00, 0xcd, 0x72, 0x4e, 0xdb, 0x00, 0xfe, 0xaa, 0x20,
  0x0b, 0x3e, 0x55, 0xd3, 0x00, 0xcd, 0x72, 0x4e, 0xdb, 0x00, 0xfe, 0x55,
  0x21, 0x92, 0x4e, 0x20, 0x03, 0x21, 0xb0, 0x4e, 0xcd, 0x2c, 0x52, 0xcd,
  0xf7, 0x4e, 0xfe, 0x01, 0x20, 0xf9, 0x3e, 0xff, 0x32, 0x0d, 0xc0, 0xc3,
  0x29, 0x40, 0x01, 0x00, 0x30, 0xdb, 0x01, 0xcb, 0x4f, 0xc0, 0x0b, 0x78,
  0xb1, 0x20, 0xf6, 0xc9, 0x07, 0x36, 0x04, 0x30, 0x04, 0x00, 0x07, 0x76,
  0x05, 0x30, 0x05, 0x00, 0x01, 0x40, 0x01, 0xfe, 0x01, 0x37, 0x06, 0x0a,
  0x0f, 0x44, 0x41, 0x54, 0x41, 0x20, 0x54, 0x58, 0x20, 0x26, 0x20, 0x52,
  0x58, 0x20, 0x4e, 0x47, 0x06, 0x0b, 0x08, 0x54, 0x45, 0x53, 0x54, 0x20,
  0x45, 0x4e, 0x44, 0xff, 0x06, 0x0a, 0x0f, 0x44, 0x41, 0x54, 0x41, 0x20,
  0x54, 0x58, 0x20, 0x26, 0x20, 0x52, 0x58, 0x20, 0x4f, 0x4b, 0x06, 0x0b,
  0x08, 0x54, 0x45, 0x53, 0x54, 0x20, 0x45, 0x4e, 0x44, 0xff, 0x21, 0xbf,
  0x5a, 0xcd, 0xab, 0x52, 0xcd, 0xf7, 0x4e, 0xfe, 0x01, 0x20, 0xf9, 0x3e,
  0xff, 0x32, 0x0e, 0xc0, 0xc3, 0x29, 0x40, 0x47, 0x7e, 0xfe, 0xff, 0x37,
  0xc8, 0xb8, 0x28, 0x05, 0x23, 0x23, 0x23, 0x18, 0xf3, 0x23, 0x7e, 0x23,
  0x66, 0x6f, 0xc9, 0xcd, 0x24, 0x4f, 0x21, 0x01, 0xc0, 0x11, 0x02, 0xc0,
  0xb7, 0x20, 0x0d, 0x77, 0xcd, 0x24, 0x4f, 0xb7, 0x28, 0xed, 0xf5, 0xaf,
  0x12, 0xf1, 0x77, 0xc9, 0xbe, 0x20, 0xf7, 0x1a, 0xfe, 0x06, 0x38, 0x05,
  0xcd, 0xa5, 0x52, 0x7e, 0xc9, 0x3c, 0x12, 0xcd, 0x99, 0x52, 0x18, 0xd3,
  0x06, 0x00, 0xdb, 0xaa, 0xe6, 0xf0, 0xb0, 0xd3, 0xaa, 0xdb, 0xa9, 0xf5,
  0x78, 0xfe, 0x06, 0x28, 0x0d, 0xf1, 0xfe, 0xff, 0x20, 0x0d, 0x04, 0x78,
  0xfe, 0x09, 0x20, 0xe6, 0xaf, 0xc9, 0xf1, 0xf6, 0x01, 0x18, 0xef, 0xc5,
  0x01, 0x00, 0x08, 0x1f, 0x30, 0x06, 0x0c, 0x10, 0xfa, 0xc1, 0x18, 0xe6,
  0x79, 0xc1, 0xcb, 0x20, 0xcb, 0x20, 0xcb, 0x20, 0xb0, 0x4f, 0x06, 0x00,
  0xdb, 0xaa, 0xe6, 0xf0, 0xf6, 0x06, 0xd3, 0xaa, 0xdb, 0xa9, 0xe5, 0x21,
  0xe8, 0x4f, 0xe6, 0x01, 0x20, 0x03, 0x21, 0x30, 0x50, 0x09, 0x7e, 0xe1,
  0xc9, 0xcd, 0xa6, 0x4f, 0x21, 0x01, 0xc0, 0x11, 0x02, 0xc0, 0xb7, 0x20,
  0x0d, 0x77, 0xcd, 0xa6, 0x4f, 0xb7, 0x28, 0xed, 0xf5, 0xaf, 0x12, 0xf1,
  0x77, 0xc9, 0xbe, 0x20, 0xf7, 0x1a, 0xfe, 0x06, 0x38, 0x05, 0xcd, 0xa5,
  0x52, 0x7e, 0xc9, 0x3c, 0x12, 0xcd, 0x99, 0x52, 0x18, 0xd3, 0x06, 0x00,
  0xdb, 0xaa, 0xe6, 0xf0, 0xb0, 0xd3, 0xaa, 0xdb, 0xa9, 0xfe, 0xff, 0x20,
  0x08, 0x04, 0x78, 0xfe, 0x09, 0x20, 0xed, 0xaf, 0xc9, 0xc5, 0x01, 0x00,
  0x08, 0x1f, 0x30, 0x06, 0x0c, 0x10, 0xfa, 0xc1, 0x18, 0xeb, 0x79, 0xc1,
  0xcb, 0x20, 0xcb, 0x20, 0xcb, 0x20, 0xb0, 0x4f, 0x06, 0x00, 0xdb, 0xaa,
  0xe6, 0xf0, 0xf6, 0x06, 0xd3, 0xaa, 0xdb, 0xa9, 0xe5, 0x21, 0x78, 0x50,
  0x09, 0x7e, 0xe1, 0xc9, 0x29, 0x2b, 0x21, 0x22, 0x23, 0xbf, 0x25, 0x26,
  0x27, 0x28, 0x24, 0x3d, 0x2d, 0x68, 0x2a, 0x76, 0x5c, 0x3e, 0x62, 0x40,
  0x3c, 0x3f, 0x66, 0x69, 0x73, 0x77, 0x75, 0x61, 0x70, 0x72, 0x5b, 0x6f,
  0x6c, 0x64, 0x78, 0x74, 0x5d, 0x7a, 0x6a, 0x6b, 0x79, 0x65, 0x67, 0x6d,
  0x63, 0x7c, 0x6e, 0x71, 0x18, 0x06, 0x07, 0x08, 0x09, 0x01, 0x02, 0x03,
  0x04, 0x05, 0x0a, 0x0b, 0x0c, 0x0d, 0x0e, 0x0f, 0x10, 0x11, 0x12, 0x13,
  0x14, 0x15, 0x16, 0x17, 0x39, 0x3b, 0x31, 0x32, 0x33, 0x34, 0x35, 0x36,
  0x37, 0x38, 0x30, 0x5f, 0x00, 0x48, 0x3a, 0x56, 0x5c, 0x2e, 0x42, 0x40,
  0x2c, 0x2f, 0x46, 0x49, 0x53, 0x57, 0x55, 0x41, 0x50, 0x52, 0x5b, 0x4f,
  0x4c, 0x44, 0x58, 0x54, 0x5d, 0x5a, 0x4a, 0x4b, 0x59, 0x45, 0x47, 0x4d,
  0x43, 0x7e, 0x4e, 0x51, 0x18, 0x06, 0x07, 0x08, 0x09, 0x01, 0x02, 0x03,
  0x04, 0x05, 0x0a, 0x0b, 0x0c, 0x0d, 0x0e, 0x0f, 0x10, 0x11, 0x12, 0x13,
  0x14, 0x15, 0x16, 0x17, 0x29, 0x2b, 0x21, 0x22, 0x23, 0xbf, 0x25, 0x26,
  0x27, 0x28, 0x24, 0x3d, 0x2d, 0x68, 0x2a, 0x76, 0x5c, 0x3e, 0x62, 0x40,
  0x3c, 0x3f, 0x66, 0x69, 0x73, 0x77, 0x75, 0x61, 0x70, 0x72, 0x5b, 0x6f,
  0x6c, 0x64, 0x78, 0x74, 0x5d, 0x7a, 0x6a, 0x6b, 0x79, 0x65, 0x67, 0x6d,
  0x63, 0x7c, 0x6e, 0x71, 0x18, 0x06, 0x07, 0x08, 0x09, 0x01, 0x02, 0x03,
  0x04, 0x05, 0x0a, 0x0b, 0x0c, 0x0d, 0x0e, 0x0f, 0x10, 0x11, 0x12, 0x13,
  0x14, 0x15, 0x16, 0x17, 0x00, 0x00, 0x00, 0x00, 0x00, 0x00, 0x00, 0x00,
  0xe0, 0x84, 0x8c, 0xc4, 0x84, 0x84, 0x84, 0x0e, 0xe0, 0x84, 0x8a, 0xc2,
  0x84, 0x84, 0x88, 0x0e, 0xe0, 0x84, 0x8a, 0xc2, 0x84, 0x82, 0x8a, 0x04,
  0xe0, 0x8a, 0x8a, 0xca, 0x8a, 0x8e, 0x82, 0x02, 0xe0, 0x8e, 0x88, 0xc8,
  0x8e, 0x82, 0x8a, 0x04, 0x40, 0xae, 0x84, 0x84, 0x84, 0xa4, 0x44, 0x04,
  0x40, 0xac, 0x8a, 0xaa, 0x9c, 0xaa, 0x4a, 0x0a, 0x40, 0xa4, 0x8a, 0x8a,
  0x8e, 0xaa, 0x4a, 0x0a, 0xf0, 0x88, 0xf0, 0x92, 0x92, 0x8e, 0x02, 0x0c,
  0xe0, 0x84, 0x8a, 0xc8, 0x86, 0x82, 0xea, 0x04, 0xe0, 0x4c, 0x4a, 0x4a,
  0x4c, 0x4a, 0x4a, 0x0c, 0xc0, 0xac, 0xaa, 0xca, 0xac, 0xaa, 0xca, 0x0a,
  0x80, 0xa4, 0xaa, 0xc8, 0xa6, 0xa2, 0xca, 0x04, 0x40, 0xae, 0x88, 0x68,
  0x2c, 0xa8, 0x48, 0x0e, 0x40, 0xac, 0x8a, 0x8a, 0x8c, 0xaa, 0x4a, 0x0a,
  0x40, 0xa0, 0x8c, 0x6a, 0x2c, 0xa8, 0x48, 0x08, 0xa0, 0xa4, 0xaa, 0xea,
  0xaa, 0xaa, 0xaa, 0x04, 0x40, 0x44, 0x4a, 0x48, 0x46, 0x42, 0x4a, 0x04,
  0xc0, 0xa8, 0xa8, 0xa8, 0xa8, 0xa8, 0xc8, 0x0e, 0x00, 0x20, 0x40, 0xfc,
  0x40, 0x20, 0x00, 0x00, 0x10, 0x38, 0x54, 0x10, 0x10, 0x10, 0x10, 0x00,
  0x10, 0x10, 0x10, 0x10, 0x54, 0x38, 0x10, 0x00, 0x00, 0x08, 0x04, 0xfe,
  0x04, 0x08, 0x00, 0x00, 0x40, 0xaa, 0x8a, 0x6a, 0x2e, 0xaa, 0x4a, 0x0a,
  0x00, 0x00, 0x00, 0x00, 0x00, 0x00, 0x00, 0x00, 0x00, 0x00, 0x00, 0x00,
  0x00, 0x00, 0x00, 0x00, 0x00, 0x00, 0x00, 0x00, 0x00, 0x00, 0x00, 0x00,
  0x00, 0x00, 0x00, 0x00, 0x00, 0x00, 0x00, 0x00, 0xf8, 0x50, 0x50, 0x50,
  0x50, 0x50, 0xf8, 0x00, 0x20, 0x20, 0xf8, 0x20, 0x20, 0x00, 0xf8, 0x00,
  0x00, 0x00, 0x40, 0xa8, 0x10, 0x00, 0x00, 0x00, 0x21, 0xfd, 0x51, 0x01,
  0x99, 0x10, 0xed, 0xa3, 0x20, 0xfc, 0x21, 0x00, 0x38, 0xcd, 0x7b, 0x52,
  0x0e, 0x03, 0xaf, 0x47, 0xd3, 0x98, 0x3c, 0x10, 0xfb, 0x0d, 0x20, 0xf8,
  0x21, 0x00, 0x00, 0x06, 0x17, 0xaf, 0x4f, 0xcd, 0x0e, 0x52, 0x21, 0x00,
  0x18, 0x01, 0x00, 0x08, 0x3e, 0xff, 0xcd, 0x0e, 0x52, 0x21, 0x00, 0x1c,
  0x06, 0x01, 0x11, 0x0d, 0x52, 0xcd, 0x8b, 0x52, 0xc9, 0x02, 0x80, 0xc0,
  0x81, 0x0e, 0x82, 0xff, 0x83, 0x03, 0x84, 0x38, 0x85, 0x03, 0x86, 0x11,
  0x87, 0xd0, 0xc5, 0xf5, 0xcd, 0x7b, 0x52, 0xf1, 0xd3, 0x98, 0xf5, 0x0b,
  0x79, 0xb0, 0x20, 0xf7, 0xf1, 0xc1, 0xc9, 0xf5, 0xe5, 0x7e, 0xcd, 0x4f,
  0x52, 0xe1, 0x23, 0xf1, 0x3d, 0x20, 0xf4, 0xc9, 0x01, 0x0f, 0xc0, 0x11,
  0x10, 0xc0, 0x7e, 0xfe, 0xff, 0xc8, 0x02, 0x23, 0x7e, 0x12, 0x23, 0x7e,
  0x23, 0xc5, 0xd5, 0x54, 0x5d, 0x4f, 0x06, 0x00, 0x09, 0xe5, 0xeb, 0xcd,
  0x1f, 0x52, 0xe1, 0xd1, 0xc1, 0x18, 0xe3, 0x6f, 0x26, 0x00, 0x29, 0x29,
  0x29, 0xfe, 0x20, 0x01, 0xc0, 0x50, 0x38, 0x04, 0xed, 0x4b, 0x04, 0x00,
  0x09, 0xe5, 0x2a, 0x0f, 0xc0, 0xcb, 0x25, 0xcb, 0x25, 0xcb, 0x25, 0xcd,
  0x7b, 0x52, 0xe1, 0x01, 0x98, 0x08, 0xed, 0xa3, 0x20, 0xfc, 0x21, 0x0f,
  0xc0, 0x34, 0xc9, 0x7d, 0xd3, 0x99, 0x7c, 0xf6, 0x40, 0xd3, 0x99, 0xc9,
  0x7d, 0xd3, 0x99, 0x7c, 0xd3, 0x99, 0xc9, 0x0e, 0x98, 0xcd, 0x7b, 0x52,
  0xeb, 0xe5, 0xed, 0xa3, 0x20, 0xfc, 0xe1, 0xeb, 0xc9, 0xe5, 0x21, 0x00,
  0x60, 0x2d, 0x20, 0xfd, 0x25, 0x20, 0xfa, 0xe1, 0xc9, 0xe5, 0x21, 0x00,
  0x30, 0x18, 0xf2, 0xe5, 0xcd, 0xc0, 0x51, 0x21, 0x00, 0x00, 0x01, 0x00,
  0x18, 0xaf, 0xcd, 0x0e, 0x52, 0x21, 0x00, 0x20, 0x3e, 0x17, 0xcd, 0x0e,
  0x52, 0xe1, 0xcd, 0x2c, 0x52, 0xc9, 0x02, 0x01, 0x1a, 0x59, 0x49, 0x53,
  0x2d, 0x35, 0x30, 0x33, 0x1d, 0x52, 0x20, 0x4b, 0x59, 0x42, 0x54, 0x20,
  0x44, 0x69, 0x61, 0x67, 0x6e, 0x6f, 0x73, 0x74, 0x69, 0x63, 0x73, 0x0a,
  0x03, 0x04, 0x6d, 0x65, 0x6e, 0x75, 0x04, 0x05, 0x1a, 0x41, 0x20, 0x52,
  0x4f, 0x4d, 0x20, 0x28, 0x42, 0x41, 0x53, 0x49, 0x43, 0x20, 0x26, 0x20,
  0x53, 0x45, 0x52, 0x49, 0x41, 0x4c, 0x20, 0x49, 0x2f, 0x4f, 0x29, 0x04,
  0x06, 0x05, 0x42, 0x20, 0x52, 0x41, 0x4d, 0x04, 0x07, 0x0b, 0x43, 0x20,
  0x56, 0x69, 0x64, 0x65, 0x6f, 0x20, 0x52, 0x41, 0x4d, 0x04, 0x08, 0x05,
  0x44, 0x20, 0x56, 0x44, 0x50, 0x04, 0x09, 0x07, 0x45, 0x20, 0x41, 0x55,
  0x44, 0x49, 0x4f, 0x04, 0x0a, 0x0b, 0x46, 0x20, 0x6b, 0x65, 0x79, 0x20,
  0x42, 0x6f, 0x61, 0x72, 0x64, 0x04, 0x0b, 0x05, 0x47, 0x20, 0x4c, 0x45,
  0x44, 0x04, 0x0c, 0x09, 0x48, 0x20, 0x50, 0x72, 0x69, 0x6e, 0x74, 0x65,
  0x72, 0x04, 0x0d, 0x13, 0x49, 0x20, 0x43, 0x61, 0x73, 0x73, 0x65, 0x74,
  0x74, 0x65, 0x20, 0x72, 0x65, 0x63, 0x6f, 0x72, 0x64, 0x65, 0x72, 0x04,
  0x0e, 0x0a, 0x4a, 0x20, 0x4a, 0x6f, 0x79, 0x73, 0x74, 0x69, 0x63, 0x6b,
  0x04, 0x0f, 0x11, 0x4b, 0x20, 0x53, 0x45, 0x52, 0x49, 0x41, 0x4c, 0x20,
  0x49, 0x2f, 0x4f, 0x20, 0x75, 0x6e, 0x69, 0x74, 0x04, 0x10, 0x07, 0x4c,
  0x20, 0x52, 0x65, 0x73, 0x65, 0x74, 0x04, 0x12, 0x10, 0x73, 0x65, 0x6c,
  0x65, 0x63, 0x74, 0x20, 0x61, 0x6d, 0x6f, 0x6e, 0x67, 0x20, 0x41, 0x1f,
  0x4c, 0xff, 0x04, 0x05, 0x08, 0x56, 0x44, 0x50, 0x20, 0x54, 0x45, 0x53,
  0x54, 0x06, 0x07, 0x10, 0x31, 0x20, 0x47, 0x72, 0x61, 0x70, 0x68, 0x69,
  0x63, 0x20, 0x31, 0x20, 0x6d, 0x6f, 0x64, 0x65, 0x06, 0x08, 0x10, 0x32,
  0x20, 0x47, 0x72, 0x61, 0x70, 0x68, 0x69, 0x63, 0x20, 0x32, 0x20, 0x6d,
  0x6f, 0x64, 0x65, 0x06, 0x09, 0x0d, 0x33, 0x20, 0x54, 0x45, 0x58, 0x54,
  0x20, 0x31, 0x20, 0x6d, 0x6f, 0x64, 0x65, 0x06, 0x0a, 0x12, 0x34, 0x20,
  0x4d, 0x75, 0x6c, 0x74, 0x69, 0x20, 0x63, 0x6f, 0x6c, 0x6f, 0x72, 0x20,
  0x6d, 0x6f, 0x64, 0x65, 0x06, 0x0b, 0x0b, 0x35, 0x20, 0x43, 0x6f, 0x6c,
  0x6f, 0x72, 0x20, 0x62, 0x61, 0x72, 0x06, 0x0c, 0x0d, 0x36, 0x20, 0x42,
  0x6c, 0x61, 0x63, 0x6b, 0x2f, 0x57, 0x68, 0x69, 0x74, 0x65, 0x06, 0x0d,
  0x0a, 0x37, 0x20, 0x52, 0x65, 0x67, 0x69, 0x73, 0x74, 0x65, 0x72, 0x04,
  0x14, 0x10, 0x73, 0x65, 0x6c, 0x65, 0x63, 0x74, 0x20, 0x61, 0x6d, 0x6f,
  0x6e, 0x67, 0x20, 0x31, 0x1f, 0x37, 0x04, 0x15, 0x09, 0x46, 0x31, 0x20,
  0x3a, 0x20, 0x4d, 0x45, 0x4e, 0x55, 0xff, 0x04, 0x05, 0x0a, 0x41, 0x75,
  0x64, 0x69, 0x6f, 0x20, 0x54, 0x45, 0x53, 0x54, 0x06, 0x07, 0x05, 0x31,
  0x20, 0x50, 0x50, 0x49, 0x06, 0x08, 0x13, 0x32, 0x20, 0x53, 0x53, 0x47,
  0x2d, 0x63, 0x68, 0x61, 0x6e, 0x6e, 0x65, 0x6c, 0x20, 0x41, 0x20, 0x28,
  0x43, 0x29, 0x06, 0x09, 0x13, 0x33, 0x20, 0x53, 0x53, 0x47, 0x2d, 0x63,
  0x68, 0x61, 0x6e, 0x6e, 0x65, 0x6c, 0x20, 0x42, 0x20, 0x28, 0x45, 0x29,
  0x06, 0x0a, 0x13, 0x34, 0x20, 0x53, 0x53, 0x47, 0x2d, 0x63, 0x68, 0x61,
  0x6e, 0x6e, 0x65, 0x6c, 0x20, 0x43, 0x20, 0x28, 0x47, 0x29, 0x06, 0x0b,
  0x0b, 0x35, 0x20, 0x53, 0x53, 0x47, 0x2d, 0x41, 0x2b, 0x42, 0x2b, 0x43,
  0x06, 0x0c, 0x0b, 0x36, 0x20, 0x53, 0x53, 0x47, 0x2d, 0x4e, 0x6f, 0x69,
  0x73, 0x65, 0x04, 0x14, 0x10, 0x73, 0x65, 0x6c, 0x65, 0x63, 0x74, 0x20,
  0x61, 0x6d, 0x6f, 0x6e, 0x67, 0x20, 0x31, 0x1f, 0x36, 0x04, 0x15, 0x09,
  0x46, 0x31, 0x20, 0x3a, 0x20, 0x4d, 0x45, 0x4e, 0x55, 0xff, 0x04, 0x06,
  0x0a, 0x41, 0x75, 0x64, 0x69, 0x6f, 0x20, 0x54, 0x45, 0x53, 0x54, 0x06,
  0x0a, 0x15, 0x63, 0x68, 0x65, 0x63, 0x6b, 0x20, 0x50, 0x50, 0x49, 0x20,
  0x73, 0x6f, 0x75, 0x6e, 0x64, 0x20, 0x6c, 0x65, 0x76, 0x65, 0x6c, 0x06,
  0x0b, 0x13, 0x20, 0x20, 0x20, 0x20, 0x20, 0x32, 0x30, 0x30, 0x6d, 0x56,
  0x1e, 0x35, 0x30, 0x6d, 0x56, 0x20, 0x72, 0x6d, 0x73, 0x04, 0x15, 0x09,
  0x46, 0x31, 0x20, 0x3a, 0x20, 0x4d, 0x45, 0x4e, 0x55, 0xff, 0x04, 0x06,
  0x0a, 0x41, 0x75, 0x64, 0x69, 0x6f, 0x20, 0x54, 0x45, 0x53, 0x54, 0x06,
  0x0a, 0x15, 0x63, 0x68, 0x65, 0x63, 0x6b, 0x20, 0x53, 0x53, 0x47, 0x20,
  0x73, 0x6f, 0x75, 0x6e, 0x64, 0x20, 0x6c, 0x65, 0x76, 0x65, 0x6c, 0x06,
  0x0b, 0x14, 0x20, 0x20, 0x20, 0x20, 0x20, 0x34, 0x30, 0x30, 0x6d, 0x56,
  0x1e, 0x31, 0x30, 0x30, 0x6d, 0x56, 0x20, 0x72, 0x6d, 0x73, 0x04, 0x15,
  0x09, 0x46, 0x31, 0x20, 0x3a, 0x20, 0x4d, 0x45, 0x4e, 0x55, 0xff, 0x04,
  0x06, 0x0e, 0x4b, 0x65, 0x79, 0x20, 0x62, 0x6f, 0x61, 0x72, 0x64, 0x20,
  0x54, 0x45, 0x53, 0x54, 0x04, 0x0a, 0x18, 0x70, 0x75, 0x74, 0x20, 0x6f,
  0x6e, 0x20, 0x61, 0x6e, 0x79, 0x20, 0x6b, 0x65, 0x79, 0x20, 0x61, 0x6e,
  0x64, 0x20, 0x63, 0x68, 0x65, 0x63, 0x6b, 0x04, 0x0b, 0x0f, 0x20, 0x69,
  0x6e, 0x70, 0x75, 0x74, 0x20, 0x6b, 0x65, 0x79, 0x20, 0x64, 0x61, 0x74,
  0x61, 0x04, 0x15, 0x09, 0x46, 0x31, 0x20, 0x3a, 0x20, 0x4d, 0x45, 0x4e,
  0x55, 0xff, 0x04, 0x06, 0x08, 0x4c, 0x45, 0x44, 0x20, 0x54, 0x45, 0x53,
  0x54, 0x04, 0x0a, 0x1a, 0x63, 0x68, 0x65, 0x63, 0x6b, 0x20, 0x22, 0x50,
  0x59, 0x43, 0x22, 0x20, 0x61, 0x6e, 0x64, 0x20, 0x22, 0x43, 0x41, 0x50,
  0x53, 0x22, 0x20, 0x4c, 0x45, 0x44, 0x06, 0x0b, 0x10, 0x6c, 0x69, 0x67,
  0x68, 0x74, 0x20, 0x6f, 0x6e, 0x20, 0x61, 0x6e, 0x64, 0x20, 0x6f, 0x66,
  0x66, 0x04, 0x15, 0x09, 0x46, 0x31, 0x20, 0x3a, 0x20, 0x4d, 0x45, 0x4e,
  0x55, 0xff, 0x04, 0x06, 0x0c, 0x50, 0x72, 0x69, 0x6e, 0x74, 0x65, 0x72,
  0x20, 0x54, 0x45, 0x53, 0x54, 0x06, 0x07, 0x08, 0x77, 0x69, 0x74, 0x68,
  0x20, 0x5a, 0x69, 0x67, 0x04, 0x15, 0x09, 0x46, 0x31, 0x20, 0x3a, 0x20,
  0x4d, 0x45, 0x4e, 0x55, 0xff, 0x04, 0x06, 0x18, 0x43, 0x61, 0x73, 0x73,
  0x65, 0x74, 0x74, 0x65, 0x20, 0x72, 0x65, 0x63, 0x6f, 0x64, 0x65, 0x72,
  0x20, 0x63, 0x69, 0x72, 0x63, 0x75, 0x69, 0x74, 0x06, 0x07, 0x0d, 0x54,
  0x45, 0x53, 0x54, 0x20, 0x77, 0x69, 0x74, 0x68, 0x20, 0x5a, 0x69, 0x67,
  0x04, 0x15, 0x09, 0x46, 0x31, 0x20, 0x3a, 0x20, 0x4d, 0x45, 0x4e, 0x55,
  0xff, 0x04, 0x06, 0x1a, 0x4a, 0x6f, 0x79, 0x73, 0x74, 0x69, 0x63, 0x6b,
  0x20, 0x31, 0x26, 0x32, 0x20, 0x54, 0x45, 0x53, 0x54, 0x20, 0x77, 0x69,
  0x74, 0x68, 0x20, 0x5a, 0x69, 0x67, 0x04, 0x15, 0x09, 0x46, 0x31, 0x20,
  0x3a, 0x20, 0x4d, 0x45, 0x4e, 0x55, 0xff, 0x04, 0x04, 0x0a, 0x41, 0x75,
  0x64, 0x69, 0x6f, 0x20, 0x54, 0x45, 0x53, 0x54, 0x06, 0x05, 0x0e, 0x28,
  0x48, 0x65, 0x61, 0x72, 0x69, 0x6e, 0x67, 0x20, 0x54, 0x65, 0x73, 0x74,
  0x29, 0x06, 0x07, 0x05, 0x31, 0x20, 0x50, 0x50, 0x49, 0x06, 0x08, 0x13,
  0x32, 0x20, 0x53, 0x53, 0x47, 0x2d, 0x63, 0x68, 0x61, 0x6e, 0x6e, 0x65,
  0x6c, 0x20, 0x41, 0x20, 0x28, 0x43, 0x29, 0x06, 0x09, 0x13, 0x33, 0x20,
  0x53, 0x53, 0x47, 0x2d, 0x63, 0x68, 0x61, 0x6e, 0x6e, 0x65, 0x6c, 0x20,
  0x42, 0x20, 0x28, 0x45, 0x29, 0x06, 0x0a, 0x13, 0x34, 0x20, 0x53, 0x53,
  0x47, 0x2d, 0x63, 0x68, 0x61, 0x6e, 0x6e, 0x65, 0x6c, 0x20, 0x43, 0x20,
  0x28, 0x47, 0x29, 0x06, 0x0b, 0x0b, 0x35, 0x20, 0x53, 0x53, 0x47, 0x2d,
  0x41, 0x2b, 0x42, 0x2b, 0x43, 0x06, 0x0c, 0x0b, 0x36, 0x20, 0x53, 0x53,
  0x47, 0x2d, 0x4e, 0x6f, 0x69, 0x73, 0x65, 0x04, 0x14, 0x10, 0x73, 0x65,
  0x6c, 0x65, 0x63, 0x74, 0x20, 0x61, 0x6d, 0x6f, 0x6e, 0x67, 0x20, 0x31,
  0x1f, 0x36, 0x04, 0x15, 0x09, 0x46, 0x31, 0x20, 0x3a, 0x20, 0x4d, 0x45,
  0x4e, 0x55, 0xff, 0x04, 0x06, 0x0a, 0x41, 0x75, 0x64, 0x69, 0x6f, 0x20,
  0x54, 0x45, 0x53, 0x54, 0x06, 0x07, 0x0e, 0x28, 0x48, 0x65, 0x61, 0x72,
  0x69, 0x6e, 0x67, 0x20, 0x54, 0x65, 0x73, 0x74, 0x29, 0x06, 0x0a, 0x0f,
  0x63, 0x68, 0x65, 0x63, 0x6b, 0x20, 0x50, 0x50, 0x49, 0x20, 0x73, 0x6f,
  0x75, 0x6e, 0x64, 0x04, 0x15, 0x09, 0x46, 0x31, 0x20, 0x3a, 0x20, 0x4d,
  0x45, 0x4e, 0x55, 0xff, 0x04, 0x06, 0x0a, 0x41, 0x75, 0x64, 0x69, 0x6f,
  0x20, 0x54, 0x45, 0x53, 0x54, 0x06, 0x07, 0x0e, 0x28, 0x48, 0x65, 0x61,
  0x72, 0x69, 0x6e, 0x67, 0x20, 0x54, 0x65, 0x73, 0x74, 0x29, 0x06, 0x0a,
  0x0f, 0x63, 0x68, 0x65, 0x63, 0x6b, 0x20, 0x53, 0x53, 0x47, 0x20, 0x73,
  0x6f, 0x75, 0x6e, 0x64, 0x04, 0x15, 0x09, 0x46, 0x31, 0x20, 0x3a, 0x20,
  0x4d, 0x45, 0x4e, 0x55, 0xff, 0x04, 0x05, 0x0c, 0x50, 0x72, 0x69, 0x6e,
  0x74, 0x65, 0x72, 0x20, 0x54, 0x45, 0x53, 0x54, 0x04, 0x06, 0x19, 0x28,
  0x75, 0x6e, 0x64, 0x65, 0x72, 0x20, 0x70, 0x72, 0x69, 0x6e, 0x74, 0x65,
  0x72, 0x20, 0x63, 0x6f, 0x6e, 0x6e, 0x65, 0x63, 0x74, 0x65, 0x64, 0x29,
  0x04, 0x07, 0x16, 0x43, 0x68, 0x65, 0x63, 0x6b, 0x20, 0x74, 0x68, 0x61,
  0x74, 0x20, 0x74, 0x68, 0x65, 0x20, 0x70, 0x72, 0x69, 0x6e, 0x74, 0x65,
  0x72, 0x04, 0x08, 0x0e, 0x70, 0x72, 0x69, 0x6e, 0x74, 0x20, 0x6f, 0x75,
  0x74, 0x20, 0x22, 0x41, 0x1f, 0x5a, 0x04, 0x09, 0x19, 0x45, 0x78, 0x65,
  0x70, 0x74, 0x20, 0x66, 0x6f, 0x72, 0x20, 0x50, 0x72, 0x69, 0x6e, 0x74,
  0x65, 0x72, 0x2c, 0x79, 0x6f, 0x75, 0x20, 0x63, 0x61, 0x6e, 0x04, 0x0a,
  0x10, 0x6e, 0x6f, 0x74, 0x20, 0x64, 0x6f, 0x20, 0x74, 0x68, 0x69, 0x73,
  0x20, 0x54, 0x45, 0x53, 0x54, 0x04, 0x15, 0x09, 0x46, 0x31, 0x20, 0x3a,
  0x20, 0x4d, 0x45, 0x4e, 0x55, 0xff, 0x04, 0x05, 0x10, 0x43, 0x61, 0x73,
  0x73, 0x65, 0x74, 0x74, 0x65, 0x20, 0x72, 0x65, 0x63, 0x6f, 0x64, 0x65,
  0x72, 0x06, 0x06, 0x10, 0x6d, 0x6f, 0x74, 0x6f, 0x72, 0x20, 0x64, 0x72,
  0x69, 0x76, 0x65, 0x20, 0x54, 0x45, 0x53, 0x54, 0x06, 0x07, 0x15, 0x57,
  0x68, 0x65, 0x6e, 0x20, 0x43, 0x61, 0x73, 0x73, 0x65, 0x74, 0x74, 0x65,
  0x20, 0x72, 0x65, 0x63, 0x6f, 0x64, 0x65, 0x72, 0x06, 0x08, 0x0a, 0x63,
  0x6f, 0x6e, 0x6e, 0x65, 0x63, 0x74, 0x65, 0x64, 0x2c, 0x06, 0x09, 0x15,
  0x6d, 0x61, 0x6b, 0x65, 0x20, 0x4c, 0x4f, 0x41, 0x44, 0x20, 0x73, 0x74,
  0x61, 0x74, 0x65, 0x20, 0x2c, 0x20, 0x61, 0x6e, 0x64, 0x06, 0x0a, 0x0e,
  0x20, 0x20, 0x20, 0x20, 0x63, 0x68, 0x65, 0x63, 0x6b, 0x20, 0x69, 0x66,
  0x20, 0x20, 0x06, 0x0b, 0x12, 0x20, 0x69, 0x74, 0x20, 0x72, 0x75, 0x6e,
  0x20, 0x61, 0x6e, 0x64, 0x20, 0x73, 0x74, 0x6f, 0x70, 0x73, 0x2e, 0x06,
  0x0c, 0x18, 0x63, 0x6f, 0x6e, 0x6e, 0x65, 0x63, 0x74, 0x65, 0x64, 0x2c,
  0x68, 0x65, 0x61, 0x72, 0x20, 0x74, 0x68, 0x65, 0x20, 0x73, 0x6f, 0x75,
  0x6e, 0x64, 0x06, 0x0d, 0x15, 0x74, 0x68, 0x61, 0x74, 0x20, 0x74, 0x68,
  0x65, 0x20, 0x72, 0x65, 0x6d, 0x6f, 0x64, 0x65, 0x20, 0x72, 0x65, 0x6c,
  0x61, 0x79, 0x06, 0x0e, 0x0c, 0x20, 0x6f, 0x6e, 0x20, 0x61, 0x6e, 0x64,
  0x20, 0x6f, 0x66, 0x66, 0x2e, 0x04, 0x15, 0x09, 0x46, 0x31, 0x20, 0x3a,
  0x20, 0x4d, 0x45, 0x4e, 0x55, 0xff, 0x04, 0x04, 0x11, 0x4a, 0x4f, 0x59,
  0x53, 0x54, 0x49, 0x43, 0x4b, 0x20, 0x31, 0x26, 0x32, 0x20, 0x54, 0x45,
  0x53, 0x54, 0x06, 0x05, 0x11, 0x28, 0x55, 0x6e, 0x64, 0x65, 0x72, 0x20,
  0x63, 0x6f, 0x6e, 0x6e, 0x65, 0x63, 0x74, 0x65, 0x64, 0x29, 0x06, 0x06,
  0x14, 0x4a, 0x4f, 0x59, 0x53, 0x54, 0x49, 0x43, 0x4b, 0x20, 0x31, 0x20,
  0x20, 0x52, 0x49, 0x47, 0x48, 0x54, 0x20, 0x20, 0x20, 0x06, 0x07, 0x14,
  0x20, 0x20, 0x20, 0x20, 0x20, 0x20, 0x20, 0x20, 0x20, 0x20, 0x20, 0x20,
  0x4c, 0x45, 0x46, 0x54, 0x20, 0x20, 0x20, 0x20, 0x06, 0x08, 0x14, 0x20,
  0x20, 0x20, 0x20, 0x20, 0x20, 0x20, 0x20, 0x20, 0x20, 0x20, 0x20, 0x46,
  0x4f, 0x57, 0x45, 0x52, 0x44, 0x20, 0x20, 0x06, 0x09, 0x14, 0x20, 0x20,
  0x20, 0x20, 0x20, 0x20, 0x20, 0x20, 0x20, 0x20, 0x20, 0x20, 0x42, 0x41,
  0x43, 0x4b, 0x20, 0x20, 0x20, 0x20, 0x06, 0x0a, 0x14, 0x4a, 0x4f, 0x59,
  0x53, 0x54, 0x49, 0x43, 0x4b, 0x20, 0x32, 0x20, 0x20, 0x52, 0x49, 0x47,
  0x48, 0x54, 0x20, 0x20, 0x20, 0x06, 0x0b, 0x14, 0x20, 0x20, 0x20, 0x20,
  0x20, 0x20, 0x20, 0x20, 0x20, 0x20, 0x20, 0x20, 0x4c, 0x45, 0x46, 0x54,
  0x20, 0x20, 0x20, 0x20, 0x06, 0x0c, 0x14, 0x20, 0x20, 0x20, 0x20, 0x20,
  0x20, 0x20, 0x20, 0x20, 0x20, 0x20, 0x20, 0x46, 0x4f, 0x57, 0x45, 0x52,
  0x44, 0x20, 0x20, 0x06, 0x0d, 0x14, 0x20, 0x20, 0x20, 0x20, 0x20, 0x20,
  0x20, 0x20, 0x20, 0x20, 0x20, 0x20, 0x42, 0x41, 0x43, 0x4b, 0x20, 0x20,
  0x20, 0x20, 0x02, 0x0f, 0x1e, 0x20, 0x59, 0x6f, 0x75, 0x20, 0x6d, 0x61,
  0x6b, 0x65, 0x20, 0x74, 0x68, 0x65, 0x20, 0x4a, 0x4f, 0x59, 0x53, 0x54,
  0x49, 0x43, 0x4b, 0x20, 0x74, 0x6f, 0x77, 0x61, 0x72, 0x64, 0x20, 0x02,
  0x10, 0x1e, 0x73, 0x6f, 0x6d, 0x65, 0x20, 0x64, 0x69, 0x72, 0x65, 0x63,
  0x74, 0x69, 0x6f, 0x6e, 0x20, 0x6f, 0x6e, 0x20, 0x2c, 0x20, 0x61, 0x6e,
  0x64, 0x20, 0x63, 0x68, 0x61, 0x6e, 0x67, 0x65, 0x02, 0x11, 0x1e, 0x64,
  0x69, 0x73, 0x70, 0x6c, 0x61, 0x79, 0x20, 0x66, 0x72, 0x6f, 0x6d, 0x20,
  0x22, 0x6f, 0x66, 0x66, 0x22, 0x20, 0x74, 0x6f, 0x20, 0x22, 0x6f, 0x6e,
  0x22, 0x20, 0x2c, 0x20, 0x20, 0x02, 0x12, 0x1e, 0x20, 0x74, 0x68, 0x65,
  0x6e, 0x20, 0x67, 0x6f, 0x6f, 0x64, 0x20, 0x65, 0x6c, 0x73, 0x65, 0x20,
  0x62, 0x61, 0x64, 0x20, 0x20, 0x20, 0x20, 0x20, 0x20, 0x20, 0x20, 0x20,
  0x20, 0x20, 0x04, 0x15, 0x09, 0x46, 0x31, 0x20, 0x3a, 0x20, 0x4d, 0x45,
  0x4e, 0x55, 0xff, 0x02, 0x04, 0x14, 0x53, 0x45, 0x52, 0x49, 0x41, 0x4c,
  0x20, 0x49, 0x2f, 0x4f, 0x20, 0x75, 0x6e, 0x69, 0x74, 0x20, 0x54, 0x45,
  0x53, 0x54, 0x02, 0x05, 0x19, 0x77, 0x69, 0x74, 0x68, 0x20, 0x44, 0x69,
  0x61, 0x67, 0x6e, 0x6f, 0x73, 0x74, 0x69, 0x63, 0x20, 0x63, 0x6f, 0x6e,
  0x6e, 0x65, 0x63, 0x74, 0x6f, 0x72, 0x04, 0x15, 0x09, 0x46, 0x31, 0x20,
  0x3a, 0x20, 0x4d, 0x45, 0x4e, 0x55, 0xff, 0x02, 0x06, 0x0a, 0x52, 0x45,
  0x53, 0x45, 0x54, 0x20, 0x54, 0x45, 0x53, 0x54, 0x02, 0x0a, 0x1c, 0x50,
  0x75, 0x73, 0x68, 0x20, 0x74, 0x68, 0x65, 0x20, 0x52, 0x45, 0x53, 0x45,
  0x54, 0x20, 0x73, 0x77, 0x69, 0x74, 0x63, 0x68, 0x20, 0x62, 0x65, 0x68,
  0x69, 0x6e, 0x64, 0x02, 0x0b, 0x17, 0x74, 0x68, 0x65, 0x20, 0x59, 0x49,
  0x53, 0x2d, 0x35, 0x30, 0x32, 0x1d, 0x52, 0x20, 0x69, 0x66, 0x20, 0x72,
  0x65, 0x74, 0x75, 0x72, 0x6e, 0x02, 0x0c, 0x19, 0x74, 0x6f, 0x20, 0x4d,
  0x45, 0x4e, 0x55, 0x20, 0x2c, 0x52, 0x45, 0x53, 0x45, 0x54, 0x20, 0x63,
  0x69, 0x72, 0x63, 0x75, 0x69, 0x74, 0x20, 0x4f, 0x4b, 0x04, 0x15, 0x09,
  0x46, 0x31, 0x20, 0x3a, 0x20, 0x4d, 0x45, 0x4e, 0x55, 0xff, 0xcd, 0x5e,
  0x5b, 0x18, 0x17, 0xcd, 0x77, 0x5b, 0x18, 0x12, 0xcd, 0x52, 0x5b, 0x18,
  0x0d, 0xcd, 0x8c, 0x5b, 0x18, 0x08, 0xcd, 0x9c, 0x5b, 0x18, 0x03, 0xcd,
  0xcb, 0x5b, 0xcd, 0xf7, 0x4e, 0xfe, 0x01, 0x20, 0xf9, 0xc9, 0x3e, 0x00,
  0xcd, 0x08, 0x5d, 0xcd, 0x80, 0x5c, 0xcd, 0xa8, 0x5c, 0xc9, 0x3e, 0x01,
  0xcd, 0x08, 0x5d, 0xcd, 0x80, 0x5c, 0xcd, 0xa8, 0x5c, 0xcd, 0xe6, 0x5b,
  0x2a, 0x95, 0xc2, 0x01, 0x00, 0x02, 0xaf, 0xcd, 0x79, 0x5d, 0xc9, 0x3e,
  0x02, 0xcd, 0x08, 0x5d, 0xcd, 0x80, 0x5c, 0xcd, 0xa8, 0x5c, 0xcd, 0x1a,
  0x5c, 0xcd, 0xf1, 0x5d, 0xcd, 0xe3, 0x5d, 0xc9, 0xcd, 0x90, 0x5b, 0xc9,
  0x3e, 0x03, 0xcd, 0x08, 0x5d, 0xcd, 0x4a, 0x5c, 0xcd, 0xf1, 0x5d, 0xc9,
  0xcd, 0x90, 0x5b, 0x2a, 0x8f, 0xc2, 0xcd, 0x8c, 0x5d, 0x1e, 0x18, 0x01,
  0x04, 0x00, 0x21, 0xc3, 0x5b, 0xe5, 0x16, 0x08, 0xe1, 0xe5, 0x7e, 0xc5,
  0xd5, 0xcd, 0x88, 0x5d, 0xd1, 0xc1, 0x23, 0x15, 0x20, 0xf4, 0x1d, 0x20,
  0xed, 0xe1, 0xc9, 0x01, 0x04, 0x06, 0x0d, 0x02, 0x07, 0x0a, 0x0f, 0xcd,
  0x90, 0x5b, 0x2a, 0x8f, 0xc2, 0xcd, 0x8c, 0x5d, 0x1e, 0x18, 0x01, 0x04,
  0x00, 0x21, 0xde, 0x5b, 0x18, 0xcf, 0x01, 0x01, 0x01, 0x01, 0x0f, 0x0f,
  0x0f, 0x0f, 0x2a, 0x91, 0xc2, 0xcd, 0x8c, 0x5d, 0x21, 0x01, 0x5c, 0x06,
  0x04, 0x3e, 0x03, 0x4e, 0xb1, 0xd3, 0x98, 0x3c, 0x3c, 0x10, 0xf9, 0x23,
  0x7e, 0xb7, 0x20, 0xef, 0xc9, 0x10, 0xf0, 0xd0, 0x40, 0x20, 0xc0, 0xa0,
  0x60, 0x00, 0x70, 0x51, 0x4e, 0xdf, 0x36, 0x28, 0xc9, 0xba, 0xab, 0x9c,
  0x82, 0x63, 0xfd, 0xe4, 0x15, 0x07, 0x2a, 0x91, 0xc2, 0xcd, 0x8c, 0x5d,
  0x1e, 0x18, 0x01, 0x10, 0x00, 0x16, 0x10, 0x21, 0x0a, 0x5c, 0xc5, 0xd5,
  0x7e, 0xcd, 0x88, 0x5d, 0xd1, 0xc1, 0x23, 0x15, 0x20, 0xf4, 0x1d, 0x20,
  0xec, 0xc9, 0x00, 0x01, 0x0e, 0x0f, 0x06, 0x08, 0x09, 0x0a, 0x0b, 0x0c,
  0x02, 0x03, 0x0d, 0x04, 0x05, 0x07, 0x2a, 0x93, 0xc2, 0xcd, 0x8c, 0x5d,
  0x16, 0x10, 0x01, 0x08, 0x00, 0xaf, 0xc5, 0xf5, 0xcd, 0x88, 0x5d, 0xf1,
  0xc1, 0xc6, 0x11, 0x15, 0x20, 0xf4, 0x2a, 0x8f, 0xc2, 0xcd, 0x8c, 0x5d,
  0x1e, 0x18, 0x01, 0x02, 0x00, 0x16, 0x10, 0x21, 0x3a, 0x5c, 0xc5, 0x7e,
  0xcd, 0x88, 0x5d, 0xc1, 0x23, 0x15, 0x20, 0xf6, 0x1d, 0x20, 0xee, 0xc9,
  0x2a, 0x93, 0xc2, 0x01, 0x00, 0x08, 0xed, 0x5b, 0x04, 0x00, 0xd5, 0xcd,
  0x9a, 0x5d, 0xd1, 0x3a, 0x2f, 0xc0, 0xfe, 0x02, 0x28, 0x03, 0xfe, 0x04,
  0xc0, 0xd5, 0x01, 0x00, 0x08, 0xcd, 0xa7, 0x5d, 0xd1, 0x01, 0x00, 0x08,
  0xcd, 0xb2, 0x5d, 0xc9, 0x3a, 0x2f, 0xc0, 0x2a, 0x8f, 0xc2, 0x01, 0x38,
  0x04, 0xb7, 0x28, 0x03, 0x01, 0x60, 0x03, 0xaf, 0xcd, 0xc0, 0x5d, 0xc9,
  0x3a, 0x2f, 0xc0, 0x2a, 0x8f, 0xc2, 0x01, 0x38, 0x04, 0xb7, 0x28, 0x03,
  0x01, 0x60, 0x03, 0x3e, 0x20, 0xc5, 0xcd, 0x79, 0x5d, 0xc1, 0x2a, 0x91,
  0xc2, 0x3e, 0xf4, 0xcd, 0x79, 0x5d, 0x21, 0x02, 0x00, 0x22, 0x9b, 0xc2,
  0xc9, 0x3a, 0xa1, 0xc2, 0x47, 0x0e, 0x07, 0xcd, 0x4e, 0x5d, 0x3a, 0x2f,
  0xc0, 0xfe, 0x01, 0x3a, 0x9f, 0xc2, 0x2a, 0x91, 0xc2, 0x01, 0x20, 0x00,
  0x28, 0x0a, 0x01, 0x00, 0x18, 0xfe, 0x02, 0x28, 0x03, 0xfe, 0x03, 0xc0,
  0xcd, 0x79, 0x5d, 0xc9, 0xfe, 0x04, 0xd0, 0x32, 0x2f, 0xc0, 0x21, 0x43,
  0x5e, 0x11, 0x1e, 0x00, 0xb7, 0x28, 0x04, 0x19, 0x3d, 0x18, 0xfa, 0x11,
  0x30, 0xc0, 0xd5, 0x01, 0x10, 0x00, 0xed, 0xb0, 0x11, 0x8d, 0xc2, 0x01,
  0x0e, 0x00, 0xed, 0xb0, 0xe1, 0x06, 0x10, 0x0e, 0x00, 0xcd, 0x61, 0x5d,
  0x3a, 0x2d, 0xc0, 0x47, 0x3a, 0x39, 0xc0, 0xe6, 0xfd, 0xb0, 0x47, 0x0e,
  0x09, 0xcd, 0x4e, 0x5d, 0xc9, 0x06, 0x10, 0x3a, 0x30, 0xc0, 0xa0, 0x0e,
  0x00, 0x47, 0x78, 0xd3, 0x99, 0x79, 0xf6, 0x80, 0xd3, 0x99, 0xe5, 0x78,
  0x06, 0x00, 0x21, 0x30, 0xc0, 0x09, 0x77, 0xe1, 0xc9, 0xc5, 0x79, 0xe6,
  0x3f, 0xcd, 0x72, 0x5d, 0xc1, 0x0e, 0x9b, 0xed, 0xb3, 0x3a, 0x41, 0xc0,
  0xf6, 0x80, 0x47, 0x0e, 0x11, 0xcd, 0x4e, 0x5d, 0xc9, 0xd5, 0x57, 0xcd,
  0x8c, 0x5d, 0x7a, 0xd3, 0x98, 0x0b, 0x79, 0xb0, 0x20, 0xf8, 0xd1, 0xc9,
  0xd5, 0x57, 0x18, 0xf2, 0xcd, 0xce, 0x5d, 0x7d, 0xd3, 0x99, 0x7c, 0xe6,
  0x3f, 0xf6, 0x40, 0xd3, 0x99, 0xc9, 0xcd, 0x8c, 0x5d, 0x1a, 0xd3, 0x98,
  0x13, 0x0b, 0x79, 0xb0, 0x20, 0xf7, 0xc9, 0x1a, 0x2f, 0xd3, 0x98, 0x13,
  0x0b, 0x79, 0xb0, 0x20, 0xf6, 0xc9, 0x21, 0x00, 0x08, 0x19, 0x2b, 0x7e,
  0xd3, 0x98, 0x0b, 0x79, 0xb0, 0x20, 0xf7, 0xc9, 0x57, 0xcd, 0x8c, 0x5d,
  0x7a, 0xd3, 0x98, 0x14, 0x0b, 0x79, 0xb0, 0x20, 0xf7, 0xc9, 0xc5, 0x3a,
  0x3e, 0xc0, 0xe6, 0x04, 0x47, 0x7c, 0x07, 0x07, 0xe6, 0x03, 0xb0, 0x47,
  0x0e, 0x0e, 0xcd, 0x4e, 0x5d, 0xc1, 0xc9, 0x16, 0xd0, 0x2a, 0x95, 0xc2,
  0x7a, 0xcd, 0x2d, 0x5e, 0xc9, 0x16, 0xd8, 0x18, 0xf4, 0xcd, 0x35, 0x5e,
  0x2a, 0x95, 0xc2, 0xcd, 0x8c, 0x5d, 0x2e, 0x00, 0x06, 0x08, 0x16, 0x30,
  0x1e, 0x0e, 0x0e, 0x04, 0x26, 0x30, 0x7d, 0xd3, 0x98, 0xe5, 0xe1, 0x7c,
  0xd3, 0x98, 0xc6, 0x30, 0x67, 0x7a, 0xd3, 0x98, 0x3c, 0xfe, 0x3a, 0x20,
  0x02, 0x3e, 0x40, 0x57, 0x7b, 0xe6, 0x0f, 0xd3, 0x98, 0x2f, 0x5f, 0x0d,
  0x20, 0xe0, 0x7d, 0xc6, 0x18, 0x6f, 0x10, 0xd6, 0xc9, 0xf5, 0xcd, 0x8c,
  0x5d, 0xf1, 0xd3, 0x98, 0xc9, 0xed, 0x5b, 0x04, 0x00, 0x01, 0x00, 0x08,
  0x2a, 0x97, 0xc2, 0xcd, 0x9a, 0x5d, 0xc9, 0x00, 0xf0, 0x0e, 0x80, 0x00,
  0x00, 0x00, 0xf1, 0x00, 0x00, 0x00, 0x00, 0x00, 0x00, 0x00, 0x00, 0xbf,
  0x3b, 0x00, 0x38, 0x00, 0x00, 0x00, 0x00, 0x00, 0x00, 0x00, 0x00, 0x00,
  0x00, 0x00, 0xe0, 0x06, 0x80, 0x00, 0x36, 0x07, 0xf2, 0x00, 0x00, 0x00,
  0x00, 0x00, 0x00, 0x00, 0x00, 0xff, 0x1a, 0x00, 0x18, 0x00, 0x20, 0x00,
  0x00, 0x00, 0x1b, 0x00, 0x38, 0x00, 0x00, 0x02, 0xe0, 0x0e, 0xff, 0x03,
  0x38, 0x03, 0xf3, 0x00, 0x00, 0x00, 0x00, 0x00, 0x00, 0x00, 0x00, 0xff,
  0x3a, 0x00, 0x38, 0x00, 0x20, 0x00, 0x00, 0x00, 0x1c, 0x00, 0x18, 0x00,
  0x00, 0x00, 0xe8, 0x0e, 0x00, 0x00, 0x38, 0x03, 0x17, 0x00, 0x00, 0x00,
  0x00, 0x00, 0x00, 0x00, 0x00, 0xff, 0x3a, 0x00, 0x38, 0x00, 0x00, 0x00,
  0x00, 0x00, 0x1c, 0x00, 0x18, 0x00, 0x00, 0xff, 0xff, 0xff, 0xff, 0xff,
  0xff, 0xff, 0xff, 0xff, 0xff, 0xff, 0xff, 0xff, 0xff, 0xff, 0xff, 0xff,
  0xff, 0xff, 0xff, 0xff, 0xff, 0xff, 0xff, 0xff, 0xff, 0xff, 0xff, 0xff,
  0xff, 0xff, 0xff, 0x20, 0x60, 0xa0, 0x20, 0x20, 0x20, 0xf8, 0x00, 0x20,
  0x60, 0xa0, 0x20, 0x20, 0x20, 0xf8, 0x00, 0x20, 0x60, 0xa0, 0x20, 0x20,
  0x20, 0xf8, 0x00, 0x20, 0x60, 0xa0, 0x20, 0x20, 0x20, 0xf8, 0x00, 0x70,
  0x88, 0x08, 0x10, 0x60, 0x80, 0xf8, 0x00, 0x70, 0x88, 0x08, 0x10, 0x60,
  0x80, 0xf8, 0x00, 0x70, 0x88, 0x08, 0x10, 0x60, 0x80, 0xf8, 0x00, 0x70,
  0x88, 0x08, 0x10, 0x60, 0x80, 0xf8, 0x00, 0x70, 0x88, 0x08, 0x30, 0x08,
  0x88, 0x70, 0x00, 0x70, 0x88, 0x08, 0x30, 0x08, 0x88, 0x70, 0x00, 0x70,
  0x88, 0x08, 0x30, 0x08, 0x88, 0x70, 0x00, 0x70, 0x88, 0x08, 0x30, 0x08,
  0x88, 0x70, 0x00, 0x10, 0x30, 0x50, 0x90, 0xf8, 0x10, 0x10, 0x00, 0x10,
  0x30, 0x50, 0x90, 0xf8, 0x10, 0x10, 0x00, 0x10, 0x30, 0x50, 0x90, 0xf8,
  0x10, 0x10, 0x00, 0x10, 0x30, 0x50, 0x90, 0xf8, 0x10, 0x10, 0x00, 0xff,
  0xff, 0xff, 0xff, 0xff, 0xff, 0xff, 0xff, 0xee, 0xee, 0xee, 0xee, 0xee,
  0xee, 0xee, 0xee, 0x77, 0x77, 0x77, 0x77, 0x77, 0x77, 0x77, 0x77, 0x33,
  0x33, 0x33, 0x33, 0x33, 0x33, 0x33, 0x33, 0xf8, 0x80, 0xe0, 0x10, 0x08,
  0x10, 0xe0, 0x00, 0xf8, 0x80, 0xe0, 0x10, 0x08, 0x10, 0xe0, 0x00, 0xf8,
  0x80, 0xe0, 0x10, 0x08, 0x10, 0xe0, 0x00, 0xf8, 0x80, 0xe0, 0x10, 0x08,
  0x10, 0xe0, 0x00, 0x30, 0x40, 0x80, 0xf0, 0x88, 0x88, 0x70, 0x00, 0x30,
  0x40, 0x80, 0xf0, 0x88, 0x88, 0x70, 0x00, 0x30, 0x40, 0x80, 0xf0, 0x88,
  0x88, 0x70, 0x00, 0x30, 0x40, 0x80, 0xf0, 0x88, 0x88, 0x70, 0x00, 0xf8,
  0x88, 0x10, 0x20, 0x20, 0x20, 0x20, 0x00, 0xf8, 0x88, 0x10, 0x20, 0x20,
  0x20, 0x20, 0x00, 0xf8, 0x88, 0x10, 0x20, 0x20, 0x20, 0x20, 0x00, 0xf8,
  0x88, 0x10, 0x20, 0x20, 0x20, 0x20, 0x00, 0x70, 0x88, 0x88, 0x70, 0x88,
  0x88, 0x70, 0x00, 0x70, 0x88, 0x88, 0x70, 0x88, 0x88, 0x70, 0x00, 0x70,
  0x88, 0x88, 0x70, 0x88, 0x88, 0x70, 0x00, 0x70, 0x88, 0x88, 0x70, 0x88,
  0x88, 0x70, 0x00, 0xf0, 0xf4, 0xf7, 0x06, 0xfd, 0xfb, 0xf7, 0xef, 0x07,
  0xe3, 0xe1, 0x30, 0x18, 0x0e, 0x06, 0x06, 0x00, 0x00, 0x00, 0xc0, 0xe0,
  0xf0, 0xf8, 0xf8, 0xf4, 0xee, 0xde, 0xb0, 0x77, 0xf7, 0xf7, 0xf7, 0x70,
  0x88, 0x88, 0x78, 0x08, 0x10, 0x60, 0x00, 0x70, 0x88, 0x88, 0x78, 0x08,
  0x10, 0x60, 0x00, 0x70, 0x88, 0x88, 0x78, 0x08, 0x10, 0x60, 0x00, 0x70,
  0x88, 0x88, 0x78, 0x08, 0x10, 0x60, 0x00, 0x20, 0x50, 0x88, 0x88, 0xf8,
  0x88, 0x88, 0x00, 0x20, 0x50, 0x88, 0x88, 0xf8, 0x88, 0x88, 0x00, 0x20,
  0x50, 0x88, 0x88, 0xf8, 0x88, 0x88, 0x00, 0x20, 0x50, 0x88, 0x88, 0xf8,
  0x88, 0x88, 0x00, 0xf0, 0x48, 0x48, 0x70, 0x48, 0x48, 0xf0, 0x00, 0xf0,
  0x48, 0x48, 0x70, 0x48, 0x48, 0xf0, 0x00, 0xf0, 0x48, 0x48, 0x70, 0x48,
  0x48, 0xf0, 0x00, 0xf0, 0x48, 0x48, 0x70, 0x48, 0x48, 0xf0, 0x00, 0x30,
  0x48, 0x80, 0x80, 0x80, 0x48, 0x30, 0x00, 0x30, 0x48, 0x80, 0x80, 0x80,
  0x48, 0x30, 0x00, 0x30, 0x48, 0x80, 0x80, 0x80, 0x48, 0x30, 0x00, 0x30,
  0x48, 0x80, 0x80, 0x80, 0x48, 0x30, 0x00, 0x00, 0x00, 0x06, 0x0e, 0x1e,
  0x1e, 0x1d, 0x02, 0x02, 0x1d, 0x1e, 0x1e, 0x0e, 0x06, 0x00, 0x00, 0x00,
  0x00, 0x60, 0x70, 0x78, 0x78, 0xb8, 0x40, 0x40, 0xb8, 0x78, 0x78, 0x70,
  0x60, 0x00, 0x00, 0xe0, 0x50, 0x48, 0x48, 0x48, 0x50, 0xe0, 0x00, 0xe0,
  0x50, 0x48, 0x48, 0x48, 0x50, 0xe0, 0x00, 0xe0, 0x50, 0x48, 0x48, 0x48,
  0x50, 0xe0, 0x00, 0xe0, 0x50, 0x48, 0x48, 0x48, 0x50, 0xe0, 0x00, 0xf8,
  0x80, 0x80, 0xf0, 0x80, 0x80, 0xf8, 0x00, 0xf8, 0x80, 0x80, 0xf0, 0x80,
  0x80, 0xf8, 0x00, 0xf8, 0x80, 0x80, 0xf0, 0x80, 0x80, 0xf8, 0x00, 0xf8,
  0x80, 0x80, 0xf0, 0x80, 0x80, 0xf8, 0x00, 0xf8, 0x80, 0x80, 0xf0, 0x80,
  0x80, 0x80, 0x00, 0xf8, 0x80, 0x80, 0xf0, 0x80, 0x80, 0x80, 0x00, 0xf8,
  0x80, 0x80, 0xf0, 0x80, 0x80, 0x80, 0x00, 0xf8, 0x80, 0x80, 0xf0, 0x80,
  0x80, 0x80, 0x00, 0x70, 0x88, 0x80, 0xb8, 0x88, 0x88, 0x70, 0x00, 0x70,
  0x88, 0x80, 0xb8, 0x88, 0x88, 0x70, 0x00, 0x70, 0x88, 0x80, 0xb8, 0x88,
  0x88, 0x70, 0x00, 0x70, 0x88, 0x80, 0xb8, 0x88, 0x88, 0x70, 0x00, 0x00,
  0x00, 0x00, 0x00, 0x33, 0x07, 0x34, 0x07, 0x37, 0x07, 0x34, 0x04, 0x00,
  0x00, 0x00, 0x00, 0x00, 0x00, 0x00, 0x00, 0xcc, 0xe0, 0xec, 0xe0, 0xec,
  0xe0, 0x2c, 0x20, 0x00, 0x00, 0x00, 0x00, 0x88, 0x88, 0x88, 0xf8, 0x88,
  0x88, 0x88, 0x00, 0x88, 0x88, 0x88, 0xf8, 0x88, 0x88, 0x88, 0x00, 0x88,
  0x88, 0x88, 0xf8, 0x88, 0x88, 0x88, 0x00, 0x88, 0x88, 0x88, 0xf8, 0x88,
  0x88, 0x88, 0x00, 0x70, 0x20, 0x20, 0x20, 0x20, 0x20, 0x70, 0x00, 0x70,
  0x20, 0x20, 0x20, 0x20, 0x20, 0x70, 0x00, 0x70, 0x20, 0x20, 0x20, 0x20,
  0x20, 0x70, 0x00, 0x70, 0x20, 0x20, 0x20, 0x20, 0x20, 0x70, 0x00, 0x38,
  0x10, 0x10, 0x10, 0x90, 0x90, 0x60, 0x00, 0x38, 0x10, 0x10, 0x10, 0x90,
  0x90, 0x60, 0x00, 0x38, 0x10, 0x10, 0x10, 0x90, 0x90, 0x60, 0x00, 0x38,
  0x10, 0x10, 0x10, 0x90, 0x90, 0x60, 0x00, 0x88, 0x90, 0xa0, 0xc0, 0xa0,
  0x90, 0x88, 0x00, 0x88, 0x90, 0xa0, 0xc0, 0xa0, 0x90, 0x88, 0x00, 0x88,
  0x90, 0xa0, 0xc0, 0xa0, 0x90, 0x88, 0x00, 0x88, 0x90, 0xa0, 0xc0, 0xa0,
  0x90, 0x88, 0x00, 0x00, 0x00, 0x00, 0x00, 0x00, 0x00, 0x00, 0x01, 0x00,
  0x00, 0x00, 0x00, 0x00, 0x00, 0x00, 0x00, 0x00, 0x00, 0x00, 0x00, 0x00,
  0x00, 0x80, 0x40, 0x80, 0x00, 0x00, 0x00, 0x00, 0x00, 0x00, 0x00, 0x80,
  0x80, 0x80, 0x80, 0x80, 0x80, 0xf8, 0x00, 0x80, 0x80, 0x80, 0x80, 0x80,
  0x80, 0xf8, 0x00, 0x80, 0x80, 0x80, 0x80, 0x80, 0x80, 0xf8, 0x00, 0x80,
  0x80, 0x80, 0x80, 0x80, 0x80, 0xf8, 0x00, 0x88, 0xd8, 0xa8, 0xa8, 0x88,
  0x88, 0x88, 0x00, 0x88, 0xd8, 0xa8, 0xa8, 0x88, 0x88, 0x88, 0x00, 0x88,
  0xd8, 0xa8, 0xa8, 0x88, 0x88, 0x88, 0x00, 0x88, 0xd8, 0xa8, 0xa8, 0x88,
  0x88, 0x88, 0x00, 0x88, 0xc8, 0xc8, 0xa8, 0x98, 0x98, 0x88, 0x00, 0x88,
  0xc8, 0xc8, 0xa8, 0x98, 0x98, 0x88, 0x00, 0x88, 0xc8, 0xc8, 0xa8, 0x98,
  0x98, 0x88, 0x00, 0x88, 0xc8, 0xc8, 0xa8, 0x98, 0x98, 0x88, 0x00, 0x70,
  0x88, 0x88, 0x88, 0x88, 0x88, 0x70, 0x00, 0x70, 0x88, 0x88, 0x88, 0x88,
  0x88, 0x70, 0x00, 0x70, 0x88, 0x88, 0x88, 0x88, 0x88, 0x70, 0x00, 0x70,
  0x88, 0x88, 0x88, 0x88, 0x88, 0x70, 0x00, 0x00, 0x00, 0x00, 0x00, 0x00,
  0x00, 0x01, 0x03, 0x03, 0x03, 0x01, 0x00, 0x00, 0x00, 0x00, 0x00, 0x00,
  0x00, 0x00, 0x00, 0x00, 0x00, 0x80, 0xc0, 0xc0, 0xc0, 0x80, 0x00, 0x00,
  0x00, 0x00, 0x00, 0xf0, 0x88, 0x88, 0xf0, 0x80, 0x80, 0x80, 0x00, 0xf0,
  0x88, 0x88, 0xf0, 0x80, 0x80, 0x80, 0x00, 0xf0, 0x88, 0x88, 0xf0, 0x80,
  0x80, 0x80, 0x00, 0xf0, 0x88, 0x88, 0xf0, 0x80, 0x80, 0x80, 0x00, 0x70,
  0x88, 0x88, 0x88, 0xa8, 0x90, 0x68, 0x00, 0x70, 0x88, 0x88, 0x88, 0xa8,
  0x90, 0x68, 0x00, 0x70, 0x88, 0x88, 0x88, 0xa8, 0x90, 0x68, 0x00, 0x70,
  0x88, 0x88, 0x88, 0xa8, 0x90, 0x68, 0x00, 0xf0, 0x88, 0x88, 0xf0, 0xa0,
  0x90, 0x88, 0x00, 0xf0, 0x88, 0x88, 0xf0, 0xa0, 0x90, 0x88, 0x00, 0xf0,
  0x88, 0x88, 0xf0, 0xa0, 0x90, 0x88, 0x00, 0xf0, 0x88, 0x88, 0xf0, 0xa0,
  0x90, 0x88, 0x00, 0x70, 0x88, 0x80, 0x70, 0x08, 0x88, 0x70, 0x00, 0x70,
  0x88, 0x80, 0x70, 0x08, 0x88, 0x70, 0x00, 0x70, 0x88, 0x80, 0x70, 0x08,
  0x88, 0x70, 0x00, 0x70, 0x88, 0x80, 0x70, 0x08, 0x88, 0x70, 0x00, 0x00,
  0x00, 0x00, 0x01, 0x03, 0x07, 0x0f, 0x1f, 0x07, 0x19, 0x0e, 0x07, 0x03,
  0x01, 0x00, 0x00, 0x00, 0x00, 0x00, 0x40, 0x60, 0x70, 0x78, 0x7c, 0x70,
  0x4c, 0x38, 0x70, 0x60, 0x40, 0x00, 0x00, 0xf8, 0x20, 0x20, 0x20, 0x20,
  0x20, 0x20, 0x00, 0xf8, 0x20, 0x20, 0x20, 0x20, 0x20, 0x20, 0x00, 0xf8,
  0x20, 0x20, 0x20, 0x20, 0x20, 0x20, 0x00, 0xf8, 0x20, 0x20, 0x20, 0x20,
  0x20, 0x20, 0x00, 0x88, 0x88, 0x88, 0x88, 0x88, 0x88, 0x70, 0x00, 0x88,
  0x88, 0x88, 0x88, 0x88, 0x88, 0x70, 0x00, 0x88, 0x88, 0x88, 0x88, 0x88,
  0x88, 0x70, 0x00, 0x88, 0x88, 0x88, 0x88, 0x88, 0x88, 0x70, 0x00, 0x88,
  0x88, 0x88, 0x88, 0x50, 0x50, 0x20, 0x00, 0x88, 0x88, 0x88, 0x88, 0x50,
  0x50, 0x20, 0x00, 0x88, 0x88, 0x88, 0x88, 0x50, 0x50, 0x20, 0x00, 0x88,
  0x88, 0x88, 0x88, 0x50, 0x50, 0x20, 0x00, 0x00, 0x00, 0x00, 0x01, 0x03,
  0x07, 0x0e, 0x19, 0x07, 0x1f, 0x0f, 0x07, 0x03, 0x01, 0x00, 0x00, 0x00,
  0x00, 0x00, 0x40, 0x60, 0x70, 0x38, 0x4c, 0x70, 0x7c, 0x78, 0x70, 0x60,
  0x40, 0x00, 0x00, 0x00, 0x00, 0x00, 0x01, 0x03, 0x07, 0x0f, 0x1f, 0x00,
  0x1f, 0x0f, 0x07, 0x03, 0x01, 0x00, 0x00, 0x00, 0x00, 0x00, 0x40, 0x60,
  0xb0, 0xb8, 0xdc, 0x00, 0xdc, 0xb8, 0xb0, 0x60, 0x40, 0x00, 0x00, 0x00,
  0x00, 0x00, 0x01, 0x03, 0x07, 0x0f, 0x1f, 0x00, 0x1f, 0x0f, 0x07, 0x03,
  0x01, 0x00, 0x00, 0x00, 0x00, 0x00, 0x40, 0xa0, 0xd0, 0xe8, 0xf4, 0x00,
  0xf8, 0xe8, 0xd0, 0xa0, 0x40, 0x00, 0x00, 0x00, 0x00, 0x00, 0x01, 0x03,
  0x07, 0x0f, 0x1f, 0x00, 0x1f, 0x0f, 0x07, 0x03, 0x01, 0x00, 0x00, 0x00,
  0x00, 0x00, 0xc0, 0xe0, 0xf0, 0xf8, 0xfc, 0x00, 0xfc, 0xf8, 0xf0, 0xe0,
  0xc0, 0x00, 0x00, 0x00, 0x00, 0x00, 0x01, 0x02, 0x05, 0x0b, 0x17, 0x00,
  0x17, 0x0b, 0x05, 0x02, 0x01, 0x00, 0x00, 0x00, 0x00, 0x00, 0x40, 0xe0,
  0xf0, 0xf8, 0xfc, 0x00, 0xfc, 0xf8, 0xf0, 0xe0, 0x40, 0x00, 0x00, 0x00,
  0x00, 0x00, 0x01, 0x03, 0x06, 0x0e, 0x1d, 0x00, 0x1d, 0x0e, 0x06, 0x03,
  0x01, 0x00, 0x00, 0x00, 0x00, 0x00, 0x40, 0x60, 0xf0, 0xf8, 0xfc, 0x00,
  0xfc, 0xf8, 0xf0, 0x60, 0x40, 0x00, 0x00, 0x00, 0x00, 0x00, 0x04, 0x1d,
  0x3d, 0x3d, 0x3d, 0x3d, 0x3d, 0x1d, 0x04, 0x00, 0x00, 0x00, 0x00, 0x00,
  0x00, 0x00, 0x02, 0xb8, 0xbc, 0xbc, 0xbc, 0xbc, 0xbc, 0xb8, 0x20, 0x00,
  0x00, 0x00, 0x00, 0x00, 0x00, 0x00, 0x04, 0x1c, 0x3c, 0x3c, 0x3d, 0x3d,
  0x3d, 0x1d, 0x05, 0x00, 0x00, 0x00, 0x00, 0x00, 0x00, 0x00, 0x20, 0x38,
  0x3c, 0x3c, 0xbc, 0xbc, 0xbc, 0xb8, 0xa0, 0x00, 0x00, 0x00, 0x00, 0x00,
  0x00, 0x00, 0x04, 0x1c, 0x3c, 0x3c, 0x3c, 0x3c, 0x3d, 0x1d, 0x05, 0x00,
  0x00, 0x00, 0x00, 0x00, 0x00, 0x00, 0x20, 0x38, 0x3c, 0x3c, 0x3c, 0x3c,
  0xbc, 0xb8, 0xa0, 0x00, 0x00, 0x00, 0x00, 0x00, 0x00, 0x00, 0x04, 0x1c,
  0x3c, 0x3c, 0x3c, 0x3c, 0x3c, 0x1c, 0x05, 0x00, 0x00, 0x00, 0x00, 0x00,
  0x00, 0x00, 0x20, 0x38, 0x3c, 0x3c, 0x3c, 0x3c, 0x3c, 0x38, 0xa0, 0x00,
  0x00, 0x00, 0x00, 0x00, 0x00, 0x00, 0x00, 0x00, 0x00, 0x01, 0x03, 0x03,
  0x01, 0x00, 0x00, 0x00, 0x00, 0x00, 0x00, 0x00, 0x00, 0x00, 0x00, 0x00,
  0x80, 0xc0, 0xe0, 0xe0, 0xc0, 0x80, 0x00, 0x00, 0x00, 0x00, 0x00, 0x00,
  0x00, 0x03, 0x03, 0x0b, 0x1b, 0x1c, 0x1e, 0x1e, 0x1e, 0x01, 0x07, 0x03,
  0x00, 0x00, 0x00, 0x00, 0x00, 0xc0, 0xe0, 0x80, 0x78, 0x78, 0x78, 0x38,
  0xd8, 0xd0, 0xc0, 0xc0, 0x00, 0x00, 0x00, 0x00, 0x00, 0x01, 0x05, 0x0d,
  0x1c, 0x1c, 0x1c, 0x1c, 0x00, 0x0f, 0x07, 0x03, 0x00, 0x00, 0x00, 0x00,
  0x00, 0xc0, 0xe0, 0xf0, 0x00, 0x38, 0x38, 0x38, 0x38, 0xb0, 0xa0, 0x80,
  0x00, 0x00, 0x00, 0x00, 0x00, 0x03, 0x06, 0x0d, 0x1d, 0x0c, 0x14, 0x18,
  0x1f, 0x0f, 0x07, 0x02, 0x00, 0x00, 0x00, 0x00, 0x00, 0x40, 0xe0, 0xf0,
  0xf8, 0x18, 0x28, 0x30, 0xb8, 0xb0, 0x60, 0xc0, 0x00, 0x00, 0x00, 0x00,
  0x00, 0x02, 0x06, 0x0e, 0x1f, 0x1e, 0x04, 0x04, 0x1e, 0x1f, 0x0e, 0x06,
  0x02, 0x00, 0x00, 0x00, 0x00, 0xa0, 0xb0, 0xb8, 0xfc, 0x3c, 0x10, 0x10,
  0x3c, 0xfc, 0xb8, 0xb0, 0xa0, 0x00, 0x00, 0x00, 0x00, 0x02, 0x07, 0x0f,
  0x1f, 0x1f, 0x02, 0x02, 0x1f, 0x1f, 0x0f, 0x07, 0x02, 0x00, 0x00, 0x00,
  0x00, 0x80, 0x40, 0x50, 0xf0, 0x18, 0x00, 0x00, 0x18, 0xf0, 0x50, 0x40,
  0x80, 0x00, 0x00, 0x00, 0x00, 0x02, 0x07, 0x0f, 0x1f, 0x1f, 0x11, 0x11,
  0x1f, 0x1f, 0x0f, 0x07, 0x02, 0x00, 0x00, 0x00, 0x00, 0x80, 0x40, 0xa0,
  0x90, 0x10, 0x00, 0x00, 0x90, 0xd0, 0xa0, 0x40, 0x80, 0x00, 0x00, 0x8f,
  0x77, 0x67, 0x57, 0x37, 0x77, 0x8f, 0xff, 0xdf, 0x9f, 0x5f, 0xdf, 0xdf,
  0xdf, 0x07, 0xff, 0x8f, 0x77, 0xf7, 0xef, 0x9f, 0x7f, 0x07, 0xff, 0x8f,
  0x77, 0xf7, 0xcf, 0xf7, 0x77, 0x8f, 0xff, 0xef, 0xcf, 0xaf, 0x6f, 0x07,
  0xef, 0xef, 0xff, 0x07, 0x7f, 0x1f, 0xef, 0xf7, 0xef, 0x1f, 0xff, 0xcf,
  0xbf, 0x7f, 0x0f, 0x77, 0x77, 0x8f, 0xff, 0x07, 0x77, 0xef, 0xdf, 0xdf,
  0xdf, 0xdf, 0xff, 0x8f, 0x77, 0x77, 0x8f, 0x77, 0x77, 0x87, 0xff, 0x8f,
  0x77, 0x77, 0x87, 0xf7, 0xef, 0x9f, 0xff, 0xdf, 0xaf, 0x77, 0x77, 0x07,
  0x77, 0x77, 0xff, 0x0f, 0xb7, 0xb7, 0x8f, 0xb7, 0xb7, 0x0f, 0xff, 0xcf,
  0xb7, 0x7f, 0x7f, 0x7f, 0xb7, 0xcf, 0xff, 0x1f, 0xaf, 0xb7, 0xb7, 0xb7,
  0xcf, 0x1f, 0xff, 0x07, 0x7f, 0x7f, 0x0f, 0x7f, 0x7f, 0x07, 0xff, 0x07,
  0x7f, 0x7f, 0x0f, 0x7f, 0x7f, 0x7f, 0xff, 0x8f, 0x77, 0x7f, 0x47, 0x77,
  0x77, 0x8f, 0xff, 0x77, 0x77, 0x77, 0x07, 0x77, 0x77, 0x77, 0xff, 0x8f,
  0xdf, 0xdf, 0xdf, 0xdf, 0xdf, 0x8f, 0xff, 0xc7, 0xef, 0xef, 0xef, 0x6f,
  0x6f, 0x9f, 0xff, 0x77, 0x6f, 0x5f, 0x3f, 0x5f, 0x6f, 0x77, 0xff, 0x7f,
  0x7f, 0x7f, 0x7f, 0x7f, 0x7f, 0x07, 0xff, 0x77, 0x27, 0x57, 0x57, 0x77,
  0x77, 0x77, 0xff, 0x77, 0x37, 0x37, 0x57, 0x67, 0x67, 0x66, 0xff, 0x8f,
  0x77, 0x77, 0x77, 0x77, 0x77, 0x8f, 0xff, 0x0f, 0x77, 0x77, 0x0f, 0x7f,
  0x7f, 0x7f, 0xff, 0x8f, 0x77, 0x77, 0x77, 0x57, 0x6f, 0x67, 0xff, 0x0f,
  0x77, 0x77, 0x0f, 0x5f, 0x6f, 0x77, 0xff, 0x8f, 0x77, 0x7f, 0x8f, 0xf7,
  0x77, 0x8f, 0xff, 0x07, 0xdf, 0xdf, 0xdf, 0xdf, 0xdf, 0xdf, 0xff, 0x77,
  0x77, 0x77, 0x77, 0x77, 0x77, 0x8f, 0xff, 0x77, 0x77, 0x77, 0x77, 0xaf,
  0xaf, 0xdf, 0xff, 0x00, 0x00, 0x00, 0x00, 0x00, 0x00, 0x00, 0x00, 0x00,
  0x00, 0x00, 0x00, 0x00, 0x00, 0x00, 0x00, 0x00, 0x00, 0x00, 0x00, 0x00,
  0x00, 0x00, 0x00, 0x00, 0x00, 0x00, 0x00, 0x00, 0x00, 0x00, 0x00, 0x00,
  0x00, 0x00, 0x00, 0x00, 0x00, 0x00, 0x00, 0x00, 0x00, 0x00, 0x00, 0x00,
  0x00, 0x00, 0x00, 0x00, 0x00, 0x00, 0x00, 0x00, 0x00, 0x00, 0x00, 0x00,
  0x00, 0x00, 0x00, 0x00, 0x00, 0x00, 0x00, 0x00, 0x00, 0x00, 0x00, 0x00,
  0xff, 0xff, 0xff, 0xff, 0xff, 0xff, 0xff, 0xff, 0xff, 0xff, 0xff, 0xff,
  0xff, 0xff, 0xff, 0xff, 0xff, 0xff, 0xff, 0xff, 0xff, 0xff, 0xff, 0xff,
  0xff, 0xff, 0xff, 0xff, 0xff, 0xff, 0xff, 0xff, 0xff, 0xff, 0xff, 0xff,
  0xff, 0xff, 0xff, 0xff, 0xff, 0xff, 0xff, 0xff, 0xff, 0xff, 0xff, 0xff,
  0xff, 0xff, 0xff, 0xff, 0xff, 0xff, 0xff, 0xff, 0xff, 0xff, 0xff, 0xff,
  0xff, 0xff, 0xff, 0xff, 0xff, 0xff, 0xff, 0xff, 0xff, 0xff, 0xff, 0xff,
  0xff, 0xff, 0xff, 0xff, 0xff, 0xff, 0xff, 0xff, 0xff, 0xff, 0xff, 0xff,
  0xff, 0xff, 0xff, 0xff, 0xff, 0xff, 0xff, 0xff, 0xff, 0xff, 0xff, 0xff,
  0xff, 0xff, 0xff, 0xff, 0xff, 0xff, 0xff, 0xff, 0xff, 0xff, 0xff, 0xff,
  0xff, 0xff, 0xff, 0xff, 0xff, 0xff, 0xff, 0xff, 0xff, 0xff, 0xff, 0xff,
  0xff, 0xff, 0xff, 0xff, 0xff, 0xff, 0xff, 0xff, 0xff, 0xff, 0xff, 0xff,
  0xff, 0xff, 0xff, 0xff, 0xff, 0xff, 0xff, 0xff, 0xff, 0xff, 0xff, 0xff,
  0xff, 0xff, 0xff, 0xff, 0xff, 0xff, 0xff, 0xff, 0xff, 0xff, 0xff, 0xff,
  0xff, 0xff, 0xff, 0xff, 0xff, 0xff, 0xff, 0xff, 0xff, 0xff, 0xff, 0xff,
  0xff, 0xff, 0xff, 0xff, 0xff, 0xff, 0xff, 0xff, 0xff, 0xff, 0xff, 0xff,
  0xff, 0xff, 0xff, 0xff, 0xff, 0xff, 0xff, 0xff, 0xff, 0xff, 0xff, 0xff,
  0xff, 0xff, 0xff, 0xff, 0xff, 0xff, 0xff, 0xff, 0xff, 0xff, 0xff, 0xff,
  0xff, 0xff, 0xff, 0xff, 0xff, 0xff, 0xff, 0xff, 0xff, 0xff, 0xff, 0xff,
  0xff, 0xff, 0xff, 0xff, 0xff, 0xff, 0xff, 0xff, 0xff, 0xff, 0xff, 0xff,
  0xff, 0xff, 0xff, 0xff, 0xff, 0xff, 0xff, 0xff, 0xff, 0xff, 0xff, 0xff,
  0xff, 0xff, 0xff, 0xff, 0xff, 0xff, 0xff, 0xff, 0xff, 0xff, 0xff, 0xff,
  0xff, 0xff, 0xff, 0xff, 0xff, 0xff, 0xff, 0xff, 0xff, 0xff, 0xff, 0xff,
  0xff, 0xff, 0xff, 0xff, 0xff, 0xff, 0xff, 0xff, 0xff, 0xff, 0xff, 0xff,
  0xff, 0xff, 0xff, 0xff, 0xff, 0xff, 0xff, 0xff, 0xff, 0xff, 0xff, 0xff,
  0xff, 0xff, 0xff, 0xff, 0xff, 0xff, 0xff, 0xff, 0xff, 0xff, 0xff, 0xff,
  0xff, 0xff, 0xff, 0xff, 0xff, 0xff, 0xff, 0xff, 0xff, 0xff, 0xff, 0xff,
  0xff, 0xff, 0xff, 0xff, 0xff, 0xff, 0xff, 0xff, 0xff, 0xff, 0xff, 0xff,
  0xff, 0xff, 0xff, 0xff, 0xff, 0xff, 0xff, 0xff, 0xff, 0xff, 0xff, 0xff,
  0xff, 0xff, 0xff, 0xff, 0xff, 0xff, 0xff, 0xff, 0xff, 0xff, 0xff, 0xff,
  0xff, 0xff, 0xff, 0xff, 0xff, 0xff, 0xff, 0xff, 0xff, 0xff, 0xff, 0xff,
  0xff, 0xff, 0xff, 0xff, 0xff, 0xff, 0xff, 0xff, 0xff, 0xff, 0xff, 0xff,
  0xff, 0xff, 0xff, 0xff, 0xff, 0xff, 0xff, 0xff, 0xff, 0xff, 0xff, 0xff,
  0xff, 0xff, 0xff, 0xff, 0xff, 0xff, 0xff, 0xff, 0xff, 0xff, 0xff, 0xff,
  0xff, 0xff, 0xff, 0xff, 0xff, 0xff, 0xff, 0xff, 0xff, 0xff, 0xff, 0xff,
  0xff, 0xff, 0xff, 0xff, 0xff, 0xff, 0xff, 0xff, 0xff, 0xff, 0xff, 0xff,
  0xff, 0xff, 0xff, 0xff, 0xff, 0xff, 0xff, 0xff, 0xff, 0xff, 0xff, 0xff,
  0xff, 0xff, 0xff, 0xff, 0xff, 0xff, 0xff, 0xff, 0xff, 0xff, 0xff, 0xff,
  0xff, 0xff, 0xff, 0xff, 0xff, 0xff, 0xff, 0xff, 0xff, 0xff, 0xff, 0xff,
  0xff, 0xff, 0xff, 0xff, 0xff, 0xff, 0xff, 0xff, 0xff, 0xff, 0xff, 0xff,
  0xff, 0xff, 0xff, 0xff, 0xff, 0xff, 0xff, 0xff, 0xff, 0xff, 0xff, 0xff,
  0xff, 0xff, 0xff, 0xff, 0xff, 0xff, 0xff, 0xff, 0xff, 0xff, 0xff, 0xff,
  0xff, 0xff, 0xff, 0xff, 0xff, 0xff, 0xff, 0xff, 0xff, 0xff, 0xff, 0xff,
  0xff, 0xff, 0xff, 0xff, 0xff, 0xff, 0xff, 0xff, 0xff, 0xff, 0xff, 0xff,
  0xff, 0xff, 0xff, 0xff, 0xff, 0xff, 0xff, 0xff, 0xff, 0xff, 0xff, 0xff,
  0xff, 0xff, 0xff, 0xff, 0xff, 0xff, 0xff, 0xff, 0xff, 0xff, 0xff, 0xff,
  0xff, 0xff, 0xff, 0xff, 0xff, 0xff, 0xff, 0xff, 0xff, 0xff, 0xff, 0xff,
  0xff, 0xff, 0xff, 0xff, 0xff, 0xff, 0xff, 0xff, 0xff, 0xff, 0xff, 0xff,
  0xff, 0xff, 0xff, 0xff, 0xff, 0xff, 0xff, 0xff, 0xff, 0xff, 0xff, 0xff,
  0xff, 0xff, 0xff, 0xff, 0xff, 0xff, 0xff, 0xff, 0xff, 0xff, 0xff, 0xff,
  0xff, 0xff, 0xff, 0xff, 0xff, 0xff, 0xff, 0xff, 0xff, 0xff, 0xff, 0xff,
  0xff, 0xff, 0xff, 0xff, 0xff, 0xff, 0xff, 0xff, 0xff, 0xff, 0xff, 0xff,
  0xff, 0xff, 0xff, 0xff, 0xff, 0xff, 0xff, 0xff, 0xff, 0xff, 0xff, 0xff,
  0xff, 0xff, 0xff, 0xff, 0xff, 0xff, 0xff, 0xff, 0xff, 0xff, 0xff, 0xff,
  0xff, 0xff, 0xff, 0xff, 0xff, 0xff, 0xff, 0xff, 0xff, 0xff, 0xff, 0xff,
  0xff, 0xff, 0xff, 0xff, 0xff, 0xff, 0xff, 0xff, 0xff, 0xff, 0xff, 0xff,
  0xff, 0xff, 0xff, 0xff, 0xff, 0xff, 0xff, 0xff, 0xff, 0xff, 0xff, 0xff,
  0xff, 0xff, 0xff, 0xff, 0xff, 0xff, 0xff, 0xff, 0xff, 0xff, 0xff, 0xff,
  0xff, 0xff, 0xff, 0xff, 0xff, 0xff, 0xff, 0xff, 0xff, 0xff, 0xff, 0xff,
  0xff, 0xff, 0xff, 0xff, 0xff, 0xff, 0xff, 0xff, 0xff, 0xff, 0xff, 0xff,
  0xff, 0xff, 0xff, 0xff, 0xff, 0xff, 0xff, 0xff, 0xff, 0xff, 0xff, 0xff,
  0xff, 0xff, 0xff, 0xff, 0xff, 0xff, 0xff, 0xff, 0xff, 0xff, 0xff, 0xff,
  0xff, 0xff, 0xff, 0xff, 0xff, 0xff, 0xff, 0xff, 0xff, 0xff, 0xff, 0xff,
  0xff, 0xff, 0xff, 0xff, 0xff, 0xff, 0xff, 0xff, 0xff, 0xff, 0xff, 0xff,
  0xff, 0xff, 0xff, 0xff, 0xff, 0xff, 0xff, 0xff, 0xff, 0xff, 0xff, 0xff,
  0xff, 0xff, 0xff, 0xff, 0xff, 0xff, 0xff, 0xff, 0xff, 0xff, 0xff, 0xff,
  0xff, 0xff, 0xff, 0xff, 0xff, 0xff, 0xff, 0xff, 0xff, 0xff, 0xff, 0xff,
  0xff, 0xff, 0xff, 0xff, 0xff, 0xff, 0xff, 0xff, 0xff, 0xff, 0xff, 0xff,
  0xff, 0xff, 0xff, 0xff, 0xff, 0xff, 0xff, 0xff, 0xff, 0xff, 0xff, 0xff,
  0xff, 0xff, 0xff, 0xff, 0xff, 0xff, 0xff, 0xff, 0xff, 0xff, 0xff, 0xff,
  0xff, 0xff, 0xff, 0xff, 0xff, 0xff, 0xff, 0xff, 0xff, 0xff, 0xff, 0xff,
  0xff, 0xff, 0xff, 0xff, 0xff, 0xff, 0xff, 0xff, 0xff, 0xff, 0xff, 0xff,
  0xff, 0xff, 0xff, 0xff, 0xff, 0xff, 0xff, 0xff, 0xff, 0xff, 0xff, 0xff,
  0xff, 0xff, 0xff, 0xff, 0xff, 0xff, 0xff, 0xff, 0xff, 0xff, 0xff, 0xff,
  0xff, 0xff, 0xff, 0xff, 0xff, 0xff, 0xff, 0xff, 0xff, 0xff, 0xff, 0xff,
  0xff, 0xff, 0xff, 0xff, 0xff, 0xff, 0xff, 0xff, 0xff, 0xff, 0xff, 0xff,
  0xff, 0xff, 0xff, 0xff, 0xff, 0xff, 0xff, 0xff, 0xff, 0xff, 0xff, 0xff,
  0xff, 0xff, 0xff, 0xff, 0xff, 0xff, 0xff, 0xff, 0xff, 0xff, 0xff, 0xff,
  0xff, 0xff, 0xff, 0xff, 0xff, 0xff, 0xff, 0xff, 0xff, 0xff, 0xff, 0xff,
  0xff, 0xff, 0xff, 0xff, 0xff, 0xff, 0xff, 0xff, 0xff, 0xff, 0xff, 0xff,
  0xff, 0xff, 0xff, 0xff, 0xff, 0xff, 0xff, 0xff, 0xff, 0xff, 0xff, 0xff,
  0xff, 0xff, 0xff, 0xff, 0xff, 0xff, 0xff, 0xff, 0xff, 0xff, 0xff, 0xff,
  0xff, 0xff, 0xff, 0xff, 0xff, 0xff, 0xff, 0xff, 0xff, 0xff, 0xff, 0xff,
  0xff, 0xff, 0xff, 0xff, 0xff, 0xff, 0xff, 0xff, 0xff, 0xff, 0xff, 0xff,
  0xff, 0xff, 0xff, 0xff, 0xff, 0xff, 0xff, 0xff, 0xff, 0xff, 0xff, 0xff,
  0xff, 0xff, 0xff, 0xff, 0xff, 0xff, 0xff, 0xff, 0xff, 0xff, 0xff, 0xff,
  0xff, 0xff, 0xff, 0xff, 0xff, 0xff, 0xff, 0xff, 0xff, 0xff, 0xff, 0xff,
  0xff, 0xff, 0xff, 0xff, 0xff, 0xff, 0xff, 0xff, 0xff, 0xff, 0xff, 0xff,
  0xff, 0xff, 0xff, 0xff, 0xff, 0xff, 0xff, 0xff, 0xff, 0xff, 0xff, 0xff,
  0xff, 0xff, 0xff, 0xff, 0xff, 0xff, 0xff, 0xff, 0xff, 0xff, 0xff, 0xff,
  0xff, 0xff, 0xff, 0xff, 0xff, 0xff, 0xff, 0xff, 0xff, 0xff, 0xff, 0xff,
  0xff, 0xff, 0xff, 0xff, 0xff, 0xff, 0xff, 0xff, 0xff, 0xff, 0xff, 0xff,
  0xff, 0xff, 0xff, 0xff, 0xff, 0xff, 0xff, 0xff, 0xff, 0xff, 0xff, 0xff,
  0xff, 0xff, 0xff, 0xff, 0xff, 0xff, 0xff, 0xff, 0xff, 0xff, 0xff, 0xff,
  0xff, 0xff, 0xff, 0xff, 0xff, 0xff, 0xff, 0xff, 0xff, 0xff, 0xff, 0xff,
  0xff, 0xff, 0xff, 0xff, 0xff, 0xff, 0xff, 0xff, 0xff, 0xff, 0xff, 0xff,
  0xff, 0xff, 0xff, 0xff, 0xff, 0xff, 0xff, 0xff, 0xff, 0xff, 0xff, 0xff,
  0xff, 0xff, 0xff, 0xff, 0xff, 0xff, 0xff, 0xff, 0xff, 0xff, 0xff, 0xff,
  0xff, 0xff, 0xff, 0xff, 0xff, 0xff, 0xff, 0xff, 0xff, 0xff, 0xff, 0xff,
  0xff, 0xff, 0xff, 0xff, 0xff, 0xff, 0xff, 0xff, 0xff, 0xff, 0xff, 0xff,
  0xff, 0xff, 0xff, 0xff, 0xff, 0xff, 0xff, 0xff, 0xff, 0xff, 0xff, 0xff,
  0xff, 0xff, 0xff, 0xff, 0xff, 0xff, 0xff, 0xff, 0xff, 0xff, 0xff, 0xff,
  0xff, 0xff, 0xff, 0xff, 0xff, 0xff, 0xff, 0xff, 0xff, 0xff, 0xff, 0xff,
  0xff, 0xff, 0xff, 0xff, 0xff, 0xff, 0xff, 0xff, 0xff, 0xff, 0xff, 0xff,
  0xff, 0xff, 0xff, 0xff, 0xff, 0xff, 0xff, 0xff, 0xff, 0xff, 0xff, 0xff,
  0xff, 0xff, 0xff, 0xff, 0xff, 0xff, 0xff, 0xff, 0xff, 0xff, 0xff, 0xff,
  0xff, 0xff, 0xff, 0xff, 0xff, 0xff, 0xff, 0xff, 0xff, 0xff, 0xff, 0xff,
  0xff, 0xff, 0xff, 0xff, 0xff, 0xff, 0xff, 0xff, 0xff, 0xff, 0xff, 0xff,
  0xff, 0xff, 0xff, 0xff, 0xff, 0xff, 0xff, 0xff, 0xff, 0xff, 0xff, 0xff,
  0xff, 0xff, 0xff, 0xff, 0xff, 0xff, 0xff, 0xff, 0xff, 0xff, 0xff, 0xff,
  0xff, 0xff, 0xff, 0xff, 0xff, 0xff, 0xff, 0xff, 0xff, 0xff, 0xff, 0xff,
  0xff, 0xff, 0xff, 0xff, 0xff, 0xff, 0xff, 0xff, 0xff, 0xff, 0xff, 0xff,
  0xff, 0xff, 0xff, 0xff, 0xff, 0xff, 0xff, 0xff, 0xff, 0xff, 0xff, 0xff,
  0xff, 0xff, 0xff, 0xff, 0xff, 0xff, 0xff, 0xff, 0xff, 0xff, 0xff, 0xff,
  0xff, 0xff, 0xff, 0xff, 0xff, 0xff, 0xff, 0xff, 0xff, 0xff, 0xff, 0xff,
  0xff, 0xff, 0xff, 0xff, 0xff, 0xff, 0xff, 0xff, 0xff, 0xff, 0xff, 0xff,
  0xff, 0xff, 0xff, 0xff, 0xff, 0xff, 0xff, 0xff, 0xff, 0xff, 0xff, 0xff,
  0xff, 0xff, 0xff, 0xff, 0xff, 0xff, 0xff, 0xff, 0xff, 0xff, 0xff, 0xff,
  0xff, 0xff, 0xff, 0xff, 0xff, 0xff, 0xff, 0xff, 0xff, 0xff, 0xff, 0xff,
  0xff, 0xff, 0xff, 0xff, 0xff, 0xff, 0xff, 0xff, 0xff, 0xff, 0xff, 0xff,
  0xff, 0xff, 0xff, 0xff, 0xff, 0xff, 0xff, 0xff, 0xff, 0xff, 0xff, 0xff,
  0xff, 0xff, 0xff, 0xff, 0xff, 0xff, 0xff, 0xff, 0xff, 0xff, 0xff, 0xff,
  0xff, 0xff, 0xff, 0xff, 0xff, 0xff, 0xff, 0xff, 0xff, 0xff, 0xff, 0xff,
  0xff, 0xff, 0xff, 0xff, 0xff, 0xff, 0xff, 0xff, 0xff, 0xff, 0xff, 0xff,
  0xff, 0xff, 0xff, 0xff, 0xff, 0xff, 0xff, 0xff, 0xff, 0xff, 0xff, 0xff,
  0xff, 0xff, 0xff, 0xff, 0xff, 0xff, 0xff, 0xff, 0xff, 0xff, 0xff, 0xff,
  0xff, 0xff, 0xff, 0xff, 0xff, 0xff, 0xff, 0xff, 0xff, 0xff, 0xff, 0xff,
  0xff, 0xff, 0xff, 0xff, 0xff, 0xff, 0xff, 0xff, 0xff, 0xff, 0xff, 0xff,
  0xff, 0xff, 0xff, 0xff, 0xff, 0xff, 0xff, 0xff, 0xff, 0xff, 0xff, 0xff,
  0xff, 0xff, 0xff, 0xff, 0xff, 0xff, 0xff, 0xff, 0xff, 0xff, 0xff, 0xff,
  0xff, 0xff, 0xff, 0xff, 0xff, 0xff, 0xff, 0xff, 0xff, 0xff, 0xff, 0xff,
  0xff, 0xff, 0xff, 0xff, 0xff, 0xff, 0xff, 0xff, 0xff, 0xff, 0xff, 0xff,
  0xff, 0xff, 0xff, 0xff, 0xff, 0xff, 0xff, 0xff, 0xff, 0xff, 0xff, 0xff,
  0xff, 0xff, 0xff, 0xff, 0xff, 0xff, 0xff, 0xff, 0xff, 0xff, 0xff, 0xff,
  0xff, 0xff, 0xff, 0xff, 0xff, 0xff, 0xff, 0xff, 0xff, 0xff, 0xff, 0xff,
  0xff, 0xff, 0xff, 0xff, 0xff, 0xff, 0xff, 0xff, 0xff, 0xff, 0xff, 0xff,
  0xff, 0xff, 0xff, 0xff, 0xff, 0xff, 0xff, 0xff, 0xff, 0xff, 0xff, 0xff,
  0xff, 0xff, 0xff, 0xff, 0xff, 0xff, 0xff, 0xff, 0xff, 0xff, 0xff, 0xff,
  0xff, 0xff, 0xff, 0xff, 0xff, 0xff, 0xff, 0xff, 0xff, 0xff, 0xff, 0xff,
  0xff, 0xff, 0xff, 0xff, 0xff, 0xff, 0xff, 0xff, 0xff, 0xff, 0xff, 0xff,
  0xff, 0xff, 0xff, 0xff, 0xff, 0xff, 0xff, 0xff, 0xff, 0xff, 0xff, 0xff,
  0xff, 0xff, 0xff, 0xff, 0xff, 0xff, 0xff, 0xff, 0xff, 0xff, 0xff, 0xff,
  0xff, 0xff, 0xff, 0xff, 0xff, 0xff, 0xff, 0xff, 0xff, 0xff, 0xff, 0xff,
  0xff, 0xff, 0xff, 0xff, 0xff, 0xff, 0xff, 0xff, 0xff, 0xff, 0xff, 0xff,
  0xff, 0xff, 0xff, 0xff, 0xff, 0xff, 0xff, 0xff, 0xff, 0xff, 0xff, 0xff,
  0xff, 0xff, 0xff, 0xff, 0xff, 0xff, 0xff, 0xff, 0xff, 0xff, 0xff, 0xff,
  0xff, 0xff, 0xff, 0xff, 0xff, 0xff, 0xff, 0xff, 0xff, 0xff, 0xff, 0xff,
  0xff, 0xff, 0xff, 0xff, 0xff, 0xff, 0xff, 0xff, 0xff, 0xff, 0xff, 0xff,
  0xff, 0xff, 0xff, 0xff, 0xff, 0xff, 0xff, 0xff, 0xff, 0xff, 0xff, 0xff,
  0xff, 0xff, 0xff, 0xff, 0xff, 0xff, 0xff, 0xff, 0xff, 0xff, 0xff, 0xff,
  0xff, 0xff, 0xff, 0xff, 0xff, 0xff, 0xff, 0xff, 0xff, 0xff, 0xff, 0xff,
  0xff, 0xff, 0xff, 0xff, 0xff, 0xff, 0xff, 0xff, 0xff, 0xff, 0xff, 0xff,
  0xff, 0xff, 0xff, 0xff, 0xff, 0xff, 0xff, 0xff, 0xff, 0xff, 0xff, 0xff,
  0xff, 0xff, 0xff, 0xff, 0xff, 0xff, 0xff, 0xff, 0xff, 0xff, 0xff, 0xff,
  0xff, 0xff, 0xff, 0xff, 0xff, 0xff, 0xff, 0xff, 0xff, 0xff, 0xff, 0xff,
  0xff, 0xff, 0xff, 0xff, 0xff, 0xff, 0xff, 0xff, 0xff, 0xff, 0xff, 0xff,
  0xff, 0xff, 0xff, 0xff, 0xff, 0xff, 0xff, 0xff, 0xff, 0xff, 0xff, 0xff,
  0xff, 0xff, 0xff, 0xff, 0xff, 0xff, 0xff, 0xff, 0xff, 0xff, 0xff, 0xff,
  0xff, 0xff, 0xff, 0xff, 0xff, 0xff, 0xff, 0xff, 0xff, 0xff, 0xff, 0xff,
  0xff, 0xff, 0xff, 0xff, 0xff, 0xff, 0xff, 0xff, 0xff, 0xff, 0xff, 0xff,
  0xff, 0xff, 0xff, 0xff, 0xff, 0xff, 0xff, 0xff, 0xff, 0xff, 0xff, 0xff,
  0xff, 0xff, 0xff, 0xff, 0xff, 0xff, 0xff, 0xff, 0xff, 0xff, 0xff, 0xff,
  0xff, 0xff, 0xff, 0xff, 0xff, 0xff, 0xff, 0xff, 0xff, 0xff, 0xff, 0xff,
  0xff, 0xff, 0xff, 0xff, 0xff, 0xff, 0xff, 0xff, 0xff, 0xff, 0xff, 0xff,
  0xff, 0xff, 0xff, 0xff, 0xff, 0xff, 0xff, 0xff, 0xff, 0xff, 0xff, 0xff,
  0xff, 0xff, 0xff, 0xff, 0xff, 0xff, 0xff, 0xff, 0xff, 0xff, 0xff, 0xff,
  0xff, 0xff, 0xff, 0xff, 0xff, 0xff, 0xff, 0xff, 0xff, 0xff, 0xff, 0xff,
  0xff, 0xff, 0xff, 0xff, 0xff, 0xff, 0xff, 0xff, 0xff, 0xff, 0xff, 0xff,
  0xff, 0xff, 0xff, 0xff, 0xff, 0xff, 0xff, 0xff, 0xff, 0xff, 0xff, 0xff,
  0xff, 0xff, 0xff, 0xff, 0xff, 0xff, 0xff, 0xff, 0xff, 0xff, 0xff, 0xff,
  0xff, 0xff, 0xff, 0xff, 0xff, 0xff, 0xff, 0xff, 0xff, 0xff, 0xff, 0xff,
  0xff, 0xff, 0xff, 0xff, 0xff, 0xff, 0xff, 0xff, 0xff, 0xff, 0xff, 0xff,
  0xff, 0xff, 0xff, 0xff, 0xff, 0xff, 0xff, 0xff, 0xff, 0xff, 0xff, 0xff,
  0xff, 0xff, 0xff, 0xff, 0xff, 0xff, 0xff, 0xff, 0xff, 0xff, 0xff, 0xff,
  0xff, 0xff, 0xff, 0xff, 0xff, 0xff, 0xff, 0xff, 0xff, 0xff, 0xff, 0xff,
  0xff, 0xff, 0xff, 0xff, 0xff, 0xff, 0xff, 0xff, 0xff, 0xff, 0xff, 0xff,
  0xff, 0xff, 0xff, 0xff, 0xff, 0xff, 0xff, 0xff, 0xff, 0xff, 0xff, 0xff,
  0xff, 0xff, 0xff, 0xff, 0xff, 0xff, 0xff, 0xff, 0xff, 0xff, 0xff, 0xff,
  0xff, 0xff, 0xff, 0xff, 0xff, 0xff, 0xff, 0xff, 0xff, 0xff, 0xff, 0xff,
  0xff, 0xff, 0xff, 0xff, 0xff, 0xff, 0xff, 0xff, 0xff, 0xff, 0xff, 0xff,
  0xff, 0xff, 0xff, 0xff, 0xff, 0xff, 0xff, 0xff, 0xff, 0xff, 0xff, 0xff,
  0xff, 0xff, 0xff, 0xff, 0xff, 0xff, 0xff, 0xff, 0xff, 0xff, 0xff, 0xff,
  0xff, 0xff, 0xff, 0xff, 0xff, 0xff, 0xff, 0xff, 0xff, 0xff, 0xff, 0xff,
  0xff, 0xff, 0xff, 0xff, 0xff, 0xff, 0xff, 0xff, 0xff, 0xff, 0xff, 0xff,
  0xff, 0xff, 0xff, 0xff, 0xff, 0xff, 0xff, 0xff, 0xff, 0xff, 0xff, 0xff,
  0xff, 0xff, 0xff, 0xff, 0xff, 0xff, 0xff, 0xff, 0xff, 0xff, 0xff, 0xff,
  0xff, 0xff, 0xff, 0xff, 0xff, 0xff, 0xff, 0xff, 0xff, 0xff, 0xff, 0xff,
  0xff, 0xff, 0xff, 0xff, 0xff, 0xff, 0xff, 0xff, 0xff, 0xff, 0xff, 0xff,
  0xff, 0xff, 0xff, 0xff, 0xff, 0xff, 0xff, 0xff, 0xff, 0xff, 0xff, 0xff,
  0xff, 0xff, 0xff, 0xff, 0xff, 0xff, 0xff, 0xff, 0xff, 0xff, 0xff, 0xff,
  0xff, 0xff, 0xff, 0xff, 0xff, 0xff, 0xff, 0xff, 0xff, 0xff, 0xff, 0xff,
  0xff, 0xff, 0xff, 0xff, 0xff, 0xff, 0xff, 0xff, 0xff, 0xff, 0xff, 0xff,
  0xff, 0xff, 0xff, 0xff, 0xff, 0xff, 0xff, 0xff, 0xff, 0xff, 0xff, 0xff,
  0xff, 0xff, 0xff, 0xff, 0xff, 0xff, 0xff, 0xff, 0xff, 0xff, 0xff, 0xff,
  0xff, 0xff, 0xff, 0xff, 0xff, 0xff, 0xff, 0xff, 0xff, 0xff, 0xff, 0xff,
  0xff, 0xff, 0xff, 0xff, 0xff, 0xff, 0xff, 0xff, 0xff, 0xff, 0xff, 0xff,
  0xff, 0xff, 0xff, 0xff, 0xff, 0xff, 0xff, 0xff, 0xff, 0xff, 0xff, 0xff,
  0xff, 0xff, 0xff, 0xff, 0xff, 0xff, 0xff, 0xff, 0xff, 0xff, 0xff, 0xff,
  0xff, 0xff, 0xff, 0xff, 0xff, 0xff, 0xff, 0xff, 0xff, 0xff, 0xff, 0xff,
  0xff, 0xff, 0xff, 0xff, 0xff, 0xff, 0xff, 0xff, 0xff, 0xff, 0xff, 0xff,
  0xff, 0xff, 0xff, 0xff, 0xff, 0xff, 0xff, 0xff, 0xff, 0xff, 0xff, 0xff,
  0xff, 0xff, 0xff, 0xff, 0xff, 0xff, 0xff, 0xff, 0xff, 0xff, 0xff, 0xff,
  0xff, 0xff, 0xff, 0xff, 0xff, 0xff, 0xff, 0xff, 0xff, 0xff, 0xff, 0xff,
  0xff, 0xff, 0xff, 0xff, 0xff, 0xff, 0xff, 0xff, 0xff, 0xff, 0xff, 0xff,
  0xff, 0xff, 0xff, 0xff, 0xff, 0xff, 0xff, 0xff, 0xff, 0xff, 0xff, 0xff,
  0xff, 0xff, 0xff, 0xff, 0xff, 0xff, 0xff, 0xff, 0xff, 0xff, 0xff, 0xff,
  0xff, 0xff, 0xff, 0xff, 0xff, 0xff, 0xff, 0xff, 0xff, 0xff, 0xff, 0xff,
  0xff, 0xff, 0xff, 0xff, 0xff, 0xff, 0xff, 0xff, 0xff, 0xff, 0xff, 0xff,
  0xff, 0xff, 0xff, 0xff, 0xff, 0xff, 0xff, 0xff, 0xff, 0xff, 0xff, 0xff,
  0xff, 0xff, 0xff, 0xff, 0xff, 0xff, 0xff, 0xff, 0xff, 0xff, 0xff, 0xff,
  0xff, 0xff, 0xff, 0xff, 0xff, 0xff, 0xff, 0xff, 0xff, 0xff, 0xff, 0xff,
  0xff, 0xff, 0xff, 0xff, 0xff, 0xff, 0xff, 0xff, 0xff, 0xff, 0xff, 0xff,
  0xff, 0xff, 0xff, 0xff, 0xff, 0xff, 0xff, 0xff, 0xff, 0xff, 0xff, 0xff,
  0xff, 0xff, 0xff, 0xff, 0xff, 0xff, 0xff, 0xff, 0xff, 0xff, 0xff, 0xff,
  0xff, 0xff, 0xff, 0xff, 0xff, 0xff, 0xff, 0xff, 0xff, 0xff, 0xff, 0xff,
  0xff, 0xff, 0xff, 0xff, 0xff, 0xff, 0xff, 0xff, 0xff, 0xff, 0xff, 0xff,
  0xff, 0xff, 0xff, 0xff, 0xff, 0xff, 0xff, 0xff, 0xff, 0xff, 0xff, 0xff,
  0xff, 0xff, 0xff, 0xff, 0xff, 0xff, 0xff, 0xff, 0xff, 0xff, 0xff, 0xff,
  0xff, 0xff, 0xff, 0xff, 0xff, 0xff, 0xff, 0xff, 0xff, 0xff, 0xff, 0xff,
  0xff, 0xff, 0xff, 0xff, 0xff, 0xff, 0xff, 0xff, 0xff, 0xff, 0xff, 0xff,
  0xff, 0xff, 0xff, 0xff, 0xff, 0xff, 0xff, 0xff, 0xff, 0xff, 0xff, 0xff,
  0xff, 0xff, 0xff, 0xff, 0xff, 0xff, 0xff, 0xff, 0xff, 0xff, 0xff, 0xff,
  0xff, 0xff, 0xff, 0xff, 0xff, 0xff, 0xff, 0xff, 0xff, 0xff, 0xff, 0xff,
  0xff, 0xff, 0xff, 0xff, 0xff, 0xff, 0xff, 0xff, 0xff, 0xff, 0xff, 0xff,
  0xff, 0xff, 0xff, 0xff, 0xff, 0xff, 0xff, 0xff, 0xff, 0xff, 0xff, 0xff,
  0xff, 0xff, 0xff, 0xff, 0xff, 0xff, 0xff, 0xff, 0xff, 0xff, 0xff, 0xff,
  0xff, 0xff, 0xff, 0xff, 0xff, 0xff, 0xff, 0xff, 0xff, 0xff, 0xff, 0xff,
  0xff, 0xff, 0xff, 0xff, 0xff, 0xff, 0xff, 0xff, 0xff, 0xff, 0xff, 0xff,
  0xff, 0xff, 0xff, 0xff, 0xff, 0xff, 0xff, 0xff, 0xff, 0xff, 0xff, 0xff,
  0xff, 0xff, 0xff, 0xff, 0xff, 0xff, 0xff, 0xff, 0xff, 0xff, 0xff, 0xff,
  0xff, 0xff, 0xff, 0xff, 0xff, 0xff, 0xff, 0xff, 0xff, 0xff, 0xff, 0xff,
  0xff, 0xff, 0xff, 0xff, 0xff, 0xff, 0xff, 0xff, 0xff, 0xff, 0xff, 0xff,
  0xff, 0xff, 0xff, 0xff, 0xff, 0xff, 0xff, 0xff, 0xff, 0xff, 0xff, 0xff,
  0xff, 0xff, 0xff, 0xff, 0xff, 0xff, 0xff, 0xff, 0xff, 0xff, 0xff, 0xff,
  0xff, 0xff, 0xff, 0xff, 0xff, 0xff, 0xff, 0xff, 0xff, 0xff, 0xff, 0xff,
  0xff, 0xff, 0xff, 0xff, 0xff, 0xff, 0xff, 0xff, 0xff, 0xff, 0xff, 0xff,
  0xff, 0xff, 0xff, 0xff, 0xff, 0xff, 0xff, 0xff, 0xff, 0xff, 0xff, 0xff,
  0xff, 0xff, 0xff, 0xff, 0xff, 0xff, 0xff, 0xff, 0xff, 0xff, 0xff, 0xff,
  0xff, 0xff, 0xff, 0xff, 0xff, 0xff, 0xff, 0xff, 0xff, 0xff, 0xff, 0xff,
  0xff, 0xff, 0xff, 0xff, 0xff, 0xff, 0xff, 0xff, 0xff, 0xff, 0xff, 0xff,
  0xff, 0xff, 0xff, 0xff, 0xff, 0xff, 0xff, 0xff, 0xff, 0xff, 0xff, 0xff,
  0xff, 0xff, 0xff, 0xff, 0xff, 0xff, 0xff, 0xff, 0xff, 0xff, 0xff, 0xff,
  0xff, 0xff, 0xff, 0xff, 0xff, 0xff, 0xff, 0xff, 0xff, 0xff, 0xff, 0xff,
  0xff, 0xff, 0xff, 0xff, 0xff, 0xff, 0xff, 0xff, 0xff, 0xff, 0xff, 0xff,
  0xff, 0xff, 0xff, 0xff, 0xff, 0xff, 0xff, 0xff, 0xff, 0xff, 0xff, 0xff,
  0xff, 0xff, 0xff, 0xff, 0xff, 0xff, 0xff, 0xff, 0xff, 0xff, 0xff, 0xff,
  0xff, 0xff, 0xff, 0xff, 0xff, 0xff, 0xff, 0xff, 0xff, 0xff, 0xff, 0xff,
  0xff, 0xff, 0xff, 0xff, 0xff, 0xff, 0xff, 0xff, 0xff, 0xff, 0xff, 0xff,
  0xff, 0xff, 0xff, 0xff, 0xff, 0xff, 0xff, 0xff, 0xff, 0xff, 0xff, 0xff,
  0xff, 0xff, 0xff, 0xff, 0xff, 0xff, 0xff, 0xff, 0xff, 0xff, 0xff, 0xff,
  0xff, 0xff, 0xff, 0xff, 0xff, 0xff, 0xff, 0xff, 0xff, 0xff, 0xff, 0xff,
  0xff, 0xff, 0xff, 0xff, 0xff, 0xff, 0xff, 0xff, 0xff, 0xff, 0xff, 0xff,
  0xff, 0xff, 0xff, 0xff, 0xff, 0xff, 0xff, 0xff, 0xff, 0xff, 0xff, 0xff,
  0xff, 0xff, 0xff, 0xff, 0xff, 0xff, 0xff, 0xff, 0xff, 0xff, 0xff, 0xff,
  0xff, 0xff, 0xff, 0xff, 0xff, 0xff, 0xff, 0xff, 0xff, 0xff, 0xff, 0xff,
  0xff, 0xff, 0xff, 0xff, 0xff, 0xff, 0xff, 0xff, 0xff, 0xff, 0xff, 0xff,
  0xff, 0xff, 0xff, 0xff, 0xff, 0xff, 0xff, 0xff, 0xff, 0xff, 0xff, 0xff,
  0xff, 0xff, 0xff, 0xff, 0xff, 0xff, 0xff, 0xff, 0xff, 0xff, 0xff, 0xff,
  0xff, 0xff, 0xff, 0xff, 0xff, 0xff, 0xff, 0xff, 0xff, 0xff, 0xff, 0xff,
  0xff, 0xff, 0xff, 0xff, 0xff, 0xff, 0xff, 0xff, 0xff, 0xff, 0xff, 0xff,
  0xff, 0xff, 0xff, 0xff, 0xff, 0xff, 0xff, 0xff, 0xff, 0xff, 0xff, 0xff,
  0xff, 0xff, 0xff, 0xff, 0xff, 0xff, 0xff, 0xff, 0xff, 0xff, 0xff, 0xff,
  0xff, 0xff, 0xff, 0xff, 0xff, 0xff, 0xff, 0xff, 0xff, 0xff, 0xff, 0xff,
  0xff, 0xff, 0xff, 0xff, 0xff, 0xff, 0xff, 0xff, 0xff, 0xff, 0xff, 0xff,
  0xff, 0xff, 0xff, 0xff, 0xff, 0xff, 0xff, 0xff, 0xff, 0xff, 0xff, 0xff,
  0xff, 0xff, 0xff, 0xff, 0xff, 0xff, 0xff, 0xff, 0xff, 0xff, 0xff, 0xff,
  0xff, 0xff, 0xff, 0xff, 0xff, 0xff, 0xff, 0xff, 0xff, 0xff, 0xff, 0xff,
  0xff, 0xff, 0xff, 0xff, 0xff, 0xff, 0xff, 0xff, 0xff, 0xff, 0xff, 0xff,
  0xff, 0xff, 0xff, 0xff, 0xff, 0xff, 0xff, 0xff, 0xff, 0xff, 0xff, 0xff,
  0xff, 0xff, 0xff, 0xff, 0xff, 0xff, 0xff, 0xff, 0xff, 0xff, 0xff, 0xff,
  0xff, 0xff, 0xff, 0xff, 0xff, 0xff, 0xff, 0xff, 0xff, 0xff, 0xff, 0xff,
  0xff, 0xff, 0xff, 0xff, 0xff, 0xff, 0xff, 0xff, 0xff, 0xff, 0xff, 0xff,
  0xff, 0xff, 0xff, 0xff, 0xff, 0xff, 0xff, 0xff, 0xff, 0xff, 0xff, 0xff,
  0xff, 0xff, 0xff, 0xff, 0xff, 0xff, 0xff, 0xff, 0xff, 0xff, 0xff, 0xff,
  0xff, 0xff, 0xff, 0xff, 0xff, 0xff, 0xff, 0xff, 0xff, 0xff, 0xff, 0xff,
  0xff, 0xff, 0xff, 0xff, 0xff, 0xff, 0xff, 0xff, 0xff, 0xff, 0xff, 0xff,
  0xff, 0xff, 0xff, 0xff, 0xff, 0xff, 0xff, 0xff, 0xff, 0xff, 0xff, 0xff,
  0xff, 0xff, 0xff, 0xff, 0xff, 0xff, 0xff, 0xff, 0xff, 0xff, 0xff, 0xff,
  0xff, 0xff, 0xff, 0xff, 0xff, 0xff, 0xff, 0xff, 0xff, 0xff, 0xff, 0xff,
  0xff, 0xff, 0xff, 0xff, 0xff, 0xff, 0xff, 0xff, 0xff, 0xff, 0xff, 0xff,
  0xff, 0xff, 0xff, 0xff, 0xff, 0xff, 0xff, 0xff, 0xff, 0xff, 0xff, 0xff,
  0xff, 0xff, 0xff, 0xff, 0xff, 0xff, 0xff, 0xff, 0xff, 0xff, 0xff, 0xff,
  0xff, 0xff, 0xff, 0xff, 0xff, 0xff, 0xff, 0xff, 0xff, 0xff, 0xff, 0xff,
  0xff, 0xff, 0xff, 0xff, 0xff, 0xff, 0xff, 0xff, 0xff, 0xff, 0xff, 0xff,
  0xff, 0xff, 0xff, 0xff, 0xff, 0xff, 0xff, 0xff, 0xff, 0xff, 0xff, 0xff,
  0xff, 0xff, 0xff, 0xff, 0xff, 0xff, 0xff, 0xff, 0xff, 0xff, 0xff, 0xff,
  0xff, 0xff, 0xff, 0xff, 0xff, 0xff, 0xff, 0xff, 0xff, 0xff, 0xff, 0xff,
  0xff, 0xff, 0xff, 0xff, 0xff, 0xff, 0xff, 0xff, 0xff, 0xff, 0xff, 0xff,
  0xff, 0xff, 0xff, 0xff, 0xff, 0xff, 0xff, 0xff, 0xff, 0xff, 0xff, 0xff,
  0xff, 0xff, 0xff, 0xff, 0xff, 0xff, 0xff, 0xff, 0xff, 0xff, 0xff, 0xff,
  0xff, 0xff, 0xff, 0xff, 0xff, 0xff, 0xff, 0xff, 0xff, 0xff, 0xff, 0xff,
  0xff, 0xff, 0xff, 0xff, 0xff, 0xff, 0xff, 0xff, 0xff, 0xff, 0xff, 0xff,
  0xff, 0xff, 0xff, 0xff, 0xff, 0xff, 0xff, 0xff, 0xff, 0xff, 0xff, 0xff,
  0xff, 0xff, 0xff, 0xff, 0xff, 0xff, 0xff, 0xff, 0xff, 0xff, 0xff, 0xff,
  0xff, 0xff, 0xff, 0xff, 0xff, 0xff, 0xff, 0xff, 0xff, 0xff, 0xff, 0xff,
  0xff, 0xff, 0xff, 0xff, 0xff, 0xff, 0xff, 0xff, 0xff, 0xff, 0xff, 0xff,
  0xff, 0xff, 0xff, 0xff, 0xff, 0xff, 0xff, 0xff, 0xff, 0xff, 0xff, 0xff,
  0xff, 0xff, 0xff, 0xff, 0xff, 0xff, 0xff, 0xff, 0xff, 0xff, 0xff, 0xff,
  0xff, 0xff, 0xff, 0xff, 0xff, 0xff, 0xff, 0xff, 0xff, 0xff, 0xff, 0xff,
  0xff, 0xff, 0xff, 0xff, 0xff, 0xff, 0xff, 0xff, 0xff, 0xff, 0xff, 0xff,
  0xff, 0xff, 0xff, 0xff, 0xff, 0xff, 0xff, 0xff, 0xff, 0xff, 0xff, 0xff,
  0xff, 0xff, 0xff, 0xff, 0xff, 0xff, 0xff, 0xff, 0xff, 0xff, 0xff, 0xff,
  0xff, 0xff, 0xff, 0xff, 0xff, 0xff, 0xff, 0xff, 0xff, 0xff, 0xff, 0xff,
  0xff, 0xff, 0xff, 0xff, 0xff, 0xff, 0xff, 0xff, 0xff, 0xff, 0xff, 0xff,
  0xff, 0xff, 0xff, 0xff, 0xff, 0xff, 0xff, 0xff, 0xff, 0xff, 0xff, 0xff,
  0xff, 0xff, 0xff, 0xff, 0xff, 0xff, 0xff, 0xff, 0xff, 0xff, 0xff, 0xff,
  0xff, 0xff, 0xff, 0xff, 0xff, 0xff, 0xff, 0xff, 0xff, 0xff, 0xff, 0xff,
  0xff, 0xff, 0xff, 0xff, 0xff, 0xff, 0xff, 0xff, 0xff, 0xff, 0xff, 0xff,
  0xff, 0xff, 0xff, 0xff, 0xff, 0xff, 0xff, 0xff, 0xff, 0xff, 0xff, 0xff,
  0xff, 0xff, 0xff, 0xff, 0xff, 0xff, 0xff, 0xff, 0xff, 0xff, 0xff, 0xff,
  0xff, 0xff, 0xff, 0xff, 0xff, 0xff, 0xff, 0xff, 0xff, 0xff, 0xff, 0xff,
  0xff, 0xff, 0xff, 0xff, 0xff, 0xff, 0xff, 0xff, 0xff, 0xff, 0xff, 0xff,
  0xff, 0xff, 0xff, 0xff, 0xff, 0xff, 0xff, 0xff, 0xff, 0xff, 0xff, 0xff,
  0xff, 0xff, 0xff, 0xff, 0xff, 0xff, 0xff, 0xff, 0xff, 0xff, 0xff, 0xff,
  0xff, 0xff, 0xff, 0xff, 0xff, 0xff, 0xff, 0xff, 0xff, 0xff, 0xff, 0xff,
  0xff, 0xff, 0xff, 0xff, 0xff, 0xff, 0xff, 0xff, 0xff, 0xff, 0xff, 0xff,
  0xff, 0xff, 0xff, 0xff, 0xff, 0xff, 0xff, 0xff, 0xff, 0xff, 0xff, 0xff,
  0xff, 0xff, 0xff, 0xff, 0xff, 0xff, 0xff, 0xff, 0xff, 0xff, 0xff, 0xff,
  0xff, 0xff, 0xff, 0xff, 0xff, 0xff, 0xff, 0xff, 0xff, 0xff, 0xff, 0xff,
  0xff, 0xff, 0xff, 0xff, 0xff, 0xff, 0xff, 0xff, 0xff, 0xff, 0xff, 0xff,
  0xff, 0xff, 0xff, 0xff, 0xff, 0xff, 0xff, 0xff, 0xff, 0xff, 0xff, 0xff,
  0xff, 0xff, 0xff, 0xff, 0xff, 0xff, 0xff, 0xff, 0xff, 0xff, 0xff, 0xff,
  0xff, 0xff, 0xff, 0xff, 0xff, 0xff, 0xff, 0xff, 0xff, 0xff, 0xff, 0xff,
  0xff, 0xff, 0xff, 0xff, 0xff, 0xff, 0xff, 0xff, 0xff, 0xff, 0xff, 0xff,
  0xff, 0xff, 0xff, 0xff, 0xff, 0xff, 0xff, 0xff, 0xff, 0xff, 0xff, 0xff,
  0xff, 0xff, 0xff, 0xff, 0xff, 0xff, 0xff, 0xff, 0xff, 0xff, 0xff, 0xff,
  0xff, 0xff, 0xff, 0xff, 0xff, 0xff, 0xff, 0xff, 0xff, 0xff, 0xff, 0xff,
  0xff, 0xff, 0xff, 0xff, 0xff, 0xff, 0xff, 0xff, 0xff, 0xff, 0xff, 0xff,
  0xff, 0xff, 0xff, 0xff, 0xff, 0xff, 0xff, 0xff, 0xff, 0xff, 0xff, 0xff,
  0xff, 0xff, 0xff, 0xff, 0xff, 0xff, 0xff, 0xff, 0xff, 0xff, 0xff, 0xff,
  0xff, 0xff, 0xff, 0xff, 0xff, 0xff, 0xff, 0xff, 0xff, 0xff, 0xff, 0xff,
  0xff, 0xff, 0xff, 0xff, 0xff, 0xff, 0xff, 0xff, 0xff, 0xff, 0xff, 0xff,
  0xff, 0xff, 0xff, 0xff, 0xff, 0xff, 0xff, 0xff, 0xff, 0xff, 0xff, 0xff,
  0xff, 0xff, 0xff, 0xff, 0xff, 0xff, 0xff, 0xff, 0xff, 0xff, 0xff, 0xff,
  0xff, 0xff, 0xff, 0xff, 0xff, 0xff, 0xff, 0xff, 0xff, 0xff, 0xff, 0xff,
  0xff, 0xff, 0xff, 0xff, 0xff, 0xff, 0xff, 0xff, 0xff, 0xff, 0xff, 0xff,
  0xff, 0xff, 0xff, 0xff, 0xff, 0xff, 0xff, 0xff, 0xff, 0xff, 0xff, 0xff,
  0xff, 0xff, 0xff, 0xff, 0xff, 0xff, 0xff, 0xff, 0xff, 0xff, 0xff, 0xff,
  0xff, 0xff, 0xff, 0xff, 0xff, 0xff, 0xff, 0xff, 0xff, 0xff, 0xff, 0xff,
  0xff, 0xff, 0xff, 0xff, 0xff, 0xff, 0xff, 0xff, 0xff, 0xff, 0xff, 0xff,
  0xff, 0xff, 0xff, 0xff, 0xff, 0xff, 0xff, 0xff, 0xff, 0xff, 0xff, 0xff,
  0xff, 0xff, 0xff, 0xff, 0xff, 0xff, 0xff, 0xff, 0xff, 0xff, 0xff, 0xff,
  0xff, 0xff, 0xff, 0xff, 0xff, 0xff, 0xff, 0xff, 0xff, 0xff, 0xff, 0xff,
  0xff, 0xff, 0xff, 0xff, 0xff, 0xff, 0xff, 0xff, 0xff, 0xff, 0xff, 0xff,
  0xff, 0xff, 0xff, 0xff, 0xff, 0xff, 0xff, 0xff, 0xff, 0xff, 0xff, 0xff,
  0xff, 0xff, 0xff, 0xff, 0xff, 0xff, 0xff, 0xff, 0xff, 0xff, 0xff, 0xff,
  0xff, 0xff, 0xff, 0xff, 0xff, 0xff, 0xff, 0xff, 0xff, 0xff, 0xff, 0xff,
  0xff, 0xff, 0xff, 0xff, 0xff, 0xff, 0xff, 0xff, 0xff, 0xff, 0xff, 0xff,
  0xff, 0xff, 0xff, 0xff, 0xff, 0xff, 0xff, 0xff, 0xff, 0xff, 0xff, 0xff,
  0xff, 0xff, 0xff, 0xff, 0xff, 0xff, 0xff, 0xff, 0xff, 0xff, 0xff, 0xff,
  0xff, 0xff, 0xff, 0xff, 0xff, 0xff, 0xff, 0xff, 0xff, 0xff, 0xff, 0xff,
  0xff, 0xff, 0xff, 0xff, 0xff, 0xff, 0xff, 0xff, 0xff, 0xff, 0xff, 0xff,
  0xff, 0xff, 0xff, 0xff, 0xff, 0xff, 0xff, 0xff, 0xff, 0xff, 0xff, 0xff,
  0xff, 0xff, 0xff, 0xff, 0xff, 0xff, 0xff, 0xff, 0xff, 0xff, 0xff, 0xff,
  0xff, 0xff, 0xff, 0xff, 0xff, 0xff, 0xff, 0xff, 0xff, 0xff, 0xff, 0xff,
  0xff, 0xff, 0xff, 0xff, 0xff, 0xff, 0xff, 0xff, 0xff, 0xff, 0xff, 0xff,
  0xff, 0xff, 0xff, 0xff, 0xff, 0xff, 0xff, 0xff, 0xff, 0xff, 0xff, 0xff,
  0xff, 0xff, 0xff, 0xff, 0xff, 0xff, 0xff, 0xff, 0xff, 0xff, 0xff, 0xff,
  0xff, 0xff, 0xff, 0xff, 0xff, 0xff, 0xff, 0xff, 0xff, 0xff, 0xff, 0xff,
  0xff, 0xff, 0xff, 0xff, 0xff, 0xff, 0xff, 0xff, 0xff, 0xff, 0xff, 0xff,
  0xff, 0xff, 0xff, 0xff, 0xff, 0xff, 0xff, 0xff, 0xff, 0xff, 0xff, 0xff,
  0xff, 0xff, 0xff, 0xff, 0xff, 0xff, 0xff, 0xff, 0xff, 0xff, 0xff, 0xff,
  0xff, 0xff, 0xff, 0xff, 0xff, 0xff, 0xff, 0xff, 0xff, 0xff, 0xff, 0xff,
  0xff, 0xff, 0xff, 0xff, 0xff, 0xff, 0xff, 0xff, 0xff, 0xff, 0xff, 0xff,
  0xff, 0xff, 0xff, 0xff, 0xff, 0xff, 0xff, 0xff, 0xff, 0xff, 0xff, 0xff,
  0xff, 0xff, 0xff, 0xff, 0xff, 0xff, 0xff, 0xff, 0xff, 0xff, 0xff, 0xff,
  0xff, 0xff, 0xff, 0xff, 0xff, 0xff, 0xff, 0xff, 0xff, 0xff, 0xff, 0xff,
  0xff, 0xff, 0xff, 0xff, 0xff, 0xff, 0xff, 0xff, 0xff, 0xff, 0xff, 0xff,
  0xff, 0xff, 0xff, 0xff, 0xff, 0xff, 0xff, 0xff, 0xff, 0xff, 0xff, 0xff,
  0xff, 0xff, 0xff, 0xff, 0xff, 0xff, 0xff, 0xff, 0xff, 0xff, 0xff, 0xff,
  0xff, 0xff, 0xff, 0xff, 0xff, 0xff, 0xff, 0xff, 0xff, 0xff, 0xff, 0xff,
  0xff, 0xff, 0xff, 0xff, 0xff, 0xff, 0xff, 0xff, 0xff, 0xff, 0xff, 0xff,
  0xff, 0xff, 0xff, 0xff, 0xff, 0xff, 0xff, 0xff, 0xff, 0xff, 0xff, 0xff,
  0xff, 0xff, 0xff, 0xff, 0xff, 0xff, 0xff, 0xff, 0xff, 0xff, 0xff, 0xff,
  0xff, 0xff, 0xff, 0xff, 0xff, 0xff, 0xff, 0xff, 0xff, 0xff, 0xff, 0xff,
  0xff, 0xff, 0xff, 0xff, 0xff, 0xff, 0xff, 0xff, 0xff, 0xff, 0xff, 0xff,
  0xff, 0xff, 0xff, 0xff, 0xff, 0xff, 0xff, 0xff, 0xff, 0xff, 0xff, 0xff,
  0xff, 0xff, 0xff, 0xff, 0xff, 0xff, 0xff, 0xff, 0xff, 0xff, 0xff, 0xff,
  0xff, 0xff, 0xff, 0xff, 0xff, 0xff, 0xff, 0xff, 0xff, 0xff, 0xff, 0xff,
  0xff, 0xff, 0xff, 0xff, 0xff, 0xff, 0xff, 0xff, 0xff, 0xff, 0xff, 0xff,
  0xff, 0xff, 0xff, 0xff, 0xff, 0xff, 0xff, 0xff, 0xff, 0xff, 0xff, 0xff,
  0xff, 0xff, 0xff, 0xff, 0xff, 0xff, 0xff, 0xff, 0xff, 0xff, 0xff, 0xff,
  0xff, 0xff, 0xff, 0xff, 0xff, 0xff, 0xff, 0xff, 0xff, 0xff, 0xff, 0xff,
  0xff, 0xff, 0xff, 0xff, 0xff, 0xff, 0xff, 0xff, 0xff, 0xff, 0xff, 0xff,
  0xff, 0xff, 0xff, 0xff, 0xff, 0xff, 0xff, 0xff, 0xff, 0xff, 0xff, 0xff,
  0xff, 0xff, 0xff, 0xff, 0xff, 0xff, 0xff, 0xff, 0xff, 0xff, 0xff, 0xff,
  0xff, 0xff, 0xff, 0xff, 0xff, 0xff, 0xff, 0xff, 0xff, 0xff, 0xff, 0xff,
  0xff, 0xff, 0xff, 0xff, 0xff, 0xff, 0xff, 0xff, 0xff, 0xff, 0xff, 0xff,
  0xff, 0xff, 0xff, 0xff, 0xff, 0xff, 0xff, 0xff, 0xff, 0xff, 0xff, 0xff,
  0xff, 0xff, 0xff, 0xff, 0xff, 0xff, 0xff, 0xff, 0xff, 0xff, 0xff, 0xff,
  0xff, 0xff, 0xff, 0xff, 0xff, 0xff, 0xff, 0xff, 0xff, 0xff, 0xff, 0xff,
  0xff, 0xff, 0xff, 0xff, 0xff, 0xff, 0xff, 0xff, 0xff, 0xff, 0xff, 0xff,
  0xff, 0xff, 0xff, 0xff, 0xff, 0xff, 0xff, 0xff, 0xff, 0xff, 0xff, 0xff,
  0xff, 0xff, 0xff, 0xff, 0xff, 0xff, 0xff, 0xff, 0xff, 0xff, 0xff, 0xff,
  0xff, 0xff, 0xff, 0xff, 0xff, 0xff, 0xff, 0xff, 0xff, 0xff, 0xff, 0xff,
  0xff, 0xff, 0xff, 0xff, 0xff, 0xff, 0xff, 0xff, 0xff, 0xff, 0xff, 0xff,
  0xff, 0xff, 0xff, 0xff, 0xff, 0xff, 0xff, 0xff, 0xff, 0xff, 0xff, 0xff,
  0xff, 0xff, 0xff, 0xff, 0xff, 0xff, 0xff, 0xff, 0xff, 0xff, 0xff, 0xff,
  0xff, 0xff, 0xff, 0xff, 0xff, 0xff, 0xff, 0xff, 0xff, 0xff, 0xff, 0xff,
  0xff, 0xff, 0xff, 0xff, 0xff, 0xff, 0xff, 0xff, 0xff, 0xff, 0xff, 0xff,
  0xff, 0xff, 0xff, 0xff, 0xff, 0xff, 0xff, 0xff, 0xff, 0xff, 0xff, 0xff,
  0xff, 0xff, 0xff, 0xff, 0xff, 0xff, 0xff, 0xff, 0xff, 0xff, 0xff, 0xff,
  0xff, 0xff, 0xff, 0xff, 0xff, 0xff, 0xff, 0xff, 0xff, 0xff, 0xff, 0xff,
  0xff, 0xff, 0xff, 0xff, 0xff, 0xff, 0xff, 0xff, 0xff, 0xff, 0xff, 0xff,
  0xff, 0xff, 0xff, 0xff, 0xff, 0xff, 0xff, 0xff, 0xff, 0xff, 0xff, 0xff,
  0xff, 0xff, 0xff, 0xff, 0xff, 0xff, 0xff, 0xff, 0xff, 0xff, 0xff, 0xff,
  0xff, 0xff, 0xff, 0xff, 0xff, 0xff, 0xff, 0xff, 0xff, 0xff, 0xff, 0xff,
  0xff, 0xff, 0xff, 0xff, 0xff, 0xff, 0xff, 0xff, 0xff, 0xff, 0xff, 0xff,
  0xff, 0xff, 0xff, 0xff, 0xff, 0xff, 0xff, 0xff, 0xff, 0xff, 0xff, 0xff,
  0xff, 0xff, 0xff, 0xff, 0xff, 0xff, 0xff, 0xff, 0xff, 0xff, 0xff, 0xff,
  0xff, 0xff, 0xff, 0xff, 0xff, 0xff, 0xff, 0xff, 0xff, 0xff, 0xff, 0xff,
  0xff, 0xff, 0xff, 0xff, 0xff, 0xff, 0xff, 0xff, 0xff, 0xff, 0xff, 0xff,
  0xff, 0xff, 0xff, 0xff, 0xff, 0xff, 0xff, 0xff, 0xff, 0xff, 0xff, 0xff,
  0xff, 0xff, 0xff, 0xff, 0xff, 0xff, 0xff, 0xff, 0xff, 0xff, 0xff, 0xff,
  0xff, 0xff, 0xff, 0xff, 0xff, 0xff, 0xff, 0xff, 0xff, 0xff, 0xff, 0xff,
  0xff, 0xff, 0xff, 0xff, 0xff, 0xff, 0xff, 0xff, 0xff, 0xff, 0xff, 0xff,
  0xff, 0xff, 0xff, 0xff, 0xff, 0xff, 0xff, 0xff, 0xff, 0xff, 0xff, 0xff,
  0xff, 0xff, 0xff, 0xff, 0xff, 0xff, 0xff, 0xff, 0xff, 0xff, 0xff, 0xff,
  0xff, 0xff, 0xff, 0xff, 0xff, 0xff, 0xff, 0xff, 0xff, 0xff, 0xff, 0xff,
  0xff, 0xff, 0xff, 0xff, 0xff, 0xff, 0xff, 0xff, 0xff, 0xff, 0xff, 0xff,
  0xff, 0xff, 0xff, 0xff, 0xff, 0xff, 0xff, 0xff, 0xff, 0xff, 0xff, 0xff,
  0xff, 0xff, 0xff, 0xff, 0xff, 0xff, 0xff, 0xff, 0xff, 0xff, 0xff, 0xff,
  0xff, 0xff, 0xff, 0xff, 0xff, 0xff, 0xff, 0xff, 0xff, 0xff, 0xff, 0xff,
  0xff, 0xff, 0xff, 0xff, 0xff, 0xff, 0xff, 0xff, 0xff, 0xff, 0xff, 0xff,
  0xff, 0xff, 0xff, 0xff, 0xff, 0xff, 0xff, 0xff, 0xff, 0xff, 0xff, 0xff,
  0xff, 0xff, 0xff, 0xff, 0xff, 0xff, 0xff, 0xff, 0xff, 0xff, 0xff, 0xff,
  0xff, 0xff, 0xff, 0xff, 0xff, 0xff, 0xff, 0xff, 0xff, 0xff, 0xff, 0xff,
  0xff, 0xff, 0xff, 0xff, 0xff, 0xff, 0xff, 0xff, 0xff, 0xff, 0xff, 0xff,
  0xff, 0xff, 0xff, 0xff, 0xff, 0xff, 0xff, 0xff, 0xff, 0xff, 0xff, 0xff,
  0xff, 0xff, 0xff, 0xff, 0xff, 0xff, 0xff, 0xff, 0xff, 0xff, 0xff, 0xff,
  0xff, 0xff, 0xff, 0xff, 0xff, 0xff, 0xff, 0xff, 0xff, 0xff, 0xff, 0xff,
  0xff, 0xff, 0xff, 0xff, 0xff, 0xff, 0xff, 0xff, 0xff, 0xff, 0xff, 0xff,
  0xff, 0xff, 0xff, 0xff, 0xff, 0xff, 0xff, 0xff, 0xff, 0xff, 0xff, 0xff,
  0xff, 0xff, 0xff, 0xff, 0xff, 0xff, 0xff, 0xff, 0xff, 0xff, 0xff, 0xff,
  0xff, 0xff, 0xff, 0xff, 0xff, 0xff, 0xff, 0xff, 0xff, 0xff, 0xff, 0xff,
  0xff, 0xff, 0xff, 0xff, 0xff, 0xff, 0xff, 0xff, 0xff, 0xff, 0xff, 0xff,
  0xff, 0xff, 0xff, 0xff, 0xff, 0xff, 0xff, 0xff, 0xff, 0xff, 0xff, 0xff,
  0xff, 0xff, 0xff, 0xff, 0xff, 0xff, 0xff, 0xff, 0xff, 0xff, 0xff, 0xff,
  0xff, 0xff, 0xff, 0xff, 0xff, 0xff, 0xff, 0xff, 0xff, 0xff, 0xff, 0xff,
  0xff, 0xff, 0xff, 0xff, 0xff, 0xff, 0xff, 0xff, 0xff, 0xff, 0xff, 0xff,
  0xff, 0xff, 0xff, 0xff, 0xff, 0xff, 0xff, 0xff, 0xff, 0xff, 0xff, 0xff,
  0xff, 0xff, 0xff, 0xff, 0xff, 0xff, 0xff, 0xff, 0xff, 0xff, 0xff, 0xff,
  0xff, 0xff, 0xff, 0xff, 0xff, 0xff, 0xff, 0xff, 0xff, 0xff, 0xff, 0xff,
  0xff, 0xff, 0xff, 0xff, 0xff, 0xff, 0xff, 0xff, 0xff, 0xff, 0xff, 0xff,
  0xff, 0xff, 0xff, 0xff, 0xff, 0xff, 0xff, 0xff, 0xff, 0xff, 0xff, 0xff,
  0xff, 0xff, 0xff, 0xff, 0xff, 0xff, 0xff, 0xff, 0xff, 0xff, 0xff, 0xff,
  0xff, 0xff, 0xff, 0xff, 0xff, 0xff, 0xff, 0xff, 0xff, 0xff, 0xff, 0xff,
  0xff, 0xff, 0xff, 0xff, 0xff, 0xff, 0xff, 0xff, 0xff, 0xff, 0xff, 0xff,
  0xff, 0xff, 0xff, 0xff, 0xff, 0xff, 0xff, 0xff, 0xff, 0xff, 0xff, 0xff,
  0xff, 0xff, 0xff, 0xff, 0xff, 0xff, 0xff, 0xff, 0xff, 0xff, 0xff, 0xff,
  0xff, 0xff, 0xff, 0xff, 0xff, 0xff, 0xff, 0xff, 0xff, 0xff, 0xff, 0xff,
  0xff, 0xff, 0xff, 0xff, 0xff, 0xff, 0xff, 0xff, 0xff, 0xff, 0xff, 0xff,
  0xff, 0xff, 0xff, 0xff, 0xff, 0xff, 0xff, 0xff, 0xff, 0xff, 0xff, 0xff,
  0xff, 0xff, 0xff, 0xff, 0xff, 0xff, 0xff, 0xff, 0xff, 0xff, 0xff, 0xff,
  0xff, 0xff, 0xff, 0xff, 0xff, 0xff, 0xff, 0xff, 0xff, 0xff, 0xff, 0xff,
  0xff, 0xff, 0xff, 0xff, 0xff, 0xff, 0xff, 0xff, 0xff, 0xff, 0xff, 0xff,
  0xff, 0xff, 0xff, 0xff, 0xff, 0xff, 0xff, 0xff, 0xff, 0xff, 0xff, 0xff,
  0xff, 0xff, 0xff, 0xff, 0xff, 0xff, 0xff, 0xff, 0xff, 0xff, 0xff, 0xff,
  0xff, 0xff, 0xff, 0xff, 0xff, 0xff, 0xff, 0xff, 0xff, 0xff, 0xff, 0xff,
  0xff, 0xff, 0xff, 0xff, 0xff, 0xff, 0xff, 0xff, 0xff, 0xff, 0xff, 0xff,
  0xff, 0xff, 0xff, 0xff, 0xff, 0xff, 0xff, 0xff, 0xff, 0xff, 0xff, 0xff,
  0xff, 0xff, 0xff, 0xff, 0xff, 0xff, 0xff, 0xff, 0xff, 0xff, 0xff, 0xff,
  0xff, 0xff, 0xff, 0xff, 0xff, 0xff, 0xff, 0xff, 0xff, 0xff, 0xff, 0xff,
  0xff, 0xff, 0xff, 0xff, 0xff, 0xff, 0xff, 0xff, 0xff, 0xff, 0xff, 0xff,
  0xff, 0xff, 0xff, 0xff, 0xff, 0xff, 0xff, 0xff, 0xff, 0xff, 0xff, 0xff,
  0xff, 0xff, 0xff, 0xff, 0xff, 0xff, 0xff, 0xff, 0xff, 0xff, 0xff, 0xff,
  0xff, 0xff, 0xff, 0xff, 0xff, 0xff, 0xff, 0xff, 0xff, 0xff, 0xff, 0xff,
  0xff, 0xff, 0xff, 0xff, 0xff, 0xff, 0xff, 0xff, 0xff, 0xff, 0xff, 0xff,
  0xff, 0xff, 0xff, 0xff, 0xff, 0xff, 0xff, 0xff, 0xff, 0xff, 0xff, 0xff,
  0xff, 0xff, 0xff, 0xff, 0xff, 0xff, 0xff, 0xff, 0xff, 0xff, 0xff, 0xff,
  0xff, 0xff, 0xff, 0xff, 0xff, 0xff, 0xff, 0xff, 0xff, 0xff, 0xff, 0xff,
  0xff, 0xff, 0xff, 0xff, 0xff, 0xff, 0xff, 0xff, 0xff, 0xff, 0xff, 0xff,
  0xff, 0xff, 0xff, 0xff, 0xff, 0xff, 0xff, 0xff, 0xff, 0xff, 0xff, 0xff,
  0xff, 0xff, 0xff, 0xff, 0xff, 0xff, 0xff, 0xff, 0xff, 0xff, 0xff, 0xff,
  0xff, 0xff, 0xff, 0xff, 0xff, 0xff, 0xff, 0xff, 0xff, 0xff, 0xff, 0xff,
  0xff, 0xff, 0xff, 0xff, 0xff, 0xff, 0xff, 0xff, 0xff, 0xff, 0xff, 0xff,
  0xff, 0xff, 0xff, 0xff, 0xff, 0xff, 0xff, 0xff, 0xff, 0xff, 0xff, 0xff,
  0xff, 0xff, 0xff, 0xff, 0xff, 0xff, 0xff, 0xff, 0xff, 0xff, 0xff, 0xff,
  0xff, 0xff, 0xff, 0xff, 0xff, 0xff, 0xff, 0xff, 0xff, 0xff, 0xff, 0xff,
  0xff, 0xff, 0xff, 0xff, 0xff, 0xff, 0xff, 0xff, 0xff, 0xff, 0xff, 0xff,
  0xff, 0xff, 0xff, 0xff, 0xff, 0xff, 0xff, 0xff, 0xff, 0xff, 0xff, 0xff,
  0xff, 0xff, 0xff, 0xff, 0xff, 0xff, 0xff, 0xff, 0xff, 0xff, 0xff, 0xff,
  0xff, 0xff, 0xff, 0xff, 0xff, 0xff, 0xff, 0xff, 0xff, 0xff, 0xff, 0xff,
  0xff, 0xff, 0xff, 0xff, 0xff, 0xff, 0xff, 0xff, 0xff, 0xff, 0xff, 0xff,
  0xff, 0xff, 0xff, 0xff, 0xff, 0xff, 0xff, 0xff, 0xff, 0xff, 0xff, 0xff,
  0xff, 0xff, 0xff, 0xff, 0xff, 0xff, 0xff, 0xff, 0xff, 0xff, 0xff, 0xff,
  0xff, 0xff, 0xff, 0xff, 0xff, 0xff, 0xff, 0xff, 0xff, 0xff, 0xff, 0xff,
  0xff, 0xff, 0xff, 0xff, 0xff, 0xff, 0xff, 0xff, 0xff, 0xff, 0xff, 0xff,
  0xff, 0xff, 0xff, 0xff, 0xff, 0xff, 0xff, 0xff, 0xff, 0xff, 0xff, 0xff,
  0xff, 0xff, 0xff, 0xff, 0xff, 0xff, 0xff, 0xff, 0xff, 0xff, 0xff, 0xff,
  0xff, 0xff, 0xff, 0xff, 0xff, 0xff, 0xff, 0xff, 0xff, 0xff, 0xff, 0xff,
  0xff, 0xff, 0xff, 0xff, 0xff, 0xff, 0xff, 0xff, 0xff, 0xff, 0xff, 0xff,
  0xff, 0xff, 0xff, 0xff, 0xff, 0xff, 0xff, 0xff, 0xff, 0xff, 0xff, 0xff,
  0xff, 0xff, 0xff, 0xff, 0xff, 0xff, 0xff, 0xff, 0xff, 0xff, 0xff, 0xff,
  0xff, 0xff, 0xff, 0xff, 0xff, 0xff, 0xff, 0xff, 0xff, 0xff, 0xff, 0xff,
  0xff, 0xff, 0xff, 0xff, 0xff, 0xff, 0xff, 0xff, 0xff, 0xff, 0xff, 0xff,
  0xff, 0xff, 0xff, 0xff, 0xff, 0xff, 0xff, 0xff, 0xff, 0xff, 0xff, 0xff,
  0xff, 0xff, 0xff, 0xff, 0xff, 0xff, 0xff, 0xff, 0xff, 0xff, 0xff, 0xff,
  0xff, 0xff, 0xff, 0xff, 0xff, 0xff, 0xff, 0xff, 0xff, 0xff, 0xff, 0xff,
  0xff, 0xff, 0xff, 0xff, 0xff, 0xff, 0xff, 0xff, 0xff, 0xff, 0xff, 0xff,
  0xff, 0xff, 0xff, 0xff, 0xff, 0xff, 0xff, 0xff, 0xff, 0xff, 0xff, 0xff,
  0xff, 0xff, 0xff, 0xff, 0xff, 0xff, 0xff, 0xff, 0xff, 0xff, 0xff, 0xff,
  0xff, 0xff, 0xff, 0xff, 0xff, 0xff, 0xff, 0xff, 0xff, 0xff, 0xff, 0xff,
  0xff, 0xff, 0xff, 0xff, 0xff, 0xff, 0xff, 0xff, 0xff, 0xff, 0xff, 0xff,
  0xff, 0xff, 0xff, 0xff, 0xff, 0xff, 0xff, 0xff, 0xff, 0xff, 0xff, 0xff,
  0xff, 0xff, 0xff, 0xff, 0xff, 0xff, 0xff, 0xff, 0xff, 0xff, 0xff, 0xff,
  0xff, 0xff, 0xff, 0xff, 0xff, 0xff, 0xff, 0xff, 0xff, 0xff, 0xff, 0xff,
  0xff, 0xff, 0xff, 0xff, 0xff, 0xff, 0xff, 0xff, 0xff, 0xff, 0xff, 0xff,
  0xff, 0xff, 0xff, 0xff, 0xff, 0xff, 0xff, 0xff, 0xff, 0xff, 0xff, 0xff,
  0xff, 0xff, 0xff, 0xff, 0xff, 0xff, 0xff, 0xff, 0xff, 0xff, 0xff, 0xff,
  0xff, 0xff, 0xff, 0xff, 0xff, 0xff, 0xff, 0xff, 0xff, 0xff, 0xff, 0xff,
  0xff, 0xff, 0xff, 0xff, 0xff, 0xff, 0xff, 0xff, 0xff, 0xff, 0xff, 0xff,
  0xff, 0xff, 0xff, 0xff, 0xff, 0xff, 0xff, 0xff, 0xff, 0xff, 0xff, 0xff,
  0xff, 0xff, 0xff, 0xff, 0xff, 0xff, 0xff, 0xff, 0xff, 0xff, 0xff, 0xff,
  0xff, 0xff, 0xff, 0xff, 0xff, 0xff, 0xff, 0xff, 0xff, 0xff, 0xff, 0xff,
  0xff, 0xff, 0xff, 0xff, 0xff, 0xff, 0xff, 0xff, 0xff, 0xff, 0xff, 0xff,
  0xff, 0xff, 0xff, 0xff, 0xff, 0xff, 0xff, 0xff, 0xff, 0xff, 0xff, 0xff,
  0xff, 0xff, 0xff, 0xff, 0xff, 0xff, 0xff, 0xff, 0xff, 0xff, 0xff, 0xff,
  0xff, 0xff, 0xff, 0xff, 0xff, 0xff, 0xff, 0xff, 0xff, 0xff, 0xff, 0xff,
  0xff, 0xff, 0xff, 0xff, 0xff, 0xff, 0xff, 0xff, 0xff, 0xff, 0xff, 0xff,
  0xff, 0xff, 0xff, 0xff, 0xff, 0xff, 0xff, 0xff, 0xff, 0xff, 0xff, 0xff,
  0xff, 0xff, 0xff, 0xff, 0xff, 0xff, 0xff, 0xff, 0xff, 0xff, 0xff, 0xff,
  0xff, 0xff, 0xff, 0xff, 0xff, 0xff, 0xff, 0xff, 0xff, 0xff, 0xff, 0xff,
  0xff, 0xff, 0xff, 0xff, 0xff, 0xff, 0xff, 0xff, 0xff, 0xff, 0xff, 0xff,
  0xff, 0xff, 0xff, 0xff, 0xff, 0xff, 0xff, 0xff, 0xff, 0xff, 0xff, 0xff,
  0xff, 0xff, 0xff, 0xff, 0xff, 0xff, 0xff, 0xff, 0xff, 0xff, 0xff, 0xff,
  0xff, 0xff, 0xff, 0xff, 0xff, 0xff, 0xff, 0xff, 0xff, 0xff, 0xff, 0xff,
  0xff, 0xff, 0xff, 0xff, 0xff, 0xff, 0xff, 0xff, 0xff, 0xff, 0xff, 0xff,
  0xff, 0xff, 0xff, 0xff, 0xff, 0xff, 0xff, 0xff, 0xff, 0xff, 0xff, 0xff,
  0xff, 0xff, 0xff, 0xff, 0xff, 0xff, 0xff, 0xff, 0xff, 0xff, 0xff, 0xff,
  0xff, 0xff, 0xff, 0xff, 0xff, 0xff, 0xff, 0xff, 0xff, 0xff, 0xff, 0xff,
  0xff, 0xff, 0xff, 0xff, 0xff, 0xff, 0xff, 0xff, 0xff, 0xff, 0xff, 0xff,
  0xff, 0xff, 0xff, 0xff, 0xff, 0xff, 0xff, 0xff, 0xff, 0xff, 0xff, 0xff,
  0xff, 0xff, 0xff, 0xff, 0xff, 0xff, 0xff, 0xff, 0xff, 0xff, 0xff, 0xff,
  0xff, 0xff, 0xff, 0xff
};
unsigned int yamaha_msx1_diag_rom_len = 16384;
